timestamp_ms,operation,latency_ms,hop_count,key,extra
1777331068905,JOIN,0,0,,node=127.0.0.1:8007
1777331068922,JOIN,0,0,,node=127.0.0.1:8003
1777331068924,JOIN,0,0,,node=127.0.0.1:8004
1777331068928,JOIN,0,0,,node=127.0.0.1:8006
1777331068928,JOIN,0,0,,node=127.0.0.1:8005
1777331068935,JOIN,0,0,,node=127.0.0.1:8001
1777331068944,JOIN,0,0,,node=127.0.0.1:8002
1777331069030,REBALANCE,107,0,,keys_moved=0
1777331069030,REBALANCE,107,0,,keys_moved=0
1777331069093,REBALANCE,169,0,,keys_moved=0
1777331069169,REBALANCE,241,0,,keys_moved=0
1777331069228,REBALANCE,300,0,,keys_moved=0
1777331069293,REBALANCE,357,0,,keys_moved=0
1777331069357,REBALANCE,413,0,,keys_moved=0
1777331071955,PUT,98,4,benchKey_46_0,bytes=29;client_id=46;clients=50
1777331071955,PUT,101,4,benchKey_49_0,bytes=29;client_id=49;clients=50
1777331071955,PUT,103,4,benchKey_14_0,bytes=29;client_id=14;clients=50
1777331071956,PUT,99,4,benchKey_41_0,bytes=29;client_id=41;clients=50
1777331071956,PUT,104,4,benchKey_18_0,bytes=29;client_id=18;clients=50
1777331071958,PUT,101,4,benchKey_20_0,bytes=29;client_id=20;clients=50
1777331071959,PUT,106,4,benchKey_17_0,bytes=29;client_id=17;clients=50
1777331071959,PUT,108,4,benchKey_8_0,bytes=28;client_id=8;clients=50
1777331071960,PUT,107,4,benchKey_44_0,bytes=29;client_id=44;clients=50
1777331071962,PUT,111,4,benchKey_7_0,bytes=28;client_id=7;clients=50
1777331071961,PUT,97,4,benchKey_24_0,bytes=29;client_id=24;clients=50
1777331071960,PUT,109,4,benchKey_11_0,bytes=29;client_id=11;clients=50
1777331071970,PUT,117,4,benchKey_29_0,bytes=29;client_id=29;clients=50
1777331071972,PUT,120,4,benchKey_21_0,bytes=29;client_id=21;clients=50
1777331071971,PUT,120,4,benchKey_0_0,bytes=28;client_id=0;clients=50
1777331071971,PUT,119,4,benchKey_25_0,bytes=29;client_id=25;clients=50
1777331071971,PUT,119,4,benchKey_28_0,bytes=29;client_id=28;clients=50
1777331071976,PUT,123,4,benchKey_45_0,bytes=29;client_id=45;clients=50
1777331071974,PUT,122,4,benchKey_26_0,bytes=29;client_id=26;clients=50
1777331071972,PUT,120,4,benchKey_35_0,bytes=29;client_id=35;clients=50
1777331071999,PUT,147,4,benchKey_31_0,bytes=29;client_id=31;clients=50
1777331072000,PUT,149,4,benchKey_6_0,bytes=28;client_id=6;clients=50
1777331072002,PUT,151,4,benchKey_9_0,bytes=28;client_id=9;clients=50
1777331072004,PUT,151,4,benchKey_37_0,bytes=29;client_id=37;clients=50
1777331072009,PUT,158,4,benchKey_12_0,bytes=29;client_id=12;clients=50
1777331072011,PUT,160,4,benchKey_13_0,bytes=29;client_id=13;clients=50
1777331072009,PUT,158,4,benchKey_3_0,bytes=28;client_id=3;clients=50
1777331072013,PUT,155,4,benchKey_22_0,bytes=29;client_id=22;clients=50
1777331072011,PUT,158,4,benchKey_43_0,bytes=29;client_id=43;clients=50
1777331072011,PUT,158,4,benchKey_32_0,bytes=29;client_id=32;clients=50
1777331072011,PUT,159,4,benchKey_16_0,bytes=29;client_id=16;clients=50
1777331072011,PUT,160,4,benchKey_1_0,bytes=28;client_id=1;clients=50
1777331072015,PUT,163,4,benchKey_10_0,bytes=29;client_id=10;clients=50
1777331072019,PUT,168,4,benchKey_4_0,bytes=28;client_id=4;clients=50
1777331072026,PUT,174,4,benchKey_27_0,bytes=29;client_id=27;clients=50
1777331072025,PUT,172,4,benchKey_38_0,bytes=29;client_id=38;clients=50
1777331072023,PUT,170,4,benchKey_42_0,bytes=29;client_id=42;clients=50
1777331072027,PUT,176,4,benchKey_2_0,bytes=28;client_id=2;clients=50
1777331072019,PUT,166,4,benchKey_39_0,bytes=29;client_id=39;clients=50
1777331072019,PUT,167,4,benchKey_15_0,bytes=29;client_id=15;clients=50
1777331072028,PUT,72,4,benchKey_18_1,bytes=29;client_id=18;clients=50
1777331072042,PUT,189,4,benchKey_33_0,bytes=29;client_id=33;clients=50
1777331072043,PUT,191,4,benchKey_23_0,bytes=29;client_id=23;clients=50
1777331072046,PUT,195,4,benchKey_5_0,bytes=28;client_id=5;clients=50
1777331072049,PUT,197,4,benchKey_19_0,bytes=29;client_id=19;clients=50
1777331072049,PUT,197,4,benchKey_48_0,bytes=29;client_id=48;clients=50
1777331072051,PUT,87,4,benchKey_11_1,bytes=29;client_id=11;clients=50
1777331072053,PUT,200,4,benchKey_34_0,bytes=29;client_id=34;clients=50
1777331072053,PUT,200,4,benchKey_30_0,bytes=29;client_id=30;clients=50
1777331072055,PUT,202,4,benchKey_36_0,bytes=29;client_id=36;clients=50
1777331072056,PUT,100,4,benchKey_49_1,bytes=29;client_id=49;clients=50
1777331072058,PUT,205,4,benchKey_40_0,bytes=29;client_id=40;clients=50
1777331072060,PUT,104,4,benchKey_46_1,bytes=29;client_id=46;clients=50
1777331072060,PUT,207,4,benchKey_47_0,bytes=29;client_id=47;clients=50
1777331072061,PUT,105,4,benchKey_14_1,bytes=29;client_id=14;clients=50
1777331072064,PUT,105,4,benchKey_20_1,bytes=29;client_id=20;clients=50
1777331072066,PUT,106,4,benchKey_17_1,bytes=29;client_id=17;clients=50
1777331072068,PUT,104,4,benchKey_7_1,bytes=28;client_id=7;clients=50
1777331072069,PUT,106,4,benchKey_44_1,bytes=29;client_id=44;clients=50
1777331072070,PUT,110,4,benchKey_8_1,bytes=28;client_id=8;clients=50
1777331072071,PUT,107,4,benchKey_24_1,bytes=29;client_id=24;clients=50
1777331072072,PUT,115,4,benchKey_41_1,bytes=29;client_id=41;clients=50
1777331072088,PUT,116,4,benchKey_29_1,bytes=29;client_id=29;clients=50
1777331072090,PUT,109,4,benchKey_0_1,bytes=28;client_id=0;clients=50
1777331072092,PUT,112,4,benchKey_21_1,bytes=29;client_id=21;clients=50
1777331072094,PUT,113,4,benchKey_25_1,bytes=29;client_id=25;clients=50
1777331072095,PUT,114,4,benchKey_45_1,bytes=29;client_id=45;clients=50
1777331072097,PUT,116,4,benchKey_26_1,bytes=29;client_id=26;clients=50
1777331072099,PUT,117,4,benchKey_35_1,bytes=29;client_id=35;clients=50
1777331072101,PUT,119,4,benchKey_28_1,bytes=29;client_id=28;clients=50
1777331072102,PUT,102,4,benchKey_31_1,bytes=29;client_id=31;clients=50
1777331072102,PUT,74,4,benchKey_27_1,bytes=29;client_id=27;clients=50
1777331072104,PUT,92,4,benchKey_12_1,bytes=29;client_id=12;clients=50
1777331072105,PUT,104,4,benchKey_6_1,bytes=28;client_id=6;clients=50
1777331072105,PUT,102,4,benchKey_9_1,bytes=28;client_id=9;clients=50
1777331072107,PUT,102,4,benchKey_37_1,bytes=29;client_id=37;clients=50
1777331072108,PUT,93,4,benchKey_3_1,bytes=28;client_id=3;clients=50
1777331072109,PUT,94,4,benchKey_13_1,bytes=29;client_id=13;clients=50
1777331072112,PUT,96,4,benchKey_32_1,bytes=29;client_id=32;clients=50
1777331072113,PUT,97,4,benchKey_43_1,bytes=29;client_id=43;clients=50
1777331072116,PUT,100,4,benchKey_22_1,bytes=29;client_id=22;clients=50
1777331072117,PUT,100,4,benchKey_1_1,bytes=28;client_id=1;clients=50
1777331072119,PUT,102,4,benchKey_16_1,bytes=29;client_id=16;clients=50
1777331072132,PUT,115,4,benchKey_10_1,bytes=29;client_id=10;clients=50
1777331072133,PUT,107,4,benchKey_4_1,bytes=28;client_id=4;clients=50
1777331072136,PUT,109,4,benchKey_38_1,bytes=29;client_id=38;clients=50
1777331072136,PUT,109,4,benchKey_42_1,bytes=29;client_id=42;clients=50
1777331072138,PUT,111,4,benchKey_2_1,bytes=28;client_id=2;clients=50
1777331072142,PUT,113,4,benchKey_39_1,bytes=29;client_id=39;clients=50
1777331072143,PUT,115,4,benchKey_15_1,bytes=29;client_id=15;clients=50
1777331072145,PUT,102,4,benchKey_33_1,bytes=29;client_id=33;clients=50
1777331072147,PUT,100,4,benchKey_5_1,bytes=28;client_id=5;clients=50
1777331072149,PUT,99,4,benchKey_19_1,bytes=29;client_id=19;clients=50
1777331072149,PUT,120,4,benchKey_18_2,bytes=29;client_id=18;clients=50
1777331072150,PUT,106,4,benchKey_23_1,bytes=29;client_id=23;clients=50
1777331072153,PUT,101,4,benchKey_11_2,bytes=29;client_id=11;clients=50
1777331072153,PUT,99,4,benchKey_34_1,bytes=29;client_id=34;clients=50
1777331072153,PUT,102,4,benchKey_48_1,bytes=29;client_id=48;clients=50
1777331072154,PUT,101,4,benchKey_30_1,bytes=29;client_id=30;clients=50
1777331072156,PUT,100,4,benchKey_36_1,bytes=29;client_id=36;clients=50
1777331072159,PUT,102,4,benchKey_49_2,bytes=29;client_id=49;clients=50
1777331072159,PUT,101,4,benchKey_40_1,bytes=29;client_id=40;clients=50
1777331072165,PUT,104,4,benchKey_46_2,bytes=29;client_id=46;clients=50
1777331072174,PUT,113,4,benchKey_47_1,bytes=29;client_id=47;clients=50
1777331072178,PUT,116,4,benchKey_14_2,bytes=29;client_id=14;clients=50
1777331072178,PUT,113,4,benchKey_20_2,bytes=29;client_id=20;clients=50
1777331072179,PUT,113,4,benchKey_17_2,bytes=29;client_id=17;clients=50
1777331072180,PUT,111,4,benchKey_7_2,bytes=28;client_id=7;clients=50
1777331072184,PUT,114,4,benchKey_8_2,bytes=28;client_id=8;clients=50
1777331072187,PUT,117,4,benchKey_44_2,bytes=29;client_id=44;clients=50
1777331072188,PUT,116,4,benchKey_24_2,bytes=29;client_id=24;clients=50
1777331072191,PUT,118,4,benchKey_41_2,bytes=29;client_id=41;clients=50
1777331072192,PUT,101,4,benchKey_0_2,bytes=28;client_id=0;clients=50
1777331072193,PUT,100,4,benchKey_21_2,bytes=29;client_id=21;clients=50
1777331072193,PUT,104,4,benchKey_29_2,bytes=29;client_id=29;clients=50
1777331072195,PUT,97,4,benchKey_26_2,bytes=29;client_id=26;clients=50
1777331072195,PUT,100,4,benchKey_45_2,bytes=29;client_id=45;clients=50
1777331072197,PUT,98,4,benchKey_35_2,bytes=29;client_id=35;clients=50
1777331072197,PUT,103,4,benchKey_25_2,bytes=29;client_id=25;clients=50
1777331072199,PUT,98,4,benchKey_28_2,bytes=29;client_id=28;clients=50
1777331072202,PUT,100,4,benchKey_27_2,bytes=29;client_id=27;clients=50
1777331072202,PUT,100,4,benchKey_31_2,bytes=29;client_id=31;clients=50
1777331072209,PUT,104,4,benchKey_12_2,bytes=29;client_id=12;clients=50
1777331072217,PUT,111,4,benchKey_6_2,bytes=28;client_id=6;clients=50
1777331072219,PUT,114,4,benchKey_9_2,bytes=28;client_id=9;clients=50
1777331072221,PUT,112,4,benchKey_3_2,bytes=28;client_id=3;clients=50
1777331072221,PUT,114,4,benchKey_37_2,bytes=29;client_id=37;clients=50
1777331072223,PUT,113,4,benchKey_13_2,bytes=29;client_id=13;clients=50
1777331072227,PUT,114,4,benchKey_32_2,bytes=29;client_id=32;clients=50
1777331072231,PUT,114,4,benchKey_22_2,bytes=29;client_id=22;clients=50
1777331072231,PUT,117,4,benchKey_43_2,bytes=29;client_id=43;clients=50
1777331072233,PUT,115,4,benchKey_1_2,bytes=28;client_id=1;clients=50
1777331072234,PUT,114,4,benchKey_16_2,bytes=29;client_id=16;clients=50
1777331072236,PUT,102,4,benchKey_4_2,bytes=28;client_id=4;clients=50
1777331072236,PUT,104,4,benchKey_10_2,bytes=29;client_id=10;clients=50
1777331072239,PUT,102,4,benchKey_42_2,bytes=29;client_id=42;clients=50
1777331072239,PUT,103,4,benchKey_38_2,bytes=29;client_id=38;clients=50
1777331072240,PUT,97,4,benchKey_39_2,bytes=29;client_id=39;clients=50
1777331072241,PUT,101,4,benchKey_2_2,bytes=28;client_id=2;clients=50
1777331072242,PUT,98,4,benchKey_15_2,bytes=29;client_id=15;clients=50
1777331072244,PUT,96,4,benchKey_5_2,bytes=28;client_id=5;clients=50
1777331072244,PUT,99,4,benchKey_33_2,bytes=29;client_id=33;clients=50
1777331072251,PUT,102,4,benchKey_19_2,bytes=29;client_id=19;clients=50
1777331072259,PUT,108,4,benchKey_18_3,bytes=29;client_id=18;clients=50
1777331072263,PUT,113,4,benchKey_23_2,bytes=29;client_id=23;clients=50
1777331072266,PUT,113,4,benchKey_48_2,bytes=29;client_id=48;clients=50
1777331072267,PUT,114,4,benchKey_11_3,bytes=29;client_id=11;clients=50
1777331072267,PUT,114,4,benchKey_34_2,bytes=29;client_id=34;clients=50
1777331072271,PUT,116,4,benchKey_30_2,bytes=29;client_id=30;clients=50
1777331072275,PUT,118,4,benchKey_36_2,bytes=29;client_id=36;clients=50
1777331072275,PUT,115,4,benchKey_49_3,bytes=29;client_id=49;clients=50
1777331072276,PUT,116,4,benchKey_40_2,bytes=29;client_id=40;clients=50
1777331072277,PUT,112,4,benchKey_46_3,bytes=29;client_id=46;clients=50
1777331072279,PUT,101,4,benchKey_14_3,bytes=29;client_id=14;clients=50
1777331072279,PUT,104,4,benchKey_47_2,bytes=29;client_id=47;clients=50
1777331072282,PUT,101,4,benchKey_7_3,bytes=28;client_id=7;clients=50
1777331072283,PUT,105,4,benchKey_20_3,bytes=29;client_id=20;clients=50
1777331072283,PUT,104,4,benchKey_17_3,bytes=29;client_id=17;clients=50
1777331072284,PUT,100,4,benchKey_8_3,bytes=28;client_id=8;clients=50
1777331072285,PUT,97,4,benchKey_44_3,bytes=29;client_id=44;clients=50
1777331072287,PUT,99,4,benchKey_24_3,bytes=29;client_id=24;clients=50
1777331072289,PUT,97,4,benchKey_41_3,bytes=29;client_id=41;clients=50
1777331072294,PUT,102,4,benchKey_0_3,bytes=28;client_id=0;clients=50
1777331072300,PUT,107,4,benchKey_21_3,bytes=29;client_id=21;clients=50
1777331072305,PUT,112,4,benchKey_29_3,bytes=29;client_id=29;clients=50
1777331072310,PUT,114,4,benchKey_26_3,bytes=29;client_id=26;clients=50
1777331072310,PUT,113,4,benchKey_35_3,bytes=29;client_id=35;clients=50
1777331072310,PUT,114,4,benchKey_45_3,bytes=29;client_id=45;clients=50
1777331072312,PUT,114,4,benchKey_25_3,bytes=29;client_id=25;clients=50
1777331072318,PUT,115,4,benchKey_27_3,bytes=29;client_id=27;clients=50
1777331072318,PUT,119,4,benchKey_28_3,bytes=29;client_id=28;clients=50
1777331072320,PUT,117,4,benchKey_31_3,bytes=29;client_id=31;clients=50
1777331072320,PUT,110,4,benchKey_12_3,bytes=29;client_id=12;clients=50
1777331072321,PUT,101,4,benchKey_9_3,bytes=28;client_id=9;clients=50
1777331072323,PUT,106,4,benchKey_6_3,bytes=28;client_id=6;clients=50
1777331072326,PUT,104,4,benchKey_3_3,bytes=28;client_id=3;clients=50
1777331072327,PUT,96,4,benchKey_22_3,bytes=29;client_id=22;clients=50
1777331072328,PUT,105,4,benchKey_13_3,bytes=29;client_id=13;clients=50
1777331072329,PUT,97,4,benchKey_43_3,bytes=29;client_id=43;clients=50
1777331072329,PUT,107,4,benchKey_37_3,bytes=29;client_id=37;clients=50
1777331072329,PUT,102,4,benchKey_32_3,bytes=29;client_id=32;clients=50
1777331072331,PUT,98,4,benchKey_1_3,bytes=28;client_id=1;clients=50
1777331072336,PUT,102,4,benchKey_16_3,bytes=29;client_id=16;clients=50
1777331072344,PUT,107,4,benchKey_4_3,bytes=28;client_id=4;clients=50
1777331072347,PUT,110,4,benchKey_10_3,bytes=29;client_id=10;clients=50
1777331072353,PUT,113,4,benchKey_42_3,bytes=29;client_id=42;clients=50
1777331072353,PUT,114,4,benchKey_38_3,bytes=29;client_id=38;clients=50
1777331072355,PUT,114,4,benchKey_2_3,bytes=28;client_id=2;clients=50
1777331072355,PUT,115,4,benchKey_39_3,bytes=29;client_id=39;clients=50
1777331072361,PUT,119,4,benchKey_15_3,bytes=29;client_id=15;clients=50
1777331072362,PUT,117,4,benchKey_5_3,bytes=28;client_id=5;clients=50
1777331072362,PUT,110,4,benchKey_19_3,bytes=29;client_id=19;clients=50
1777331072364,PUT,119,4,benchKey_33_3,bytes=29;client_id=33;clients=50
1777331072366,PUT,103,4,benchKey_23_3,bytes=29;client_id=23;clients=50
1777331072367,PUT,107,4,benchKey_18_4,bytes=29;client_id=18;clients=50
1777331072370,PUT,103,4,benchKey_48_3,bytes=29;client_id=48;clients=50
1777331072371,PUT,103,4,benchKey_34_3,bytes=29;client_id=34;clients=50
1777331072373,PUT,98,4,benchKey_36_3,bytes=29;client_id=36;clients=50
1777331072373,PUT,106,4,benchKey_11_4,bytes=29;client_id=11;clients=50
1777331072373,PUT,97,4,benchKey_49_4,bytes=29;client_id=49;clients=50
1777331072375,PUT,98,4,benchKey_40_3,bytes=29;client_id=40;clients=50
1777331072376,PUT,105,4,benchKey_30_3,bytes=29;client_id=30;clients=50
1777331072379,PUT,101,4,benchKey_46_4,bytes=29;client_id=46;clients=50
1777331072386,PUT,106,4,benchKey_14_4,bytes=29;client_id=14;clients=50
1777331072391,PUT,111,4,benchKey_47_3,bytes=29;client_id=47;clients=50
1777331072397,PUT,113,4,benchKey_20_4,bytes=29;client_id=20;clients=50
1777331072397,PUT,115,4,benchKey_7_4,bytes=28;client_id=7;clients=50
1777331072398,PUT,113,4,benchKey_8_4,bytes=28;client_id=8;clients=50
1777331072400,PUT,116,4,benchKey_17_4,bytes=29;client_id=17;clients=50
1777331072404,PUT,119,4,benchKey_44_4,bytes=29;client_id=44;clients=50
1777331072406,PUT,116,4,benchKey_41_4,bytes=29;client_id=41;clients=50
1777331072406,PUT,119,4,benchKey_24_4,bytes=29;client_id=24;clients=50
1777331072408,PUT,113,4,benchKey_0_4,bytes=28;client_id=0;clients=50
1777331072410,PUT,109,4,benchKey_21_4,bytes=29;client_id=21;clients=50
1777331072410,PUT,104,4,benchKey_29_4,bytes=29;client_id=29;clients=50
1777331072415,PUT,103,4,benchKey_35_4,bytes=29;client_id=35;clients=50
1777331072415,PUT,104,4,benchKey_26_4,bytes=29;client_id=26;clients=50
1777331072418,PUT,99,4,benchKey_27_4,bytes=29;client_id=27;clients=50
1777331072418,PUT,107,4,benchKey_45_4,bytes=29;client_id=45;clients=50
1777331072418,PUT,105,4,benchKey_25_4,bytes=29;client_id=25;clients=50
1777331072419,PUT,100,4,benchKey_28_4,bytes=29;client_id=28;clients=50
1777331072420,PUT,100,4,benchKey_31_4,bytes=29;client_id=31;clients=50
1777331072421,PUT,101,4,benchKey_12_4,bytes=29;client_id=12;clients=50
1777331072428,PUT,106,4,benchKey_9_4,bytes=28;client_id=9;clients=50
1777331072434,PUT,110,4,benchKey_6_4,bytes=28;client_id=6;clients=50
1777331072441,PUT,114,4,benchKey_3_4,bytes=28;client_id=3;clients=50
1777331072441,PUT,113,4,benchKey_22_4,bytes=29;client_id=22;clients=50
1777331072442,PUT,113,4,benchKey_13_4,bytes=29;client_id=13;clients=50
1777331072442,PUT,113,4,benchKey_43_4,bytes=29;client_id=43;clients=50
1777331072447,PUT,117,4,benchKey_37_4,bytes=29;client_id=37;clients=50
1777331072449,PUT,119,4,benchKey_32_4,bytes=29;client_id=32;clients=50
1777331072449,PUT,117,4,benchKey_1_4,bytes=28;client_id=1;clients=50
1777331072453,PUT,117,4,benchKey_16_4,bytes=29;client_id=16;clients=50
1777331072453,PUT,105,4,benchKey_10_4,bytes=29;client_id=10;clients=50
1777331072453,PUT,109,4,benchKey_4_4,bytes=28;client_id=4;clients=50
1777331072458,PUT,104,4,benchKey_38_4,bytes=29;client_id=38;clients=50
1777331072458,PUT,105,4,benchKey_42_4,bytes=29;client_id=42;clients=50
1777331072462,PUT,106,4,benchKey_2_4,bytes=28;client_id=2;clients=50
1777331072462,PUT,100,4,benchKey_15_4,bytes=29;client_id=15;clients=50
1777331072462,PUT,99,4,benchKey_5_4,bytes=28;client_id=5;clients=50
1777331072463,PUT,100,4,benchKey_19_4,bytes=29;client_id=19;clients=50
1777331072464,PUT,99,4,benchKey_33_4,bytes=29;client_id=33;clients=50
1777331072464,PUT,108,4,benchKey_39_4,bytes=29;client_id=39;clients=50
1777331072471,PUT,103,4,benchKey_23_4,bytes=29;client_id=23;clients=50
1777331072477,PUT,109,4,benchKey_18_5,bytes=29;client_id=18;clients=50
1777331072484,PUT,113,4,benchKey_48_4,bytes=29;client_id=48;clients=50
1777331072484,PUT,112,4,benchKey_34_4,bytes=29;client_id=34;clients=50
1777331072485,PUT,111,4,benchKey_11_5,bytes=29;client_id=11;clients=50
1777331072485,PUT,111,4,benchKey_36_4,bytes=29;client_id=36;clients=50
1777331072488,PUT,114,4,benchKey_49_5,bytes=29;client_id=49;clients=50
1777331072492,PUT,116,4,benchKey_40_4,bytes=29;client_id=40;clients=50
1777331072493,PUT,116,4,benchKey_30_4,bytes=29;client_id=30;clients=50
1777331072497,PUT,111,4,benchKey_14_5,bytes=29;client_id=14;clients=50
1777331072499,PUT,107,4,benchKey_47_4,bytes=29;client_id=47;clients=50
1777331072499,PUT,119,4,benchKey_46_5,bytes=29;client_id=46;clients=50
1777331072501,PUT,103,4,benchKey_20_5,bytes=29;client_id=20;clients=50
1777331072501,PUT,103,4,benchKey_7_5,bytes=28;client_id=7;clients=50
1777331072505,PUT,100,4,benchKey_44_5,bytes=29;client_id=44;clients=50
1777331072505,PUT,106,4,benchKey_8_5,bytes=28;client_id=8;clients=50
1777331072508,PUT,101,4,benchKey_24_5,bytes=29;client_id=24;clients=50
1777331072509,PUT,103,4,benchKey_41_5,bytes=29;client_id=41;clients=50
1777331072509,PUT,109,4,benchKey_17_5,bytes=29;client_id=17;clients=50
1777331072511,PUT,102,4,benchKey_0_5,bytes=28;client_id=0;clients=50
1777331072514,PUT,103,4,benchKey_21_5,bytes=29;client_id=21;clients=50
1777331072519,PUT,109,4,benchKey_29_5,bytes=29;client_id=29;clients=50
1777331072526,PUT,111,4,benchKey_26_5,bytes=29;client_id=26;clients=50
1777331072526,PUT,111,4,benchKey_35_5,bytes=29;client_id=35;clients=50
1777331072527,PUT,108,4,benchKey_45_5,bytes=29;client_id=45;clients=50
1777331072527,PUT,109,4,benchKey_27_5,bytes=29;client_id=27;clients=50
1777331072531,PUT,112,4,benchKey_25_5,bytes=29;client_id=25;clients=50
1777331072535,PUT,115,4,benchKey_28_5,bytes=29;client_id=28;clients=50
1777331072535,PUT,115,4,benchKey_31_5,bytes=29;client_id=31;clients=50
1777331072540,PUT,118,4,benchKey_12_5,bytes=29;client_id=12;clients=50
1777331072541,PUT,113,4,benchKey_9_5,bytes=28;client_id=9;clients=50
1777331072542,PUT,108,4,benchKey_6_5,bytes=28;client_id=6;clients=50
1777331072545,PUT,103,4,benchKey_3_5,bytes=28;client_id=3;clients=50
1777331072545,PUT,103,4,benchKey_22_5,bytes=29;client_id=22;clients=50
1777331072550,PUT,107,4,benchKey_43_5,bytes=29;client_id=43;clients=50
1777331072553,PUT,105,4,benchKey_37_5,bytes=29;client_id=37;clients=50
1777331072553,PUT,103,4,benchKey_32_5,bytes=29;client_id=32;clients=50
1777331072553,PUT,110,4,benchKey_13_5,bytes=29;client_id=13;clients=50
1777331072554,PUT,100,4,benchKey_1_5,bytes=28;client_id=1;clients=50
1777331072554,PUT,100,4,benchKey_16_5,bytes=29;client_id=16;clients=50
1777331072558,PUT,102,4,benchKey_10_5,bytes=29;client_id=10;clients=50
1777331072562,PUT,106,4,benchKey_4_5,bytes=28;client_id=4;clients=50
1777331072569,PUT,107,4,benchKey_5_5,bytes=28;client_id=5;clients=50
1777331072570,PUT,107,4,benchKey_15_5,bytes=29;client_id=15;clients=50
1777331072571,PUT,112,4,benchKey_42_5,bytes=29;client_id=42;clients=50
1777331072574,PUT,111,4,benchKey_2_5,bytes=28;client_id=2;clients=50
1777331072574,PUT,115,4,benchKey_38_5,bytes=29;client_id=38;clients=50
1777331072577,PUT,113,4,benchKey_19_5,bytes=29;client_id=19;clients=50
1777331072577,PUT,113,4,benchKey_33_5,bytes=29;client_id=33;clients=50
1777331072583,PUT,118,4,benchKey_39_5,bytes=29;client_id=39;clients=50
1777331072584,PUT,113,4,benchKey_23_5,bytes=29;client_id=23;clients=50
1777331072585,PUT,108,4,benchKey_18_6,bytes=29;client_id=18;clients=50
1777331072588,PUT,103,4,benchKey_34_5,bytes=29;client_id=34;clients=50
1777331072589,PUT,105,4,benchKey_48_5,bytes=29;client_id=48;clients=50
1777331072593,PUT,107,4,benchKey_11_6,bytes=29;client_id=11;clients=50
1777331072595,PUT,102,4,benchKey_30_5,bytes=29;client_id=30;clients=50
1777331072597,PUT,104,4,benchKey_40_5,bytes=29;client_id=40;clients=50
1777331072597,PUT,108,4,benchKey_49_6,bytes=29;client_id=49;clients=50
1777331072597,PUT,99,4,benchKey_14_6,bytes=29;client_id=14;clients=50
1777331072599,PUT,114,4,benchKey_36_5,bytes=29;client_id=36;clients=50
1777331072603,PUT,103,4,benchKey_47_5,bytes=29;client_id=47;clients=50
1777331072604,PUT,104,4,benchKey_46_6,bytes=29;client_id=46;clients=50
1777331072612,PUT,111,4,benchKey_7_6,bytes=28;client_id=7;clients=50
1777331072614,PUT,109,4,benchKey_44_6,bytes=29;client_id=44;clients=50
1777331072614,PUT,113,4,benchKey_20_6,bytes=29;client_id=20;clients=50
1777331072617,PUT,111,4,benchKey_8_6,bytes=28;client_id=8;clients=50
1777331072617,PUT,108,4,benchKey_24_6,bytes=29;client_id=24;clients=50
1777331072620,PUT,111,4,benchKey_41_6,bytes=29;client_id=41;clients=50
1777331072622,PUT,112,4,benchKey_17_6,bytes=29;client_id=17;clients=50
1777331072626,PUT,114,4,benchKey_0_6,bytes=28;client_id=0;clients=50
1777331072627,PUT,107,4,benchKey_29_6,bytes=29;client_id=29;clients=50
1777331072629,PUT,115,4,benchKey_21_6,bytes=29;client_id=21;clients=50
1777331072629,PUT,102,4,benchKey_26_6,bytes=29;client_id=26;clients=50
1777331072632,PUT,105,4,benchKey_35_6,bytes=29;client_id=35;clients=50
1777331072635,PUT,108,4,benchKey_45_6,bytes=29;client_id=45;clients=50
1777331072639,PUT,111,4,benchKey_27_6,bytes=29;client_id=27;clients=50
1777331072639,PUT,108,4,benchKey_25_6,bytes=29;client_id=25;clients=50
1777331072640,PUT,104,4,benchKey_28_6,bytes=29;client_id=28;clients=50
1777331072641,PUT,105,4,benchKey_31_6,bytes=29;client_id=31;clients=50
1777331072645,PUT,103,4,benchKey_9_6,bytes=28;client_id=9;clients=50
1777331072645,PUT,104,4,benchKey_12_6,bytes=29;client_id=12;clients=50
1777331072647,PUT,104,4,benchKey_6_6,bytes=28;client_id=6;clients=50
1777331072655,PUT,109,4,benchKey_22_6,bytes=29;client_id=22;clients=50
1777331072657,PUT,107,4,benchKey_43_6,bytes=29;client_id=43;clients=50
1777331072658,PUT,113,4,benchKey_3_6,bytes=28;client_id=3;clients=50
1777331072659,PUT,106,4,benchKey_32_6,bytes=29;client_id=32;clients=50
1777331072660,PUT,107,4,benchKey_37_6,bytes=29;client_id=37;clients=50
1777331072662,PUT,109,4,benchKey_13_6,bytes=29;client_id=13;clients=50
1777331072665,PUT,111,4,benchKey_1_6,bytes=28;client_id=1;clients=50
1777331072671,PUT,116,4,benchKey_16_6,bytes=29;client_id=16;clients=50
1777331072671,PUT,112,4,benchKey_10_6,bytes=29;client_id=10;clients=50
1777331072671,PUT,109,4,benchKey_4_6,bytes=28;client_id=4;clients=50
1777331072672,PUT,102,4,benchKey_5_6,bytes=28;client_id=5;clients=50
1777331072674,PUT,103,4,benchKey_15_6,bytes=29;client_id=15;clients=50
1777331072678,PUT,107,4,benchKey_42_6,bytes=29;client_id=42;clients=50
1777331072680,PUT,106,4,benchKey_2_6,bytes=28;client_id=2;clients=50
1777331072682,PUT,104,4,benchKey_33_6,bytes=29;client_id=33;clients=50
1777331072683,PUT,109,4,benchKey_38_6,bytes=29;client_id=38;clients=50
1777331072687,PUT,103,4,benchKey_23_6,bytes=29;client_id=23;clients=50
1777331072688,PUT,104,4,benchKey_39_6,bytes=29;client_id=39;clients=50
1777331072688,PUT,110,4,benchKey_19_6,bytes=29;client_id=19;clients=50
1777331072691,PUT,106,4,benchKey_18_7,bytes=29;client_id=18;clients=50
1777331072696,PUT,108,4,benchKey_34_6,bytes=29;client_id=34;clients=50
1777331072699,PUT,109,4,benchKey_48_6,bytes=29;client_id=48;clients=50
1777331072701,PUT,108,4,benchKey_11_7,bytes=29;client_id=11;clients=50
1777331072701,PUT,106,4,benchKey_30_6,bytes=29;client_id=30;clients=50
1777331072702,PUT,105,4,benchKey_40_6,bytes=29;client_id=40;clients=50
1777331072705,PUT,108,4,benchKey_49_7,bytes=29;client_id=49;clients=50
1777331072708,PUT,109,4,benchKey_14_7,bytes=29;client_id=14;clients=50
1777331072715,PUT,115,4,benchKey_36_6,bytes=29;client_id=36;clients=50
1777331072715,PUT,111,4,benchKey_47_6,bytes=29;client_id=47;clients=50
1777331072715,PUT,102,4,benchKey_7_7,bytes=28;client_id=7;clients=50
1777331072717,PUT,112,4,benchKey_46_7,bytes=29;client_id=46;clients=50
1777331072717,PUT,102,4,benchKey_20_7,bytes=29;client_id=20;clients=50
1777331072720,PUT,106,4,benchKey_44_7,bytes=29;client_id=44;clients=50
1777331072723,PUT,106,4,benchKey_8_7,bytes=28;client_id=8;clients=50
1777331072725,PUT,104,4,benchKey_41_7,bytes=29;client_id=41;clients=50
1777331072726,PUT,108,4,benchKey_24_7,bytes=29;client_id=24;clients=50
1777331072731,PUT,107,4,benchKey_17_7,bytes=29;client_id=17;clients=50
1777331072732,PUT,104,4,benchKey_29_7,bytes=29;client_id=29;clients=50
1777331072733,PUT,104,4,benchKey_26_7,bytes=29;client_id=26;clients=50
1777331072736,PUT,109,4,benchKey_0_7,bytes=28;client_id=0;clients=50
1777331072738,PUT,109,4,benchKey_21_7,bytes=29;client_id=21;clients=50
1777331072743,PUT,110,4,benchKey_35_7,bytes=29;client_id=35;clients=50
1777331072743,PUT,107,4,benchKey_45_7,bytes=29;client_id=45;clients=50
1777331072745,PUT,106,4,benchKey_27_7,bytes=29;client_id=27;clients=50
1777331072745,PUT,105,4,benchKey_25_7,bytes=29;client_id=25;clients=50
1777331072747,PUT,107,4,benchKey_28_7,bytes=29;client_id=28;clients=50
1777331072753,PUT,111,4,benchKey_31_7,bytes=29;client_id=31;clients=50
1777331072760,PUT,112,4,benchKey_6_7,bytes=28;client_id=6;clients=50
1777331072760,PUT,114,4,benchKey_12_7,bytes=29;client_id=12;clients=50
1777331072761,PUT,106,4,benchKey_22_7,bytes=29;client_id=22;clients=50
1777331072762,PUT,104,4,benchKey_3_7,bytes=28;client_id=3;clients=50
1777331072763,PUT,117,4,benchKey_9_7,bytes=28;client_id=9;clients=50
1777331072763,PUT,105,4,benchKey_43_7,bytes=29;client_id=43;clients=50
1777331072768,PUT,107,4,benchKey_32_7,bytes=29;client_id=32;clients=50
1777331072768,PUT,107,4,benchKey_37_7,bytes=29;client_id=37;clients=50
1777331072770,PUT,107,4,benchKey_13_7,bytes=29;client_id=13;clients=50
1777331072777,PUT,106,4,benchKey_16_7,bytes=29;client_id=16;clients=50
1777331072778,PUT,112,4,benchKey_1_7,bytes=28;client_id=1;clients=50
1777331072780,PUT,109,4,benchKey_4_7,bytes=28;client_id=4;clients=50
1777331072781,PUT,110,4,benchKey_10_7,bytes=29;client_id=10;clients=50
1777331072784,PUT,111,4,benchKey_5_7,bytes=28;client_id=5;clients=50
1777331072787,PUT,108,4,benchKey_42_7,bytes=29;client_id=42;clients=50
1777331072787,PUT,104,4,benchKey_33_7,bytes=29;client_id=33;clients=50
1777331072790,PUT,115,4,benchKey_15_7,bytes=29;client_id=15;clients=50
1777331072792,PUT,108,4,benchKey_38_7,bytes=29;client_id=38;clients=50
1777331072792,PUT,111,4,benchKey_2_7,bytes=28;client_id=2;clients=50
1777331072797,PUT,109,4,benchKey_39_7,bytes=29;client_id=39;clients=50
1777331072803,PUT,111,4,benchKey_18_8,bytes=29;client_id=18;clients=50
1777331072804,PUT,107,4,benchKey_34_7,bytes=29;client_id=34;clients=50
1777331072806,PUT,117,4,benchKey_23_7,bytes=29;client_id=23;clients=50
1777331072806,PUT,107,4,benchKey_48_7,bytes=29;client_id=48;clients=50
1777331072807,PUT,105,4,benchKey_11_8,bytes=29;client_id=11;clients=50
1777331072811,PUT,108,4,benchKey_40_7,bytes=29;client_id=40;clients=50
1777331072811,PUT,123,4,benchKey_19_7,bytes=29;client_id=19;clients=50
1777331072815,PUT,112,4,benchKey_30_7,bytes=29;client_id=30;clients=50
1777331072816,PUT,110,4,benchKey_49_8,bytes=29;client_id=49;clients=50
1777331072824,PUT,116,4,benchKey_14_8,bytes=29;client_id=14;clients=50
1777331072825,PUT,110,4,benchKey_36_7,bytes=29;client_id=36;clients=50
1777331072828,PUT,109,4,benchKey_20_8,bytes=29;client_id=20;clients=50
1777331072828,PUT,112,4,benchKey_7_8,bytes=28;client_id=7;clients=50
1777331072828,PUT,113,4,benchKey_47_7,bytes=29;client_id=47;clients=50
1777331072832,PUT,113,4,benchKey_46_8,bytes=29;client_id=46;clients=50
1777331072832,PUT,111,4,benchKey_44_8,bytes=29;client_id=44;clients=50
1777331072834,PUT,110,4,benchKey_8_8,bytes=28;client_id=8;clients=50
1777331072835,PUT,109,4,benchKey_41_8,bytes=29;client_id=41;clients=50
1777331072835,PUT,109,4,benchKey_24_8,bytes=29;client_id=24;clients=50
1777331072840,PUT,109,4,benchKey_17_8,bytes=29;client_id=17;clients=50
1777331072846,PUT,113,4,benchKey_29_8,bytes=29;client_id=29;clients=50
1777331072848,PUT,114,4,benchKey_26_8,bytes=29;client_id=26;clients=50
1777331072849,PUT,113,4,benchKey_0_8,bytes=28;client_id=0;clients=50
1777331072850,PUT,111,4,benchKey_21_8,bytes=29;client_id=21;clients=50
1777331072851,PUT,108,4,benchKey_35_8,bytes=29;client_id=35;clients=50
1777331072854,PUT,109,4,benchKey_27_8,bytes=29;client_id=27;clients=50
1777331072854,PUT,110,4,benchKey_45_8,bytes=29;client_id=45;clients=50
1777331072858,PUT,113,4,benchKey_25_8,bytes=29;client_id=25;clients=50
1777331072858,PUT,111,4,benchKey_28_8,bytes=29;client_id=28;clients=50
1777331072867,PUT,114,4,benchKey_31_8,bytes=29;client_id=31;clients=50
1777331072867,PUT,106,4,benchKey_12_8,bytes=29;client_id=12;clients=50
1777331072869,PUT,108,4,benchKey_6_8,bytes=28;client_id=6;clients=50
1777331072871,PUT,108,4,benchKey_3_8,bytes=28;client_id=3;clients=50
1777331072872,PUT,111,4,benchKey_22_8,bytes=29;client_id=22;clients=50
1777331072874,PUT,110,4,benchKey_43_8,bytes=29;client_id=43;clients=50
1777331072875,PUT,111,4,benchKey_9_8,bytes=28;client_id=9;clients=50
1777331072877,PUT,107,4,benchKey_13_8,bytes=29;client_id=13;clients=50
1777331072877,PUT,109,4,benchKey_32_8,bytes=29;client_id=32;clients=50
1777331072879,PUT,110,4,benchKey_37_8,bytes=29;client_id=37;clients=50
1777331072883,PUT,105,4,benchKey_16_8,bytes=29;client_id=16;clients=50
1777331072887,PUT,109,4,benchKey_1_8,bytes=28;client_id=1;clients=50
1777331072891,PUT,110,4,benchKey_4_8,bytes=28;client_id=4;clients=50
1777331072892,PUT,110,4,benchKey_10_8,bytes=29;client_id=10;clients=50
1777331072892,PUT,108,4,benchKey_5_8,bytes=28;client_id=5;clients=50
1777331072894,PUT,107,4,benchKey_42_8,bytes=29;client_id=42;clients=50
1777331072896,PUT,105,4,benchKey_15_8,bytes=29;client_id=15;clients=50
1777331072896,PUT,108,4,benchKey_33_8,bytes=29;client_id=33;clients=50
1777331072902,PUT,109,4,benchKey_2_8,bytes=28;client_id=2;clients=50
1777331072902,PUT,109,4,benchKey_38_8,bytes=29;client_id=38;clients=50
1777331072910,PUT,112,4,benchKey_39_8,bytes=29;client_id=39;clients=50
1777331072910,PUT,106,4,benchKey_18_9,bytes=29;client_id=18;clients=50
1777331072912,PUT,107,4,benchKey_34_8,bytes=29;client_id=34;clients=50
1777331072914,PUT,108,4,benchKey_23_8,bytes=29;client_id=23;clients=50
1777331072915,PUT,108,4,benchKey_48_8,bytes=29;client_id=48;clients=50
1777331072918,PUT,110,4,benchKey_11_9,bytes=29;client_id=11;clients=50
1777331072919,PUT,107,4,benchKey_19_8,bytes=29;client_id=19;clients=50
1777331072919,PUT,108,4,benchKey_40_8,bytes=29;client_id=40;clients=50
1777331072919,PUT,104,4,benchKey_30_8,bytes=29;client_id=30;clients=50
1777331072921,PUT,104,4,benchKey_49_9,bytes=29;client_id=49;clients=50
1777331072925,PUT,100,4,benchKey_14_9,bytes=29;client_id=14;clients=50
1777331072930,PUT,104,4,benchKey_36_8,bytes=29;client_id=36;clients=50
1777331072934,PUT,105,4,benchKey_20_9,bytes=29;client_id=20;clients=50
1777331072934,PUT,106,4,benchKey_47_8,bytes=29;client_id=47;clients=50
1777331072934,PUT,105,4,benchKey_7_9,bytes=28;client_id=7;clients=50
1777331072936,PUT,104,4,benchKey_46_9,bytes=29;client_id=46;clients=50
1777331072938,PUT,105,4,benchKey_44_9,bytes=29;client_id=44;clients=50
1777331072938,PUT,104,4,benchKey_8_9,bytes=28;client_id=8;clients=50
1777331072944,PUT,108,4,benchKey_24_9,bytes=29;client_id=24;clients=50
1777331072945,PUT,109,4,benchKey_41_9,bytes=29;client_id=41;clients=50
1777331072953,PUT,112,4,benchKey_17_9,bytes=29;client_id=17;clients=50
1777331072954,PUT,107,4,benchKey_29_9,bytes=29;client_id=29;clients=50
1777331072955,PUT,106,4,benchKey_26_9,bytes=29;client_id=26;clients=50
1777331072956,PUT,106,4,benchKey_0_9,bytes=28;client_id=0;clients=50
1777331072959,PUT,108,4,benchKey_21_9,bytes=29;client_id=21;clients=50
1777331072960,PUT,108,4,benchKey_35_9,bytes=29;client_id=35;clients=50
1777331072961,PUT,106,4,benchKey_27_9,bytes=29;client_id=27;clients=50
1777331072963,PUT,108,4,benchKey_45_9,bytes=29;client_id=45;clients=50
1777331072964,PUT,105,4,benchKey_25_9,bytes=29;client_id=25;clients=50
1777331072965,PUT,106,4,benchKey_28_9,bytes=29;client_id=28;clients=50
1777331072970,PUT,102,4,benchKey_12_9,bytes=29;client_id=12;clients=50
1777331072971,PUT,104,4,benchKey_31_9,bytes=29;client_id=31;clients=50
1777331072975,PUT,103,4,benchKey_3_9,bytes=28;client_id=3;clients=50
1777331072976,PUT,107,4,benchKey_6_9,bytes=28;client_id=6;clients=50
1777331072977,PUT,104,4,benchKey_22_9,bytes=29;client_id=22;clients=50
1777331072979,PUT,104,4,benchKey_43_9,bytes=29;client_id=43;clients=50
1777331072980,PUT,104,4,benchKey_9_9,bytes=28;client_id=9;clients=50
1777331072980,PUT,102,4,benchKey_32_9,bytes=29;client_id=32;clients=50
1777331072986,PUT,108,4,benchKey_13_9,bytes=29;client_id=13;clients=50
1777331072987,PUT,107,4,benchKey_37_9,bytes=29;client_id=37;clients=50
1777331072996,PUT,109,4,benchKey_1_9,bytes=28;client_id=1;clients=50
1777331072997,PUT,113,4,benchKey_16_9,bytes=29;client_id=16;clients=50
1777331072997,PUT,105,4,benchKey_10_9,bytes=29;client_id=10;clients=50
1777331072999,PUT,107,4,benchKey_4_9,bytes=28;client_id=4;clients=50
1777331073001,PUT,106,4,benchKey_42_9,bytes=29;client_id=42;clients=50
1777331073002,PUT,109,4,benchKey_5_9,bytes=28;client_id=5;clients=50
1777331073003,PUT,106,4,benchKey_15_9,bytes=29;client_id=15;clients=50
1777331073005,PUT,108,4,benchKey_33_9,bytes=29;client_id=33;clients=50
1777331073006,PUT,104,4,benchKey_2_9,bytes=28;client_id=2;clients=50
1777331073008,PUT,106,4,benchKey_38_9,bytes=29;client_id=38;clients=50
1777331073009,PUT,98,4,benchKey_39_9,bytes=29;client_id=39;clients=50
1777331073014,PUT,103,4,benchKey_18_10,bytes=30;client_id=18;clients=50
1777331073018,PUT,106,4,benchKey_34_9,bytes=29;client_id=34;clients=50
1777331073018,PUT,103,4,benchKey_23_9,bytes=29;client_id=23;clients=50
1777331073020,PUT,104,4,benchKey_48_9,bytes=29;client_id=48;clients=50
1777331073021,PUT,103,4,benchKey_11_10,bytes=30;client_id=11;clients=50
1777331073022,PUT,102,4,benchKey_40_9,bytes=29;client_id=40;clients=50
1777331073022,PUT,102,4,benchKey_19_9,bytes=29;client_id=19;clients=50
1777331073028,PUT,108,4,benchKey_30_9,bytes=29;client_id=30;clients=50
1777331073030,PUT,108,4,benchKey_49_10,bytes=30;client_id=49;clients=50
1777331073038,PUT,108,4,benchKey_36_9,bytes=29;client_id=36;clients=50
1777331073038,PUT,112,4,benchKey_14_10,bytes=30;client_id=14;clients=50
1777331073039,PUT,105,4,benchKey_20_10,bytes=30;client_id=20;clients=50
1777331073041,PUT,106,4,benchKey_47_9,bytes=29;client_id=47;clients=50
1777331073043,PUT,106,4,benchKey_46_10,bytes=30;client_id=46;clients=50
1777331073043,PUT,108,4,benchKey_7_10,bytes=29;client_id=7;clients=50
1777331073045,PUT,106,4,benchKey_44_10,bytes=30;client_id=44;clients=50
1777331073047,PUT,103,4,benchKey_24_10,bytes=30;client_id=24;clients=50
1777331073048,PUT,109,4,benchKey_8_10,bytes=29;client_id=8;clients=50
1777331073050,PUT,105,4,benchKey_41_10,bytes=30;client_id=41;clients=50
1777331073055,PUT,102,4,benchKey_17_10,bytes=30;client_id=17;clients=50
1777331073056,PUT,102,4,benchKey_29_10,bytes=30;client_id=29;clients=50
1777331073061,PUT,103,4,benchKey_0_10,bytes=29;client_id=0;clients=50
1777331073061,PUT,105,4,benchKey_26_10,bytes=30;client_id=26;clients=50
1777331073063,PUT,103,4,benchKey_21_10,bytes=30;client_id=21;clients=50
1777331073064,PUT,102,4,benchKey_27_10,bytes=30;client_id=27;clients=50
1777331073066,PUT,103,4,benchKey_45_10,bytes=30;client_id=45;clients=50
1777331073068,PUT,106,4,benchKey_35_10,bytes=30;client_id=35;clients=50
1777331073071,PUT,107,4,benchKey_25_10,bytes=30;client_id=25;clients=50
1777331073072,PUT,107,4,benchKey_28_10,bytes=30;client_id=28;clients=50
1777331073081,PUT,110,4,benchKey_12_10,bytes=30;client_id=12;clients=50
1777331073081,PUT,109,4,benchKey_31_10,bytes=30;client_id=31;clients=50
1777331073082,PUT,106,4,benchKey_3_10,bytes=29;client_id=3;clients=50
1777331073084,PUT,107,4,benchKey_6_10,bytes=29;client_id=6;clients=50
1777331073085,PUT,105,4,benchKey_43_10,bytes=30;client_id=43;clients=50
1777331073085,PUT,108,4,benchKey_22_10,bytes=30;client_id=22;clients=50
1777331073087,PUT,107,4,benchKey_9_10,bytes=29;client_id=9;clients=50
1777331073090,PUT,109,4,benchKey_32_10,bytes=30;client_id=32;clients=50
1777331073092,PUT,105,4,benchKey_13_10,bytes=30;client_id=13;clients=50
1777331073093,PUT,106,4,benchKey_37_10,bytes=30;client_id=37;clients=50
1777331073097,PUT,100,4,benchKey_1_10,bytes=29;client_id=1;clients=50
1777331073098,PUT,101,4,benchKey_16_10,bytes=30;client_id=16;clients=50
1777331073103,PUT,105,4,benchKey_10_10,bytes=30;client_id=10;clients=50
1777331073103,PUT,104,4,benchKey_4_10,bytes=29;client_id=4;clients=50
1777331073106,PUT,104,4,benchKey_42_10,bytes=30;client_id=42;clients=50
1777331073109,PUT,106,4,benchKey_15_10,bytes=30;client_id=15;clients=50
1777331073109,PUT,107,4,benchKey_5_10,bytes=29;client_id=5;clients=50
1777331073109,PUT,104,4,benchKey_33_10,bytes=30;client_id=33;clients=50
1777331073114,PUT,106,4,benchKey_38_10,bytes=30;client_id=38;clients=50
1777331073115,PUT,109,4,benchKey_2_10,bytes=29;client_id=2;clients=50
1777331073122,PUT,107,4,benchKey_18_11,bytes=30;client_id=18;clients=50
1777331073123,PUT,113,4,benchKey_39_10,bytes=30;client_id=39;clients=50
1777331073123,PUT,105,4,benchKey_23_10,bytes=30;client_id=23;clients=50
1777331073128,PUT,107,4,benchKey_48_10,bytes=30;client_id=48;clients=50
1777331073128,PUT,106,4,benchKey_11_11,bytes=30;client_id=11;clients=50
1777331073138,PUT,107,4,benchKey_49_11,bytes=30;client_id=49;clients=50
1777331073139,PUT,110,4,benchKey_30_10,bytes=30;client_id=30;clients=50
1777331073139,PUT,116,4,benchKey_40_10,bytes=30;client_id=40;clients=50
1777331073139,PUT,120,4,benchKey_34_10,bytes=30;client_id=34;clients=50
1777331073140,PUT,118,4,benchKey_19_10,bytes=30;client_id=19;clients=50
1777331073141,PUT,101,4,benchKey_14_11,bytes=30;client_id=14;clients=50
1777331073141,PUT,102,4,benchKey_36_10,bytes=30;client_id=36;clients=50
1777331073146,PUT,105,4,benchKey_47_10,bytes=30;client_id=47;clients=50
1777331073149,PUT,109,4,benchKey_20_11,bytes=30;client_id=20;clients=50
1777331073151,PUT,107,4,benchKey_46_11,bytes=30;client_id=46;clients=50
1777331073153,PUT,107,4,benchKey_44_11,bytes=30;client_id=44;clients=50
1777331073153,PUT,109,4,benchKey_7_11,bytes=29;client_id=7;clients=50
1777331073155,PUT,106,4,benchKey_8_11,bytes=29;client_id=8;clients=50
1777331073160,PUT,112,4,benchKey_24_11,bytes=30;client_id=24;clients=50
1777331073162,PUT,111,4,benchKey_41_11,bytes=30;client_id=41;clients=50
1777331073166,PUT,111,4,benchKey_17_11,bytes=30;client_id=17;clients=50
1777331073169,PUT,113,4,benchKey_29_11,bytes=30;client_id=29;clients=50
1777331073172,PUT,110,4,benchKey_0_11,bytes=29;client_id=0;clients=50
1777331073180,PUT,116,4,benchKey_21_11,bytes=30;client_id=21;clients=50
1777331073184,PUT,116,4,benchKey_35_11,bytes=30;client_id=35;clients=50
1777331073185,PUT,103,4,benchKey_31_11,bytes=30;client_id=31;clients=50
1777331073187,PUT,114,4,benchKey_28_11,bytes=30;client_id=28;clients=50
1777331073186,PUT,114,4,benchKey_25_11,bytes=30;client_id=25;clients=50
1777331073185,PUT,120,4,benchKey_27_11,bytes=30;client_id=27;clients=50
1777331073188,PUT,122,4,benchKey_45_11,bytes=30;client_id=45;clients=50
1777331073189,PUT,108,4,benchKey_12_11,bytes=30;client_id=12;clients=50
1777331073190,PUT,108,4,benchKey_3_11,bytes=29;client_id=3;clients=50
1777331073193,PUT,131,4,benchKey_26_11,bytes=30;client_id=26;clients=50
1777331073193,PUT,108,4,benchKey_6_11,bytes=29;client_id=6;clients=50
1777331073194,PUT,108,4,benchKey_22_11,bytes=30;client_id=22;clients=50
1777331073197,PUT,111,4,benchKey_43_11,bytes=30;client_id=43;clients=50
1777331073201,PUT,113,4,benchKey_9_11,bytes=29;client_id=9;clients=50
1777331073202,PUT,111,4,benchKey_32_11,bytes=30;client_id=32;clients=50
1777331073207,PUT,114,4,benchKey_13_11,bytes=30;client_id=13;clients=50
1777331073212,PUT,114,4,benchKey_1_11,bytes=29;client_id=1;clients=50
1777331073212,PUT,118,4,benchKey_37_11,bytes=30;client_id=37;clients=50
1777331073217,PUT,114,4,benchKey_10_11,bytes=30;client_id=10;clients=50
1777331073217,PUT,118,4,benchKey_16_11,bytes=30;client_id=16;clients=50
1777331073222,PUT,118,4,benchKey_4_11,bytes=29;client_id=4;clients=50
1777331073228,PUT,118,4,benchKey_5_11,bytes=29;client_id=5;clients=50
1777331073230,PUT,120,4,benchKey_15_11,bytes=30;client_id=15;clients=50
1777331073230,PUT,120,4,benchKey_33_11,bytes=30;client_id=33;clients=50
1777331073231,PUT,108,4,benchKey_18_12,bytes=30;client_id=18;clients=50
1777331073232,PUT,125,4,benchKey_42_11,bytes=30;client_id=42;clients=50
1777331073232,PUT,116,4,benchKey_2_11,bytes=29;client_id=2;clients=50
1777331073235,PUT,120,4,benchKey_38_11,bytes=30;client_id=38;clients=50
1777331073235,PUT,112,4,benchKey_39_11,bytes=30;client_id=39;clients=50
1777331073238,PUT,99,4,benchKey_30_11,bytes=30;client_id=30;clients=50
1777331073238,PUT,110,4,benchKey_11_12,bytes=30;client_id=11;clients=50
1777331073240,PUT,112,4,benchKey_48_11,bytes=30;client_id=48;clients=50
1777331073240,PUT,116,4,benchKey_23_11,bytes=30;client_id=23;clients=50
1777331073247,PUT,107,4,benchKey_40_11,bytes=30;client_id=40;clients=50
1777331073248,PUT,109,4,benchKey_49_12,bytes=30;client_id=49;clients=50
1777331073255,PUT,114,4,benchKey_14_12,bytes=30;client_id=14;clients=50
1777331073255,PUT,116,4,benchKey_34_11,bytes=30;client_id=34;clients=50
1777331073256,PUT,115,4,benchKey_19_11,bytes=30;client_id=19;clients=50
1777331073259,PUT,117,4,benchKey_36_11,bytes=30;client_id=36;clients=50
1777331073260,PUT,113,4,benchKey_47_11,bytes=30;client_id=47;clients=50
1777331073265,PUT,116,4,benchKey_20_12,bytes=30;client_id=20;clients=50
1777331073271,PUT,120,4,benchKey_46_12,bytes=30;client_id=46;clients=50
1777331073273,PUT,118,4,benchKey_8_12,bytes=29;client_id=8;clients=50
1777331073273,PUT,120,4,benchKey_44_12,bytes=30;client_id=44;clients=50
1777331073273,PUT,120,4,benchKey_7_12,bytes=29;client_id=7;clients=50
1777331073275,PUT,112,4,benchKey_41_12,bytes=30;client_id=41;clients=50
1777331073276,PUT,115,4,benchKey_24_12,bytes=30;client_id=24;clients=50
1777331073277,PUT,110,4,benchKey_17_12,bytes=30;client_id=17;clients=50
1777331073278,PUT,108,4,benchKey_29_12,bytes=30;client_id=29;clients=50
1777331073281,PUT,109,4,benchKey_0_12,bytes=29;client_id=0;clients=50
1777331073281,PUT,101,4,benchKey_21_12,bytes=30;client_id=21;clients=50
1777331073282,PUT,93,4,benchKey_35_12,bytes=30;client_id=35;clients=50
1777331073284,PUT,96,4,benchKey_27_12,bytes=30;client_id=27;clients=50
1777331073289,PUT,101,4,benchKey_31_12,bytes=30;client_id=31;clients=50
1777331073292,PUT,103,4,benchKey_25_12,bytes=30;client_id=25;clients=50
1777331073297,PUT,108,4,benchKey_45_12,bytes=30;client_id=45;clients=50
1777331073297,PUT,108,4,benchKey_12_12,bytes=30;client_id=12;clients=50
1777331073299,PUT,110,4,benchKey_28_12,bytes=30;client_id=28;clients=50
1777331073301,PUT,110,4,benchKey_3_12,bytes=29;client_id=3;clients=50
1777331073302,PUT,109,4,benchKey_26_12,bytes=30;client_id=26;clients=50
1777331073307,PUT,113,4,benchKey_6_12,bytes=29;client_id=6;clients=50
1777331073313,PUT,118,4,benchKey_22_12,bytes=30;client_id=22;clients=50
1777331073315,PUT,114,4,benchKey_9_12,bytes=29;client_id=9;clients=50
1777331073315,PUT,118,4,benchKey_43_12,bytes=30;client_id=43;clients=50
1777331073316,PUT,113,4,benchKey_32_12,bytes=30;client_id=32;clients=50
1777331073318,PUT,106,4,benchKey_1_12,bytes=29;client_id=1;clients=50
1777331073318,PUT,111,4,benchKey_13_12,bytes=30;client_id=13;clients=50
1777331073319,PUT,106,4,benchKey_37_12,bytes=30;client_id=37;clients=50
1777331073319,PUT,102,4,benchKey_10_12,bytes=30;client_id=10;clients=50
1777331073323,PUT,105,4,benchKey_16_12,bytes=30;client_id=16;clients=50
1777331073323,PUT,94,4,benchKey_5_12,bytes=29;client_id=5;clients=50
1777331073323,PUT,100,4,benchKey_4_12,bytes=29;client_id=4;clients=50
1777331073326,PUT,95,4,benchKey_15_12,bytes=30;client_id=15;clients=50
1777331073331,PUT,100,4,benchKey_33_12,bytes=30;client_id=33;clients=50
1777331073334,PUT,102,4,benchKey_18_13,bytes=30;client_id=18;clients=50
1777331073339,PUT,106,4,benchKey_2_12,bytes=29;client_id=2;clients=50
1777331073339,PUT,106,4,benchKey_42_12,bytes=30;client_id=42;clients=50
1777331073342,PUT,107,4,benchKey_38_12,bytes=30;client_id=38;clients=50
1777331073343,PUT,107,4,benchKey_39_12,bytes=30;client_id=39;clients=50
1777331073345,PUT,106,4,benchKey_30_12,bytes=30;client_id=30;clients=50
1777331073349,PUT,110,4,benchKey_11_13,bytes=30;client_id=11;clients=50
1777331073355,PUT,115,4,benchKey_48_12,bytes=30;client_id=48;clients=50
1777331073357,PUT,110,4,benchKey_40_12,bytes=30;client_id=40;clients=50
1777331073358,PUT,109,4,benchKey_49_13,bytes=30;client_id=49;clients=50
1777331073358,PUT,117,4,benchKey_23_12,bytes=30;client_id=23;clients=50
1777331073361,PUT,105,4,benchKey_34_12,bytes=30;client_id=34;clients=50
1777331073361,PUT,105,4,benchKey_14_13,bytes=30;client_id=14;clients=50
1777331073361,PUT,101,4,benchKey_36_12,bytes=30;client_id=36;clients=50
1777331073362,PUT,105,4,benchKey_19_12,bytes=30;client_id=19;clients=50
1777331073365,PUT,99,4,benchKey_20_13,bytes=30;client_id=20;clients=50
1777331073365,PUT,93,4,benchKey_46_13,bytes=30;client_id=46;clients=50
1777331073365,PUT,105,4,benchKey_47_12,bytes=30;client_id=47;clients=50
1777331073368,PUT,94,4,benchKey_8_13,bytes=29;client_id=8;clients=50
1777331073373,PUT,99,4,benchKey_44_13,bytes=30;client_id=44;clients=50
1777331073376,PUT,102,4,benchKey_7_13,bytes=29;client_id=7;clients=50
1777331073381,PUT,106,4,benchKey_41_13,bytes=30;client_id=41;clients=50
1777331073381,PUT,105,4,benchKey_24_13,bytes=30;client_id=24;clients=50
1777331073386,PUT,107,4,benchKey_29_13,bytes=30;client_id=29;clients=50
1777331073386,PUT,108,4,benchKey_17_13,bytes=30;client_id=17;clients=50
1777331073387,PUT,106,4,benchKey_0_13,bytes=29;client_id=0;clients=50
1777331073392,PUT,111,4,benchKey_21_13,bytes=30;client_id=21;clients=50
1777331073397,PUT,115,4,benchKey_35_13,bytes=30;client_id=35;clients=50
1777331073398,PUT,114,4,benchKey_27_13,bytes=30;client_id=27;clients=50
1777331073400,PUT,108,4,benchKey_25_13,bytes=30;client_id=25;clients=50
1777331073401,PUT,111,4,benchKey_31_13,bytes=30;client_id=31;clients=50
1777331073404,PUT,106,4,benchKey_12_13,bytes=30;client_id=12;clients=50
1777331073404,PUT,106,4,benchKey_45_13,bytes=30;client_id=45;clients=50
1777331073404,PUT,102,4,benchKey_3_13,bytes=29;client_id=3;clients=50
1777331073404,PUT,105,4,benchKey_28_13,bytes=30;client_id=28;clients=50
1777331073408,PUT,101,4,benchKey_6_13,bytes=29;client_id=6;clients=50
1777331073409,PUT,95,4,benchKey_22_13,bytes=30;client_id=22;clients=50
1777331073409,PUT,106,4,benchKey_26_13,bytes=30;client_id=26;clients=50
1777331073411,PUT,96,4,benchKey_9_13,bytes=29;client_id=9;clients=50
1777331073417,PUT,101,4,benchKey_43_13,bytes=30;client_id=43;clients=50
1777331073418,PUT,102,4,benchKey_32_13,bytes=30;client_id=32;clients=50
1777331073423,PUT,105,4,benchKey_1_13,bytes=29;client_id=1;clients=50
1777331073424,PUT,105,4,benchKey_13_13,bytes=30;client_id=13;clients=50
1777331073429,PUT,109,4,benchKey_10_13,bytes=30;client_id=10;clients=50
1777331073430,PUT,106,4,benchKey_16_13,bytes=30;client_id=16;clients=50
1777331073430,PUT,110,4,benchKey_37_13,bytes=30;client_id=37;clients=50
1777331073435,PUT,112,4,benchKey_5_13,bytes=29;client_id=5;clients=50
1777331073439,PUT,115,4,benchKey_4_13,bytes=29;client_id=4;clients=50
1777331073441,PUT,114,4,benchKey_15_13,bytes=30;client_id=15;clients=50
1777331073442,PUT,107,4,benchKey_18_14,bytes=30;client_id=18;clients=50
1777331073443,PUT,111,4,benchKey_33_13,bytes=30;client_id=33;clients=50
1777331073446,PUT,106,4,benchKey_42_13,bytes=30;client_id=42;clients=50
1777331073446,PUT,103,4,benchKey_39_13,bytes=30;client_id=39;clients=50
1777331073446,PUT,107,4,benchKey_2_13,bytes=29;client_id=2;clients=50
1777331073447,PUT,104,4,benchKey_38_13,bytes=30;client_id=38;clients=50
1777331073452,PUT,103,4,benchKey_11_14,bytes=30;client_id=11;clients=50
1777331073452,PUT,107,4,benchKey_30_13,bytes=30;client_id=30;clients=50
1777331073452,PUT,97,4,benchKey_48_13,bytes=30;client_id=48;clients=50
1777331073454,PUT,97,4,benchKey_40_13,bytes=30;client_id=40;clients=50
1777331073459,PUT,101,4,benchKey_49_14,bytes=30;client_id=49;clients=50
1777331073460,PUT,102,4,benchKey_23_13,bytes=30;client_id=23;clients=50
1777331073466,PUT,104,4,benchKey_34_13,bytes=30;client_id=34;clients=50
1777331073468,PUT,106,4,benchKey_14_14,bytes=30;client_id=14;clients=50
1777331073471,PUT,109,4,benchKey_36_13,bytes=30;client_id=36;clients=50
1777331073472,PUT,106,4,benchKey_20_14,bytes=30;client_id=20;clients=50
1777331073474,PUT,111,4,benchKey_19_13,bytes=30;client_id=19;clients=50
1777331073479,PUT,113,4,benchKey_46_14,bytes=30;client_id=46;clients=50
1777331073480,PUT,115,4,benchKey_47_13,bytes=30;client_id=47;clients=50
1777331073482,PUT,114,4,benchKey_8_14,bytes=29;client_id=8;clients=50
1777331073484,PUT,110,4,benchKey_44_14,bytes=30;client_id=44;clients=50
1777331073485,PUT,109,4,benchKey_7_14,bytes=29;client_id=7;clients=50
1777331073489,PUT,103,4,benchKey_29_14,bytes=30;client_id=29;clients=50
1777331073490,PUT,108,4,benchKey_24_14,bytes=30;client_id=24;clients=50
1777331073490,PUT,108,4,benchKey_41_14,bytes=30;client_id=41;clients=50
1777331073492,PUT,106,4,benchKey_17_14,bytes=30;client_id=17;clients=50
1777331073494,PUT,106,4,benchKey_0_14,bytes=29;client_id=0;clients=50
1777331073495,PUT,102,4,benchKey_21_14,bytes=30;client_id=21;clients=50
1777331073496,PUT,98,4,benchKey_35_14,bytes=30;client_id=35;clients=50
1777331073497,PUT,98,4,benchKey_27_14,bytes=30;client_id=27;clients=50
1777331073502,PUT,101,4,benchKey_25_14,bytes=30;client_id=25;clients=50
1777331073504,PUT,102,4,benchKey_31_14,bytes=30;client_id=31;clients=50
1777331073508,PUT,104,4,benchKey_12_14,bytes=30;client_id=12;clients=50
1777331073510,PUT,106,4,benchKey_45_14,bytes=30;client_id=45;clients=50
1777331073512,PUT,107,4,benchKey_3_14,bytes=29;client_id=3;clients=50
1777331073515,PUT,110,4,benchKey_28_14,bytes=30;client_id=28;clients=50
1777331073515,PUT,106,4,benchKey_6_14,bytes=29;client_id=6;clients=50
1777331073521,PUT,112,4,benchKey_22_14,bytes=30;client_id=22;clients=50
1777331073523,PUT,114,4,benchKey_26_14,bytes=30;client_id=26;clients=50
1777331073525,PUT,113,4,benchKey_9_14,bytes=29;client_id=9;clients=50
1777331073527,PUT,108,4,benchKey_32_14,bytes=30;client_id=32;clients=50
1777331073527,PUT,110,4,benchKey_43_14,bytes=30;client_id=43;clients=50
1777331073532,PUT,108,4,benchKey_1_14,bytes=29;client_id=1;clients=50
1777331073532,PUT,103,4,benchKey_10_14,bytes=30;client_id=10;clients=50
1777331073534,PUT,109,4,benchKey_13_14,bytes=30;client_id=13;clients=50
1777331073534,PUT,104,4,benchKey_37_14,bytes=30;client_id=37;clients=50
1777331073536,PUT,106,4,benchKey_16_14,bytes=30;client_id=16;clients=50
1777331073537,PUT,101,4,benchKey_5_14,bytes=29;client_id=5;clients=50
1777331073539,PUT,98,4,benchKey_15_14,bytes=30;client_id=15;clients=50
1777331073539,PUT,100,4,benchKey_4_14,bytes=29;client_id=4;clients=50
1777331073544,PUT,102,4,benchKey_18_15,bytes=30;client_id=18;clients=50
1777331073545,PUT,102,4,benchKey_33_14,bytes=30;client_id=33;clients=50
1777331073550,PUT,103,4,benchKey_42_14,bytes=30;client_id=42;clients=50
1777331073552,PUT,105,4,benchKey_39_14,bytes=30;client_id=39;clients=50
1777331073555,PUT,108,4,benchKey_2_14,bytes=29;client_id=2;clients=50
1777331073557,PUT,104,4,benchKey_11_15,bytes=30;client_id=11;clients=50
1777331073557,PUT,110,4,benchKey_38_14,bytes=30;client_id=38;clients=50
1777331073563,PUT,110,4,benchKey_30_14,bytes=30;client_id=30;clients=50
1777331073565,PUT,112,4,benchKey_48_14,bytes=30;client_id=48;clients=50
1777331073567,PUT,112,4,benchKey_40_14,bytes=30;client_id=40;clients=50
1777331073569,PUT,108,4,benchKey_23_14,bytes=30;client_id=23;clients=50
1777331073570,PUT,110,4,benchKey_49_15,bytes=30;client_id=49;clients=50
1777331073574,PUT,105,4,benchKey_14_15,bytes=30;client_id=14;clients=50
1777331073574,PUT,108,4,benchKey_34_14,bytes=30;client_id=34;clients=50
1777331073576,PUT,104,4,benchKey_20_15,bytes=30;client_id=20;clients=50
1777331073576,PUT,105,4,benchKey_36_14,bytes=30;client_id=36;clients=50
1777331073578,PUT,98,4,benchKey_46_15,bytes=30;client_id=46;clients=50
1777331073578,PUT,104,4,benchKey_19_14,bytes=30;client_id=19;clients=50
1777331073582,PUT,101,4,benchKey_47_14,bytes=30;client_id=47;clients=50
1777331073582,PUT,99,4,benchKey_8_15,bytes=29;client_id=8;clients=50
1777331073587,PUT,103,4,benchKey_44_15,bytes=30;client_id=44;clients=50
1777331073587,PUT,101,4,benchKey_7_15,bytes=29;client_id=7;clients=50
1777331073592,PUT,102,4,benchKey_29_15,bytes=30;client_id=29;clients=50
1777331073595,PUT,105,4,benchKey_24_15,bytes=30;client_id=24;clients=50
1777331073597,PUT,107,4,benchKey_41_15,bytes=30;client_id=41;clients=50
1777331073599,PUT,106,4,benchKey_17_15,bytes=30;client_id=17;clients=50
1777331073599,PUT,104,4,benchKey_0_15,bytes=29;client_id=0;clients=50
1777331073605,PUT,109,4,benchKey_21_15,bytes=30;client_id=21;clients=50
1777331073607,PUT,110,4,benchKey_35_15,bytes=30;client_id=35;clients=50
1777331073609,PUT,111,4,benchKey_27_15,bytes=30;client_id=27;clients=50
1777331073611,PUT,108,4,benchKey_25_15,bytes=30;client_id=25;clients=50
1777331073613,PUT,109,4,benchKey_31_15,bytes=30;client_id=31;clients=50
1777331073616,PUT,107,4,benchKey_12_15,bytes=30;client_id=12;clients=50
1777331073617,PUT,106,4,benchKey_45_15,bytes=30;client_id=45;clients=50
1777331073618,PUT,102,4,benchKey_28_15,bytes=30;client_id=28;clients=50
1777331073619,PUT,106,4,benchKey_3_15,bytes=29;client_id=3;clients=50
1777331073619,PUT,103,4,benchKey_6_15,bytes=29;client_id=6;clients=50
1777331073620,PUT,98,4,benchKey_22_15,bytes=30;client_id=22;clients=50
1777331073624,PUT,98,4,benchKey_9_15,bytes=29;client_id=9;clients=50
1777331073624,PUT,100,4,benchKey_26_15,bytes=30;client_id=26;clients=50
1777331073629,PUT,101,4,benchKey_32_15,bytes=30;client_id=32;clients=50
1777331073630,PUT,102,4,benchKey_43_15,bytes=30;client_id=43;clients=50
1777331073634,PUT,101,4,benchKey_1_15,bytes=29;client_id=1;clients=50
1777331073638,PUT,105,4,benchKey_10_15,bytes=30;client_id=10;clients=50
1777331073640,PUT,105,4,benchKey_13_15,bytes=30;client_id=13;clients=50
1777331073642,PUT,105,4,benchKey_16_15,bytes=30;client_id=16;clients=50
1777331073642,PUT,107,4,benchKey_37_15,bytes=30;client_id=37;clients=50
1777331073647,PUT,110,4,benchKey_5_15,bytes=29;client_id=5;clients=50
1777331073649,PUT,109,4,benchKey_15_15,bytes=30;client_id=15;clients=50
1777331073652,PUT,112,4,benchKey_4_15,bytes=29;client_id=4;clients=50
1777331073653,PUT,108,4,benchKey_18_16,bytes=30;client_id=18;clients=50
1777331073654,PUT,108,4,benchKey_33_15,bytes=30;client_id=33;clients=50
1777331073658,PUT,108,4,benchKey_42_15,bytes=30;client_id=42;clients=50
1777331073659,PUT,103,4,benchKey_2_15,bytes=29;client_id=2;clients=50
1777331073660,PUT,108,4,benchKey_39_15,bytes=30;client_id=39;clients=50
1777331073661,PUT,97,4,benchKey_30_15,bytes=30;client_id=30;clients=50
1777331073661,PUT,103,4,benchKey_38_15,bytes=30;client_id=38;clients=50
1777331073662,PUT,104,4,benchKey_11_16,bytes=30;client_id=11;clients=50
1777331073666,PUT,98,4,benchKey_40_15,bytes=30;client_id=40;clients=50
1777331073666,PUT,100,4,benchKey_48_15,bytes=30;client_id=48;clients=50
1777331073671,PUT,100,4,benchKey_49_16,bytes=30;client_id=49;clients=50
1777331073671,PUT,102,4,benchKey_23_15,bytes=30;client_id=23;clients=50
1777331073676,PUT,102,4,benchKey_14_16,bytes=30;client_id=14;clients=50
1777331073681,PUT,106,4,benchKey_34_15,bytes=30;client_id=34;clients=50
1777331073681,PUT,104,4,benchKey_20_16,bytes=30;client_id=20;clients=50
1777331073684,PUT,106,4,benchKey_46_16,bytes=30;client_id=46;clients=50
1777331073684,PUT,107,4,benchKey_36_15,bytes=30;client_id=36;clients=50
1777331073689,PUT,110,4,benchKey_19_15,bytes=30;client_id=19;clients=50
1777331073691,PUT,108,4,benchKey_47_15,bytes=30;client_id=47;clients=50
1777331073694,PUT,111,4,benchKey_8_16,bytes=29;client_id=8;clients=50
1777331073695,PUT,107,4,benchKey_7_16,bytes=29;client_id=7;clients=50
1777331073695,PUT,107,4,benchKey_44_16,bytes=30;client_id=44;clients=50
1777331073701,PUT,108,4,benchKey_29_16,bytes=30;client_id=29;clients=50
1777331073701,PUT,106,4,benchKey_24_16,bytes=30;client_id=24;clients=50
1777331073703,PUT,105,4,benchKey_41_16,bytes=30;client_id=41;clients=50
1777331073703,PUT,104,4,benchKey_0_16,bytes=29;client_id=0;clients=50
1777331073704,PUT,104,4,benchKey_17_16,bytes=30;client_id=17;clients=50
1777331073704,PUT,98,4,benchKey_21_16,bytes=30;client_id=21;clients=50
1777331073707,PUT,100,4,benchKey_35_16,bytes=30;client_id=35;clients=50
1777331073708,PUT,98,4,benchKey_27_16,bytes=30;client_id=27;clients=50
1777331073713,PUT,100,4,benchKey_31_16,bytes=30;client_id=31;clients=50
1777331073714,PUT,102,4,benchKey_25_16,bytes=30;client_id=25;clients=50
1777331073719,PUT,102,4,benchKey_12_16,bytes=30;client_id=12;clients=50
1777331073724,PUT,106,4,benchKey_45_16,bytes=30;client_id=45;clients=50
1777331073724,PUT,106,4,benchKey_28_16,bytes=30;client_id=28;clients=50
1777331073726,PUT,106,4,benchKey_6_16,bytes=29;client_id=6;clients=50
1777331073726,PUT,106,4,benchKey_3_16,bytes=29;client_id=3;clients=50
1777331073731,PUT,110,4,benchKey_22_16,bytes=30;client_id=22;clients=50
1777331073733,PUT,108,4,benchKey_9_16,bytes=29;client_id=9;clients=50
1777331073736,PUT,106,4,benchKey_43_16,bytes=30;client_id=43;clients=50
1777331073736,PUT,112,4,benchKey_26_16,bytes=30;client_id=26;clients=50
1777331073737,PUT,107,4,benchKey_32_16,bytes=30;client_id=32;clients=50
1777331073743,PUT,104,4,benchKey_10_16,bytes=30;client_id=10;clients=50
1777331073744,PUT,109,4,benchKey_1_16,bytes=29;client_id=1;clients=50
1777331073745,PUT,105,4,benchKey_13_16,bytes=30;client_id=13;clients=50
1777331073745,PUT,103,4,benchKey_16_16,bytes=30;client_id=16;clients=50
1777331073746,PUT,104,4,benchKey_37_16,bytes=30;client_id=37;clients=50
1777331073746,PUT,99,4,benchKey_5_16,bytes=29;client_id=5;clients=50
1777331073749,PUT,99,4,benchKey_15_16,bytes=30;client_id=15;clients=50
1777331073750,PUT,97,4,benchKey_4_16,bytes=29;client_id=4;clients=50
1777331073755,PUT,102,4,benchKey_18_17,bytes=30;client_id=18;clients=50
1777331073756,PUT,102,4,benchKey_33_16,bytes=30;client_id=33;clients=50
1777331073761,PUT,102,4,benchKey_42_16,bytes=30;client_id=42;clients=50
1777331073766,PUT,105,4,benchKey_39_16,bytes=30;client_id=39;clients=50
1777331073766,PUT,106,4,benchKey_2_16,bytes=29;client_id=2;clients=50
1777331073768,PUT,106,4,benchKey_38_16,bytes=30;client_id=38;clients=50
1777331073768,PUT,106,4,benchKey_30_16,bytes=30;client_id=30;clients=50
1777331073773,PUT,111,4,benchKey_11_17,bytes=30;client_id=11;clients=50
1777331073776,PUT,110,4,benchKey_48_16,bytes=30;client_id=48;clients=50
1777331073779,PUT,108,4,benchKey_23_16,bytes=30;client_id=23;clients=50
1777331073779,PUT,113,4,benchKey_40_16,bytes=30;client_id=40;clients=50
1777331073779,PUT,108,4,benchKey_49_17,bytes=30;client_id=49;clients=50
1777331073786,PUT,105,4,benchKey_20_17,bytes=30;client_id=20;clients=50
1777331073786,PUT,109,4,benchKey_14_17,bytes=30;client_id=14;clients=50
1777331073787,PUT,106,4,benchKey_34_16,bytes=30;client_id=34;clients=50
1777331073787,PUT,103,4,benchKey_46_17,bytes=30;client_id=46;clients=50
1777331073788,PUT,99,4,benchKey_19_16,bytes=30;client_id=19;clients=50
1777331073788,PUT,104,4,benchKey_36_16,bytes=30;client_id=36;clients=50
1777331073791,PUT,99,4,benchKey_47_16,bytes=30;client_id=47;clients=50
1777331073792,PUT,97,4,benchKey_8_17,bytes=29;client_id=8;clients=50
1777331073797,PUT,102,4,benchKey_7_17,bytes=29;client_id=7;clients=50
1777331073799,PUT,104,4,benchKey_44_17,bytes=30;client_id=44;clients=50
1777331073804,PUT,102,4,benchKey_29_17,bytes=30;client_id=29;clients=50
1777331073808,PUT,106,4,benchKey_24_17,bytes=30;client_id=24;clients=50
1777331073808,PUT,105,4,benchKey_41_17,bytes=30;client_id=41;clients=50
1777331073811,PUT,108,4,benchKey_0_17,bytes=29;client_id=0;clients=50
1777331073811,PUT,107,4,benchKey_21_17,bytes=30;client_id=21;clients=50
1777331073815,PUT,111,4,benchKey_17_17,bytes=30;client_id=17;clients=50
1777331073819,PUT,112,4,benchKey_35_17,bytes=30;client_id=35;clients=50
1777331073821,PUT,112,4,benchKey_27_17,bytes=30;client_id=27;clients=50
1777331073821,PUT,107,4,benchKey_31_17,bytes=30;client_id=31;clients=50
1777331073822,PUT,107,4,benchKey_25_17,bytes=30;client_id=25;clients=50
1777331073828,PUT,103,4,benchKey_45_17,bytes=30;client_id=45;clients=50
1777331073828,PUT,108,4,benchKey_12_17,bytes=30;client_id=12;clients=50
1777331073829,PUT,104,4,benchKey_28_17,bytes=30;client_id=28;clients=50
1777331073829,PUT,102,4,benchKey_6_17,bytes=29;client_id=6;clients=50
1777331073830,PUT,98,4,benchKey_22_17,bytes=30;client_id=22;clients=50
1777331073831,PUT,105,4,benchKey_3_17,bytes=29;client_id=3;clients=50
1777331073834,PUT,98,4,benchKey_43_17,bytes=30;client_id=43;clients=50
1777331073835,PUT,101,4,benchKey_9_17,bytes=29;client_id=9;clients=50
1777331073840,PUT,104,4,benchKey_26_17,bytes=30;client_id=26;clients=50
1777331073841,PUT,104,4,benchKey_32_17,bytes=30;client_id=32;clients=50
1777331073846,PUT,102,4,benchKey_10_17,bytes=30;client_id=10;clients=50
1777331073850,PUT,106,4,benchKey_1_17,bytes=29;client_id=1;clients=50
1777331073850,PUT,105,4,benchKey_13_17,bytes=30;client_id=13;clients=50
1777331073853,PUT,106,4,benchKey_37_17,bytes=30;client_id=37;clients=50
1777331073853,PUT,107,4,benchKey_16_17,bytes=30;client_id=16;clients=50
1777331073858,PUT,111,4,benchKey_5_17,bytes=29;client_id=5;clients=50
1777331073861,PUT,111,4,benchKey_15_17,bytes=30;client_id=15;clients=50
1777331073863,PUT,107,4,benchKey_33_17,bytes=30;client_id=33;clients=50
1777331073863,PUT,107,4,benchKey_18_18,bytes=30;client_id=18;clients=50
1777331073864,PUT,114,4,benchKey_4_17,bytes=29;client_id=4;clients=50
1777331073872,PUT,103,4,benchKey_38_17,bytes=30;client_id=38;clients=50
1777331073872,PUT,110,4,benchKey_42_17,bytes=30;client_id=42;clients=50
1777331073873,PUT,106,4,benchKey_39_17,bytes=30;client_id=39;clients=50
1777331073873,PUT,106,4,benchKey_2_17,bytes=29;client_id=2;clients=50
1777331073874,PUT,105,4,benchKey_30_17,bytes=30;client_id=30;clients=50
1777331073874,PUT,100,4,benchKey_11_18,bytes=30;client_id=11;clients=50
1777331073876,PUT,99,4,benchKey_48_17,bytes=30;client_id=48;clients=50
1777331073878,PUT,98,4,benchKey_40_17,bytes=30;client_id=40;clients=50
1777331073882,PUT,102,4,benchKey_23_17,bytes=30;client_id=23;clients=50
1777331073883,PUT,103,4,benchKey_49_18,bytes=30;client_id=49;clients=50
1777331073888,PUT,101,4,benchKey_20_18,bytes=30;client_id=20;clients=50
1777331073893,PUT,106,4,benchKey_14_18,bytes=30;client_id=14;clients=50
1777331073893,PUT,105,4,benchKey_46_18,bytes=30;client_id=46;clients=50
1777331073895,PUT,106,4,benchKey_19_17,bytes=30;client_id=19;clients=50
1777331073895,PUT,107,4,benchKey_34_17,bytes=30;client_id=34;clients=50
1777331073900,PUT,111,4,benchKey_36_17,bytes=30;client_id=36;clients=50
1777331073903,PUT,111,4,benchKey_47_17,bytes=30;client_id=47;clients=50
1777331073905,PUT,113,4,benchKey_8_18,bytes=29;client_id=8;clients=50
1777331073905,PUT,107,4,benchKey_7_18,bytes=29;client_id=7;clients=50
1777331073906,PUT,106,4,benchKey_44_18,bytes=30;client_id=44;clients=50
1777331073914,PUT,109,4,benchKey_29_18,bytes=30;client_id=29;clients=50
1777331073914,PUT,105,4,benchKey_41_18,bytes=30;client_id=41;clients=50
1777331073916,PUT,104,4,benchKey_0_18,bytes=29;client_id=0;clients=50
1777331073916,PUT,108,4,benchKey_24_18,bytes=30;client_id=24;clients=50
1777331073916,PUT,101,4,benchKey_17_18,bytes=30;client_id=17;clients=50
1777331073917,PUT,105,4,benchKey_21_18,bytes=30;client_id=21;clients=50
1777331073919,PUT,99,4,benchKey_35_18,bytes=30;client_id=35;clients=50
1777331073921,PUT,99,4,benchKey_31_18,bytes=30;client_id=31;clients=50
1777331073924,PUT,102,4,benchKey_27_18,bytes=30;client_id=27;clients=50
1777331073926,PUT,104,4,benchKey_25_18,bytes=30;client_id=25;clients=50
1777331073931,PUT,102,4,benchKey_12_18,bytes=30;client_id=12;clients=50
1777331073935,PUT,106,4,benchKey_28_18,bytes=30;client_id=28;clients=50
1777331073935,PUT,106,4,benchKey_45_18,bytes=30;client_id=45;clients=50
1777331073937,PUT,107,4,benchKey_6_18,bytes=29;client_id=6;clients=50
1777331073937,PUT,106,4,benchKey_22_18,bytes=30;client_id=22;clients=50
1777331073942,PUT,110,4,benchKey_3_18,bytes=29;client_id=3;clients=50
1777331073945,PUT,110,4,benchKey_43_18,bytes=30;client_id=43;clients=50
1777331073947,PUT,106,4,benchKey_26_18,bytes=30;client_id=26;clients=50
1777331073947,PUT,112,4,benchKey_9_18,bytes=29;client_id=9;clients=50
1777331073947,PUT,106,4,benchKey_32_18,bytes=30;client_id=32;clients=50
1777331073956,PUT,105,4,benchKey_13_18,bytes=30;client_id=13;clients=50
1777331073956,PUT,109,4,benchKey_10_18,bytes=30;client_id=10;clients=50
1777331073958,PUT,104,4,benchKey_16_18,bytes=30;client_id=16;clients=50
1777331073958,PUT,104,4,benchKey_37_18,bytes=30;client_id=37;clients=50
1777331073959,PUT,100,4,benchKey_5_18,bytes=29;client_id=5;clients=50
1777331073959,PUT,109,4,benchKey_1_18,bytes=29;client_id=1;clients=50
1777331073962,PUT,98,4,benchKey_33_18,bytes=30;client_id=33;clients=50
1777331073962,PUT,100,4,benchKey_15_18,bytes=30;client_id=15;clients=50
1777331073966,PUT,102,4,benchKey_18_19,bytes=30;client_id=18;clients=50
1777331073968,PUT,103,4,benchKey_4_18,bytes=29;client_id=4;clients=50
1777331073972,PUT,100,4,benchKey_38_18,bytes=30;client_id=38;clients=50
1777331073977,PUT,105,4,benchKey_42_18,bytes=30;client_id=42;clients=50
1777331073978,PUT,105,4,benchKey_39_18,bytes=30;client_id=39;clients=50
1777331073979,PUT,106,4,benchKey_2_18,bytes=29;client_id=2;clients=50
1777331073979,PUT,105,4,benchKey_30_18,bytes=30;client_id=30;clients=50
1777331073984,PUT,110,4,benchKey_11_19,bytes=30;client_id=11;clients=50
1777331073988,PUT,112,4,benchKey_48_18,bytes=30;client_id=48;clients=50
1777331073989,PUT,105,4,benchKey_49_19,bytes=30;client_id=49;clients=50
1777331073989,PUT,110,4,benchKey_40_18,bytes=30;client_id=40;clients=50
1777331073989,PUT,106,4,benchKey_23_18,bytes=30;client_id=23;clients=50
1777331073998,PUT,109,4,benchKey_20_19,bytes=30;client_id=20;clients=50
1777331073999,PUT,105,4,benchKey_46_19,bytes=30;client_id=46;clients=50
1777331074000,PUT,106,4,benchKey_14_19,bytes=30;client_id=14;clients=50
1777331074000,PUT,105,4,benchKey_19_18,bytes=30;client_id=19;clients=50
1777331074002,PUT,106,4,benchKey_34_18,bytes=30;client_id=34;clients=50
1777331074002,PUT,101,4,benchKey_36_18,bytes=30;client_id=36;clients=50
1777331074004,PUT,101,4,benchKey_47_18,bytes=30;client_id=47;clients=50
1777331074004,PUT,99,4,benchKey_8_19,bytes=29;client_id=8;clients=50
1777331074008,PUT,102,4,benchKey_7_19,bytes=29;client_id=7;clients=50
1777331074009,PUT,102,4,benchKey_44_19,bytes=30;client_id=44;clients=50
1777331074014,PUT,99,4,benchKey_29_19,bytes=30;client_id=29;clients=50
1777331074019,PUT,104,4,benchKey_41_19,bytes=30;client_id=41;clients=50
1777331074020,PUT,103,4,benchKey_0_19,bytes=29;client_id=0;clients=50
1777331074021,PUT,104,4,benchKey_17_19,bytes=30;client_id=17;clients=50
1777331074021,PUT,104,4,benchKey_24_19,bytes=30;client_id=24;clients=50
1777331074027,PUT,110,4,benchKey_21_19,bytes=30;client_id=21;clients=50
1777331074030,PUT,108,4,benchKey_31_19,bytes=30;client_id=31;clients=50
1777331074031,PUT,111,4,benchKey_35_19,bytes=30;client_id=35;clients=50
1777331074031,PUT,104,4,benchKey_25_19,bytes=30;client_id=25;clients=50
1777331074032,PUT,108,4,benchKey_27_19,bytes=30;client_id=27;clients=50
1777331074040,PUT,109,4,benchKey_12_19,bytes=30;client_id=12;clients=50
1777331074041,PUT,105,4,benchKey_28_19,bytes=30;client_id=28;clients=50
1777331074042,PUT,104,4,benchKey_6_19,bytes=29;client_id=6;clients=50
1777331074043,PUT,107,4,benchKey_45_19,bytes=30;client_id=45;clients=50
1777331074044,PUT,106,4,benchKey_22_19,bytes=30;client_id=22;clients=50
1777331074044,PUT,102,4,benchKey_3_19,bytes=29;client_id=3;clients=50
1777331074047,PUT,99,4,benchKey_26_19,bytes=30;client_id=26;clients=50
1777331074047,PUT,101,4,benchKey_43_19,bytes=30;client_id=43;clients=50
1777331074050,PUT,102,4,benchKey_32_19,bytes=30;client_id=32;clients=50
1777331074050,PUT,102,4,benchKey_9_19,bytes=29;client_id=9;clients=50
1777331074057,PUT,101,4,benchKey_10_19,bytes=30;client_id=10;clients=50
1777331074061,PUT,104,4,benchKey_13_19,bytes=30;client_id=13;clients=50
1777331074062,PUT,103,4,benchKey_16_19,bytes=30;client_id=16;clients=50
1777331074063,PUT,103,4,benchKey_5_19,bytes=29;client_id=5;clients=50
1777331074064,PUT,105,4,benchKey_37_19,bytes=30;client_id=37;clients=50
1777331074069,PUT,109,4,benchKey_1_19,bytes=29;client_id=1;clients=50
1777331074071,PUT,109,4,benchKey_33_19,bytes=30;client_id=33;clients=50
1777331074073,PUT,106,4,benchKey_18_20,bytes=30;client_id=18;clients=50
1777331074073,PUT,110,4,benchKey_15_19,bytes=30;client_id=15;clients=50
1777331074073,PUT,105,4,benchKey_4_19,bytes=29;client_id=4;clients=50
1777331074081,PUT,108,4,benchKey_38_19,bytes=30;client_id=38;clients=50
1777331074082,PUT,104,4,benchKey_42_19,bytes=30;client_id=42;clients=50
1777331074083,PUT,104,4,benchKey_39_19,bytes=30;client_id=39;clients=50
1777331074084,PUT,104,4,benchKey_2_19,bytes=29;client_id=2;clients=50
1777331074086,PUT,106,4,benchKey_30_19,bytes=30;client_id=30;clients=50
1777331074087,PUT,102,4,benchKey_11_20,bytes=30;client_id=11;clients=50
1777331074089,PUT,99,4,benchKey_49_20,bytes=30;client_id=49;clients=50
1777331074089,PUT,100,4,benchKey_48_19,bytes=30;client_id=48;clients=50
1777331074092,PUT,102,4,benchKey_23_19,bytes=30;client_id=23;clients=50
1777331074092,PUT,102,4,benchKey_40_19,bytes=30;client_id=40;clients=50
1777331074100,PUT,101,4,benchKey_20_20,bytes=30;client_id=20;clients=50
1777331074104,PUT,103,4,benchKey_14_20,bytes=30;client_id=14;clients=50
1777331074104,PUT,104,4,benchKey_46_20,bytes=30;client_id=46;clients=50
1777331074105,PUT,104,4,benchKey_19_19,bytes=30;client_id=19;clients=50
1777331074106,PUT,103,4,benchKey_36_19,bytes=30;client_id=36;clients=50
1777331074112,PUT,110,4,benchKey_34_19,bytes=30;client_id=34;clients=50
1777331074113,PUT,108,4,benchKey_47_19,bytes=30;client_id=47;clients=50
1777331074115,PUT,106,4,benchKey_44_20,bytes=30;client_id=44;clients=50
1777331074115,PUT,110,4,benchKey_8_20,bytes=29;client_id=8;clients=50
1777331074116,PUT,107,4,benchKey_7_20,bytes=29;client_id=7;clients=50
1777331074124,PUT,110,4,benchKey_29_20,bytes=30;client_id=29;clients=50
1777331074124,PUT,105,4,benchKey_41_20,bytes=30;client_id=41;clients=50
1777331074125,PUT,104,4,benchKey_0_20,bytes=29;client_id=0;clients=50
1777331074125,PUT,103,4,benchKey_17_20,bytes=30;client_id=17;clients=50
1777331074127,PUT,105,4,benchKey_24_20,bytes=30;client_id=24;clients=50
1777331074128,PUT,100,4,benchKey_21_20,bytes=30;client_id=21;clients=50
1777331074130,PUT,100,4,benchKey_31_20,bytes=30;client_id=31;clients=50
1777331074130,PUT,99,4,benchKey_35_20,bytes=30;client_id=35;clients=50
1777331074135,PUT,103,4,benchKey_25_20,bytes=30;client_id=25;clients=50
1777331074135,PUT,102,4,benchKey_27_20,bytes=30;client_id=27;clients=50
1777331074143,PUT,103,4,benchKey_12_20,bytes=30;client_id=12;clients=50
1777331074145,PUT,104,4,benchKey_28_20,bytes=30;client_id=28;clients=50
1777331074145,PUT,103,4,benchKey_6_20,bytes=29;client_id=6;clients=50
1777331074146,PUT,102,4,benchKey_45_20,bytes=30;client_id=45;clients=50
1777331074147,PUT,102,4,benchKey_22_20,bytes=30;client_id=22;clients=50
1777331074155,PUT,110,4,benchKey_3_20,bytes=29;client_id=3;clients=50
1777331074155,PUT,108,4,benchKey_26_20,bytes=30;client_id=26;clients=50
1777331074157,PUT,109,4,benchKey_43_20,bytes=30;client_id=43;clients=50
1777331074157,PUT,106,4,benchKey_32_20,bytes=30;client_id=32;clients=50
1777331074158,PUT,107,4,benchKey_9_20,bytes=29;client_id=9;clients=50
1777331074166,PUT,103,4,benchKey_5_20,bytes=29;client_id=5;clients=50
1777331074166,PUT,108,4,benchKey_10_20,bytes=30;client_id=10;clients=50
1777331074166,PUT,103,4,benchKey_16_20,bytes=30;client_id=16;clients=50
1777331074167,PUT,105,4,benchKey_13_20,bytes=30;client_id=13;clients=50
1777331074168,PUT,103,4,benchKey_37_20,bytes=30;client_id=37;clients=50
1777331074171,PUT,101,4,benchKey_1_20,bytes=29;client_id=1;clients=50
1777331074172,PUT,98,4,benchKey_18_21,bytes=30;client_id=18;clients=50
1777331074172,PUT,100,4,benchKey_33_20,bytes=30;client_id=33;clients=50
1777331074178,PUT,104,4,benchKey_4_20,bytes=29;client_id=4;clients=50
1777331074178,PUT,104,4,benchKey_15_20,bytes=30;client_id=15;clients=50
1777331074185,PUT,103,4,benchKey_38_20,bytes=30;client_id=38;clients=50
1777331074186,PUT,104,4,benchKey_42_20,bytes=30;client_id=42;clients=50
1777331074187,PUT,103,4,benchKey_2_20,bytes=29;client_id=2;clients=50
1777331074187,PUT,104,4,benchKey_39_20,bytes=30;client_id=39;clients=50
1777331074188,PUT,101,4,benchKey_30_20,bytes=30;client_id=30;clients=50
1777331074198,PUT,109,4,benchKey_49_21,bytes=30;client_id=49;clients=50
1777331074198,PUT,111,4,benchKey_11_21,bytes=30;client_id=11;clients=50
1777331074200,PUT,111,4,benchKey_48_20,bytes=30;client_id=48;clients=50
1777331074200,PUT,108,4,benchKey_23_20,bytes=30;client_id=23;clients=50
1777331074201,PUT,108,4,benchKey_40_20,bytes=30;client_id=40;clients=50
1777331074208,PUT,107,4,benchKey_20_21,bytes=30;client_id=20;clients=50
1777331074208,PUT,104,4,benchKey_46_21,bytes=30;client_id=46;clients=50
1777331074208,PUT,104,4,benchKey_14_21,bytes=30;client_id=14;clients=50
1777331074208,PUT,103,4,benchKey_19_20,bytes=30;client_id=19;clients=50
1777331074209,PUT,103,4,benchKey_36_20,bytes=30;client_id=36;clients=50
1777331074213,PUT,100,4,benchKey_34_20,bytes=30;client_id=34;clients=50
1777331074214,PUT,100,4,benchKey_47_20,bytes=30;client_id=47;clients=50
1777331074215,PUT,99,4,benchKey_44_21,bytes=30;client_id=44;clients=50
1777331074220,PUT,104,4,benchKey_7_21,bytes=29;client_id=7;clients=50
1777331074221,PUT,105,4,benchKey_8_21,bytes=29;client_id=8;clients=50
1777331074227,PUT,102,4,benchKey_41_21,bytes=30;client_id=41;clients=50
1777331074227,PUT,102,4,benchKey_29_21,bytes=30;client_id=29;clients=50
1777331074229,PUT,101,4,benchKey_24_21,bytes=30;client_id=24;clients=50
1777331074229,PUT,104,4,benchKey_17_21,bytes=30;client_id=17;clients=50
1777331074229,PUT,104,4,benchKey_0_21,bytes=29;client_id=0;clients=50
1777331074240,PUT,109,4,benchKey_35_21,bytes=30;client_id=35;clients=50
1777331074241,PUT,112,4,benchKey_21_21,bytes=30;client_id=21;clients=50
1777331074242,PUT,106,4,benchKey_25_21,bytes=30;client_id=25;clients=50
1777331074242,PUT,111,4,benchKey_31_21,bytes=30;client_id=31;clients=50
1777331074243,PUT,107,4,benchKey_27_21,bytes=30;client_id=27;clients=50
1777331074250,PUT,105,4,benchKey_28_21,bytes=30;client_id=28;clients=50
1777331074251,PUT,104,4,benchKey_22_21,bytes=30;client_id=22;clients=50
1777331074251,PUT,105,4,benchKey_45_21,bytes=30;client_id=45;clients=50
1777331074251,PUT,106,4,benchKey_6_21,bytes=29;client_id=6;clients=50
1777331074251,PUT,108,4,benchKey_12_21,bytes=30;client_id=12;clients=50
1777331074254,PUT,98,4,benchKey_3_21,bytes=29;client_id=3;clients=50
1777331074255,PUT,99,4,benchKey_26_21,bytes=30;client_id=26;clients=50
1777331074257,PUT,99,4,benchKey_43_21,bytes=30;client_id=43;clients=50
1777331074264,PUT,106,4,benchKey_32_21,bytes=30;client_id=32;clients=50
1777331074264,PUT,106,4,benchKey_9_21,bytes=29;client_id=9;clients=50
1777331074269,PUT,102,4,benchKey_10_21,bytes=30;client_id=10;clients=50
1777331074269,PUT,102,4,benchKey_5_21,bytes=29;client_id=5;clients=50
1777331074271,PUT,103,4,benchKey_13_21,bytes=30;client_id=13;clients=50
1777331074272,PUT,104,4,benchKey_37_21,bytes=30;client_id=37;clients=50
1777331074272,PUT,105,4,benchKey_16_21,bytes=30;client_id=16;clients=50
1777331074283,PUT,112,4,benchKey_1_21,bytes=29;client_id=1;clients=50
1777331074283,PUT,111,4,benchKey_18_22,bytes=30;client_id=18;clients=50
1777331074284,PUT,112,4,benchKey_33_21,bytes=30;client_id=33;clients=50
1777331074284,PUT,105,4,benchKey_15_21,bytes=30;client_id=15;clients=50
1777331074284,PUT,106,4,benchKey_4_21,bytes=29;client_id=4;clients=50
1777331074292,PUT,106,4,benchKey_38_21,bytes=30;client_id=38;clients=50
1777331074293,PUT,105,4,benchKey_39_21,bytes=30;client_id=39;clients=50
1777331074293,PUT,104,4,benchKey_30_21,bytes=30;client_id=30;clients=50
1777331074294,PUT,107,4,benchKey_42_21,bytes=30;client_id=42;clients=50
1777331074294,PUT,106,4,benchKey_2_21,bytes=29;client_id=2;clients=50
1777331074296,PUT,97,4,benchKey_49_22,bytes=30;client_id=49;clients=50
1777331074297,PUT,98,4,benchKey_11_22,bytes=30;client_id=11;clients=50
1777331074298,PUT,97,4,benchKey_48_21,bytes=30;client_id=48;clients=50
1777331074306,PUT,105,4,benchKey_40_21,bytes=30;client_id=40;clients=50
1777331074306,PUT,105,4,benchKey_23_21,bytes=30;client_id=23;clients=50
1777331074311,PUT,102,4,benchKey_20_22,bytes=30;client_id=20;clients=50
1777331074311,PUT,102,4,benchKey_46_22,bytes=30;client_id=46;clients=50
1777331074312,PUT,103,4,benchKey_14_22,bytes=30;client_id=14;clients=50
1777331074313,PUT,103,4,benchKey_36_21,bytes=30;client_id=36;clients=50
1777331074313,PUT,104,4,benchKey_19_21,bytes=30;client_id=19;clients=50
1777331074326,PUT,105,4,benchKey_8_22,bytes=29;client_id=8;clients=50
1777331074326,PUT,106,4,benchKey_7_22,bytes=29;client_id=7;clients=50
1777331074327,PUT,113,4,benchKey_34_21,bytes=30;client_id=34;clients=50
1777331074327,PUT,112,4,benchKey_47_21,bytes=30;client_id=47;clients=50
1777331074327,PUT,112,4,benchKey_44_22,bytes=30;client_id=44;clients=50
1777331074334,PUT,106,4,benchKey_29_22,bytes=30;client_id=29;clients=50
1777331074334,PUT,106,4,benchKey_41_22,bytes=30;client_id=41;clients=50
1777331074334,PUT,105,4,benchKey_0_22,bytes=29;client_id=0;clients=50
1777331074336,PUT,106,4,benchKey_24_22,bytes=30;client_id=24;clients=50
1777331074336,PUT,107,4,benchKey_17_22,bytes=30;client_id=17;clients=50
1777331074337,PUT,96,4,benchKey_35_22,bytes=30;client_id=35;clients=50
1777331074338,PUT,96,4,benchKey_21_22,bytes=30;client_id=21;clients=50
1777331074340,PUT,98,4,benchKey_25_22,bytes=30;client_id=25;clients=50
1777331074348,PUT,105,4,benchKey_27_22,bytes=30;client_id=27;clients=50
1777331074348,PUT,106,4,benchKey_31_22,bytes=30;client_id=31;clients=50
1777331074353,PUT,101,4,benchKey_45_22,bytes=30;client_id=45;clients=50
1777331074354,PUT,102,4,benchKey_22_22,bytes=30;client_id=22;clients=50
1777331074354,PUT,103,4,benchKey_28_22,bytes=30;client_id=28;clients=50
1777331074355,PUT,103,4,benchKey_6_22,bytes=29;client_id=6;clients=50
1777331074355,PUT,103,4,benchKey_12_22,bytes=30;client_id=12;clients=50
1777331074368,PUT,113,4,benchKey_26_22,bytes=30;client_id=26;clients=50
1777331074368,PUT,114,4,benchKey_3_22,bytes=29;client_id=3;clients=50
1777331074369,PUT,104,4,benchKey_9_22,bytes=29;client_id=9;clients=50
1777331074369,PUT,112,4,benchKey_43_22,bytes=30;client_id=43;clients=50
1777331074369,PUT,105,4,benchKey_32_22,bytes=30;client_id=32;clients=50
1777331074376,PUT,105,4,benchKey_13_22,bytes=30;client_id=13;clients=50
1777331074376,PUT,106,4,benchKey_5_22,bytes=29;client_id=5;clients=50
1777331074376,PUT,107,4,benchKey_10_22,bytes=30;client_id=10;clients=50
1777331074378,PUT,94,4,benchKey_1_22,bytes=29;client_id=1;clients=50
1777331074378,PUT,105,4,benchKey_37_22,bytes=30;client_id=37;clients=50
1777331074379,PUT,106,4,benchKey_16_22,bytes=30;client_id=16;clients=50
1777331074379,PUT,95,4,benchKey_18_23,bytes=30;client_id=18;clients=50
1777331074382,PUT,97,4,benchKey_33_22,bytes=30;client_id=33;clients=50
1777331074390,PUT,105,4,benchKey_15_22,bytes=30;client_id=15;clients=50
1777331074391,PUT,106,4,benchKey_4_22,bytes=29;client_id=4;clients=50
1777331074396,PUT,104,4,benchKey_38_22,bytes=30;client_id=38;clients=50
1777331074397,PUT,103,4,benchKey_30_22,bytes=30;client_id=30;clients=50
1777331074397,PUT,103,4,benchKey_42_22,bytes=30;client_id=42;clients=50
1777331074397,PUT,102,4,benchKey_2_22,bytes=29;client_id=2;clients=50
1777331074397,PUT,104,4,benchKey_39_22,bytes=30;client_id=39;clients=50
1777331074410,PUT,112,4,benchKey_48_22,bytes=30;client_id=48;clients=50
1777331074411,PUT,105,4,benchKey_23_22,bytes=30;client_id=23;clients=50
1777331074412,PUT,106,4,benchKey_40_22,bytes=30;client_id=40;clients=50
1777331074412,PUT,115,4,benchKey_11_23,bytes=30;client_id=11;clients=50
1777331074412,PUT,116,4,benchKey_49_23,bytes=30;client_id=49;clients=50
1777331074418,PUT,107,4,benchKey_46_23,bytes=30;client_id=46;clients=50
1777331074419,PUT,107,4,benchKey_14_23,bytes=30;client_id=14;clients=50
1777331074419,PUT,106,4,benchKey_19_22,bytes=30;client_id=19;clients=50
1777331074419,PUT,108,4,benchKey_20_23,bytes=30;client_id=20;clients=50
1777331074419,PUT,106,4,benchKey_36_22,bytes=30;client_id=36;clients=50
1777331074421,PUT,94,4,benchKey_8_23,bytes=29;client_id=8;clients=50
1777331074421,PUT,94,4,benchKey_7_23,bytes=29;client_id=7;clients=50
1777331074424,PUT,97,4,benchKey_34_22,bytes=30;client_id=34;clients=50
1777331074433,PUT,105,4,benchKey_44_23,bytes=30;client_id=44;clients=50
1777331074433,PUT,106,4,benchKey_47_22,bytes=30;client_id=47;clients=50
1777331074438,PUT,103,4,benchKey_29_23,bytes=30;client_id=29;clients=50
1777331074438,PUT,102,4,benchKey_24_23,bytes=30;client_id=24;clients=50
1777331074438,PUT,103,4,benchKey_41_23,bytes=30;client_id=41;clients=50
1777331074439,PUT,102,4,benchKey_17_23,bytes=30;client_id=17;clients=50
1777331074439,PUT,104,4,benchKey_0_23,bytes=29;client_id=0;clients=50
1777331074454,PUT,115,4,benchKey_21_23,bytes=30;client_id=21;clients=50
1777331074454,PUT,116,4,benchKey_35_23,bytes=30;client_id=35;clients=50
1777331074455,PUT,106,4,benchKey_27_23,bytes=30;client_id=27;clients=50
1777331074456,PUT,107,4,benchKey_31_23,bytes=30;client_id=31;clients=50
1777331074456,PUT,115,4,benchKey_25_23,bytes=30;client_id=25;clients=50
1777331074462,PUT,108,4,benchKey_45_23,bytes=30;client_id=45;clients=50
1777331074463,PUT,108,4,benchKey_22_23,bytes=30;client_id=22;clients=50
1777331074463,PUT,107,4,benchKey_12_23,bytes=30;client_id=12;clients=50
1777331074463,PUT,95,4,benchKey_26_23,bytes=30;client_id=26;clients=50
1777331074464,PUT,108,4,benchKey_6_23,bytes=29;client_id=6;clients=50
1777331074464,PUT,95,4,benchKey_3_23,bytes=29;client_id=3;clients=50
1777331074465,PUT,110,4,benchKey_28_23,bytes=30;client_id=28;clients=50
1777331074466,PUT,97,4,benchKey_9_23,bytes=29;client_id=9;clients=50
1777331074475,PUT,105,4,benchKey_32_23,bytes=30;client_id=32;clients=50
1777331074475,PUT,105,4,benchKey_43_23,bytes=30;client_id=43;clients=50
1777331074480,PUT,102,4,benchKey_10_23,bytes=30;client_id=10;clients=50
1777331074480,PUT,103,4,benchKey_13_23,bytes=30;client_id=13;clients=50
1777331074480,PUT,104,4,benchKey_5_23,bytes=29;client_id=5;clients=50
1777331074481,PUT,102,4,benchKey_37_23,bytes=30;client_id=37;clients=50
1777331074481,PUT,102,4,benchKey_1_23,bytes=29;client_id=1;clients=50
1777331074496,PUT,117,4,benchKey_18_24,bytes=30;client_id=18;clients=50
1777331074497,PUT,107,4,benchKey_15_23,bytes=30;client_id=15;clients=50
1777331074497,PUT,115,4,benchKey_33_23,bytes=30;client_id=33;clients=50
1777331074497,PUT,118,4,benchKey_16_23,bytes=30;client_id=16;clients=50
1777331074499,PUT,108,4,benchKey_4_23,bytes=29;client_id=4;clients=50
1777331074503,PUT,106,4,benchKey_38_23,bytes=30;client_id=38;clients=50
1777331074505,PUT,108,4,benchKey_2_23,bytes=29;client_id=2;clients=50
1777331074506,PUT,95,4,benchKey_48_23,bytes=30;client_id=48;clients=50
1777331074506,PUT,109,4,benchKey_42_23,bytes=30;client_id=42;clients=50
1777331074506,PUT,109,4,benchKey_39_23,bytes=30;client_id=39;clients=50
1777331074507,PUT,109,4,benchKey_30_23,bytes=30;client_id=30;clients=50
1777331074507,PUT,95,4,benchKey_23_23,bytes=30;client_id=23;clients=50
1777331074509,PUT,96,4,benchKey_40_23,bytes=30;client_id=40;clients=50
1777331074516,PUT,103,4,benchKey_11_24,bytes=30;client_id=11;clients=50
1777331074517,PUT,104,4,benchKey_49_24,bytes=30;client_id=49;clients=50
1777331074523,PUT,103,4,benchKey_14_24,bytes=30;client_id=14;clients=50
1777331074523,PUT,103,4,benchKey_36_23,bytes=30;client_id=36;clients=50
1777331074523,PUT,103,4,benchKey_19_23,bytes=30;client_id=19;clients=50
1777331074523,PUT,103,4,benchKey_20_24,bytes=30;client_id=20;clients=50
1777331074523,PUT,105,4,benchKey_46_24,bytes=30;client_id=46;clients=50
1777331074539,PUT,118,4,benchKey_7_24,bytes=29;client_id=7;clients=50
1777331074539,PUT,106,4,benchKey_47_23,bytes=30;client_id=47;clients=50
1777331074539,PUT,118,4,benchKey_8_24,bytes=29;client_id=8;clients=50
1777331074540,PUT,115,4,benchKey_34_23,bytes=30;client_id=34;clients=50
1777331074542,PUT,109,4,benchKey_44_24,bytes=30;client_id=44;clients=50
1777331074546,PUT,108,4,benchKey_29_24,bytes=30;client_id=29;clients=50
1777331074548,PUT,109,4,benchKey_17_24,bytes=30;client_id=17;clients=50
1777331074548,PUT,94,4,benchKey_21_24,bytes=30;client_id=21;clients=50
1777331074548,PUT,109,4,benchKey_24_24,bytes=30;client_id=24;clients=50
1777331074548,PUT,109,4,benchKey_0_24,bytes=29;client_id=0;clients=50
1777331074548,PUT,110,4,benchKey_41_24,bytes=30;client_id=41;clients=50
1777331074549,PUT,94,4,benchKey_35_24,bytes=30;client_id=35;clients=50
1777331074551,PUT,96,4,benchKey_27_24,bytes=30;client_id=27;clients=50
1777331074558,PUT,102,4,benchKey_31_24,bytes=30;client_id=31;clients=50
1777331074558,PUT,102,4,benchKey_25_24,bytes=30;client_id=25;clients=50
1777331074565,PUT,102,4,benchKey_12_24,bytes=30;client_id=12;clients=50
1777331074565,PUT,103,4,benchKey_45_24,bytes=30;client_id=45;clients=50
1777331074565,PUT,101,4,benchKey_6_24,bytes=29;client_id=6;clients=50
1777331074566,PUT,103,4,benchKey_22_24,bytes=30;client_id=22;clients=50
1777331074566,PUT,102,4,benchKey_26_24,bytes=30;client_id=26;clients=50
1777331074582,PUT,115,4,benchKey_9_24,bytes=29;client_id=9;clients=50
1777331074582,PUT,107,4,benchKey_32_24,bytes=30;client_id=32;clients=50
1777331074582,PUT,118,4,benchKey_3_24,bytes=29;client_id=3;clients=50
1777331074582,PUT,117,4,benchKey_28_24,bytes=30;client_id=28;clients=50
1777331074585,PUT,110,4,benchKey_43_24,bytes=30;client_id=43;clients=50
1777331074588,PUT,108,4,benchKey_10_24,bytes=30;client_id=10;clients=50
1777331074590,PUT,109,4,benchKey_1_24,bytes=29;client_id=1;clients=50
1777331074590,PUT,92,4,benchKey_15_24,bytes=30;client_id=15;clients=50
1777331074590,PUT,109,4,benchKey_37_24,bytes=30;client_id=37;clients=50
1777331074590,PUT,93,4,benchKey_18_25,bytes=30;client_id=18;clients=50
1777331074590,PUT,109,4,benchKey_13_24,bytes=30;client_id=13;clients=50
1777331074590,PUT,109,4,benchKey_5_24,bytes=29;client_id=5;clients=50
1777331074593,PUT,95,4,benchKey_16_24,bytes=30;client_id=16;clients=50
1777331074601,PUT,101,4,benchKey_4_24,bytes=29;client_id=4;clients=50
1777331074601,PUT,103,4,benchKey_33_24,bytes=30;client_id=33;clients=50
1777331074608,PUT,101,4,benchKey_39_24,bytes=30;client_id=39;clients=50
1777331074608,PUT,101,4,benchKey_42_24,bytes=30;client_id=42;clients=50
1777331074608,PUT,101,4,benchKey_48_24,bytes=30;client_id=48;clients=50
1777331074608,PUT,103,4,benchKey_2_24,bytes=29;client_id=2;clients=50
1777331074608,PUT,104,4,benchKey_38_24,bytes=30;client_id=38;clients=50
1777331074624,PUT,117,4,benchKey_30_24,bytes=30;client_id=30;clients=50
1777331074624,PUT,107,4,benchKey_11_25,bytes=30;client_id=11;clients=50
1777331074625,PUT,117,4,benchKey_23_24,bytes=30;client_id=23;clients=50
1777331074625,PUT,116,4,benchKey_40_24,bytes=30;client_id=40;clients=50
1777331074627,PUT,109,4,benchKey_49_25,bytes=30;client_id=49;clients=50
1777331074630,PUT,106,4,benchKey_14_25,bytes=30;client_id=14;clients=50
1777331074632,PUT,92,4,benchKey_47_24,bytes=30;client_id=47;clients=50
1777331074633,PUT,109,4,benchKey_19_24,bytes=30;client_id=19;clients=50
1777331074633,PUT,109,4,benchKey_20_25,bytes=30;client_id=20;clients=50
1777331074632,PUT,108,4,benchKey_46_25,bytes=30;client_id=46;clients=50
1777331074632,PUT,109,4,benchKey_36_24,bytes=30;client_id=36;clients=50
1777331074632,PUT,93,4,benchKey_7_25,bytes=29;client_id=7;clients=50
1777331074636,PUT,96,4,benchKey_8_25,bytes=29;client_id=8;clients=50
1777331074643,PUT,100,4,benchKey_44_25,bytes=30;client_id=44;clients=50
1777331074644,PUT,103,4,benchKey_34_24,bytes=30;client_id=34;clients=50
1777331074650,PUT,101,4,benchKey_21_25,bytes=30;client_id=21;clients=50
1777331074650,PUT,102,4,benchKey_17_25,bytes=30;client_id=17;clients=50
1777331074650,PUT,104,4,benchKey_29_25,bytes=30;client_id=29;clients=50
1777331074651,PUT,102,4,benchKey_0_25,bytes=29;client_id=0;clients=50
1777331074651,PUT,102,4,benchKey_24_25,bytes=30;client_id=24;clients=50
1777331074666,PUT,115,4,benchKey_27_25,bytes=30;client_id=27;clients=50
1777331074666,PUT,117,4,benchKey_35_25,bytes=30;client_id=35;clients=50
1777331074667,PUT,108,4,benchKey_31_25,bytes=30;client_id=31;clients=50
1777331074667,PUT,118,4,benchKey_41_25,bytes=30;client_id=41;clients=50
1777331074668,PUT,109,4,benchKey_25_25,bytes=30;client_id=25;clients=50
1777331074671,PUT,105,4,benchKey_12_25,bytes=30;client_id=12;clients=50
1777331074674,PUT,91,4,benchKey_9_25,bytes=29;client_id=9;clients=50
1777331074674,PUT,108,4,benchKey_45_25,bytes=30;client_id=45;clients=50
1777331074674,PUT,108,4,benchKey_6_25,bytes=29;client_id=6;clients=50
1777331074675,PUT,108,4,benchKey_22_25,bytes=30;client_id=22;clients=50
1777331074675,PUT,108,4,benchKey_26_25,bytes=30;client_id=26;clients=50
1777331074676,PUT,93,4,benchKey_32_25,bytes=30;client_id=32;clients=50
1777331074679,PUT,96,4,benchKey_3_25,bytes=29;client_id=3;clients=50
1777331074685,PUT,102,4,benchKey_28_25,bytes=30;client_id=28;clients=50
1777331074686,PUT,100,4,benchKey_43_25,bytes=30;client_id=43;clients=50
1777331074692,PUT,102,4,benchKey_1_25,bytes=29;client_id=1;clients=50
1777331074692,PUT,101,4,benchKey_37_25,bytes=30;client_id=37;clients=50
1777331074693,PUT,104,4,benchKey_10_25,bytes=30;client_id=10;clients=50
1777331074693,PUT,102,4,benchKey_18_26,bytes=30;client_id=18;clients=50
1777331074693,PUT,103,4,benchKey_15_25,bytes=30;client_id=15;clients=50
1777331074708,PUT,117,4,benchKey_5_25,bytes=29;client_id=5;clients=50
1777331074708,PUT,117,4,benchKey_13_25,bytes=30;client_id=13;clients=50
1777331074709,PUT,115,4,benchKey_16_25,bytes=30;client_id=16;clients=50
1777331074709,PUT,107,4,benchKey_4_25,bytes=29;client_id=4;clients=50
1777331074709,PUT,108,4,benchKey_33_25,bytes=30;client_id=33;clients=50
1777331074712,PUT,103,4,benchKey_39_25,bytes=30;client_id=39;clients=50
1777331074716,PUT,107,4,benchKey_38_25,bytes=30;client_id=38;clients=50
1777331074717,PUT,108,4,benchKey_42_25,bytes=30;client_id=42;clients=50
1777331074717,PUT,108,4,benchKey_2_25,bytes=29;client_id=2;clients=50
1777331074717,PUT,108,4,benchKey_48_25,bytes=30;client_id=48;clients=50
1777331074717,PUT,93,4,benchKey_30_25,bytes=30;client_id=30;clients=50
1777331074718,PUT,93,4,benchKey_11_26,bytes=30;client_id=11;clients=50
1777331074722,PUT,97,4,benchKey_23_25,bytes=30;client_id=23;clients=50
1777331074727,PUT,101,4,benchKey_40_25,bytes=30;client_id=40;clients=50
1777331074727,PUT,100,4,benchKey_49_26,bytes=30;client_id=49;clients=50
1777331074735,PUT,105,4,benchKey_14_26,bytes=30;client_id=14;clients=50
1777331074735,PUT,102,4,benchKey_47_25,bytes=30;client_id=47;clients=50
1777331074735,PUT,102,4,benchKey_20_26,bytes=30;client_id=20;clients=50
1777331074735,PUT,102,4,benchKey_19_25,bytes=30;client_id=19;clients=50
1777331074736,PUT,103,4,benchKey_46_26,bytes=30;client_id=46;clients=50
1777331074750,PUT,117,4,benchKey_36_25,bytes=30;client_id=36;clients=50
1777331074750,PUT,117,4,benchKey_7_26,bytes=29;client_id=7;clients=50
1777331074751,PUT,107,4,benchKey_44_26,bytes=30;client_id=44;clients=50
1777331074751,PUT,107,4,benchKey_34_25,bytes=30;client_id=34;clients=50
1777331074752,PUT,115,4,benchKey_8_26,bytes=29;client_id=8;clients=50
1777331074754,PUT,103,4,benchKey_21_26,bytes=30;client_id=21;clients=50
1777331074758,PUT,107,4,benchKey_17_26,bytes=30;client_id=17;clients=50
1777331074759,PUT,107,4,benchKey_0_26,bytes=29;client_id=0;clients=50
1777331074759,PUT,92,4,benchKey_35_26,bytes=30;client_id=35;clients=50
1777331074760,PUT,109,4,benchKey_29_26,bytes=30;client_id=29;clients=50
1777331074760,PUT,108,4,benchKey_24_26,bytes=30;client_id=24;clients=50
1777331074760,PUT,93,4,benchKey_27_26,bytes=30;client_id=27;clients=50
1777331074765,PUT,97,4,benchKey_31_26,bytes=30;client_id=31;clients=50
1777331074769,PUT,101,4,benchKey_25_26,bytes=30;client_id=25;clients=50
1777331074770,PUT,102,4,benchKey_41_26,bytes=30;client_id=41;clients=50
1777331074777,PUT,106,4,benchKey_12_26,bytes=30;client_id=12;clients=50
1777331074777,PUT,103,4,benchKey_9_26,bytes=29;client_id=9;clients=50
1777331074777,PUT,102,4,benchKey_6_26,bytes=29;client_id=6;clients=50
1777331074777,PUT,102,4,benchKey_22_26,bytes=30;client_id=22;clients=50
1777331074778,PUT,103,4,benchKey_45_26,bytes=30;client_id=45;clients=50
1777331074792,PUT,116,4,benchKey_32_26,bytes=30;client_id=32;clients=50
1777331074792,PUT,117,4,benchKey_26_26,bytes=30;client_id=26;clients=50
1777331074793,PUT,113,4,benchKey_3_26,bytes=29;client_id=3;clients=50
1777331074793,PUT,107,4,benchKey_28_26,bytes=30;client_id=28;clients=50
1777331074793,PUT,75,4,benchKey_11_27,bytes=30;client_id=11;clients=50
1777331074794,PUT,107,4,benchKey_43_26,bytes=30;client_id=43;clients=50
1777331074796,PUT,103,4,benchKey_1_26,bytes=29;client_id=1;clients=50
1777331074801,PUT,107,4,benchKey_15_26,bytes=30;client_id=15;clients=50
1777331074801,PUT,107,4,benchKey_10_26,bytes=30;client_id=10;clients=50
1777331074801,PUT,107,4,benchKey_18_27,bytes=30;client_id=18;clients=50
1777331074802,PUT,93,4,benchKey_13_26,bytes=30;client_id=13;clients=50
1777331074803,PUT,94,4,benchKey_5_26,bytes=29;client_id=5;clients=50
1777331074803,PUT,110,4,benchKey_37_26,bytes=30;client_id=37;clients=50
1777331074808,PUT,98,4,benchKey_16_26,bytes=30;client_id=16;clients=50
1777331074812,PUT,102,4,benchKey_33_26,bytes=30;client_id=33;clients=50
1777331074812,PUT,103,4,benchKey_4_26,bytes=29;client_id=4;clients=50
1777331074819,PUT,103,4,benchKey_38_26,bytes=30;client_id=38;clients=50
1777331074819,PUT,102,4,benchKey_2_26,bytes=29;client_id=2;clients=50
1777331074819,PUT,102,4,benchKey_42_26,bytes=30;client_id=42;clients=50
1777331074820,PUT,107,4,benchKey_39_26,bytes=30;client_id=39;clients=50
1777331074821,PUT,103,4,benchKey_48_26,bytes=30;client_id=48;clients=50
1777331074834,PUT,116,4,benchKey_30_26,bytes=30;client_id=30;clients=50
1777331074835,PUT,99,4,benchKey_14_27,bytes=30;client_id=14;clients=50
1777331074836,PUT,108,4,benchKey_49_27,bytes=30;client_id=49;clients=50
1777331074836,PUT,108,4,benchKey_40_26,bytes=30;client_id=40;clients=50
1777331074836,PUT,113,4,benchKey_23_26,bytes=30;client_id=23;clients=50
1777331074838,PUT,102,4,benchKey_47_26,bytes=30;client_id=47;clients=50
1777331074844,PUT,108,4,benchKey_46_27,bytes=30;client_id=46;clients=50
1777331074844,PUT,108,4,benchKey_20_27,bytes=30;client_id=20;clients=50
1777331074844,PUT,93,4,benchKey_7_27,bytes=29;client_id=7;clients=50
1777331074844,PUT,109,4,benchKey_19_26,bytes=30;client_id=19;clients=50
1777331074846,PUT,95,4,benchKey_36_26,bytes=30;client_id=36;clients=50
1777331074846,PUT,95,4,benchKey_44_27,bytes=30;client_id=44;clients=50
1777331074850,PUT,99,4,benchKey_34_26,bytes=30;client_id=34;clients=50
1777331074855,PUT,101,4,benchKey_21_27,bytes=30;client_id=21;clients=50
1777331074855,PUT,102,4,benchKey_8_27,bytes=29;client_id=8;clients=50
1777331074861,PUT,102,4,benchKey_0_27,bytes=29;client_id=0;clients=50
1777331074861,PUT,101,4,benchKey_35_27,bytes=30;client_id=35;clients=50
1777331074861,PUT,101,4,benchKey_29_27,bytes=30;client_id=29;clients=50
1777331074862,PUT,103,4,benchKey_17_27,bytes=30;client_id=17;clients=50
1777331074862,PUT,101,4,benchKey_24_27,bytes=30;client_id=24;clients=50
1777331074876,PUT,115,4,benchKey_27_27,bytes=30;client_id=27;clients=50
1777331074877,PUT,107,4,benchKey_25_27,bytes=30;client_id=25;clients=50
1777331074877,PUT,111,4,benchKey_31_27,bytes=30;client_id=31;clients=50
1777331074878,PUT,107,4,benchKey_41_27,bytes=30;client_id=41;clients=50
1777331074878,PUT,100,4,benchKey_12_27,bytes=30;client_id=12;clients=50
1777331074880,PUT,102,4,benchKey_9_27,bytes=29;client_id=9;clients=50
1777331074886,PUT,93,4,benchKey_26_27,bytes=30;client_id=26;clients=50
1777331074887,PUT,94,4,benchKey_32_27,bytes=30;client_id=32;clients=50
1777331074887,PUT,109,4,benchKey_6_27,bytes=29;client_id=6;clients=50
1777331074887,PUT,108,4,benchKey_45_27,bytes=30;client_id=45;clients=50
1777331074888,PUT,110,4,benchKey_22_27,bytes=30;client_id=22;clients=50
1777331074889,PUT,95,4,benchKey_3_27,bytes=29;client_id=3;clients=50
1777331074893,PUT,100,4,benchKey_28_27,bytes=30;client_id=28;clients=50
1777331074897,PUT,103,4,benchKey_43_27,bytes=30;client_id=43;clients=50
1777331074898,PUT,104,4,benchKey_11_28,bytes=30;client_id=11;clients=50
1777331074904,PUT,107,4,benchKey_1_27,bytes=29;client_id=1;clients=50
1777331074904,PUT,103,4,benchKey_18_28,bytes=30;client_id=18;clients=50
1777331074904,PUT,103,4,benchKey_15_27,bytes=30;client_id=15;clients=50
1777331074904,PUT,102,4,benchKey_10_27,bytes=30;client_id=10;clients=50
1777331074905,PUT,102,4,benchKey_13_27,bytes=30;client_id=13;clients=50
1777331074919,PUT,116,4,benchKey_5_27,bytes=29;client_id=5;clients=50
1777331074919,PUT,116,4,benchKey_37_27,bytes=30;client_id=37;clients=50
1777331074919,PUT,111,4,benchKey_16_27,bytes=30;client_id=16;clients=50
1777331074920,PUT,107,4,benchKey_4_27,bytes=29;client_id=4;clients=50
1777331074920,PUT,107,4,benchKey_33_27,bytes=30;client_id=33;clients=50
1777331074923,PUT,103,4,benchKey_38_27,bytes=30;client_id=38;clients=50
1777331074928,PUT,108,4,benchKey_2_27,bytes=29;client_id=2;clients=50
1777331074929,PUT,109,4,benchKey_39_27,bytes=30;client_id=39;clients=50
1777331074930,PUT,110,4,benchKey_42_27,bytes=30;client_id=42;clients=50
1777331074930,PUT,94,4,benchKey_14_28,bytes=30;client_id=14;clients=50
1777331074931,PUT,109,4,benchKey_48_27,bytes=30;client_id=48;clients=50
1777331074931,PUT,96,4,benchKey_30_27,bytes=30;client_id=30;clients=50
1777331074935,PUT,99,4,benchKey_49_28,bytes=30;client_id=49;clients=50
1777331074940,PUT,104,4,benchKey_23_27,bytes=30;client_id=23;clients=50
1777331074940,PUT,104,4,benchKey_40_27,bytes=30;client_id=40;clients=50
1777331074946,PUT,101,4,benchKey_7_28,bytes=29;client_id=7;clients=50
1777331074946,PUT,101,4,benchKey_46_28,bytes=30;client_id=46;clients=50
1777331074946,PUT,101,4,benchKey_20_28,bytes=30;client_id=20;clients=50
1777331074946,PUT,107,4,benchKey_47_27,bytes=30;client_id=47;clients=50
1777331074947,PUT,102,4,benchKey_19_27,bytes=30;client_id=19;clients=50
1777331074961,PUT,114,4,benchKey_44_28,bytes=30;client_id=44;clients=50
1777331074961,PUT,110,4,benchKey_34_27,bytes=30;client_id=34;clients=50
1777331074961,PUT,115,4,benchKey_36_27,bytes=30;client_id=36;clients=50
1777331074961,PUT,106,4,benchKey_21_28,bytes=30;client_id=21;clients=50
1777331074962,PUT,106,4,benchKey_8_28,bytes=29;client_id=8;clients=50
1777331074964,PUT,102,4,benchKey_35_28,bytes=30;client_id=35;clients=50
1777331074970,PUT,108,4,benchKey_0_28,bytes=29;client_id=0;clients=50
1777331074971,PUT,109,4,benchKey_29_28,bytes=30;client_id=29;clients=50
1777331074971,PUT,108,4,benchKey_17_28,bytes=30;client_id=17;clients=50
1777331074972,PUT,94,4,benchKey_31_28,bytes=30;client_id=31;clients=50
1777331074973,PUT,110,4,benchKey_24_28,bytes=30;client_id=24;clients=50
1777331074973,PUT,96,4,benchKey_27_28,bytes=30;client_id=27;clients=50
1777331074977,PUT,100,4,benchKey_25_28,bytes=30;client_id=25;clients=50
1777331074982,PUT,104,4,benchKey_41_28,bytes=30;client_id=41;clients=50
1777331074982,PUT,103,4,benchKey_12_28,bytes=30;client_id=12;clients=50
1777331074988,PUT,101,4,benchKey_26_28,bytes=30;client_id=26;clients=50
1777331074988,PUT,108,4,benchKey_9_28,bytes=29;client_id=9;clients=50
1777331074988,PUT,100,4,benchKey_6_28,bytes=29;client_id=6;clients=50
1777331074988,PUT,100,4,benchKey_45_28,bytes=30;client_id=45;clients=50
1777331074989,PUT,101,4,benchKey_32_28,bytes=30;client_id=32;clients=50
1777331075003,PUT,109,4,benchKey_28_28,bytes=30;client_id=28;clients=50
1777331075003,PUT,105,4,benchKey_11_29,bytes=30;client_id=11;clients=50
1777331075003,PUT,106,4,benchKey_43_28,bytes=30;client_id=43;clients=50
1777331075003,PUT,114,4,benchKey_3_28,bytes=29;client_id=3;clients=50
1777331075003,PUT,114,4,benchKey_22_28,bytes=30;client_id=22;clients=50
1777331075006,PUT,101,4,benchKey_18_29,bytes=30;client_id=18;clients=50
1777331075012,PUT,107,4,benchKey_15_28,bytes=30;client_id=15;clients=50
1777331075012,PUT,107,4,benchKey_10_28,bytes=30;client_id=10;clients=50
1777331075013,PUT,107,4,benchKey_13_28,bytes=30;client_id=13;clients=50
1777331075013,PUT,108,4,benchKey_1_28,bytes=29;client_id=1;clients=50
1777331075014,PUT,94,4,benchKey_16_28,bytes=30;client_id=16;clients=50
1777331075014,PUT,94,4,benchKey_5_28,bytes=29;client_id=5;clients=50
1777331075019,PUT,99,4,benchKey_37_28,bytes=30;client_id=37;clients=50
1777331075024,PUT,104,4,benchKey_4_28,bytes=29;client_id=4;clients=50
1777331075025,PUT,104,4,benchKey_33_28,bytes=30;client_id=33;clients=50
1777331075030,PUT,101,4,benchKey_39_28,bytes=30;client_id=39;clients=50
1777331075030,PUT,101,4,benchKey_2_28,bytes=29;client_id=2;clients=50
1777331075031,PUT,100,4,benchKey_42_28,bytes=30;client_id=42;clients=50
1777331075031,PUT,100,4,benchKey_14_29,bytes=30;client_id=14;clients=50
1777331075031,PUT,108,4,benchKey_38_28,bytes=30;client_id=38;clients=50
1777331075045,PUT,114,4,benchKey_30_28,bytes=30;client_id=30;clients=50
1777331075045,PUT,114,4,benchKey_48_28,bytes=30;client_id=48;clients=50
1777331075046,PUT,105,4,benchKey_40_28,bytes=30;client_id=40;clients=50
1777331075046,PUT,106,4,benchKey_23_28,bytes=30;client_id=23;clients=50
1777331075047,PUT,111,4,benchKey_49_29,bytes=30;client_id=49;clients=50
1777331075048,PUT,101,4,benchKey_7_29,bytes=29;client_id=7;clients=50
1777331075055,PUT,108,4,benchKey_20_29,bytes=30;client_id=20;clients=50
1777331075055,PUT,108,4,benchKey_47_28,bytes=30;client_id=47;clients=50
1777331075055,PUT,94,4,benchKey_44_29,bytes=30;client_id=44;clients=50
1777331075055,PUT,108,4,benchKey_19_28,bytes=30;client_id=19;clients=50
1777331075055,PUT,108,4,benchKey_46_29,bytes=30;client_id=46;clients=50
1777331075056,PUT,94,4,benchKey_36_28,bytes=30;client_id=36;clients=50
1777331075061,PUT,100,4,benchKey_34_28,bytes=30;client_id=34;clients=50
1777331075066,PUT,104,4,benchKey_21_29,bytes=30;client_id=21;clients=50
1777331075066,PUT,104,4,benchKey_8_29,bytes=29;client_id=8;clients=50
1777331075072,PUT,101,4,benchKey_29_29,bytes=30;client_id=29;clients=50
1777331075072,PUT,102,4,benchKey_0_29,bytes=29;client_id=0;clients=50
1777331075072,PUT,101,4,benchKey_17_29,bytes=30;client_id=17;clients=50
1777331075073,PUT,109,4,benchKey_35_29,bytes=30;client_id=35;clients=50
1777331075073,PUT,101,4,benchKey_31_29,bytes=30;client_id=31;clients=50
1777331075088,PUT,111,4,benchKey_25_29,bytes=30;client_id=25;clients=50
1777331075088,PUT,106,4,benchKey_12_29,bytes=30;client_id=12;clients=50
1777331075088,PUT,115,4,benchKey_27_29,bytes=30;client_id=27;clients=50
1777331075089,PUT,106,4,benchKey_41_29,bytes=30;client_id=41;clients=50
1777331075089,PUT,116,4,benchKey_24_29,bytes=30;client_id=24;clients=50
1777331075090,PUT,101,4,benchKey_9_29,bytes=29;client_id=9;clients=50
1777331075099,PUT,110,4,benchKey_45_29,bytes=30;client_id=45;clients=50
1777331075099,PUT,96,4,benchKey_28_29,bytes=30;client_id=28;clients=50
1777331075099,PUT,110,4,benchKey_26_29,bytes=30;client_id=26;clients=50
1777331075099,PUT,95,4,benchKey_11_30,bytes=30;client_id=11;clients=50
1777331075100,PUT,110,4,benchKey_32_29,bytes=30;client_id=32;clients=50
1777331075099,PUT,111,4,benchKey_6_29,bytes=29;client_id=6;clients=50
1777331075104,PUT,100,4,benchKey_43_29,bytes=30;client_id=43;clients=50
1777331075107,PUT,103,4,benchKey_3_29,bytes=29;client_id=3;clients=50
1777331075109,PUT,105,4,benchKey_22_29,bytes=30;client_id=22;clients=50
1777331075114,PUT,101,4,benchKey_15_29,bytes=30;client_id=15;clients=50
1777331075114,PUT,101,4,benchKey_10_29,bytes=30;client_id=10;clients=50
1777331075115,PUT,101,4,benchKey_1_29,bytes=29;client_id=1;clients=50
1777331075115,PUT,108,4,benchKey_18_30,bytes=30;client_id=18;clients=50
1777331075117,PUT,103,4,benchKey_13_29,bytes=30;client_id=13;clients=50
1777331075130,PUT,116,4,benchKey_5_29,bytes=29;client_id=5;clients=50
1777331075130,PUT,116,4,benchKey_16_29,bytes=30;client_id=16;clients=50
1777331075130,PUT,111,4,benchKey_37_29,bytes=30;client_id=37;clients=50
1777331075131,PUT,106,4,benchKey_4_29,bytes=29;client_id=4;clients=50
1777331075132,PUT,107,4,benchKey_33_29,bytes=30;client_id=33;clients=50
1777331075132,PUT,101,4,benchKey_39_29,bytes=30;client_id=39;clients=50
1777331075140,PUT,109,4,benchKey_2_29,bytes=29;client_id=2;clients=50
1777331075140,PUT,109,4,benchKey_14_30,bytes=30;client_id=14;clients=50
1777331075141,PUT,95,4,benchKey_30_29,bytes=30;client_id=30;clients=50
1777331075141,PUT,110,4,benchKey_42_29,bytes=30;client_id=42;clients=50
1777331075141,PUT,110,4,benchKey_38_29,bytes=30;client_id=38;clients=50
1777331075141,PUT,95,4,benchKey_48_29,bytes=30;client_id=48;clients=50
1777331075146,PUT,99,4,benchKey_40_29,bytes=30;client_id=40;clients=50
1777331075150,PUT,103,4,benchKey_23_29,bytes=30;client_id=23;clients=50
1777331075151,PUT,104,4,benchKey_49_30,bytes=30;client_id=49;clients=50
1777331075156,PUT,108,4,benchKey_7_30,bytes=29;client_id=7;clients=50
1777331075156,PUT,101,4,benchKey_20_30,bytes=30;client_id=20;clients=50
1777331075157,PUT,101,4,benchKey_47_29,bytes=30;client_id=47;clients=50
1777331075157,PUT,102,4,benchKey_44_30,bytes=30;client_id=44;clients=50
1777331075159,PUT,103,4,benchKey_19_29,bytes=30;client_id=19;clients=50
1777331075172,PUT,116,4,benchKey_36_29,bytes=30;client_id=36;clients=50
1777331075173,PUT,111,4,benchKey_34_29,bytes=30;client_id=34;clients=50
1777331075173,PUT,117,4,benchKey_46_30,bytes=30;client_id=46;clients=50
1777331075173,PUT,106,4,benchKey_21_30,bytes=30;client_id=21;clients=50
1777331075174,PUT,107,4,benchKey_8_30,bytes=29;client_id=8;clients=50
1777331075174,PUT,101,4,benchKey_29_30,bytes=30;client_id=29;clients=50
1777331075182,PUT,109,4,benchKey_0_30,bytes=29;client_id=0;clients=50
1777331075183,PUT,110,4,benchKey_17_30,bytes=30;client_id=17;clients=50
1777331075183,PUT,109,4,benchKey_31_30,bytes=30;client_id=31;clients=50
1777331075184,PUT,95,4,benchKey_25_30,bytes=30;client_id=25;clients=50
1777331075184,PUT,95,4,benchKey_27_30,bytes=30;client_id=27;clients=50
1777331075184,PUT,111,4,benchKey_35_30,bytes=30;client_id=35;clients=50
1777331075188,PUT,99,4,benchKey_12_30,bytes=30;client_id=12;clients=50
1777331075193,PUT,103,4,benchKey_41_30,bytes=30;client_id=41;clients=50
1777331075194,PUT,104,4,benchKey_24_30,bytes=30;client_id=24;clients=50
1777331075198,PUT,99,4,benchKey_45_30,bytes=30;client_id=45;clients=50
1777331075198,PUT,108,4,benchKey_9_30,bytes=29;client_id=9;clients=50
1777331075199,PUT,99,4,benchKey_28_30,bytes=30;client_id=28;clients=50
1777331075199,PUT,99,4,benchKey_26_30,bytes=30;client_id=26;clients=50
1777331075201,PUT,101,4,benchKey_11_31,bytes=30;client_id=11;clients=50
1777331075215,PUT,101,4,benchKey_15_30,bytes=30;client_id=15;clients=50
1777331075215,PUT,111,4,benchKey_43_30,bytes=30;client_id=43;clients=50
1777331075215,PUT,115,4,benchKey_6_30,bytes=29;client_id=6;clients=50
1777331075215,PUT,108,4,benchKey_3_30,bytes=29;client_id=3;clients=50
1777331075216,PUT,115,4,benchKey_32_30,bytes=30;client_id=32;clients=50
1777331075216,PUT,107,4,benchKey_22_30,bytes=30;client_id=22;clients=50
1777331075224,PUT,109,4,benchKey_10_30,bytes=30;client_id=10;clients=50
1777331075224,PUT,109,4,benchKey_18_31,bytes=30;client_id=18;clients=50
1777331075225,PUT,107,4,benchKey_13_30,bytes=30;client_id=13;clients=50
1777331075225,PUT,110,4,benchKey_1_30,bytes=29;client_id=1;clients=50
1777331075226,PUT,95,4,benchKey_16_30,bytes=30;client_id=16;clients=50
1777331075226,PUT,95,4,benchKey_5_30,bytes=29;client_id=5;clients=50
1777331075231,PUT,100,4,benchKey_37_30,bytes=30;client_id=37;clients=50
1777331075236,PUT,104,4,benchKey_4_30,bytes=29;client_id=4;clients=50
1777331075236,PUT,103,4,benchKey_33_30,bytes=30;client_id=33;clients=50
1777331075240,PUT,99,4,benchKey_2_30,bytes=29;client_id=2;clients=50
1777331075240,PUT,107,4,benchKey_39_30,bytes=30;client_id=39;clients=50
1777331075241,PUT,99,4,benchKey_30_30,bytes=30;client_id=30;clients=50
1777331075242,PUT,101,4,benchKey_14_31,bytes=30;client_id=14;clients=50
1777331075242,PUT,100,4,benchKey_42_30,bytes=30;client_id=42;clients=50
1777331075257,PUT,116,4,benchKey_38_30,bytes=30;client_id=38;clients=50
1777331075258,PUT,111,4,benchKey_40_30,bytes=30;client_id=40;clients=50
1777331075258,PUT,107,4,benchKey_23_30,bytes=30;client_id=23;clients=50
1777331075259,PUT,116,4,benchKey_48_30,bytes=30;client_id=48;clients=50
1777331075259,PUT,108,4,benchKey_49_31,bytes=30;client_id=49;clients=50
1777331075260,PUT,103,4,benchKey_7_31,bytes=29;client_id=7;clients=50
1777331075267,PUT,110,4,benchKey_20_31,bytes=30;client_id=20;clients=50
1777331075267,PUT,109,4,benchKey_47_30,bytes=30;client_id=47;clients=50
1777331075268,PUT,109,4,benchKey_19_30,bytes=30;client_id=19;clients=50
1777331075269,PUT,95,4,benchKey_34_30,bytes=30;client_id=34;clients=50
1777331075269,PUT,111,4,benchKey_44_31,bytes=30;client_id=44;clients=50
1777331075269,PUT,96,4,benchKey_36_30,bytes=30;client_id=36;clients=50
1777331075274,PUT,101,4,benchKey_46_31,bytes=30;client_id=46;clients=50
1777331075280,PUT,106,4,benchKey_21_31,bytes=30;client_id=21;clients=50
1777331075280,PUT,105,4,benchKey_8_31,bytes=29;client_id=8;clients=50
1777331075283,PUT,99,4,benchKey_17_31,bytes=30;client_id=17;clients=50
1777331075283,PUT,100,4,benchKey_0_31,bytes=29;client_id=0;clients=50
1777331075283,PUT,108,4,benchKey_29_31,bytes=30;client_id=29;clients=50
1777331075284,PUT,100,4,benchKey_25_31,bytes=30;client_id=25;clients=50
1777331075284,PUT,101,4,benchKey_31_31,bytes=30;client_id=31;clients=50
1777331075300,PUT,115,4,benchKey_27_31,bytes=30;client_id=27;clients=50
1777331075301,PUT,116,4,benchKey_35_31,bytes=30;client_id=35;clients=50
1777331075301,PUT,107,4,benchKey_41_31,bytes=30;client_id=41;clients=50
1777331075302,PUT,108,4,benchKey_24_31,bytes=30;client_id=24;clients=50
1777331075303,PUT,104,4,benchKey_45_31,bytes=30;client_id=45;clients=50
1777331075303,PUT,114,4,benchKey_12_31,bytes=30;client_id=12;clients=50
1777331075310,PUT,110,4,benchKey_28_31,bytes=30;client_id=28;clients=50
1777331075311,PUT,109,4,benchKey_11_32,bytes=30;client_id=11;clients=50
1777331075311,PUT,111,4,benchKey_26_31,bytes=30;client_id=26;clients=50
1777331075311,PUT,112,4,benchKey_9_31,bytes=29;client_id=9;clients=50
1777331075312,PUT,97,4,benchKey_43_31,bytes=30;client_id=43;clients=50
1777331075313,PUT,97,4,benchKey_15_31,bytes=30;client_id=15;clients=50
1777331075318,PUT,102,4,benchKey_6_31,bytes=29;client_id=6;clients=50
1777331075323,PUT,106,4,benchKey_32_31,bytes=30;client_id=32;clients=50
1777331075323,PUT,107,4,benchKey_3_31,bytes=29;client_id=3;clients=50
1777331075326,PUT,109,4,benchKey_22_31,bytes=30;client_id=22;clients=50
1777331075326,PUT,101,4,benchKey_10_31,bytes=30;client_id=10;clients=50
1777331075327,PUT,102,4,benchKey_18_32,bytes=30;client_id=18;clients=50
1777331075327,PUT,102,4,benchKey_1_31,bytes=29;client_id=1;clients=50
1777331075327,PUT,102,4,benchKey_13_31,bytes=30;client_id=13;clients=50
1777331075345,PUT,119,4,benchKey_16_31,bytes=30;client_id=16;clients=50
1777331075345,PUT,114,4,benchKey_37_31,bytes=30;client_id=37;clients=50
1777331075345,PUT,118,4,benchKey_5_31,bytes=29;client_id=5;clients=50
1777331075346,PUT,109,4,benchKey_33_31,bytes=30;client_id=33;clients=50
1777331075347,PUT,107,4,benchKey_2_31,bytes=29;client_id=2;clients=50
1777331075349,PUT,112,4,benchKey_4_31,bytes=29;client_id=4;clients=50
1777331075355,PUT,114,4,benchKey_39_31,bytes=30;client_id=39;clients=50
1777331075355,PUT,113,4,benchKey_42_31,bytes=30;client_id=42;clients=50
1777331075355,PUT,113,4,benchKey_14_32,bytes=30;client_id=14;clients=50
1777331075357,PUT,116,4,benchKey_30_31,bytes=30;client_id=30;clients=50
1777331075358,PUT,100,4,benchKey_40_31,bytes=30;client_id=40;clients=50
1777331075359,PUT,100,4,benchKey_38_31,bytes=30;client_id=38;clients=50
1777331075362,PUT,103,4,benchKey_23_31,bytes=30;client_id=23;clients=50
1777331075366,PUT,106,4,benchKey_48_31,bytes=30;client_id=48;clients=50
1777331075367,PUT,107,4,benchKey_49_32,bytes=30;client_id=49;clients=50
1777331075369,PUT,101,4,benchKey_20_32,bytes=30;client_id=20;clients=50
1777331075371,PUT,103,4,benchKey_47_31,bytes=30;client_id=47;clients=50
1777331075372,PUT,103,4,benchKey_19_31,bytes=30;client_id=19;clients=50
1777331075372,PUT,103,4,benchKey_34_31,bytes=30;client_id=34;clients=50
1777331075373,PUT,113,4,benchKey_7_32,bytes=29;client_id=7;clients=50
1777331075389,PUT,114,4,benchKey_46_32,bytes=30;client_id=46;clients=50
1777331075390,PUT,120,4,benchKey_44_32,bytes=30;client_id=44;clients=50
1777331075391,PUT,111,4,benchKey_21_32,bytes=30;client_id=21;clients=50
1777331075391,PUT,122,4,benchKey_36_31,bytes=30;client_id=36;clients=50
1777331075392,PUT,108,4,benchKey_0_32,bytes=29;client_id=0;clients=50
1777331075393,PUT,112,4,benchKey_8_32,bytes=29;client_id=8;clients=50
1777331075399,PUT,115,4,benchKey_29_32,bytes=30;client_id=29;clients=50
1777331075400,PUT,115,4,benchKey_31_32,bytes=30;client_id=31;clients=50
1777331075401,PUT,101,4,benchKey_27_32,bytes=30;client_id=27;clients=50
1777331075401,PUT,118,4,benchKey_17_32,bytes=30;client_id=17;clients=50
1777331075402,PUT,100,4,benchKey_35_32,bytes=30;client_id=35;clients=50
1777331075404,PUT,119,4,benchKey_25_32,bytes=30;client_id=25;clients=50
1777331075405,PUT,103,4,benchKey_41_32,bytes=30;client_id=41;clients=50
1777331075409,PUT,106,4,benchKey_24_32,bytes=30;client_id=24;clients=50
1777331075410,PUT,106,4,benchKey_45_32,bytes=30;client_id=45;clients=50
1777331075413,PUT,109,4,benchKey_12_32,bytes=30;client_id=12;clients=50
1777331075416,PUT,104,4,benchKey_26_32,bytes=30;client_id=26;clients=50
1777331075416,PUT,104,4,benchKey_11_33,bytes=30;client_id=11;clients=50
1777331075418,PUT,106,4,benchKey_9_32,bytes=29;client_id=9;clients=50
1777331075418,PUT,107,4,benchKey_28_32,bytes=30;client_id=28;clients=50
1777331075432,PUT,119,4,benchKey_43_32,bytes=30;client_id=43;clients=50
1777331075433,PUT,120,4,benchKey_15_32,bytes=30;client_id=15;clients=50
1777331075434,PUT,111,4,benchKey_32_32,bytes=30;client_id=32;clients=50
1777331075435,PUT,112,4,benchKey_3_32,bytes=29;client_id=3;clients=50
1777331075436,PUT,109,4,benchKey_22_32,bytes=30;client_id=22;clients=50
1777331075437,PUT,119,4,benchKey_6_32,bytes=29;client_id=6;clients=50
1777331075441,PUT,114,4,benchKey_10_32,bytes=30;client_id=10;clients=50
1777331075443,PUT,115,4,benchKey_18_33,bytes=30;client_id=18;clients=50
1777331075444,PUT,116,4,benchKey_1_32,bytes=29;client_id=1;clients=50
1777331075445,PUT,99,4,benchKey_16_32,bytes=30;client_id=16;clients=50
1777331075445,PUT,117,4,benchKey_13_32,bytes=30;client_id=13;clients=50
1777331075446,PUT,100,4,benchKey_37_32,bytes=30;client_id=37;clients=50
1777331075447,PUT,101,4,benchKey_5_32,bytes=29;client_id=5;clients=50
1777331075451,PUT,104,4,benchKey_33_32,bytes=30;client_id=33;clients=50
1777331075452,PUT,104,4,benchKey_2_32,bytes=29;client_id=2;clients=50
1777331075455,PUT,106,4,benchKey_4_32,bytes=29;client_id=4;clients=50
1777331075459,PUT,103,4,benchKey_39_32,bytes=30;client_id=39;clients=50
1777331075459,PUT,103,4,benchKey_42_32,bytes=30;client_id=42;clients=50
1777331075460,PUT,102,4,benchKey_30_32,bytes=30;client_id=30;clients=50
1777331075460,PUT,104,4,benchKey_14_33,bytes=30;client_id=14;clients=50
1777331075476,PUT,115,4,benchKey_40_32,bytes=30;client_id=40;clients=50
1777331075478,PUT,116,4,benchKey_23_32,bytes=30;client_id=23;clients=50
1777331075479,PUT,118,4,benchKey_38_32,bytes=30;client_id=38;clients=50
1777331075478,PUT,112,4,benchKey_48_32,bytes=30;client_id=48;clients=50
1777331075481,PUT,114,4,benchKey_49_33,bytes=30;client_id=49;clients=50
1777331075481,PUT,112,4,benchKey_20_33,bytes=30;client_id=20;clients=50
1777331075484,PUT,112,4,benchKey_47_32,bytes=30;client_id=47;clients=50
1777331075485,PUT,113,4,benchKey_19_32,bytes=30;client_id=19;clients=50
1777331075487,PUT,114,4,benchKey_34_32,bytes=30;client_id=34;clients=50
1777331075488,PUT,98,4,benchKey_46_33,bytes=30;client_id=46;clients=50
1777331075487,PUT,113,4,benchKey_7_33,bytes=29;client_id=7;clients=50
1777331075489,PUT,98,4,benchKey_44_33,bytes=30;client_id=44;clients=50
1777331075490,PUT,98,4,benchKey_21_33,bytes=30;client_id=21;clients=50
1777331075494,PUT,102,4,benchKey_0_33,bytes=29;client_id=0;clients=50
1777331075495,PUT,103,4,benchKey_36_32,bytes=30;client_id=36;clients=50
1777331075498,PUT,105,4,benchKey_8_33,bytes=29;client_id=8;clients=50
1777331075501,PUT,100,4,benchKey_31_33,bytes=30;client_id=31;clients=50
1777331075502,PUT,103,4,benchKey_29_33,bytes=30;client_id=29;clients=50
1777331075503,PUT,101,4,benchKey_17_33,bytes=30;client_id=17;clients=50
1777331075504,PUT,102,4,benchKey_27_33,bytes=30;client_id=27;clients=50
1777331075520,PUT,117,4,benchKey_35_33,bytes=30;client_id=35;clients=50
1777331075522,PUT,117,4,benchKey_25_33,bytes=30;client_id=25;clients=50
1777331075523,PUT,114,4,benchKey_24_33,bytes=30;client_id=24;clients=50
1777331075523,PUT,118,4,benchKey_41_33,bytes=30;client_id=41;clients=50
1777331075524,PUT,113,4,benchKey_45_33,bytes=30;client_id=45;clients=50
1777331075525,PUT,112,4,benchKey_12_33,bytes=30;client_id=12;clients=50
1777331075527,PUT,110,4,benchKey_26_33,bytes=30;client_id=26;clients=50
1777331075530,PUT,113,4,benchKey_11_34,bytes=30;client_id=11;clients=50
1777331075531,PUT,113,4,benchKey_28_33,bytes=30;client_id=28;clients=50
1777331075534,PUT,102,4,benchKey_43_33,bytes=30;client_id=43;clients=50
1777331075534,PUT,100,4,benchKey_32_33,bytes=30;client_id=32;clients=50
1777331075535,PUT,102,4,benchKey_15_33,bytes=30;client_id=15;clients=50
1777331075535,PUT,117,4,benchKey_9_33,bytes=29;client_id=9;clients=50
1777331075536,PUT,100,4,benchKey_3_33,bytes=29;client_id=3;clients=50
1777331075537,PUT,101,4,benchKey_22_33,bytes=30;client_id=22;clients=50
1777331075541,PUT,104,4,benchKey_6_33,bytes=29;client_id=6;clients=50
1777331075545,PUT,103,4,benchKey_10_33,bytes=30;client_id=10;clients=50
1777331075545,PUT,101,4,benchKey_18_34,bytes=30;client_id=18;clients=50
1777331075547,PUT,103,4,benchKey_1_33,bytes=29;client_id=1;clients=50
1777331075550,PUT,105,4,benchKey_16_33,bytes=30;client_id=16;clients=50
1777331075562,PUT,117,4,benchKey_13_33,bytes=30;client_id=13;clients=50
1777331075565,PUT,114,4,benchKey_33_33,bytes=30;client_id=33;clients=50
1777331075565,PUT,119,4,benchKey_37_33,bytes=30;client_id=37;clients=50
1777331075567,PUT,115,4,benchKey_2_33,bytes=29;client_id=2;clients=50
1777331075567,PUT,120,4,benchKey_5_33,bytes=29;client_id=5;clients=50
1777331075567,PUT,112,4,benchKey_4_33,bytes=29;client_id=4;clients=50
1777331075569,PUT,110,4,benchKey_39_33,bytes=30;client_id=39;clients=50
1777331075572,PUT,113,4,benchKey_42_33,bytes=30;client_id=42;clients=50
1777331075575,PUT,115,4,benchKey_30_33,bytes=30;client_id=30;clients=50
1777331075576,PUT,97,4,benchKey_23_33,bytes=30;client_id=23;clients=50
1777331075578,PUT,117,4,benchKey_14_34,bytes=30;client_id=14;clients=50
1777331075578,PUT,98,4,benchKey_38_33,bytes=30;client_id=38;clients=50
1777331075578,PUT,102,4,benchKey_40_33,bytes=30;client_id=40;clients=50
1777331075579,PUT,99,4,benchKey_48_33,bytes=30;client_id=48;clients=50
1777331075580,PUT,98,4,benchKey_49_34,bytes=30;client_id=49;clients=50
1777331075585,PUT,102,4,benchKey_20_34,bytes=30;client_id=20;clients=50
1777331075588,PUT,104,4,benchKey_47_33,bytes=30;client_id=47;clients=50
1777331075588,PUT,103,4,benchKey_19_33,bytes=30;client_id=19;clients=50
1777331075589,PUT,102,4,benchKey_34_33,bytes=30;client_id=34;clients=50
1777331075594,PUT,106,4,benchKey_46_34,bytes=30;client_id=46;clients=50
1777331075605,PUT,116,4,benchKey_7_34,bytes=29;client_id=7;clients=50
1777331075607,PUT,118,4,benchKey_44_34,bytes=30;client_id=44;clients=50
1777331075607,PUT,117,4,benchKey_21_34,bytes=30;client_id=21;clients=50
1777331075609,PUT,111,4,benchKey_8_34,bytes=29;client_id=8;clients=50
1777331075610,PUT,116,4,benchKey_0_34,bytes=29;client_id=0;clients=50
1777331075611,PUT,116,4,benchKey_36_33,bytes=30;client_id=36;clients=50
1777331075612,PUT,110,4,benchKey_31_34,bytes=30;client_id=31;clients=50
1777331075615,PUT,112,4,benchKey_29_34,bytes=30;client_id=29;clients=50
1777331075617,PUT,113,4,benchKey_17_34,bytes=30;client_id=17;clients=50
1777331075619,PUT,114,4,benchKey_27_34,bytes=30;client_id=27;clients=50
1777331075620,PUT,98,4,benchKey_25_34,bytes=30;client_id=25;clients=50
1777331075621,PUT,101,4,benchKey_35_34,bytes=30;client_id=35;clients=50
1777331075622,PUT,97,4,benchKey_12_34,bytes=30;client_id=12;clients=50
1777331075622,PUT,99,4,benchKey_41_34,bytes=30;client_id=41;clients=50
1777331075622,PUT,99,4,benchKey_24_34,bytes=30;client_id=24;clients=50
1777331075626,PUT,102,4,benchKey_45_34,bytes=30;client_id=45;clients=50
1777331075630,PUT,100,4,benchKey_11_35,bytes=30;client_id=11;clients=50
1777331075630,PUT,103,4,benchKey_26_34,bytes=30;client_id=26;clients=50
1777331075631,PUT,99,4,benchKey_28_34,bytes=30;client_id=28;clients=50
1777331075636,PUT,102,4,benchKey_43_34,bytes=30;client_id=43;clients=50
1777331075646,PUT,111,4,benchKey_32_34,bytes=30;client_id=32;clients=50
1777331075649,PUT,113,4,benchKey_9_34,bytes=29;client_id=9;clients=50
1777331075649,PUT,113,4,benchKey_15_34,bytes=30;client_id=15;clients=50
1777331075652,PUT,115,4,benchKey_3_34,bytes=29;client_id=3;clients=50
1777331075653,PUT,115,4,benchKey_22_34,bytes=30;client_id=22;clients=50
1777331075653,PUT,108,4,benchKey_10_34,bytes=30;client_id=10;clients=50
1777331075654,PUT,112,4,benchKey_6_34,bytes=29;client_id=6;clients=50
1777331075658,PUT,113,4,benchKey_18_35,bytes=30;client_id=18;clients=50
1777331075659,PUT,111,4,benchKey_1_34,bytes=29;client_id=1;clients=50
1777331075661,PUT,110,4,benchKey_16_34,bytes=30;client_id=16;clients=50
1777331075662,PUT,99,4,benchKey_13_34,bytes=30;client_id=13;clients=50
1777331075664,PUT,98,4,benchKey_33_34,bytes=30;client_id=33;clients=50
1777331075664,PUT,98,4,benchKey_37_34,bytes=30;client_id=37;clients=50
1777331075664,PUT,97,4,benchKey_5_34,bytes=29;client_id=5;clients=50
1777331075665,PUT,97,4,benchKey_2_34,bytes=29;client_id=2;clients=50
1777331075668,PUT,100,4,benchKey_4_34,bytes=29;client_id=4;clients=50
1777331075673,PUT,97,4,benchKey_30_34,bytes=30;client_id=30;clients=50
1777331075674,PUT,101,4,benchKey_42_34,bytes=30;client_id=42;clients=50
1777331075674,PUT,104,4,benchKey_39_34,bytes=30;client_id=39;clients=50
1777331075676,PUT,61,4,benchKey_29_35,bytes=30;client_id=29;clients=50
1777331075678,PUT,102,4,benchKey_23_34,bytes=30;client_id=23;clients=50
1777331075688,PUT,110,4,benchKey_38_34,bytes=30;client_id=38;clients=50
1777331075691,PUT,113,4,benchKey_14_35,bytes=30;client_id=14;clients=50
1777331075692,PUT,113,4,benchKey_40_34,bytes=30;client_id=40;clients=50
1777331075694,PUT,114,4,benchKey_48_34,bytes=30;client_id=48;clients=50
1777331075695,PUT,115,4,benchKey_49_35,bytes=30;client_id=49;clients=50
1777331075695,PUT,110,4,benchKey_20_35,bytes=30;client_id=20;clients=50
1777331075695,PUT,106,4,benchKey_47_34,bytes=30;client_id=47;clients=50
1777331075700,PUT,111,4,benchKey_19_34,bytes=30;client_id=19;clients=50
1777331075702,PUT,112,4,benchKey_34_34,bytes=30;client_id=34;clients=50
1777331075703,PUT,108,4,benchKey_46_35,bytes=30;client_id=46;clients=50
1777331075705,PUT,100,4,benchKey_7_35,bytes=29;client_id=7;clients=50
1777331075706,PUT,98,4,benchKey_21_35,bytes=30;client_id=21;clients=50
1777331075707,PUT,97,4,benchKey_8_35,bytes=29;client_id=8;clients=50
1777331075707,PUT,96,4,benchKey_0_35,bytes=29;client_id=0;clients=50
1777331075708,PUT,100,4,benchKey_44_35,bytes=30;client_id=44;clients=50
1777331075710,PUT,98,4,benchKey_36_34,bytes=30;client_id=36;clients=50
1777331075715,PUT,103,4,benchKey_31_35,bytes=30;client_id=31;clients=50
1777331075717,PUT,99,4,benchKey_17_35,bytes=30;client_id=17;clients=50
1777331075718,PUT,98,4,benchKey_27_35,bytes=30;client_id=27;clients=50
1777331075720,PUT,99,4,benchKey_25_35,bytes=30;client_id=25;clients=50
1777331075730,PUT,108,4,benchKey_35_35,bytes=30;client_id=35;clients=50
1777331075734,PUT,111,4,benchKey_41_35,bytes=30;client_id=41;clients=50
1777331075734,PUT,112,4,benchKey_12_35,bytes=30;client_id=12;clients=50
1777331075736,PUT,113,4,benchKey_24_35,bytes=30;client_id=24;clients=50
1777331075737,PUT,110,4,benchKey_45_35,bytes=30;client_id=45;clients=50
1777331075737,PUT,106,4,benchKey_11_36,bytes=30;client_id=11;clients=50
1777331075737,PUT,106,4,benchKey_26_35,bytes=30;client_id=26;clients=50
1777331075742,PUT,111,4,benchKey_28_35,bytes=30;client_id=28;clients=50
1777331075745,PUT,99,4,benchKey_32_35,bytes=30;client_id=32;clients=50
1777331075745,PUT,108,4,benchKey_43_35,bytes=30;client_id=43;clients=50
1777331075748,PUT,95,4,benchKey_3_35,bytes=29;client_id=3;clients=50
1777331075749,PUT,95,4,benchKey_10_35,bytes=30;client_id=10;clients=50
1777331075748,PUT,99,4,benchKey_9_35,bytes=29;client_id=9;clients=50
1777331075748,PUT,99,4,benchKey_15_35,bytes=30;client_id=15;clients=50
1777331075750,PUT,96,4,benchKey_22_35,bytes=30;client_id=22;clients=50
1777331075751,PUT,97,4,benchKey_6_35,bytes=29;client_id=6;clients=50
1777331075757,PUT,98,4,benchKey_18_36,bytes=30;client_id=18;clients=50
1777331075759,PUT,99,4,benchKey_1_35,bytes=29;client_id=1;clients=50
1777331075760,PUT,98,4,benchKey_16_35,bytes=30;client_id=16;clients=50
1777331075761,PUT,98,4,benchKey_13_35,bytes=30;client_id=13;clients=50
1777331075772,PUT,107,4,benchKey_33_35,bytes=30;client_id=33;clients=50
1777331075776,PUT,111,4,benchKey_5_35,bytes=29;client_id=5;clients=50
1777331075777,PUT,112,4,benchKey_2_35,bytes=29;client_id=2;clients=50
1777331075777,PUT,112,4,benchKey_37_35,bytes=30;client_id=37;clients=50
1777331075778,PUT,109,4,benchKey_4_35,bytes=29;client_id=4;clients=50
1777331075779,PUT,104,4,benchKey_42_35,bytes=30;client_id=42;clients=50
1777331075780,PUT,106,4,benchKey_30_35,bytes=30;client_id=30;clients=50
1777331075785,PUT,110,4,benchKey_39_35,bytes=30;client_id=39;clients=50
1777331075787,PUT,110,4,benchKey_29_36,bytes=30;client_id=29;clients=50
1777331075788,PUT,109,4,benchKey_23_35,bytes=30;client_id=23;clients=50
1777331075791,PUT,95,4,benchKey_20_36,bytes=30;client_id=20;clients=50
1777331075791,PUT,99,4,benchKey_40_35,bytes=30;client_id=40;clients=50
1777331075792,PUT,96,4,benchKey_49_36,bytes=30;client_id=49;clients=50
1777331075793,PUT,98,4,benchKey_48_35,bytes=30;client_id=48;clients=50
1777331075792,PUT,104,4,benchKey_38_35,bytes=30;client_id=38;clients=50
1777331075793,PUT,101,4,benchKey_14_36,bytes=30;client_id=14;clients=50
1777331075800,PUT,104,4,benchKey_47_35,bytes=30;client_id=47;clients=50
1777331075801,PUT,99,4,benchKey_34_35,bytes=30;client_id=34;clients=50
1777331075801,PUT,101,4,benchKey_19_35,bytes=30;client_id=19;clients=50
1777331075802,PUT,99,4,benchKey_46_36,bytes=30;client_id=46;clients=50
1777331075814,PUT,109,4,benchKey_7_36,bytes=29;client_id=7;clients=50
1777331075818,PUT,111,4,benchKey_21_36,bytes=30;client_id=21;clients=50
1777331075820,PUT,113,4,benchKey_8_36,bytes=29;client_id=8;clients=50
1777331075820,PUT,112,4,benchKey_0_36,bytes=29;client_id=0;clients=50
1777331075821,PUT,112,4,benchKey_44_36,bytes=30;client_id=44;clients=50
1777331075821,PUT,110,4,benchKey_36_35,bytes=30;client_id=36;clients=50
1777331075821,PUT,105,4,benchKey_31_36,bytes=30;client_id=31;clients=50
1777331075828,PUT,111,4,benchKey_17_36,bytes=30;client_id=17;clients=50
1777331075829,PUT,110,4,benchKey_27_36,bytes=30;client_id=27;clients=50
1777331075831,PUT,110,4,benchKey_25_36,bytes=30;client_id=25;clients=50
1777331075833,PUT,98,4,benchKey_41_36,bytes=30;client_id=41;clients=50
1777331075835,PUT,100,4,benchKey_12_36,bytes=30;client_id=12;clients=50
1777331075835,PUT,98,4,benchKey_45_36,bytes=30;client_id=45;clients=50
1777331075835,PUT,99,4,benchKey_24_36,bytes=30;client_id=24;clients=50
1777331075836,PUT,99,4,benchKey_11_37,bytes=30;client_id=11;clients=50
1777331075836,PUT,106,4,benchKey_35_36,bytes=30;client_id=35;clients=50
1777331075843,PUT,105,4,benchKey_26_36,bytes=30;client_id=26;clients=50
1777331075844,PUT,101,4,benchKey_28_36,bytes=30;client_id=28;clients=50
1777331075845,PUT,99,4,benchKey_43_36,bytes=30;client_id=43;clients=50
1777331075846,PUT,100,4,benchKey_32_36,bytes=30;client_id=32;clients=50
1777331075856,PUT,107,4,benchKey_3_36,bytes=29;client_id=3;clients=50
1777331075859,PUT,110,4,benchKey_10_36,bytes=30;client_id=10;clients=50
1777331075862,PUT,112,4,benchKey_9_36,bytes=29;client_id=9;clients=50
1777331075863,PUT,105,4,benchKey_18_37,bytes=30;client_id=18;clients=50
1777331075863,PUT,112,4,benchKey_6_36,bytes=29;client_id=6;clients=50
1777331075863,PUT,114,4,benchKey_15_36,bytes=30;client_id=15;clients=50
1777331075864,PUT,113,4,benchKey_22_36,bytes=30;client_id=22;clients=50
1777331075870,PUT,111,4,benchKey_1_36,bytes=29;client_id=1;clients=50
1777331075870,PUT,110,4,benchKey_16_36,bytes=30;client_id=16;clients=50
1777331075873,PUT,112,4,benchKey_13_36,bytes=30;client_id=13;clients=50
1777331075874,PUT,101,4,benchKey_33_36,bytes=30;client_id=33;clients=50
1777331075877,PUT,100,4,benchKey_37_36,bytes=30;client_id=37;clients=50
1777331075877,PUT,100,4,benchKey_2_36,bytes=29;client_id=2;clients=50
1777331075878,PUT,99,4,benchKey_4_36,bytes=29;client_id=4;clients=50
1777331075879,PUT,103,4,benchKey_5_36,bytes=29;client_id=5;clients=50
1777331075879,PUT,100,4,benchKey_42_36,bytes=30;client_id=42;clients=50
1777331075885,PUT,105,4,benchKey_30_36,bytes=30;client_id=30;clients=50
1777331075886,PUT,100,4,benchKey_39_36,bytes=30;client_id=39;clients=50
1777331075887,PUT,99,4,benchKey_29_37,bytes=30;client_id=29;clients=50
1777331075889,PUT,100,4,benchKey_23_36,bytes=30;client_id=23;clients=50
1777331075899,PUT,107,4,benchKey_20_37,bytes=30;client_id=20;clients=50
1777331075901,PUT,109,4,benchKey_40_36,bytes=30;client_id=40;clients=50
1777331075904,PUT,111,4,benchKey_49_37,bytes=30;client_id=49;clients=50
1777331075905,PUT,112,4,benchKey_48_36,bytes=30;client_id=48;clients=50
1777331075905,PUT,104,4,benchKey_47_36,bytes=30;client_id=47;clients=50
1777331075905,PUT,112,4,benchKey_38_36,bytes=30;client_id=38;clients=50
1777331075906,PUT,113,4,benchKey_14_37,bytes=30;client_id=14;clients=50
1777331075913,PUT,111,4,benchKey_34_36,bytes=30;client_id=34;clients=50
1777331075913,PUT,111,4,benchKey_19_36,bytes=30;client_id=19;clients=50
1777331075915,PUT,113,4,benchKey_46_37,bytes=30;client_id=46;clients=50
1777331075916,PUT,101,4,benchKey_7_37,bytes=29;client_id=7;clients=50
1777331075919,PUT,99,4,benchKey_0_37,bytes=29;client_id=0;clients=50
1777331075920,PUT,102,4,benchKey_21_37,bytes=30;client_id=21;clients=50
1777331075921,PUT,100,4,benchKey_8_37,bytes=29;client_id=8;clients=50
1777331075921,PUT,100,4,benchKey_44_37,bytes=30;client_id=44;clients=50
1777331075922,PUT,100,4,benchKey_36_36,bytes=30;client_id=36;clients=50
1777331075927,PUT,106,4,benchKey_31_37,bytes=30;client_id=31;clients=50
1777331075928,PUT,99,4,benchKey_17_37,bytes=30;client_id=17;clients=50
1777331075928,PUT,99,4,benchKey_27_37,bytes=30;client_id=27;clients=50
1777331075932,PUT,101,4,benchKey_25_37,bytes=30;client_id=25;clients=50
1777331075942,PUT,106,4,benchKey_12_37,bytes=30;client_id=12;clients=50
1777331075942,PUT,109,4,benchKey_41_37,bytes=30;client_id=41;clients=50
1777331075947,PUT,111,4,benchKey_24_37,bytes=30;client_id=24;clients=50
1777331075947,PUT,111,4,benchKey_45_37,bytes=30;client_id=45;clients=50
1777331075947,PUT,110,4,benchKey_35_37,bytes=30;client_id=35;clients=50
1777331075948,PUT,111,4,benchKey_11_38,bytes=30;client_id=11;clients=50
1777331075948,PUT,105,4,benchKey_26_37,bytes=30;client_id=26;clients=50
1777331075955,PUT,111,4,benchKey_28_37,bytes=30;client_id=28;clients=50
1777331075955,PUT,110,4,benchKey_43_37,bytes=30;client_id=43;clients=50
1777331075958,PUT,101,4,benchKey_3_37,bytes=29;client_id=3;clients=50
1777331075959,PUT,113,4,benchKey_32_37,bytes=30;client_id=32;clients=50
1777331075961,PUT,101,4,benchKey_10_37,bytes=30;client_id=10;clients=50
1777331075962,PUT,99,4,benchKey_9_37,bytes=29;client_id=9;clients=50
1777331075963,PUT,99,4,benchKey_6_37,bytes=29;client_id=6;clients=50
1777331075964,PUT,100,4,benchKey_18_38,bytes=30;client_id=18;clients=50
1777331075964,PUT,100,4,benchKey_15_37,bytes=30;client_id=15;clients=50
1777331075969,PUT,105,4,benchKey_22_37,bytes=30;client_id=22;clients=50
1777331075970,PUT,99,4,benchKey_16_37,bytes=30;client_id=16;clients=50
1777331075970,PUT,99,4,benchKey_1_37,bytes=29;client_id=1;clients=50
1777331075974,PUT,100,4,benchKey_13_37,bytes=30;client_id=13;clients=50
1777331075985,PUT,107,4,benchKey_37_37,bytes=30;client_id=37;clients=50
1777331075985,PUT,111,4,benchKey_33_37,bytes=30;client_id=33;clients=50
1777331075989,PUT,109,4,benchKey_42_37,bytes=30;client_id=42;clients=50
1777331075989,PUT,111,4,benchKey_2_37,bytes=29;client_id=2;clients=50
1777331075989,PUT,109,4,benchKey_5_37,bytes=29;client_id=5;clients=50
1777331075989,PUT,111,4,benchKey_4_37,bytes=29;client_id=4;clients=50
1777331075990,PUT,104,4,benchKey_30_37,bytes=30;client_id=30;clients=50
1777331075997,PUT,110,4,benchKey_39_37,bytes=30;client_id=39;clients=50
1777331075998,PUT,111,4,benchKey_29_38,bytes=30;client_id=29;clients=50
1777331075999,PUT,109,4,benchKey_23_37,bytes=30;client_id=23;clients=50
1777331076000,PUT,100,4,benchKey_20_38,bytes=30;client_id=20;clients=50
1777331076002,PUT,100,4,benchKey_40_37,bytes=30;client_id=40;clients=50
1777331076003,PUT,98,4,benchKey_49_38,bytes=30;client_id=49;clients=50
1777331076004,PUT,98,4,benchKey_47_37,bytes=30;client_id=47;clients=50
1777331076005,PUT,99,4,benchKey_38_37,bytes=30;client_id=38;clients=50
1777331076006,PUT,100,4,benchKey_48_37,bytes=30;client_id=48;clients=50
1777331076011,PUT,97,4,benchKey_34_37,bytes=30;client_id=34;clients=50
1777331076011,PUT,97,4,benchKey_19_37,bytes=30;client_id=19;clients=50
1777331076012,PUT,105,4,benchKey_14_38,bytes=30;client_id=14;clients=50
1777331076016,PUT,100,4,benchKey_46_38,bytes=30;client_id=46;clients=50
1777331076027,PUT,107,4,benchKey_0_38,bytes=29;client_id=0;clients=50
1777331076027,PUT,111,4,benchKey_7_38,bytes=29;client_id=7;clients=50
1777331076031,PUT,103,4,benchKey_31_38,bytes=30;client_id=31;clients=50
1777331076031,PUT,110,4,benchKey_8_38,bytes=29;client_id=8;clients=50
1777331076031,PUT,109,4,benchKey_44_38,bytes=30;client_id=44;clients=50
1777331076032,PUT,109,4,benchKey_36_37,bytes=30;client_id=36;clients=50
1777331076032,PUT,111,4,benchKey_21_38,bytes=30;client_id=21;clients=50
1777331076039,PUT,111,4,benchKey_17_38,bytes=30;client_id=17;clients=50
1777331076040,PUT,111,4,benchKey_27_38,bytes=30;client_id=27;clients=50
1777331076040,PUT,107,4,benchKey_25_38,bytes=30;client_id=25;clients=50
1777331076043,PUT,100,4,benchKey_12_38,bytes=30;client_id=12;clients=50
1777331076043,PUT,100,4,benchKey_41_38,bytes=30;client_id=41;clients=50
1777331076045,PUT,97,4,benchKey_45_38,bytes=30;client_id=45;clients=50
1777331076045,PUT,97,4,benchKey_24_38,bytes=30;client_id=24;clients=50
1777331076047,PUT,99,4,benchKey_35_38,bytes=30;client_id=35;clients=50
1777331076047,PUT,99,4,benchKey_11_39,bytes=30;client_id=11;clients=50
1777331076053,PUT,97,4,benchKey_43_38,bytes=30;client_id=43;clients=50
1777331076053,PUT,97,4,benchKey_28_38,bytes=30;client_id=28;clients=50
1777331076053,PUT,105,4,benchKey_26_38,bytes=30;client_id=26;clients=50
1777331076057,PUT,98,4,benchKey_3_38,bytes=29;client_id=3;clients=50
1777331076070,PUT,111,4,benchKey_32_38,bytes=30;client_id=32;clients=50
1777331076070,PUT,109,4,benchKey_10_38,bytes=30;client_id=10;clients=50
1777331076072,PUT,109,4,benchKey_9_38,bytes=29;client_id=9;clients=50
1777331076073,PUT,110,4,benchKey_6_38,bytes=29;client_id=6;clients=50
1777331076073,PUT,103,4,benchKey_22_38,bytes=30;client_id=22;clients=50
1777331076073,PUT,108,4,benchKey_15_38,bytes=30;client_id=15;clients=50
1777331076074,PUT,110,4,benchKey_18_39,bytes=30;client_id=18;clients=50
1777331076082,PUT,112,4,benchKey_16_38,bytes=30;client_id=16;clients=50
1777331076082,PUT,112,4,benchKey_1_38,bytes=29;client_id=1;clients=50
1777331076082,PUT,107,4,benchKey_13_38,bytes=30;client_id=13;clients=50
1777331076085,PUT,99,4,benchKey_33_38,bytes=30;client_id=33;clients=50
1777331076085,PUT,99,4,benchKey_37_38,bytes=30;client_id=37;clients=50
1777331076086,PUT,96,4,benchKey_42_38,bytes=30;client_id=42;clients=50
1777331076087,PUT,97,4,benchKey_2_38,bytes=29;client_id=2;clients=50
1777331076088,PUT,98,4,benchKey_4_38,bytes=29;client_id=4;clients=50
1777331076089,PUT,99,4,benchKey_5_38,bytes=29;client_id=5;clients=50
1777331076095,PUT,97,4,benchKey_39_38,bytes=30;client_id=39;clients=50
1777331076096,PUT,97,4,benchKey_29_39,bytes=30;client_id=29;clients=50
1777331076096,PUT,105,4,benchKey_30_38,bytes=30;client_id=30;clients=50
1777331076099,PUT,99,4,benchKey_23_38,bytes=30;client_id=23;clients=50
1777331076112,PUT,112,4,benchKey_20_39,bytes=30;client_id=20;clients=50
1777331076113,PUT,110,4,benchKey_49_39,bytes=30;client_id=49;clients=50
1777331076114,PUT,111,4,benchKey_40_38,bytes=30;client_id=40;clients=50
1777331076114,PUT,110,4,benchKey_47_38,bytes=30;client_id=47;clients=50
1777331076114,PUT,109,4,benchKey_38_38,bytes=30;client_id=38;clients=50
1777331076115,PUT,104,4,benchKey_34_38,bytes=30;client_id=34;clients=50
1777331076115,PUT,109,4,benchKey_48_38,bytes=30;client_id=48;clients=50
1777331076124,PUT,108,4,benchKey_46_39,bytes=30;client_id=46;clients=50
1777331076124,PUT,113,4,benchKey_19_38,bytes=30;client_id=19;clients=50
1777331076125,PUT,113,4,benchKey_14_39,bytes=30;client_id=14;clients=50
1777331076126,PUT,99,4,benchKey_7_39,bytes=29;client_id=7;clients=50
1777331076127,PUT,100,4,benchKey_0_39,bytes=29;client_id=0;clients=50
1777331076128,PUT,97,4,benchKey_31_39,bytes=30;client_id=31;clients=50
1777331076129,PUT,97,4,benchKey_8_39,bytes=29;client_id=8;clients=50
1777331076129,PUT,97,4,benchKey_44_39,bytes=30;client_id=44;clients=50
1777331076130,PUT,97,4,benchKey_36_38,bytes=30;client_id=36;clients=50
1777331076137,PUT,104,4,benchKey_21_39,bytes=30;client_id=21;clients=50
1777331076137,PUT,97,4,benchKey_27_39,bytes=30;client_id=27;clients=50
1777331076138,PUT,99,4,benchKey_17_39,bytes=30;client_id=17;clients=50
1777331076141,PUT,100,4,benchKey_25_39,bytes=30;client_id=25;clients=50
1777331076155,PUT,111,4,benchKey_12_39,bytes=30;client_id=12;clients=50
1777331076156,PUT,112,4,benchKey_41_39,bytes=30;client_id=41;clients=50
1777331076157,PUT,111,4,benchKey_24_39,bytes=30;client_id=24;clients=50
1777331076157,PUT,111,4,benchKey_45_39,bytes=30;client_id=45;clients=50
1777331076157,PUT,104,4,benchKey_43_39,bytes=30;client_id=43;clients=50
1777331076158,PUT,110,4,benchKey_35_39,bytes=30;client_id=35;clients=50
1777331076158,PUT,110,4,benchKey_11_40,bytes=30;client_id=11;clients=50
1777331076168,PUT,114,4,benchKey_26_39,bytes=30;client_id=26;clients=50
1777331076168,PUT,114,4,benchKey_28_39,bytes=30;client_id=28;clients=50
1777331076169,PUT,111,4,benchKey_3_39,bytes=29;client_id=3;clients=50
1777331076169,PUT,99,4,benchKey_10_39,bytes=30;client_id=10;clients=50
1777331076172,PUT,101,4,benchKey_32_39,bytes=30;client_id=32;clients=50
1777331076172,PUT,98,4,benchKey_22_39,bytes=30;client_id=22;clients=50
1777331076172,PUT,100,4,benchKey_9_39,bytes=29;client_id=9;clients=50
1777331076173,PUT,99,4,benchKey_15_39,bytes=30;client_id=15;clients=50
1777331076173,PUT,100,4,benchKey_6_39,bytes=29;client_id=6;clients=50
1777331076178,PUT,104,4,benchKey_18_40,bytes=30;client_id=18;clients=50
1777331076180,PUT,97,4,benchKey_1_39,bytes=29;client_id=1;clients=50
1777331076182,PUT,99,4,benchKey_13_39,bytes=30;client_id=13;clients=50
1777331076183,PUT,100,4,benchKey_16_39,bytes=30;client_id=16;clients=50
1777331076197,PUT,111,4,benchKey_37_39,bytes=30;client_id=37;clients=50
1777331076197,PUT,112,4,benchKey_33_39,bytes=30;client_id=33;clients=50
1777331076198,PUT,112,4,benchKey_42_39,bytes=30;client_id=42;clients=50
1777331076199,PUT,112,4,benchKey_2_39,bytes=29;client_id=2;clients=50
1777331076199,PUT,104,4,benchKey_39_39,bytes=30;client_id=39;clients=50
1777331076200,PUT,111,4,benchKey_5_39,bytes=29;client_id=5;clients=50
1777331076201,PUT,112,4,benchKey_4_39,bytes=29;client_id=4;clients=50
1777331076211,PUT,115,4,benchKey_29_40,bytes=30;client_id=29;clients=50
1777331076211,PUT,115,4,benchKey_30_39,bytes=30;client_id=30;clients=50
1777331076211,PUT,112,4,benchKey_23_39,bytes=30;client_id=23;clients=50
1777331076213,PUT,101,4,benchKey_20_40,bytes=30;client_id=20;clients=50
1777331076214,PUT,100,4,benchKey_40_39,bytes=30;client_id=40;clients=50
1777331076214,PUT,99,4,benchKey_38_39,bytes=30;client_id=38;clients=50
1777331076214,PUT,100,4,benchKey_49_40,bytes=30;client_id=49;clients=50
1777331076215,PUT,101,4,benchKey_47_39,bytes=30;client_id=47;clients=50
1777331076215,PUT,99,4,benchKey_34_39,bytes=30;client_id=34;clients=50
1777331076220,PUT,104,4,benchKey_48_39,bytes=30;client_id=48;clients=50
1777331076222,PUT,97,4,benchKey_46_40,bytes=30;client_id=46;clients=50
1777331076224,PUT,99,4,benchKey_19_39,bytes=30;client_id=19;clients=50
1777331076225,PUT,99,4,benchKey_14_40,bytes=30;client_id=14;clients=50
1777331076238,PUT,111,4,benchKey_7_40,bytes=29;client_id=7;clients=50
1777331076239,PUT,111,4,benchKey_0_40,bytes=29;client_id=0;clients=50
1777331076240,PUT,111,4,benchKey_31_40,bytes=30;client_id=31;clients=50
1777331076241,PUT,111,4,benchKey_44_40,bytes=30;client_id=44;clients=50
1777331076242,PUT,112,4,benchKey_8_40,bytes=29;client_id=8;clients=50
1777331076243,PUT,112,4,benchKey_36_39,bytes=30;client_id=36;clients=50
1777331076243,PUT,106,4,benchKey_21_40,bytes=30;client_id=21;clients=50
1777331076254,PUT,116,4,benchKey_27_40,bytes=30;client_id=27;clients=50
1777331076254,PUT,113,4,benchKey_25_40,bytes=30;client_id=25;clients=50
1777331076254,PUT,115,4,benchKey_17_40,bytes=30;client_id=17;clients=50
1777331076255,PUT,100,4,benchKey_12_40,bytes=30;client_id=12;clients=50
1777331076256,PUT,99,4,benchKey_24_40,bytes=30;client_id=24;clients=50
1777331076256,PUT,100,4,benchKey_41_40,bytes=30;client_id=41;clients=50
1777331076256,PUT,99,4,benchKey_45_40,bytes=30;client_id=45;clients=50
1777331076258,PUT,100,4,benchKey_43_40,bytes=30;client_id=43;clients=50
1777331076258,PUT,100,4,benchKey_35_40,bytes=30;client_id=35;clients=50
1777331076262,PUT,104,4,benchKey_11_41,bytes=30;client_id=11;clients=50
1777331076265,PUT,97,4,benchKey_26_40,bytes=30;client_id=26;clients=50
1777331076266,PUT,97,4,benchKey_28_40,bytes=30;client_id=28;clients=50
1777331076267,PUT,98,4,benchKey_3_40,bytes=29;client_id=3;clients=50
1777331076281,PUT,111,4,benchKey_10_40,bytes=30;client_id=10;clients=50
1777331076282,PUT,110,4,benchKey_32_40,bytes=30;client_id=32;clients=50
1777331076283,PUT,110,4,benchKey_9_40,bytes=29;client_id=9;clients=50
1777331076283,PUT,111,4,benchKey_22_40,bytes=30;client_id=22;clients=50
1777331076285,PUT,111,4,benchKey_15_40,bytes=30;client_id=15;clients=50
1777331076285,PUT,106,4,benchKey_18_41,bytes=30;client_id=18;clients=50
1777331076286,PUT,112,4,benchKey_6_40,bytes=29;client_id=6;clients=50
1777331076296,PUT,115,4,benchKey_1_40,bytes=29;client_id=1;clients=50
1777331076297,PUT,113,4,benchKey_16_40,bytes=30;client_id=16;clients=50
1777331076298,PUT,101,4,benchKey_37_40,bytes=30;client_id=37;clients=50
1777331076298,PUT,99,4,benchKey_42_40,bytes=30;client_id=42;clients=50
1777331076298,PUT,100,4,benchKey_33_40,bytes=30;client_id=33;clients=50
1777331076298,PUT,116,4,benchKey_13_40,bytes=30;client_id=13;clients=50
1777331076299,PUT,100,4,benchKey_2_40,bytes=29;client_id=2;clients=50
1777331076301,PUT,101,4,benchKey_39_40,bytes=30;client_id=39;clients=50
1777331076301,PUT,100,4,benchKey_5_40,bytes=29;client_id=5;clients=50
1777331076304,PUT,102,4,benchKey_4_40,bytes=29;client_id=4;clients=50
1777331076308,PUT,96,4,benchKey_29_41,bytes=30;client_id=29;clients=50
1777331076308,PUT,96,4,benchKey_30_40,bytes=30;client_id=30;clients=50
1777331076309,PUT,97,4,benchKey_23_40,bytes=30;client_id=23;clients=50
1777331076325,PUT,111,4,benchKey_20_41,bytes=30;client_id=20;clients=50
1777331076326,PUT,111,4,benchKey_40_40,bytes=30;client_id=40;clients=50
1777331076326,PUT,111,4,benchKey_49_41,bytes=30;client_id=49;clients=50
1777331076326,PUT,111,4,benchKey_38_40,bytes=30;client_id=38;clients=50
1777331076328,PUT,112,4,benchKey_34_40,bytes=30;client_id=34;clients=50
1777331076329,PUT,113,4,benchKey_47_40,bytes=30;client_id=47;clients=50
1777331076329,PUT,108,4,benchKey_48_40,bytes=30;client_id=48;clients=50
1777331076338,PUT,115,4,benchKey_46_41,bytes=30;client_id=46;clients=50
1777331076341,PUT,102,4,benchKey_7_41,bytes=29;client_id=7;clients=50
1777331076341,PUT,115,4,benchKey_14_41,bytes=30;client_id=14;clients=50
1777331076341,PUT,116,4,benchKey_19_40,bytes=30;client_id=19;clients=50
1777331076342,PUT,102,4,benchKey_0_41,bytes=29;client_id=0;clients=50
1777331076342,PUT,102,4,benchKey_31_41,bytes=30;client_id=31;clients=50
1777331076343,PUT,102,4,benchKey_44_41,bytes=30;client_id=44;clients=50
1777331076344,PUT,102,4,benchKey_8_41,bytes=29;client_id=8;clients=50
1777331076345,PUT,102,4,benchKey_36_40,bytes=30;client_id=36;clients=50
1777331076346,PUT,103,4,benchKey_21_41,bytes=30;client_id=21;clients=50
1777331076351,PUT,96,4,benchKey_27_41,bytes=30;client_id=27;clients=50
1777331076352,PUT,97,4,benchKey_25_41,bytes=30;client_id=25;clients=50
1777331076353,PUT,98,4,benchKey_17_41,bytes=30;client_id=17;clients=50
1777331076369,PUT,113,4,benchKey_45_41,bytes=30;client_id=45;clients=50
1777331076369,PUT,113,4,benchKey_24_41,bytes=30;client_id=24;clients=50
1777331076370,PUT,114,4,benchKey_41_41,bytes=30;client_id=41;clients=50
1777331076369,PUT,114,4,benchKey_12_41,bytes=30;client_id=12;clients=50
1777331076371,PUT,112,4,benchKey_35_41,bytes=30;client_id=35;clients=50
1777331076372,PUT,114,4,benchKey_43_41,bytes=30;client_id=43;clients=50
1777331076373,PUT,110,4,benchKey_11_42,bytes=30;client_id=11;clients=50
1777331076381,PUT,115,4,benchKey_26_41,bytes=30;client_id=26;clients=50
1777331076384,PUT,116,4,benchKey_3_41,bytes=29;client_id=3;clients=50
1777331076385,PUT,103,4,benchKey_32_41,bytes=30;client_id=32;clients=50
1777331076386,PUT,120,4,benchKey_28_41,bytes=30;client_id=28;clients=50
1777331076387,PUT,102,4,benchKey_15_41,bytes=30;client_id=15;clients=50
1777331076387,PUT,104,4,benchKey_9_41,bytes=29;client_id=9;clients=50
1777331076388,PUT,105,4,benchKey_22_41,bytes=30;client_id=22;clients=50
1777331076389,PUT,102,4,benchKey_6_41,bytes=29;client_id=6;clients=50
1777331076389,PUT,108,4,benchKey_10_41,bytes=30;client_id=10;clients=50
1777331076390,PUT,103,4,benchKey_18_42,bytes=30;client_id=18;clients=50
1777331076394,PUT,97,4,benchKey_1_41,bytes=29;client_id=1;clients=50
1777331076395,PUT,97,4,benchKey_16_41,bytes=30;client_id=16;clients=50
1777331076396,PUT,97,4,benchKey_37_41,bytes=30;client_id=37;clients=50
1777331076413,PUT,114,4,benchKey_33_41,bytes=30;client_id=33;clients=50
1777331076413,PUT,113,4,benchKey_2_41,bytes=29;client_id=2;clients=50
1777331076414,PUT,115,4,benchKey_42_41,bytes=30;client_id=42;clients=50
1777331076415,PUT,115,4,benchKey_13_41,bytes=30;client_id=13;clients=50
1777331076415,PUT,114,4,benchKey_39_41,bytes=30;client_id=39;clients=50
1777331076416,PUT,114,4,benchKey_5_41,bytes=29;client_id=5;clients=50
1777331076417,PUT,113,4,benchKey_4_41,bytes=29;client_id=4;clients=50
1777331076425,PUT,117,4,benchKey_29_42,bytes=30;client_id=29;clients=50
1777331076426,PUT,118,4,benchKey_30_41,bytes=30;client_id=30;clients=50
1777331076428,PUT,118,4,benchKey_23_41,bytes=30;client_id=23;clients=50
1777331076429,PUT,103,4,benchKey_20_42,bytes=30;client_id=20;clients=50
1777331076430,PUT,103,4,benchKey_49_42,bytes=30;client_id=49;clients=50
1777331076432,PUT,106,4,benchKey_40_41,bytes=30;client_id=40;clients=50
1777331076432,PUT,104,4,benchKey_34_41,bytes=30;client_id=34;clients=50
1777331076432,PUT,106,4,benchKey_38_41,bytes=30;client_id=38;clients=50
1777331076433,PUT,103,4,benchKey_47_41,bytes=30;client_id=47;clients=50
1777331076433,PUT,103,4,benchKey_48_41,bytes=30;client_id=48;clients=50
1777331076437,PUT,98,4,benchKey_46_42,bytes=30;client_id=46;clients=50
1777331076437,PUT,96,4,benchKey_7_42,bytes=29;client_id=7;clients=50
1777331076439,PUT,98,4,benchKey_14_42,bytes=30;client_id=14;clients=50
1777331076458,PUT,116,4,benchKey_19_41,bytes=30;client_id=19;clients=50
1777331076458,PUT,114,4,benchKey_44_42,bytes=30;client_id=44;clients=50
1777331076459,PUT,115,4,benchKey_31_42,bytes=30;client_id=31;clients=50
1777331076459,PUT,113,4,benchKey_36_41,bytes=30;client_id=36;clients=50
1777331076460,PUT,117,4,benchKey_0_42,bytes=29;client_id=0;clients=50
1777331076460,PUT,114,4,benchKey_21_42,bytes=30;client_id=21;clients=50
1777331076460,PUT,115,4,benchKey_8_42,bytes=29;client_id=8;clients=50
1777331076468,PUT,116,4,benchKey_27_42,bytes=30;client_id=27;clients=50
1777331076470,PUT,116,4,benchKey_17_42,bytes=30;client_id=17;clients=50
1777331076470,PUT,117,4,benchKey_25_42,bytes=30;client_id=25;clients=50
1777331076471,PUT,101,4,benchKey_45_42,bytes=30;client_id=45;clients=50
1777331076472,PUT,101,4,benchKey_24_42,bytes=30;client_id=24;clients=50
1777331076476,PUT,105,4,benchKey_41_42,bytes=30;client_id=41;clients=50
1777331076477,PUT,104,4,benchKey_43_42,bytes=30;client_id=43;clients=50
1777331076477,PUT,106,4,benchKey_35_42,bytes=30;client_id=35;clients=50
1777331076477,PUT,104,4,benchKey_11_43,bytes=30;client_id=11;clients=50
1777331076477,PUT,106,4,benchKey_12_42,bytes=30;client_id=12;clients=50
1777331076479,PUT,98,4,benchKey_26_42,bytes=30;client_id=26;clients=50
1777331076480,PUT,96,4,benchKey_3_42,bytes=29;client_id=3;clients=50
1777331076482,PUT,96,4,benchKey_32_42,bytes=30;client_id=32;clients=50
1777331076502,PUT,115,4,benchKey_28_42,bytes=30;client_id=28;clients=50
1777331076503,PUT,114,4,benchKey_6_42,bytes=29;client_id=6;clients=50
1777331076503,PUT,113,4,benchKey_18_43,bytes=30;client_id=18;clients=50
1777331076504,PUT,114,4,benchKey_10_42,bytes=30;client_id=10;clients=50
1777331076504,PUT,115,4,benchKey_22_42,bytes=30;client_id=22;clients=50
1777331076505,PUT,117,4,benchKey_9_42,bytes=29;client_id=9;clients=50
1777331076507,PUT,120,4,benchKey_15_42,bytes=30;client_id=15;clients=50
1777331076510,PUT,116,4,benchKey_1_42,bytes=29;client_id=1;clients=50
1777331076513,PUT,117,4,benchKey_37_42,bytes=30;client_id=37;clients=50
1777331076514,PUT,100,4,benchKey_2_42,bytes=29;client_id=2;clients=50
1777331076515,PUT,120,4,benchKey_16_42,bytes=30;client_id=16;clients=50
1777331076516,PUT,102,4,benchKey_33_42,bytes=30;client_id=33;clients=50
1777331076520,PUT,106,4,benchKey_42_42,bytes=30;client_id=42;clients=50
1777331076522,PUT,105,4,benchKey_4_42,bytes=29;client_id=4;clients=50
1777331076523,PUT,108,4,benchKey_13_42,bytes=30;client_id=13;clients=50
1777331076523,PUT,107,4,benchKey_39_42,bytes=30;client_id=39;clients=50
1777331076523,PUT,106,4,benchKey_5_42,bytes=29;client_id=5;clients=50
1777331076525,PUT,98,4,benchKey_30_42,bytes=30;client_id=30;clients=50
1777331076526,PUT,100,4,benchKey_29_43,bytes=30;client_id=29;clients=50
1777331076529,PUT,101,4,benchKey_23_42,bytes=30;client_id=23;clients=50
1777331076548,PUT,115,4,benchKey_34_42,bytes=30;client_id=34;clients=50
1777331076549,PUT,120,4,benchKey_20_43,bytes=30;client_id=20;clients=50
1777331076549,PUT,117,4,benchKey_40_42,bytes=30;client_id=40;clients=50
1777331076550,PUT,119,4,benchKey_49_43,bytes=30;client_id=49;clients=50
1777331076550,PUT,117,4,benchKey_48_42,bytes=30;client_id=48;clients=50
1777331076551,PUT,118,4,benchKey_47_42,bytes=30;client_id=47;clients=50
1777331076553,PUT,116,4,benchKey_46_43,bytes=30;client_id=46;clients=50
1777331076553,PUT,120,4,benchKey_38_42,bytes=30;client_id=38;clients=50
1777331076556,PUT,118,4,benchKey_7_43,bytes=29;client_id=7;clients=50
1777331076557,PUT,117,4,benchKey_14_43,bytes=30;client_id=14;clients=50
1777331076558,PUT,99,4,benchKey_44_43,bytes=30;client_id=44;clients=50
1777331076558,PUT,100,4,benchKey_19_42,bytes=30;client_id=19;clients=50
1777331076563,PUT,104,4,benchKey_31_43,bytes=30;client_id=31;clients=50
1777331076565,PUT,104,4,benchKey_21_43,bytes=30;client_id=21;clients=50
1777331076566,PUT,105,4,benchKey_0_43,bytes=29;client_id=0;clients=50
1777331076567,PUT,97,4,benchKey_17_43,bytes=30;client_id=17;clients=50
1777331076567,PUT,106,4,benchKey_8_43,bytes=29;client_id=8;clients=50
1777331076567,PUT,107,4,benchKey_36_42,bytes=30;client_id=36;clients=50
1777331076568,PUT,100,4,benchKey_27_43,bytes=30;client_id=27;clients=50
1777331076572,PUT,102,4,benchKey_25_43,bytes=30;client_id=25;clients=50
1777331076589,PUT,118,4,benchKey_45_43,bytes=30;client_id=45;clients=50
1777331076591,PUT,115,4,benchKey_41_43,bytes=30;client_id=41;clients=50
1777331076592,PUT,114,4,benchKey_43_43,bytes=30;client_id=43;clients=50
1777331076593,PUT,115,4,benchKey_35_43,bytes=30;client_id=35;clients=50
1777331076593,PUT,121,4,benchKey_24_43,bytes=30;client_id=24;clients=50
1777331076593,PUT,115,4,benchKey_11_44,bytes=30;client_id=11;clients=50
1777331076595,PUT,117,4,benchKey_12_43,bytes=30;client_id=12;clients=50
1777331076595,PUT,115,4,benchKey_26_43,bytes=30;client_id=26;clients=50
1777331076598,PUT,118,4,benchKey_3_43,bytes=29;client_id=3;clients=50
1777331076599,PUT,96,4,benchKey_28_43,bytes=30;client_id=28;clients=50
1777331076600,PUT,96,4,benchKey_6_43,bytes=29;client_id=6;clients=50
1777331076600,PUT,118,4,benchKey_32_43,bytes=30;client_id=32;clients=50
1777331076605,PUT,101,4,benchKey_18_44,bytes=30;client_id=18;clients=50
1777331076606,PUT,102,4,benchKey_10_43,bytes=30;client_id=10;clients=50
1777331076607,PUT,102,4,benchKey_22_43,bytes=30;client_id=22;clients=50
1777331076608,PUT,103,4,benchKey_9_43,bytes=29;client_id=9;clients=50
1777331076609,PUT,101,4,benchKey_15_43,bytes=30;client_id=15;clients=50
1777331076610,PUT,100,4,benchKey_1_43,bytes=29;client_id=1;clients=50
1777331076610,PUT,96,4,benchKey_37_43,bytes=30;client_id=37;clients=50
1777331076614,PUT,99,4,benchKey_2_43,bytes=29;client_id=2;clients=50
1777331076631,PUT,115,4,benchKey_16_43,bytes=30;client_id=16;clients=50
1777331076632,PUT,115,4,benchKey_33_43,bytes=30;client_id=33;clients=50
1777331076633,PUT,112,4,benchKey_42_43,bytes=30;client_id=42;clients=50
1777331076634,PUT,110,4,benchKey_13_43,bytes=30;client_id=13;clients=50
1777331076635,PUT,111,4,benchKey_4_43,bytes=29;client_id=4;clients=50
1777331076635,PUT,111,4,benchKey_39_43,bytes=30;client_id=39;clients=50
1777331076637,PUT,113,4,benchKey_5_43,bytes=29;client_id=5;clients=50
1777331076638,PUT,112,4,benchKey_30_43,bytes=30;client_id=30;clients=50
1777331076640,PUT,110,4,benchKey_23_43,bytes=30;client_id=23;clients=50
1777331076640,PUT,114,4,benchKey_29_44,bytes=30;client_id=29;clients=50
1777331076642,PUT,94,4,benchKey_34_43,bytes=30;client_id=34;clients=50
1777331076642,PUT,93,4,benchKey_20_44,bytes=30;client_id=20;clients=50
1777331076646,PUT,96,4,benchKey_49_44,bytes=30;client_id=49;clients=50
1777331076647,PUT,97,4,benchKey_40_43,bytes=30;client_id=40;clients=50
1777331076650,PUT,99,4,benchKey_48_43,bytes=30;client_id=48;clients=50
1777331076650,PUT,98,4,benchKey_47_43,bytes=30;client_id=47;clients=50
1777331076651,PUT,94,4,benchKey_7_44,bytes=29;client_id=7;clients=50
1777331076651,PUT,98,4,benchKey_46_44,bytes=30;client_id=46;clients=50
1777331076653,PUT,99,4,benchKey_38_43,bytes=30;client_id=38;clients=50
1777331076656,PUT,98,4,benchKey_14_44,bytes=30;client_id=14;clients=50
1777331076674,PUT,115,4,benchKey_19_43,bytes=30;client_id=19;clients=50
1777331076674,PUT,115,4,benchKey_44_44,bytes=30;client_id=44;clients=50
1777331076675,PUT,109,4,benchKey_21_44,bytes=30;client_id=21;clients=50
1777331076675,PUT,111,4,benchKey_31_44,bytes=30;client_id=31;clients=50
1777331076676,PUT,109,4,benchKey_0_44,bytes=29;client_id=0;clients=50
1777331076676,PUT,108,4,benchKey_17_44,bytes=30;client_id=17;clients=50
1777331076680,PUT,113,4,benchKey_8_44,bytes=29;client_id=8;clients=50
1777331076680,PUT,113,4,benchKey_36_43,bytes=30;client_id=36;clients=50
1777331076682,PUT,109,4,benchKey_25_44,bytes=30;client_id=25;clients=50
1777331076682,PUT,113,4,benchKey_27_44,bytes=30;client_id=27;clients=50
1777331076684,PUT,92,4,benchKey_41_44,bytes=30;client_id=41;clients=50
1777331076684,PUT,94,4,benchKey_45_44,bytes=30;client_id=45;clients=50
1777331076687,PUT,95,4,benchKey_43_44,bytes=30;client_id=43;clients=50
1777331076688,PUT,94,4,benchKey_35_44,bytes=30;client_id=35;clients=50
1777331076691,PUT,97,4,benchKey_24_44,bytes=30;client_id=24;clients=50
1777331076692,PUT,98,4,benchKey_11_45,bytes=30;client_id=11;clients=50
1777331076692,PUT,96,4,benchKey_12_44,bytes=30;client_id=12;clients=50
1777331076692,PUT,96,4,benchKey_26_44,bytes=30;client_id=26;clients=50
1777331076696,PUT,98,4,benchKey_3_44,bytes=29;client_id=3;clients=50
1777331076698,PUT,98,4,benchKey_28_44,bytes=30;client_id=28;clients=50
1777331076716,PUT,115,4,benchKey_32_44,bytes=30;client_id=32;clients=50
1777331076716,PUT,115,4,benchKey_6_44,bytes=29;client_id=6;clients=50
1777331076717,PUT,110,4,benchKey_22_44,bytes=30;client_id=22;clients=50
1777331076717,PUT,111,4,benchKey_18_45,bytes=30;client_id=18;clients=50
1777331076717,PUT,111,4,benchKey_10_44,bytes=30;client_id=10;clients=50
1777331076717,PUT,109,4,benchKey_9_44,bytes=29;client_id=9;clients=50
1777331076722,PUT,113,4,benchKey_15_44,bytes=30;client_id=15;clients=50
1777331076722,PUT,112,4,benchKey_1_44,bytes=29;client_id=1;clients=50
1777331076723,PUT,112,4,benchKey_37_44,bytes=30;client_id=37;clients=50
1777331076724,PUT,109,4,benchKey_2_44,bytes=29;client_id=2;clients=50
1777331076725,PUT,92,4,benchKey_33_44,bytes=30;client_id=33;clients=50
1777331076726,PUT,94,4,benchKey_16_44,bytes=30;client_id=16;clients=50
1777331076729,PUT,96,4,benchKey_42_44,bytes=30;client_id=42;clients=50
1777331076730,PUT,95,4,benchKey_13_44,bytes=30;client_id=13;clients=50
1777331076732,PUT,96,4,benchKey_4_44,bytes=29;client_id=4;clients=50
1777331076733,PUT,98,4,benchKey_39_44,bytes=30;client_id=39;clients=50
1777331076733,PUT,95,4,benchKey_30_44,bytes=30;client_id=30;clients=50
1777331076734,PUT,96,4,benchKey_5_44,bytes=29;client_id=5;clients=50
1777331076738,PUT,97,4,benchKey_23_44,bytes=30;client_id=23;clients=50
1777331076740,PUT,99,4,benchKey_29_45,bytes=30;client_id=29;clients=50
1777331076758,PUT,116,4,benchKey_34_44,bytes=30;client_id=34;clients=50
1777331076758,PUT,111,4,benchKey_40_44,bytes=30;client_id=40;clients=50
1777331076758,PUT,115,4,benchKey_20_45,bytes=30;client_id=20;clients=50
1777331076759,PUT,108,4,benchKey_47_44,bytes=30;client_id=47;clients=50
1777331076760,PUT,113,4,benchKey_49_45,bytes=30;client_id=49;clients=50
1777331076760,PUT,110,4,benchKey_48_44,bytes=30;client_id=48;clients=50
1777331076764,PUT,113,4,benchKey_7_45,bytes=29;client_id=7;clients=50
1777331076764,PUT,112,4,benchKey_46_45,bytes=30;client_id=46;clients=50
1777331076765,PUT,108,4,benchKey_14_45,bytes=30;client_id=14;clients=50
1777331076765,PUT,111,4,benchKey_38_44,bytes=30;client_id=38;clients=50
1777331076766,PUT,91,4,benchKey_19_44,bytes=30;client_id=19;clients=50
1777331076767,PUT,92,4,benchKey_44_45,bytes=30;client_id=44;clients=50
1777331076771,PUT,95,4,benchKey_21_45,bytes=30;client_id=21;clients=50
1777331076771,PUT,95,4,benchKey_31_45,bytes=30;client_id=31;clients=50
1777331076774,PUT,97,4,benchKey_17_45,bytes=30;client_id=17;clients=50
1777331076775,PUT,94,4,benchKey_36_44,bytes=30;client_id=36;clients=50
1777331076775,PUT,99,4,benchKey_0_45,bytes=29;client_id=0;clients=50
1777331076776,PUT,95,4,benchKey_8_45,bytes=29;client_id=8;clients=50
1777331076781,PUT,99,4,benchKey_25_45,bytes=30;client_id=25;clients=50
1777331076781,PUT,98,4,benchKey_27_45,bytes=30;client_id=27;clients=50
1777331076799,PUT,115,4,benchKey_41_45,bytes=30;client_id=41;clients=50
1777331076800,PUT,115,4,benchKey_45_45,bytes=30;client_id=45;clients=50
1777331076801,PUT,109,4,benchKey_24_45,bytes=30;client_id=24;clients=50
1777331076801,PUT,109,4,benchKey_11_46,bytes=30;client_id=11;clients=50
1777331076801,PUT,113,4,benchKey_35_45,bytes=30;client_id=35;clients=50
1777331076801,PUT,113,4,benchKey_43_45,bytes=30;client_id=43;clients=50
1777331076805,PUT,113,4,benchKey_12_45,bytes=30;client_id=12;clients=50
1777331076805,PUT,113,4,benchKey_26_45,bytes=30;client_id=26;clients=50
1777331076806,PUT,108,4,benchKey_28_45,bytes=30;client_id=28;clients=50
1777331076807,PUT,110,4,benchKey_3_45,bytes=29;client_id=3;clients=50
1777331076807,PUT,90,4,benchKey_32_45,bytes=30;client_id=32;clients=50
1777331076809,PUT,92,4,benchKey_6_45,bytes=29;client_id=6;clients=50
1777331076813,PUT,96,4,benchKey_22_45,bytes=30;client_id=22;clients=50
1777331076814,PUT,96,4,benchKey_18_46,bytes=30;client_id=18;clients=50
1777331076815,PUT,97,4,benchKey_10_45,bytes=30;client_id=10;clients=50
1777331076817,PUT,94,4,benchKey_1_45,bytes=29;client_id=1;clients=50
1777331076817,PUT,94,4,benchKey_15_45,bytes=30;client_id=15;clients=50
1777331076817,PUT,99,4,benchKey_9_45,bytes=29;client_id=9;clients=50
1777331076823,PUT,100,4,benchKey_37_45,bytes=30;client_id=37;clients=50
1777331076824,PUT,100,4,benchKey_2_45,bytes=29;client_id=2;clients=50
1777331076841,PUT,115,4,benchKey_16_45,bytes=30;client_id=16;clients=50
1777331076841,PUT,116,4,benchKey_33_45,bytes=30;client_id=33;clients=50
1777331076842,PUT,108,4,benchKey_39_45,bytes=30;client_id=39;clients=50
1777331076842,PUT,112,4,benchKey_42_45,bytes=30;client_id=42;clients=50
1777331076843,PUT,112,4,benchKey_13_45,bytes=30;client_id=13;clients=50
1777331076843,PUT,110,4,benchKey_4_45,bytes=29;client_id=4;clients=50
1777331076848,PUT,109,4,benchKey_23_45,bytes=30;client_id=23;clients=50
1777331076848,PUT,115,4,benchKey_30_45,bytes=30;client_id=30;clients=50
1777331076848,PUT,89,4,benchKey_40_45,bytes=30;client_id=40;clients=50
1777331076848,PUT,113,4,benchKey_5_45,bytes=29;client_id=5;clients=50
1777331076849,PUT,109,4,benchKey_29_46,bytes=30;client_id=29;clients=50
1777331076851,PUT,92,4,benchKey_34_45,bytes=30;client_id=34;clients=50
1777331076856,PUT,97,4,benchKey_47_45,bytes=30;client_id=47;clients=50
1777331076856,PUT,97,4,benchKey_20_46,bytes=30;client_id=20;clients=50
1777331076857,PUT,96,4,benchKey_48_45,bytes=30;client_id=48;clients=50
1777331076859,PUT,98,4,benchKey_49_46,bytes=30;client_id=49;clients=50
1777331076859,PUT,94,4,benchKey_7_46,bytes=29;client_id=7;clients=50
1777331076860,PUT,95,4,benchKey_46_46,bytes=30;client_id=46;clients=50
1777331076865,PUT,100,4,benchKey_14_46,bytes=30;client_id=14;clients=50
1777331076865,PUT,100,4,benchKey_38_45,bytes=30;client_id=38;clients=50
1777331076883,PUT,116,4,benchKey_44_46,bytes=30;client_id=44;clients=50
1777331076883,PUT,111,4,benchKey_21_46,bytes=30;client_id=21;clients=50
1777331076884,PUT,108,4,benchKey_0_46,bytes=29;client_id=0;clients=50
1777331076884,PUT,118,4,benchKey_19_45,bytes=30;client_id=19;clients=50
1777331076884,PUT,112,4,benchKey_31_46,bytes=30;client_id=31;clients=50
1777331076884,PUT,110,4,benchKey_17_46,bytes=30;client_id=17;clients=50
1777331076890,PUT,90,4,benchKey_41_46,bytes=30;client_id=41;clients=50
1777331076890,PUT,108,4,benchKey_25_46,bytes=30;client_id=25;clients=50
1777331076891,PUT,109,4,benchKey_27_46,bytes=30;client_id=27;clients=50
1777331076891,PUT,114,4,benchKey_8_46,bytes=29;client_id=8;clients=50
1777331076891,PUT,116,4,benchKey_36_45,bytes=30;client_id=36;clients=50
1777331076892,PUT,91,4,benchKey_45_46,bytes=30;client_id=45;clients=50
1777331076898,PUT,97,4,benchKey_35_46,bytes=30;client_id=35;clients=50
1777331076898,PUT,97,4,benchKey_24_46,bytes=30;client_id=24;clients=50
1777331076899,PUT,97,4,benchKey_11_47,bytes=30;client_id=11;clients=50
1777331076900,PUT,94,4,benchKey_12_46,bytes=30;client_id=12;clients=50
1777331076900,PUT,99,4,benchKey_43_46,bytes=30;client_id=43;clients=50
1777331076902,PUT,96,4,benchKey_26_46,bytes=30;client_id=26;clients=50
1777331076907,PUT,101,4,benchKey_28_46,bytes=30;client_id=28;clients=50
1777331076908,PUT,101,4,benchKey_3_46,bytes=29;client_id=3;clients=50
1777331076925,PUT,111,4,benchKey_18_47,bytes=30;client_id=18;clients=50
1777331076925,PUT,118,4,benchKey_32_46,bytes=30;client_id=32;clients=50
1777331076925,PUT,116,4,benchKey_6_46,bytes=29;client_id=6;clients=50
1777331076927,PUT,110,4,benchKey_1_46,bytes=29;client_id=1;clients=50
1777331076927,PUT,113,4,benchKey_22_46,bytes=30;client_id=22;clients=50
1777331076927,PUT,112,4,benchKey_10_46,bytes=30;client_id=10;clients=50
1777331076932,PUT,109,4,benchKey_37_46,bytes=30;client_id=37;clients=50
1777331076932,PUT,115,4,benchKey_9_46,bytes=29;client_id=9;clients=50
1777331076933,PUT,115,4,benchKey_15_46,bytes=30;client_id=15;clients=50
1777331076934,PUT,109,4,benchKey_2_46,bytes=29;client_id=2;clients=50
1777331076934,PUT,92,4,benchKey_16_46,bytes=30;client_id=16;clients=50
1777331076935,PUT,93,4,benchKey_33_46,bytes=30;client_id=33;clients=50
1777331076940,PUT,97,4,benchKey_4_46,bytes=29;client_id=4;clients=50
1777331076940,PUT,98,4,benchKey_42_46,bytes=30;client_id=42;clients=50
1777331076940,PUT,98,4,benchKey_39_46,bytes=30;client_id=39;clients=50
1777331076942,PUT,99,4,benchKey_13_46,bytes=30;client_id=13;clients=50
1777331076943,PUT,94,4,benchKey_23_46,bytes=30;client_id=23;clients=50
1777331076944,PUT,95,4,benchKey_40_46,bytes=30;client_id=40;clients=50
1777331076949,PUT,100,4,benchKey_30_46,bytes=30;client_id=30;clients=50
1777331076950,PUT,101,4,benchKey_5_46,bytes=29;client_id=5;clients=50
1777331076967,PUT,116,4,benchKey_34_46,bytes=30;client_id=34;clients=50
1777331076968,PUT,111,4,benchKey_48_46,bytes=30;client_id=48;clients=50
1777331076968,PUT,112,4,benchKey_47_46,bytes=30;client_id=47;clients=50
1777331076968,PUT,111,4,benchKey_20_47,bytes=30;client_id=20;clients=50
1777331076969,PUT,119,4,benchKey_29_47,bytes=30;client_id=29;clients=50
1777331076969,PUT,110,4,benchKey_49_47,bytes=30;client_id=49;clients=50
1777331076974,PUT,115,4,benchKey_7_47,bytes=29;client_id=7;clients=50
1777331076974,PUT,108,4,benchKey_14_47,bytes=30;client_id=14;clients=50
1777331076974,PUT,114,4,benchKey_46_47,bytes=30;client_id=46;clients=50
1777331076975,PUT,109,4,benchKey_38_46,bytes=30;client_id=38;clients=50
1777331076976,PUT,92,4,benchKey_21_47,bytes=30;client_id=21;clients=50
1777331076976,PUT,92,4,benchKey_44_47,bytes=30;client_id=44;clients=50
1777331076982,PUT,98,4,benchKey_19_46,bytes=30;client_id=19;clients=50
1777331076983,PUT,98,4,benchKey_31_47,bytes=30;client_id=31;clients=50
1777331076983,PUT,99,4,benchKey_0_47,bytes=29;client_id=0;clients=50
1777331076984,PUT,99,4,benchKey_17_47,bytes=30;client_id=17;clients=50
1777331076985,PUT,94,4,benchKey_41_47,bytes=30;client_id=41;clients=50
1777331076986,PUT,95,4,benchKey_25_47,bytes=30;client_id=25;clients=50
1777331076991,PUT,100,4,benchKey_8_47,bytes=29;client_id=8;clients=50
1777331076992,PUT,100,4,benchKey_27_47,bytes=30;client_id=27;clients=50
1777331077010,PUT,118,4,benchKey_36_46,bytes=30;client_id=36;clients=50
1777331077010,PUT,118,4,benchKey_45_47,bytes=30;client_id=45;clients=50
1777331077011,PUT,112,4,benchKey_24_47,bytes=30;client_id=24;clients=50
1777331077011,PUT,112,4,benchKey_35_47,bytes=30;client_id=35;clients=50
1777331077011,PUT,111,4,benchKey_12_47,bytes=30;client_id=12;clients=50
1777331077011,PUT,112,4,benchKey_11_48,bytes=30;client_id=11;clients=50
1777331077015,PUT,113,4,benchKey_26_47,bytes=30;client_id=26;clients=50
1777331077016,PUT,108,4,benchKey_28_47,bytes=30;client_id=28;clients=50
1777331077016,PUT,115,4,benchKey_43_47,bytes=30;client_id=43;clients=50
1777331077017,PUT,108,4,benchKey_3_47,bytes=29;client_id=3;clients=50
1777331077017,PUT,91,4,benchKey_32_47,bytes=30;client_id=32;clients=50
1777331077018,PUT,92,4,benchKey_18_48,bytes=30;client_id=18;clients=50
1777331077025,PUT,97,4,benchKey_22_47,bytes=30;client_id=22;clients=50
1777331077025,PUT,97,4,benchKey_1_47,bytes=29;client_id=1;clients=50
1777331077025,PUT,99,4,benchKey_6_47,bytes=29;client_id=6;clients=50
1777331077026,PUT,93,4,benchKey_37_47,bytes=30;client_id=37;clients=50
1777331077026,PUT,98,4,benchKey_10_47,bytes=30;client_id=10;clients=50
1777331077027,PUT,94,4,benchKey_9_47,bytes=29;client_id=9;clients=50
1777331077033,PUT,99,4,benchKey_2_47,bytes=29;client_id=2;clients=50
1777331077034,PUT,101,4,benchKey_15_47,bytes=30;client_id=15;clients=50
1777331077052,PUT,111,4,benchKey_4_47,bytes=29;client_id=4;clients=50
1777331077052,PUT,117,4,benchKey_33_47,bytes=30;client_id=33;clients=50
1777331077052,PUT,117,4,benchKey_16_47,bytes=30;client_id=16;clients=50
1777331077053,PUT,112,4,benchKey_39_47,bytes=30;client_id=39;clients=50
1777331077053,PUT,111,4,benchKey_13_47,bytes=30;client_id=13;clients=50
1777331077053,PUT,113,4,benchKey_42_47,bytes=30;client_id=42;clients=50
1777331077056,PUT,112,4,benchKey_23_47,bytes=30;client_id=23;clients=50
1777331077057,PUT,107,4,benchKey_30_47,bytes=30;client_id=30;clients=50
1777331077057,PUT,112,4,benchKey_40_47,bytes=30;client_id=40;clients=50
1777331077059,PUT,109,4,benchKey_5_47,bytes=29;client_id=5;clients=50
1777331077059,PUT,91,4,benchKey_48_47,bytes=30;client_id=48;clients=50
1777331077059,PUT,92,4,benchKey_34_47,bytes=30;client_id=34;clients=50
1777331077068,PUT,99,4,benchKey_47_47,bytes=30;client_id=47;clients=50
1777331077068,PUT,94,4,benchKey_7_48,bytes=29;client_id=7;clients=50
1777331077068,PUT,94,4,benchKey_46_48,bytes=30;client_id=46;clients=50
1777331077068,PUT,99,4,benchKey_29_48,bytes=30;client_id=29;clients=50
1777331077068,PUT,100,4,benchKey_20_48,bytes=30;client_id=20;clients=50
1777331077068,PUT,99,4,benchKey_49_48,bytes=30;client_id=49;clients=50
1777331077075,PUT,100,4,benchKey_38_47,bytes=30;client_id=38;clients=50
1777331077076,PUT,101,4,benchKey_14_48,bytes=30;client_id=14;clients=50
1777331077095,PUT,111,4,benchKey_0_48,bytes=29;client_id=0;clients=50
1777331077095,PUT,119,4,benchKey_21_48,bytes=30;client_id=21;clients=50
1777331077095,PUT,112,4,benchKey_19_47,bytes=30;client_id=19;clients=50
1777331077095,PUT,112,4,benchKey_31_48,bytes=30;client_id=31;clients=50
1777331077095,PUT,119,4,benchKey_44_48,bytes=30;client_id=44;clients=50
1777331077096,PUT,111,4,benchKey_17_48,bytes=30;client_id=17;clients=50
1777331077097,PUT,111,4,benchKey_41_48,bytes=30;client_id=41;clients=50
1777331077098,PUT,106,4,benchKey_8_48,bytes=29;client_id=8;clients=50
1777331077100,PUT,113,4,benchKey_25_48,bytes=30;client_id=25;clients=50
1777331077101,PUT,108,4,benchKey_27_48,bytes=30;client_id=27;clients=50
1777331077101,PUT,90,4,benchKey_45_48,bytes=30;client_id=45;clients=50
1777331077102,PUT,91,4,benchKey_36_47,bytes=30;client_id=36;clients=50
1777331077110,PUT,98,4,benchKey_12_48,bytes=30;client_id=12;clients=50
1777331077110,PUT,99,4,benchKey_24_48,bytes=30;client_id=24;clients=50
1777331077111,PUT,95,4,benchKey_26_48,bytes=30;client_id=26;clients=50
1777331077111,PUT,99,4,benchKey_11_49,bytes=30;client_id=11;clients=50
1777331077111,PUT,99,4,benchKey_35_48,bytes=30;client_id=35;clients=50
1777331077111,PUT,95,4,benchKey_28_48,bytes=30;client_id=28;clients=50
1777331077117,PUT,101,4,benchKey_43_48,bytes=30;client_id=43;clients=50
1777331077117,PUT,100,4,benchKey_3_48,bytes=29;client_id=3;clients=50
1777331077137,PUT,111,4,benchKey_10_48,bytes=30;client_id=10;clients=50
1777331077137,PUT,119,4,benchKey_18_49,bytes=30;client_id=18;clients=50
1777331077137,PUT,112,4,benchKey_22_48,bytes=30;client_id=22;clients=50
1777331077138,PUT,112,4,benchKey_1_48,bytes=29;client_id=1;clients=50
1777331077138,PUT,112,4,benchKey_37_48,bytes=30;client_id=37;clients=50
1777331077138,PUT,113,4,benchKey_6_48,bytes=29;client_id=6;clients=50
1777331077138,PUT,121,4,benchKey_32_48,bytes=30;client_id=32;clients=50
1777331077139,PUT,112,4,benchKey_9_48,bytes=29;client_id=9;clients=50
1777331077141,PUT,107,4,benchKey_2_48,bytes=29;client_id=2;clients=50
1777331077142,PUT,108,4,benchKey_15_48,bytes=30;client_id=15;clients=50
1777331077142,PUT,89,4,benchKey_4_48,bytes=29;client_id=4;clients=50
1777331077143,PUT,90,4,benchKey_33_48,bytes=30;client_id=33;clients=50
1777331077153,PUT,100,4,benchKey_16_48,bytes=30;client_id=16;clients=50
1777331077153,PUT,96,4,benchKey_30_48,bytes=30;client_id=30;clients=50
1777331077153,PUT,100,4,benchKey_39_48,bytes=30;client_id=39;clients=50
1777331077153,PUT,99,4,benchKey_42_48,bytes=30;client_id=42;clients=50
1777331077154,PUT,100,4,benchKey_13_48,bytes=30;client_id=13;clients=50
1777331077154,PUT,98,4,benchKey_23_48,bytes=30;client_id=23;clients=50
1777331077159,PUT,99,4,benchKey_5_48,bytes=29;client_id=5;clients=50
1777331077159,PUT,102,4,benchKey_40_48,bytes=30;client_id=40;clients=50
1777331077179,PUT,119,4,benchKey_34_48,bytes=30;client_id=34;clients=50
1777331077179,PUT,119,4,benchKey_48_48,bytes=30;client_id=48;clients=50
1777331077180,PUT,111,4,benchKey_47_48,bytes=30;client_id=47;clients=50
1777331077180,PUT,111,4,benchKey_20_49,bytes=30;client_id=20;clients=50
1777331077180,PUT,112,4,benchKey_46_49,bytes=30;client_id=46;clients=50
1777331077180,PUT,112,4,benchKey_7_49,bytes=29;client_id=7;clients=50
1777331077181,PUT,112,4,benchKey_29_49,bytes=30;client_id=29;clients=50
1777331077182,PUT,113,4,benchKey_49_49,bytes=30;client_id=49;clients=50
1777331077182,PUT,106,4,benchKey_38_48,bytes=30;client_id=38;clients=50
1777331077184,PUT,107,4,benchKey_14_49,bytes=30;client_id=14;clients=50
1777331077185,PUT,89,4,benchKey_0_49,bytes=29;client_id=0;clients=50
1777331077185,PUT,89,4,benchKey_21_49,bytes=30;client_id=21;clients=50
1777331077195,PUT,97,4,benchKey_8_49,bytes=29;client_id=8;clients=50
1777331077195,PUT,98,4,benchKey_41_49,bytes=30;client_id=41;clients=50
1777331077195,PUT,100,4,benchKey_31_49,bytes=30;client_id=31;clients=50
1777331077196,PUT,100,4,benchKey_19_48,bytes=30;client_id=19;clients=50
1777331077196,PUT,100,4,benchKey_17_49,bytes=30;client_id=17;clients=50
1777331077196,PUT,100,4,benchKey_44_49,bytes=30;client_id=44;clients=50
1777331077201,PUT,101,4,benchKey_25_49,bytes=30;client_id=25;clients=50
1777331077202,PUT,101,4,benchKey_27_49,bytes=30;client_id=27;clients=50
1777331077221,PUT,111,4,benchKey_24_49,bytes=30;client_id=24;clients=50
1777331077221,PUT,120,4,benchKey_45_49,bytes=30;client_id=45;clients=50
1777331077222,PUT,111,4,benchKey_11_50,bytes=30;client_id=11;clients=50
1777331077222,PUT,111,4,benchKey_26_49,bytes=30;client_id=26;clients=50
1777331077222,PUT,120,4,benchKey_36_48,bytes=30;client_id=36;clients=50
1777331077222,PUT,112,4,benchKey_12_49,bytes=30;client_id=12;clients=50
1777331077222,PUT,111,4,benchKey_35_49,bytes=30;client_id=35;clients=50
1777331077223,PUT,111,4,benchKey_28_49,bytes=30;client_id=28;clients=50
1777331077224,PUT,106,4,benchKey_43_49,bytes=30;client_id=43;clients=50
1777331077226,PUT,88,4,benchKey_10_49,bytes=30;client_id=10;clients=50
1777331077226,PUT,108,4,benchKey_3_49,bytes=29;client_id=3;clients=50
1777331077227,PUT,89,4,benchKey_18_50,bytes=30;client_id=18;clients=50
1777331077238,PUT,99,4,benchKey_32_49,bytes=30;client_id=32;clients=50
1777331077238,PUT,99,4,benchKey_6_49,bytes=29;client_id=6;clients=50
1777331077238,PUT,100,4,benchKey_22_49,bytes=30;client_id=22;clients=50
1777331077238,PUT,99,4,benchKey_9_49,bytes=29;client_id=9;clients=50
1777331077238,PUT,100,4,benchKey_1_49,bytes=29;client_id=1;clients=50
1777331077238,PUT,100,4,benchKey_37_49,bytes=30;client_id=37;clients=50
1777331077243,PUT,100,4,benchKey_15_49,bytes=30;client_id=15;clients=50
1777331077243,PUT,101,4,benchKey_2_49,bytes=29;client_id=2;clients=50
1777331077264,PUT,121,4,benchKey_4_49,bytes=29;client_id=4;clients=50
1777331077264,PUT,120,4,benchKey_33_49,bytes=30;client_id=33;clients=50
1777331077265,PUT,111,4,benchKey_13_49,bytes=30;client_id=13;clients=50
1777331077266,PUT,112,4,benchKey_16_49,bytes=30;client_id=16;clients=50
1777331077267,PUT,113,4,benchKey_42_49,bytes=30;client_id=42;clients=50
1777331077267,PUT,107,4,benchKey_5_49,bytes=29;client_id=5;clients=50
1777331077268,PUT,114,4,benchKey_30_49,bytes=30;client_id=30;clients=50
1777331077268,PUT,108,4,benchKey_40_49,bytes=30;client_id=40;clients=50
1777331077269,PUT,115,4,benchKey_39_49,bytes=30;client_id=39;clients=50
1777331077270,PUT,90,4,benchKey_48_49,bytes=30;client_id=48;clients=50
1777331077270,PUT,115,4,benchKey_23_49,bytes=30;client_id=23;clients=50
1777331077270,PUT,90,4,benchKey_34_49,bytes=30;client_id=34;clients=50
1777331077281,PUT,100,4,benchKey_20_50,bytes=30;client_id=20;clients=50
1777331077281,PUT,100,4,benchKey_47_49,bytes=30;client_id=47;clients=50
1777331077281,PUT,100,4,benchKey_29_50,bytes=30;client_id=29;clients=50
1777331077281,PUT,100,4,benchKey_46_50,bytes=30;client_id=46;clients=50
1777331077281,PUT,99,4,benchKey_49_50,bytes=30;client_id=49;clients=50
1777331077282,PUT,101,4,benchKey_7_50,bytes=29;client_id=7;clients=50
1777331077285,PUT,101,4,benchKey_14_50,bytes=30;client_id=14;clients=50
1777331077285,PUT,103,4,benchKey_38_49,bytes=30;client_id=38;clients=50
1777331077308,PUT,123,4,benchKey_21_50,bytes=30;client_id=21;clients=50
1777331077309,PUT,124,4,benchKey_0_50,bytes=29;client_id=0;clients=50
1777331077310,PUT,115,4,benchKey_8_50,bytes=29;client_id=8;clients=50
1777331077310,PUT,109,4,benchKey_25_50,bytes=30;client_id=25;clients=50
1777331077311,PUT,115,4,benchKey_41_50,bytes=30;client_id=41;clients=50
1777331077312,PUT,115,4,benchKey_19_49,bytes=30;client_id=19;clients=50
1777331077312,PUT,115,4,benchKey_17_50,bytes=30;client_id=17;clients=50
1777331077313,PUT,91,4,benchKey_24_50,bytes=30;client_id=24;clients=50
1777331077314,PUT,118,4,benchKey_31_50,bytes=30;client_id=31;clients=50
1777331077314,PUT,92,4,benchKey_45_50,bytes=30;client_id=45;clients=50
1777331077314,PUT,118,4,benchKey_44_50,bytes=30;client_id=44;clients=50
1777331077315,PUT,112,4,benchKey_27_50,bytes=30;client_id=27;clients=50
1777331077323,PUT,100,4,benchKey_35_50,bytes=30;client_id=35;clients=50
1777331077324,PUT,101,4,benchKey_36_49,bytes=30;client_id=36;clients=50
1777331077324,PUT,101,4,benchKey_28_50,bytes=30;client_id=28;clients=50
1777331077324,PUT,102,4,benchKey_26_50,bytes=30;client_id=26;clients=50
1777331077324,PUT,102,4,benchKey_12_50,bytes=30;client_id=12;clients=50
1777331077324,PUT,102,4,benchKey_11_51,bytes=30;client_id=11;clients=50
1777331077327,PUT,103,4,benchKey_43_50,bytes=30;client_id=43;clients=50
1777331077327,PUT,101,4,benchKey_10_50,bytes=30;client_id=10;clients=50
1777331077352,PUT,124,4,benchKey_18_51,bytes=30;client_id=18;clients=50
1777331077352,PUT,125,4,benchKey_3_50,bytes=29;client_id=3;clients=50
1777331077353,PUT,115,4,benchKey_32_50,bytes=30;client_id=32;clients=50
1777331077355,PUT,116,4,benchKey_6_50,bytes=29;client_id=6;clients=50
1777331077355,PUT,116,4,benchKey_22_50,bytes=30;client_id=22;clients=50
1777331077355,PUT,116,4,benchKey_9_50,bytes=29;client_id=9;clients=50
1777331077356,PUT,113,4,benchKey_15_50,bytes=30;client_id=15;clients=50
1777331077357,PUT,113,4,benchKey_2_50,bytes=29;client_id=2;clients=50
1777331077358,PUT,119,4,benchKey_1_50,bytes=29;client_id=1;clients=50
1777331077358,PUT,94,4,benchKey_4_50,bytes=29;client_id=4;clients=50
1777331077358,PUT,119,4,benchKey_37_50,bytes=30;client_id=37;clients=50
1777331077359,PUT,94,4,benchKey_33_50,bytes=30;client_id=33;clients=50
1777331077366,PUT,101,4,benchKey_13_50,bytes=30;client_id=13;clients=50
1777331077366,PUT,99,4,benchKey_42_50,bytes=30;client_id=42;clients=50
1777331077366,PUT,99,4,benchKey_5_50,bytes=29;client_id=5;clients=50
1777331077367,PUT,98,4,benchKey_40_50,bytes=30;client_id=40;clients=50
1777331077367,PUT,98,4,benchKey_30_50,bytes=30;client_id=30;clients=50
1777331077367,PUT,101,4,benchKey_16_50,bytes=30;client_id=16;clients=50
1777331077370,PUT,101,4,benchKey_39_50,bytes=30;client_id=39;clients=50
1777331077370,PUT,100,4,benchKey_48_50,bytes=30;client_id=48;clients=50
1777331077395,PUT,124,4,benchKey_23_50,bytes=30;client_id=23;clients=50
1777331077395,PUT,124,4,benchKey_34_50,bytes=30;client_id=34;clients=50
1777331077396,PUT,115,4,benchKey_20_51,bytes=30;client_id=20;clients=50
1777331077398,PUT,116,4,benchKey_47_50,bytes=30;client_id=47;clients=50
1777331077399,PUT,117,4,benchKey_29_51,bytes=30;client_id=29;clients=50
1777331077399,PUT,117,4,benchKey_46_51,bytes=30;client_id=46;clients=50
1777331077400,PUT,115,4,benchKey_14_51,bytes=30;client_id=14;clients=50
1777331077401,PUT,118,4,benchKey_7_51,bytes=29;client_id=7;clients=50
1777331077401,PUT,119,4,benchKey_49_51,bytes=30;client_id=49;clients=50
1777331077401,PUT,115,4,benchKey_38_50,bytes=30;client_id=38;clients=50
1777331077402,PUT,92,4,benchKey_0_51,bytes=29;client_id=0;clients=50
1777331077402,PUT,93,4,benchKey_21_51,bytes=30;client_id=21;clients=50
1777331077407,PUT,96,4,benchKey_41_51,bytes=30;client_id=41;clients=50
1777331077408,PUT,97,4,benchKey_8_51,bytes=29;client_id=8;clients=50
1777331077409,PUT,95,4,benchKey_24_51,bytes=30;client_id=24;clients=50
1777331077409,PUT,96,4,benchKey_17_51,bytes=30;client_id=17;clients=50
1777331077409,PUT,96,4,benchKey_19_50,bytes=30;client_id=19;clients=50
1777331077409,PUT,98,4,benchKey_25_51,bytes=30;client_id=25;clients=50
1777331077412,PUT,98,4,benchKey_45_51,bytes=30;client_id=45;clients=50
1777331077412,PUT,98,4,benchKey_31_51,bytes=30;client_id=31;clients=50
1777331077437,PUT,122,4,benchKey_27_51,bytes=30;client_id=27;clients=50
1777331077438,PUT,114,4,benchKey_35_51,bytes=30;client_id=35;clients=50
1777331077438,PUT,123,4,benchKey_44_51,bytes=30;client_id=44;clients=50
1777331077440,PUT,115,4,benchKey_36_50,bytes=30;client_id=36;clients=50
1777331077441,PUT,116,4,benchKey_28_51,bytes=30;client_id=28;clients=50
1777331077441,PUT,116,4,benchKey_26_51,bytes=30;client_id=26;clients=50
1777331077443,PUT,118,4,benchKey_12_51,bytes=30;client_id=12;clients=50
1777331077444,PUT,116,4,benchKey_43_51,bytes=30;client_id=43;clients=50
1777331077445,PUT,92,4,benchKey_3_51,bytes=29;client_id=3;clients=50
1777331077445,PUT,92,4,benchKey_18_52,bytes=30;client_id=18;clients=50
1777331077445,PUT,120,4,benchKey_11_52,bytes=30;client_id=11;clients=50
1777331077445,PUT,117,4,benchKey_10_51,bytes=30;client_id=10;clients=50
1777331077449,PUT,94,4,benchKey_6_51,bytes=29;client_id=6;clients=50
1777331077450,PUT,94,4,benchKey_9_51,bytes=29;client_id=9;clients=50
1777331077450,PUT,96,4,benchKey_32_51,bytes=30;client_id=32;clients=50
1777331077451,PUT,95,4,benchKey_22_51,bytes=30;client_id=22;clients=50
1777331077451,PUT,94,4,benchKey_15_51,bytes=30;client_id=15;clients=50
1777331077454,PUT,97,4,benchKey_2_51,bytes=29;client_id=2;clients=50
1777331077454,PUT,96,4,benchKey_1_51,bytes=29;client_id=1;clients=50
1777331077454,PUT,95,4,benchKey_4_51,bytes=29;client_id=4;clients=50
1777331077479,PUT,120,4,benchKey_33_51,bytes=30;client_id=33;clients=50
1777331077480,PUT,121,4,benchKey_37_51,bytes=30;client_id=37;clients=50
1777331077480,PUT,113,4,benchKey_42_51,bytes=30;client_id=42;clients=50
1777331077481,PUT,115,4,benchKey_13_51,bytes=30;client_id=13;clients=50
1777331077482,PUT,115,4,benchKey_40_51,bytes=30;client_id=40;clients=50
1777331077483,PUT,116,4,benchKey_5_51,bytes=29;client_id=5;clients=50
1777331077484,PUT,116,4,benchKey_30_51,bytes=30;client_id=30;clients=50
1777331077485,PUT,117,4,benchKey_16_51,bytes=30;client_id=16;clients=50
1777331077486,PUT,90,4,benchKey_23_51,bytes=30;client_id=23;clients=50
1777331077486,PUT,91,4,benchKey_34_51,bytes=30;client_id=34;clients=50
1777331077487,PUT,117,4,benchKey_39_51,bytes=30;client_id=39;clients=50
1777331077487,PUT,117,4,benchKey_48_51,bytes=30;client_id=48;clients=50
1777331077491,PUT,92,4,benchKey_29_52,bytes=30;client_id=29;clients=50
1777331077491,PUT,93,4,benchKey_47_51,bytes=30;client_id=47;clients=50
1777331077492,PUT,95,4,benchKey_20_52,bytes=30;client_id=20;clients=50
1777331077492,PUT,93,4,benchKey_46_52,bytes=30;client_id=46;clients=50
1777331077493,PUT,92,4,benchKey_14_52,bytes=30;client_id=14;clients=50
1777331077496,PUT,95,4,benchKey_7_52,bytes=29;client_id=7;clients=50
1777331077496,PUT,95,4,benchKey_49_52,bytes=30;client_id=49;clients=50
1777331077496,PUT,94,4,benchKey_38_51,bytes=30;client_id=38;clients=50
1777331077522,PUT,119,4,benchKey_21_52,bytes=30;client_id=21;clients=50
1777331077522,PUT,114,4,benchKey_41_52,bytes=30;client_id=41;clients=50
1777331077522,PUT,119,4,benchKey_0_52,bytes=29;client_id=0;clients=50
1777331077523,PUT,114,4,benchKey_17_52,bytes=30;client_id=17;clients=50
1777331077524,PUT,115,4,benchKey_8_52,bytes=29;client_id=8;clients=50
1777331077525,PUT,116,4,benchKey_24_52,bytes=30;client_id=24;clients=50
1777331077526,PUT,116,4,benchKey_19_51,bytes=30;client_id=19;clients=50
1777331077526,PUT,116,4,benchKey_25_52,bytes=30;client_id=25;clients=50
1777331077527,PUT,114,4,benchKey_45_52,bytes=30;client_id=45;clients=50
1777331077528,PUT,115,4,benchKey_31_52,bytes=30;client_id=31;clients=50
1777331077529,PUT,91,4,benchKey_35_52,bytes=30;client_id=35;clients=50
1777331077529,PUT,91,4,benchKey_27_52,bytes=30;client_id=27;clients=50
1777331077533,PUT,93,4,benchKey_36_51,bytes=30;client_id=36;clients=50
1777331077533,PUT,95,4,benchKey_44_52,bytes=30;client_id=44;clients=50
1777331077534,PUT,93,4,benchKey_26_52,bytes=30;client_id=26;clients=50
1777331077534,PUT,93,4,benchKey_28_52,bytes=30;client_id=28;clients=50
1777331077535,PUT,91,4,benchKey_12_52,bytes=30;client_id=12;clients=50
1777331077541,PUT,96,4,benchKey_18_53,bytes=30;client_id=18;clients=50
1777331077542,PUT,97,4,benchKey_3_52,bytes=29;client_id=3;clients=50
1777331077542,PUT,98,4,benchKey_43_52,bytes=30;client_id=43;clients=50
1777331077564,PUT,115,4,benchKey_6_52,bytes=29;client_id=6;clients=50
1777331077564,PUT,114,4,benchKey_9_52,bytes=29;client_id=9;clients=50
1777331077564,PUT,119,4,benchKey_10_52,bytes=30;client_id=10;clients=50
1777331077565,PUT,119,4,benchKey_11_53,bytes=30;client_id=11;clients=50
1777331077565,PUT,115,4,benchKey_32_52,bytes=30;client_id=32;clients=50
1777331077566,PUT,115,4,benchKey_22_52,bytes=30;client_id=22;clients=50
1777331077567,PUT,115,4,benchKey_15_52,bytes=30;client_id=15;clients=50
1777331077567,PUT,112,4,benchKey_2_52,bytes=29;client_id=2;clients=50
1777331077568,PUT,113,4,benchKey_1_52,bytes=29;client_id=1;clients=50
1777331077569,PUT,114,4,benchKey_4_52,bytes=29;client_id=4;clients=50
1777331077571,PUT,90,4,benchKey_37_52,bytes=30;client_id=37;clients=50
1777331077572,PUT,92,4,benchKey_33_52,bytes=30;client_id=33;clients=50
1777331077575,PUT,93,4,benchKey_40_52,bytes=30;client_id=40;clients=50
1777331077576,PUT,92,4,benchKey_5_52,bytes=29;client_id=5;clients=50
1777331077576,PUT,96,4,benchKey_42_52,bytes=30;client_id=42;clients=50
1777331077576,PUT,94,4,benchKey_13_52,bytes=30;client_id=13;clients=50
1777331077576,PUT,92,4,benchKey_30_52,bytes=30;client_id=30;clients=50
1777331077583,PUT,98,4,benchKey_16_52,bytes=30;client_id=16;clients=50
1777331077584,PUT,98,4,benchKey_23_52,bytes=30;client_id=23;clients=50
1777331077584,PUT,98,4,benchKey_34_52,bytes=30;client_id=34;clients=50
1777331077606,PUT,115,4,benchKey_29_53,bytes=30;client_id=29;clients=50
1777331077607,PUT,119,4,benchKey_48_52,bytes=30;client_id=48;clients=50
1777331077607,PUT,119,4,benchKey_39_52,bytes=30;client_id=39;clients=50
1777331077607,PUT,115,4,benchKey_47_52,bytes=30;client_id=47;clients=50
1777331077608,PUT,115,4,benchKey_20_53,bytes=30;client_id=20;clients=50
1777331077611,PUT,114,4,benchKey_49_53,bytes=30;client_id=49;clients=50
1777331077612,PUT,120,4,benchKey_46_53,bytes=30;client_id=46;clients=50
1777331077612,PUT,115,4,benchKey_38_52,bytes=30;client_id=38;clients=50
1777331077613,PUT,116,4,benchKey_7_53,bytes=29;client_id=7;clients=50
1777331077615,PUT,92,4,benchKey_21_53,bytes=30;client_id=21;clients=50
1777331077615,PUT,92,4,benchKey_41_53,bytes=30;client_id=41;clients=50
1777331077616,PUT,122,4,benchKey_14_53,bytes=30;client_id=14;clients=50
1777331077618,PUT,95,4,benchKey_0_53,bytes=29;client_id=0;clients=50
1777331077619,PUT,93,4,benchKey_24_53,bytes=30;client_id=24;clients=50
1777331077619,PUT,95,4,benchKey_8_53,bytes=29;client_id=8;clients=50
1777331077620,PUT,96,4,benchKey_17_53,bytes=30;client_id=17;clients=50
1777331077619,PUT,92,4,benchKey_19_52,bytes=30;client_id=19;clients=50
1777331077625,PUT,99,4,benchKey_25_53,bytes=30;client_id=25;clients=50
1777331077626,PUT,98,4,benchKey_31_53,bytes=30;client_id=31;clients=50
1777331077627,PUT,100,4,benchKey_45_53,bytes=30;client_id=45;clients=50
1777331077648,PUT,119,4,benchKey_35_53,bytes=30;client_id=35;clients=50
1777331077649,PUT,116,4,benchKey_36_52,bytes=30;client_id=36;clients=50
1777331077650,PUT,116,4,benchKey_44_53,bytes=30;client_id=44;clients=50
1777331077650,PUT,121,4,benchKey_27_53,bytes=30;client_id=27;clients=50
1777331077652,PUT,118,4,benchKey_28_53,bytes=30;client_id=28;clients=50
1777331077654,PUT,119,4,benchKey_26_53,bytes=30;client_id=26;clients=50
1777331077656,PUT,115,4,benchKey_18_54,bytes=30;client_id=18;clients=50
1777331077657,PUT,122,4,benchKey_12_53,bytes=30;client_id=12;clients=50
1777331077658,PUT,115,4,benchKey_3_53,bytes=29;client_id=3;clients=50
1777331077659,PUT,94,4,benchKey_6_53,bytes=29;client_id=6;clients=50
1777331077659,PUT,117,4,benchKey_43_53,bytes=30;client_id=43;clients=50
1777331077660,PUT,95,4,benchKey_9_53,bytes=29;client_id=9;clients=50
1777331077661,PUT,97,4,benchKey_10_53,bytes=30;client_id=10;clients=50
1777331077661,PUT,96,4,benchKey_32_53,bytes=30;client_id=32;clients=50
1777331077663,PUT,96,4,benchKey_15_53,bytes=30;client_id=15;clients=50
1777331077664,PUT,99,4,benchKey_11_54,bytes=30;client_id=11;clients=50
1777331077664,PUT,97,4,benchKey_22_53,bytes=30;client_id=22;clients=50
1777331077665,PUT,81,4,benchKey_16_53,bytes=30;client_id=16;clients=50
1777331077668,PUT,101,4,benchKey_2_53,bytes=29;client_id=2;clients=50
1777331077669,PUT,100,4,benchKey_4_53,bytes=29;client_id=4;clients=50
1777331077671,PUT,103,4,benchKey_1_53,bytes=29;client_id=1;clients=50
1777331077690,PUT,119,4,benchKey_37_53,bytes=30;client_id=37;clients=50
1777331077693,PUT,118,4,benchKey_40_53,bytes=30;client_id=40;clients=50
1777331077693,PUT,121,4,benchKey_33_53,bytes=30;client_id=33;clients=50
1777331077693,PUT,117,4,benchKey_5_53,bytes=29;client_id=5;clients=50
1777331077694,PUT,118,4,benchKey_13_53,bytes=30;client_id=13;clients=50
1777331077696,PUT,119,4,benchKey_42_53,bytes=30;client_id=42;clients=50
1777331077700,PUT,116,4,benchKey_23_53,bytes=30;client_id=23;clients=50
1777331077700,PUT,123,4,benchKey_30_53,bytes=30;client_id=30;clients=50
1777331077701,PUT,116,4,benchKey_34_53,bytes=30;client_id=34;clients=50
1777331077702,PUT,95,4,benchKey_29_54,bytes=30;client_id=29;clients=50
1777331077703,PUT,96,4,benchKey_48_53,bytes=30;client_id=48;clients=50
1777331077704,PUT,95,4,benchKey_47_53,bytes=30;client_id=47;clients=50
1777331077706,PUT,94,4,benchKey_49_54,bytes=30;client_id=49;clients=50
1777331077706,PUT,98,4,benchKey_39_53,bytes=30;client_id=39;clients=50
1777331077707,PUT,94,4,benchKey_46_54,bytes=30;client_id=46;clients=50
1777331077707,PUT,94,4,benchKey_38_53,bytes=30;client_id=38;clients=50
1777331077708,PUT,99,4,benchKey_20_54,bytes=30;client_id=20;clients=50
1777331077710,PUT,97,4,benchKey_7_54,bytes=29;client_id=7;clients=50
1777331077711,PUT,96,4,benchKey_21_54,bytes=30;client_id=21;clients=50
1777331077713,PUT,98,4,benchKey_41_54,bytes=30;client_id=41;clients=50
1777331077733,PUT,117,4,benchKey_14_54,bytes=30;client_id=14;clients=50
1777331077735,PUT,116,4,benchKey_24_54,bytes=30;client_id=24;clients=50
1777331077736,PUT,116,4,benchKey_8_54,bytes=29;client_id=8;clients=50
1777331077736,PUT,115,4,benchKey_19_53,bytes=30;client_id=19;clients=50
1777331077736,PUT,117,4,benchKey_0_54,bytes=29;client_id=0;clients=50
1777331077738,PUT,117,4,benchKey_17_54,bytes=30;client_id=17;clients=50
1777331077743,PUT,94,4,benchKey_35_54,bytes=30;client_id=35;clients=50
1777331077743,PUT,117,4,benchKey_25_54,bytes=30;client_id=25;clients=50
1777331077743,PUT,116,4,benchKey_31_54,bytes=30;client_id=31;clients=50
1777331077744,PUT,116,4,benchKey_45_54,bytes=30;client_id=45;clients=50
1777331077745,PUT,95,4,benchKey_36_53,bytes=30;client_id=36;clients=50
1777331077746,PUT,96,4,benchKey_44_54,bytes=30;client_id=44;clients=50
1777331077747,PUT,96,4,benchKey_27_54,bytes=30;client_id=27;clients=50
1777331077748,PUT,93,4,benchKey_26_54,bytes=30;client_id=26;clients=50
1777331077748,PUT,95,4,benchKey_28_54,bytes=30;client_id=28;clients=50
1777331077749,PUT,92,4,benchKey_18_55,bytes=30;client_id=18;clients=50
1777331077749,PUT,91,4,benchKey_12_54,bytes=30;client_id=12;clients=50
1777331077751,PUT,93,4,benchKey_3_54,bytes=29;client_id=3;clients=50
1777331077752,PUT,92,4,benchKey_43_54,bytes=30;client_id=43;clients=50
1777331077755,PUT,95,4,benchKey_6_54,bytes=29;client_id=6;clients=50
1777331077775,PUT,115,4,benchKey_9_54,bytes=29;client_id=9;clients=50
1777331077778,PUT,116,4,benchKey_32_54,bytes=30;client_id=32;clients=50
1777331077779,PUT,117,4,benchKey_10_54,bytes=30;client_id=10;clients=50
1777331077779,PUT,114,4,benchKey_11_55,bytes=30;client_id=11;clients=50
1777331077780,PUT,116,4,benchKey_15_54,bytes=30;client_id=15;clients=50
1777331077780,PUT,115,4,benchKey_22_54,bytes=30;client_id=22;clients=50
1777331077786,PUT,116,4,benchKey_4_54,bytes=29;client_id=4;clients=50
1777331077786,PUT,120,4,benchKey_16_54,bytes=30;client_id=16;clients=50
1777331077786,PUT,117,4,benchKey_2_54,bytes=29;client_id=2;clients=50
1777331077786,PUT,115,4,benchKey_1_54,bytes=29;client_id=1;clients=50
1777331077787,PUT,96,4,benchKey_37_54,bytes=30;client_id=37;clients=50
1777331077788,PUT,95,4,benchKey_33_54,bytes=30;client_id=33;clients=50
1777331077789,PUT,95,4,benchKey_40_54,bytes=30;client_id=40;clients=50
1777331077790,PUT,95,4,benchKey_13_54,bytes=30;client_id=13;clients=50
1777331077790,PUT,96,4,benchKey_5_54,bytes=29;client_id=5;clients=50
1777331077792,PUT,95,4,benchKey_42_54,bytes=30;client_id=42;clients=50
1777331077792,PUT,91,4,benchKey_30_54,bytes=30;client_id=30;clients=50
1777331077793,PUT,91,4,benchKey_34_54,bytes=30;client_id=34;clients=50
1777331077794,PUT,92,4,benchKey_23_54,bytes=30;client_id=23;clients=50
1777331077799,PUT,97,4,benchKey_29_55,bytes=30;client_id=29;clients=50
1777331077818,PUT,114,4,benchKey_48_54,bytes=30;client_id=48;clients=50
1777331077822,PUT,115,4,benchKey_39_54,bytes=30;client_id=39;clients=50
1777331077822,PUT,117,4,benchKey_47_54,bytes=30;client_id=47;clients=50
1777331077822,PUT,115,4,benchKey_49_55,bytes=30;client_id=49;clients=50
1777331077823,PUT,115,4,benchKey_38_54,bytes=30;client_id=38;clients=50
1777331077823,PUT,116,4,benchKey_46_55,bytes=30;client_id=46;clients=50
1777331077830,PUT,121,4,benchKey_20_55,bytes=30;client_id=20;clients=50
1777331077830,PUT,116,4,benchKey_41_55,bytes=30;client_id=41;clients=50
1777331077830,PUT,119,4,benchKey_21_55,bytes=30;client_id=21;clients=50
1777331077830,PUT,119,4,benchKey_7_55,bytes=29;client_id=7;clients=50
1777331077831,PUT,97,4,benchKey_14_55,bytes=30;client_id=14;clients=50
1777331077834,PUT,97,4,benchKey_19_54,bytes=30;client_id=19;clients=50
1777331077835,PUT,99,4,benchKey_24_55,bytes=30;client_id=24;clients=50
1777331077835,PUT,96,4,benchKey_17_55,bytes=30;client_id=17;clients=50
1777331077835,PUT,98,4,benchKey_0_55,bytes=29;client_id=0;clients=50
1777331077836,PUT,93,4,benchKey_25_55,bytes=30;client_id=25;clients=50
1777331077837,PUT,93,4,benchKey_31_55,bytes=30;client_id=31;clients=50
1777331077837,PUT,101,4,benchKey_8_55,bytes=29;client_id=8;clients=50
1777331077838,PUT,94,4,benchKey_35_55,bytes=30;client_id=35;clients=50
1777331077841,PUT,97,4,benchKey_45_55,bytes=30;client_id=45;clients=50
1777331077861,PUT,115,4,benchKey_36_54,bytes=30;client_id=36;clients=50
1777331077865,PUT,118,4,benchKey_44_55,bytes=30;client_id=44;clients=50
1777331077865,PUT,116,4,benchKey_26_55,bytes=30;client_id=26;clients=50
1777331077866,PUT,118,4,benchKey_27_55,bytes=30;client_id=27;clients=50
1777331077867,PUT,117,4,benchKey_18_56,bytes=30;client_id=18;clients=50
1777331077869,PUT,120,4,benchKey_28_55,bytes=30;client_id=28;clients=50
1777331077873,PUT,121,4,benchKey_3_55,bytes=29;client_id=3;clients=50
1777331077874,PUT,121,4,benchKey_43_55,bytes=30;client_id=43;clients=50
1777331077875,PUT,125,4,benchKey_12_55,bytes=30;client_id=12;clients=50
1777331077875,PUT,120,4,benchKey_6_55,bytes=29;client_id=6;clients=50
1777331077876,PUT,100,4,benchKey_9_55,bytes=29;client_id=9;clients=50
1777331077878,PUT,99,4,benchKey_32_55,bytes=30;client_id=32;clients=50
1777331077880,PUT,100,4,benchKey_11_56,bytes=30;client_id=11;clients=50
1777331077881,PUT,94,4,benchKey_2_55,bytes=29;client_id=2;clients=50
1777331077882,PUT,96,4,benchKey_4_55,bytes=29;client_id=4;clients=50
1777331077882,PUT,96,4,benchKey_16_55,bytes=30;client_id=16;clients=50
1777331077882,PUT,103,4,benchKey_10_55,bytes=30;client_id=10;clients=50
1777331077884,PUT,103,4,benchKey_15_55,bytes=30;client_id=15;clients=50
1777331077884,PUT,103,4,benchKey_22_55,bytes=30;client_id=22;clients=50
1777331077886,PUT,99,4,benchKey_1_55,bytes=29;client_id=1;clients=50
1777331077905,PUT,117,4,benchKey_37_55,bytes=30;client_id=37;clients=50
1777331077909,PUT,120,4,benchKey_33_55,bytes=30;client_id=33;clients=50
1777331077909,PUT,119,4,benchKey_40_55,bytes=30;client_id=40;clients=50
1777331077910,PUT,118,4,benchKey_42_55,bytes=30;client_id=42;clients=50
1777331077910,PUT,120,4,benchKey_13_55,bytes=30;client_id=13;clients=50
1777331077912,PUT,121,4,benchKey_5_55,bytes=29;client_id=5;clients=50
1777331077918,PUT,125,4,benchKey_30_55,bytes=30;client_id=30;clients=50
1777331077918,PUT,122,4,benchKey_23_55,bytes=30;client_id=23;clients=50
1777331077918,PUT,124,4,benchKey_34_55,bytes=30;client_id=34;clients=50
1777331077920,PUT,101,4,benchKey_48_55,bytes=30;client_id=48;clients=50
1777331077920,PUT,120,4,benchKey_29_56,bytes=30;client_id=29;clients=50
1777331077923,PUT,101,4,benchKey_49_56,bytes=30;client_id=49;clients=50
1777331077924,PUT,102,4,benchKey_47_55,bytes=30;client_id=47;clients=50
1777331077924,PUT,102,4,benchKey_39_55,bytes=30;client_id=39;clients=50
1777331077925,PUT,95,4,benchKey_20_56,bytes=30;client_id=20;clients=50
1777331077926,PUT,95,4,benchKey_21_56,bytes=30;client_id=21;clients=50
1777331077928,PUT,97,4,benchKey_7_56,bytes=29;client_id=7;clients=50
1777331077928,PUT,98,4,benchKey_41_56,bytes=30;client_id=41;clients=50
1777331077929,PUT,106,4,benchKey_38_55,bytes=30;client_id=38;clients=50
1777331077930,PUT,107,4,benchKey_46_56,bytes=30;client_id=46;clients=50
1777331077949,PUT,117,4,benchKey_14_56,bytes=30;client_id=14;clients=50
1777331077951,PUT,117,4,benchKey_19_55,bytes=30;client_id=19;clients=50
1777331077951,PUT,116,4,benchKey_24_56,bytes=30;client_id=24;clients=50
1777331077953,PUT,117,4,benchKey_17_56,bytes=30;client_id=17;clients=50
1777331077953,PUT,118,4,benchKey_0_56,bytes=29;client_id=0;clients=50
1777331077954,PUT,117,4,benchKey_25_56,bytes=30;client_id=25;clients=50
1777331077961,PUT,123,4,benchKey_31_56,bytes=30;client_id=31;clients=50
1777331077961,PUT,122,4,benchKey_35_56,bytes=30;client_id=35;clients=50
1777331077962,PUT,124,4,benchKey_8_56,bytes=29;client_id=8;clients=50
1777331077962,PUT,120,4,benchKey_45_56,bytes=30;client_id=45;clients=50
1777331077963,PUT,101,4,benchKey_36_55,bytes=30;client_id=36;clients=50
1777331077967,PUT,100,4,benchKey_27_56,bytes=30;client_id=27;clients=50
1777331077967,PUT,101,4,benchKey_44_56,bytes=30;client_id=44;clients=50
1777331077967,PUT,101,4,benchKey_26_56,bytes=30;client_id=26;clients=50
1777331077969,PUT,102,4,benchKey_18_57,bytes=30;client_id=18;clients=50
1777331077969,PUT,100,4,benchKey_28_56,bytes=30;client_id=28;clients=50
1777331077972,PUT,98,4,benchKey_3_56,bytes=29;client_id=3;clients=50
1777331077972,PUT,98,4,benchKey_43_56,bytes=30;client_id=43;clients=50
1777331077973,PUT,97,4,benchKey_12_56,bytes=30;client_id=12;clients=50
1777331077974,PUT,98,4,benchKey_6_56,bytes=29;client_id=6;clients=50
1777331077992,PUT,115,4,benchKey_9_56,bytes=29;client_id=9;clients=50
1777331077993,PUT,113,4,benchKey_11_57,bytes=30;client_id=11;clients=50
1777331077993,PUT,115,4,benchKey_32_56,bytes=30;client_id=32;clients=50
1777331077994,PUT,113,4,benchKey_2_56,bytes=29;client_id=2;clients=50
1777331077996,PUT,114,4,benchKey_4_56,bytes=29;client_id=4;clients=50
1777331077997,PUT,114,4,benchKey_16_56,bytes=30;client_id=16;clients=50
1777331078004,PUT,121,4,benchKey_10_56,bytes=30;client_id=10;clients=50
1777331078004,PUT,119,4,benchKey_15_56,bytes=30;client_id=15;clients=50
1777331078005,PUT,119,4,benchKey_22_56,bytes=30;client_id=22;clients=50
1777331078006,PUT,100,4,benchKey_37_56,bytes=30;client_id=37;clients=50
1777331078006,PUT,119,4,benchKey_1_56,bytes=29;client_id=1;clients=50
1777331078011,PUT,101,4,benchKey_40_56,bytes=30;client_id=40;clients=50
1777331078011,PUT,100,4,benchKey_42_56,bytes=30;client_id=42;clients=50
1777331078011,PUT,102,4,benchKey_33_56,bytes=30;client_id=33;clients=50
1777331078012,PUT,101,4,benchKey_13_56,bytes=30;client_id=13;clients=50
1777331078013,PUT,100,4,benchKey_5_56,bytes=29;client_id=5;clients=50
1777331078014,PUT,96,4,benchKey_23_56,bytes=30;client_id=23;clients=50
1777331078015,PUT,96,4,benchKey_30_56,bytes=30;client_id=30;clients=50
1777331078016,PUT,97,4,benchKey_34_56,bytes=30;client_id=34;clients=50
1777331078016,PUT,96,4,benchKey_48_56,bytes=30;client_id=48;clients=50
1777331078034,PUT,114,4,benchKey_29_57,bytes=30;client_id=29;clients=50
1777331078035,PUT,111,4,benchKey_49_57,bytes=30;client_id=49;clients=50
1777331078035,PUT,110,4,benchKey_47_56,bytes=30;client_id=47;clients=50
1777331078036,PUT,111,4,benchKey_39_56,bytes=30;client_id=39;clients=50
1777331078039,PUT,112,4,benchKey_21_57,bytes=30;client_id=21;clients=50
1777331078039,PUT,113,4,benchKey_20_57,bytes=30;client_id=20;clients=50
1777331078045,PUT,116,4,benchKey_7_57,bytes=29;client_id=7;clients=50
1777331078046,PUT,117,4,benchKey_41_57,bytes=30;client_id=41;clients=50
1777331078048,PUT,99,4,benchKey_14_57,bytes=30;client_id=14;clients=50
1777331078048,PUT,118,4,benchKey_38_56,bytes=30;client_id=38;clients=50
1777331078048,PUT,118,4,benchKey_46_57,bytes=30;client_id=46;clients=50
1777331078053,PUT,101,4,benchKey_19_56,bytes=30;client_id=19;clients=50
1777331078054,PUT,102,4,benchKey_24_57,bytes=30;client_id=24;clients=50
1777331078055,PUT,100,4,benchKey_0_57,bytes=29;client_id=0;clients=50
1777331078055,PUT,102,4,benchKey_17_57,bytes=30;client_id=17;clients=50
1777331078055,PUT,101,4,benchKey_25_57,bytes=30;client_id=25;clients=50
1777331078057,PUT,95,4,benchKey_8_57,bytes=29;client_id=8;clients=50
1777331078058,PUT,95,4,benchKey_45_57,bytes=30;client_id=45;clients=50
1777331078058,PUT,97,4,benchKey_31_57,bytes=30;client_id=31;clients=50
1777331078059,PUT,98,4,benchKey_35_57,bytes=30;client_id=35;clients=50
1777331078077,PUT,113,4,benchKey_36_56,bytes=30;client_id=36;clients=50
1777331078077,PUT,110,4,benchKey_44_57,bytes=30;client_id=44;clients=50
1777331078078,PUT,110,4,benchKey_27_57,bytes=30;client_id=27;clients=50
1777331078079,PUT,111,4,benchKey_26_57,bytes=30;client_id=26;clients=50
1777331078081,PUT,111,4,benchKey_28_57,bytes=30;client_id=28;clients=50
1777331078082,PUT,112,4,benchKey_18_58,bytes=30;client_id=18;clients=50
1777331078088,PUT,116,4,benchKey_3_57,bytes=29;client_id=3;clients=50
1777331078088,PUT,116,4,benchKey_43_57,bytes=30;client_id=43;clients=50
1777331078091,PUT,99,4,benchKey_9_57,bytes=29;client_id=9;clients=50
1777331078092,PUT,118,4,benchKey_12_57,bytes=30;client_id=12;clients=50
1777331078092,PUT,118,4,benchKey_6_57,bytes=29;client_id=6;clients=50
1777331078096,PUT,102,4,benchKey_11_58,bytes=30;client_id=11;clients=50
1777331078097,PUT,100,4,benchKey_4_57,bytes=29;client_id=4;clients=50
1777331078097,PUT,103,4,benchKey_32_57,bytes=30;client_id=32;clients=50
1777331078098,PUT,103,4,benchKey_2_57,bytes=29;client_id=2;clients=50
1777331078099,PUT,101,4,benchKey_16_57,bytes=30;client_id=16;clients=50
1777331078100,PUT,94,4,benchKey_37_57,bytes=30;client_id=37;clients=50
1777331078100,PUT,94,4,benchKey_22_57,bytes=30;client_id=22;clients=50
1777331078101,PUT,97,4,benchKey_10_57,bytes=30;client_id=10;clients=50
1777331078102,PUT,97,4,benchKey_15_57,bytes=30;client_id=15;clients=50
1777331078118,PUT,112,4,benchKey_1_57,bytes=29;client_id=1;clients=50
1777331078120,PUT,108,4,benchKey_33_57,bytes=30;client_id=33;clients=50
1777331078126,PUT,115,4,benchKey_42_57,bytes=30;client_id=42;clients=50
1777331078126,PUT,112,4,benchKey_5_57,bytes=29;client_id=5;clients=50
1777331078126,PUT,115,4,benchKey_40_57,bytes=30;client_id=40;clients=50
1777331078127,PUT,114,4,benchKey_13_57,bytes=30;client_id=13;clients=50
1777331078132,PUT,116,4,benchKey_30_57,bytes=30;client_id=30;clients=50
1777331078132,PUT,117,4,benchKey_23_57,bytes=30;client_id=23;clients=50
1777331078134,PUT,117,4,benchKey_34_57,bytes=30;client_id=34;clients=50
1777331078134,PUT,117,4,benchKey_48_57,bytes=30;client_id=48;clients=50
1777331078135,PUT,100,4,benchKey_29_58,bytes=30;client_id=29;clients=50
1777331078137,PUT,101,4,benchKey_49_58,bytes=30;client_id=49;clients=50
1777331078139,PUT,103,4,benchKey_47_57,bytes=30;client_id=47;clients=50
1777331078140,PUT,104,4,benchKey_39_57,bytes=30;client_id=39;clients=50
1777331078141,PUT,101,4,benchKey_20_58,bytes=30;client_id=20;clients=50
1777331078141,PUT,101,4,benchKey_21_58,bytes=30;client_id=21;clients=50
1777331078142,PUT,96,4,benchKey_41_58,bytes=30;client_id=41;clients=50
1777331078142,PUT,97,4,benchKey_7_58,bytes=29;client_id=7;clients=50
1777331078144,PUT,95,4,benchKey_38_57,bytes=30;client_id=38;clients=50
1777331078145,PUT,96,4,benchKey_14_58,bytes=30;client_id=14;clients=50
1777331078160,PUT,111,4,benchKey_46_58,bytes=30;client_id=46;clients=50
1777331078162,PUT,108,4,benchKey_19_57,bytes=30;client_id=19;clients=50
1777331078170,PUT,114,4,benchKey_0_58,bytes=29;client_id=0;clients=50
1777331078170,PUT,114,4,benchKey_17_58,bytes=30;client_id=17;clients=50
1777331078170,PUT,114,4,benchKey_25_58,bytes=30;client_id=25;clients=50
1777331078171,PUT,116,4,benchKey_24_58,bytes=30;client_id=24;clients=50
1777331078173,PUT,115,4,benchKey_45_58,bytes=30;client_id=45;clients=50
1777331078174,PUT,117,4,benchKey_8_58,bytes=29;client_id=8;clients=50
1777331078176,PUT,117,4,benchKey_35_58,bytes=30;client_id=35;clients=50
1777331078177,PUT,100,4,benchKey_36_57,bytes=30;client_id=36;clients=50
1777331078177,PUT,118,4,benchKey_31_58,bytes=30;client_id=31;clients=50
1777331078179,PUT,101,4,benchKey_44_58,bytes=30;client_id=44;clients=50
1777331078181,PUT,103,4,benchKey_27_58,bytes=30;client_id=27;clients=50
1777331078185,PUT,103,4,benchKey_28_58,bytes=30;client_id=28;clients=50
1777331078185,PUT,105,4,benchKey_26_58,bytes=30;client_id=26;clients=50
1777331078185,PUT,102,4,benchKey_18_59,bytes=30;client_id=18;clients=50
1777331078185,PUT,58,4,benchKey_42_58,bytes=30;client_id=42;clients=50
1777331078185,PUT,96,4,benchKey_43_58,bytes=30;client_id=43;clients=50
1777331078186,PUT,94,4,benchKey_9_58,bytes=29;client_id=9;clients=50
1777331078186,PUT,97,4,benchKey_3_58,bytes=29;client_id=3;clients=50
1777331078187,PUT,95,4,benchKey_12_58,bytes=30;client_id=12;clients=50
1777331078203,PUT,110,4,benchKey_6_58,bytes=29;client_id=6;clients=50
1777331078205,PUT,109,4,benchKey_11_59,bytes=30;client_id=11;clients=50
1777331078211,PUT,113,4,benchKey_32_58,bytes=30;client_id=32;clients=50
1777331078212,PUT,114,4,benchKey_2_58,bytes=29;client_id=2;clients=50
1777331078212,PUT,113,4,benchKey_16_58,bytes=30;client_id=16;clients=50
1777331078213,PUT,116,4,benchKey_4_58,bytes=29;client_id=4;clients=50
1777331078215,PUT,114,4,benchKey_37_58,bytes=30;client_id=37;clients=50
1777331078216,PUT,115,4,benchKey_22_58,bytes=30;client_id=22;clients=50
1777331078218,PUT,117,4,benchKey_10_58,bytes=30;client_id=10;clients=50
1777331078219,PUT,100,4,benchKey_1_58,bytes=29;client_id=1;clients=50
1777331078219,PUT,117,4,benchKey_15_58,bytes=30;client_id=15;clients=50
1777331078221,PUT,101,4,benchKey_33_58,bytes=30;client_id=33;clients=50
1777331078226,PUT,99,4,benchKey_13_58,bytes=30;client_id=13;clients=50
1777331078227,PUT,93,4,benchKey_34_58,bytes=30;client_id=34;clients=50
1777331078228,PUT,96,4,benchKey_23_58,bytes=30;client_id=23;clients=50
1777331078229,PUT,97,4,benchKey_30_58,bytes=30;client_id=30;clients=50
1777331078229,PUT,102,4,benchKey_5_58,bytes=29;client_id=5;clients=50
1777331078230,PUT,95,4,benchKey_48_58,bytes=30;client_id=48;clients=50
1777331078230,PUT,103,4,benchKey_40_58,bytes=30;client_id=40;clients=50
1777331078231,PUT,96,4,benchKey_29_59,bytes=30;client_id=29;clients=50
1777331078245,PUT,107,4,benchKey_49_59,bytes=30;client_id=49;clients=50
1777331078247,PUT,107,4,benchKey_47_58,bytes=30;client_id=47;clients=50
1777331078254,PUT,114,4,benchKey_39_58,bytes=30;client_id=39;clients=50
1777331078255,PUT,113,4,benchKey_20_59,bytes=30;client_id=20;clients=50
1777331078256,PUT,115,4,benchKey_21_59,bytes=30;client_id=21;clients=50
1777331078257,PUT,113,4,benchKey_7_59,bytes=29;client_id=7;clients=50
1777331078258,PUT,115,4,benchKey_41_59,bytes=30;client_id=41;clients=50
1777331078259,PUT,115,4,benchKey_38_58,bytes=30;client_id=38;clients=50
1777331078261,PUT,101,4,benchKey_46_59,bytes=30;client_id=46;clients=50
1777331078262,PUT,99,4,benchKey_19_58,bytes=30;client_id=19;clients=50
1777331078262,PUT,117,4,benchKey_14_59,bytes=30;client_id=14;clients=50
1777331078264,PUT,94,4,benchKey_0_59,bytes=29;client_id=0;clients=50
1777331078268,PUT,98,4,benchKey_17_59,bytes=30;client_id=17;clients=50
1777331078270,PUT,100,4,benchKey_25_59,bytes=30;client_id=25;clients=50
1777331078271,PUT,100,4,benchKey_24_59,bytes=30;client_id=24;clients=50
1777331078272,PUT,98,4,benchKey_45_59,bytes=30;client_id=45;clients=50
1777331078272,PUT,96,4,benchKey_35_59,bytes=30;client_id=35;clients=50
1777331078272,PUT,95,4,benchKey_36_58,bytes=30;client_id=36;clients=50
1777331078272,PUT,97,4,benchKey_8_59,bytes=29;client_id=8;clients=50
1777331078273,PUT,95,4,benchKey_31_59,bytes=30;client_id=31;clients=50
1777331078288,PUT,108,4,benchKey_44_59,bytes=30;client_id=44;clients=50
1777331078291,PUT,109,4,benchKey_27_59,bytes=30;client_id=27;clients=50
1777331078297,PUT,111,4,benchKey_28_59,bytes=30;client_id=28;clients=50
1777331078297,PUT,112,4,benchKey_26_59,bytes=30;client_id=26;clients=50
1777331078300,PUT,114,4,benchKey_42_59,bytes=30;client_id=42;clients=50
1777331078300,PUT,114,4,benchKey_43_59,bytes=30;client_id=43;clients=50
1777331078300,PUT,114,4,benchKey_18_60,bytes=30;client_id=18;clients=50
1777331078303,PUT,116,4,benchKey_9_59,bytes=29;client_id=9;clients=50
1777331078305,PUT,101,4,benchKey_6_59,bytes=29;client_id=6;clients=50
1777331078305,PUT,118,4,benchKey_3_59,bytes=29;client_id=3;clients=50
1777331078305,PUT,118,4,benchKey_12_59,bytes=30;client_id=12;clients=50
1777331078306,PUT,100,4,benchKey_11_60,bytes=30;client_id=11;clients=50
1777331078311,PUT,100,4,benchKey_32_59,bytes=30;client_id=32;clients=50
1777331078312,PUT,99,4,benchKey_16_59,bytes=30;client_id=16;clients=50
1777331078315,PUT,102,4,benchKey_2_59,bytes=29;client_id=2;clients=50
1777331078315,PUT,99,4,benchKey_37_59,bytes=30;client_id=37;clients=50
1777331078315,PUT,98,4,benchKey_22_59,bytes=30;client_id=22;clients=50
1777331078315,PUT,101,4,benchKey_4_59,bytes=29;client_id=4;clients=50
1777331078316,PUT,96,4,benchKey_1_59,bytes=29;client_id=1;clients=50
1777331078316,PUT,98,4,benchKey_10_59,bytes=30;client_id=10;clients=50
1777331078330,PUT,109,4,benchKey_15_59,bytes=30;client_id=15;clients=50
1777331078333,PUT,111,4,benchKey_33_59,bytes=30;client_id=33;clients=50
1777331078340,PUT,112,4,benchKey_34_59,bytes=30;client_id=34;clients=50
1777331078340,PUT,113,4,benchKey_13_59,bytes=30;client_id=13;clients=50
1777331078342,PUT,113,4,benchKey_23_59,bytes=30;client_id=23;clients=50
1777331078343,PUT,113,4,benchKey_5_59,bytes=29;client_id=5;clients=50
1777331078343,PUT,114,4,benchKey_30_59,bytes=30;client_id=30;clients=50
1777331078345,PUT,114,4,benchKey_48_59,bytes=30;client_id=48;clients=50
1777331078347,PUT,116,4,benchKey_29_60,bytes=30;client_id=29;clients=50
1777331078349,PUT,118,4,benchKey_40_59,bytes=30;client_id=40;clients=50
1777331078349,PUT,101,4,benchKey_47_59,bytes=30;client_id=47;clients=50
1777331078349,PUT,103,4,benchKey_49_60,bytes=30;client_id=49;clients=50
1777331078354,PUT,99,4,benchKey_20_60,bytes=30;client_id=20;clients=50
1777331078354,PUT,99,4,benchKey_39_59,bytes=30;client_id=39;clients=50
1777331078357,PUT,100,4,benchKey_21_60,bytes=30;client_id=21;clients=50
1777331078358,PUT,98,4,benchKey_38_59,bytes=30;client_id=38;clients=50
1777331078359,PUT,102,4,benchKey_7_60,bytes=29;client_id=7;clients=50
1777331078359,PUT,97,4,benchKey_19_59,bytes=30;client_id=19;clients=50
1777331078360,PUT,102,4,benchKey_41_60,bytes=30;client_id=41;clients=50
1777331078360,PUT,98,4,benchKey_46_60,bytes=30;client_id=46;clients=50
1777331078373,PUT,110,4,benchKey_14_60,bytes=30;client_id=14;clients=50
1777331078376,PUT,111,4,benchKey_0_60,bytes=29;client_id=0;clients=50
1777331078381,PUT,111,4,benchKey_25_60,bytes=30;client_id=25;clients=50
1777331078381,PUT,113,4,benchKey_17_60,bytes=30;client_id=17;clients=50
1777331078384,PUT,112,4,benchKey_24_60,bytes=30;client_id=24;clients=50
1777331078385,PUT,113,4,benchKey_45_60,bytes=30;client_id=45;clients=50
1777331078386,PUT,113,4,benchKey_35_60,bytes=30;client_id=35;clients=50
1777331078387,PUT,114,4,benchKey_36_59,bytes=30;client_id=36;clients=50
1777331078390,PUT,117,4,benchKey_8_60,bytes=29;client_id=8;clients=50
1777331078392,PUT,103,4,benchKey_44_60,bytes=30;client_id=44;clients=50
1777331078392,PUT,118,4,benchKey_31_60,bytes=30;client_id=31;clients=50
1777331078393,PUT,102,4,benchKey_27_60,bytes=30;client_id=27;clients=50
1777331078396,PUT,99,4,benchKey_28_60,bytes=30;client_id=28;clients=50
1777331078396,PUT,98,4,benchKey_26_60,bytes=30;client_id=26;clients=50
1777331078400,PUT,100,4,benchKey_43_60,bytes=30;client_id=43;clients=50
1777331078401,PUT,101,4,benchKey_42_60,bytes=30;client_id=42;clients=50
1777331078402,PUT,98,4,benchKey_9_60,bytes=29;client_id=9;clients=50
1777331078403,PUT,97,4,benchKey_3_60,bytes=29;client_id=3;clients=50
1777331078403,PUT,98,4,benchKey_6_60,bytes=29;client_id=6;clients=50
1777331078403,PUT,102,4,benchKey_18_61,bytes=30;client_id=18;clients=50
1777331078417,PUT,111,4,benchKey_12_60,bytes=30;client_id=12;clients=50
1777331078417,PUT,110,4,benchKey_11_61,bytes=30;client_id=11;clients=50
1777331078424,PUT,111,4,benchKey_16_60,bytes=30;client_id=16;clients=50
1777331078424,PUT,112,4,benchKey_32_60,bytes=30;client_id=32;clients=50
1777331078428,PUT,112,4,benchKey_37_60,bytes=30;client_id=37;clients=50
1777331078428,PUT,113,4,benchKey_2_60,bytes=29;client_id=2;clients=50
1777331078428,PUT,112,4,benchKey_22_60,bytes=30;client_id=22;clients=50
1777331078430,PUT,114,4,benchKey_4_60,bytes=29;client_id=4;clients=50
1777331078433,PUT,116,4,benchKey_1_60,bytes=29;client_id=1;clients=50
1777331078434,PUT,117,4,benchKey_10_60,bytes=30;client_id=10;clients=50
1777331078434,PUT,104,4,benchKey_15_60,bytes=30;client_id=15;clients=50
1777331078436,PUT,102,4,benchKey_33_60,bytes=30;client_id=33;clients=50
1777331078438,PUT,98,4,benchKey_13_60,bytes=30;client_id=13;clients=50
1777331078438,PUT,98,4,benchKey_34_60,bytes=30;client_id=34;clients=50
1777331078442,PUT,99,4,benchKey_23_60,bytes=30;client_id=23;clients=50
1777331078443,PUT,100,4,benchKey_5_60,bytes=29;client_id=5;clients=50
1777331078444,PUT,100,4,benchKey_30_60,bytes=30;client_id=30;clients=50
1777331078444,PUT,99,4,benchKey_48_60,bytes=30;client_id=48;clients=50
1777331078446,PUT,96,4,benchKey_40_60,bytes=30;client_id=40;clients=50
1777331078446,PUT,98,4,benchKey_29_61,bytes=30;client_id=29;clients=50
1777331078460,PUT,110,4,benchKey_49_61,bytes=30;client_id=49;clients=50
1777331078461,PUT,111,4,benchKey_47_60,bytes=30;client_id=47;clients=50
1777331078466,PUT,111,4,benchKey_39_60,bytes=30;client_id=39;clients=50
1777331078467,PUT,112,4,benchKey_20_61,bytes=30;client_id=20;clients=50
1777331078470,PUT,112,4,benchKey_38_60,bytes=30;client_id=38;clients=50
1777331078471,PUT,111,4,benchKey_7_61,bytes=29;client_id=7;clients=50
1777331078472,PUT,113,4,benchKey_21_61,bytes=30;client_id=21;clients=50
1777331078472,PUT,112,4,benchKey_19_60,bytes=30;client_id=19;clients=50
1777331078475,PUT,115,4,benchKey_41_61,bytes=30;client_id=41;clients=50
1777331078476,PUT,103,4,benchKey_14_61,bytes=30;client_id=14;clients=50
1777331078476,PUT,116,4,benchKey_46_61,bytes=30;client_id=46;clients=50
1777331078478,PUT,102,4,benchKey_0_61,bytes=29;client_id=0;clients=50
1777331078481,PUT,99,4,benchKey_25_61,bytes=30;client_id=25;clients=50
1777331078482,PUT,99,4,benchKey_17_61,bytes=30;client_id=17;clients=50
1777331078485,PUT,100,4,benchKey_24_61,bytes=30;client_id=24;clients=50
1777331078486,PUT,99,4,benchKey_35_61,bytes=30;client_id=35;clients=50
1777331078486,PUT,100,4,benchKey_45_61,bytes=30;client_id=45;clients=50
1777331078488,PUT,97,4,benchKey_8_61,bytes=29;client_id=8;clients=50
1777331078488,PUT,96,4,benchKey_44_61,bytes=30;client_id=44;clients=50
1777331078488,PUT,100,4,benchKey_36_60,bytes=30;client_id=36;clients=50
1777331078503,PUT,110,4,benchKey_27_61,bytes=30;client_id=27;clients=50
1777331078503,PUT,111,4,benchKey_31_61,bytes=30;client_id=31;clients=50
1777331078508,PUT,111,4,benchKey_28_61,bytes=30;client_id=28;clients=50
1777331078509,PUT,112,4,benchKey_26_61,bytes=30;client_id=26;clients=50
1777331078514,PUT,113,4,benchKey_43_61,bytes=30;client_id=43;clients=50
1777331078514,PUT,113,4,benchKey_42_61,bytes=30;client_id=42;clients=50
1777331078517,PUT,114,4,benchKey_3_61,bytes=29;client_id=3;clients=50
1777331078518,PUT,115,4,benchKey_9_61,bytes=29;client_id=9;clients=50
1777331078519,PUT,115,4,benchKey_18_62,bytes=30;client_id=18;clients=50
1777331078520,PUT,116,4,benchKey_6_61,bytes=29;client_id=6;clients=50
1777331078520,PUT,103,4,benchKey_12_61,bytes=30;client_id=12;clients=50
1777331078522,PUT,104,4,benchKey_11_62,bytes=30;client_id=11;clients=50
1777331078524,PUT,100,4,benchKey_16_61,bytes=30;client_id=16;clients=50
1777331078525,PUT,101,4,benchKey_32_61,bytes=30;client_id=32;clients=50
1777331078526,PUT,98,4,benchKey_37_61,bytes=30;client_id=37;clients=50
1777331078527,PUT,99,4,benchKey_2_61,bytes=29;client_id=2;clients=50
1777331078529,PUT,101,4,benchKey_22_61,bytes=30;client_id=22;clients=50
1777331078531,PUT,100,4,benchKey_4_61,bytes=29;client_id=4;clients=50
1777331078531,PUT,98,4,benchKey_1_61,bytes=29;client_id=1;clients=50
1777331078531,PUT,97,4,benchKey_10_61,bytes=30;client_id=10;clients=50
1777331078546,PUT,111,4,benchKey_15_61,bytes=30;client_id=15;clients=50
1777331078546,PUT,110,4,benchKey_33_61,bytes=30;client_id=33;clients=50
1777331078551,PUT,112,4,benchKey_34_61,bytes=30;client_id=34;clients=50
1777331078551,PUT,112,4,benchKey_13_61,bytes=30;client_id=13;clients=50
1777331078556,PUT,113,4,benchKey_23_61,bytes=30;client_id=23;clients=50
1777331078556,PUT,112,4,benchKey_5_61,bytes=29;client_id=5;clients=50
1777331078558,PUT,113,4,benchKey_48_61,bytes=30;client_id=48;clients=50
1777331078560,PUT,116,4,benchKey_30_61,bytes=30;client_id=30;clients=50
1777331078561,PUT,115,4,benchKey_29_62,bytes=30;client_id=29;clients=50
1777331078562,PUT,116,4,benchKey_40_61,bytes=30;client_id=40;clients=50
1777331078563,PUT,103,4,benchKey_49_62,bytes=30;client_id=49;clients=50
1777331078564,PUT,103,4,benchKey_47_61,bytes=30;client_id=47;clients=50
1777331078566,PUT,99,4,benchKey_20_62,bytes=30;client_id=20;clients=50
1777331078566,PUT,100,4,benchKey_39_61,bytes=30;client_id=39;clients=50
1777331078568,PUT,97,4,benchKey_38_61,bytes=30;client_id=38;clients=50
1777331078569,PUT,98,4,benchKey_7_62,bytes=29;client_id=7;clients=50
1777331078573,PUT,96,4,benchKey_14_62,bytes=30;client_id=14;clients=50
1777331078574,PUT,98,4,benchKey_41_62,bytes=30;client_id=41;clients=50
1777331078574,PUT,102,4,benchKey_21_62,bytes=30;client_id=21;clients=50
1777331078575,PUT,103,4,benchKey_19_61,bytes=30;client_id=19;clients=50
1777331078592,PUT,115,4,benchKey_46_62,bytes=30;client_id=46;clients=50
1777331078592,PUT,113,4,benchKey_0_62,bytes=29;client_id=0;clients=50
1777331078595,PUT,114,4,benchKey_25_62,bytes=30;client_id=25;clients=50
1777331078598,PUT,116,4,benchKey_17_62,bytes=30;client_id=17;clients=50
1777331078598,PUT,112,4,benchKey_35_62,bytes=30;client_id=35;clients=50
1777331078603,PUT,117,4,benchKey_24_62,bytes=30;client_id=24;clients=50
1777331078604,PUT,117,4,benchKey_45_62,bytes=30;client_id=45;clients=50
1777331078605,PUT,116,4,benchKey_44_62,bytes=30;client_id=44;clients=50
1777331078605,PUT,116,4,benchKey_36_61,bytes=30;client_id=36;clients=50
1777331078606,PUT,117,4,benchKey_8_62,bytes=29;client_id=8;clients=50
1777331078610,PUT,100,4,benchKey_26_62,bytes=30;client_id=26;clients=50
1777331078610,PUT,96,4,benchKey_42_62,bytes=30;client_id=42;clients=50
1777331078610,PUT,107,4,benchKey_27_62,bytes=30;client_id=27;clients=50
1777331078609,PUT,105,4,benchKey_31_62,bytes=30;client_id=31;clients=50
1777331078611,PUT,103,4,benchKey_28_62,bytes=30;client_id=28;clients=50
1777331078614,PUT,100,4,benchKey_43_62,bytes=30;client_id=43;clients=50
1777331078617,PUT,99,4,benchKey_3_62,bytes=29;client_id=3;clients=50
1777331078620,PUT,100,4,benchKey_18_63,bytes=30;client_id=18;clients=50
1777331078620,PUT,102,4,benchKey_9_62,bytes=29;client_id=9;clients=50
1777331078622,PUT,102,4,benchKey_6_62,bytes=29;client_id=6;clients=50
1777331078641,PUT,118,4,benchKey_11_63,bytes=30;client_id=11;clients=50
1777331078642,PUT,79,4,benchKey_49_63,bytes=30;client_id=49;clients=50
1777331078642,PUT,118,4,benchKey_16_62,bytes=30;client_id=16;clients=50
1777331078644,PUT,119,4,benchKey_32_62,bytes=30;client_id=32;clients=50
1777331078647,PUT,120,4,benchKey_37_62,bytes=30;client_id=37;clients=50
1777331078648,PUT,127,4,benchKey_12_62,bytes=30;client_id=12;clients=50
1777331078648,PUT,119,4,benchKey_22_62,bytes=30;client_id=22;clients=50
1777331078652,PUT,120,4,benchKey_10_62,bytes=30;client_id=10;clients=50
1777331078653,PUT,122,4,benchKey_4_62,bytes=29;client_id=4;clients=50
1777331078654,PUT,81,4,benchKey_14_63,bytes=30;client_id=14;clients=50
1777331078655,PUT,109,4,benchKey_15_62,bytes=30;client_id=15;clients=50
1777331078656,PUT,104,4,benchKey_13_62,bytes=30;client_id=13;clients=50
1777331078657,PUT,100,4,benchKey_23_62,bytes=30;client_id=23;clients=50
1777331078657,PUT,83,4,benchKey_21_63,bytes=30;client_id=21;clients=50
1777331078658,PUT,130,4,benchKey_2_62,bytes=29;client_id=2;clients=50
1777331078658,PUT,112,4,benchKey_33_62,bytes=30;client_id=33;clients=50
1777331078660,PUT,128,4,benchKey_1_62,bytes=29;client_id=1;clients=50
1777331078661,PUT,62,4,benchKey_35_63,bytes=30;client_id=35;clients=50
1777331078661,PUT,110,4,benchKey_34_62,bytes=30;client_id=34;clients=50
1777331078662,PUT,102,4,benchKey_30_62,bytes=30;client_id=30;clients=50
1777331078664,PUT,59,4,benchKey_44_63,bytes=30;client_id=44;clients=50
1777331078665,PUT,103,4,benchKey_29_63,bytes=30;client_id=29;clients=50
1777331078666,PUT,107,4,benchKey_48_62,bytes=30;client_id=48;clients=50
1777331078666,PUT,110,4,benchKey_5_62,bytes=29;client_id=5;clients=50
1777331078671,PUT,109,4,benchKey_40_62,bytes=30;client_id=40;clients=50
1777331078688,PUT,121,4,benchKey_20_63,bytes=30;client_id=20;clients=50
1777331078690,PUT,123,4,benchKey_39_62,bytes=30;client_id=39;clients=50
1777331078690,PUT,125,4,benchKey_47_62,bytes=30;client_id=47;clients=50
1777331078696,PUT,126,4,benchKey_7_63,bytes=29;client_id=7;clients=50
1777331078696,PUT,127,4,benchKey_38_62,bytes=30;client_id=38;clients=50
1777331078696,PUT,121,4,benchKey_19_62,bytes=30;client_id=19;clients=50
1777331078696,PUT,104,4,benchKey_46_63,bytes=30;client_id=46;clients=50
1777331078699,PUT,103,4,benchKey_25_63,bytes=30;client_id=25;clients=50
1777331078700,PUT,126,4,benchKey_41_63,bytes=30;client_id=41;clients=50
1777331078701,PUT,109,4,benchKey_0_63,bytes=29;client_id=0;clients=50
1777331078701,PUT,103,4,benchKey_17_63,bytes=30;client_id=17;clients=50
1777331078703,PUT,98,4,benchKey_45_63,bytes=30;client_id=45;clients=50
1777331078706,PUT,100,4,benchKey_36_62,bytes=30;client_id=36;clients=50
1777331078707,PUT,97,4,benchKey_8_63,bytes=29;client_id=8;clients=50
1777331078709,PUT,106,4,benchKey_24_63,bytes=30;client_id=24;clients=50
1777331078709,PUT,99,4,benchKey_27_63,bytes=30;client_id=27;clients=50
1777331078710,PUT,98,4,benchKey_31_63,bytes=30;client_id=31;clients=50
1777331078711,PUT,101,4,benchKey_42_63,bytes=30;client_id=42;clients=50
1777331078713,PUT,102,4,benchKey_28_63,bytes=30;client_id=28;clients=50
1777331078715,PUT,104,4,benchKey_26_63,bytes=30;client_id=26;clients=50
1777331078730,PUT,115,4,benchKey_43_63,bytes=30;client_id=43;clients=50
1777331078732,PUT,112,4,benchKey_18_64,bytes=30;client_id=18;clients=50
1777331078733,PUT,116,4,benchKey_3_63,bytes=29;client_id=3;clients=50
1777331078739,PUT,97,4,benchKey_11_64,bytes=30;client_id=11;clients=50
1777331078739,PUT,117,4,benchKey_6_63,bytes=29;client_id=6;clients=50
1777331078739,PUT,96,4,benchKey_49_64,bytes=30;client_id=49;clients=50
1777331078740,PUT,119,4,benchKey_9_63,bytes=29;client_id=9;clients=50
1777331078743,PUT,95,4,benchKey_37_63,bytes=30;client_id=37;clients=50
1777331078745,PUT,97,4,benchKey_12_63,bytes=30;client_id=12;clients=50
1777331078747,PUT,98,4,benchKey_22_63,bytes=30;client_id=22;clients=50
1777331078746,PUT,103,4,benchKey_16_63,bytes=30;client_id=16;clients=50
1777331078748,PUT,104,4,benchKey_32_63,bytes=30;client_id=32;clients=50
1777331078750,PUT,96,4,benchKey_14_64,bytes=30;client_id=14;clients=50
1777331078751,PUT,94,4,benchKey_13_63,bytes=30;client_id=13;clients=50
1777331078751,PUT,97,4,benchKey_4_63,bytes=29;client_id=4;clients=50
1777331078752,PUT,100,4,benchKey_10_63,bytes=30;client_id=10;clients=50
1777331078754,PUT,97,4,benchKey_23_63,bytes=30;client_id=23;clients=50
1777331078753,PUT,97,4,benchKey_15_63,bytes=30;client_id=15;clients=50
1777331078760,PUT,102,4,benchKey_2_63,bytes=29;client_id=2;clients=50
1777331078760,PUT,102,4,benchKey_21_64,bytes=30;client_id=21;clients=50
1777331078772,PUT,113,4,benchKey_33_63,bytes=30;client_id=33;clients=50
1777331078774,PUT,113,4,benchKey_35_64,bytes=30;client_id=35;clients=50
1777331078774,PUT,113,4,benchKey_1_63,bytes=29;client_id=1;clients=50
1777331078781,PUT,117,4,benchKey_44_64,bytes=30;client_id=44;clients=50
1777331078782,PUT,117,4,benchKey_29_64,bytes=30;client_id=29;clients=50
1777331078783,PUT,121,4,benchKey_34_63,bytes=30;client_id=34;clients=50
1777331078785,PUT,122,4,benchKey_30_63,bytes=30;client_id=30;clients=50
1777331078787,PUT,115,4,benchKey_40_63,bytes=30;client_id=40;clients=50
1777331078788,PUT,121,4,benchKey_48_63,bytes=30;client_id=48;clients=50
1777331078790,PUT,102,4,benchKey_20_64,bytes=30;client_id=20;clients=50
1777331078791,PUT,124,4,benchKey_5_63,bytes=29;client_id=5;clients=50
1777331078793,PUT,103,4,benchKey_39_63,bytes=30;client_id=39;clients=50
1777331078795,PUT,99,4,benchKey_7_64,bytes=29;client_id=7;clients=50
1777331078796,PUT,105,4,benchKey_47_63,bytes=30;client_id=47;clients=50
1777331078796,PUT,100,4,benchKey_38_63,bytes=30;client_id=38;clients=50
1777331078797,PUT,100,4,benchKey_19_63,bytes=30;client_id=19;clients=50
1777331078800,PUT,103,4,benchKey_46_64,bytes=30;client_id=46;clients=50
1777331078801,PUT,101,4,benchKey_25_64,bytes=30;client_id=25;clients=50
1777331078803,PUT,101,4,benchKey_0_64,bytes=29;client_id=0;clients=50
1777331078804,PUT,103,4,benchKey_41_64,bytes=30;client_id=41;clients=50
1777331078814,PUT,112,4,benchKey_17_64,bytes=30;client_id=17;clients=50
1777331078816,PUT,111,4,benchKey_45_64,bytes=30;client_id=45;clients=50
1777331078816,PUT,109,4,benchKey_36_63,bytes=30;client_id=36;clients=50
1777331078822,PUT,115,4,benchKey_8_64,bytes=29;client_id=8;clients=50
1777331078824,PUT,114,4,benchKey_24_64,bytes=30;client_id=24;clients=50
1777331078825,PUT,114,4,benchKey_27_64,bytes=30;client_id=27;clients=50
1777331078825,PUT,115,4,benchKey_31_64,bytes=30;client_id=31;clients=50
1777331078828,PUT,116,4,benchKey_42_64,bytes=30;client_id=42;clients=50
1777331078830,PUT,116,4,benchKey_28_64,bytes=30;client_id=28;clients=50
1777331078831,PUT,115,4,benchKey_26_64,bytes=30;client_id=26;clients=50
1777331078833,PUT,102,4,benchKey_43_64,bytes=30;client_id=43;clients=50
1777331078836,PUT,103,4,benchKey_18_65,bytes=30;client_id=18;clients=50
1777331078837,PUT,104,4,benchKey_3_64,bytes=29;client_id=3;clients=50
1777331078838,PUT,98,4,benchKey_6_64,bytes=29;client_id=6;clients=50
1777331078839,PUT,98,4,benchKey_9_64,bytes=29;client_id=9;clients=50
1777331078842,PUT,102,4,benchKey_49_65,bytes=30;client_id=49;clients=50
1777331078843,PUT,99,4,benchKey_37_64,bytes=30;client_id=37;clients=50
1777331078843,PUT,103,4,benchKey_11_65,bytes=30;client_id=11;clients=50
1777331078845,PUT,96,4,benchKey_16_64,bytes=30;client_id=16;clients=50
1777331078846,PUT,98,4,benchKey_12_64,bytes=30;client_id=12;clients=50
1777331078856,PUT,107,4,benchKey_32_64,bytes=30;client_id=32;clients=50
1777331078857,PUT,106,4,benchKey_14_65,bytes=30;client_id=14;clients=50
1777331078858,PUT,109,4,benchKey_22_64,bytes=30;client_id=22;clients=50
1777331078863,PUT,111,4,benchKey_13_64,bytes=30;client_id=13;clients=50
1777331078865,PUT,113,4,benchKey_4_64,bytes=29;client_id=4;clients=50
1777331078866,PUT,110,4,benchKey_23_64,bytes=30;client_id=23;clients=50
1777331078866,PUT,110,4,benchKey_10_64,bytes=30;client_id=10;clients=50
1777331078871,PUT,110,4,benchKey_2_64,bytes=29;client_id=2;clients=50
1777331078871,PUT,114,4,benchKey_15_64,bytes=30;client_id=15;clients=50
1777331078872,PUT,111,4,benchKey_21_65,bytes=30;client_id=21;clients=50
1777331078875,PUT,102,4,benchKey_33_64,bytes=30;client_id=33;clients=50
1777331078878,PUT,103,4,benchKey_35_65,bytes=30;client_id=35;clients=50
1777331078879,PUT,103,4,benchKey_1_64,bytes=29;client_id=1;clients=50
1777331078880,PUT,98,4,benchKey_44_65,bytes=30;client_id=44;clients=50
1777331078880,PUT,95,4,benchKey_34_64,bytes=30;client_id=34;clients=50
1777331078884,PUT,99,4,benchKey_30_64,bytes=30;client_id=30;clients=50
1777331078884,PUT,99,4,benchKey_29_65,bytes=30;client_id=29;clients=50
1777331078884,PUT,96,4,benchKey_40_64,bytes=30;client_id=40;clients=50
1777331078887,PUT,96,4,benchKey_20_65,bytes=30;client_id=20;clients=50
1777331078887,PUT,98,4,benchKey_48_64,bytes=30;client_id=48;clients=50
1777331078897,PUT,105,4,benchKey_5_64,bytes=29;client_id=5;clients=50
1777331078898,PUT,104,4,benchKey_39_64,bytes=30;client_id=39;clients=50
1777331078900,PUT,104,4,benchKey_7_65,bytes=29;client_id=7;clients=50
1777331078905,PUT,109,4,benchKey_47_64,bytes=30;client_id=47;clients=50
1777331078906,PUT,109,4,benchKey_38_64,bytes=30;client_id=38;clients=50
1777331078907,PUT,109,4,benchKey_19_64,bytes=30;client_id=19;clients=50
1777331078907,PUT,106,4,benchKey_46_65,bytes=30;client_id=46;clients=50
1777331078912,PUT,108,4,benchKey_0_65,bytes=29;client_id=0;clients=50
1777331078912,PUT,110,4,benchKey_25_65,bytes=30;client_id=25;clients=50
1777331078914,PUT,110,4,benchKey_41_65,bytes=30;client_id=41;clients=50
1777331078917,PUT,102,4,benchKey_17_65,bytes=30;client_id=17;clients=50
1777331078920,PUT,104,4,benchKey_45_65,bytes=30;client_id=45;clients=50
1777331078920,PUT,104,4,benchKey_36_64,bytes=30;client_id=36;clients=50
1777331078921,PUT,96,4,benchKey_24_65,bytes=30;client_id=24;clients=50
1777331078921,PUT,98,4,benchKey_8_65,bytes=29;client_id=8;clients=50
1777331078925,PUT,100,4,benchKey_31_65,bytes=30;client_id=31;clients=50
1777331078925,PUT,100,4,benchKey_27_65,bytes=30;client_id=27;clients=50
1777331078925,PUT,96,4,benchKey_42_65,bytes=30;client_id=42;clients=50
1777331078929,PUT,99,4,benchKey_28_65,bytes=30;client_id=28;clients=50
1777331078929,PUT,98,4,benchKey_26_65,bytes=30;client_id=26;clients=50
1777331078939,PUT,103,4,benchKey_18_66,bytes=30;client_id=18;clients=50
1777331078939,PUT,106,4,benchKey_43_65,bytes=30;client_id=43;clients=50
1777331078942,PUT,104,4,benchKey_3_65,bytes=29;client_id=3;clients=50
1777331078947,PUT,108,4,benchKey_9_65,bytes=29;client_id=9;clients=50
1777331078947,PUT,109,4,benchKey_6_65,bytes=29;client_id=6;clients=50
1777331078948,PUT,105,4,benchKey_49_66,bytes=30;client_id=49;clients=50
1777331078948,PUT,104,4,benchKey_11_66,bytes=30;client_id=11;clients=50
1777331078953,PUT,110,4,benchKey_37_65,bytes=30;client_id=37;clients=50
1777331078953,PUT,108,4,benchKey_16_65,bytes=30;client_id=16;clients=50
1777331078955,PUT,108,4,benchKey_12_65,bytes=30;client_id=12;clients=50
1777331078958,PUT,102,4,benchKey_32_65,bytes=30;client_id=32;clients=50
1777331078961,PUT,104,4,benchKey_14_66,bytes=30;client_id=14;clients=50
1777331078962,PUT,99,4,benchKey_13_65,bytes=30;client_id=13;clients=50
1777331078962,PUT,97,4,benchKey_4_65,bytes=29;client_id=4;clients=50
1777331078962,PUT,104,4,benchKey_22_65,bytes=30;client_id=22;clients=50
1777331078966,PUT,100,4,benchKey_10_65,bytes=30;client_id=10;clients=50
1777331078967,PUT,101,4,benchKey_23_65,bytes=30;client_id=23;clients=50
1777331078967,PUT,96,4,benchKey_15_65,bytes=30;client_id=15;clients=50
1777331078971,PUT,99,4,benchKey_21_66,bytes=30;client_id=21;clients=50
1777331078971,PUT,100,4,benchKey_2_65,bytes=29;client_id=2;clients=50
1777331078982,PUT,107,4,benchKey_33_65,bytes=30;client_id=33;clients=50
1777331078983,PUT,104,4,benchKey_35_66,bytes=30;client_id=35;clients=50
1777331078984,PUT,105,4,benchKey_1_65,bytes=29;client_id=1;clients=50
1777331078990,PUT,109,4,benchKey_44_66,bytes=30;client_id=44;clients=50
1777331078990,PUT,109,4,benchKey_34_65,bytes=30;client_id=34;clients=50
1777331078990,PUT,106,4,benchKey_29_66,bytes=30;client_id=29;clients=50
1777331078990,PUT,106,4,benchKey_30_65,bytes=30;client_id=30;clients=50
1777331078996,PUT,111,4,benchKey_40_65,bytes=30;client_id=40;clients=50
1777331078996,PUT,109,4,benchKey_20_66,bytes=30;client_id=20;clients=50
1777331078997,PUT,110,4,benchKey_48_65,bytes=30;client_id=48;clients=50
1777331079002,PUT,104,4,benchKey_5_65,bytes=29;client_id=5;clients=50
1777331079003,PUT,105,4,benchKey_39_65,bytes=30;client_id=39;clients=50
1777331079004,PUT,99,4,benchKey_47_65,bytes=30;client_id=47;clients=50
1777331079005,PUT,104,4,benchKey_7_66,bytes=29;client_id=7;clients=50
1777331079006,PUT,100,4,benchKey_38_65,bytes=30;client_id=38;clients=50
1777331079008,PUT,101,4,benchKey_46_66,bytes=30;client_id=46;clients=50
1777331079010,PUT,102,4,benchKey_19_65,bytes=30;client_id=19;clients=50
1777331079010,PUT,97,4,benchKey_0_66,bytes=29;client_id=0;clients=50
1777331079014,PUT,101,4,benchKey_25_66,bytes=30;client_id=25;clients=50
1777331079014,PUT,100,4,benchKey_41_66,bytes=30;client_id=41;clients=50
1777331079025,PUT,105,4,benchKey_45_66,bytes=30;client_id=45;clients=50
1777331079025,PUT,108,4,benchKey_17_66,bytes=30;client_id=17;clients=50
1777331079029,PUT,108,4,benchKey_36_65,bytes=30;client_id=36;clients=50
1777331079032,PUT,111,4,benchKey_8_66,bytes=29;client_id=8;clients=50
1777331079032,PUT,107,4,benchKey_31_66,bytes=30;client_id=31;clients=50
1777331079034,PUT,112,4,benchKey_24_66,bytes=30;client_id=24;clients=50
1777331079034,PUT,108,4,benchKey_27_66,bytes=30;client_id=27;clients=50
1777331079039,PUT,114,4,benchKey_42_66,bytes=30;client_id=42;clients=50
1777331079040,PUT,110,4,benchKey_26_66,bytes=30;client_id=26;clients=50
1777331079041,PUT,111,4,benchKey_28_66,bytes=30;client_id=28;clients=50
1777331079045,PUT,105,4,benchKey_18_67,bytes=30;client_id=18;clients=50
1777331079046,PUT,106,4,benchKey_43_66,bytes=30;client_id=43;clients=50
1777331079048,PUT,105,4,benchKey_3_66,bytes=29;client_id=3;clients=50
1777331079049,PUT,101,4,benchKey_6_66,bytes=29;client_id=6;clients=50
1777331079049,PUT,101,4,benchKey_9_66,bytes=29;client_id=9;clients=50
1777331079050,PUT,102,4,benchKey_49_67,bytes=30;client_id=49;clients=50
1777331079053,PUT,99,4,benchKey_16_66,bytes=30;client_id=16;clients=50
1777331079053,PUT,104,4,benchKey_11_67,bytes=30;client_id=11;clients=50
1777331079057,PUT,104,4,benchKey_37_66,bytes=30;client_id=37;clients=50
1777331079058,PUT,103,4,benchKey_12_66,bytes=30;client_id=12;clients=50
1777331079069,PUT,107,4,benchKey_14_67,bytes=30;client_id=14;clients=50
1777331079069,PUT,110,4,benchKey_32_66,bytes=30;client_id=32;clients=50
1777331079071,PUT,109,4,benchKey_13_66,bytes=30;client_id=13;clients=50
1777331079075,PUT,112,4,benchKey_4_66,bytes=29;client_id=4;clients=50
1777331079075,PUT,112,4,benchKey_22_66,bytes=30;client_id=22;clients=50
1777331079077,PUT,109,4,benchKey_23_66,bytes=30;client_id=23;clients=50
1777331079077,PUT,110,4,benchKey_10_66,bytes=30;client_id=10;clients=50
1777331079083,PUT,115,4,benchKey_15_66,bytes=30;client_id=15;clients=50
1777331079083,PUT,111,4,benchKey_21_67,bytes=30;client_id=21;clients=50
1777331079084,PUT,112,4,benchKey_2_66,bytes=29;client_id=2;clients=50
1777331079087,PUT,104,4,benchKey_35_67,bytes=30;client_id=35;clients=50
1777331079087,PUT,104,4,benchKey_33_66,bytes=30;client_id=33;clients=50
1777331079091,PUT,100,4,benchKey_34_66,bytes=30;client_id=34;clients=50
1777331079091,PUT,106,4,benchKey_1_66,bytes=29;client_id=1;clients=50
1777331079092,PUT,102,4,benchKey_44_67,bytes=30;client_id=44;clients=50
1777331079093,PUT,102,4,benchKey_29_67,bytes=30;client_id=29;clients=50
1777331079095,PUT,99,4,benchKey_40_66,bytes=30;client_id=40;clients=50
1777331079096,PUT,106,4,benchKey_30_66,bytes=30;client_id=30;clients=50
1777331079100,PUT,103,4,benchKey_48_66,bytes=30;client_id=48;clients=50
1777331079100,PUT,104,4,benchKey_20_67,bytes=30;client_id=20;clients=50
1777331079113,PUT,110,4,benchKey_5_66,bytes=29;client_id=5;clients=50
1777331079113,PUT,109,4,benchKey_39_66,bytes=30;client_id=39;clients=50
1777331079113,PUT,108,4,benchKey_47_66,bytes=30;client_id=47;clients=50
1777331079119,PUT,108,4,benchKey_19_66,bytes=30;client_id=19;clients=50
1777331079119,PUT,114,4,benchKey_7_67,bytes=29;client_id=7;clients=50
1777331079119,PUT,112,4,benchKey_38_66,bytes=30;client_id=38;clients=50
1777331079120,PUT,111,4,benchKey_46_67,bytes=30;client_id=46;clients=50
1777331079127,PUT,112,4,benchKey_25_67,bytes=30;client_id=25;clients=50
1777331079127,PUT,116,4,benchKey_0_67,bytes=29;client_id=0;clients=50
1777331079127,PUT,112,4,benchKey_41_67,bytes=30;client_id=41;clients=50
1777331079129,PUT,103,4,benchKey_17_67,bytes=30;client_id=17;clients=50
1777331079130,PUT,105,4,benchKey_45_67,bytes=30;client_id=45;clients=50
1777331079133,PUT,100,4,benchKey_8_67,bytes=29;client_id=8;clients=50
1777331079135,PUT,100,4,benchKey_24_67,bytes=30;client_id=24;clients=50
1777331079135,PUT,105,4,benchKey_36_66,bytes=30;client_id=36;clients=50
1777331079136,PUT,102,4,benchKey_31_67,bytes=30;client_id=31;clients=50
1777331079138,PUT,98,4,benchKey_42_67,bytes=30;client_id=42;clients=50
1777331079138,PUT,104,4,benchKey_27_67,bytes=30;client_id=27;clients=50
1777331079142,PUT,102,4,benchKey_26_67,bytes=30;client_id=26;clients=50
1777331079143,PUT,102,4,benchKey_28_67,bytes=30;client_id=28;clients=50
1777331079156,PUT,111,4,benchKey_18_68,bytes=30;client_id=18;clients=50
1777331079156,PUT,108,4,benchKey_3_67,bytes=29;client_id=3;clients=50
1777331079157,PUT,111,4,benchKey_43_67,bytes=30;client_id=43;clients=50
1777331079162,PUT,111,4,benchKey_49_68,bytes=30;client_id=49;clients=50
1777331079162,PUT,112,4,benchKey_9_67,bytes=29;client_id=9;clients=50
1777331079163,PUT,110,4,benchKey_16_67,bytes=30;client_id=16;clients=50
1777331079163,PUT,114,4,benchKey_6_67,bytes=29;client_id=6;clients=50
1777331079170,PUT,116,4,benchKey_11_68,bytes=30;client_id=11;clients=50
1777331079170,PUT,112,4,benchKey_37_67,bytes=30;client_id=37;clients=50
1777331079171,PUT,112,4,benchKey_12_67,bytes=30;client_id=12;clients=50
1777331079173,PUT,103,4,benchKey_32_67,bytes=30;client_id=32;clients=50
1777331079174,PUT,105,4,benchKey_14_68,bytes=30;client_id=14;clients=50
1777331079178,PUT,106,4,benchKey_13_67,bytes=30;client_id=13;clients=50
1777331079178,PUT,101,4,benchKey_23_67,bytes=30;client_id=23;clients=50
1777331079179,PUT,103,4,benchKey_4_67,bytes=29;client_id=4;clients=50
1777331079179,PUT,104,4,benchKey_22_67,bytes=30;client_id=22;clients=50
1777331079181,PUT,103,4,benchKey_10_67,bytes=30;client_id=10;clients=50
1777331079181,PUT,98,4,benchKey_15_67,bytes=30;client_id=15;clients=50
1777331079186,PUT,102,4,benchKey_21_68,bytes=30;client_id=21;clients=50
1777331079186,PUT,102,4,benchKey_2_67,bytes=29;client_id=2;clients=50
1777331079198,PUT,110,4,benchKey_33_67,bytes=30;client_id=33;clients=50
1777331079199,PUT,111,4,benchKey_35_68,bytes=30;client_id=35;clients=50
1777331079200,PUT,109,4,benchKey_34_67,bytes=30;client_id=34;clients=50
1777331079204,PUT,112,4,benchKey_44_68,bytes=30;client_id=44;clients=50
1777331079204,PUT,113,4,benchKey_1_67,bytes=29;client_id=1;clients=50
1777331079206,PUT,110,4,benchKey_40_67,bytes=30;client_id=40;clients=50
1777331079206,PUT,113,4,benchKey_29_68,bytes=30;client_id=29;clients=50
1777331079212,PUT,111,4,benchKey_20_68,bytes=30;client_id=20;clients=50
1777331079212,PUT,115,4,benchKey_30_67,bytes=30;client_id=30;clients=50
1777331079213,PUT,112,4,benchKey_48_67,bytes=30;client_id=48;clients=50
1777331079217,PUT,104,4,benchKey_5_67,bytes=29;client_id=5;clients=50
1777331079217,PUT,104,4,benchKey_39_67,bytes=30;client_id=39;clients=50
1777331079221,PUT,101,4,benchKey_38_67,bytes=30;client_id=38;clients=50
1777331079221,PUT,107,4,benchKey_47_67,bytes=30;client_id=47;clients=50
1777331079222,PUT,102,4,benchKey_7_68,bytes=29;client_id=7;clients=50
1777331079222,PUT,103,4,benchKey_19_67,bytes=30;client_id=19;clients=50
1777331079223,PUT,95,4,benchKey_0_68,bytes=29;client_id=0;clients=50
1777331079224,PUT,103,4,benchKey_46_68,bytes=30;client_id=46;clients=50
1777331079228,PUT,101,4,benchKey_25_68,bytes=30;client_id=25;clients=50
1777331079229,PUT,101,4,benchKey_41_68,bytes=30;client_id=41;clients=50
1777331079241,PUT,111,4,benchKey_17_68,bytes=30;client_id=17;clients=50
1777331079242,PUT,111,4,benchKey_45_68,bytes=30;client_id=45;clients=50
1777331079243,PUT,109,4,benchKey_8_68,bytes=29;client_id=8;clients=50
1777331079247,PUT,112,4,benchKey_24_68,bytes=30;client_id=24;clients=50
1777331079247,PUT,112,4,benchKey_36_67,bytes=30;client_id=36;clients=50
1777331079248,PUT,111,4,benchKey_31_68,bytes=30;client_id=31;clients=50
1777331079249,PUT,110,4,benchKey_42_68,bytes=30;client_id=42;clients=50
1777331079254,PUT,115,4,benchKey_27_68,bytes=30;client_id=27;clients=50
1777331079255,PUT,112,4,benchKey_26_68,bytes=30;client_id=26;clients=50
1777331079255,PUT,111,4,benchKey_28_68,bytes=30;client_id=28;clients=50
1777331079259,PUT,102,4,benchKey_3_68,bytes=29;client_id=3;clients=50
1777331079259,PUT,102,4,benchKey_18_69,bytes=30;client_id=18;clients=50
1777331079264,PUT,107,4,benchKey_43_68,bytes=30;client_id=43;clients=50
1777331079264,PUT,100,4,benchKey_6_68,bytes=29;client_id=6;clients=50
1777331079264,PUT,100,4,benchKey_16_68,bytes=30;client_id=16;clients=50
1777331079264,PUT,101,4,benchKey_9_68,bytes=29;client_id=9;clients=50
1777331079264,PUT,102,4,benchKey_49_69,bytes=30;client_id=49;clients=50
1777331079266,PUT,95,4,benchKey_11_69,bytes=30;client_id=11;clients=50
1777331079269,PUT,98,4,benchKey_37_68,bytes=30;client_id=37;clients=50
1777331079270,PUT,98,4,benchKey_12_68,bytes=30;client_id=12;clients=50
1777331079285,PUT,110,4,benchKey_14_69,bytes=30;client_id=14;clients=50
1777331079285,PUT,111,4,benchKey_32_68,bytes=30;client_id=32;clients=50
1777331079286,PUT,107,4,benchKey_13_68,bytes=30;client_id=13;clients=50
1777331079288,PUT,109,4,benchKey_4_68,bytes=29;client_id=4;clients=50
1777331079290,PUT,110,4,benchKey_22_68,bytes=30;client_id=22;clients=50
1777331079290,PUT,111,4,benchKey_23_68,bytes=30;client_id=23;clients=50
1777331079291,PUT,109,4,benchKey_10_68,bytes=30;client_id=10;clients=50
1777331079297,PUT,110,4,benchKey_2_68,bytes=29;client_id=2;clients=50
1777331079297,PUT,110,4,benchKey_21_69,bytes=30;client_id=21;clients=50
1777331079297,PUT,115,4,benchKey_15_68,bytes=30;client_id=15;clients=50
1777331079300,PUT,101,4,benchKey_33_68,bytes=30;client_id=33;clients=50
1777331079301,PUT,102,4,benchKey_35_69,bytes=30;client_id=35;clients=50
1777331079307,PUT,100,4,benchKey_40_68,bytes=30;client_id=40;clients=50
1777331079307,PUT,102,4,benchKey_1_68,bytes=29;client_id=1;clients=50
1777331079307,PUT,106,4,benchKey_34_68,bytes=30;client_id=34;clients=50
1777331079307,PUT,100,4,benchKey_29_69,bytes=30;client_id=29;clients=50
1777331079308,PUT,103,4,benchKey_44_69,bytes=30;client_id=44;clients=50
1777331079308,PUT,95,4,benchKey_30_68,bytes=30;client_id=30;clients=50
1777331079310,PUT,98,4,benchKey_20_69,bytes=30;client_id=20;clients=50
1777331079311,PUT,98,4,benchKey_48_68,bytes=30;client_id=48;clients=50
1777331079328,PUT,110,4,benchKey_5_68,bytes=29;client_id=5;clients=50
1777331079328,PUT,110,4,benchKey_39_68,bytes=30;client_id=39;clients=50
1777331079328,PUT,106,4,benchKey_47_68,bytes=30;client_id=47;clients=50
1777331079330,PUT,109,4,benchKey_38_68,bytes=30;client_id=38;clients=50
1777331079334,PUT,111,4,benchKey_19_68,bytes=30;client_id=19;clients=50
1777331079334,PUT,111,4,benchKey_0_69,bytes=29;client_id=0;clients=50
1777331079334,PUT,112,4,benchKey_7_69,bytes=29;client_id=7;clients=50
1777331079338,PUT,114,4,benchKey_46_69,bytes=30;client_id=46;clients=50
1777331079339,PUT,111,4,benchKey_25_69,bytes=30;client_id=25;clients=50
1777331079340,PUT,111,4,benchKey_41_69,bytes=30;client_id=41;clients=50
1777331079343,PUT,102,4,benchKey_17_69,bytes=30;client_id=17;clients=50
1777331079344,PUT,101,4,benchKey_45_69,bytes=30;client_id=45;clients=50
1777331079349,PUT,102,4,benchKey_24_69,bytes=30;client_id=24;clients=50
1777331079350,PUT,102,4,benchKey_36_68,bytes=30;client_id=36;clients=50
1777331079352,PUT,97,4,benchKey_27_69,bytes=30;client_id=27;clients=50
1777331079352,PUT,103,4,benchKey_31_69,bytes=30;client_id=31;clients=50
1777331079352,PUT,108,4,benchKey_8_69,bytes=29;client_id=8;clients=50
1777331079353,PUT,104,4,benchKey_42_69,bytes=30;client_id=42;clients=50
1777331079353,PUT,98,4,benchKey_26_69,bytes=30;client_id=26;clients=50
1777331079354,PUT,99,4,benchKey_28_69,bytes=30;client_id=28;clients=50
1777331079371,PUT,111,4,benchKey_18_70,bytes=30;client_id=18;clients=50
1777331079371,PUT,112,4,benchKey_3_69,bytes=29;client_id=3;clients=50
1777331079372,PUT,107,4,benchKey_43_69,bytes=30;client_id=43;clients=50
1777331079373,PUT,108,4,benchKey_6_69,bytes=29;client_id=6;clients=50
1777331079378,PUT,113,4,benchKey_49_70,bytes=30;client_id=49;clients=50
1777331079378,PUT,113,4,benchKey_16_69,bytes=30;client_id=16;clients=50
1777331079378,PUT,114,4,benchKey_9_69,bytes=29;client_id=9;clients=50
1777331079381,PUT,115,4,benchKey_11_70,bytes=30;client_id=11;clients=50
1777331079382,PUT,112,4,benchKey_37_69,bytes=30;client_id=37;clients=50
1777331079383,PUT,113,4,benchKey_12_69,bytes=30;client_id=12;clients=50
1777331079386,PUT,100,4,benchKey_32_69,bytes=30;client_id=32;clients=50
1777331079387,PUT,101,4,benchKey_14_70,bytes=30;client_id=14;clients=50
1777331079393,PUT,104,4,benchKey_4_69,bytes=29;client_id=4;clients=50
1777331079393,PUT,106,4,benchKey_13_69,bytes=30;client_id=13;clients=50
1777331079394,PUT,104,4,benchKey_22_69,bytes=30;client_id=22;clients=50
1777331079395,PUT,104,4,benchKey_23_69,bytes=30;client_id=23;clients=50
1777331079396,PUT,104,4,benchKey_10_69,bytes=30;client_id=10;clients=50
1777331079396,PUT,99,4,benchKey_2_69,bytes=29;client_id=2;clients=50
1777331079397,PUT,100,4,benchKey_21_70,bytes=30;client_id=21;clients=50
1777331079397,PUT,100,4,benchKey_15_69,bytes=30;client_id=15;clients=50
1777331079415,PUT,114,4,benchKey_33_69,bytes=30;client_id=33;clients=50
1777331079415,PUT,108,4,benchKey_40_69,bytes=30;client_id=40;clients=50
1777331079415,PUT,113,4,benchKey_35_70,bytes=30;client_id=35;clients=50
1777331079416,PUT,108,4,benchKey_1_69,bytes=29;client_id=1;clients=50
1777331079420,PUT,112,4,benchKey_44_70,bytes=30;client_id=44;clients=50
1777331079421,PUT,113,4,benchKey_34_69,bytes=30;client_id=34;clients=50
1777331079421,PUT,113,4,benchKey_29_70,bytes=30;client_id=29;clients=50
1777331079423,PUT,115,4,benchKey_30_69,bytes=30;client_id=30;clients=50
1777331079424,PUT,113,4,benchKey_20_70,bytes=30;client_id=20;clients=50
1777331079425,PUT,113,4,benchKey_48_69,bytes=30;client_id=48;clients=50
1777331079429,PUT,101,4,benchKey_5_69,bytes=29;client_id=5;clients=50
1777331079429,PUT,101,4,benchKey_39_69,bytes=30;client_id=39;clients=50
1777331079434,PUT,103,4,benchKey_38_69,bytes=30;client_id=38;clients=50
1777331079435,PUT,106,4,benchKey_47_69,bytes=30;client_id=47;clients=50
1777331079436,PUT,102,4,benchKey_19_69,bytes=30;client_id=19;clients=50
1777331079437,PUT,103,4,benchKey_7_70,bytes=29;client_id=7;clients=50
1777331079437,PUT,103,4,benchKey_0_70,bytes=29;client_id=0;clients=50
1777331079438,PUT,99,4,benchKey_46_70,bytes=30;client_id=46;clients=50
1777331079439,PUT,99,4,benchKey_25_70,bytes=30;client_id=25;clients=50
1777331079440,PUT,99,4,benchKey_41_70,bytes=30;client_id=41;clients=50
1777331079458,PUT,114,4,benchKey_17_70,bytes=30;client_id=17;clients=50
1777331079458,PUT,108,4,benchKey_24_70,bytes=30;client_id=24;clients=50
1777331079458,PUT,108,4,benchKey_36_69,bytes=30;client_id=36;clients=50
1777331079458,PUT,114,4,benchKey_45_70,bytes=30;client_id=45;clients=50
1777331079462,PUT,110,4,benchKey_27_70,bytes=30;client_id=27;clients=50
1777331079463,PUT,110,4,benchKey_8_70,bytes=29;client_id=8;clients=50
1777331079464,PUT,112,4,benchKey_31_70,bytes=30;client_id=31;clients=50
1777331079466,PUT,112,4,benchKey_42_70,bytes=30;client_id=42;clients=50
1777331079466,PUT,112,4,benchKey_26_70,bytes=30;client_id=26;clients=50
1777331079468,PUT,113,4,benchKey_28_70,bytes=30;client_id=28;clients=50
1777331079471,PUT,99,4,benchKey_3_70,bytes=29;client_id=3;clients=50
1777331079472,PUT,100,4,benchKey_18_71,bytes=30;client_id=18;clients=50
1777331079476,PUT,104,4,benchKey_43_70,bytes=30;client_id=43;clients=50
1777331079477,PUT,103,4,benchKey_6_70,bytes=29;client_id=6;clients=50
1777331079479,PUT,100,4,benchKey_9_70,bytes=29;client_id=9;clients=50
1777331079479,PUT,101,4,benchKey_49_71,bytes=30;client_id=49;clients=50
1777331079480,PUT,102,4,benchKey_16_70,bytes=30;client_id=16;clients=50
1777331079481,PUT,99,4,benchKey_11_71,bytes=30;client_id=11;clients=50
1777331079481,PUT,99,4,benchKey_37_70,bytes=30;client_id=37;clients=50
1777331079482,PUT,98,4,benchKey_12_70,bytes=30;client_id=12;clients=50
1777331079500,PUT,107,4,benchKey_4_70,bytes=29;client_id=4;clients=50
1777331079500,PUT,113,4,benchKey_14_71,bytes=30;client_id=14;clients=50
1777331079500,PUT,107,4,benchKey_13_70,bytes=30;client_id=13;clients=50
1777331079500,PUT,114,4,benchKey_32_70,bytes=30;client_id=32;clients=50
1777331079504,PUT,109,4,benchKey_22_70,bytes=30;client_id=22;clients=50
1777331079505,PUT,110,4,benchKey_23_70,bytes=30;client_id=23;clients=50
1777331079506,PUT,110,4,benchKey_10_70,bytes=30;client_id=10;clients=50
1777331079507,PUT,110,4,benchKey_2_70,bytes=29;client_id=2;clients=50
1777331079507,PUT,109,4,benchKey_21_71,bytes=30;client_id=21;clients=50
1777331079510,PUT,113,4,benchKey_15_70,bytes=30;client_id=15;clients=50
1777331079512,PUT,96,4,benchKey_33_70,bytes=30;client_id=33;clients=50
1777331079513,PUT,97,4,benchKey_40_70,bytes=30;client_id=40;clients=50
1777331079517,PUT,101,4,benchKey_35_71,bytes=30;client_id=35;clients=50
1777331079519,PUT,103,4,benchKey_1_70,bytes=29;client_id=1;clients=50
1777331079521,PUT,99,4,benchKey_29_71,bytes=30;client_id=29;clients=50
1777331079521,PUT,100,4,benchKey_34_70,bytes=30;client_id=34;clients=50
1777331079521,PUT,100,4,benchKey_44_71,bytes=30;client_id=44;clients=50
1777331079522,PUT,98,4,benchKey_30_70,bytes=30;client_id=30;clients=50
1777331079523,PUT,97,4,benchKey_48_70,bytes=30;client_id=48;clients=50
1777331079523,PUT,98,4,benchKey_20_71,bytes=30;client_id=20;clients=50
1777331079542,PUT,107,4,benchKey_47_70,bytes=30;client_id=47;clients=50
1777331079542,PUT,112,4,benchKey_5_70,bytes=29;client_id=5;clients=50
1777331079543,PUT,108,4,benchKey_38_70,bytes=30;client_id=38;clients=50
1777331079543,PUT,113,4,benchKey_39_70,bytes=30;client_id=39;clients=50
1777331079545,PUT,108,4,benchKey_19_70,bytes=30;client_id=19;clients=50
1777331079547,PUT,109,4,benchKey_7_71,bytes=29;client_id=7;clients=50
1777331079547,PUT,109,4,benchKey_0_71,bytes=29;client_id=0;clients=50
1777331079548,PUT,108,4,benchKey_25_71,bytes=30;client_id=25;clients=50
1777331079549,PUT,110,4,benchKey_46_71,bytes=30;client_id=46;clients=50
1777331079553,PUT,113,4,benchKey_41_71,bytes=30;client_id=41;clients=50
1777331079553,PUT,95,4,benchKey_17_71,bytes=30;client_id=17;clients=50
1777331079554,PUT,95,4,benchKey_24_71,bytes=30;client_id=24;clients=50
1777331079558,PUT,99,4,benchKey_36_70,bytes=30;client_id=36;clients=50
1777331079560,PUT,101,4,benchKey_45_71,bytes=30;client_id=45;clients=50
1777331079563,PUT,99,4,benchKey_31_71,bytes=30;client_id=31;clients=50
1777331079564,PUT,102,4,benchKey_27_71,bytes=30;client_id=27;clients=50
1777331079565,PUT,98,4,benchKey_26_71,bytes=30;client_id=26;clients=50
1777331079565,PUT,101,4,benchKey_8_71,bytes=29;client_id=8;clients=50
1777331079564,PUT,96,4,benchKey_28_71,bytes=30;client_id=28;clients=50
1777331079565,PUT,98,4,benchKey_42_71,bytes=30;client_id=42;clients=50
1777331079584,PUT,107,4,benchKey_6_71,bytes=29;client_id=6;clients=50
1777331079584,PUT,112,4,benchKey_18_72,bytes=30;client_id=18;clients=50
1777331079585,PUT,113,4,benchKey_3_71,bytes=29;client_id=3;clients=50
1777331079585,PUT,108,4,benchKey_43_71,bytes=30;client_id=43;clients=50
1777331079586,PUT,106,4,benchKey_49_72,bytes=30;client_id=49;clients=50
1777331079589,PUT,108,4,benchKey_11_72,bytes=30;client_id=11;clients=50
1777331079589,PUT,110,4,benchKey_9_71,bytes=29;client_id=9;clients=50
1777331079589,PUT,109,4,benchKey_16_71,bytes=30;client_id=16;clients=50
1777331079591,PUT,109,4,benchKey_37_71,bytes=30;client_id=37;clients=50
1777331079595,PUT,113,4,benchKey_12_71,bytes=30;client_id=12;clients=50
1777331079595,PUT,94,4,benchKey_4_71,bytes=29;client_id=4;clients=50
1777331079595,PUT,94,4,benchKey_13_71,bytes=30;client_id=13;clients=50
1777331079600,PUT,99,4,benchKey_14_72,bytes=30;client_id=14;clients=50
1777331079603,PUT,102,4,benchKey_32_71,bytes=30;client_id=32;clients=50
1777331079605,PUT,100,4,benchKey_22_71,bytes=30;client_id=22;clients=50
1777331079606,PUT,100,4,benchKey_23_71,bytes=30;client_id=23;clients=50
1777331079606,PUT,99,4,benchKey_10_71,bytes=30;client_id=10;clients=50
1777331079608,PUT,101,4,benchKey_2_71,bytes=29;client_id=2;clients=50
1777331079608,PUT,97,4,benchKey_15_71,bytes=30;client_id=15;clients=50
1777331079608,PUT,101,4,benchKey_21_72,bytes=30;client_id=21;clients=50
1777331079626,PUT,114,4,benchKey_33_71,bytes=30;client_id=33;clients=50
1777331079626,PUT,113,4,benchKey_40_71,bytes=30;client_id=40;clients=50
1777331079626,PUT,109,4,benchKey_35_72,bytes=30;client_id=35;clients=50
1777331079626,PUT,106,4,benchKey_1_71,bytes=29;client_id=1;clients=50
1777331079627,PUT,105,4,benchKey_34_71,bytes=30;client_id=34;clients=50
1777331079631,PUT,109,4,benchKey_30_71,bytes=30;client_id=30;clients=50
1777331079632,PUT,110,4,benchKey_44_72,bytes=30;client_id=44;clients=50
1777331079632,PUT,109,4,benchKey_48_71,bytes=30;client_id=48;clients=50
1777331079632,PUT,110,4,benchKey_29_72,bytes=30;client_id=29;clients=50
1777331079637,PUT,94,4,benchKey_5_71,bytes=29;client_id=5;clients=50
1777331079637,PUT,94,4,benchKey_47_71,bytes=30;client_id=47;clients=50
1777331079637,PUT,114,4,benchKey_20_72,bytes=30;client_id=20;clients=50
1777331079642,PUT,99,4,benchKey_38_71,bytes=30;client_id=38;clients=50
1777331079644,PUT,100,4,benchKey_39_71,bytes=30;client_id=39;clients=50
1777331079646,PUT,100,4,benchKey_19_71,bytes=30;client_id=19;clients=50
1777331079648,PUT,100,4,benchKey_7_72,bytes=29;client_id=7;clients=50
1777331079649,PUT,99,4,benchKey_46_72,bytes=30;client_id=46;clients=50
1777331079649,PUT,101,4,benchKey_25_72,bytes=30;client_id=25;clients=50
1777331079650,PUT,102,4,benchKey_0_72,bytes=29;client_id=0;clients=50
1777331079651,PUT,97,4,benchKey_41_72,bytes=30;client_id=41;clients=50
1777331079667,PUT,113,4,benchKey_17_72,bytes=30;client_id=17;clients=50
1777331079668,PUT,104,4,benchKey_31_72,bytes=30;client_id=31;clients=50
1777331079668,PUT,107,4,benchKey_45_72,bytes=30;client_id=45;clients=50
1777331079668,PUT,113,4,benchKey_24_72,bytes=30;client_id=24;clients=50
1777331079669,PUT,110,4,benchKey_36_71,bytes=30;client_id=36;clients=50
1777331079672,PUT,107,4,benchKey_27_72,bytes=30;client_id=27;clients=50
1777331079673,PUT,107,4,benchKey_8_72,bytes=29;client_id=8;clients=50
1777331079673,PUT,108,4,benchKey_26_72,bytes=30;client_id=26;clients=50
1777331079673,PUT,107,4,benchKey_42_72,bytes=30;client_id=42;clients=50
1777331079678,PUT,93,4,benchKey_6_72,bytes=29;client_id=6;clients=50
1777331079679,PUT,113,4,benchKey_28_72,bytes=30;client_id=28;clients=50
1777331079679,PUT,94,4,benchKey_18_73,bytes=30;client_id=18;clients=50
1777331079685,PUT,100,4,benchKey_3_72,bytes=29;client_id=3;clients=50
1777331079686,PUT,100,4,benchKey_43_72,bytes=30;client_id=43;clients=50
1777331079687,PUT,100,4,benchKey_49_73,bytes=30;client_id=49;clients=50
1777331079689,PUT,99,4,benchKey_9_72,bytes=29;client_id=9;clients=50
1777331079690,PUT,100,4,benchKey_11_73,bytes=30;client_id=11;clients=50
1777331079690,PUT,100,4,benchKey_16_72,bytes=30;client_id=16;clients=50
1777331079691,PUT,99,4,benchKey_37_72,bytes=30;client_id=37;clients=50
1777331079693,PUT,97,4,benchKey_12_72,bytes=30;client_id=12;clients=50
1777331079709,PUT,113,4,benchKey_4_72,bytes=29;client_id=4;clients=50
1777331079709,PUT,108,4,benchKey_14_73,bytes=30;client_id=14;clients=50
1777331079709,PUT,105,4,benchKey_32_72,bytes=30;client_id=32;clients=50
1777331079709,PUT,113,4,benchKey_13_72,bytes=30;client_id=13;clients=50
1777331079710,PUT,104,4,benchKey_22_72,bytes=30;client_id=22;clients=50
1777331079713,PUT,106,4,benchKey_23_72,bytes=30;client_id=23;clients=50
1777331079714,PUT,105,4,benchKey_15_72,bytes=30;client_id=15;clients=50
1777331079714,PUT,105,4,benchKey_2_72,bytes=29;client_id=2;clients=50
1777331079714,PUT,108,4,benchKey_10_72,bytes=30;client_id=10;clients=50
1777331079721,PUT,112,4,benchKey_21_73,bytes=30;client_id=21;clients=50
1777331079721,PUT,94,4,benchKey_33_72,bytes=30;client_id=33;clients=50
1777331079721,PUT,94,4,benchKey_40_72,bytes=30;client_id=40;clients=50
1777331079726,PUT,99,4,benchKey_35_73,bytes=30;client_id=35;clients=50
1777331079728,PUT,101,4,benchKey_1_72,bytes=29;client_id=1;clients=50
1777331079728,PUT,101,4,benchKey_34_72,bytes=30;client_id=34;clients=50
1777331079731,PUT,98,4,benchKey_48_72,bytes=30;client_id=48;clients=50
1777331079731,PUT,99,4,benchKey_30_72,bytes=30;client_id=30;clients=50
1777331079732,PUT,99,4,benchKey_44_73,bytes=30;client_id=44;clients=50
1777331079732,PUT,99,4,benchKey_29_73,bytes=30;client_id=29;clients=50
1777331079734,PUT,96,4,benchKey_47_72,bytes=30;client_id=47;clients=50
1777331079750,PUT,106,4,benchKey_39_72,bytes=30;client_id=39;clients=50
1777331079750,PUT,113,4,benchKey_5_72,bytes=29;client_id=5;clients=50
1777331079750,PUT,112,4,benchKey_20_73,bytes=30;client_id=20;clients=50
1777331079751,PUT,108,4,benchKey_38_72,bytes=30;client_id=38;clients=50
1777331079751,PUT,104,4,benchKey_19_72,bytes=30;client_id=19;clients=50
1777331079754,PUT,105,4,benchKey_7_73,bytes=29;client_id=7;clients=50
1777331079755,PUT,104,4,benchKey_0_73,bytes=29;client_id=0;clients=50
1777331079755,PUT,106,4,benchKey_25_73,bytes=30;client_id=25;clients=50
1777331079756,PUT,106,4,benchKey_46_73,bytes=30;client_id=46;clients=50
1777331079763,PUT,95,4,benchKey_31_73,bytes=30;client_id=31;clients=50
1777331079763,PUT,95,4,benchKey_17_73,bytes=30;client_id=17;clients=50
1777331079763,PUT,112,4,benchKey_41_73,bytes=30;client_id=41;clients=50
1777331079768,PUT,99,4,benchKey_45_73,bytes=30;client_id=45;clients=50
1777331079770,PUT,101,4,benchKey_24_73,bytes=30;client_id=24;clients=50
1777331079770,PUT,101,4,benchKey_36_72,bytes=30;client_id=36;clients=50
1777331079773,PUT,101,4,benchKey_27_73,bytes=30;client_id=27;clients=50
1777331079773,PUT,100,4,benchKey_8_73,bytes=29;client_id=8;clients=50
1777331079773,PUT,99,4,benchKey_26_73,bytes=30;client_id=26;clients=50
1777331079774,PUT,100,4,benchKey_42_73,bytes=30;client_id=42;clients=50
1777331079775,PUT,96,4,benchKey_6_73,bytes=29;client_id=6;clients=50
1777331079792,PUT,113,4,benchKey_18_74,bytes=30;client_id=18;clients=50
1777331079792,PUT,113,4,benchKey_28_73,bytes=30;client_id=28;clients=50
1777331079792,PUT,106,4,benchKey_3_73,bytes=29;client_id=3;clients=50
1777331079793,PUT,105,4,benchKey_49_74,bytes=30;client_id=49;clients=50
1777331079793,PUT,106,4,benchKey_43_73,bytes=30;client_id=43;clients=50
1777331079795,PUT,105,4,benchKey_9_73,bytes=29;client_id=9;clients=50
1777331079796,PUT,105,4,benchKey_16_73,bytes=30;client_id=16;clients=50
1777331079797,PUT,106,4,benchKey_37_73,bytes=30;client_id=37;clients=50
1777331079797,PUT,107,4,benchKey_11_74,bytes=30;client_id=11;clients=50
1777331079804,PUT,94,4,benchKey_14_74,bytes=30;client_id=14;clients=50
1777331079804,PUT,111,4,benchKey_12_73,bytes=30;client_id=12;clients=50
1777331079804,PUT,94,4,benchKey_4_73,bytes=29;client_id=4;clients=50
1777331079810,PUT,100,4,benchKey_32_73,bytes=30;client_id=32;clients=50
1777331079811,PUT,101,4,benchKey_13_73,bytes=30;client_id=13;clients=50
1777331079811,PUT,101,4,benchKey_22_73,bytes=30;client_id=22;clients=50
1777331079815,PUT,101,4,benchKey_15_73,bytes=30;client_id=15;clients=50
1777331079815,PUT,102,4,benchKey_23_73,bytes=30;client_id=23;clients=50
1777331079815,PUT,101,4,benchKey_2_73,bytes=29;client_id=2;clients=50
1777331079816,PUT,94,4,benchKey_33_73,bytes=30;client_id=33;clients=50
1777331079816,PUT,101,4,benchKey_10_73,bytes=30;client_id=10;clients=50
1777331079834,PUT,112,4,benchKey_21_74,bytes=30;client_id=21;clients=50
1777331079834,PUT,112,4,benchKey_40_73,bytes=30;client_id=40;clients=50
1777331079834,PUT,108,4,benchKey_35_74,bytes=30;client_id=35;clients=50
1777331079834,PUT,106,4,benchKey_1_73,bytes=29;client_id=1;clients=50
1777331079834,PUT,106,4,benchKey_34_73,bytes=30;client_id=34;clients=50
1777331079837,PUT,105,4,benchKey_48_73,bytes=30;client_id=48;clients=50
1777331079837,PUT,105,4,benchKey_30_73,bytes=30;client_id=30;clients=50
1777331079839,PUT,107,4,benchKey_44_74,bytes=30;client_id=44;clients=50
1777331079839,PUT,107,4,benchKey_29_74,bytes=30;client_id=29;clients=50
1777331079847,PUT,96,4,benchKey_39_73,bytes=30;client_id=39;clients=50
1777331079847,PUT,113,4,benchKey_47_73,bytes=30;client_id=47;clients=50
1777331079847,PUT,96,4,benchKey_5_73,bytes=29;client_id=5;clients=50
1777331079851,PUT,100,4,benchKey_20_74,bytes=30;client_id=20;clients=50
1777331079853,PUT,102,4,benchKey_19_73,bytes=30;client_id=19;clients=50
1777331079853,PUT,102,4,benchKey_38_73,bytes=30;client_id=38;clients=50
1777331079857,PUT,101,4,benchKey_46_74,bytes=30;client_id=46;clients=50
1777331079857,PUT,103,4,benchKey_7_74,bytes=29;client_id=7;clients=50
1777331079857,PUT,94,4,benchKey_31_74,bytes=30;client_id=31;clients=50
1777331079857,PUT,102,4,benchKey_25_74,bytes=30;client_id=25;clients=50
1777331079857,PUT,102,4,benchKey_0_74,bytes=29;client_id=0;clients=50
1777331079876,PUT,106,4,benchKey_24_74,bytes=30;client_id=24;clients=50
1777331079876,PUT,112,4,benchKey_41_74,bytes=30;client_id=41;clients=50
1777331079876,PUT,112,4,benchKey_17_74,bytes=30;client_id=17;clients=50
1777331079876,PUT,108,4,benchKey_45_74,bytes=30;client_id=45;clients=50
1777331079877,PUT,106,4,benchKey_36_73,bytes=30;client_id=36;clients=50
1777331079878,PUT,104,4,benchKey_8_74,bytes=29;client_id=8;clients=50
1777331079878,PUT,104,4,benchKey_27_74,bytes=30;client_id=27;clients=50
1777331079880,PUT,106,4,benchKey_42_74,bytes=30;client_id=42;clients=50
1777331079881,PUT,107,4,benchKey_26_74,bytes=30;client_id=26;clients=50
1777331079889,PUT,114,4,benchKey_6_74,bytes=29;client_id=6;clients=50
1777331079889,PUT,96,4,benchKey_18_75,bytes=30;client_id=18;clients=50
1777331079889,PUT,96,4,benchKey_28_74,bytes=30;client_id=28;clients=50
1777331079892,PUT,99,4,benchKey_3_74,bytes=29;client_id=3;clients=50
1777331079894,PUT,101,4,benchKey_43_74,bytes=30;client_id=43;clients=50
1777331079894,PUT,101,4,benchKey_49_75,bytes=30;client_id=49;clients=50
1777331079899,PUT,103,4,benchKey_16_74,bytes=30;client_id=16;clients=50
1777331079899,PUT,104,4,benchKey_9_74,bytes=29;client_id=9;clients=50
1777331079899,PUT,94,4,benchKey_14_75,bytes=30;client_id=14;clients=50
1777331079899,PUT,102,4,benchKey_11_75,bytes=30;client_id=11;clients=50
1777331079900,PUT,102,4,benchKey_37_74,bytes=30;client_id=37;clients=50
1777331079918,PUT,113,4,benchKey_12_74,bytes=30;client_id=12;clients=50
1777331079918,PUT,107,4,benchKey_13_74,bytes=30;client_id=13;clients=50
1777331079918,PUT,107,4,benchKey_22_74,bytes=30;client_id=22;clients=50
1777331079918,PUT,114,4,benchKey_4_74,bytes=29;client_id=4;clients=50
1777331079919,PUT,108,4,benchKey_32_74,bytes=30;client_id=32;clients=50
1777331079919,PUT,103,4,benchKey_23_74,bytes=30;client_id=23;clients=50
1777331079919,PUT,104,4,benchKey_15_74,bytes=30;client_id=15;clients=50
1777331079922,PUT,106,4,benchKey_2_74,bytes=29;client_id=2;clients=50
1777331079922,PUT,105,4,benchKey_33_74,bytes=30;client_id=33;clients=50
1777331079930,PUT,114,4,benchKey_10_74,bytes=30;client_id=10;clients=50
1777331079931,PUT,96,4,benchKey_40_74,bytes=30;client_id=40;clients=50
1777331079931,PUT,96,4,benchKey_21_75,bytes=30;client_id=21;clients=50
1777331079934,PUT,99,4,benchKey_35_75,bytes=30;client_id=35;clients=50
1777331079935,PUT,100,4,benchKey_1_74,bytes=29;client_id=1;clients=50
1777331079937,PUT,102,4,benchKey_34_74,bytes=30;client_id=34;clients=50
1777331079941,PUT,101,4,benchKey_29_75,bytes=30;client_id=29;clients=50
1777331079941,PUT,103,4,benchKey_30_74,bytes=30;client_id=30;clients=50
1777331079941,PUT,93,4,benchKey_47_74,bytes=30;client_id=47;clients=50
1777331079941,PUT,103,4,benchKey_48_74,bytes=30;client_id=48;clients=50
1777331079942,PUT,102,4,benchKey_44_75,bytes=30;client_id=44;clients=50
1777331079960,PUT,108,4,benchKey_20_75,bytes=30;client_id=20;clients=50
1777331079960,PUT,106,4,benchKey_19_74,bytes=30;client_id=19;clients=50
1777331079960,PUT,112,4,benchKey_39_74,bytes=30;client_id=39;clients=50
1777331079961,PUT,113,4,benchKey_5_74,bytes=29;client_id=5;clients=50
1777331079961,PUT,103,4,benchKey_46_75,bytes=30;client_id=46;clients=50
1777331079961,PUT,103,4,benchKey_7_75,bytes=29;client_id=7;clients=50
1777331079961,PUT,108,4,benchKey_38_74,bytes=30;client_id=38;clients=50
1777331079963,PUT,105,4,benchKey_25_75,bytes=30;client_id=25;clients=50
1777331079964,PUT,106,4,benchKey_31_75,bytes=30;client_id=31;clients=50
1777331079972,PUT,95,4,benchKey_41_75,bytes=30;client_id=41;clients=50
1777331079972,PUT,114,4,benchKey_0_75,bytes=29;client_id=0;clients=50
1777331079973,PUT,96,4,benchKey_24_75,bytes=30;client_id=24;clients=50
1777331079976,PUT,99,4,benchKey_17_75,bytes=30;client_id=17;clients=50
1777331079976,PUT,99,4,benchKey_45_75,bytes=30;client_id=45;clients=50
1777331079979,PUT,102,4,benchKey_36_74,bytes=30;client_id=36;clients=50
1777331079982,PUT,101,4,benchKey_42_75,bytes=30;client_id=42;clients=50
1777331079983,PUT,101,4,benchKey_26_75,bytes=30;client_id=26;clients=50
1777331079983,PUT,93,4,benchKey_18_76,bytes=30;client_id=18;clients=50
1777331079983,PUT,104,4,benchKey_8_75,bytes=29;client_id=8;clients=50
1777331079983,PUT,105,4,benchKey_27_75,bytes=30;client_id=27;clients=50
1777331080001,PUT,112,4,benchKey_6_75,bytes=29;client_id=6;clients=50
1777331080001,PUT,111,4,benchKey_28_75,bytes=30;client_id=28;clients=50
1777331080002,PUT,102,4,benchKey_9_75,bytes=29;client_id=9;clients=50
1777331080002,PUT,109,4,benchKey_3_75,bytes=29;client_id=3;clients=50
1777331080003,PUT,108,4,benchKey_49_76,bytes=30;client_id=49;clients=50
1777331080003,PUT,103,4,benchKey_16_75,bytes=30;client_id=16;clients=50
1777331080003,PUT,109,4,benchKey_43_75,bytes=30;client_id=43;clients=50
1777331080004,PUT,104,4,benchKey_14_76,bytes=30;client_id=14;clients=50
1777331080005,PUT,105,4,benchKey_11_76,bytes=30;client_id=11;clients=50
1777331080014,PUT,95,4,benchKey_13_75,bytes=30;client_id=13;clients=50
1777331080014,PUT,114,4,benchKey_37_75,bytes=30;client_id=37;clients=50
1777331080015,PUT,96,4,benchKey_12_75,bytes=30;client_id=12;clients=50
1777331080018,PUT,99,4,benchKey_22_75,bytes=30;client_id=22;clients=50
1777331080018,PUT,99,4,benchKey_4_75,bytes=29;client_id=4;clients=50
1777331080021,PUT,101,4,benchKey_32_75,bytes=30;client_id=32;clients=50
1777331080024,PUT,104,4,benchKey_23_75,bytes=30;client_id=23;clients=50
1777331080025,PUT,102,4,benchKey_33_75,bytes=30;client_id=33;clients=50
1777331080025,PUT,102,4,benchKey_2_75,bytes=29;client_id=2;clients=50
1777331080025,PUT,94,4,benchKey_10_75,bytes=30;client_id=10;clients=50
1777331080025,PUT,105,4,benchKey_15_75,bytes=30;client_id=15;clients=50
1777331080043,PUT,112,4,benchKey_21_76,bytes=30;client_id=21;clients=50
1777331080044,PUT,108,4,benchKey_1_75,bytes=29;client_id=1;clients=50
1777331080044,PUT,112,4,benchKey_40_75,bytes=30;client_id=40;clients=50
1777331080044,PUT,110,4,benchKey_35_76,bytes=30;client_id=35;clients=50
1777331080045,PUT,107,4,benchKey_34_75,bytes=30;client_id=34;clients=50
1777331080045,PUT,103,4,benchKey_47_75,bytes=30;client_id=47;clients=50
1777331080045,PUT,103,4,benchKey_30_75,bytes=30;client_id=30;clients=50
1777331080045,PUT,103,4,benchKey_29_76,bytes=30;client_id=29;clients=50
1777331080046,PUT,104,4,benchKey_48_75,bytes=30;client_id=48;clients=50
1777331080055,PUT,113,4,benchKey_44_76,bytes=30;client_id=44;clients=50
1777331080055,PUT,94,4,benchKey_20_76,bytes=30;client_id=20;clients=50
1777331080057,PUT,96,4,benchKey_39_75,bytes=30;client_id=39;clients=50
1777331080060,PUT,98,4,benchKey_5_75,bytes=29;client_id=5;clients=50
1777331080060,PUT,99,4,benchKey_19_75,bytes=30;client_id=19;clients=50
1777331080063,PUT,102,4,benchKey_46_76,bytes=30;client_id=46;clients=50
1777331080065,PUT,103,4,benchKey_7_76,bytes=29;client_id=7;clients=50
1777331080066,PUT,103,4,benchKey_25_76,bytes=30;client_id=25;clients=50
1777331080067,PUT,105,4,benchKey_38_75,bytes=30;client_id=38;clients=50
1777331080067,PUT,103,4,benchKey_31_76,bytes=30;client_id=31;clients=50
1777331080068,PUT,95,4,benchKey_0_76,bytes=29;client_id=0;clients=50
1777331080084,PUT,111,4,benchKey_41_76,bytes=30;client_id=41;clients=50
1777331080085,PUT,108,4,benchKey_17_76,bytes=30;client_id=17;clients=50
1777331080086,PUT,102,4,benchKey_18_77,bytes=30;client_id=18;clients=50
1777331080086,PUT,104,4,benchKey_42_76,bytes=30;client_id=42;clients=50
1777331080086,PUT,113,4,benchKey_24_76,bytes=30;client_id=24;clients=50
1777331080086,PUT,103,4,benchKey_26_76,bytes=30;client_id=26;clients=50
1777331080086,PUT,106,4,benchKey_36_75,bytes=30;client_id=36;clients=50
1777331080086,PUT,110,4,benchKey_45_76,bytes=30;client_id=45;clients=50
1777331080087,PUT,103,4,benchKey_8_76,bytes=29;client_id=8;clients=50
1777331080096,PUT,112,4,benchKey_27_76,bytes=30;client_id=27;clients=50
1777331080097,PUT,95,4,benchKey_6_76,bytes=29;client_id=6;clients=50
1777331080099,PUT,97,4,benchKey_28_76,bytes=30;client_id=28;clients=50
1777331080101,PUT,98,4,benchKey_3_76,bytes=29;client_id=3;clients=50
1777331080102,PUT,99,4,benchKey_9_76,bytes=29;client_id=9;clients=50
1777331080104,PUT,100,4,benchKey_49_77,bytes=30;client_id=49;clients=50
1777331080107,PUT,104,4,benchKey_16_76,bytes=30;client_id=16;clients=50
1777331080107,PUT,103,4,benchKey_43_76,bytes=30;client_id=43;clients=50
1777331080108,PUT,104,4,benchKey_14_77,bytes=30;client_id=14;clients=50
1777331080108,PUT,103,4,benchKey_11_77,bytes=30;client_id=11;clients=50
1777331080109,PUT,94,4,benchKey_37_76,bytes=30;client_id=37;clients=50
1777331080126,PUT,111,4,benchKey_13_76,bytes=30;client_id=13;clients=50
1777331080126,PUT,111,4,benchKey_12_76,bytes=30;client_id=12;clients=50
1777331080127,PUT,108,4,benchKey_22_76,bytes=30;client_id=22;clients=50
1777331080128,PUT,102,4,benchKey_2_76,bytes=29;client_id=2;clients=50
1777331080129,PUT,107,4,benchKey_32_76,bytes=30;client_id=32;clients=50
1777331080129,PUT,103,4,benchKey_33_76,bytes=30;client_id=33;clients=50
1777331080129,PUT,110,4,benchKey_4_76,bytes=29;client_id=4;clients=50
1777331080129,PUT,103,4,benchKey_10_76,bytes=30;client_id=10;clients=50
1777331080129,PUT,105,4,benchKey_23_76,bytes=30;client_id=23;clients=50
1777331080138,PUT,112,4,benchKey_15_76,bytes=30;client_id=15;clients=50
1777331080139,PUT,95,4,benchKey_21_77,bytes=30;client_id=21;clients=50
1777331080141,PUT,96,4,benchKey_1_76,bytes=29;client_id=1;clients=50
1777331080142,PUT,97,4,benchKey_40_76,bytes=30;client_id=40;clients=50
1777331080144,PUT,99,4,benchKey_35_77,bytes=30;client_id=35;clients=50
1777331080146,PUT,101,4,benchKey_34_76,bytes=30;client_id=34;clients=50
1777331080148,PUT,103,4,benchKey_30_76,bytes=30;client_id=30;clients=50
1777331080148,PUT,103,4,benchKey_47_76,bytes=30;client_id=47;clients=50
1777331080149,PUT,103,4,benchKey_29_77,bytes=30;client_id=29;clients=50
1777331080150,PUT,104,4,benchKey_48_76,bytes=30;client_id=48;clients=50
1777331080150,PUT,94,4,benchKey_20_77,bytes=30;client_id=20;clients=50
1777331080167,PUT,111,4,benchKey_44_77,bytes=30;client_id=44;clients=50
1777331080167,PUT,110,4,benchKey_39_76,bytes=30;client_id=39;clients=50
1777331080168,PUT,107,4,benchKey_5_76,bytes=29;client_id=5;clients=50
1777331080169,PUT,108,4,benchKey_19_76,bytes=30;client_id=19;clients=50
1777331080170,PUT,104,4,benchKey_7_77,bytes=29;client_id=7;clients=50
1777331080170,PUT,102,4,benchKey_38_76,bytes=30;client_id=38;clients=50
1777331080170,PUT,106,4,benchKey_46_77,bytes=30;client_id=46;clients=50
1777331080171,PUT,104,4,benchKey_25_77,bytes=30;client_id=25;clients=50
1777331080171,PUT,103,4,benchKey_31_77,bytes=30;client_id=31;clients=50
1777331080179,PUT,111,4,benchKey_0_77,bytes=29;client_id=0;clients=50
1777331080181,PUT,96,4,benchKey_41_77,bytes=30;client_id=41;clients=50
1777331080183,PUT,96,4,benchKey_18_78,bytes=30;client_id=18;clients=50
1777331080183,PUT,98,4,benchKey_17_77,bytes=30;client_id=17;clients=50
1777331080185,PUT,98,4,benchKey_42_77,bytes=30;client_id=42;clients=50
1777331080187,PUT,100,4,benchKey_24_77,bytes=30;client_id=24;clients=50
1777331080189,PUT,102,4,benchKey_36_76,bytes=30;client_id=36;clients=50
1777331080190,PUT,103,4,benchKey_26_77,bytes=30;client_id=26;clients=50
1777331080190,PUT,103,4,benchKey_45_77,bytes=30;client_id=45;clients=50
1777331080191,PUT,104,4,benchKey_8_77,bytes=29;client_id=8;clients=50
1777331080192,PUT,95,4,benchKey_27_77,bytes=30;client_id=27;clients=50
1777331080209,PUT,112,4,benchKey_6_77,bytes=29;client_id=6;clients=50
1777331080210,PUT,108,4,benchKey_9_77,bytes=29;client_id=9;clients=50
1777331080210,PUT,111,4,benchKey_28_77,bytes=30;client_id=28;clients=50
1777331080210,PUT,108,4,benchKey_3_77,bytes=29;client_id=3;clients=50
1777331080211,PUT,103,4,benchKey_16_77,bytes=30;client_id=16;clients=50
1777331080212,PUT,104,4,benchKey_43_77,bytes=30;client_id=43;clients=50
1777331080212,PUT,108,4,benchKey_49_78,bytes=30;client_id=49;clients=50
1777331080213,PUT,104,4,benchKey_14_78,bytes=30;client_id=14;clients=50
1777331080213,PUT,104,4,benchKey_11_78,bytes=30;client_id=11;clients=50
1777331080220,PUT,111,4,benchKey_37_77,bytes=30;client_id=37;clients=50
1777331080223,PUT,96,4,benchKey_13_77,bytes=30;client_id=13;clients=50
1777331080224,PUT,97,4,benchKey_12_77,bytes=30;client_id=12;clients=50
1777331080225,PUT,98,4,benchKey_22_77,bytes=30;client_id=22;clients=50
1777331080227,PUT,98,4,benchKey_2_77,bytes=29;client_id=2;clients=50
1777331080228,PUT,98,4,benchKey_32_77,bytes=30;client_id=32;clients=50
1777331080230,PUT,101,4,benchKey_33_77,bytes=30;client_id=33;clients=50
1777331080232,PUT,102,4,benchKey_4_77,bytes=29;client_id=4;clients=50
1777331080232,PUT,102,4,benchKey_10_77,bytes=30;client_id=10;clients=50
1777331080232,PUT,102,4,benchKey_23_77,bytes=30;client_id=23;clients=50
1777331080234,PUT,95,4,benchKey_15_77,bytes=30;client_id=15;clients=50
1777331080251,PUT,109,4,benchKey_40_77,bytes=30;client_id=40;clients=50
1777331080252,PUT,113,4,benchKey_21_78,bytes=30;client_id=21;clients=50
1777331080253,PUT,111,4,benchKey_1_77,bytes=29;client_id=1;clients=50
1777331080253,PUT,106,4,benchKey_34_77,bytes=30;client_id=34;clients=50
1777331080253,PUT,109,4,benchKey_35_78,bytes=30;client_id=35;clients=50
1777331080253,PUT,105,4,benchKey_30_77,bytes=30;client_id=30;clients=50
1777331080254,PUT,106,4,benchKey_47_77,bytes=30;client_id=47;clients=50
1777331080254,PUT,104,4,benchKey_48_77,bytes=30;client_id=48;clients=50
1777331080254,PUT,105,4,benchKey_29_78,bytes=30;client_id=29;clients=50
1777331080263,PUT,113,4,benchKey_20_78,bytes=30;client_id=20;clients=50
1777331080264,PUT,97,4,benchKey_44_78,bytes=30;client_id=44;clients=50
1777331080265,PUT,98,4,benchKey_39_77,bytes=30;client_id=39;clients=50
1777331080266,PUT,98,4,benchKey_5_77,bytes=29;client_id=5;clients=50
1777331080269,PUT,100,4,benchKey_19_77,bytes=30;client_id=19;clients=50
1777331080270,PUT,100,4,benchKey_7_78,bytes=29;client_id=7;clients=50
1777331080271,PUT,101,4,benchKey_38_77,bytes=30;client_id=38;clients=50
1777331080273,PUT,103,4,benchKey_46_78,bytes=30;client_id=46;clients=50
1777331080273,PUT,102,4,benchKey_25_78,bytes=30;client_id=25;clients=50
1777331080273,PUT,102,4,benchKey_31_78,bytes=30;client_id=31;clients=50
1777331080276,PUT,96,4,benchKey_0_78,bytes=29;client_id=0;clients=50
1777331080294,PUT,112,4,benchKey_41_78,bytes=30;client_id=41;clients=50
1777331080295,PUT,111,4,benchKey_17_78,bytes=30;client_id=17;clients=50
1777331080295,PUT,112,4,benchKey_18_79,bytes=30;client_id=18;clients=50
1777331080296,PUT,108,4,benchKey_24_78,bytes=30;client_id=24;clients=50
1777331080297,PUT,106,4,benchKey_45_78,bytes=30;client_id=45;clients=50
1777331080297,PUT,107,4,benchKey_26_78,bytes=30;client_id=26;clients=50
1777331080297,PUT,106,4,benchKey_8_78,bytes=29;client_id=8;clients=50
1777331080297,PUT,112,4,benchKey_42_78,bytes=30;client_id=42;clients=50
1777331080297,PUT,107,4,benchKey_36_77,bytes=30;client_id=36;clients=50
1777331080305,PUT,113,4,benchKey_27_78,bytes=30;client_id=27;clients=50
1777331080306,PUT,96,4,benchKey_6_78,bytes=29;client_id=6;clients=50
1777331080307,PUT,97,4,benchKey_9_78,bytes=29;client_id=9;clients=50
1777331080308,PUT,98,4,benchKey_28_78,bytes=30;client_id=28;clients=50
1777331080311,PUT,100,4,benchKey_3_78,bytes=29;client_id=3;clients=50
1777331080313,PUT,101,4,benchKey_49_79,bytes=30;client_id=49;clients=50
1777331080313,PUT,102,4,benchKey_16_78,bytes=30;client_id=16;clients=50
1777331080316,PUT,103,4,benchKey_11_79,bytes=30;client_id=11;clients=50
1777331080316,PUT,104,4,benchKey_43_78,bytes=30;client_id=43;clients=50
1777331080316,PUT,103,4,benchKey_14_79,bytes=30;client_id=14;clients=50
1777331080319,PUT,98,4,benchKey_37_78,bytes=30;client_id=37;clients=50
1777331080337,PUT,113,4,benchKey_13_78,bytes=30;client_id=13;clients=50
1777331080337,PUT,113,4,benchKey_12_78,bytes=30;client_id=12;clients=50
1777331080338,PUT,111,4,benchKey_2_78,bytes=29;client_id=2;clients=50
1777331080338,PUT,113,4,benchKey_22_78,bytes=30;client_id=22;clients=50
1777331080339,PUT,107,4,benchKey_10_78,bytes=30;client_id=10;clients=50
1777331080341,PUT,108,4,benchKey_4_78,bytes=29;client_id=4;clients=50
1777331080341,PUT,112,4,benchKey_32_78,bytes=30;client_id=32;clients=50
1777331080341,PUT,108,4,benchKey_23_78,bytes=30;client_id=23;clients=50
1777331080341,PUT,110,4,benchKey_33_78,bytes=30;client_id=33;clients=50
1777331080348,PUT,114,4,benchKey_15_78,bytes=30;client_id=15;clients=50
1777331080348,PUT,96,4,benchKey_40_78,bytes=30;client_id=40;clients=50
1777331080349,PUT,97,4,benchKey_21_79,bytes=30;client_id=21;clients=50
1777331080350,PUT,97,4,benchKey_1_78,bytes=29;client_id=1;clients=50
1777331080353,PUT,100,4,benchKey_34_78,bytes=30;client_id=34;clients=50
1777331080355,PUT,101,4,benchKey_35_79,bytes=30;client_id=35;clients=50
1777331080356,PUT,102,4,benchKey_30_78,bytes=30;client_id=30;clients=50
1777331080358,PUT,103,4,benchKey_48_78,bytes=30;client_id=48;clients=50
1777331080358,PUT,103,4,benchKey_29_79,bytes=30;client_id=29;clients=50
1777331080359,PUT,104,4,benchKey_47_78,bytes=30;client_id=47;clients=50
1777331080360,PUT,96,4,benchKey_20_79,bytes=30;client_id=20;clients=50
1777331080380,PUT,115,4,benchKey_44_79,bytes=30;client_id=44;clients=50
1777331080380,PUT,114,4,benchKey_39_78,bytes=30;client_id=39;clients=50
1777331080382,PUT,112,4,benchKey_19_78,bytes=30;client_id=19;clients=50
1777331080382,PUT,115,4,benchKey_5_78,bytes=29;client_id=5;clients=50
1777331080383,PUT,112,4,benchKey_38_78,bytes=30;client_id=38;clients=50
1777331080383,PUT,113,4,benchKey_7_79,bytes=29;client_id=7;clients=50
1777331080383,PUT,110,4,benchKey_31_79,bytes=30;client_id=31;clients=50
1777331080384,PUT,110,4,benchKey_25_79,bytes=30;client_id=25;clients=50
1777331080384,PUT,111,4,benchKey_46_79,bytes=30;client_id=46;clients=50
1777331080390,PUT,96,4,benchKey_41_79,bytes=30;client_id=41;clients=50
1777331080390,PUT,114,4,benchKey_0_79,bytes=29;client_id=0;clients=50
1777331080391,PUT,96,4,benchKey_17_79,bytes=30;client_id=17;clients=50
1777331080393,PUT,97,4,benchKey_18_80,bytes=30;client_id=18;clients=50
1777331080395,PUT,99,4,benchKey_24_79,bytes=30;client_id=24;clients=50
1777331080397,PUT,99,4,benchKey_45_79,bytes=30;client_id=45;clients=50
1777331080398,PUT,100,4,benchKey_26_79,bytes=30;client_id=26;clients=50
1777331080400,PUT,102,4,benchKey_8_79,bytes=29;client_id=8;clients=50
1777331080400,PUT,102,4,benchKey_42_79,bytes=30;client_id=42;clients=50
1777331080402,PUT,103,4,benchKey_36_78,bytes=30;client_id=36;clients=50
1777331080402,PUT,96,4,benchKey_27_79,bytes=30;client_id=27;clients=50
1777331080423,PUT,116,4,benchKey_6_79,bytes=29;client_id=6;clients=50
1777331080424,PUT,116,4,benchKey_9_79,bytes=29;client_id=9;clients=50
1777331080425,PUT,114,4,benchKey_3_79,bytes=29;client_id=3;clients=50
1777331080427,PUT,113,4,benchKey_49_80,bytes=30;client_id=49;clients=50
1777331080427,PUT,110,4,benchKey_43_79,bytes=30;client_id=43;clients=50
1777331080427,PUT,113,4,benchKey_16_79,bytes=30;client_id=16;clients=50
1777331080427,PUT,111,4,benchKey_14_80,bytes=30;client_id=14;clients=50
1777331080427,PUT,118,4,benchKey_28_79,bytes=30;client_id=28;clients=50
1777331080428,PUT,112,4,benchKey_11_80,bytes=30;client_id=11;clients=50
1777331080433,PUT,114,4,benchKey_37_79,bytes=30;client_id=37;clients=50
1777331080434,PUT,96,4,benchKey_12_79,bytes=30;client_id=12;clients=50
1777331080433,PUT,96,4,benchKey_13_79,bytes=30;client_id=13;clients=50
1777331080435,PUT,96,4,benchKey_2_79,bytes=29;client_id=2;clients=50
1777331080437,PUT,98,4,benchKey_22_79,bytes=30;client_id=22;clients=50
1777331080438,PUT,98,4,benchKey_10_79,bytes=30;client_id=10;clients=50
1777331080439,PUT,98,4,benchKey_4_79,bytes=29;client_id=4;clients=50
1777331080441,PUT,100,4,benchKey_32_79,bytes=30;client_id=32;clients=50
1777331080441,PUT,100,4,benchKey_23_79,bytes=30;client_id=23;clients=50
1777331080443,PUT,102,4,benchKey_33_79,bytes=30;client_id=33;clients=50
1777331080443,PUT,94,4,benchKey_15_79,bytes=30;client_id=15;clients=50
1777331080465,PUT,116,4,benchKey_40_79,bytes=30;client_id=40;clients=50
1777331080466,PUT,116,4,benchKey_21_80,bytes=30;client_id=21;clients=50
1777331080468,PUT,118,4,benchKey_1_79,bytes=29;client_id=1;clients=50
1777331080470,PUT,111,4,benchKey_47_79,bytes=30;client_id=47;clients=50
1777331080472,PUT,115,4,benchKey_30_79,bytes=30;client_id=30;clients=50
1777331080472,PUT,113,4,benchKey_29_80,bytes=30;client_id=29;clients=50
1777331080472,PUT,116,4,benchKey_35_80,bytes=30;client_id=35;clients=50
1777331080472,PUT,118,4,benchKey_34_79,bytes=30;client_id=34;clients=50
1777331080473,PUT,114,4,benchKey_48_79,bytes=30;client_id=48;clients=50
1777331080476,PUT,116,4,benchKey_20_80,bytes=30;client_id=20;clients=50
1777331080476,PUT,96,4,benchKey_39_79,bytes=30;client_id=39;clients=50
1777331080478,PUT,97,4,benchKey_44_80,bytes=30;client_id=44;clients=50
1777331080479,PUT,97,4,benchKey_19_79,bytes=30;client_id=19;clients=50
1777331080480,PUT,97,4,benchKey_5_79,bytes=29;client_id=5;clients=50
1777331080481,PUT,98,4,benchKey_38_79,bytes=30;client_id=38;clients=50
1777331080482,PUT,99,4,benchKey_7_80,bytes=29;client_id=7;clients=50
1777331080483,PUT,99,4,benchKey_25_80,bytes=30;client_id=25;clients=50
1777331080483,PUT,99,4,benchKey_31_80,bytes=30;client_id=31;clients=50
1777331080484,PUT,99,4,benchKey_46_80,bytes=30;client_id=46;clients=50
1777331080484,PUT,94,4,benchKey_41_80,bytes=30;client_id=41;clients=50
1777331080507,PUT,116,4,benchKey_0_80,bytes=29;client_id=0;clients=50
1777331080507,PUT,116,4,benchKey_17_80,bytes=30;client_id=17;clients=50
1777331080511,PUT,118,4,benchKey_18_81,bytes=30;client_id=18;clients=50
1777331080512,PUT,116,4,benchKey_24_80,bytes=30;client_id=24;clients=50
1777331080514,PUT,116,4,benchKey_45_80,bytes=30;client_id=45;clients=50
1777331080514,PUT,113,4,benchKey_8_80,bytes=29;client_id=8;clients=50
1777331080514,PUT,115,4,benchKey_26_80,bytes=30;client_id=26;clients=50
1777331080515,PUT,113,4,benchKey_36_79,bytes=30;client_id=36;clients=50
1777331080515,PUT,114,4,benchKey_42_80,bytes=30;client_id=42;clients=50
1777331080518,PUT,116,4,benchKey_27_80,bytes=30;client_id=27;clients=50
1777331080519,PUT,95,4,benchKey_6_80,bytes=29;client_id=6;clients=50
1777331080520,PUT,96,4,benchKey_9_80,bytes=29;client_id=9;clients=50
1777331080521,PUT,93,4,benchKey_49_81,bytes=30;client_id=49;clients=50
1777331080521,PUT,95,4,benchKey_3_80,bytes=29;client_id=3;clients=50
1777331080523,PUT,95,4,benchKey_43_80,bytes=30;client_id=43;clients=50
1777331080524,PUT,96,4,benchKey_16_80,bytes=30;client_id=16;clients=50
1777331080526,PUT,98,4,benchKey_28_80,bytes=30;client_id=28;clients=50
1777331080526,PUT,92,4,benchKey_37_80,bytes=30;client_id=37;clients=50
1777331080526,PUT,98,4,benchKey_14_81,bytes=30;client_id=14;clients=50
1777331080527,PUT,98,4,benchKey_11_81,bytes=30;client_id=11;clients=50
1777331080550,PUT,115,4,benchKey_13_80,bytes=30;client_id=13;clients=50
1777331080550,PUT,115,4,benchKey_12_80,bytes=30;client_id=12;clients=50
1777331080553,PUT,115,4,benchKey_22_80,bytes=30;client_id=22;clients=50
1777331080553,PUT,117,4,benchKey_2_80,bytes=29;client_id=2;clients=50
1777331080555,PUT,116,4,benchKey_10_80,bytes=30;client_id=10;clients=50
1777331080556,PUT,116,4,benchKey_4_80,bytes=29;client_id=4;clients=50
1777331080556,PUT,114,4,benchKey_23_80,bytes=30;client_id=23;clients=50
1777331080556,PUT,114,4,benchKey_32_80,bytes=30;client_id=32;clients=50
1777331080557,PUT,113,4,benchKey_33_80,bytes=30;client_id=33;clients=50
1777331080559,PUT,115,4,benchKey_15_80,bytes=30;client_id=15;clients=50
1777331080561,PUT,96,4,benchKey_40_80,bytes=30;client_id=40;clients=50
1777331080561,PUT,95,4,benchKey_21_81,bytes=30;client_id=21;clients=50
1777331080562,PUT,91,4,benchKey_47_80,bytes=30;client_id=47;clients=50
1777331080562,PUT,93,4,benchKey_1_80,bytes=29;client_id=1;clients=50
1777331080564,PUT,92,4,benchKey_30_80,bytes=30;client_id=30;clients=50
1777331080565,PUT,92,4,benchKey_29_81,bytes=30;client_id=29;clients=50
1777331080568,PUT,96,4,benchKey_35_81,bytes=30;client_id=35;clients=50
1777331080568,PUT,95,4,benchKey_34_80,bytes=30;client_id=34;clients=50
1777331080568,PUT,95,4,benchKey_48_80,bytes=30;client_id=48;clients=50
1777331080568,PUT,91,4,benchKey_20_81,bytes=30;client_id=20;clients=50
1777331080591,PUT,113,4,benchKey_44_81,bytes=30;client_id=44;clients=50
1777331080592,PUT,115,4,benchKey_39_80,bytes=30;client_id=39;clients=50
1777331080594,PUT,114,4,benchKey_5_80,bytes=29;client_id=5;clients=50
1777331080594,PUT,115,4,benchKey_19_80,bytes=30;client_id=19;clients=50
1777331080596,PUT,114,4,benchKey_38_80,bytes=30;client_id=38;clients=50
1777331080597,PUT,113,4,benchKey_25_81,bytes=30;client_id=25;clients=50
1777331080597,PUT,113,4,benchKey_31_81,bytes=30;client_id=31;clients=50
1777331080598,PUT,113,4,benchKey_46_81,bytes=30;client_id=46;clients=50
1777331080598,PUT,115,4,benchKey_7_81,bytes=29;client_id=7;clients=50
1777331080600,PUT,115,4,benchKey_41_81,bytes=30;client_id=41;clients=50
1777331080603,PUT,95,4,benchKey_0_81,bytes=29;client_id=0;clients=50
1777331080603,PUT,95,4,benchKey_17_81,bytes=30;client_id=17;clients=50
1777331080604,PUT,92,4,benchKey_18_82,bytes=30;client_id=18;clients=50
1777331080604,PUT,91,4,benchKey_24_81,bytes=30;client_id=24;clients=50
1777331080606,PUT,91,4,benchKey_8_81,bytes=29;client_id=8;clients=50
1777331080607,PUT,92,4,benchKey_45_81,bytes=30;client_id=45;clients=50
1777331080609,PUT,94,4,benchKey_26_81,bytes=30;client_id=26;clients=50
1777331080609,PUT,94,4,benchKey_42_81,bytes=30;client_id=42;clients=50
1777331080610,PUT,91,4,benchKey_27_81,bytes=30;client_id=27;clients=50
1777331080611,PUT,95,4,benchKey_36_80,bytes=30;client_id=36;clients=50
1777331080634,PUT,114,4,benchKey_9_81,bytes=29;client_id=9;clients=50
1777331080634,PUT,115,4,benchKey_6_81,bytes=29;client_id=6;clients=50
1777331080636,PUT,115,4,benchKey_49_82,bytes=30;client_id=49;clients=50
1777331080636,PUT,114,4,benchKey_3_81,bytes=29;client_id=3;clients=50
1777331080638,PUT,114,4,benchKey_43_81,bytes=30;client_id=43;clients=50
1777331080638,PUT,112,4,benchKey_28_81,bytes=30;client_id=28;clients=50
1777331080638,PUT,114,4,benchKey_16_81,bytes=30;client_id=16;clients=50
1777331080639,PUT,112,4,benchKey_14_82,bytes=30;client_id=14;clients=50
1777331080640,PUT,113,4,benchKey_37_81,bytes=30;client_id=37;clients=50
1777331080641,PUT,113,4,benchKey_11_82,bytes=30;client_id=11;clients=50
1777331080644,PUT,93,4,benchKey_12_81,bytes=30;client_id=12;clients=50
1777331080645,PUT,94,4,benchKey_13_81,bytes=30;client_id=13;clients=50
1777331080646,PUT,92,4,benchKey_22_81,bytes=30;client_id=22;clients=50
1777331080646,PUT,92,4,benchKey_2_81,bytes=29;client_id=2;clients=50
1777331080647,PUT,91,4,benchKey_10_81,bytes=30;client_id=10;clients=50
1777331080649,PUT,93,4,benchKey_4_81,bytes=29;client_id=4;clients=50
1777331080650,PUT,93,4,benchKey_23_81,bytes=30;client_id=23;clients=50
1777331080650,PUT,93,4,benchKey_32_81,bytes=30;client_id=32;clients=50
1777331080651,PUT,93,4,benchKey_33_81,bytes=30;client_id=33;clients=50
1777331080652,PUT,93,4,benchKey_15_81,bytes=30;client_id=15;clients=50
1777331080675,PUT,113,4,benchKey_40_81,bytes=30;client_id=40;clients=50
1777331080676,PUT,114,4,benchKey_21_82,bytes=30;client_id=21;clients=50
1777331080677,PUT,114,4,benchKey_47_81,bytes=30;client_id=47;clients=50
1777331080678,PUT,115,4,benchKey_1_81,bytes=29;client_id=1;clients=50
1777331080680,PUT,111,4,benchKey_34_81,bytes=30;client_id=34;clients=50
1777331080680,PUT,116,4,benchKey_30_81,bytes=30;client_id=30;clients=50
1777331080680,PUT,115,4,benchKey_29_82,bytes=30;client_id=29;clients=50
1777331080680,PUT,112,4,benchKey_35_82,bytes=30;client_id=35;clients=50
1777331080682,PUT,113,4,benchKey_48_81,bytes=30;client_id=48;clients=50
1777331080682,PUT,113,4,benchKey_20_82,bytes=30;client_id=20;clients=50
1777331080685,PUT,93,4,benchKey_44_82,bytes=30;client_id=44;clients=50
1777331080687,PUT,92,4,benchKey_5_81,bytes=29;client_id=5;clients=50
1777331080687,PUT,92,4,benchKey_19_81,bytes=30;client_id=19;clients=50
1777331080687,PUT,94,4,benchKey_39_81,bytes=30;client_id=39;clients=50
1777331080689,PUT,93,4,benchKey_38_81,bytes=30;client_id=38;clients=50
1777331080690,PUT,93,4,benchKey_25_82,bytes=30;client_id=25;clients=50
1777331080691,PUT,93,4,benchKey_31_82,bytes=30;client_id=31;clients=50
1777331080692,PUT,94,4,benchKey_46_82,bytes=30;client_id=46;clients=50
1777331080692,PUT,94,4,benchKey_7_82,bytes=29;client_id=7;clients=50
1777331080694,PUT,93,4,benchKey_41_82,bytes=30;client_id=41;clients=50
1777331080717,PUT,114,4,benchKey_17_82,bytes=30;client_id=17;clients=50
1777331080717,PUT,114,4,benchKey_0_82,bytes=29;client_id=0;clients=50
1777331080719,PUT,115,4,benchKey_24_82,bytes=30;client_id=24;clients=50
1777331080719,PUT,115,4,benchKey_18_83,bytes=30;client_id=18;clients=50
1777331080722,PUT,116,4,benchKey_8_82,bytes=29;client_id=8;clients=50
1777331080722,PUT,113,4,benchKey_26_82,bytes=30;client_id=26;clients=50
1777331080723,PUT,113,4,benchKey_42_82,bytes=30;client_id=42;clients=50
1777331080723,PUT,116,4,benchKey_45_82,bytes=30;client_id=45;clients=50
1777331080724,PUT,113,4,benchKey_36_81,bytes=30;client_id=36;clients=50
1777331080724,PUT,114,4,benchKey_27_82,bytes=30;client_id=27;clients=50
1777331080726,PUT,91,4,benchKey_6_82,bytes=29;client_id=6;clients=50
1777331080728,PUT,93,4,benchKey_9_82,bytes=29;client_id=9;clients=50
1777331080728,PUT,92,4,benchKey_3_82,bytes=29;client_id=3;clients=50
1777331080728,PUT,92,4,benchKey_49_83,bytes=30;client_id=49;clients=50
1777331080730,PUT,91,4,benchKey_43_82,bytes=30;client_id=43;clients=50
1777331080731,PUT,93,4,benchKey_28_82,bytes=30;client_id=28;clients=50
1777331080732,PUT,93,4,benchKey_16_82,bytes=30;client_id=16;clients=50
1777331080733,PUT,92,4,benchKey_37_82,bytes=30;client_id=37;clients=50
1777331080734,PUT,94,4,benchKey_14_83,bytes=30;client_id=14;clients=50
1777331080736,PUT,95,4,benchKey_11_83,bytes=30;client_id=11;clients=50
1777331080759,PUT,114,4,benchKey_13_82,bytes=30;client_id=13;clients=50
1777331080760,PUT,115,4,benchKey_12_82,bytes=30;client_id=12;clients=50
1777331080761,PUT,115,4,benchKey_2_82,bytes=29;client_id=2;clients=50
1777331080761,PUT,115,4,benchKey_22_82,bytes=30;client_id=22;clients=50
1777331080763,PUT,116,4,benchKey_10_82,bytes=30;client_id=10;clients=50
1777331080764,PUT,114,4,benchKey_32_82,bytes=30;client_id=32;clients=50
1777331080764,PUT,115,4,benchKey_4_82,bytes=29;client_id=4;clients=50
1777331080764,PUT,114,4,benchKey_23_82,bytes=30;client_id=23;clients=50
1777331080765,PUT,112,4,benchKey_15_82,bytes=30;client_id=15;clients=50
1777331080766,PUT,114,4,benchKey_33_82,bytes=30;client_id=33;clients=50
1777331080767,PUT,91,4,benchKey_40_82,bytes=30;client_id=40;clients=50
1777331080769,PUT,92,4,benchKey_21_83,bytes=30;client_id=21;clients=50
1777331080770,PUT,92,4,benchKey_1_82,bytes=29;client_id=1;clients=50
1777331080771,PUT,94,4,benchKey_47_82,bytes=30;client_id=47;clients=50
1777331080772,PUT,91,4,benchKey_30_82,bytes=30;client_id=30;clients=50
1777331080772,PUT,92,4,benchKey_34_82,bytes=30;client_id=34;clients=50
1777331080774,PUT,93,4,benchKey_35_83,bytes=30;client_id=35;clients=50
1777331080774,PUT,94,4,benchKey_29_83,bytes=30;client_id=29;clients=50
1777331080775,PUT,93,4,benchKey_20_83,bytes=30;client_id=20;clients=50
1777331080777,PUT,95,4,benchKey_48_82,bytes=30;client_id=48;clients=50
1777331080801,PUT,116,4,benchKey_44_83,bytes=30;client_id=44;clients=50
1777331080802,PUT,115,4,benchKey_39_82,bytes=30;client_id=39;clients=50
1777331080802,PUT,115,4,benchKey_5_82,bytes=29;client_id=5;clients=50
1777331080803,PUT,115,4,benchKey_19_82,bytes=30;client_id=19;clients=50
1777331080804,PUT,115,4,benchKey_38_82,bytes=30;client_id=38;clients=50
1777331080805,PUT,112,4,benchKey_46_83,bytes=30;client_id=46;clients=50
1777331080805,PUT,115,4,benchKey_25_83,bytes=30;client_id=25;clients=50
1777331080805,PUT,114,4,benchKey_31_83,bytes=30;client_id=31;clients=50
1777331080806,PUT,113,4,benchKey_7_83,bytes=29;client_id=7;clients=50
1777331080808,PUT,114,4,benchKey_41_83,bytes=30;client_id=41;clients=50
1777331080809,PUT,91,4,benchKey_17_83,bytes=30;client_id=17;clients=50
1777331080810,PUT,92,4,benchKey_0_83,bytes=29;client_id=0;clients=50
1777331080811,PUT,91,4,benchKey_24_83,bytes=30;client_id=24;clients=50
1777331080812,PUT,92,4,benchKey_18_84,bytes=30;client_id=18;clients=50
1777331080813,PUT,90,4,benchKey_26_83,bytes=30;client_id=26;clients=50
1777331080817,PUT,93,4,benchKey_36_82,bytes=30;client_id=36;clients=50
1777331080817,PUT,95,4,benchKey_8_83,bytes=29;client_id=8;clients=50
1777331080817,PUT,94,4,benchKey_42_83,bytes=30;client_id=42;clients=50
1777331080819,PUT,95,4,benchKey_45_83,bytes=30;client_id=45;clients=50
1777331080820,PUT,95,4,benchKey_27_83,bytes=30;client_id=27;clients=50
1777331080843,PUT,115,4,benchKey_9_83,bytes=29;client_id=9;clients=50
1777331080844,PUT,118,4,benchKey_6_83,bytes=29;client_id=6;clients=50
1777331080844,PUT,115,4,benchKey_49_84,bytes=30;client_id=49;clients=50
1777331080844,PUT,115,4,benchKey_3_83,bytes=29;client_id=3;clients=50
1777331080845,PUT,114,4,benchKey_43_83,bytes=30;client_id=43;clients=50
1777331080847,PUT,115,4,benchKey_16_83,bytes=30;client_id=16;clients=50
1777331080847,PUT,114,4,benchKey_37_83,bytes=30;client_id=37;clients=50
1777331080847,PUT,115,4,benchKey_28_83,bytes=30;client_id=28;clients=50
1777331080848,PUT,113,4,benchKey_14_84,bytes=30;client_id=14;clients=50
1777331080849,PUT,112,4,benchKey_11_84,bytes=30;client_id=11;clients=50
1777331080851,PUT,91,4,benchKey_12_83,bytes=30;client_id=12;clients=50
1777331080851,PUT,91,4,benchKey_13_83,bytes=30;client_id=13;clients=50
1777331080852,PUT,90,4,benchKey_2_83,bytes=29;client_id=2;clients=50
1777331080854,PUT,93,4,benchKey_22_83,bytes=30;client_id=22;clients=50
1777331080855,PUT,91,4,benchKey_10_83,bytes=30;client_id=10;clients=50
1777331080859,PUT,94,4,benchKey_32_83,bytes=30;client_id=32;clients=50
1777331080859,PUT,94,4,benchKey_4_83,bytes=29;client_id=4;clients=50
1777331080860,PUT,95,4,benchKey_23_83,bytes=30;client_id=23;clients=50
1777331080861,PUT,96,4,benchKey_15_83,bytes=30;client_id=15;clients=50
1777331080861,PUT,95,4,benchKey_33_83,bytes=30;client_id=33;clients=50
1777331080886,PUT,116,4,benchKey_1_83,bytes=29;client_id=1;clients=50
1777331080886,PUT,114,4,benchKey_30_83,bytes=30;client_id=30;clients=50
1777331080886,PUT,117,4,benchKey_21_84,bytes=30;client_id=21;clients=50
1777331080886,PUT,119,4,benchKey_40_83,bytes=30;client_id=40;clients=50
1777331080887,PUT,115,4,benchKey_47_83,bytes=30;client_id=47;clients=50
1777331080888,PUT,115,4,benchKey_34_83,bytes=30;client_id=34;clients=50
1777331080888,PUT,113,4,benchKey_29_84,bytes=30;client_id=29;clients=50
1777331080889,PUT,114,4,benchKey_35_84,bytes=30;client_id=35;clients=50
1777331080890,PUT,112,4,benchKey_48_83,bytes=30;client_id=48;clients=50
1777331080890,PUT,114,4,benchKey_20_84,bytes=30;client_id=20;clients=50
1777331080893,PUT,90,4,benchKey_5_83,bytes=29;client_id=5;clients=50
1777331080894,PUT,92,4,benchKey_44_84,bytes=30;client_id=44;clients=50
1777331080894,PUT,91,4,benchKey_39_83,bytes=30;client_id=39;clients=50
1777331080896,PUT,92,4,benchKey_38_83,bytes=30;client_id=38;clients=50
1777331080896,PUT,93,4,benchKey_19_83,bytes=30;client_id=19;clients=50
1777331080900,PUT,94,4,benchKey_25_84,bytes=30;client_id=25;clients=50
1777331080900,PUT,94,4,benchKey_46_84,bytes=30;client_id=46;clients=50
1777331080901,PUT,95,4,benchKey_31_84,bytes=30;client_id=31;clients=50
1777331080903,PUT,94,4,benchKey_41_84,bytes=30;client_id=41;clients=50
1777331080903,PUT,97,4,benchKey_7_84,bytes=29;client_id=7;clients=50
1777331080927,PUT,116,4,benchKey_24_84,bytes=30;client_id=24;clients=50
1777331080928,PUT,116,4,benchKey_18_85,bytes=30;client_id=18;clients=50
1777331080928,PUT,118,4,benchKey_0_84,bytes=29;client_id=0;clients=50
1777331080929,PUT,120,4,benchKey_17_84,bytes=30;client_id=17;clients=50
1777331080929,PUT,112,4,benchKey_8_84,bytes=29;client_id=8;clients=50
1777331080929,PUT,116,4,benchKey_26_84,bytes=30;client_id=26;clients=50
1777331080930,PUT,113,4,benchKey_42_84,bytes=30;client_id=42;clients=50
1777331080931,PUT,113,4,benchKey_36_83,bytes=30;client_id=36;clients=50
1777331080931,PUT,111,4,benchKey_27_84,bytes=30;client_id=27;clients=50
1777331080932,PUT,112,4,benchKey_45_84,bytes=30;client_id=45;clients=50
1777331080934,PUT,90,4,benchKey_6_84,bytes=29;client_id=6;clients=50
1777331080934,PUT,91,4,benchKey_9_84,bytes=29;client_id=9;clients=50
1777331080936,PUT,91,4,benchKey_49_85,bytes=30;client_id=49;clients=50
1777331080937,PUT,93,4,benchKey_3_84,bytes=29;client_id=3;clients=50
1777331080938,PUT,93,4,benchKey_43_84,bytes=30;client_id=43;clients=50
1777331080941,PUT,94,4,benchKey_37_84,bytes=30;client_id=37;clients=50
1777331080941,PUT,94,4,benchKey_16_84,bytes=30;client_id=16;clients=50
1777331080943,PUT,95,4,benchKey_28_84,bytes=30;client_id=28;clients=50
1777331080944,PUT,96,4,benchKey_14_85,bytes=30;client_id=14;clients=50
1777331080946,PUT,96,4,benchKey_11_85,bytes=30;client_id=11;clients=50
1777331080969,PUT,118,4,benchKey_12_84,bytes=30;client_id=12;clients=50
1777331080970,PUT,118,4,benchKey_13_84,bytes=30;client_id=13;clients=50
1777331080970,PUT,117,4,benchKey_2_84,bytes=29;client_id=2;clients=50
1777331080971,PUT,111,4,benchKey_4_84,bytes=29;client_id=4;clients=50
1777331080971,PUT,115,4,benchKey_10_84,bytes=30;client_id=10;clients=50
1777331080972,PUT,112,4,benchKey_32_84,bytes=30;client_id=32;clients=50
1777331080972,PUT,117,4,benchKey_22_84,bytes=30;client_id=22;clients=50
1777331080973,PUT,111,4,benchKey_33_84,bytes=30;client_id=33;clients=50
1777331080973,PUT,113,4,benchKey_23_84,bytes=30;client_id=23;clients=50
1777331080973,PUT,112,4,benchKey_15_84,bytes=30;client_id=15;clients=50
1777331080976,PUT,89,4,benchKey_30_84,bytes=30;client_id=30;clients=50
1777331080976,PUT,89,4,benchKey_1_84,bytes=29;client_id=1;clients=50
1777331080977,PUT,90,4,benchKey_21_85,bytes=30;client_id=21;clients=50
1777331080980,PUT,93,4,benchKey_40_84,bytes=30;client_id=40;clients=50
1777331080981,PUT,94,4,benchKey_47_84,bytes=30;client_id=47;clients=50
1777331080984,PUT,96,4,benchKey_34_84,bytes=30;client_id=34;clients=50
1777331080984,PUT,95,4,benchKey_35_85,bytes=30;client_id=35;clients=50
1777331080984,PUT,95,4,benchKey_29_85,bytes=30;client_id=29;clients=50
1777331080987,PUT,97,4,benchKey_20_85,bytes=30;client_id=20;clients=50
1777331080987,PUT,97,4,benchKey_48_84,bytes=30;client_id=48;clients=50
1777331081011,PUT,118,4,benchKey_5_84,bytes=29;client_id=5;clients=50
1777331081011,PUT,117,4,benchKey_39_84,bytes=30;client_id=39;clients=50
1777331081011,PUT,117,4,benchKey_44_85,bytes=30;client_id=44;clients=50
1777331081013,PUT,113,4,benchKey_46_85,bytes=30;client_id=46;clients=50
1777331081013,PUT,117,4,benchKey_19_84,bytes=30;client_id=19;clients=50
1777331081014,PUT,117,4,benchKey_38_84,bytes=30;client_id=38;clients=50
1777331081014,PUT,113,4,benchKey_31_85,bytes=30;client_id=31;clients=50
1777331081014,PUT,114,4,benchKey_25_85,bytes=30;client_id=25;clients=50
1777331081015,PUT,112,4,benchKey_41_85,bytes=30;client_id=41;clients=50
1777331081015,PUT,112,4,benchKey_7_85,bytes=29;client_id=7;clients=50
1777331081018,PUT,90,4,benchKey_24_85,bytes=30;client_id=24;clients=50
1777331081018,PUT,89,4,benchKey_0_85,bytes=29;client_id=0;clients=50
1777331081018,PUT,90,4,benchKey_18_86,bytes=30;client_id=18;clients=50
1777331081021,PUT,91,4,benchKey_17_85,bytes=30;client_id=17;clients=50
1777331081023,PUT,93,4,benchKey_8_85,bytes=29;client_id=8;clients=50
1777331081026,PUT,96,4,benchKey_26_85,bytes=30;client_id=26;clients=50
1777331081026,PUT,95,4,benchKey_42_85,bytes=30;client_id=42;clients=50
1777331081027,PUT,96,4,benchKey_36_84,bytes=30;client_id=36;clients=50
1777331081029,PUT,97,4,benchKey_27_85,bytes=30;client_id=27;clients=50
1777331081030,PUT,98,4,benchKey_45_85,bytes=30;client_id=45;clients=50
1777331081053,PUT,118,4,benchKey_6_85,bytes=29;client_id=6;clients=50
1777331081053,PUT,117,4,benchKey_49_86,bytes=30;client_id=49;clients=50
1777331081053,PUT,118,4,benchKey_9_85,bytes=29;client_id=9;clients=50
1777331081056,PUT,118,4,benchKey_3_85,bytes=29;client_id=3;clients=50
1777331081056,PUT,114,4,benchKey_37_85,bytes=30;client_id=37;clients=50
1777331081056,PUT,114,4,benchKey_16_85,bytes=30;client_id=16;clients=50
1777331081056,PUT,117,4,benchKey_43_85,bytes=30;client_id=43;clients=50
1777331081058,PUT,113,4,benchKey_14_86,bytes=30;client_id=14;clients=50
1777331081058,PUT,112,4,benchKey_11_86,bytes=30;client_id=11;clients=50
1777331081058,PUT,115,4,benchKey_28_85,bytes=30;client_id=28;clients=50
1777331081060,PUT,90,4,benchKey_12_85,bytes=30;client_id=12;clients=50
1777331081060,PUT,89,4,benchKey_2_85,bytes=29;client_id=2;clients=50
1777331081061,PUT,90,4,benchKey_13_85,bytes=30;client_id=13;clients=50
1777331081064,PUT,93,4,benchKey_4_85,bytes=29;client_id=4;clients=50
1777331081066,PUT,95,4,benchKey_10_85,bytes=30;client_id=10;clients=50
1777331081068,PUT,95,4,benchKey_32_85,bytes=30;client_id=32;clients=50
1777331081069,PUT,96,4,benchKey_22_85,bytes=30;client_id=22;clients=50
1777331081069,PUT,95,4,benchKey_33_85,bytes=30;client_id=33;clients=50
1777331081070,PUT,96,4,benchKey_23_85,bytes=30;client_id=23;clients=50
1777331081072,PUT,98,4,benchKey_15_85,bytes=30;client_id=15;clients=50
1777331081095,PUT,119,4,benchKey_30_85,bytes=30;client_id=30;clients=50
1777331081095,PUT,119,4,benchKey_1_85,bytes=29;client_id=1;clients=50
1777331081096,PUT,119,4,benchKey_21_86,bytes=30;client_id=21;clients=50
1777331081097,PUT,115,4,benchKey_47_85,bytes=30;client_id=47;clients=50
1777331081098,PUT,113,4,benchKey_35_86,bytes=30;client_id=35;clients=50
1777331081098,PUT,117,4,benchKey_40_85,bytes=30;client_id=40;clients=50
1777331081099,PUT,111,4,benchKey_20_86,bytes=30;client_id=20;clients=50
1777331081100,PUT,112,4,benchKey_48_85,bytes=30;client_id=48;clients=50
1777331081100,PUT,115,4,benchKey_29_86,bytes=30;client_id=29;clients=50
1777331081100,PUT,115,4,benchKey_34_85,bytes=30;client_id=34;clients=50
1777331081101,PUT,89,4,benchKey_5_85,bytes=29;client_id=5;clients=50
1777331081102,PUT,90,4,benchKey_39_85,bytes=30;client_id=39;clients=50
1777331081103,PUT,91,4,benchKey_44_86,bytes=30;client_id=44;clients=50
1777331081105,PUT,91,4,benchKey_46_86,bytes=30;client_id=46;clients=50
1777331081109,PUT,95,4,benchKey_19_85,bytes=30;client_id=19;clients=50
1777331081109,PUT,95,4,benchKey_38_85,bytes=30;client_id=38;clients=50
1777331081110,PUT,94,4,benchKey_25_86,bytes=30;client_id=25;clients=50
1777331081111,PUT,96,4,benchKey_31_86,bytes=30;client_id=31;clients=50
1777331081112,PUT,96,4,benchKey_41_86,bytes=30;client_id=41;clients=50
1777331081113,PUT,97,4,benchKey_7_86,bytes=29;client_id=7;clients=50
1777331081136,PUT,117,4,benchKey_0_86,bytes=29;client_id=0;clients=50
1777331081136,PUT,117,4,benchKey_24_86,bytes=30;client_id=24;clients=50
1777331081137,PUT,118,4,benchKey_18_87,bytes=30;client_id=18;clients=50
1777331081138,PUT,116,4,benchKey_17_86,bytes=30;client_id=17;clients=50
1777331081139,PUT,112,4,benchKey_26_86,bytes=30;client_id=26;clients=50
1777331081139,PUT,115,4,benchKey_8_86,bytes=29;client_id=8;clients=50
1777331081141,PUT,114,4,benchKey_42_86,bytes=30;client_id=42;clients=50
1777331081141,PUT,113,4,benchKey_36_85,bytes=30;client_id=36;clients=50
1777331081142,PUT,88,4,benchKey_6_86,bytes=29;client_id=6;clients=50
1777331081142,PUT,111,4,benchKey_45_86,bytes=30;client_id=45;clients=50
1777331081142,PUT,112,4,benchKey_27_86,bytes=30;client_id=27;clients=50
1777331081143,PUT,89,4,benchKey_49_87,bytes=30;client_id=49;clients=50
1777331081144,PUT,90,4,benchKey_9_86,bytes=29;client_id=9;clients=50
1777331081147,PUT,90,4,benchKey_3_86,bytes=29;client_id=3;clients=50
1777331081151,PUT,94,4,benchKey_16_86,bytes=30;client_id=16;clients=50
1777331081151,PUT,94,4,benchKey_37_86,bytes=30;client_id=37;clients=50
1777331081151,PUT,94,4,benchKey_43_86,bytes=30;client_id=43;clients=50
1777331081153,PUT,94,4,benchKey_14_87,bytes=30;client_id=14;clients=50
1777331081153,PUT,94,4,benchKey_11_87,bytes=30;client_id=11;clients=50
1777331081155,PUT,96,4,benchKey_28_86,bytes=30;client_id=28;clients=50
1777331081177,PUT,117,4,benchKey_2_86,bytes=29;client_id=2;clients=50
1777331081177,PUT,117,4,benchKey_12_86,bytes=30;client_id=12;clients=50
1777331081179,PUT,118,4,benchKey_13_86,bytes=30;client_id=13;clients=50
1777331081179,PUT,114,4,benchKey_4_86,bytes=29;client_id=4;clients=50
1777331081180,PUT,111,4,benchKey_32_86,bytes=30;client_id=32;clients=50
1777331081180,PUT,113,4,benchKey_10_86,bytes=30;client_id=10;clients=50
1777331081182,PUT,112,4,benchKey_33_86,bytes=30;client_id=33;clients=50
1777331081182,PUT,112,4,benchKey_22_86,bytes=30;client_id=22;clients=50
1777331081183,PUT,87,4,benchKey_30_86,bytes=30;client_id=30;clients=50
1777331081184,PUT,113,4,benchKey_23_86,bytes=30;client_id=23;clients=50
1777331081184,PUT,111,4,benchKey_15_86,bytes=30;client_id=15;clients=50
1777331081184,PUT,88,4,benchKey_1_86,bytes=29;client_id=1;clients=50
1777331081185,PUT,88,4,benchKey_21_87,bytes=30;client_id=21;clients=50
1777331081189,PUT,92,4,benchKey_47_86,bytes=30;client_id=47;clients=50
1777331081192,PUT,93,4,benchKey_20_87,bytes=30;client_id=20;clients=50
1777331081193,PUT,94,4,benchKey_35_87,bytes=30;client_id=35;clients=50
1777331081193,PUT,94,4,benchKey_40_86,bytes=30;client_id=40;clients=50
1777331081194,PUT,93,4,benchKey_34_86,bytes=30;client_id=34;clients=50
1777331081195,PUT,95,4,benchKey_29_87,bytes=30;client_id=29;clients=50
1777331081196,PUT,95,4,benchKey_48_86,bytes=30;client_id=48;clients=50
1777331081218,PUT,115,4,benchKey_39_86,bytes=30;client_id=39;clients=50
1777331081218,PUT,117,4,benchKey_5_86,bytes=29;client_id=5;clients=50
1777331081220,PUT,116,4,benchKey_44_87,bytes=30;client_id=44;clients=50
1777331081221,PUT,115,4,benchKey_46_87,bytes=30;client_id=46;clients=50
1777331081221,PUT,111,4,benchKey_38_86,bytes=30;client_id=38;clients=50
1777331081222,PUT,112,4,benchKey_19_86,bytes=30;client_id=19;clients=50
1777331081223,PUT,111,4,benchKey_31_87,bytes=30;client_id=31;clients=50
1777331081223,PUT,113,4,benchKey_25_87,bytes=30;client_id=25;clients=50
1777331081224,PUT,112,4,benchKey_41_87,bytes=30;client_id=41;clients=50
1777331081225,PUT,88,4,benchKey_24_87,bytes=30;client_id=24;clients=50
1777331081225,PUT,112,4,benchKey_7_87,bytes=29;client_id=7;clients=50
1777331081225,PUT,88,4,benchKey_0_87,bytes=29;client_id=0;clients=50
1777331081226,PUT,88,4,benchKey_18_88,bytes=30;client_id=18;clients=50
1777331081230,PUT,92,4,benchKey_17_87,bytes=30;client_id=17;clients=50
1777331081233,PUT,94,4,benchKey_26_87,bytes=30;client_id=26;clients=50
1777331081234,PUT,92,4,benchKey_36_86,bytes=30;client_id=36;clients=50
1777331081235,PUT,96,4,benchKey_8_87,bytes=29;client_id=8;clients=50
1777331081235,PUT,93,4,benchKey_42_87,bytes=30;client_id=42;clients=50
1777331081237,PUT,94,4,benchKey_6_87,bytes=29;client_id=6;clients=50
1777331081238,PUT,95,4,benchKey_45_87,bytes=30;client_id=45;clients=50
1777331081260,PUT,117,4,benchKey_49_88,bytes=30;client_id=49;clients=50
1777331081260,PUT,118,4,benchKey_27_87,bytes=30;client_id=27;clients=50
1777331081262,PUT,111,4,benchKey_37_87,bytes=30;client_id=37;clients=50
1777331081262,PUT,115,4,benchKey_3_87,bytes=29;client_id=3;clients=50
1777331081263,PUT,118,4,benchKey_9_87,bytes=29;client_id=9;clients=50
1777331081263,PUT,112,4,benchKey_16_87,bytes=30;client_id=16;clients=50
1777331081265,PUT,112,4,benchKey_14_88,bytes=30;client_id=14;clients=50
1777331081265,PUT,114,4,benchKey_43_87,bytes=30;client_id=43;clients=50
1777331081266,PUT,89,4,benchKey_2_87,bytes=29;client_id=2;clients=50
1777331081266,PUT,111,4,benchKey_28_87,bytes=30;client_id=28;clients=50
1777331081267,PUT,113,4,benchKey_11_88,bytes=30;client_id=11;clients=50
1777331081267,PUT,89,4,benchKey_12_87,bytes=30;client_id=12;clients=50
1777331081267,PUT,88,4,benchKey_13_87,bytes=30;client_id=13;clients=50
1777331081271,PUT,92,4,benchKey_4_87,bytes=29;client_id=4;clients=50
1777331081275,PUT,95,4,benchKey_10_87,bytes=30;client_id=10;clients=50
1777331081275,PUT,95,4,benchKey_32_87,bytes=30;client_id=32;clients=50
1777331081277,PUT,95,4,benchKey_22_87,bytes=30;client_id=22;clients=50
1777331081277,PUT,95,4,benchKey_33_87,bytes=30;client_id=33;clients=50
1777331081278,PUT,95,4,benchKey_30_87,bytes=30;client_id=30;clients=50
1777331081280,PUT,96,4,benchKey_23_87,bytes=30;client_id=23;clients=50
1777331081303,PUT,118,4,benchKey_1_87,bytes=29;client_id=1;clients=50
1777331081303,PUT,118,4,benchKey_15_87,bytes=30;client_id=15;clients=50
1777331081305,PUT,120,4,benchKey_21_88,bytes=30;client_id=21;clients=50
1777331081306,PUT,116,4,benchKey_47_87,bytes=30;client_id=47;clients=50
1777331081306,PUT,114,4,benchKey_20_88,bytes=30;client_id=20;clients=50
1777331081305,PUT,112,4,benchKey_35_88,bytes=30;client_id=35;clients=50
1777331081307,PUT,113,4,benchKey_34_87,bytes=30;client_id=34;clients=50
1777331081308,PUT,114,4,benchKey_40_87,bytes=30;client_id=40;clients=50
1777331081308,PUT,112,4,benchKey_48_87,bytes=30;client_id=48;clients=50
1777331081309,PUT,113,4,benchKey_29_88,bytes=30;client_id=29;clients=50
1777331081309,PUT,91,4,benchKey_5_87,bytes=29;client_id=5;clients=50
1777331081310,PUT,90,4,benchKey_44_88,bytes=30;client_id=44;clients=50
1777331081310,PUT,92,4,benchKey_39_87,bytes=30;client_id=39;clients=50
1777331081313,PUT,92,4,benchKey_46_88,bytes=30;client_id=46;clients=50
1777331081317,PUT,95,4,benchKey_19_87,bytes=30;client_id=19;clients=50
1777331081317,PUT,96,4,benchKey_38_87,bytes=30;client_id=38;clients=50
1777331081319,PUT,96,4,benchKey_25_88,bytes=30;client_id=25;clients=50
1777331081320,PUT,96,4,benchKey_41_88,bytes=30;client_id=41;clients=50
1777331081320,PUT,97,4,benchKey_31_88,bytes=30;client_id=31;clients=50
1777331081323,PUT,98,4,benchKey_24_88,bytes=30;client_id=24;clients=50
1777331081345,PUT,119,4,benchKey_0_88,bytes=29;client_id=0;clients=50
1777331081345,PUT,120,4,benchKey_7_88,bytes=29;client_id=7;clients=50
1777331081349,PUT,123,4,benchKey_18_89,bytes=30;client_id=18;clients=50
1777331081349,PUT,119,4,benchKey_17_88,bytes=30;client_id=17;clients=50
1777331081349,PUT,116,4,benchKey_26_88,bytes=30;client_id=26;clients=50
1777331081350,PUT,116,4,benchKey_36_87,bytes=30;client_id=36;clients=50
1777331081351,PUT,115,4,benchKey_8_88,bytes=29;client_id=8;clients=50
1777331081352,PUT,114,4,benchKey_6_88,bytes=29;client_id=6;clients=50
1777331081352,PUT,116,4,benchKey_42_88,bytes=30;client_id=42;clients=50
1777331081353,PUT,92,4,benchKey_49_89,bytes=30;client_id=49;clients=50
1777331081353,PUT,90,4,benchKey_37_88,bytes=30;client_id=37;clients=50
1777331081354,PUT,93,4,benchKey_27_88,bytes=30;client_id=27;clients=50
1777331081354,PUT,116,4,benchKey_45_88,bytes=30;client_id=45;clients=50
1777331081355,PUT,92,4,benchKey_3_88,bytes=29;client_id=3;clients=50
1777331081358,PUT,95,4,benchKey_9_88,bytes=29;client_id=9;clients=50
1777331081359,PUT,95,4,benchKey_16_88,bytes=30;client_id=16;clients=50
1777331081361,PUT,96,4,benchKey_14_89,bytes=30;client_id=14;clients=50
1777331081362,PUT,96,4,benchKey_43_88,bytes=30;client_id=43;clients=50
1777331081363,PUT,96,4,benchKey_2_88,bytes=29;client_id=2;clients=50
1777331081364,PUT,97,4,benchKey_28_88,bytes=30;client_id=28;clients=50
1777331081388,PUT,120,4,benchKey_11_89,bytes=30;client_id=11;clients=50
1777331081388,PUT,120,4,benchKey_13_88,bytes=30;client_id=13;clients=50
1777331081392,PUT,120,4,benchKey_4_88,bytes=29;client_id=4;clients=50
1777331081392,PUT,116,4,benchKey_10_88,bytes=30;client_id=10;clients=50
1777331081393,PUT,125,4,benchKey_12_88,bytes=30;client_id=12;clients=50
1777331081393,PUT,118,4,benchKey_32_88,bytes=30;client_id=32;clients=50
1777331081394,PUT,115,4,benchKey_30_88,bytes=30;client_id=30;clients=50
1777331081395,PUT,117,4,benchKey_22_88,bytes=30;client_id=22;clients=50
1777331081395,PUT,118,4,benchKey_33_88,bytes=30;client_id=33;clients=50
1777331081396,PUT,115,4,benchKey_23_88,bytes=30;client_id=23;clients=50
1777331081397,PUT,93,4,benchKey_1_88,bytes=29;client_id=1;clients=50
1777331081397,PUT,93,4,benchKey_15_88,bytes=30;client_id=15;clients=50
1777331081398,PUT,91,4,benchKey_47_88,bytes=30;client_id=47;clients=50
1777331081398,PUT,92,4,benchKey_21_89,bytes=30;client_id=21;clients=50
1777331081401,PUT,95,4,benchKey_20_89,bytes=30;client_id=20;clients=50
1777331081402,PUT,95,4,benchKey_35_89,bytes=30;client_id=35;clients=50
1777331081404,PUT,96,4,benchKey_34_88,bytes=30;client_id=34;clients=50
1777331081405,PUT,96,4,benchKey_48_88,bytes=30;client_id=48;clients=50
1777331081405,PUT,97,4,benchKey_40_88,bytes=30;client_id=40;clients=50
1777331081407,PUT,97,4,benchKey_29_89,bytes=30;client_id=29;clients=50
1777331081431,PUT,120,4,benchKey_44_89,bytes=30;client_id=44;clients=50
1777331081432,PUT,122,4,benchKey_5_88,bytes=29;client_id=5;clients=50
1777331081435,PUT,124,4,benchKey_39_88,bytes=30;client_id=39;clients=50
1777331081436,PUT,118,4,benchKey_19_88,bytes=30;client_id=19;clients=50
1777331081437,PUT,123,4,benchKey_46_89,bytes=30;client_id=46;clients=50
1777331081437,PUT,119,4,benchKey_38_88,bytes=30;client_id=38;clients=50
1777331081437,PUT,117,4,benchKey_41_89,bytes=30;client_id=41;clients=50
1777331081438,PUT,119,4,benchKey_25_89,bytes=30;client_id=25;clients=50
1777331081442,PUT,97,4,benchKey_0_89,bytes=29;client_id=0;clients=50
1777331081442,PUT,119,4,benchKey_24_89,bytes=30;client_id=24;clients=50
1777331081443,PUT,97,4,benchKey_7_89,bytes=29;client_id=7;clients=50
1777331081443,PUT,122,4,benchKey_31_89,bytes=30;client_id=31;clients=50
1777331081444,PUT,94,4,benchKey_26_89,bytes=30;client_id=26;clients=50
1777331081444,PUT,95,4,benchKey_17_89,bytes=30;client_id=17;clients=50
1777331081445,PUT,96,4,benchKey_18_90,bytes=30;client_id=18;clients=50
1777331081446,PUT,95,4,benchKey_36_88,bytes=30;client_id=36;clients=50
1777331081448,PUT,95,4,benchKey_42_89,bytes=30;client_id=42;clients=50
1777331081448,PUT,96,4,benchKey_8_89,bytes=29;client_id=8;clients=50
1777331081448,PUT,96,4,benchKey_6_89,bytes=29;client_id=6;clients=50
1777331081449,PUT,96,4,benchKey_49_90,bytes=30;client_id=49;clients=50
1777331081473,PUT,119,4,benchKey_37_89,bytes=30;client_id=37;clients=50
1777331081474,PUT,120,4,benchKey_27_89,bytes=30;client_id=27;clients=50
1777331081477,PUT,122,4,benchKey_45_89,bytes=30;client_id=45;clients=50
1777331081481,PUT,122,4,benchKey_9_89,bytes=29;client_id=9;clients=50
1777331081482,PUT,118,4,benchKey_2_89,bytes=29;client_id=2;clients=50
1777331081482,PUT,121,4,benchKey_14_90,bytes=30;client_id=14;clients=50
1777331081483,PUT,127,4,benchKey_3_89,bytes=29;client_id=3;clients=50
1777331081485,PUT,125,4,benchKey_16_89,bytes=30;client_id=16;clients=50
1777331081485,PUT,122,4,benchKey_43_89,bytes=30;client_id=43;clients=50
1777331081485,PUT,97,4,benchKey_13_89,bytes=30;client_id=13;clients=50
1777331081487,PUT,99,4,benchKey_11_90,bytes=30;client_id=11;clients=50
1777331081488,PUT,95,4,benchKey_12_89,bytes=30;client_id=12;clients=50
1777331081488,PUT,96,4,benchKey_10_89,bytes=30;client_id=10;clients=50
1777331081489,PUT,94,4,benchKey_32_89,bytes=30;client_id=32;clients=50
1777331081489,PUT,124,4,benchKey_28_89,bytes=30;client_id=28;clients=50
1777331081490,PUT,97,4,benchKey_4_89,bytes=29;client_id=4;clients=50
1777331081492,PUT,96,4,benchKey_33_89,bytes=30;client_id=33;clients=50
1777331081492,PUT,98,4,benchKey_30_89,bytes=30;client_id=30;clients=50
1777331081492,PUT,97,4,benchKey_22_89,bytes=30;client_id=22;clients=50
1777331081494,PUT,97,4,benchKey_23_89,bytes=30;client_id=23;clients=50
1777331081515,PUT,118,4,benchKey_1_89,bytes=29;client_id=1;clients=50
1777331081516,PUT,119,4,benchKey_15_89,bytes=30;client_id=15;clients=50
1777331081520,PUT,121,4,benchKey_47_89,bytes=30;client_id=47;clients=50
1777331081523,PUT,125,4,benchKey_21_90,bytes=30;client_id=21;clients=50
1777331081526,PUT,123,4,benchKey_20_90,bytes=30;client_id=20;clients=50
1777331081526,PUT,121,4,benchKey_34_89,bytes=30;client_id=34;clients=50
1777331081526,PUT,123,4,benchKey_35_90,bytes=30;client_id=35;clients=50
1777331081528,PUT,122,4,benchKey_48_89,bytes=30;client_id=48;clients=50
1777331081528,PUT,122,4,benchKey_40_89,bytes=30;client_id=40;clients=50
1777331081528,PUT,120,4,benchKey_29_90,bytes=30;client_id=29;clients=50
1777331081531,PUT,98,4,benchKey_5_89,bytes=29;client_id=5;clients=50
1777331081531,PUT,95,4,benchKey_39_89,bytes=30;client_id=39;clients=50
1777331081532,PUT,95,4,benchKey_46_90,bytes=30;client_id=46;clients=50
1777331081532,PUT,101,4,benchKey_44_90,bytes=30;client_id=44;clients=50
1777331081533,PUT,96,4,benchKey_38_89,bytes=30;client_id=38;clients=50
1777331081534,PUT,97,4,benchKey_19_89,bytes=30;client_id=19;clients=50
1777331081536,PUT,93,4,benchKey_24_90,bytes=30;client_id=24;clients=50
1777331081536,PUT,99,4,benchKey_41_90,bytes=30;client_id=41;clients=50
1777331081536,PUT,94,4,benchKey_0_90,bytes=29;client_id=0;clients=50
1777331081537,PUT,96,4,benchKey_25_90,bytes=30;client_id=25;clients=50
1777331081559,PUT,115,4,benchKey_7_90,bytes=29;client_id=7;clients=50
1777331081559,PUT,115,4,benchKey_31_90,bytes=30;client_id=31;clients=50
1777331081561,PUT,117,4,benchKey_26_90,bytes=30;client_id=26;clients=50
1777331081567,PUT,122,4,benchKey_17_90,bytes=30;client_id=17;clients=50
1777331081569,PUT,123,4,benchKey_18_91,bytes=30;client_id=18;clients=50
1777331081569,PUT,122,4,benchKey_36_89,bytes=30;client_id=36;clients=50
1777331081569,PUT,121,4,benchKey_8_90,bytes=29;client_id=8;clients=50
1777331081572,PUT,123,4,benchKey_6_90,bytes=29;client_id=6;clients=50
1777331081572,PUT,122,4,benchKey_49_91,bytes=30;client_id=49;clients=50
1777331081572,PUT,123,4,benchKey_42_90,bytes=30;client_id=42;clients=50
1777331081574,PUT,100,4,benchKey_27_90,bytes=30;client_id=27;clients=50
1777331081574,PUT,93,4,benchKey_9_90,bytes=29;client_id=9;clients=50
1777331081574,PUT,101,4,benchKey_37_90,bytes=30;client_id=37;clients=50
1777331081577,PUT,94,4,benchKey_14_91,bytes=30;client_id=14;clients=50
1777331081578,PUT,100,4,benchKey_45_90,bytes=30;client_id=45;clients=50
1777331081578,PUT,95,4,benchKey_3_90,bytes=29;client_id=3;clients=50
1777331081578,PUT,93,4,benchKey_16_90,bytes=30;client_id=16;clients=50
1777331081579,PUT,94,4,benchKey_43_90,bytes=30;client_id=43;clients=50
1777331081580,PUT,94,4,benchKey_13_90,bytes=30;client_id=13;clients=50
1777331081580,PUT,97,4,benchKey_2_90,bytes=29;client_id=2;clients=50
1777331081602,PUT,115,4,benchKey_11_91,bytes=30;client_id=11;clients=50
1777331081602,PUT,114,4,benchKey_12_90,bytes=30;client_id=12;clients=50
1777331081603,PUT,114,4,benchKey_10_90,bytes=30;client_id=10;clients=50
1777331081609,PUT,120,4,benchKey_32_90,bytes=30;client_id=32;clients=50
1777331081611,PUT,119,4,benchKey_33_90,bytes=30;client_id=33;clients=50
1777331081611,PUT,121,4,benchKey_4_90,bytes=29;client_id=4;clients=50
1777331081613,PUT,118,4,benchKey_23_90,bytes=30;client_id=23;clients=50
1777331081613,PUT,123,4,benchKey_28_90,bytes=30;client_id=28;clients=50
1777331081615,PUT,122,4,benchKey_30_90,bytes=30;client_id=30;clients=50
1777331081615,PUT,122,4,benchKey_22_90,bytes=30;client_id=22;clients=50
1777331081617,PUT,102,4,benchKey_1_90,bytes=29;client_id=1;clients=50
1777331081617,PUT,100,4,benchKey_15_90,bytes=30;client_id=15;clients=50
1777331081617,PUT,96,4,benchKey_47_90,bytes=30;client_id=47;clients=50
1777331081619,PUT,95,4,benchKey_21_91,bytes=30;client_id=21;clients=50
1777331081619,PUT,93,4,benchKey_20_91,bytes=30;client_id=20;clients=50
1777331081621,PUT,95,4,benchKey_35_91,bytes=30;client_id=35;clients=50
1777331081621,PUT,95,4,benchKey_34_90,bytes=30;client_id=34;clients=50
1777331081621,PUT,92,4,benchKey_40_90,bytes=30;client_id=40;clients=50
1777331081621,PUT,93,4,benchKey_48_90,bytes=30;client_id=48;clients=50
1777331081623,PUT,94,4,benchKey_29_91,bytes=30;client_id=29;clients=50
1777331081645,PUT,114,4,benchKey_5_90,bytes=29;client_id=5;clients=50
1777331081645,PUT,112,4,benchKey_46_91,bytes=30;client_id=46;clients=50
1777331081645,PUT,113,4,benchKey_39_90,bytes=30;client_id=39;clients=50
1777331081652,PUT,119,4,benchKey_44_91,bytes=30;client_id=44;clients=50
1777331081654,PUT,120,4,benchKey_38_90,bytes=30;client_id=38;clients=50
1777331081654,PUT,117,4,benchKey_24_91,bytes=30;client_id=24;clients=50
1777331081654,PUT,117,4,benchKey_41_91,bytes=30;client_id=41;clients=50
1777331081654,PUT,120,4,benchKey_19_90,bytes=30;client_id=19;clients=50
1777331081656,PUT,118,4,benchKey_25_91,bytes=30;client_id=25;clients=50
1777331081657,PUT,119,4,benchKey_0_91,bytes=29;client_id=0;clients=50
1777331081658,PUT,96,4,benchKey_26_91,bytes=30;client_id=26;clients=50
1777331081658,PUT,98,4,benchKey_31_91,bytes=30;client_id=31;clients=50
1777331081658,PUT,98,4,benchKey_7_91,bytes=29;client_id=7;clients=50
1777331081661,PUT,91,4,benchKey_18_92,bytes=30;client_id=18;clients=50
1777331081661,PUT,93,4,benchKey_17_91,bytes=30;client_id=17;clients=50
1777331081663,PUT,92,4,benchKey_36_90,bytes=30;client_id=36;clients=50
1777331081663,PUT,90,4,benchKey_6_91,bytes=29;client_id=6;clients=50
1777331081663,PUT,91,4,benchKey_8_91,bytes=29;client_id=8;clients=50
1777331081663,PUT,91,4,benchKey_49_92,bytes=30;client_id=49;clients=50
1777331081664,PUT,91,4,benchKey_42_91,bytes=30;client_id=42;clients=50
1777331081687,PUT,111,4,benchKey_37_91,bytes=30;client_id=37;clients=50
1777331081687,PUT,111,4,benchKey_9_91,bytes=29;client_id=9;clients=50
1777331081688,PUT,112,4,benchKey_27_91,bytes=30;client_id=27;clients=50
1777331081694,PUT,117,4,benchKey_14_92,bytes=30;client_id=14;clients=50
1777331081696,PUT,117,4,benchKey_16_91,bytes=30;client_id=16;clients=50
1777331081696,PUT,117,4,benchKey_3_91,bytes=29;client_id=3;clients=50
1777331081696,PUT,118,4,benchKey_45_91,bytes=30;client_id=45;clients=50
1777331081696,PUT,116,4,benchKey_43_91,bytes=30;client_id=43;clients=50
1777331081698,PUT,117,4,benchKey_13_91,bytes=30;client_id=13;clients=50
1777331081699,PUT,118,4,benchKey_2_91,bytes=29;client_id=2;clients=50
1777331081699,PUT,96,4,benchKey_11_92,bytes=30;client_id=11;clients=50
1777331081699,PUT,96,4,benchKey_12_91,bytes=30;client_id=12;clients=50
1777331081700,PUT,96,4,benchKey_10_91,bytes=30;client_id=10;clients=50
1777331081702,PUT,92,4,benchKey_32_91,bytes=30;client_id=32;clients=50
1777331081702,PUT,90,4,benchKey_33_91,bytes=30;client_id=33;clients=50
1777331081704,PUT,91,4,benchKey_23_91,bytes=30;client_id=23;clients=50
1777331081704,PUT,91,4,benchKey_28_91,bytes=30;client_id=28;clients=50
1777331081704,PUT,92,4,benchKey_4_91,bytes=29;client_id=4;clients=50
1777331081706,PUT,90,4,benchKey_30_91,bytes=30;client_id=30;clients=50
1777331081706,PUT,90,4,benchKey_22_91,bytes=30;client_id=22;clients=50
1777331081729,PUT,112,4,benchKey_47_91,bytes=30;client_id=47;clients=50
1777331081729,PUT,112,4,benchKey_1_91,bytes=29;client_id=1;clients=50
1777331081729,PUT,112,4,benchKey_15_91,bytes=30;client_id=15;clients=50
1777331081736,PUT,117,4,benchKey_21_92,bytes=30;client_id=21;clients=50
1777331081737,PUT,115,4,benchKey_40_91,bytes=30;client_id=40;clients=50
1777331081737,PUT,115,4,benchKey_48_91,bytes=30;client_id=48;clients=50
1777331081737,PUT,117,4,benchKey_20_92,bytes=30;client_id=20;clients=50
1777331081739,PUT,117,4,benchKey_34_91,bytes=30;client_id=34;clients=50
1777331081739,PUT,117,4,benchKey_35_92,bytes=30;client_id=35;clients=50
1777331081740,PUT,94,4,benchKey_46_92,bytes=30;client_id=46;clients=50
1777331081740,PUT,116,4,benchKey_29_92,bytes=30;client_id=29;clients=50
1777331081740,PUT,94,4,benchKey_5_91,bytes=29;client_id=5;clients=50
1777331081741,PUT,95,4,benchKey_39_91,bytes=30;client_id=39;clients=50
1777331081743,PUT,90,4,benchKey_44_92,bytes=30;client_id=44;clients=50
1777331081743,PUT,88,4,benchKey_38_91,bytes=30;client_id=38;clients=50
1777331081745,PUT,90,4,benchKey_41_92,bytes=30;client_id=41;clients=50
1777331081745,PUT,90,4,benchKey_24_92,bytes=30;client_id=24;clients=50
1777331081746,PUT,91,4,benchKey_19_91,bytes=30;client_id=19;clients=50
1777331081747,PUT,89,4,benchKey_0_92,bytes=29;client_id=0;clients=50
1777331081748,PUT,91,4,benchKey_25_92,bytes=30;client_id=25;clients=50
1777331081771,PUT,113,4,benchKey_31_92,bytes=30;client_id=31;clients=50
1777331081771,PUT,113,4,benchKey_7_92,bytes=29;client_id=7;clients=50
1777331081771,PUT,113,4,benchKey_26_92,bytes=30;client_id=26;clients=50
1777331081777,PUT,116,4,benchKey_17_92,bytes=30;client_id=17;clients=50
1777331081778,PUT,114,4,benchKey_6_92,bytes=29;client_id=6;clients=50
1777331081778,PUT,114,4,benchKey_36_91,bytes=30;client_id=36;clients=50
1777331081779,PUT,117,4,benchKey_18_93,bytes=30;client_id=18;clients=50
1777331081780,PUT,116,4,benchKey_8_92,bytes=29;client_id=8;clients=50
1777331081781,PUT,117,4,benchKey_49_93,bytes=30;client_id=49;clients=50
1777331081781,PUT,93,4,benchKey_37_92,bytes=30;client_id=37;clients=50
1777331081782,PUT,94,4,benchKey_27_92,bytes=30;client_id=27;clients=50
1777331081782,PUT,94,4,benchKey_9_92,bytes=29;client_id=9;clients=50
1777331081782,PUT,118,4,benchKey_42_92,bytes=30;client_id=42;clients=50
1777331081784,PUT,87,4,benchKey_16_92,bytes=30;client_id=16;clients=50
1777331081784,PUT,89,4,benchKey_14_93,bytes=30;client_id=14;clients=50
1777331081786,PUT,89,4,benchKey_3_92,bytes=29;client_id=3;clients=50
1777331081787,PUT,90,4,benchKey_45_92,bytes=30;client_id=45;clients=50
1777331081787,PUT,90,4,benchKey_43_92,bytes=30;client_id=43;clients=50
1777331081788,PUT,90,4,benchKey_13_92,bytes=30;client_id=13;clients=50
1777331081790,PUT,91,4,benchKey_2_92,bytes=29;client_id=2;clients=50
1777331081813,PUT,113,4,benchKey_10_92,bytes=30;client_id=10;clients=50
1777331081813,PUT,114,4,benchKey_12_92,bytes=30;client_id=12;clients=50
1777331081813,PUT,114,4,benchKey_11_93,bytes=30;client_id=11;clients=50
1777331081818,PUT,116,4,benchKey_33_92,bytes=30;client_id=33;clients=50
1777331081819,PUT,117,4,benchKey_32_92,bytes=30;client_id=32;clients=50
1777331081820,PUT,115,4,benchKey_23_92,bytes=30;client_id=23;clients=50
1777331081820,PUT,116,4,benchKey_28_92,bytes=30;client_id=28;clients=50
1777331081821,PUT,117,4,benchKey_4_92,bytes=29;client_id=4;clients=50
1777331081822,PUT,116,4,benchKey_30_92,bytes=30;client_id=30;clients=50
1777331081822,PUT,116,4,benchKey_22_92,bytes=30;client_id=22;clients=50
1777331081823,PUT,93,4,benchKey_1_92,bytes=29;client_id=1;clients=50
1777331081823,PUT,93,4,benchKey_15_92,bytes=30;client_id=15;clients=50
1777331081824,PUT,94,4,benchKey_47_92,bytes=30;client_id=47;clients=50
1777331081825,PUT,88,4,benchKey_21_93,bytes=30;client_id=21;clients=50
1777331081826,PUT,89,4,benchKey_40_92,bytes=30;client_id=40;clients=50
1777331081827,PUT,90,4,benchKey_48_92,bytes=30;client_id=48;clients=50
1777331081828,PUT,91,4,benchKey_20_93,bytes=30;client_id=20;clients=50
1777331081829,PUT,90,4,benchKey_34_92,bytes=30;client_id=34;clients=50
1777331081830,PUT,91,4,benchKey_35_93,bytes=30;client_id=35;clients=50
1777331081833,PUT,93,4,benchKey_46_93,bytes=30;client_id=46;clients=50
1777331081855,PUT,115,4,benchKey_5_92,bytes=29;client_id=5;clients=50
1777331081856,PUT,115,4,benchKey_39_92,bytes=30;client_id=39;clients=50
1777331081856,PUT,116,4,benchKey_29_93,bytes=30;client_id=29;clients=50
1777331081860,PUT,116,4,benchKey_38_92,bytes=30;client_id=38;clients=50
1777331081860,PUT,116,4,benchKey_44_93,bytes=30;client_id=44;clients=50
1777331081862,PUT,117,4,benchKey_24_93,bytes=30;client_id=24;clients=50
1777331081862,PUT,116,4,benchKey_19_92,bytes=30;client_id=19;clients=50
1777331081862,PUT,117,4,benchKey_41_93,bytes=30;client_id=41;clients=50
1777331081863,PUT,114,4,benchKey_25_93,bytes=30;client_id=25;clients=50
1777331081863,PUT,115,4,benchKey_0_93,bytes=29;client_id=0;clients=50
1777331081865,PUT,93,4,benchKey_31_93,bytes=30;client_id=31;clients=50
1777331081866,PUT,94,4,benchKey_7_93,bytes=29;client_id=7;clients=50
1777331081866,PUT,94,4,benchKey_26_93,bytes=30;client_id=26;clients=50
1777331081867,PUT,89,4,benchKey_17_93,bytes=30;client_id=17;clients=50
1777331081868,PUT,89,4,benchKey_6_93,bytes=29;client_id=6;clients=50
1777331081870,PUT,91,4,benchKey_36_92,bytes=30;client_id=36;clients=50
1777331081871,PUT,92,4,benchKey_18_94,bytes=30;client_id=18;clients=50
1777331081871,PUT,91,4,benchKey_8_93,bytes=29;client_id=8;clients=50
1777331081872,PUT,90,4,benchKey_49_94,bytes=30;client_id=49;clients=50
1777331081875,PUT,93,4,benchKey_37_93,bytes=30;client_id=37;clients=50
1777331081896,PUT,114,4,benchKey_27_93,bytes=30;client_id=27;clients=50
1777331081897,PUT,114,4,benchKey_42_93,bytes=30;client_id=42;clients=50
1777331081897,PUT,114,4,benchKey_9_93,bytes=29;client_id=9;clients=50
1777331081901,PUT,116,4,benchKey_16_93,bytes=30;client_id=16;clients=50
1777331081902,PUT,117,4,benchKey_14_94,bytes=30;client_id=14;clients=50
1777331081903,PUT,116,4,benchKey_3_93,bytes=29;client_id=3;clients=50
1777331081904,PUT,116,4,benchKey_43_93,bytes=30;client_id=43;clients=50
1777331081904,PUT,116,4,benchKey_45_93,bytes=30;client_id=45;clients=50
1777331081904,PUT,115,4,benchKey_13_93,bytes=30;client_id=13;clients=50
1777331081904,PUT,113,4,benchKey_2_93,bytes=29;client_id=2;clients=50
1777331081907,PUT,93,4,benchKey_10_93,bytes=30;client_id=10;clients=50
1777331081907,PUT,93,4,benchKey_12_93,bytes=30;client_id=12;clients=50
1777331081908,PUT,94,4,benchKey_11_94,bytes=30;client_id=11;clients=50
1777331081908,PUT,89,4,benchKey_33_93,bytes=30;client_id=33;clients=50
1777331081909,PUT,89,4,benchKey_32_93,bytes=30;client_id=32;clients=50
1777331081912,PUT,91,4,benchKey_23_93,bytes=30;client_id=23;clients=50
1777331081912,PUT,91,4,benchKey_28_93,bytes=30;client_id=28;clients=50
1777331081912,PUT,90,4,benchKey_4_93,bytes=29;client_id=4;clients=50
1777331081913,PUT,90,4,benchKey_22_93,bytes=30;client_id=22;clients=50
1777331081916,PUT,93,4,benchKey_30_93,bytes=30;client_id=30;clients=50
1777331081937,PUT,114,4,benchKey_1_93,bytes=29;client_id=1;clients=50
1777331081938,PUT,113,4,benchKey_47_93,bytes=30;client_id=47;clients=50
1777331081939,PUT,115,4,benchKey_15_93,bytes=30;client_id=15;clients=50
1777331081942,PUT,116,4,benchKey_21_94,bytes=30;client_id=21;clients=50
1777331081943,PUT,116,4,benchKey_40_93,bytes=30;client_id=40;clients=50
1777331081944,PUT,115,4,benchKey_48_93,bytes=30;client_id=48;clients=50
1777331081945,PUT,115,4,benchKey_34_93,bytes=30;client_id=34;clients=50
1777331081945,PUT,116,4,benchKey_20_94,bytes=30;client_id=20;clients=50
1777331081945,PUT,111,4,benchKey_46_94,bytes=30;client_id=46;clients=50
1777331081945,PUT,115,4,benchKey_35_94,bytes=30;client_id=35;clients=50
1777331081948,PUT,92,4,benchKey_39_93,bytes=30;client_id=39;clients=50
1777331081949,PUT,92,4,benchKey_29_94,bytes=30;client_id=29;clients=50
1777331081949,PUT,89,4,benchKey_38_93,bytes=30;client_id=38;clients=50
1777331081949,PUT,93,4,benchKey_5_93,bytes=29;client_id=5;clients=50
1777331081950,PUT,89,4,benchKey_44_94,bytes=30;client_id=44;clients=50
1777331081954,PUT,91,4,benchKey_41_94,bytes=30;client_id=41;clients=50
1777331081954,PUT,91,4,benchKey_24_94,bytes=30;client_id=24;clients=50
1777331081954,PUT,92,4,benchKey_19_93,bytes=30;client_id=19;clients=50
1777331081954,PUT,91,4,benchKey_0_94,bytes=29;client_id=0;clients=50
1777331081957,PUT,94,4,benchKey_25_94,bytes=30;client_id=25;clients=50
1777331081978,PUT,113,4,benchKey_31_94,bytes=30;client_id=31;clients=50
1777331081980,PUT,114,4,benchKey_7_94,bytes=29;client_id=7;clients=50
1777331081981,PUT,114,4,benchKey_26_94,bytes=30;client_id=26;clients=50
1777331081983,PUT,116,4,benchKey_17_94,bytes=30;client_id=17;clients=50
1777331081984,PUT,115,4,benchKey_6_94,bytes=29;client_id=6;clients=50
1777331081985,PUT,114,4,benchKey_36_93,bytes=30;client_id=36;clients=50
1777331081986,PUT,114,4,benchKey_18_95,bytes=30;client_id=18;clients=50
1777331081987,PUT,115,4,benchKey_8_94,bytes=29;client_id=8;clients=50
1777331081987,PUT,115,4,benchKey_49_95,bytes=30;client_id=49;clients=50
1777331081988,PUT,113,4,benchKey_37_94,bytes=30;client_id=37;clients=50
1777331081990,PUT,93,4,benchKey_27_94,bytes=30;client_id=27;clients=50
1777331081990,PUT,92,4,benchKey_42_94,bytes=30;client_id=42;clients=50
1777331081990,PUT,89,4,benchKey_16_94,bytes=30;client_id=16;clients=50
1777331081990,PUT,92,4,benchKey_9_94,bytes=29;client_id=9;clients=50
1777331081992,PUT,89,4,benchKey_14_95,bytes=30;client_id=14;clients=50
1777331081996,PUT,91,4,benchKey_13_94,bytes=30;client_id=13;clients=50
1777331081997,PUT,94,4,benchKey_3_94,bytes=29;client_id=3;clients=50
1777331081997,PUT,92,4,benchKey_45_94,bytes=30;client_id=45;clients=50
1777331081997,PUT,93,4,benchKey_43_94,bytes=30;client_id=43;clients=50
1777331081999,PUT,94,4,benchKey_2_94,bytes=29;client_id=2;clients=50
1777331082020,PUT,113,4,benchKey_10_94,bytes=30;client_id=10;clients=50
1777331082022,PUT,115,4,benchKey_12_94,bytes=30;client_id=12;clients=50
1777331082023,PUT,115,4,benchKey_11_95,bytes=30;client_id=11;clients=50
1777331082024,PUT,116,4,benchKey_33_94,bytes=30;client_id=33;clients=50
1777331082026,PUT,117,4,benchKey_32_94,bytes=30;client_id=32;clients=50
1777331082026,PUT,114,4,benchKey_23_94,bytes=30;client_id=23;clients=50
1777331082027,PUT,114,4,benchKey_4_94,bytes=29;client_id=4;clients=50
1777331082028,PUT,115,4,benchKey_28_94,bytes=30;client_id=28;clients=50
1777331082028,PUT,115,4,benchKey_22_94,bytes=30;client_id=22;clients=50
1777331082031,PUT,91,4,benchKey_15_94,bytes=30;client_id=15;clients=50
1777331082031,PUT,115,4,benchKey_30_94,bytes=30;client_id=30;clients=50
1777331082031,PUT,93,4,benchKey_47_94,bytes=30;client_id=47;clients=50
1777331082032,PUT,94,4,benchKey_1_94,bytes=29;client_id=1;clients=50
1777331082032,PUT,89,4,benchKey_21_95,bytes=30;client_id=21;clients=50
1777331082033,PUT,89,4,benchKey_40_94,bytes=30;client_id=40;clients=50
1777331082038,PUT,93,4,benchKey_20_95,bytes=30;client_id=20;clients=50
1777331082038,PUT,94,4,benchKey_48_94,bytes=30;client_id=48;clients=50
1777331082039,PUT,93,4,benchKey_34_94,bytes=30;client_id=34;clients=50
1777331082039,PUT,93,4,benchKey_46_95,bytes=30;client_id=46;clients=50
1777331082040,PUT,94,4,benchKey_35_95,bytes=30;client_id=35;clients=50
1777331082061,PUT,113,4,benchKey_39_94,bytes=30;client_id=39;clients=50
1777331082064,PUT,114,4,benchKey_29_95,bytes=30;client_id=29;clients=50
1777331082064,PUT,114,4,benchKey_38_94,bytes=30;client_id=38;clients=50
1777331082065,PUT,115,4,benchKey_5_94,bytes=29;client_id=5;clients=50
1777331082068,PUT,113,4,benchKey_24_95,bytes=30;client_id=24;clients=50
1777331082069,PUT,115,4,benchKey_41_95,bytes=30;client_id=41;clients=50
1777331082069,PUT,119,4,benchKey_44_95,bytes=30;client_id=44;clients=50
1777331082069,PUT,114,4,benchKey_0_95,bytes=29;client_id=0;clients=50
1777331082069,PUT,114,4,benchKey_19_94,bytes=30;client_id=19;clients=50
1777331082072,PUT,93,4,benchKey_31_95,bytes=30;client_id=31;clients=50
1777331082072,PUT,91,4,benchKey_7_95,bytes=29;client_id=7;clients=50
1777331082072,PUT,114,4,benchKey_25_95,bytes=30;client_id=25;clients=50
1777331082074,PUT,90,4,benchKey_17_95,bytes=30;client_id=17;clients=50
1777331082074,PUT,93,4,benchKey_26_95,bytes=30;client_id=26;clients=50
1777331082074,PUT,90,4,benchKey_6_95,bytes=29;client_id=6;clients=50
1777331082079,PUT,93,4,benchKey_18_96,bytes=30;client_id=18;clients=50
1777331082080,PUT,93,4,benchKey_8_95,bytes=29;client_id=8;clients=50
1777331082080,PUT,93,4,benchKey_49_96,bytes=30;client_id=49;clients=50
1777331082080,PUT,95,4,benchKey_36_94,bytes=30;client_id=36;clients=50
1777331082082,PUT,93,4,benchKey_37_95,bytes=30;client_id=37;clients=50
1777331082103,PUT,113,4,benchKey_27_95,bytes=30;client_id=27;clients=50
1777331082105,PUT,114,4,benchKey_16_95,bytes=30;client_id=16;clients=50
1777331082106,PUT,115,4,benchKey_42_95,bytes=30;client_id=42;clients=50
1777331082106,PUT,115,4,benchKey_9_95,bytes=29;client_id=9;clients=50
1777331082109,PUT,117,4,benchKey_14_96,bytes=30;client_id=14;clients=50
1777331082110,PUT,112,4,benchKey_3_95,bytes=29;client_id=3;clients=50
1777331082110,PUT,113,4,benchKey_13_95,bytes=30;client_id=13;clients=50
1777331082111,PUT,114,4,benchKey_45_95,bytes=30;client_id=45;clients=50
1777331082111,PUT,114,4,benchKey_43_95,bytes=30;client_id=43;clients=50
1777331082113,PUT,114,4,benchKey_2_95,bytes=29;client_id=2;clients=50
1777331082113,PUT,90,4,benchKey_12_95,bytes=30;client_id=12;clients=50
1777331082113,PUT,93,4,benchKey_10_95,bytes=30;client_id=10;clients=50
1777331082116,PUT,93,4,benchKey_11_96,bytes=30;client_id=11;clients=50
1777331082116,PUT,89,4,benchKey_32_95,bytes=30;client_id=32;clients=50
1777331082116,PUT,92,4,benchKey_33_95,bytes=30;client_id=33;clients=50
1777331082121,PUT,93,4,benchKey_28_95,bytes=30;client_id=28;clients=50
1777331082121,PUT,93,4,benchKey_22_95,bytes=30;client_id=22;clients=50
1777331082121,PUT,94,4,benchKey_23_95,bytes=30;client_id=23;clients=50
1777331082122,PUT,95,4,benchKey_4_95,bytes=29;client_id=4;clients=50
1777331082123,PUT,91,4,benchKey_15_95,bytes=30;client_id=15;clients=50
1777331082146,PUT,115,4,benchKey_30_95,bytes=30;client_id=30;clients=50
1777331082146,PUT,115,4,benchKey_47_95,bytes=30;client_id=47;clients=50
1777331082147,PUT,115,4,benchKey_1_95,bytes=29;client_id=1;clients=50
1777331082147,PUT,115,4,benchKey_21_96,bytes=30;client_id=21;clients=50
1777331082151,PUT,112,4,benchKey_48_95,bytes=30;client_id=48;clients=50
1777331082151,PUT,113,4,benchKey_20_96,bytes=30;client_id=20;clients=50
1777331082151,PUT,118,4,benchKey_40_95,bytes=30;client_id=40;clients=50
1777331082153,PUT,113,4,benchKey_34_95,bytes=30;client_id=34;clients=50
1777331082153,PUT,113,4,benchKey_46_96,bytes=30;client_id=46;clients=50
1777331082154,PUT,89,4,benchKey_38_95,bytes=30;client_id=38;clients=50
1777331082155,PUT,115,4,benchKey_35_96,bytes=30;client_id=35;clients=50
1777331082155,PUT,93,4,benchKey_39_95,bytes=30;client_id=39;clients=50
1777331082157,PUT,92,4,benchKey_5_95,bytes=29;client_id=5;clients=50
1777331082159,PUT,94,4,benchKey_29_96,bytes=30;client_id=29;clients=50
1777331082159,PUT,90,4,benchKey_24_96,bytes=30;client_id=24;clients=50
1777331082162,PUT,92,4,benchKey_41_96,bytes=30;client_id=41;clients=50
1777331082162,PUT,92,4,benchKey_44_96,bytes=30;client_id=44;clients=50
1777331082163,PUT,93,4,benchKey_0_96,bytes=29;client_id=0;clients=50
1777331082164,PUT,94,4,benchKey_19_95,bytes=30;client_id=19;clients=50
1777331082165,PUT,92,4,benchKey_31_96,bytes=30;client_id=31;clients=50
1777331082188,PUT,116,4,benchKey_25_96,bytes=30;client_id=25;clients=50
1777331082188,PUT,116,4,benchKey_7_96,bytes=29;client_id=7;clients=50
1777331082188,PUT,114,4,benchKey_26_96,bytes=30;client_id=26;clients=50
1777331082189,PUT,114,4,benchKey_17_96,bytes=30;client_id=17;clients=50
1777331082192,PUT,117,4,benchKey_6_96,bytes=29;client_id=6;clients=50
1777331082192,PUT,112,4,benchKey_18_97,bytes=30;client_id=18;clients=50
1777331082193,PUT,112,4,benchKey_8_96,bytes=29;client_id=8;clients=50
1777331082194,PUT,113,4,benchKey_49_97,bytes=30;client_id=49;clients=50
1777331082194,PUT,113,4,benchKey_36_95,bytes=30;client_id=36;clients=50
1777331082195,PUT,112,4,benchKey_37_96,bytes=30;client_id=37;clients=50
1777331082196,PUT,92,4,benchKey_27_96,bytes=30;client_id=27;clients=50
1777331082198,PUT,91,4,benchKey_42_96,bytes=30;client_id=42;clients=50
1777331082198,PUT,92,4,benchKey_16_96,bytes=30;client_id=16;clients=50
1777331082201,PUT,95,4,benchKey_9_96,bytes=29;client_id=9;clients=50
1777331082202,PUT,92,4,benchKey_14_97,bytes=30;client_id=14;clients=50
1777331082204,PUT,94,4,benchKey_13_96,bytes=30;client_id=13;clients=50
1777331082204,PUT,94,4,benchKey_3_96,bytes=29;client_id=3;clients=50
1777331082204,PUT,92,4,benchKey_45_96,bytes=30;client_id=45;clients=50
1777331082205,PUT,93,4,benchKey_43_96,bytes=30;client_id=43;clients=50
1777331082206,PUT,92,4,benchKey_2_96,bytes=29;client_id=2;clients=50
1777331082230,PUT,116,4,benchKey_10_96,bytes=30;client_id=10;clients=50
1777331082230,PUT,113,4,benchKey_11_97,bytes=30;client_id=11;clients=50
1777331082230,PUT,113,4,benchKey_33_96,bytes=30;client_id=33;clients=50
1777331082231,PUT,117,4,benchKey_12_96,bytes=30;client_id=12;clients=50
1777331082233,PUT,111,4,benchKey_28_96,bytes=30;client_id=28;clients=50
1777331082234,PUT,117,4,benchKey_32_96,bytes=30;client_id=32;clients=50
1777331082234,PUT,112,4,benchKey_22_96,bytes=30;client_id=22;clients=50
1777331082235,PUT,112,4,benchKey_4_96,bytes=29;client_id=4;clients=50
1777331082236,PUT,112,4,benchKey_15_96,bytes=30;client_id=15;clients=50
1777331082236,PUT,114,4,benchKey_23_96,bytes=30;client_id=23;clients=50
1777331082238,PUT,91,4,benchKey_30_96,bytes=30;client_id=30;clients=50
1777331082239,PUT,91,4,benchKey_1_96,bytes=29;client_id=1;clients=50
1777331082239,PUT,92,4,benchKey_47_96,bytes=30;client_id=47;clients=50
1777331082243,PUT,95,4,benchKey_21_97,bytes=30;client_id=21;clients=50
1777331082243,PUT,91,4,benchKey_48_96,bytes=30;client_id=48;clients=50
1777331082245,PUT,93,4,benchKey_20_97,bytes=30;client_id=20;clients=50
1777331082246,PUT,94,4,benchKey_40_96,bytes=30;client_id=40;clients=50
1777331082246,PUT,93,4,benchKey_46_97,bytes=30;client_id=46;clients=50
1777331082247,PUT,92,4,benchKey_38_96,bytes=30;client_id=38;clients=50
1777331082247,PUT,93,4,benchKey_34_96,bytes=30;client_id=34;clients=50
1777331082272,PUT,116,4,benchKey_39_96,bytes=30;client_id=39;clients=50
1777331082272,PUT,116,4,benchKey_35_97,bytes=30;client_id=35;clients=50
1777331082272,PUT,114,4,benchKey_5_96,bytes=29;client_id=5;clients=50
1777331082273,PUT,113,4,benchKey_29_97,bytes=30;client_id=29;clients=50
1777331082274,PUT,115,4,benchKey_24_97,bytes=30;client_id=24;clients=50
1777331082275,PUT,113,4,benchKey_44_97,bytes=30;client_id=44;clients=50
1777331082275,PUT,113,4,benchKey_41_97,bytes=30;client_id=41;clients=50
1777331082276,PUT,113,4,benchKey_0_97,bytes=29;client_id=0;clients=50
1777331082278,PUT,114,4,benchKey_19_96,bytes=30;client_id=19;clients=50
1777331082278,PUT,113,4,benchKey_31_97,bytes=30;client_id=31;clients=50
1777331082279,PUT,90,4,benchKey_25_97,bytes=30;client_id=25;clients=50
1777331082281,PUT,93,4,benchKey_7_97,bytes=29;client_id=7;clients=50
1777331082281,PUT,92,4,benchKey_26_97,bytes=30;client_id=26;clients=50
1777331082284,PUT,92,4,benchKey_6_97,bytes=29;client_id=6;clients=50
1777331082285,PUT,95,4,benchKey_17_97,bytes=30;client_id=17;clients=50
1777331082286,PUT,93,4,benchKey_18_98,bytes=30;client_id=18;clients=50
1777331082287,PUT,92,4,benchKey_49_98,bytes=30;client_id=49;clients=50
1777331082287,PUT,93,4,benchKey_8_97,bytes=29;client_id=8;clients=50
1777331082288,PUT,92,4,benchKey_37_97,bytes=30;client_id=37;clients=50
1777331082288,PUT,93,4,benchKey_36_96,bytes=30;client_id=36;clients=50
1777331082314,PUT,115,4,benchKey_16_97,bytes=30;client_id=16;clients=50
1777331082315,PUT,118,4,benchKey_27_97,bytes=30;client_id=27;clients=50
1777331082315,PUT,113,4,benchKey_9_97,bytes=29;client_id=9;clients=50
1777331082315,PUT,117,4,benchKey_42_97,bytes=30;client_id=42;clients=50
1777331082316,PUT,114,4,benchKey_14_98,bytes=30;client_id=14;clients=50
1777331082318,PUT,114,4,benchKey_13_97,bytes=30;client_id=13;clients=50
1777331082318,PUT,114,4,benchKey_3_97,bytes=29;client_id=3;clients=50
1777331082319,PUT,115,4,benchKey_45_97,bytes=30;client_id=45;clients=50
1777331082321,PUT,91,4,benchKey_10_97,bytes=30;client_id=10;clients=50
1777331082321,PUT,115,4,benchKey_2_97,bytes=29;client_id=2;clients=50
1777331082321,PUT,116,4,benchKey_43_97,bytes=30;client_id=43;clients=50
1777331082323,PUT,93,4,benchKey_11_98,bytes=30;client_id=11;clients=50
1777331082323,PUT,93,4,benchKey_33_97,bytes=30;client_id=33;clients=50
1777331082326,PUT,95,4,benchKey_12_97,bytes=30;client_id=12;clients=50
1777331082327,PUT,93,4,benchKey_32_97,bytes=30;client_id=32;clients=50
1777331082327,PUT,94,4,benchKey_28_97,bytes=30;client_id=28;clients=50
1777331082328,PUT,93,4,benchKey_4_97,bytes=29;client_id=4;clients=50
1777331082328,PUT,94,4,benchKey_22_97,bytes=30;client_id=22;clients=50
1777331082329,PUT,93,4,benchKey_23_97,bytes=30;client_id=23;clients=50
1777331082330,PUT,94,4,benchKey_15_97,bytes=30;client_id=15;clients=50
1777331082356,PUT,117,4,benchKey_1_97,bytes=29;client_id=1;clients=50
1777331082357,PUT,119,4,benchKey_30_97,bytes=30;client_id=30;clients=50
1777331082358,PUT,119,4,benchKey_47_97,bytes=30;client_id=47;clients=50
1777331082358,PUT,115,4,benchKey_21_98,bytes=30;client_id=21;clients=50
1777331082359,PUT,116,4,benchKey_48_97,bytes=30;client_id=48;clients=50
1777331082360,PUT,114,4,benchKey_40_97,bytes=30;client_id=40;clients=50
1777331082361,PUT,115,4,benchKey_20_98,bytes=30;client_id=20;clients=50
1777331082363,PUT,116,4,benchKey_46_98,bytes=30;client_id=46;clients=50
1777331082363,PUT,116,4,benchKey_34_97,bytes=30;client_id=34;clients=50
1777331082365,PUT,92,4,benchKey_39_97,bytes=30;client_id=39;clients=50
1777331082365,PUT,117,4,benchKey_38_97,bytes=30;client_id=38;clients=50
1777331082365,PUT,93,4,benchKey_35_98,bytes=30;client_id=35;clients=50
1777331082366,PUT,93,4,benchKey_5_97,bytes=29;client_id=5;clients=50
1777331082368,PUT,95,4,benchKey_29_98,bytes=30;client_id=29;clients=50
1777331082368,PUT,94,4,benchKey_24_98,bytes=30;client_id=24;clients=50
1777331082369,PUT,94,4,benchKey_41_98,bytes=30;client_id=41;clients=50
1777331082370,PUT,94,4,benchKey_44_98,bytes=30;client_id=44;clients=50
1777331082370,PUT,94,4,benchKey_0_98,bytes=29;client_id=0;clients=50
1777331082372,PUT,93,4,benchKey_31_98,bytes=30;client_id=31;clients=50
1777331082372,PUT,94,4,benchKey_19_97,bytes=30;client_id=19;clients=50
1777331082399,PUT,117,4,benchKey_7_98,bytes=29;client_id=7;clients=50
1777331082399,PUT,119,4,benchKey_25_98,bytes=30;client_id=25;clients=50
1777331082400,PUT,118,4,benchKey_26_98,bytes=30;client_id=26;clients=50
1777331082400,PUT,115,4,benchKey_6_98,bytes=29;client_id=6;clients=50
1777331082401,PUT,115,4,benchKey_17_98,bytes=30;client_id=17;clients=50
1777331082402,PUT,115,4,benchKey_18_99,bytes=30;client_id=18;clients=50
1777331082403,PUT,116,4,benchKey_49_99,bytes=30;client_id=49;clients=50
1777331082405,PUT,117,4,benchKey_8_98,bytes=29;client_id=8;clients=50
1777331082405,PUT,116,4,benchKey_36_97,bytes=30;client_id=36;clients=50
1777331082406,PUT,91,4,benchKey_16_98,bytes=30;client_id=16;clients=50
1777331082407,PUT,92,4,benchKey_9_98,bytes=29;client_id=9;clients=50
1777331082407,PUT,119,4,benchKey_37_98,bytes=30;client_id=37;clients=50
1777331082407,PUT,92,4,benchKey_27_98,bytes=30;client_id=27;clients=50
1777331082410,PUT,94,4,benchKey_42_98,bytes=30;client_id=42;clients=50
1777331082410,PUT,93,4,benchKey_14_99,bytes=30;client_id=14;clients=50
1777331082412,PUT,93,4,benchKey_13_98,bytes=30;client_id=13;clients=50
1777331082412,PUT,93,4,benchKey_3_98,bytes=29;client_id=3;clients=50
1777331082412,PUT,92,4,benchKey_45_98,bytes=30;client_id=45;clients=50
1777331082414,PUT,92,4,benchKey_2_98,bytes=29;client_id=2;clients=50
1777331082415,PUT,93,4,benchKey_10_98,bytes=30;client_id=10;clients=50
1777331082441,PUT,117,4,benchKey_33_98,bytes=30;client_id=33;clients=50
1777331082441,PUT,118,4,benchKey_43_98,bytes=30;client_id=43;clients=50
1777331082441,PUT,117,4,benchKey_11_99,bytes=30;client_id=11;clients=50
1777331082442,PUT,115,4,benchKey_12_98,bytes=30;client_id=12;clients=50
1777331082443,PUT,115,4,benchKey_28_98,bytes=30;client_id=28;clients=50
1777331082443,PUT,115,4,benchKey_32_98,bytes=30;client_id=32;clients=50
1777331082445,PUT,116,4,benchKey_4_98,bytes=29;client_id=4;clients=50
1777331082446,PUT,116,4,benchKey_23_98,bytes=30;client_id=23;clients=50
1777331082447,PUT,116,4,benchKey_15_98,bytes=30;client_id=15;clients=50
1777331082447,PUT,118,4,benchKey_22_98,bytes=30;client_id=22;clients=50
1777331082448,PUT,91,4,benchKey_1_98,bytes=29;client_id=1;clients=50
1777331082449,PUT,91,4,benchKey_30_98,bytes=30;client_id=30;clients=50
1777331082449,PUT,90,4,benchKey_47_98,bytes=30;client_id=47;clients=50
1777331082451,PUT,92,4,benchKey_21_99,bytes=30;client_id=21;clients=50
1777331082452,PUT,92,4,benchKey_48_98,bytes=30;client_id=48;clients=50
1777331082453,PUT,90,4,benchKey_46_99,bytes=30;client_id=46;clients=50
1777331082453,PUT,92,4,benchKey_40_98,bytes=30;client_id=40;clients=50
1777331082453,PUT,92,4,benchKey_20_99,bytes=30;client_id=20;clients=50
1777331082456,PUT,92,4,benchKey_34_98,bytes=30;client_id=34;clients=50
1777331082456,PUT,91,4,benchKey_39_98,bytes=30;client_id=39;clients=50
1777331082482,PUT,116,4,benchKey_5_98,bytes=29;client_id=5;clients=50
1777331082482,PUT,116,4,benchKey_35_99,bytes=30;client_id=35;clients=50
1777331082482,PUT,117,4,benchKey_38_98,bytes=30;client_id=38;clients=50
1777331082484,PUT,114,4,benchKey_41_99,bytes=30;client_id=41;clients=50
1777331082484,PUT,115,4,benchKey_29_99,bytes=30;client_id=29;clients=50
1777331082484,PUT,115,4,benchKey_24_99,bytes=30;client_id=24;clients=50
1777331082486,PUT,115,4,benchKey_44_99,bytes=30;client_id=44;clients=50
1777331082487,PUT,116,4,benchKey_0_99,bytes=29;client_id=0;clients=50
1777331082489,PUT,116,4,benchKey_31_99,bytes=30;client_id=31;clients=50
1777331082489,PUT,116,4,benchKey_19_98,bytes=30;client_id=19;clients=50
1777331082490,PUT,90,4,benchKey_25_99,bytes=30;client_id=25;clients=50
1777331082491,PUT,91,4,benchKey_7_99,bytes=29;client_id=7;clients=50
1777331082491,PUT,91,4,benchKey_26_99,bytes=30;client_id=26;clients=50
1777331082493,PUT,92,4,benchKey_17_99,bytes=30;client_id=17;clients=50
1777331082493,PUT,92,4,benchKey_6_99,bytes=29;client_id=6;clients=50
1777331082494,PUT,88,4,benchKey_8_99,bytes=29;client_id=8;clients=50
1777331082495,PUT,89,4,benchKey_16_99,bytes=30;client_id=16;clients=50
1777331082495,PUT,90,4,benchKey_36_98,bytes=30;client_id=36;clients=50
1777331082497,PUT,89,4,benchKey_37_99,bytes=30;client_id=37;clients=50
1777331082498,PUT,90,4,benchKey_9_99,bytes=29;client_id=9;clients=50
1777331082524,PUT,112,4,benchKey_13_99,bytes=30;client_id=13;clients=50
1777331082524,PUT,117,4,benchKey_27_99,bytes=30;client_id=27;clients=50
1777331082524,PUT,114,4,benchKey_42_99,bytes=30;client_id=42;clients=50
1777331082526,PUT,112,4,benchKey_2_99,bytes=29;client_id=2;clients=50
1777331082526,PUT,114,4,benchKey_45_99,bytes=30;client_id=45;clients=50
1777331082527,PUT,114,4,benchKey_3_99,bytes=29;client_id=3;clients=50
1777331082528,PUT,86,4,benchKey_33_99,bytes=30;client_id=33;clients=50
1777331082528,PUT,113,4,benchKey_10_99,bytes=30;client_id=10;clients=50
1777331082531,PUT,88,4,benchKey_28_99,bytes=30;client_id=28;clients=50
1777331082531,PUT,89,4,benchKey_12_99,bytes=30;client_id=12;clients=50
1777331082531,PUT,89,4,benchKey_43_99,bytes=30;client_id=43;clients=50
1777331082532,PUT,89,4,benchKey_32_99,bytes=30;client_id=32;clients=50
1777331082532,PUT,87,4,benchKey_4_99,bytes=29;client_id=4;clients=50
1777331082534,PUT,87,4,benchKey_15_99,bytes=30;client_id=15;clients=50
1777331082535,PUT,89,4,benchKey_23_99,bytes=30;client_id=23;clients=50
1777331082536,PUT,88,4,benchKey_1_99,bytes=29;client_id=1;clients=50
1777331082536,PUT,89,4,benchKey_22_99,bytes=30;client_id=22;clients=50
1777331082537,PUT,87,4,benchKey_30_99,bytes=30;client_id=30;clients=50
1777331082539,PUT,90,4,benchKey_47_99,bytes=30;client_id=47;clients=50
1777331082540,PUT,88,4,benchKey_48_99,bytes=30;client_id=48;clients=50
1777331082565,PUT,109,4,benchKey_34_99,bytes=30;client_id=34;clients=50
1777331082566,PUT,113,4,benchKey_40_99,bytes=30;client_id=40;clients=50
1777331082566,PUT,109,4,benchKey_39_99,bytes=30;client_id=39;clients=50
1777331082567,PUT,84,4,benchKey_5_99,bytes=29;client_id=5;clients=50
1777331082567,PUT,84,4,benchKey_38_99,bytes=30;client_id=38;clients=50
1777331082608,PUT,119,4,benchKey_19_99,bytes=30;client_id=19;clients=50
1777331082611,PUT,116,4,benchKey_36_99,bytes=30;client_id=36;clients=50
1777331087749,DATA_SKEW_BEFORE,0,0,,node=8007;keys_count=716
1777331087795,DATA_SKEW_BEFORE,0,0,,node=8003;keys_count=713
1777331087843,DATA_SKEW_BEFORE,0,0,,node=8004;keys_count=714
1777331087890,DATA_SKEW_BEFORE,0,0,,node=8006;keys_count=716
1777331087937,DATA_SKEW_BEFORE,0,0,,node=8005;keys_count=715
1777331087984,DATA_SKEW_BEFORE,0,0,,node=8001;keys_count=713
1777331088031,DATA_SKEW_BEFORE,0,0,,node=8002;keys_count=713
1777331088093,LEAVE,0,0,,node=127.0.0.1:8007
1777331118782,TRANSFER_BATCH,0,1,,source=8003;dest=8002;keys=119;bytes=7616
1777331118871,TRANSFER_BATCH,0,1,,source=8003;dest=8001;keys=120;bytes=7680
1777331118962,TRANSFER_BATCH,0,1,,source=8003;dest=8006;keys=118;bytes=7552
1777331119051,TRANSFER_BATCH,0,1,,source=8003;dest=8005;keys=120;bytes=7680
1777331119140,TRANSFER_BATCH,0,1,,source=8003;dest=8004;keys=119;bytes=7616
1777331119235,TRANSFER_BATCH,0,1,,source=8002;dest=8003;keys=118;bytes=7552
1777331119324,TRANSFER_BATCH,0,1,,source=8002;dest=8001;keys=121;bytes=7744
1777331119413,TRANSFER_BATCH,0,1,,source=8002;dest=8006;keys=120;bytes=7680
1777331119499,TRANSFER_BATCH,0,1,,source=8002;dest=8005;keys=116;bytes=7424
1777331119585,TRANSFER_BATCH,0,1,,source=8002;dest=8004;keys=118;bytes=7552
1777331119683,TRANSFER_BATCH,0,1,,source=8001;dest=8003;keys=119;bytes=7616
1777331119768,TRANSFER_BATCH,0,1,,source=8001;dest=8002;keys=120;bytes=7680
1777331119854,TRANSFER_BATCH,0,1,,source=8001;dest=8006;keys=121;bytes=7744
1777331119941,TRANSFER_BATCH,0,1,,source=8001;dest=8005;keys=117;bytes=7488
1777331120026,TRANSFER_BATCH,0,1,,source=8001;dest=8004;keys=118;bytes=7552
1777331120121,TRANSFER_BATCH,0,1,,source=8006;dest=8003;keys=117;bytes=7488
1777331120207,TRANSFER_BATCH,0,1,,source=8006;dest=8002;keys=120;bytes=7680
1777331120298,TRANSFER_BATCH,0,1,,source=8006;dest=8001;keys=121;bytes=7744
1777331120386,TRANSFER_BATCH,0,1,,source=8006;dest=8005;keys=119;bytes=7616
1777331120475,TRANSFER_BATCH,0,1,,source=8006;dest=8004;keys=118;bytes=7552
1777331120569,TRANSFER_BATCH,0,1,,source=8005;dest=8003;keys=121;bytes=7744
1777331120655,TRANSFER_BATCH,0,1,,source=8005;dest=8002;keys=118;bytes=7552
1777331120741,TRANSFER_BATCH,0,1,,source=8005;dest=8001;keys=121;bytes=7744
1777331120828,TRANSFER_BATCH,0,1,,source=8005;dest=8006;keys=120;bytes=7680
1777331120912,TRANSFER_BATCH,0,1,,source=8005;dest=8004;keys=117;bytes=7488
1777331121008,TRANSFER_BATCH,0,1,,source=8004;dest=8003;keys=120;bytes=7680
1777331121094,TRANSFER_BATCH,0,1,,source=8004;dest=8002;keys=119;bytes=7616
1777331121180,TRANSFER_BATCH,0,1,,source=8004;dest=8001;keys=118;bytes=7552
1777331121267,TRANSFER_BATCH,0,1,,source=8004;dest=8006;keys=118;bytes=7552
1777331121356,TRANSFER_BATCH,0,1,,source=8004;dest=8005;keys=121;bytes=7744
1777331121663,DATA_SKEW_AFTER,0,0,,node=8003;keys_count=829;active_nodes=6
1777331121710,DATA_SKEW_AFTER,0,0,,node=8004;keys_count=827;active_nodes=6
1777331121756,DATA_SKEW_AFTER,0,0,,node=8006;keys_count=838;active_nodes=6
1777331121808,DATA_SKEW_AFTER,0,0,,node=8005;keys_count=832;active_nodes=6
1777331121858,DATA_SKEW_AFTER,0,0,,node=8001;keys_count=839;active_nodes=6
1777331121904,DATA_SKEW_AFTER,0,0,,node=8002;keys_count=835;active_nodes=6
1777331121904,REBALANCE,33763,0,,keys_moved=3572;active_nodes=6
