timestamp_ms,operation,latency_ms,hop_count,key,extra
1779646252393,JOIN,0,0,,node=127.0.0.1:8001
1779646252400,JOIN,0,0,,node=127.0.0.1:8005
1779646252400,JOIN,0,0,,node=127.0.0.1:8003
1779646252414,JOIN,0,0,,node=127.0.0.1:8002
1779646252415,JOIN,0,0,,node=127.0.0.1:8004
1779646252510,REBALANCE,110,0,,keys_moved=0
1779646252574,REBALANCE,173,0,,keys_moved=0
1779646252579,REBALANCE,178,0,,keys_moved=0
1779646252641,REBALANCE,227,0,,keys_moved=0
1779646252704,REBALANCE,289,0,,keys_moved=0
1779646254461,PUT,101,4,benchKey_28_0,bytes=29;client_id=28;clients=50
1779646254461,PUT,109,4,benchKey_18_0,bytes=29;client_id=18;clients=50
1779646254461,PUT,98,4,benchKey_35_0,bytes=29;client_id=35;clients=50
1779646254464,PUT,111,4,benchKey_47_0,bytes=29;client_id=47;clients=50
1779646254472,PUT,119,4,benchKey_30_0,bytes=29;client_id=30;clients=50
1779646254465,PUT,105,4,benchKey_32_0,bytes=29;client_id=32;clients=50
1779646254472,PUT,119,4,benchKey_2_0,bytes=28;client_id=2;clients=50
1779646254472,PUT,118,4,benchKey_48_0,bytes=29;client_id=48;clients=50
1779646254471,PUT,118,4,benchKey_39_0,bytes=29;client_id=39;clients=50
1779646254468,PUT,116,4,benchKey_29_0,bytes=29;client_id=29;clients=50
1779646254468,PUT,115,4,benchKey_8_0,bytes=28;client_id=8;clients=50
1779646254467,PUT,114,4,benchKey_38_0,bytes=29;client_id=38;clients=50
1779646254467,PUT,115,4,benchKey_21_0,bytes=29;client_id=21;clients=50
1779646254467,PUT,116,4,benchKey_4_0,bytes=28;client_id=4;clients=50
1779646254466,PUT,115,4,benchKey_9_0,bytes=28;client_id=9;clients=50
1779646254466,PUT,100,4,benchKey_1_0,bytes=28;client_id=1;clients=50
1779646254465,PUT,98,4,benchKey_19_0,bytes=29;client_id=19;clients=50
1779646254465,PUT,97,4,benchKey_41_0,bytes=29;client_id=41;clients=50
1779646254465,PUT,106,4,benchKey_46_0,bytes=29;client_id=46;clients=50
1779646254477,PUT,125,4,benchKey_27_0,bytes=29;client_id=27;clients=50
1779646254496,PUT,143,4,benchKey_23_0,bytes=29;client_id=23;clients=50
1779646254498,PUT,147,4,benchKey_10_0,bytes=29;client_id=10;clients=50
1779646254499,PUT,146,4,benchKey_49_0,bytes=29;client_id=49;clients=50
1779646254500,PUT,150,4,benchKey_6_0,bytes=28;client_id=6;clients=50
1779646254504,PUT,151,4,benchKey_22_0,bytes=29;client_id=22;clients=50
1779646254504,PUT,153,4,benchKey_15_0,bytes=29;client_id=15;clients=50
1779646254506,PUT,155,4,benchKey_7_0,bytes=28;client_id=7;clients=50
1779646254506,PUT,153,4,benchKey_33_0,bytes=29;client_id=33;clients=50
1779646254509,PUT,156,4,benchKey_37_0,bytes=29;client_id=37;clients=50
1779646254510,PUT,157,4,benchKey_20_0,bytes=29;client_id=20;clients=50
1779646254511,PUT,160,4,benchKey_11_0,bytes=29;client_id=11;clients=50
1779646254512,PUT,162,4,benchKey_3_0,bytes=28;client_id=3;clients=50
1779646254513,PUT,160,4,benchKey_42_0,bytes=29;client_id=42;clients=50
1779646254510,PUT,158,4,benchKey_36_0,bytes=29;client_id=36;clients=50
1779646254516,PUT,165,4,benchKey_16_0,bytes=29;client_id=16;clients=50
1779646254516,PUT,163,4,benchKey_43_0,bytes=29;client_id=43;clients=50
1779646254518,PUT,165,4,benchKey_45_0,bytes=29;client_id=45;clients=50
1779646254518,PUT,165,4,benchKey_26_0,bytes=29;client_id=26;clients=50
1779646254520,PUT,167,4,benchKey_34_0,bytes=29;client_id=34;clients=50
1779646254521,PUT,168,4,benchKey_31_0,bytes=29;client_id=31;clients=50
1779646254548,PUT,196,4,benchKey_24_0,bytes=29;client_id=24;clients=50
1779646254548,PUT,198,4,benchKey_0_0,bytes=28;client_id=0;clients=50
1779646254548,PUT,195,4,benchKey_44_0,bytes=29;client_id=44;clients=50
1779646254549,PUT,198,4,benchKey_17_0,bytes=29;client_id=17;clients=50
1779646254550,PUT,199,4,benchKey_12_0,bytes=29;client_id=12;clients=50
1779646254551,PUT,198,4,benchKey_25_0,bytes=29;client_id=25;clients=50
1779646254561,PUT,211,4,benchKey_5_0,bytes=28;client_id=5;clients=50
1779646254566,PUT,91,4,benchKey_30_1,bytes=29;client_id=30;clients=50
1779646254566,PUT,215,4,benchKey_13_0,bytes=29;client_id=13;clients=50
1779646254567,PUT,91,4,benchKey_2_1,bytes=28;client_id=2;clients=50
1779646254568,PUT,92,4,benchKey_32_1,bytes=29;client_id=32;clients=50
1779646254564,PUT,211,4,benchKey_40_0,bytes=29;client_id=40;clients=50
1779646254564,PUT,99,4,benchKey_28_1,bytes=29;client_id=28;clients=50
1779646254564,PUT,212,4,benchKey_14_0,bytes=29;client_id=14;clients=50
1779646254563,PUT,87,4,benchKey_39_1,bytes=29;client_id=39;clients=50
1779646254570,PUT,92,4,benchKey_29_1,bytes=29;client_id=29;clients=50
1779646254563,PUT,99,4,benchKey_35_1,bytes=29;client_id=35;clients=50
1779646254561,PUT,86,4,benchKey_48_1,bytes=29;client_id=48;clients=50
1779646254570,PUT,106,4,benchKey_18_1,bytes=29;client_id=18;clients=50
1779646254597,PUT,115,4,benchKey_19_1,bytes=29;client_id=19;clients=50
1779646254598,PUT,120,4,benchKey_38_1,bytes=29;client_id=38;clients=50
1779646254598,PUT,120,4,benchKey_21_1,bytes=29;client_id=21;clients=50
1779646254598,PUT,120,4,benchKey_8_1,bytes=28;client_id=8;clients=50
1779646254605,PUT,126,4,benchKey_4_1,bytes=28;client_id=4;clients=50
1779646254606,PUT,132,4,benchKey_47_1,bytes=29;client_id=47;clients=50
1779646254610,PUT,129,4,benchKey_9_1,bytes=28;client_id=9;clients=50
1779646254613,PUT,130,4,benchKey_46_1,bytes=29;client_id=46;clients=50
1779646254615,PUT,114,4,benchKey_6_1,bytes=28;client_id=6;clients=50
1779646254617,PUT,99,4,benchKey_45_1,bytes=29;client_id=45;clients=50
1779646254619,PUT,138,4,benchKey_1_1,bytes=28;client_id=1;clients=50
1779646254619,PUT,123,4,benchKey_23_1,bytes=29;client_id=23;clients=50
1779646254619,PUT,119,4,benchKey_49_1,bytes=29;client_id=49;clients=50
1779646254625,PUT,126,4,benchKey_10_1,bytes=29;client_id=10;clients=50
1779646254624,PUT,141,4,benchKey_27_1,bytes=29;client_id=27;clients=50
1779646254624,PUT,141,4,benchKey_41_1,bytes=29;client_id=41;clients=50
1779646254633,PUT,123,4,benchKey_37_1,bytes=29;client_id=37;clients=50
1779646254635,PUT,130,4,benchKey_15_1,bytes=29;client_id=15;clients=50
1779646254621,PUT,115,4,benchKey_7_1,bytes=28;client_id=7;clients=50
1779646254630,PUT,126,4,benchKey_22_1,bytes=29;client_id=22;clients=50
1779646254630,PUT,123,4,benchKey_33_1,bytes=29;client_id=33;clients=50
1779646254645,PUT,133,4,benchKey_3_1,bytes=28;client_id=3;clients=50
1779646254648,PUT,134,4,benchKey_36_1,bytes=29;client_id=36;clients=50
1779646254651,PUT,138,4,benchKey_11_1,bytes=29;client_id=11;clients=50
1779646254652,PUT,138,4,benchKey_42_1,bytes=29;client_id=42;clients=50
1779646254655,PUT,144,4,benchKey_20_1,bytes=29;client_id=20;clients=50
1779646254660,PUT,142,4,benchKey_16_1,bytes=29;client_id=16;clients=50
1779646254663,PUT,93,4,benchKey_29_2,bytes=29;client_id=29;clients=50
1779646254668,PUT,150,4,benchKey_43_1,bytes=29;client_id=43;clients=50
1779646254672,PUT,153,4,benchKey_26_1,bytes=29;client_id=26;clients=50
1779646254674,PUT,152,4,benchKey_31_1,bytes=29;client_id=31;clients=50
1779646254675,PUT,125,4,benchKey_17_1,bytes=29;client_id=17;clients=50
1779646254675,PUT,126,4,benchKey_24_1,bytes=29;client_id=24;clients=50
1779646254675,PUT,126,4,benchKey_44_1,bytes=29;client_id=44;clients=50
1779646254678,PUT,157,4,benchKey_34_1,bytes=29;client_id=34;clients=50
1779646254678,PUT,127,4,benchKey_25_1,bytes=29;client_id=25;clients=50
1779646254679,PUT,114,4,benchKey_5_1,bytes=28;client_id=5;clients=50
1779646254681,PUT,82,4,benchKey_38_2,bytes=29;client_id=38;clients=50
1779646254682,PUT,115,4,benchKey_2_2,bytes=28;client_id=2;clients=50
1779646254681,PUT,114,4,benchKey_30_2,bytes=29;client_id=30;clients=50
1779646254682,PUT,115,4,benchKey_13_1,bytes=29;client_id=13;clients=50
1779646254683,PUT,134,4,benchKey_0_1,bytes=28;client_id=0;clients=50
1779646254682,PUT,131,4,benchKey_12_1,bytes=29;client_id=12;clients=50
1779646254688,PUT,119,4,benchKey_32_2,bytes=29;client_id=32;clients=50
1779646254692,PUT,122,4,benchKey_40_1,bytes=29;client_id=40;clients=50
1779646254692,PUT,122,4,benchKey_28_2,bytes=29;client_id=28;clients=50
1779646254694,PUT,124,4,benchKey_14_1,bytes=29;client_id=14;clients=50
1779646254700,PUT,130,4,benchKey_39_2,bytes=29;client_id=39;clients=50
1779646254707,PUT,136,4,benchKey_35_2,bytes=29;client_id=35;clients=50
1779646254716,PUT,145,4,benchKey_48_2,bytes=29;client_id=48;clients=50
1779646254717,PUT,145,4,benchKey_18_2,bytes=29;client_id=18;clients=50
1779646254718,PUT,118,4,benchKey_21_2,bytes=29;client_id=21;clients=50
1779646254721,PUT,120,4,benchKey_8_2,bytes=28;client_id=8;clients=50
1779646254722,PUT,123,4,benchKey_19_2,bytes=29;client_id=19;clients=50
1779646254722,PUT,106,4,benchKey_6_2,bytes=28;client_id=6;clients=50
1779646254723,PUT,112,4,benchKey_9_2,bytes=28;client_id=9;clients=50
1779646254725,PUT,104,4,benchKey_45_2,bytes=29;client_id=45;clients=50
1779646254725,PUT,120,4,benchKey_4_2,bytes=28;client_id=4;clients=50
1779646254726,PUT,104,4,benchKey_1_2,bytes=28;client_id=1;clients=50
1779646254726,PUT,100,4,benchKey_23_2,bytes=29;client_id=23;clients=50
1779646254726,PUT,99,4,benchKey_49_2,bytes=29;client_id=49;clients=50
1779646254725,PUT,119,4,benchKey_47_2,bytes=29;client_id=47;clients=50
1779646254732,PUT,118,4,benchKey_46_2,bytes=29;client_id=46;clients=50
1779646254734,PUT,105,4,benchKey_10_2,bytes=29;client_id=10;clients=50
1779646254735,PUT,104,4,benchKey_27_2,bytes=29;client_id=27;clients=50
1779646254736,PUT,105,4,benchKey_41_2,bytes=29;client_id=41;clients=50
1779646254738,PUT,104,4,benchKey_37_2,bytes=29;client_id=37;clients=50
1779646254741,PUT,105,4,benchKey_15_2,bytes=29;client_id=15;clients=50
1779646254753,PUT,115,4,benchKey_7_2,bytes=28;client_id=7;clients=50
1779646254759,PUT,119,4,benchKey_22_2,bytes=29;client_id=22;clients=50
1779646254760,PUT,120,4,benchKey_33_2,bytes=29;client_id=33;clients=50
1779646254762,PUT,116,4,benchKey_3_2,bytes=28;client_id=3;clients=50
1779646254765,PUT,113,4,benchKey_42_2,bytes=29;client_id=42;clients=50
1779646254765,PUT,109,4,benchKey_20_2,bytes=29;client_id=20;clients=50
1779646254766,PUT,114,4,benchKey_11_2,bytes=29;client_id=11;clients=50
1779646254766,PUT,105,4,benchKey_16_2,bytes=29;client_id=16;clients=50
1779646254767,PUT,118,4,benchKey_36_2,bytes=29;client_id=36;clients=50
1779646254767,PUT,103,4,benchKey_29_3,bytes=29;client_id=29;clients=50
1779646254769,PUT,93,4,benchKey_17_2,bytes=29;client_id=17;clients=50
1779646254770,PUT,95,4,benchKey_31_2,bytes=29;client_id=31;clients=50
1779646254770,PUT,97,4,benchKey_26_2,bytes=29;client_id=26;clients=50
1779646254770,PUT,101,4,benchKey_43_2,bytes=29;client_id=43;clients=50
1779646254778,PUT,103,4,benchKey_24_2,bytes=29;client_id=24;clients=50
1779646254780,PUT,103,4,benchKey_44_2,bytes=29;client_id=44;clients=50
1779646254780,PUT,101,4,benchKey_34_2,bytes=29;client_id=34;clients=50
1779646254780,PUT,101,4,benchKey_25_2,bytes=29;client_id=25;clients=50
1779646254781,PUT,100,4,benchKey_5_2,bytes=28;client_id=5;clients=50
1779646254784,PUT,102,4,benchKey_38_3,bytes=29;client_id=38;clients=50
1779646254793,PUT,110,4,benchKey_2_3,bytes=28;client_id=2;clients=50
1779646254800,PUT,117,4,benchKey_30_3,bytes=29;client_id=30;clients=50
1779646254802,PUT,119,4,benchKey_13_2,bytes=29;client_id=13;clients=50
1779646254803,PUT,120,4,benchKey_0_2,bytes=28;client_id=0;clients=50
1779646254808,PUT,125,4,benchKey_12_2,bytes=29;client_id=12;clients=50
1779646254808,PUT,120,4,benchKey_32_3,bytes=29;client_id=32;clients=50
1779646254809,PUT,116,4,benchKey_28_3,bytes=29;client_id=28;clients=50
1779646254809,PUT,114,4,benchKey_14_2,bytes=29;client_id=14;clients=50
1779646254810,PUT,103,4,benchKey_35_3,bytes=29;client_id=35;clients=50
1779646254810,PUT,110,4,benchKey_39_3,bytes=29;client_id=39;clients=50
1779646254811,PUT,119,4,benchKey_40_2,bytes=29;client_id=40;clients=50
1779646254813,PUT,95,4,benchKey_18_3,bytes=29;client_id=18;clients=50
1779646254814,PUT,95,4,benchKey_21_3,bytes=29;client_id=21;clients=50
1779646254815,PUT,98,4,benchKey_48_3,bytes=29;client_id=48;clients=50
1779646254821,PUT,99,4,benchKey_8_3,bytes=28;client_id=8;clients=50
1779646254828,PUT,106,4,benchKey_6_3,bytes=28;client_id=6;clients=50
1779646254829,PUT,105,4,benchKey_9_3,bytes=28;client_id=9;clients=50
1779646254829,PUT,101,4,benchKey_1_3,bytes=28;client_id=1;clients=50
1779646254829,PUT,106,4,benchKey_19_3,bytes=29;client_id=19;clients=50
1779646254829,PUT,103,4,benchKey_45_3,bytes=29;client_id=45;clients=50
1779646254835,PUT,107,4,benchKey_23_3,bytes=29;client_id=23;clients=50
1779646254844,PUT,116,4,benchKey_49_3,bytes=29;client_id=49;clients=50
1779646254844,PUT,116,4,benchKey_47_3,bytes=29;client_id=47;clients=50
1779646254845,PUT,117,4,benchKey_4_3,bytes=28;client_id=4;clients=50
1779646254851,PUT,118,4,benchKey_46_3,bytes=29;client_id=46;clients=50
1779646254852,PUT,116,4,benchKey_27_3,bytes=29;client_id=27;clients=50
1779646254852,PUT,116,4,benchKey_41_3,bytes=29;client_id=41;clients=50
1779646254853,PUT,111,4,benchKey_15_3,bytes=29;client_id=15;clients=50
1779646254854,PUT,119,4,benchKey_10_3,bytes=29;client_id=10;clients=50
1779646254855,PUT,116,4,benchKey_37_3,bytes=29;client_id=37;clients=50
1779646254855,PUT,101,4,benchKey_7_3,bytes=28;client_id=7;clients=50
1779646254856,PUT,97,4,benchKey_22_3,bytes=29;client_id=22;clients=50
1779646254858,PUT,95,4,benchKey_3_3,bytes=28;client_id=3;clients=50
1779646254858,PUT,97,4,benchKey_33_3,bytes=29;client_id=33;clients=50
1779646254865,PUT,99,4,benchKey_20_3,bytes=29;client_id=20;clients=50
1779646254866,PUT,100,4,benchKey_42_3,bytes=29;client_id=42;clients=50
1779646254872,PUT,104,4,benchKey_29_4,bytes=29;client_id=29;clients=50
1779646254873,PUT,106,4,benchKey_11_3,bytes=29;client_id=11;clients=50
1779646254873,PUT,107,4,benchKey_16_3,bytes=29;client_id=16;clients=50
1779646254872,PUT,104,4,benchKey_36_3,bytes=29;client_id=36;clients=50
1779646254878,PUT,109,4,benchKey_17_3,bytes=29;client_id=17;clients=50
1779646254888,PUT,118,4,benchKey_31_3,bytes=29;client_id=31;clients=50
1779646254888,PUT,118,4,benchKey_26_3,bytes=29;client_id=26;clients=50
1779646254889,PUT,118,4,benchKey_43_3,bytes=29;client_id=43;clients=50
1779646254896,PUT,116,4,benchKey_44_3,bytes=29;client_id=44;clients=50
1779646254897,PUT,118,4,benchKey_24_3,bytes=29;client_id=24;clients=50
1779646254900,PUT,118,4,benchKey_5_3,bytes=28;client_id=5;clients=50
1779646254898,PUT,104,4,benchKey_2_4,bytes=28;client_id=2;clients=50
1779646254901,PUT,120,4,benchKey_34_3,bytes=29;client_id=34;clients=50
1779646254902,PUT,121,4,benchKey_25_3,bytes=29;client_id=25;clients=50
1779646254900,PUT,115,4,benchKey_38_4,bytes=29;client_id=38;clients=50
1779646254904,PUT,101,4,benchKey_13_3,bytes=29;client_id=13;clients=50
1779646254905,PUT,101,4,benchKey_0_3,bytes=28;client_id=0;clients=50
1779646254905,PUT,104,4,benchKey_30_4,bytes=29;client_id=30;clients=50
1779646254908,PUT,99,4,benchKey_12_3,bytes=29;client_id=12;clients=50
1779646254911,PUT,102,4,benchKey_32_4,bytes=29;client_id=32;clients=50
1779646254916,PUT,105,4,benchKey_35_4,bytes=29;client_id=35;clients=50
1779646254916,PUT,106,4,benchKey_14_3,bytes=29;client_id=14;clients=50
1779646254916,PUT,105,4,benchKey_39_4,bytes=29;client_id=39;clients=50
1779646254916,PUT,106,4,benchKey_28_4,bytes=29;client_id=28;clients=50
1779646254922,PUT,110,4,benchKey_40_3,bytes=29;client_id=40;clients=50
1779646254931,PUT,118,4,benchKey_18_4,bytes=29;client_id=18;clients=50
1779646254932,PUT,117,4,benchKey_21_4,bytes=29;client_id=21;clients=50
1779646254933,PUT,117,4,benchKey_48_4,bytes=29;client_id=48;clients=50
1779646254941,PUT,119,4,benchKey_8_4,bytes=28;client_id=8;clients=50
1779646254943,PUT,114,4,benchKey_1_4,bytes=28;client_id=1;clients=50
1779646254945,PUT,116,4,benchKey_6_4,bytes=28;client_id=6;clients=50
1779646254945,PUT,115,4,benchKey_45_4,bytes=29;client_id=45;clients=50
1779646254947,PUT,118,4,benchKey_9_4,bytes=28;client_id=9;clients=50
1779646254948,PUT,103,4,benchKey_47_4,bytes=29;client_id=47;clients=50
1779646254948,PUT,112,4,benchKey_23_4,bytes=29;client_id=23;clients=50
1779646254949,PUT,120,4,benchKey_19_4,bytes=29;client_id=19;clients=50
1779646254952,PUT,101,4,benchKey_46_4,bytes=29;client_id=46;clients=50
1779646254952,PUT,100,4,benchKey_27_4,bytes=29;client_id=27;clients=50
1779646254953,PUT,107,4,benchKey_4_4,bytes=28;client_id=4;clients=50
1779646254953,PUT,109,4,benchKey_49_4,bytes=29;client_id=49;clients=50
1779646254958,PUT,105,4,benchKey_41_4,bytes=29;client_id=41;clients=50
1779646254958,PUT,103,4,benchKey_37_4,bytes=29;client_id=37;clients=50
1779646254960,PUT,105,4,benchKey_10_4,bytes=29;client_id=10;clients=50
1779646254961,PUT,107,4,benchKey_15_4,bytes=29;client_id=15;clients=50
1779646254964,PUT,109,4,benchKey_7_4,bytes=28;client_id=7;clients=50
1779646254974,PUT,117,4,benchKey_22_4,bytes=29;client_id=22;clients=50
1779646254974,PUT,116,4,benchKey_3_4,bytes=28;client_id=3;clients=50
1779646254977,PUT,118,4,benchKey_33_4,bytes=29;client_id=33;clients=50
1779646254986,PUT,121,4,benchKey_20_4,bytes=29;client_id=20;clients=50
1779646254987,PUT,121,4,benchKey_42_4,bytes=29;client_id=42;clients=50
1779646254993,PUT,119,4,benchKey_29_5,bytes=29;client_id=29;clients=50
1779646254994,PUT,120,4,benchKey_11_4,bytes=29;client_id=11;clients=50
1779646254999,PUT,100,4,benchKey_24_4,bytes=29;client_id=24;clients=50
1779646254993,PUT,105,4,benchKey_31_4,bytes=29;client_id=31;clients=50
1779646254998,PUT,124,4,benchKey_36_4,bytes=29;client_id=36;clients=50
1779646254996,PUT,118,4,benchKey_17_4,bytes=29;client_id=17;clients=50
1779646255000,PUT,111,4,benchKey_43_4,bytes=29;client_id=43;clients=50
1779646255001,PUT,127,4,benchKey_16_4,bytes=29;client_id=16;clients=50
1779646255001,PUT,104,4,benchKey_44_4,bytes=29;client_id=44;clients=50
1779646255004,PUT,115,4,benchKey_26_4,bytes=29;client_id=26;clients=50
1779646255004,PUT,101,4,benchKey_25_4,bytes=29;client_id=25;clients=50
1779646255005,PUT,104,4,benchKey_2_5,bytes=28;client_id=2;clients=50
1779646255006,PUT,105,4,benchKey_34_4,bytes=29;client_id=34;clients=50
1779646255006,PUT,105,4,benchKey_5_4,bytes=28;client_id=5;clients=50
1779646255010,PUT,107,4,benchKey_38_5,bytes=29;client_id=38;clients=50
1779646255010,PUT,62,4,benchKey_9_5,bytes=28;client_id=9;clients=50
1779646255018,PUT,112,4,benchKey_0_4,bytes=28;client_id=0;clients=50
1779646255018,PUT,113,4,benchKey_13_4,bytes=29;client_id=13;clients=50
1779646255019,PUT,114,4,benchKey_30_5,bytes=29;client_id=30;clients=50
1779646255031,PUT,123,4,benchKey_12_4,bytes=29;client_id=12;clients=50
1779646255034,PUT,122,4,benchKey_32_5,bytes=29;client_id=32;clients=50
1779646255043,PUT,126,4,benchKey_28_5,bytes=29;client_id=28;clients=50
1779646255043,PUT,126,4,benchKey_14_4,bytes=29;client_id=14;clients=50
1779646255044,PUT,127,4,benchKey_35_5,bytes=29;client_id=35;clients=50
1779646255045,PUT,113,4,benchKey_18_5,bytes=29;client_id=18;clients=50
1779646255047,PUT,114,4,benchKey_48_5,bytes=29;client_id=48;clients=50
1779646255048,PUT,102,4,benchKey_45_5,bytes=29;client_id=45;clients=50
1779646255047,PUT,103,4,benchKey_1_5,bytes=28;client_id=1;clients=50
1779646255047,PUT,125,4,benchKey_40_4,bytes=29;client_id=40;clients=50
1779646255049,PUT,103,4,benchKey_6_5,bytes=28;client_id=6;clients=50
1779646255050,PUT,109,4,benchKey_8_5,bytes=28;client_id=8;clients=50
1779646255048,PUT,116,4,benchKey_21_5,bytes=29;client_id=21;clients=50
1779646255054,PUT,138,4,benchKey_39_5,bytes=29;client_id=39;clients=50
1779646255055,PUT,105,4,benchKey_19_5,bytes=29;client_id=19;clients=50
1779646255055,PUT,106,4,benchKey_23_5,bytes=29;client_id=23;clients=50
1779646255055,PUT,106,4,benchKey_47_5,bytes=29;client_id=47;clients=50
1779646255062,PUT,110,4,benchKey_46_5,bytes=29;client_id=46;clients=50
1779646255062,PUT,109,4,benchKey_27_5,bytes=29;client_id=27;clients=50
1779646255063,PUT,110,4,benchKey_4_5,bytes=28;client_id=4;clients=50
1779646255076,PUT,122,4,benchKey_49_5,bytes=29;client_id=49;clients=50
1779646255078,PUT,119,4,benchKey_41_5,bytes=29;client_id=41;clients=50
1779646255086,PUT,126,4,benchKey_10_5,bytes=29;client_id=10;clients=50
1779646255086,PUT,125,4,benchKey_15_5,bytes=29;client_id=15;clients=50
1779646255086,PUT,128,4,benchKey_37_5,bytes=29;client_id=37;clients=50
1779646255088,PUT,123,4,benchKey_7_5,bytes=28;client_id=7;clients=50
1779646255090,PUT,115,4,benchKey_22_5,bytes=29;client_id=22;clients=50
1779646255090,PUT,115,4,benchKey_3_5,bytes=28;client_id=3;clients=50
1779646255093,PUT,105,4,benchKey_42_5,bytes=29;client_id=42;clients=50
1779646255095,PUT,117,4,benchKey_33_5,bytes=29;client_id=33;clients=50
1779646255095,PUT,108,4,benchKey_20_5,bytes=29;client_id=20;clients=50
1779646255097,PUT,97,4,benchKey_24_5,bytes=29;client_id=24;clients=50
1779646255099,PUT,98,4,benchKey_17_5,bytes=29;client_id=17;clients=50
1779646255101,PUT,104,4,benchKey_29_6,bytes=29;client_id=29;clients=50
1779646255101,PUT,101,4,benchKey_31_5,bytes=29;client_id=31;clients=50
1779646255101,PUT,101,4,benchKey_36_5,bytes=29;client_id=36;clients=50
1779646255102,PUT,103,4,benchKey_11_5,bytes=29;client_id=11;clients=50
1779646255104,PUT,103,4,benchKey_43_5,bytes=29;client_id=43;clients=50
1779646255105,PUT,104,4,benchKey_16_5,bytes=29;client_id=16;clients=50
1779646255105,PUT,103,4,benchKey_44_5,bytes=29;client_id=44;clients=50
1779646255119,PUT,115,4,benchKey_25_5,bytes=29;client_id=25;clients=50
1779646255119,PUT,115,4,benchKey_26_5,bytes=29;client_id=26;clients=50
1779646255131,PUT,125,4,benchKey_34_5,bytes=29;client_id=34;clients=50
1779646255132,PUT,125,4,benchKey_5_5,bytes=28;client_id=5;clients=50
1779646255132,PUT,122,4,benchKey_38_6,bytes=29;client_id=38;clients=50
1779646255134,PUT,128,4,benchKey_2_6,bytes=28;client_id=2;clients=50
1779646255134,PUT,116,4,benchKey_0_5,bytes=28;client_id=0;clients=50
1779646255134,PUT,124,4,benchKey_9_6,bytes=28;client_id=9;clients=50
1779646255135,PUT,116,4,benchKey_13_5,bytes=29;client_id=13;clients=50
1779646255136,PUT,116,4,benchKey_30_6,bytes=29;client_id=30;clients=50
1779646255138,PUT,106,4,benchKey_12_5,bytes=29;client_id=12;clients=50
1779646255139,PUT,105,4,benchKey_32_6,bytes=29;client_id=32;clients=50
1779646255141,PUT,98,4,benchKey_14_5,bytes=29;client_id=14;clients=50
1779646255144,PUT,98,4,benchKey_18_6,bytes=29;client_id=18;clients=50
1779646255145,PUT,95,4,benchKey_48_6,bytes=29;client_id=48;clients=50
1779646255146,PUT,102,4,benchKey_28_6,bytes=29;client_id=28;clients=50
1779646255146,PUT,102,4,benchKey_35_6,bytes=29;client_id=35;clients=50
1779646255149,PUT,99,4,benchKey_6_6,bytes=28;client_id=6;clients=50
1779646255151,PUT,100,4,benchKey_1_6,bytes=28;client_id=1;clients=50
1779646255151,PUT,101,4,benchKey_40_5,bytes=29;client_id=40;clients=50
1779646255162,PUT,112,4,benchKey_8_6,bytes=28;client_id=8;clients=50
1779646255162,PUT,112,4,benchKey_45_6,bytes=29;client_id=45;clients=50
1779646255173,PUT,119,4,benchKey_21_6,bytes=29;client_id=21;clients=50
1779646255174,PUT,119,4,benchKey_39_6,bytes=29;client_id=39;clients=50
1779646255175,PUT,120,4,benchKey_19_6,bytes=29;client_id=19;clients=50
1779646255177,PUT,120,4,benchKey_47_6,bytes=29;client_id=47;clients=50
1779646255177,PUT,114,4,benchKey_46_6,bytes=29;client_id=46;clients=50
1779646255178,PUT,121,4,benchKey_23_6,bytes=29;client_id=23;clients=50
1779646255178,PUT,114,4,benchKey_4_6,bytes=28;client_id=4;clients=50
1779646255179,PUT,116,4,benchKey_27_6,bytes=29;client_id=27;clients=50
1779646255181,PUT,105,4,benchKey_49_6,bytes=29;client_id=49;clients=50
1779646255182,PUT,104,4,benchKey_41_6,bytes=29;client_id=41;clients=50
1779646255184,PUT,98,4,benchKey_10_6,bytes=29;client_id=10;clients=50
1779646255187,PUT,100,4,benchKey_15_6,bytes=29;client_id=15;clients=50
1779646255188,PUT,101,4,benchKey_37_6,bytes=29;client_id=37;clients=50
1779646255189,PUT,99,4,benchKey_22_6,bytes=29;client_id=22;clients=50
1779646255192,PUT,101,4,benchKey_3_6,bytes=28;client_id=3;clients=50
1779646255193,PUT,99,4,benchKey_42_6,bytes=29;client_id=42;clients=50
1779646255193,PUT,104,4,benchKey_7_6,bytes=28;client_id=7;clients=50
1779646255194,PUT,99,4,benchKey_33_6,bytes=29;client_id=33;clients=50
1779646255204,PUT,107,4,benchKey_24_6,bytes=29;client_id=24;clients=50
1779646255205,PUT,109,4,benchKey_20_6,bytes=29;client_id=20;clients=50
1779646255215,PUT,116,4,benchKey_17_6,bytes=29;client_id=17;clients=50
1779646255218,PUT,116,4,benchKey_31_6,bytes=29;client_id=31;clients=50
1779646255218,PUT,117,4,benchKey_29_7,bytes=29;client_id=29;clients=50
1779646255220,PUT,115,4,benchKey_16_6,bytes=29;client_id=16;clients=50
1779646255220,PUT,115,4,benchKey_43_6,bytes=29;client_id=43;clients=50
1779646255223,PUT,121,4,benchKey_36_6,bytes=29;client_id=36;clients=50
1779646255223,PUT,121,4,benchKey_11_6,bytes=29;client_id=11;clients=50
1779646255224,PUT,104,4,benchKey_25_6,bytes=29;client_id=25;clients=50
1779646255224,PUT,119,4,benchKey_44_6,bytes=29;client_id=44;clients=50
1779646255226,PUT,106,4,benchKey_26_6,bytes=29;client_id=26;clients=50
1779646255227,PUT,95,4,benchKey_34_6,bytes=29;client_id=34;clients=50
1779646255232,PUT,100,4,benchKey_5_6,bytes=28;client_id=5;clients=50
1779646255233,PUT,100,4,benchKey_38_7,bytes=29;client_id=38;clients=50
1779646255235,PUT,101,4,benchKey_2_7,bytes=28;client_id=2;clients=50
1779646255236,PUT,101,4,benchKey_0_6,bytes=28;client_id=0;clients=50
1779646255236,PUT,100,4,benchKey_30_7,bytes=29;client_id=30;clients=50
1779646255237,PUT,101,4,benchKey_13_6,bytes=29;client_id=13;clients=50
1779646255237,PUT,102,4,benchKey_9_7,bytes=28;client_id=9;clients=50
1779646255246,PUT,107,4,benchKey_12_6,bytes=29;client_id=12;clients=50
1779646255247,PUT,107,4,benchKey_32_7,bytes=29;client_id=32;clients=50
1779646255257,PUT,115,4,benchKey_14_6,bytes=29;client_id=14;clients=50
1779646255261,PUT,116,4,benchKey_18_7,bytes=29;client_id=18;clients=50
1779646255262,PUT,116,4,benchKey_28_7,bytes=29;client_id=28;clients=50
1779646255262,PUT,117,4,benchKey_48_7,bytes=29;client_id=48;clients=50
1779646255264,PUT,118,4,benchKey_35_7,bytes=29;client_id=35;clients=50
1779646255265,PUT,116,4,benchKey_6_7,bytes=28;client_id=6;clients=50
1779646255265,PUT,114,4,benchKey_40_6,bytes=29;client_id=40;clients=50
1779646255267,PUT,115,4,benchKey_1_7,bytes=28;client_id=1;clients=50
1779646255270,PUT,96,4,benchKey_21_7,bytes=29;client_id=21;clients=50
1779646255270,PUT,107,4,benchKey_45_7,bytes=29;client_id=45;clients=50
1779646255270,PUT,107,4,benchKey_8_7,bytes=28;client_id=8;clients=50
1779646255274,PUT,99,4,benchKey_39_7,bytes=29;client_id=39;clients=50
1779646255275,PUT,99,4,benchKey_19_7,bytes=29;client_id=19;clients=50
1779646255277,PUT,100,4,benchKey_47_7,bytes=29;client_id=47;clients=50
1779646255278,PUT,101,4,benchKey_46_7,bytes=29;client_id=46;clients=50
1779646255280,PUT,102,4,benchKey_23_7,bytes=29;client_id=23;clients=50
1779646255280,PUT,102,4,benchKey_4_7,bytes=28;client_id=4;clients=50
1779646255281,PUT,102,4,benchKey_27_7,bytes=29;client_id=27;clients=50
1779646255288,PUT,107,4,benchKey_49_7,bytes=29;client_id=49;clients=50
1779646255289,PUT,106,4,benchKey_41_7,bytes=29;client_id=41;clients=50
1779646255299,PUT,115,4,benchKey_10_7,bytes=29;client_id=10;clients=50
1779646255303,PUT,115,4,benchKey_15_7,bytes=29;client_id=15;clients=50
1779646255304,PUT,114,4,benchKey_22_7,bytes=29;client_id=22;clients=50
1779646255304,PUT,115,4,benchKey_37_7,bytes=29;client_id=37;clients=50
1779646255306,PUT,113,4,benchKey_3_7,bytes=28;client_id=3;clients=50
1779646255307,PUT,113,4,benchKey_42_7,bytes=29;client_id=42;clients=50
1779646255307,PUT,113,4,benchKey_7_7,bytes=28;client_id=7;clients=50
1779646255308,PUT,113,4,benchKey_33_7,bytes=29;client_id=33;clients=50
1779646255312,PUT,106,4,benchKey_20_7,bytes=29;client_id=20;clients=50
1779646255312,PUT,107,4,benchKey_24_7,bytes=29;client_id=24;clients=50
1779646255315,PUT,99,4,benchKey_17_7,bytes=29;client_id=17;clients=50
1779646255317,PUT,98,4,benchKey_29_8,bytes=29;client_id=29;clients=50
1779646255317,PUT,99,4,benchKey_31_7,bytes=29;client_id=31;clients=50
1779646255319,PUT,98,4,benchKey_16_7,bytes=29;client_id=16;clients=50
1779646255320,PUT,99,4,benchKey_43_7,bytes=29;client_id=43;clients=50
1779646255322,PUT,98,4,benchKey_11_7,bytes=29;client_id=11;clients=50
1779646255322,PUT,99,4,benchKey_36_7,bytes=29;client_id=36;clients=50
1779646255322,PUT,97,4,benchKey_25_7,bytes=29;client_id=25;clients=50
1779646255330,PUT,105,4,benchKey_44_7,bytes=29;client_id=44;clients=50
1779646255331,PUT,104,4,benchKey_26_7,bytes=29;client_id=26;clients=50
1779646255342,PUT,115,4,benchKey_34_7,bytes=29;client_id=34;clients=50
1779646255345,PUT,112,4,benchKey_5_7,bytes=28;client_id=5;clients=50
1779646255346,PUT,112,4,benchKey_38_8,bytes=29;client_id=38;clients=50
1779646255346,PUT,110,4,benchKey_2_8,bytes=28;client_id=2;clients=50
1779646255348,PUT,111,4,benchKey_0_7,bytes=28;client_id=0;clients=50
1779646255349,PUT,110,4,benchKey_13_7,bytes=29;client_id=13;clients=50
1779646255349,PUT,113,4,benchKey_30_8,bytes=29;client_id=30;clients=50
1779646255350,PUT,111,4,benchKey_9_8,bytes=28;client_id=9;clients=50
1779646255354,PUT,106,4,benchKey_32_8,bytes=29;client_id=32;clients=50
1779646255354,PUT,108,4,benchKey_12_7,bytes=29;client_id=12;clients=50
1779646255357,PUT,99,4,benchKey_14_7,bytes=29;client_id=14;clients=50
1779646255359,PUT,98,4,benchKey_18_8,bytes=29;client_id=18;clients=50
1779646255359,PUT,97,4,benchKey_28_8,bytes=29;client_id=28;clients=50
1779646255362,PUT,99,4,benchKey_48_8,bytes=29;client_id=48;clients=50
1779646255364,PUT,99,4,benchKey_35_8,bytes=29;client_id=35;clients=50
1779646255364,PUT,99,4,benchKey_6_8,bytes=28;client_id=6;clients=50
1779646255364,PUT,98,4,benchKey_40_7,bytes=29;client_id=40;clients=50
1779646255365,PUT,98,4,benchKey_1_8,bytes=28;client_id=1;clients=50
1779646255373,PUT,102,4,benchKey_45_8,bytes=29;client_id=45;clients=50
1779646255373,PUT,102,4,benchKey_21_8,bytes=29;client_id=21;clients=50
1779646255384,PUT,112,4,benchKey_8_8,bytes=28;client_id=8;clients=50
1779646255387,PUT,109,4,benchKey_47_8,bytes=29;client_id=47;clients=50
1779646255387,PUT,111,4,benchKey_19_8,bytes=29;client_id=19;clients=50
1779646255387,PUT,112,4,benchKey_39_8,bytes=29;client_id=39;clients=50
1779646255391,PUT,112,4,benchKey_46_8,bytes=29;client_id=46;clients=50
1779646255392,PUT,111,4,benchKey_23_8,bytes=29;client_id=23;clients=50
1779646255393,PUT,112,4,benchKey_4_8,bytes=28;client_id=4;clients=50
1779646255393,PUT,112,4,benchKey_27_8,bytes=29;client_id=27;clients=50
1779646255397,PUT,108,4,benchKey_49_8,bytes=29;client_id=49;clients=50
1779646255397,PUT,107,4,benchKey_41_8,bytes=29;client_id=41;clients=50
1779646255400,PUT,101,4,benchKey_10_8,bytes=29;client_id=10;clients=50
1779646255402,PUT,98,4,benchKey_15_8,bytes=29;client_id=15;clients=50
1779646255402,PUT,98,4,benchKey_22_8,bytes=29;client_id=22;clients=50
1779646255406,PUT,102,4,benchKey_37_8,bytes=29;client_id=37;clients=50
1779646255408,PUT,101,4,benchKey_3_8,bytes=28;client_id=3;clients=50
1779646255409,PUT,100,4,benchKey_33_8,bytes=29;client_id=33;clients=50
1779646255409,PUT,101,4,benchKey_7_8,bytes=28;client_id=7;clients=50
1779646255409,PUT,102,4,benchKey_42_8,bytes=29;client_id=42;clients=50
1779646255417,PUT,104,4,benchKey_24_8,bytes=29;client_id=24;clients=50
1779646255417,PUT,104,4,benchKey_20_8,bytes=29;client_id=20;clients=50
1779646255427,PUT,111,4,benchKey_17_8,bytes=29;client_id=17;clients=50
1779646255430,PUT,111,4,benchKey_16_8,bytes=29;client_id=16;clients=50
1779646255431,PUT,113,4,benchKey_29_9,bytes=29;client_id=29;clients=50
1779646255431,PUT,114,4,benchKey_31_8,bytes=29;client_id=31;clients=50
1779646255436,PUT,113,4,benchKey_25_8,bytes=29;client_id=25;clients=50
1779646255436,PUT,116,4,benchKey_43_8,bytes=29;client_id=43;clients=50
1779646255437,PUT,114,4,benchKey_11_8,bytes=29;client_id=11;clients=50
1779646255439,PUT,116,4,benchKey_36_8,bytes=29;client_id=36;clients=50
1779646255441,PUT,110,4,benchKey_26_8,bytes=29;client_id=26;clients=50
1779646255441,PUT,110,4,benchKey_44_8,bytes=29;client_id=44;clients=50
1779646255443,PUT,101,4,benchKey_34_8,bytes=29;client_id=34;clients=50
1779646255445,PUT,99,4,benchKey_38_9,bytes=29;client_id=38;clients=50
1779646255447,PUT,102,4,benchKey_5_8,bytes=28;client_id=5;clients=50
1779646255452,PUT,102,4,benchKey_30_9,bytes=29;client_id=30;clients=50
1779646255452,PUT,103,4,benchKey_13_8,bytes=29;client_id=13;clients=50
1779646255456,PUT,109,4,benchKey_2_9,bytes=28;client_id=2;clients=50
1779646255452,PUT,104,4,benchKey_0_8,bytes=28;client_id=0;clients=50
1779646255459,PUT,108,4,benchKey_9_9,bytes=28;client_id=9;clients=50
1779646255461,PUT,106,4,benchKey_12_8,bytes=29;client_id=12;clients=50
1779646255464,PUT,109,4,benchKey_32_9,bytes=29;client_id=32;clients=50
1779646255469,PUT,112,4,benchKey_14_8,bytes=29;client_id=14;clients=50
1779646255474,PUT,112,4,benchKey_48_9,bytes=29;client_id=48;clients=50
1779646255475,PUT,115,4,benchKey_28_9,bytes=29;client_id=28;clients=50
1779646255474,PUT,115,4,benchKey_18_9,bytes=29;client_id=18;clients=50
1779646255479,PUT,114,4,benchKey_6_9,bytes=28;client_id=6;clients=50
1779646255480,PUT,116,4,benchKey_35_9,bytes=29;client_id=35;clients=50
1779646255481,PUT,116,4,benchKey_40_8,bytes=29;client_id=40;clients=50
1779646255481,PUT,115,4,benchKey_1_9,bytes=28;client_id=1;clients=50
1779646255485,PUT,111,4,benchKey_21_9,bytes=29;client_id=21;clients=50
1779646255485,PUT,111,4,benchKey_45_9,bytes=29;client_id=45;clients=50
1779646255487,PUT,102,4,benchKey_8_9,bytes=28;client_id=8;clients=50
1779646255489,PUT,102,4,benchKey_47_9,bytes=29;client_id=47;clients=50
1779646255490,PUT,103,4,benchKey_19_9,bytes=29;client_id=19;clients=50
1779646255494,PUT,106,4,benchKey_39_9,bytes=29;client_id=39;clients=50
1779646255494,PUT,102,4,benchKey_46_9,bytes=29;client_id=46;clients=50
1779646255495,PUT,102,4,benchKey_23_9,bytes=29;client_id=23;clients=50
1779646255496,PUT,102,4,benchKey_27_9,bytes=29;client_id=27;clients=50
1779646255498,PUT,104,4,benchKey_4_9,bytes=28;client_id=4;clients=50
1779646255504,PUT,107,4,benchKey_49_9,bytes=29;client_id=49;clients=50
1779646255506,PUT,109,4,benchKey_41_9,bytes=29;client_id=41;clients=50
1779646255512,PUT,111,4,benchKey_10_9,bytes=29;client_id=10;clients=50
1779646255516,PUT,113,4,benchKey_22_9,bytes=29;client_id=22;clients=50
1779646255517,PUT,107,4,benchKey_37_9,bytes=29;client_id=37;clients=50
1779646255517,PUT,115,4,benchKey_15_9,bytes=29;client_id=15;clients=50
1779646255521,PUT,111,4,benchKey_3_9,bytes=28;client_id=3;clients=50
1779646255523,PUT,113,4,benchKey_42_9,bytes=29;client_id=42;clients=50
1779646255525,PUT,115,4,benchKey_33_9,bytes=29;client_id=33;clients=50
1779646255527,PUT,109,4,benchKey_20_9,bytes=29;client_id=20;clients=50
1779646255524,PUT,114,4,benchKey_7_9,bytes=28;client_id=7;clients=50
1779646255527,PUT,109,4,benchKey_24_9,bytes=29;client_id=24;clients=50
1779646255529,PUT,102,4,benchKey_17_9,bytes=29;client_id=17;clients=50
1779646255532,PUT,101,4,benchKey_29_10,bytes=30;client_id=29;clients=50
1779646255533,PUT,102,4,benchKey_16_9,bytes=29;client_id=16;clients=50
1779646255536,PUT,99,4,benchKey_25_9,bytes=29;client_id=25;clients=50
1779646255537,PUT,100,4,benchKey_43_9,bytes=29;client_id=43;clients=50
1779646255537,PUT,106,4,benchKey_31_9,bytes=29;client_id=31;clients=50
1779646255539,PUT,102,4,benchKey_11_9,bytes=29;client_id=11;clients=50
1779646255541,PUT,102,4,benchKey_36_9,bytes=29;client_id=36;clients=50
1779646255546,PUT,104,4,benchKey_26_9,bytes=29;client_id=26;clients=50
1779646255547,PUT,105,4,benchKey_44_9,bytes=29;client_id=44;clients=50
1779646255555,PUT,111,4,benchKey_34_9,bytes=29;client_id=34;clients=50
1779646255559,PUT,106,4,benchKey_30_10,bytes=30;client_id=30;clients=50
1779646255559,PUT,113,4,benchKey_38_10,bytes=30;client_id=38;clients=50
1779646255560,PUT,112,4,benchKey_5_9,bytes=28;client_id=5;clients=50
1779646255563,PUT,107,4,benchKey_13_9,bytes=29;client_id=13;clients=50
1779646255565,PUT,109,4,benchKey_2_10,bytes=29;client_id=2;clients=50
1779646255567,PUT,110,4,benchKey_0_9,bytes=28;client_id=0;clients=50
1779646255569,PUT,104,4,benchKey_32_10,bytes=30;client_id=32;clients=50
1779646255569,PUT,110,4,benchKey_9_10,bytes=29;client_id=9;clients=50
1779646255570,PUT,108,4,benchKey_12_9,bytes=29;client_id=12;clients=50
1779646255571,PUT,101,4,benchKey_14_9,bytes=29;client_id=14;clients=50
1779646255574,PUT,99,4,benchKey_48_10,bytes=30;client_id=48;clients=50
1779646255575,PUT,100,4,benchKey_28_10,bytes=30;client_id=28;clients=50
1779646255578,PUT,103,4,benchKey_18_10,bytes=30;client_id=18;clients=50
1779646255579,PUT,98,4,benchKey_35_10,bytes=30;client_id=35;clients=50
1779646255579,PUT,99,4,benchKey_6_10,bytes=29;client_id=6;clients=50
1779646255581,PUT,100,4,benchKey_40_9,bytes=29;client_id=40;clients=50
1779646255583,PUT,101,4,benchKey_1_10,bytes=29;client_id=1;clients=50
1779646255588,PUT,103,4,benchKey_21_10,bytes=30;client_id=21;clients=50
1779646255589,PUT,104,4,benchKey_45_10,bytes=30;client_id=45;clients=50
1779646255598,PUT,111,4,benchKey_8_10,bytes=29;client_id=8;clients=50
1779646255601,PUT,111,4,benchKey_47_10,bytes=30;client_id=47;clients=50
1779646255601,PUT,107,4,benchKey_39_10,bytes=30;client_id=39;clients=50
1779646255603,PUT,112,4,benchKey_19_10,bytes=30;client_id=19;clients=50
1779646255603,PUT,69,4,benchKey_16_10,bytes=30;client_id=16;clients=50
1779646255605,PUT,111,4,benchKey_46_10,bytes=30;client_id=46;clients=50
1779646255607,PUT,112,4,benchKey_23_10,bytes=30;client_id=23;clients=50
1779646255608,PUT,111,4,benchKey_27_10,bytes=30;client_id=27;clients=50
1779646255611,PUT,104,4,benchKey_41_10,bytes=30;client_id=41;clients=50
1779646255611,PUT,112,4,benchKey_4_10,bytes=29;client_id=4;clients=50
1779646255611,PUT,107,4,benchKey_49_10,bytes=30;client_id=49;clients=50
1779646255612,PUT,99,4,benchKey_10_10,bytes=30;client_id=10;clients=50
1779646255615,PUT,99,4,benchKey_22_10,bytes=30;client_id=22;clients=50
1779646255616,PUT,98,4,benchKey_37_10,bytes=30;client_id=37;clients=50
1779646255620,PUT,102,4,benchKey_15_10,bytes=30;client_id=15;clients=50
1779646255621,PUT,94,4,benchKey_33_10,bytes=30;client_id=33;clients=50
1779646255622,PUT,95,4,benchKey_42_10,bytes=30;client_id=42;clients=50
1779646255622,PUT,100,4,benchKey_3_10,bytes=29;client_id=3;clients=50
1779646255625,PUT,98,4,benchKey_20_10,bytes=30;client_id=20;clients=50
1779646255631,PUT,104,4,benchKey_7_10,bytes=29;client_id=7;clients=50
1779646255631,PUT,104,4,benchKey_24_10,bytes=30;client_id=24;clients=50
1779646255640,PUT,110,4,benchKey_17_10,bytes=30;client_id=17;clients=50
1779646255644,PUT,107,4,benchKey_25_10,bytes=30;client_id=25;clients=50
1779646255644,PUT,112,4,benchKey_29_11,bytes=30;client_id=29;clients=50
1779646255646,PUT,108,4,benchKey_43_10,bytes=30;client_id=43;clients=50
1779646255647,PUT,109,4,benchKey_31_10,bytes=30;client_id=31;clients=50
1779646255649,PUT,109,4,benchKey_11_10,bytes=30;client_id=11;clients=50
1779646255651,PUT,109,4,benchKey_36_10,bytes=30;client_id=36;clients=50
1779646255653,PUT,106,4,benchKey_26_10,bytes=30;client_id=26;clients=50
1779646255653,PUT,105,4,benchKey_44_10,bytes=30;client_id=44;clients=50
1779646255653,PUT,97,4,benchKey_34_10,bytes=30;client_id=34;clients=50
1779646255654,PUT,95,4,benchKey_30_11,bytes=30;client_id=30;clients=50
1779646255657,PUT,98,4,benchKey_38_11,bytes=30;client_id=38;clients=50
1779646255658,PUT,98,4,benchKey_5_10,bytes=29;client_id=5;clients=50
1779646255663,PUT,97,4,benchKey_2_11,bytes=29;client_id=2;clients=50
1779646255663,PUT,100,4,benchKey_13_10,bytes=30;client_id=13;clients=50
1779646255663,PUT,94,4,benchKey_32_11,bytes=30;client_id=32;clients=50
1779646255663,PUT,96,4,benchKey_0_10,bytes=29;client_id=0;clients=50
1779646255667,PUT,98,4,benchKey_9_11,bytes=29;client_id=9;clients=50
1779646255673,PUT,102,4,benchKey_14_10,bytes=30;client_id=14;clients=50
1779646255673,PUT,103,4,benchKey_12_10,bytes=30;client_id=12;clients=50
1779646255683,PUT,109,4,benchKey_48_11,bytes=30;client_id=48;clients=50
1779646255687,PUT,108,4,benchKey_18_11,bytes=30;client_id=18;clients=50
1779646255687,PUT,112,4,benchKey_28_11,bytes=30;client_id=28;clients=50
1779646255689,PUT,109,4,benchKey_35_11,bytes=30;client_id=35;clients=50
1779646255689,PUT,109,4,benchKey_6_11,bytes=29;client_id=6;clients=50
1779646255691,PUT,110,4,benchKey_40_10,bytes=30;client_id=40;clients=50
1779646255692,PUT,108,4,benchKey_1_11,bytes=29;client_id=1;clients=50
1779646255696,PUT,108,4,benchKey_21_11,bytes=30;client_id=21;clients=50
1779646255697,PUT,95,4,benchKey_39_11,bytes=30;client_id=39;clients=50
1779646255697,PUT,108,4,benchKey_45_11,bytes=30;client_id=45;clients=50
1779646255697,PUT,99,4,benchKey_8_11,bytes=29;client_id=8;clients=50
1779646255699,PUT,97,4,benchKey_47_11,bytes=30;client_id=47;clients=50
1779646255701,PUT,98,4,benchKey_19_11,bytes=30;client_id=19;clients=50
1779646255705,PUT,102,4,benchKey_16_11,bytes=30;client_id=16;clients=50
1779646255705,PUT,98,4,benchKey_23_11,bytes=30;client_id=23;clients=50
1779646255706,PUT,100,4,benchKey_46_11,bytes=30;client_id=46;clients=50
1779646255707,PUT,99,4,benchKey_27_11,bytes=30;client_id=27;clients=50
1779646255710,PUT,98,4,benchKey_4_11,bytes=29;client_id=4;clients=50
1779646255716,PUT,105,4,benchKey_41_11,bytes=30;client_id=41;clients=50
1779646255716,PUT,105,4,benchKey_49_11,bytes=30;client_id=49;clients=50
1779646255725,PUT,113,4,benchKey_10_11,bytes=30;client_id=10;clients=50
1779646255730,PUT,114,4,benchKey_37_11,bytes=30;client_id=37;clients=50
1779646255730,PUT,115,4,benchKey_22_11,bytes=30;client_id=22;clients=50
1779646255731,PUT,110,4,benchKey_33_11,bytes=30;client_id=33;clients=50
1779646255732,PUT,111,4,benchKey_15_11,bytes=30;client_id=15;clients=50
1779646255733,PUT,110,4,benchKey_42_11,bytes=30;client_id=42;clients=50
1779646255734,PUT,112,4,benchKey_3_11,bytes=29;client_id=3;clients=50
1779646255739,PUT,107,4,benchKey_7_11,bytes=29;client_id=7;clients=50
1779646255740,PUT,114,4,benchKey_20_11,bytes=30;client_id=20;clients=50
1779646255740,PUT,108,4,benchKey_24_11,bytes=30;client_id=24;clients=50
1779646255741,PUT,96,4,benchKey_25_11,bytes=30;client_id=25;clients=50
1779646255741,PUT,101,4,benchKey_17_11,bytes=30;client_id=17;clients=50
1779646255743,PUT,98,4,benchKey_29_12,bytes=30;client_id=29;clients=50
1779646255747,PUT,100,4,benchKey_31_11,bytes=30;client_id=31;clients=50
1779646255747,PUT,98,4,benchKey_11_11,bytes=30;client_id=11;clients=50
1779646255748,PUT,101,4,benchKey_43_11,bytes=30;client_id=43;clients=50
1779646255749,PUT,97,4,benchKey_36_11,bytes=30;client_id=36;clients=50
1779646255754,PUT,100,4,benchKey_26_11,bytes=30;client_id=26;clients=50
1779646255759,PUT,105,4,benchKey_34_11,bytes=30;client_id=34;clients=50
1779646255759,PUT,105,4,benchKey_44_11,bytes=30;client_id=44;clients=50
1779646255768,PUT,113,4,benchKey_30_12,bytes=30;client_id=30;clients=50
1779646255773,PUT,115,4,benchKey_38_12,bytes=30;client_id=38;clients=50
1779646255773,PUT,114,4,benchKey_5_11,bytes=29;client_id=5;clients=50
1779646255773,PUT,109,4,benchKey_2_12,bytes=29;client_id=2;clients=50
1779646255774,PUT,110,4,benchKey_13_11,bytes=30;client_id=13;clients=50
1779646255775,PUT,111,4,benchKey_0_11,bytes=29;client_id=0;clients=50
1779646255776,PUT,112,4,benchKey_32_12,bytes=30;client_id=32;clients=50
1779646255781,PUT,113,4,benchKey_9_12,bytes=29;client_id=9;clients=50
1779646255782,PUT,108,4,benchKey_14_11,bytes=30;client_id=14;clients=50
1779646255782,PUT,108,4,benchKey_12_11,bytes=30;client_id=12;clients=50
1779646255784,PUT,100,4,benchKey_48_12,bytes=30;client_id=48;clients=50
1779646255784,PUT,96,4,benchKey_18_12,bytes=30;client_id=18;clients=50
1779646255785,PUT,97,4,benchKey_28_12,bytes=30;client_id=28;clients=50
1779646255789,PUT,100,4,benchKey_6_12,bytes=29;client_id=6;clients=50
1779646255789,PUT,100,4,benchKey_35_12,bytes=30;client_id=35;clients=50
1779646255789,PUT,98,4,benchKey_40_11,bytes=30;client_id=40;clients=50
1779646255792,PUT,99,4,benchKey_1_12,bytes=29;client_id=1;clients=50
1779646255797,PUT,100,4,benchKey_21_12,bytes=30;client_id=21;clients=50
1779646255802,PUT,104,4,benchKey_45_12,bytes=30;client_id=45;clients=50
1779646255802,PUT,105,4,benchKey_39_12,bytes=30;client_id=39;clients=50
1779646255811,PUT,112,4,benchKey_8_12,bytes=29;client_id=8;clients=50
1779646255815,PUT,114,4,benchKey_19_12,bytes=30;client_id=19;clients=50
1779646255816,PUT,110,4,benchKey_46_12,bytes=30;client_id=46;clients=50
1779646255817,PUT,111,4,benchKey_23_12,bytes=30;client_id=23;clients=50
1779646255817,PUT,111,4,benchKey_16_12,bytes=30;client_id=16;clients=50
1779646255819,PUT,111,4,benchKey_27_12,bytes=30;client_id=27;clients=50
1779646255819,PUT,119,4,benchKey_47_12,bytes=30;client_id=47;clients=50
1779646255824,PUT,114,4,benchKey_4_12,bytes=29;client_id=4;clients=50
1779646255824,PUT,108,4,benchKey_41_12,bytes=30;client_id=41;clients=50
1779646255825,PUT,94,4,benchKey_37_12,bytes=30;client_id=37;clients=50
1779646255825,PUT,108,4,benchKey_49_12,bytes=30;client_id=49;clients=50
1779646255827,PUT,101,4,benchKey_10_12,bytes=30;client_id=10;clients=50
1779646255828,PUT,97,4,benchKey_22_12,bytes=30;client_id=22;clients=50
1779646255833,PUT,100,4,benchKey_15_12,bytes=30;client_id=15;clients=50
1779646255833,PUT,99,4,benchKey_42_12,bytes=30;client_id=42;clients=50
1779646255833,PUT,101,4,benchKey_33_12,bytes=30;client_id=33;clients=50
1779646255834,PUT,100,4,benchKey_3_12,bytes=29;client_id=3;clients=50
1779646255840,PUT,100,4,benchKey_7_12,bytes=29;client_id=7;clients=50
1779646255845,PUT,105,4,benchKey_24_12,bytes=30;client_id=24;clients=50
1779646255845,PUT,105,4,benchKey_20_12,bytes=30;client_id=20;clients=50
1779646255853,PUT,111,4,benchKey_25_12,bytes=30;client_id=25;clients=50
1779646255860,PUT,118,4,benchKey_17_12,bytes=30;client_id=17;clients=50
1779646255860,PUT,116,4,benchKey_29_13,bytes=30;client_id=29;clients=50
1779646255860,PUT,112,4,benchKey_11_12,bytes=30;client_id=11;clients=50
1779646255861,PUT,114,4,benchKey_31_12,bytes=30;client_id=31;clients=50
1779646255862,PUT,113,4,benchKey_43_12,bytes=30;client_id=43;clients=50
1779646255862,PUT,112,4,benchKey_36_12,bytes=30;client_id=36;clients=50
1779646255868,PUT,99,4,benchKey_30_13,bytes=30;client_id=30;clients=50
1779646255868,PUT,108,4,benchKey_44_12,bytes=30;client_id=44;clients=50
1779646255868,PUT,113,4,benchKey_26_12,bytes=30;client_id=26;clients=50
1779646255868,PUT,108,4,benchKey_34_12,bytes=30;client_id=34;clients=50
1779646255869,PUT,96,4,benchKey_38_13,bytes=30;client_id=38;clients=50
1779646255870,PUT,97,4,benchKey_5_12,bytes=29;client_id=5;clients=50
1779646255875,PUT,100,4,benchKey_13_12,bytes=30;client_id=13;clients=50
1779646255876,PUT,100,4,benchKey_0_12,bytes=29;client_id=0;clients=50
1779646255876,PUT,102,4,benchKey_2_13,bytes=29;client_id=2;clients=50
1779646255877,PUT,100,4,benchKey_32_13,bytes=30;client_id=32;clients=50
1779646255883,PUT,102,4,benchKey_9_13,bytes=29;client_id=9;clients=50
1779646255887,PUT,105,4,benchKey_14_12,bytes=30;client_id=14;clients=50
1779646255889,PUT,106,4,benchKey_12_12,bytes=30;client_id=12;clients=50
1779646255897,PUT,112,4,benchKey_48_13,bytes=30;client_id=48;clients=50
1779646255902,PUT,117,4,benchKey_18_13,bytes=30;client_id=18;clients=50
1779646255902,PUT,116,4,benchKey_28_13,bytes=30;client_id=28;clients=50
1779646255902,PUT,112,4,benchKey_6_13,bytes=29;client_id=6;clients=50
1779646255904,PUT,114,4,benchKey_35_13,bytes=30;client_id=35;clients=50
1779646255904,PUT,114,4,benchKey_40_12,bytes=30;client_id=40;clients=50
1779646255904,PUT,112,4,benchKey_1_13,bytes=29;client_id=1;clients=50
1779646255910,PUT,99,4,benchKey_8_13,bytes=29;client_id=8;clients=50
1779646255911,PUT,113,4,benchKey_21_13,bytes=30;client_id=21;clients=50
1779646255911,PUT,108,4,benchKey_39_13,bytes=30;client_id=39;clients=50
1779646255912,PUT,96,4,benchKey_19_13,bytes=30;client_id=19;clients=50
1779646255913,PUT,110,4,benchKey_45_13,bytes=30;client_id=45;clients=50
1779646255914,PUT,97,4,benchKey_46_13,bytes=30;client_id=46;clients=50
1779646255918,PUT,100,4,benchKey_23_13,bytes=30;client_id=23;clients=50
1779646255919,PUT,102,4,benchKey_16_13,bytes=30;client_id=16;clients=50
1779646255919,PUT,100,4,benchKey_27_13,bytes=30;client_id=27;clients=50
1779646255922,PUT,102,4,benchKey_47_13,bytes=30;client_id=47;clients=50
1779646255926,PUT,101,4,benchKey_4_13,bytes=29;client_id=4;clients=50
1779646255930,PUT,104,4,benchKey_41_13,bytes=30;client_id=41;clients=50
1779646255931,PUT,106,4,benchKey_37_13,bytes=30;client_id=37;clients=50
1779646255940,PUT,114,4,benchKey_49_13,bytes=30;client_id=49;clients=50
1779646255945,PUT,111,4,benchKey_42_13,bytes=30;client_id=42;clients=50
1779646255946,PUT,117,4,benchKey_22_13,bytes=30;client_id=22;clients=50
1779646255946,PUT,119,4,benchKey_10_13,bytes=30;client_id=10;clients=50
1779646255947,PUT,114,4,benchKey_33_13,bytes=30;client_id=33;clients=50
1779646255948,PUT,113,4,benchKey_3_13,bytes=29;client_id=3;clients=50
1779646255949,PUT,115,4,benchKey_15_13,bytes=30;client_id=15;clients=50
1779646255953,PUT,107,4,benchKey_24_13,bytes=30;client_id=24;clients=50
1779646255955,PUT,109,4,benchKey_20_13,bytes=30;client_id=20;clients=50
1779646255957,PUT,116,4,benchKey_7_13,bytes=29;client_id=7;clients=50
1779646255958,PUT,97,4,benchKey_17_13,bytes=30;client_id=17;clients=50
1779646255958,PUT,105,4,benchKey_25_13,bytes=30;client_id=25;clients=50
1779646255958,PUT,98,4,benchKey_29_14,bytes=30;client_id=29;clients=50
1779646255961,PUT,100,4,benchKey_11_13,bytes=30;client_id=11;clients=50
1779646255963,PUT,100,4,benchKey_43_13,bytes=30;client_id=43;clients=50
1779646255965,PUT,103,4,benchKey_31_13,bytes=30;client_id=31;clients=50
1779646255970,PUT,107,4,benchKey_36_13,bytes=30;client_id=36;clients=50
1779646255970,PUT,102,4,benchKey_44_13,bytes=30;client_id=44;clients=50
1779646255972,PUT,104,4,benchKey_30_14,bytes=30;client_id=30;clients=50
1779646255974,PUT,106,4,benchKey_26_13,bytes=30;client_id=26;clients=50
1779646255982,PUT,114,4,benchKey_34_13,bytes=30;client_id=34;clients=50
1779646255987,PUT,117,4,benchKey_38_14,bytes=30;client_id=38;clients=50
1779646255989,PUT,113,4,benchKey_0_13,bytes=29;client_id=0;clients=50
1779646255990,PUT,119,4,benchKey_5_13,bytes=29;client_id=5;clients=50
1779646255990,PUT,115,4,benchKey_13_13,bytes=30;client_id=13;clients=50
1779646255992,PUT,116,4,benchKey_2_14,bytes=29;client_id=2;clients=50
1779646255993,PUT,116,4,benchKey_32_14,bytes=30;client_id=32;clients=50
1779646255996,PUT,112,4,benchKey_9_14,bytes=29;client_id=9;clients=50
1779646255998,PUT,109,4,benchKey_12_13,bytes=30;client_id=12;clients=50
1779646256001,PUT,99,4,benchKey_28_14,bytes=30;client_id=28;clients=50
1779646256001,PUT,104,4,benchKey_48_14,bytes=30;client_id=48;clients=50
1779646256004,PUT,102,4,benchKey_18_14,bytes=30;client_id=18;clients=50
1779646256004,PUT,102,4,benchKey_6_14,bytes=29;client_id=6;clients=50
1779646256004,PUT,116,4,benchKey_14_13,bytes=30;client_id=14;clients=50
1779646256005,PUT,101,4,benchKey_35_14,bytes=30;client_id=35;clients=50
1779646256007,PUT,102,4,benchKey_1_14,bytes=29;client_id=1;clients=50
1779646256008,PUT,103,4,benchKey_40_13,bytes=30;client_id=40;clients=50
1779646256013,PUT,102,4,benchKey_8_14,bytes=29;client_id=8;clients=50
1779646256015,PUT,104,4,benchKey_21_14,bytes=30;client_id=21;clients=50
1779646256016,PUT,104,4,benchKey_39_14,bytes=30;client_id=39;clients=50
1779646256024,PUT,111,4,benchKey_19_14,bytes=30;client_id=19;clients=50
1779646256030,PUT,115,4,benchKey_46_14,bytes=30;client_id=46;clients=50
1779646256030,PUT,116,4,benchKey_45_14,bytes=30;client_id=45;clients=50
1779646256032,PUT,114,4,benchKey_23_14,bytes=30;client_id=23;clients=50
1779646256032,PUT,112,4,benchKey_16_14,bytes=30;client_id=16;clients=50
1779646256034,PUT,114,4,benchKey_27_14,bytes=30;client_id=27;clients=50
1779646256036,PUT,114,4,benchKey_47_14,bytes=30;client_id=47;clients=50
1779646256038,PUT,111,4,benchKey_4_14,bytes=29;client_id=4;clients=50
1779646256040,PUT,109,4,benchKey_41_14,bytes=30;client_id=41;clients=50
1779646256043,PUT,103,4,benchKey_49_14,bytes=30;client_id=49;clients=50
1779646256043,PUT,111,4,benchKey_37_14,bytes=30;client_id=37;clients=50
1779646256046,PUT,98,4,benchKey_33_14,bytes=30;client_id=33;clients=50
1779646256046,PUT,99,4,benchKey_22_14,bytes=30;client_id=22;clients=50
1779646256046,PUT,99,4,benchKey_10_14,bytes=30;client_id=10;clients=50
1779646256046,PUT,101,4,benchKey_42_14,bytes=30;client_id=42;clients=50
1779646256048,PUT,99,4,benchKey_3_14,bytes=29;client_id=3;clients=50
1779646256049,PUT,100,4,benchKey_15_14,bytes=30;client_id=15;clients=50
1779646256056,PUT,102,4,benchKey_24_14,bytes=30;client_id=24;clients=50
1779646256058,PUT,102,4,benchKey_20_14,bytes=30;client_id=20;clients=50
1779646256058,PUT,101,4,benchKey_7_14,bytes=29;client_id=7;clients=50
1779646256066,PUT,108,4,benchKey_17_14,bytes=30;client_id=17;clients=50
1779646256073,PUT,114,4,benchKey_29_15,bytes=30;client_id=29;clients=50
1779646256073,PUT,114,4,benchKey_25_14,bytes=30;client_id=25;clients=50
1779646256074,PUT,111,4,benchKey_43_14,bytes=30;client_id=43;clients=50
1779646256074,PUT,112,4,benchKey_11_14,bytes=30;client_id=11;clients=50
1779646256076,PUT,110,4,benchKey_31_14,bytes=30;client_id=31;clients=50
1779646256078,PUT,107,4,benchKey_36_14,bytes=30;client_id=36;clients=50
1779646256079,PUT,108,4,benchKey_44_14,bytes=30;client_id=44;clients=50
1779646256081,PUT,108,4,benchKey_30_15,bytes=30;client_id=30;clients=50
1779646256086,PUT,103,4,benchKey_34_14,bytes=30;client_id=34;clients=50
1779646256086,PUT,111,4,benchKey_26_14,bytes=30;client_id=26;clients=50
1779646256089,PUT,98,4,benchKey_5_14,bytes=29;client_id=5;clients=50
1779646256089,PUT,101,4,benchKey_38_15,bytes=30;client_id=38;clients=50
1779646256089,PUT,98,4,benchKey_13_14,bytes=30;client_id=13;clients=50
1779646256089,PUT,99,4,benchKey_0_14,bytes=29;client_id=0;clients=50
1779646256090,PUT,96,4,benchKey_32_15,bytes=30;client_id=32;clients=50
1779646256090,PUT,97,4,benchKey_2_15,bytes=29;client_id=2;clients=50
1779646256097,PUT,101,4,benchKey_9_15,bytes=29;client_id=9;clients=50
1779646256100,PUT,101,4,benchKey_12_14,bytes=30;client_id=12;clients=50
1779646256100,PUT,98,4,benchKey_48_15,bytes=30;client_id=48;clients=50
1779646256108,PUT,106,4,benchKey_28_15,bytes=30;client_id=28;clients=50
1779646256115,PUT,110,4,benchKey_18_15,bytes=30;client_id=18;clients=50
1779646256116,PUT,111,4,benchKey_6_15,bytes=29;client_id=6;clients=50
1779646256116,PUT,110,4,benchKey_35_15,bytes=30;client_id=35;clients=50
1779646256117,PUT,109,4,benchKey_1_15,bytes=29;client_id=1;clients=50
1779646256117,PUT,111,4,benchKey_14_14,bytes=30;client_id=14;clients=50
1779646256120,PUT,111,4,benchKey_40_14,bytes=30;client_id=40;clients=50
1779646256121,PUT,107,4,benchKey_8_15,bytes=29;client_id=8;clients=50
1779646256122,PUT,106,4,benchKey_21_15,bytes=30;client_id=21;clients=50
1779646256129,PUT,104,4,benchKey_19_15,bytes=30;client_id=19;clients=50
1779646256129,PUT,113,4,benchKey_39_15,bytes=30;client_id=39;clients=50
1779646256130,PUT,97,4,benchKey_16_15,bytes=30;client_id=16;clients=50
1779646256130,PUT,99,4,benchKey_45_15,bytes=30;client_id=45;clients=50
1779646256131,PUT,96,4,benchKey_27_15,bytes=30;client_id=27;clients=50
1779646256131,PUT,100,4,benchKey_46_15,bytes=30;client_id=46;clients=50
1779646256131,PUT,98,4,benchKey_23_15,bytes=30;client_id=23;clients=50
1779646256132,PUT,96,4,benchKey_47_15,bytes=30;client_id=47;clients=50
1779646256140,PUT,102,4,benchKey_4_15,bytes=29;client_id=4;clients=50
1779646256141,PUT,100,4,benchKey_41_15,bytes=30;client_id=41;clients=50
1779646256141,PUT,97,4,benchKey_49_15,bytes=30;client_id=49;clients=50
1779646256150,PUT,106,4,benchKey_37_15,bytes=30;client_id=37;clients=50
1779646256157,PUT,111,4,benchKey_33_15,bytes=30;client_id=33;clients=50
1779646256157,PUT,110,4,benchKey_22_15,bytes=30;client_id=22;clients=50
1779646256158,PUT,109,4,benchKey_3_15,bytes=29;client_id=3;clients=50
1779646256158,PUT,111,4,benchKey_10_15,bytes=30;client_id=10;clients=50
1779646256158,PUT,111,4,benchKey_42_15,bytes=30;client_id=42;clients=50
1779646256161,PUT,112,4,benchKey_15_15,bytes=30;client_id=15;clients=50
1779646256162,PUT,105,4,benchKey_24_15,bytes=30;client_id=24;clients=50
1779646256164,PUT,105,4,benchKey_20_15,bytes=30;client_id=20;clients=50
1779646256170,PUT,111,4,benchKey_7_15,bytes=29;client_id=7;clients=50
1779646256171,PUT,97,4,benchKey_29_16,bytes=30;client_id=29;clients=50
1779646256171,PUT,104,4,benchKey_17_15,bytes=30;client_id=17;clients=50
1779646256172,PUT,97,4,benchKey_11_15,bytes=30;client_id=11;clients=50
1779646256172,PUT,98,4,benchKey_25_15,bytes=30;client_id=25;clients=50
1779646256172,PUT,97,4,benchKey_43_15,bytes=30;client_id=43;clients=50
1779646256172,PUT,96,4,benchKey_31_15,bytes=30;client_id=31;clients=50
1779646256173,PUT,94,4,benchKey_36_15,bytes=30;client_id=36;clients=50
1779646256182,PUT,95,4,benchKey_34_15,bytes=30;client_id=34;clients=50
1779646256183,PUT,102,4,benchKey_30_16,bytes=30;client_id=30;clients=50
1779646256183,PUT,103,4,benchKey_44_15,bytes=30;client_id=44;clients=50
1779646256192,PUT,105,4,benchKey_26_15,bytes=30;client_id=26;clients=50
1779646256199,PUT,109,4,benchKey_0_15,bytes=29;client_id=0;clients=50
1779646256199,PUT,109,4,benchKey_5_15,bytes=29;client_id=5;clients=50
1779646256199,PUT,109,4,benchKey_13_15,bytes=30;client_id=13;clients=50
1779646256199,PUT,109,4,benchKey_38_16,bytes=30;client_id=38;clients=50
1779646256200,PUT,110,4,benchKey_32_16,bytes=30;client_id=32;clients=50
1779646256203,PUT,113,4,benchKey_2_16,bytes=29;client_id=2;clients=50
1779646256204,PUT,106,4,benchKey_9_16,bytes=29;client_id=9;clients=50
1779646256207,PUT,106,4,benchKey_12_15,bytes=30;client_id=12;clients=50
1779646256212,PUT,103,4,benchKey_28_16,bytes=30;client_id=28;clients=50
1779646256212,PUT,96,4,benchKey_18_16,bytes=30;client_id=18;clients=50
1779646256212,PUT,111,4,benchKey_48_16,bytes=30;client_id=48;clients=50
1779646256214,PUT,97,4,benchKey_1_16,bytes=29;client_id=1;clients=50
1779646256214,PUT,98,4,benchKey_35_16,bytes=30;client_id=35;clients=50
1779646256214,PUT,94,4,benchKey_40_15,bytes=30;client_id=40;clients=50
1779646256214,PUT,97,4,benchKey_14_15,bytes=30;client_id=14;clients=50
1779646256214,PUT,98,4,benchKey_6_16,bytes=29;client_id=6;clients=50
1779646256225,PUT,103,4,benchKey_21_16,bytes=30;client_id=21;clients=50
1779646256225,PUT,95,4,benchKey_19_16,bytes=30;client_id=19;clients=50
1779646256225,PUT,104,4,benchKey_8_16,bytes=29;client_id=8;clients=50
1779646256234,PUT,105,4,benchKey_39_16,bytes=30;client_id=39;clients=50
1779646256240,PUT,110,4,benchKey_16_16,bytes=30;client_id=16;clients=50
1779646256240,PUT,109,4,benchKey_27_16,bytes=30;client_id=27;clients=50
1779646256242,PUT,111,4,benchKey_45_16,bytes=30;client_id=45;clients=50
1779646256242,PUT,110,4,benchKey_46_16,bytes=30;client_id=46;clients=50
1779646256242,PUT,110,4,benchKey_23_16,bytes=30;client_id=23;clients=50
1779646256246,PUT,105,4,benchKey_4_16,bytes=29;client_id=4;clients=50
1779646256246,PUT,113,4,benchKey_47_16,bytes=30;client_id=47;clients=50
1779646256249,PUT,108,4,benchKey_41_16,bytes=30;client_id=41;clients=50
1779646256255,PUT,97,4,benchKey_22_16,bytes=30;client_id=22;clients=50
1779646256255,PUT,104,4,benchKey_37_16,bytes=30;client_id=37;clients=50
1779646256255,PUT,113,4,benchKey_49_16,bytes=30;client_id=49;clients=50
1779646256257,PUT,98,4,benchKey_42_16,bytes=30;client_id=42;clients=50
1779646256257,PUT,99,4,benchKey_33_16,bytes=30;client_id=33;clients=50
1779646256258,PUT,99,4,benchKey_10_16,bytes=30;client_id=10;clients=50
1779646256258,PUT,96,4,benchKey_15_16,bytes=30;client_id=15;clients=50
1779646256258,PUT,100,4,benchKey_3_16,bytes=29;client_id=3;clients=50
1779646256269,PUT,98,4,benchKey_7_16,bytes=29;client_id=7;clients=50
1779646256269,PUT,104,4,benchKey_20_16,bytes=30;client_id=20;clients=50
1779646256269,PUT,106,4,benchKey_24_16,bytes=30;client_id=24;clients=50
1779646256277,PUT,105,4,benchKey_29_17,bytes=30;client_id=29;clients=50
1779646256284,PUT,112,4,benchKey_17_16,bytes=30;client_id=17;clients=50
1779646256285,PUT,112,4,benchKey_11_16,bytes=30;client_id=11;clients=50
1779646256285,PUT,112,4,benchKey_43_16,bytes=30;client_id=43;clients=50
1779646256286,PUT,114,4,benchKey_25_16,bytes=30;client_id=25;clients=50
1779646256286,PUT,114,4,benchKey_31_16,bytes=30;client_id=31;clients=50
1779646256289,PUT,106,4,benchKey_34_16,bytes=30;client_id=34;clients=50
1779646256289,PUT,116,4,benchKey_36_16,bytes=30;client_id=36;clients=50
1779646256293,PUT,109,4,benchKey_30_17,bytes=30;client_id=30;clients=50
1779646256298,PUT,115,4,benchKey_44_16,bytes=30;client_id=44;clients=50
1779646256300,PUT,100,4,benchKey_0_16,bytes=29;client_id=0;clients=50
1779646256300,PUT,108,4,benchKey_26_16,bytes=30;client_id=26;clients=50
1779646256302,PUT,102,4,benchKey_38_17,bytes=30;client_id=38;clients=50
1779646256303,PUT,100,4,benchKey_2_17,bytes=29;client_id=2;clients=50
1779646256303,PUT,104,4,benchKey_5_16,bytes=29;client_id=5;clients=50
1779646256303,PUT,104,4,benchKey_13_16,bytes=30;client_id=13;clients=50
1779646256304,PUT,103,4,benchKey_32_17,bytes=30;client_id=32;clients=50
1779646256312,PUT,107,4,benchKey_9_17,bytes=29;client_id=9;clients=50
1779646256313,PUT,100,4,benchKey_28_17,bytes=30;client_id=28;clients=50
1779646256313,PUT,106,4,benchKey_12_16,bytes=30;client_id=12;clients=50
1779646256321,PUT,108,4,benchKey_18_17,bytes=30;client_id=18;clients=50
1779646256327,PUT,114,4,benchKey_48_17,bytes=30;client_id=48;clients=50
1779646256328,PUT,113,4,benchKey_1_17,bytes=29;client_id=1;clients=50
1779646256329,PUT,115,4,benchKey_14_16,bytes=30;client_id=14;clients=50
1779646256330,PUT,115,4,benchKey_40_16,bytes=30;client_id=40;clients=50
1779646256330,PUT,115,4,benchKey_35_17,bytes=30;client_id=35;clients=50
1779646256332,PUT,117,4,benchKey_6_17,bytes=29;client_id=6;clients=50
1779646256332,PUT,107,4,benchKey_21_17,bytes=30;client_id=21;clients=50
1779646256337,PUT,111,4,benchKey_19_17,bytes=30;client_id=19;clients=50
1779646256342,PUT,116,4,benchKey_8_17,bytes=29;client_id=8;clients=50
1779646256343,PUT,102,4,benchKey_16_17,bytes=30;client_id=16;clients=50
1779646256343,PUT,108,4,benchKey_39_17,bytes=30;client_id=39;clients=50
1779646256347,PUT,100,4,benchKey_4_17,bytes=29;client_id=4;clients=50
1779646256347,PUT,104,4,benchKey_23_17,bytes=30;client_id=23;clients=50
1779646256347,PUT,106,4,benchKey_27_17,bytes=30;client_id=27;clients=50
1779646256348,PUT,106,4,benchKey_46_17,bytes=30;client_id=46;clients=50
1779646256348,PUT,106,4,benchKey_45_17,bytes=30;client_id=45;clients=50
1779646256356,PUT,106,4,benchKey_41_17,bytes=30;client_id=41;clients=50
1779646256356,PUT,110,4,benchKey_47_17,bytes=30;client_id=47;clients=50
1779646256356,PUT,101,4,benchKey_22_17,bytes=30;client_id=22;clients=50
1779646256365,PUT,110,4,benchKey_37_17,bytes=30;client_id=37;clients=50
1779646256370,PUT,115,4,benchKey_49_17,bytes=30;client_id=49;clients=50
1779646256371,PUT,114,4,benchKey_42_17,bytes=30;client_id=42;clients=50
1779646256373,PUT,115,4,benchKey_33_17,bytes=30;client_id=33;clients=50
1779646256373,PUT,114,4,benchKey_15_17,bytes=30;client_id=15;clients=50
1779646256373,PUT,114,4,benchKey_10_17,bytes=30;client_id=10;clients=50
1779646256375,PUT,106,4,benchKey_7_17,bytes=29;client_id=7;clients=50
1779646256375,PUT,116,4,benchKey_3_17,bytes=29;client_id=3;clients=50
1779646256380,PUT,111,4,benchKey_20_17,bytes=30;client_id=20;clients=50
1779646256386,PUT,116,4,benchKey_24_17,bytes=30;client_id=24;clients=50
1779646256386,PUT,108,4,benchKey_29_18,bytes=30;client_id=29;clients=50
1779646256387,PUT,103,4,benchKey_17_17,bytes=30;client_id=17;clients=50
1779646256391,PUT,104,4,benchKey_25_17,bytes=30;client_id=25;clients=50
1779646256392,PUT,107,4,benchKey_11_17,bytes=30;client_id=11;clients=50
1779646256393,PUT,107,4,benchKey_43_17,bytes=30;client_id=43;clients=50
1779646256394,PUT,107,4,benchKey_31_17,bytes=30;client_id=31;clients=50
1779646256394,PUT,105,4,benchKey_34_17,bytes=30;client_id=34;clients=50
1779646256399,PUT,100,4,benchKey_44_17,bytes=30;client_id=44;clients=50
1779646256399,PUT,109,4,benchKey_36_17,bytes=30;client_id=36;clients=50
1779646256399,PUT,106,4,benchKey_30_18,bytes=30;client_id=30;clients=50
1779646256408,PUT,107,4,benchKey_0_17,bytes=29;client_id=0;clients=50
1779646256413,PUT,112,4,benchKey_26_17,bytes=30;client_id=26;clients=50
1779646256414,PUT,112,4,benchKey_38_18,bytes=30;client_id=38;clients=50
1779646256415,PUT,111,4,benchKey_2_18,bytes=29;client_id=2;clients=50
1779646256416,PUT,112,4,benchKey_13_17,bytes=30;client_id=13;clients=50
1779646256417,PUT,104,4,benchKey_9_18,bytes=29;client_id=9;clients=50
1779646256417,PUT,113,4,benchKey_32_18,bytes=30;client_id=32;clients=50
1779646256417,PUT,113,4,benchKey_5_17,bytes=29;client_id=5;clients=50
1779646256423,PUT,110,4,benchKey_28_18,bytes=30;client_id=28;clients=50
1779646256428,PUT,107,4,benchKey_18_18,bytes=30;client_id=18;clients=50
1779646256429,PUT,101,4,benchKey_48_18,bytes=30;client_id=48;clients=50
1779646256429,PUT,115,4,benchKey_12_17,bytes=30;client_id=12;clients=50
1779646256433,PUT,105,4,benchKey_1_18,bytes=29;client_id=1;clients=50
1779646256436,PUT,106,4,benchKey_14_17,bytes=30;client_id=14;clients=50
1779646256436,PUT,106,4,benchKey_40_17,bytes=30;client_id=40;clients=50
1779646256436,PUT,105,4,benchKey_35_18,bytes=30;client_id=35;clients=50
1779646256437,PUT,104,4,benchKey_6_18,bytes=29;client_id=6;clients=50
1779646256441,PUT,98,4,benchKey_8_18,bytes=29;client_id=8;clients=50
1779646256441,PUT,108,4,benchKey_21_18,bytes=30;client_id=21;clients=50
1779646256441,PUT,104,4,benchKey_19_18,bytes=30;client_id=19;clients=50
1779646256449,PUT,106,4,benchKey_16_18,bytes=30;client_id=16;clients=50
1779646256455,PUT,111,4,benchKey_39_18,bytes=30;client_id=39;clients=50
1779646256457,PUT,110,4,benchKey_4_18,bytes=29;client_id=4;clients=50
1779646256458,PUT,110,4,benchKey_27_18,bytes=30;client_id=27;clients=50
1779646256458,PUT,110,4,benchKey_23_18,bytes=30;client_id=23;clients=50
1779646256459,PUT,110,4,benchKey_45_18,bytes=30;client_id=45;clients=50
1779646256459,PUT,111,4,benchKey_46_18,bytes=30;client_id=46;clients=50
1779646256459,PUT,102,4,benchKey_41_18,bytes=30;client_id=41;clients=50
1779646256466,PUT,109,4,benchKey_47_18,bytes=30;client_id=47;clients=50
1779646256470,PUT,113,4,benchKey_22_18,bytes=30;client_id=22;clients=50
1779646256471,PUT,106,4,benchKey_37_18,bytes=30;client_id=37;clients=50
1779646256471,PUT,101,4,benchKey_49_18,bytes=30;client_id=49;clients=50
1779646256475,PUT,104,4,benchKey_42_18,bytes=30;client_id=42;clients=50
1779646256479,PUT,106,4,benchKey_15_18,bytes=30;client_id=15;clients=50
1779646256479,PUT,103,4,benchKey_7_18,bytes=29;client_id=7;clients=50
1779646256479,PUT,106,4,benchKey_33_18,bytes=30;client_id=33;clients=50
1779646256479,PUT,105,4,benchKey_10_18,bytes=30;client_id=10;clients=50
1779646256483,PUT,107,4,benchKey_3_18,bytes=29;client_id=3;clients=50
1779646256483,PUT,97,4,benchKey_24_18,bytes=30;client_id=24;clients=50
1779646256484,PUT,104,4,benchKey_20_18,bytes=30;client_id=20;clients=50
1779646256491,PUT,105,4,benchKey_29_19,bytes=30;client_id=29;clients=50
1779646256498,PUT,110,4,benchKey_17_18,bytes=30;client_id=17;clients=50
1779646256499,PUT,108,4,benchKey_25_18,bytes=30;client_id=25;clients=50
1779646256501,PUT,108,4,benchKey_43_18,bytes=30;client_id=43;clients=50
1779646256501,PUT,102,4,benchKey_36_18,bytes=30;client_id=36;clients=50
1779646256501,PUT,108,4,benchKey_11_18,bytes=30;client_id=11;clients=50
1779646256502,PUT,108,4,benchKey_31_18,bytes=30;client_id=31;clients=50
1779646256502,PUT,107,4,benchKey_34_18,bytes=30;client_id=34;clients=50
1779646256507,PUT,108,4,benchKey_44_18,bytes=30;client_id=44;clients=50
1779646256513,PUT,113,4,benchKey_30_19,bytes=30;client_id=30;clients=50
1779646256513,PUT,105,4,benchKey_0_18,bytes=29;client_id=0;clients=50
1779646256513,PUT,99,4,benchKey_26_18,bytes=30;client_id=26;clients=50
1779646256517,PUT,102,4,benchKey_38_19,bytes=30;client_id=38;clients=50
1779646256521,PUT,103,4,benchKey_32_19,bytes=30;client_id=32;clients=50
1779646256521,PUT,106,4,benchKey_2_19,bytes=29;client_id=2;clients=50
1779646256521,PUT,104,4,benchKey_13_18,bytes=30;client_id=13;clients=50
1779646256522,PUT,104,4,benchKey_5_18,bytes=29;client_id=5;clients=50
1779646256525,PUT,101,4,benchKey_28_19,bytes=30;client_id=28;clients=50
1779646256525,PUT,107,4,benchKey_9_19,bytes=29;client_id=9;clients=50
1779646256527,PUT,98,4,benchKey_18_19,bytes=30;client_id=18;clients=50
1779646256533,PUT,103,4,benchKey_48_19,bytes=30;client_id=48;clients=50
1779646256540,PUT,106,4,benchKey_1_19,bytes=29;client_id=1;clients=50
1779646256540,PUT,111,4,benchKey_12_18,bytes=30;client_id=12;clients=50
1779646256544,PUT,107,4,benchKey_35_19,bytes=30;client_id=35;clients=50
1779646256544,PUT,108,4,benchKey_40_18,bytes=30;client_id=40;clients=50
1779646256544,PUT,103,4,benchKey_8_19,bytes=29;client_id=8;clients=50
1779646256544,PUT,107,4,benchKey_6_19,bytes=29;client_id=6;clients=50
1779646256544,PUT,108,4,benchKey_14_18,bytes=30;client_id=14;clients=50
1779646256548,PUT,106,4,benchKey_19_19,bytes=30;client_id=19;clients=50
1779646256555,PUT,113,4,benchKey_21_19,bytes=30;client_id=21;clients=50
1779646256555,PUT,105,4,benchKey_16_19,bytes=30;client_id=16;clients=50
1779646256555,PUT,99,4,benchKey_39_19,bytes=30;client_id=39;clients=50
1779646256558,PUT,100,4,benchKey_4_19,bytes=29;client_id=4;clients=50
1779646256563,PUT,104,4,benchKey_23_19,bytes=30;client_id=23;clients=50
1779646256563,PUT,104,4,benchKey_46_19,bytes=30;client_id=46;clients=50
1779646256564,PUT,104,4,benchKey_45_19,bytes=30;client_id=45;clients=50
1779646256564,PUT,105,4,benchKey_27_19,bytes=30;client_id=27;clients=50
1779646256567,PUT,107,4,benchKey_41_19,bytes=30;client_id=41;clients=50
1779646256568,PUT,101,4,benchKey_47_19,bytes=30;client_id=47;clients=50
1779646256570,PUT,99,4,benchKey_22_19,bytes=30;client_id=22;clients=50
1779646256575,PUT,103,4,benchKey_37_19,bytes=30;client_id=37;clients=50
1779646256582,PUT,106,4,benchKey_42_19,bytes=30;client_id=42;clients=50
1779646256582,PUT,110,4,benchKey_49_19,bytes=30;client_id=49;clients=50
1779646256586,PUT,107,4,benchKey_7_19,bytes=29;client_id=7;clients=50
1779646256586,PUT,107,4,benchKey_33_19,bytes=30;client_id=33;clients=50
1779646256586,PUT,106,4,benchKey_10_19,bytes=30;client_id=10;clients=50
1779646256586,PUT,107,4,benchKey_15_19,bytes=30;client_id=15;clients=50
1779646256587,PUT,103,4,benchKey_3_19,bytes=29;client_id=3;clients=50
1779646256589,PUT,105,4,benchKey_24_19,bytes=30;client_id=24;clients=50
1779646256597,PUT,112,4,benchKey_20_19,bytes=30;client_id=20;clients=50
1779646256597,PUT,105,4,benchKey_29_20,bytes=30;client_id=29;clients=50
1779646256598,PUT,99,4,benchKey_17_19,bytes=30;client_id=17;clients=50
1779646256599,PUT,99,4,benchKey_25_19,bytes=30;client_id=25;clients=50
1779646256605,PUT,103,4,benchKey_36_19,bytes=30;client_id=36;clients=50
1779646256605,PUT,104,4,benchKey_43_19,bytes=30;client_id=43;clients=50
1779646256607,PUT,105,4,benchKey_11_19,bytes=30;client_id=11;clients=50
1779646256607,PUT,105,4,benchKey_31_19,bytes=30;client_id=31;clients=50
1779646256609,PUT,106,4,benchKey_34_19,bytes=30;client_id=34;clients=50
1779646256609,PUT,101,4,benchKey_44_19,bytes=30;client_id=44;clients=50
1779646256612,PUT,98,4,benchKey_0_19,bytes=29;client_id=0;clients=50
1779646256617,PUT,103,4,benchKey_30_20,bytes=30;client_id=30;clients=50
1779646256624,PUT,110,4,benchKey_26_19,bytes=30;client_id=26;clients=50
1779646256624,PUT,107,4,benchKey_38_20,bytes=30;client_id=38;clients=50
1779646256628,PUT,102,4,benchKey_28_20,bytes=30;client_id=28;clients=50
1779646256628,PUT,106,4,benchKey_13_19,bytes=30;client_id=13;clients=50
1779646256629,PUT,107,4,benchKey_2_20,bytes=29;client_id=2;clients=50
1779646256629,PUT,107,4,benchKey_32_20,bytes=30;client_id=32;clients=50
1779646256629,PUT,106,4,benchKey_5_19,bytes=29;client_id=5;clients=50
1779646256632,PUT,106,4,benchKey_9_20,bytes=29;client_id=9;clients=50
1779646256639,PUT,98,4,benchKey_1_20,bytes=29;client_id=1;clients=50
1779646256639,PUT,112,4,benchKey_18_20,bytes=30;client_id=18;clients=50
1779646256639,PUT,106,4,benchKey_48_20,bytes=30;client_id=48;clients=50
1779646256640,PUT,99,4,benchKey_12_19,bytes=30;client_id=12;clients=50
1779646256647,PUT,102,4,benchKey_40_19,bytes=30;client_id=40;clients=50
1779646256647,PUT,102,4,benchKey_35_20,bytes=30;client_id=35;clients=50
1779646256649,PUT,104,4,benchKey_14_19,bytes=30;client_id=14;clients=50
1779646256649,PUT,104,4,benchKey_6_20,bytes=29;client_id=6;clients=50
1779646256650,PUT,101,4,benchKey_19_20,bytes=30;client_id=19;clients=50
1779646256650,PUT,105,4,benchKey_8_20,bytes=29;client_id=8;clients=50
1779646256654,PUT,98,4,benchKey_39_20,bytes=30;client_id=39;clients=50
1779646256658,PUT,102,4,benchKey_16_20,bytes=30;client_id=16;clients=50
1779646256666,PUT,110,4,benchKey_21_20,bytes=30;client_id=21;clients=50
1779646256666,PUT,108,4,benchKey_4_20,bytes=29;client_id=4;clients=50
1779646256669,PUT,105,4,benchKey_23_20,bytes=30;client_id=23;clients=50
1779646256670,PUT,105,4,benchKey_27_20,bytes=30;client_id=27;clients=50
1779646256670,PUT,102,4,benchKey_41_20,bytes=30;client_id=41;clients=50
1779646256670,PUT,106,4,benchKey_46_20,bytes=30;client_id=46;clients=50
1779646256670,PUT,105,4,benchKey_45_20,bytes=30;client_id=45;clients=50
1779646256675,PUT,107,4,benchKey_47_20,bytes=30;client_id=47;clients=50
1779646256680,PUT,109,4,benchKey_22_20,bytes=30;client_id=22;clients=50
1779646256681,PUT,105,4,benchKey_37_20,bytes=30;client_id=37;clients=50
1779646256681,PUT,98,4,benchKey_42_20,bytes=30;client_id=42;clients=50
1779646256682,PUT,99,4,benchKey_49_20,bytes=30;client_id=49;clients=50
1779646256689,PUT,102,4,benchKey_33_20,bytes=30;client_id=33;clients=50
1779646256689,PUT,102,4,benchKey_7_20,bytes=29;client_id=7;clients=50
1779646256690,PUT,103,4,benchKey_10_20,bytes=30;client_id=10;clients=50
1779646256690,PUT,103,4,benchKey_15_20,bytes=30;client_id=15;clients=50
1779646256691,PUT,101,4,benchKey_24_20,bytes=30;client_id=24;clients=50
1779646256692,PUT,104,4,benchKey_3_20,bytes=29;client_id=3;clients=50
1779646256695,PUT,97,4,benchKey_20_20,bytes=30;client_id=20;clients=50
1779646256700,PUT,102,4,benchKey_29_21,bytes=30;client_id=29;clients=50
1779646256709,PUT,111,4,benchKey_17_20,bytes=30;client_id=17;clients=50
1779646256709,PUT,110,4,benchKey_25_20,bytes=30;client_id=25;clients=50
1779646256710,PUT,104,4,benchKey_36_20,bytes=30;client_id=36;clients=50
1779646256711,PUT,103,4,benchKey_31_20,bytes=30;client_id=31;clients=50
1779646256712,PUT,107,4,benchKey_43_20,bytes=30;client_id=43;clients=50
1779646256712,PUT,103,4,benchKey_34_20,bytes=30;client_id=34;clients=50
1779646256712,PUT,105,4,benchKey_11_20,bytes=30;client_id=11;clients=50
1779646256717,PUT,108,4,benchKey_44_20,bytes=30;client_id=44;clients=50
1779646256722,PUT,97,4,benchKey_26_20,bytes=30;client_id=26;clients=50
1779646256722,PUT,110,4,benchKey_0_20,bytes=29;client_id=0;clients=50
1779646256723,PUT,98,4,benchKey_38_21,bytes=30;client_id=38;clients=50
1779646256723,PUT,105,4,benchKey_30_21,bytes=30;client_id=30;clients=50
1779646256732,PUT,103,4,benchKey_2_21,bytes=29;client_id=2;clients=50
1779646256732,PUT,103,4,benchKey_5_20,bytes=29;client_id=5;clients=50
1779646256732,PUT,104,4,benchKey_13_20,bytes=30;client_id=13;clients=50
1779646256732,PUT,103,4,benchKey_32_21,bytes=30;client_id=32;clients=50
1779646256733,PUT,104,4,benchKey_28_21,bytes=30;client_id=28;clients=50
1779646256733,PUT,100,4,benchKey_9_21,bytes=29;client_id=9;clients=50
1779646256734,PUT,63,4,benchKey_45_21,bytes=30;client_id=45;clients=50
1779646256738,PUT,99,4,benchKey_1_21,bytes=29;client_id=1;clients=50
1779646256742,PUT,102,4,benchKey_18_21,bytes=30;client_id=18;clients=50
1779646256750,PUT,110,4,benchKey_12_20,bytes=30;client_id=12;clients=50
1779646256751,PUT,111,4,benchKey_48_21,bytes=30;client_id=48;clients=50
1779646256751,PUT,104,4,benchKey_40_20,bytes=30;client_id=40;clients=50
1779646256752,PUT,104,4,benchKey_35_21,bytes=30;client_id=35;clients=50
1779646256754,PUT,105,4,benchKey_6_21,bytes=29;client_id=6;clients=50
1779646256754,PUT,105,4,benchKey_14_20,bytes=30;client_id=14;clients=50
1779646256754,PUT,104,4,benchKey_19_21,bytes=30;client_id=19;clients=50
1779646256758,PUT,107,4,benchKey_8_21,bytes=29;client_id=8;clients=50
1779646256763,PUT,108,4,benchKey_39_21,bytes=30;client_id=39;clients=50
1779646256764,PUT,106,4,benchKey_16_21,bytes=30;client_id=16;clients=50
1779646256764,PUT,98,4,benchKey_4_21,bytes=29;client_id=4;clients=50
1779646256765,PUT,98,4,benchKey_21_21,bytes=30;client_id=21;clients=50
1779646256775,PUT,95,4,benchKey_22_21,bytes=30;client_id=22;clients=50
1779646256775,PUT,105,4,benchKey_41_21,bytes=30;client_id=41;clients=50
1779646256775,PUT,100,4,benchKey_47_21,bytes=30;client_id=47;clients=50
1779646256775,PUT,106,4,benchKey_23_21,bytes=30;client_id=23;clients=50
1779646256776,PUT,105,4,benchKey_46_21,bytes=30;client_id=46;clients=50
1779646256776,PUT,105,4,benchKey_27_21,bytes=30;client_id=27;clients=50
1779646256777,PUT,64,4,benchKey_43_21,bytes=30;client_id=43;clients=50
1779646256780,PUT,99,4,benchKey_37_21,bytes=30;client_id=37;clients=50
1779646256784,PUT,102,4,benchKey_42_21,bytes=30;client_id=42;clients=50
1779646256792,PUT,110,4,benchKey_49_21,bytes=30;client_id=49;clients=50
1779646256793,PUT,103,4,benchKey_10_21,bytes=30;client_id=10;clients=50
1779646256794,PUT,104,4,benchKey_33_21,bytes=30;client_id=33;clients=50
1779646256794,PUT,104,4,benchKey_7_21,bytes=29;client_id=7;clients=50
1779646256796,PUT,104,4,benchKey_3_21,bytes=29;client_id=3;clients=50
1779646256796,PUT,105,4,benchKey_24_21,bytes=30;client_id=24;clients=50
1779646256797,PUT,106,4,benchKey_15_21,bytes=30;client_id=15;clients=50
1779646256799,PUT,103,4,benchKey_20_21,bytes=30;client_id=20;clients=50
1779646256804,PUT,103,4,benchKey_29_22,bytes=30;client_id=29;clients=50
1779646256807,PUT,97,4,benchKey_36_21,bytes=30;client_id=36;clients=50
1779646256807,PUT,98,4,benchKey_17_21,bytes=30;client_id=17;clients=50
1779646256807,PUT,98,4,benchKey_25_21,bytes=30;client_id=25;clients=50
1779646256817,PUT,106,4,benchKey_31_21,bytes=30;client_id=31;clients=50
1779646256818,PUT,105,4,benchKey_11_21,bytes=30;client_id=11;clients=50
1779646256817,PUT,104,4,benchKey_34_21,bytes=30;client_id=34;clients=50
1779646256818,PUT,100,4,benchKey_44_21,bytes=30;client_id=44;clients=50
1779646256818,PUT,96,4,benchKey_26_21,bytes=30;client_id=26;clients=50
1779646256819,PUT,96,4,benchKey_0_21,bytes=29;client_id=0;clients=50
1779646256823,PUT,100,4,benchKey_38_22,bytes=30;client_id=38;clients=50
1779646256825,PUT,102,4,benchKey_30_22,bytes=30;client_id=30;clients=50
1779646256834,PUT,101,4,benchKey_5_21,bytes=29;client_id=5;clients=50
1779646256834,PUT,101,4,benchKey_2_22,bytes=29;client_id=2;clients=50
1779646256835,PUT,102,4,benchKey_32_22,bytes=30;client_id=32;clients=50
1779646256837,PUT,104,4,benchKey_13_21,bytes=30;client_id=13;clients=50
1779646256837,PUT,104,4,benchKey_9_22,bytes=29;client_id=9;clients=50
1779646256837,PUT,104,4,benchKey_28_22,bytes=30;client_id=28;clients=50
1779646256838,PUT,103,4,benchKey_45_22,bytes=30;client_id=45;clients=50
1779646256840,PUT,101,4,benchKey_1_22,bytes=29;client_id=1;clients=50
1779646256846,PUT,103,4,benchKey_18_22,bytes=30;client_id=18;clients=50
1779646256849,PUT,98,4,benchKey_12_21,bytes=30;client_id=12;clients=50
1779646256849,PUT,97,4,benchKey_40_21,bytes=30;client_id=40;clients=50
1779646256849,PUT,97,4,benchKey_48_22,bytes=30;client_id=48;clients=50
1779646256859,PUT,105,4,benchKey_14_21,bytes=30;client_id=14;clients=50
1779646256859,PUT,107,4,benchKey_35_22,bytes=30;client_id=35;clients=50
1779646256860,PUT,105,4,benchKey_6_22,bytes=29;client_id=6;clients=50
1779646256860,PUT,105,4,benchKey_19_22,bytes=30;client_id=19;clients=50
1779646256860,PUT,102,4,benchKey_8_22,bytes=29;client_id=8;clients=50
1779646256861,PUT,97,4,benchKey_39_22,bytes=30;client_id=39;clients=50
1779646256865,PUT,100,4,benchKey_16_22,bytes=30;client_id=16;clients=50
1779646256866,PUT,101,4,benchKey_4_22,bytes=29;client_id=4;clients=50
1779646256876,PUT,100,4,benchKey_41_22,bytes=30;client_id=41;clients=50
1779646256876,PUT,100,4,benchKey_22_22,bytes=30;client_id=22;clients=50
1779646256876,PUT,111,4,benchKey_21_22,bytes=30;client_id=21;clients=50
1779646256879,PUT,103,4,benchKey_23_22,bytes=30;client_id=23;clients=50
1779646256879,PUT,103,4,benchKey_46_22,bytes=30;client_id=46;clients=50
1779646256880,PUT,104,4,benchKey_47_22,bytes=30;client_id=47;clients=50
1779646256880,PUT,103,4,benchKey_27_22,bytes=30;client_id=27;clients=50
1779646256882,PUT,104,4,benchKey_43_22,bytes=30;client_id=43;clients=50
1779646256889,PUT,109,4,benchKey_37_22,bytes=30;client_id=37;clients=50
1779646256891,PUT,97,4,benchKey_10_22,bytes=30;client_id=10;clients=50
1779646256891,PUT,98,4,benchKey_49_22,bytes=30;client_id=49;clients=50
1779646256892,PUT,107,4,benchKey_42_22,bytes=30;client_id=42;clients=50
1779646256901,PUT,107,4,benchKey_33_22,bytes=30;client_id=33;clients=50
1779646256901,PUT,106,4,benchKey_7_22,bytes=29;client_id=7;clients=50
1779646256902,PUT,105,4,benchKey_15_22,bytes=30;client_id=15;clients=50
1779646256902,PUT,106,4,benchKey_3_22,bytes=29;client_id=3;clients=50
1779646256902,PUT,103,4,benchKey_20_22,bytes=30;client_id=20;clients=50
1779646256902,PUT,106,4,benchKey_24_22,bytes=30;client_id=24;clients=50
1779646256907,PUT,102,4,benchKey_29_23,bytes=30;client_id=29;clients=50
1779646256907,PUT,100,4,benchKey_36_22,bytes=30;client_id=36;clients=50
1779646256918,PUT,110,4,benchKey_25_22,bytes=30;client_id=25;clients=50
1779646256918,PUT,100,4,benchKey_31_22,bytes=30;client_id=31;clients=50
1779646256919,PUT,111,4,benchKey_17_22,bytes=30;client_id=17;clients=50
1779646256920,PUT,102,4,benchKey_34_22,bytes=30;client_id=34;clients=50
1779646256921,PUT,102,4,benchKey_26_22,bytes=30;client_id=26;clients=50
1779646256921,PUT,103,4,benchKey_11_22,bytes=30;client_id=11;clients=50
1779646256922,PUT,103,4,benchKey_44_22,bytes=30;client_id=44;clients=50
1779646256924,PUT,104,4,benchKey_0_22,bytes=29;client_id=0;clients=50
1779646256931,PUT,107,4,benchKey_38_23,bytes=30;client_id=38;clients=50
1779646256932,PUT,97,4,benchKey_2_23,bytes=29;client_id=2;clients=50
1779646256932,PUT,107,4,benchKey_30_23,bytes=30;client_id=30;clients=50
1779646256934,PUT,99,4,benchKey_5_22,bytes=29;client_id=5;clients=50
1779646256944,PUT,104,4,benchKey_1_23,bytes=29;client_id=1;clients=50
1779646256944,PUT,107,4,benchKey_9_23,bytes=29;client_id=9;clients=50
1779646256944,PUT,109,4,benchKey_32_23,bytes=30;client_id=32;clients=50
1779646256944,PUT,106,4,benchKey_45_23,bytes=30;client_id=45;clients=50
1779646256945,PUT,108,4,benchKey_13_22,bytes=30;client_id=13;clients=50
1779646256945,PUT,107,4,benchKey_28_23,bytes=30;client_id=28;clients=50
1779646256948,PUT,101,4,benchKey_18_23,bytes=30;client_id=18;clients=50
1779646256949,PUT,99,4,benchKey_40_22,bytes=30;client_id=40;clients=50
1779646256960,PUT,110,4,benchKey_48_23,bytes=30;client_id=48;clients=50
1779646256960,PUT,100,4,benchKey_14_22,bytes=30;client_id=14;clients=50
1779646256960,PUT,110,4,benchKey_12_22,bytes=30;client_id=12;clients=50
1779646256961,PUT,101,4,benchKey_35_23,bytes=30;client_id=35;clients=50
1779646256963,PUT,102,4,benchKey_6_23,bytes=29;client_id=6;clients=50
1779646256963,PUT,102,4,benchKey_19_23,bytes=30;client_id=19;clients=50
1779646256964,PUT,103,4,benchKey_8_23,bytes=29;client_id=8;clients=50
1779646256965,PUT,104,4,benchKey_39_23,bytes=30;client_id=39;clients=50
1779646256972,PUT,107,4,benchKey_16_23,bytes=30;client_id=16;clients=50
1779646256973,PUT,106,4,benchKey_4_23,bytes=29;client_id=4;clients=50
1779646256974,PUT,97,4,benchKey_41_23,bytes=30;client_id=41;clients=50
1779646256976,PUT,99,4,benchKey_22_23,bytes=30;client_id=22;clients=50
1779646256987,PUT,107,4,benchKey_27_23,bytes=30;client_id=27;clients=50
1779646256987,PUT,110,4,benchKey_21_23,bytes=30;client_id=21;clients=50
1779646256987,PUT,107,4,benchKey_47_23,bytes=30;client_id=47;clients=50
1779646256988,PUT,109,4,benchKey_46_23,bytes=30;client_id=46;clients=50
1779646256988,PUT,106,4,benchKey_43_23,bytes=30;client_id=43;clients=50
1779646256988,PUT,109,4,benchKey_23_23,bytes=30;client_id=23;clients=50
1779646256990,PUT,98,4,benchKey_49_23,bytes=30;client_id=49;clients=50
1779646256990,PUT,100,4,benchKey_37_23,bytes=30;client_id=37;clients=50
1779646257002,PUT,111,4,benchKey_10_23,bytes=30;client_id=10;clients=50
1779646257002,PUT,100,4,benchKey_33_23,bytes=30;client_id=33;clients=50
1779646257002,PUT,110,4,benchKey_42_23,bytes=30;client_id=42;clients=50
1779646257002,PUT,100,4,benchKey_7_23,bytes=29;client_id=7;clients=50
1779646257004,PUT,102,4,benchKey_15_23,bytes=30;client_id=15;clients=50
1779646257004,PUT,101,4,benchKey_3_23,bytes=29;client_id=3;clients=50
1779646257006,PUT,103,4,benchKey_20_23,bytes=30;client_id=20;clients=50
1779646257007,PUT,104,4,benchKey_24_23,bytes=30;client_id=24;clients=50
1779646257014,PUT,106,4,benchKey_36_23,bytes=30;client_id=36;clients=50
1779646257014,PUT,107,4,benchKey_29_24,bytes=30;client_id=29;clients=50
1779646257016,PUT,97,4,benchKey_25_23,bytes=30;client_id=25;clients=50
1779646257018,PUT,99,4,benchKey_31_23,bytes=30;client_id=31;clients=50
1779646257029,PUT,110,4,benchKey_17_23,bytes=30;client_id=17;clients=50
1779646257030,PUT,108,4,benchKey_44_23,bytes=30;client_id=44;clients=50
1779646257030,PUT,109,4,benchKey_11_23,bytes=30;client_id=11;clients=50
1779646257030,PUT,110,4,benchKey_34_23,bytes=30;client_id=34;clients=50
1779646257030,PUT,106,4,benchKey_0_23,bytes=29;client_id=0;clients=50
1779646257030,PUT,109,4,benchKey_26_23,bytes=30;client_id=26;clients=50
1779646257032,PUT,100,4,benchKey_38_24,bytes=30;client_id=38;clients=50
1779646257032,PUT,100,4,benchKey_2_24,bytes=29;client_id=2;clients=50
1779646257044,PUT,99,4,benchKey_32_24,bytes=30;client_id=32;clients=50
1779646257044,PUT,112,4,benchKey_30_24,bytes=30;client_id=30;clients=50
1779646257044,PUT,110,4,benchKey_5_23,bytes=29;client_id=5;clients=50
1779646257044,PUT,100,4,benchKey_1_24,bytes=29;client_id=1;clients=50
1779646257046,PUT,101,4,benchKey_45_24,bytes=30;client_id=45;clients=50
1779646257046,PUT,101,4,benchKey_9_24,bytes=29;client_id=9;clients=50
1779646257048,PUT,102,4,benchKey_28_24,bytes=30;client_id=28;clients=50
1779646257048,PUT,102,4,benchKey_13_23,bytes=30;client_id=13;clients=50
1779646257055,PUT,106,4,benchKey_40_23,bytes=30;client_id=40;clients=50
1779646257055,PUT,107,4,benchKey_18_24,bytes=30;client_id=18;clients=50
1779646257058,PUT,98,4,benchKey_48_24,bytes=30;client_id=48;clients=50
1779646257061,PUT,100,4,benchKey_14_23,bytes=30;client_id=14;clients=50
1779646257072,PUT,111,4,benchKey_12_23,bytes=30;client_id=12;clients=50
1779646257074,PUT,112,4,benchKey_35_24,bytes=30;client_id=35;clients=50
1779646257074,PUT,109,4,benchKey_39_24,bytes=30;client_id=39;clients=50
1779646257074,PUT,110,4,benchKey_8_24,bytes=29;client_id=8;clients=50
1779646257074,PUT,111,4,benchKey_19_24,bytes=30;client_id=19;clients=50
1779646257075,PUT,101,4,benchKey_4_24,bytes=29;client_id=4;clients=50
1779646257075,PUT,102,4,benchKey_16_24,bytes=30;client_id=16;clients=50
1779646257075,PUT,112,4,benchKey_6_24,bytes=29;client_id=6;clients=50
1779646257088,PUT,113,4,benchKey_41_24,bytes=30;client_id=41;clients=50
1779646257088,PUT,101,4,benchKey_21_24,bytes=30;client_id=21;clients=50
1779646257088,PUT,112,4,benchKey_22_24,bytes=30;client_id=22;clients=50
1779646257089,PUT,101,4,benchKey_47_24,bytes=30;client_id=47;clients=50
1779646257089,PUT,101,4,benchKey_27_24,bytes=30;client_id=27;clients=50
1779646257089,PUT,101,4,benchKey_46_24,bytes=30;client_id=46;clients=50
1779646257091,PUT,102,4,benchKey_43_24,bytes=30;client_id=43;clients=50
1779646257091,PUT,103,4,benchKey_23_24,bytes=30;client_id=23;clients=50
1779646257098,PUT,107,4,benchKey_49_24,bytes=30;client_id=49;clients=50
1779646257098,PUT,107,4,benchKey_37_24,bytes=30;client_id=37;clients=50
1779646257102,PUT,99,4,benchKey_33_24,bytes=30;client_id=33;clients=50
1779646257103,PUT,101,4,benchKey_42_24,bytes=30;client_id=42;clients=50
1779646257116,PUT,113,4,benchKey_10_24,bytes=30;client_id=10;clients=50
1779646257117,PUT,110,4,benchKey_20_24,bytes=30;client_id=20;clients=50
1779646257117,PUT,103,4,benchKey_36_24,bytes=30;client_id=36;clients=50
1779646257117,PUT,113,4,benchKey_3_24,bytes=29;client_id=3;clients=50
1779646257118,PUT,115,4,benchKey_7_24,bytes=29;client_id=7;clients=50
1779646257118,PUT,103,4,benchKey_29_25,bytes=30;client_id=29;clients=50
1779646257118,PUT,113,4,benchKey_15_24,bytes=30;client_id=15;clients=50
1779646257118,PUT,110,4,benchKey_24_24,bytes=30;client_id=24;clients=50
1779646257131,PUT,102,4,benchKey_17_24,bytes=30;client_id=17;clients=50
1779646257132,PUT,102,4,benchKey_11_24,bytes=30;client_id=11;clients=50
1779646257133,PUT,114,4,benchKey_31_24,bytes=30;client_id=31;clients=50
1779646257134,PUT,103,4,benchKey_0_24,bytes=29;client_id=0;clients=50
1779646257134,PUT,103,4,benchKey_34_24,bytes=30;client_id=34;clients=50
1779646257135,PUT,104,4,benchKey_44_24,bytes=30;client_id=44;clients=50
1779646257135,PUT,119,4,benchKey_25_24,bytes=30;client_id=25;clients=50
1779646257136,PUT,105,4,benchKey_26_24,bytes=30;client_id=26;clients=50
1779646257140,PUT,108,4,benchKey_2_25,bytes=29;client_id=2;clients=50
1779646257140,PUT,108,4,benchKey_38_25,bytes=30;client_id=38;clients=50
1779646257144,PUT,99,4,benchKey_30_25,bytes=30;client_id=30;clients=50
1779646257146,PUT,101,4,benchKey_32_25,bytes=30;client_id=32;clients=50
1779646257159,PUT,114,4,benchKey_5_24,bytes=29;client_id=5;clients=50
1779646257160,PUT,111,4,benchKey_28_25,bytes=30;client_id=28;clients=50
1779646257160,PUT,115,4,benchKey_1_25,bytes=29;client_id=1;clients=50
1779646257162,PUT,113,4,benchKey_13_24,bytes=30;client_id=13;clients=50
1779646257162,PUT,116,4,benchKey_45_25,bytes=30;client_id=45;clients=50
1779646257162,PUT,115,4,benchKey_9_25,bytes=29;client_id=9;clients=50
1779646257162,PUT,107,4,benchKey_18_25,bytes=30;client_id=18;clients=50
1779646257163,PUT,107,4,benchKey_40_24,bytes=30;client_id=40;clients=50
1779646257174,PUT,115,4,benchKey_48_25,bytes=30;client_id=48;clients=50
1779646257175,PUT,100,4,benchKey_39_25,bytes=30;client_id=39;clients=50
1779646257175,PUT,103,4,benchKey_12_24,bytes=30;client_id=12;clients=50
1779646257177,PUT,102,4,benchKey_8_25,bytes=29;client_id=8;clients=50
1779646257177,PUT,116,4,benchKey_14_24,bytes=30;client_id=14;clients=50
1779646257178,PUT,103,4,benchKey_19_25,bytes=30;client_id=19;clients=50
1779646257178,PUT,103,4,benchKey_4_25,bytes=29;client_id=4;clients=50
1779646257179,PUT,103,4,benchKey_16_25,bytes=30;client_id=16;clients=50
1779646257182,PUT,107,4,benchKey_6_25,bytes=29;client_id=6;clients=50
1779646257182,PUT,108,4,benchKey_35_25,bytes=30;client_id=35;clients=50
1779646257186,PUT,98,4,benchKey_41_25,bytes=30;client_id=41;clients=50
1779646257189,PUT,100,4,benchKey_21_25,bytes=30;client_id=21;clients=50
1779646257202,PUT,113,4,benchKey_22_25,bytes=30;client_id=22;clients=50
1779646257203,PUT,113,4,benchKey_27_25,bytes=30;client_id=27;clients=50
1779646257203,PUT,114,4,benchKey_47_25,bytes=30;client_id=47;clients=50
1779646257204,PUT,106,4,benchKey_49_25,bytes=30;client_id=49;clients=50
1779646257206,PUT,114,4,benchKey_23_25,bytes=30;client_id=23;clients=50
1779646257206,PUT,117,4,benchKey_46_25,bytes=30;client_id=46;clients=50
1779646257207,PUT,115,4,benchKey_43_25,bytes=30;client_id=43;clients=50
1779646257207,PUT,109,4,benchKey_37_25,bytes=30;client_id=37;clients=50
1779646257217,PUT,113,4,benchKey_42_25,bytes=30;client_id=42;clients=50
1779646257217,PUT,115,4,benchKey_33_25,bytes=30;client_id=33;clients=50
1779646257218,PUT,101,4,benchKey_10_25,bytes=30;client_id=10;clients=50
1779646257221,PUT,103,4,benchKey_20_25,bytes=30;client_id=20;clients=50
1779646257221,PUT,103,4,benchKey_29_26,bytes=30;client_id=29;clients=50
1779646257222,PUT,103,4,benchKey_7_25,bytes=29;client_id=7;clients=50
1779646257222,PUT,104,4,benchKey_3_25,bytes=29;client_id=3;clients=50
1779646257223,PUT,105,4,benchKey_36_25,bytes=30;client_id=36;clients=50
1779646257225,PUT,107,4,benchKey_15_25,bytes=30;client_id=15;clients=50
1779646257225,PUT,107,4,benchKey_24_25,bytes=30;client_id=24;clients=50
1779646257230,PUT,98,4,benchKey_17_25,bytes=30;client_id=17;clients=50
1779646257232,PUT,98,4,benchKey_31_25,bytes=30;client_id=31;clients=50
1779646257244,PUT,110,4,benchKey_0_25,bytes=29;client_id=0;clients=50
1779646257244,PUT,111,4,benchKey_11_25,bytes=30;client_id=11;clients=50
1779646257246,PUT,111,4,benchKey_34_25,bytes=30;client_id=34;clients=50
1779646257247,PUT,111,4,benchKey_44_25,bytes=30;client_id=44;clients=50
1779646257249,PUT,108,4,benchKey_38_26,bytes=30;client_id=38;clients=50
1779646257249,PUT,113,4,benchKey_25_25,bytes=30;client_id=25;clients=50
1779646257250,PUT,109,4,benchKey_2_26,bytes=29;client_id=2;clients=50
1779646257252,PUT,115,4,benchKey_26_25,bytes=30;client_id=26;clients=50
1779646257259,PUT,114,4,benchKey_30_26,bytes=30;client_id=30;clients=50
1779646257260,PUT,113,4,benchKey_32_26,bytes=30;client_id=32;clients=50
1779646257260,PUT,100,4,benchKey_5_25,bytes=29;client_id=5;clients=50
1779646257265,PUT,102,4,benchKey_45_26,bytes=30;client_id=45;clients=50
1779646257265,PUT,104,4,benchKey_1_26,bytes=29;client_id=1;clients=50
1779646257265,PUT,102,4,benchKey_9_26,bytes=29;client_id=9;clients=50
1779646257265,PUT,104,4,benchKey_28_26,bytes=30;client_id=28;clients=50
1779646257265,PUT,103,4,benchKey_13_25,bytes=30;client_id=13;clients=50
1779646257268,PUT,104,4,benchKey_40_25,bytes=30;client_id=40;clients=50
1779646257268,PUT,104,4,benchKey_18_26,bytes=30;client_id=18;clients=50
1779646257272,PUT,97,4,benchKey_48_26,bytes=30;client_id=48;clients=50
1779646257275,PUT,100,4,benchKey_39_26,bytes=30;client_id=39;clients=50
1779646257286,PUT,108,4,benchKey_14_25,bytes=30;client_id=14;clients=50
1779646257286,PUT,111,4,benchKey_12_25,bytes=30;client_id=12;clients=50
1779646257288,PUT,110,4,benchKey_8_26,bytes=29;client_id=8;clients=50
1779646257290,PUT,111,4,benchKey_19_26,bytes=30;client_id=19;clients=50
1779646257291,PUT,112,4,benchKey_16_26,bytes=30;client_id=16;clients=50
1779646257291,PUT,112,4,benchKey_4_26,bytes=29;client_id=4;clients=50
1779646257294,PUT,111,4,benchKey_35_26,bytes=30;client_id=35;clients=50
1779646257294,PUT,111,4,benchKey_6_26,bytes=29;client_id=6;clients=50
1779646257301,PUT,115,4,benchKey_41_26,bytes=30;client_id=41;clients=50
1779646257302,PUT,113,4,benchKey_21_26,bytes=30;client_id=21;clients=50
1779646257302,PUT,99,4,benchKey_22_26,bytes=30;client_id=22;clients=50
1779646257307,PUT,104,4,benchKey_27_26,bytes=30;client_id=27;clients=50
1779646257307,PUT,104,4,benchKey_47_26,bytes=30;client_id=47;clients=50
1779646257307,PUT,100,4,benchKey_23_26,bytes=30;client_id=23;clients=50
1779646257307,PUT,100,4,benchKey_46_26,bytes=30;client_id=46;clients=50
1779646257307,PUT,103,4,benchKey_49_26,bytes=30;client_id=49;clients=50
1779646257309,PUT,101,4,benchKey_37_26,bytes=30;client_id=37;clients=50
1779646257310,PUT,103,4,benchKey_43_26,bytes=30;client_id=43;clients=50
1779646257315,PUT,98,4,benchKey_42_26,bytes=30;client_id=42;clients=50
1779646257316,PUT,98,4,benchKey_33_26,bytes=30;client_id=33;clients=50
1779646257328,PUT,110,4,benchKey_10_26,bytes=30;client_id=10;clients=50
1779646257329,PUT,108,4,benchKey_20_26,bytes=30;client_id=20;clients=50
1779646257330,PUT,108,4,benchKey_29_27,bytes=30;client_id=29;clients=50
1779646257332,PUT,110,4,benchKey_7_26,bytes=29;client_id=7;clients=50
1779646257334,PUT,111,4,benchKey_3_26,bytes=29;client_id=3;clients=50
1779646257334,PUT,111,4,benchKey_36_26,bytes=30;client_id=36;clients=50
1779646257336,PUT,110,4,benchKey_15_26,bytes=30;client_id=15;clients=50
1779646257337,PUT,111,4,benchKey_24_26,bytes=30;client_id=24;clients=50
1779646257344,PUT,114,4,benchKey_17_26,bytes=30;client_id=17;clients=50
1779646257345,PUT,112,4,benchKey_31_26,bytes=30;client_id=31;clients=50
1779646257345,PUT,100,4,benchKey_0_26,bytes=29;client_id=0;clients=50
1779646257349,PUT,99,4,benchKey_25_26,bytes=30;client_id=25;clients=50
1779646257349,PUT,102,4,benchKey_34_26,bytes=30;client_id=34;clients=50
1779646257350,PUT,100,4,benchKey_38_27,bytes=30;client_id=38;clients=50
1779646257350,PUT,105,4,benchKey_11_26,bytes=30;client_id=11;clients=50
1779646257350,PUT,102,4,benchKey_44_26,bytes=30;client_id=44;clients=50
1779646257350,PUT,99,4,benchKey_2_27,bytes=29;client_id=2;clients=50
1779646257352,PUT,99,4,benchKey_26_26,bytes=30;client_id=26;clients=50
1779646257357,PUT,96,4,benchKey_32_27,bytes=30;client_id=32;clients=50
1779646257358,PUT,98,4,benchKey_30_27,bytes=30;client_id=30;clients=50
1779646257370,PUT,110,4,benchKey_5_26,bytes=29;client_id=5;clients=50
1779646257371,PUT,105,4,benchKey_1_27,bytes=29;client_id=1;clients=50
1779646257371,PUT,105,4,benchKey_45_27,bytes=30;client_id=45;clients=50
1779646257373,PUT,107,4,benchKey_9_27,bytes=29;client_id=9;clients=50
1779646257375,PUT,109,4,benchKey_28_27,bytes=30;client_id=28;clients=50
1779646257376,PUT,110,4,benchKey_13_26,bytes=30;client_id=13;clients=50
1779646257378,PUT,109,4,benchKey_18_27,bytes=30;client_id=18;clients=50
1779646257379,PUT,111,4,benchKey_40_26,bytes=30;client_id=40;clients=50
1779646257386,PUT,113,4,benchKey_48_27,bytes=30;client_id=48;clients=50
1779646257386,PUT,99,4,benchKey_14_26,bytes=30;client_id=14;clients=50
1779646257386,PUT,110,4,benchKey_39_27,bytes=30;client_id=39;clients=50
1779646257391,PUT,103,4,benchKey_8_27,bytes=29;client_id=8;clients=50
1779646257391,PUT,100,4,benchKey_16_27,bytes=30;client_id=16;clients=50
1779646257391,PUT,104,4,benchKey_12_26,bytes=30;client_id=12;clients=50
1779646257393,PUT,98,4,benchKey_35_27,bytes=30;client_id=35;clients=50
1779646257393,PUT,101,4,benchKey_4_27,bytes=29;client_id=4;clients=50
1779646257394,PUT,103,4,benchKey_19_27,bytes=30;client_id=19;clients=50
1779646257394,PUT,99,4,benchKey_6_27,bytes=29;client_id=6;clients=50
1779646257398,PUT,96,4,benchKey_41_27,bytes=30;client_id=41;clients=50
1779646257399,PUT,96,4,benchKey_21_27,bytes=30;client_id=21;clients=50
1779646257412,PUT,104,4,benchKey_47_27,bytes=30;client_id=47;clients=50
1779646257412,PUT,110,4,benchKey_22_27,bytes=30;client_id=22;clients=50
1779646257412,PUT,104,4,benchKey_27_27,bytes=30;client_id=27;clients=50
1779646257414,PUT,106,4,benchKey_23_27,bytes=30;client_id=23;clients=50
1779646257416,PUT,108,4,benchKey_46_27,bytes=30;client_id=46;clients=50
1779646257417,PUT,109,4,benchKey_49_27,bytes=30;client_id=49;clients=50
1779646257419,PUT,110,4,benchKey_37_27,bytes=30;client_id=37;clients=50
1779646257421,PUT,111,4,benchKey_43_27,bytes=30;client_id=43;clients=50
1779646257428,PUT,112,4,benchKey_33_27,bytes=30;client_id=33;clients=50
1779646257428,PUT,99,4,benchKey_10_27,bytes=30;client_id=10;clients=50
1779646257428,PUT,112,4,benchKey_42_27,bytes=30;client_id=42;clients=50
1779646257433,PUT,103,4,benchKey_29_28,bytes=30;client_id=29;clients=50
1779646257433,PUT,104,4,benchKey_20_27,bytes=30;client_id=20;clients=50
1779646257433,PUT,101,4,benchKey_7_27,bytes=29;client_id=7;clients=50
1779646257435,PUT,98,4,benchKey_24_27,bytes=30;client_id=24;clients=50
1779646257435,PUT,101,4,benchKey_3_27,bytes=29;client_id=3;clients=50
1779646257436,PUT,99,4,benchKey_15_27,bytes=30;client_id=15;clients=50
1779646257436,PUT,101,4,benchKey_36_27,bytes=30;client_id=36;clients=50
1779646257440,PUT,95,4,benchKey_17_27,bytes=30;client_id=17;clients=50
1779646257441,PUT,95,4,benchKey_31_27,bytes=30;client_id=31;clients=50
1779646257454,PUT,105,4,benchKey_25_27,bytes=30;client_id=25;clients=50
1779646257454,PUT,109,4,benchKey_0_27,bytes=29;client_id=0;clients=50
1779646257455,PUT,104,4,benchKey_38_28,bytes=30;client_id=38;clients=50
1779646257455,PUT,105,4,benchKey_34_27,bytes=30;client_id=34;clients=50
1779646257458,PUT,108,4,benchKey_11_27,bytes=30;client_id=11;clients=50
1779646257459,PUT,108,4,benchKey_44_27,bytes=30;client_id=44;clients=50
1779646257460,PUT,109,4,benchKey_2_28,bytes=29;client_id=2;clients=50
1779646257464,PUT,111,4,benchKey_26_27,bytes=30;client_id=26;clients=50
1779646257469,PUT,111,4,benchKey_32_28,bytes=30;client_id=32;clients=50
1779646257470,PUT,112,4,benchKey_30_28,bytes=30;client_id=30;clients=50
1779646257471,PUT,100,4,benchKey_5_27,bytes=29;client_id=5;clients=50
1779646257475,PUT,104,4,benchKey_45_28,bytes=30;client_id=45;clients=50
1779646257475,PUT,102,4,benchKey_9_28,bytes=29;client_id=9;clients=50
1779646257475,PUT,104,4,benchKey_1_28,bytes=29;client_id=1;clients=50
1779646257476,PUT,101,4,benchKey_28_28,bytes=30;client_id=28;clients=50
1779646257476,PUT,100,4,benchKey_13_27,bytes=30;client_id=13;clients=50
1779646257478,PUT,98,4,benchKey_40_27,bytes=30;client_id=40;clients=50
1779646257478,PUT,99,4,benchKey_18_28,bytes=30;client_id=18;clients=50
1779646257482,PUT,95,4,benchKey_14_27,bytes=30;client_id=14;clients=50
1779646257482,PUT,95,4,benchKey_48_28,bytes=30;client_id=48;clients=50
1779646257495,PUT,108,4,benchKey_39_28,bytes=30;client_id=39;clients=50
1779646257496,PUT,104,4,benchKey_12_27,bytes=30;client_id=12;clients=50
1779646257496,PUT,104,4,benchKey_16_28,bytes=30;client_id=16;clients=50
1779646257496,PUT,105,4,benchKey_8_28,bytes=29;client_id=8;clients=50
1779646257500,PUT,107,4,benchKey_35_28,bytes=30;client_id=35;clients=50
1779646257501,PUT,107,4,benchKey_4_28,bytes=29;client_id=4;clients=50
1779646257501,PUT,107,4,benchKey_19_28,bytes=30;client_id=19;clients=50
1779646257505,PUT,110,4,benchKey_6_28,bytes=29;client_id=6;clients=50
1779646257511,PUT,113,4,benchKey_41_28,bytes=30;client_id=41;clients=50
1779646257511,PUT,112,4,benchKey_21_28,bytes=30;client_id=21;clients=50
1779646257512,PUT,99,4,benchKey_47_28,bytes=30;client_id=47;clients=50
1779646257517,PUT,104,4,benchKey_27_28,bytes=30;client_id=27;clients=50
1779646257517,PUT,103,4,benchKey_23_28,bytes=30;client_id=23;clients=50
1779646257518,PUT,102,4,benchKey_46_28,bytes=30;client_id=46;clients=50
1779646257518,PUT,101,4,benchKey_49_28,bytes=30;client_id=49;clients=50
1779646257518,PUT,105,4,benchKey_22_28,bytes=30;client_id=22;clients=50
1779646257519,PUT,99,4,benchKey_37_28,bytes=30;client_id=37;clients=50
1779646257520,PUT,98,4,benchKey_43_28,bytes=30;client_id=43;clients=50
1779646257523,PUT,94,4,benchKey_10_28,bytes=30;client_id=10;clients=50
1779646257523,PUT,94,4,benchKey_42_28,bytes=30;client_id=42;clients=50
1779646257537,PUT,108,4,benchKey_33_28,bytes=30;client_id=33;clients=50
1779646257538,PUT,104,4,benchKey_7_28,bytes=29;client_id=7;clients=50
1779646257538,PUT,104,4,benchKey_20_28,bytes=30;client_id=20;clients=50
1779646257539,PUT,105,4,benchKey_29_29,bytes=30;client_id=29;clients=50
1779646257542,PUT,107,4,benchKey_3_28,bytes=29;client_id=3;clients=50
1779646257542,PUT,106,4,benchKey_15_28,bytes=30;client_id=15;clients=50
1779646257543,PUT,107,4,benchKey_24_28,bytes=30;client_id=24;clients=50
1779646257547,PUT,110,4,benchKey_36_28,bytes=30;client_id=36;clients=50
1779646257553,PUT,112,4,benchKey_31_28,bytes=30;client_id=31;clients=50
1779646257553,PUT,99,4,benchKey_25_28,bytes=30;client_id=25;clients=50
1779646257553,PUT,113,4,benchKey_17_28,bytes=30;client_id=17;clients=50
1779646257558,PUT,103,4,benchKey_38_29,bytes=30;client_id=38;clients=50
1779646257558,PUT,103,4,benchKey_0_28,bytes=29;client_id=0;clients=50
1779646257559,PUT,99,4,benchKey_44_28,bytes=30;client_id=44;clients=50
1779646257560,PUT,105,4,benchKey_34_28,bytes=30;client_id=34;clients=50
1779646257560,PUT,99,4,benchKey_2_29,bytes=29;client_id=2;clients=50
1779646257560,PUT,101,4,benchKey_11_28,bytes=30;client_id=11;clients=50
1779646257561,PUT,97,4,benchKey_26_28,bytes=30;client_id=26;clients=50
1779646257564,PUT,94,4,benchKey_32_29,bytes=30;client_id=32;clients=50
1779646257565,PUT,95,4,benchKey_30_29,bytes=30;client_id=30;clients=50
1779646257580,PUT,104,4,benchKey_9_29,bytes=29;client_id=9;clients=50
1779646257580,PUT,104,4,benchKey_1_29,bytes=29;client_id=1;clients=50
1779646257580,PUT,109,4,benchKey_5_28,bytes=29;client_id=5;clients=50
1779646257580,PUT,104,4,benchKey_45_29,bytes=30;client_id=45;clients=50
1779646257583,PUT,106,4,benchKey_13_28,bytes=30;client_id=13;clients=50
1779646257584,PUT,107,4,benchKey_28_29,bytes=30;client_id=28;clients=50
1779646257584,PUT,105,4,benchKey_40_28,bytes=30;client_id=40;clients=50
1779646257588,PUT,109,4,benchKey_18_29,bytes=30;client_id=18;clients=50
1779646257595,PUT,99,4,benchKey_39_29,bytes=30;client_id=39;clients=50
1779646257595,PUT,113,4,benchKey_14_28,bytes=30;client_id=14;clients=50
1779646257595,PUT,113,4,benchKey_48_29,bytes=30;client_id=48;clients=50
1779646257599,PUT,102,4,benchKey_12_28,bytes=30;client_id=12;clients=50
1779646257600,PUT,103,4,benchKey_16_29,bytes=30;client_id=16;clients=50
1779646257600,PUT,103,4,benchKey_8_29,bytes=29;client_id=8;clients=50
1779646257603,PUT,97,4,benchKey_6_29,bytes=29;client_id=6;clients=50
1779646257603,PUT,102,4,benchKey_35_29,bytes=30;client_id=35;clients=50
1779646257603,PUT,102,4,benchKey_19_29,bytes=30;client_id=19;clients=50
1779646257605,PUT,103,4,benchKey_4_29,bytes=29;client_id=4;clients=50
1779646257606,PUT,94,4,benchKey_21_29,bytes=30;client_id=21;clients=50
1779646257606,PUT,94,4,benchKey_41_29,bytes=30;client_id=41;clients=50
1779646257621,PUT,104,4,benchKey_23_29,bytes=30;client_id=23;clients=50
1779646257622,PUT,103,4,benchKey_46_29,bytes=30;client_id=46;clients=50
1779646257622,PUT,110,4,benchKey_47_29,bytes=30;client_id=47;clients=50
1779646257622,PUT,105,4,benchKey_27_29,bytes=30;client_id=27;clients=50
1779646257624,PUT,105,4,benchKey_49_29,bytes=30;client_id=49;clients=50
1779646257626,PUT,108,4,benchKey_22_29,bytes=30;client_id=22;clients=50
1779646257626,PUT,107,4,benchKey_37_29,bytes=30;client_id=37;clients=50
1779646257630,PUT,109,4,benchKey_43_29,bytes=30;client_id=43;clients=50
1779646257637,PUT,114,4,benchKey_42_29,bytes=30;client_id=42;clients=50
1779646257637,PUT,114,4,benchKey_10_29,bytes=30;client_id=10;clients=50
1779646257637,PUT,100,4,benchKey_33_29,bytes=30;client_id=33;clients=50
1779646257641,PUT,102,4,benchKey_20_29,bytes=30;client_id=20;clients=50
1779646257641,PUT,102,4,benchKey_7_29,bytes=29;client_id=7;clients=50
1779646257642,PUT,102,4,benchKey_29_30,bytes=30;client_id=29;clients=50
1779646257645,PUT,102,4,benchKey_3_29,bytes=29;client_id=3;clients=50
1779646257645,PUT,102,4,benchKey_15_29,bytes=30;client_id=15;clients=50
1779646257645,PUT,102,4,benchKey_24_29,bytes=30;client_id=24;clients=50
1779646257647,PUT,100,4,benchKey_36_29,bytes=30;client_id=36;clients=50
1779646257648,PUT,94,4,benchKey_25_29,bytes=30;client_id=25;clients=50
1779646257648,PUT,94,4,benchKey_31_29,bytes=30;client_id=31;clients=50
1779646257663,PUT,105,4,benchKey_38_30,bytes=30;client_id=38;clients=50
1779646257663,PUT,104,4,benchKey_44_29,bytes=30;client_id=44;clients=50
1779646257663,PUT,109,4,benchKey_17_29,bytes=30;client_id=17;clients=50
1779646257664,PUT,105,4,benchKey_0_29,bytes=29;client_id=0;clients=50
1779646257665,PUT,104,4,benchKey_34_29,bytes=30;client_id=34;clients=50
1779646257667,PUT,106,4,benchKey_2_30,bytes=29;client_id=2;clients=50
1779646257668,PUT,107,4,benchKey_11_29,bytes=30;client_id=11;clients=50
1779646257672,PUT,111,4,benchKey_26_29,bytes=30;client_id=26;clients=50
1779646257679,PUT,113,4,benchKey_30_30,bytes=30;client_id=30;clients=50
1779646257679,PUT,98,4,benchKey_9_30,bytes=29;client_id=9;clients=50
1779646257681,PUT,116,4,benchKey_32_30,bytes=30;client_id=32;clients=50
1779646257682,PUT,101,4,benchKey_1_30,bytes=29;client_id=1;clients=50
1779646257682,PUT,101,4,benchKey_5_29,bytes=29;client_id=5;clients=50
1779646257683,PUT,102,4,benchKey_45_30,bytes=30;client_id=45;clients=50
1779646257687,PUT,103,4,benchKey_28_30,bytes=30;client_id=28;clients=50
1779646257687,PUT,103,4,benchKey_40_29,bytes=30;client_id=40;clients=50
1779646257688,PUT,104,4,benchKey_13_29,bytes=30;client_id=13;clients=50
1779646257688,PUT,99,4,benchKey_18_30,bytes=30;client_id=18;clients=50
1779646257690,PUT,94,4,benchKey_39_30,bytes=30;client_id=39;clients=50
1779646257690,PUT,94,4,benchKey_14_29,bytes=30;client_id=14;clients=50
1779646257705,PUT,105,4,benchKey_16_30,bytes=30;client_id=16;clients=50
1779646257705,PUT,106,4,benchKey_12_29,bytes=30;client_id=12;clients=50
1779646257705,PUT,109,4,benchKey_48_30,bytes=30;client_id=48;clients=50
1779646257705,PUT,105,4,benchKey_8_30,bytes=29;client_id=8;clients=50
1779646257707,PUT,103,4,benchKey_6_30,bytes=29;client_id=6;clients=50
1779646257709,PUT,105,4,benchKey_35_30,bytes=30;client_id=35;clients=50
1779646257709,PUT,105,4,benchKey_19_30,bytes=30;client_id=19;clients=50
1779646257714,PUT,108,4,benchKey_4_30,bytes=29;client_id=4;clients=50
1779646257720,PUT,113,4,benchKey_21_30,bytes=30;client_id=21;clients=50
1779646257720,PUT,113,4,benchKey_41_30,bytes=30;client_id=41;clients=50
1779646257722,PUT,100,4,benchKey_23_30,bytes=30;client_id=23;clients=50
1779646257724,PUT,101,4,benchKey_46_30,bytes=30;client_id=46;clients=50
1779646257724,PUT,101,4,benchKey_27_30,bytes=30;client_id=27;clients=50
1779646257724,PUT,101,4,benchKey_47_30,bytes=30;client_id=47;clients=50
1779646257729,PUT,103,4,benchKey_37_30,bytes=30;client_id=37;clients=50
1779646257729,PUT,103,4,benchKey_22_30,bytes=30;client_id=22;clients=50
1779646257729,PUT,99,4,benchKey_43_30,bytes=30;client_id=43;clients=50
1779646257729,PUT,105,4,benchKey_49_30,bytes=30;client_id=49;clients=50
1779646257731,PUT,93,4,benchKey_42_30,bytes=30;client_id=42;clients=50
1779646257732,PUT,94,4,benchKey_10_30,bytes=30;client_id=10;clients=50
1779646257746,PUT,105,4,benchKey_20_30,bytes=30;client_id=20;clients=50
1779646257746,PUT,105,4,benchKey_7_30,bytes=29;client_id=7;clients=50
1779646257747,PUT,109,4,benchKey_33_30,bytes=30;client_id=33;clients=50
1779646257747,PUT,104,4,benchKey_29_31,bytes=30;client_id=29;clients=50
1779646257748,PUT,102,4,benchKey_3_30,bytes=29;client_id=3;clients=50
1779646257750,PUT,104,4,benchKey_15_30,bytes=30;client_id=15;clients=50
1779646257750,PUT,104,4,benchKey_24_30,bytes=30;client_id=24;clients=50
1779646257755,PUT,107,4,benchKey_36_30,bytes=30;client_id=36;clients=50
1779646257761,PUT,113,4,benchKey_25_30,bytes=30;client_id=25;clients=50
1779646257762,PUT,114,4,benchKey_31_30,bytes=30;client_id=31;clients=50
1779646257764,PUT,100,4,benchKey_38_31,bytes=30;client_id=38;clients=50
1779646257765,PUT,101,4,benchKey_0_30,bytes=29;client_id=0;clients=50
1779646257765,PUT,101,4,benchKey_44_30,bytes=30;client_id=44;clients=50
1779646257766,PUT,102,4,benchKey_17_30,bytes=30;client_id=17;clients=50
1779646257772,PUT,105,4,benchKey_2_31,bytes=29;client_id=2;clients=50
1779646257772,PUT,104,4,benchKey_11_30,bytes=30;client_id=11;clients=50
1779646257772,PUT,100,4,benchKey_26_30,bytes=30;client_id=26;clients=50
1779646257772,PUT,107,4,benchKey_34_30,bytes=30;client_id=34;clients=50
1779646257773,PUT,93,4,benchKey_30_31,bytes=30;client_id=30;clients=50
1779646257773,PUT,93,4,benchKey_9_31,bytes=29;client_id=9;clients=50
1779646257787,PUT,105,4,benchKey_1_31,bytes=29;client_id=1;clients=50
1779646257787,PUT,106,4,benchKey_32_31,bytes=30;client_id=32;clients=50
1779646257788,PUT,105,4,benchKey_5_30,bytes=29;client_id=5;clients=50
1779646257788,PUT,105,4,benchKey_45_31,bytes=30;client_id=45;clients=50
1779646257789,PUT,101,4,benchKey_40_30,bytes=30;client_id=40;clients=50
1779646257791,PUT,102,4,benchKey_18_31,bytes=30;client_id=18;clients=50
1779646257791,PUT,103,4,benchKey_28_31,bytes=30;client_id=28;clients=50
1779646257796,PUT,108,4,benchKey_13_30,bytes=30;client_id=13;clients=50
1779646257803,PUT,113,4,benchKey_39_31,bytes=30;client_id=39;clients=50
1779646257803,PUT,113,4,benchKey_14_30,bytes=30;client_id=14;clients=50
1779646257805,PUT,99,4,benchKey_48_31,bytes=30;client_id=48;clients=50
1779646257806,PUT,100,4,benchKey_16_31,bytes=30;client_id=16;clients=50
1779646257806,PUT,100,4,benchKey_12_30,bytes=30;client_id=12;clients=50
1779646257808,PUT,102,4,benchKey_8_31,bytes=29;client_id=8;clients=50
1779646257814,PUT,105,4,benchKey_35_31,bytes=30;client_id=35;clients=50
1779646257814,PUT,94,4,benchKey_21_31,bytes=30;client_id=21;clients=50
1779646257814,PUT,107,4,benchKey_6_31,bytes=29;client_id=6;clients=50
1779646257814,PUT,99,4,benchKey_4_31,bytes=29;client_id=4;clients=50
1779646257814,PUT,93,4,benchKey_41_31,bytes=30;client_id=41;clients=50
1779646257815,PUT,105,4,benchKey_19_31,bytes=30;client_id=19;clients=50
1779646257829,PUT,105,4,benchKey_27_31,bytes=30;client_id=27;clients=50
1779646257829,PUT,105,4,benchKey_47_31,bytes=30;client_id=47;clients=50
1779646257830,PUT,108,4,benchKey_23_31,bytes=30;client_id=23;clients=50
1779646257830,PUT,105,4,benchKey_46_31,bytes=30;client_id=46;clients=50
1779646257830,PUT,101,4,benchKey_37_31,bytes=30;client_id=37;clients=50
1779646257832,PUT,102,4,benchKey_49_31,bytes=30;client_id=49;clients=50
1779646257832,PUT,102,4,benchKey_22_31,bytes=30;client_id=22;clients=50
1779646257839,PUT,109,4,benchKey_43_31,bytes=30;client_id=43;clients=50
1779646257845,PUT,114,4,benchKey_42_31,bytes=30;client_id=42;clients=50
1779646257845,PUT,113,4,benchKey_10_31,bytes=30;client_id=10;clients=50
1779646257846,PUT,99,4,benchKey_20_31,bytes=30;client_id=20;clients=50
1779646257847,PUT,100,4,benchKey_33_31,bytes=30;client_id=33;clients=50
1779646257848,PUT,101,4,benchKey_7_31,bytes=29;client_id=7;clients=50
1779646257850,PUT,103,4,benchKey_29_32,bytes=30;client_id=29;clients=50
1779646257856,PUT,101,4,benchKey_36_31,bytes=30;client_id=36;clients=50
1779646257856,PUT,94,4,benchKey_31_31,bytes=30;client_id=31;clients=50
1779646257856,PUT,106,4,benchKey_15_31,bytes=30;client_id=15;clients=50
1779646257856,PUT,95,4,benchKey_25_31,bytes=30;client_id=25;clients=50
1779646257856,PUT,108,4,benchKey_3_31,bytes=29;client_id=3;clients=50
1779646257857,PUT,107,4,benchKey_24_31,bytes=30;client_id=24;clients=50
1779646257871,PUT,106,4,benchKey_0_31,bytes=29;client_id=0;clients=50
1779646257871,PUT,107,4,benchKey_38_32,bytes=30;client_id=38;clients=50
1779646257871,PUT,106,4,benchKey_44_31,bytes=30;client_id=44;clients=50
1779646257872,PUT,105,4,benchKey_17_31,bytes=30;client_id=17;clients=50
1779646257873,PUT,101,4,benchKey_2_32,bytes=29;client_id=2;clients=50
1779646257874,PUT,102,4,benchKey_11_31,bytes=30;client_id=11;clients=50
1779646257874,PUT,101,4,benchKey_26_31,bytes=30;client_id=26;clients=50
1779646257880,PUT,107,4,benchKey_34_31,bytes=30;client_id=34;clients=50
1779646257887,PUT,114,4,benchKey_30_32,bytes=30;client_id=30;clients=50
1779646257888,PUT,101,4,benchKey_1_32,bytes=29;client_id=1;clients=50
1779646257888,PUT,115,4,benchKey_9_32,bytes=29;client_id=9;clients=50
1779646257888,PUT,101,4,benchKey_32_32,bytes=30;client_id=32;clients=50
1779646257889,PUT,100,4,benchKey_5_31,bytes=29;client_id=5;clients=50
1779646257891,PUT,102,4,benchKey_45_32,bytes=30;client_id=45;clients=50
1779646257898,PUT,101,4,benchKey_13_31,bytes=30;client_id=13;clients=50
1779646257898,PUT,95,4,benchKey_39_32,bytes=30;client_id=39;clients=50
1779646257898,PUT,94,4,benchKey_14_31,bytes=30;client_id=14;clients=50
1779646257898,PUT,107,4,benchKey_28_32,bytes=30;client_id=28;clients=50
1779646257898,PUT,107,4,benchKey_18_32,bytes=30;client_id=18;clients=50
1779646257899,PUT,110,4,benchKey_40_31,bytes=30;client_id=40;clients=50
1779646257913,PUT,108,4,benchKey_48_32,bytes=30;client_id=48;clients=50
1779646257913,PUT,107,4,benchKey_12_31,bytes=30;client_id=12;clients=50
1779646257914,PUT,105,4,benchKey_8_32,bytes=29;client_id=8;clients=50
1779646257914,PUT,107,4,benchKey_16_32,bytes=30;client_id=16;clients=50
1779646257916,PUT,102,4,benchKey_21_32,bytes=30;client_id=21;clients=50
1779646257917,PUT,103,4,benchKey_35_32,bytes=30;client_id=35;clients=50
1779646257917,PUT,103,4,benchKey_6_32,bytes=29;client_id=6;clients=50
1779646257922,PUT,107,4,benchKey_4_32,bytes=29;client_id=4;clients=50
1779646257929,PUT,115,4,benchKey_41_32,bytes=30;client_id=41;clients=50
1779646257930,PUT,115,4,benchKey_19_32,bytes=30;client_id=19;clients=50
1779646257930,PUT,101,4,benchKey_27_32,bytes=30;client_id=27;clients=50
1779646257930,PUT,100,4,benchKey_23_32,bytes=30;client_id=23;clients=50
1779646257931,PUT,101,4,benchKey_47_32,bytes=30;client_id=47;clients=50
1779646257933,PUT,102,4,benchKey_46_32,bytes=30;client_id=46;clients=50
1779646257940,PUT,95,4,benchKey_10_32,bytes=30;client_id=10;clients=50
1779646257940,PUT,110,4,benchKey_37_32,bytes=30;client_id=37;clients=50
1779646257941,PUT,102,4,benchKey_43_32,bytes=30;client_id=43;clients=50
1779646257941,PUT,96,4,benchKey_42_32,bytes=30;client_id=42;clients=50
1779646257942,PUT,109,4,benchKey_22_32,bytes=30;client_id=22;clients=50
1779646257942,PUT,110,4,benchKey_49_32,bytes=30;client_id=49;clients=50
1779646257955,PUT,107,4,benchKey_7_32,bytes=29;client_id=7;clients=50
1779646257955,PUT,108,4,benchKey_33_32,bytes=30;client_id=33;clients=50
1779646257955,PUT,105,4,benchKey_29_33,bytes=30;client_id=29;clients=50
1779646257956,PUT,109,4,benchKey_20_32,bytes=30;client_id=20;clients=50
1779646257958,PUT,101,4,benchKey_36_32,bytes=30;client_id=36;clients=50
1779646257959,PUT,102,4,benchKey_31_32,bytes=30;client_id=31;clients=50
1779646257959,PUT,102,4,benchKey_15_32,bytes=30;client_id=15;clients=50
1779646257964,PUT,107,4,benchKey_25_32,bytes=30;client_id=25;clients=50
1779646257972,PUT,100,4,benchKey_0_32,bytes=29;client_id=0;clients=50
1779646257972,PUT,115,4,benchKey_24_32,bytes=30;client_id=24;clients=50
1779646257972,PUT,115,4,benchKey_3_32,bytes=29;client_id=3;clients=50
1779646257973,PUT,101,4,benchKey_44_32,bytes=30;client_id=44;clients=50
1779646257973,PUT,101,4,benchKey_38_33,bytes=30;client_id=38;clients=50
1779646257974,PUT,102,4,benchKey_17_32,bytes=30;client_id=17;clients=50
1779646257983,PUT,108,4,benchKey_11_32,bytes=30;client_id=11;clients=50
1779646257983,PUT,109,4,benchKey_2_33,bytes=29;client_id=2;clients=50
1779646257983,PUT,102,4,benchKey_34_32,bytes=30;client_id=34;clients=50
1779646257984,PUT,95,4,benchKey_1_33,bytes=29;client_id=1;clients=50
1779646257984,PUT,96,4,benchKey_30_33,bytes=30;client_id=30;clients=50
1779646257984,PUT,109,4,benchKey_26_32,bytes=30;client_id=26;clients=50
1779646257997,PUT,106,4,benchKey_45_33,bytes=30;client_id=45;clients=50
1779646257997,PUT,108,4,benchKey_9_33,bytes=29;client_id=9;clients=50
1779646257997,PUT,108,4,benchKey_5_32,bytes=29;client_id=5;clients=50
1779646257997,PUT,108,4,benchKey_32_33,bytes=30;client_id=32;clients=50
1779646257999,PUT,100,4,benchKey_13_32,bytes=30;client_id=13;clients=50
1779646258000,PUT,101,4,benchKey_14_32,bytes=30;client_id=14;clients=50
1779646258001,PUT,102,4,benchKey_39_33,bytes=30;client_id=39;clients=50
1779646258005,PUT,106,4,benchKey_28_33,bytes=30;client_id=28;clients=50
1779646258014,PUT,100,4,benchKey_8_33,bytes=29;client_id=8;clients=50
1779646258014,PUT,100,4,benchKey_48_33,bytes=30;client_id=48;clients=50
1779646258015,PUT,101,4,benchKey_12_32,bytes=30;client_id=12;clients=50
1779646258015,PUT,115,4,benchKey_18_33,bytes=30;client_id=18;clients=50
1779646258015,PUT,115,4,benchKey_40_32,bytes=30;client_id=40;clients=50
1779646258015,PUT,101,4,benchKey_16_33,bytes=30;client_id=16;clients=50
1779646258025,PUT,107,4,benchKey_6_33,bytes=29;client_id=6;clients=50
1779646258025,PUT,107,4,benchKey_35_33,bytes=30;client_id=35;clients=50
1779646258027,PUT,97,4,benchKey_41_33,bytes=30;client_id=41;clients=50
1779646258027,PUT,110,4,benchKey_21_33,bytes=30;client_id=21;clients=50
1779646258027,PUT,96,4,benchKey_19_33,bytes=30;client_id=19;clients=50
1779646258027,PUT,104,4,benchKey_4_33,bytes=29;client_id=4;clients=50
1779646258040,PUT,107,4,benchKey_46_33,bytes=30;client_id=46;clients=50
1779646258040,PUT,99,4,benchKey_10_33,bytes=30;client_id=10;clients=50
1779646258040,PUT,109,4,benchKey_23_33,bytes=30;client_id=23;clients=50
1779646258040,PUT,109,4,benchKey_47_33,bytes=30;client_id=47;clients=50
1779646258040,PUT,109,4,benchKey_27_33,bytes=30;client_id=27;clients=50
1779646258041,PUT,100,4,benchKey_37_33,bytes=30;client_id=37;clients=50
1779646258043,PUT,101,4,benchKey_43_33,bytes=30;client_id=43;clients=50
1779646258047,PUT,105,4,benchKey_42_33,bytes=30;client_id=42;clients=50
1779646258055,PUT,113,4,benchKey_22_33,bytes=30;client_id=22;clients=50
1779646258055,PUT,112,4,benchKey_49_33,bytes=30;client_id=49;clients=50
1779646258056,PUT,99,4,benchKey_20_33,bytes=30;client_id=20;clients=50
1779646258056,PUT,100,4,benchKey_7_33,bytes=29;client_id=7;clients=50
1779646258056,PUT,100,4,benchKey_29_34,bytes=30;client_id=29;clients=50
1779646258056,PUT,100,4,benchKey_33_33,bytes=30;client_id=33;clients=50
1779646258067,PUT,108,4,benchKey_31_33,bytes=30;client_id=31;clients=50
1779646258067,PUT,109,4,benchKey_36_33,bytes=30;client_id=36;clients=50
1779646258069,PUT,96,4,benchKey_0_33,bytes=29;client_id=0;clients=50
1779646258069,PUT,110,4,benchKey_15_33,bytes=30;client_id=15;clients=50
1779646258069,PUT,96,4,benchKey_24_33,bytes=30;client_id=24;clients=50
1779646258069,PUT,105,4,benchKey_25_33,bytes=30;client_id=25;clients=50
1779646258082,PUT,98,4,benchKey_11_33,bytes=30;client_id=11;clients=50
1779646258082,PUT,110,4,benchKey_3_33,bytes=29;client_id=3;clients=50
1779646258082,PUT,109,4,benchKey_44_33,bytes=30;client_id=44;clients=50
1779646258082,PUT,109,4,benchKey_38_34,bytes=30;client_id=38;clients=50
1779646258082,PUT,98,4,benchKey_2_34,bytes=29;client_id=2;clients=50
1779646258082,PUT,108,4,benchKey_17_33,bytes=30;client_id=17;clients=50
1779646258084,PUT,100,4,benchKey_34_33,bytes=30;client_id=34;clients=50
1779646258089,PUT,105,4,benchKey_1_34,bytes=29;client_id=1;clients=50
1779646258096,PUT,112,4,benchKey_30_34,bytes=30;client_id=30;clients=50
1779646258096,PUT,111,4,benchKey_26_33,bytes=30;client_id=26;clients=50
1779646258097,PUT,99,4,benchKey_5_33,bytes=29;client_id=5;clients=50
1779646258097,PUT,99,4,benchKey_9_34,bytes=29;client_id=9;clients=50
1779646258098,PUT,100,4,benchKey_32_34,bytes=30;client_id=32;clients=50
1779646258098,PUT,100,4,benchKey_45_34,bytes=30;client_id=45;clients=50
1779646258109,PUT,110,4,benchKey_13_33,bytes=30;client_id=13;clients=50
1779646258109,PUT,109,4,benchKey_14_33,bytes=30;client_id=14;clients=50
1779646258110,PUT,108,4,benchKey_39_34,bytes=30;client_id=39;clients=50
1779646258110,PUT,95,4,benchKey_48_34,bytes=30;client_id=48;clients=50
1779646258110,PUT,104,4,benchKey_28_34,bytes=30;client_id=28;clients=50
1779646258112,PUT,97,4,benchKey_8_34,bytes=29;client_id=8;clients=50
1779646258124,PUT,109,4,benchKey_40_33,bytes=30;client_id=40;clients=50
1779646258124,PUT,109,4,benchKey_12_33,bytes=30;client_id=12;clients=50
1779646258124,PUT,109,4,benchKey_16_34,bytes=30;client_id=16;clients=50
1779646258124,PUT,99,4,benchKey_6_34,bytes=29;client_id=6;clients=50
1779646258125,PUT,98,4,benchKey_41_34,bytes=30;client_id=41;clients=50
1779646258125,PUT,110,4,benchKey_18_34,bytes=30;client_id=18;clients=50
1779646258125,PUT,100,4,benchKey_35_34,bytes=30;client_id=35;clients=50
1779646258126,PUT,57,4,benchKey_15_34,bytes=30;client_id=15;clients=50
1779646258131,PUT,104,4,benchKey_21_34,bytes=30;client_id=21;clients=50
1779646258137,PUT,110,4,benchKey_4_34,bytes=29;client_id=4;clients=50
1779646258138,PUT,111,4,benchKey_19_34,bytes=30;client_id=19;clients=50
1779646258139,PUT,98,4,benchKey_23_34,bytes=30;client_id=23;clients=50
1779646258139,PUT,99,4,benchKey_10_34,bytes=30;client_id=10;clients=50
1779646258139,PUT,98,4,benchKey_47_34,bytes=30;client_id=47;clients=50
1779646258139,PUT,99,4,benchKey_46_34,bytes=30;client_id=46;clients=50
1779646258150,PUT,109,4,benchKey_27_34,bytes=30;client_id=27;clients=50
1779646258151,PUT,96,4,benchKey_22_34,bytes=30;client_id=22;clients=50
1779646258151,PUT,108,4,benchKey_43_34,bytes=30;client_id=43;clients=50
1779646258152,PUT,111,4,benchKey_37_34,bytes=30;client_id=37;clients=50
1779646258153,PUT,106,4,benchKey_42_34,bytes=30;client_id=42;clients=50
1779646258154,PUT,99,4,benchKey_49_34,bytes=30;client_id=49;clients=50
1779646258168,PUT,100,4,benchKey_36_34,bytes=30;client_id=36;clients=50
1779646258168,PUT,111,4,benchKey_33_34,bytes=30;client_id=33;clients=50
1779646258168,PUT,112,4,benchKey_20_34,bytes=30;client_id=20;clients=50
1779646258169,PUT,112,4,benchKey_29_35,bytes=30;client_id=29;clients=50
1779646258169,PUT,100,4,benchKey_0_34,bytes=29;client_id=0;clients=50
1779646258170,PUT,113,4,benchKey_7_34,bytes=29;client_id=7;clients=50
1779646258170,PUT,103,4,benchKey_31_34,bytes=30;client_id=31;clients=50
1779646258174,PUT,105,4,benchKey_24_34,bytes=30;client_id=24;clients=50
1779646258179,PUT,97,4,benchKey_11_34,bytes=30;client_id=11;clients=50
1779646258180,PUT,111,4,benchKey_25_34,bytes=30;client_id=25;clients=50
1779646258182,PUT,99,4,benchKey_3_34,bytes=29;client_id=3;clients=50
1779646258182,PUT,99,4,benchKey_38_35,bytes=30;client_id=38;clients=50
1779646258182,PUT,99,4,benchKey_2_35,bytes=29;client_id=2;clients=50
1779646258183,PUT,100,4,benchKey_44_34,bytes=30;client_id=44;clients=50
1779646258192,PUT,109,4,benchKey_17_34,bytes=30;client_id=17;clients=50
1779646258193,PUT,109,4,benchKey_34_34,bytes=30;client_id=34;clients=50
1779646258193,PUT,97,4,benchKey_26_34,bytes=30;client_id=26;clients=50
1779646258193,PUT,104,4,benchKey_1_35,bytes=29;client_id=1;clients=50
1779646258195,PUT,98,4,benchKey_30_35,bytes=30;client_id=30;clients=50
1779646258196,PUT,98,4,benchKey_5_34,bytes=29;client_id=5;clients=50
1779646258210,PUT,112,4,benchKey_9_35,bytes=29;client_id=9;clients=50
1779646258212,PUT,102,4,benchKey_14_34,bytes=30;client_id=14;clients=50
1779646258212,PUT,113,4,benchKey_32_35,bytes=30;client_id=32;clients=50
1779646258213,PUT,103,4,benchKey_13_34,bytes=30;client_id=13;clients=50
1779646258213,PUT,103,4,benchKey_48_35,bytes=30;client_id=48;clients=50
1779646258213,PUT,114,4,benchKey_45_35,bytes=30;client_id=45;clients=50
1779646258213,PUT,103,4,benchKey_39_35,bytes=30;client_id=39;clients=50
1779646258216,PUT,105,4,benchKey_28_35,bytes=30;client_id=28;clients=50
1779646258222,PUT,109,4,benchKey_8_35,bytes=29;client_id=8;clients=50
1779646258223,PUT,98,4,benchKey_40_34,bytes=30;client_id=40;clients=50
1779646258223,PUT,98,4,benchKey_12_34,bytes=30;client_id=12;clients=50
1779646258224,PUT,99,4,benchKey_6_35,bytes=29;client_id=6;clients=50
1779646258225,PUT,100,4,benchKey_16_35,bytes=30;client_id=16;clients=50
1779646258225,PUT,99,4,benchKey_41_35,bytes=30;client_id=41;clients=50
1779646258235,PUT,109,4,benchKey_18_35,bytes=30;client_id=18;clients=50
1779646258235,PUT,109,4,benchKey_35_35,bytes=30;client_id=35;clients=50
1779646258235,PUT,103,4,benchKey_21_35,bytes=30;client_id=21;clients=50
1779646258236,PUT,98,4,benchKey_4_35,bytes=29;client_id=4;clients=50
1779646258236,PUT,109,4,benchKey_15_35,bytes=30;client_id=15;clients=50
1779646258238,PUT,99,4,benchKey_19_35,bytes=30;client_id=19;clients=50
1779646258253,PUT,114,4,benchKey_23_35,bytes=30;client_id=23;clients=50
1779646258253,PUT,113,4,benchKey_10_35,bytes=30;client_id=10;clients=50
1779646258254,PUT,114,4,benchKey_47_35,bytes=30;client_id=47;clients=50
1779646258254,PUT,102,4,benchKey_43_35,bytes=30;client_id=43;clients=50
1779646258255,PUT,103,4,benchKey_22_35,bytes=30;client_id=22;clients=50
1779646258255,PUT,104,4,benchKey_27_35,bytes=30;client_id=27;clients=50
1779646258256,PUT,116,4,benchKey_46_35,bytes=30;client_id=46;clients=50
1779646258257,PUT,104,4,benchKey_37_35,bytes=30;client_id=37;clients=50
1779646258264,PUT,110,4,benchKey_42_35,bytes=30;client_id=42;clients=50
1779646258264,PUT,109,4,benchKey_49_35,bytes=30;client_id=49;clients=50
1779646258264,PUT,95,4,benchKey_36_35,bytes=30;client_id=36;clients=50
1779646258266,PUT,96,4,benchKey_0_35,bytes=29;client_id=0;clients=50
1779646258266,PUT,96,4,benchKey_29_36,bytes=30;client_id=29;clients=50
1779646258266,PUT,97,4,benchKey_20_35,bytes=30;client_id=20;clients=50
1779646258277,PUT,106,4,benchKey_31_35,bytes=30;client_id=31;clients=50
1779646258277,PUT,109,4,benchKey_33_35,bytes=30;client_id=33;clients=50
1779646258277,PUT,97,4,benchKey_11_35,bytes=30;client_id=11;clients=50
1779646258277,PUT,107,4,benchKey_7_35,bytes=29;client_id=7;clients=50
1779646258277,PUT,102,4,benchKey_24_35,bytes=30;client_id=24;clients=50
1779646258279,PUT,98,4,benchKey_25_35,bytes=30;client_id=25;clients=50
1779646258295,PUT,113,4,benchKey_3_35,bytes=29;client_id=3;clients=50
1779646258295,PUT,113,4,benchKey_38_36,bytes=30;client_id=38;clients=50
1779646258296,PUT,103,4,benchKey_34_35,bytes=30;client_id=34;clients=50
1779646258296,PUT,114,4,benchKey_2_36,bytes=29;client_id=2;clients=50
1779646258296,PUT,113,4,benchKey_44_35,bytes=30;client_id=44;clients=50
1779646258297,PUT,104,4,benchKey_17_35,bytes=30;client_id=17;clients=50
1779646258298,PUT,104,4,benchKey_26_35,bytes=30;client_id=26;clients=50
1779646258298,PUT,104,4,benchKey_1_36,bytes=29;client_id=1;clients=50
1779646258306,PUT,111,4,benchKey_30_36,bytes=30;client_id=30;clients=50
1779646258307,PUT,95,4,benchKey_14_35,bytes=30;client_id=14;clients=50
1779646258307,PUT,111,4,benchKey_5_35,bytes=29;client_id=5;clients=50
1779646258307,PUT,97,4,benchKey_9_36,bytes=29;client_id=9;clients=50
1779646258308,PUT,95,4,benchKey_13_35,bytes=30;client_id=13;clients=50
1779646258308,PUT,96,4,benchKey_32_36,bytes=30;client_id=32;clients=50
1779646258319,PUT,102,4,benchKey_28_36,bytes=30;client_id=28;clients=50
1779646258319,PUT,106,4,benchKey_48_36,bytes=30;client_id=48;clients=50
1779646258320,PUT,97,4,benchKey_8_36,bytes=29;client_id=8;clients=50
1779646258320,PUT,106,4,benchKey_39_36,bytes=30;client_id=39;clients=50
1779646258320,PUT,106,4,benchKey_45_36,bytes=30;client_id=45;clients=50
1779646258321,PUT,97,4,benchKey_40_35,bytes=30;client_id=40;clients=50
1779646258337,PUT,113,4,benchKey_6_36,bytes=29;client_id=6;clients=50
1779646258338,PUT,103,4,benchKey_18_36,bytes=30;client_id=18;clients=50
1779646258338,PUT,103,4,benchKey_21_36,bytes=30;client_id=21;clients=50
1779646258338,PUT,115,4,benchKey_12_35,bytes=30;client_id=12;clients=50
1779646258339,PUT,113,4,benchKey_16_36,bytes=30;client_id=16;clients=50
1779646258339,PUT,114,4,benchKey_41_36,bytes=30;client_id=41;clients=50
1779646258341,PUT,105,4,benchKey_35_36,bytes=30;client_id=35;clients=50
1779646258342,PUT,106,4,benchKey_4_36,bytes=29;client_id=4;clients=50
1779646258348,PUT,112,4,benchKey_15_36,bytes=30;client_id=15;clients=50
1779646258349,PUT,96,4,benchKey_10_36,bytes=30;client_id=10;clients=50
1779646258349,PUT,96,4,benchKey_23_36,bytes=30;client_id=23;clients=50
1779646258350,PUT,111,4,benchKey_19_36,bytes=30;client_id=19;clients=50
1779646258351,PUT,97,4,benchKey_43_36,bytes=30;client_id=43;clients=50
1779646258351,PUT,97,4,benchKey_47_36,bytes=30;client_id=47;clients=50
1779646258362,PUT,106,4,benchKey_27_36,bytes=30;client_id=27;clients=50
1779646258362,PUT,104,4,benchKey_37_36,bytes=30;client_id=37;clients=50
1779646258362,PUT,105,4,benchKey_46_36,bytes=30;client_id=46;clients=50
1779646258362,PUT,107,4,benchKey_22_36,bytes=30;client_id=22;clients=50
1779646258363,PUT,98,4,benchKey_36_36,bytes=30;client_id=36;clients=50
1779646258363,PUT,99,4,benchKey_42_36,bytes=30;client_id=42;clients=50
1779646258379,PUT,115,4,benchKey_49_36,bytes=30;client_id=49;clients=50
1779646258381,PUT,115,4,benchKey_0_36,bytes=29;client_id=0;clients=50
1779646258381,PUT,115,4,benchKey_29_37,bytes=30;client_id=29;clients=50
1779646258381,PUT,115,4,benchKey_20_36,bytes=30;client_id=20;clients=50
1779646258381,PUT,104,4,benchKey_33_36,bytes=30;client_id=33;clients=50
1779646258382,PUT,105,4,benchKey_31_36,bytes=30;client_id=31;clients=50
1779646258383,PUT,105,4,benchKey_11_36,bytes=30;client_id=11;clients=50
1779646258384,PUT,106,4,benchKey_7_36,bytes=29;client_id=7;clients=50
1779646258391,PUT,113,4,benchKey_24_36,bytes=30;client_id=24;clients=50
1779646258392,PUT,113,4,benchKey_25_36,bytes=30;client_id=25;clients=50
1779646258392,PUT,96,4,benchKey_38_37,bytes=30;client_id=38;clients=50
1779646258393,PUT,98,4,benchKey_3_36,bytes=29;client_id=3;clients=50
1779646258394,PUT,97,4,benchKey_2_37,bytes=29;client_id=2;clients=50
1779646258394,PUT,97,4,benchKey_34_36,bytes=30;client_id=34;clients=50
1779646258404,PUT,106,4,benchKey_26_36,bytes=30;client_id=26;clients=50
1779646258405,PUT,108,4,benchKey_17_36,bytes=30;client_id=17;clients=50
1779646258405,PUT,108,4,benchKey_44_36,bytes=30;client_id=44;clients=50
1779646258405,PUT,107,4,benchKey_1_37,bytes=29;client_id=1;clients=50
1779646258405,PUT,99,4,benchKey_30_37,bytes=30;client_id=30;clients=50
1779646258406,PUT,98,4,benchKey_14_36,bytes=30;client_id=14;clients=50
1779646258421,PUT,113,4,benchKey_5_36,bytes=29;client_id=5;clients=50
1779646258423,PUT,114,4,benchKey_13_36,bytes=30;client_id=13;clients=50
1779646258423,PUT,115,4,benchKey_9_37,bytes=29;client_id=9;clients=50
1779646258423,PUT,114,4,benchKey_32_37,bytes=30;client_id=32;clients=50
1779646258424,PUT,104,4,benchKey_28_37,bytes=30;client_id=28;clients=50
1779646258424,PUT,104,4,benchKey_8_37,bytes=29;client_id=8;clients=50
1779646258425,PUT,105,4,benchKey_39_37,bytes=30;client_id=39;clients=50
1779646258426,PUT,106,4,benchKey_48_37,bytes=30;client_id=48;clients=50
1779646258433,PUT,113,4,benchKey_45_37,bytes=30;client_id=45;clients=50
1779646258434,PUT,96,4,benchKey_6_37,bytes=29;client_id=6;clients=50
1779646258434,PUT,113,4,benchKey_40_36,bytes=30;client_id=40;clients=50
1779646258436,PUT,97,4,benchKey_21_37,bytes=30;client_id=21;clients=50
1779646258436,PUT,97,4,benchKey_12_36,bytes=30;client_id=12;clients=50
1779646258436,PUT,97,4,benchKey_18_37,bytes=30;client_id=18;clients=50
1779646258445,PUT,106,4,benchKey_16_37,bytes=30;client_id=16;clients=50
1779646258447,PUT,105,4,benchKey_35_37,bytes=30;client_id=35;clients=50
1779646258447,PUT,107,4,benchKey_41_37,bytes=30;client_id=41;clients=50
1779646258447,PUT,98,4,benchKey_15_37,bytes=30;client_id=15;clients=50
1779646258448,PUT,98,4,benchKey_10_37,bytes=30;client_id=10;clients=50
1779646258448,PUT,106,4,benchKey_4_37,bytes=29;client_id=4;clients=50
1779646258463,PUT,113,4,benchKey_23_37,bytes=30;client_id=23;clients=50
1779646258465,PUT,115,4,benchKey_19_37,bytes=30;client_id=19;clients=50
1779646258465,PUT,103,4,benchKey_37_37,bytes=30;client_id=37;clients=50
1779646258466,PUT,114,4,benchKey_47_37,bytes=30;client_id=47;clients=50
1779646258466,PUT,104,4,benchKey_27_37,bytes=30;client_id=27;clients=50
1779646258466,PUT,114,4,benchKey_43_37,bytes=30;client_id=43;clients=50
1779646258468,PUT,105,4,benchKey_22_37,bytes=30;client_id=22;clients=50
1779646258468,PUT,105,4,benchKey_46_37,bytes=30;client_id=46;clients=50
1779646258475,PUT,112,4,benchKey_36_37,bytes=30;client_id=36;clients=50
1779646258476,PUT,96,4,benchKey_49_37,bytes=30;client_id=49;clients=50
1779646258476,PUT,112,4,benchKey_42_37,bytes=30;client_id=42;clients=50
1779646258478,PUT,96,4,benchKey_0_37,bytes=29;client_id=0;clients=50
1779646258481,PUT,99,4,benchKey_20_37,bytes=30;client_id=20;clients=50
1779646258481,PUT,99,4,benchKey_29_38,bytes=30;client_id=29;clients=50
1779646258488,PUT,106,4,benchKey_33_37,bytes=30;client_id=33;clients=50
1779646258490,PUT,107,4,benchKey_11_37,bytes=30;client_id=11;clients=50
1779646258490,PUT,98,4,benchKey_25_37,bytes=30;client_id=25;clients=50
1779646258490,PUT,106,4,benchKey_7_37,bytes=29;client_id=7;clients=50
1779646258491,PUT,99,4,benchKey_24_37,bytes=30;client_id=24;clients=50
1779646258492,PUT,109,4,benchKey_31_37,bytes=30;client_id=31;clients=50
1779646258504,PUT,111,4,benchKey_38_38,bytes=30;client_id=38;clients=50
1779646258506,PUT,111,4,benchKey_34_37,bytes=30;client_id=34;clients=50
1779646258506,PUT,112,4,benchKey_3_37,bytes=29;client_id=3;clients=50
1779646258507,PUT,102,4,benchKey_26_37,bytes=30;client_id=26;clients=50
1779646258507,PUT,101,4,benchKey_17_37,bytes=30;client_id=17;clients=50
1779646258508,PUT,113,4,benchKey_2_38,bytes=29;client_id=2;clients=50
1779646258509,PUT,103,4,benchKey_44_37,bytes=30;client_id=44;clients=50
1779646258510,PUT,104,4,benchKey_1_38,bytes=29;client_id=1;clients=50
1779646258518,PUT,96,4,benchKey_5_37,bytes=29;client_id=5;clients=50
1779646258518,PUT,112,4,benchKey_30_38,bytes=30;client_id=30;clients=50
1779646258518,PUT,112,4,benchKey_14_37,bytes=30;client_id=14;clients=50
1779646258519,PUT,96,4,benchKey_13_37,bytes=30;client_id=13;clients=50
1779646258523,PUT,99,4,benchKey_9_38,bytes=29;client_id=9;clients=50
1779646258524,PUT,100,4,benchKey_32_38,bytes=30;client_id=32;clients=50
1779646258530,PUT,105,4,benchKey_28_38,bytes=30;client_id=28;clients=50
1779646258532,PUT,106,4,benchKey_48_38,bytes=30;client_id=48;clients=50
1779646258533,PUT,107,4,benchKey_39_38,bytes=30;client_id=39;clients=50
1779646258533,PUT,99,4,benchKey_45_38,bytes=30;client_id=45;clients=50
1779646258534,PUT,109,4,benchKey_8_38,bytes=29;client_id=8;clients=50
1779646258534,PUT,99,4,benchKey_6_38,bytes=29;client_id=6;clients=50
1779646258546,PUT,111,4,benchKey_40_37,bytes=30;client_id=40;clients=50
1779646258547,PUT,110,4,benchKey_12_37,bytes=30;client_id=12;clients=50
1779646258547,PUT,110,4,benchKey_21_38,bytes=30;client_id=21;clients=50
1779646258548,PUT,102,4,benchKey_16_38,bytes=30;client_id=16;clients=50
1779646258548,PUT,111,4,benchKey_18_38,bytes=30;client_id=18;clients=50
1779646258549,PUT,101,4,benchKey_35_38,bytes=30;client_id=35;clients=50
1779646258550,PUT,102,4,benchKey_41_38,bytes=30;client_id=41;clients=50
1779646258552,PUT,105,4,benchKey_15_38,bytes=30;client_id=15;clients=50
1779646258560,PUT,112,4,benchKey_10_38,bytes=30;client_id=10;clients=50
1779646258560,PUT,97,4,benchKey_23_38,bytes=30;client_id=23;clients=50
1779646258561,PUT,112,4,benchKey_4_38,bytes=29;client_id=4;clients=50
1779646258561,PUT,95,4,benchKey_37_38,bytes=30;client_id=37;clients=50
1779646258565,PUT,99,4,benchKey_27_38,bytes=30;client_id=27;clients=50
1779646258565,PUT,100,4,benchKey_19_38,bytes=30;client_id=19;clients=50
1779646258572,PUT,106,4,benchKey_47_38,bytes=30;client_id=47;clients=50
1779646258573,PUT,107,4,benchKey_43_38,bytes=30;client_id=43;clients=50
1779646258574,PUT,105,4,benchKey_46_38,bytes=30;client_id=46;clients=50
1779646258575,PUT,106,4,benchKey_22_38,bytes=30;client_id=22;clients=50
1779646258576,PUT,100,4,benchKey_36_38,bytes=30;client_id=36;clients=50
1779646258576,PUT,99,4,benchKey_49_38,bytes=30;client_id=49;clients=50
1779646258588,PUT,110,4,benchKey_0_38,bytes=29;client_id=0;clients=50
1779646258588,PUT,111,4,benchKey_42_38,bytes=30;client_id=42;clients=50
1779646258589,PUT,100,4,benchKey_33_38,bytes=30;client_id=33;clients=50
1779646258589,PUT,107,4,benchKey_20_38,bytes=30;client_id=20;clients=50
1779646258589,PUT,107,4,benchKey_29_39,bytes=30;client_id=29;clients=50
1779646258590,PUT,99,4,benchKey_11_38,bytes=30;client_id=11;clients=50
1779646258591,PUT,100,4,benchKey_25_38,bytes=30;client_id=25;clients=50
1779646258595,PUT,104,4,benchKey_7_38,bytes=29;client_id=7;clients=50
1779646258602,PUT,96,4,benchKey_34_38,bytes=30;client_id=34;clients=50
1779646258602,PUT,110,4,benchKey_31_38,bytes=30;client_id=31;clients=50
1779646258603,PUT,98,4,benchKey_38_39,bytes=30;client_id=38;clients=50
1779646258603,PUT,111,4,benchKey_24_38,bytes=30;client_id=24;clients=50
1779646258607,PUT,101,4,benchKey_3_38,bytes=29;client_id=3;clients=50
1779646258607,PUT,100,4,benchKey_26_38,bytes=30;client_id=26;clients=50
1779646258615,PUT,108,4,benchKey_17_38,bytes=30;client_id=17;clients=50
1779646258616,PUT,107,4,benchKey_44_38,bytes=30;client_id=44;clients=50
1779646258616,PUT,108,4,benchKey_2_39,bytes=29;client_id=2;clients=50
1779646258616,PUT,105,4,benchKey_1_39,bytes=29;client_id=1;clients=50
1779646258617,PUT,98,4,benchKey_5_38,bytes=29;client_id=5;clients=50
1779646258617,PUT,98,4,benchKey_30_39,bytes=30;client_id=30;clients=50
1779646258630,PUT,106,4,benchKey_32_39,bytes=30;client_id=32;clients=50
1779646258631,PUT,100,4,benchKey_28_39,bytes=30;client_id=28;clients=50
1779646258631,PUT,108,4,benchKey_9_39,bytes=29;client_id=9;clients=50
1779646258631,PUT,112,4,benchKey_13_38,bytes=30;client_id=13;clients=50
1779646258631,PUT,112,4,benchKey_14_38,bytes=30;client_id=14;clients=50
1779646258631,PUT,99,4,benchKey_48_39,bytes=30;client_id=48;clients=50
1779646258632,PUT,99,4,benchKey_39_39,bytes=30;client_id=39;clients=50
1779646258637,PUT,104,4,benchKey_45_39,bytes=30;client_id=45;clients=50
1779646258643,PUT,108,4,benchKey_6_39,bytes=29;client_id=6;clients=50
1779646258643,PUT,109,4,benchKey_8_39,bytes=29;client_id=8;clients=50
1779646258644,PUT,96,4,benchKey_12_38,bytes=30;client_id=12;clients=50
1779646258645,PUT,99,4,benchKey_40_38,bytes=30;client_id=40;clients=50
1779646258650,PUT,102,4,benchKey_21_39,bytes=30;client_id=21;clients=50
1779646258651,PUT,103,4,benchKey_16_39,bytes=30;client_id=16;clients=50
1779646258656,PUT,107,4,benchKey_18_39,bytes=30;client_id=18;clients=50
1779646258657,PUT,107,4,benchKey_35_39,bytes=30;client_id=35;clients=50
1779646258658,PUT,97,4,benchKey_23_39,bytes=30;client_id=23;clients=50
1779646258658,PUT,108,4,benchKey_41_39,bytes=30;client_id=41;clients=50
1779646258658,PUT,105,4,benchKey_15_39,bytes=30;client_id=15;clients=50
1779646258658,PUT,98,4,benchKey_10_39,bytes=30;client_id=10;clients=50
1779646258673,PUT,111,4,benchKey_37_39,bytes=30;client_id=37;clients=50
1779646258674,PUT,100,4,benchKey_43_39,bytes=30;client_id=43;clients=50
1779646258676,PUT,115,4,benchKey_4_39,bytes=29;client_id=4;clients=50
1779646258676,PUT,110,4,benchKey_19_39,bytes=30;client_id=19;clients=50
1779646258676,PUT,102,4,benchKey_46_39,bytes=30;client_id=46;clients=50
1779646258677,PUT,105,4,benchKey_47_39,bytes=30;client_id=47;clients=50
1779646258678,PUT,103,4,benchKey_22_39,bytes=30;client_id=22;clients=50
1779646258679,PUT,113,4,benchKey_27_39,bytes=30;client_id=27;clients=50
1779646258684,PUT,108,4,benchKey_36_39,bytes=30;client_id=36;clients=50
1779646258685,PUT,108,4,benchKey_49_39,bytes=30;client_id=49;clients=50
1779646258686,PUT,98,4,benchKey_42_39,bytes=30;client_id=42;clients=50
1779646258689,PUT,100,4,benchKey_0_39,bytes=29;client_id=0;clients=50
1779646258693,PUT,103,4,benchKey_33_39,bytes=30;client_id=33;clients=50
1779646258695,PUT,105,4,benchKey_20_39,bytes=30;client_id=20;clients=50
1779646258698,PUT,108,4,benchKey_29_40,bytes=30;client_id=29;clients=50
1779646258699,PUT,108,4,benchKey_11_39,bytes=30;client_id=11;clients=50
1779646258701,PUT,106,4,benchKey_7_39,bytes=29;client_id=7;clients=50
1779646258702,PUT,99,4,benchKey_31_39,bytes=30;client_id=31;clients=50
1779646258703,PUT,100,4,benchKey_34_39,bytes=30;client_id=34;clients=50
1779646258703,PUT,112,4,benchKey_25_39,bytes=30;client_id=25;clients=50
1779646258717,PUT,114,4,benchKey_38_40,bytes=30;client_id=38;clients=50
1779646258717,PUT,113,4,benchKey_24_39,bytes=30;client_id=24;clients=50
1779646258719,PUT,111,4,benchKey_26_39,bytes=30;client_id=26;clients=50
1779646258719,PUT,111,4,benchKey_3_39,bytes=29;client_id=3;clients=50
1779646258720,PUT,105,4,benchKey_17_39,bytes=30;client_id=17;clients=50
1779646258721,PUT,104,4,benchKey_44_39,bytes=30;client_id=44;clients=50
1779646258722,PUT,105,4,benchKey_1_40,bytes=29;client_id=1;clients=50
1779646258722,PUT,106,4,benchKey_2_40,bytes=29;client_id=2;clients=50
1779646258728,PUT,111,4,benchKey_30_40,bytes=30;client_id=30;clients=50
1779646258730,PUT,99,4,benchKey_32_40,bytes=30;client_id=32;clients=50
1779646258731,PUT,114,4,benchKey_5_39,bytes=29;client_id=5;clients=50
1779646258732,PUT,100,4,benchKey_28_40,bytes=30;client_id=28;clients=50
1779646258736,PUT,105,4,benchKey_9_40,bytes=29;client_id=9;clients=50
1779646258738,PUT,106,4,benchKey_13_39,bytes=30;client_id=13;clients=50
1779646258741,PUT,109,4,benchKey_14_39,bytes=30;client_id=14;clients=50
1779646258742,PUT,110,4,benchKey_48_40,bytes=30;client_id=48;clients=50
1779646258744,PUT,111,4,benchKey_39_40,bytes=30;client_id=39;clients=50
1779646258744,PUT,101,4,benchKey_6_40,bytes=29;client_id=6;clients=50
1779646258745,PUT,108,4,benchKey_45_40,bytes=30;client_id=45;clients=50
1779646258745,PUT,102,4,benchKey_8_40,bytes=29;client_id=8;clients=50
1779646258759,PUT,113,4,benchKey_40_39,bytes=30;client_id=40;clients=50
1779646258760,PUT,115,4,benchKey_12_39,bytes=30;client_id=12;clients=50
1779646258761,PUT,109,4,benchKey_16_40,bytes=30;client_id=16;clients=50
1779646258761,PUT,110,4,benchKey_21_40,bytes=30;client_id=21;clients=50
1779646258763,PUT,106,4,benchKey_18_40,bytes=30;client_id=18;clients=50
1779646258764,PUT,106,4,benchKey_35_40,bytes=30;client_id=35;clients=50
1779646258765,PUT,106,4,benchKey_23_40,bytes=30;client_id=23;clients=50
1779646258765,PUT,106,4,benchKey_41_40,bytes=30;client_id=41;clients=50
1779646258770,PUT,111,4,benchKey_15_40,bytes=30;client_id=15;clients=50
1779646258771,PUT,112,4,benchKey_10_40,bytes=30;client_id=10;clients=50
1779646258774,PUT,100,4,benchKey_37_40,bytes=30;client_id=37;clients=50
1779646258775,PUT,100,4,benchKey_43_40,bytes=30;client_id=43;clients=50
1779646258779,PUT,102,4,benchKey_19_40,bytes=30;client_id=19;clients=50
1779646258779,PUT,102,4,benchKey_4_40,bytes=29;client_id=4;clients=50
1779646258784,PUT,106,4,benchKey_47_40,bytes=30;client_id=47;clients=50
1779646258784,PUT,107,4,benchKey_46_40,bytes=30;client_id=46;clients=50
1779646258786,PUT,107,4,benchKey_22_40,bytes=30;client_id=22;clients=50
1779646258787,PUT,102,4,benchKey_49_40,bytes=30;client_id=49;clients=50
1779646258787,PUT,107,4,benchKey_27_40,bytes=30;client_id=27;clients=50
1779646258788,PUT,103,4,benchKey_36_40,bytes=30;client_id=36;clients=50
1779646258801,PUT,112,4,benchKey_0_40,bytes=29;client_id=0;clients=50
1779646258801,PUT,114,4,benchKey_42_40,bytes=30;client_id=42;clients=50
1779646258802,PUT,108,4,benchKey_33_40,bytes=30;client_id=33;clients=50
1779646258802,PUT,106,4,benchKey_20_40,bytes=30;client_id=20;clients=50
1779646258804,PUT,106,4,benchKey_29_41,bytes=30;client_id=29;clients=50
1779646258805,PUT,105,4,benchKey_11_40,bytes=30;client_id=11;clients=50
1779646258806,PUT,103,4,benchKey_31_40,bytes=30;client_id=31;clients=50
1779646258806,PUT,103,4,benchKey_7_40,bytes=29;client_id=7;clients=50
1779646258811,PUT,108,4,benchKey_34_40,bytes=30;client_id=34;clients=50
1779646258812,PUT,108,4,benchKey_25_40,bytes=30;client_id=25;clients=50
1779646258815,PUT,97,4,benchKey_24_40,bytes=30;client_id=24;clients=50
1779646258816,PUT,98,4,benchKey_38_41,bytes=30;client_id=38;clients=50
1779646258820,PUT,100,4,benchKey_3_40,bytes=29;client_id=3;clients=50
1779646258820,PUT,101,4,benchKey_26_40,bytes=30;client_id=26;clients=50
1779646258825,PUT,104,4,benchKey_44_40,bytes=30;client_id=44;clients=50
1779646258826,PUT,105,4,benchKey_17_40,bytes=30;client_id=17;clients=50
1779646258827,PUT,104,4,benchKey_1_41,bytes=29;client_id=1;clients=50
1779646258828,PUT,99,4,benchKey_30_41,bytes=30;client_id=30;clients=50
1779646258828,PUT,105,4,benchKey_2_41,bytes=29;client_id=2;clients=50
1779646258830,PUT,100,4,benchKey_32_41,bytes=30;client_id=32;clients=50
1779646258843,PUT,111,4,benchKey_28_41,bytes=30;client_id=28;clients=50
1779646258843,PUT,105,4,benchKey_13_40,bytes=30;client_id=13;clients=50
1779646258843,PUT,111,4,benchKey_5_40,bytes=29;client_id=5;clients=50
1779646258844,PUT,107,4,benchKey_9_41,bytes=29;client_id=9;clients=50
1779646258846,PUT,105,4,benchKey_14_40,bytes=30;client_id=14;clients=50
1779646258846,PUT,103,4,benchKey_48_41,bytes=30;client_id=48;clients=50
1779646258847,PUT,102,4,benchKey_6_41,bytes=29;client_id=6;clients=50
1779646258847,PUT,102,4,benchKey_39_41,bytes=30;client_id=39;clients=50
1779646258853,PUT,107,4,benchKey_45_41,bytes=30;client_id=45;clients=50
1779646258854,PUT,109,4,benchKey_8_41,bytes=29;client_id=8;clients=50
1779646258856,PUT,97,4,benchKey_40_40,bytes=30;client_id=40;clients=50
1779646258858,PUT,98,4,benchKey_12_40,bytes=30;client_id=12;clients=50
1779646258862,PUT,100,4,benchKey_21_41,bytes=30;client_id=21;clients=50
1779646258863,PUT,101,4,benchKey_16_41,bytes=30;client_id=16;clients=50
1779646258867,PUT,103,4,benchKey_35_41,bytes=30;client_id=35;clients=50
1779646258867,PUT,104,4,benchKey_18_41,bytes=30;client_id=18;clients=50
1779646258869,PUT,103,4,benchKey_23_41,bytes=30;client_id=23;clients=50
1779646258869,PUT,104,4,benchKey_41_41,bytes=30;client_id=41;clients=50
1779646258871,PUT,101,4,benchKey_15_41,bytes=30;client_id=15;clients=50
1779646258873,PUT,101,4,benchKey_10_41,bytes=30;client_id=10;clients=50
1779646258886,PUT,110,4,benchKey_43_41,bytes=30;client_id=43;clients=50
1779646258886,PUT,106,4,benchKey_4_41,bytes=29;client_id=4;clients=50
1779646258886,PUT,112,4,benchKey_37_41,bytes=30;client_id=37;clients=50
1779646258887,PUT,108,4,benchKey_19_41,bytes=30;client_id=19;clients=50
1779646258889,PUT,103,4,benchKey_22_41,bytes=30;client_id=22;clients=50
1779646258889,PUT,104,4,benchKey_46_41,bytes=30;client_id=46;clients=50
1779646258889,PUT,105,4,benchKey_47_41,bytes=30;client_id=47;clients=50
1779646258890,PUT,103,4,benchKey_49_41,bytes=30;client_id=49;clients=50
1779646258896,PUT,109,4,benchKey_27_41,bytes=30;client_id=27;clients=50
1779646258898,PUT,109,4,benchKey_36_41,bytes=30;client_id=36;clients=50
1779646258899,PUT,97,4,benchKey_0_41,bytes=29;client_id=0;clients=50
1779646258900,PUT,99,4,benchKey_42_41,bytes=30;client_id=42;clients=50
1779646258903,PUT,101,4,benchKey_33_41,bytes=30;client_id=33;clients=50
1779646258906,PUT,103,4,benchKey_20_41,bytes=30;client_id=20;clients=50
1779646258909,PUT,104,4,benchKey_11_41,bytes=30;client_id=11;clients=50
1779646258910,PUT,106,4,benchKey_29_42,bytes=30;client_id=29;clients=50
1779646258912,PUT,106,4,benchKey_7_41,bytes=29;client_id=7;clients=50
1779646258913,PUT,107,4,benchKey_31_41,bytes=30;client_id=31;clients=50
1779646258914,PUT,103,4,benchKey_34_41,bytes=30;client_id=34;clients=50
1779646258915,PUT,103,4,benchKey_25_41,bytes=30;client_id=25;clients=50
1779646258929,PUT,113,4,benchKey_38_42,bytes=30;client_id=38;clients=50
1779646258929,PUT,109,4,benchKey_26_41,bytes=30;client_id=26;clients=50
1779646258930,PUT,110,4,benchKey_3_41,bytes=29;client_id=3;clients=50
1779646258931,PUT,106,4,benchKey_44_41,bytes=30;client_id=44;clients=50
1779646258931,PUT,116,4,benchKey_24_41,bytes=30;client_id=24;clients=50
1779646258933,PUT,105,4,benchKey_1_42,bytes=29;client_id=1;clients=50
1779646258933,PUT,106,4,benchKey_17_41,bytes=30;client_id=17;clients=50
1779646258933,PUT,104,4,benchKey_30_42,bytes=30;client_id=30;clients=50
1779646258938,PUT,110,4,benchKey_2_42,bytes=29;client_id=2;clients=50
1779646258941,PUT,110,4,benchKey_32_42,bytes=30;client_id=32;clients=50
1779646258941,PUT,97,4,benchKey_28_42,bytes=30;client_id=28;clients=50
1779646258944,PUT,100,4,benchKey_13_41,bytes=30;client_id=13;clients=50
1779646258945,PUT,102,4,benchKey_5_41,bytes=29;client_id=5;clients=50
1779646258947,PUT,103,4,benchKey_9_42,bytes=29;client_id=9;clients=50
1779646258952,PUT,106,4,benchKey_48_42,bytes=30;client_id=48;clients=50
1779646258954,PUT,108,4,benchKey_14_41,bytes=30;client_id=14;clients=50
1779646258957,PUT,109,4,benchKey_6_42,bytes=29;client_id=6;clients=50
1779646258957,PUT,109,4,benchKey_39_42,bytes=30;client_id=39;clients=50
1779646258958,PUT,103,4,benchKey_8_42,bytes=29;client_id=8;clients=50
1779646258958,PUT,104,4,benchKey_45_42,bytes=30;client_id=45;clients=50
1779646258973,PUT,115,4,benchKey_40_41,bytes=30;client_id=40;clients=50
1779646258973,PUT,114,4,benchKey_12_41,bytes=30;client_id=12;clients=50
1779646258973,PUT,105,4,benchKey_35_42,bytes=30;client_id=35;clients=50
1779646258974,PUT,112,4,benchKey_21_42,bytes=30;client_id=21;clients=50
1779646258975,PUT,112,4,benchKey_16_42,bytes=30;client_id=16;clients=50
1779646258977,PUT,107,4,benchKey_23_42,bytes=30;client_id=23;clients=50
1779646258977,PUT,108,4,benchKey_18_42,bytes=30;client_id=18;clients=50
1779646258978,PUT,108,4,benchKey_41_42,bytes=30;client_id=41;clients=50
1779646258981,PUT,109,4,benchKey_15_42,bytes=30;client_id=15;clients=50
1779646258984,PUT,97,4,benchKey_43_42,bytes=30;client_id=43;clients=50
1779646258984,PUT,110,4,benchKey_10_42,bytes=30;client_id=10;clients=50
1779646258986,PUT,100,4,benchKey_4_42,bytes=29;client_id=4;clients=50
1779646258987,PUT,100,4,benchKey_37_42,bytes=30;client_id=37;clients=50
1779646258989,PUT,101,4,benchKey_19_42,bytes=30;client_id=19;clients=50
1779646258995,PUT,105,4,benchKey_22_42,bytes=30;client_id=22;clients=50
1779646258997,PUT,107,4,benchKey_46_42,bytes=30;client_id=46;clients=50
1779646258999,PUT,110,4,benchKey_47_42,bytes=30;client_id=47;clients=50
1779646259000,PUT,109,4,benchKey_49_42,bytes=30;client_id=49;clients=50
1779646259000,PUT,104,4,benchKey_27_42,bytes=30;client_id=27;clients=50
1779646259001,PUT,103,4,benchKey_36_42,bytes=30;client_id=36;clients=50
1779646259016,PUT,117,4,benchKey_0_42,bytes=29;client_id=0;clients=50
1779646259016,PUT,115,4,benchKey_42_42,bytes=30;client_id=42;clients=50
1779646259017,PUT,112,4,benchKey_33_42,bytes=30;client_id=33;clients=50
1779646259018,PUT,108,4,benchKey_11_42,bytes=30;client_id=11;clients=50
1779646259019,PUT,112,4,benchKey_20_42,bytes=30;client_id=20;clients=50
1779646259020,PUT,109,4,benchKey_29_43,bytes=30;client_id=29;clients=50
1779646259021,PUT,109,4,benchKey_7_42,bytes=29;client_id=7;clients=50
1779646259022,PUT,108,4,benchKey_31_42,bytes=30;client_id=31;clients=50
1779646259024,PUT,109,4,benchKey_34_42,bytes=30;client_id=34;clients=50
1779646259027,PUT,98,4,benchKey_38_43,bytes=30;client_id=38;clients=50
1779646259027,PUT,112,4,benchKey_25_42,bytes=30;client_id=25;clients=50
1779646259029,PUT,99,4,benchKey_26_42,bytes=30;client_id=26;clients=50
1779646259030,PUT,99,4,benchKey_3_42,bytes=29;client_id=3;clients=50
1779646259032,PUT,100,4,benchKey_44_42,bytes=30;client_id=44;clients=50
1779646259037,PUT,105,4,benchKey_24_42,bytes=30;client_id=24;clients=50
1779646259039,PUT,106,4,benchKey_1_43,bytes=29;client_id=1;clients=50
1779646259041,PUT,108,4,benchKey_30_43,bytes=30;client_id=30;clients=50
1779646259041,PUT,108,4,benchKey_17_42,bytes=30;client_id=17;clients=50
1779646259043,PUT,104,4,benchKey_2_43,bytes=29;client_id=2;clients=50
1779646259044,PUT,103,4,benchKey_32_43,bytes=30;client_id=32;clients=50
1779646259058,PUT,116,4,benchKey_28_43,bytes=30;client_id=28;clients=50
1779646259058,PUT,114,4,benchKey_13_42,bytes=30;client_id=13;clients=50
1779646259059,PUT,113,4,benchKey_5_42,bytes=29;client_id=5;clients=50
1779646259061,PUT,113,4,benchKey_9_43,bytes=29;client_id=9;clients=50
1779646259061,PUT,108,4,benchKey_48_43,bytes=30;client_id=48;clients=50
1779646259062,PUT,107,4,benchKey_14_42,bytes=30;client_id=14;clients=50
1779646259063,PUT,106,4,benchKey_6_43,bytes=29;client_id=6;clients=50
1779646259064,PUT,106,4,benchKey_39_43,bytes=30;client_id=39;clients=50
1779646259066,PUT,107,4,benchKey_8_43,bytes=29;client_id=8;clients=50
1779646259070,PUT,111,4,benchKey_45_43,bytes=30;client_id=45;clients=50
1779646259070,PUT,97,4,benchKey_40_42,bytes=30;client_id=40;clients=50
1779646259071,PUT,97,4,benchKey_12_42,bytes=30;client_id=12;clients=50
1779646259071,PUT,96,4,benchKey_35_43,bytes=30;client_id=35;clients=50
1779646259075,PUT,100,4,benchKey_21_43,bytes=30;client_id=21;clients=50
1779646259080,PUT,103,4,benchKey_23_43,bytes=30;client_id=23;clients=50
1779646259080,PUT,104,4,benchKey_16_43,bytes=30;client_id=16;clients=50
1779646259083,PUT,104,4,benchKey_41_43,bytes=30;client_id=41;clients=50
1779646259083,PUT,105,4,benchKey_18_43,bytes=30;client_id=18;clients=50
1779646259085,PUT,104,4,benchKey_15_43,bytes=30;client_id=15;clients=50
1779646259086,PUT,101,4,benchKey_43_43,bytes=30;client_id=43;clients=50
1779646259100,PUT,116,4,benchKey_10_43,bytes=30;client_id=10;clients=50
1779646259102,PUT,115,4,benchKey_4_43,bytes=29;client_id=4;clients=50
1779646259102,PUT,114,4,benchKey_37_43,bytes=30;client_id=37;clients=50
1779646259103,PUT,106,4,benchKey_46_43,bytes=30;client_id=46;clients=50
1779646259103,PUT,113,4,benchKey_19_43,bytes=30;client_id=19;clients=50
1779646259103,PUT,108,4,benchKey_22_43,bytes=30;client_id=22;clients=50
1779646259104,PUT,104,4,benchKey_47_43,bytes=30;client_id=47;clients=50
1779646259105,PUT,105,4,benchKey_49_43,bytes=30;client_id=49;clients=50
1779646259108,PUT,107,4,benchKey_27_43,bytes=30;client_id=27;clients=50
1779646259112,PUT,110,4,benchKey_36_43,bytes=30;client_id=36;clients=50
1779646259112,PUT,96,4,benchKey_0_43,bytes=29;client_id=0;clients=50
1779646259112,PUT,95,4,benchKey_33_43,bytes=30;client_id=33;clients=50
1779646259112,PUT,96,4,benchKey_42_43,bytes=30;client_id=42;clients=50
1779646259116,PUT,98,4,benchKey_11_43,bytes=30;client_id=11;clients=50
1779646259121,PUT,101,4,benchKey_20_43,bytes=30;client_id=20;clients=50
1779646259121,PUT,100,4,benchKey_29_44,bytes=30;client_id=29;clients=50
1779646259124,PUT,102,4,benchKey_31_43,bytes=30;client_id=31;clients=50
1779646259125,PUT,103,4,benchKey_7_43,bytes=29;client_id=7;clients=50
1779646259127,PUT,103,4,benchKey_34_43,bytes=30;client_id=34;clients=50
1779646259127,PUT,99,4,benchKey_38_44,bytes=30;client_id=38;clients=50
1779646259142,PUT,114,4,benchKey_25_43,bytes=30;client_id=25;clients=50
1779646259144,PUT,114,4,benchKey_3_43,bytes=29;client_id=3;clients=50
1779646259144,PUT,115,4,benchKey_26_43,bytes=30;client_id=26;clients=50
1779646259145,PUT,107,4,benchKey_24_43,bytes=30;client_id=24;clients=50
1779646259146,PUT,104,4,benchKey_30_44,bytes=30;client_id=30;clients=50
1779646259146,PUT,107,4,benchKey_1_44,bytes=29;client_id=1;clients=50
1779646259146,PUT,113,4,benchKey_44_43,bytes=30;client_id=44;clients=50
1779646259147,PUT,105,4,benchKey_17_43,bytes=30;client_id=17;clients=50
1779646259150,PUT,106,4,benchKey_2_44,bytes=29;client_id=2;clients=50
1779646259154,PUT,95,4,benchKey_5_43,bytes=29;client_id=5;clients=50
1779646259154,PUT,95,4,benchKey_13_43,bytes=30;client_id=13;clients=50
1779646259154,PUT,109,4,benchKey_32_44,bytes=30;client_id=32;clients=50
1779646259156,PUT,97,4,benchKey_28_44,bytes=30;client_id=28;clients=50
1779646259158,PUT,96,4,benchKey_48_44,bytes=30;client_id=48;clients=50
1779646259162,PUT,100,4,benchKey_14_43,bytes=30;client_id=14;clients=50
1779646259162,PUT,101,4,benchKey_9_44,bytes=29;client_id=9;clients=50
1779646259165,PUT,102,4,benchKey_6_44,bytes=29;client_id=6;clients=50
1779646259167,PUT,103,4,benchKey_39_44,bytes=30;client_id=39;clients=50
1779646259168,PUT,101,4,benchKey_8_44,bytes=29;client_id=8;clients=50
1779646259168,PUT,97,4,benchKey_45_44,bytes=30;client_id=45;clients=50
1779646259185,PUT,114,4,benchKey_12_43,bytes=30;client_id=12;clients=50
1779646259185,PUT,115,4,benchKey_40_43,bytes=30;client_id=40;clients=50
1779646259186,PUT,110,4,benchKey_21_44,bytes=30;client_id=21;clients=50
1779646259186,PUT,114,4,benchKey_35_44,bytes=30;client_id=35;clients=50
1779646259187,PUT,106,4,benchKey_16_44,bytes=30;client_id=16;clients=50
1779646259187,PUT,103,4,benchKey_41_44,bytes=30;client_id=41;clients=50
1779646259187,PUT,106,4,benchKey_23_44,bytes=30;client_id=23;clients=50
1779646259189,PUT,105,4,benchKey_18_44,bytes=30;client_id=18;clients=50
1779646259191,PUT,105,4,benchKey_15_44,bytes=30;client_id=15;clients=50
1779646259196,PUT,110,4,benchKey_43_44,bytes=30;client_id=43;clients=50
1779646259196,PUT,94,4,benchKey_4_44,bytes=29;client_id=4;clients=50
1779646259197,PUT,96,4,benchKey_10_44,bytes=30;client_id=10;clients=50
1779646259197,PUT,95,4,benchKey_37_44,bytes=30;client_id=37;clients=50
1779646259200,PUT,96,4,benchKey_46_44,bytes=30;client_id=46;clients=50
1779646259204,PUT,100,4,benchKey_19_44,bytes=30;client_id=19;clients=50
1779646259204,PUT,100,4,benchKey_22_44,bytes=30;client_id=22;clients=50
1779646259207,PUT,102,4,benchKey_47_44,bytes=30;client_id=47;clients=50
1779646259208,PUT,102,4,benchKey_49_44,bytes=30;client_id=49;clients=50
1779646259209,PUT,100,4,benchKey_27_44,bytes=30;client_id=27;clients=50
1779646259209,PUT,96,4,benchKey_0_44,bytes=29;client_id=0;clients=50
1779646259227,PUT,114,4,benchKey_36_44,bytes=30;client_id=36;clients=50
1779646259227,PUT,114,4,benchKey_33_44,bytes=30;client_id=33;clients=50
1779646259228,PUT,115,4,benchKey_42_44,bytes=30;client_id=42;clients=50
1779646259228,PUT,103,4,benchKey_31_44,bytes=30;client_id=31;clients=50
1779646259228,PUT,106,4,benchKey_20_44,bytes=30;client_id=20;clients=50
1779646259228,PUT,111,4,benchKey_11_44,bytes=30;client_id=11;clients=50
1779646259228,PUT,107,4,benchKey_29_45,bytes=30;client_id=29;clients=50
1779646259230,PUT,104,4,benchKey_7_44,bytes=29;client_id=7;clients=50
1779646259232,PUT,105,4,benchKey_34_44,bytes=30;client_id=34;clients=50
1779646259237,PUT,94,4,benchKey_25_44,bytes=30;client_id=25;clients=50
1779646259237,PUT,110,4,benchKey_38_45,bytes=30;client_id=38;clients=50
1779646259238,PUT,94,4,benchKey_26_44,bytes=30;client_id=26;clients=50
1779646259239,PUT,95,4,benchKey_3_44,bytes=29;client_id=3;clients=50
1779646259242,PUT,97,4,benchKey_24_44,bytes=30;client_id=24;clients=50
1779646259245,PUT,99,4,benchKey_1_45,bytes=29;client_id=1;clients=50
1779646259246,PUT,100,4,benchKey_30_45,bytes=30;client_id=30;clients=50
1779646259250,PUT,95,4,benchKey_13_44,bytes=30;client_id=13;clients=50
1779646259250,PUT,104,4,benchKey_44_44,bytes=30;client_id=44;clients=50
1779646259250,PUT,103,4,benchKey_17_44,bytes=30;client_id=17;clients=50
1779646259251,PUT,100,4,benchKey_2_45,bytes=29;client_id=2;clients=50
1779646259268,PUT,114,4,benchKey_32_45,bytes=30;client_id=32;clients=50
1779646259270,PUT,107,4,benchKey_14_44,bytes=30;client_id=14;clients=50
1779646259270,PUT,115,4,benchKey_5_44,bytes=29;client_id=5;clients=50
1779646259271,PUT,105,4,benchKey_6_45,bytes=29;client_id=6;clients=50
1779646259271,PUT,108,4,benchKey_9_45,bytes=29;client_id=9;clients=50
1779646259271,PUT,115,4,benchKey_28_45,bytes=30;client_id=28;clients=50
1779646259271,PUT,104,4,benchKey_39_45,bytes=30;client_id=39;clients=50
1779646259272,PUT,113,4,benchKey_48_45,bytes=30;client_id=48;clients=50
1779646259274,PUT,106,4,benchKey_8_45,bytes=29;client_id=8;clients=50
1779646259279,PUT,93,4,benchKey_12_44,bytes=30;client_id=12;clients=50
1779646259280,PUT,94,4,benchKey_40_44,bytes=30;client_id=40;clients=50
1779646259280,PUT,94,4,benchKey_35_45,bytes=30;client_id=35;clients=50
1779646259280,PUT,112,4,benchKey_45_45,bytes=30;client_id=45;clients=50
1779646259284,PUT,98,4,benchKey_21_45,bytes=30;client_id=21;clients=50
1779646259286,PUT,99,4,benchKey_16_45,bytes=30;client_id=16;clients=50
1779646259287,PUT,100,4,benchKey_41_45,bytes=30;client_id=41;clients=50
1779646259292,PUT,101,4,benchKey_15_45,bytes=30;client_id=15;clients=50
1779646259293,PUT,104,4,benchKey_18_45,bytes=30;client_id=18;clients=50
1779646259293,PUT,96,4,benchKey_4_45,bytes=29;client_id=4;clients=50
1779646259293,PUT,106,4,benchKey_23_45,bytes=30;client_id=23;clients=50
1779646259310,PUT,113,4,benchKey_43_45,bytes=30;client_id=43;clients=50
1779646259311,PUT,114,4,benchKey_10_45,bytes=30;client_id=10;clients=50
1779646259311,PUT,114,4,benchKey_37_45,bytes=30;client_id=37;clients=50
1779646259313,PUT,113,4,benchKey_46_45,bytes=30;client_id=46;clients=50
1779646259313,PUT,106,4,benchKey_47_45,bytes=30;client_id=47;clients=50
1779646259313,PUT,105,4,benchKey_49_45,bytes=30;client_id=49;clients=50
1779646259313,PUT,109,4,benchKey_22_45,bytes=30;client_id=22;clients=50
1779646259313,PUT,109,4,benchKey_19_45,bytes=30;client_id=19;clients=50
1779646259316,PUT,107,4,benchKey_27_45,bytes=30;client_id=27;clients=50
1779646259320,PUT,110,4,benchKey_0_45,bytes=29;client_id=0;clients=50
1779646259321,PUT,93,4,benchKey_42_45,bytes=30;client_id=42;clients=50
1779646259321,PUT,93,4,benchKey_33_45,bytes=30;client_id=33;clients=50
1779646259321,PUT,93,4,benchKey_36_45,bytes=30;client_id=36;clients=50
1779646259325,PUT,96,4,benchKey_31_45,bytes=30;client_id=31;clients=50
1779646259328,PUT,99,4,benchKey_11_45,bytes=30;client_id=11;clients=50
1779646259328,PUT,99,4,benchKey_20_45,bytes=30;client_id=20;clients=50
1779646259333,PUT,104,4,benchKey_29_46,bytes=30;client_id=29;clients=50
1779646259334,PUT,103,4,benchKey_7_45,bytes=29;client_id=7;clients=50
1779646259334,PUT,101,4,benchKey_34_45,bytes=30;client_id=34;clients=50
1779646259336,PUT,98,4,benchKey_38_46,bytes=30;client_id=38;clients=50
1779646259352,PUT,113,4,benchKey_26_45,bytes=30;client_id=26;clients=50
1779646259352,PUT,114,4,benchKey_25_45,bytes=30;client_id=25;clients=50
1779646259353,PUT,113,4,benchKey_3_45,bytes=29;client_id=3;clients=50
1779646259355,PUT,109,4,benchKey_1_46,bytes=29;client_id=1;clients=50
1779646259355,PUT,104,4,benchKey_44_45,bytes=30;client_id=44;clients=50
1779646259356,PUT,113,4,benchKey_24_45,bytes=30;client_id=24;clients=50
1779646259356,PUT,109,4,benchKey_30_46,bytes=30;client_id=30;clients=50
1779646259356,PUT,105,4,benchKey_13_45,bytes=30;client_id=13;clients=50
1779646259357,PUT,106,4,benchKey_17_45,bytes=30;client_id=17;clients=50
1779646259361,PUT,109,4,benchKey_2_46,bytes=29;client_id=2;clients=50
1779646259362,PUT,93,4,benchKey_32_46,bytes=30;client_id=32;clients=50
1779646259362,PUT,91,4,benchKey_14_45,bytes=30;client_id=14;clients=50
1779646259362,PUT,91,4,benchKey_5_45,bytes=29;client_id=5;clients=50
1779646259367,PUT,96,4,benchKey_6_46,bytes=29;client_id=6;clients=50
1779646259369,PUT,97,4,benchKey_28_46,bytes=30;client_id=28;clients=50
1779646259369,PUT,97,4,benchKey_9_46,bytes=29;client_id=9;clients=50
1779646259375,PUT,100,4,benchKey_8_46,bytes=29;client_id=8;clients=50
1779646259375,PUT,103,4,benchKey_39_46,bytes=30;client_id=39;clients=50
1779646259375,PUT,103,4,benchKey_48_46,bytes=30;client_id=48;clients=50
1779646259377,PUT,97,4,benchKey_12_45,bytes=30;client_id=12;clients=50
1779646259394,PUT,114,4,benchKey_40_45,bytes=30;client_id=40;clients=50
1779646259395,PUT,114,4,benchKey_35_46,bytes=30;client_id=35;clients=50
1779646259395,PUT,114,4,benchKey_45_46,bytes=30;client_id=45;clients=50
1779646259396,PUT,111,4,benchKey_21_46,bytes=30;client_id=21;clients=50
1779646259396,PUT,109,4,benchKey_16_46,bytes=30;client_id=16;clients=50
1779646259397,PUT,103,4,benchKey_18_46,bytes=30;client_id=18;clients=50
1779646259397,PUT,104,4,benchKey_15_46,bytes=30;client_id=15;clients=50
1779646259398,PUT,104,4,benchKey_4_46,bytes=29;client_id=4;clients=50
1779646259398,PUT,110,4,benchKey_41_46,bytes=30;client_id=41;clients=50
1779646259402,PUT,108,4,benchKey_23_46,bytes=30;client_id=23;clients=50
1779646259403,PUT,91,4,benchKey_37_46,bytes=30;client_id=37;clients=50
1779646259403,PUT,92,4,benchKey_43_46,bytes=30;client_id=43;clients=50
1779646259403,PUT,91,4,benchKey_10_46,bytes=30;client_id=10;clients=50
1779646259409,PUT,95,4,benchKey_47_46,bytes=30;client_id=47;clients=50
1779646259410,PUT,96,4,benchKey_46_46,bytes=30;client_id=46;clients=50
1779646259411,PUT,97,4,benchKey_49_46,bytes=30;client_id=49;clients=50
1779646259416,PUT,102,4,benchKey_22_46,bytes=30;client_id=22;clients=50
1779646259416,PUT,99,4,benchKey_27_46,bytes=30;client_id=27;clients=50
1779646259417,PUT,103,4,benchKey_19_46,bytes=30;client_id=19;clients=50
1779646259419,PUT,99,4,benchKey_0_46,bytes=29;client_id=0;clients=50
1779646259436,PUT,115,4,benchKey_36_46,bytes=30;client_id=36;clients=50
1779646259437,PUT,115,4,benchKey_42_46,bytes=30;client_id=42;clients=50
1779646259437,PUT,115,4,benchKey_33_46,bytes=30;client_id=33;clients=50
1779646259437,PUT,111,4,benchKey_31_46,bytes=30;client_id=31;clients=50
1779646259437,PUT,108,4,benchKey_11_46,bytes=30;client_id=11;clients=50
1779646259438,PUT,104,4,benchKey_29_47,bytes=30;client_id=29;clients=50
1779646259439,PUT,110,4,benchKey_20_46,bytes=30;client_id=20;clients=50
1779646259440,PUT,105,4,benchKey_34_46,bytes=30;client_id=34;clients=50
1779646259440,PUT,105,4,benchKey_7_46,bytes=29;client_id=7;clients=50
1779646259443,PUT,106,4,benchKey_38_47,bytes=30;client_id=38;clients=50
1779646259444,PUT,90,4,benchKey_3_46,bytes=29;client_id=3;clients=50
1779646259444,PUT,91,4,benchKey_26_46,bytes=30;client_id=26;clients=50
1779646259445,PUT,92,4,benchKey_25_46,bytes=30;client_id=25;clients=50
1779646259451,PUT,96,4,benchKey_44_46,bytes=30;client_id=44;clients=50
1779646259451,PUT,96,4,benchKey_1_47,bytes=29;client_id=1;clients=50
1779646259453,PUT,97,4,benchKey_24_46,bytes=30;client_id=24;clients=50
1779646259457,PUT,100,4,benchKey_30_47,bytes=30;client_id=30;clients=50
1779646259458,PUT,101,4,benchKey_13_46,bytes=30;client_id=13;clients=50
1779646259459,PUT,102,4,benchKey_17_46,bytes=30;client_id=17;clients=50
1779646259462,PUT,101,4,benchKey_2_47,bytes=29;client_id=2;clients=50
1779646259478,PUT,109,4,benchKey_28_47,bytes=30;client_id=28;clients=50
1779646259478,PUT,116,4,benchKey_5_46,bytes=29;client_id=5;clients=50
1779646259478,PUT,116,4,benchKey_14_46,bytes=30;client_id=14;clients=50
1779646259478,PUT,111,4,benchKey_6_47,bytes=29;client_id=6;clients=50
1779646259478,PUT,116,4,benchKey_32_47,bytes=30;client_id=32;clients=50
1779646259479,PUT,109,4,benchKey_9_47,bytes=29;client_id=9;clients=50
1779646259480,PUT,104,4,benchKey_8_47,bytes=29;client_id=8;clients=50
1779646259481,PUT,105,4,benchKey_39_47,bytes=30;client_id=39;clients=50
1779646259482,PUT,106,4,benchKey_48_47,bytes=30;client_id=48;clients=50
1779646259484,PUT,106,4,benchKey_12_46,bytes=30;client_id=12;clients=50
1779646259485,PUT,89,4,benchKey_45_47,bytes=30;client_id=45;clients=50
1779646259486,PUT,91,4,benchKey_40_46,bytes=30;client_id=40;clients=50
1779646259486,PUT,91,4,benchKey_35_47,bytes=30;client_id=35;clients=50
1779646259492,PUT,96,4,benchKey_16_47,bytes=30;client_id=16;clients=50
1779646259492,PUT,96,4,benchKey_21_47,bytes=30;client_id=21;clients=50
1779646259495,PUT,97,4,benchKey_18_47,bytes=30;client_id=18;clients=50
1779646259499,PUT,101,4,benchKey_4_47,bytes=29;client_id=4;clients=50
1779646259499,PUT,102,4,benchKey_15_47,bytes=30;client_id=15;clients=50
1779646259500,PUT,102,4,benchKey_41_47,bytes=30;client_id=41;clients=50
1779646259503,PUT,101,4,benchKey_23_47,bytes=30;client_id=23;clients=50
1779646259520,PUT,109,4,benchKey_49_47,bytes=30;client_id=49;clients=50
1779646259520,PUT,117,4,benchKey_10_47,bytes=30;client_id=10;clients=50
1779646259520,PUT,111,4,benchKey_47_47,bytes=30;client_id=47;clients=50
1779646259520,PUT,117,4,benchKey_43_47,bytes=30;client_id=43;clients=50
1779646259520,PUT,110,4,benchKey_46_47,bytes=30;client_id=46;clients=50
1779646259520,PUT,117,4,benchKey_37_47,bytes=30;client_id=37;clients=50
1779646259521,PUT,105,4,benchKey_22_47,bytes=30;client_id=22;clients=50
1779646259522,PUT,106,4,benchKey_27_47,bytes=30;client_id=27;clients=50
1779646259523,PUT,105,4,benchKey_19_47,bytes=30;client_id=19;clients=50
1779646259525,PUT,105,4,benchKey_0_47,bytes=29;client_id=0;clients=50
1779646259526,PUT,89,4,benchKey_36_47,bytes=30;client_id=36;clients=50
1779646259528,PUT,91,4,benchKey_42_47,bytes=30;client_id=42;clients=50
1779646259528,PUT,91,4,benchKey_33_47,bytes=30;client_id=33;clients=50
1779646259534,PUT,96,4,benchKey_31_47,bytes=30;client_id=31;clients=50
1779646259534,PUT,96,4,benchKey_11_47,bytes=30;client_id=11;clients=50
1779646259537,PUT,99,4,benchKey_29_48,bytes=30;client_id=29;clients=50
1779646259540,PUT,100,4,benchKey_34_47,bytes=30;client_id=34;clients=50
1779646259542,PUT,103,4,benchKey_20_47,bytes=30;client_id=20;clients=50
1779646259542,PUT,102,4,benchKey_7_47,bytes=29;client_id=7;clients=50
1779646259546,PUT,102,4,benchKey_38_48,bytes=30;client_id=38;clients=50
1779646259561,PUT,117,4,benchKey_3_47,bytes=29;client_id=3;clients=50
1779646259562,PUT,117,4,benchKey_25_47,bytes=30;client_id=25;clients=50
1779646259562,PUT,110,4,benchKey_44_47,bytes=30;client_id=44;clients=50
1779646259562,PUT,118,4,benchKey_26_47,bytes=30;client_id=26;clients=50
1779646259562,PUT,109,4,benchKey_24_47,bytes=30;client_id=24;clients=50
1779646259562,PUT,110,4,benchKey_1_48,bytes=29;client_id=1;clients=50
1779646259562,PUT,105,4,benchKey_30_48,bytes=30;client_id=30;clients=50
1779646259564,PUT,106,4,benchKey_13_47,bytes=30;client_id=13;clients=50
1779646259565,PUT,105,4,benchKey_17_47,bytes=30;client_id=17;clients=50
1779646259566,PUT,103,4,benchKey_2_48,bytes=29;client_id=2;clients=50
1779646259568,PUT,89,4,benchKey_5_47,bytes=29;client_id=5;clients=50
1779646259570,PUT,91,4,benchKey_28_48,bytes=30;client_id=28;clients=50
1779646259570,PUT,91,4,benchKey_14_47,bytes=30;client_id=14;clients=50
1779646259575,PUT,96,4,benchKey_6_48,bytes=29;client_id=6;clients=50
1779646259575,PUT,96,4,benchKey_32_48,bytes=30;client_id=32;clients=50
1779646259578,PUT,99,4,benchKey_9_48,bytes=29;client_id=9;clients=50
1779646259582,PUT,102,4,benchKey_8_48,bytes=29;client_id=8;clients=50
1779646259583,PUT,102,4,benchKey_39_48,bytes=30;client_id=39;clients=50
1779646259583,PUT,101,4,benchKey_48_48,bytes=30;client_id=48;clients=50
1779646259588,PUT,104,4,benchKey_12_47,bytes=30;client_id=12;clients=50
1779646259603,PUT,117,4,benchKey_45_48,bytes=30;client_id=45;clients=50
1779646259604,PUT,109,4,benchKey_18_48,bytes=30;client_id=18;clients=50
1779646259605,PUT,118,4,benchKey_40_47,bytes=30;client_id=40;clients=50
1779646259605,PUT,106,4,benchKey_4_48,bytes=29;client_id=4;clients=50
1779646259605,PUT,113,4,benchKey_16_48,bytes=30;client_id=16;clients=50
1779646259604,PUT,112,4,benchKey_21_48,bytes=30;client_id=21;clients=50
1779646259606,PUT,106,4,benchKey_15_48,bytes=30;client_id=15;clients=50
1779646259605,PUT,119,4,benchKey_35_48,bytes=30;client_id=35;clients=50
1779646259607,PUT,107,4,benchKey_41_48,bytes=30;client_id=41;clients=50
1779646259608,PUT,105,4,benchKey_23_48,bytes=30;client_id=23;clients=50
1779646259611,PUT,90,4,benchKey_47_48,bytes=30;client_id=47;clients=50
1779646259611,PUT,91,4,benchKey_49_48,bytes=30;client_id=49;clients=50
1779646259611,PUT,91,4,benchKey_10_48,bytes=30;client_id=10;clients=50
1779646259616,PUT,95,4,benchKey_37_48,bytes=30;client_id=37;clients=50
1779646259616,PUT,95,4,benchKey_43_48,bytes=30;client_id=43;clients=50
1779646259619,PUT,98,4,benchKey_46_48,bytes=30;client_id=46;clients=50
1779646259624,PUT,102,4,benchKey_27_48,bytes=30;client_id=27;clients=50
1779646259624,PUT,103,4,benchKey_22_48,bytes=30;client_id=22;clients=50
1779646259624,PUT,101,4,benchKey_19_48,bytes=30;client_id=19;clients=50
1779646259630,PUT,105,4,benchKey_0_48,bytes=29;client_id=0;clients=50
1779646259645,PUT,118,4,benchKey_36_48,bytes=30;client_id=36;clients=50
1779646259648,PUT,113,4,benchKey_31_48,bytes=30;client_id=31;clients=50
1779646259649,PUT,120,4,benchKey_42_48,bytes=30;client_id=42;clients=50
1779646259649,PUT,112,4,benchKey_29_49,bytes=30;client_id=29;clients=50
1779646259650,PUT,109,4,benchKey_34_48,bytes=30;client_id=34;clients=50
1779646259650,PUT,108,4,benchKey_20_48,bytes=30;client_id=20;clients=50
1779646259650,PUT,122,4,benchKey_33_48,bytes=30;client_id=33;clients=50
1779646259651,PUT,105,4,benchKey_38_49,bytes=30;client_id=38;clients=50
1779646259650,PUT,116,4,benchKey_11_48,bytes=30;client_id=11;clients=50
1779646259652,PUT,109,4,benchKey_7_48,bytes=29;client_id=7;clients=50
1779646259653,PUT,91,4,benchKey_44_48,bytes=30;client_id=44;clients=50
1779646259653,PUT,92,4,benchKey_3_48,bytes=29;client_id=3;clients=50
1779646259654,PUT,92,4,benchKey_25_48,bytes=30;client_id=25;clients=50
1779646259658,PUT,96,4,benchKey_24_48,bytes=30;client_id=24;clients=50
1779646259659,PUT,97,4,benchKey_26_48,bytes=30;client_id=26;clients=50
1779646259662,PUT,100,4,benchKey_1_49,bytes=29;client_id=1;clients=50
1779646259666,PUT,101,4,benchKey_17_48,bytes=30;client_id=17;clients=50
1779646259667,PUT,104,4,benchKey_30_49,bytes=30;client_id=30;clients=50
1779646259667,PUT,103,4,benchKey_13_48,bytes=30;client_id=13;clients=50
1779646259672,PUT,105,4,benchKey_2_49,bytes=29;client_id=2;clients=50
1779646259687,PUT,118,4,benchKey_5_48,bytes=29;client_id=5;clients=50
1779646259690,PUT,119,4,benchKey_28_49,bytes=30;client_id=28;clients=50
1779646259691,PUT,115,4,benchKey_32_49,bytes=30;client_id=32;clients=50
1779646259692,PUT,108,4,benchKey_39_49,bytes=30;client_id=39;clients=50
1779646259692,PUT,116,4,benchKey_6_49,bytes=29;client_id=6;clients=50
1779646259692,PUT,114,4,benchKey_9_49,bytes=29;client_id=9;clients=50
1779646259693,PUT,110,4,benchKey_8_49,bytes=29;client_id=8;clients=50
1779646259694,PUT,110,4,benchKey_48_49,bytes=30;client_id=48;clients=50
1779646259694,PUT,106,4,benchKey_12_48,bytes=30;client_id=12;clients=50
1779646259694,PUT,123,4,benchKey_14_48,bytes=30;client_id=14;clients=50
1779646259695,PUT,91,4,benchKey_45_49,bytes=30;client_id=45;clients=50
1779646259695,PUT,89,4,benchKey_18_49,bytes=30;client_id=18;clients=50
1779646259696,PUT,90,4,benchKey_40_48,bytes=30;client_id=40;clients=50
1779646259702,PUT,96,4,benchKey_4_49,bytes=29;client_id=4;clients=50
1779646259702,PUT,96,4,benchKey_16_49,bytes=30;client_id=16;clients=50
1779646259704,PUT,97,4,benchKey_21_49,bytes=30;client_id=21;clients=50
1779646259709,PUT,102,4,benchKey_15_49,bytes=30;client_id=15;clients=50
1779646259709,PUT,102,4,benchKey_35_49,bytes=30;client_id=35;clients=50
1779646259709,PUT,101,4,benchKey_41_49,bytes=30;client_id=41;clients=50
1779646259714,PUT,105,4,benchKey_23_49,bytes=30;client_id=23;clients=50
1779646259729,PUT,117,4,benchKey_49_49,bytes=30;client_id=49;clients=50
1779646259731,PUT,119,4,benchKey_47_49,bytes=30;client_id=47;clients=50
1779646259732,PUT,120,4,benchKey_10_49,bytes=30;client_id=10;clients=50
1779646259733,PUT,116,4,benchKey_37_49,bytes=30;client_id=37;clients=50
1779646259734,PUT,117,4,benchKey_43_49,bytes=30;client_id=43;clients=50
1779646259734,PUT,114,4,benchKey_46_49,bytes=30;client_id=46;clients=50
1779646259734,PUT,109,4,benchKey_27_49,bytes=30;client_id=27;clients=50
1779646259735,PUT,110,4,benchKey_22_49,bytes=30;client_id=22;clients=50
1779646259735,PUT,104,4,benchKey_0_49,bytes=29;client_id=0;clients=50
1779646259735,PUT,110,4,benchKey_19_49,bytes=30;client_id=19;clients=50
1779646259736,PUT,90,4,benchKey_36_49,bytes=30;client_id=36;clients=50
1779646259736,PUT,88,4,benchKey_31_49,bytes=30;client_id=31;clients=50
1779646259738,PUT,89,4,benchKey_42_49,bytes=30;client_id=42;clients=50
1779646259743,PUT,93,4,benchKey_29_50,bytes=30;client_id=29;clients=50
1779646259745,PUT,94,4,benchKey_34_49,bytes=30;client_id=34;clients=50
1779646259745,PUT,93,4,benchKey_33_49,bytes=30;client_id=33;clients=50
1779646259750,PUT,98,4,benchKey_11_49,bytes=30;client_id=11;clients=50
1779646259750,PUT,98,4,benchKey_20_49,bytes=30;client_id=20;clients=50
1779646259750,PUT,98,4,benchKey_38_50,bytes=30;client_id=38;clients=50
1779646259755,PUT,103,4,benchKey_7_49,bytes=29;client_id=7;clients=50
1779646259770,PUT,116,4,benchKey_44_49,bytes=30;client_id=44;clients=50
1779646259773,PUT,118,4,benchKey_25_49,bytes=30;client_id=25;clients=50
1779646259773,PUT,119,4,benchKey_3_49,bytes=29;client_id=3;clients=50
1779646259774,PUT,115,4,benchKey_24_49,bytes=30;client_id=24;clients=50
1779646259775,PUT,112,4,benchKey_1_50,bytes=29;client_id=1;clients=50
1779646259775,PUT,108,4,benchKey_17_49,bytes=30;client_id=17;clients=50
1779646259775,PUT,115,4,benchKey_26_49,bytes=30;client_id=26;clients=50
1779646259776,PUT,108,4,benchKey_13_49,bytes=30;client_id=13;clients=50
1779646259776,PUT,103,4,benchKey_2_50,bytes=29;client_id=2;clients=50
1779646259776,PUT,108,4,benchKey_30_50,bytes=30;client_id=30;clients=50
1779646259778,PUT,88,4,benchKey_28_50,bytes=30;client_id=28;clients=50
1779646259778,PUT,91,4,benchKey_5_49,bytes=29;client_id=5;clients=50
1779646259779,PUT,88,4,benchKey_32_50,bytes=30;client_id=32;clients=50
1779646259784,PUT,92,4,benchKey_39_50,bytes=30;client_id=39;clients=50
1779646259786,PUT,93,4,benchKey_6_50,bytes=29;client_id=6;clients=50
1779646259786,PUT,93,4,benchKey_9_50,bytes=29;client_id=9;clients=50
1779646259791,PUT,97,4,benchKey_48_50,bytes=30;client_id=48;clients=50
1779646259791,PUT,98,4,benchKey_8_50,bytes=29;client_id=8;clients=50
1779646259793,PUT,98,4,benchKey_12_49,bytes=30;client_id=12;clients=50
1779646259797,PUT,103,4,benchKey_14_49,bytes=30;client_id=14;clients=50
1779646259812,PUT,117,4,benchKey_45_50,bytes=30;client_id=45;clients=50
1779646259814,PUT,118,4,benchKey_18_50,bytes=30;client_id=18;clients=50
1779646259815,PUT,112,4,benchKey_4_50,bytes=29;client_id=4;clients=50
1779646259815,PUT,118,4,benchKey_40_49,bytes=30;client_id=40;clients=50
1779646259816,PUT,112,4,benchKey_21_50,bytes=30;client_id=21;clients=50
1779646259816,PUT,106,4,benchKey_35_50,bytes=30;client_id=35;clients=50
1779646259817,PUT,114,4,benchKey_16_50,bytes=30;client_id=16;clients=50
1779646259817,PUT,107,4,benchKey_41_50,bytes=30;client_id=41;clients=50
1779646259817,PUT,107,4,benchKey_15_50,bytes=30;client_id=15;clients=50
1779646259817,PUT,103,4,benchKey_23_50,bytes=30;client_id=23;clients=50
1779646259820,PUT,89,4,benchKey_47_50,bytes=30;client_id=47;clients=50
1779646259820,PUT,91,4,benchKey_49_50,bytes=30;client_id=49;clients=50
1779646259822,PUT,89,4,benchKey_10_50,bytes=30;client_id=10;clients=50
1779646259827,PUT,94,4,benchKey_37_50,bytes=30;client_id=37;clients=50
1779646259828,PUT,93,4,benchKey_46_50,bytes=30;client_id=46;clients=50
1779646259828,PUT,93,4,benchKey_43_50,bytes=30;client_id=43;clients=50
1779646259833,PUT,98,4,benchKey_22_50,bytes=30;client_id=22;clients=50
1779646259834,PUT,99,4,benchKey_27_50,bytes=30;client_id=27;clients=50
1779646259834,PUT,99,4,benchKey_0_50,bytes=29;client_id=0;clients=50
1779646259838,PUT,102,4,benchKey_19_50,bytes=30;client_id=19;clients=50
1779646259855,PUT,119,4,benchKey_31_50,bytes=30;client_id=31;clients=50
1779646259855,PUT,119,4,benchKey_36_50,bytes=30;client_id=36;clients=50
1779646259856,PUT,118,4,benchKey_42_50,bytes=30;client_id=42;clients=50
1779646259857,PUT,112,4,benchKey_34_50,bytes=30;client_id=34;clients=50
1779646259857,PUT,112,4,benchKey_33_50,bytes=30;client_id=33;clients=50
1779646259858,PUT,115,4,benchKey_29_51,bytes=30;client_id=29;clients=50
1779646259859,PUT,108,4,benchKey_20_50,bytes=30;client_id=20;clients=50
1779646259860,PUT,109,4,benchKey_11_50,bytes=30;client_id=11;clients=50
1779646259860,PUT,110,4,benchKey_38_51,bytes=30;client_id=38;clients=50
1779646259860,PUT,105,4,benchKey_7_50,bytes=29;client_id=7;clients=50
1779646259861,PUT,91,4,benchKey_44_50,bytes=30;client_id=44;clients=50
1779646259863,PUT,89,4,benchKey_25_50,bytes=30;client_id=25;clients=50
1779646259863,PUT,90,4,benchKey_3_50,bytes=29;client_id=3;clients=50
1779646259868,PUT,94,4,benchKey_24_50,bytes=30;client_id=24;clients=50
1779646259869,PUT,94,4,benchKey_17_50,bytes=30;client_id=17;clients=50
1779646259869,PUT,94,4,benchKey_1_51,bytes=29;client_id=1;clients=50
1779646259875,PUT,99,4,benchKey_2_51,bytes=29;client_id=2;clients=50
1779646259875,PUT,100,4,benchKey_26_50,bytes=30;client_id=26;clients=50
1779646259875,PUT,99,4,benchKey_13_50,bytes=30;client_id=13;clients=50
1779646259880,PUT,104,4,benchKey_30_51,bytes=30;client_id=30;clients=50
1779646259898,PUT,118,4,benchKey_32_51,bytes=30;client_id=32;clients=50
1779646259898,PUT,120,4,benchKey_28_51,bytes=30;client_id=28;clients=50
1779646259898,PUT,120,4,benchKey_5_50,bytes=29;client_id=5;clients=50
1779646259899,PUT,115,4,benchKey_39_51,bytes=30;client_id=39;clients=50
1779646259899,PUT,113,4,benchKey_9_51,bytes=29;client_id=9;clients=50
1779646259901,PUT,115,4,benchKey_6_51,bytes=29;client_id=6;clients=50
1779646259902,PUT,111,4,benchKey_8_51,bytes=29;client_id=8;clients=50
1779646259902,PUT,111,4,benchKey_48_51,bytes=30;client_id=48;clients=50
1779646259902,PUT,105,4,benchKey_14_50,bytes=30;client_id=14;clients=50
1779646259903,PUT,109,4,benchKey_12_50,bytes=30;client_id=12;clients=50
1779646259903,PUT,90,4,benchKey_45_51,bytes=30;client_id=45;clients=50
1779646259905,PUT,89,4,benchKey_4_51,bytes=29;client_id=4;clients=50
1779646259906,PUT,92,4,benchKey_18_51,bytes=30;client_id=18;clients=50
1779646259911,PUT,96,4,benchKey_40_50,bytes=30;client_id=40;clients=50
1779646259912,PUT,96,4,benchKey_35_51,bytes=30;client_id=35;clients=50
1779646259912,PUT,96,4,benchKey_21_51,bytes=30;client_id=21;clients=50
1779646259918,PUT,100,4,benchKey_15_51,bytes=30;client_id=15;clients=50
1779646259918,PUT,101,4,benchKey_16_51,bytes=30;client_id=16;clients=50
1779646259918,PUT,101,4,benchKey_41_51,bytes=30;client_id=41;clients=50
1779646259922,PUT,104,4,benchKey_23_51,bytes=30;client_id=23;clients=50
1779646259940,PUT,113,4,benchKey_37_51,bytes=30;client_id=37;clients=50
1779646259941,PUT,120,4,benchKey_47_51,bytes=30;client_id=47;clients=50
1779646259941,PUT,120,4,benchKey_49_51,bytes=30;client_id=49;clients=50
1779646259941,PUT,119,4,benchKey_10_51,bytes=30;client_id=10;clients=50
1779646259941,PUT,113,4,benchKey_46_51,bytes=30;client_id=46;clients=50
1779646259943,PUT,115,4,benchKey_43_51,bytes=30;client_id=43;clients=50
1779646259944,PUT,110,4,benchKey_22_51,bytes=30;client_id=22;clients=50
1779646259944,PUT,88,4,benchKey_31_51,bytes=30;client_id=31;clients=50
1779646259944,PUT,109,4,benchKey_0_51,bytes=29;client_id=0;clients=50
1779646259944,PUT,110,4,benchKey_27_51,bytes=30;client_id=27;clients=50
1779646259945,PUT,106,4,benchKey_19_51,bytes=30;client_id=19;clients=50
1779646259946,PUT,90,4,benchKey_36_51,bytes=30;client_id=36;clients=50
1779646259948,PUT,91,4,benchKey_42_51,bytes=30;client_id=42;clients=50
1779646259954,PUT,95,4,benchKey_29_52,bytes=30;client_id=29;clients=50
1779646259954,PUT,96,4,benchKey_34_51,bytes=30;client_id=34;clients=50
1779646259954,PUT,96,4,benchKey_33_51,bytes=30;client_id=33;clients=50
1779646259959,PUT,98,4,benchKey_11_51,bytes=30;client_id=11;clients=50
1779646259959,PUT,98,4,benchKey_38_52,bytes=30;client_id=38;clients=50
1779646259960,PUT,100,4,benchKey_20_51,bytes=30;client_id=20;clients=50
1779646259964,PUT,103,4,benchKey_7_51,bytes=29;client_id=7;clients=50
1779646259983,PUT,119,4,benchKey_3_51,bytes=29;client_id=3;clients=50
1779646259983,PUT,121,4,benchKey_44_51,bytes=30;client_id=44;clients=50
1779646259983,PUT,120,4,benchKey_25_51,bytes=30;client_id=25;clients=50
1779646259983,PUT,113,4,benchKey_17_51,bytes=30;client_id=17;clients=50
1779646259983,PUT,114,4,benchKey_24_51,bytes=30;client_id=24;clients=50
1779646259984,PUT,114,4,benchKey_1_52,bytes=29;client_id=1;clients=50
1779646259986,PUT,110,4,benchKey_2_52,bytes=29;client_id=2;clients=50
1779646259986,PUT,110,4,benchKey_26_51,bytes=30;client_id=26;clients=50
1779646259986,PUT,87,4,benchKey_32_52,bytes=30;client_id=32;clients=50
1779646259986,PUT,110,4,benchKey_13_51,bytes=30;client_id=13;clients=50
1779646259986,PUT,106,4,benchKey_30_52,bytes=30;client_id=30;clients=50
1779646259988,PUT,89,4,benchKey_5_51,bytes=29;client_id=5;clients=50
1779646259990,PUT,91,4,benchKey_28_52,bytes=30;client_id=28;clients=50
1779646259995,PUT,95,4,benchKey_39_52,bytes=30;client_id=39;clients=50
1779646259995,PUT,93,4,benchKey_6_52,bytes=29;client_id=6;clients=50
1779646259997,PUT,97,4,benchKey_9_52,bytes=29;client_id=9;clients=50
1779646260000,PUT,97,4,benchKey_8_52,bytes=29;client_id=8;clients=50
1779646260001,PUT,98,4,benchKey_48_52,bytes=30;client_id=48;clients=50
1779646260002,PUT,99,4,benchKey_14_51,bytes=30;client_id=14;clients=50
1779646260005,PUT,101,4,benchKey_12_51,bytes=30;client_id=12;clients=50
1779646260025,PUT,112,4,benchKey_35_52,bytes=30;client_id=35;clients=50
1779646260026,PUT,113,4,benchKey_21_52,bytes=30;client_id=21;clients=50
1779646260026,PUT,121,4,benchKey_4_52,bytes=29;client_id=4;clients=50
1779646260026,PUT,120,4,benchKey_18_52,bytes=30;client_id=18;clients=50
1779646260026,PUT,114,4,benchKey_40_51,bytes=30;client_id=40;clients=50
1779646260026,PUT,122,4,benchKey_45_52,bytes=30;client_id=45;clients=50
1779646260027,PUT,86,4,benchKey_37_52,bytes=30;client_id=37;clients=50
1779646260027,PUT,104,4,benchKey_23_52,bytes=30;client_id=23;clients=50
1779646260028,PUT,109,4,benchKey_41_52,bytes=30;client_id=41;clients=50
1779646260028,PUT,109,4,benchKey_15_52,bytes=30;client_id=15;clients=50
1779646260028,PUT,109,4,benchKey_16_52,bytes=30;client_id=16;clients=50
1779646260029,PUT,87,4,benchKey_47_52,bytes=30;client_id=47;clients=50
1779646260032,PUT,90,4,benchKey_49_52,bytes=30;client_id=49;clients=50
1779646260036,PUT,94,4,benchKey_10_52,bytes=30;client_id=10;clients=50
1779646260036,PUT,94,4,benchKey_46_52,bytes=30;client_id=46;clients=50
1779646260038,PUT,94,4,benchKey_43_52,bytes=30;client_id=43;clients=50
1779646260041,PUT,96,4,benchKey_22_52,bytes=30;client_id=22;clients=50
1779646260042,PUT,97,4,benchKey_31_52,bytes=30;client_id=31;clients=50
1779646260043,PUT,98,4,benchKey_0_52,bytes=29;client_id=0;clients=50
1779646260046,PUT,101,4,benchKey_27_52,bytes=30;client_id=27;clients=50
1779646260067,PUT,112,4,benchKey_34_52,bytes=30;client_id=34;clients=50
1779646260067,PUT,122,4,benchKey_19_52,bytes=30;client_id=19;clients=50
1779646260067,PUT,112,4,benchKey_29_53,bytes=30;client_id=29;clients=50
1779646260067,PUT,112,4,benchKey_33_52,bytes=30;client_id=33;clients=50
1779646260068,PUT,108,4,benchKey_38_53,bytes=30;client_id=38;clients=50
1779646260068,PUT,109,4,benchKey_11_52,bytes=30;client_id=11;clients=50
1779646260068,PUT,122,4,benchKey_36_52,bytes=30;client_id=36;clients=50
1779646260068,PUT,120,4,benchKey_42_52,bytes=30;client_id=42;clients=50
1779646260070,PUT,110,4,benchKey_20_52,bytes=30;client_id=20;clients=50
1779646260070,PUT,86,4,benchKey_44_52,bytes=30;client_id=44;clients=50
1779646260070,PUT,106,4,benchKey_7_52,bytes=29;client_id=7;clients=50
1779646260070,PUT,86,4,benchKey_3_52,bytes=29;client_id=3;clients=50
1779646260073,PUT,89,4,benchKey_25_52,bytes=30;client_id=25;clients=50
1779646260077,PUT,93,4,benchKey_24_52,bytes=30;client_id=24;clients=50
1779646260077,PUT,93,4,benchKey_17_52,bytes=30;client_id=17;clients=50
1779646260079,PUT,95,4,benchKey_1_53,bytes=29;client_id=1;clients=50
1779646260082,PUT,96,4,benchKey_2_53,bytes=29;client_id=2;clients=50
1779646260083,PUT,96,4,benchKey_26_52,bytes=30;client_id=26;clients=50
1779646260084,PUT,97,4,benchKey_13_52,bytes=30;client_id=13;clients=50
1779646260087,PUT,100,4,benchKey_30_53,bytes=30;client_id=30;clients=50
1779646260109,PUT,113,4,benchKey_6_53,bytes=29;client_id=6;clients=50
1779646260109,PUT,112,4,benchKey_9_53,bytes=29;client_id=9;clients=50
1779646260109,PUT,109,4,benchKey_8_53,bytes=29;client_id=8;clients=50
1779646260109,PUT,121,4,benchKey_5_52,bytes=29;client_id=5;clients=50
1779646260109,PUT,108,4,benchKey_48_53,bytes=30;client_id=48;clients=50
1779646260109,PUT,118,4,benchKey_28_53,bytes=30;client_id=28;clients=50
1779646260109,PUT,114,4,benchKey_39_53,bytes=30;client_id=39;clients=50
1779646260110,PUT,124,4,benchKey_32_53,bytes=30;client_id=32;clients=50
1779646260111,PUT,105,4,benchKey_12_52,bytes=30;client_id=12;clients=50
1779646260111,PUT,109,4,benchKey_14_52,bytes=30;client_id=14;clients=50
1779646260111,PUT,85,4,benchKey_35_53,bytes=30;client_id=35;clients=50
1779646260112,PUT,85,4,benchKey_21_53,bytes=30;client_id=21;clients=50
1779646260115,PUT,89,4,benchKey_4_53,bytes=29;client_id=4;clients=50
1779646260119,PUT,92,4,benchKey_18_53,bytes=30;client_id=18;clients=50
1779646260119,PUT,92,4,benchKey_40_52,bytes=30;client_id=40;clients=50
1779646260121,PUT,94,4,benchKey_45_53,bytes=30;client_id=45;clients=50
1779646260123,PUT,95,4,benchKey_37_53,bytes=30;client_id=37;clients=50
1779646260124,PUT,96,4,benchKey_23_53,bytes=30;client_id=23;clients=50
1779646260126,PUT,98,4,benchKey_41_53,bytes=30;client_id=41;clients=50
1779646260129,PUT,101,4,benchKey_15_53,bytes=30;client_id=15;clients=50
1779646260152,PUT,123,4,benchKey_47_53,bytes=30;client_id=47;clients=50
1779646260152,PUT,111,4,benchKey_22_53,bytes=30;client_id=22;clients=50
1779646260153,PUT,116,4,benchKey_10_53,bytes=30;client_id=10;clients=50
1779646260153,PUT,121,4,benchKey_49_53,bytes=30;client_id=49;clients=50
1779646260154,PUT,112,4,benchKey_31_53,bytes=30;client_id=31;clients=50
1779646260153,PUT,125,4,benchKey_16_53,bytes=30;client_id=16;clients=50
1779646260156,PUT,116,4,benchKey_46_53,bytes=30;client_id=46;clients=50
1779646260155,PUT,112,4,benchKey_0_53,bytes=29;client_id=0;clients=50
1779646260157,PUT,90,4,benchKey_29_54,bytes=30;client_id=29;clients=50
1779646260155,PUT,109,4,benchKey_27_53,bytes=30;client_id=27;clients=50
1779646260155,PUT,116,4,benchKey_43_53,bytes=30;client_id=43;clients=50
1779646260155,PUT,87,4,benchKey_19_53,bytes=30;client_id=19;clients=50
1779646260154,PUT,87,4,benchKey_34_53,bytes=30;client_id=34;clients=50
1779646260160,PUT,92,4,benchKey_38_54,bytes=30;client_id=38;clients=50
1779646260160,PUT,92,4,benchKey_33_53,bytes=30;client_id=33;clients=50
1779646260162,PUT,94,4,benchKey_11_53,bytes=30;client_id=11;clients=50
1779646260164,PUT,95,4,benchKey_36_53,bytes=30;client_id=36;clients=50
1779646260165,PUT,96,4,benchKey_42_53,bytes=30;client_id=42;clients=50
1779646260167,PUT,97,4,benchKey_20_53,bytes=30;client_id=20;clients=50
1779646260171,PUT,100,4,benchKey_44_53,bytes=30;client_id=44;clients=50
1779646260197,PUT,126,4,benchKey_3_53,bytes=29;client_id=3;clients=50
1779646260197,PUT,114,4,benchKey_26_53,bytes=30;client_id=26;clients=50
1779646260197,PUT,117,4,benchKey_1_54,bytes=29;client_id=1;clients=50
1779646260197,PUT,124,4,benchKey_25_53,bytes=30;client_id=25;clients=50
1779646260197,PUT,87,4,benchKey_9_54,bytes=29;client_id=9;clients=50
1779646260197,PUT,127,4,benchKey_7_53,bytes=29;client_id=7;clients=50
1779646260198,PUT,115,4,benchKey_2_54,bytes=29;client_id=2;clients=50
1779646260198,PUT,88,4,benchKey_6_54,bytes=29;client_id=6;clients=50
1779646260198,PUT,111,4,benchKey_30_54,bytes=30;client_id=30;clients=50
1779646260198,PUT,120,4,benchKey_24_53,bytes=30;client_id=24;clients=50
1779646260198,PUT,120,4,benchKey_17_53,bytes=30;client_id=17;clients=50
1779646260198,PUT,114,4,benchKey_13_53,bytes=30;client_id=13;clients=50
1779646260199,PUT,89,4,benchKey_8_54,bytes=29;client_id=8;clients=50
1779646260202,PUT,92,4,benchKey_5_53,bytes=29;client_id=5;clients=50
1779646260202,PUT,92,4,benchKey_48_54,bytes=30;client_id=48;clients=50
1779646260204,PUT,94,4,benchKey_28_54,bytes=30;client_id=28;clients=50
1779646260205,PUT,95,4,benchKey_39_54,bytes=30;client_id=39;clients=50
1779646260206,PUT,95,4,benchKey_32_54,bytes=30;client_id=32;clients=50
1779646260209,PUT,98,4,benchKey_12_53,bytes=30;client_id=12;clients=50
1779646260213,PUT,102,4,benchKey_14_53,bytes=30;client_id=14;clients=50
1779646260240,PUT,124,4,benchKey_4_54,bytes=29;client_id=4;clients=50
1779646260240,PUT,119,4,benchKey_45_54,bytes=30;client_id=45;clients=50
1779646260240,PUT,128,4,benchKey_21_54,bytes=30;client_id=21;clients=50
1779646260240,PUT,121,4,benchKey_40_53,bytes=30;client_id=40;clients=50
1779646260241,PUT,121,4,benchKey_18_54,bytes=30;client_id=18;clients=50
1779646260240,PUT,87,4,benchKey_22_54,bytes=30;client_id=22;clients=50
1779646260241,PUT,112,4,benchKey_15_54,bytes=30;client_id=15;clients=50
1779646260242,PUT,131,4,benchKey_35_54,bytes=30;client_id=35;clients=50
1779646260242,PUT,118,4,benchKey_23_54,bytes=30;client_id=23;clients=50
1779646260242,PUT,116,4,benchKey_41_54,bytes=30;client_id=41;clients=50
1779646260243,PUT,91,4,benchKey_47_54,bytes=30;client_id=47;clients=50
1779646260244,PUT,120,4,benchKey_37_54,bytes=30;client_id=37;clients=50
1779646260244,PUT,90,4,benchKey_49_54,bytes=30;client_id=49;clients=50
1779646260245,PUT,89,4,benchKey_31_54,bytes=30;client_id=31;clients=50
1779646260246,PUT,89,4,benchKey_16_54,bytes=30;client_id=16;clients=50
1779646260248,PUT,90,4,benchKey_46_54,bytes=30;client_id=46;clients=50
1779646260249,PUT,96,4,benchKey_10_54,bytes=30;client_id=10;clients=50
1779646260249,PUT,91,4,benchKey_0_54,bytes=29;client_id=0;clients=50
1779646260249,PUT,52,4,benchKey_9_55,bytes=29;client_id=9;clients=50
1779646260250,PUT,93,4,benchKey_29_55,bytes=30;client_id=29;clients=50
1779646260255,PUT,97,4,benchKey_27_54,bytes=30;client_id=27;clients=50
1779646260284,PUT,126,4,benchKey_43_54,bytes=30;client_id=43;clients=50
1779646260287,PUT,115,4,benchKey_44_54,bytes=30;client_id=44;clients=50
1779646260290,PUT,93,4,benchKey_25_54,bytes=30;client_id=25;clients=50
1779646260292,PUT,93,4,benchKey_6_55,bytes=29;client_id=6;clients=50
1779646260293,PUT,94,4,benchKey_30_55,bytes=30;client_id=30;clients=50
1779646260290,PUT,127,4,benchKey_11_54,bytes=30;client_id=11;clients=50
1779646260293,PUT,129,4,benchKey_36_54,bytes=30;client_id=36;clients=50
1779646260294,PUT,96,4,benchKey_2_55,bytes=29;client_id=2;clients=50
1779646260290,PUT,129,4,benchKey_33_54,bytes=30;client_id=33;clients=50
1779646260289,PUT,121,4,benchKey_20_54,bytes=30;client_id=20;clients=50
1779646260287,PUT,121,4,benchKey_42_54,bytes=30;client_id=42;clients=50
1779646260287,PUT,129,4,benchKey_19_54,bytes=30;client_id=19;clients=50
1779646260295,PUT,95,4,benchKey_7_54,bytes=29;client_id=7;clients=50
1779646260294,PUT,95,4,benchKey_17_54,bytes=30;client_id=17;clients=50
1779646260293,PUT,95,4,benchKey_1_55,bytes=29;client_id=1;clients=50
1779646260292,PUT,95,4,benchKey_3_54,bytes=29;client_id=3;clients=50
1779646260292,PUT,94,4,benchKey_26_54,bytes=30;client_id=26;clients=50
1779646260291,PUT,133,4,benchKey_34_54,bytes=30;client_id=34;clients=50
1779646260291,PUT,130,4,benchKey_38_55,bytes=30;client_id=38;clients=50
1779646260298,PUT,99,4,benchKey_13_54,bytes=30;client_id=13;clients=50
1779646260327,PUT,128,4,benchKey_24_54,bytes=30;client_id=24;clients=50
1779646260329,PUT,127,4,benchKey_48_55,bytes=30;client_id=48;clients=50
1779646260330,PUT,131,4,benchKey_8_55,bytes=29;client_id=8;clients=50
1779646260331,PUT,127,4,benchKey_28_55,bytes=30;client_id=28;clients=50
1779646260335,PUT,129,4,benchKey_32_55,bytes=30;client_id=32;clients=50
1779646260335,PUT,133,4,benchKey_5_54,bytes=29;client_id=5;clients=50
1779646260336,PUT,96,4,benchKey_4_55,bytes=29;client_id=4;clients=50
1779646260337,PUT,127,4,benchKey_12_54,bytes=30;client_id=12;clients=50
1779646260339,PUT,96,4,benchKey_41_55,bytes=30;client_id=41;clients=50
1779646260339,PUT,98,4,benchKey_40_54,bytes=30;client_id=40;clients=50
1779646260339,PUT,96,4,benchKey_23_55,bytes=30;client_id=23;clients=50
1779646260339,PUT,97,4,benchKey_15_55,bytes=30;client_id=15;clients=50
1779646260340,PUT,99,4,benchKey_22_55,bytes=30;client_id=22;clients=50
1779646260340,PUT,99,4,benchKey_18_55,bytes=30;client_id=18;clients=50
1779646260342,PUT,137,4,benchKey_39_55,bytes=30;client_id=39;clients=50
1779646260339,PUT,99,4,benchKey_45_55,bytes=30;client_id=45;clients=50
1779646260343,PUT,99,4,benchKey_47_55,bytes=30;client_id=47;clients=50
1779646260342,PUT,102,4,benchKey_21_55,bytes=30;client_id=21;clients=50
1779646260342,PUT,99,4,benchKey_35_55,bytes=30;client_id=35;clients=50
1779646260343,PUT,130,4,benchKey_14_54,bytes=30;client_id=14;clients=50
1779646260369,PUT,124,4,benchKey_37_55,bytes=30;client_id=37;clients=50
1779646260371,PUT,125,4,benchKey_49_55,bytes=30;client_id=49;clients=50
1779646260372,PUT,126,4,benchKey_31_55,bytes=30;client_id=31;clients=50
1779646260373,PUT,126,4,benchKey_16_55,bytes=30;client_id=16;clients=50
1779646260379,PUT,130,4,benchKey_46_55,bytes=30;client_id=46;clients=50
1779646260379,PUT,129,4,benchKey_0_55,bytes=29;client_id=0;clients=50
1779646260380,PUT,130,4,benchKey_10_55,bytes=30;client_id=10;clients=50
1779646260382,PUT,88,4,benchKey_30_56,bytes=30;client_id=30;clients=50
1779646260382,PUT,132,4,benchKey_9_56,bytes=29;client_id=9;clients=50
1779646260383,PUT,90,4,benchKey_25_55,bytes=30;client_id=25;clients=50
1779646260384,PUT,91,4,benchKey_6_56,bytes=29;client_id=6;clients=50
1779646260384,PUT,129,4,benchKey_27_55,bytes=30;client_id=27;clients=50
1779646260385,PUT,134,4,benchKey_29_56,bytes=30;client_id=29;clients=50
1779646260386,PUT,101,4,benchKey_43_55,bytes=30;client_id=43;clients=50
1779646260386,PUT,92,4,benchKey_36_55,bytes=30;client_id=36;clients=50
1779646260386,PUT,95,4,benchKey_44_55,bytes=30;client_id=44;clients=50
1779646260386,PUT,89,4,benchKey_2_56,bytes=29;client_id=2;clients=50
1779646260387,PUT,93,4,benchKey_11_55,bytes=30;client_id=11;clients=50
1779646260387,PUT,90,4,benchKey_33_55,bytes=30;client_id=33;clients=50
1779646260388,PUT,91,4,benchKey_20_55,bytes=30;client_id=20;clients=50
1779646260411,PUT,114,4,benchKey_42_55,bytes=30;client_id=42;clients=50
1779646260412,PUT,115,4,benchKey_19_55,bytes=30;client_id=19;clients=50
1779646260414,PUT,117,4,benchKey_7_55,bytes=29;client_id=7;clients=50
1779646260415,PUT,118,4,benchKey_17_55,bytes=30;client_id=17;clients=50
1779646260420,PUT,123,4,benchKey_1_56,bytes=29;client_id=1;clients=50
1779646260420,PUT,123,4,benchKey_3_55,bytes=29;client_id=3;clients=50
1779646260421,PUT,123,4,benchKey_26_55,bytes=30;client_id=26;clients=50
1779646260423,PUT,125,4,benchKey_34_55,bytes=30;client_id=34;clients=50
1779646260423,PUT,125,4,benchKey_38_56,bytes=30;client_id=38;clients=50
1779646260424,PUT,125,4,benchKey_13_55,bytes=30;client_id=13;clients=50
1779646260425,PUT,95,4,benchKey_48_56,bytes=30;client_id=48;clients=50
1779646260425,PUT,97,4,benchKey_24_55,bytes=30;client_id=24;clients=50
1779646260427,PUT,91,4,benchKey_32_56,bytes=30;client_id=32;clients=50
1779646260427,PUT,90,4,benchKey_5_55,bytes=29;client_id=5;clients=50
1779646260427,PUT,95,4,benchKey_28_56,bytes=30;client_id=28;clients=50
1779646260427,PUT,90,4,benchKey_4_56,bytes=29;client_id=4;clients=50
1779646260427,PUT,96,4,benchKey_8_56,bytes=29;client_id=8;clients=50
1779646260428,PUT,90,4,benchKey_12_55,bytes=30;client_id=12;clients=50
1779646260429,PUT,89,4,benchKey_23_56,bytes=30;client_id=23;clients=50
1779646260429,PUT,89,4,benchKey_41_56,bytes=30;client_id=41;clients=50
1779646260453,PUT,113,4,benchKey_40_55,bytes=30;client_id=40;clients=50
1779646260454,PUT,114,4,benchKey_15_56,bytes=30;client_id=15;clients=50
1779646260455,PUT,114,4,benchKey_22_56,bytes=30;client_id=22;clients=50
1779646260456,PUT,115,4,benchKey_18_56,bytes=30;client_id=18;clients=50
1779646260461,PUT,118,4,benchKey_45_56,bytes=30;client_id=45;clients=50
1779646260461,PUT,117,4,benchKey_47_56,bytes=30;client_id=47;clients=50
1779646260462,PUT,118,4,benchKey_39_56,bytes=30;client_id=39;clients=50
1779646260464,PUT,119,4,benchKey_35_56,bytes=30;client_id=35;clients=50
1779646260464,PUT,120,4,benchKey_21_56,bytes=30;client_id=21;clients=50
1779646260465,PUT,120,4,benchKey_14_55,bytes=30;client_id=14;clients=50
1779646260467,PUT,95,4,benchKey_49_56,bytes=30;client_id=49;clients=50
1779646260467,PUT,97,4,benchKey_37_56,bytes=30;client_id=37;clients=50
1779646260468,PUT,88,4,benchKey_46_56,bytes=30;client_id=46;clients=50
1779646260468,PUT,95,4,benchKey_16_56,bytes=30;client_id=16;clients=50
1779646260468,PUT,96,4,benchKey_31_56,bytes=30;client_id=31;clients=50
1779646260468,PUT,88,4,benchKey_0_56,bytes=29;client_id=0;clients=50
1779646260468,PUT,87,4,benchKey_10_56,bytes=30;client_id=10;clients=50
1779646260469,PUT,86,4,benchKey_30_57,bytes=30;client_id=30;clients=50
1779646260470,PUT,86,4,benchKey_25_56,bytes=30;client_id=25;clients=50
1779646260470,PUT,87,4,benchKey_9_57,bytes=29;client_id=9;clients=50
1779646260495,PUT,111,4,benchKey_27_56,bytes=30;client_id=27;clients=50
1779646260495,PUT,111,4,benchKey_6_57,bytes=29;client_id=6;clients=50
1779646260497,PUT,112,4,benchKey_29_57,bytes=30;client_id=29;clients=50
1779646260498,PUT,112,4,benchKey_43_56,bytes=30;client_id=43;clients=50
1779646260502,PUT,116,4,benchKey_44_56,bytes=30;client_id=44;clients=50
1779646260502,PUT,116,4,benchKey_36_56,bytes=30;client_id=36;clients=50
1779646260503,PUT,117,4,benchKey_2_57,bytes=29;client_id=2;clients=50
1779646260505,PUT,117,4,benchKey_33_56,bytes=30;client_id=33;clients=50
1779646260505,PUT,118,4,benchKey_11_56,bytes=30;client_id=11;clients=50
1779646260507,PUT,118,4,benchKey_20_56,bytes=30;client_id=20;clients=50
1779646260508,PUT,96,4,benchKey_42_56,bytes=30;client_id=42;clients=50
1779646260509,PUT,88,4,benchKey_3_56,bytes=29;client_id=3;clients=50
1779646260509,PUT,93,4,benchKey_17_56,bytes=30;client_id=17;clients=50
1779646260509,PUT,95,4,benchKey_7_56,bytes=29;client_id=7;clients=50
1779646260509,PUT,97,4,benchKey_19_56,bytes=30;client_id=19;clients=50
1779646260511,PUT,89,4,benchKey_26_56,bytes=30;client_id=26;clients=50
1779646260511,PUT,88,4,benchKey_34_56,bytes=30;client_id=34;clients=50
1779646260511,PUT,87,4,benchKey_38_57,bytes=30;client_id=38;clients=50
1779646260511,PUT,91,4,benchKey_1_57,bytes=29;client_id=1;clients=50
1779646260511,PUT,87,4,benchKey_13_56,bytes=30;client_id=13;clients=50
1779646260536,PUT,111,4,benchKey_48_57,bytes=30;client_id=48;clients=50
1779646260537,PUT,111,4,benchKey_24_56,bytes=30;client_id=24;clients=50
1779646260540,PUT,113,4,benchKey_32_57,bytes=30;client_id=32;clients=50
1779646260541,PUT,114,4,benchKey_5_56,bytes=29;client_id=5;clients=50
1779646260544,PUT,116,4,benchKey_4_57,bytes=29;client_id=4;clients=50
1779646260545,PUT,117,4,benchKey_28_57,bytes=30;client_id=28;clients=50
1779646260545,PUT,118,4,benchKey_8_57,bytes=29;client_id=8;clients=50
1779646260546,PUT,117,4,benchKey_12_56,bytes=30;client_id=12;clients=50
1779646260546,PUT,116,4,benchKey_23_57,bytes=30;client_id=23;clients=50
1779646260549,PUT,119,4,benchKey_41_57,bytes=30;client_id=41;clients=50
1779646260549,PUT,95,4,benchKey_40_56,bytes=30;client_id=40;clients=50
1779646260550,PUT,88,4,benchKey_45_57,bytes=30;client_id=45;clients=50
1779646260550,PUT,95,4,benchKey_15_57,bytes=30;client_id=15;clients=50
1779646260551,PUT,96,4,benchKey_22_57,bytes=30;client_id=22;clients=50
1779646260551,PUT,95,4,benchKey_18_57,bytes=30;client_id=18;clients=50
1779646260552,PUT,90,4,benchKey_39_57,bytes=30;client_id=39;clients=50
1779646260552,PUT,88,4,benchKey_35_57,bytes=30;client_id=35;clients=50
1779646260552,PUT,88,4,benchKey_21_57,bytes=30;client_id=21;clients=50
1779646260552,PUT,91,4,benchKey_47_57,bytes=30;client_id=47;clients=50
1779646260553,PUT,88,4,benchKey_14_56,bytes=30;client_id=14;clients=50
1779646260578,PUT,111,4,benchKey_37_57,bytes=30;client_id=37;clients=50
1779646260578,PUT,111,4,benchKey_49_57,bytes=30;client_id=49;clients=50
1779646260582,PUT,114,4,benchKey_46_57,bytes=30;client_id=46;clients=50
1779646260582,PUT,114,4,benchKey_16_57,bytes=30;client_id=16;clients=50
1779646260586,PUT,117,4,benchKey_10_57,bytes=30;client_id=10;clients=50
1779646260586,PUT,118,4,benchKey_31_57,bytes=30;client_id=31;clients=50
1779646260587,PUT,117,4,benchKey_25_57,bytes=30;client_id=25;clients=50
1779646260587,PUT,118,4,benchKey_0_57,bytes=29;client_id=0;clients=50
1779646260588,PUT,118,4,benchKey_30_58,bytes=30;client_id=30;clients=50
1779646260590,PUT,120,4,benchKey_9_58,bytes=29;client_id=9;clients=50
1779646260591,PUT,93,4,benchKey_29_58,bytes=30;client_id=29;clients=50
1779646260591,PUT,95,4,benchKey_27_57,bytes=30;client_id=27;clients=50
1779646260591,PUT,95,4,benchKey_6_58,bytes=29;client_id=6;clients=50
1779646260592,PUT,93,4,benchKey_43_57,bytes=30;client_id=43;clients=50
1779646260592,PUT,89,4,benchKey_44_57,bytes=30;client_id=44;clients=50
1779646260593,PUT,90,4,benchKey_36_57,bytes=30;client_id=36;clients=50
1779646260594,PUT,89,4,benchKey_33_57,bytes=30;client_id=33;clients=50
1779646260594,PUT,87,4,benchKey_20_57,bytes=30;client_id=20;clients=50
1779646260595,PUT,90,4,benchKey_11_57,bytes=30;client_id=11;clients=50
1779646260595,PUT,91,4,benchKey_2_58,bytes=29;client_id=2;clients=50
1779646260620,PUT,111,4,benchKey_3_57,bytes=29;client_id=3;clients=50
1779646260620,PUT,112,4,benchKey_42_57,bytes=30;client_id=42;clients=50
1779646260624,PUT,114,4,benchKey_17_57,bytes=30;client_id=17;clients=50
1779646260624,PUT,114,4,benchKey_7_57,bytes=29;client_id=7;clients=50
1779646260627,PUT,115,4,benchKey_26_57,bytes=30;client_id=26;clients=50
1779646260628,PUT,116,4,benchKey_38_58,bytes=30;client_id=38;clients=50
1779646260628,PUT,116,4,benchKey_34_57,bytes=30;client_id=34;clients=50
1779646260628,PUT,118,4,benchKey_19_57,bytes=30;client_id=19;clients=50
1779646260629,PUT,117,4,benchKey_1_58,bytes=29;client_id=1;clients=50
1779646260631,PUT,119,4,benchKey_13_57,bytes=30;client_id=13;clients=50
1779646260632,PUT,92,4,benchKey_32_58,bytes=30;client_id=32;clients=50
1779646260632,PUT,95,4,benchKey_24_57,bytes=30;client_id=24;clients=50
1779646260633,PUT,96,4,benchKey_48_58,bytes=30;client_id=48;clients=50
1779646260633,PUT,89,4,benchKey_4_58,bytes=29;client_id=4;clients=50
1779646260633,PUT,92,4,benchKey_5_57,bytes=29;client_id=5;clients=50
1779646260635,PUT,89,4,benchKey_12_57,bytes=30;client_id=12;clients=50
1779646260635,PUT,89,4,benchKey_8_58,bytes=29;client_id=8;clients=50
1779646260635,PUT,90,4,benchKey_28_58,bytes=30;client_id=28;clients=50
1779646260636,PUT,86,4,benchKey_41_58,bytes=30;client_id=41;clients=50
1779646260636,PUT,89,4,benchKey_23_58,bytes=30;client_id=23;clients=50
1779646260662,PUT,113,4,benchKey_40_57,bytes=30;client_id=40;clients=50
1779646260663,PUT,113,4,benchKey_45_58,bytes=30;client_id=45;clients=50
1779646260665,PUT,113,4,benchKey_22_58,bytes=30;client_id=22;clients=50
1779646260665,PUT,114,4,benchKey_15_58,bytes=30;client_id=15;clients=50
1779646260668,PUT,116,4,benchKey_18_58,bytes=30;client_id=18;clients=50
1779646260669,PUT,116,4,benchKey_21_58,bytes=30;client_id=21;clients=50
1779646260669,PUT,116,4,benchKey_35_58,bytes=30;client_id=35;clients=50
1779646260670,PUT,117,4,benchKey_39_58,bytes=30;client_id=39;clients=50
1779646260670,PUT,117,4,benchKey_47_58,bytes=30;client_id=47;clients=50
1779646260672,PUT,118,4,benchKey_14_57,bytes=30;client_id=14;clients=50
1779646260673,PUT,94,4,benchKey_49_58,bytes=30;client_id=49;clients=50
1779646260674,PUT,95,4,benchKey_37_58,bytes=30;client_id=37;clients=50
1779646260674,PUT,91,4,benchKey_16_58,bytes=30;client_id=16;clients=50
1779646260674,PUT,91,4,benchKey_46_58,bytes=30;client_id=46;clients=50
1779646260676,PUT,89,4,benchKey_31_58,bytes=30;client_id=31;clients=50
1779646260676,PUT,90,4,benchKey_10_58,bytes=30;client_id=10;clients=50
1779646260676,PUT,89,4,benchKey_0_58,bytes=29;client_id=0;clients=50
1779646260676,PUT,89,4,benchKey_25_58,bytes=30;client_id=25;clients=50
1779646260677,PUT,88,4,benchKey_30_59,bytes=30;client_id=30;clients=50
1779646260678,PUT,87,4,benchKey_9_59,bytes=29;client_id=9;clients=50
1779646260704,PUT,113,4,benchKey_29_59,bytes=30;client_id=29;clients=50
1779646260705,PUT,113,4,benchKey_27_58,bytes=30;client_id=27;clients=50
1779646260706,PUT,113,4,benchKey_44_58,bytes=30;client_id=44;clients=50
1779646260707,PUT,115,4,benchKey_6_59,bytes=29;client_id=6;clients=50
1779646260709,PUT,116,4,benchKey_43_58,bytes=30;client_id=43;clients=50
1779646260710,PUT,116,4,benchKey_36_58,bytes=30;client_id=36;clients=50
1779646260711,PUT,115,4,benchKey_11_58,bytes=30;client_id=11;clients=50
1779646260711,PUT,116,4,benchKey_20_58,bytes=30;client_id=20;clients=50
1779646260711,PUT,116,4,benchKey_33_58,bytes=30;client_id=33;clients=50
1779646260714,PUT,118,4,benchKey_2_59,bytes=29;client_id=2;clients=50
1779646260715,PUT,90,4,benchKey_17_58,bytes=30;client_id=17;clients=50
1779646260715,PUT,94,4,benchKey_42_58,bytes=30;client_id=42;clients=50
1779646260715,PUT,94,4,benchKey_3_58,bytes=29;client_id=3;clients=50
1779646260715,PUT,91,4,benchKey_7_58,bytes=29;client_id=7;clients=50
1779646260718,PUT,90,4,benchKey_34_58,bytes=30;client_id=34;clients=50
1779646260718,PUT,90,4,benchKey_38_59,bytes=30;client_id=38;clients=50
1779646260718,PUT,91,4,benchKey_26_58,bytes=30;client_id=26;clients=50
1779646260718,PUT,89,4,benchKey_1_59,bytes=29;client_id=1;clients=50
1779646260718,PUT,90,4,benchKey_19_58,bytes=30;client_id=19;clients=50
1779646260720,PUT,88,4,benchKey_13_58,bytes=30;client_id=13;clients=50
1779646260746,PUT,113,4,benchKey_32_59,bytes=30;client_id=32;clients=50
1779646260746,PUT,113,4,benchKey_24_58,bytes=30;client_id=24;clients=50
1779646260747,PUT,113,4,benchKey_48_59,bytes=30;client_id=48;clients=50
1779646260749,PUT,115,4,benchKey_4_59,bytes=29;client_id=4;clients=50
1779646260751,PUT,117,4,benchKey_5_58,bytes=29;client_id=5;clients=50
1779646260751,PUT,115,4,benchKey_28_59,bytes=30;client_id=28;clients=50
1779646260752,PUT,116,4,benchKey_41_59,bytes=30;client_id=41;clients=50
1779646260752,PUT,116,4,benchKey_8_59,bytes=29;client_id=8;clients=50
1779646260752,PUT,116,4,benchKey_12_58,bytes=30;client_id=12;clients=50
1779646260755,PUT,119,4,benchKey_23_59,bytes=30;client_id=23;clients=50
1779646260756,PUT,92,4,benchKey_45_59,bytes=30;client_id=45;clients=50
1779646260756,PUT,93,4,benchKey_40_58,bytes=30;client_id=40;clients=50
1779646260756,PUT,91,4,benchKey_22_59,bytes=30;client_id=22;clients=50
1779646260756,PUT,91,4,benchKey_15_59,bytes=30;client_id=15;clients=50
1779646260759,PUT,90,4,benchKey_35_59,bytes=30;client_id=35;clients=50
1779646260760,PUT,91,4,benchKey_21_59,bytes=30;client_id=21;clients=50
1779646260760,PUT,90,4,benchKey_47_59,bytes=30;client_id=47;clients=50
1779646260760,PUT,92,4,benchKey_18_59,bytes=30;client_id=18;clients=50
1779646260760,PUT,90,4,benchKey_39_59,bytes=30;client_id=39;clients=50
1779646260761,PUT,88,4,benchKey_14_58,bytes=30;client_id=14;clients=50
1779646260787,PUT,114,4,benchKey_49_59,bytes=30;client_id=49;clients=50
1779646260787,PUT,113,4,benchKey_37_59,bytes=30;client_id=37;clients=50
1779646260788,PUT,114,4,benchKey_46_59,bytes=30;client_id=46;clients=50
1779646260791,PUT,117,4,benchKey_16_59,bytes=30;client_id=16;clients=50
1779646260794,PUT,117,4,benchKey_31_59,bytes=30;client_id=31;clients=50
1779646260795,PUT,118,4,benchKey_10_59,bytes=30;client_id=10;clients=50
1779646260794,PUT,118,4,benchKey_25_59,bytes=30;client_id=25;clients=50
1779646260795,PUT,118,4,benchKey_30_60,bytes=30;client_id=30;clients=50
1779646260796,PUT,119,4,benchKey_0_59,bytes=29;client_id=0;clients=50
1779646260796,PUT,118,4,benchKey_9_60,bytes=29;client_id=9;clients=50
1779646260797,PUT,92,4,benchKey_27_59,bytes=30;client_id=27;clients=50
1779646260798,PUT,91,4,benchKey_44_59,bytes=30;client_id=44;clients=50
1779646260798,PUT,91,4,benchKey_6_60,bytes=29;client_id=6;clients=50
1779646260798,PUT,94,4,benchKey_29_60,bytes=30;client_id=29;clients=50
1779646260801,PUT,92,4,benchKey_43_59,bytes=30;client_id=43;clients=50
1779646260802,PUT,91,4,benchKey_33_59,bytes=30;client_id=33;clients=50
1779646260802,PUT,91,4,benchKey_11_59,bytes=30;client_id=11;clients=50
1779646260803,PUT,92,4,benchKey_20_59,bytes=30;client_id=20;clients=50
1779646260803,PUT,93,4,benchKey_36_59,bytes=30;client_id=36;clients=50
1779646260804,PUT,90,4,benchKey_2_60,bytes=29;client_id=2;clients=50
1779646260832,PUT,117,4,benchKey_42_59,bytes=30;client_id=42;clients=50
1779646260833,PUT,117,4,benchKey_17_59,bytes=30;client_id=17;clients=50
1779646260833,PUT,117,4,benchKey_3_59,bytes=29;client_id=3;clients=50
1779646260834,PUT,118,4,benchKey_7_59,bytes=29;client_id=7;clients=50
1779646260836,PUT,118,4,benchKey_38_60,bytes=30;client_id=38;clients=50
1779646260837,PUT,118,4,benchKey_26_59,bytes=30;client_id=26;clients=50
1779646260837,PUT,118,4,benchKey_1_60,bytes=29;client_id=1;clients=50
1779646260837,PUT,119,4,benchKey_34_59,bytes=30;client_id=34;clients=50
1779646260837,PUT,118,4,benchKey_19_59,bytes=30;client_id=19;clients=50
1779646260838,PUT,118,4,benchKey_13_59,bytes=30;client_id=13;clients=50
1779646260839,PUT,92,4,benchKey_24_59,bytes=30;client_id=24;clients=50
1779646260840,PUT,93,4,benchKey_48_60,bytes=30;client_id=48;clients=50
1779646260840,PUT,93,4,benchKey_32_60,bytes=30;client_id=32;clients=50
1779646260842,PUT,93,4,benchKey_4_60,bytes=29;client_id=4;clients=50
1779646260843,PUT,92,4,benchKey_5_59,bytes=29;client_id=5;clients=50
1779646260844,PUT,92,4,benchKey_28_60,bytes=30;client_id=28;clients=50
1779646260844,PUT,92,4,benchKey_41_60,bytes=30;client_id=41;clients=50
1779646260845,PUT,92,4,benchKey_12_59,bytes=30;client_id=12;clients=50
1779646260847,PUT,92,4,benchKey_23_60,bytes=30;client_id=23;clients=50
1779646260848,PUT,95,4,benchKey_8_60,bytes=29;client_id=8;clients=50
1779646260874,PUT,118,4,benchKey_22_60,bytes=30;client_id=22;clients=50
1779646260875,PUT,119,4,benchKey_45_60,bytes=30;client_id=45;clients=50
1779646260875,PUT,119,4,benchKey_40_59,bytes=30;client_id=40;clients=50
1779646260875,PUT,119,4,benchKey_15_60,bytes=30;client_id=15;clients=50
1779646260877,PUT,118,4,benchKey_35_60,bytes=30;client_id=35;clients=50
1779646260879,PUT,118,4,benchKey_21_60,bytes=30;client_id=21;clients=50
1779646260879,PUT,118,4,benchKey_39_60,bytes=30;client_id=39;clients=50
1779646260879,PUT,118,4,benchKey_14_59,bytes=30;client_id=14;clients=50
1779646260879,PUT,118,4,benchKey_47_60,bytes=30;client_id=47;clients=50
1779646260879,PUT,119,4,benchKey_18_60,bytes=30;client_id=18;clients=50
1779646260881,PUT,93,4,benchKey_49_60,bytes=30;client_id=49;clients=50
1779646260881,PUT,92,4,benchKey_46_60,bytes=30;client_id=46;clients=50
1779646260881,PUT,93,4,benchKey_37_60,bytes=30;client_id=37;clients=50
1779646260884,PUT,92,4,benchKey_16_60,bytes=30;client_id=16;clients=50
1779646260884,PUT,89,4,benchKey_31_60,bytes=30;client_id=31;clients=50
1779646260885,PUT,89,4,benchKey_25_60,bytes=30;client_id=25;clients=50
1779646260885,PUT,89,4,benchKey_10_60,bytes=30;client_id=10;clients=50
1779646260887,PUT,91,4,benchKey_30_61,bytes=30;client_id=30;clients=50
1779646260890,PUT,93,4,benchKey_9_61,bytes=29;client_id=9;clients=50
1779646260891,PUT,94,4,benchKey_0_60,bytes=29;client_id=0;clients=50
1779646260916,PUT,118,4,benchKey_27_60,bytes=30;client_id=27;clients=50
1779646260917,PUT,118,4,benchKey_29_61,bytes=30;client_id=29;clients=50
1779646260918,PUT,119,4,benchKey_6_61,bytes=29;client_id=6;clients=50
1779646260918,PUT,120,4,benchKey_44_60,bytes=30;client_id=44;clients=50
1779646260918,PUT,116,4,benchKey_43_60,bytes=30;client_id=43;clients=50
1779646260920,PUT,116,4,benchKey_20_60,bytes=30;client_id=20;clients=50
1779646260920,PUT,117,4,benchKey_33_60,bytes=30;client_id=33;clients=50
1779646260921,PUT,117,4,benchKey_36_60,bytes=30;client_id=36;clients=50
1779646260921,PUT,116,4,benchKey_2_61,bytes=29;client_id=2;clients=50
1779646260921,PUT,118,4,benchKey_11_60,bytes=30;client_id=11;clients=50
1779646260922,PUT,89,4,benchKey_17_60,bytes=30;client_id=17;clients=50
1779646260923,PUT,89,4,benchKey_3_60,bytes=29;client_id=3;clients=50
1779646260923,PUT,90,4,benchKey_42_60,bytes=30;client_id=42;clients=50
1779646260925,PUT,88,4,benchKey_38_61,bytes=30;client_id=38;clients=50
1779646260925,PUT,91,4,benchKey_7_60,bytes=29;client_id=7;clients=50
1779646260926,PUT,89,4,benchKey_26_60,bytes=30;client_id=26;clients=50
1779646260928,PUT,91,4,benchKey_1_61,bytes=29;client_id=1;clients=50
1779646260929,PUT,91,4,benchKey_34_60,bytes=30;client_id=34;clients=50
1779646260932,PUT,94,4,benchKey_19_60,bytes=30;client_id=19;clients=50
1779646260932,PUT,93,4,benchKey_13_60,bytes=30;client_id=13;clients=50
1779646260958,PUT,118,4,benchKey_48_61,bytes=30;client_id=48;clients=50
1779646260958,PUT,119,4,benchKey_24_60,bytes=30;client_id=24;clients=50
1779646260959,PUT,118,4,benchKey_32_61,bytes=30;client_id=32;clients=50
1779646260959,PUT,116,4,benchKey_4_61,bytes=29;client_id=4;clients=50
1779646260959,PUT,115,4,benchKey_5_60,bytes=29;client_id=5;clients=50
1779646260961,PUT,116,4,benchKey_41_61,bytes=30;client_id=41;clients=50
1779646260961,PUT,116,4,benchKey_28_61,bytes=30;client_id=28;clients=50
1779646260962,PUT,114,4,benchKey_23_61,bytes=30;client_id=23;clients=50
1779646260962,PUT,116,4,benchKey_12_60,bytes=30;client_id=12;clients=50
1779646260962,PUT,114,4,benchKey_8_61,bytes=29;client_id=8;clients=50
1779646260963,PUT,88,4,benchKey_22_61,bytes=30;client_id=22;clients=50
1779646260964,PUT,88,4,benchKey_45_61,bytes=30;client_id=45;clients=50
1779646260965,PUT,89,4,benchKey_40_60,bytes=30;client_id=40;clients=50
1779646260966,PUT,90,4,benchKey_15_61,bytes=30;client_id=15;clients=50
1779646260966,PUT,88,4,benchKey_35_61,bytes=30;client_id=35;clients=50
1779646260969,PUT,90,4,benchKey_21_61,bytes=30;client_id=21;clients=50
1779646260969,PUT,89,4,benchKey_39_61,bytes=30;client_id=39;clients=50
1779646260970,PUT,90,4,benchKey_47_61,bytes=30;client_id=47;clients=50
1779646260973,PUT,93,4,benchKey_18_61,bytes=30;client_id=18;clients=50
1779646260974,PUT,94,4,benchKey_14_60,bytes=30;client_id=14;clients=50
1779646260999,PUT,118,4,benchKey_49_61,bytes=30;client_id=49;clients=50
1779646261000,PUT,118,4,benchKey_46_61,bytes=30;client_id=46;clients=50
1779646261001,PUT,119,4,benchKey_37_61,bytes=30;client_id=37;clients=50
1779646261001,PUT,116,4,benchKey_16_61,bytes=30;client_id=16;clients=50
1779646261001,PUT,116,4,benchKey_31_61,bytes=30;client_id=31;clients=50
1779646261003,PUT,118,4,benchKey_25_61,bytes=30;client_id=25;clients=50
1779646261003,PUT,112,4,benchKey_0_61,bytes=29;client_id=0;clients=50
1779646261003,PUT,112,4,benchKey_9_62,bytes=29;client_id=9;clients=50
1779646261003,PUT,118,4,benchKey_10_61,bytes=30;client_id=10;clients=50
1779646261004,PUT,87,4,benchKey_27_61,bytes=30;client_id=27;clients=50
1779646261004,PUT,116,4,benchKey_30_62,bytes=30;client_id=30;clients=50
1779646261005,PUT,87,4,benchKey_29_62,bytes=30;client_id=29;clients=50
1779646261006,PUT,87,4,benchKey_6_62,bytes=29;client_id=6;clients=50
1779646261007,PUT,88,4,benchKey_44_61,bytes=30;client_id=44;clients=50
1779646261007,PUT,89,4,benchKey_43_61,bytes=30;client_id=43;clients=50
1779646261010,PUT,89,4,benchKey_33_61,bytes=30;client_id=33;clients=50
1779646261011,PUT,89,4,benchKey_36_61,bytes=30;client_id=36;clients=50
1779646261011,PUT,90,4,benchKey_20_61,bytes=30;client_id=20;clients=50
1779646261014,PUT,92,4,benchKey_2_62,bytes=29;client_id=2;clients=50
1779646261015,PUT,93,4,benchKey_11_61,bytes=30;client_id=11;clients=50
1779646261040,PUT,118,4,benchKey_17_61,bytes=30;client_id=17;clients=50
1779646261042,PUT,116,4,benchKey_38_62,bytes=30;client_id=38;clients=50
1779646261042,PUT,119,4,benchKey_3_61,bytes=29;client_id=3;clients=50
1779646261043,PUT,117,4,benchKey_7_61,bytes=29;client_id=7;clients=50
1779646261043,PUT,119,4,benchKey_42_61,bytes=30;client_id=42;clients=50
1779646261044,PUT,111,4,benchKey_19_61,bytes=30;client_id=19;clients=50
1779646261044,PUT,117,4,benchKey_26_61,bytes=30;client_id=26;clients=50
1779646261044,PUT,115,4,benchKey_1_62,bytes=29;client_id=1;clients=50
1779646261045,PUT,86,4,benchKey_48_62,bytes=30;client_id=48;clients=50
1779646261046,PUT,117,4,benchKey_34_61,bytes=30;client_id=34;clients=50
1779646261046,PUT,114,4,benchKey_13_61,bytes=30;client_id=13;clients=50
1779646261046,PUT,87,4,benchKey_24_61,bytes=30;client_id=24;clients=50
1779646261047,PUT,88,4,benchKey_32_62,bytes=30;client_id=32;clients=50
1779646261049,PUT,89,4,benchKey_5_61,bytes=29;client_id=5;clients=50
1779646261049,PUT,90,4,benchKey_4_62,bytes=29;client_id=4;clients=50
1779646261052,PUT,91,4,benchKey_41_62,bytes=30;client_id=41;clients=50
1779646261052,PUT,91,4,benchKey_28_62,bytes=30;client_id=28;clients=50
1779646261052,PUT,90,4,benchKey_23_62,bytes=30;client_id=23;clients=50
1779646261056,PUT,94,4,benchKey_12_61,bytes=30;client_id=12;clients=50
1779646261056,PUT,94,4,benchKey_8_62,bytes=29;client_id=8;clients=50
1779646261081,PUT,118,4,benchKey_22_62,bytes=30;client_id=22;clients=50
1779646261084,PUT,120,4,benchKey_45_62,bytes=30;client_id=45;clients=50
1779646261084,PUT,118,4,benchKey_40_61,bytes=30;client_id=40;clients=50
1779646261085,PUT,115,4,benchKey_39_62,bytes=30;client_id=39;clients=50
1779646261085,PUT,116,4,benchKey_21_62,bytes=30;client_id=21;clients=50
1779646261085,PUT,119,4,benchKey_35_62,bytes=30;client_id=35;clients=50
1779646261085,PUT,115,4,benchKey_47_62,bytes=30;client_id=47;clients=50
1779646261085,PUT,119,4,benchKey_15_62,bytes=30;client_id=15;clients=50
1779646261086,PUT,112,4,benchKey_18_62,bytes=30;client_id=18;clients=50
1779646261088,PUT,114,4,benchKey_14_61,bytes=30;client_id=14;clients=50
1779646261088,PUT,88,4,benchKey_49_62,bytes=30;client_id=49;clients=50
1779646261089,PUT,87,4,benchKey_37_62,bytes=30;client_id=37;clients=50
1779646261089,PUT,88,4,benchKey_46_62,bytes=30;client_id=46;clients=50
1779646261090,PUT,88,4,benchKey_31_62,bytes=30;client_id=31;clients=50
1779646261091,PUT,89,4,benchKey_16_62,bytes=30;client_id=16;clients=50
1779646261093,PUT,89,4,benchKey_25_62,bytes=30;client_id=25;clients=50
1779646261093,PUT,89,4,benchKey_9_63,bytes=29;client_id=9;clients=50
1779646261093,PUT,89,4,benchKey_0_62,bytes=29;client_id=0;clients=50
1779646261098,PUT,93,4,benchKey_27_62,bytes=30;client_id=27;clients=50
1779646261098,PUT,94,4,benchKey_10_62,bytes=30;client_id=10;clients=50
1779646261122,PUT,118,4,benchKey_30_63,bytes=30;client_id=30;clients=50
1779646261126,PUT,119,4,benchKey_44_62,bytes=30;client_id=44;clients=50
1779646261126,PUT,120,4,benchKey_6_63,bytes=29;client_id=6;clients=50
1779646261126,PUT,116,4,benchKey_33_62,bytes=30;client_id=33;clients=50
1779646261127,PUT,121,4,benchKey_29_63,bytes=30;client_id=29;clients=50
1779646261127,PUT,120,4,benchKey_43_62,bytes=30;client_id=43;clients=50
1779646261127,PUT,116,4,benchKey_20_62,bytes=30;client_id=20;clients=50
1779646261127,PUT,116,4,benchKey_36_62,bytes=30;client_id=36;clients=50
1779646261128,PUT,113,4,benchKey_2_63,bytes=29;client_id=2;clients=50
1779646261129,PUT,88,4,benchKey_17_62,bytes=30;client_id=17;clients=50
1779646261130,PUT,87,4,benchKey_3_62,bytes=29;client_id=3;clients=50
1779646261130,PUT,87,4,benchKey_38_63,bytes=30;client_id=38;clients=50
1779646261130,PUT,115,4,benchKey_11_62,bytes=30;client_id=11;clients=50
1779646261132,PUT,89,4,benchKey_7_62,bytes=29;client_id=7;clients=50
1779646261132,PUT,89,4,benchKey_42_62,bytes=30;client_id=42;clients=50
1779646261134,PUT,89,4,benchKey_26_62,bytes=30;client_id=26;clients=50
1779646261135,PUT,90,4,benchKey_19_62,bytes=30;client_id=19;clients=50
1779646261135,PUT,90,4,benchKey_1_63,bytes=29;client_id=1;clients=50
1779646261139,PUT,93,4,benchKey_34_62,bytes=30;client_id=34;clients=50
1779646261139,PUT,94,4,benchKey_48_63,bytes=30;client_id=48;clients=50
1779646261163,PUT,117,4,benchKey_13_62,bytes=30;client_id=13;clients=50
1779646261168,PUT,121,4,benchKey_32_63,bytes=30;client_id=32;clients=50
1779646261168,PUT,119,4,benchKey_4_63,bytes=29;client_id=4;clients=50
1779646261168,PUT,116,4,benchKey_23_63,bytes=30;client_id=23;clients=50
1779646261168,PUT,119,4,benchKey_5_62,bytes=29;client_id=5;clients=50
1779646261169,PUT,116,4,benchKey_41_63,bytes=30;client_id=41;clients=50
1779646261169,PUT,112,4,benchKey_8_63,bytes=29;client_id=8;clients=50
1779646261169,PUT,117,4,benchKey_28_63,bytes=30;client_id=28;clients=50
1779646261169,PUT,123,4,benchKey_24_62,bytes=30;client_id=24;clients=50
1779646261170,PUT,113,4,benchKey_12_62,bytes=30;client_id=12;clients=50
1779646261171,PUT,86,4,benchKey_40_62,bytes=30;client_id=40;clients=50
1779646261171,PUT,89,4,benchKey_22_63,bytes=30;client_id=22;clients=50
1779646261171,PUT,86,4,benchKey_45_63,bytes=30;client_id=45;clients=50
1779646261174,PUT,88,4,benchKey_21_63,bytes=30;client_id=21;clients=50
1779646261174,PUT,88,4,benchKey_39_63,bytes=30;client_id=39;clients=50
1779646261175,PUT,89,4,benchKey_35_63,bytes=30;client_id=35;clients=50
1779646261177,PUT,91,4,benchKey_15_63,bytes=30;client_id=15;clients=50
1779646261177,PUT,91,4,benchKey_47_63,bytes=30;client_id=47;clients=50
1779646261181,PUT,95,4,benchKey_18_63,bytes=30;client_id=18;clients=50
1779646261182,PUT,93,4,benchKey_49_63,bytes=30;client_id=49;clients=50
1779646261206,PUT,118,4,benchKey_14_62,bytes=30;client_id=14;clients=50
1779646261209,PUT,120,4,benchKey_46_63,bytes=30;client_id=46;clients=50
1779646261209,PUT,120,4,benchKey_37_63,bytes=30;client_id=37;clients=50
1779646261210,PUT,120,4,benchKey_31_63,bytes=30;client_id=31;clients=50
1779646261211,PUT,113,4,benchKey_10_63,bytes=30;client_id=10;clients=50
1779646261211,PUT,120,4,benchKey_16_63,bytes=30;client_id=16;clients=50
1779646261211,PUT,118,4,benchKey_0_63,bytes=29;client_id=0;clients=50
1779646261211,PUT,113,4,benchKey_27_63,bytes=30;client_id=27;clients=50
1779646261212,PUT,85,4,benchKey_44_63,bytes=30;client_id=44;clients=50
1779646261212,PUT,90,4,benchKey_30_64,bytes=30;client_id=30;clients=50
1779646261211,PUT,118,4,benchKey_9_64,bytes=29;client_id=9;clients=50
1779646261211,PUT,118,4,benchKey_25_63,bytes=30;client_id=25;clients=50
1779646261213,PUT,86,4,benchKey_6_64,bytes=29;client_id=6;clients=50
1779646261215,PUT,88,4,benchKey_33_63,bytes=30;client_id=33;clients=50
1779646261215,PUT,87,4,benchKey_29_64,bytes=30;client_id=29;clients=50
1779646261216,PUT,88,4,benchKey_43_63,bytes=30;client_id=43;clients=50
1779646261219,PUT,91,4,benchKey_20_63,bytes=30;client_id=20;clients=50
1779646261219,PUT,91,4,benchKey_36_63,bytes=30;client_id=36;clients=50
1779646261223,PUT,95,4,benchKey_2_64,bytes=29;client_id=2;clients=50
1779646261224,PUT,94,4,benchKey_17_63,bytes=30;client_id=17;clients=50
1779646261248,PUT,118,4,benchKey_38_64,bytes=30;client_id=38;clients=50
1779646261250,PUT,119,4,benchKey_11_63,bytes=30;client_id=11;clients=50
1779646261251,PUT,120,4,benchKey_3_63,bytes=29;client_id=3;clients=50
1779646261253,PUT,118,4,benchKey_19_63,bytes=30;client_id=19;clients=50
1779646261253,PUT,121,4,benchKey_42_63,bytes=30;client_id=42;clients=50
1779646261253,PUT,113,4,benchKey_48_64,bytes=30;client_id=48;clients=50
1779646261253,PUT,121,4,benchKey_7_63,bytes=29;client_id=7;clients=50
1779646261253,PUT,114,4,benchKey_34_63,bytes=30;client_id=34;clients=50
1779646261253,PUT,119,4,benchKey_26_63,bytes=30;client_id=26;clients=50
1779646261253,PUT,118,4,benchKey_1_64,bytes=29;client_id=1;clients=50
1779646261254,PUT,85,4,benchKey_23_64,bytes=30;client_id=23;clients=50
1779646261254,PUT,85,4,benchKey_4_64,bytes=29;client_id=4;clients=50
1779646261254,PUT,90,4,benchKey_13_63,bytes=30;client_id=13;clients=50
1779646261257,PUT,88,4,benchKey_5_63,bytes=29;client_id=5;clients=50
1779646261257,PUT,88,4,benchKey_32_64,bytes=30;client_id=32;clients=50
1779646261257,PUT,87,4,benchKey_41_64,bytes=30;client_id=41;clients=50
1779646261260,PUT,90,4,benchKey_8_64,bytes=29;client_id=8;clients=50
1779646261262,PUT,92,4,benchKey_28_64,bytes=30;client_id=28;clients=50
1779646261265,PUT,95,4,benchKey_12_63,bytes=30;client_id=12;clients=50
1779646261265,PUT,95,4,benchKey_24_63,bytes=30;client_id=24;clients=50
1779646261289,PUT,118,4,benchKey_40_63,bytes=30;client_id=40;clients=50
1779646261292,PUT,121,4,benchKey_22_64,bytes=30;client_id=22;clients=50
1779646261293,PUT,121,4,benchKey_45_64,bytes=30;client_id=45;clients=50
1779646261295,PUT,88,4,benchKey_14_63,bytes=30;client_id=14;clients=50
1779646261295,PUT,120,4,benchKey_35_64,bytes=30;client_id=35;clients=50
1779646261295,PUT,85,4,benchKey_46_64,bytes=30;client_id=46;clients=50
1779646261295,PUT,85,4,benchKey_37_64,bytes=30;client_id=37;clients=50
1779646261295,PUT,118,4,benchKey_47_64,bytes=30;client_id=47;clients=50
1779646261295,PUT,113,4,benchKey_18_64,bytes=30;client_id=18;clients=50
1779646261295,PUT,121,4,benchKey_21_64,bytes=30;client_id=21;clients=50
1779646261295,PUT,113,4,benchKey_49_64,bytes=30;client_id=49;clients=50
1779646261295,PUT,121,4,benchKey_39_64,bytes=30;client_id=39;clients=50
1779646261296,PUT,119,4,benchKey_15_64,bytes=30;client_id=15;clients=50
1779646261298,PUT,87,4,benchKey_31_64,bytes=30;client_id=31;clients=50
1779646261299,PUT,87,4,benchKey_16_64,bytes=30;client_id=16;clients=50
1779646261299,PUT,87,4,benchKey_10_64,bytes=30;client_id=10;clients=50
1779646261302,PUT,90,4,benchKey_0_64,bytes=29;client_id=0;clients=50
1779646261303,PUT,91,4,benchKey_27_64,bytes=30;client_id=27;clients=50
1779646261307,PUT,94,4,benchKey_30_65,bytes=30;client_id=30;clients=50
1779646261307,PUT,94,4,benchKey_44_64,bytes=30;client_id=44;clients=50
1779646261331,PUT,118,4,benchKey_9_65,bytes=29;client_id=9;clients=50
1779646261334,PUT,121,4,benchKey_25_64,bytes=30;client_id=25;clients=50
1779646261334,PUT,120,4,benchKey_6_65,bytes=29;client_id=6;clients=50
1779646261336,PUT,120,4,benchKey_33_64,bytes=30;client_id=33;clients=50
1779646261337,PUT,121,4,benchKey_43_64,bytes=30;client_id=43;clients=50
1779646261337,PUT,88,4,benchKey_38_65,bytes=30;client_id=38;clients=50
1779646261337,PUT,117,4,benchKey_20_64,bytes=30;client_id=20;clients=50
1779646261337,PUT,113,4,benchKey_17_64,bytes=30;client_id=17;clients=50
1779646261337,PUT,122,4,benchKey_29_65,bytes=30;client_id=29;clients=50
1779646261338,PUT,86,4,benchKey_3_64,bytes=29;client_id=3;clients=50
1779646261338,PUT,87,4,benchKey_11_64,bytes=30;client_id=11;clients=50
1779646261338,PUT,114,4,benchKey_2_65,bytes=29;client_id=2;clients=50
1779646261338,PUT,118,4,benchKey_36_64,bytes=30;client_id=36;clients=50
1779646261339,PUT,85,4,benchKey_19_64,bytes=30;client_id=19;clients=50
1779646261341,PUT,87,4,benchKey_48_65,bytes=30;client_id=48;clients=50
1779646261341,PUT,87,4,benchKey_42_64,bytes=30;client_id=42;clients=50
1779646261344,PUT,90,4,benchKey_34_64,bytes=30;client_id=34;clients=50
1779646261344,PUT,90,4,benchKey_7_64,bytes=29;client_id=7;clients=50
1779646261348,PUT,94,4,benchKey_26_64,bytes=30;client_id=26;clients=50
1779646261349,PUT,95,4,benchKey_1_65,bytes=29;client_id=1;clients=50
1779646261372,PUT,118,4,benchKey_23_65,bytes=30;client_id=23;clients=50
1779646261375,PUT,120,4,benchKey_13_64,bytes=30;client_id=13;clients=50
1779646261375,PUT,120,4,benchKey_4_65,bytes=29;client_id=4;clients=50
1779646261378,PUT,115,4,benchKey_28_65,bytes=30;client_id=28;clients=50
1779646261378,PUT,121,4,benchKey_41_65,bytes=30;client_id=41;clients=50
1779646261378,PUT,121,4,benchKey_5_64,bytes=29;client_id=5;clients=50
1779646261378,PUT,118,4,benchKey_8_65,bytes=29;client_id=8;clients=50
1779646261378,PUT,120,4,benchKey_32_65,bytes=30;client_id=32;clients=50
1779646261378,PUT,113,4,benchKey_12_64,bytes=30;client_id=12;clients=50
1779646261379,PUT,113,4,benchKey_24_64,bytes=30;client_id=24;clients=50
1779646261379,PUT,86,4,benchKey_45_65,bytes=30;client_id=45;clients=50
1779646261379,PUT,89,4,benchKey_40_64,bytes=30;client_id=40;clients=50
1779646261379,PUT,86,4,benchKey_22_65,bytes=30;client_id=22;clients=50
1779646261381,PUT,85,4,benchKey_14_64,bytes=30;client_id=14;clients=50
1779646261383,PUT,87,4,benchKey_37_65,bytes=30;client_id=37;clients=50
1779646261383,PUT,87,4,benchKey_35_65,bytes=30;client_id=35;clients=50
1779646261385,PUT,89,4,benchKey_47_65,bytes=30;client_id=47;clients=50
1779646261386,PUT,90,4,benchKey_46_65,bytes=30;client_id=46;clients=50
1779646261390,PUT,94,4,benchKey_18_65,bytes=30;client_id=18;clients=50
1779646261391,PUT,95,4,benchKey_21_65,bytes=30;client_id=21;clients=50
1779646261413,PUT,117,4,benchKey_49_65,bytes=30;client_id=49;clients=50
1779646261416,PUT,120,4,benchKey_39_65,bytes=30;client_id=39;clients=50
1779646261416,PUT,119,4,benchKey_15_65,bytes=30;client_id=15;clients=50
1779646261419,PUT,121,4,benchKey_31_65,bytes=30;client_id=31;clients=50
1779646261419,PUT,116,4,benchKey_0_65,bytes=29;client_id=0;clients=50
1779646261419,PUT,119,4,benchKey_10_65,bytes=30;client_id=10;clients=50
1779646261419,PUT,112,4,benchKey_30_66,bytes=30;client_id=30;clients=50
1779646261420,PUT,112,4,benchKey_44_65,bytes=30;client_id=44;clients=50
1779646261420,PUT,120,4,benchKey_16_65,bytes=30;client_id=16;clients=50
1779646261420,PUT,88,4,benchKey_9_66,bytes=29;client_id=9;clients=50
1779646261420,PUT,117,4,benchKey_27_65,bytes=30;client_id=27;clients=50
1779646261421,PUT,86,4,benchKey_6_66,bytes=29;client_id=6;clients=50
1779646261422,PUT,87,4,benchKey_25_65,bytes=30;client_id=25;clients=50
1779646261422,PUT,86,4,benchKey_33_65,bytes=30;client_id=33;clients=50
1779646261424,PUT,87,4,benchKey_38_66,bytes=30;client_id=38;clients=50
1779646261425,PUT,87,4,benchKey_43_65,bytes=30;client_id=43;clients=50
1779646261426,PUT,88,4,benchKey_20_65,bytes=30;client_id=20;clients=50
1779646261428,PUT,90,4,benchKey_17_65,bytes=30;client_id=17;clients=50
1779646261432,PUT,94,4,benchKey_29_66,bytes=30;client_id=29;clients=50
1779646261432,PUT,94,4,benchKey_3_65,bytes=29;client_id=3;clients=50
1779646261455,PUT,117,4,benchKey_11_65,bytes=30;client_id=11;clients=50
1779646261457,PUT,119,4,benchKey_2_66,bytes=29;client_id=2;clients=50
1779646261458,PUT,120,4,benchKey_36_65,bytes=30;client_id=36;clients=50
1779646261460,PUT,121,4,benchKey_19_65,bytes=30;client_id=19;clients=50
1779646261460,PUT,119,4,benchKey_48_66,bytes=30;client_id=48;clients=50
1779646261461,PUT,117,4,benchKey_34_65,bytes=30;client_id=34;clients=50
1779646261461,PUT,117,4,benchKey_7_65,bytes=29;client_id=7;clients=50
1779646261462,PUT,87,4,benchKey_13_65,bytes=30;client_id=13;clients=50
1779646261463,PUT,85,4,benchKey_28_66,bytes=30;client_id=28;clients=50
1779646261463,PUT,91,4,benchKey_23_66,bytes=30;client_id=23;clients=50
1779646261463,PUT,115,4,benchKey_26_65,bytes=30;client_id=26;clients=50
1779646261463,PUT,114,4,benchKey_1_66,bytes=29;client_id=1;clients=50
1779646261464,PUT,88,4,benchKey_4_66,bytes=29;client_id=4;clients=50
1779646261464,PUT,122,4,benchKey_42_65,bytes=30;client_id=42;clients=50
1779646261465,PUT,86,4,benchKey_41_66,bytes=30;client_id=41;clients=50
1779646261467,PUT,88,4,benchKey_8_66,bytes=29;client_id=8;clients=50
1779646261467,PUT,88,4,benchKey_5_65,bytes=29;client_id=5;clients=50
1779646261469,PUT,90,4,benchKey_32_66,bytes=30;client_id=32;clients=50
1779646261473,PUT,94,4,benchKey_12_65,bytes=30;client_id=12;clients=50
1779646261474,PUT,94,4,benchKey_45_66,bytes=30;client_id=45;clients=50
1779646261497,PUT,117,4,benchKey_24_65,bytes=30;client_id=24;clients=50
1779646261498,PUT,118,4,benchKey_40_65,bytes=30;client_id=40;clients=50
1779646261499,PUT,119,4,benchKey_22_66,bytes=30;client_id=22;clients=50
1779646261502,PUT,119,4,benchKey_37_66,bytes=30;client_id=37;clients=50
1779646261502,PUT,121,4,benchKey_14_65,bytes=30;client_id=14;clients=50
1779646261503,PUT,119,4,benchKey_35_66,bytes=30;client_id=35;clients=50
1779646261503,PUT,118,4,benchKey_47_66,bytes=30;client_id=47;clients=50
1779646261505,PUT,89,4,benchKey_15_66,bytes=30;client_id=15;clients=50
1779646261505,PUT,114,4,benchKey_21_66,bytes=30;client_id=21;clients=50
1779646261505,PUT,115,4,benchKey_18_66,bytes=30;client_id=18;clients=50
1779646261505,PUT,89,4,benchKey_39_66,bytes=30;client_id=39;clients=50
1779646261505,PUT,92,4,benchKey_49_66,bytes=30;client_id=49;clients=50
1779646261506,PUT,87,4,benchKey_31_66,bytes=30;client_id=31;clients=50
1779646261507,PUT,121,4,benchKey_46_66,bytes=30;client_id=46;clients=50
1779646261507,PUT,88,4,benchKey_0_66,bytes=29;client_id=0;clients=50
1779646261509,PUT,89,4,benchKey_30_67,bytes=30;client_id=30;clients=50
1779646261509,PUT,89,4,benchKey_10_66,bytes=30;client_id=10;clients=50
1779646261511,PUT,90,4,benchKey_44_66,bytes=30;client_id=44;clients=50
1779646261515,PUT,95,4,benchKey_16_66,bytes=30;client_id=16;clients=50
1779646261515,PUT,95,4,benchKey_9_67,bytes=29;client_id=9;clients=50
1779646261538,PUT,117,4,benchKey_27_66,bytes=30;client_id=27;clients=50
1779646261539,PUT,118,4,benchKey_6_67,bytes=29;client_id=6;clients=50
1779646261540,PUT,117,4,benchKey_25_66,bytes=30;client_id=25;clients=50
1779646261544,PUT,118,4,benchKey_20_66,bytes=30;client_id=20;clients=50
1779646261544,PUT,119,4,benchKey_43_66,bytes=30;client_id=43;clients=50
1779646261544,PUT,119,4,benchKey_38_67,bytes=30;client_id=38;clients=50
1779646261544,PUT,121,4,benchKey_33_66,bytes=30;client_id=33;clients=50
1779646261547,PUT,91,4,benchKey_11_66,bytes=30;client_id=11;clients=50
1779646261547,PUT,89,4,benchKey_2_67,bytes=29;client_id=2;clients=50
1779646261547,PUT,86,4,benchKey_19_66,bytes=30;client_id=19;clients=50
1779646261547,PUT,114,4,benchKey_3_66,bytes=29;client_id=3;clients=50
1779646261547,PUT,118,4,benchKey_17_66,bytes=30;client_id=17;clients=50
1779646261549,PUT,88,4,benchKey_48_67,bytes=30;client_id=48;clients=50
1779646261549,PUT,116,4,benchKey_29_67,bytes=30;client_id=29;clients=50
1779646261549,PUT,90,4,benchKey_36_66,bytes=30;client_id=36;clients=50
1779646261551,PUT,89,4,benchKey_34_66,bytes=30;client_id=34;clients=50
1779646261551,PUT,89,4,benchKey_7_66,bytes=29;client_id=7;clients=50
1779646261553,PUT,90,4,benchKey_13_66,bytes=30;client_id=13;clients=50
1779646261557,PUT,93,4,benchKey_23_67,bytes=30;client_id=23;clients=50
1779646261557,PUT,93,4,benchKey_28_67,bytes=30;client_id=28;clients=50
1779646261580,PUT,116,4,benchKey_26_66,bytes=30;client_id=26;clients=50
1779646261581,PUT,117,4,benchKey_1_67,bytes=29;client_id=1;clients=50
1779646261582,PUT,117,4,benchKey_4_67,bytes=29;client_id=4;clients=50
1779646261585,PUT,117,4,benchKey_5_66,bytes=29;client_id=5;clients=50
1779646261585,PUT,120,4,benchKey_42_66,bytes=30;client_id=42;clients=50
1779646261587,PUT,121,4,benchKey_41_67,bytes=30;client_id=41;clients=50
1779646261587,PUT,119,4,benchKey_8_67,bytes=29;client_id=8;clients=50
1779646261588,PUT,118,4,benchKey_32_67,bytes=30;client_id=32;clients=50
1779646261588,PUT,90,4,benchKey_24_66,bytes=30;client_id=24;clients=50
1779646261588,PUT,114,4,benchKey_12_66,bytes=30;client_id=12;clients=50
1779646261588,PUT,114,4,benchKey_45_67,bytes=30;client_id=45;clients=50
1779646261588,PUT,90,4,benchKey_40_66,bytes=30;client_id=40;clients=50
1779646261591,PUT,91,4,benchKey_22_67,bytes=30;client_id=22;clients=50
1779646261591,PUT,88,4,benchKey_37_67,bytes=30;client_id=37;clients=50
1779646261591,PUT,88,4,benchKey_14_66,bytes=30;client_id=14;clients=50
1779646261593,PUT,89,4,benchKey_35_67,bytes=30;client_id=35;clients=50
1779646261593,PUT,90,4,benchKey_47_67,bytes=30;client_id=47;clients=50
1779646261596,PUT,90,4,benchKey_21_67,bytes=30;client_id=21;clients=50
1779646261598,PUT,92,4,benchKey_15_67,bytes=30;client_id=15;clients=50
1779646261599,PUT,93,4,benchKey_18_67,bytes=30;client_id=18;clients=50
1779646261621,PUT,115,4,benchKey_39_67,bytes=30;client_id=39;clients=50
1779646261622,PUT,116,4,benchKey_49_67,bytes=30;client_id=49;clients=50
1779646261623,PUT,116,4,benchKey_31_67,bytes=30;client_id=31;clients=50
1779646261626,PUT,119,4,benchKey_46_67,bytes=30;client_id=46;clients=50
1779646261627,PUT,119,4,benchKey_0_67,bytes=29;client_id=0;clients=50
1779646261629,PUT,89,4,benchKey_6_68,bytes=29;client_id=6;clients=50
1779646261629,PUT,113,4,benchKey_9_68,bytes=29;client_id=9;clients=50
1779646261629,PUT,120,4,benchKey_10_67,bytes=30;client_id=10;clients=50
1779646261629,PUT,114,4,benchKey_16_67,bytes=30;client_id=16;clients=50
1779646261629,PUT,120,4,benchKey_30_68,bytes=30;client_id=30;clients=50
1779646261629,PUT,91,4,benchKey_27_67,bytes=30;client_id=27;clients=50
1779646261630,PUT,118,4,benchKey_44_67,bytes=30;client_id=44;clients=50
1779646261632,PUT,91,4,benchKey_25_67,bytes=30;client_id=25;clients=50
1779646261632,PUT,87,4,benchKey_43_67,bytes=30;client_id=43;clients=50
1779646261633,PUT,88,4,benchKey_20_67,bytes=30;client_id=20;clients=50
1779646261634,PUT,89,4,benchKey_33_67,bytes=30;client_id=33;clients=50
1779646261634,PUT,89,4,benchKey_38_68,bytes=30;client_id=38;clients=50
1779646261637,PUT,89,4,benchKey_2_68,bytes=29;client_id=2;clients=50
1779646261639,PUT,91,4,benchKey_11_67,bytes=30;client_id=11;clients=50
1779646261641,PUT,93,4,benchKey_19_67,bytes=30;client_id=19;clients=50
1779646261662,PUT,114,4,benchKey_3_67,bytes=29;client_id=3;clients=50
1779646261663,PUT,115,4,benchKey_17_67,bytes=30;client_id=17;clients=50
1779646261665,PUT,115,4,benchKey_29_68,bytes=30;client_id=29;clients=50
1779646261668,PUT,118,4,benchKey_36_67,bytes=30;client_id=36;clients=50
1779646261668,PUT,118,4,benchKey_48_68,bytes=30;client_id=48;clients=50
1779646261670,PUT,118,4,benchKey_7_67,bytes=29;client_id=7;clients=50
1779646261670,PUT,118,4,benchKey_34_67,bytes=30;client_id=34;clients=50
1779646261671,PUT,90,4,benchKey_26_67,bytes=30;client_id=26;clients=50
1779646261671,PUT,89,4,benchKey_1_68,bytes=29;client_id=1;clients=50
1779646261671,PUT,113,4,benchKey_28_68,bytes=30;client_id=28;clients=50
1779646261671,PUT,117,4,benchKey_13_67,bytes=30;client_id=13;clients=50
1779646261671,PUT,114,4,benchKey_23_68,bytes=30;client_id=23;clients=50
1779646261673,PUT,90,4,benchKey_4_68,bytes=29;client_id=4;clients=50
1779646261673,PUT,88,4,benchKey_5_67,bytes=29;client_id=5;clients=50
1779646261675,PUT,88,4,benchKey_41_68,bytes=30;client_id=41;clients=50
1779646261675,PUT,88,4,benchKey_8_68,bytes=29;client_id=8;clients=50
1779646261675,PUT,90,4,benchKey_42_67,bytes=30;client_id=42;clients=50
1779646261679,PUT,91,4,benchKey_32_68,bytes=30;client_id=32;clients=50
1779646261680,PUT,91,4,benchKey_24_67,bytes=30;client_id=24;clients=50
1779646261683,PUT,94,4,benchKey_12_67,bytes=30;client_id=12;clients=50
1779646261704,PUT,115,4,benchKey_40_67,bytes=30;client_id=40;clients=50
1779646261704,PUT,116,4,benchKey_45_68,bytes=30;client_id=45;clients=50
1779646261706,PUT,114,4,benchKey_22_68,bytes=30;client_id=22;clients=50
1779646261710,PUT,118,4,benchKey_14_67,bytes=30;client_id=14;clients=50
1779646261710,PUT,119,4,benchKey_37_68,bytes=30;client_id=37;clients=50
1779646261711,PUT,117,4,benchKey_47_68,bytes=30;client_id=47;clients=50
1779646261712,PUT,112,4,benchKey_18_68,bytes=30;client_id=18;clients=50
1779646261712,PUT,90,4,benchKey_39_68,bytes=30;client_id=39;clients=50
1779646261712,PUT,115,4,benchKey_21_68,bytes=30;client_id=21;clients=50
1779646261712,PUT,119,4,benchKey_35_68,bytes=30;client_id=35;clients=50
1779646261713,PUT,114,4,benchKey_15_68,bytes=30;client_id=15;clients=50
1779646261714,PUT,92,4,benchKey_49_68,bytes=30;client_id=49;clients=50
1779646261714,PUT,88,4,benchKey_46_68,bytes=30;client_id=46;clients=50
1779646261715,PUT,92,4,benchKey_31_68,bytes=30;client_id=31;clients=50
1779646261716,PUT,86,4,benchKey_9_69,bytes=29;client_id=9;clients=50
1779646261717,PUT,87,4,benchKey_6_69,bytes=29;client_id=6;clients=50
1779646261717,PUT,89,4,benchKey_0_68,bytes=29;client_id=0;clients=50
1779646261720,PUT,90,4,benchKey_10_68,bytes=30;client_id=10;clients=50
1779646261721,PUT,91,4,benchKey_16_68,bytes=30;client_id=16;clients=50
1779646261724,PUT,94,4,benchKey_30_69,bytes=30;client_id=30;clients=50
1779646261745,PUT,115,4,benchKey_44_68,bytes=30;client_id=44;clients=50
1779646261746,PUT,116,4,benchKey_27_68,bytes=30;client_id=27;clients=50
1779646261748,PUT,116,4,benchKey_25_68,bytes=30;client_id=25;clients=50
1779646261751,PUT,118,4,benchKey_20_68,bytes=30;client_id=20;clients=50
1779646261752,PUT,117,4,benchKey_38_69,bytes=30;client_id=38;clients=50
1779646261752,PUT,120,4,benchKey_43_68,bytes=30;client_id=43;clients=50
1779646261753,PUT,116,4,benchKey_2_69,bytes=29;client_id=2;clients=50
1779646261753,PUT,119,4,benchKey_33_68,bytes=30;client_id=33;clients=50
1779646261754,PUT,115,4,benchKey_11_68,bytes=30;client_id=11;clients=50
1779646261754,PUT,112,4,benchKey_19_68,bytes=30;client_id=19;clients=50
1779646261755,PUT,92,4,benchKey_3_68,bytes=29;client_id=3;clients=50
1779646261756,PUT,87,4,benchKey_36_68,bytes=30;client_id=36;clients=50
1779646261756,PUT,92,4,benchKey_17_68,bytes=30;client_id=17;clients=50
1779646261756,PUT,91,4,benchKey_29_69,bytes=30;client_id=29;clients=50
1779646261757,PUT,88,4,benchKey_48_69,bytes=30;client_id=48;clients=50
1779646261758,PUT,87,4,benchKey_34_68,bytes=30;client_id=34;clients=50
1779646261758,PUT,87,4,benchKey_7_68,bytes=29;client_id=7;clients=50
1779646261761,PUT,89,4,benchKey_26_68,bytes=30;client_id=26;clients=50
1779646261762,PUT,90,4,benchKey_1_69,bytes=29;client_id=1;clients=50
1779646261766,PUT,94,4,benchKey_28_69,bytes=30;client_id=28;clients=50
1779646261786,PUT,114,4,benchKey_13_68,bytes=30;client_id=13;clients=50
1779646261787,PUT,115,4,benchKey_23_69,bytes=30;client_id=23;clients=50
1779646261789,PUT,115,4,benchKey_4_69,bytes=29;client_id=4;clients=50
1779646261792,PUT,118,4,benchKey_5_68,bytes=29;client_id=5;clients=50
1779646261793,PUT,117,4,benchKey_8_69,bytes=29;client_id=8;clients=50
1779646261794,PUT,118,4,benchKey_42_68,bytes=30;client_id=42;clients=50
1779646261794,PUT,118,4,benchKey_41_69,bytes=30;client_id=41;clients=50
1779646261794,PUT,114,4,benchKey_32_69,bytes=30;client_id=32;clients=50
1779646261795,PUT,111,4,benchKey_12_68,bytes=30;client_id=12;clients=50
1779646261796,PUT,116,4,benchKey_24_68,bytes=30;client_id=24;clients=50
1779646261797,PUT,92,4,benchKey_40_68,bytes=30;client_id=40;clients=50
1779646261797,PUT,86,4,benchKey_14_68,bytes=30;client_id=14;clients=50
1779646261797,PUT,91,4,benchKey_22_69,bytes=30;client_id=22;clients=50
1779646261798,PUT,93,4,benchKey_45_69,bytes=30;client_id=45;clients=50
1779646261798,PUT,87,4,benchKey_37_69,bytes=30;client_id=37;clients=50
1779646261799,PUT,86,4,benchKey_18_69,bytes=30;client_id=18;clients=50
1779646261799,PUT,88,4,benchKey_47_69,bytes=30;client_id=47;clients=50
1779646261802,PUT,89,4,benchKey_39_69,bytes=30;client_id=39;clients=50
1779646261803,PUT,90,4,benchKey_21_69,bytes=30;client_id=21;clients=50
1779646261807,PUT,94,4,benchKey_15_69,bytes=30;client_id=15;clients=50
1779646261829,PUT,114,4,benchKey_49_69,bytes=30;client_id=49;clients=50
1779646261829,PUT,116,4,benchKey_35_69,bytes=30;client_id=35;clients=50
1779646261831,PUT,116,4,benchKey_46_69,bytes=30;client_id=46;clients=50
1779646261833,PUT,117,4,benchKey_31_69,bytes=30;client_id=31;clients=50
1779646261835,PUT,118,4,benchKey_6_70,bytes=29;client_id=6;clients=50
1779646261835,PUT,119,4,benchKey_9_70,bytes=29;client_id=9;clients=50
1779646261836,PUT,114,4,benchKey_16_69,bytes=30;client_id=16;clients=50
1779646261836,PUT,118,4,benchKey_0_69,bytes=29;client_id=0;clients=50
1779646261836,PUT,116,4,benchKey_10_69,bytes=30;client_id=10;clients=50
1779646261837,PUT,112,4,benchKey_30_70,bytes=30;client_id=30;clients=50
1779646261838,PUT,92,4,benchKey_44_69,bytes=30;client_id=44;clients=50
1779646261838,PUT,92,4,benchKey_27_69,bytes=30;client_id=27;clients=50
1779646261839,PUT,86,4,benchKey_38_70,bytes=30;client_id=38;clients=50
1779646261839,PUT,90,4,benchKey_25_69,bytes=30;client_id=25;clients=50
1779646261839,PUT,87,4,benchKey_20_69,bytes=30;client_id=20;clients=50
1779646261840,PUT,87,4,benchKey_43_69,bytes=30;client_id=43;clients=50
1779646261840,PUT,86,4,benchKey_2_70,bytes=29;client_id=2;clients=50
1779646261844,PUT,90,4,benchKey_33_69,bytes=30;client_id=33;clients=50
1779646261845,PUT,90,4,benchKey_19_69,bytes=30;client_id=19;clients=50
1779646261848,PUT,94,4,benchKey_11_69,bytes=30;client_id=11;clients=50
1779646261870,PUT,114,4,benchKey_36_69,bytes=30;client_id=36;clients=50
1779646261870,PUT,115,4,benchKey_3_69,bytes=29;client_id=3;clients=50
1779646261872,PUT,115,4,benchKey_17_69,bytes=30;client_id=17;clients=50
1779646261874,PUT,117,4,benchKey_29_70,bytes=30;client_id=29;clients=50
1779646261876,PUT,119,4,benchKey_48_70,bytes=30;client_id=48;clients=50
1779646261877,PUT,118,4,benchKey_34_69,bytes=30;client_id=34;clients=50
1779646261877,PUT,115,4,benchKey_1_70,bytes=29;client_id=1;clients=50
1779646261877,PUT,119,4,benchKey_7_69,bytes=29;client_id=7;clients=50
1779646261878,PUT,116,4,benchKey_26_69,bytes=30;client_id=26;clients=50
1779646261878,PUT,111,4,benchKey_28_70,bytes=30;client_id=28;clients=50
1779646261879,PUT,91,4,benchKey_23_70,bytes=30;client_id=23;clients=50
1779646261879,PUT,92,4,benchKey_13_69,bytes=30;client_id=13;clients=50
1779646261880,PUT,87,4,benchKey_5_69,bytes=29;client_id=5;clients=50
1779646261880,PUT,90,4,benchKey_4_70,bytes=29;client_id=4;clients=50
1779646261880,PUT,87,4,benchKey_8_70,bytes=29;client_id=8;clients=50
1779646261881,PUT,86,4,benchKey_42_69,bytes=30;client_id=42;clients=50
1779646261882,PUT,87,4,benchKey_41_70,bytes=30;client_id=41;clients=50
1779646261886,PUT,91,4,benchKey_32_70,bytes=30;client_id=32;clients=50
1779646261886,PUT,91,4,benchKey_12_69,bytes=30;client_id=12;clients=50
1779646261890,PUT,94,4,benchKey_24_69,bytes=30;client_id=24;clients=50
1779646261911,PUT,114,4,benchKey_40_69,bytes=30;client_id=40;clients=50
1779646261912,PUT,115,4,benchKey_14_69,bytes=30;client_id=14;clients=50
1779646261913,PUT,116,4,benchKey_22_70,bytes=30;client_id=22;clients=50
1779646261915,PUT,117,4,benchKey_45_70,bytes=30;client_id=45;clients=50
1779646261918,PUT,119,4,benchKey_47_70,bytes=30;client_id=47;clients=50
1779646261918,PUT,119,4,benchKey_18_70,bytes=30;client_id=18;clients=50
1779646261918,PUT,116,4,benchKey_39_70,bytes=30;client_id=39;clients=50
1779646261918,PUT,120,4,benchKey_37_70,bytes=30;client_id=37;clients=50
1779646261919,PUT,111,4,benchKey_15_70,bytes=30;client_id=15;clients=50
1779646261919,PUT,115,4,benchKey_21_70,bytes=30;client_id=21;clients=50
1779646261920,PUT,90,4,benchKey_35_70,bytes=30;client_id=35;clients=50
1779646261921,PUT,91,4,benchKey_49_70,bytes=30;client_id=49;clients=50
1779646261921,PUT,87,4,benchKey_31_70,bytes=30;client_id=31;clients=50
1779646261922,PUT,86,4,benchKey_6_71,bytes=29;client_id=6;clients=50
1779646261922,PUT,90,4,benchKey_46_70,bytes=30;client_id=46;clients=50
1779646261922,PUT,86,4,benchKey_9_71,bytes=29;client_id=9;clients=50
1779646261924,PUT,87,4,benchKey_16_70,bytes=30;client_id=16;clients=50
1779646261927,PUT,91,4,benchKey_0_70,bytes=29;client_id=0;clients=50
1779646261928,PUT,92,4,benchKey_10_70,bytes=30;client_id=10;clients=50
1779646261932,PUT,95,4,benchKey_30_71,bytes=30;client_id=30;clients=50
1779646261953,PUT,115,4,benchKey_44_70,bytes=30;client_id=44;clients=50
1779646261954,PUT,115,4,benchKey_38_71,bytes=30;client_id=38;clients=50
1779646261954,PUT,116,4,benchKey_27_70,bytes=30;client_id=27;clients=50
1779646261956,PUT,116,4,benchKey_25_70,bytes=30;client_id=25;clients=50
1779646261959,PUT,118,4,benchKey_2_71,bytes=29;client_id=2;clients=50
1779646261959,PUT,119,4,benchKey_20_70,bytes=30;client_id=20;clients=50
1779646261959,PUT,119,4,benchKey_43_70,bytes=30;client_id=43;clients=50
1779646261960,PUT,111,4,benchKey_11_70,bytes=30;client_id=11;clients=50
1779646261960,PUT,115,4,benchKey_33_70,bytes=30;client_id=33;clients=50
1779646261960,PUT,115,4,benchKey_19_70,bytes=30;client_id=19;clients=50
1779646261962,PUT,91,4,benchKey_36_70,bytes=30;client_id=36;clients=50
1779646261963,PUT,91,4,benchKey_17_70,bytes=30;client_id=17;clients=50
1779646261963,PUT,86,4,benchKey_48_71,bytes=30;client_id=48;clients=50
1779646261963,PUT,88,4,benchKey_29_71,bytes=30;client_id=29;clients=50
1779646261963,PUT,86,4,benchKey_1_71,bytes=29;client_id=1;clients=50
1779646261963,PUT,93,4,benchKey_3_70,bytes=29;client_id=3;clients=50
1779646261965,PUT,87,4,benchKey_34_70,bytes=30;client_id=34;clients=50
1779646261968,PUT,91,4,benchKey_7_70,bytes=29;client_id=7;clients=50
1779646261970,PUT,92,4,benchKey_26_70,bytes=30;client_id=26;clients=50
1779646261974,PUT,95,4,benchKey_28_71,bytes=30;client_id=28;clients=50
1779646261995,PUT,116,4,benchKey_23_71,bytes=30;client_id=23;clients=50
1779646261995,PUT,115,4,benchKey_5_70,bytes=29;client_id=5;clients=50
1779646261995,PUT,116,4,benchKey_13_70,bytes=30;client_id=13;clients=50
1779646261997,PUT,116,4,benchKey_4_71,bytes=29;client_id=4;clients=50
1779646262000,PUT,119,4,benchKey_42_70,bytes=30;client_id=42;clients=50
1779646262001,PUT,119,4,benchKey_41_71,bytes=30;client_id=41;clients=50
1779646262001,PUT,111,4,benchKey_24_70,bytes=30;client_id=24;clients=50
1779646262002,PUT,122,4,benchKey_8_71,bytes=29;client_id=8;clients=50
1779646262003,PUT,92,4,benchKey_40_70,bytes=30;client_id=40;clients=50
1779646262003,PUT,117,4,benchKey_12_70,bytes=30;client_id=12;clients=50
1779646262005,PUT,90,4,benchKey_45_71,bytes=30;client_id=45;clients=50
1779646262005,PUT,92,4,benchKey_22_71,bytes=30;client_id=22;clients=50
1779646262003,PUT,117,4,benchKey_32_71,bytes=30;client_id=32;clients=50
1779646262005,PUT,87,4,benchKey_47_71,bytes=30;client_id=47;clients=50
1779646262007,PUT,94,4,benchKey_14_70,bytes=30;client_id=14;clients=50
1779646262009,PUT,90,4,benchKey_39_71,bytes=30;client_id=39;clients=50
1779646262007,PUT,89,4,benchKey_18_71,bytes=30;client_id=18;clients=50
1779646262013,PUT,95,4,benchKey_37_71,bytes=30;client_id=37;clients=50
1779646262014,PUT,95,4,benchKey_15_71,bytes=30;client_id=15;clients=50
1779646262015,PUT,96,4,benchKey_21_71,bytes=30;client_id=21;clients=50
1779646262037,PUT,116,4,benchKey_49_71,bytes=30;client_id=49;clients=50
1779646262041,PUT,119,4,benchKey_6_72,bytes=29;client_id=6;clients=50
1779646262038,PUT,118,4,benchKey_35_71,bytes=30;client_id=35;clients=50
1779646262037,PUT,116,4,benchKey_31_71,bytes=30;client_id=31;clients=50
1779646262046,PUT,124,4,benchKey_46_71,bytes=30;client_id=46;clients=50
1779646262050,PUT,128,4,benchKey_9_72,bytes=29;client_id=9;clients=50
1779646262051,PUT,92,4,benchKey_2_72,bytes=29;client_id=2;clients=50
1779646262052,PUT,123,4,benchKey_10_71,bytes=30;client_id=10;clients=50
1779646262050,PUT,91,4,benchKey_20_71,bytes=30;client_id=20;clients=50
1779646262050,PUT,96,4,benchKey_44_71,bytes=30;client_id=44;clients=50
1779646262050,PUT,117,4,benchKey_30_72,bytes=30;client_id=30;clients=50
1779646262049,PUT,122,4,benchKey_0_71,bytes=29;client_id=0;clients=50
1779646262049,PUT,125,4,benchKey_16_71,bytes=30;client_id=16;clients=50
1779646262055,PUT,100,4,benchKey_38_72,bytes=30;client_id=38;clients=50
1779646262055,PUT,98,4,benchKey_25_71,bytes=30;client_id=25;clients=50
1779646262055,PUT,95,4,benchKey_11_71,bytes=30;client_id=11;clients=50
1779646262055,PUT,101,4,benchKey_27_71,bytes=30;client_id=27;clients=50
1779646262059,PUT,99,4,benchKey_19_71,bytes=30;client_id=19;clients=50
1779646262059,PUT,99,4,benchKey_33_71,bytes=30;client_id=33;clients=50
1779646262059,PUT,100,4,benchKey_43_71,bytes=30;client_id=43;clients=50
1779646262080,PUT,117,4,benchKey_48_72,bytes=30;client_id=48;clients=50
1779646262083,PUT,121,4,benchKey_36_71,bytes=30;client_id=36;clients=50
1779646262085,PUT,122,4,benchKey_17_71,bytes=30;client_id=17;clients=50
1779646262085,PUT,121,4,benchKey_29_72,bytes=30;client_id=29;clients=50
1779646262091,PUT,126,4,benchKey_34_71,bytes=30;client_id=34;clients=50
1779646262091,PUT,127,4,benchKey_1_72,bytes=29;client_id=1;clients=50
1779646262091,PUT,122,4,benchKey_7_71,bytes=29;client_id=7;clients=50
1779646262092,PUT,96,4,benchKey_23_72,bytes=30;client_id=23;clients=50
1779646262093,PUT,97,4,benchKey_5_71,bytes=29;client_id=5;clients=50
1779646262093,PUT,119,4,benchKey_28_72,bytes=30;client_id=28;clients=50
1779646262093,PUT,123,4,benchKey_26_71,bytes=30;client_id=26;clients=50
1779646262093,PUT,129,4,benchKey_3_71,bytes=29;client_id=3;clients=50
1779646262096,PUT,100,4,benchKey_13_71,bytes=30;client_id=13;clients=50
1779646262100,PUT,103,4,benchKey_4_72,bytes=29;client_id=4;clients=50
1779646262100,PUT,99,4,benchKey_41_72,bytes=30;client_id=41;clients=50
1779646262101,PUT,96,4,benchKey_12_71,bytes=30;client_id=12;clients=50
1779646262100,PUT,98,4,benchKey_24_71,bytes=30;client_id=24;clients=50
1779646262101,PUT,98,4,benchKey_8_72,bytes=29;client_id=8;clients=50
1779646262101,PUT,97,4,benchKey_40_71,bytes=30;client_id=40;clients=50
1779646262102,PUT,101,4,benchKey_42_71,bytes=30;client_id=42;clients=50
1779646262122,PUT,116,4,benchKey_45_72,bytes=30;client_id=45;clients=50
1779646262125,PUT,119,4,benchKey_22_72,bytes=30;client_id=22;clients=50
1779646262127,PUT,121,4,benchKey_32_72,bytes=30;client_id=32;clients=50
1779646262127,PUT,121,4,benchKey_47_72,bytes=30;client_id=47;clients=50
1779646262132,PUT,121,4,benchKey_39_72,bytes=30;client_id=39;clients=50
1779646262133,PUT,119,4,benchKey_37_72,bytes=30;client_id=37;clients=50
1779646262133,PUT,122,4,benchKey_14_71,bytes=30;client_id=14;clients=50
1779646262133,PUT,121,4,benchKey_18_72,bytes=30;client_id=18;clients=50
1779646262135,PUT,120,4,benchKey_15_72,bytes=30;client_id=15;clients=50
1779646262135,PUT,93,4,benchKey_6_73,bytes=29;client_id=6;clients=50
1779646262135,PUT,94,4,benchKey_49_72,bytes=30;client_id=49;clients=50
1779646262135,PUT,120,4,benchKey_21_72,bytes=30;client_id=21;clients=50
1779646262137,PUT,95,4,benchKey_35_72,bytes=30;client_id=35;clients=50
1779646262142,PUT,90,4,benchKey_9_73,bytes=29;client_id=9;clients=50
1779646262142,PUT,91,4,benchKey_46_72,bytes=30;client_id=46;clients=50
1779646262143,PUT,91,4,benchKey_30_73,bytes=30;client_id=30;clients=50
1779646262143,PUT,91,4,benchKey_2_73,bytes=29;client_id=2;clients=50
1779646262143,PUT,101,4,benchKey_31_72,bytes=30;client_id=31;clients=50
1779646262144,PUT,92,4,benchKey_10_72,bytes=30;client_id=10;clients=50
1779646262144,PUT,92,4,benchKey_44_72,bytes=30;client_id=44;clients=50
1779646262164,PUT,112,4,benchKey_20_72,bytes=30;client_id=20;clients=50
1779646262167,PUT,114,4,benchKey_0_72,bytes=29;client_id=0;clients=50
1779646262168,PUT,115,4,benchKey_16_72,bytes=30;client_id=16;clients=50
1779646262168,PUT,113,4,benchKey_38_73,bytes=30;client_id=38;clients=50
1779646262174,PUT,118,4,benchKey_11_72,bytes=30;client_id=11;clients=50
1779646262174,PUT,118,4,benchKey_25_72,bytes=30;client_id=25;clients=50
1779646262174,PUT,118,4,benchKey_27_72,bytes=30;client_id=27;clients=50
1779646262175,PUT,115,4,benchKey_19_72,bytes=30;client_id=19;clients=50
1779646262176,PUT,116,4,benchKey_33_72,bytes=30;client_id=33;clients=50
1779646262177,PUT,93,4,benchKey_36_72,bytes=30;client_id=36;clients=50
1779646262177,PUT,96,4,benchKey_48_73,bytes=30;client_id=48;clients=50
1779646262177,PUT,117,4,benchKey_43_72,bytes=30;client_id=43;clients=50
1779646262179,PUT,94,4,benchKey_17_72,bytes=30;client_id=17;clients=50
1779646262184,PUT,92,4,benchKey_34_72,bytes=30;client_id=34;clients=50
1779646262184,PUT,98,4,benchKey_29_73,bytes=30;client_id=29;clients=50
1779646262186,PUT,92,4,benchKey_5_72,bytes=29;client_id=5;clients=50
1779646262186,PUT,94,4,benchKey_1_73,bytes=29;client_id=1;clients=50
1779646262186,PUT,94,4,benchKey_23_73,bytes=30;client_id=23;clients=50
1779646262186,PUT,94,4,benchKey_7_72,bytes=29;client_id=7;clients=50
1779646262186,PUT,92,4,benchKey_3_72,bytes=29;client_id=3;clients=50
1779646262205,PUT,111,4,benchKey_28_73,bytes=30;client_id=28;clients=50
1779646262209,PUT,115,4,benchKey_26_72,bytes=30;client_id=26;clients=50
1779646262209,PUT,112,4,benchKey_13_72,bytes=30;client_id=13;clients=50
1779646262209,PUT,108,4,benchKey_4_73,bytes=29;client_id=4;clients=50
1779646262215,PUT,113,4,benchKey_41_73,bytes=30;client_id=41;clients=50
1779646262216,PUT,114,4,benchKey_24_72,bytes=30;client_id=24;clients=50
1779646262216,PUT,114,4,benchKey_12_72,bytes=30;client_id=12;clients=50
1779646262216,PUT,114,4,benchKey_8_73,bytes=29;client_id=8;clients=50
1779646262217,PUT,115,4,benchKey_40_72,bytes=30;client_id=40;clients=50
1779646262219,PUT,94,4,benchKey_22_73,bytes=30;client_id=22;clients=50
1779646262219,PUT,96,4,benchKey_45_73,bytes=30;client_id=45;clients=50
1779646262219,PUT,117,4,benchKey_42_72,bytes=30;client_id=42;clients=50
1779646262221,PUT,93,4,benchKey_32_73,bytes=30;client_id=32;clients=50
1779646262225,PUT,92,4,benchKey_39_73,bytes=30;client_id=39;clients=50
1779646262226,PUT,98,4,benchKey_47_73,bytes=30;client_id=47;clients=50
1779646262228,PUT,92,4,benchKey_15_73,bytes=30;client_id=15;clients=50
1779646262228,PUT,94,4,benchKey_18_73,bytes=30;client_id=18;clients=50
1779646262228,PUT,94,4,benchKey_14_72,bytes=30;client_id=14;clients=50
1779646262228,PUT,93,4,benchKey_6_74,bytes=29;client_id=6;clients=50
1779646262228,PUT,95,4,benchKey_37_73,bytes=30;client_id=37;clients=50
1779646262248,PUT,113,4,benchKey_49_73,bytes=30;client_id=49;clients=50
1779646262250,PUT,112,4,benchKey_35_73,bytes=30;client_id=35;clients=50
1779646262250,PUT,107,4,benchKey_9_74,bytes=29;client_id=9;clients=50
1779646262250,PUT,114,4,benchKey_21_73,bytes=30;client_id=21;clients=50
1779646262256,PUT,113,4,benchKey_46_73,bytes=30;client_id=46;clients=50
1779646262258,PUT,115,4,benchKey_2_74,bytes=29;client_id=2;clients=50
1779646262258,PUT,114,4,benchKey_10_73,bytes=30;client_id=10;clients=50
1779646262258,PUT,115,4,benchKey_30_74,bytes=30;client_id=30;clients=50
1779646262258,PUT,114,4,benchKey_31_73,bytes=30;client_id=31;clients=50
1779646262260,PUT,92,4,benchKey_0_73,bytes=29;client_id=0;clients=50
1779646262260,PUT,115,4,benchKey_44_73,bytes=30;client_id=44;clients=50
1779646262260,PUT,95,4,benchKey_20_73,bytes=30;client_id=20;clients=50
1779646262262,PUT,93,4,benchKey_16_73,bytes=30;client_id=16;clients=50
1779646262267,PUT,98,4,benchKey_38_74,bytes=30;client_id=38;clients=50
1779646262267,PUT,93,4,benchKey_11_73,bytes=30;client_id=11;clients=50
1779646262269,PUT,94,4,benchKey_27_73,bytes=30;client_id=27;clients=50
1779646262269,PUT,95,4,benchKey_25_73,bytes=30;client_id=25;clients=50
1779646262269,PUT,94,4,benchKey_19_73,bytes=30;client_id=19;clients=50
1779646262270,PUT,93,4,benchKey_33_73,bytes=30;client_id=33;clients=50
1779646262270,PUT,92,4,benchKey_36_73,bytes=30;client_id=36;clients=50
1779646262289,PUT,112,4,benchKey_48_74,bytes=30;client_id=48;clients=50
1779646262292,PUT,112,4,benchKey_17_73,bytes=30;client_id=17;clients=50
1779646262292,PUT,114,4,benchKey_43_73,bytes=30;client_id=43;clients=50
1779646262292,PUT,107,4,benchKey_34_73,bytes=30;client_id=34;clients=50
1779646262297,PUT,112,4,benchKey_29_74,bytes=30;client_id=29;clients=50
1779646262299,PUT,112,4,benchKey_1_74,bytes=29;client_id=1;clients=50
1779646262300,PUT,113,4,benchKey_23_74,bytes=30;client_id=23;clients=50
1779646262300,PUT,114,4,benchKey_5_73,bytes=29;client_id=5;clients=50
1779646262300,PUT,113,4,benchKey_7_73,bytes=29;client_id=7;clients=50
1779646262301,PUT,114,4,benchKey_3_73,bytes=29;client_id=3;clients=50
1779646262301,PUT,91,4,benchKey_26_73,bytes=30;client_id=26;clients=50
1779646262301,PUT,95,4,benchKey_28_74,bytes=30;client_id=28;clients=50
1779646262303,PUT,93,4,benchKey_13_73,bytes=30;client_id=13;clients=50
1779646262309,PUT,99,4,benchKey_4_74,bytes=29;client_id=4;clients=50
1779646262309,PUT,94,4,benchKey_41_74,bytes=30;client_id=41;clients=50
1779646262310,PUT,94,4,benchKey_24_73,bytes=30;client_id=24;clients=50
1779646262310,PUT,94,4,benchKey_8_74,bytes=29;client_id=8;clients=50
1779646262311,PUT,94,4,benchKey_40_73,bytes=30;client_id=40;clients=50
1779646262311,PUT,91,4,benchKey_22_74,bytes=30;client_id=22;clients=50
1779646262311,PUT,94,4,benchKey_12_73,bytes=30;client_id=12;clients=50
1779646262331,PUT,112,4,benchKey_45_74,bytes=30;client_id=45;clients=50
1779646262333,PUT,108,4,benchKey_39_74,bytes=30;client_id=39;clients=50
1779646262333,PUT,113,4,benchKey_42_73,bytes=30;client_id=42;clients=50
1779646262334,PUT,112,4,benchKey_32_74,bytes=30;client_id=32;clients=50
1779646262338,PUT,112,4,benchKey_47_74,bytes=30;client_id=47;clients=50
1779646262340,PUT,112,4,benchKey_15_74,bytes=30;client_id=15;clients=50
1779646262341,PUT,112,4,benchKey_14_73,bytes=30;client_id=14;clients=50
1779646262341,PUT,112,4,benchKey_6_75,bytes=29;client_id=6;clients=50
1779646262342,PUT,91,4,benchKey_9_75,bytes=29;client_id=9;clients=50
1779646262342,PUT,113,4,benchKey_37_74,bytes=30;client_id=37;clients=50
1779646262342,PUT,113,4,benchKey_18_74,bytes=30;client_id=18;clients=50
1779646262342,PUT,93,4,benchKey_49_74,bytes=30;client_id=49;clients=50
1779646262344,PUT,93,4,benchKey_35_74,bytes=30;client_id=35;clients=50
1779646262350,PUT,94,4,benchKey_46_74,bytes=30;client_id=46;clients=50
1779646262351,PUT,92,4,benchKey_2_75,bytes=29;client_id=2;clients=50
1779646262352,PUT,93,4,benchKey_30_75,bytes=30;client_id=30;clients=50
1779646262352,PUT,101,4,benchKey_21_74,bytes=30;client_id=21;clients=50
1779646262352,PUT,92,4,benchKey_44_74,bytes=30;client_id=44;clients=50
1779646262352,PUT,93,4,benchKey_31_74,bytes=30;client_id=31;clients=50
1779646262352,PUT,93,4,benchKey_10_74,bytes=30;client_id=10;clients=50
1779646262373,PUT,113,4,benchKey_0_74,bytes=29;client_id=0;clients=50
1779646262374,PUT,112,4,benchKey_16_74,bytes=30;client_id=16;clients=50
1779646262375,PUT,114,4,benchKey_20_74,bytes=30;client_id=20;clients=50
1779646262376,PUT,109,4,benchKey_38_75,bytes=30;client_id=38;clients=50
1779646262379,PUT,112,4,benchKey_11_74,bytes=30;client_id=11;clients=50
1779646262381,PUT,112,4,benchKey_27_74,bytes=30;client_id=27;clients=50
1779646262382,PUT,113,4,benchKey_25_74,bytes=30;client_id=25;clients=50
1779646262383,PUT,113,4,benchKey_19_74,bytes=30;client_id=19;clients=50
1779646262383,PUT,113,4,benchKey_36_74,bytes=30;client_id=36;clients=50
1779646262384,PUT,94,4,benchKey_48_75,bytes=30;client_id=48;clients=50
1779646262384,PUT,114,4,benchKey_33_74,bytes=30;client_id=33;clients=50
1779646262384,PUT,92,4,benchKey_17_74,bytes=30;client_id=17;clients=50
1779646262385,PUT,92,4,benchKey_43_74,bytes=30;client_id=43;clients=50
1779646262391,PUT,99,4,benchKey_34_74,bytes=30;client_id=34;clients=50
1779646262392,PUT,95,4,benchKey_29_75,bytes=30;client_id=29;clients=50
1779646262395,PUT,96,4,benchKey_1_75,bytes=29;client_id=1;clients=50
1779646262395,PUT,95,4,benchKey_7_74,bytes=29;client_id=7;clients=50
1779646262395,PUT,94,4,benchKey_3_74,bytes=29;client_id=3;clients=50
1779646262395,PUT,95,4,benchKey_23_75,bytes=30;client_id=23;clients=50
1779646262395,PUT,95,4,benchKey_5_74,bytes=29;client_id=5;clients=50
1779646262416,PUT,115,4,benchKey_26_74,bytes=30;client_id=26;clients=50
1779646262416,PUT,113,4,benchKey_13_74,bytes=30;client_id=13;clients=50
1779646262417,PUT,115,4,benchKey_28_75,bytes=30;client_id=28;clients=50
1779646262419,PUT,110,4,benchKey_41_75,bytes=30;client_id=41;clients=50
1779646262421,PUT,112,4,benchKey_4_75,bytes=29;client_id=4;clients=50
1779646262423,PUT,113,4,benchKey_24_74,bytes=30;client_id=24;clients=50
1779646262425,PUT,115,4,benchKey_8_75,bytes=29;client_id=8;clients=50
1779646262426,PUT,115,4,benchKey_40_74,bytes=30;client_id=40;clients=50
1779646262426,PUT,92,4,benchKey_39_75,bytes=30;client_id=39;clients=50
1779646262425,PUT,114,4,benchKey_22_75,bytes=30;client_id=22;clients=50
1779646262426,PUT,115,4,benchKey_12_74,bytes=30;client_id=12;clients=50
1779646262427,PUT,94,4,benchKey_42_74,bytes=30;client_id=42;clients=50
1779646262427,PUT,95,4,benchKey_45_75,bytes=30;client_id=45;clients=50
1779646262433,PUT,99,4,benchKey_32_75,bytes=30;client_id=32;clients=50
1779646262435,PUT,96,4,benchKey_47_75,bytes=30;client_id=47;clients=50
1779646262437,PUT,96,4,benchKey_6_76,bytes=29;client_id=6;clients=50
1779646262437,PUT,95,4,benchKey_9_76,bytes=29;client_id=9;clients=50
1779646262438,PUT,95,4,benchKey_37_75,bytes=30;client_id=37;clients=50
1779646262438,PUT,96,4,benchKey_14_74,bytes=30;client_id=14;clients=50
1779646262438,PUT,97,4,benchKey_15_75,bytes=30;client_id=15;clients=50
1779646262460,PUT,117,4,benchKey_49_75,bytes=30;client_id=49;clients=50
1779646262460,PUT,116,4,benchKey_35_75,bytes=30;client_id=35;clients=50
1779646262460,PUT,118,4,benchKey_18_75,bytes=30;client_id=18;clients=50
1779646262461,PUT,111,4,benchKey_46_75,bytes=30;client_id=46;clients=50
1779646262464,PUT,113,4,benchKey_2_76,bytes=29;client_id=2;clients=50
1779646262466,PUT,114,4,benchKey_30_76,bytes=30;client_id=30;clients=50
1779646262467,PUT,115,4,benchKey_21_75,bytes=30;client_id=21;clients=50
1779646262468,PUT,116,4,benchKey_31_75,bytes=30;client_id=31;clients=50
1779646262469,PUT,117,4,benchKey_10_75,bytes=30;client_id=10;clients=50
1779646262471,PUT,95,4,benchKey_20_75,bytes=30;client_id=20;clients=50
1779646262471,PUT,96,4,benchKey_0_75,bytes=29;client_id=0;clients=50
1779646262471,PUT,96,4,benchKey_16_75,bytes=30;client_id=16;clients=50
1779646262472,PUT,119,4,benchKey_44_75,bytes=30;client_id=44;clients=50
1779646262475,PUT,99,4,benchKey_38_76,bytes=30;client_id=38;clients=50
1779646262476,PUT,96,4,benchKey_11_75,bytes=30;client_id=11;clients=50
1779646262478,PUT,95,4,benchKey_25_75,bytes=30;client_id=25;clients=50
1779646262479,PUT,95,4,benchKey_36_75,bytes=30;client_id=36;clients=50
1779646262479,PUT,98,4,benchKey_27_75,bytes=30;client_id=27;clients=50
1779646262480,PUT,97,4,benchKey_19_75,bytes=30;client_id=19;clients=50
1779646262481,PUT,96,4,benchKey_48_76,bytes=30;client_id=48;clients=50
1779646262502,PUT,118,4,benchKey_17_75,bytes=30;client_id=17;clients=50
1779646262502,PUT,117,4,benchKey_43_75,bytes=30;client_id=43;clients=50
1779646262504,PUT,112,4,benchKey_34_75,bytes=30;client_id=34;clients=50
1779646262504,PUT,120,4,benchKey_33_75,bytes=30;client_id=33;clients=50
1779646262507,PUT,114,4,benchKey_29_76,bytes=30;client_id=29;clients=50
1779646262509,PUT,114,4,benchKey_7_75,bytes=29;client_id=7;clients=50
1779646262509,PUT,114,4,benchKey_1_76,bytes=29;client_id=1;clients=50
1779646262511,PUT,116,4,benchKey_23_76,bytes=30;client_id=23;clients=50
1779646262511,PUT,116,4,benchKey_3_75,bytes=29;client_id=3;clients=50
1779646262513,PUT,97,4,benchKey_26_75,bytes=30;client_id=26;clients=50
1779646262515,PUT,98,4,benchKey_28_76,bytes=30;client_id=28;clients=50
1779646262516,PUT,99,4,benchKey_13_75,bytes=30;client_id=13;clients=50
1779646262516,PUT,120,4,benchKey_5_75,bytes=29;client_id=5;clients=50
1779646262519,PUT,98,4,benchKey_41_76,bytes=30;client_id=41;clients=50
1779646262520,PUT,98,4,benchKey_4_76,bytes=29;client_id=4;clients=50
1779646262520,PUT,97,4,benchKey_24_75,bytes=30;client_id=24;clients=50
1779646262523,PUT,96,4,benchKey_40_75,bytes=30;client_id=40;clients=50
1779646262524,PUT,97,4,benchKey_39_76,bytes=30;client_id=39;clients=50
1779646262523,PUT,97,4,benchKey_8_76,bytes=29;client_id=8;clients=50
1779646262523,PUT,96,4,benchKey_22_76,bytes=30;client_id=22;clients=50
1779646262545,PUT,118,4,benchKey_12_75,bytes=30;client_id=12;clients=50
1779646262546,PUT,118,4,benchKey_42_75,bytes=30;client_id=42;clients=50
1779646262547,PUT,113,4,benchKey_32_76,bytes=30;client_id=32;clients=50
1779646262547,PUT,120,4,benchKey_45_76,bytes=30;client_id=45;clients=50
1779646262549,PUT,114,4,benchKey_47_76,bytes=30;client_id=47;clients=50
1779646262551,PUT,113,4,benchKey_9_77,bytes=29;client_id=9;clients=50
1779646262551,PUT,113,4,benchKey_6_77,bytes=29;client_id=6;clients=50
1779646262553,PUT,114,4,benchKey_14_75,bytes=30;client_id=14;clients=50
1779646262554,PUT,115,4,benchKey_37_76,bytes=30;client_id=37;clients=50
1779646262558,PUT,98,4,benchKey_49_76,bytes=30;client_id=49;clients=50
1779646262558,PUT,97,4,benchKey_35_76,bytes=30;client_id=35;clients=50
1779646262559,PUT,98,4,benchKey_18_76,bytes=30;client_id=18;clients=50
1779646262560,PUT,121,4,benchKey_15_76,bytes=30;client_id=15;clients=50
1779646262560,PUT,98,4,benchKey_46_76,bytes=30;client_id=46;clients=50
1779646262563,PUT,98,4,benchKey_2_77,bytes=29;client_id=2;clients=50
1779646262564,PUT,97,4,benchKey_30_77,bytes=30;client_id=30;clients=50
1779646262565,PUT,96,4,benchKey_31_76,bytes=30;client_id=31;clients=50
1779646262566,PUT,96,4,benchKey_10_76,bytes=30;client_id=10;clients=50
1779646262568,PUT,100,4,benchKey_21_76,bytes=30;client_id=21;clients=50
1779646262568,PUT,97,4,benchKey_20_76,bytes=30;client_id=20;clients=50
1779646262587,PUT,116,4,benchKey_0_76,bytes=29;client_id=0;clients=50
1779646262587,PUT,115,4,benchKey_16_76,bytes=30;client_id=16;clients=50
1779646262589,PUT,113,4,benchKey_38_77,bytes=30;client_id=38;clients=50
1779646262589,PUT,117,4,benchKey_44_76,bytes=30;client_id=44;clients=50
1779646262591,PUT,114,4,benchKey_11_76,bytes=30;client_id=11;clients=50
1779646262592,PUT,113,4,benchKey_25_76,bytes=30;client_id=25;clients=50
1779646262592,PUT,112,4,benchKey_36_76,bytes=30;client_id=36;clients=50
1779646262595,PUT,114,4,benchKey_19_76,bytes=30;client_id=19;clients=50
1779646262595,PUT,115,4,benchKey_27_76,bytes=30;client_id=27;clients=50
1779646262599,PUT,96,4,benchKey_43_76,bytes=30;client_id=43;clients=50
1779646262599,PUT,118,4,benchKey_48_77,bytes=30;client_id=48;clients=50
1779646262600,PUT,96,4,benchKey_17_76,bytes=30;client_id=17;clients=50
1779646262601,PUT,96,4,benchKey_34_76,bytes=30;client_id=34;clients=50
1779646262601,PUT,96,4,benchKey_33_76,bytes=30;client_id=33;clients=50
1779646262604,PUT,96,4,benchKey_29_77,bytes=30;client_id=29;clients=50
1779646262606,PUT,96,4,benchKey_7_76,bytes=29;client_id=7;clients=50
1779646262606,PUT,96,4,benchKey_1_77,bytes=29;client_id=1;clients=50
1779646262607,PUT,95,4,benchKey_23_77,bytes=30;client_id=23;clients=50
1779646262609,PUT,97,4,benchKey_3_76,bytes=29;client_id=3;clients=50
1779646262610,PUT,96,4,benchKey_26_76,bytes=30;client_id=26;clients=50
1779646262628,PUT,111,4,benchKey_13_76,bytes=30;client_id=13;clients=50
1779646262629,PUT,112,4,benchKey_28_77,bytes=30;client_id=28;clients=50
1779646262630,PUT,112,4,benchKey_5_76,bytes=29;client_id=5;clients=50
1779646262630,PUT,111,4,benchKey_41_77,bytes=30;client_id=41;clients=50
1779646262633,PUT,112,4,benchKey_24_76,bytes=30;client_id=24;clients=50
1779646262633,PUT,113,4,benchKey_4_77,bytes=29;client_id=4;clients=50
1779646262633,PUT,109,4,benchKey_40_76,bytes=30;client_id=40;clients=50
1779646262636,PUT,111,4,benchKey_8_77,bytes=29;client_id=8;clients=50
1779646262636,PUT,112,4,benchKey_39_77,bytes=30;client_id=39;clients=50
1779646262640,PUT,94,4,benchKey_12_76,bytes=30;client_id=12;clients=50
1779646262641,PUT,95,4,benchKey_42_76,bytes=30;client_id=42;clients=50
1779646262641,PUT,116,4,benchKey_22_77,bytes=30;client_id=22;clients=50
1779646262642,PUT,94,4,benchKey_32_77,bytes=30;client_id=32;clients=50
1779646262642,PUT,94,4,benchKey_45_77,bytes=30;client_id=45;clients=50
1779646262645,PUT,95,4,benchKey_47_77,bytes=30;client_id=47;clients=50
1779646262647,PUT,96,4,benchKey_6_78,bytes=29;client_id=6;clients=50
1779646262648,PUT,97,4,benchKey_9_78,bytes=29;client_id=9;clients=50
1779646262649,PUT,95,4,benchKey_14_76,bytes=30;client_id=14;clients=50
1779646262650,PUT,96,4,benchKey_37_77,bytes=30;client_id=37;clients=50
1779646262651,PUT,92,4,benchKey_49_77,bytes=30;client_id=49;clients=50
1779646262669,PUT,111,4,benchKey_35_77,bytes=30;client_id=35;clients=50
1779646262670,PUT,111,4,benchKey_18_77,bytes=30;client_id=18;clients=50
1779646262671,PUT,110,4,benchKey_46_77,bytes=30;client_id=46;clients=50
1779646262671,PUT,110,4,benchKey_15_77,bytes=30;client_id=15;clients=50
1779646262674,PUT,110,4,benchKey_2_78,bytes=29;client_id=2;clients=50
1779646262675,PUT,111,4,benchKey_30_78,bytes=30;client_id=30;clients=50
1779646262676,PUT,110,4,benchKey_31_77,bytes=30;client_id=31;clients=50
1779646262677,PUT,108,4,benchKey_21_77,bytes=30;client_id=21;clients=50
1779646262678,PUT,111,4,benchKey_10_77,bytes=30;client_id=10;clients=50
1779646262681,PUT,113,4,benchKey_20_77,bytes=30;client_id=20;clients=50
1779646262682,PUT,94,4,benchKey_16_77,bytes=30;client_id=16;clients=50
1779646262683,PUT,93,4,benchKey_38_78,bytes=30;client_id=38;clients=50
1779646262683,PUT,95,4,benchKey_0_77,bytes=29;client_id=0;clients=50
1779646262683,PUT,93,4,benchKey_44_77,bytes=30;client_id=44;clients=50
1779646262687,PUT,96,4,benchKey_11_77,bytes=30;client_id=11;clients=50
1779646262688,PUT,96,4,benchKey_25_77,bytes=30;client_id=25;clients=50
1779646262689,PUT,96,4,benchKey_36_77,bytes=30;client_id=36;clients=50
1779646262691,PUT,95,4,benchKey_27_77,bytes=30;client_id=27;clients=50
1779646262691,PUT,95,4,benchKey_19_77,bytes=30;client_id=19;clients=50
1779646262693,PUT,93,4,benchKey_48_78,bytes=30;client_id=48;clients=50
1779646262711,PUT,111,4,benchKey_17_77,bytes=30;client_id=17;clients=50
1779646262711,PUT,112,4,benchKey_43_77,bytes=30;client_id=43;clients=50
1779646262712,PUT,110,4,benchKey_33_77,bytes=30;client_id=33;clients=50
1779646262712,PUT,111,4,benchKey_34_77,bytes=30;client_id=34;clients=50
1779646262716,PUT,112,4,benchKey_29_78,bytes=30;client_id=29;clients=50
1779646262716,PUT,109,4,benchKey_7_77,bytes=29;client_id=7;clients=50
1779646262717,PUT,110,4,benchKey_1_78,bytes=29;client_id=1;clients=50
1779646262718,PUT,110,4,benchKey_23_78,bytes=30;client_id=23;clients=50
1779646262720,PUT,110,4,benchKey_3_77,bytes=29;client_id=3;clients=50
1779646262722,PUT,111,4,benchKey_26_77,bytes=30;client_id=26;clients=50
1779646262724,PUT,95,4,benchKey_13_77,bytes=30;client_id=13;clients=50
1779646262724,PUT,93,4,benchKey_41_78,bytes=30;client_id=41;clients=50
1779646262724,PUT,94,4,benchKey_28_78,bytes=30;client_id=28;clients=50
1779646262725,PUT,94,4,benchKey_5_77,bytes=29;client_id=5;clients=50
1779646262728,PUT,94,4,benchKey_24_77,bytes=30;client_id=24;clients=50
1779646262729,PUT,95,4,benchKey_4_78,bytes=29;client_id=4;clients=50
1779646262730,PUT,96,4,benchKey_40_77,bytes=30;client_id=40;clients=50
1779646262732,PUT,95,4,benchKey_39_78,bytes=30;client_id=39;clients=50
1779646262733,PUT,96,4,benchKey_8_78,bytes=29;client_id=8;clients=50
1779646262735,PUT,94,4,benchKey_12_77,bytes=30;client_id=12;clients=50
1779646262753,PUT,112,4,benchKey_42_77,bytes=30;client_id=42;clients=50
1779646262753,PUT,111,4,benchKey_45_78,bytes=30;client_id=45;clients=50
1779646262753,PUT,111,4,benchKey_22_78,bytes=30;client_id=22;clients=50
1779646262754,PUT,111,4,benchKey_32_78,bytes=30;client_id=32;clients=50
1779646262757,PUT,111,4,benchKey_47_78,bytes=30;client_id=47;clients=50
1779646262757,PUT,110,4,benchKey_6_79,bytes=29;client_id=6;clients=50
1779646262758,PUT,109,4,benchKey_9_79,bytes=29;client_id=9;clients=50
1779646262759,PUT,109,4,benchKey_14_77,bytes=30;client_id=14;clients=50
1779646262761,PUT,110,4,benchKey_37_78,bytes=30;client_id=37;clients=50
1779646262763,PUT,111,4,benchKey_49_78,bytes=30;client_id=49;clients=50
1779646262765,PUT,94,4,benchKey_18_78,bytes=30;client_id=18;clients=50
1779646262766,PUT,94,4,benchKey_46_78,bytes=30;client_id=46;clients=50
1779646262766,PUT,96,4,benchKey_35_78,bytes=30;client_id=35;clients=50
1779646262766,PUT,94,4,benchKey_15_78,bytes=30;client_id=15;clients=50
1779646262769,PUT,94,4,benchKey_2_79,bytes=29;client_id=2;clients=50
1779646262770,PUT,94,4,benchKey_30_79,bytes=30;client_id=30;clients=50
1779646262771,PUT,94,4,benchKey_31_78,bytes=30;client_id=31;clients=50
1779646262774,PUT,96,4,benchKey_10_78,bytes=30;client_id=10;clients=50
1779646262774,PUT,97,4,benchKey_21_78,bytes=30;client_id=21;clients=50
1779646262776,PUT,94,4,benchKey_20_78,bytes=30;client_id=20;clients=50
1779646262794,PUT,112,4,benchKey_16_78,bytes=30;client_id=16;clients=50
1779646262795,PUT,111,4,benchKey_44_78,bytes=30;client_id=44;clients=50
1779646262796,PUT,112,4,benchKey_0_78,bytes=29;client_id=0;clients=50
1779646262796,PUT,113,4,benchKey_38_79,bytes=30;client_id=38;clients=50
1779646262799,PUT,110,4,benchKey_25_78,bytes=30;client_id=25;clients=50
1779646262799,PUT,109,4,benchKey_36_78,bytes=30;client_id=36;clients=50
1779646262799,PUT,111,4,benchKey_11_78,bytes=30;client_id=11;clients=50
1779646262801,PUT,109,4,benchKey_27_78,bytes=30;client_id=27;clients=50
1779646262802,PUT,110,4,benchKey_19_78,bytes=30;client_id=19;clients=50
1779646262805,PUT,112,4,benchKey_48_79,bytes=30;client_id=48;clients=50
1779646262806,PUT,94,4,benchKey_43_78,bytes=30;client_id=43;clients=50
1779646262807,PUT,94,4,benchKey_34_78,bytes=30;client_id=34;clients=50
1779646262807,PUT,94,4,benchKey_33_78,bytes=30;client_id=33;clients=50
1779646262808,PUT,96,4,benchKey_17_78,bytes=30;client_id=17;clients=50
1779646262810,PUT,93,4,benchKey_7_78,bytes=29;client_id=7;clients=50
1779646262811,PUT,94,4,benchKey_29_79,bytes=30;client_id=29;clients=50
1779646262813,PUT,96,4,benchKey_1_79,bytes=29;client_id=1;clients=50
1779646262815,PUT,95,4,benchKey_3_78,bytes=29;client_id=3;clients=50
1779646262815,PUT,97,4,benchKey_23_79,bytes=30;client_id=23;clients=50
1779646262818,PUT,96,4,benchKey_26_78,bytes=30;client_id=26;clients=50
1779646262835,PUT,111,4,benchKey_13_78,bytes=30;client_id=13;clients=50
1779646262837,PUT,113,4,benchKey_41_79,bytes=30;client_id=41;clients=50
1779646262837,PUT,112,4,benchKey_5_78,bytes=29;client_id=5;clients=50
1779646262837,PUT,113,4,benchKey_28_79,bytes=30;client_id=28;clients=50
1779646262840,PUT,111,4,benchKey_4_79,bytes=29;client_id=4;clients=50
1779646262840,PUT,110,4,benchKey_40_78,bytes=30;client_id=40;clients=50
1779646262840,PUT,111,4,benchKey_24_78,bytes=30;client_id=24;clients=50
1779646262842,PUT,110,4,benchKey_39_79,bytes=30;client_id=39;clients=50
1779646262843,PUT,110,4,benchKey_8_79,bytes=29;client_id=8;clients=50
1779646262846,PUT,111,4,benchKey_12_78,bytes=30;client_id=12;clients=50
1779646262848,PUT,94,4,benchKey_22_79,bytes=30;client_id=22;clients=50
1779646262848,PUT,94,4,benchKey_42_78,bytes=30;client_id=42;clients=50
1779646262848,PUT,94,4,benchKey_45_79,bytes=30;client_id=45;clients=50
1779646262849,PUT,94,4,benchKey_32_79,bytes=30;client_id=32;clients=50
1779646262851,PUT,93,4,benchKey_47_79,bytes=30;client_id=47;clients=50
1779646262852,PUT,94,4,benchKey_6_80,bytes=29;client_id=6;clients=50
1779646262854,PUT,96,4,benchKey_9_80,bytes=29;client_id=9;clients=50
1779646262856,PUT,97,4,benchKey_14_78,bytes=30;client_id=14;clients=50
1779646262856,PUT,95,4,benchKey_37_79,bytes=30;client_id=37;clients=50
1779646262859,PUT,96,4,benchKey_49_79,bytes=30;client_id=49;clients=50
1779646262877,PUT,112,4,benchKey_18_79,bytes=30;client_id=18;clients=50
1779646262878,PUT,112,4,benchKey_46_79,bytes=30;client_id=46;clients=50
1779646262878,PUT,112,4,benchKey_35_79,bytes=30;client_id=35;clients=50
1779646262879,PUT,112,4,benchKey_15_79,bytes=30;client_id=15;clients=50
1779646262881,PUT,110,4,benchKey_31_79,bytes=30;client_id=31;clients=50
1779646262881,PUT,111,4,benchKey_30_80,bytes=30;client_id=30;clients=50
1779646262882,PUT,112,4,benchKey_2_80,bytes=29;client_id=2;clients=50
1779646262883,PUT,108,4,benchKey_10_79,bytes=30;client_id=10;clients=50
1779646262885,PUT,110,4,benchKey_21_79,bytes=30;client_id=21;clients=50
1779646262888,PUT,111,4,benchKey_20_79,bytes=30;client_id=20;clients=50
1779646262889,PUT,94,4,benchKey_16_79,bytes=30;client_id=16;clients=50
1779646262890,PUT,93,4,benchKey_38_80,bytes=30;client_id=38;clients=50
1779646262890,PUT,94,4,benchKey_44_79,bytes=30;client_id=44;clients=50
1779646262891,PUT,94,4,benchKey_0_79,bytes=29;client_id=0;clients=50
1779646262893,PUT,93,4,benchKey_25_79,bytes=30;client_id=25;clients=50
1779646262893,PUT,93,4,benchKey_36_79,bytes=30;client_id=36;clients=50
1779646262896,PUT,97,4,benchKey_11_79,bytes=30;client_id=11;clients=50
1779646262897,PUT,94,4,benchKey_19_79,bytes=30;client_id=19;clients=50
1779646262898,PUT,97,4,benchKey_27_79,bytes=30;client_id=27;clients=50
1779646262901,PUT,95,4,benchKey_48_80,bytes=30;client_id=48;clients=50
1779646262919,PUT,113,4,benchKey_43_79,bytes=30;client_id=43;clients=50
1779646262920,PUT,112,4,benchKey_34_79,bytes=30;client_id=34;clients=50
1779646262920,PUT,111,4,benchKey_17_79,bytes=30;client_id=17;clients=50
1779646262920,PUT,112,4,benchKey_33_79,bytes=30;client_id=33;clients=50
1779646262922,PUT,112,4,benchKey_7_79,bytes=29;client_id=7;clients=50
1779646262923,PUT,112,4,benchKey_29_80,bytes=30;client_id=29;clients=50
1779646262923,PUT,110,4,benchKey_1_80,bytes=29;client_id=1;clients=50
1779646262924,PUT,108,4,benchKey_3_79,bytes=29;client_id=3;clients=50
1779646262926,PUT,110,4,benchKey_23_80,bytes=30;client_id=23;clients=50
1779646262929,PUT,110,4,benchKey_26_79,bytes=30;client_id=26;clients=50
1779646262930,PUT,94,4,benchKey_13_79,bytes=30;client_id=13;clients=50
1779646262931,PUT,93,4,benchKey_41_80,bytes=30;client_id=41;clients=50
1779646262932,PUT,94,4,benchKey_28_80,bytes=30;client_id=28;clients=50
1779646262932,PUT,94,4,benchKey_5_79,bytes=29;client_id=5;clients=50
1779646262934,PUT,93,4,benchKey_40_79,bytes=30;client_id=40;clients=50
1779646262934,PUT,93,4,benchKey_4_80,bytes=29;client_id=4;clients=50
1779646262937,PUT,96,4,benchKey_24_79,bytes=30;client_id=24;clients=50
1779646262939,PUT,96,4,benchKey_39_80,bytes=30;client_id=39;clients=50
1779646262939,PUT,96,4,benchKey_8_80,bytes=29;client_id=8;clients=50
1779646262942,PUT,95,4,benchKey_12_79,bytes=30;client_id=12;clients=50
1779646262960,PUT,112,4,benchKey_22_80,bytes=30;client_id=22;clients=50
1779646262961,PUT,112,4,benchKey_45_80,bytes=30;client_id=45;clients=50
1779646262961,PUT,112,4,benchKey_32_80,bytes=30;client_id=32;clients=50
1779646262961,PUT,112,4,benchKey_42_79,bytes=30;client_id=42;clients=50
1779646262963,PUT,112,4,benchKey_47_80,bytes=30;client_id=47;clients=50
1779646262965,PUT,113,4,benchKey_6_81,bytes=29;client_id=6;clients=50
1779646262965,PUT,108,4,benchKey_37_80,bytes=30;client_id=37;clients=50
1779646262965,PUT,111,4,benchKey_9_81,bytes=29;client_id=9;clients=50
1779646262967,PUT,110,4,benchKey_14_79,bytes=30;client_id=14;clients=50
1779646262970,PUT,110,4,benchKey_49_80,bytes=30;client_id=49;clients=50
1779646262971,PUT,93,4,benchKey_18_80,bytes=30;client_id=18;clients=50
1779646262973,PUT,94,4,benchKey_46_80,bytes=30;client_id=46;clients=50
1779646262973,PUT,94,4,benchKey_35_80,bytes=30;client_id=35;clients=50
1779646262974,PUT,94,4,benchKey_15_80,bytes=30;client_id=15;clients=50
1779646262976,PUT,95,4,benchKey_31_80,bytes=30;client_id=31;clients=50
1779646262976,PUT,95,4,benchKey_30_81,bytes=30;client_id=30;clients=50
1779646262978,PUT,96,4,benchKey_2_81,bytes=29;client_id=2;clients=50
1779646262980,PUT,94,4,benchKey_21_80,bytes=30;client_id=21;clients=50
1779646262980,PUT,96,4,benchKey_10_80,bytes=30;client_id=10;clients=50
1779646262983,PUT,95,4,benchKey_20_80,bytes=30;client_id=20;clients=50
1779646263001,PUT,112,4,benchKey_16_80,bytes=30;client_id=16;clients=50
1779646263002,PUT,111,4,benchKey_0_80,bytes=29;client_id=0;clients=50
1779646263002,PUT,112,4,benchKey_44_80,bytes=30;client_id=44;clients=50
1779646263003,PUT,113,4,benchKey_38_81,bytes=30;client_id=38;clients=50
1779646263004,PUT,111,4,benchKey_25_80,bytes=30;client_id=25;clients=50
1779646263006,PUT,113,4,benchKey_36_80,bytes=30;client_id=36;clients=50
1779646263006,PUT,109,4,benchKey_11_80,bytes=30;client_id=11;clients=50
1779646263006,PUT,109,4,benchKey_19_80,bytes=30;client_id=19;clients=50
1779646263009,PUT,110,4,benchKey_27_80,bytes=30;client_id=27;clients=50
1779646263011,PUT,110,4,benchKey_48_81,bytes=30;client_id=48;clients=50
1779646263012,PUT,92,4,benchKey_43_80,bytes=30;client_id=43;clients=50
1779646263014,PUT,93,4,benchKey_34_80,bytes=30;client_id=34;clients=50
1779646263015,PUT,94,4,benchKey_17_80,bytes=30;client_id=17;clients=50
1779646263016,PUT,95,4,benchKey_33_80,bytes=30;client_id=33;clients=50
1779646263017,PUT,93,4,benchKey_29_81,bytes=30;client_id=29;clients=50
1779646263018,PUT,95,4,benchKey_7_80,bytes=29;client_id=7;clients=50
1779646263019,PUT,95,4,benchKey_1_81,bytes=29;client_id=1;clients=50
1779646263021,PUT,97,4,benchKey_3_80,bytes=29;client_id=3;clients=50
1779646263022,PUT,95,4,benchKey_23_81,bytes=30;client_id=23;clients=50
1779646263024,PUT,95,4,benchKey_26_80,bytes=30;client_id=26;clients=50
1779646263043,PUT,113,4,benchKey_13_80,bytes=30;client_id=13;clients=50
1779646263043,PUT,112,4,benchKey_41_81,bytes=30;client_id=41;clients=50
1779646263043,PUT,111,4,benchKey_28_81,bytes=30;client_id=28;clients=50
1779646263044,PUT,111,4,benchKey_5_80,bytes=29;client_id=5;clients=50
1779646263046,PUT,112,4,benchKey_40_80,bytes=30;client_id=40;clients=50
1779646263047,PUT,110,4,benchKey_24_80,bytes=30;client_id=24;clients=50
1779646263047,PUT,113,4,benchKey_4_81,bytes=29;client_id=4;clients=50
1779646263047,PUT,108,4,benchKey_39_81,bytes=30;client_id=39;clients=50
1779646263050,PUT,110,4,benchKey_8_81,bytes=29;client_id=8;clients=50
1779646263052,PUT,109,4,benchKey_12_80,bytes=30;client_id=12;clients=50
1779646263054,PUT,93,4,benchKey_22_81,bytes=30;client_id=22;clients=50
1779646263055,PUT,93,4,benchKey_45_81,bytes=30;client_id=45;clients=50
1779646263057,PUT,96,4,benchKey_42_80,bytes=30;client_id=42;clients=50
1779646263057,PUT,96,4,benchKey_32_81,bytes=30;client_id=32;clients=50
1779646263059,PUT,95,4,benchKey_47_81,bytes=30;client_id=47;clients=50
1779646263060,PUT,94,4,benchKey_37_81,bytes=30;client_id=37;clients=50
1779646263060,PUT,94,4,benchKey_6_82,bytes=29;client_id=6;clients=50
1779646263063,PUT,97,4,benchKey_9_82,bytes=29;client_id=9;clients=50
1779646263064,PUT,96,4,benchKey_14_80,bytes=30;client_id=14;clients=50
1779646263066,PUT,95,4,benchKey_49_81,bytes=30;client_id=49;clients=50
1779646263084,PUT,113,4,benchKey_18_81,bytes=30;client_id=18;clients=50
1779646263084,PUT,111,4,benchKey_46_81,bytes=30;client_id=46;clients=50
1779646263086,PUT,112,4,benchKey_15_81,bytes=30;client_id=15;clients=50
1779646263086,PUT,113,4,benchKey_35_81,bytes=30;client_id=35;clients=50
1779646263089,PUT,112,4,benchKey_30_82,bytes=30;client_id=30;clients=50
1779646263089,PUT,113,4,benchKey_31_81,bytes=30;client_id=31;clients=50
1779646263089,PUT,109,4,benchKey_21_81,bytes=30;client_id=21;clients=50
1779646263089,PUT,111,4,benchKey_2_82,bytes=29;client_id=2;clients=50
1779646263091,PUT,110,4,benchKey_10_81,bytes=30;client_id=10;clients=50
1779646263093,PUT,109,4,benchKey_20_81,bytes=30;client_id=20;clients=50
1779646263095,PUT,93,4,benchKey_16_81,bytes=30;client_id=16;clients=50
1779646263096,PUT,94,4,benchKey_0_81,bytes=29;client_id=0;clients=50
1779646263098,PUT,95,4,benchKey_38_82,bytes=30;client_id=38;clients=50
1779646263098,PUT,96,4,benchKey_44_81,bytes=30;client_id=44;clients=50
1779646263100,PUT,95,4,benchKey_25_81,bytes=30;client_id=25;clients=50
1779646263101,PUT,94,4,benchKey_36_81,bytes=30;client_id=36;clients=50
1779646263102,PUT,95,4,benchKey_11_81,bytes=30;client_id=11;clients=50
1779646263104,PUT,97,4,benchKey_19_81,bytes=30;client_id=19;clients=50
1779646263105,PUT,96,4,benchKey_27_81,bytes=30;client_id=27;clients=50
1779646263107,PUT,95,4,benchKey_48_82,bytes=30;client_id=48;clients=50
1779646263125,PUT,113,4,benchKey_43_81,bytes=30;client_id=43;clients=50
1779646263125,PUT,111,4,benchKey_34_81,bytes=30;client_id=34;clients=50
1779646263128,PUT,113,4,benchKey_17_81,bytes=30;client_id=17;clients=50
1779646263128,PUT,111,4,benchKey_33_81,bytes=30;client_id=33;clients=50
1779646263130,PUT,111,4,benchKey_7_81,bytes=29;client_id=7;clients=50
1779646263130,PUT,112,4,benchKey_29_82,bytes=30;client_id=29;clients=50
1779646263130,PUT,111,4,benchKey_1_82,bytes=29;client_id=1;clients=50
1779646263131,PUT,109,4,benchKey_3_81,bytes=29;client_id=3;clients=50
1779646263133,PUT,110,4,benchKey_23_82,bytes=30;client_id=23;clients=50
1779646263134,PUT,109,4,benchKey_26_81,bytes=30;client_id=26;clients=50
1779646263136,PUT,92,4,benchKey_13_81,bytes=30;client_id=13;clients=50
1779646263137,PUT,93,4,benchKey_41_82,bytes=30;client_id=41;clients=50
1779646263139,PUT,95,4,benchKey_28_82,bytes=30;client_id=28;clients=50
1779646263139,PUT,95,4,benchKey_5_81,bytes=29;client_id=5;clients=50
1779646263141,PUT,94,4,benchKey_40_81,bytes=30;client_id=40;clients=50
1779646263142,PUT,94,4,benchKey_24_81,bytes=30;client_id=24;clients=50
1779646263143,PUT,95,4,benchKey_4_82,bytes=29;client_id=4;clients=50
1779646263145,PUT,97,4,benchKey_39_82,bytes=30;client_id=39;clients=50
1779646263146,PUT,95,4,benchKey_8_82,bytes=29;client_id=8;clients=50
1779646263148,PUT,95,4,benchKey_12_81,bytes=30;client_id=12;clients=50
1779646263166,PUT,112,4,benchKey_22_82,bytes=30;client_id=22;clients=50
1779646263166,PUT,111,4,benchKey_45_82,bytes=30;client_id=45;clients=50
1779646263170,PUT,112,4,benchKey_42_81,bytes=30;client_id=42;clients=50
1779646263170,PUT,112,4,benchKey_32_82,bytes=30;client_id=32;clients=50
1779646263171,PUT,110,4,benchKey_6_83,bytes=29;client_id=6;clients=50
1779646263172,PUT,111,4,benchKey_37_82,bytes=30;client_id=37;clients=50
1779646263172,PUT,108,4,benchKey_9_83,bytes=29;client_id=9;clients=50
1779646263172,PUT,112,4,benchKey_47_82,bytes=30;client_id=47;clients=50
1779646263175,PUT,111,4,benchKey_14_81,bytes=30;client_id=14;clients=50
1779646263176,PUT,110,4,benchKey_49_82,bytes=30;client_id=49;clients=50
1779646263178,PUT,93,4,benchKey_18_82,bytes=30;client_id=18;clients=50
1779646263178,PUT,93,4,benchKey_46_82,bytes=30;client_id=46;clients=50
1779646263181,PUT,94,4,benchKey_15_82,bytes=30;client_id=15;clients=50
1779646263181,PUT,94,4,benchKey_35_82,bytes=30;client_id=35;clients=50
1779646263182,PUT,92,4,benchKey_30_83,bytes=30;client_id=30;clients=50
1779646263184,PUT,94,4,benchKey_31_82,bytes=30;client_id=31;clients=50
1779646263184,PUT,94,4,benchKey_21_82,bytes=30;client_id=21;clients=50
1779646263187,PUT,97,4,benchKey_2_83,bytes=29;client_id=2;clients=50
1779646263188,PUT,96,4,benchKey_10_82,bytes=30;client_id=10;clients=50
1779646263189,PUT,95,4,benchKey_20_82,bytes=30;client_id=20;clients=50
1779646263208,PUT,112,4,benchKey_0_82,bytes=29;client_id=0;clients=50
1779646263208,PUT,113,4,benchKey_16_82,bytes=30;client_id=16;clients=50
1779646263211,PUT,112,4,benchKey_38_83,bytes=30;client_id=38;clients=50
1779646263211,PUT,112,4,benchKey_44_82,bytes=30;client_id=44;clients=50
1779646263212,PUT,111,4,benchKey_25_82,bytes=30;client_id=25;clients=50
1779646263213,PUT,110,4,benchKey_11_82,bytes=30;client_id=11;clients=50
1779646263213,PUT,108,4,benchKey_19_82,bytes=30;client_id=19;clients=50
1779646263214,PUT,112,4,benchKey_36_82,bytes=30;client_id=36;clients=50
1779646263216,PUT,111,4,benchKey_27_82,bytes=30;client_id=27;clients=50
1779646263217,PUT,109,4,benchKey_48_83,bytes=30;client_id=48;clients=50
1779646263219,PUT,93,4,benchKey_43_82,bytes=30;client_id=43;clients=50
1779646263220,PUT,94,4,benchKey_34_82,bytes=30;client_id=34;clients=50
1779646263222,PUT,94,4,benchKey_33_82,bytes=30;client_id=33;clients=50
1779646263222,PUT,94,4,benchKey_17_82,bytes=30;client_id=17;clients=50
1779646263223,PUT,93,4,benchKey_7_82,bytes=29;client_id=7;clients=50
1779646263225,PUT,94,4,benchKey_1_83,bytes=29;client_id=1;clients=50
1779646263226,PUT,95,4,benchKey_29_83,bytes=30;client_id=29;clients=50
1779646263229,PUT,98,4,benchKey_3_82,bytes=29;client_id=3;clients=50
1779646263229,PUT,96,4,benchKey_23_83,bytes=30;client_id=23;clients=50
1779646263230,PUT,95,4,benchKey_26_82,bytes=30;client_id=26;clients=50
1779646263250,PUT,113,4,benchKey_13_82,bytes=30;client_id=13;clients=50
1779646263250,PUT,113,4,benchKey_41_83,bytes=30;client_id=41;clients=50
1779646263253,PUT,112,4,benchKey_40_82,bytes=30;client_id=40;clients=50
1779646263253,PUT,113,4,benchKey_5_82,bytes=29;client_id=5;clients=50
1779646263253,PUT,113,4,benchKey_28_83,bytes=30;client_id=28;clients=50
1779646263254,PUT,111,4,benchKey_24_82,bytes=30;client_id=24;clients=50
1779646263255,PUT,111,4,benchKey_4_83,bytes=29;client_id=4;clients=50
1779646263255,PUT,109,4,benchKey_39_83,bytes=30;client_id=39;clients=50
1779646263258,PUT,110,4,benchKey_12_82,bytes=30;client_id=12;clients=50
1779646263258,PUT,112,4,benchKey_8_83,bytes=29;client_id=8;clients=50
1779646263260,PUT,93,4,benchKey_45_83,bytes=30;client_id=45;clients=50
1779646263261,PUT,94,4,benchKey_22_83,bytes=30;client_id=22;clients=50
1779646263263,PUT,92,4,benchKey_32_83,bytes=30;client_id=32;clients=50
1779646263263,PUT,92,4,benchKey_42_82,bytes=30;client_id=42;clients=50
1779646263264,PUT,92,4,benchKey_6_84,bytes=29;client_id=6;clients=50
1779646263267,PUT,94,4,benchKey_37_83,bytes=30;client_id=37;clients=50
1779646263268,PUT,95,4,benchKey_9_84,bytes=29;client_id=9;clients=50
1779646263270,PUT,94,4,benchKey_14_82,bytes=30;client_id=14;clients=50
1779646263271,PUT,98,4,benchKey_47_83,bytes=30;client_id=47;clients=50
1779646263272,PUT,96,4,benchKey_49_83,bytes=30;client_id=49;clients=50
1779646263291,PUT,113,4,benchKey_46_83,bytes=30;client_id=46;clients=50
1779646263291,PUT,113,4,benchKey_18_83,bytes=30;client_id=18;clients=50
1779646263294,PUT,112,4,benchKey_15_83,bytes=30;client_id=15;clients=50
1779646263294,PUT,112,4,benchKey_30_84,bytes=30;client_id=30;clients=50
1779646263294,PUT,112,4,benchKey_35_83,bytes=30;client_id=35;clients=50
1779646263295,PUT,110,4,benchKey_31_83,bytes=30;client_id=31;clients=50
1779646263296,PUT,108,4,benchKey_2_84,bytes=29;client_id=2;clients=50
1779646263297,PUT,113,4,benchKey_21_83,bytes=30;client_id=21;clients=50
1779646263299,PUT,111,4,benchKey_10_83,bytes=30;client_id=10;clients=50
1779646263300,PUT,111,4,benchKey_20_83,bytes=30;client_id=20;clients=50
1779646263301,PUT,92,4,benchKey_16_83,bytes=30;client_id=16;clients=50
1779646263303,PUT,94,4,benchKey_0_83,bytes=29;client_id=0;clients=50
1779646263304,PUT,92,4,benchKey_44_83,bytes=30;client_id=44;clients=50
1779646263304,PUT,93,4,benchKey_38_84,bytes=30;client_id=38;clients=50
1779646263306,PUT,93,4,benchKey_25_83,bytes=30;client_id=25;clients=50
1779646263309,PUT,96,4,benchKey_11_83,bytes=30;client_id=11;clients=50
1779646263309,PUT,96,4,benchKey_19_83,bytes=30;client_id=19;clients=50
1779646263311,PUT,97,4,benchKey_36_83,bytes=30;client_id=36;clients=50
1779646263312,PUT,95,4,benchKey_27_83,bytes=30;client_id=27;clients=50
1779646263314,PUT,96,4,benchKey_48_84,bytes=30;client_id=48;clients=50
1779646263332,PUT,113,4,benchKey_43_83,bytes=30;client_id=43;clients=50
1779646263332,PUT,112,4,benchKey_34_83,bytes=30;client_id=34;clients=50
1779646263335,PUT,112,4,benchKey_33_83,bytes=30;client_id=33;clients=50
1779646263335,PUT,111,4,benchKey_7_83,bytes=29;client_id=7;clients=50
1779646263335,PUT,112,4,benchKey_17_83,bytes=30;client_id=17;clients=50
1779646263337,PUT,111,4,benchKey_29_84,bytes=30;client_id=29;clients=50
1779646263337,PUT,112,4,benchKey_1_84,bytes=29;client_id=1;clients=50
1779646263339,PUT,110,4,benchKey_3_83,bytes=29;client_id=3;clients=50
1779646263340,PUT,110,4,benchKey_23_84,bytes=30;client_id=23;clients=50
1779646263341,PUT,110,4,benchKey_26_83,bytes=30;client_id=26;clients=50
1779646263343,PUT,92,4,benchKey_41_84,bytes=30;client_id=41;clients=50
1779646263344,PUT,93,4,benchKey_13_83,bytes=30;client_id=13;clients=50
1779646263345,PUT,91,4,benchKey_40_83,bytes=30;client_id=40;clients=50
1779646263346,PUT,92,4,benchKey_5_83,bytes=29;client_id=5;clients=50
1779646263347,PUT,93,4,benchKey_28_84,bytes=30;client_id=28;clients=50
1779646263350,PUT,95,4,benchKey_4_84,bytes=29;client_id=4;clients=50
1779646263351,PUT,97,4,benchKey_24_83,bytes=30;client_id=24;clients=50
1779646263353,PUT,98,4,benchKey_39_84,bytes=30;client_id=39;clients=50
1779646263354,PUT,95,4,benchKey_8_84,bytes=29;client_id=8;clients=50
1779646263356,PUT,97,4,benchKey_12_83,bytes=30;client_id=12;clients=50
1779646263373,PUT,113,4,benchKey_45_84,bytes=30;client_id=45;clients=50
1779646263374,PUT,113,4,benchKey_22_84,bytes=30;client_id=22;clients=50
1779646263376,PUT,113,4,benchKey_32_84,bytes=30;client_id=32;clients=50
1779646263377,PUT,113,4,benchKey_6_85,bytes=29;client_id=6;clients=50
1779646263377,PUT,114,4,benchKey_42_83,bytes=30;client_id=42;clients=50
1779646263378,PUT,110,4,benchKey_9_85,bytes=29;client_id=9;clients=50
1779646263378,PUT,111,4,benchKey_37_84,bytes=30;client_id=37;clients=50
1779646263380,PUT,110,4,benchKey_14_83,bytes=30;client_id=14;clients=50
1779646263381,PUT,109,4,benchKey_47_84,bytes=30;client_id=47;clients=50
1779646263382,PUT,109,4,benchKey_49_84,bytes=30;client_id=49;clients=50
1779646263384,PUT,92,4,benchKey_18_84,bytes=30;client_id=18;clients=50
1779646263385,PUT,93,4,benchKey_46_84,bytes=30;client_id=46;clients=50
1779646263386,PUT,91,4,benchKey_15_84,bytes=30;client_id=15;clients=50
1779646263388,PUT,93,4,benchKey_30_85,bytes=30;client_id=30;clients=50
1779646263388,PUT,93,4,benchKey_35_84,bytes=30;client_id=35;clients=50
1779646263391,PUT,96,4,benchKey_31_84,bytes=30;client_id=31;clients=50
1779646263392,PUT,96,4,benchKey_2_85,bytes=29;client_id=2;clients=50
1779646263394,PUT,96,4,benchKey_21_84,bytes=30;client_id=21;clients=50
1779646263396,PUT,96,4,benchKey_10_84,bytes=30;client_id=10;clients=50
1779646263397,PUT,96,4,benchKey_20_84,bytes=30;client_id=20;clients=50
1779646263415,PUT,112,4,benchKey_0_84,bytes=29;client_id=0;clients=50
1779646263415,PUT,114,4,benchKey_16_84,bytes=30;client_id=16;clients=50
1779646263418,PUT,114,4,benchKey_44_84,bytes=30;client_id=44;clients=50
1779646263419,PUT,113,4,benchKey_25_84,bytes=30;client_id=25;clients=50
1779646263420,PUT,115,4,benchKey_38_85,bytes=30;client_id=38;clients=50
1779646263420,PUT,111,4,benchKey_11_84,bytes=30;client_id=11;clients=50
1779646263420,PUT,110,4,benchKey_19_84,bytes=30;client_id=19;clients=50
1779646263421,PUT,109,4,benchKey_36_84,bytes=30;client_id=36;clients=50
1779646263422,PUT,109,4,benchKey_27_84,bytes=30;client_id=27;clients=50
1779646263423,PUT,108,4,benchKey_48_85,bytes=30;client_id=48;clients=50
1779646263425,PUT,92,4,benchKey_43_84,bytes=30;client_id=43;clients=50
1779646263426,PUT,93,4,benchKey_34_84,bytes=30;client_id=34;clients=50
1779646263428,PUT,92,4,benchKey_33_84,bytes=30;client_id=33;clients=50
1779646263429,PUT,94,4,benchKey_7_84,bytes=29;client_id=7;clients=50
1779646263429,PUT,93,4,benchKey_17_84,bytes=30;client_id=17;clients=50
1779646263433,PUT,95,4,benchKey_1_85,bytes=29;client_id=1;clients=50
1779646263433,PUT,95,4,benchKey_29_85,bytes=30;client_id=29;clients=50
1779646263436,PUT,96,4,benchKey_3_84,bytes=29;client_id=3;clients=50
1779646263438,PUT,98,4,benchKey_23_85,bytes=30;client_id=23;clients=50
1779646263438,PUT,97,4,benchKey_26_84,bytes=30;client_id=26;clients=50
1779646263457,PUT,113,4,benchKey_13_84,bytes=30;client_id=13;clients=50
1779646263457,PUT,114,4,benchKey_41_85,bytes=30;client_id=41;clients=50
1779646263459,PUT,114,4,benchKey_40_84,bytes=30;client_id=40;clients=50
1779646263460,PUT,114,4,benchKey_5_84,bytes=29;client_id=5;clients=50
1779646263461,PUT,110,4,benchKey_4_85,bytes=29;client_id=4;clients=50
1779646263461,PUT,109,4,benchKey_24_84,bytes=30;client_id=24;clients=50
1779646263461,PUT,114,4,benchKey_28_85,bytes=30;client_id=28;clients=50
1779646263462,PUT,108,4,benchKey_39_85,bytes=30;client_id=39;clients=50
1779646263463,PUT,108,4,benchKey_8_85,bytes=29;client_id=8;clients=50
1779646263464,PUT,107,4,benchKey_12_84,bytes=30;client_id=12;clients=50
1779646263466,PUT,92,4,benchKey_45_85,bytes=30;client_id=45;clients=50
1779646263467,PUT,92,4,benchKey_22_85,bytes=30;client_id=22;clients=50
1779646263469,PUT,92,4,benchKey_32_85,bytes=30;client_id=32;clients=50
1779646263471,PUT,93,4,benchKey_6_86,bytes=29;client_id=6;clients=50
1779646263471,PUT,93,4,benchKey_42_84,bytes=30;client_id=42;clients=50
1779646263474,PUT,96,4,benchKey_9_86,bytes=29;client_id=9;clients=50
1779646263474,PUT,96,4,benchKey_37_85,bytes=30;client_id=37;clients=50
1779646263477,PUT,96,4,benchKey_14_84,bytes=30;client_id=14;clients=50
1779646263479,PUT,98,4,benchKey_47_85,bytes=30;client_id=47;clients=50
1779646263480,PUT,97,4,benchKey_49_85,bytes=30;client_id=49;clients=50
1779646263498,PUT,114,4,benchKey_18_85,bytes=30;client_id=18;clients=50
1779646263498,PUT,113,4,benchKey_46_85,bytes=30;client_id=46;clients=50
1779646263500,PUT,114,4,benchKey_15_85,bytes=30;client_id=15;clients=50
1779646263502,PUT,114,4,benchKey_30_86,bytes=30;client_id=30;clients=50
1779646263503,PUT,111,4,benchKey_31_85,bytes=30;client_id=31;clients=50
1779646263503,PUT,115,4,benchKey_35_85,bytes=30;client_id=35;clients=50
1779646263503,PUT,111,4,benchKey_2_86,bytes=29;client_id=2;clients=50
1779646263504,PUT,109,4,benchKey_21_85,bytes=30;client_id=21;clients=50
1779646263505,PUT,108,4,benchKey_10_85,bytes=30;client_id=10;clients=50
1779646263505,PUT,107,4,benchKey_20_85,bytes=30;client_id=20;clients=50
1779646263507,PUT,91,4,benchKey_16_85,bytes=30;client_id=16;clients=50
1779646263508,PUT,92,4,benchKey_0_85,bytes=29;client_id=0;clients=50
1779646263511,PUT,92,4,benchKey_44_85,bytes=30;client_id=44;clients=50
1779646263513,PUT,93,4,benchKey_25_85,bytes=30;client_id=25;clients=50
1779646263513,PUT,93,4,benchKey_38_86,bytes=30;client_id=38;clients=50
1779646263515,PUT,94,4,benchKey_11_85,bytes=30;client_id=11;clients=50
1779646263516,PUT,95,4,benchKey_19_85,bytes=30;client_id=19;clients=50
1779646263518,PUT,97,4,benchKey_36_85,bytes=30;client_id=36;clients=50
1779646263520,PUT,97,4,benchKey_27_85,bytes=30;client_id=27;clients=50
1779646263521,PUT,98,4,benchKey_48_86,bytes=30;client_id=48;clients=50
1779646263539,PUT,114,4,benchKey_43_85,bytes=30;client_id=43;clients=50
1779646263540,PUT,114,4,benchKey_34_85,bytes=30;client_id=34;clients=50
1779646263541,PUT,113,4,benchKey_33_85,bytes=30;client_id=33;clients=50
1779646263543,PUT,113,4,benchKey_7_85,bytes=29;client_id=7;clients=50
1779646263544,PUT,110,4,benchKey_29_86,bytes=30;client_id=29;clients=50
1779646263544,PUT,114,4,benchKey_17_85,bytes=30;client_id=17;clients=50
1779646263544,PUT,110,4,benchKey_1_86,bytes=29;client_id=1;clients=50
1779646263546,PUT,107,4,benchKey_26_85,bytes=30;client_id=26;clients=50
1779646263546,PUT,109,4,benchKey_3_85,bytes=29;client_id=3;clients=50
1779646263546,PUT,107,4,benchKey_23_86,bytes=30;client_id=23;clients=50
1779646263549,PUT,91,4,benchKey_41_86,bytes=30;client_id=41;clients=50
1779646263549,PUT,91,4,benchKey_13_85,bytes=30;client_id=13;clients=50
1779646263553,PUT,93,4,benchKey_40_85,bytes=30;client_id=40;clients=50
1779646263554,PUT,94,4,benchKey_5_85,bytes=29;client_id=5;clients=50
1779646263554,PUT,93,4,benchKey_24_85,bytes=30;client_id=24;clients=50
1779646263557,PUT,95,4,benchKey_4_86,bytes=29;client_id=4;clients=50
1779646263558,PUT,96,4,benchKey_28_86,bytes=30;client_id=28;clients=50
1779646263559,PUT,97,4,benchKey_39_86,bytes=30;client_id=39;clients=50
1779646263561,PUT,97,4,benchKey_8_86,bytes=29;client_id=8;clients=50
1779646263562,PUT,97,4,benchKey_12_85,bytes=30;client_id=12;clients=50
1779646263580,PUT,114,4,benchKey_45_86,bytes=30;client_id=45;clients=50
1779646263581,PUT,114,4,benchKey_22_86,bytes=30;client_id=22;clients=50
1779646263582,PUT,112,4,benchKey_32_86,bytes=30;client_id=32;clients=50
1779646263584,PUT,112,4,benchKey_6_87,bytes=29;client_id=6;clients=50
1779646263585,PUT,110,4,benchKey_37_86,bytes=30;client_id=37;clients=50
1779646263585,PUT,110,4,benchKey_9_87,bytes=29;client_id=9;clients=50
1779646263585,PUT,114,4,benchKey_42_85,bytes=30;client_id=42;clients=50
1779646263587,PUT,107,4,benchKey_49_86,bytes=30;client_id=49;clients=50
1779646263587,PUT,108,4,benchKey_47_86,bytes=30;client_id=47;clients=50
1779646263587,PUT,110,4,benchKey_14_85,bytes=30;client_id=14;clients=50
1779646263590,PUT,91,4,benchKey_18_86,bytes=30;client_id=18;clients=50
1779646263591,PUT,92,4,benchKey_46_86,bytes=30;client_id=46;clients=50
1779646263594,PUT,94,4,benchKey_15_86,bytes=30;client_id=15;clients=50
1779646263595,PUT,92,4,benchKey_30_87,bytes=30;client_id=30;clients=50
1779646263595,PUT,92,4,benchKey_31_86,bytes=30;client_id=31;clients=50
1779646263598,PUT,95,4,benchKey_35_86,bytes=30;client_id=35;clients=50
1779646263599,PUT,95,4,benchKey_2_87,bytes=29;client_id=2;clients=50
1779646263600,PUT,96,4,benchKey_21_86,bytes=30;client_id=21;clients=50
1779646263602,PUT,96,4,benchKey_10_86,bytes=30;client_id=10;clients=50
1779646263604,PUT,99,4,benchKey_20_86,bytes=30;client_id=20;clients=50
1779646263623,PUT,116,4,benchKey_16_86,bytes=30;client_id=16;clients=50
1779646263623,PUT,112,4,benchKey_44_86,bytes=30;client_id=44;clients=50
1779646263623,PUT,115,4,benchKey_0_86,bytes=29;client_id=0;clients=50
1779646263625,PUT,111,4,benchKey_25_86,bytes=30;client_id=25;clients=50
1779646263626,PUT,112,4,benchKey_38_87,bytes=30;client_id=38;clients=50
1779646263627,PUT,111,4,benchKey_11_86,bytes=30;client_id=11;clients=50
1779646263627,PUT,111,4,benchKey_19_86,bytes=30;client_id=19;clients=50
1779646263628,PUT,108,4,benchKey_27_86,bytes=30;client_id=27;clients=50
1779646263628,PUT,109,4,benchKey_36_86,bytes=30;client_id=36;clients=50
1779646263628,PUT,106,4,benchKey_48_87,bytes=30;client_id=48;clients=50
1779646263632,PUT,92,4,benchKey_34_86,bytes=30;client_id=34;clients=50
1779646263632,PUT,92,4,benchKey_43_86,bytes=30;client_id=43;clients=50
1779646263636,PUT,93,4,benchKey_7_86,bytes=29;client_id=7;clients=50
1779646263637,PUT,95,4,benchKey_33_86,bytes=30;client_id=33;clients=50
1779646263637,PUT,92,4,benchKey_29_87,bytes=30;client_id=29;clients=50
1779646263640,PUT,95,4,benchKey_1_87,bytes=29;client_id=1;clients=50
1779646263640,PUT,96,4,benchKey_17_86,bytes=30;client_id=17;clients=50
1779646263641,PUT,95,4,benchKey_26_86,bytes=30;client_id=26;clients=50
1779646263644,PUT,98,4,benchKey_3_86,bytes=29;client_id=3;clients=50
1779646263645,PUT,99,4,benchKey_23_87,bytes=30;client_id=23;clients=50
1779646263665,PUT,111,4,benchKey_40_86,bytes=30;client_id=40;clients=50
1779646263665,PUT,116,4,benchKey_13_86,bytes=30;client_id=13;clients=50
1779646263665,PUT,116,4,benchKey_41_87,bytes=30;client_id=41;clients=50
1779646263666,PUT,112,4,benchKey_5_86,bytes=29;client_id=5;clients=50
1779646263667,PUT,112,4,benchKey_24_86,bytes=30;client_id=24;clients=50
1779646263669,PUT,107,4,benchKey_12_86,bytes=30;client_id=12;clients=50
1779646263669,PUT,111,4,benchKey_28_87,bytes=30;client_id=28;clients=50
1779646263669,PUT,112,4,benchKey_4_87,bytes=29;client_id=4;clients=50
1779646263670,PUT,110,4,benchKey_39_87,bytes=30;client_id=39;clients=50
1779646263670,PUT,109,4,benchKey_8_87,bytes=29;client_id=8;clients=50
1779646263673,PUT,92,4,benchKey_22_87,bytes=30;client_id=22;clients=50
1779646263674,PUT,93,4,benchKey_45_87,bytes=30;client_id=45;clients=50
1779646263678,PUT,96,4,benchKey_32_87,bytes=30;client_id=32;clients=50
1779646263679,PUT,94,4,benchKey_37_87,bytes=30;client_id=37;clients=50
1779646263679,PUT,94,4,benchKey_6_88,bytes=29;client_id=6;clients=50
1779646263681,PUT,95,4,benchKey_9_88,bytes=29;client_id=9;clients=50
1779646263681,PUT,95,4,benchKey_42_86,bytes=30;client_id=42;clients=50
1779646263683,PUT,95,4,benchKey_49_87,bytes=30;client_id=49;clients=50
1779646263686,PUT,99,4,benchKey_47_87,bytes=30;client_id=47;clients=50
1779646263686,PUT,99,4,benchKey_14_86,bytes=30;client_id=14;clients=50
1779646263707,PUT,115,4,benchKey_46_87,bytes=30;client_id=46;clients=50
1779646263707,PUT,117,4,benchKey_18_87,bytes=30;client_id=18;clients=50
1779646263707,PUT,112,4,benchKey_30_88,bytes=30;client_id=30;clients=50
1779646263708,PUT,113,4,benchKey_15_87,bytes=30;client_id=15;clients=50
1779646263709,PUT,113,4,benchKey_31_87,bytes=30;client_id=31;clients=50
1779646263710,PUT,110,4,benchKey_2_88,bytes=29;client_id=2;clients=50
1779646263710,PUT,111,4,benchKey_35_87,bytes=30;client_id=35;clients=50
1779646263710,PUT,110,4,benchKey_21_87,bytes=30;client_id=21;clients=50
1779646263711,PUT,106,4,benchKey_20_87,bytes=30;client_id=20;clients=50
1779646263712,PUT,110,4,benchKey_10_87,bytes=30;client_id=10;clients=50
1779646263714,PUT,90,4,benchKey_44_87,bytes=30;client_id=44;clients=50
1779646263715,PUT,91,4,benchKey_16_87,bytes=30;client_id=16;clients=50
1779646263719,PUT,95,4,benchKey_0_87,bytes=29;client_id=0;clients=50
1779646263720,PUT,94,4,benchKey_38_88,bytes=30;client_id=38;clients=50
1779646263721,PUT,95,4,benchKey_25_87,bytes=30;client_id=25;clients=50
1779646263722,PUT,94,4,benchKey_19_87,bytes=30;client_id=19;clients=50
1779646263723,PUT,96,4,benchKey_11_87,bytes=30;client_id=11;clients=50
1779646263725,PUT,97,4,benchKey_27_87,bytes=30;client_id=27;clients=50
1779646263728,PUT,100,4,benchKey_48_88,bytes=30;client_id=48;clients=50
1779646263728,PUT,100,4,benchKey_36_87,bytes=30;client_id=36;clients=50
1779646263749,PUT,116,4,benchKey_43_87,bytes=30;client_id=43;clients=50
1779646263749,PUT,116,4,benchKey_34_87,bytes=30;client_id=34;clients=50
1779646263749,PUT,112,4,benchKey_7_87,bytes=29;client_id=7;clients=50
1779646263750,PUT,112,4,benchKey_29_88,bytes=30;client_id=29;clients=50
1779646263750,PUT,113,4,benchKey_33_87,bytes=30;client_id=33;clients=50
1779646263751,PUT,110,4,benchKey_26_87,bytes=30;client_id=26;clients=50
1779646263751,PUT,110,4,benchKey_17_87,bytes=30;client_id=17;clients=50
1779646263751,PUT,111,4,benchKey_1_88,bytes=29;client_id=1;clients=50
1779646263752,PUT,107,4,benchKey_3_87,bytes=29;client_id=3;clients=50
1779646263754,PUT,109,4,benchKey_23_88,bytes=30;client_id=23;clients=50
1779646263755,PUT,89,4,benchKey_13_87,bytes=30;client_id=13;clients=50
1779646263756,PUT,90,4,benchKey_40_87,bytes=30;client_id=40;clients=50
1779646263760,PUT,94,4,benchKey_41_88,bytes=30;client_id=41;clients=50
1779646263762,PUT,94,4,benchKey_24_87,bytes=30;client_id=24;clients=50
1779646263762,PUT,95,4,benchKey_5_87,bytes=29;client_id=5;clients=50
1779646263763,PUT,93,4,benchKey_12_87,bytes=30;client_id=12;clients=50
1779646263764,PUT,94,4,benchKey_28_88,bytes=30;client_id=28;clients=50
1779646263766,PUT,96,4,benchKey_4_88,bytes=29;client_id=4;clients=50
1779646263769,PUT,99,4,benchKey_39_88,bytes=30;client_id=39;clients=50
1779646263769,PUT,99,4,benchKey_8_88,bytes=29;client_id=8;clients=50
1779646263790,PUT,116,4,benchKey_45_88,bytes=30;client_id=45;clients=50
1779646263790,PUT,116,4,benchKey_22_88,bytes=30;client_id=22;clients=50
1779646263790,PUT,112,4,benchKey_32_88,bytes=30;client_id=32;clients=50
1779646263791,PUT,111,4,benchKey_37_88,bytes=30;client_id=37;clients=50
1779646263791,PUT,112,4,benchKey_6_89,bytes=29;client_id=6;clients=50
1779646263793,PUT,106,4,benchKey_47_88,bytes=30;client_id=47;clients=50
1779646263793,PUT,112,4,benchKey_42_87,bytes=30;client_id=42;clients=50
1779646263793,PUT,110,4,benchKey_49_88,bytes=30;client_id=49;clients=50
1779646263793,PUT,112,4,benchKey_9_89,bytes=29;client_id=9;clients=50
1779646263795,PUT,108,4,benchKey_14_87,bytes=30;client_id=14;clients=50
1779646263796,PUT,88,4,benchKey_46_88,bytes=30;client_id=46;clients=50
1779646263797,PUT,89,4,benchKey_18_88,bytes=30;client_id=18;clients=50
1779646263801,PUT,93,4,benchKey_30_89,bytes=30;client_id=30;clients=50
1779646263803,PUT,95,4,benchKey_15_88,bytes=30;client_id=15;clients=50
1779646263804,PUT,93,4,benchKey_2_89,bytes=29;client_id=2;clients=50
1779646263804,PUT,95,4,benchKey_31_88,bytes=30;client_id=31;clients=50
1779646263805,PUT,94,4,benchKey_35_88,bytes=30;client_id=35;clients=50
1779646263807,PUT,97,4,benchKey_21_88,bytes=30;client_id=21;clients=50
1779646263810,PUT,97,4,benchKey_10_88,bytes=30;client_id=10;clients=50
1779646263811,PUT,100,4,benchKey_20_88,bytes=30;client_id=20;clients=50
1779646263831,PUT,117,4,benchKey_44_88,bytes=30;client_id=44;clients=50
1779646263831,PUT,112,4,benchKey_0_88,bytes=29;client_id=0;clients=50
1779646263832,PUT,112,4,benchKey_38_89,bytes=30;client_id=38;clients=50
1779646263832,PUT,111,4,benchKey_25_88,bytes=30;client_id=25;clients=50
1779646263833,PUT,118,4,benchKey_16_88,bytes=30;client_id=16;clients=50
1779646263834,PUT,111,4,benchKey_11_88,bytes=30;client_id=11;clients=50
1779646263835,PUT,106,4,benchKey_36_88,bytes=30;client_id=36;clients=50
1779646263835,PUT,110,4,benchKey_27_88,bytes=30;client_id=27;clients=50
1779646263835,PUT,113,4,benchKey_19_88,bytes=30;client_id=19;clients=50
1779646263837,PUT,108,4,benchKey_48_89,bytes=30;client_id=48;clients=50
1779646263837,PUT,87,4,benchKey_34_88,bytes=30;client_id=34;clients=50
1779646263838,PUT,89,4,benchKey_43_88,bytes=30;client_id=43;clients=50
1779646263842,PUT,92,4,benchKey_7_88,bytes=29;client_id=7;clients=50
1779646263844,PUT,93,4,benchKey_29_89,bytes=30;client_id=29;clients=50
1779646263845,PUT,93,4,benchKey_26_88,bytes=30;client_id=26;clients=50
1779646263845,PUT,95,4,benchKey_33_88,bytes=30;client_id=33;clients=50
1779646263846,PUT,94,4,benchKey_17_88,bytes=30;client_id=17;clients=50
1779646263848,PUT,96,4,benchKey_1_89,bytes=29;client_id=1;clients=50
1779646263851,PUT,99,4,benchKey_3_88,bytes=29;client_id=3;clients=50
1779646263852,PUT,97,4,benchKey_23_89,bytes=30;client_id=23;clients=50
1779646263873,PUT,117,4,benchKey_40_88,bytes=30;client_id=40;clients=50
1779646263873,PUT,118,4,benchKey_13_88,bytes=30;client_id=13;clients=50
1779646263875,PUT,115,4,benchKey_41_89,bytes=30;client_id=41;clients=50
1779646263875,PUT,113,4,benchKey_5_88,bytes=29;client_id=5;clients=50
1779646263875,PUT,113,4,benchKey_24_88,bytes=30;client_id=24;clients=50
1779646263875,PUT,112,4,benchKey_12_88,bytes=30;client_id=12;clients=50
1779646263876,PUT,111,4,benchKey_28_89,bytes=30;client_id=28;clients=50
1779646263876,PUT,106,4,benchKey_39_89,bytes=30;client_id=39;clients=50
1779646263877,PUT,110,4,benchKey_4_89,bytes=29;client_id=4;clients=50
1779646263879,PUT,88,4,benchKey_45_89,bytes=30;client_id=45;clients=50
1779646263879,PUT,110,4,benchKey_8_89,bytes=29;client_id=8;clients=50
1779646263881,PUT,90,4,benchKey_22_89,bytes=30;client_id=22;clients=50
1779646263883,PUT,92,4,benchKey_32_89,bytes=30;client_id=32;clients=50
1779646263886,PUT,95,4,benchKey_6_90,bytes=29;client_id=6;clients=50
1779646263886,PUT,95,4,benchKey_37_89,bytes=30;client_id=37;clients=50
1779646263888,PUT,94,4,benchKey_47_89,bytes=30;client_id=47;clients=50
1779646263888,PUT,94,4,benchKey_42_88,bytes=30;client_id=42;clients=50
1779646263889,PUT,95,4,benchKey_49_89,bytes=30;client_id=49;clients=50
1779646263893,PUT,99,4,benchKey_9_90,bytes=29;client_id=9;clients=50
1779646263894,PUT,98,4,benchKey_14_88,bytes=30;client_id=14;clients=50
1779646263915,PUT,119,4,benchKey_46_89,bytes=30;client_id=46;clients=50
1779646263915,PUT,118,4,benchKey_18_89,bytes=30;client_id=18;clients=50
1779646263917,PUT,116,4,benchKey_30_90,bytes=30;client_id=30;clients=50
1779646263917,PUT,113,4,benchKey_2_90,bytes=29;client_id=2;clients=50
1779646263917,PUT,114,4,benchKey_15_89,bytes=30;client_id=15;clients=50
1779646263917,PUT,113,4,benchKey_31_89,bytes=30;client_id=31;clients=50
1779646263918,PUT,110,4,benchKey_21_89,bytes=30;client_id=21;clients=50
1779646263918,PUT,113,4,benchKey_35_89,bytes=30;client_id=35;clients=50
1779646263919,PUT,109,4,benchKey_10_89,bytes=30;client_id=10;clients=50
1779646263921,PUT,110,4,benchKey_20_89,bytes=30;client_id=20;clients=50
1779646263921,PUT,89,4,benchKey_44_89,bytes=30;client_id=44;clients=50
1779646263922,PUT,90,4,benchKey_0_89,bytes=29;client_id=0;clients=50
1779646263925,PUT,92,4,benchKey_38_90,bytes=30;client_id=38;clients=50
1779646263928,PUT,94,4,benchKey_16_89,bytes=30;client_id=16;clients=50
1779646263928,PUT,96,4,benchKey_25_89,bytes=30;client_id=25;clients=50
1779646263929,PUT,94,4,benchKey_36_89,bytes=30;client_id=36;clients=50
1779646263930,PUT,95,4,benchKey_11_89,bytes=30;client_id=11;clients=50
1779646263931,PUT,95,4,benchKey_27_89,bytes=30;client_id=27;clients=50
1779646263935,PUT,97,4,benchKey_48_90,bytes=30;client_id=48;clients=50
1779646263935,PUT,99,4,benchKey_19_89,bytes=30;client_id=19;clients=50
1779646263956,PUT,117,4,benchKey_43_89,bytes=30;client_id=43;clients=50
1779646263957,PUT,119,4,benchKey_34_89,bytes=30;client_id=34;clients=50
1779646263959,PUT,113,4,benchKey_17_89,bytes=30;client_id=17;clients=50
1779646263959,PUT,117,4,benchKey_7_89,bytes=29;client_id=7;clients=50
1779646263959,PUT,115,4,benchKey_29_90,bytes=30;client_id=29;clients=50
1779646263959,PUT,114,4,benchKey_26_89,bytes=30;client_id=26;clients=50
1779646263959,PUT,114,4,benchKey_33_89,bytes=30;client_id=33;clients=50
1779646263960,PUT,109,4,benchKey_3_89,bytes=29;client_id=3;clients=50
1779646263960,PUT,112,4,benchKey_1_90,bytes=29;client_id=1;clients=50
1779646263963,PUT,110,4,benchKey_23_90,bytes=30;client_id=23;clients=50
1779646263963,PUT,89,4,benchKey_13_89,bytes=30;client_id=13;clients=50
1779646263964,PUT,90,4,benchKey_40_89,bytes=30;client_id=40;clients=50
1779646263968,PUT,93,4,benchKey_41_90,bytes=30;client_id=41;clients=50
1779646263970,PUT,94,4,benchKey_12_89,bytes=30;client_id=12;clients=50
1779646263971,PUT,95,4,benchKey_24_89,bytes=30;client_id=24;clients=50
1779646263971,PUT,95,4,benchKey_5_89,bytes=29;client_id=5;clients=50
1779646263972,PUT,95,4,benchKey_28_90,bytes=30;client_id=28;clients=50
1779646263972,PUT,96,4,benchKey_39_90,bytes=30;client_id=39;clients=50
1779646263977,PUT,100,4,benchKey_4_90,bytes=29;client_id=4;clients=50
1779646263977,PUT,97,4,benchKey_45_90,bytes=30;client_id=45;clients=50
1779646263997,PUT,117,4,benchKey_8_90,bytes=29;client_id=8;clients=50
1779646263998,PUT,117,4,benchKey_22_90,bytes=30;client_id=22;clients=50
1779646264000,PUT,116,4,benchKey_32_90,bytes=30;client_id=32;clients=50
1779646264001,PUT,114,4,benchKey_37_90,bytes=30;client_id=37;clients=50
1779646264002,PUT,113,4,benchKey_42_89,bytes=30;client_id=42;clients=50
1779646264002,PUT,109,4,benchKey_9_91,bytes=29;client_id=9;clients=50
1779646264002,PUT,113,4,benchKey_49_90,bytes=30;client_id=49;clients=50
1779646264002,PUT,114,4,benchKey_47_90,bytes=30;client_id=47;clients=50
1779646264002,PUT,116,4,benchKey_6_91,bytes=29;client_id=6;clients=50
1779646264004,PUT,109,4,benchKey_14_89,bytes=30;client_id=14;clients=50
1779646264005,PUT,89,4,benchKey_18_90,bytes=30;client_id=18;clients=50
1779646264005,PUT,89,4,benchKey_46_90,bytes=30;client_id=46;clients=50
1779646264011,PUT,93,4,benchKey_2_91,bytes=29;client_id=2;clients=50
1779646264011,PUT,93,4,benchKey_30_91,bytes=30;client_id=30;clients=50
1779646264012,PUT,94,4,benchKey_31_90,bytes=30;client_id=31;clients=50
1779646264012,PUT,94,4,benchKey_15_90,bytes=30;client_id=15;clients=50
1779646264013,PUT,94,4,benchKey_35_90,bytes=30;client_id=35;clients=50
1779646264013,PUT,94,4,benchKey_21_90,bytes=30;client_id=21;clients=50
1779646264018,PUT,97,4,benchKey_20_90,bytes=30;client_id=20;clients=50
1779646264019,PUT,99,4,benchKey_10_90,bytes=30;client_id=10;clients=50
1779646264039,PUT,118,4,benchKey_44_90,bytes=30;client_id=44;clients=50
1779646264040,PUT,118,4,benchKey_0_90,bytes=29;client_id=0;clients=50
1779646264041,PUT,115,4,benchKey_38_91,bytes=30;client_id=38;clients=50
1779646264042,PUT,113,4,benchKey_16_90,bytes=30;client_id=16;clients=50
1779646264043,PUT,107,4,benchKey_48_91,bytes=30;client_id=48;clients=50
1779646264044,PUT,115,4,benchKey_25_90,bytes=30;client_id=25;clients=50
1779646264044,PUT,113,4,benchKey_11_90,bytes=30;client_id=11;clients=50
1779646264044,PUT,112,4,benchKey_27_90,bytes=30;client_id=27;clients=50
1779646264044,PUT,115,4,benchKey_36_90,bytes=30;client_id=36;clients=50
1779646264046,PUT,111,4,benchKey_19_90,bytes=30;client_id=19;clients=50
1779646264047,PUT,90,4,benchKey_43_90,bytes=30;client_id=43;clients=50
1779646264047,PUT,90,4,benchKey_34_90,bytes=30;client_id=34;clients=50
1779646264052,PUT,92,4,benchKey_17_90,bytes=30;client_id=17;clients=50
1779646264052,PUT,92,4,benchKey_7_90,bytes=29;client_id=7;clients=50
1779646264053,PUT,93,4,benchKey_26_90,bytes=30;client_id=26;clients=50
1779646264053,PUT,93,4,benchKey_29_91,bytes=30;client_id=29;clients=50
1779646264055,PUT,95,4,benchKey_33_90,bytes=30;client_id=33;clients=50
1779646264055,PUT,94,4,benchKey_3_90,bytes=29;client_id=3;clients=50
1779646264059,PUT,98,4,benchKey_1_91,bytes=29;client_id=1;clients=50
1779646264060,PUT,97,4,benchKey_23_91,bytes=30;client_id=23;clients=50
1779646264081,PUT,118,4,benchKey_13_90,bytes=30;client_id=13;clients=50
1779646264081,PUT,117,4,benchKey_40_90,bytes=30;client_id=40;clients=50
1779646264082,PUT,113,4,benchKey_41_91,bytes=30;client_id=41;clients=50
1779646264083,PUT,113,4,benchKey_12_90,bytes=30;client_id=12;clients=50
1779646264084,PUT,113,4,benchKey_24_90,bytes=30;client_id=24;clients=50
1779646264085,PUT,114,4,benchKey_5_90,bytes=29;client_id=5;clients=50
1779646264085,PUT,113,4,benchKey_39_91,bytes=30;client_id=39;clients=50
1779646264085,PUT,113,4,benchKey_28_91,bytes=30;client_id=28;clients=50
1779646264086,PUT,108,4,benchKey_4_91,bytes=29;client_id=4;clients=50
1779646264088,PUT,111,4,benchKey_45_91,bytes=30;client_id=45;clients=50
1779646264088,PUT,91,4,benchKey_8_91,bytes=29;client_id=8;clients=50
1779646264089,PUT,90,4,benchKey_22_91,bytes=30;client_id=22;clients=50
1779646264093,PUT,92,4,benchKey_37_91,bytes=30;client_id=37;clients=50
1779646264093,PUT,93,4,benchKey_32_91,bytes=30;client_id=32;clients=50
1779646264095,PUT,92,4,benchKey_42_90,bytes=30;client_id=42;clients=50
1779646264095,PUT,93,4,benchKey_9_92,bytes=29;client_id=9;clients=50
1779646264096,PUT,93,4,benchKey_49_91,bytes=30;client_id=49;clients=50
1779646264097,PUT,94,4,benchKey_47_91,bytes=30;client_id=47;clients=50
1779646264101,PUT,98,4,benchKey_6_92,bytes=29;client_id=6;clients=50
1779646264101,PUT,97,4,benchKey_14_90,bytes=30;client_id=14;clients=50
1779646264123,PUT,112,4,benchKey_30_92,bytes=30;client_id=30;clients=50
1779646264123,PUT,118,4,benchKey_18_91,bytes=30;client_id=18;clients=50
1779646264124,PUT,112,4,benchKey_2_92,bytes=29;client_id=2;clients=50
1779646264124,PUT,119,4,benchKey_46_91,bytes=30;client_id=46;clients=50
1779646264125,PUT,112,4,benchKey_31_91,bytes=30;client_id=31;clients=50
1779646264127,PUT,114,4,benchKey_35_91,bytes=30;client_id=35;clients=50
1779646264127,PUT,114,4,benchKey_21_91,bytes=30;client_id=21;clients=50
1779646264127,PUT,115,4,benchKey_15_91,bytes=30;client_id=15;clients=50
1779646264128,PUT,110,4,benchKey_20_91,bytes=30;client_id=20;clients=50
1779646264130,PUT,90,4,benchKey_44_91,bytes=30;client_id=44;clients=50
1779646264131,PUT,112,4,benchKey_10_91,bytes=30;client_id=10;clients=50
1779646264131,PUT,91,4,benchKey_0_91,bytes=29;client_id=0;clients=50
1779646264135,PUT,93,4,benchKey_38_92,bytes=30;client_id=38;clients=50
1779646264135,PUT,93,4,benchKey_16_91,bytes=30;client_id=16;clients=50
1779646264137,PUT,92,4,benchKey_25_91,bytes=30;client_id=25;clients=50
1779646264137,PUT,93,4,benchKey_11_91,bytes=30;client_id=11;clients=50
1779646264137,PUT,94,4,benchKey_48_92,bytes=30;client_id=48;clients=50
1779646264139,PUT,94,4,benchKey_27_91,bytes=30;client_id=27;clients=50
1779646264143,PUT,98,4,benchKey_36_91,bytes=30;client_id=36;clients=50
1779646264143,PUT,96,4,benchKey_19_91,bytes=30;client_id=19;clients=50
1779646264165,PUT,118,4,benchKey_34_91,bytes=30;client_id=34;clients=50
1779646264165,PUT,118,4,benchKey_43_91,bytes=30;client_id=43;clients=50
1779646264166,PUT,113,4,benchKey_26_91,bytes=30;client_id=26;clients=50
1779646264166,PUT,114,4,benchKey_7_91,bytes=29;client_id=7;clients=50
1779646264166,PUT,114,4,benchKey_17_91,bytes=30;client_id=17;clients=50
1779646264169,PUT,116,4,benchKey_29_92,bytes=30;client_id=29;clients=50
1779646264170,PUT,115,4,benchKey_3_91,bytes=29;client_id=3;clients=50
1779646264170,PUT,111,4,benchKey_1_92,bytes=29;client_id=1;clients=50
1779646264170,PUT,115,4,benchKey_33_91,bytes=30;client_id=33;clients=50
1779646264171,PUT,110,4,benchKey_23_92,bytes=30;client_id=23;clients=50
1779646264172,PUT,90,4,benchKey_13_91,bytes=30;client_id=13;clients=50
1779646264173,PUT,91,4,benchKey_40_91,bytes=30;client_id=40;clients=50
1779646264177,PUT,95,4,benchKey_41_92,bytes=30;client_id=41;clients=50
1779646264177,PUT,93,4,benchKey_12_91,bytes=30;client_id=12;clients=50
1779646264178,PUT,92,4,benchKey_5_91,bytes=29;client_id=5;clients=50
1779646264178,PUT,93,4,benchKey_24_91,bytes=30;client_id=24;clients=50
1779646264180,PUT,94,4,benchKey_28_92,bytes=30;client_id=28;clients=50
1779646264180,PUT,94,4,benchKey_39_92,bytes=30;client_id=39;clients=50
1779646264186,PUT,100,4,benchKey_4_92,bytes=29;client_id=4;clients=50
1779646264186,PUT,97,4,benchKey_45_92,bytes=30;client_id=45;clients=50
1779646264208,PUT,119,4,benchKey_8_92,bytes=29;client_id=8;clients=50
1779646264208,PUT,119,4,benchKey_22_92,bytes=30;client_id=22;clients=50
1779646264209,PUT,116,4,benchKey_37_92,bytes=30;client_id=37;clients=50
1779646264209,PUT,114,4,benchKey_42_91,bytes=30;client_id=42;clients=50
1779646264210,PUT,116,4,benchKey_32_92,bytes=30;client_id=32;clients=50
1779646264211,PUT,116,4,benchKey_9_93,bytes=29;client_id=9;clients=50
1779646264212,PUT,111,4,benchKey_6_93,bytes=29;client_id=6;clients=50
1779646264212,PUT,116,4,benchKey_49_92,bytes=30;client_id=49;clients=50
1779646264212,PUT,111,4,benchKey_14_91,bytes=30;client_id=14;clients=50
1779646264213,PUT,116,4,benchKey_47_92,bytes=30;client_id=47;clients=50
1779646264213,PUT,90,4,benchKey_18_92,bytes=30;client_id=18;clients=50
1779646264215,PUT,91,4,benchKey_30_93,bytes=30;client_id=30;clients=50
1779646264218,PUT,94,4,benchKey_2_93,bytes=29;client_id=2;clients=50
1779646264218,PUT,94,4,benchKey_46_92,bytes=30;client_id=46;clients=50
1779646264220,PUT,92,4,benchKey_35_92,bytes=30;client_id=35;clients=50
1779646264220,PUT,95,4,benchKey_31_92,bytes=30;client_id=31;clients=50
1779646264222,PUT,94,4,benchKey_15_92,bytes=30;client_id=15;clients=50
1779646264222,PUT,94,4,benchKey_21_92,bytes=30;client_id=21;clients=50
1779646264227,PUT,98,4,benchKey_20_92,bytes=30;client_id=20;clients=50
1779646264227,PUT,96,4,benchKey_44_92,bytes=30;client_id=44;clients=50
1779646264251,PUT,120,4,benchKey_10_92,bytes=30;client_id=10;clients=50
1779646264252,PUT,120,4,benchKey_0_92,bytes=29;client_id=0;clients=50
1779646264252,PUT,116,4,benchKey_16_92,bytes=30;client_id=16;clients=50
1779646264253,PUT,115,4,benchKey_25_92,bytes=30;client_id=25;clients=50
1779646264253,PUT,117,4,benchKey_38_93,bytes=30;client_id=38;clients=50
1779646264254,PUT,116,4,benchKey_11_92,bytes=30;client_id=11;clients=50
1779646264254,PUT,110,4,benchKey_36_92,bytes=30;client_id=36;clients=50
1779646264254,PUT,114,4,benchKey_27_92,bytes=30;client_id=27;clients=50
1779646264255,PUT,89,4,benchKey_43_92,bytes=30;client_id=43;clients=50
1779646264255,PUT,117,4,benchKey_48_93,bytes=30;client_id=48;clients=50
1779646264255,PUT,111,4,benchKey_19_92,bytes=30;client_id=19;clients=50
1779646264256,PUT,90,4,benchKey_34_92,bytes=30;client_id=34;clients=50
1779646264259,PUT,92,4,benchKey_26_92,bytes=30;client_id=26;clients=50
1779646264261,PUT,94,4,benchKey_17_92,bytes=30;client_id=17;clients=50
1779646264261,PUT,94,4,benchKey_7_92,bytes=29;client_id=7;clients=50
1779646264262,PUT,92,4,benchKey_29_93,bytes=30;client_id=29;clients=50
1779646264263,PUT,92,4,benchKey_1_93,bytes=29;client_id=1;clients=50
1779646264263,PUT,92,4,benchKey_3_92,bytes=29;client_id=3;clients=50
1779646264268,PUT,97,4,benchKey_33_92,bytes=30;client_id=33;clients=50
1779646264269,PUT,98,4,benchKey_23_93,bytes=30;client_id=23;clients=50
1779646264294,PUT,122,4,benchKey_13_92,bytes=30;client_id=13;clients=50
1779646264294,PUT,121,4,benchKey_40_92,bytes=30;client_id=40;clients=50
1779646264294,PUT,116,4,benchKey_5_92,bytes=29;client_id=5;clients=50
1779646264294,PUT,117,4,benchKey_41_93,bytes=30;client_id=41;clients=50
1779646264295,PUT,114,4,benchKey_28_93,bytes=30;client_id=28;clients=50
1779646264295,PUT,117,4,benchKey_24_92,bytes=30;client_id=24;clients=50
1779646264295,PUT,114,4,benchKey_39_93,bytes=30;client_id=39;clients=50
1779646264295,PUT,118,4,benchKey_12_92,bytes=30;client_id=12;clients=50
1779646264297,PUT,88,4,benchKey_22_93,bytes=30;client_id=22;clients=50
1779646264297,PUT,110,4,benchKey_45_93,bytes=30;client_id=45;clients=50
1779646264297,PUT,110,4,benchKey_4_93,bytes=29;client_id=4;clients=50
1779646264297,PUT,88,4,benchKey_8_93,bytes=29;client_id=8;clients=50
1779646264301,PUT,92,4,benchKey_37_93,bytes=30;client_id=37;clients=50
1779646264303,PUT,91,4,benchKey_9_94,bytes=29;client_id=9;clients=50
1779646264304,PUT,93,4,benchKey_32_93,bytes=30;client_id=32;clients=50
1779646264304,PUT,94,4,benchKey_42_92,bytes=30;client_id=42;clients=50
1779646264304,PUT,91,4,benchKey_49_93,bytes=30;client_id=49;clients=50
1779646264305,PUT,92,4,benchKey_6_94,bytes=29;client_id=6;clients=50
1779646264309,PUT,95,4,benchKey_14_92,bytes=30;client_id=14;clients=50
1779646264310,PUT,96,4,benchKey_47_93,bytes=30;client_id=47;clients=50
1779646264336,PUT,122,4,benchKey_18_93,bytes=30;client_id=18;clients=50
1779646264336,PUT,121,4,benchKey_30_94,bytes=30;client_id=30;clients=50
1779646264336,PUT,114,4,benchKey_21_93,bytes=30;client_id=21;clients=50
1779646264337,PUT,116,4,benchKey_31_93,bytes=30;client_id=31;clients=50
1779646264337,PUT,118,4,benchKey_2_94,bytes=29;client_id=2;clients=50
1779646264337,PUT,119,4,benchKey_46_93,bytes=30;client_id=46;clients=50
1779646264337,PUT,116,4,benchKey_35_93,bytes=30;client_id=35;clients=50
1779646264337,PUT,115,4,benchKey_15_93,bytes=30;client_id=15;clients=50
1779646264338,PUT,85,4,benchKey_0_93,bytes=29;client_id=0;clients=50
1779646264338,PUT,111,4,benchKey_20_93,bytes=30;client_id=20;clients=50
1779646264338,PUT,111,4,benchKey_44_93,bytes=30;client_id=44;clients=50
1779646264340,PUT,88,4,benchKey_10_93,bytes=30;client_id=10;clients=50
1779646264344,PUT,92,4,benchKey_16_93,bytes=30;client_id=16;clients=50
1779646264345,PUT,91,4,benchKey_25_93,bytes=30;client_id=25;clients=50
1779646264345,PUT,91,4,benchKey_36_93,bytes=30;client_id=36;clients=50
1779646264346,PUT,92,4,benchKey_11_93,bytes=30;client_id=11;clients=50
1779646264346,PUT,91,4,benchKey_27_93,bytes=30;client_id=27;clients=50
1779646264346,PUT,93,4,benchKey_38_94,bytes=30;client_id=38;clients=50
1779646264351,PUT,96,4,benchKey_43_93,bytes=30;client_id=43;clients=50
1779646264351,PUT,96,4,benchKey_48_94,bytes=30;client_id=48;clients=50
1779646264378,PUT,123,4,benchKey_19_93,bytes=30;client_id=19;clients=50
1779646264378,PUT,122,4,benchKey_34_93,bytes=30;client_id=34;clients=50
1779646264379,PUT,117,4,benchKey_17_93,bytes=30;client_id=17;clients=50
1779646264379,PUT,117,4,benchKey_7_93,bytes=29;client_id=7;clients=50
1779646264380,PUT,116,4,benchKey_1_94,bytes=29;client_id=1;clients=50
1779646264380,PUT,120,4,benchKey_26_93,bytes=30;client_id=26;clients=50
1779646264380,PUT,118,4,benchKey_29_94,bytes=30;client_id=29;clients=50
1779646264380,PUT,111,4,benchKey_23_94,bytes=30;client_id=23;clients=50
1779646264380,PUT,117,4,benchKey_3_93,bytes=29;client_id=3;clients=50
1779646264381,PUT,86,4,benchKey_40_93,bytes=30;client_id=40;clients=50
1779646264381,PUT,113,4,benchKey_33_93,bytes=30;client_id=33;clients=50
1779646264381,PUT,87,4,benchKey_13_93,bytes=30;client_id=13;clients=50
1779646264386,PUT,91,4,benchKey_5_93,bytes=29;client_id=5;clients=50
1779646264386,PUT,91,4,benchKey_41_94,bytes=30;client_id=41;clients=50
1779646264387,PUT,91,4,benchKey_28_94,bytes=30;client_id=28;clients=50
1779646264388,PUT,92,4,benchKey_24_93,bytes=30;client_id=24;clients=50
1779646264388,PUT,92,4,benchKey_12_93,bytes=30;client_id=12;clients=50
1779646264388,PUT,92,4,benchKey_39_94,bytes=30;client_id=39;clients=50
1779646264393,PUT,96,4,benchKey_45_94,bytes=30;client_id=45;clients=50
1779646264394,PUT,96,4,benchKey_22_94,bytes=30;client_id=22;clients=50
1779646264420,PUT,123,4,benchKey_4_94,bytes=29;client_id=4;clients=50
1779646264420,PUT,122,4,benchKey_8_94,bytes=29;client_id=8;clients=50
1779646264421,PUT,117,4,benchKey_32_94,bytes=30;client_id=32;clients=50
1779646264421,PUT,118,4,benchKey_9_95,bytes=29;client_id=9;clients=50
1779646264422,PUT,117,4,benchKey_42_93,bytes=30;client_id=42;clients=50
1779646264422,PUT,120,4,benchKey_37_94,bytes=30;client_id=37;clients=50
1779646264422,PUT,117,4,benchKey_49_94,bytes=30;client_id=49;clients=50
1779646264423,PUT,113,4,benchKey_47_94,bytes=30;client_id=47;clients=50
1779646264423,PUT,86,4,benchKey_30_95,bytes=30;client_id=30;clients=50
1779646264424,PUT,114,4,benchKey_14_93,bytes=30;client_id=14;clients=50
1779646264424,PUT,87,4,benchKey_18_94,bytes=30;client_id=18;clients=50
1779646264424,PUT,119,4,benchKey_6_95,bytes=29;client_id=6;clients=50
1779646264428,PUT,90,4,benchKey_2_95,bytes=29;client_id=2;clients=50
1779646264428,PUT,91,4,benchKey_21_94,bytes=30;client_id=21;clients=50
1779646264428,PUT,90,4,benchKey_31_94,bytes=30;client_id=31;clients=50
1779646264429,PUT,91,4,benchKey_35_94,bytes=30;client_id=35;clients=50
1779646264429,PUT,91,4,benchKey_46_94,bytes=30;client_id=46;clients=50
1779646264429,PUT,91,4,benchKey_15_94,bytes=30;client_id=15;clients=50
1779646264434,PUT,96,4,benchKey_0_94,bytes=29;client_id=0;clients=50
1779646264435,PUT,96,4,benchKey_20_94,bytes=30;client_id=20;clients=50
1779646264462,PUT,124,4,benchKey_44_94,bytes=30;client_id=44;clients=50
1779646264463,PUT,122,4,benchKey_10_94,bytes=30;client_id=10;clients=50
1779646264463,PUT,118,4,benchKey_25_94,bytes=30;client_id=25;clients=50
1779646264464,PUT,117,4,benchKey_11_94,bytes=30;client_id=11;clients=50
1779646264464,PUT,112,4,benchKey_48_95,bytes=30;client_id=48;clients=50
1779646264464,PUT,120,4,benchKey_16_94,bytes=30;client_id=16;clients=50
1779646264464,PUT,118,4,benchKey_36_94,bytes=30;client_id=36;clients=50
1779646264464,PUT,118,4,benchKey_38_95,bytes=30;client_id=38;clients=50
1779646264464,PUT,118,4,benchKey_27_94,bytes=30;client_id=27;clients=50
1779646264465,PUT,113,4,benchKey_43_94,bytes=30;client_id=43;clients=50
1779646264465,PUT,86,4,benchKey_34_94,bytes=30;client_id=34;clients=50
1779646264465,PUT,86,4,benchKey_19_94,bytes=30;client_id=19;clients=50
1779646264469,PUT,89,4,benchKey_1_95,bytes=29;client_id=1;clients=50
1779646264469,PUT,89,4,benchKey_17_94,bytes=30;client_id=17;clients=50
1779646264469,PUT,89,4,benchKey_7_94,bytes=29;client_id=7;clients=50
1779646264470,PUT,89,4,benchKey_26_94,bytes=30;client_id=26;clients=50
1779646264471,PUT,90,4,benchKey_23_95,bytes=30;client_id=23;clients=50
1779646264471,PUT,90,4,benchKey_29_95,bytes=30;client_id=29;clients=50
1779646264476,PUT,95,4,benchKey_3_94,bytes=29;client_id=3;clients=50
1779646264476,PUT,94,4,benchKey_40_94,bytes=30;client_id=40;clients=50
1779646264504,PUT,122,4,benchKey_13_94,bytes=30;client_id=13;clients=50
1779646264504,PUT,118,4,benchKey_5_94,bytes=29;client_id=5;clients=50
1779646264505,PUT,123,4,benchKey_33_94,bytes=30;client_id=33;clients=50
1779646264506,PUT,118,4,benchKey_28_95,bytes=30;client_id=28;clients=50
1779646264506,PUT,117,4,benchKey_12_94,bytes=30;client_id=12;clients=50
1779646264507,PUT,86,4,benchKey_8_95,bytes=29;client_id=8;clients=50
1779646264508,PUT,121,4,benchKey_41_95,bytes=30;client_id=41;clients=50
1779646264507,PUT,119,4,benchKey_24_94,bytes=30;client_id=24;clients=50
1779646264507,PUT,113,4,benchKey_22_95,bytes=30;client_id=22;clients=50
1779646264507,PUT,87,4,benchKey_4_95,bytes=29;client_id=4;clients=50
1779646264507,PUT,119,4,benchKey_39_95,bytes=30;client_id=39;clients=50
1779646264507,PUT,114,4,benchKey_45_95,bytes=30;client_id=45;clients=50
1779646264511,PUT,89,4,benchKey_42_94,bytes=30;client_id=42;clients=50
1779646264511,PUT,89,4,benchKey_32_95,bytes=30;client_id=32;clients=50
1779646264511,PUT,88,4,benchKey_37_95,bytes=30;client_id=37;clients=50
1779646264511,PUT,90,4,benchKey_9_96,bytes=29;client_id=9;clients=50
1779646264512,PUT,89,4,benchKey_49_95,bytes=30;client_id=49;clients=50
1779646264513,PUT,90,4,benchKey_47_95,bytes=30;client_id=47;clients=50
1779646264517,PUT,94,4,benchKey_30_96,bytes=30;client_id=30;clients=50
1779646264518,PUT,94,4,benchKey_14_94,bytes=30;client_id=14;clients=50
1779646264546,PUT,122,4,benchKey_18_95,bytes=30;client_id=18;clients=50
1779646264546,PUT,118,4,benchKey_2_96,bytes=29;client_id=2;clients=50
1779646264547,PUT,119,4,benchKey_31_95,bytes=30;client_id=31;clients=50
1779646264547,PUT,119,4,benchKey_21_95,bytes=30;client_id=21;clients=50
1779646264547,PUT,123,4,benchKey_6_96,bytes=29;client_id=6;clients=50
1779646264549,PUT,86,4,benchKey_44_95,bytes=30;client_id=44;clients=50
1779646264549,PUT,114,4,benchKey_0_95,bytes=29;client_id=0;clients=50
1779646264549,PUT,120,4,benchKey_46_95,bytes=30;client_id=46;clients=50
1779646264549,PUT,113,4,benchKey_20_95,bytes=30;client_id=20;clients=50
1779646264550,PUT,120,4,benchKey_35_95,bytes=30;client_id=35;clients=50
1779646264550,PUT,86,4,benchKey_10_95,bytes=30;client_id=10;clients=50
1779646264550,PUT,120,4,benchKey_15_95,bytes=30;client_id=15;clients=50
1779646264552,PUT,88,4,benchKey_25_95,bytes=30;client_id=25;clients=50
1779646264552,PUT,87,4,benchKey_48_96,bytes=30;client_id=48;clients=50
1779646264552,PUT,87,4,benchKey_11_95,bytes=30;client_id=11;clients=50
1779646264553,PUT,88,4,benchKey_16_95,bytes=30;client_id=16;clients=50
1779646264553,PUT,88,4,benchKey_36_95,bytes=30;client_id=36;clients=50
1779646264554,PUT,89,4,benchKey_38_96,bytes=30;client_id=38;clients=50
1779646264559,PUT,94,4,benchKey_27_95,bytes=30;client_id=27;clients=50
1779646264560,PUT,94,4,benchKey_43_95,bytes=30;client_id=43;clients=50
1779646264587,PUT,121,4,benchKey_19_95,bytes=30;client_id=19;clients=50
1779646264587,PUT,122,4,benchKey_34_95,bytes=30;client_id=34;clients=50
1779646264589,PUT,119,4,benchKey_1_96,bytes=29;client_id=1;clients=50
1779646264590,PUT,120,4,benchKey_7_95,bytes=29;client_id=7;clients=50
1779646264590,PUT,120,4,benchKey_17_95,bytes=30;client_id=17;clients=50
1779646264590,PUT,119,4,benchKey_26_95,bytes=30;client_id=26;clients=50
1779646264590,PUT,119,4,benchKey_29_96,bytes=30;client_id=29;clients=50
1779646264591,PUT,119,4,benchKey_23_96,bytes=30;client_id=23;clients=50
1779646264592,PUT,115,4,benchKey_40_95,bytes=30;client_id=40;clients=50
1779646264592,PUT,116,4,benchKey_3_95,bytes=29;client_id=3;clients=50
1779646264592,PUT,87,4,benchKey_13_95,bytes=30;client_id=13;clients=50
1779646264592,PUT,87,4,benchKey_5_95,bytes=29;client_id=5;clients=50
1779646264593,PUT,87,4,benchKey_28_96,bytes=30;client_id=28;clients=50
1779646264593,PUT,87,4,benchKey_12_95,bytes=30;client_id=12;clients=50
1779646264594,PUT,88,4,benchKey_33_95,bytes=30;client_id=33;clients=50
1779646264594,PUT,86,4,benchKey_41_96,bytes=30;client_id=41;clients=50
1779646264595,PUT,87,4,benchKey_8_96,bytes=29;client_id=8;clients=50
1779646264595,PUT,87,4,benchKey_24_95,bytes=30;client_id=24;clients=50
1779646264602,PUT,94,4,benchKey_22_96,bytes=30;client_id=22;clients=50
1779646264602,PUT,93,4,benchKey_4_96,bytes=29;client_id=4;clients=50
1779646264630,PUT,121,4,benchKey_39_96,bytes=30;client_id=39;clients=50
1779646264630,PUT,119,4,benchKey_42_95,bytes=30;client_id=42;clients=50
1779646264631,PUT,122,4,benchKey_45_96,bytes=30;client_id=45;clients=50
1779646264632,PUT,120,4,benchKey_9_97,bytes=29;client_id=9;clients=50
1779646264632,PUT,120,4,benchKey_32_96,bytes=30;client_id=32;clients=50
1779646264633,PUT,121,4,benchKey_37_96,bytes=30;client_id=37;clients=50
1779646264633,PUT,121,4,benchKey_49_96,bytes=30;client_id=49;clients=50
1779646264633,PUT,120,4,benchKey_47_96,bytes=30;client_id=47;clients=50
1779646264635,PUT,87,4,benchKey_31_96,bytes=30;client_id=31;clients=50
1779646264635,PUT,117,4,benchKey_30_97,bytes=30;client_id=30;clients=50
1779646264635,PUT,89,4,benchKey_2_97,bytes=29;client_id=2;clients=50
1779646264636,PUT,90,4,benchKey_18_96,bytes=30;client_id=18;clients=50
1779646264635,PUT,116,4,benchKey_14_95,bytes=30;client_id=14;clients=50
1779646264637,PUT,87,4,benchKey_44_96,bytes=30;client_id=44;clients=50
1779646264637,PUT,89,4,benchKey_6_97,bytes=29;client_id=6;clients=50
1779646264637,PUT,88,4,benchKey_46_96,bytes=30;client_id=46;clients=50
1779646264638,PUT,88,4,benchKey_0_96,bytes=29;client_id=0;clients=50
1779646264638,PUT,91,4,benchKey_21_96,bytes=30;client_id=21;clients=50
1779646264643,PUT,94,4,benchKey_20_96,bytes=30;client_id=20;clients=50
1779646264644,PUT,94,4,benchKey_35_96,bytes=30;client_id=35;clients=50
1779646264673,PUT,122,4,benchKey_10_96,bytes=30;client_id=10;clients=50
1779646264673,PUT,122,4,benchKey_15_96,bytes=30;client_id=15;clients=50
1779646264673,PUT,121,4,benchKey_48_97,bytes=30;client_id=48;clients=50
1779646264674,PUT,122,4,benchKey_25_96,bytes=30;client_id=25;clients=50
1779646264676,PUT,123,4,benchKey_11_96,bytes=30;client_id=11;clients=50
1779646264676,PUT,121,4,benchKey_38_97,bytes=30;client_id=38;clients=50
1779646264676,PUT,123,4,benchKey_16_96,bytes=30;client_id=16;clients=50
1779646264677,PUT,90,4,benchKey_19_96,bytes=30;client_id=19;clients=50
1779646264677,PUT,117,4,benchKey_43_96,bytes=30;client_id=43;clients=50
1779646264679,PUT,126,4,benchKey_36_96,bytes=30;client_id=36;clients=50
1779646264679,PUT,92,4,benchKey_34_96,bytes=30;client_id=34;clients=50
1779646264679,PUT,90,4,benchKey_1_97,bytes=29;client_id=1;clients=50
1779646264680,PUT,90,4,benchKey_7_96,bytes=29;client_id=7;clients=50
1779646264680,PUT,90,4,benchKey_26_96,bytes=30;client_id=26;clients=50
1779646264680,PUT,90,4,benchKey_29_97,bytes=30;client_id=29;clients=50
1779646264681,PUT,89,4,benchKey_23_97,bytes=30;client_id=23;clients=50
1779646264681,PUT,90,4,benchKey_17_96,bytes=30;client_id=17;clients=50
1779646264681,PUT,121,4,benchKey_27_96,bytes=30;client_id=27;clients=50
1779646264686,PUT,93,4,benchKey_40_96,bytes=30;client_id=40;clients=50
1779646264687,PUT,94,4,benchKey_3_96,bytes=29;client_id=3;clients=50
1779646264715,PUT,121,4,benchKey_5_96,bytes=29;client_id=5;clients=50
1779646264716,PUT,123,4,benchKey_13_96,bytes=30;client_id=13;clients=50
1779646264716,PUT,123,4,benchKey_12_96,bytes=30;client_id=12;clients=50
1779646264716,PUT,123,4,benchKey_28_97,bytes=30;client_id=28;clients=50
1779646264718,PUT,124,4,benchKey_41_97,bytes=30;client_id=41;clients=50
1779646264718,PUT,124,4,benchKey_33_96,bytes=30;client_id=33;clients=50
1779646264719,PUT,124,4,benchKey_24_96,bytes=30;client_id=24;clients=50
1779646264719,PUT,124,4,benchKey_8_97,bytes=29;client_id=8;clients=50
1779646264720,PUT,118,4,benchKey_22_97,bytes=30;client_id=22;clients=50
1779646264722,PUT,92,4,benchKey_39_97,bytes=30;client_id=39;clients=50
1779646264722,PUT,91,4,benchKey_42_96,bytes=30;client_id=42;clients=50
1779646264722,PUT,90,4,benchKey_9_98,bytes=29;client_id=9;clients=50
1779646264723,PUT,120,4,benchKey_4_97,bytes=29;client_id=4;clients=50
1779646264723,PUT,92,4,benchKey_45_97,bytes=30;client_id=45;clients=50
1779646264723,PUT,91,4,benchKey_32_97,bytes=30;client_id=32;clients=50
1779646264724,PUT,91,4,benchKey_49_97,bytes=30;client_id=49;clients=50
1779646264725,PUT,91,4,benchKey_37_97,bytes=30;client_id=37;clients=50
1779646264725,PUT,91,4,benchKey_47_97,bytes=30;client_id=47;clients=50
1779646264728,PUT,92,4,benchKey_30_98,bytes=30;client_id=30;clients=50
1779646264729,PUT,93,4,benchKey_2_98,bytes=29;client_id=2;clients=50
1779646264757,PUT,121,4,benchKey_31_97,bytes=30;client_id=31;clients=50
1779646264758,PUT,121,4,benchKey_44_97,bytes=30;client_id=44;clients=50
1779646264758,PUT,121,4,benchKey_14_96,bytes=30;client_id=14;clients=50
1779646264759,PUT,122,4,benchKey_18_97,bytes=30;client_id=18;clients=50
1779646264760,PUT,122,4,benchKey_6_98,bytes=29;client_id=6;clients=50
1779646264761,PUT,122,4,benchKey_0_97,bytes=29;client_id=0;clients=50
1779646264761,PUT,123,4,benchKey_46_97,bytes=30;client_id=46;clients=50
1779646264762,PUT,123,4,benchKey_21_97,bytes=30;client_id=21;clients=50
1779646264763,PUT,119,4,benchKey_20_97,bytes=30;client_id=20;clients=50
1779646264764,PUT,119,4,benchKey_35_97,bytes=30;client_id=35;clients=50
1779646264765,PUT,92,4,benchKey_10_97,bytes=30;client_id=10;clients=50
1779646264765,PUT,91,4,benchKey_48_98,bytes=30;client_id=48;clients=50
1779646264766,PUT,91,4,benchKey_25_97,bytes=30;client_id=25;clients=50
1779646264766,PUT,90,4,benchKey_38_98,bytes=30;client_id=38;clients=50
1779646264766,PUT,93,4,benchKey_15_97,bytes=30;client_id=15;clients=50
1779646264766,PUT,90,4,benchKey_11_97,bytes=30;client_id=11;clients=50
1779646264767,PUT,90,4,benchKey_16_97,bytes=30;client_id=16;clients=50
1779646264767,PUT,89,4,benchKey_19_97,bytes=30;client_id=19;clients=50
1779646264770,PUT,92,4,benchKey_43_97,bytes=30;client_id=43;clients=50
1779646264772,PUT,92,4,benchKey_36_97,bytes=30;client_id=36;clients=50
1779646264799,PUT,119,4,benchKey_1_98,bytes=29;client_id=1;clients=50
1779646264799,PUT,119,4,benchKey_34_97,bytes=30;client_id=34;clients=50
1779646264800,PUT,119,4,benchKey_7_97,bytes=29;client_id=7;clients=50
1779646264800,PUT,119,4,benchKey_26_97,bytes=30;client_id=26;clients=50
1779646264801,PUT,120,4,benchKey_29_98,bytes=30;client_id=29;clients=50
1779646264803,PUT,122,4,benchKey_23_98,bytes=30;client_id=23;clients=50
1779646264803,PUT,121,4,benchKey_17_97,bytes=30;client_id=17;clients=50
1779646264804,PUT,122,4,benchKey_27_97,bytes=30;client_id=27;clients=50
1779646264805,PUT,117,4,benchKey_3_97,bytes=29;client_id=3;clients=50
1779646264805,PUT,118,4,benchKey_40_97,bytes=30;client_id=40;clients=50
1779646264806,PUT,90,4,benchKey_5_97,bytes=29;client_id=5;clients=50
1779646264807,PUT,90,4,benchKey_13_97,bytes=30;client_id=13;clients=50
1779646264808,PUT,89,4,benchKey_33_97,bytes=30;client_id=33;clients=50
1779646264808,PUT,88,4,benchKey_8_98,bytes=29;client_id=8;clients=50
1779646264808,PUT,91,4,benchKey_12_97,bytes=30;client_id=12;clients=50
1779646264808,PUT,91,4,benchKey_28_98,bytes=30;client_id=28;clients=50
1779646264808,PUT,89,4,benchKey_41_98,bytes=30;client_id=41;clients=50
1779646264809,PUT,89,4,benchKey_24_97,bytes=30;client_id=24;clients=50
1779646264811,PUT,90,4,benchKey_22_98,bytes=30;client_id=22;clients=50
1779646264814,PUT,91,4,benchKey_39_98,bytes=30;client_id=39;clients=50
1779646264840,PUT,117,4,benchKey_9_99,bytes=29;client_id=9;clients=50
1779646264840,PUT,117,4,benchKey_42_97,bytes=30;client_id=42;clients=50
1779646264841,PUT,117,4,benchKey_45_98,bytes=30;client_id=45;clients=50
1779646264841,PUT,118,4,benchKey_4_98,bytes=29;client_id=4;clients=50
1779646264842,PUT,118,4,benchKey_32_98,bytes=30;client_id=32;clients=50
1779646264844,PUT,119,4,benchKey_49_98,bytes=30;client_id=49;clients=50
1779646264844,PUT,118,4,benchKey_37_98,bytes=30;client_id=37;clients=50
1779646264845,PUT,119,4,benchKey_47_98,bytes=30;client_id=47;clients=50
1779646264846,PUT,116,4,benchKey_2_99,bytes=29;client_id=2;clients=50
1779646264846,PUT,117,4,benchKey_30_99,bytes=30;client_id=30;clients=50
1779646264847,PUT,89,4,benchKey_31_98,bytes=30;client_id=31;clients=50
1779646264848,PUT,89,4,benchKey_44_98,bytes=30;client_id=44;clients=50
1779646264850,PUT,89,4,benchKey_0_98,bytes=29;client_id=0;clients=50
1779646264850,PUT,92,4,benchKey_14_97,bytes=30;client_id=14;clients=50
1779646264850,PUT,89,4,benchKey_46_98,bytes=30;client_id=46;clients=50
1779646264850,PUT,90,4,benchKey_6_99,bytes=29;client_id=6;clients=50
1779646264850,PUT,88,4,benchKey_21_98,bytes=30;client_id=21;clients=50
1779646264850,PUT,91,4,benchKey_18_98,bytes=30;client_id=18;clients=50
1779646264852,PUT,88,4,benchKey_20_98,bytes=30;client_id=20;clients=50
1779646264856,PUT,92,4,benchKey_35_98,bytes=30;client_id=35;clients=50
1779646264883,PUT,117,4,benchKey_25_98,bytes=30;client_id=25;clients=50
1779646264883,PUT,118,4,benchKey_48_99,bytes=30;client_id=48;clients=50
1779646264884,PUT,118,4,benchKey_10_98,bytes=30;client_id=10;clients=50
1779646264884,PUT,117,4,benchKey_38_99,bytes=30;client_id=38;clients=50
1779646264885,PUT,118,4,benchKey_15_98,bytes=30;client_id=15;clients=50
1779646264886,PUT,120,4,benchKey_11_98,bytes=30;client_id=11;clients=50
1779646264886,PUT,119,4,benchKey_16_98,bytes=30;client_id=16;clients=50
1779646264888,PUT,121,4,benchKey_19_98,bytes=30;client_id=19;clients=50
1779646264888,PUT,116,4,benchKey_36_98,bytes=30;client_id=36;clients=50
1779646264889,PUT,118,4,benchKey_43_98,bytes=30;client_id=43;clients=50
1779646264890,PUT,90,4,benchKey_34_98,bytes=30;client_id=34;clients=50
1779646264892,PUT,93,4,benchKey_1_99,bytes=29;client_id=1;clients=50
1779646264893,PUT,89,4,benchKey_23_99,bytes=30;client_id=23;clients=50
1779646264893,PUT,93,4,benchKey_7_98,bytes=29;client_id=7;clients=50
1779646264893,PUT,93,4,benchKey_26_98,bytes=30;client_id=26;clients=50
1779646264894,PUT,89,4,benchKey_27_98,bytes=30;client_id=27;clients=50
1779646264894,PUT,93,4,benchKey_29_99,bytes=30;client_id=29;clients=50
1779646264895,PUT,91,4,benchKey_17_98,bytes=30;client_id=17;clients=50
1779646264896,PUT,91,4,benchKey_3_98,bytes=29;client_id=3;clients=50
1779646264897,PUT,92,4,benchKey_40_98,bytes=30;client_id=40;clients=50
1779646264925,PUT,119,4,benchKey_5_98,bytes=29;client_id=5;clients=50
1779646264925,PUT,118,4,benchKey_13_98,bytes=30;client_id=13;clients=50
1779646264926,PUT,117,4,benchKey_12_98,bytes=30;client_id=12;clients=50
1779646264926,PUT,117,4,benchKey_8_99,bytes=29;client_id=8;clients=50
1779646264928,PUT,119,4,benchKey_28_99,bytes=30;client_id=28;clients=50
1779646264929,PUT,121,4,benchKey_33_98,bytes=30;client_id=33;clients=50
1779646264930,PUT,121,4,benchKey_41_99,bytes=30;client_id=41;clients=50
1779646264931,PUT,121,4,benchKey_24_98,bytes=30;client_id=24;clients=50
1779646264932,PUT,118,4,benchKey_39_99,bytes=30;client_id=39;clients=50
1779646264932,PUT,121,4,benchKey_22_99,bytes=30;client_id=22;clients=50
1779646264933,PUT,93,4,benchKey_42_98,bytes=30;client_id=42;clients=50
1779646264936,PUT,94,4,benchKey_32_99,bytes=30;client_id=32;clients=50
1779646264936,PUT,95,4,benchKey_45_99,bytes=30;client_id=45;clients=50
1779646264936,PUT,89,4,benchKey_31_99,bytes=30;client_id=31;clients=50
1779646264936,PUT,92,4,benchKey_49_99,bytes=30;client_id=49;clients=50
1779646264936,PUT,92,4,benchKey_37_99,bytes=30;client_id=37;clients=50
1779646264937,PUT,95,4,benchKey_4_99,bytes=29;client_id=4;clients=50
1779646264937,PUT,92,4,benchKey_47_99,bytes=30;client_id=47;clients=50
1779646264938,PUT,89,4,benchKey_44_99,bytes=30;client_id=44;clients=50
1779646264939,PUT,88,4,benchKey_0_99,bytes=29;client_id=0;clients=50
1779646264967,PUT,116,4,benchKey_14_98,bytes=30;client_id=14;clients=50
1779646264967,PUT,116,4,benchKey_18_99,bytes=30;client_id=18;clients=50
1779646264967,PUT,116,4,benchKey_21_99,bytes=30;client_id=21;clients=50
1779646264968,PUT,117,4,benchKey_46_99,bytes=30;client_id=46;clients=50
1779646264970,PUT,118,4,benchKey_20_99,bytes=30;client_id=20;clients=50
1779646264972,PUT,116,4,benchKey_35_99,bytes=30;client_id=35;clients=50
1779646264972,PUT,88,4,benchKey_10_99,bytes=30;client_id=10;clients=50
1779646264972,PUT,89,4,benchKey_25_99,bytes=30;client_id=25;clients=50
1779646264974,PUT,87,4,benchKey_11_99,bytes=30;client_id=11;clients=50
1779646264974,PUT,89,4,benchKey_15_99,bytes=30;client_id=15;clients=50
1779646264975,PUT,88,4,benchKey_16_99,bytes=30;client_id=16;clients=50
1779646264977,PUT,89,4,benchKey_19_99,bytes=30;client_id=19;clients=50
1779646264977,PUT,88,4,benchKey_43_99,bytes=30;client_id=43;clients=50
1779646264978,PUT,88,4,benchKey_34_99,bytes=30;client_id=34;clients=50
1779646264979,PUT,85,4,benchKey_27_99,bytes=30;client_id=27;clients=50
1779646264979,PUT,90,4,benchKey_36_99,bytes=30;client_id=36;clients=50
1779646264979,PUT,84,4,benchKey_17_99,bytes=30;client_id=17;clients=50
1779646264980,PUT,86,4,benchKey_26_99,bytes=30;client_id=26;clients=50
1779646264980,PUT,86,4,benchKey_7_99,bytes=29;client_id=7;clients=50
1779646264981,PUT,85,4,benchKey_3_99,bytes=29;client_id=3;clients=50
1779646265010,PUT,84,4,benchKey_5_99,bytes=29;client_id=5;clients=50
1779646265010,PUT,85,4,benchKey_13_99,bytes=30;client_id=13;clients=50
1779646265011,PUT,84,4,benchKey_12_99,bytes=30;client_id=12;clients=50
1779646265010,PUT,112,4,benchKey_40_99,bytes=30;client_id=40;clients=50
1779646265012,PUT,82,4,benchKey_33_99,bytes=30;client_id=33;clients=50
1779646265015,PUT,84,4,benchKey_24_99,bytes=30;client_id=24;clients=50
1779646265054,PUT,120,4,benchKey_42_99,bytes=30;client_id=42;clients=50
1779646265054,PUT,87,4,benchKey_14_99,bytes=30;client_id=14;clients=50
1779646266200,DATA_SKEW_BEFORE,0,0,,node=8001;keys_count=1000
1779646266257,DATA_SKEW_BEFORE,0,0,,node=8005;keys_count=1000
1779646266319,DATA_SKEW_BEFORE,0,0,,node=8003;keys_count=1000
1779646266369,DATA_SKEW_BEFORE,0,0,,node=8002;keys_count=1000
1779646266428,DATA_SKEW_BEFORE,0,0,,node=8004;keys_count=1000
1779646281309,NODE_TIMEOUT,0,0,,node=127.0.0.1:8005
1779646281791,TRANSFER_BATCH,0,1,,source=8003;dest=8002;keys=244;bytes=15616
1779646281882,TRANSFER_BATCH,0,1,,source=8003;dest=8001;keys=244;bytes=15616
1779646281973,TRANSFER_BATCH,0,1,,source=8003;dest=8004;keys=256;bytes=16384
1779646282073,TRANSFER_BATCH,0,1,,source=8002;dest=8003;keys=260;bytes=16640
1779646282160,TRANSFER_BATCH,0,1,,source=8002;dest=8001;keys=240;bytes=15360
1779646282251,TRANSFER_BATCH,0,1,,source=8002;dest=8004;keys=258;bytes=16512
1779646282357,TRANSFER_BATCH,0,1,,source=8001;dest=8003;keys=248;bytes=15872
1779646282444,TRANSFER_BATCH,0,1,,source=8001;dest=8002;keys=250;bytes=16000
1779646282529,TRANSFER_BATCH,0,1,,source=8001;dest=8004;keys=250;bytes=16000
1779646282628,TRANSFER_BATCH,0,1,,source=8004;dest=8003;keys=246;bytes=15744
1779646282715,TRANSFER_BATCH,0,1,,source=8004;dest=8002;keys=256;bytes=16384
1779646282806,TRANSFER_BATCH,0,1,,source=8004;dest=8001;keys=254;bytes=16256
1779646283026,DATA_SKEW_AFTER,0,0,,node=8001;keys_count=990;active_nodes=4
1779646283075,DATA_SKEW_AFTER,0,0,,node=8003;keys_count=1010;active_nodes=4
1779646283122,DATA_SKEW_AFTER,0,0,,node=8002;keys_count=992;active_nodes=4
1779646283171,DATA_SKEW_AFTER,0,0,,node=8004;keys_count=1008;active_nodes=4
1779646283171,REBALANCE,1862,0,,keys_moved=3006;active_nodes=4
