timestamp_ms,operation,latency_ms,hop_count,key,extra
1779647228742,JOIN,0,0,,node=127.0.0.1:8007
1779647228786,JOIN,0,0,,node=127.0.0.1:8006
1779647228787,JOIN,0,0,,node=127.0.0.1:8012
1779647228788,JOIN,0,0,,node=127.0.0.1:8016
1779647228797,JOIN,0,0,,node=127.0.0.1:8037
1779647228798,JOIN,0,0,,node=127.0.0.1:8034
1779647228826,JOIN,0,0,,node=127.0.0.1:8021
1779647228850,JOIN,0,0,,node=127.0.0.1:8027
1779647228874,JOIN,0,0,,node=127.0.0.1:8010
1779647228890,REBALANCE,107,0,,keys_moved=0
1779647228918,JOIN,0,0,,node=127.0.0.1:8025
1779647228951,JOIN,0,0,,node=127.0.0.1:8032
1779647228959,JOIN,0,0,,node=127.0.0.1:8008
1779647228977,JOIN,0,0,,node=127.0.0.1:8039
1779647228983,JOIN,0,0,,node=127.0.0.1:8031
1779647229001,JOIN,0,0,,node=127.0.0.1:8024
1779647229013,JOIN,0,0,,node=127.0.0.1:8028
1779647229022,REBALANCE,235,0,,keys_moved=0
1779647229035,JOIN,0,0,,node=127.0.0.1:8026
1779647229063,JOIN,0,0,,node=127.0.0.1:8017
1779647229065,JOIN,0,0,,node=127.0.0.1:8011
1779647229066,JOIN,0,0,,node=127.0.0.1:8004
1779647229097,REBALANCE,310,0,,keys_moved=0
1779647229099,JOIN,0,0,,node=127.0.0.1:8040
1779647229113,JOIN,0,0,,node=127.0.0.1:8023
1779647229115,JOIN,0,0,,node=127.0.0.1:8013
1779647229168,REBALANCE,380,0,,keys_moved=0
1779647229183,JOIN,0,0,,node=127.0.0.1:8003
1779647229238,REBALANCE,440,0,,keys_moved=0
1779647229248,JOIN,0,0,,node=127.0.0.1:8020
1779647229259,REBALANCE,461,0,,keys_moved=0
1779647229274,JOIN,0,0,,node=127.0.0.1:8018
1779647229302,REBALANCE,475,0,,keys_moved=0
1779647229312,JOIN,0,0,,node=127.0.0.1:8033
1779647229351,REBALANCE,500,0,,keys_moved=0
1779647229361,JOIN,0,0,,node=127.0.0.1:8014
1779647229401,REBALANCE,489,0,,keys_moved=0
1779647229416,JOIN,0,0,,node=127.0.0.1:8029
1779647229462,REBALANCE,537,0,,keys_moved=0
1779647229474,JOIN,0,0,,node=127.0.0.1:8019
1779647229516,REBALANCE,565,0,,keys_moved=0
1779647229528,JOIN,0,0,,node=127.0.0.1:8002
1779647229574,REBALANCE,610,0,,keys_moved=0
1779647229597,JOIN,0,0,,node=127.0.0.1:8005
1779647229634,REBALANCE,657,0,,keys_moved=0
1779647229646,JOIN,0,0,,node=127.0.0.1:8036
1779647229689,REBALANCE,704,0,,keys_moved=0
1779647229701,JOIN,0,0,,node=127.0.0.1:8035
1779647229744,REBALANCE,743,0,,keys_moved=0
1779647229761,JOIN,0,0,,node=127.0.0.1:8009
1779647229804,REBALANCE,791,0,,keys_moved=0
1779647229823,JOIN,0,0,,node=127.0.0.1:8038
1779647229868,REBALANCE,812,0,,keys_moved=0
1779647229880,JOIN,0,0,,node=127.0.0.1:8001
1779647229911,REBALANCE,847,0,,keys_moved=0
1779647229925,JOIN,0,0,,node=127.0.0.1:8022
1779647229964,REBALANCE,898,0,,keys_moved=0
1779647229977,JOIN,0,0,,node=127.0.0.1:8030
1779647230018,REBALANCE,952,0,,keys_moved=0
1779647230036,JOIN,0,0,,node=127.0.0.1:8015
1779647230070,REBALANCE,968,0,,keys_moved=0
1779647230125,REBALANCE,1011,0,,keys_moved=0
1779647230176,REBALANCE,1061,0,,keys_moved=0
1779647230233,REBALANCE,1050,0,,keys_moved=0
1779647230293,REBALANCE,1045,0,,keys_moved=0
1779647230409,REBALANCE,1135,0,,keys_moved=0
1779647230461,PUT,98,4,benchKey_24_0,bytes=29;client_id=24;clients=50
1779647230462,PUT,96,4,benchKey_45_0,bytes=29;client_id=45;clients=50
1779647230461,PUT,105,4,benchKey_2_0,bytes=28;client_id=2;clients=50
1779647230462,PUT,107,4,benchKey_3_0,bytes=28;client_id=3;clients=50
1779647230475,PUT,116,4,benchKey_26_0,bytes=29;client_id=26;clients=50
1779647230480,REBALANCE,1168,0,,keys_moved=0
1779647230511,PUT,152,4,benchKey_30_0,bytes=29;client_id=30;clients=50
1779647230511,PUT,156,4,benchKey_34_0,bytes=29;client_id=34;clients=50
1779647230519,PUT,160,4,benchKey_18_0,bytes=29;client_id=18;clients=50
1779647230522,PUT,166,4,benchKey_35_0,bytes=29;client_id=35;clients=50
1779647230522,PUT,169,4,benchKey_4_0,bytes=28;client_id=4;clients=50
1779647230531,PUT,177,4,benchKey_0_0,bytes=28;client_id=0;clients=50
1779647230547,PUT,193,4,benchKey_15_0,bytes=29;client_id=15;clients=50
1779647230567,PUT,212,4,benchKey_33_0,bytes=29;client_id=33;clients=50
1779647230572,PUT,218,4,benchKey_12_0,bytes=29;client_id=12;clients=50
1779647230580,PUT,221,4,benchKey_28_0,bytes=29;client_id=28;clients=50
1779647230580,PUT,227,4,benchKey_6_0,bytes=28;client_id=6;clients=50
1779647230585,PUT,224,4,benchKey_40_0,bytes=29;client_id=40;clients=50
1779647230595,PUT,236,4,benchKey_48_0,bytes=29;client_id=48;clients=50
1779647230596,PUT,235,4,benchKey_41_0,bytes=29;client_id=41;clients=50
1779647230621,PUT,266,4,benchKey_29_0,bytes=29;client_id=29;clients=50
1779647230626,PUT,273,4,benchKey_10_0,bytes=29;client_id=10;clients=50
1779647230635,PUT,280,4,benchKey_37_0,bytes=29;client_id=37;clients=50
1779647230636,PUT,277,4,benchKey_20_0,bytes=29;client_id=20;clients=50
1779647230639,PUT,284,4,benchKey_11_0,bytes=29;client_id=11;clients=50
1779647230658,PUT,304,4,benchKey_21_0,bytes=29;client_id=21;clients=50
1779647230667,PUT,306,4,benchKey_44_0,bytes=29;client_id=44;clients=50
1779647230674,PUT,315,4,benchKey_49_0,bytes=29;client_id=49;clients=50
1779647230684,PUT,325,4,benchKey_47_0,bytes=29;client_id=47;clients=50
1779647230702,PUT,349,4,benchKey_17_0,bytes=29;client_id=17;clients=50
1779647230705,PUT,346,4,benchKey_31_0,bytes=29;client_id=31;clients=50
1779647230716,PUT,362,4,benchKey_16_0,bytes=29;client_id=16;clients=50
1779647230719,PUT,361,4,benchKey_32_0,bytes=29;client_id=32;clients=50
1779647230728,PUT,373,4,benchKey_1_0,bytes=28;client_id=1;clients=50
1779647230733,PUT,379,4,benchKey_22_0,bytes=29;client_id=22;clients=50
1779647230749,PUT,388,4,benchKey_43_0,bytes=29;client_id=43;clients=50
1779647230750,PUT,396,4,benchKey_8_0,bytes=28;client_id=8;clients=50
1779647230763,PUT,408,4,benchKey_25_0,bytes=29;client_id=25;clients=50
1779647230765,PUT,404,4,benchKey_38_0,bytes=29;client_id=38;clients=50
1779647230766,PUT,406,4,benchKey_5_0,bytes=28;client_id=5;clients=50
1779647230770,PUT,409,4,benchKey_39_0,bytes=29;client_id=39;clients=50
1779647230780,PUT,422,4,benchKey_42_0,bytes=29;client_id=42;clients=50
1779647230791,PUT,432,4,benchKey_27_0,bytes=29;client_id=27;clients=50
1779647230793,PUT,435,4,benchKey_9_0,bytes=28;client_id=9;clients=50
1779647230810,PUT,455,4,benchKey_23_0,bytes=29;client_id=23;clients=50
1779647230811,PUT,458,4,benchKey_13_0,bytes=29;client_id=13;clients=50
1779647230812,PUT,457,4,benchKey_7_0,bytes=28;client_id=7;clients=50
1779647230817,PUT,461,4,benchKey_36_0,bytes=29;client_id=36;clients=50
1779647230828,PUT,468,4,benchKey_46_0,bytes=29;client_id=46;clients=50
1779647230841,PUT,487,4,benchKey_19_0,bytes=29;client_id=19;clients=50
1779647230843,PUT,489,4,benchKey_14_0,bytes=29;client_id=14;clients=50
1779647230853,PUT,390,4,benchKey_2_1,bytes=28;client_id=2;clients=50
1779647230854,PUT,391,4,benchKey_45_1,bytes=29;client_id=45;clients=50
1779647230855,PUT,391,4,benchKey_3_1,bytes=28;client_id=3;clients=50
1779647230860,PUT,395,4,benchKey_24_1,bytes=29;client_id=24;clients=50
1779647230870,PUT,394,4,benchKey_26_1,bytes=29;client_id=26;clients=50
1779647230882,PUT,370,4,benchKey_30_1,bytes=29;client_id=30;clients=50
1779647230886,PUT,374,0,benchKey_34_1,bytes=29;client_id=34;clients=50
1779647230895,PUT,375,4,benchKey_18_1,bytes=29;client_id=18;clients=50
1779647230896,PUT,371,4,benchKey_4_1,bytes=28;client_id=4;clients=50
1779647230897,PUT,373,4,benchKey_35_1,bytes=29;client_id=35;clients=50
1779647230902,PUT,367,4,benchKey_0_1,bytes=28;client_id=0;clients=50
1779647230912,PUT,365,4,benchKey_15_1,bytes=29;client_id=15;clients=50
1779647230924,PUT,356,4,benchKey_33_1,bytes=29;client_id=33;clients=50
1779647230929,PUT,356,4,benchKey_12_1,bytes=29;client_id=12;clients=50
1779647230938,PUT,357,4,benchKey_6_1,bytes=28;client_id=6;clients=50
1779647230938,PUT,358,4,benchKey_28_1,bytes=29;client_id=28;clients=50
1779647230939,PUT,354,4,benchKey_40_1,bytes=29;client_id=40;clients=50
1779647230944,PUT,348,0,benchKey_48_1,bytes=29;client_id=48;clients=50
1779647230955,PUT,358,4,benchKey_41_1,bytes=29;client_id=41;clients=50
1779647230966,PUT,345,4,benchKey_29_1,bytes=29;client_id=29;clients=50
1779647230970,PUT,343,4,benchKey_10_1,bytes=29;client_id=10;clients=50
1779647230981,PUT,342,4,benchKey_20_1,bytes=29;client_id=20;clients=50
1779647230981,PUT,343,4,benchKey_37_1,bytes=29;client_id=37;clients=50
1779647230981,PUT,342,4,benchKey_11_1,bytes=29;client_id=11;clients=50
1779647230989,PUT,329,4,benchKey_21_1,bytes=29;client_id=21;clients=50
1779647230998,PUT,330,4,benchKey_44_1,bytes=29;client_id=44;clients=50
1779647231008,PUT,334,4,benchKey_49_1,bytes=29;client_id=49;clients=50
1779647231012,PUT,327,0,benchKey_47_1,bytes=29;client_id=47;clients=50
1779647231025,PUT,308,4,benchKey_16_1,bytes=29;client_id=16;clients=50
1779647231025,PUT,319,4,benchKey_31_1,bytes=29;client_id=31;clients=50
1779647231026,PUT,323,4,benchKey_17_1,bytes=29;client_id=17;clients=50
1779647231033,PUT,312,0,benchKey_32_1,bytes=29;client_id=32;clients=50
1779647231039,PUT,310,4,benchKey_1_1,bytes=28;client_id=1;clients=50
1779647231051,PUT,317,4,benchKey_22_1,bytes=29;client_id=22;clients=50
1779647231054,PUT,305,4,benchKey_43_1,bytes=29;client_id=43;clients=50
1779647231069,PUT,317,0,benchKey_8_1,bytes=28;client_id=8;clients=50
1779647231069,PUT,306,4,benchKey_25_1,bytes=29;client_id=25;clients=50
1779647231069,PUT,303,0,benchKey_38_1,bytes=29;client_id=38;clients=50
1779647231074,PUT,308,4,benchKey_5_1,bytes=28;client_id=5;clients=50
1779647231082,PUT,312,4,benchKey_39_1,bytes=29;client_id=39;clients=50
1779647231094,PUT,313,4,benchKey_42_1,bytes=29;client_id=42;clients=50
1779647231098,PUT,305,4,benchKey_27_1,bytes=29;client_id=27;clients=50
1779647231111,PUT,301,4,benchKey_23_1,bytes=29;client_id=23;clients=50
1779647231111,PUT,317,4,benchKey_9_1,bytes=28;client_id=9;clients=50
1779647231114,PUT,302,4,benchKey_13_1,bytes=29;client_id=13;clients=50
1779647231117,PUT,304,4,benchKey_7_1,bytes=28;client_id=7;clients=50
1779647231124,PUT,307,4,benchKey_36_1,bytes=29;client_id=36;clients=50
1779647231137,PUT,307,4,benchKey_46_1,bytes=29;client_id=46;clients=50
1779647231151,PUT,309,4,benchKey_19_1,bytes=29;client_id=19;clients=50
1779647231154,PUT,300,4,benchKey_2_2,bytes=28;client_id=2;clients=50
1779647231154,PUT,310,4,benchKey_14_1,bytes=29;client_id=14;clients=50
1779647231159,PUT,304,4,benchKey_45_2,bytes=29;client_id=45;clients=50
1779647231161,PUT,306,4,benchKey_3_2,bytes=28;client_id=3;clients=50
1779647231167,PUT,307,4,benchKey_24_2,bytes=29;client_id=24;clients=50
1779647231178,PUT,307,4,benchKey_26_2,bytes=29;client_id=26;clients=50
1779647231194,PUT,311,4,benchKey_30_2,bytes=29;client_id=30;clients=50
1779647231197,PUT,301,4,benchKey_18_2,bytes=29;client_id=18;clients=50
1779647231198,PUT,311,4,benchKey_34_2,bytes=29;client_id=34;clients=50
1779647231200,PUT,303,4,benchKey_35_2,bytes=29;client_id=35;clients=50
1779647231203,PUT,306,4,benchKey_4_2,bytes=28;client_id=4;clients=50
1779647231210,PUT,307,4,benchKey_0_2,bytes=28;client_id=0;clients=50
1779647231221,PUT,307,0,benchKey_15_2,bytes=29;client_id=15;clients=50
1779647231235,PUT,311,0,benchKey_33_2,bytes=29;client_id=33;clients=50
1779647231240,PUT,311,4,benchKey_12_2,bytes=29;client_id=12;clients=50
1779647231241,PUT,302,4,benchKey_6_2,bytes=28;client_id=6;clients=50
1779647231243,PUT,304,4,benchKey_28_2,bytes=29;client_id=28;clients=50
1779647231246,PUT,306,4,benchKey_40_2,bytes=29;client_id=40;clients=50
1779647231253,PUT,308,0,benchKey_48_2,bytes=29;client_id=48;clients=50
1779647231264,PUT,308,4,benchKey_41_2,bytes=29;client_id=41;clients=50
1779647231277,PUT,310,0,benchKey_29_2,bytes=29;client_id=29;clients=50
1779647231282,PUT,311,0,benchKey_10_2,bytes=29;client_id=10;clients=50
1779647231283,PUT,302,4,benchKey_20_2,bytes=29;client_id=20;clients=50
1779647231286,PUT,304,0,benchKey_37_2,bytes=29;client_id=37;clients=50
1779647231288,PUT,306,4,benchKey_11_2,bytes=29;client_id=11;clients=50
1779647231296,PUT,305,4,benchKey_21_2,bytes=29;client_id=21;clients=50
1779647231308,PUT,309,4,benchKey_44_2,bytes=29;client_id=44;clients=50
1779647231320,PUT,311,4,benchKey_49_2,bytes=29;client_id=49;clients=50
1779647231325,PUT,312,0,benchKey_47_2,bytes=29;client_id=47;clients=50
1779647231325,PUT,300,0,benchKey_31_2,bytes=29;client_id=31;clients=50
1779647231330,PUT,305,4,benchKey_16_2,bytes=29;client_id=16;clients=50
1779647231331,PUT,304,0,benchKey_17_2,bytes=29;client_id=17;clients=50
1779647231340,PUT,306,4,benchKey_32_2,bytes=29;client_id=32;clients=50
1779647231350,PUT,310,0,benchKey_1_2,bytes=28;client_id=1;clients=50
1779647231362,PUT,310,4,benchKey_22_2,bytes=29;client_id=22;clients=50
1779647231367,PUT,298,0,benchKey_8_2,bytes=28;client_id=8;clients=50
1779647231367,PUT,312,4,benchKey_43_2,bytes=29;client_id=43;clients=50
1779647231371,PUT,302,4,benchKey_25_2,bytes=29;client_id=25;clients=50
1779647231374,PUT,305,4,benchKey_38_2,bytes=29;client_id=38;clients=50
1779647231383,PUT,308,0,benchKey_5_2,bytes=28;client_id=5;clients=50
1779647231392,PUT,309,4,benchKey_39_2,bytes=29;client_id=39;clients=50
1779647231405,PUT,310,4,benchKey_42_2,bytes=29;client_id=42;clients=50
1779647231410,PUT,311,0,benchKey_27_2,bytes=29;client_id=27;clients=50
1779647231410,PUT,298,4,benchKey_9_2,bytes=28;client_id=9;clients=50
1779647231413,PUT,301,0,benchKey_23_2,bytes=29;client_id=23;clients=50
1779647231417,PUT,302,4,benchKey_13_2,bytes=29;client_id=13;clients=50
1779647231425,PUT,307,0,benchKey_7_2,bytes=28;client_id=7;clients=50
1779647231436,PUT,311,4,benchKey_36_2,bytes=29;client_id=36;clients=50
1779647231447,PUT,310,0,benchKey_46_2,bytes=29;client_id=46;clients=50
1779647231453,PUT,299,4,benchKey_2_3,bytes=28;client_id=2;clients=50
1779647231457,PUT,301,0,benchKey_14_2,bytes=29;client_id=14;clients=50
1779647231460,PUT,301,0,benchKey_45_3,bytes=29;client_id=45;clients=50
1779647231467,PUT,315,4,benchKey_19_2,bytes=29;client_id=19;clients=50
1779647231471,PUT,309,0,benchKey_3_3,bytes=28;client_id=3;clients=50
1779647231479,PUT,311,4,benchKey_24_3,bytes=29;client_id=24;clients=50
1779647231489,PUT,310,0,benchKey_26_3,bytes=29;client_id=26;clients=50
1779647231495,PUT,301,0,benchKey_30_3,bytes=29;client_id=30;clients=50
1779647231500,PUT,302,4,benchKey_18_3,bytes=29;client_id=18;clients=50
1779647231504,PUT,306,4,benchKey_34_3,bytes=29;client_id=34;clients=50
1779647231512,PUT,311,4,benchKey_35_3,bytes=29;client_id=35;clients=50
1779647231517,PUT,313,0,benchKey_4_3,bytes=28;client_id=4;clients=50
1779647231521,PUT,310,0,benchKey_0_3,bytes=28;client_id=0;clients=50
1779647231531,PUT,310,4,benchKey_15_3,bytes=29;client_id=15;clients=50
1779647231537,PUT,301,4,benchKey_33_3,bytes=29;client_id=33;clients=50
1779647231545,PUT,304,4,benchKey_12_3,bytes=29;client_id=12;clients=50
1779647231546,PUT,305,0,benchKey_6_3,bytes=28;client_id=6;clients=50
1779647231555,PUT,311,0,benchKey_28_3,bytes=29;client_id=28;clients=50
1779647231560,PUT,312,4,benchKey_40_3,bytes=29;client_id=40;clients=50
1779647231564,PUT,310,4,benchKey_48_3,bytes=29;client_id=48;clients=50
1779647231573,PUT,309,4,benchKey_41_3,bytes=29;client_id=41;clients=50
1779647231579,PUT,301,0,benchKey_29_3,bytes=29;client_id=29;clients=50
1779647231587,PUT,304,0,benchKey_10_3,bytes=29;client_id=10;clients=50
1779647231588,PUT,304,4,benchKey_20_3,bytes=29;client_id=20;clients=50
1779647231598,PUT,311,0,benchKey_37_3,bytes=29;client_id=37;clients=50
1779647231603,PUT,314,4,benchKey_11_3,bytes=29;client_id=11;clients=50
1779647231606,PUT,310,4,benchKey_21_3,bytes=29;client_id=21;clients=50
1779647231615,PUT,307,4,benchKey_44_3,bytes=29;client_id=44;clients=50
1779647231621,PUT,301,0,benchKey_49_3,bytes=29;client_id=49;clients=50
1779647231629,PUT,303,0,benchKey_31_3,bytes=29;client_id=31;clients=50
1779647231630,PUT,304,0,benchKey_47_3,bytes=29;client_id=47;clients=50
1779647231641,PUT,309,0,benchKey_16_3,bytes=29;client_id=16;clients=50
1779647231646,PUT,314,4,benchKey_17_3,bytes=29;client_id=17;clients=50
1779647231649,PUT,308,0,benchKey_32_3,bytes=29;client_id=32;clients=50
1779647231658,PUT,307,4,benchKey_1_3,bytes=28;client_id=1;clients=50
1779647231663,PUT,301,0,benchKey_22_3,bytes=29;client_id=22;clients=50
1779647231671,PUT,303,4,benchKey_8_3,bytes=28;client_id=8;clients=50
1779647231673,PUT,305,0,benchKey_43_3,bytes=29;client_id=43;clients=50
1779647231683,PUT,311,0,benchKey_25_3,bytes=29;client_id=25;clients=50
1779647231688,PUT,314,4,benchKey_38_3,bytes=29;client_id=38;clients=50
1779647231691,PUT,308,0,benchKey_5_3,bytes=28;client_id=5;clients=50
1779647231701,PUT,308,4,benchKey_39_3,bytes=29;client_id=39;clients=50
1779647231706,PUT,301,0,benchKey_42_3,bytes=29;client_id=42;clients=50
1779647231713,PUT,303,0,benchKey_27_3,bytes=29;client_id=27;clients=50
1779647231717,PUT,306,4,benchKey_9_3,bytes=28;client_id=9;clients=50
1779647231727,PUT,313,4,benchKey_23_3,bytes=29;client_id=23;clients=50
1779647231731,PUT,314,0,benchKey_13_3,bytes=29;client_id=13;clients=50
1779647231734,PUT,308,0,benchKey_7_3,bytes=28;client_id=7;clients=50
1779647231744,PUT,307,0,benchKey_36_3,bytes=29;client_id=36;clients=50
1779647231749,PUT,301,0,benchKey_46_3,bytes=29;client_id=46;clients=50
1779647231756,PUT,301,0,benchKey_2_4,bytes=28;client_id=2;clients=50
1779647231759,PUT,302,0,benchKey_14_3,bytes=29;client_id=14;clients=50
1779647231770,PUT,309,0,benchKey_45_4,bytes=29;client_id=45;clients=50
1779647231776,PUT,308,0,benchKey_19_3,bytes=29;client_id=19;clients=50
1779647231777,REBALANCE,1741,0,,keys_moved=0
1779647231779,PUT,307,0,benchKey_3_4,bytes=28;client_id=3;clients=50
1779647231787,PUT,307,0,benchKey_24_4,bytes=29;client_id=24;clients=50
1779647231792,PUT,302,0,benchKey_26_4,bytes=29;client_id=26;clients=50
1779647231798,PUT,302,0,benchKey_30_4,bytes=29;client_id=30;clients=50
1779647231802,PUT,301,0,benchKey_18_4,bytes=29;client_id=18;clients=50
1779647231812,PUT,307,4,benchKey_34_4,bytes=29;client_id=34;clients=50
1779647231818,PUT,306,0,benchKey_35_4,bytes=29;client_id=35;clients=50
1779647231821,PUT,304,0,benchKey_4_4,bytes=28;client_id=4;clients=50
1779647231822,PUT,300,4,benchKey_0_4,bytes=28;client_id=0;clients=50
1779647231829,PUT,297,0,benchKey_15_4,bytes=29;client_id=15;clients=50
1779647231834,PUT,297,4,benchKey_33_4,bytes=29;client_id=33;clients=50
1779647231840,PUT,295,0,benchKey_12_4,bytes=29;client_id=12;clients=50
1779647231845,PUT,299,0,benchKey_6_4,bytes=28;client_id=6;clients=50
1779647231856,PUT,301,0,benchKey_28_4,bytes=29;client_id=28;clients=50
1779647231862,PUT,302,4,benchKey_40_4,bytes=29;client_id=40;clients=50
1779647231865,PUT,300,0,benchKey_48_4,bytes=29;client_id=48;clients=50
1779647231866,PUT,292,0,benchKey_41_4,bytes=29;client_id=41;clients=50
1779647231873,PUT,293,4,benchKey_29_4,bytes=29;client_id=29;clients=50
1779647231877,PUT,289,4,benchKey_10_4,bytes=29;client_id=10;clients=50
1779647231882,PUT,293,0,benchKey_20_4,bytes=29;client_id=20;clients=50
1779647231887,PUT,289,0,benchKey_37_4,bytes=29;client_id=37;clients=50
1779647231899,PUT,295,4,benchKey_11_4,bytes=29;client_id=11;clients=50
1779647231909,PUT,287,0,benchKey_49_4,bytes=29;client_id=49;clients=50
1779647231909,PUT,294,0,benchKey_44_4,bytes=29;client_id=44;clients=50
1779647231909,PUT,302,0,benchKey_21_4,bytes=29;client_id=21;clients=50
1779647231914,PUT,285,0,benchKey_31_4,bytes=29;client_id=31;clients=50
1779647231920,PUT,289,4,benchKey_47_4,bytes=29;client_id=47;clients=50
1779647231926,PUT,284,4,benchKey_16_4,bytes=29;client_id=16;clients=50
1779647231930,PUT,283,4,benchKey_17_4,bytes=29;client_id=17;clients=50
1779647231940,PUT,290,0,benchKey_32_4,bytes=29;client_id=32;clients=50
1779647231950,PUT,286,4,benchKey_22_4,bytes=29;client_id=22;clients=50
1779647231953,PUT,294,0,benchKey_1_4,bytes=28;client_id=1;clients=50
1779647231954,PUT,283,4,benchKey_8_4,bytes=28;client_id=8;clients=50
1779647231956,PUT,283,4,benchKey_43_4,bytes=29;client_id=43;clients=50
1779647231961,PUT,278,0,benchKey_25_4,bytes=29;client_id=25;clients=50
1779647231967,PUT,278,4,benchKey_38_4,bytes=29;client_id=38;clients=50
1779647231972,PUT,281,0,benchKey_5_4,bytes=28;client_id=5;clients=50
1779647231974,TRANSFER_BATCH,0,1,,source=8018;dest=8031;keys=1;bytes=64
1779647231982,PUT,280,0,benchKey_39_4,bytes=29;client_id=39;clients=50
1779647231993,PUT,286,0,benchKey_42_4,bytes=29;client_id=42;clients=50
1779647231997,PUT,282,0,benchKey_27_4,bytes=29;client_id=27;clients=50
1779647231998,PUT,280,0,benchKey_9_4,bytes=28;client_id=9;clients=50
1779647231998,PUT,271,0,benchKey_23_4,bytes=29;client_id=23;clients=50
1779647232000,TRANSFER_BATCH,0,1,,source=8014;dest=8029;keys=1;bytes=64
1779647232003,PUT,272,0,benchKey_13_4,bytes=29;client_id=13;clients=50
1779647232010,PUT,275,0,benchKey_7_4,bytes=28;client_id=7;clients=50
1779647232014,PUT,270,0,benchKey_36_4,bytes=29;client_id=36;clients=50
1779647232024,PUT,274,0,benchKey_46_4,bytes=29;client_id=46;clients=50
1779647232035,PUT,279,0,benchKey_2_5,bytes=28;client_id=2;clients=50
1779647232039,PUT,279,0,benchKey_14_4,bytes=29;client_id=14;clients=50
1779647232040,PUT,270,0,benchKey_45_5,bytes=29;client_id=45;clients=50
1779647232041,PUT,265,4,benchKey_19_4,bytes=29;client_id=19;clients=50
1779647232046,PUT,266,0,benchKey_3_5,bytes=28;client_id=3;clients=50
1779647232052,PUT,264,0,benchKey_24_5,bytes=29;client_id=24;clients=50
1779647232056,PUT,263,0,benchKey_26_5,bytes=29;client_id=26;clients=50
1779647232066,PUT,267,0,benchKey_30_5,bytes=29;client_id=30;clients=50
1779647232078,PUT,275,4,benchKey_18_5,bytes=29;client_id=18;clients=50
1779647232081,TRANSFER_BATCH,0,1,,source=8033;dest=8028;keys=1;bytes=64
1779647232083,PUT,270,0,benchKey_34_5,bytes=29;client_id=34;clients=50
1779647232083,PUT,264,0,benchKey_35_5,bytes=29;client_id=35;clients=50
1779647232083,PUT,262,0,benchKey_4_5,bytes=28;client_id=4;clients=50
1779647232087,PUT,265,0,benchKey_0_5,bytes=28;client_id=0;clients=50
1779647232094,TRANSFER_BATCH,0,1,,source=8014;dest=8031;keys=1;bytes=64
1779647232096,PUT,267,4,benchKey_15_5,bytes=29;client_id=15;clients=50
1779647232099,PUT,264,4,benchKey_33_5,bytes=29;client_id=33;clients=50
1779647232103,TRANSFER_BATCH,0,1,,source=8003;dest=8029;keys=1;bytes=64
1779647232108,PUT,267,0,benchKey_12_5,bytes=29;client_id=12;clients=50
1779647232121,PUT,276,0,benchKey_6_5,bytes=28;client_id=6;clients=50
1779647232125,PUT,260,0,benchKey_48_5,bytes=29;client_id=48;clients=50
1779647232125,PUT,268,0,benchKey_28_5,bytes=29;client_id=28;clients=50
1779647232127,PUT,263,0,benchKey_40_5,bytes=29;client_id=40;clients=50
1779647232130,PUT,264,0,benchKey_41_5,bytes=29;client_id=41;clients=50
1779647232136,TRANSFER_BATCH,0,1,,source=8003;dest=8029;keys=1;bytes=64
1779647232139,PUT,265,4,benchKey_29_5,bytes=29;client_id=29;clients=50
1779647232141,PUT,264,4,benchKey_10_5,bytes=29;client_id=10;clients=50
1779647232147,TRANSFER_BATCH,0,1,,source=8018;dest=8006;keys=1;bytes=64
1779647232150,PUT,267,0,benchKey_20_5,bytes=29;client_id=20;clients=50
1779647232163,PUT,275,0,benchKey_37_5,bytes=29;client_id=37;clients=50
1779647232169,PUT,270,0,benchKey_11_5,bytes=29;client_id=11;clients=50
1779647232169,PUT,260,0,benchKey_49_5,bytes=29;client_id=49;clients=50
1779647232170,PUT,259,0,benchKey_44_5,bytes=29;client_id=44;clients=50
1779647232173,PUT,262,4,benchKey_21_5,bytes=29;client_id=21;clients=50
1779647232181,PUT,266,0,benchKey_31_5,bytes=29;client_id=31;clients=50
1779647232187,PUT,266,0,benchKey_47_5,bytes=29;client_id=47;clients=50
1779647232190,TRANSFER_BATCH,0,1,,source=8020;dest=8017;keys=2;bytes=128
1779647232191,TRANSFER_BATCH,0,1,,source=8033;dest=8014;keys=1;bytes=64
1779647232193,PUT,266,4,benchKey_16_5,bytes=29;client_id=16;clients=50
1779647232206,PUT,276,0,benchKey_17_5,bytes=29;client_id=17;clients=50
1779647232212,PUT,258,0,benchKey_1_5,bytes=28;client_id=1;clients=50
1779647232212,PUT,271,0,benchKey_32_5,bytes=29;client_id=32;clients=50
1779647232213,PUT,262,0,benchKey_22_5,bytes=29;client_id=22;clients=50
1779647232215,PUT,260,0,benchKey_8_5,bytes=28;client_id=8;clients=50
1779647232224,PUT,267,0,benchKey_43_5,bytes=29;client_id=43;clients=50
1779647232230,PUT,268,0,benchKey_25_5,bytes=29;client_id=25;clients=50
1779647232234,TRANSFER_BATCH,0,1,,source=8020;dest=8016;keys=1;bytes=64
1779647232235,PUT,267,0,benchKey_38_5,bytes=29;client_id=38;clients=50
1779647232243,TRANSFER_BATCH,0,1,,source=8014;dest=8002;keys=1;bytes=64
1779647232245,TRANSFER_BATCH,0,1,,source=8019;dest=8013;keys=1;bytes=64
1779647232248,PUT,275,0,benchKey_5_5,bytes=28;client_id=5;clients=50
1779647232254,PUT,271,0,benchKey_39_5,bytes=29;client_id=39;clients=50
1779647232255,PUT,258,0,benchKey_27_5,bytes=29;client_id=27;clients=50
1779647232255,PUT,261,4,benchKey_42_5,bytes=29;client_id=42;clients=50
1779647232257,PUT,258,0,benchKey_9_5,bytes=28;client_id=9;clients=50
1779647232268,PUT,269,0,benchKey_23_5,bytes=29;client_id=23;clients=50
1779647232272,PUT,268,0,benchKey_13_5,bytes=29;client_id=13;clients=50
1779647232275,TRANSFER_BATCH,0,1,,source=8020;dest=8004;keys=1;bytes=64
1779647232279,PUT,269,4,benchKey_7_5,bytes=28;client_id=7;clients=50
1779647232285,TRANSFER_BATCH,0,1,,source=8003;dest=8002;keys=1;bytes=64
1779647232287,TRANSFER_BATCH,0,1,,source=8018;dest=8012;keys=1;bytes=64
1779647232290,PUT,275,0,benchKey_36_5,bytes=29;client_id=36;clients=50
1779647232296,PUT,271,4,benchKey_46_5,bytes=29;client_id=46;clients=50
1779647232297,PUT,261,0,benchKey_2_6,bytes=28;client_id=2;clients=50
1779647232297,PUT,257,0,benchKey_14_5,bytes=29;client_id=14;clients=50
1779647232299,PUT,258,4,benchKey_45_6,bytes=29;client_id=45;clients=50
1779647232310,PUT,268,0,benchKey_19_5,bytes=29;client_id=19;clients=50
1779647232315,PUT,269,0,benchKey_3_6,bytes=28;client_id=3;clients=50
1779647232322,PUT,270,0,benchKey_24_6,bytes=29;client_id=24;clients=50
1779647232330,TRANSFER_BATCH,0,1,,source=8033;dest=8029;keys=1;bytes=64
1779647232332,PUT,275,0,benchKey_26_6,bytes=29;client_id=26;clients=50
1779647232338,PUT,271,0,benchKey_30_6,bytes=29;client_id=30;clients=50
1779647232339,PUT,261,0,benchKey_18_6,bytes=29;client_id=18;clients=50
1779647232339,PUT,256,0,benchKey_34_6,bytes=29;client_id=34;clients=50
1779647232340,PUT,256,0,benchKey_35_6,bytes=29;client_id=35;clients=50
1779647232352,PUT,268,0,benchKey_4_6,bytes=28;client_id=4;clients=50
1779647232358,PUT,270,0,benchKey_0_6,bytes=28;client_id=0;clients=50
1779647232365,PUT,268,4,benchKey_15_6,bytes=29;client_id=15;clients=50
1779647232373,TRANSFER_BATCH,0,1,,source=8020;dest=8014;keys=1;bytes=64
1779647232374,PUT,275,4,benchKey_33_6,bytes=29;client_id=33;clients=50
1779647232374,TRANSFER_BATCH,0,1,,source=8019;dest=8002;keys=1;bytes=64
1779647232380,PUT,271,0,benchKey_12_6,bytes=29;client_id=12;clients=50
1779647232381,PUT,255,4,benchKey_48_6,bytes=29;client_id=48;clients=50
1779647232381,PUT,259,4,benchKey_6_6,bytes=28;client_id=6;clients=50
1779647232382,PUT,255,4,benchKey_28_6,bytes=29;client_id=28;clients=50
1779647232395,PUT,268,0,benchKey_40_6,bytes=29;client_id=40;clients=50
1779647232398,TRANSFER_BATCH,0,1,,source=8014;dest=8007;keys=1;bytes=64
1779647232400,PUT,269,0,benchKey_41_6,bytes=29;client_id=41;clients=50
1779647232408,PUT,269,0,benchKey_29_6,bytes=29;client_id=29;clients=50
1779647232416,TRANSFER_BATCH,0,1,,source=8020;dest=8026;keys=1;bytes=64
1779647232417,TRANSFER_BATCH,0,1,,source=8019;dest=8021;keys=1;bytes=64
1779647232417,PUT,275,0,benchKey_10_6,bytes=29;client_id=10;clients=50
1779647232423,PUT,259,0,benchKey_37_6,bytes=29;client_id=37;clients=50
1779647232424,PUT,273,4,benchKey_20_6,bytes=29;client_id=20;clients=50
1779647232424,PUT,254,0,benchKey_49_6,bytes=29;client_id=49;clients=50
1779647232426,PUT,257,0,benchKey_11_6,bytes=29;client_id=11;clients=50
1779647232438,PUT,267,0,benchKey_44_6,bytes=29;client_id=44;clients=50
1779647232442,PUT,268,0,benchKey_21_6,bytes=29;client_id=21;clients=50
1779647232450,PUT,269,0,benchKey_31_6,bytes=29;client_id=31;clients=50
1779647232458,TRANSFER_BATCH,0,1,,source=8018;dest=8021;keys=1;bytes=64
1779647232460,PUT,273,0,benchKey_47_6,bytes=29;client_id=47;clients=50
1779647232467,PUT,261,4,benchKey_17_6,bytes=29;client_id=17;clients=50
1779647232468,PUT,255,0,benchKey_1_6,bytes=28;client_id=1;clients=50
1779647232469,PUT,256,4,benchKey_32_6,bytes=29;client_id=32;clients=50
1779647232472,PUT,279,4,benchKey_16_6,bytes=29;client_id=16;clients=50
1779647232479,PUT,265,0,benchKey_22_6,bytes=29;client_id=22;clients=50
1779647232485,PUT,270,0,benchKey_8_6,bytes=28;client_id=8;clients=50
1779647232493,PUT,268,4,benchKey_43_6,bytes=29;client_id=43;clients=50
1779647232501,TRANSFER_BATCH,0,1,,source=8033;dest=8002;keys=1;bytes=64
1779647232502,TRANSFER_BATCH,0,1,,source=8029;dest=8006;keys=1;bytes=64
1779647232504,PUT,273,0,benchKey_25_6,bytes=29;client_id=25;clients=50
1779647232510,PUT,261,0,benchKey_5_6,bytes=28;client_id=5;clients=50
1779647232511,PUT,275,4,benchKey_38_6,bytes=29;client_id=38;clients=50
1779647232511,PUT,257,4,benchKey_39_6,bytes=29;client_id=39;clients=50
1779647232516,PUT,260,0,benchKey_27_6,bytes=29;client_id=27;clients=50
1779647232521,PUT,265,4,benchKey_42_6,bytes=29;client_id=42;clients=50
1779647232528,PUT,271,0,benchKey_9_6,bytes=28;client_id=9;clients=50
1779647232532,TRANSFER_BATCH,0,1,,source=8014;dest=8036;keys=1;bytes=64
1779647232535,PUT,266,0,benchKey_23_6,bytes=29;client_id=23;clients=50
1779647232545,TRANSFER_BATCH,0,1,,source=8020;dest=8002;keys=1;bytes=64
1779647232546,TRANSFER_BATCH,0,1,,source=8003;dest=8004;keys=1;bytes=64
1779647232548,PUT,275,4,benchKey_13_6,bytes=29;client_id=13;clients=50
1779647232554,PUT,263,0,benchKey_36_6,bytes=29;client_id=36;clients=50
1779647232554,PUT,257,0,benchKey_46_6,bytes=29;client_id=46;clients=50
1779647232554,PUT,275,0,benchKey_7_6,bytes=28;client_id=7;clients=50
1779647232558,PUT,259,4,benchKey_2_7,bytes=28;client_id=2;clients=50
1779647232564,PUT,265,4,benchKey_14_6,bytes=29;client_id=14;clients=50
1779647232571,PUT,272,4,benchKey_45_7,bytes=29;client_id=45;clients=50
1779647232575,TRANSFER_BATCH,0,1,,source=8029;dest=8002;keys=1;bytes=64
1779647232577,PUT,266,0,benchKey_19_6,bytes=29;client_id=19;clients=50
1779647232587,TRANSFER_BATCH,0,1,,source=8020;dest=8021;keys=1;bytes=64
1779647232590,PUT,274,0,benchKey_3_7,bytes=28;client_id=3;clients=50
1779647232597,PUT,264,0,benchKey_26_7,bytes=29;client_id=26;clients=50
1779647232598,PUT,259,0,benchKey_30_7,bytes=29;client_id=30;clients=50
1779647232598,PUT,275,4,benchKey_24_7,bytes=29;client_id=24;clients=50
1779647232599,PUT,259,0,benchKey_18_7,bytes=29;client_id=18;clients=50
1779647232606,PUT,266,0,benchKey_34_7,bytes=29;client_id=34;clients=50
1779647232613,PUT,272,0,benchKey_35_7,bytes=29;client_id=35;clients=50
1779647232618,TRANSFER_BATCH,0,1,,source=8003;dest=8017;keys=1;bytes=64
1779647232619,PUT,266,0,benchKey_4_7,bytes=28;client_id=4;clients=50
1779647232631,TRANSFER_BATCH,0,1,,source=8014;dest=8040;keys=1;bytes=64
1779647232632,PUT,274,4,benchKey_0_7,bytes=28;client_id=0;clients=50
1779647232635,TRANSFER_BATCH,0,1,,source=8019;dest=8023;keys=2;bytes=128
1779647232638,PUT,272,4,benchKey_15_7,bytes=29;client_id=15;clients=50
1779647232639,PUT,264,0,benchKey_33_7,bytes=29;client_id=33;clients=50
1779647232640,PUT,259,4,benchKey_12_7,bytes=29;client_id=12;clients=50
1779647232641,PUT,259,0,benchKey_48_7,bytes=29;client_id=48;clients=50
1779647232648,PUT,266,0,benchKey_6_7,bytes=28;client_id=6;clients=50
1779647232654,PUT,272,0,benchKey_28_7,bytes=29;client_id=28;clients=50
1779647232660,TRANSFER_BATCH,0,1,,source=8019;dest=8036;keys=1;bytes=64
1779647232662,PUT,266,0,benchKey_40_7,bytes=29;client_id=40;clients=50
1779647232674,PUT,273,4,benchKey_41_7,bytes=29;client_id=41;clients=50
1779647232675,TRANSFER_BATCH,0,1,,source=8029;dest=8032;keys=1;bytes=64
1779647232678,TRANSFER_BATCH,0,1,,source=8019;dest=8004;keys=1;bytes=64
1779647232681,PUT,272,4,benchKey_29_7,bytes=29;client_id=29;clients=50
1779647232681,PUT,264,4,benchKey_10_7,bytes=29;client_id=10;clients=50
1779647232682,PUT,258,4,benchKey_37_7,bytes=29;client_id=37;clients=50
1779647232683,PUT,259,0,benchKey_20_7,bytes=29;client_id=20;clients=50
1779647232690,PUT,266,0,benchKey_49_7,bytes=29;client_id=49;clients=50
1779647232696,PUT,269,0,benchKey_11_7,bytes=29;client_id=11;clients=50
1779647232704,TRANSFER_BATCH,0,1,,source=8019;dest=8026;keys=1;bytes=64
1779647232706,PUT,268,4,benchKey_44_7,bytes=29;client_id=44;clients=50
1779647232719,TRANSFER_BATCH,0,1,,source=8003;dest=8027;keys=1;bytes=64
1779647232721,PUT,278,0,benchKey_21_7,bytes=29;client_id=21;clients=50
1779647232725,PUT,265,4,benchKey_47_7,bytes=29;client_id=47;clients=50
1779647232725,PUT,256,0,benchKey_1_7,bytes=28;client_id=1;clients=50
1779647232725,PUT,257,0,benchKey_17_7,bytes=29;client_id=17;clients=50
1779647232726,PUT,275,4,benchKey_31_7,bytes=29;client_id=31;clients=50
1779647232732,PUT,263,4,benchKey_32_7,bytes=29;client_id=32;clients=50
1779647232739,PUT,266,4,benchKey_16_7,bytes=29;client_id=16;clients=50
1779647232746,TRANSFER_BATCH,0,1,,source=8019;dest=8040;keys=1;bytes=64
1779647232748,PUT,268,4,benchKey_22_7,bytes=29;client_id=22;clients=50
1779647232760,TRANSFER_BATCH,0,1,,source=8019;dest=8029;keys=1;bytes=64
1779647232764,PUT,278,0,benchKey_8_7,bytes=28;client_id=8;clients=50
1779647232770,PUT,265,0,benchKey_25_7,bytes=29;client_id=25;clients=50
1779647232770,PUT,275,4,benchKey_43_7,bytes=29;client_id=43;clients=50
1779647232770,PUT,258,4,benchKey_38_7,bytes=29;client_id=38;clients=50
1779647232770,PUT,259,4,benchKey_5_7,bytes=28;client_id=5;clients=50
1779647232775,PUT,263,0,benchKey_39_7,bytes=29;client_id=39;clients=50
1779647232777,TRANSFER_BATCH,0,1,,source=8002;dest=8003;keys=1;bytes=64
1779647232781,PUT,265,4,benchKey_27_7,bytes=29;client_id=27;clients=50
1779647232788,TRANSFER_BATCH,0,1,,source=8002;dest=8012;keys=1;bytes=64
1779647232791,PUT,269,4,benchKey_42_7,bytes=29;client_id=42;clients=50
1779647232803,TRANSFER_BATCH,0,1,,source=8019;dest=8016;keys=1;bytes=64
1779647232807,PUT,278,4,benchKey_9_7,bytes=28;client_id=9;clients=50
1779647232810,PUT,275,0,benchKey_23_7,bytes=29;client_id=23;clients=50
1779647232811,PUT,257,0,benchKey_36_7,bytes=29;client_id=36;clients=50
1779647232811,PUT,257,0,benchKey_46_7,bytes=29;client_id=46;clients=50
1779647232812,PUT,264,0,benchKey_13_7,bytes=29;client_id=13;clients=50
1779647232817,PUT,263,4,benchKey_7_7,bytes=28;client_id=7;clients=50
1779647232824,PUT,266,0,benchKey_2_8,bytes=28;client_id=2;clients=50
1779647232827,TRANSFER_BATCH,0,1,,source=8014;dest=8027;keys=1;bytes=64
1779647232830,TRANSFER_BATCH,0,1,,source=8018;dest=8034;keys=1;bytes=64
1779647232833,PUT,268,0,benchKey_14_7,bytes=29;client_id=14;clients=50
1779647232844,TRANSFER_BATCH,0,1,,source=8019;dest=8025;keys=1;bytes=64
1779647232849,PUT,277,0,benchKey_45_8,bytes=29;client_id=45;clients=50
1779647232853,PUT,276,4,benchKey_19_7,bytes=29;client_id=19;clients=50
1779647232853,PUT,255,4,benchKey_30_8,bytes=29;client_id=30;clients=50
1779647232853,PUT,256,4,benchKey_26_8,bytes=29;client_id=26;clients=50
1779647232855,PUT,264,0,benchKey_3_8,bytes=28;client_id=3;clients=50
1779647232859,PUT,260,0,benchKey_24_8,bytes=29;client_id=24;clients=50
1779647232864,TRANSFER_BATCH,0,1,,source=8018;dest=8003;keys=1;bytes=64
1779647232867,PUT,268,4,benchKey_18_8,bytes=29;client_id=18;clients=50
1779647232870,TRANSFER_BATCH,0,1,,source=8029;dest=8039;keys=1;bytes=64
1779647232873,TRANSFER_BATCH,0,1,,source=8018;dest=8021;keys=1;bytes=64
1779647232875,PUT,268,0,benchKey_34_8,bytes=29;client_id=34;clients=50
1779647232887,TRANSFER_BATCH,0,1,,source=8002;dest=8017;keys=1;bytes=64
1779647232892,PUT,278,0,benchKey_35_8,bytes=29;client_id=35;clients=50
1779647232896,PUT,257,0,benchKey_15_8,bytes=29;client_id=15;clients=50
1779647232896,PUT,276,4,benchKey_4_8,bytes=28;client_id=4;clients=50
1779647232896,PUT,263,0,benchKey_0_8,bytes=28;client_id=0;clients=50
1779647232897,PUT,258,0,benchKey_33_8,bytes=29;client_id=33;clients=50
1779647232901,PUT,261,0,benchKey_12_8,bytes=29;client_id=12;clients=50
1779647232906,TRANSFER_BATCH,0,1,,source=8018;dest=8021;keys=1;bytes=64
1779647232911,PUT,269,0,benchKey_48_8,bytes=29;client_id=48;clients=50
1779647232915,TRANSFER_BATCH,0,1,,source=8014;dest=8007;keys=1;bytes=64
1779647232915,TRANSFER_BATCH,0,1,,source=8033;dest=8020;keys=1;bytes=64
1779647232918,PUT,269,4,benchKey_6_8,bytes=28;client_id=6;clients=50
1779647232929,TRANSFER_BATCH,0,1,,source=8018;dest=8014;keys=1;bytes=64
1779647232934,PUT,279,4,benchKey_28_8,bytes=29;client_id=28;clients=50
1779647232938,PUT,263,4,benchKey_41_8,bytes=29;client_id=41;clients=50
1779647232938,PUT,257,0,benchKey_29_8,bytes=29;client_id=29;clients=50
1779647232938,PUT,275,4,benchKey_40_8,bytes=29;client_id=40;clients=50
1779647232940,PUT,258,0,benchKey_10_8,bytes=29;client_id=10;clients=50
1779647232944,PUT,261,4,benchKey_37_8,bytes=29;client_id=37;clients=50
1779647232948,TRANSFER_BATCH,0,1,,source=8033;dest=8011;keys=1;bytes=64
1779647232953,PUT,269,4,benchKey_20_8,bytes=29;client_id=20;clients=50
1779647232957,TRANSFER_BATCH,0,1,,source=8029;dest=8002;keys=1;bytes=64
1779647232960,PUT,269,4,benchKey_49_8,bytes=29;client_id=49;clients=50
1779647232971,TRANSFER_BATCH,0,1,,source=8018;dest=8019;keys=1;bytes=64
1779647232976,PUT,280,4,benchKey_11_8,bytes=29;client_id=11;clients=50
1779647232982,PUT,275,4,benchKey_44_8,bytes=29;client_id=44;clients=50
1779647232982,PUT,255,0,benchKey_47_8,bytes=29;client_id=47;clients=50
1779647232983,PUT,257,4,benchKey_1_8,bytes=28;client_id=1;clients=50
1779647232983,PUT,262,4,benchKey_21_8,bytes=29;client_id=21;clients=50
1779647232984,TRANSFER_BATCH,0,1,,source=8035;dest=8034;keys=1;bytes=64
1779647232987,PUT,260,0,benchKey_17_8,bytes=29;client_id=17;clients=50
1779647232995,PUT,269,4,benchKey_31_8,bytes=29;client_id=31;clients=50
1779647233002,PUT,269,4,benchKey_32_8,bytes=29;client_id=32;clients=50
1779647233014,TRANSFER_BATCH,0,1,,source=8033;dest=8034;keys=1;bytes=64
1779647233019,PUT,280,4,benchKey_16_8,bytes=29;client_id=16;clients=50
1779647233020,TRANSFER_BATCH,0,1,,source=8005;dest=8026;keys=1;bytes=64
1779647233025,PUT,255,0,benchKey_25_8,bytes=29;client_id=25;clients=50
1779647233025,PUT,261,4,benchKey_8_8,bytes=28;client_id=8;clients=50
1779647233028,PUT,280,4,benchKey_22_8,bytes=29;client_id=22;clients=50
1779647233029,PUT,258,0,benchKey_38_8,bytes=29;client_id=38;clients=50
1779647233029,PUT,258,0,benchKey_43_8,bytes=29;client_id=43;clients=50
1779647233036,TRANSFER_BATCH,0,1,,source=8005;dest=8006;keys=1;bytes=64
1779647233037,PUT,267,4,benchKey_5_8,bytes=28;client_id=5;clients=50
1779647233045,PUT,269,4,benchKey_39_8,bytes=29;client_id=39;clients=50
1779647233046,TRANSFER_BATCH,0,1,,source=8035;dest=8021;keys=1;bytes=64
1779647233058,TRANSFER_BATCH,0,1,,source=8005;dest=8008;keys=1;bytes=64
1779647233062,PUT,280,4,benchKey_27_8,bytes=29;client_id=27;clients=50
1779647233064,TRANSFER_BATCH,0,1,,source=8020;dest=8031;keys=1;bytes=64
1779647233068,PUT,277,4,benchKey_42_8,bytes=29;client_id=42;clients=50
1779647233068,PUT,261,0,benchKey_9_8,bytes=28;client_id=9;clients=50
1779647233072,PUT,261,4,benchKey_23_8,bytes=29;client_id=23;clients=50
1779647233073,TRANSFER_BATCH,0,1,,source=8035;dest=8011;keys=1;bytes=64
1779647233074,PUT,262,4,benchKey_46_8,bytes=29;client_id=46;clients=50
1779647233075,PUT,263,4,benchKey_36_8,bytes=29;client_id=36;clients=50
1779647233079,TRANSFER_BATCH,0,1,,source=8020;dest=8005;keys=1;bytes=64
1779647233079,PUT,267,0,benchKey_13_8,bytes=29;client_id=13;clients=50
1779647233087,PUT,269,0,benchKey_7_8,bytes=28;client_id=7;clients=50
1779647233088,TRANSFER_BATCH,0,1,,source=8003;dest=8012;keys=1;bytes=64
1779647233100,TRANSFER_BATCH,0,1,,source=8020;dest=8035;keys=1;bytes=64
1779647233100,TRANSFER_BATCH,0,1,,source=8014;dest=8012;keys=1;bytes=64
1779647233105,PUT,280,0,benchKey_2_9,bytes=28;client_id=2;clients=50
1779647233106,TRANSFER_BATCH,0,1,,source=8020;dest=8005;keys=1;bytes=64
1779647233110,PUT,260,4,benchKey_45_9,bytes=29;client_id=45;clients=50
1779647233112,PUT,278,4,benchKey_14_8,bytes=29;client_id=14;clients=50
1779647233115,PUT,261,0,benchKey_19_8,bytes=29;client_id=19;clients=50
1779647233116,PUT,261,4,benchKey_30_9,bytes=29;client_id=30;clients=50
1779647233118,TRANSFER_BATCH,0,1,,source=8003;dest=8037;keys=1;bytes=64
1779647233120,TRANSFER_BATCH,0,1,,source=8020;dest=8024;keys=1;bytes=64
1779647233121,PUT,266,4,benchKey_26_9,bytes=29;client_id=26;clients=50
1779647233124,PUT,268,4,benchKey_3_9,bytes=28;client_id=3;clients=50
1779647233129,PUT,270,0,benchKey_24_9,bytes=29;client_id=24;clients=50
1779647233131,TRANSFER_BATCH,0,1,,source=8019;dest=8031;keys=1;bytes=64
1779647233143,TRANSFER_BATCH,0,1,,source=8020;dest=8040;keys=1;bytes=64
1779647233147,PUT,279,0,benchKey_18_9,bytes=29;client_id=18;clients=50
1779647233152,PUT,276,0,benchKey_34_9,bytes=29;client_id=34;clients=50
1779647233155,PUT,263,4,benchKey_35_9,bytes=29;client_id=35;clients=50
1779647233159,PUT,263,4,benchKey_15_9,bytes=29;client_id=15;clients=50
1779647233159,PUT,263,4,benchKey_4_9,bytes=28;client_id=4;clients=50
1779647233160,TRANSFER_BATCH,0,1,,source=8019;dest=8027;keys=2;bytes=128
1779647233164,PUT,267,4,benchKey_0_9,bytes=28;client_id=0;clients=50
1779647233168,PUT,270,0,benchKey_33_9,bytes=29;client_id=33;clients=50
1779647233173,PUT,271,0,benchKey_12_9,bytes=29;client_id=12;clients=50
1779647233174,TRANSFER_BATCH,0,1,,source=8019;dest=8035;keys=1;bytes=64
1779647233176,TRANSFER_BATCH,0,1,,source=8014;dest=8036;keys=1;bytes=64
1779647233191,PUT,280,4,benchKey_48_9,bytes=29;client_id=48;clients=50
1779647233193,TRANSFER_BATCH,0,1,,source=8019;dest=8012;keys=1;bytes=64
1779647233195,PUT,276,0,benchKey_6_9,bytes=28;client_id=6;clients=50
1779647233200,PUT,265,0,benchKey_28_9,bytes=29;client_id=28;clients=50
1779647233202,PUT,264,4,benchKey_41_9,bytes=29;client_id=41;clients=50
1779647233202,PUT,264,4,benchKey_29_9,bytes=29;client_id=29;clients=50
1779647233207,TRANSFER_BATCH,0,1,,source=8019;dest=8010;keys=2;bytes=128
1779647233209,PUT,269,4,benchKey_10_9,bytes=29;client_id=10;clients=50
1779647233211,PUT,272,4,benchKey_40_9,bytes=29;client_id=40;clients=50
1779647233217,TRANSFER_BATCH,0,1,,source=8019;dest=8004;keys=1;bytes=64
1779647233217,PUT,273,4,benchKey_37_9,bytes=29;client_id=37;clients=50
1779647233233,PUT,280,4,benchKey_20_9,bytes=29;client_id=20;clients=50
1779647233239,TRANSFER_BATCH,0,1,,source=8019;dest=8038;keys=1;bytes=64
1779647233239,PUT,278,4,benchKey_49_9,bytes=29;client_id=49;clients=50
1779647233243,PUT,266,0,benchKey_11_9,bytes=29;client_id=11;clients=50
1779647233244,PUT,262,4,benchKey_44_9,bytes=29;client_id=44;clients=50
1779647233245,PUT,262,0,benchKey_47_9,bytes=29;client_id=47;clients=50
1779647233253,PUT,270,4,benchKey_1_9,bytes=28;client_id=1;clients=50
1779647233257,PUT,273,4,benchKey_21_9,bytes=29;client_id=21;clients=50
1779647233260,TRANSFER_BATCH,0,1,,source=8019;dest=8008;keys=1;bytes=64
1779647233263,PUT,275,0,benchKey_17_9,bytes=29;client_id=17;clients=50
1779647233280,PUT,284,4,benchKey_31_9,bytes=29;client_id=31;clients=50
1779647233281,TRANSFER_BATCH,0,1,,source=8019;dest=8010;keys=1;bytes=64
1779647233283,PUT,280,0,benchKey_32_9,bytes=29;client_id=32;clients=50
1779647233283,TRANSFER_BATCH,0,1,,source=8013;dest=8024;keys=1;bytes=64
1779647233285,PUT,265,4,benchKey_16_9,bytes=29;client_id=16;clients=50
1779647233286,PUT,260,0,benchKey_8_9,bytes=28;client_id=8;clients=50
1779647233288,PUT,262,0,benchKey_25_9,bytes=29;client_id=25;clients=50
1779647233293,TRANSFER_BATCH,0,1,,source=8002;dest=8003;keys=1;bytes=64
1779647233296,PUT,267,4,benchKey_22_9,bytes=29;client_id=22;clients=50
1779647233300,PUT,271,4,benchKey_38_9,bytes=29;client_id=38;clients=50
1779647233304,TRANSFER_BATCH,0,1,,source=8002;dest=8038;keys=1;bytes=64
1779647233308,PUT,278,4,benchKey_43_9,bytes=29;client_id=43;clients=50
1779647233323,TRANSFER_BATCH,0,1,,source=8014;dest=8031;keys=1;bytes=64
1779647233325,TRANSFER_BATCH,0,1,,source=8019;dest=8040;keys=1;bytes=64
1779647233325,PUT,279,4,benchKey_39_9,bytes=29;client_id=39;clients=50
1779647233326,PUT,288,4,benchKey_5_9,bytes=28;client_id=5;clients=50
1779647233327,TRANSFER_BATCH,0,1,,source=8019;dest=8031;keys=1;bytes=64
1779647233330,PUT,260,0,benchKey_42_9,bytes=29;client_id=42;clients=50
1779647233330,PUT,261,0,benchKey_9_9,bytes=28;client_id=9;clients=50
1779647233331,PUT,268,4,benchKey_27_9,bytes=29;client_id=27;clients=50
1779647233339,TRANSFER_BATCH,0,1,,source=8002;dest=8019;keys=1;bytes=64
1779647233342,PUT,268,4,benchKey_23_9,bytes=29;client_id=23;clients=50
1779647233343,PUT,268,4,benchKey_46_9,bytes=29;client_id=46;clients=50
1779647233350,TRANSFER_BATCH,0,1,,source=8002;dest=8025;keys=1;bytes=64
1779647233351,PUT,276,0,benchKey_36_9,bytes=29;client_id=36;clients=50
1779647233367,PUT,279,4,benchKey_7_9,bytes=28;client_id=7;clients=50
1779647233369,PUT,288,4,benchKey_13_9,bytes=29;client_id=13;clients=50
1779647233371,PUT,241,4,benchKey_24_10,bytes=30;client_id=24;clients=50
1779647233374,TRANSFER_BATCH,0,1,,source=8019;dest=8013;keys=1;bytes=64
1779647233375,PUT,264,4,benchKey_45_10,bytes=30;client_id=45;clients=50
1779647233375,PUT,262,0,benchKey_14_9,bytes=29;client_id=14;clients=50
1779647233378,PUT,273,4,benchKey_2_10,bytes=29;client_id=2;clients=50
1779647233384,TRANSFER_BATCH,0,1,,source=8018;dest=8009;keys=2;bytes=128
1779647233385,PUT,269,4,benchKey_30_10,bytes=30;client_id=30;clients=50
1779647233390,PUT,274,4,benchKey_19_9,bytes=29;client_id=19;clients=50
1779647233393,TRANSFER_BATCH,0,1,,source=8018;dest=8003;keys=1;bytes=64
1779647233395,PUT,273,4,benchKey_26_10,bytes=30;client_id=26;clients=50
1779647233410,TRANSFER_BATCH,0,1,,source=8014;dest=8006;keys=1;bytes=64
1779647233411,PUT,287,4,benchKey_3_10,bytes=29;client_id=3;clients=50
1779647233412,PUT,265,4,benchKey_18_10,bytes=30;client_id=18;clients=50
1779647233415,TRANSFER_BATCH,0,1,,source=8018;dest=8013;keys=1;bytes=64
1779647233416,TRANSFER_BATCH,0,1,,source=8019;dest=8003;keys=1;bytes=64
1779647233418,PUT,265,4,benchKey_34_10,bytes=30;client_id=34;clients=50
1779647233418,PUT,262,4,benchKey_35_10,bytes=30;client_id=35;clients=50
1779647233423,PUT,263,4,benchKey_15_10,bytes=30;client_id=15;clients=50
1779647233428,TRANSFER_BATCH,0,1,,source=8033;dest=8032;keys=1;bytes=64
1779647233430,PUT,270,0,benchKey_4_10,bytes=29;client_id=4;clients=50
1779647233433,PUT,268,4,benchKey_0_10,bytes=29;client_id=0;clients=50
1779647233437,PUT,269,4,benchKey_33_10,bytes=30;client_id=33;clients=50
1779647233438,TRANSFER_BATCH,0,1,,source=8018;dest=8007;keys=1;bytes=64
1779647233440,DATA_SKEW_AFTER,0,0,,node=8007;keys_count=6;active_nodes=28
1779647233453,PUT,280,0,benchKey_12_10,bytes=30;client_id=12;clients=50
1779647233454,PUT,263,4,benchKey_48_10,bytes=30;client_id=48;clients=50
1779647233454,TRANSFER_BATCH,0,1,,source=8013;dest=8021;keys=1;bytes=64
1779647233458,TRANSFER_BATCH,0,1,,source=8018;dest=8039;keys=1;bytes=64
1779647233459,TRANSFER_BATCH,0,1,,source=8019;dest=8020;keys=1;bytes=64
1779647233461,PUT,261,0,benchKey_28_10,bytes=30;client_id=28;clients=50
1779647233462,PUT,266,0,benchKey_6_10,bytes=29;client_id=6;clients=50
1779647233464,PUT,262,4,benchKey_41_10,bytes=30;client_id=41;clients=50
1779647233471,TRANSFER_BATCH,0,1,,source=8005;dest=8034;keys=1;bytes=64
1779647233472,PUT,269,4,benchKey_29_10,bytes=30;client_id=29;clients=50
1779647233475,PUT,265,4,benchKey_10_10,bytes=30;client_id=10;clients=50
1779647233480,PUT,268,4,benchKey_40_10,bytes=30;client_id=40;clients=50
1779647233483,DATA_SKEW_AFTER,0,0,,node=8006;keys_count=7;active_nodes=28
1779647233495,PUT,277,4,benchKey_37_10,bytes=30;client_id=37;clients=50
1779647233497,PUT,263,4,benchKey_20_10,bytes=30;client_id=20;clients=50
1779647233498,TRANSFER_BATCH,0,1,,source=8013;dest=8005;keys=1;bytes=64
1779647233501,TRANSFER_BATCH,0,1,,source=8018;dest=8011;keys=1;bytes=64
1779647233501,TRANSFER_BATCH,0,1,,source=8018;dest=8019;keys=1;bytes=64
1779647233503,PUT,263,4,benchKey_49_10,bytes=30;client_id=49;clients=50
1779647233504,PUT,260,4,benchKey_11_10,bytes=30;client_id=11;clients=50
1779647233506,PUT,261,4,benchKey_44_10,bytes=30;client_id=44;clients=50
1779647233515,PUT,269,0,benchKey_47_10,bytes=30;client_id=47;clients=50
1779647233518,PUT,265,4,benchKey_1_10,bytes=29;client_id=1;clients=50
1779647233522,PUT,264,4,benchKey_21_10,bytes=30;client_id=21;clients=50
1779647233525,DATA_SKEW_AFTER,0,0,,node=8012;keys_count=7;active_nodes=28
1779647233536,TRANSFER_BATCH,0,1,,source=8038;dest=8034;keys=1;bytes=64
1779647233537,PUT,273,0,benchKey_17_10,bytes=30;client_id=17;clients=50
1779647233539,PUT,259,4,benchKey_31_10,bytes=30;client_id=31;clients=50
1779647233539,TRANSFER_BATCH,0,1,,source=8019;dest=8029;keys=1;bytes=64
1779647233543,TRANSFER_BATCH,0,1,,source=8018;dest=8002;keys=1;bytes=64
1779647233546,PUT,261,4,benchKey_16_10,bytes=30;client_id=16;clients=50
1779647233546,PUT,263,4,benchKey_32_10,bytes=30;client_id=32;clients=50
1779647233548,PUT,261,4,benchKey_8_10,bytes=29;client_id=8;clients=50
1779647233558,TRANSFER_BATCH,0,1,,source=8005;dest=8017;keys=1;bytes=64
1779647233559,PUT,270,0,benchKey_25_10,bytes=30;client_id=25;clients=50
1779647233559,DATA_SKEW_AFTER,0,0,,node=8007;keys_count=7;active_nodes=29
1779647233561,PUT,265,0,benchKey_22_10,bytes=30;client_id=22;clients=50
1779647233565,PUT,264,4,benchKey_38_10,bytes=30;client_id=38;clients=50
1779647233566,DATA_SKEW_AFTER,0,0,,node=8016;keys_count=9;active_nodes=28
1779647233578,PUT,270,0,benchKey_43_10,bytes=30;client_id=43;clients=50
1779647233581,TRANSFER_BATCH,0,1,,source=8019;dest=8013;keys=1;bytes=64
1779647233582,PUT,256,4,benchKey_39_10,bytes=30;client_id=39;clients=50
1779647233586,TRANSFER_BATCH,0,1,,source=8018;dest=8008;keys=1;bytes=64
1779647233588,PUT,258,4,benchKey_42_10,bytes=30;client_id=42;clients=50
1779647233589,PUT,263,4,benchKey_5_10,bytes=29;client_id=5;clients=50
1779647233590,PUT,259,4,benchKey_9_10,bytes=29;client_id=9;clients=50
1779647233601,DATA_SKEW_AFTER,0,0,,node=8006;keys_count=8;active_nodes=29
1779647233601,PUT,270,4,benchKey_27_10,bytes=30;client_id=27;clients=50
1779647233602,TRANSFER_BATCH,0,1,,source=8017;dest=8012;keys=1;bytes=64
1779647233604,PUT,262,4,benchKey_23_10,bytes=30;client_id=23;clients=50
1779647233612,PUT,269,4,benchKey_46_10,bytes=30;client_id=46;clients=50
1779647233613,DATA_SKEW_AFTER,0,0,,node=8037;keys_count=5;active_nodes=28
1779647233622,PUT,270,0,benchKey_36_10,bytes=30;client_id=36;clients=50
1779647233623,TRANSFER_BATCH,0,1,,source=8019;dest=8012;keys=1;bytes=64
1779647233624,PUT,256,4,benchKey_7_10,bytes=29;client_id=7;clients=50
1779647233626,TRANSFER_BATCH,0,1,,source=8005;dest=8014;keys=1;bytes=64
1779647233628,TRANSFER_BATCH,0,1,,source=8017;dest=8007;keys=1;bytes=64
1779647233630,PUT,260,0,benchKey_13_10,bytes=30;client_id=13;clients=50
1779647233631,PUT,256,0,benchKey_45_11,bytes=30;client_id=45;clients=50
1779647233631,PUT,260,4,benchKey_24_11,bytes=30;client_id=24;clients=50
1779647233644,DATA_SKEW_AFTER,0,0,,node=8012;keys_count=9;active_nodes=29
1779647233645,PUT,269,4,benchKey_14_10,bytes=30;client_id=14;clients=50
1779647233646,TRANSFER_BATCH,0,1,,source=8005;dest=8040;keys=1;bytes=64
1779647233647,PUT,268,0,benchKey_2_11,bytes=29;client_id=2;clients=50
1779647233655,PUT,269,4,benchKey_30_11,bytes=30;client_id=30;clients=50
1779647233658,DATA_SKEW_AFTER,0,0,,node=8034;keys_count=13;active_nodes=28
1779647233667,PUT,277,0,benchKey_19_10,bytes=30;client_id=19;clients=50
1779647233668,TRANSFER_BATCH,0,1,,source=8005;dest=8028;keys=1;bytes=64
1779647233668,PUT,273,0,benchKey_26_11,bytes=30;client_id=26;clients=50
1779647233669,TRANSFER_BATCH,0,1,,source=8019;dest=8037;keys=1;bytes=64
1779647233673,PUT,261,4,benchKey_3_11,bytes=29;client_id=3;clients=50
1779647233674,PUT,261,0,benchKey_18_11,bytes=30;client_id=18;clients=50
1779647233675,PUT,257,4,benchKey_34_11,bytes=30;client_id=34;clients=50
1779647233686,DATA_SKEW_AFTER,0,0,,node=8016;keys_count=9;active_nodes=29
1779647233687,PUT,268,4,benchKey_35_11,bytes=30;client_id=35;clients=50
1779647233688,TRANSFER_BATCH,0,1,,source=8020;dest=8006;keys=2;bytes=128
1779647233693,PUT,270,0,benchKey_15_11,bytes=30;client_id=15;clients=50
1779647233699,PUT,269,4,benchKey_4_11,bytes=29;client_id=4;clients=50
1779647233701,DATA_SKEW_AFTER,0,0,,node=8021;keys_count=11;active_nodes=28
1779647233708,TRANSFER_BATCH,0,1,,source=8023;dest=8034;keys=1;bytes=64
1779647233711,PUT,273,0,benchKey_33_11,bytes=30;client_id=33;clients=50
1779647233713,TRANSFER_BATCH,0,1,,source=8005;dest=8002;keys=1;bytes=64
1779647233714,TRANSFER_BATCH,0,1,,source=8018;dest=8028;keys=1;bytes=64
1779647233715,PUT,281,4,benchKey_0_11,bytes=29;client_id=0;clients=50
1779647233717,PUT,263,0,benchKey_12_11,bytes=30;client_id=12;clients=50
1779647233720,PUT,265,4,benchKey_48_11,bytes=30;client_id=48;clients=50
1779647233724,PUT,262,4,benchKey_28_11,bytes=30;client_id=28;clients=50
1779647233730,TRANSFER_BATCH,0,1,,source=8023;dest=8037;keys=1;bytes=64
1779647233731,PUT,269,0,benchKey_6_11,bytes=29;client_id=6;clients=50
1779647233732,DATA_SKEW_AFTER,0,0,,node=8037;keys_count=6;active_nodes=29
1779647233738,PUT,273,4,benchKey_41_11,bytes=30;client_id=41;clients=50
1779647233740,DATA_SKEW_AFTER,0,0,,node=8007;keys_count=7;active_nodes=30
1779647233745,PUT,272,4,benchKey_29_11,bytes=30;client_id=29;clients=50
1779647233748,DATA_SKEW_AFTER,0,0,,node=8027;keys_count=10;active_nodes=28
1779647233753,TRANSFER_BATCH,0,1,,source=8023;dest=8006;keys=1;bytes=64
1779647233755,PUT,279,4,benchKey_10_11,bytes=30;client_id=10;clients=50
1779647233758,TRANSFER_BATCH,0,1,,source=8018;dest=8003;keys=1;bytes=64
1779647233759,TRANSFER_BATCH,0,1,,source=8020;dest=8018;keys=1;bytes=64
1779647233765,PUT,284,4,benchKey_40_11,bytes=30;client_id=40;clients=50
1779647233768,PUT,273,0,benchKey_37_11,bytes=30;client_id=37;clients=50
1779647233769,PUT,271,4,benchKey_20_11,bytes=30;client_id=20;clients=50
1779647233772,PUT,269,4,benchKey_49_11,bytes=30;client_id=49;clients=50
1779647233777,DATA_SKEW_AFTER,0,0,,node=8034;keys_count=14;active_nodes=29
1779647233778,PUT,273,4,benchKey_11_11,bytes=30;client_id=11;clients=50
1779647233784,PUT,278,4,benchKey_44_11,bytes=30;client_id=44;clients=50
1779647233785,TRANSFER_BATCH,0,1,,source=8023;dest=8020;keys=1;bytes=64
1779647233787,DATA_SKEW_AFTER,0,0,,node=8006;keys_count=9;active_nodes=30
1779647233792,PUT,277,4,benchKey_47_11,bytes=30;client_id=47;clients=50
1779647233792,DATA_SKEW_AFTER,0,0,,node=8010;keys_count=7;active_nodes=28
1779647233798,PUT,279,4,benchKey_1_11,bytes=29;client_id=1;clients=50
1779647233802,TRANSFER_BATCH,0,1,,source=8020;dest=8037;keys=1;bytes=64
1779647233804,TRANSFER_BATCH,0,1,,source=8018;dest=8011;keys=1;bytes=64
1779647233807,TRANSFER_BATCH,0,1,,source=8020;dest=8023;keys=1;bytes=64
1779647233810,PUT,273,4,benchKey_17_11,bytes=30;client_id=17;clients=50
1779647233813,PUT,274,4,benchKey_31_11,bytes=30;client_id=31;clients=50
1779647233818,TRANSFER_BATCH,0,1,,source=8011;dest=8012;keys=1;bytes=64
1779647233818,PUT,295,4,benchKey_21_11,bytes=30;client_id=21;clients=50
1779647233823,PUT,276,4,benchKey_32_11,bytes=30;client_id=32;clients=50
1779647233823,DATA_SKEW_AFTER,0,0,,node=8021;keys_count=11;active_nodes=29
1779647233829,PUT,280,4,benchKey_8_11,bytes=29;client_id=8;clients=50
1779647233829,DATA_SKEW_AFTER,0,0,,node=8012;keys_count=10;active_nodes=30
1779647233834,PUT,287,4,benchKey_16_11,bytes=30;client_id=16;clients=50
1779647233836,DATA_SKEW_AFTER,0,0,,node=8025;keys_count=12;active_nodes=28
1779647233837,PUT,278,4,benchKey_25_11,bytes=30;client_id=25;clients=50
1779647233844,PUT,282,4,benchKey_22_11,bytes=30;client_id=22;clients=50
1779647233844,TRANSFER_BATCH,0,1,,source=8020;dest=8009;keys=1;bytes=64
1779647233848,TRANSFER_BATCH,0,1,,source=8017;dest=8002;keys=1;bytes=64
1779647233853,TRANSFER_BATCH,0,1,,source=8011;dest=8004;keys=1;bytes=64
1779647233856,PUT,291,4,benchKey_38_11,bytes=30;client_id=38;clients=50
1779647233859,PUT,280,0,benchKey_43_11,bytes=30;client_id=43;clients=50
1779647233862,PUT,279,4,benchKey_39_11,bytes=30;client_id=39;clients=50
1779647233868,PUT,279,4,benchKey_42_11,bytes=30;client_id=42;clients=50
1779647233869,DATA_SKEW_AFTER,0,0,,node=8027;keys_count=10;active_nodes=29
1779647233875,PUT,286,4,benchKey_5_11,bytes=29;client_id=5;clients=50
1779647233877,DATA_SKEW_AFTER,0,0,,node=8016;keys_count=12;active_nodes=30
1779647233880,PUT,290,4,benchKey_9_11,bytes=29;client_id=9;clients=50
1779647233885,PUT,283,4,benchKey_27_11,bytes=30;client_id=27;clients=50
1779647233885,DATA_SKEW_AFTER,0,0,,node=8032;keys_count=12;active_nodes=28
1779647233886,DATA_SKEW_AFTER,0,0,,node=8037;keys_count=7;active_nodes=30
1779647233889,PUT,284,4,benchKey_23_11,bytes=30;client_id=23;clients=50
1779647233889,TRANSFER_BATCH,0,1,,source=8029;dest=8003;keys=1;bytes=64
1779647233900,PUT,287,4,benchKey_46_11,bytes=30;client_id=46;clients=50
1779647233902,PUT,279,4,benchKey_36_11,bytes=30;client_id=36;clients=50
1779647233904,TRANSFER_BATCH,0,1,,source=8022;dest=8014;keys=1;bytes=64
1779647233906,PUT,281,4,benchKey_7_11,bytes=29;client_id=7;clients=50
1779647233912,DATA_SKEW_AFTER,0,0,,node=8010;keys_count=7;active_nodes=29
1779647233913,PUT,282,4,benchKey_13_11,bytes=30;client_id=13;clients=50
1779647233919,PUT,288,4,benchKey_45_12,bytes=30;client_id=45;clients=50
1779647233925,PUT,293,4,benchKey_24_12,bytes=30;client_id=24;clients=50
1779647233930,DATA_SKEW_AFTER,0,0,,node=8034;keys_count=15;active_nodes=30
1779647233931,PUT,285,4,benchKey_14_11,bytes=30;client_id=14;clients=50
1779647233931,DATA_SKEW_AFTER,0,0,,node=8008;keys_count=8;active_nodes=28
1779647233935,PUT,287,4,benchKey_2_12,bytes=29;client_id=2;clients=50
1779647233941,TRANSFER_BATCH,0,1,,source=8009;dest=8016;keys=1;bytes=64
1779647233941,TRANSFER_BATCH,0,1,,source=8009;dest=8014;keys=1;bytes=64
1779647233942,TRANSFER_BATCH,0,1,,source=8023;dest=8035;keys=1;bytes=64
1779647233944,PUT,288,4,benchKey_30_12,bytes=30;client_id=30;clients=50
1779647233944,TRANSFER_BATCH,0,1,,source=8023;dest=8020;keys=1;bytes=64
1779647233947,PUT,279,4,benchKey_19_11,bytes=30;client_id=19;clients=50
1779647233951,PUT,283,4,benchKey_26_12,bytes=30;client_id=26;clients=50
1779647233955,DATA_SKEW_AFTER,0,0,,node=8025;keys_count=12;active_nodes=29
1779647233956,PUT,283,0,benchKey_3_12,bytes=29;client_id=3;clients=50
1779647233963,PUT,288,4,benchKey_18_12,bytes=30;client_id=18;clients=50
1779647233967,PUT,291,4,benchKey_34_12,bytes=30;client_id=34;clients=50
1779647233968,DATA_SKEW_AFTER,0,0,,node=8007;keys_count=9;active_nodes=31
1779647233974,DATA_SKEW_AFTER,0,0,,node=8021;keys_count=12;active_nodes=30
1779647233974,PUT,286,4,benchKey_35_12,bytes=30;client_id=35;clients=50
1779647233974,DATA_SKEW_AFTER,0,0,,node=8039;keys_count=7;active_nodes=28
1779647233978,TRANSFER_BATCH,0,1,,source=8029;dest=8005;keys=1;bytes=64
1779647233979,PUT,285,4,benchKey_15_12,bytes=30;client_id=15;clients=50
1779647233985,TRANSFER_BATCH,0,1,,source=8009;dest=8028;keys=1;bytes=64
1779647233987,TRANSFER_BATCH,0,1,,source=8023;dest=8036;keys=1;bytes=64
1779647233987,PUT,287,4,benchKey_4_12,bytes=29;client_id=4;clients=50
1779647233989,PUT,277,0,benchKey_33_12,bytes=30;client_id=33;clients=50
1779647233994,TRANSFER_BATCH,0,1,,source=8022;dest=8038;keys=1;bytes=64
1779647233995,PUT,279,4,benchKey_0_12,bytes=29;client_id=0;clients=50
1779647233996,DATA_SKEW_AFTER,0,0,,node=8032;keys_count=12;active_nodes=29
1779647234000,PUT,283,4,benchKey_12_12,bytes=30;client_id=12;clients=50
1779647234005,PUT,285,0,benchKey_48_12,bytes=30;client_id=48;clients=50
1779647234009,PUT,285,4,benchKey_28_12,bytes=30;client_id=28;clients=50
1779647234011,DATA_SKEW_AFTER,0,0,,node=8006;keys_count=9;active_nodes=31
1779647234017,DATA_SKEW_AFTER,0,0,,node=8031;keys_count=9;active_nodes=28
1779647234017,DATA_SKEW_AFTER,0,0,,node=8027;keys_count=10;active_nodes=30
1779647234018,PUT,287,4,benchKey_6_12,bytes=29;client_id=6;clients=50
1779647234020,TRANSFER_BATCH,0,1,,source=8035;dest=8001;keys=1;bytes=64
1779647234021,PUT,282,0,benchKey_41_12,bytes=30;client_id=41;clients=50
1779647234029,PUT,283,4,benchKey_29_12,bytes=30;client_id=29;clients=50
1779647234031,PUT,275,4,benchKey_10_12,bytes=30;client_id=10;clients=50
1779647234034,TRANSFER_BATCH,0,1,,source=8009;dest=8039;keys=1;bytes=64
1779647234038,PUT,271,4,benchKey_40_12,bytes=30;client_id=40;clients=50
1779647234040,DATA_SKEW_AFTER,0,0,,node=8008;keys_count=9;active_nodes=29
1779647234043,PUT,274,4,benchKey_37_12,bytes=30;client_id=37;clients=50
1779647234048,PUT,278,4,benchKey_20_12,bytes=30;client_id=20;clients=50
1779647234051,PUT,278,4,benchKey_49_12,bytes=30;client_id=49;clients=50
1779647234054,DATA_SKEW_AFTER,0,0,,node=8012;keys_count=10;active_nodes=31
1779647234059,DATA_SKEW_AFTER,0,0,,node=8010;keys_count=8;active_nodes=30
1779647234061,PUT,282,4,benchKey_11_12,bytes=30;client_id=11;clients=50
1779647234061,DATA_SKEW_AFTER,0,0,,node=8024;keys_count=13;active_nodes=28
1779647234063,TRANSFER_BATCH,0,1,,source=8035;dest=8039;keys=1;bytes=64
1779647234063,PUT,278,0,benchKey_44_12,bytes=30;client_id=44;clients=50
1779647234073,TRANSFER_BATCH,0,1,,source=8009;dest=8002;keys=1;bytes=64
1779647234075,PUT,276,4,benchKey_1_12,bytes=29;client_id=1;clients=50
1779647234075,TRANSFER_BATCH,0,1,,source=8023;dest=8011;keys=1;bytes=64
1779647234076,PUT,282,0,benchKey_47_12,bytes=30;client_id=47;clients=50
1779647234077,TRANSFER_BATCH,0,1,,source=8009;dest=8021;keys=1;bytes=64
1779647234081,PUT,270,4,benchKey_17_12,bytes=30;client_id=17;clients=50
1779647234083,DATA_SKEW_AFTER,0,0,,node=8039;keys_count=9;active_nodes=29
1779647234085,TRANSFER_BATCH,0,1,,source=8022;dest=8004;keys=1;bytes=64
1779647234087,PUT,273,4,benchKey_31_12,bytes=30;client_id=31;clients=50
1779647234092,PUT,273,4,benchKey_21_12,bytes=30;client_id=21;clients=50
1779647234094,PUT,271,4,benchKey_32_12,bytes=30;client_id=32;clients=50
1779647234097,DATA_SKEW_AFTER,0,0,,node=8016;keys_count=15;active_nodes=31
1779647234101,DATA_SKEW_AFTER,0,0,,node=8025;keys_count=13;active_nodes=30
1779647234105,DATA_SKEW_AFTER,0,0,,node=8028;keys_count=9;active_nodes=28
1779647234106,PUT,276,4,benchKey_8_12,bytes=29;client_id=8;clients=50
1779647234106,PUT,272,0,benchKey_16_12,bytes=30;client_id=16;clients=50
1779647234107,TRANSFER_BATCH,0,1,,source=8003;dest=8021;keys=1;bytes=64
1779647234120,PUT,275,4,benchKey_22_12,bytes=30;client_id=22;clients=50
1779647234121,PUT,283,4,benchKey_25_12,bytes=30;client_id=25;clients=50
1779647234124,PUT,267,4,benchKey_38_12,bytes=30;client_id=38;clients=50
1779647234126,DATA_SKEW_AFTER,0,0,,node=8031;keys_count=9;active_nodes=29
1779647234133,PUT,274,4,benchKey_43_12,bytes=30;client_id=43;clients=50
1779647234136,PUT,273,4,benchKey_39_12,bytes=30;client_id=39;clients=50
1779647234138,PUT,270,4,benchKey_42_12,bytes=30;client_id=42;clients=50
1779647234139,DATA_SKEW_AFTER,0,0,,node=8037;keys_count=8;active_nodes=31
1779647234145,DATA_SKEW_AFTER,0,0,,node=8032;keys_count=13;active_nodes=30
1779647234148,PUT,273,4,benchKey_5_12,bytes=29;client_id=5;clients=50
1779647234149,DATA_SKEW_AFTER,0,0,,node=8026;keys_count=12;active_nodes=28
1779647234151,TRANSFER_BATCH,0,1,,source=8002;dest=8023;keys=1;bytes=64
1779647234152,PUT,271,4,benchKey_9_12,bytes=29;client_id=9;clients=50
1779647234164,PUT,274,4,benchKey_23_12,bytes=30;client_id=23;clients=50
1779647234165,PUT,279,0,benchKey_27_12,bytes=30;client_id=27;clients=50
1779647234165,TRANSFER_BATCH,0,1,,source=8022;dest=8034;keys=1;bytes=64
1779647234166,PUT,265,4,benchKey_46_12,bytes=30;client_id=46;clients=50
1779647234168,DATA_SKEW_AFTER,0,0,,node=8024;keys_count=14;active_nodes=29
1779647234176,TRANSFER_BATCH,0,1,,source=8022;dest=8027;keys=1;bytes=64
1779647234177,PUT,275,4,benchKey_36_12,bytes=30;client_id=36;clients=50
1779647234178,PUT,272,4,benchKey_7_12,bytes=29;client_id=7;clients=50
1779647234183,DATA_SKEW_AFTER,0,0,,node=8034;keys_count=18;active_nodes=31
1779647234184,PUT,271,4,benchKey_13_12,bytes=30;client_id=13;clients=50
1779647234186,DATA_SKEW_AFTER,0,0,,node=8008;keys_count=10;active_nodes=30
1779647234190,PUT,271,4,benchKey_45_13,bytes=30;client_id=45;clients=50
1779647234192,DATA_SKEW_AFTER,0,0,,node=8017;keys_count=14;active_nodes=28
1779647234193,TRANSFER_BATCH,0,1,,source=8002;dest=8025;keys=1;bytes=64
1779647234196,PUT,270,4,benchKey_24_13,bytes=30;client_id=24;clients=50
1779647234207,TRANSFER_BATCH,0,1,,source=8022;dest=8001;keys=1;bytes=64
1779647234208,PUT,272,4,benchKey_2_13,bytes=29;client_id=2;clients=50
1779647234208,PUT,276,4,benchKey_14_12,bytes=30;client_id=14;clients=50
1779647234208,PUT,263,4,benchKey_30_13,bytes=30;client_id=30;clients=50
1779647234210,DATA_SKEW_AFTER,0,0,,node=8028;keys_count=10;active_nodes=29
1779647234219,PUT,272,4,benchKey_19_12,bytes=30;client_id=19;clients=50
1779647234222,PUT,270,4,benchKey_26_13,bytes=30;client_id=26;clients=50
1779647234225,DATA_SKEW_AFTER,0,0,,node=8021;keys_count=14;active_nodes=31
1779647234229,DATA_SKEW_AFTER,0,0,,node=8039;keys_count=9;active_nodes=30
1779647234230,PUT,273,4,benchKey_3_13,bytes=29;client_id=3;clients=50
1779647234233,PUT,269,4,benchKey_18_13,bytes=30;client_id=18;clients=50
1779647234234,DATA_SKEW_AFTER,0,0,,node=8011;keys_count=9;active_nodes=28
1779647234240,PUT,272,0,benchKey_34_13,bytes=30;client_id=34;clients=50
1779647234251,TRANSFER_BATCH,0,1,,source=8022;dest=8026;keys=1;bytes=64
1779647234251,PUT,264,0,benchKey_4_13,bytes=29;client_id=4;clients=50
1779647234252,PUT,277,4,benchKey_35_13,bytes=30;client_id=35;clients=50
1779647234252,PUT,273,4,benchKey_15_13,bytes=30;client_id=15;clients=50
1779647234254,DATA_SKEW_AFTER,0,0,,node=8026;keys_count=12;active_nodes=29
1779647234262,PUT,272,4,benchKey_33_13,bytes=30;client_id=33;clients=50
1779647234267,PUT,272,4,benchKey_0_13,bytes=29;client_id=0;clients=50
1779647234270,PUT,269,4,benchKey_12_13,bytes=30;client_id=12;clients=50
1779647234271,TRANSFER_BATCH,0,1,,source=8022;dest=8025;keys=1;bytes=64
1779647234272,DATA_SKEW_AFTER,0,0,,node=8027;keys_count=12;active_nodes=31
1779647234272,DATA_SKEW_AFTER,0,0,,node=8031;keys_count=11;active_nodes=30
1779647234280,DATA_SKEW_AFTER,0,0,,node=8004;keys_count=6;active_nodes=28
1779647234280,PUT,274,4,benchKey_48_13,bytes=30;client_id=48;clients=50
1779647234284,PUT,274,4,benchKey_28_13,bytes=30;client_id=28;clients=50
1779647234288,TRANSFER_BATCH,0,1,,source=8033;dest=8001;keys=1;bytes=64
1779647234293,TRANSFER_BATCH,0,1,,source=8022;dest=8010;keys=1;bytes=64
1779647234296,DATA_SKEW_AFTER,0,0,,node=8017;keys_count=15;active_nodes=29
1779647234296,PUT,274,4,benchKey_41_13,bytes=30;client_id=41;clients=50
1779647234298,PUT,279,4,benchKey_6_13,bytes=29;client_id=6;clients=50
1779647234299,PUT,269,4,benchKey_29_13,bytes=30;client_id=29;clients=50
1779647234308,PUT,277,4,benchKey_10_13,bytes=30;client_id=10;clients=50
1779647234309,PUT,270,4,benchKey_40_13,bytes=30;client_id=40;clients=50
1779647234314,DATA_SKEW_AFTER,0,0,,node=8024;keys_count=14;active_nodes=30
1779647234314,PUT,271,0,benchKey_37_13,bytes=30;client_id=37;clients=50
1779647234316,DATA_SKEW_AFTER,0,0,,node=8010;keys_count=9;active_nodes=31
1779647234318,TRANSFER_BATCH,0,1,,source=8022;dest=8008;keys=1;bytes=64
1779647234322,DATA_SKEW_AFTER,0,0,,node=8040;keys_count=10;active_nodes=28
1779647234323,PUT,275,4,benchKey_20_13,bytes=30;client_id=20;clients=50
1779647234327,PUT,275,4,benchKey_49_13,bytes=30;client_id=49;clients=50
1779647234332,TRANSFER_BATCH,0,1,,source=8033;dest=8039;keys=1;bytes=64
1779647234335,TRANSFER_BATCH,0,1,,source=8022;dest=8025;keys=1;bytes=64
1779647234338,DATA_SKEW_AFTER,0,0,,node=8011;keys_count=9;active_nodes=29
1779647234338,PUT,276,4,benchKey_11_13,bytes=30;client_id=11;clients=50
1779647234341,PUT,277,4,benchKey_44_13,bytes=30;client_id=44;clients=50
1779647234341,PUT,266,0,benchKey_1_13,bytes=29;client_id=1;clients=50
1779647234352,PUT,270,0,benchKey_17_13,bytes=30;client_id=17;clients=50
1779647234352,PUT,276,0,benchKey_47_13,bytes=30;client_id=47;clients=50
1779647234356,DATA_SKEW_AFTER,0,0,,node=8028;keys_count=11;active_nodes=30
1779647234360,DATA_SKEW_AFTER,0,0,,node=8025;keys_count=15;active_nodes=31
1779647234360,TRANSFER_BATCH,0,1,,source=8020;dest=8002;keys=1;bytes=64
1779647234361,PUT,274,0,benchKey_31_13,bytes=30;client_id=31;clients=50
1779647234364,DATA_SKEW_AFTER,0,0,,node=8023;keys_count=10;active_nodes=28
1779647234365,PUT,272,4,benchKey_21_13,bytes=30;client_id=21;clients=50
1779647234373,PUT,278,4,benchKey_32_13,bytes=30;client_id=32;clients=50
1779647234383,TRANSFER_BATCH,0,1,,source=8022;dest=8009;keys=1;bytes=64
1779647234388,PUT,282,4,benchKey_8_13,bytes=29;client_id=8;clients=50
1779647234389,DATA_SKEW_AFTER,0,0,,node=8004;keys_count=8;active_nodes=29
1779647234391,PUT,270,4,benchKey_22_13,bytes=30;client_id=22;clients=50
1779647234396,PUT,272,0,benchKey_38_13,bytes=30;client_id=38;clients=50
1779647234395,PUT,274,4,benchKey_25_13,bytes=30;client_id=25;clients=50
1779647234392,PUT,284,4,benchKey_16_13,bytes=30;client_id=16;clients=50
1779647234399,DATA_SKEW_AFTER,0,0,,node=8026;keys_count=13;active_nodes=30
1779647234404,DATA_SKEW_AFTER,0,0,,node=8032;keys_count=14;active_nodes=31
1779647234410,TRANSFER_BATCH,0,1,,source=8020;dest=8025;keys=1;bytes=64
1779647234412,DATA_SKEW_AFTER,0,0,,node=8013;keys_count=10;active_nodes=28
1779647234412,PUT,274,4,benchKey_39_13,bytes=30;client_id=39;clients=50
1779647234413,PUT,279,4,benchKey_43_13,bytes=30;client_id=43;clients=50
1779647234432,TRANSFER_BATCH,0,1,,source=8020;dest=8023;keys=1;bytes=64
1779647234433,PUT,295,0,benchKey_42_13,bytes=30;client_id=42;clients=50
1779647234436,PUT,251,4,benchKey_13_13,bytes=30;client_id=13;clients=50
1779647234442,DATA_SKEW_AFTER,0,0,,node=8040;keys_count=10;active_nodes=29
1779647234443,PUT,278,0,benchKey_23_13,bytes=30;client_id=23;clients=50
1779647234446,PUT,297,4,benchKey_5_13,bytes=29;client_id=5;clients=50
1779647234447,PUT,294,4,benchKey_9_13,bytes=29;client_id=9;clients=50
1779647234450,DATA_SKEW_AFTER,0,0,,node=8017;keys_count=16;active_nodes=30
1779647234455,PUT,289,4,benchKey_46_13,bytes=30;client_id=46;clients=50
1779647234458,PUT,293,4,benchKey_27_13,bytes=30;client_id=27;clients=50
1779647234459,DATA_SKEW_AFTER,0,0,,node=8003;keys_count=10;active_nodes=28
1779647234459,PUT,281,4,benchKey_36_13,bytes=30;client_id=36;clients=50
1779647234462,DATA_SKEW_AFTER,0,0,,node=8008;keys_count=11;active_nodes=31
1779647234468,PUT,289,0,benchKey_7_13,bytes=29;client_id=7;clients=50
1779647234481,TRANSFER_BATCH,0,1,,source=8001;dest=8028;keys=1;bytes=64
1779647234482,TRANSFER_BATCH,0,1,,source=8020;dest=8039;keys=1;bytes=64
1779647234485,DATA_SKEW_AFTER,0,0,,node=8023;keys_count=11;active_nodes=29
1779647234486,PUT,295,4,benchKey_45_14,bytes=30;client_id=45;clients=50
1779647234491,PUT,282,0,benchKey_2_14,bytes=29;client_id=2;clients=50
1779647234491,PUT,295,0,benchKey_24_14,bytes=30;client_id=24;clients=50
1779647234494,PUT,286,4,benchKey_14_13,bytes=30;client_id=14;clients=50
1779647234496,DATA_SKEW_AFTER,0,0,,node=8011;keys_count=10;active_nodes=30
1779647234498,PUT,289,4,benchKey_30_14,bytes=30;client_id=30;clients=50
1779647234500,DATA_SKEW_AFTER,0,0,,node=8020;keys_count=10;active_nodes=28
1779647234504,DATA_SKEW_AFTER,0,0,,node=8007;keys_count=11;active_nodes=33
1779647234506,PUT,283,4,benchKey_26_14,bytes=30;client_id=26;clients=50
1779647234507,DATA_SKEW_AFTER,0,0,,node=8039;keys_count=10;active_nodes=31
1779647234509,DATA_SKEW_AFTER,0,0,,node=8031;keys_count=12;active_nodes=31
1779647234509,PUT,290,4,benchKey_19_13,bytes=30;client_id=19;clients=50
1779647234515,PUT,284,4,benchKey_3_14,bytes=29;client_id=3;clients=50
1779647234533,DATA_SKEW_AFTER,0,0,,node=8013;keys_count=11;active_nodes=29
1779647234534,PUT,300,4,benchKey_18_14,bytes=30;client_id=18;clients=50
1779647234536,PUT,295,4,benchKey_34_14,bytes=30;client_id=34;clients=50
1779647234537,PUT,256,4,benchKey_48_14,bytes=30;client_id=48;clients=50
1779647234538,PUT,285,4,benchKey_35_14,bytes=30;client_id=35;clients=50
1779647234539,PUT,286,4,benchKey_15_14,bytes=30;client_id=15;clients=50
1779647234540,DATA_SKEW_AFTER,0,0,,node=8004;keys_count=8;active_nodes=30
1779647234544,DATA_SKEW_AFTER,0,0,,node=8018;keys_count=9;active_nodes=28
1779647234545,DATA_SKEW_AFTER,0,0,,node=8006;keys_count=12;active_nodes=33
1779647234546,PUT,294,4,benchKey_4_14,bytes=29;client_id=4;clients=50
1779647234548,TRANSFER_BATCH,0,1,,source=8026;dest=8008;keys=1;bytes=64
1779647234550,PUT,286,4,benchKey_33_14,bytes=30;client_id=33;clients=50
1779647234552,DATA_SKEW_AFTER,0,0,,node=8024;keys_count=15;active_nodes=31
1779647234552,PUT,284,4,benchKey_0_14,bytes=29;client_id=0;clients=50
1779647234564,DATA_SKEW_AFTER,0,0,,node=8007;keys_count=11;active_nodes=32
1779647234565,PUT,295,4,benchKey_12_14,bytes=30;client_id=12;clients=50
1779647234573,TRANSFER_BATCH,0,1,,source=8001;dest=8026;keys=1;bytes=64
1779647234579,PUT,294,4,benchKey_28_14,bytes=30;client_id=28;clients=50
1779647234579,DATA_SKEW_AFTER,0,0,,node=8003;keys_count=11;active_nodes=29
1779647234582,TRANSFER_BATCH,0,1,,source=8026;dest=8007;keys=1;bytes=64
1779647234583,PUT,287,4,benchKey_41_14,bytes=30;client_id=41;clients=50
1779647234584,PUT,285,4,benchKey_29_14,bytes=30;client_id=29;clients=50
1779647234585,PUT,286,4,benchKey_6_14,bytes=29;client_id=6;clients=50
1779647234586,DATA_SKEW_AFTER,0,0,,node=8033;keys_count=7;active_nodes=28
1779647234587,DATA_SKEW_AFTER,0,0,,node=8040;keys_count=10;active_nodes=30
1779647234588,DATA_SKEW_AFTER,0,0,,node=8012;keys_count=14;active_nodes=33
1779647234592,PUT,283,4,benchKey_10_14,bytes=30;client_id=10;clients=50
1779647234595,PUT,280,0,benchKey_37_14,bytes=30;client_id=37;clients=50
1779647234595,DATA_SKEW_AFTER,0,0,,node=8028;keys_count=12;active_nodes=31
1779647234597,PUT,288,4,benchKey_40_14,bytes=30;client_id=40;clients=50
1779647234606,DATA_SKEW_AFTER,0,0,,node=8006;keys_count=12;active_nodes=32
1779647234607,PUT,283,4,benchKey_20_14,bytes=30;client_id=20;clients=50
1779647234621,DATA_SKEW_AFTER,0,0,,node=8020;keys_count=11;active_nodes=29
1779647234625,PUT,297,4,benchKey_49_14,bytes=30;client_id=49;clients=50
1779647234625,PUT,287,4,benchKey_11_14,bytes=30;client_id=11;clients=50
1779647234626,PUT,285,4,benchKey_44_14,bytes=30;client_id=44;clients=50
1779647234627,PUT,285,4,benchKey_1_14,bytes=29;client_id=1;clients=50
1779647234628,DATA_SKEW_AFTER,0,0,,node=8014;keys_count=15;active_nodes=28
1779647234629,REBALANCE,5267,0,,keys_moved=4;active_nodes=28
1779647234629,DATA_SKEW_AFTER,0,0,,node=8023;keys_count=13;active_nodes=30
1779647234631,DATA_SKEW_AFTER,0,0,,node=8016;keys_count=18;active_nodes=33
1779647234635,PUT,282,4,benchKey_17_14,bytes=30;client_id=17;clients=50
1779647234637,PUT,284,4,benchKey_47_14,bytes=30;client_id=47;clients=50
1779647234638,DATA_SKEW_AFTER,0,0,,node=8026;keys_count=14;active_nodes=31
1779647234640,PUT,278,4,benchKey_31_14,bytes=30;client_id=31;clients=50
1779647234646,TRANSFER_BATCH,0,1,,source=8024;dest=8032;keys=1;bytes=64
1779647234650,DATA_SKEW_AFTER,0,0,,node=8012;keys_count=15;active_nodes=32
1779647234651,PUT,285,0,benchKey_21_14,bytes=30;client_id=21;clients=50
1779647234657,TRANSFER_BATCH,0,1,,source=8001;dest=8024;keys=1;bytes=64
1779647234664,DATA_SKEW_AFTER,0,0,,node=8018;keys_count=9;active_nodes=29
1779647234666,DATA_SKEW_AFTER,0,0,,node=8007;keys_count=13;active_nodes=34
1779647234667,PUT,294,0,benchKey_32_14,bytes=30;client_id=32;clients=50
1779647234667,TRANSFER_BATCH,0,1,,source=8024;dest=8022;keys=1;bytes=64
1779647234668,PUT,279,4,benchKey_8_14,bytes=29;client_id=8;clients=50
1779647234668,PUT,271,4,benchKey_22_14,bytes=30;client_id=22;clients=50
1779647234670,PUT,273,4,benchKey_38_14,bytes=30;client_id=38;clients=50
1779647234671,PUT,274,4,benchKey_16_14,bytes=30;client_id=16;clients=50
1779647234671,DATA_SKEW_AFTER,0,0,,node=8013;keys_count=12;active_nodes=30
1779647234673,DATA_SKEW_AFTER,0,0,,node=8037;keys_count=10;active_nodes=33
1779647234677,PUT,280,4,benchKey_25_14,bytes=30;client_id=25;clients=50
1779647234679,PUT,266,4,benchKey_39_14,bytes=30;client_id=39;clients=50
1779647234681,DATA_SKEW_AFTER,0,0,,node=8017;keys_count=17;active_nodes=31
1779647234682,PUT,264,0,benchKey_43_14,bytes=30;client_id=43;clients=50
1779647234688,TRANSFER_BATCH,0,1,,source=8024;dest=8008;keys=1;bytes=64
1779647234692,DATA_SKEW_AFTER,0,0,,node=8016;keys_count=18;active_nodes=32
1779647234693,PUT,259,4,benchKey_42_14,bytes=30;client_id=42;clients=50
1779647234699,TRANSFER_BATCH,0,1,,source=8038;dest=8027;keys=1;bytes=64
1779647234706,DATA_SKEW_AFTER,0,0,,node=8033;keys_count=7;active_nodes=29
1779647234708,DATA_SKEW_AFTER,0,0,,node=8006;keys_count=12;active_nodes=34
1779647234709,PUT,272,0,benchKey_13_14,bytes=30;client_id=13;clients=50
1779647234709,PUT,266,4,benchKey_23_14,bytes=30;client_id=23;clients=50
1779647234710,PUT,263,4,benchKey_5_14,bytes=29;client_id=5;clients=50
1779647234711,TRANSFER_BATCH,0,1,,source=8024;dest=8005;keys=1;bytes=64
1779647234712,PUT,256,4,benchKey_46_14,bytes=30;client_id=46;clients=50
1779647234713,PUT,266,4,benchKey_9_14,bytes=29;client_id=9;clients=50
1779647234713,DATA_SKEW_AFTER,0,0,,node=8003;keys_count=11;active_nodes=30
1779647234715,DATA_SKEW_AFTER,0,0,,node=8034;keys_count=19;active_nodes=33
1779647234719,PUT,261,4,benchKey_27_14,bytes=30;client_id=27;clients=50
1779647234721,PUT,262,4,benchKey_36_14,bytes=30;client_id=36;clients=50
1779647234723,DATA_SKEW_AFTER,0,0,,node=8011;keys_count=11;active_nodes=31
1779647234724,PUT,255,4,benchKey_7_14,bytes=29;client_id=7;clients=50
1779647234730,TRANSFER_BATCH,0,1,,source=8029;dest=8003;keys=1;bytes=64
1779647234734,DATA_SKEW_AFTER,0,0,,node=8037;keys_count=10;active_nodes=32
1779647234735,PUT,248,4,benchKey_45_15,bytes=30;client_id=45;clients=50
1779647234742,TRANSFER_BATCH,0,1,,source=8005;dest=8019;keys=1;bytes=64
1779647234749,DATA_SKEW_AFTER,0,0,,node=8014;keys_count=16;active_nodes=29
1779647234751,DATA_SKEW_AFTER,0,0,,node=8012;keys_count=15;active_nodes=34
1779647234752,PUT,261,4,benchKey_24_15,bytes=30;client_id=24;clients=50
1779647234752,PUT,261,4,benchKey_2_15,bytes=29;client_id=2;clients=50
1779647234753,PUT,258,4,benchKey_14_14,bytes=30;client_id=14;clients=50
1779647234754,PUT,255,4,benchKey_30_15,bytes=30;client_id=30;clients=50
1779647234756,PUT,249,4,benchKey_26_15,bytes=30;client_id=26;clients=50
1779647234757,DATA_SKEW_AFTER,0,0,,node=8020;keys_count=11;active_nodes=30
1779647234758,DATA_SKEW_AFTER,0,0,,node=8021;keys_count=16;active_nodes=33
1779647234761,PUT,251,4,benchKey_19_14,bytes=30;client_id=19;clients=50
1779647234763,PUT,248,4,benchKey_3_15,bytes=29;client_id=3;clients=50
1779647234764,DATA_SKEW_AFTER,0,0,,node=8004;keys_count=9;active_nodes=31
1779647234768,PUT,233,4,benchKey_18_15,bytes=30;client_id=18;clients=50
1779647234775,TRANSFER_BATCH,0,1,,source=8029;dest=8033;keys=1;bytes=64
1779647234776,DATA_SKEW_AFTER,0,0,,node=8034;keys_count=19;active_nodes=32
1779647234778,PUT,242,4,benchKey_34_15,bytes=30;client_id=34;clients=50
1779647234784,TRANSFER_BATCH,0,1,,source=8005;dest=8021;keys=1;bytes=64
1779647234791,DATA_SKEW_AFTER,0,0,,node=8029;keys_count=14;active_nodes=29
1779647234791,REBALANCE,5374,0,,keys_moved=6;active_nodes=29
1779647234793,DATA_SKEW_AFTER,0,0,,node=8016;keys_count=18;active_nodes=34
1779647234794,PUT,257,4,benchKey_48_15,bytes=30;client_id=48;clients=50
1779647234795,PUT,257,4,benchKey_35_15,bytes=30;client_id=35;clients=50
1779647234795,PUT,256,4,benchKey_15_15,bytes=30;client_id=15;clients=50
1779647234798,PUT,251,4,benchKey_4_15,bytes=29;client_id=4;clients=50
1779647234798,PUT,248,0,benchKey_33_15,bytes=30;client_id=33;clients=50
1779647234799,DATA_SKEW_AFTER,0,0,,node=8027;keys_count=15;active_nodes=33
1779647234799,DATA_SKEW_AFTER,0,0,,node=8018;keys_count=12;active_nodes=30
1779647234803,PUT,250,4,benchKey_0_15,bytes=29;client_id=0;clients=50
1779647234805,PUT,239,4,benchKey_12_15,bytes=30;client_id=12;clients=50
1779647234806,DATA_SKEW_AFTER,0,0,,node=8040;keys_count=11;active_nodes=31
1779647234812,PUT,233,4,benchKey_28_15,bytes=30;client_id=28;clients=50
1779647234817,TRANSFER_BATCH,0,1,,source=8030;dest=8021;keys=1;bytes=64
1779647234817,TRANSFER_BATCH,0,1,,source=8035;dest=8022;keys=1;bytes=64
1779647234818,DATA_SKEW_AFTER,0,0,,node=8021;keys_count=17;active_nodes=32
1779647234820,PUT,236,4,benchKey_41_15,bytes=30;client_id=41;clients=50
1779647234826,TRANSFER_BATCH,0,1,,source=8005;dest=8024;keys=1;bytes=64
1779647234834,PUT,250,4,benchKey_29_15,bytes=30;client_id=29;clients=50
1779647234836,DATA_SKEW_AFTER,0,0,,node=8037;keys_count=10;active_nodes=34
1779647234836,PUT,251,4,benchKey_6_15,bytes=29;client_id=6;clients=50
1779647234837,PUT,242,4,benchKey_37_15,bytes=30;client_id=37;clients=50
1779647234838,PUT,245,4,benchKey_10_15,bytes=30;client_id=10;clients=50
1779647234840,PUT,232,4,benchKey_20_15,bytes=30;client_id=20;clients=50
1779647234840,PUT,243,4,benchKey_40_15,bytes=30;client_id=40;clients=50
1779647234841,DATA_SKEW_AFTER,0,0,,node=8033;keys_count=8;active_nodes=30
1779647234841,DATA_SKEW_AFTER,0,0,,node=8010;keys_count=12;active_nodes=33
1779647234847,PUT,220,4,benchKey_49_15,bytes=30;client_id=49;clients=50
1779647234848,DATA_SKEW_AFTER,0,0,,node=8023;keys_count=13;active_nodes=31
1779647234852,PUT,226,0,benchKey_11_15,bytes=30;client_id=11;clients=50
1779647234856,PUT,229,4,benchKey_44_15,bytes=30;client_id=44;clients=50
1779647234861,TRANSFER_BATCH,0,1,,source=8035;dest=8011;keys=1;bytes=64
1779647234863,PUT,235,4,benchKey_1_15,bytes=29;client_id=1;clients=50
1779647234861,DATA_SKEW_AFTER,0,0,,node=8027;keys_count=15;active_nodes=32
1779647234869,TRANSFER_BATCH,0,1,,source=8011;dest=8016;keys=1;bytes=64
1779647234877,PUT,242,4,benchKey_17_15,bytes=30;client_id=17;clients=50
1779647234879,DATA_SKEW_AFTER,0,0,,node=8034;keys_count=20;active_nodes=34
1779647234879,PUT,241,4,benchKey_47_15,bytes=30;client_id=47;clients=50
1779647234880,PUT,229,4,benchKey_21_15,bytes=30;client_id=21;clients=50
1779647234881,PUT,240,4,benchKey_31_15,bytes=30;client_id=31;clients=50
1779647234883,PUT,215,4,benchKey_8_15,bytes=29;client_id=8;clients=50
1779647234883,DATA_SKEW_AFTER,0,0,,node=8014;keys_count=16;active_nodes=30
1779647234883,PUT,216,4,benchKey_32_15,bytes=30;client_id=32;clients=50
1779647234885,DATA_SKEW_AFTER,0,0,,node=8025;keys_count=16;active_nodes=33
1779647234890,DATA_SKEW_AFTER,0,0,,node=8013;keys_count=15;active_nodes=31
1779647234891,PUT,223,0,benchKey_22_15,bytes=30;client_id=22;clients=50
1779647234896,PUT,226,4,benchKey_38_15,bytes=30;client_id=38;clients=50
1779647234898,PUT,226,4,benchKey_16_15,bytes=30;client_id=16;clients=50
1779647234903,TRANSFER_BATCH,0,1,,source=8003;dest=8011;keys=1;bytes=64
1779647234905,TRANSFER_BATCH,0,1,,source=8030;dest=8005;keys=1;bytes=64
1779647234905,DATA_SKEW_AFTER,0,0,,node=8010;keys_count=12;active_nodes=32
1779647234906,PUT,228,4,benchKey_25_15,bytes=30;client_id=25;clients=50
1779647234919,PUT,240,4,benchKey_39_15,bytes=30;client_id=39;clients=50
1779647234921,PUT,238,4,benchKey_43_15,bytes=30;client_id=43;clients=50
1779647234921,DATA_SKEW_AFTER,0,0,,node=8021;keys_count=18;active_nodes=34
1779647234922,PUT,228,4,benchKey_42_15,bytes=30;client_id=42;clients=50
1779647234924,PUT,214,4,benchKey_13_15,bytes=30;client_id=13;clients=50
1779647234925,PUT,214,4,benchKey_5_15,bytes=29;client_id=5;clients=50
1779647234925,DATA_SKEW_AFTER,0,0,,node=8029;keys_count=15;active_nodes=30
1779647234926,DATA_SKEW_AFTER,0,0,,node=8032;keys_count=17;active_nodes=33
1779647234926,PUT,217,4,benchKey_23_15,bytes=30;client_id=23;clients=50
1779647234933,PUT,220,4,benchKey_46_15,bytes=30;client_id=46;clients=50
1779647234935,DATA_SKEW_AFTER,0,0,,node=8003;keys_count=12;active_nodes=31
1779647234938,PUT,225,4,benchKey_9_15,bytes=29;client_id=9;clients=50
1779647234941,PUT,221,4,benchKey_27_15,bytes=30;client_id=27;clients=50
1779647234946,TRANSFER_BATCH,0,1,,source=8002;dest=8029;keys=1;bytes=64
1779647234947,DATA_SKEW_AFTER,0,0,,node=8025;keys_count=16;active_nodes=32
1779647234949,PUT,227,4,benchKey_36_15,bytes=30;client_id=36;clients=50
1779647234955,TRANSFER_BATCH,0,1,,source=8009;dest=8019;keys=1;bytes=64
1779647234961,PUT,237,4,benchKey_7_15,bytes=29;client_id=7;clients=50
1779647234963,DATA_SKEW_AFTER,0,0,,node=8027;keys_count=16;active_nodes=34
1779647234963,PUT,211,4,benchKey_24_16,bytes=30;client_id=24;clients=50
1779647234964,PUT,228,4,benchKey_45_16,bytes=30;client_id=45;clients=50
1779647234966,PUT,213,4,benchKey_2_16,bytes=29;client_id=2;clients=50
1779647234967,PUT,213,0,benchKey_14_15,bytes=30;client_id=14;clients=50
1779647234968,DATA_SKEW_AFTER,0,0,,node=8019;keys_count=11;active_nodes=30
1779647234968,PUT,213,4,benchKey_30_16,bytes=30;client_id=30;clients=50
1779647234968,REBALANCE,5494,0,,keys_moved=7;active_nodes=30
1779647234971,DATA_SKEW_AFTER,0,0,,node=8008;keys_count=14;active_nodes=33
1779647234976,DATA_SKEW_AFTER,0,0,,node=8020;keys_count=13;active_nodes=31
1779647234977,PUT,221,4,benchKey_26_16,bytes=30;client_id=26;clients=50
1779647234981,PUT,219,4,benchKey_19_15,bytes=30;client_id=19;clients=50
1779647234984,PUT,221,4,benchKey_3_16,bytes=29;client_id=3;clients=50
1779647234987,TRANSFER_BATCH,0,1,,source=8002;dest=8040;keys=1;bytes=64
1779647234990,DATA_SKEW_AFTER,0,0,,node=8032;keys_count=17;active_nodes=32
1779647234991,PUT,223,4,benchKey_18_16,bytes=30;client_id=18;clients=50
1779647234992,TRANSFER_BATCH,0,1,,source=8030;dest=8036;keys=1;bytes=64
1779647234997,TRANSFER_BATCH,0,1,,source=8009;dest=8018;keys=1;bytes=64
1779647235004,PUT,225,4,benchKey_34_16,bytes=30;client_id=34;clients=50
1779647235005,DATA_SKEW_AFTER,0,0,,node=8010;keys_count=13;active_nodes=34
1779647235005,PUT,210,0,benchKey_48_16,bytes=30;client_id=48;clients=50
1779647235006,PUT,210,4,benchKey_35_16,bytes=30;client_id=35;clients=50
1779647235009,PUT,213,4,benchKey_15_16,bytes=30;client_id=15;clients=50
1779647235010,PUT,211,4,benchKey_33_16,bytes=30;client_id=33;clients=50
1779647235010,PUT,212,4,benchKey_4_16,bytes=29;client_id=4;clients=50
1779647235011,PUT,208,4,benchKey_0_16,bytes=29;client_id=0;clients=50
1779647235013,DATA_SKEW_AFTER,0,0,,node=8039;keys_count=12;active_nodes=33
1779647235019,DATA_SKEW_AFTER,0,0,,node=8018;keys_count=12;active_nodes=31
1779647235019,PUT,213,0,benchKey_12_16,bytes=30;client_id=12;clients=50
1779647235023,PUT,211,4,benchKey_28_16,bytes=30;client_id=28;clients=50
1779647235027,PUT,207,4,benchKey_41_16,bytes=30;client_id=41;clients=50
1779647235029,TRANSFER_BATCH,0,1,,source=8033;dest=8039;keys=1;bytes=64
1779647235033,TRANSFER_BATCH,0,1,,source=8029;dest=8020;keys=1;bytes=64
1779647235034,PUT,199,4,benchKey_29_16,bytes=30;client_id=29;clients=50
1779647235034,DATA_SKEW_AFTER,0,0,,node=8008;keys_count=14;active_nodes=32
1779647235040,TRANSFER_BATCH,0,1,,source=8009;dest=8023;keys=1;bytes=64
1779647235046,PUT,209,4,benchKey_6_16,bytes=29;client_id=6;clients=50
1779647235047,PUT,209,4,benchKey_37_16,bytes=30;client_id=37;clients=50
1779647235047,DATA_SKEW_AFTER,0,0,,node=8025;keys_count=19;active_nodes=34
1779647235048,PUT,209,4,benchKey_10_16,bytes=30;client_id=10;clients=50
1779647235052,PUT,205,4,benchKey_49_16,bytes=30;client_id=49;clients=50
1779647235052,PUT,211,4,benchKey_20_16,bytes=30;client_id=20;clients=50
1779647235053,PUT,199,4,benchKey_11_16,bytes=30;client_id=11;clients=50
1779647235053,PUT,212,0,benchKey_40_16,bytes=30;client_id=40;clients=50
1779647235055,DATA_SKEW_AFTER,0,0,,node=8031;keys_count=14;active_nodes=33
1779647235061,PUT,205,4,benchKey_44_16,bytes=30;client_id=44;clients=50
1779647235063,DATA_SKEW_AFTER,0,0,,node=8033;keys_count=10;active_nodes=31
1779647235065,PUT,202,4,benchKey_1_16,bytes=29;client_id=1;clients=50
1779647235070,PUT,192,4,benchKey_17_16,bytes=30;client_id=17;clients=50
1779647235071,TRANSFER_BATCH,0,1,,source=8033;dest=8009;keys=1;bytes=64
1779647235076,DATA_SKEW_AFTER,0,0,,node=8039;keys_count=12;active_nodes=32
1779647235076,TRANSFER_BATCH,0,1,,source=8029;dest=8004;keys=1;bytes=64
1779647235078,PUT,198,4,benchKey_47_16,bytes=30;client_id=47;clients=50
1779647235082,TRANSFER_BATCH,0,1,,source=8009;dest=8020;keys=1;bytes=64
1779647235088,PUT,208,4,benchKey_21_16,bytes=30;client_id=21;clients=50
1779647235089,DATA_SKEW_AFTER,0,0,,node=8032;keys_count=18;active_nodes=34
1779647235089,PUT,208,4,benchKey_31_16,bytes=30;client_id=31;clients=50
1779647235091,PUT,207,4,benchKey_8_16,bytes=29;client_id=8;clients=50
1779647235094,PUT,210,4,benchKey_32_16,bytes=30;client_id=32;clients=50
1779647235095,PUT,203,4,benchKey_22_16,bytes=30;client_id=22;clients=50
1779647235096,PUT,197,4,benchKey_16_16,bytes=30;client_id=16;clients=50
1779647235097,DATA_SKEW_AFTER,0,0,,node=8024;keys_count=16;active_nodes=33
1779647235097,PUT,200,4,benchKey_38_16,bytes=30;client_id=38;clients=50
1779647235104,PUT,198,4,benchKey_25_16,bytes=30;client_id=25;clients=50
1779647235105,DATA_SKEW_AFTER,0,0,,node=8014;keys_count=18;active_nodes=31
1779647235107,PUT,187,4,benchKey_39_16,bytes=30;client_id=39;clients=50
1779647235112,PUT,191,4,benchKey_43_16,bytes=30;client_id=43;clients=50
1779647235113,TRANSFER_BATCH,0,1,,source=8001;dest=8028;keys=1;bytes=64
1779647235119,DATA_SKEW_AFTER,0,0,,node=8031;keys_count=14;active_nodes=32
1779647235119,TRANSFER_BATCH,0,1,,source=8035;dest=8029;keys=1;bytes=64
1779647235121,PUT,198,4,benchKey_42_16,bytes=30;client_id=42;clients=50
1779647235131,PUT,207,4,benchKey_13_16,bytes=30;client_id=13;clients=50
1779647235132,DATA_SKEW_AFTER,0,0,,node=8008;keys_count=14;active_nodes=34
1779647235133,PUT,207,4,benchKey_5_16,bytes=29;client_id=5;clients=50
1779647235136,PUT,209,0,benchKey_23_16,bytes=30;client_id=23;clients=50
1779647235138,PUT,204,4,benchKey_46_16,bytes=30;client_id=46;clients=50
1779647235138,PUT,196,4,benchKey_27_16,bytes=30;client_id=27;clients=50
1779647235138,PUT,200,4,benchKey_9_16,bytes=29;client_id=9;clients=50
1779647235139,PUT,190,4,benchKey_36_16,bytes=30;client_id=36;clients=50
1779647235141,DATA_SKEW_AFTER,0,0,,node=8028;keys_count=16;active_nodes=33
1779647235147,DATA_SKEW_AFTER,0,0,,node=8029;keys_count=17;active_nodes=31
1779647235148,PUT,186,0,benchKey_7_16,bytes=29;client_id=7;clients=50
1779647235149,PUT,185,4,benchKey_24_17,bytes=30;client_id=24;clients=50
1779647235154,PUT,190,4,benchKey_45_17,bytes=30;client_id=45;clients=50
1779647235155,TRANSFER_BATCH,0,1,,source=8001;dest=8018;keys=1;bytes=64
1779647235161,DATA_SKEW_AFTER,0,0,,node=8024;keys_count=17;active_nodes=32
1779647235161,TRANSFER_BATCH,0,1,,source=8035;dest=8013;keys=1;bytes=64
1779647235163,PUT,196,4,benchKey_2_17,bytes=29;client_id=2;clients=50
1779647235176,DATA_SKEW_AFTER,0,0,,node=8039;keys_count=13;active_nodes=34
1779647235176,PUT,207,0,benchKey_30_17,bytes=30;client_id=30;clients=50
1779647235176,PUT,209,4,benchKey_14_16,bytes=30;client_id=14;clients=50
1779647235180,PUT,198,4,benchKey_19_16,bytes=30;client_id=19;clients=50
1779647235181,PUT,189,4,benchKey_18_17,bytes=30;client_id=18;clients=50
1779647235181,PUT,196,4,benchKey_3_17,bytes=29;client_id=3;clients=50
1779647235182,PUT,204,4,benchKey_26_17,bytes=30;client_id=26;clients=50
1779647235184,DATA_SKEW_AFTER,0,0,,node=8026;keys_count=17;active_nodes=33
1779647235188,PUT,183,4,benchKey_34_17,bytes=30;client_id=34;clients=50
1779647235190,DATA_SKEW_AFTER,0,0,,node=8019;keys_count=12;active_nodes=31
1779647235191,TRANSFER_BATCH,0,1,,source=8040;dest=8025;keys=1;bytes=64
1779647235191,PUT,185,4,benchKey_48_17,bytes=30;client_id=48;clients=50
1779647235192,PUT,185,4,benchKey_35_17,bytes=30;client_id=35;clients=50
1779647235196,PUT,186,4,benchKey_15_17,bytes=30;client_id=15;clients=50
1779647235198,TRANSFER_BATCH,0,1,,source=8001;dest=8007;keys=1;bytes=64
1779647235203,TRANSFER_BATCH,0,1,,source=8003;dest=8014;keys=1;bytes=64
1779647235203,DATA_SKEW_AFTER,0,0,,node=8028;keys_count=16;active_nodes=32
1779647235205,PUT,194,4,benchKey_33_17,bytes=30;client_id=33;clients=50
1779647235218,PUT,206,0,benchKey_0_17,bytes=29;client_id=0;clients=50
1779647235218,PUT,207,4,benchKey_4_17,bytes=29;client_id=4;clients=50
1779647235218,DATA_SKEW_AFTER,0,0,,node=8031;keys_count=14;active_nodes=34
1779647235221,PUT,202,4,benchKey_12_17,bytes=30;client_id=12;clients=50
1779647235223,PUT,195,4,benchKey_41_17,bytes=30;client_id=41;clients=50
1779647235224,PUT,200,4,benchKey_28_17,bytes=30;client_id=28;clients=50
1779647235225,PUT,191,4,benchKey_29_17,bytes=30;client_id=29;clients=50
1779647235227,DATA_SKEW_AFTER,0,0,,node=8017;keys_count=20;active_nodes=33
1779647235230,PUT,183,4,benchKey_6_17,bytes=29;client_id=6;clients=50
1779647235232,DATA_SKEW_AFTER,0,0,,node=8002;keys_count=11;active_nodes=31
1779647235232,REBALANCE,5704,0,,keys_moved=8;active_nodes=31
1779647235233,PUT,185,4,benchKey_37_17,bytes=30;client_id=37;clients=50
1779647235234,PUT,186,4,benchKey_10_17,bytes=30;client_id=10;clients=50
1779647235239,PUT,187,0,benchKey_49_17,bytes=30;client_id=49;clients=50
1779647235240,TRANSFER_BATCH,0,1,,source=8038;dest=8034;keys=1;bytes=64
1779647235245,TRANSFER_BATCH,0,1,,source=8002;dest=8029;keys=1;bytes=64
1779647235245,DATA_SKEW_AFTER,0,0,,node=8026;keys_count=18;active_nodes=32
1779647235247,PUT,194,4,benchKey_20_17,bytes=30;client_id=20;clients=50
1779647235260,PUT,207,4,benchKey_40_17,bytes=30;client_id=40;clients=50
1779647235261,DATA_SKEW_AFTER,0,0,,node=8024;keys_count=18;active_nodes=34
1779647235261,PUT,207,4,benchKey_11_17,bytes=30;client_id=11;clients=50
1779647235263,PUT,201,4,benchKey_44_17,bytes=30;client_id=44;clients=50
1779647235265,PUT,199,4,benchKey_1_17,bytes=29;client_id=1;clients=50
1779647235265,PUT,194,4,benchKey_17_17,bytes=30;client_id=17;clients=50
1779647235267,PUT,188,4,benchKey_47_17,bytes=30;client_id=47;clients=50
1779647235269,DATA_SKEW_AFTER,0,0,,node=8011;keys_count=18;active_nodes=33
1779647235273,PUT,185,4,benchKey_21_17,bytes=30;client_id=21;clients=50
1779647235275,PUT,185,4,benchKey_31_17,bytes=30;client_id=31;clients=50
1779647235277,PUT,185,0,benchKey_8_17,bytes=29;client_id=8;clients=50
1779647235277,PUT,183,4,benchKey_32_17,bytes=30;client_id=32;clients=50
1779647235282,PUT,187,4,benchKey_22_17,bytes=30;client_id=22;clients=50
1779647235282,TRANSFER_BATCH,0,1,,source=8005;dest=8013;keys=1;bytes=64
1779647235287,TRANSFER_BATCH,0,1,,source=8002;dest=8004;keys=1;bytes=64
1779647235288,DATA_SKEW_AFTER,0,0,,node=8017;keys_count=20;active_nodes=32
1779647235289,PUT,193,4,benchKey_16_17,bytes=30;client_id=16;clients=50
1779647235302,PUT,205,0,benchKey_38_17,bytes=30;client_id=38;clients=50
1779647235304,PUT,199,4,benchKey_25_17,bytes=30;client_id=25;clients=50
1779647235305,DATA_SKEW_AFTER,0,0,,node=8028;keys_count=17;active_nodes=34
1779647235306,PUT,199,4,benchKey_39_17,bytes=30;client_id=39;clients=50
1779647235307,PUT,186,4,benchKey_42_17,bytes=30;client_id=42;clients=50
1779647235308,PUT,195,4,benchKey_43_17,bytes=30;client_id=43;clients=50
1779647235309,PUT,177,0,benchKey_13_17,bytes=30;client_id=13;clients=50
1779647235312,DATA_SKEW_AFTER,0,0,,node=8004;keys_count=13;active_nodes=33
1779647235315,PUT,182,4,benchKey_5_17,bytes=29;client_id=5;clients=50
1779647235318,PUT,182,4,benchKey_23_17,bytes=30;client_id=23;clients=50
1779647235320,PUT,181,0,benchKey_46_17,bytes=30;client_id=46;clients=50
1779647235320,PUT,181,4,benchKey_27_17,bytes=30;client_id=27;clients=50
1779647235324,TRANSFER_BATCH,0,1,,source=8005;dest=8035;keys=1;bytes=64
1779647235325,PUT,186,4,benchKey_9_17,bytes=29;client_id=9;clients=50
1779647235330,TRANSFER_BATCH,0,1,,source=8033;dest=8002;keys=1;bytes=64
1779647235331,PUT,191,4,benchKey_36_17,bytes=30;client_id=36;clients=50
1779647235331,DATA_SKEW_AFTER,0,0,,node=8011;keys_count=18;active_nodes=32
1779647235346,PUT,196,4,benchKey_24_18,bytes=30;client_id=24;clients=50
1779647235346,PUT,198,4,benchKey_7_17,bytes=29;client_id=7;clients=50
1779647235347,DATA_SKEW_AFTER,0,0,,node=8026;keys_count=19;active_nodes=34
1779647235348,PUT,193,4,benchKey_45_18,bytes=30;client_id=45;clients=50
1779647235349,PUT,185,4,benchKey_2_18,bytes=29;client_id=2;clients=50
1779647235350,PUT,173,4,benchKey_30_18,bytes=30;client_id=30;clients=50
1779647235351,PUT,174,4,benchKey_14_17,bytes=30;client_id=14;clients=50
1779647235354,DATA_SKEW_AFTER,0,0,,node=8040;keys_count=12;active_nodes=33
1779647235357,PUT,177,4,benchKey_19_17,bytes=30;client_id=19;clients=50
1779647235361,PUT,179,4,benchKey_18_18,bytes=30;client_id=18;clients=50
1779647235362,PUT,180,4,benchKey_26_18,bytes=30;client_id=26;clients=50
1779647235362,PUT,181,4,benchKey_3_18,bytes=29;client_id=3;clients=50
1779647235366,TRANSFER_BATCH,0,1,,source=8005;dest=8024;keys=1;bytes=64
1779647235367,PUT,178,4,benchKey_34_18,bytes=30;client_id=34;clients=50
1779647235373,TRANSFER_BATCH,0,1,,source=8033;dest=8027;keys=1;bytes=64
1779647235373,PUT,182,4,benchKey_48_18,bytes=30;client_id=48;clients=50
1779647235374,DATA_SKEW_AFTER,0,0,,node=8004;keys_count=14;active_nodes=32
1779647235388,PUT,191,4,benchKey_15_18,bytes=30;client_id=15;clients=50
1779647235389,PUT,196,4,benchKey_35_18,bytes=30;client_id=35;clients=50
1779647235390,DATA_SKEW_AFTER,0,0,,node=8017;keys_count=21;active_nodes=34
1779647235390,PUT,172,4,benchKey_0_18,bytes=29;client_id=0;clients=50
1779647235390,PUT,185,4,benchKey_33_18,bytes=30;client_id=33;clients=50
1779647235391,PUT,172,4,benchKey_4_18,bytes=29;client_id=4;clients=50
1779647235392,PUT,170,4,benchKey_12_18,bytes=30;client_id=12;clients=50
1779647235395,DATA_SKEW_AFTER,0,0,,node=8023;keys_count=17;active_nodes=33
1779647235399,PUT,175,4,benchKey_41_18,bytes=30;client_id=41;clients=50
1779647235404,PUT,180,0,benchKey_28_18,bytes=30;client_id=28;clients=50
1779647235404,PUT,179,4,benchKey_29_18,bytes=30;client_id=29;clients=50
1779647235405,PUT,174,0,benchKey_6_18,bytes=29;client_id=6;clients=50
1779647235409,TRANSFER_BATCH,0,1,,source=8011;dest=8001;keys=1;bytes=64
1779647235409,PUT,176,4,benchKey_37_18,bytes=30;client_id=37;clients=50
1779647235415,TRANSFER_BATCH,0,1,,source=8001;dest=8019;keys=1;bytes=64
1779647235416,DATA_SKEW_AFTER,0,0,,node=8040;keys_count=12;active_nodes=32
1779647235416,PUT,181,4,benchKey_10_18,bytes=30;client_id=10;clients=50
1779647235430,PUT,190,4,benchKey_49_18,bytes=30;client_id=49;clients=50
1779647235431,PUT,183,0,benchKey_20_18,bytes=30;client_id=20;clients=50
1779647235432,PUT,171,4,benchKey_40_18,bytes=30;client_id=40;clients=50
1779647235433,PUT,169,4,benchKey_44_18,bytes=30;client_id=44;clients=50
1779647235433,PUT,172,4,benchKey_11_18,bytes=30;client_id=11;clients=50
1779647235434,PUT,168,4,benchKey_17_18,bytes=30;client_id=17;clients=50
1779647235434,DATA_SKEW_AFTER,0,0,,node=8011;keys_count=18;active_nodes=34
1779647235437,DATA_SKEW_AFTER,0,0,,node=8013;keys_count=19;active_nodes=33
1779647235441,PUT,175,4,benchKey_1_18,bytes=29;client_id=1;clients=50
1779647235447,PUT,172,4,benchKey_31_18,bytes=30;client_id=31;clients=50
1779647235447,PUT,180,0,benchKey_47_18,bytes=30;client_id=47;clients=50
1779647235447,PUT,174,4,benchKey_21_18,bytes=30;client_id=21;clients=50
1779647235453,PUT,176,4,benchKey_8_18,bytes=29;client_id=8;clients=50
1779647235454,TRANSFER_BATCH,0,1,,source=8009;dest=8018;keys=1;bytes=64
1779647235458,PUT,180,4,benchKey_32_18,bytes=30;client_id=32;clients=50
1779647235458,TRANSFER_BATCH,0,1,,source=8001;dest=8003;keys=1;bytes=64
1779647235460,DATA_SKEW_AFTER,0,0,,node=8023;keys_count=17;active_nodes=32
1779647235472,PUT,182,4,benchKey_16_18,bytes=30;client_id=16;clients=50
1779647235472,PUT,190,4,benchKey_22_18,bytes=30;client_id=22;clients=50
1779647235474,PUT,170,4,benchKey_38_18,bytes=30;client_id=38;clients=50
1779647235475,DATA_SKEW_AFTER,0,0,,node=8004;keys_count=14;active_nodes=34
1779647235476,PUT,168,4,benchKey_42_18,bytes=30;client_id=42;clients=50
1779647235476,PUT,169,0,benchKey_39_18,bytes=30;client_id=39;clients=50
1779647235476,PUT,172,4,benchKey_25_18,bytes=30;client_id=25;clients=50
1779647235480,DATA_SKEW_AFTER,0,0,,node=8003;keys_count=16;active_nodes=33
1779647235483,PUT,174,4,benchKey_43_18,bytes=30;client_id=43;clients=50
1779647235489,PUT,173,4,benchKey_5_18,bytes=29;client_id=5;clients=50
1779647235491,PUT,181,4,benchKey_13_18,bytes=30;client_id=13;clients=50
1779647235489,PUT,170,4,benchKey_23_18,bytes=30;client_id=23;clients=50
1779647235495,PUT,175,4,benchKey_46_18,bytes=30;client_id=46;clients=50
1779647235497,TRANSFER_BATCH,0,1,,source=8009;dest=8007;keys=1;bytes=64
1779647235501,DATA_SKEW_AFTER,0,0,,node=8013;keys_count=19;active_nodes=32
1779647235501,PUT,181,4,benchKey_27_18,bytes=30;client_id=27;clients=50
1779647235502,TRANSFER_BATCH,0,1,,source=8001;dest=8034;keys=1;bytes=64
1779647235514,PUT,182,0,benchKey_36_18,bytes=30;client_id=36;clients=50
1779647235515,PUT,189,0,benchKey_9_18,bytes=29;client_id=9;clients=50
1779647235516,PUT,170,4,benchKey_24_19,bytes=30;client_id=24;clients=50
1779647235518,DATA_SKEW_AFTER,0,0,,node=8040;keys_count=13;active_nodes=34
1779647235519,PUT,171,4,benchKey_45_19,bytes=30;client_id=45;clients=50
1779647235519,PUT,173,4,benchKey_7_18,bytes=29;client_id=7;clients=50
1779647235520,PUT,170,4,benchKey_2_19,bytes=29;client_id=2;clients=50
1779647235523,DATA_SKEW_AFTER,0,0,,node=8020;keys_count=16;active_nodes=33
1779647235525,PUT,175,4,benchKey_30_19,bytes=30;client_id=30;clients=50
1779647235531,PUT,180,4,benchKey_14_18,bytes=30;client_id=14;clients=50
1779647235534,PUT,177,4,benchKey_19_18,bytes=30;client_id=19;clients=50
1779647235535,PUT,173,0,benchKey_18_19,bytes=30;client_id=18;clients=50
1779647235537,PUT,175,0,benchKey_26_19,bytes=30;client_id=26;clients=50
1779647235541,TRANSFER_BATCH,0,1,,source=8009;dest=8037;keys=1;bytes=64
1779647235543,PUT,181,4,benchKey_3_19,bytes=29;client_id=3;clients=50
1779647235545,TRANSFER_BATCH,0,1,,source=8038;dest=8006;keys=1;bytes=64
1779647235545,DATA_SKEW_AFTER,0,0,,node=8003;keys_count=16;active_nodes=32
1779647235557,PUT,190,4,benchKey_34_19,bytes=30;client_id=34;clients=50
1779647235557,PUT,183,0,benchKey_48_19,bytes=30;client_id=48;clients=50
1779647235558,PUT,169,4,benchKey_15_19,bytes=30;client_id=15;clients=50
1779647235560,DATA_SKEW_AFTER,0,0,,node=8023;keys_count=17;active_nodes=34
1779647235561,PUT,172,4,benchKey_35_19,bytes=30;client_id=35;clients=50
1779647235561,PUT,170,4,benchKey_0_19,bytes=29;client_id=0;clients=50
1779647235562,PUT,171,4,benchKey_33_19,bytes=30;client_id=33;clients=50
1779647235566,DATA_SKEW_AFTER,0,0,,node=8018;keys_count=16;active_nodes=33
1779647235566,PUT,174,4,benchKey_4_19,bytes=29;client_id=4;clients=50
1779647235573,PUT,181,4,benchKey_12_19,bytes=30;client_id=12;clients=50
1779647235574,DATA_SKEW_AFTER,0,0,,node=8007;keys_count=19;active_nodes=35
1779647235578,PUT,173,4,benchKey_28_19,bytes=30;client_id=28;clients=50
1779647235578,PUT,178,4,benchKey_41_19,bytes=30;client_id=41;clients=50
1779647235579,PUT,174,4,benchKey_29_19,bytes=30;client_id=29;clients=50
1779647235583,TRANSFER_BATCH,0,1,,source=8009;dest=8020;keys=1;bytes=64
1779647235587,TRANSFER_BATCH,0,1,,source=8005;dest=8017;keys=1;bytes=64
1779647235588,PUT,182,4,benchKey_6_19,bytes=29;client_id=6;clients=50
1779647235589,DATA_SKEW_AFTER,0,0,,node=8020;keys_count=16;active_nodes=32
1779647235599,PUT,189,0,benchKey_37_19,bytes=30;client_id=37;clients=50
1779647235600,PUT,184,4,benchKey_10_19,bytes=30;client_id=10;clients=50
1779647235600,PUT,170,4,benchKey_49_19,bytes=30;client_id=49;clients=50
1779647235602,DATA_SKEW_AFTER,0,0,,node=8013;keys_count=19;active_nodes=34
1779647235604,PUT,172,4,benchKey_40_19,bytes=30;client_id=40;clients=50
1779647235604,PUT,171,4,benchKey_44_19,bytes=30;client_id=44;clients=50
1779647235605,PUT,174,4,benchKey_20_19,bytes=30;client_id=20;clients=50
1779647235608,PUT,175,4,benchKey_11_19,bytes=30;client_id=11;clients=50
1779647235609,DATA_SKEW_AFTER,0,0,,node=8033;keys_count=12;active_nodes=33
1779647235616,DATA_SKEW_AFTER,0,0,,node=8007;keys_count=20;active_nodes=36
1779647235616,DATA_SKEW_AFTER,0,0,,node=8006;keys_count=19;active_nodes=35
1779647235616,PUT,182,4,benchKey_17_19,bytes=30;client_id=17;clients=50
1779647235620,PUT,172,4,benchKey_47_19,bytes=30;client_id=47;clients=50
1779647235621,PUT,173,4,benchKey_21_19,bytes=30;client_id=21;clients=50
1779647235621,PUT,180,4,benchKey_1_19,bytes=29;client_id=1;clients=50
1779647235625,TRANSFER_BATCH,0,1,,source=8040;dest=8017;keys=1;bytes=64
1779647235629,PUT,181,4,benchKey_31_19,bytes=30;client_id=31;clients=50
1779647235629,TRANSFER_BATCH,0,1,,source=8005;dest=8001;keys=1;bytes=64
1779647235632,DATA_SKEW_AFTER,0,0,,node=8018;keys_count=17;active_nodes=32
1779647235641,PUT,187,4,benchKey_8_19,bytes=29;client_id=8;clients=50
1779647235642,PUT,169,4,benchKey_16_19,bytes=30;client_id=16;clients=50
1779647235642,PUT,183,4,benchKey_32_19,bytes=30;client_id=32;clients=50
1779647235643,DATA_SKEW_AFTER,0,0,,node=8003;keys_count=17;active_nodes=34
1779647235646,PUT,173,4,benchKey_22_19,bytes=30;client_id=22;clients=50
1779647235647,PUT,172,4,benchKey_38_19,bytes=30;client_id=38;clients=50
1779647235647,PUT,170,4,benchKey_42_19,bytes=30;client_id=42;clients=50
1779647235650,PUT,173,4,benchKey_39_19,bytes=30;client_id=39;clients=50
1779647235654,DATA_SKEW_AFTER,0,0,,node=8014;keys_count=22;active_nodes=33
1779647235658,DATA_SKEW_AFTER,0,0,,node=8006;keys_count=19;active_nodes=36
1779647235658,PUT,181,4,benchKey_25_19,bytes=30;client_id=25;clients=50
1779647235658,DATA_SKEW_AFTER,0,0,,node=8012;keys_count=23;active_nodes=35
1779647235663,PUT,179,4,benchKey_43_19,bytes=30;client_id=43;clients=50
1779647235663,PUT,173,4,benchKey_5_19,bytes=29;client_id=5;clients=50
1779647235665,PUT,174,4,benchKey_13_19,bytes=30;client_id=13;clients=50
1779647235671,TRANSFER_BATCH,0,1,,source=8005;dest=8026;keys=1;bytes=64
1779647235671,PUT,179,4,benchKey_23_19,bytes=30;client_id=23;clients=50
1779647235674,DATA_SKEW_AFTER,0,0,,node=8033;keys_count=13;active_nodes=32
1779647235683,PUT,188,4,benchKey_46_19,bytes=30;client_id=46;clients=50
1779647235684,PUT,169,4,benchKey_36_19,bytes=30;client_id=36;clients=50
1779647235685,PUT,183,4,benchKey_27_19,bytes=30;client_id=27;clients=50
1779647235685,DATA_SKEW_AFTER,0,0,,node=8020;keys_count=17;active_nodes=34
1779647235688,PUT,173,4,benchKey_9_19,bytes=29;client_id=9;clients=50
1779647235689,PUT,169,4,benchKey_45_20,bytes=30;client_id=45;clients=50
1779647235690,PUT,173,0,benchKey_24_20,bytes=30;client_id=24;clients=50
1779647235695,PUT,175,0,benchKey_7_19,bytes=29;client_id=7;clients=50
1779647235696,DATA_SKEW_AFTER,0,0,,node=8029;keys_count=20;active_nodes=33
1779647235700,PUT,180,4,benchKey_2_20,bytes=29;client_id=2;clients=50
1779647235700,DATA_SKEW_AFTER,0,0,,node=8012;keys_count=23;active_nodes=36
1779647235701,DATA_SKEW_AFTER,0,0,,node=8016;keys_count=24;active_nodes=35
1779647235705,PUT,180,4,benchKey_30_20,bytes=30;client_id=30;clients=50
1779647235705,PUT,173,4,benchKey_14_19,bytes=30;client_id=14;clients=50
1779647235708,PUT,173,4,benchKey_19_19,bytes=30;client_id=19;clients=50
1779647235713,PUT,178,4,benchKey_18_20,bytes=30;client_id=18;clients=50
1779647235713,TRANSFER_BATCH,0,1,,source=8011;dest=8034;keys=1;bytes=64
1779647235716,DATA_SKEW_AFTER,0,0,,node=8014;keys_count=22;active_nodes=32
1779647235725,PUT,180,4,benchKey_3_20,bytes=29;client_id=3;clients=50
1779647235725,PUT,187,4,benchKey_26_20,bytes=30;client_id=26;clients=50
1779647235727,PUT,169,4,benchKey_34_20,bytes=30;client_id=34;clients=50
1779647235729,DATA_SKEW_AFTER,0,0,,node=8018;keys_count=17;active_nodes=34
1779647235730,PUT,172,4,benchKey_48_20,bytes=30;client_id=48;clients=50
1779647235732,PUT,171,4,benchKey_0_20,bytes=29;client_id=0;clients=50
1779647235734,PUT,175,4,benchKey_15_20,bytes=30;client_id=15;clients=50
1779647235738,PUT,176,0,benchKey_35_20,bytes=30;client_id=35;clients=50
1779647235739,DATA_SKEW_AFTER,0,0,,node=8019;keys_count=17;active_nodes=33
1779647235742,PUT,180,4,benchKey_33_20,bytes=30;client_id=33;clients=50
1779647235743,DATA_SKEW_AFTER,0,0,,node=8016;keys_count=25;active_nodes=36
1779647235743,DATA_SKEW_AFTER,0,0,,node=8037;keys_count=16;active_nodes=35
1779647235747,PUT,173,4,benchKey_12_20,bytes=30;client_id=12;clients=50
1779647235748,PUT,181,4,benchKey_4_20,bytes=29;client_id=4;clients=50
1779647235751,PUT,173,4,benchKey_28_20,bytes=30;client_id=28;clients=50
1779647235755,TRANSFER_BATCH,0,1,,source=8009;dest=8013;keys=1;bytes=64
1779647235756,PUT,178,4,benchKey_41_20,bytes=30;client_id=41;clients=50
1779647235758,DATA_SKEW_AFTER,0,0,,node=8029;keys_count=20;active_nodes=32
1779647235767,PUT,179,4,benchKey_6_20,bytes=29;client_id=6;clients=50
1779647235768,PUT,188,4,benchKey_29_20,bytes=30;client_id=29;clients=50
1779647235769,PUT,169,4,benchKey_37_20,bytes=30;client_id=37;clients=50
1779647235771,DATA_SKEW_AFTER,0,0,,node=8033;keys_count=14;active_nodes=34
1779647235773,PUT,173,4,benchKey_10_20,bytes=30;client_id=10;clients=50
1779647235774,PUT,173,4,benchKey_49_20,bytes=30;client_id=49;clients=50
1779647235776,PUT,171,4,benchKey_40_20,bytes=30;client_id=40;clients=50
1779647235781,PUT,176,4,benchKey_44_20,bytes=30;client_id=44;clients=50
1779647235781,DATA_SKEW_AFTER,0,0,,node=8002;keys_count=13;active_nodes=33
1779647235784,DATA_SKEW_AFTER,0,0,,node=8037;keys_count=16;active_nodes=36
1779647235785,PUT,179,4,benchKey_20_20,bytes=30;client_id=20;clients=50
1779647235786,DATA_SKEW_AFTER,0,0,,node=8034;keys_count=25;active_nodes=35
1779647235790,PUT,173,4,benchKey_17_20,bytes=30;client_id=17;clients=50
1779647235790,PUT,181,4,benchKey_11_20,bytes=30;client_id=11;clients=50
1779647235794,PUT,174,4,benchKey_47_20,bytes=30;client_id=47;clients=50
1779647235803,DATA_SKEW_AFTER,0,0,,node=8019;keys_count=17;active_nodes=32
1779647235803,PUT,182,4,benchKey_21_20,bytes=30;client_id=21;clients=50
1779647235806,TRANSFER_BATCH,0,1,,source=8009;dest=8039;keys=1;bytes=64
1779647235809,PUT,187,4,benchKey_1_20,bytes=29;client_id=1;clients=50
1779647235810,PUT,180,4,benchKey_31_20,bytes=30;client_id=31;clients=50
1779647235812,PUT,170,4,benchKey_8_20,bytes=29;client_id=8;clients=50
1779647235813,DATA_SKEW_AFTER,0,0,,node=8014;keys_count=23;active_nodes=34
1779647235815,PUT,172,4,benchKey_32_20,bytes=30;client_id=32;clients=50
1779647235816,PUT,173,0,benchKey_16_20,bytes=30;client_id=16;clients=50
1779647235818,PUT,171,4,benchKey_22_20,bytes=30;client_id=22;clients=50
1779647235824,PUT,177,4,benchKey_38_20,bytes=30;client_id=38;clients=50
1779647235825,DATA_SKEW_AFTER,0,0,,node=8005;keys_count=14;active_nodes=33
1779647235827,DATA_SKEW_AFTER,0,0,,node=8034;keys_count=26;active_nodes=36
1779647235828,PUT,180,4,benchKey_42_20,bytes=30;client_id=42;clients=50
1779647235828,DATA_SKEW_AFTER,0,0,,node=8021;keys_count=24;active_nodes=35
1779647235832,PUT,173,4,benchKey_25_20,bytes=30;client_id=25;clients=50
1779647235832,PUT,181,4,benchKey_39_20,bytes=30;client_id=39;clients=50
1779647235837,PUT,173,0,benchKey_5_20,bytes=29;client_id=5;clients=50
1779647235847,PUT,183,4,benchKey_43_20,bytes=30;client_id=43;clients=50
1779647235847,DATA_SKEW_AFTER,0,0,,node=8002;keys_count=14;active_nodes=32
1779647235848,TRANSFER_BATCH,0,1,,source=8009;dest=8023;keys=1;bytes=64
1779647235851,PUT,186,4,benchKey_13_20,bytes=30;client_id=13;clients=50
1779647235852,PUT,180,4,benchKey_23_20,bytes=30;client_id=23;clients=50
1779647235855,PUT,171,4,benchKey_46_20,bytes=30;client_id=46;clients=50
1779647235856,DATA_SKEW_AFTER,0,0,,node=8029;keys_count=20;active_nodes=34
1779647235857,PUT,173,4,benchKey_36_20,bytes=30;client_id=36;clients=50
1779647235857,PUT,172,4,benchKey_27_20,bytes=30;client_id=27;clients=50
1779647235860,PUT,171,4,benchKey_9_20,bytes=29;client_id=9;clients=50
1779647235866,PUT,176,4,benchKey_45_21,bytes=30;client_id=45;clients=50
1779647235867,DATA_SKEW_AFTER,0,0,,node=8036;keys_count=15;active_nodes=33
1779647235867,REBALANCE,6221,0,,keys_moved=13;active_nodes=33
1779647235869,DATA_SKEW_AFTER,0,0,,node=8021;keys_count=24;active_nodes=36
1779647235870,DATA_SKEW_AFTER,0,0,,node=8027;keys_count=23;active_nodes=35
1779647235870,PUT,179,4,benchKey_24_21,bytes=30;client_id=24;clients=50
1779647235874,PUT,173,4,benchKey_2_21,bytes=29;client_id=2;clients=50
1779647235874,PUT,178,4,benchKey_7_20,bytes=29;client_id=7;clients=50
1779647235879,PUT,173,4,benchKey_30_21,bytes=30;client_id=30;clients=50
1779647235889,PUT,183,4,benchKey_14_20,bytes=30;client_id=14;clients=50
1779647235890,DATA_SKEW_AFTER,0,0,,node=8005;keys_count=15;active_nodes=32
1779647235890,REBALANCE,6293,0,,keys_moved=13;active_nodes=32
1779647235891,TRANSFER_BATCH,0,1,,source=8009;dest=8038;keys=1;bytes=64
1779647235893,PUT,185,4,benchKey_19_20,bytes=30;client_id=19;clients=50
1779647235894,PUT,180,4,benchKey_18_21,bytes=30;client_id=18;clients=50
1779647235897,PUT,171,4,benchKey_3_21,bytes=29;client_id=3;clients=50
1779647235897,DATA_SKEW_AFTER,0,0,,node=8019;keys_count=17;active_nodes=34
1779647235900,PUT,172,4,benchKey_34_21,bytes=30;client_id=34;clients=50
1779647235900,PUT,174,4,benchKey_26_21,bytes=30;client_id=26;clients=50
1779647235902,PUT,171,4,benchKey_48_21,bytes=30;client_id=48;clients=50
1779647235909,PUT,176,4,benchKey_0_21,bytes=29;client_id=0;clients=50
1779647235910,PUT,175,4,benchKey_15_21,bytes=30;client_id=15;clients=50
1779647235911,DATA_SKEW_AFTER,0,0,,node=8027;keys_count=23;active_nodes=36
1779647235913,DATA_SKEW_AFTER,0,0,,node=8010;keys_count=22;active_nodes=35
1779647235913,PUT,175,4,benchKey_35_21,bytes=30;client_id=35;clients=50
1779647235917,PUT,169,4,benchKey_12_21,bytes=30;client_id=12;clients=50
1779647235917,PUT,174,4,benchKey_33_21,bytes=30;client_id=33;clients=50
1779647235921,PUT,173,4,benchKey_4_21,bytes=29;client_id=4;clients=50
1779647235932,TRANSFER_BATCH,0,1,,source=8040;dest=8018;keys=1;bytes=64
1779647235933,PUT,176,4,benchKey_41_21,bytes=30;client_id=41;clients=50
1779647235934,PUT,182,4,benchKey_28_21,bytes=30;client_id=28;clients=50
1779647235935,PUT,167,4,benchKey_6_21,bytes=29;client_id=6;clients=50
1779647235936,PUT,167,4,benchKey_29_21,bytes=30;client_id=29;clients=50
1779647235939,PUT,169,4,benchKey_37_21,bytes=30;client_id=37;clients=50
1779647235940,DATA_SKEW_AFTER,0,0,,node=8002;keys_count=14;active_nodes=34
1779647235942,PUT,168,4,benchKey_49_21,bytes=30;client_id=49;clients=50
1779647235942,PUT,168,4,benchKey_10_21,bytes=30;client_id=10;clients=50
1779647235944,PUT,167,4,benchKey_40_21,bytes=30;client_id=40;clients=50
1779647235951,PUT,169,4,benchKey_44_21,bytes=30;client_id=44;clients=50
1779647235952,PUT,166,4,benchKey_20_21,bytes=30;client_id=20;clients=50
1779647235954,DATA_SKEW_AFTER,0,0,,node=8010;keys_count=22;active_nodes=36
1779647235955,PUT,165,4,benchKey_17_21,bytes=30;client_id=17;clients=50
1779647235956,DATA_SKEW_AFTER,0,0,,node=8025;keys_count=26;active_nodes=35
1779647235960,PUT,165,4,benchKey_47_21,bytes=30;client_id=47;clients=50
1779647235962,PUT,171,4,benchKey_11_21,bytes=30;client_id=11;clients=50
1779647235964,PUT,160,4,benchKey_21_21,bytes=30;client_id=21;clients=50
1779647235976,PUT,166,4,benchKey_1_21,bytes=29;client_id=1;clients=50
1779647235977,PUT,166,4,benchKey_31_21,bytes=30;client_id=31;clients=50
1779647235977,PUT,164,4,benchKey_8_21,bytes=29;client_id=8;clients=50
1779647235978,PUT,162,4,benchKey_32_21,bytes=30;client_id=32;clients=50
1779647235982,DATA_SKEW_AFTER,0,0,,node=8005;keys_count=15;active_nodes=34
1779647235983,PUT,166,4,benchKey_16_21,bytes=30;client_id=16;clients=50
1779647235985,PUT,160,4,benchKey_38_21,bytes=30;client_id=38;clients=50
1779647235985,PUT,166,4,benchKey_22_21,bytes=30;client_id=22;clients=50
1779647235986,PUT,158,0,benchKey_42_21,bytes=30;client_id=42;clients=50
1779647235993,PUT,160,0,benchKey_25_21,bytes=30;client_id=25;clients=50
1779647235994,PUT,161,4,benchKey_39_21,bytes=30;client_id=39;clients=50
1779647235996,DATA_SKEW_AFTER,0,0,,node=8025;keys_count=27;active_nodes=36
1779647235997,PUT,160,4,benchKey_5_21,bytes=29;client_id=5;clients=50
1779647235998,DATA_SKEW_AFTER,0,0,,node=8032;keys_count=25;active_nodes=35
1779647236003,PUT,155,4,benchKey_43_21,bytes=30;client_id=43;clients=50
1779647236005,PUT,153,4,benchKey_13_21,bytes=30;client_id=13;clients=50
1779647236006,PUT,153,4,benchKey_23_21,bytes=30;client_id=23;clients=50
1779647236018,PUT,162,4,benchKey_46_21,bytes=30;client_id=46;clients=50
1779647236019,PUT,159,4,benchKey_9_21,bytes=29;client_id=9;clients=50
1779647236019,PUT,162,4,benchKey_27_21,bytes=30;client_id=27;clients=50
1779647236020,PUT,162,4,benchKey_36_21,bytes=30;client_id=36;clients=50
1779647236024,PUT,157,4,benchKey_45_22,bytes=30;client_id=45;clients=50
1779647236024,DATA_SKEW_AFTER,0,0,,node=8036;keys_count=15;active_nodes=34
1779647236027,PUT,153,0,benchKey_2_22,bytes=29;client_id=2;clients=50
1779647236028,PUT,153,4,benchKey_7_21,bytes=29;client_id=7;clients=50
1779647236028,PUT,157,4,benchKey_24_22,bytes=30;client_id=24;clients=50
1779647236036,PUT,156,4,benchKey_30_22,bytes=30;client_id=30;clients=50
1779647236037,PUT,147,0,benchKey_14_21,bytes=30;client_id=14;clients=50
1779647236040,PUT,147,4,benchKey_19_21,bytes=30;client_id=19;clients=50
1779647236040,DATA_SKEW_AFTER,0,0,,node=8008;keys_count=23;active_nodes=35
1779647236041,DATA_SKEW_AFTER,0,0,,node=8032;keys_count=25;active_nodes=36
1779647236045,PUT,151,4,benchKey_18_22,bytes=30;client_id=18;clients=50
1779647236048,PUT,147,4,benchKey_34_22,bytes=30;client_id=34;clients=50
1779647236048,PUT,150,4,benchKey_3_22,bytes=29;client_id=3;clients=50
1779647236061,PUT,160,4,benchKey_26_22,bytes=30;client_id=26;clients=50
1779647236062,PUT,152,0,benchKey_15_22,bytes=30;client_id=15;clients=50
1779647236062,PUT,153,4,benchKey_0_22,bytes=29;client_id=0;clients=50
1779647236062,PUT,160,4,benchKey_48_22,bytes=30;client_id=48;clients=50
1779647236066,PUT,152,4,benchKey_35_22,bytes=30;client_id=35;clients=50
1779647236066,DATA_SKEW_AFTER,0,0,,node=8035;keys_count=13;active_nodes=34
1779647236066,REBALANCE,6365,0,,keys_moved=13;active_nodes=34
1779647236070,PUT,153,4,benchKey_12_22,bytes=30;client_id=12;clients=50
1779647236070,PUT,152,4,benchKey_33_22,bytes=30;client_id=33;clients=50
1779647236071,PUT,149,4,benchKey_4_22,bytes=29;client_id=4;clients=50
1779647236079,PUT,145,4,benchKey_28_22,bytes=30;client_id=28;clients=50
1779647236080,PUT,146,4,benchKey_41_22,bytes=30;client_id=41;clients=50
1779647236082,PUT,147,4,benchKey_6_22,bytes=29;client_id=6;clients=50
1779647236083,DATA_SKEW_AFTER,0,0,,node=8039;keys_count=18;active_nodes=35
1779647236083,DATA_SKEW_AFTER,0,0,,node=8008;keys_count=24;active_nodes=36
1779647236087,PUT,151,4,benchKey_29_22,bytes=30;client_id=29;clients=50
1779647236090,PUT,147,4,benchKey_49_22,bytes=30;client_id=49;clients=50
1779647236090,PUT,151,4,benchKey_37_22,bytes=30;client_id=37;clients=50
1779647236103,PUT,160,4,benchKey_10_22,bytes=30;client_id=10;clients=50
1779647236104,PUT,153,4,benchKey_44_22,bytes=30;client_id=44;clients=50
1779647236105,PUT,152,4,benchKey_20_22,bytes=30;client_id=20;clients=50
1779647236105,PUT,161,0,benchKey_40_22,bytes=30;client_id=40;clients=50
1779647236108,PUT,147,4,benchKey_47_22,bytes=30;client_id=47;clients=50
1779647236109,PUT,153,4,benchKey_17_22,bytes=30;client_id=17;clients=50
1779647236112,PUT,149,4,benchKey_11_22,bytes=30;client_id=11;clients=50
1779647236112,PUT,148,4,benchKey_21_22,bytes=30;client_id=21;clients=50
1779647236113,PUT,136,4,benchKey_1_22,bytes=29;client_id=1;clients=50
1779647236122,PUT,145,4,benchKey_31_22,bytes=30;client_id=31;clients=50
1779647236122,PUT,145,4,benchKey_8_22,bytes=29;client_id=8;clients=50
1779647236124,PUT,145,0,benchKey_32_22,bytes=30;client_id=32;clients=50
1779647236125,DATA_SKEW_AFTER,0,0,,node=8039;keys_count=19;active_nodes=36
1779647236125,DATA_SKEW_AFTER,0,0,,node=8031;keys_count=21;active_nodes=35
1779647236129,PUT,146,4,benchKey_16_22,bytes=30;client_id=16;clients=50
1779647236132,PUT,147,4,benchKey_38_22,bytes=30;client_id=38;clients=50
1779647236132,PUT,147,4,benchKey_22_22,bytes=30;client_id=22;clients=50
1779647236145,PUT,159,4,benchKey_42_22,bytes=30;client_id=42;clients=50
1779647236147,PUT,152,4,benchKey_39_22,bytes=30;client_id=39;clients=50
1779647236147,PUT,153,4,benchKey_25_22,bytes=30;client_id=25;clients=50
1779647236147,PUT,149,4,benchKey_5_22,bytes=29;client_id=5;clients=50
1779647236151,PUT,145,4,benchKey_13_22,bytes=30;client_id=13;clients=50
1779647236151,PUT,147,4,benchKey_43_22,bytes=30;client_id=43;clients=50
1779647236154,PUT,135,4,benchKey_46_22,bytes=30;client_id=46;clients=50
1779647236154,PUT,147,4,benchKey_23_22,bytes=30;client_id=23;clients=50
1779647236155,PUT,135,4,benchKey_9_22,bytes=29;client_id=9;clients=50
1779647236165,PUT,145,4,benchKey_27_22,bytes=30;client_id=27;clients=50
1779647236165,PUT,145,4,benchKey_36_22,bytes=30;client_id=36;clients=50
1779647236165,PUT,141,4,benchKey_45_23,bytes=30;client_id=45;clients=50
1779647236166,DATA_SKEW_AFTER,0,0,,node=8024;keys_count=27;active_nodes=35
1779647236167,DATA_SKEW_AFTER,0,0,,node=8031;keys_count=21;active_nodes=36
1779647236170,PUT,142,4,benchKey_2_23,bytes=29;client_id=2;clients=50
1779647236174,PUT,146,4,benchKey_7_22,bytes=29;client_id=7;clients=50
1779647236174,PUT,146,4,benchKey_24_23,bytes=30;client_id=24;clients=50
1779647236187,PUT,150,0,benchKey_30_23,bytes=30;client_id=30;clients=50
1779647236189,PUT,148,4,benchKey_19_22,bytes=30;client_id=19;clients=50
1779647236190,PUT,144,4,benchKey_18_23,bytes=30;client_id=18;clients=50
1779647236190,PUT,152,4,benchKey_14_22,bytes=30;client_id=14;clients=50
1779647236193,PUT,144,0,benchKey_3_23,bytes=29;client_id=3;clients=50
1779647236193,PUT,144,4,benchKey_34_23,bytes=30;client_id=34;clients=50
1779647236196,PUT,135,4,benchKey_26_23,bytes=30;client_id=26;clients=50
1779647236196,PUT,134,4,benchKey_15_23,bytes=30;client_id=15;clients=50
1779647236196,PUT,134,4,benchKey_0_23,bytes=29;client_id=0;clients=50
1779647236207,PUT,140,4,benchKey_35_23,bytes=30;client_id=35;clients=50
1779647236208,PUT,145,4,benchKey_48_23,bytes=30;client_id=48;clients=50
1779647236208,DATA_SKEW_AFTER,0,0,,node=8024;keys_count=27;active_nodes=36
1779647236209,DATA_SKEW_AFTER,0,0,,node=8028;keys_count=23;active_nodes=35
1779647236209,PUT,139,4,benchKey_12_23,bytes=30;client_id=12;clients=50
1779647236212,PUT,142,4,benchKey_33_23,bytes=30;client_id=33;clients=50
1779647236218,PUT,138,4,benchKey_28_23,bytes=30;client_id=28;clients=50
1779647236218,PUT,147,4,benchKey_4_23,bytes=29;client_id=4;clients=50
1779647236230,PUT,150,0,benchKey_41_23,bytes=30;client_id=41;clients=50
1779647236232,PUT,145,4,benchKey_29_23,bytes=30;client_id=29;clients=50
1779647236232,PUT,150,4,benchKey_6_23,bytes=29;client_id=6;clients=50
1779647236233,PUT,142,0,benchKey_49_23,bytes=30;client_id=49;clients=50
1779647236235,PUT,131,4,benchKey_10_23,bytes=30;client_id=10;clients=50
1779647236235,PUT,144,4,benchKey_37_23,bytes=30;client_id=37;clients=50
1779647236238,PUT,133,4,benchKey_20_23,bytes=30;client_id=20;clients=50
1779647236238,PUT,133,4,benchKey_40_23,bytes=30;client_id=40;clients=50
1779647236240,PUT,135,4,benchKey_44_23,bytes=30;client_id=44;clients=50
1779647236251,PUT,142,4,benchKey_47_23,bytes=30;client_id=47;clients=50
1779647236251,DATA_SKEW_AFTER,0,0,,node=8028;keys_count=23;active_nodes=36
1779647236252,DATA_SKEW_AFTER,0,0,,node=8026;keys_count=27;active_nodes=35
1779647236253,PUT,144,4,benchKey_17_23,bytes=30;client_id=17;clients=50
1779647236254,PUT,141,4,benchKey_11_23,bytes=30;client_id=11;clients=50
1779647236254,PUT,142,4,benchKey_21_23,bytes=30;client_id=21;clients=50
1779647236260,PUT,137,4,benchKey_31_23,bytes=30;client_id=31;clients=50
1779647236260,PUT,147,4,benchKey_1_23,bytes=29;client_id=1;clients=50
1779647236272,PUT,149,4,benchKey_8_23,bytes=29;client_id=8;clients=50
1779647236274,PUT,141,0,benchKey_22_23,bytes=30;client_id=22;clients=50
1779647236274,PUT,150,4,benchKey_32_23,bytes=30;client_id=32;clients=50
1779647236274,PUT,145,4,benchKey_16_23,bytes=30;client_id=16;clients=50
1779647236277,PUT,132,4,benchKey_42_23,bytes=30;client_id=42;clients=50
1779647236278,PUT,145,4,benchKey_38_23,bytes=30;client_id=38;clients=50
1779647236280,PUT,133,4,benchKey_39_23,bytes=30;client_id=39;clients=50
1779647236281,PUT,134,4,benchKey_5_23,bytes=29;client_id=5;clients=50
1779647236281,PUT,134,4,benchKey_25_23,bytes=30;client_id=25;clients=50
1779647236294,PUT,142,4,benchKey_43_23,bytes=30;client_id=43;clients=50
1779647236295,DATA_SKEW_AFTER,0,0,,node=8026;keys_count=27;active_nodes=36
1779647236295,DATA_SKEW_AFTER,0,0,,node=8017;keys_count=28;active_nodes=35
1779647236296,PUT,142,4,benchKey_46_23,bytes=30;client_id=46;clients=50
1779647236296,PUT,145,4,benchKey_13_23,bytes=30;client_id=13;clients=50
1779647236297,PUT,142,4,benchKey_23_23,bytes=30;client_id=23;clients=50
1779647236302,PUT,147,4,benchKey_9_23,bytes=29;client_id=9;clients=50
1779647236303,PUT,137,4,benchKey_27_23,bytes=30;client_id=27;clients=50
1779647236314,PUT,148,4,benchKey_36_23,bytes=30;client_id=36;clients=50
1779647236316,PUT,150,4,benchKey_45_24,bytes=30;client_id=45;clients=50
1779647236316,PUT,141,4,benchKey_7_23,bytes=29;client_id=7;clients=50
1779647236317,PUT,146,4,benchKey_2_24,bytes=29;client_id=2;clients=50
1779647236319,PUT,144,4,benchKey_24_24,bytes=30;client_id=24;clients=50
1779647236319,PUT,131,4,benchKey_30_24,bytes=30;client_id=30;clients=50
1779647236322,PUT,132,4,benchKey_19_23,bytes=30;client_id=19;clients=50
1779647236323,PUT,132,4,benchKey_14_23,bytes=30;client_id=14;clients=50
1779647236323,PUT,133,4,benchKey_18_24,bytes=30;client_id=18;clients=50
1779647236337,DATA_SKEW_AFTER,0,0,,node=8011;keys_count=25;active_nodes=35
1779647236337,PUT,143,4,benchKey_3_24,bytes=29;client_id=3;clients=50
1779647236338,PUT,144,4,benchKey_34_24,bytes=30;client_id=34;clients=50
1779647236338,PUT,141,4,benchKey_26_24,bytes=30;client_id=26;clients=50
1779647236338,DATA_SKEW_AFTER,0,0,,node=8017;keys_count=29;active_nodes=36
1779647236340,PUT,143,4,benchKey_15_24,bytes=30;client_id=15;clients=50
1779647236345,PUT,148,4,benchKey_0_24,bytes=29;client_id=0;clients=50
1779647236345,PUT,138,4,benchKey_35_24,bytes=30;client_id=35;clients=50
1779647236356,PUT,147,4,benchKey_48_24,bytes=30;client_id=48;clients=50
1779647236357,PUT,147,0,benchKey_12_24,bytes=30;client_id=12;clients=50
1779647236358,PUT,145,4,benchKey_33_24,bytes=30;client_id=33;clients=50
1779647236359,PUT,141,4,benchKey_28_24,bytes=30;client_id=28;clients=50
1779647236362,PUT,131,4,benchKey_41_24,bytes=30;client_id=41;clients=50
1779647236362,PUT,143,4,benchKey_4_24,bytes=29;client_id=4;clients=50
1779647236364,PUT,131,4,benchKey_49_24,bytes=30;client_id=49;clients=50
1779647236364,PUT,131,4,benchKey_29_24,bytes=30;client_id=29;clients=50
1779647236365,PUT,132,4,benchKey_6_24,bytes=29;client_id=6;clients=50
1779647236378,PUT,142,4,benchKey_10_24,bytes=30;client_id=10;clients=50
1779647236380,DATA_SKEW_AFTER,0,0,,node=8004;keys_count=20;active_nodes=35
1779647236380,DATA_SKEW_AFTER,0,0,,node=8011;keys_count=25;active_nodes=36
1779647236380,PUT,141,0,benchKey_20_24,bytes=30;client_id=20;clients=50
1779647236380,PUT,145,4,benchKey_37_24,bytes=30;client_id=37;clients=50
1779647236382,PUT,142,4,benchKey_40_24,bytes=30;client_id=40;clients=50
1779647236387,PUT,147,4,benchKey_44_24,bytes=30;client_id=44;clients=50
1779647236388,PUT,137,4,benchKey_47_24,bytes=30;client_id=47;clients=50
1779647236398,PUT,144,4,benchKey_17_24,bytes=30;client_id=17;clients=50
1779647236400,PUT,145,4,benchKey_11_24,bytes=30;client_id=11;clients=50
1779647236400,PUT,145,4,benchKey_21_24,bytes=30;client_id=21;clients=50
1779647236401,PUT,140,0,benchKey_31_24,bytes=30;client_id=31;clients=50
1779647236404,PUT,143,0,benchKey_1_24,bytes=29;client_id=1;clients=50
1779647236404,PUT,131,4,benchKey_8_24,bytes=29;client_id=8;clients=50
1779647236406,PUT,131,4,benchKey_16_24,bytes=30;client_id=16;clients=50
1779647236406,PUT,131,4,benchKey_32_24,bytes=30;client_id=32;clients=50
1779647236406,PUT,131,4,benchKey_22_24,bytes=30;client_id=22;clients=50
1779647236419,PUT,141,4,benchKey_42_24,bytes=30;client_id=42;clients=50
1779647236422,DATA_SKEW_AFTER,0,0,,node=8040;keys_count=21;active_nodes=35
1779647236422,PUT,144,4,benchKey_38_24,bytes=30;client_id=38;clients=50
1779647236422,DATA_SKEW_AFTER,0,0,,node=8004;keys_count=20;active_nodes=36
1779647236422,PUT,142,0,benchKey_39_24,bytes=30;client_id=39;clients=50
1779647236423,PUT,142,4,benchKey_25_24,bytes=30;client_id=25;clients=50
1779647236429,PUT,147,4,benchKey_5_24,bytes=29;client_id=5;clients=50
1779647236430,PUT,135,4,benchKey_43_24,bytes=30;client_id=43;clients=50
1779647236441,PUT,144,4,benchKey_46_24,bytes=30;client_id=46;clients=50
1779647236442,PUT,145,4,benchKey_13_24,bytes=30;client_id=13;clients=50
1779647236442,PUT,144,4,benchKey_23_24,bytes=30;client_id=23;clients=50
1779647236443,PUT,140,4,benchKey_9_24,bytes=29;client_id=9;clients=50
1779647236446,PUT,142,4,benchKey_27_24,bytes=30;client_id=27;clients=50
1779647236446,PUT,131,4,benchKey_36_24,bytes=30;client_id=36;clients=50
1779647236448,PUT,130,4,benchKey_2_25,bytes=29;client_id=2;clients=50
1779647236448,PUT,132,4,benchKey_7_24,bytes=29;client_id=7;clients=50
1779647236448,PUT,132,4,benchKey_45_25,bytes=30;client_id=45;clients=50
1779647236461,PUT,141,4,benchKey_24_25,bytes=30;client_id=24;clients=50
1779647236465,DATA_SKEW_AFTER,0,0,,node=8040;keys_count=21;active_nodes=36
1779647236465,PUT,143,4,benchKey_19_24,bytes=30;client_id=19;clients=50
1779647236465,PUT,142,4,benchKey_14_24,bytes=30;client_id=14;clients=50
1779647236465,PUT,146,4,benchKey_30_25,bytes=30;client_id=30;clients=50
1779647236466,DATA_SKEW_AFTER,0,0,,node=8023;keys_count=29;active_nodes=35
1779647236472,PUT,135,4,benchKey_3_25,bytes=29;client_id=3;clients=50
1779647236472,PUT,149,4,benchKey_18_25,bytes=30;client_id=18;clients=50
1779647236484,PUT,146,4,benchKey_26_25,bytes=30;client_id=26;clients=50
1779647236484,PUT,144,4,benchKey_15_25,bytes=30;client_id=15;clients=50
1779647236484,PUT,139,4,benchKey_0_25,bytes=29;client_id=0;clients=50
1779647236484,PUT,146,4,benchKey_34_25,bytes=30;client_id=34;clients=50
1779647236488,PUT,131,4,benchKey_48_25,bytes=30;client_id=48;clients=50
1779647236488,PUT,142,4,benchKey_35_25,bytes=30;client_id=35;clients=50
1779647236490,PUT,132,4,benchKey_12_25,bytes=30;client_id=12;clients=50
1779647236490,PUT,131,4,benchKey_33_25,bytes=30;client_id=33;clients=50
1779647236490,PUT,131,4,benchKey_28_25,bytes=30;client_id=28;clients=50
1779647236504,PUT,141,4,benchKey_41_25,bytes=30;client_id=41;clients=50
1779647236507,PUT,142,0,benchKey_29_25,bytes=30;client_id=29;clients=50
1779647236507,PUT,142,4,benchKey_49_25,bytes=30;client_id=49;clients=50
1779647236508,DATA_SKEW_AFTER,0,0,,node=8023;keys_count=29;active_nodes=36
1779647236509,PUT,146,4,benchKey_4_25,bytes=29;client_id=4;clients=50
1779647236509,DATA_SKEW_AFTER,0,0,,node=8013;keys_count=26;active_nodes=35
1779647236514,PUT,136,0,benchKey_10_25,bytes=30;client_id=10;clients=50
1779647236514,PUT,149,4,benchKey_6_25,bytes=29;client_id=6;clients=50
1779647236526,PUT,139,4,benchKey_44_25,bytes=30;client_id=44;clients=50
1779647236527,PUT,145,4,benchKey_40_25,bytes=30;client_id=40;clients=50
1779647236527,PUT,147,4,benchKey_20_25,bytes=30;client_id=20;clients=50
1779647236527,PUT,146,4,benchKey_37_25,bytes=30;client_id=37;clients=50
1779647236529,PUT,141,4,benchKey_47_25,bytes=30;client_id=47;clients=50
1779647236530,PUT,131,4,benchKey_17_25,bytes=30;client_id=17;clients=50
1779647236532,PUT,132,4,benchKey_11_25,bytes=30;client_id=11;clients=50
1779647236533,PUT,132,4,benchKey_31_25,bytes=30;client_id=31;clients=50
1779647236534,PUT,133,0,benchKey_21_25,bytes=30;client_id=21;clients=50
1779647236547,PUT,143,4,benchKey_1_25,bytes=29;client_id=1;clients=50
1779647236549,PUT,142,4,benchKey_16_25,bytes=30;client_id=16;clients=50
1779647236550,PUT,145,4,benchKey_8_25,bytes=29;client_id=8;clients=50
1779647236550,DATA_SKEW_AFTER,0,0,,node=8013;keys_count=26;active_nodes=36
1779647236551,PUT,145,4,benchKey_32_25,bytes=30;client_id=32;clients=50
1779647236552,DATA_SKEW_AFTER,0,0,,node=8003;keys_count=23;active_nodes=35
1779647236556,PUT,136,4,benchKey_42_25,bytes=30;client_id=42;clients=50
1779647236557,PUT,151,4,benchKey_22_25,bytes=30;client_id=22;clients=50
1779647236569,PUT,146,4,benchKey_39_25,bytes=30;client_id=39;clients=50
1779647236570,PUT,146,4,benchKey_25_25,bytes=30;client_id=25;clients=50
1779647236569,PUT,147,4,benchKey_38_25,bytes=30;client_id=38;clients=50
1779647236569,PUT,140,4,benchKey_5_25,bytes=29;client_id=5;clients=50
1779647236571,PUT,141,4,benchKey_43_25,bytes=30;client_id=43;clients=50
1779647236572,PUT,130,4,benchKey_46_25,bytes=30;client_id=46;clients=50
1779647236574,PUT,132,4,benchKey_23_25,bytes=30;client_id=23;clients=50
1779647236575,PUT,132,4,benchKey_13_25,bytes=30;client_id=13;clients=50
1779647236575,PUT,132,4,benchKey_9_25,bytes=29;client_id=9;clients=50
1779647236589,PUT,142,4,benchKey_27_25,bytes=30;client_id=27;clients=50
1779647236591,PUT,144,4,benchKey_36_25,bytes=30;client_id=36;clients=50
1779647236591,PUT,143,4,benchKey_2_26,bytes=29;client_id=2;clients=50
1779647236592,DATA_SKEW_AFTER,0,0,,node=8003;keys_count=23;active_nodes=36
1779647236593,PUT,144,4,benchKey_7_25,bytes=29;client_id=7;clients=50
1779647236595,DATA_SKEW_AFTER,0,0,,node=8020;keys_count=25;active_nodes=35
1779647236598,PUT,149,4,benchKey_45_26,bytes=30;client_id=45;clients=50
1779647236599,PUT,137,4,benchKey_24_26,bytes=30;client_id=24;clients=50
1779647236611,PUT,145,4,benchKey_19_25,bytes=30;client_id=19;clients=50
1779647236611,PUT,138,4,benchKey_18_26,bytes=30;client_id=18;clients=50
1779647236611,PUT,146,4,benchKey_14_25,bytes=30;client_id=14;clients=50
1779647236612,PUT,146,4,benchKey_30_26,bytes=30;client_id=30;clients=50
1779647236614,PUT,141,4,benchKey_3_26,bytes=29;client_id=3;clients=50
1779647236614,PUT,129,4,benchKey_26_26,bytes=30;client_id=26;clients=50
1779647236617,PUT,132,4,benchKey_15_26,bytes=30;client_id=15;clients=50
1779647236618,PUT,133,4,benchKey_34_26,bytes=30;client_id=34;clients=50
1779647236618,PUT,133,4,benchKey_0_26,bytes=29;client_id=0;clients=50
1779647236632,PUT,144,4,benchKey_48_26,bytes=30;client_id=48;clients=50
1779647236633,PUT,141,4,benchKey_12_26,bytes=30;client_id=12;clients=50
1779647236633,PUT,145,4,benchKey_35_26,bytes=30;client_id=35;clients=50
1779647236633,DATA_SKEW_AFTER,0,0,,node=8020;keys_count=25;active_nodes=36
1779647236634,PUT,141,4,benchKey_33_26,bytes=30;client_id=33;clients=50
1779647236637,DATA_SKEW_AFTER,0,0,,node=8018;keys_count=24;active_nodes=35
1779647236640,PUT,147,4,benchKey_28_26,bytes=30;client_id=28;clients=50
1779647236641,PUT,136,4,benchKey_41_26,bytes=30;client_id=41;clients=50
1779647236653,PUT,144,4,benchKey_4_26,bytes=29;client_id=4;clients=50
1779647236653,PUT,145,4,benchKey_49_26,bytes=30;client_id=49;clients=50
1779647236654,PUT,139,4,benchKey_10_26,bytes=30;client_id=10;clients=50
1779647236654,PUT,146,4,benchKey_29_26,bytes=30;client_id=29;clients=50
1779647236657,PUT,142,4,benchKey_6_26,bytes=29;client_id=6;clients=50
1779647236657,PUT,130,4,benchKey_44_26,bytes=30;client_id=44;clients=50
1779647236658,PUT,130,4,benchKey_40_26,bytes=30;client_id=40;clients=50
1779647236660,PUT,132,4,benchKey_20_26,bytes=30;client_id=20;clients=50
1779647236660,PUT,132,4,benchKey_37_26,bytes=30;client_id=37;clients=50
1779647236675,DATA_SKEW_AFTER,0,0,,node=8018;keys_count=25;active_nodes=36
1779647236675,PUT,142,0,benchKey_11_26,bytes=30;client_id=11;clients=50
1779647236675,PUT,145,0,benchKey_47_26,bytes=30;client_id=47;clients=50
1779647236675,PUT,145,4,benchKey_17_26,bytes=30;client_id=17;clients=50
1779647236675,PUT,141,4,benchKey_31_26,bytes=30;client_id=31;clients=50
1779647236680,DATA_SKEW_AFTER,0,0,,node=8033;keys_count=20;active_nodes=35
1779647236682,PUT,134,4,benchKey_1_26,bytes=29;client_id=1;clients=50
1779647236682,PUT,148,4,benchKey_21_26,bytes=30;client_id=21;clients=50
1779647236695,PUT,143,4,benchKey_32_26,bytes=30;client_id=32;clients=50
1779647236696,PUT,145,4,benchKey_8_26,bytes=29;client_id=8;clients=50
1779647236696,PUT,139,4,benchKey_42_26,bytes=30;client_id=42;clients=50
1779647236696,PUT,147,4,benchKey_16_26,bytes=30;client_id=16;clients=50
1779647236699,PUT,128,4,benchKey_39_26,bytes=30;client_id=39;clients=50
1779647236699,PUT,128,4,benchKey_5_26,bytes=29;client_id=5;clients=50
1779647236699,PUT,141,4,benchKey_22_26,bytes=30;client_id=22;clients=50
1779647236703,PUT,132,4,benchKey_25_26,bytes=30;client_id=25;clients=50
1779647236703,PUT,132,4,benchKey_38_26,bytes=30;client_id=38;clients=50
1779647236717,PUT,143,4,benchKey_23_26,bytes=30;client_id=23;clients=50
1779647236717,PUT,146,4,benchKey_43_26,bytes=30;client_id=43;clients=50
1779647236717,PUT,142,4,benchKey_13_26,bytes=30;client_id=13;clients=50
1779647236717,PUT,145,4,benchKey_46_26,bytes=30;client_id=46;clients=50
1779647236719,DATA_SKEW_AFTER,0,0,,node=8033;keys_count=20;active_nodes=36
1779647236724,DATA_SKEW_AFTER,0,0,,node=8014;keys_count=30;active_nodes=35
1779647236725,PUT,150,4,benchKey_9_26,bytes=29;client_id=9;clients=50
1779647236725,PUT,136,4,benchKey_27_26,bytes=30;client_id=27;clients=50
1779647236737,PUT,146,4,benchKey_36_26,bytes=30;client_id=36;clients=50
1779647236738,PUT,146,4,benchKey_2_27,bytes=29;client_id=2;clients=50
1779647236739,PUT,140,0,benchKey_45_27,bytes=30;client_id=45;clients=50
1779647236739,PUT,146,4,benchKey_7_26,bytes=29;client_id=7;clients=50
1779647236740,PUT,128,0,benchKey_19_26,bytes=30;client_id=19;clients=50
1779647236741,PUT,141,4,benchKey_24_27,bytes=30;client_id=24;clients=50
1779647236741,PUT,129,4,benchKey_18_27,bytes=30;client_id=18;clients=50
1779647236745,PUT,133,4,benchKey_30_27,bytes=30;client_id=30;clients=50
1779647236745,PUT,134,4,benchKey_14_26,bytes=30;client_id=14;clients=50
1779647236759,PUT,144,4,benchKey_26_27,bytes=30;client_id=26;clients=50
1779647236759,PUT,142,4,benchKey_15_27,bytes=30;client_id=15;clients=50
1779647236760,PUT,146,4,benchKey_3_27,bytes=29;client_id=3;clients=50
1779647236761,PUT,142,4,benchKey_34_27,bytes=30;client_id=34;clients=50
1779647236761,DATA_SKEW_AFTER,0,0,,node=8014;keys_count=31;active_nodes=36
1779647236765,DATA_SKEW_AFTER,0,0,,node=8029;keys_count=28;active_nodes=35
1779647236767,PUT,135,4,benchKey_48_27,bytes=30;client_id=48;clients=50
1779647236768,PUT,150,4,benchKey_0_27,bytes=29;client_id=0;clients=50
1779647236780,PUT,147,4,benchKey_12_27,bytes=30;client_id=12;clients=50
1779647236781,PUT,140,4,benchKey_28_27,bytes=30;client_id=28;clients=50
1779647236781,PUT,147,4,benchKey_33_27,bytes=30;client_id=33;clients=50
1779647236781,PUT,148,4,benchKey_35_27,bytes=30;client_id=35;clients=50
1779647236782,PUT,141,4,benchKey_41_27,bytes=30;client_id=41;clients=50
1779647236783,PUT,129,4,benchKey_49_27,bytes=30;client_id=49;clients=50
1779647236783,PUT,129,4,benchKey_4_27,bytes=29;client_id=4;clients=50
1779647236787,PUT,133,4,benchKey_10_27,bytes=30;client_id=10;clients=50
1779647236787,PUT,133,4,benchKey_29_27,bytes=30;client_id=29;clients=50
1779647236798,DATA_SKEW_AFTER,0,0,,node=8007;keys_count=30;active_nodes=37
1779647236801,PUT,143,4,benchKey_44_27,bytes=30;client_id=44;clients=50
1779647236802,PUT,144,4,benchKey_40_27,bytes=30;client_id=40;clients=50
1779647236802,PUT,144,4,benchKey_6_27,bytes=29;client_id=6;clients=50
1779647236802,PUT,142,4,benchKey_20_27,bytes=30;client_id=20;clients=50
1779647236803,DATA_SKEW_AFTER,0,0,,node=8029;keys_count=28;active_nodes=36
1779647236808,DATA_SKEW_AFTER,0,0,,node=8019;keys_count=26;active_nodes=35
1779647236811,PUT,150,4,benchKey_37_27,bytes=30;client_id=37;clients=50
1779647236812,PUT,136,4,benchKey_47_27,bytes=30;client_id=47;clients=50
1779647236823,PUT,148,4,benchKey_17_27,bytes=30;client_id=17;clients=50
1779647236823,PUT,148,4,benchKey_11_27,bytes=30;client_id=11;clients=50
1779647236823,PUT,148,4,benchKey_31_27,bytes=30;client_id=31;clients=50
1779647236825,PUT,142,4,benchKey_1_27,bytes=29;client_id=1;clients=50
1779647236826,PUT,143,4,benchKey_21_27,bytes=30;client_id=21;clients=50
1779647236826,PUT,129,4,benchKey_8_27,bytes=29;client_id=8;clients=50
1779647236827,PUT,131,4,benchKey_32_27,bytes=30;client_id=32;clients=50
1779647236829,PUT,133,4,benchKey_16_27,bytes=30;client_id=16;clients=50
1779647236830,PUT,134,4,benchKey_42_27,bytes=30;client_id=42;clients=50
1779647236841,DATA_SKEW_AFTER,0,0,,node=8006;keys_count=28;active_nodes=37
1779647236843,PUT,143,4,benchKey_39_27,bytes=30;client_id=39;clients=50
1779647236844,PUT,145,4,benchKey_22_27,bytes=30;client_id=22;clients=50
1779647236845,PUT,141,4,benchKey_25_27,bytes=30;client_id=25;clients=50
1779647236845,PUT,146,4,benchKey_5_27,bytes=29;client_id=5;clients=50
1779647236845,DATA_SKEW_AFTER,0,0,,node=8019;keys_count=27;active_nodes=36
1779647236849,DATA_SKEW_AFTER,0,0,,node=8002;keys_count=21;active_nodes=35
1779647236852,PUT,148,4,benchKey_38_27,bytes=30;client_id=38;clients=50
1779647236853,PUT,135,4,benchKey_23_27,bytes=30;client_id=23;clients=50
1779647236866,PUT,148,4,benchKey_13_27,bytes=30;client_id=13;clients=50
1779647236866,PUT,148,4,benchKey_46_27,bytes=30;client_id=46;clients=50
1779647236867,PUT,149,4,benchKey_43_27,bytes=30;client_id=43;clients=50
1779647236868,PUT,130,4,benchKey_36_27,bytes=30;client_id=36;clients=50
1779647236868,PUT,142,4,benchKey_9_27,bytes=29;client_id=9;clients=50
1779647236869,PUT,143,4,benchKey_27_27,bytes=30;client_id=27;clients=50
1779647236869,PUT,130,4,benchKey_2_28,bytes=29;client_id=2;clients=50
1779647236871,PUT,131,4,benchKey_45_28,bytes=30;client_id=45;clients=50
1779647236872,PUT,132,0,benchKey_7_27,bytes=29;client_id=7;clients=50
1779647236883,DATA_SKEW_AFTER,0,0,,node=8012;keys_count=33;active_nodes=37
1779647236884,PUT,144,4,benchKey_19_27,bytes=30;client_id=19;clients=50
1779647236886,PUT,144,4,benchKey_24_28,bytes=30;client_id=24;clients=50
1779647236887,DATA_SKEW_AFTER,0,0,,node=8002;keys_count=22;active_nodes=36
1779647236888,PUT,142,4,benchKey_30_28,bytes=30;client_id=30;clients=50
1779647236888,PUT,146,4,benchKey_18_28,bytes=30;client_id=18;clients=50
1779647236891,DATA_SKEW_AFTER,0,0,,node=8005;keys_count=22;active_nodes=35
1779647236893,PUT,147,4,benchKey_14_27,bytes=30;client_id=14;clients=50
1779647236896,PUT,136,4,benchKey_15_28,bytes=30;client_id=15;clients=50
1779647236908,PUT,148,4,benchKey_26_28,bytes=30;client_id=26;clients=50
1779647236909,PUT,148,4,benchKey_3_28,bytes=29;client_id=3;clients=50
1779647236909,PUT,148,4,benchKey_34_28,bytes=30;client_id=34;clients=50
1779647236910,PUT,142,4,benchKey_48_28,bytes=30;client_id=48;clients=50
1779647236910,PUT,141,4,benchKey_0_28,bytes=29;client_id=0;clients=50
1779647236911,PUT,130,4,benchKey_12_28,bytes=30;client_id=12;clients=50
1779647236911,PUT,130,4,benchKey_28_28,bytes=30;client_id=28;clients=50
1779647236912,PUT,130,0,benchKey_35_28,bytes=30;client_id=35;clients=50
1779647236913,PUT,131,4,benchKey_33_28,bytes=30;client_id=33;clients=50
1779647236925,PUT,143,4,benchKey_41_28,bytes=30;client_id=41;clients=50
1779647236925,DATA_SKEW_AFTER,0,0,,node=8016;keys_count=34;active_nodes=37
1779647236929,DATA_SKEW_AFTER,0,0,,node=8005;keys_count=22;active_nodes=36
1779647236929,PUT,146,4,benchKey_4_28,bytes=29;client_id=4;clients=50
1779647236929,PUT,146,4,benchKey_49_28,bytes=30;client_id=49;clients=50
1779647236931,PUT,143,4,benchKey_10_28,bytes=30;client_id=10;clients=50
1779647236933,DATA_SKEW_AFTER,0,0,,node=8036;keys_count=23;active_nodes=35
1779647236935,PUT,147,4,benchKey_29_28,bytes=30;client_id=29;clients=50
1779647236938,PUT,136,4,benchKey_44_28,bytes=30;client_id=44;clients=50
1779647236950,PUT,148,4,benchKey_40_28,bytes=30;client_id=40;clients=50
1779647236951,PUT,148,4,benchKey_20_28,bytes=30;client_id=20;clients=50
1779647236951,PUT,149,4,benchKey_6_28,bytes=29;client_id=6;clients=50
1779647236952,PUT,140,4,benchKey_47_28,bytes=30;client_id=47;clients=50
1779647236952,PUT,141,4,benchKey_37_28,bytes=30;client_id=37;clients=50
1779647236953,PUT,129,4,benchKey_31_28,bytes=30;client_id=31;clients=50
1779647236953,PUT,129,4,benchKey_11_28,bytes=30;client_id=11;clients=50
1779647236953,PUT,129,4,benchKey_17_28,bytes=30;client_id=17;clients=50
1779647236955,PUT,129,4,benchKey_1_28,bytes=29;client_id=1;clients=50
1779647236967,PUT,141,4,benchKey_21_28,bytes=30;client_id=21;clients=50
1779647236968,DATA_SKEW_AFTER,0,0,,node=8037;keys_count=26;active_nodes=37
1779647236971,PUT,145,0,benchKey_8_28,bytes=29;client_id=8;clients=50
1779647236971,PUT,144,4,benchKey_32_28,bytes=30;client_id=32;clients=50
1779647236972,DATA_SKEW_AFTER,0,0,,node=8036;keys_count=23;active_nodes=36
1779647236973,PUT,143,4,benchKey_16_28,bytes=30;client_id=16;clients=50
1779647236976,DATA_SKEW_AFTER,0,0,,node=8035;keys_count=21;active_nodes=35
1779647236976,PUT,145,4,benchKey_42_28,bytes=30;client_id=42;clients=50
1779647236981,PUT,137,4,benchKey_39_28,bytes=30;client_id=39;clients=50
1779647236992,PUT,148,4,benchKey_22_28,bytes=30;client_id=22;clients=50
1779647236993,PUT,147,4,benchKey_5_28,bytes=29;client_id=5;clients=50
1779647236994,PUT,149,4,benchKey_25_28,bytes=30;client_id=25;clients=50
1779647236994,PUT,141,4,benchKey_23_28,bytes=30;client_id=23;clients=50
1779647236995,PUT,128,4,benchKey_13_28,bytes=30;client_id=13;clients=50
1779647236995,PUT,127,4,benchKey_43_28,bytes=30;client_id=43;clients=50
1779647236995,PUT,143,4,benchKey_38_28,bytes=30;client_id=38;clients=50
1779647236995,PUT,128,0,benchKey_46_28,bytes=30;client_id=46;clients=50
1779647236996,PUT,127,4,benchKey_36_28,bytes=30;client_id=36;clients=50
1779647237009,DATA_SKEW_AFTER,0,0,,node=8034;keys_count=35;active_nodes=37
1779647237010,PUT,142,4,benchKey_9_28,bytes=29;client_id=9;clients=50
1779647237014,PUT,144,4,benchKey_2_29,bytes=29;client_id=2;clients=50
1779647237014,DATA_SKEW_AFTER,0,0,,node=8035;keys_count=21;active_nodes=36
1779647237014,PUT,145,4,benchKey_27_28,bytes=30;client_id=27;clients=50
1779647237015,PUT,144,4,benchKey_45_29,bytes=30;client_id=45;clients=50
1779647237018,PUT,145,4,benchKey_7_28,bytes=29;client_id=7;clients=50
1779647237018,DATA_SKEW_AFTER,0,0,,node=8009;keys_count=18;active_nodes=35
1779647237018,REBALANCE,7256,0,,keys_moved=23;active_nodes=35
1779647237022,PUT,137,4,benchKey_19_28,bytes=30;client_id=19;clients=50
1779647237034,PUT,146,4,benchKey_30_29,bytes=30;client_id=30;clients=50
1779647237034,PUT,148,4,benchKey_24_29,bytes=30;client_id=24;clients=50
1779647237035,PUT,146,4,benchKey_18_29,bytes=30;client_id=18;clients=50
1779647237036,PUT,142,4,benchKey_14_28,bytes=30;client_id=14;clients=50
1779647237037,PUT,141,4,benchKey_15_29,bytes=30;client_id=15;clients=50
1779647237037,PUT,129,4,benchKey_26_29,bytes=30;client_id=26;clients=50
1779647237038,PUT,128,4,benchKey_34_29,bytes=30;client_id=34;clients=50
1779647237038,PUT,128,4,benchKey_3_29,bytes=29;client_id=3;clients=50
1779647237039,PUT,129,4,benchKey_48_29,bytes=30;client_id=48;clients=50
1779647237052,DATA_SKEW_AFTER,0,0,,node=8021;keys_count=37;active_nodes=37
1779647237053,PUT,142,4,benchKey_0_29,bytes=29;client_id=0;clients=50
1779647237056,PUT,144,4,benchKey_28_29,bytes=30;client_id=28;clients=50
1779647237056,PUT,145,4,benchKey_12_29,bytes=30;client_id=12;clients=50
1779647237056,DATA_SKEW_AFTER,0,0,,node=8009;keys_count=19;active_nodes=36
1779647237058,PUT,145,4,benchKey_35_29,bytes=30;client_id=35;clients=50
1779647237059,PUT,146,4,benchKey_33_29,bytes=30;client_id=33;clients=50
1779647237061,PUT,135,4,benchKey_41_29,bytes=30;client_id=41;clients=50
1779647237065,PUT,135,4,benchKey_4_29,bytes=29;client_id=4;clients=50
1779647237076,PUT,141,4,benchKey_29_29,bytes=30;client_id=29;clients=50
1779647237077,PUT,145,4,benchKey_10_29,bytes=30;client_id=10;clients=50
1779647237077,PUT,147,4,benchKey_49_29,bytes=30;client_id=49;clients=50
1779647237078,PUT,140,4,benchKey_44_29,bytes=30;client_id=44;clients=50
1779647237081,PUT,130,4,benchKey_40_29,bytes=30;client_id=40;clients=50
1779647237081,PUT,129,4,benchKey_37_29,bytes=30;client_id=37;clients=50
1779647237081,PUT,130,4,benchKey_6_29,bytes=29;client_id=6;clients=50
1779647237081,PUT,129,4,benchKey_20_29,bytes=30;client_id=20;clients=50
1779647237081,PUT,128,4,benchKey_47_29,bytes=30;client_id=47;clients=50
1779647237095,PUT,142,4,benchKey_31_29,bytes=30;client_id=31;clients=50
1779647237096,DATA_SKEW_AFTER,0,0,,node=8027;keys_count=33;active_nodes=37
1779647237098,PUT,144,4,benchKey_11_29,bytes=30;client_id=11;clients=50
1779647237099,PUT,144,4,benchKey_1_29,bytes=29;client_id=1;clients=50
1779647237099,DATA_SKEW_AFTER,0,0,,node=8038;keys_count=16;active_nodes=36
1779647237099,REBALANCE,7275,0,,keys_moved=22;active_nodes=36
1779647237099,PUT,145,4,benchKey_17_29,bytes=30;client_id=17;clients=50
1779647237101,PUT,133,4,benchKey_21_29,bytes=30;client_id=21;clients=50
1779647237103,PUT,131,4,benchKey_8_29,bytes=29;client_id=8;clients=50
1779647237107,PUT,135,4,benchKey_32_29,bytes=30;client_id=32;clients=50
1779647237118,PUT,145,4,benchKey_16_29,bytes=30;client_id=16;clients=50
1779647237119,PUT,138,4,benchKey_39_29,bytes=30;client_id=39;clients=50
1779647237119,PUT,143,4,benchKey_42_29,bytes=30;client_id=42;clients=50
1779647237121,PUT,128,4,benchKey_22_29,bytes=30;client_id=22;clients=50
1779647237123,PUT,130,4,benchKey_5_29,bytes=29;client_id=5;clients=50
1779647237124,PUT,129,4,benchKey_23_29,bytes=30;client_id=23;clients=50
1779647237124,PUT,128,4,benchKey_43_29,bytes=30;client_id=43;clients=50
1779647237124,PUT,129,4,benchKey_13_29,bytes=30;client_id=13;clients=50
1779647237124,PUT,129,0,benchKey_25_29,bytes=30;client_id=25;clients=50
1779647237137,PUT,141,4,benchKey_38_29,bytes=30;client_id=38;clients=50
1779647237137,DATA_SKEW_AFTER,0,0,,node=8010;keys_count=33;active_nodes=37
1779647237139,PUT,143,4,benchKey_46_29,bytes=30;client_id=46;clients=50
1779647237141,PUT,144,0,benchKey_36_29,bytes=30;client_id=36;clients=50
1779647237142,PUT,127,4,benchKey_2_30,bytes=29;client_id=2;clients=50
1779647237142,PUT,131,4,benchKey_9_29,bytes=29;client_id=9;clients=50
1779647237143,PUT,128,4,benchKey_27_29,bytes=30;client_id=27;clients=50
1779647237145,PUT,129,4,benchKey_45_30,bytes=30;client_id=45;clients=50
1779647237149,PUT,130,4,benchKey_7_29,bytes=29;client_id=7;clients=50
1779647237160,PUT,137,4,benchKey_19_29,bytes=30;client_id=19;clients=50
1779647237161,PUT,126,4,benchKey_30_30,bytes=30;client_id=30;clients=50
1779647237162,PUT,127,4,benchKey_24_30,bytes=30;client_id=24;clients=50
1779647237162,PUT,127,4,benchKey_18_30,bytes=30;client_id=18;clients=50
1779647237166,PUT,130,4,benchKey_14_29,bytes=30;client_id=14;clients=50
1779647237166,PUT,128,0,benchKey_34_30,bytes=30;client_id=34;clients=50
1779647237166,PUT,128,4,benchKey_26_30,bytes=30;client_id=26;clients=50
1779647237166,PUT,128,4,benchKey_3_30,bytes=29;client_id=3;clients=50
1779647237167,PUT,129,4,benchKey_15_30,bytes=30;client_id=15;clients=50
1779647237180,PUT,140,4,benchKey_48_30,bytes=30;client_id=48;clients=50
1779647237181,DATA_SKEW_AFTER,0,0,,node=8025;keys_count=39;active_nodes=37
1779647237181,PUT,128,4,benchKey_0_30,bytes=29;client_id=0;clients=50
1779647237183,PUT,126,4,benchKey_28_30,bytes=30;client_id=28;clients=50
1779647237184,PUT,128,4,benchKey_12_30,bytes=30;client_id=12;clients=50
1779647237185,PUT,126,4,benchKey_33_30,bytes=30;client_id=33;clients=50
1779647237185,PUT,127,4,benchKey_35_30,bytes=30;client_id=35;clients=50
1779647237188,PUT,126,4,benchKey_41_30,bytes=30;client_id=41;clients=50
1779647237191,PUT,125,4,benchKey_4_30,bytes=29;client_id=4;clients=50
1779647237202,PUT,125,4,benchKey_29_30,bytes=30;client_id=29;clients=50
1779647237203,PUT,126,4,benchKey_10_30,bytes=30;client_id=10;clients=50
1779647237204,PUT,126,4,benchKey_44_30,bytes=30;client_id=44;clients=50
1779647237205,PUT,127,4,benchKey_49_30,bytes=30;client_id=49;clients=50
1779647237208,PUT,127,4,benchKey_40_30,bytes=30;client_id=40;clients=50
1779647237208,PUT,126,4,benchKey_6_30,bytes=29;client_id=6;clients=50
1779647237209,PUT,127,4,benchKey_37_30,bytes=30;client_id=37;clients=50
1779647237209,PUT,127,4,benchKey_20_30,bytes=30;client_id=20;clients=50
1779647237211,PUT,129,4,benchKey_47_30,bytes=30;client_id=47;clients=50
1779647237222,PUT,126,4,benchKey_31_30,bytes=30;client_id=31;clients=50
1779647237224,DATA_SKEW_AFTER,0,0,,node=8032;keys_count=34;active_nodes=37
1779647237226,PUT,127,4,benchKey_11_30,bytes=30;client_id=11;clients=50
1779647237227,PUT,125,4,benchKey_21_30,bytes=30;client_id=21;clients=50
1779647237228,PUT,124,4,benchKey_8_30,bytes=29;client_id=8;clients=50
1779647237229,PUT,129,4,benchKey_17_30,bytes=30;client_id=17;clients=50
1779647237230,PUT,130,4,benchKey_1_30,bytes=29;client_id=1;clients=50
1779647237230,PUT,123,4,benchKey_32_30,bytes=30;client_id=32;clients=50
1779647237233,PUT,114,4,benchKey_16_30,bytes=30;client_id=16;clients=50
1779647237244,PUT,124,4,benchKey_39_30,bytes=30;client_id=39;clients=50
1779647237245,PUT,125,4,benchKey_42_30,bytes=30;client_id=42;clients=50
1779647237246,PUT,124,4,benchKey_22_30,bytes=30;client_id=22;clients=50
1779647237247,PUT,123,4,benchKey_5_30,bytes=29;client_id=5;clients=50
1779647237253,PUT,128,4,benchKey_43_30,bytes=30;client_id=43;clients=50
1779647237253,PUT,128,4,benchKey_13_30,bytes=30;client_id=13;clients=50
1779647237254,PUT,129,4,benchKey_25_30,bytes=30;client_id=25;clients=50
1779647237255,PUT,118,4,benchKey_38_30,bytes=30;client_id=38;clients=50
1779647237254,PUT,129,4,benchKey_23_30,bytes=30;client_id=23;clients=50
1779647237266,DATA_SKEW_AFTER,0,0,,node=8007;keys_count=33;active_nodes=38
1779647237266,PUT,127,4,benchKey_46_30,bytes=30;client_id=46;clients=50
1779647237266,DATA_SKEW_AFTER,0,0,,node=8008;keys_count=33;active_nodes=37
1779647237270,PUT,128,4,benchKey_9_30,bytes=29;client_id=9;clients=50
1779647237270,PUT,128,4,benchKey_2_31,bytes=29;client_id=2;clients=50
1779647237271,PUT,129,4,benchKey_36_30,bytes=30;client_id=36;clients=50
1779647237271,PUT,128,4,benchKey_27_30,bytes=30;client_id=27;clients=50
1779647237272,PUT,123,4,benchKey_7_30,bytes=29;client_id=7;clients=50
1779647237273,PUT,128,4,benchKey_45_31,bytes=30;client_id=45;clients=50
1779647237275,PUT,114,4,benchKey_19_30,bytes=30;client_id=19;clients=50
1779647237286,PUT,125,4,benchKey_30_31,bytes=30;client_id=30;clients=50
1779647237287,PUT,124,4,benchKey_18_31,bytes=30;client_id=18;clients=50
1779647237288,PUT,125,0,benchKey_24_31,bytes=30;client_id=24;clients=50
1779647237289,PUT,122,4,benchKey_34_31,bytes=30;client_id=34;clients=50
1779647237297,PUT,130,4,benchKey_3_31,bytes=29;client_id=3;clients=50
1779647237298,PUT,130,4,benchKey_15_31,bytes=30;client_id=15;clients=50
1779647237298,PUT,131,4,benchKey_26_31,bytes=30;client_id=26;clients=50
1779647237298,PUT,131,4,benchKey_14_30,bytes=30;client_id=14;clients=50
1779647237298,PUT,117,4,benchKey_48_31,bytes=30;client_id=48;clients=50
1779647237308,DATA_SKEW_AFTER,0,0,,node=8039;keys_count=28;active_nodes=37
1779647237308,DATA_SKEW_AFTER,0,0,,node=8006;keys_count=31;active_nodes=38
1779647237310,PUT,128,4,benchKey_0_31,bytes=29;client_id=0;clients=50
1779647237313,PUT,128,4,benchKey_12_31,bytes=30;client_id=12;clients=50
1779647237313,PUT,127,4,benchKey_35_31,bytes=30;client_id=35;clients=50
1779647237313,PUT,127,4,benchKey_33_31,bytes=30;client_id=33;clients=50
1779647237314,PUT,130,4,benchKey_28_31,bytes=30;client_id=28;clients=50
1779647237314,PUT,126,4,benchKey_41_31,bytes=30;client_id=41;clients=50
1779647237315,PUT,123,4,benchKey_4_31,bytes=29;client_id=4;clients=50
1779647237317,PUT,115,4,benchKey_29_31,bytes=30;client_id=29;clients=50
1779647237329,PUT,124,4,benchKey_44_31,bytes=30;client_id=44;clients=50
1779647237329,PUT,125,4,benchKey_10_31,bytes=30;client_id=10;clients=50
1779647237330,PUT,125,4,benchKey_49_31,bytes=30;client_id=49;clients=50
1779647237332,PUT,123,4,benchKey_40_31,bytes=30;client_id=40;clients=50
1779647237340,PUT,131,4,benchKey_6_31,bytes=29;client_id=6;clients=50
1779647237340,PUT,128,4,benchKey_47_31,bytes=30;client_id=47;clients=50
1779647237342,PUT,131,4,benchKey_20_31,bytes=30;client_id=20;clients=50
1779647237342,PUT,132,4,benchKey_37_31,bytes=30;client_id=37;clients=50
1779647237343,PUT,119,4,benchKey_31_31,bytes=30;client_id=31;clients=50
1779647237351,DATA_SKEW_AFTER,0,0,,node=8031;keys_count=30;active_nodes=37
1779647237352,PUT,125,4,benchKey_11_31,bytes=30;client_id=11;clients=50
1779647237352,DATA_SKEW_AFTER,0,0,,node=8012;keys_count=36;active_nodes=38
1779647237356,PUT,128,4,benchKey_21_31,bytes=30;client_id=21;clients=50
1779647237356,PUT,126,4,benchKey_17_31,bytes=30;client_id=17;clients=50
1779647237358,PUT,129,4,benchKey_8_31,bytes=29;client_id=8;clients=50
1779647237359,PUT,128,4,benchKey_32_31,bytes=30;client_id=32;clients=50
1779647237359,PUT,129,4,benchKey_1_31,bytes=29;client_id=1;clients=50
1779647237360,PUT,127,4,benchKey_16_31,bytes=30;client_id=16;clients=50
1779647237362,PUT,118,4,benchKey_39_31,bytes=30;client_id=39;clients=50
1779647237372,PUT,126,4,benchKey_22_31,bytes=30;client_id=22;clients=50
1779647237373,PUT,127,4,benchKey_42_31,bytes=30;client_id=42;clients=50
1779647237375,PUT,126,4,benchKey_5_31,bytes=29;client_id=5;clients=50
1779647237375,PUT,121,4,benchKey_43_31,bytes=30;client_id=43;clients=50
1779647237383,PUT,129,4,benchKey_25_31,bytes=30;client_id=25;clients=50
1779647237384,PUT,129,4,benchKey_38_31,bytes=30;client_id=38;clients=50
1779647237384,PUT,130,4,benchKey_13_31,bytes=30;client_id=13;clients=50
1779647237386,PUT,119,4,benchKey_46_31,bytes=30;client_id=46;clients=50
1779647237386,PUT,131,4,benchKey_23_31,bytes=30;client_id=23;clients=50
1779647237394,PUT,123,4,benchKey_9_31,bytes=29;client_id=9;clients=50
1779647237395,DATA_SKEW_AFTER,0,0,,node=8016;keys_count=39;active_nodes=38
1779647237395,DATA_SKEW_AFTER,0,0,,node=8024;keys_count=38;active_nodes=37
1779647237399,PUT,127,4,benchKey_27_31,bytes=30;client_id=27;clients=50
1779647237399,PUT,128,4,benchKey_2_32,bytes=29;client_id=2;clients=50
1779647237402,PUT,130,4,benchKey_7_31,bytes=29;client_id=7;clients=50
1779647237403,PUT,132,4,benchKey_36_31,bytes=30;client_id=36;clients=50
1779647237404,PUT,118,4,benchKey_30_32,bytes=30;client_id=30;clients=50
1779647237404,PUT,131,4,benchKey_45_32,bytes=30;client_id=45;clients=50
1779647237405,PUT,130,4,benchKey_19_31,bytes=30;client_id=19;clients=50
1779647237414,PUT,126,4,benchKey_24_32,bytes=30;client_id=24;clients=50
1779647237414,PUT,126,4,benchKey_18_32,bytes=30;client_id=18;clients=50
1779647237417,PUT,128,4,benchKey_34_32,bytes=30;client_id=34;clients=50
1779647237417,PUT,120,4,benchKey_3_32,bytes=29;client_id=3;clients=50
1779647237425,PUT,126,4,benchKey_15_32,bytes=30;client_id=15;clients=50
1779647237426,PUT,127,4,benchKey_14_31,bytes=30;client_id=14;clients=50
1779647237426,PUT,127,4,benchKey_26_32,bytes=30;client_id=26;clients=50
1779647237428,PUT,129,4,benchKey_48_32,bytes=30;client_id=48;clients=50
1779647237428,PUT,117,4,benchKey_0_32,bytes=29;client_id=0;clients=50
1779647237436,DATA_SKEW_AFTER,0,0,,node=8037;keys_count=31;active_nodes=38
1779647237437,PUT,123,4,benchKey_12_32,bytes=30;client_id=12;clients=50
1779647237437,DATA_SKEW_AFTER,0,0,,node=8028;keys_count=35;active_nodes=37
1779647237441,PUT,127,4,benchKey_33_32,bytes=30;client_id=33;clients=50
1779647237442,PUT,128,4,benchKey_35_32,bytes=30;client_id=35;clients=50
1779647237445,PUT,131,4,benchKey_28_32,bytes=30;client_id=28;clients=50
1779647237445,PUT,130,4,benchKey_41_32,bytes=30;client_id=41;clients=50
1779647237446,PUT,131,4,benchKey_4_32,bytes=29;client_id=4;clients=50
1779647237447,PUT,129,4,benchKey_29_32,bytes=30;client_id=29;clients=50
1779647237447,PUT,117,4,benchKey_44_32,bytes=30;client_id=44;clients=50
1779647237456,PUT,125,4,benchKey_49_32,bytes=30;client_id=49;clients=50
1779647237456,PUT,126,4,benchKey_10_32,bytes=30;client_id=10;clients=50
1779647237459,PUT,127,4,benchKey_40_32,bytes=30;client_id=40;clients=50
1779647237460,PUT,119,4,benchKey_6_32,bytes=29;client_id=6;clients=50
1779647237467,PUT,126,4,benchKey_47_32,bytes=30;client_id=47;clients=50
1779647237468,PUT,125,4,benchKey_20_32,bytes=30;client_id=20;clients=50
1779647237468,PUT,125,4,benchKey_37_32,bytes=30;client_id=37;clients=50
1779647237469,PUT,126,4,benchKey_31_32,bytes=30;client_id=31;clients=50
1779647237470,PUT,118,4,benchKey_11_32,bytes=30;client_id=11;clients=50
1779647237478,DATA_SKEW_AFTER,0,0,,node=8034;keys_count=42;active_nodes=38
1779647237479,PUT,123,4,benchKey_21_32,bytes=30;client_id=21;clients=50
1779647237480,DATA_SKEW_AFTER,0,0,,node=8026;keys_count=38;active_nodes=37
1779647237483,PUT,125,4,benchKey_8_32,bytes=29;client_id=8;clients=50
1779647237484,PUT,127,4,benchKey_17_32,bytes=30;client_id=17;clients=50
1779647237487,PUT,127,4,benchKey_32_32,bytes=30;client_id=32;clients=50
1779647237489,PUT,128,4,benchKey_16_32,bytes=30;client_id=16;clients=50
1779647237492,PUT,129,4,benchKey_39_32,bytes=30;client_id=39;clients=50
1779647237490,PUT,117,4,benchKey_22_32,bytes=30;client_id=22;clients=50
1779647237489,PUT,128,0,benchKey_1_32,bytes=29;client_id=1;clients=50
1779647237499,PUT,126,4,benchKey_42_32,bytes=30;client_id=42;clients=50
1779647237500,PUT,124,4,benchKey_43_32,bytes=30;client_id=43;clients=50
1779647237502,PUT,126,4,benchKey_5_32,bytes=29;client_id=5;clients=50
1779647237502,PUT,118,4,benchKey_25_32,bytes=30;client_id=25;clients=50
1779647237509,PUT,124,4,benchKey_13_32,bytes=30;client_id=13;clients=50
1779647237510,PUT,125,4,benchKey_38_32,bytes=30;client_id=38;clients=50
1779647237510,PUT,124,4,benchKey_46_32,bytes=30;client_id=46;clients=50
1779647237512,PUT,125,4,benchKey_23_32,bytes=30;client_id=23;clients=50
1779647237512,PUT,118,4,benchKey_9_32,bytes=29;client_id=9;clients=50
1779647237520,DATA_SKEW_AFTER,0,0,,node=8021;keys_count=42;active_nodes=38
1779647237521,PUT,121,4,benchKey_2_33,bytes=29;client_id=2;clients=50
1779647237522,DATA_SKEW_AFTER,0,0,,node=8017;keys_count=40;active_nodes=37
1779647237526,PUT,123,4,benchKey_7_32,bytes=29;client_id=7;clients=50
1779647237526,PUT,126,4,benchKey_27_32,bytes=30;client_id=27;clients=50
1779647237529,PUT,125,4,benchKey_36_32,bytes=30;client_id=36;clients=50
1779647237531,PUT,126,4,benchKey_30_33,bytes=30;client_id=30;clients=50
1779647237532,PUT,126,4,benchKey_19_32,bytes=30;client_id=19;clients=50
1779647237532,PUT,127,4,benchKey_45_33,bytes=30;client_id=45;clients=50
1779647237534,PUT,119,4,benchKey_24_33,bytes=30;client_id=24;clients=50
1779647237541,PUT,127,4,benchKey_18_33,bytes=30;client_id=18;clients=50
1779647237542,PUT,125,4,benchKey_34_33,bytes=30;client_id=34;clients=50
1779647237543,PUT,126,4,benchKey_3_33,bytes=29;client_id=3;clients=50
1779647237545,PUT,120,4,benchKey_15_33,bytes=30;client_id=15;clients=50
1779647237552,PUT,126,4,benchKey_26_33,bytes=30;client_id=26;clients=50
1779647237553,PUT,126,4,benchKey_14_32,bytes=30;client_id=14;clients=50
1779647237554,PUT,117,4,benchKey_12_33,bytes=30;client_id=12;clients=50
1779647237554,PUT,126,4,benchKey_48_33,bytes=30;client_id=48;clients=50
1779647237556,PUT,128,4,benchKey_0_33,bytes=29;client_id=0;clients=50
1779647237563,DATA_SKEW_AFTER,0,0,,node=8027;keys_count=38;active_nodes=38
1779647237563,PUT,122,4,benchKey_33_33,bytes=30;client_id=33;clients=50
1779647237564,DATA_SKEW_AFTER,0,0,,node=8011;keys_count=37;active_nodes=37
1779647237568,PUT,123,4,benchKey_28_33,bytes=30;client_id=28;clients=50
1779647237568,PUT,126,4,benchKey_35_33,bytes=30;client_id=35;clients=50
1779647237569,DATA_SKEW_AFTER,0,0,,node=8007;keys_count=36;active_nodes=39
1779647237571,PUT,126,4,benchKey_41_33,bytes=30;client_id=41;clients=50
1779647237573,PUT,126,4,benchKey_4_33,bytes=29;client_id=4;clients=50
1779647237574,PUT,127,4,benchKey_44_33,bytes=30;client_id=44;clients=50
1779647237574,PUT,127,4,benchKey_29_33,bytes=30;client_id=29;clients=50
1779647237576,PUT,119,4,benchKey_49_33,bytes=30;client_id=49;clients=50
1779647237583,PUT,127,4,benchKey_10_33,bytes=30;client_id=10;clients=50
1779647237584,PUT,125,4,benchKey_40_33,bytes=30;client_id=40;clients=50
1779647237585,PUT,125,4,benchKey_6_33,bytes=29;client_id=6;clients=50
1779647237588,PUT,120,4,benchKey_47_33,bytes=30;client_id=47;clients=50
1779647237595,PUT,127,4,benchKey_20_33,bytes=30;client_id=20;clients=50
1779647237596,PUT,127,4,benchKey_37_33,bytes=30;client_id=37;clients=50
1779647237596,PUT,126,4,benchKey_31_33,bytes=30;client_id=31;clients=50
1779647237597,PUT,126,4,benchKey_11_33,bytes=30;client_id=11;clients=50
1779647237599,PUT,119,4,benchKey_21_33,bytes=30;client_id=21;clients=50
1779647237605,DATA_SKEW_AFTER,0,0,,node=8010;keys_count=37;active_nodes=38
1779647237605,PUT,122,4,benchKey_8_33,bytes=29;client_id=8;clients=50
1779647237606,DATA_SKEW_AFTER,0,0,,node=8004;keys_count=29;active_nodes=37
1779647237610,PUT,122,4,benchKey_32_33,bytes=30;client_id=32;clients=50
1779647237611,PUT,126,4,benchKey_17_33,bytes=30;client_id=17;clients=50
1779647237612,DATA_SKEW_AFTER,0,0,,node=8006;keys_count=35;active_nodes=39
1779647237613,PUT,121,4,benchKey_16_33,bytes=30;client_id=16;clients=50
1779647237615,PUT,122,4,benchKey_39_33,bytes=30;client_id=39;clients=50
1779647237616,PUT,123,4,benchKey_1_33,bytes=29;client_id=1;clients=50
1779647237617,PUT,124,4,benchKey_22_33,bytes=30;client_id=22;clients=50
1779647237618,PUT,119,4,benchKey_42_33,bytes=30;client_id=42;clients=50
1779647237626,PUT,124,4,benchKey_25_33,bytes=30;client_id=25;clients=50
1779647237626,PUT,126,4,benchKey_43_33,bytes=30;client_id=43;clients=50
1779647237627,PUT,125,4,benchKey_5_33,bytes=29;client_id=5;clients=50
1779647237629,PUT,119,4,benchKey_13_33,bytes=30;client_id=13;clients=50
1779647237638,PUT,125,4,benchKey_23_33,bytes=30;client_id=23;clients=50
1779647237639,PUT,128,4,benchKey_46_33,bytes=30;client_id=46;clients=50
1779647237640,PUT,129,4,benchKey_38_33,bytes=30;client_id=38;clients=50
1779647237640,PUT,127,4,benchKey_9_33,bytes=29;client_id=9;clients=50
1779647237641,PUT,119,4,benchKey_2_34,bytes=29;client_id=2;clients=50
1779647237648,DATA_SKEW_AFTER,0,0,,node=8025;keys_count=43;active_nodes=38
1779647237648,PUT,121,4,benchKey_7_33,bytes=29;client_id=7;clients=50
1779647237649,DATA_SKEW_AFTER,0,0,,node=8040;keys_count=31;active_nodes=37
1779647237652,PUT,125,4,benchKey_27_33,bytes=30;client_id=27;clients=50
1779647237652,PUT,123,4,benchKey_36_33,bytes=30;client_id=36;clients=50
1779647237654,DATA_SKEW_AFTER,0,0,,node=8012;keys_count=39;active_nodes=39
1779647237654,PUT,122,4,benchKey_30_34,bytes=30;client_id=30;clients=50
1779647237657,PUT,124,4,benchKey_19_33,bytes=30;client_id=19;clients=50
1779647237659,PUT,126,4,benchKey_45_34,bytes=30;client_id=45;clients=50
1779647237659,PUT,124,4,benchKey_24_34,bytes=30;client_id=24;clients=50
1779647237661,PUT,119,4,benchKey_18_34,bytes=30;client_id=18;clients=50
1779647237668,PUT,125,4,benchKey_3_34,bytes=29;client_id=3;clients=50
1779647237669,PUT,123,4,benchKey_15_34,bytes=30;client_id=15;clients=50
1779647237669,PUT,126,4,benchKey_34_34,bytes=30;client_id=34;clients=50
1779647237671,PUT,118,4,benchKey_26_34,bytes=30;client_id=26;clients=50
1779647237680,PUT,127,4,benchKey_14_33,bytes=30;client_id=14;clients=50
1779647237681,PUT,126,4,benchKey_48_34,bytes=30;client_id=48;clients=50
1779647237681,PUT,126,4,benchKey_12_34,bytes=30;client_id=12;clients=50
1779647237683,PUT,119,4,benchKey_33_34,bytes=30;client_id=33;clients=50
1779647237683,PUT,127,4,benchKey_0_34,bytes=29;client_id=0;clients=50
1779647237690,DATA_SKEW_AFTER,0,0,,node=8032;keys_count=41;active_nodes=38
1779647237691,PUT,122,4,benchKey_28_34,bytes=30;client_id=28;clients=50
1779647237691,DATA_SKEW_AFTER,0,0,,node=8023;keys_count=41;active_nodes=37
1779647237694,PUT,125,4,benchKey_35_34,bytes=30;client_id=35;clients=50
1779647237695,PUT,123,4,benchKey_41_34,bytes=30;client_id=41;clients=50
1779647237697,DATA_SKEW_AFTER,0,0,,node=8016;keys_count=42;active_nodes=39
1779647237698,PUT,124,4,benchKey_4_34,bytes=29;client_id=4;clients=50
1779647237699,PUT,124,4,benchKey_44_34,bytes=30;client_id=44;clients=50
1779647237702,PUT,127,4,benchKey_29_34,bytes=30;client_id=29;clients=50
1779647237702,PUT,126,4,benchKey_49_34,bytes=30;client_id=49;clients=50
1779647237704,PUT,120,4,benchKey_10_34,bytes=30;client_id=10;clients=50
1779647237710,PUT,124,4,benchKey_6_34,bytes=29;client_id=6;clients=50
1779647237711,PUT,123,4,benchKey_47_34,bytes=30;client_id=47;clients=50
1779647237711,PUT,126,4,benchKey_40_34,bytes=30;client_id=40;clients=50
1779647237713,PUT,117,4,benchKey_20_34,bytes=30;client_id=20;clients=50
1779647237722,PUT,126,4,benchKey_37_34,bytes=30;client_id=37;clients=50
1779647237723,PUT,126,4,benchKey_11_34,bytes=30;client_id=11;clients=50
1779647237724,PUT,127,4,benchKey_31_34,bytes=30;client_id=31;clients=50
1779647237725,PUT,119,4,benchKey_8_34,bytes=29;client_id=8;clients=50
1779647237726,PUT,126,4,benchKey_21_34,bytes=30;client_id=21;clients=50
1779647237733,PUT,123,4,benchKey_32_34,bytes=30;client_id=32;clients=50
1779647237733,DATA_SKEW_AFTER,0,0,,node=8008;keys_count=39;active_nodes=38
1779647237734,DATA_SKEW_AFTER,0,0,,node=8013;keys_count=37;active_nodes=37
1779647237737,PUT,124,4,benchKey_16_34,bytes=30;client_id=16;clients=50
1779647237737,PUT,126,4,benchKey_17_34,bytes=30;client_id=17;clients=50
1779647237739,DATA_SKEW_AFTER,0,0,,node=8037;keys_count=34;active_nodes=39
1779647237740,PUT,125,4,benchKey_39_34,bytes=30;client_id=39;clients=50
1779647237742,PUT,125,4,benchKey_1_34,bytes=29;client_id=1;clients=50
1779647237744,PUT,125,4,benchKey_42_34,bytes=30;client_id=42;clients=50
1779647237744,PUT,127,4,benchKey_22_34,bytes=30;client_id=22;clients=50
1779647237747,PUT,120,4,benchKey_25_34,bytes=30;client_id=25;clients=50
1779647237753,PUT,126,4,benchKey_43_34,bytes=30;client_id=43;clients=50
1779647237754,PUT,126,4,benchKey_5_34,bytes=29;client_id=5;clients=50
1779647237754,PUT,125,4,benchKey_13_34,bytes=30;client_id=13;clients=50
1779647237757,PUT,118,4,benchKey_23_34,bytes=30;client_id=23;clients=50
1779647237764,PUT,124,4,benchKey_46_34,bytes=30;client_id=46;clients=50
1779647237766,PUT,125,4,benchKey_9_34,bytes=29;client_id=9;clients=50
1779647237766,PUT,126,4,benchKey_38_34,bytes=30;client_id=38;clients=50
1779647237767,PUT,126,4,benchKey_2_35,bytes=29;client_id=2;clients=50
1779647237768,PUT,119,4,benchKey_7_34,bytes=29;client_id=7;clients=50
1779647237775,DATA_SKEW_AFTER,0,0,,node=8039;keys_count=34;active_nodes=38
1779647237776,PUT,123,4,benchKey_27_34,bytes=30;client_id=27;clients=50
1779647237776,DATA_SKEW_AFTER,0,0,,node=8003;keys_count=33;active_nodes=37
1779647237779,PUT,126,4,benchKey_36_34,bytes=30;client_id=36;clients=50
1779647237779,PUT,124,4,benchKey_30_35,bytes=30;client_id=30;clients=50
1779647237781,DATA_SKEW_AFTER,0,0,,node=8034;keys_count=45;active_nodes=39
1779647237782,PUT,124,4,benchKey_19_34,bytes=30;client_id=19;clients=50
1779647237785,PUT,125,4,benchKey_24_35,bytes=30;client_id=24;clients=50
1779647237787,PUT,127,4,benchKey_45_35,bytes=30;client_id=45;clients=50
1779647237787,PUT,125,4,benchKey_18_35,bytes=30;client_id=18;clients=50
1779647237789,PUT,120,4,benchKey_3_35,bytes=29;client_id=3;clients=50
1779647237796,PUT,125,4,benchKey_26_35,bytes=30;client_id=26;clients=50
1779647237796,PUT,127,4,benchKey_15_35,bytes=30;client_id=15;clients=50
1779647237797,PUT,127,4,benchKey_34_35,bytes=30;client_id=34;clients=50
1779647237799,PUT,118,4,benchKey_14_34,bytes=30;client_id=14;clients=50
1779647237807,PUT,126,4,benchKey_48_35,bytes=30;client_id=48;clients=50
1779647237808,PUT,125,4,benchKey_33_35,bytes=30;client_id=33;clients=50
1779647237808,PUT,127,4,benchKey_12_35,bytes=30;client_id=12;clients=50
1779647237809,PUT,125,4,benchKey_0_35,bytes=29;client_id=0;clients=50
1779647237810,PUT,119,4,benchKey_28_35,bytes=30;client_id=28;clients=50
1779647237817,PUT,122,4,benchKey_35_35,bytes=30;client_id=35;clients=50
1779647237817,DATA_SKEW_AFTER,0,0,,node=8031;keys_count=37;active_nodes=38
1779647237818,DATA_SKEW_AFTER,0,0,,node=8020;keys_count=38;active_nodes=37
1779647237822,PUT,124,4,benchKey_4_35,bytes=29;client_id=4;clients=50
1779647237822,PUT,127,4,benchKey_41_35,bytes=30;client_id=41;clients=50
1779647237823,DATA_SKEW_AFTER,0,0,,node=8021;keys_count=43;active_nodes=39
1779647237824,PUT,124,4,benchKey_44_35,bytes=30;client_id=44;clients=50
1779647237827,PUT,124,4,benchKey_29_35,bytes=30;client_id=29;clients=50
1779647237829,PUT,124,4,benchKey_10_35,bytes=30;client_id=10;clients=50
1779647237829,PUT,126,4,benchKey_49_35,bytes=30;client_id=49;clients=50
1779647237832,PUT,121,4,benchKey_6_35,bytes=29;client_id=6;clients=50
1779647237838,PUT,126,4,benchKey_40_35,bytes=30;client_id=40;clients=50
1779647237839,PUT,127,4,benchKey_47_35,bytes=30;client_id=47;clients=50
1779647237839,PUT,124,4,benchKey_20_35,bytes=30;client_id=20;clients=50
1779647237842,PUT,119,4,benchKey_37_35,bytes=30;client_id=37;clients=50
1779647237849,PUT,126,4,benchKey_11_35,bytes=30;client_id=11;clients=50
1779647237850,PUT,125,4,benchKey_8_35,bytes=29;client_id=8;clients=50
1779647237851,PUT,124,4,benchKey_21_35,bytes=30;client_id=21;clients=50
1779647237851,PUT,126,4,benchKey_31_35,bytes=30;client_id=31;clients=50
1779647237852,PUT,118,4,benchKey_32_35,bytes=30;client_id=32;clients=50
1779647237859,PUT,121,4,benchKey_16_35,bytes=30;client_id=16;clients=50
1779647237859,DATA_SKEW_AFTER,0,0,,node=8024;keys_count=43;active_nodes=38
1779647237860,DATA_SKEW_AFTER,0,0,,node=8018;keys_count=38;active_nodes=37
1779647237864,PUT,124,4,benchKey_39_35,bytes=30;client_id=39;clients=50
1779647237864,PUT,127,4,benchKey_17_35,bytes=30;client_id=17;clients=50
1779647237866,DATA_SKEW_AFTER,0,0,,node=8027;keys_count=40;active_nodes=39
1779647237866,PUT,123,4,benchKey_1_35,bytes=29;client_id=1;clients=50
1779647237868,PUT,123,4,benchKey_42_35,bytes=30;client_id=42;clients=50
1779647237871,PUT,123,4,benchKey_25_35,bytes=30;client_id=25;clients=50
1779647237871,PUT,126,4,benchKey_22_35,bytes=30;client_id=22;clients=50
1779647237874,PUT,120,4,benchKey_43_35,bytes=30;client_id=43;clients=50
1779647237880,PUT,126,4,benchKey_13_35,bytes=30;client_id=13;clients=50
1779647237880,PUT,126,4,benchKey_5_35,bytes=29;client_id=5;clients=50
1779647237882,PUT,124,4,benchKey_23_35,bytes=30;client_id=23;clients=50
1779647237884,PUT,119,4,benchKey_46_35,bytes=30;client_id=46;clients=50
1779647237891,PUT,125,4,benchKey_9_35,bytes=29;client_id=9;clients=50
1779647237892,PUT,124,4,benchKey_7_35,bytes=29;client_id=7;clients=50
1779647237892,PUT,125,4,benchKey_2_36,bytes=29;client_id=2;clients=50
1779647237893,PUT,126,4,benchKey_38_35,bytes=30;client_id=38;clients=50
1779647237893,PUT,117,4,benchKey_27_35,bytes=30;client_id=27;clients=50
1779647237901,DATA_SKEW_AFTER,0,0,,node=8028;keys_count=39;active_nodes=38
1779647237902,PUT,123,4,benchKey_36_35,bytes=30;client_id=36;clients=50
1779647237902,DATA_SKEW_AFTER,0,0,,node=8033;keys_count=35;active_nodes=37
1779647237906,PUT,124,4,benchKey_19_35,bytes=30;client_id=19;clients=50
1779647237907,PUT,127,4,benchKey_30_36,bytes=30;client_id=30;clients=50
1779647237907,DATA_SKEW_AFTER,0,0,,node=8010;keys_count=40;active_nodes=39
1779647237908,PUT,122,4,benchKey_24_36,bytes=30;client_id=24;clients=50
1779647237909,PUT,122,4,benchKey_18_36,bytes=30;client_id=18;clients=50
1779647237913,PUT,123,4,benchKey_3_36,bytes=29;client_id=3;clients=50
1779647237913,PUT,126,4,benchKey_45_36,bytes=30;client_id=45;clients=50
1779647237916,PUT,119,4,benchKey_26_36,bytes=30;client_id=26;clients=50
1779647237922,PUT,125,4,benchKey_34_36,bytes=30;client_id=34;clients=50
1779647237922,PUT,125,4,benchKey_15_36,bytes=30;client_id=15;clients=50
1779647237925,PUT,117,4,benchKey_48_36,bytes=30;client_id=48;clients=50
1779647237925,PUT,125,4,benchKey_14_35,bytes=30;client_id=14;clients=50
1779647237934,PUT,124,4,benchKey_28_36,bytes=30;client_id=28;clients=50
1779647237935,PUT,117,4,benchKey_35_36,bytes=30;client_id=35;clients=50
1779647237935,PUT,126,4,benchKey_12_36,bytes=30;client_id=12;clients=50
1779647237936,PUT,127,4,benchKey_0_36,bytes=29;client_id=0;clients=50
1779647237936,PUT,128,4,benchKey_33_36,bytes=30;client_id=33;clients=50
1779647237944,PUT,122,4,benchKey_4_36,bytes=29;client_id=4;clients=50
1779647237945,DATA_SKEW_AFTER,0,0,,node=8014;keys_count=42;active_nodes=37
1779647237945,DATA_SKEW_AFTER,0,0,,node=8026;keys_count=42;active_nodes=38
1779647237948,PUT,125,4,benchKey_41_36,bytes=30;client_id=41;clients=50
1779647237949,PUT,125,4,benchKey_44_36,bytes=30;client_id=44;clients=50
1779647237949,PUT,122,4,benchKey_29_36,bytes=30;client_id=29;clients=50
1779647237950,DATA_SKEW_AFTER,0,0,,node=8025;keys_count=47;active_nodes=39
1779647237951,PUT,122,4,benchKey_10_36,bytes=30;client_id=10;clients=50
1779647237954,PUT,125,4,benchKey_49_36,bytes=30;client_id=49;clients=50
1779647237955,PUT,123,4,benchKey_6_36,bytes=29;client_id=6;clients=50
1779647237958,PUT,119,4,benchKey_40_36,bytes=30;client_id=40;clients=50
1779647237964,PUT,124,4,benchKey_20_36,bytes=30;client_id=20;clients=50
1779647237964,PUT,124,4,benchKey_47_36,bytes=30;client_id=47;clients=50
1779647237966,PUT,124,4,benchKey_37_36,bytes=30;client_id=37;clients=50
1779647237966,PUT,116,4,benchKey_11_36,bytes=30;client_id=11;clients=50
1779647237976,PUT,125,4,benchKey_8_36,bytes=29;client_id=8;clients=50
1779647237976,PUT,125,4,benchKey_21_36,bytes=30;client_id=21;clients=50
1779647237977,PUT,126,4,benchKey_31_36,bytes=30;client_id=31;clients=50
1779647237978,PUT,125,4,benchKey_32_36,bytes=30;client_id=32;clients=50
1779647237979,PUT,119,4,benchKey_16_36,bytes=30;client_id=16;clients=50
1779647237986,PUT,121,4,benchKey_39_36,bytes=30;client_id=39;clients=50
1779647237986,DATA_SKEW_AFTER,0,0,,node=8017;keys_count=44;active_nodes=38
1779647237987,DATA_SKEW_AFTER,0,0,,node=8029;keys_count=41;active_nodes=37
1779647237991,PUT,125,4,benchKey_1_36,bytes=29;client_id=1;clients=50
1779647237991,PUT,123,4,benchKey_42_36,bytes=30;client_id=42;clients=50
1779647237991,PUT,126,4,benchKey_17_36,bytes=30;client_id=17;clients=50
1779647237992,DATA_SKEW_AFTER,0,0,,node=8032;keys_count=46;active_nodes=39
1779647237994,PUT,122,4,benchKey_25_36,bytes=30;client_id=25;clients=50
1779647237996,PUT,125,4,benchKey_22_36,bytes=30;client_id=22;clients=50
1779647237997,PUT,123,4,benchKey_43_36,bytes=30;client_id=43;clients=50
1779647238001,PUT,120,4,benchKey_13_36,bytes=30;client_id=13;clients=50
1779647238006,PUT,124,4,benchKey_23_36,bytes=30;client_id=23;clients=50
1779647238006,PUT,125,4,benchKey_5_36,bytes=29;client_id=5;clients=50
1779647238009,PUT,118,4,benchKey_9_36,bytes=29;client_id=9;clients=50
1779647238010,PUT,126,4,benchKey_46_36,bytes=30;client_id=46;clients=50
1779647238018,PUT,125,4,benchKey_2_37,bytes=29;client_id=2;clients=50
1779647238019,PUT,126,4,benchKey_7_36,bytes=29;client_id=7;clients=50
1779647238019,PUT,126,4,benchKey_38_36,bytes=30;client_id=38;clients=50
1779647238019,PUT,126,4,benchKey_27_36,bytes=30;client_id=27;clients=50
1779647238021,PUT,118,4,benchKey_36_36,bytes=30;client_id=36;clients=50
1779647238028,PUT,121,4,benchKey_19_36,bytes=30;client_id=19;clients=50
1779647238028,DATA_SKEW_AFTER,0,0,,node=8011;keys_count=40;active_nodes=38
1779647238029,DATA_SKEW_AFTER,0,0,,node=8019;keys_count=39;active_nodes=37
1779647238033,PUT,126,4,benchKey_30_37,bytes=30;client_id=30;clients=50
1779647238033,PUT,125,4,benchKey_24_37,bytes=30;client_id=24;clients=50
1779647238034,PUT,124,4,benchKey_18_37,bytes=30;client_id=18;clients=50
1779647238034,DATA_SKEW_AFTER,0,0,,node=8008;keys_count=41;active_nodes=39
1779647238036,PUT,122,4,benchKey_3_37,bytes=29;client_id=3;clients=50
1779647238039,PUT,125,4,benchKey_45_37,bytes=30;client_id=45;clients=50
1779647238040,PUT,124,4,benchKey_26_37,bytes=30;client_id=26;clients=50
1779647238044,PUT,121,4,benchKey_34_37,bytes=30;client_id=34;clients=50
1779647238049,PUT,126,4,benchKey_15_37,bytes=30;client_id=15;clients=50
1779647238049,PUT,124,4,benchKey_48_37,bytes=30;client_id=48;clients=50
1779647238051,PUT,126,4,benchKey_14_36,bytes=30;client_id=14;clients=50
1779647238053,PUT,118,4,benchKey_28_37,bytes=30;client_id=28;clients=50
1779647238060,PUT,125,4,benchKey_35_37,bytes=30;client_id=35;clients=50
1779647238061,PUT,124,4,benchKey_33_37,bytes=30;client_id=33;clients=50
1779647238061,PUT,124,4,benchKey_0_37,bytes=29;client_id=0;clients=50
1779647238062,PUT,126,4,benchKey_12_37,bytes=30;client_id=12;clients=50
1779647238063,PUT,118,4,benchKey_4_37,bytes=29;client_id=4;clients=50
1779647238070,PUT,121,4,benchKey_41_37,bytes=30;client_id=41;clients=50
1779647238071,DATA_SKEW_AFTER,0,0,,node=8004;keys_count=34;active_nodes=38
1779647238072,DATA_SKEW_AFTER,0,0,,node=8002;keys_count=34;active_nodes=37
1779647238075,PUT,125,4,benchKey_29_37,bytes=30;client_id=29;clients=50
1779647238075,PUT,125,4,benchKey_44_37,bytes=30;client_id=44;clients=50
1779647238076,DATA_SKEW_AFTER,0,0,,node=8039;keys_count=36;active_nodes=39
1779647238076,PUT,125,4,benchKey_10_37,bytes=30;client_id=10;clients=50
1779647238078,PUT,123,4,benchKey_49_37,bytes=30;client_id=49;clients=50
1779647238081,PUT,126,4,benchKey_6_37,bytes=29;client_id=6;clients=50
1779647238082,PUT,123,4,benchKey_40_37,bytes=30;client_id=40;clients=50
1779647238087,PUT,122,4,benchKey_47_37,bytes=30;client_id=47;clients=50
1779647238092,PUT,126,4,benchKey_37_37,bytes=30;client_id=37;clients=50
1779647238092,PUT,128,4,benchKey_20_37,bytes=30;client_id=20;clients=50
1779647238094,PUT,128,4,benchKey_11_37,bytes=30;client_id=11;clients=50
1779647238095,PUT,118,4,benchKey_8_37,bytes=29;client_id=8;clients=50
1779647238102,PUT,125,4,benchKey_21_37,bytes=30;client_id=21;clients=50
1779647238102,PUT,125,4,benchKey_31_37,bytes=30;client_id=31;clients=50
1779647238103,PUT,125,4,benchKey_32_37,bytes=30;client_id=32;clients=50
1779647238104,PUT,125,4,benchKey_16_37,bytes=30;client_id=16;clients=50
1779647238105,PUT,118,4,benchKey_39_37,bytes=30;client_id=39;clients=50
1779647238112,PUT,120,4,benchKey_1_37,bytes=29;client_id=1;clients=50
1779647238113,DATA_SKEW_AFTER,0,0,,node=8040;keys_count=34;active_nodes=38
1779647238115,DATA_SKEW_AFTER,0,0,,node=8005;keys_count=34;active_nodes=37
1779647238117,PUT,125,4,benchKey_17_37,bytes=30;client_id=17;clients=50
1779647238118,PUT,126,4,benchKey_42_37,bytes=30;client_id=42;clients=50
1779647238119,DATA_SKEW_AFTER,0,0,,node=8031;keys_count=41;active_nodes=39
1779647238119,PUT,124,4,benchKey_25_37,bytes=30;client_id=25;clients=50
1779647238120,PUT,123,4,benchKey_22_37,bytes=30;client_id=22;clients=50
1779647238123,PUT,125,4,benchKey_43_37,bytes=30;client_id=43;clients=50
1779647238123,PUT,121,4,benchKey_13_37,bytes=30;client_id=13;clients=50
1779647238130,PUT,124,4,benchKey_23_37,bytes=30;client_id=23;clients=50
1779647238134,PUT,124,4,benchKey_9_37,bytes=29;client_id=9;clients=50
1779647238134,PUT,127,4,benchKey_5_37,bytes=29;client_id=5;clients=50
1779647238135,PUT,125,4,benchKey_46_37,bytes=30;client_id=46;clients=50
1779647238136,PUT,117,4,benchKey_2_38,bytes=29;client_id=2;clients=50
1779647238144,PUT,124,4,benchKey_7_37,bytes=29;client_id=7;clients=50
1779647238144,PUT,124,4,benchKey_38_37,bytes=30;client_id=38;clients=50
1779647238145,PUT,125,4,benchKey_27_37,bytes=30;client_id=27;clients=50
1779647238146,PUT,125,4,benchKey_36_37,bytes=30;client_id=36;clients=50
1779647238147,PUT,118,4,benchKey_19_37,bytes=30;client_id=19;clients=50
1779647238154,PUT,120,4,benchKey_24_38,bytes=30;client_id=24;clients=50
1779647238154,DATA_SKEW_AFTER,0,0,,node=8023;keys_count=45;active_nodes=38
1779647238157,DATA_SKEW_AFTER,0,0,,node=8036;keys_count=36;active_nodes=37
1779647238159,PUT,125,4,benchKey_30_38,bytes=30;client_id=30;clients=50
1779647238160,PUT,124,4,benchKey_3_38,bytes=29;client_id=3;clients=50
1779647238160,PUT,126,4,benchKey_18_38,bytes=30;client_id=18;clients=50
1779647238160,DATA_SKEW_AFTER,0,0,,node=8024;keys_count=45;active_nodes=39
1779647238162,PUT,122,4,benchKey_45_38,bytes=30;client_id=45;clients=50
1779647238165,PUT,120,4,benchKey_34_38,bytes=30;client_id=34;clients=50
1779647238165,PUT,124,4,benchKey_26_38,bytes=30;client_id=26;clients=50
1779647238172,PUT,122,4,benchKey_15_38,bytes=30;client_id=15;clients=50
1779647238176,PUT,126,4,benchKey_48_38,bytes=30;client_id=48;clients=50
1779647238176,PUT,124,4,benchKey_14_37,bytes=30;client_id=14;clients=50
1779647238177,PUT,123,4,benchKey_28_38,bytes=30;client_id=28;clients=50
1779647238179,PUT,118,4,benchKey_35_38,bytes=30;client_id=35;clients=50
1779647238186,PUT,125,4,benchKey_0_38,bytes=29;client_id=0;clients=50
1779647238187,PUT,125,4,benchKey_12_38,bytes=30;client_id=12;clients=50
1779647238187,PUT,126,4,benchKey_33_38,bytes=30;client_id=33;clients=50
1779647238189,PUT,118,4,benchKey_41_38,bytes=30;client_id=41;clients=50
1779647238189,PUT,126,4,benchKey_4_38,bytes=29;client_id=4;clients=50
1779647238196,PUT,121,4,benchKey_44_38,bytes=30;client_id=44;clients=50
1779647238196,DATA_SKEW_AFTER,0,0,,node=8013;keys_count=41;active_nodes=38
1779647238199,DATA_SKEW_AFTER,0,0,,node=8035;keys_count=34;active_nodes=37
1779647238201,PUT,125,4,benchKey_29_38,bytes=30;client_id=29;clients=50
1779647238202,PUT,125,4,benchKey_10_38,bytes=30;client_id=10;clients=50
1779647238202,PUT,123,4,benchKey_49_38,bytes=30;client_id=49;clients=50
1779647238202,DATA_SKEW_AFTER,0,0,,node=8028;keys_count=45;active_nodes=39
1779647238203,PUT,121,4,benchKey_6_38,bytes=29;client_id=6;clients=50
1779647238207,PUT,120,4,benchKey_47_38,bytes=30;client_id=47;clients=50
1779647238207,PUT,125,4,benchKey_40_38,bytes=30;client_id=40;clients=50
1779647238214,PUT,121,4,benchKey_37_38,bytes=30;client_id=37;clients=50
1779647238219,PUT,124,4,benchKey_11_38,bytes=30;client_id=11;clients=50
1779647238219,PUT,126,4,benchKey_20_38,bytes=30;client_id=20;clients=50
1779647238219,PUT,124,4,benchKey_8_38,bytes=29;client_id=8;clients=50
1779647238220,PUT,117,4,benchKey_21_38,bytes=30;client_id=21;clients=50
1779647238228,PUT,125,4,benchKey_31_38,bytes=30;client_id=31;clients=50
1779647238230,PUT,125,4,benchKey_16_38,bytes=30;client_id=16;clients=50
1779647238230,PUT,124,4,benchKey_39_38,bytes=30;client_id=39;clients=50
1779647238230,PUT,127,4,benchKey_32_38,bytes=30;client_id=32;clients=50
1779647238230,PUT,118,4,benchKey_1_38,bytes=29;client_id=1;clients=50
1779647238238,DATA_SKEW_AFTER,0,0,,node=8003;keys_count=38;active_nodes=38
1779647238238,PUT,121,4,benchKey_17_38,bytes=30;client_id=17;clients=50
1779647238241,DATA_SKEW_AFTER,0,0,,node=8009;keys_count=29;active_nodes=37
1779647238242,PUT,123,4,benchKey_42_38,bytes=30;client_id=42;clients=50
1779647238244,PUT,124,4,benchKey_22_38,bytes=30;client_id=22;clients=50
1779647238244,DATA_SKEW_AFTER,0,0,,node=8026;keys_count=47;active_nodes=39
1779647238245,PUT,122,4,benchKey_43_38,bytes=30;client_id=43;clients=50
1779647238245,PUT,126,4,benchKey_25_38,bytes=30;client_id=25;clients=50
1779647238249,PUT,126,4,benchKey_13_38,bytes=30;client_id=13;clients=50
1779647238249,PUT,118,4,benchKey_23_38,bytes=30;client_id=23;clients=50
1779647238256,PUT,122,4,benchKey_9_38,bytes=29;client_id=9;clients=50
1779647238261,PUT,126,4,benchKey_5_38,bytes=29;client_id=5;clients=50
1779647238262,PUT,125,4,benchKey_2_39,bytes=29;client_id=2;clients=50
1779647238262,PUT,126,4,benchKey_46_38,bytes=30;client_id=46;clients=50
1779647238262,PUT,118,4,benchKey_7_38,bytes=29;client_id=7;clients=50
1779647238270,PUT,125,4,benchKey_38_38,bytes=30;client_id=38;clients=50
1779647238272,PUT,117,4,benchKey_24_39,bytes=30;client_id=24;clients=50
1779647238272,PUT,124,4,benchKey_19_38,bytes=30;client_id=19;clients=50
1779647238273,PUT,127,4,benchKey_36_38,bytes=30;client_id=36;clients=50
1779647238274,PUT,128,4,benchKey_27_38,bytes=30;client_id=27;clients=50
1779647238280,DATA_SKEW_AFTER,0,0,,node=8020;keys_count=42;active_nodes=38
1779647238281,PUT,122,4,benchKey_30_39,bytes=30;client_id=30;clients=50
1779647238283,DATA_SKEW_AFTER,0,0,,node=8038;keys_count=27;active_nodes=37
1779647238285,PUT,124,4,benchKey_3_39,bytes=29;client_id=3;clients=50
1779647238286,DATA_SKEW_AFTER,0,0,,node=8017;keys_count=47;active_nodes=39
1779647238287,PUT,124,4,benchKey_45_39,bytes=30;client_id=45;clients=50
1779647238287,PUT,126,4,benchKey_18_39,bytes=30;client_id=18;clients=50
1779647238287,PUT,122,4,benchKey_34_39,bytes=30;client_id=34;clients=50
1779647238291,PUT,118,4,benchKey_15_39,bytes=30;client_id=15;clients=50
1779647238291,PUT,125,4,benchKey_26_39,bytes=30;client_id=26;clients=50
1779647238298,PUT,121,4,benchKey_14_38,bytes=30;client_id=14;clients=50
1779647238304,PUT,117,4,benchKey_0_39,bytes=29;client_id=0;clients=50
1779647238305,PUT,125,4,benchKey_35_39,bytes=30;client_id=35;clients=50
1779647238305,PUT,128,4,benchKey_48_39,bytes=30;client_id=48;clients=50
1779647238305,PUT,128,4,benchKey_28_39,bytes=30;client_id=28;clients=50
1779647238313,PUT,126,4,benchKey_12_39,bytes=30;client_id=12;clients=50
1779647238314,PUT,125,4,benchKey_4_39,bytes=29;client_id=4;clients=50
1779647238314,PUT,126,4,benchKey_33_39,bytes=30;client_id=33;clients=50
1779647238315,PUT,125,4,benchKey_41_39,bytes=30;client_id=41;clients=50
1779647238315,PUT,118,4,benchKey_44_39,bytes=30;client_id=44;clients=50
1779647238322,DATA_SKEW_AFTER,0,0,,node=8018;keys_count=43;active_nodes=38
1779647238324,PUT,122,4,benchKey_29_39,bytes=30;client_id=29;clients=50
1779647238325,DATA_SKEW_AFTER,0,0,,node=8001;keys_count=19;active_nodes=37
1779647238325,REBALANCE,8445,0,,keys_moved=35;active_nodes=37
1779647238327,PUT,125,4,benchKey_10_39,bytes=30;client_id=10;clients=50
1779647238328,DATA_SKEW_AFTER,0,0,,node=8011;keys_count=42;active_nodes=39
1779647238329,PUT,121,4,benchKey_40_39,bytes=30;client_id=40;clients=50
1779647238330,PUT,127,4,benchKey_49_39,bytes=30;client_id=49;clients=50
1779647238330,PUT,126,4,benchKey_6_39,bytes=29;client_id=6;clients=50
1779647238333,PUT,125,4,benchKey_47_39,bytes=30;client_id=47;clients=50
1779647238333,PUT,119,4,benchKey_37_39,bytes=30;client_id=37;clients=50
1779647238340,PUT,120,4,benchKey_11_39,bytes=30;client_id=11;clients=50
1779647238346,PUT,126,4,benchKey_20_39,bytes=30;client_id=20;clients=50
1779647238347,PUT,127,4,benchKey_8_39,bytes=29;client_id=8;clients=50
1779647238347,PUT,127,4,benchKey_21_39,bytes=30;client_id=21;clients=50
1779647238347,PUT,119,4,benchKey_31_39,bytes=30;client_id=31;clients=50
1779647238356,PUT,125,4,benchKey_39_39,bytes=30;client_id=39;clients=50
1779647238356,PUT,125,4,benchKey_32_39,bytes=30;client_id=32;clients=50
1779647238356,PUT,126,4,benchKey_16_39,bytes=30;client_id=16;clients=50
1779647238358,PUT,128,4,benchKey_1_39,bytes=29;client_id=1;clients=50
1779647238358,PUT,119,4,benchKey_17_39,bytes=30;client_id=17;clients=50
1779647238365,DATA_SKEW_AFTER,0,0,,node=8033;keys_count=39;active_nodes=38
1779647238366,PUT,124,4,benchKey_42_39,bytes=30;client_id=42;clients=50
1779647238367,PUT,123,4,benchKey_22_39,bytes=30;client_id=22;clients=50
1779647238369,PUT,123,4,benchKey_43_39,bytes=30;client_id=43;clients=50
1779647238371,PUT,125,4,benchKey_25_39,bytes=30;client_id=25;clients=50
1779647238372,DATA_SKEW_AFTER,0,0,,node=8004;keys_count=38;active_nodes=39
1779647238372,PUT,122,4,benchKey_13_39,bytes=30;client_id=13;clients=50
1779647238372,PUT,123,4,benchKey_23_39,bytes=30;client_id=23;clients=50
1779647238376,PUT,119,4,benchKey_9_39,bytes=29;client_id=9;clients=50
1779647238376,PUT,115,4,benchKey_5_39,bytes=29;client_id=5;clients=50
1779647238383,PUT,120,4,benchKey_2_40,bytes=29;client_id=2;clients=50
1779647238388,PUT,126,4,benchKey_46_39,bytes=30;client_id=46;clients=50
1779647238389,PUT,126,4,benchKey_7_39,bytes=29;client_id=7;clients=50
1779647238389,PUT,118,4,benchKey_38_39,bytes=30;client_id=38;clients=50
1779647238390,PUT,117,4,benchKey_24_40,bytes=30;client_id=24;clients=50
1779647238398,PUT,124,4,benchKey_27_39,bytes=30;client_id=27;clients=50
1779647238398,PUT,124,4,benchKey_36_39,bytes=30;client_id=36;clients=50
1779647238399,PUT,126,4,benchKey_19_39,bytes=30;client_id=19;clients=50
1779647238400,PUT,114,4,benchKey_3_40,bytes=29;client_id=3;clients=50
1779647238400,PUT,118,4,benchKey_30_40,bytes=30;client_id=30;clients=50
1779647238407,DATA_SKEW_AFTER,0,0,,node=8014;keys_count=47;active_nodes=38
1779647238409,PUT,121,4,benchKey_45_40,bytes=30;client_id=45;clients=50
1779647238409,PUT,121,4,benchKey_18_40,bytes=30;client_id=18;clients=50
1779647238411,PUT,123,4,benchKey_34_40,bytes=30;client_id=34;clients=50
1779647238414,PUT,116,4,benchKey_14_39,bytes=30;client_id=14;clients=50
1779647238414,PUT,123,4,benchKey_26_40,bytes=30;client_id=26;clients=50
1779647238414,PUT,123,4,benchKey_15_40,bytes=30;client_id=15;clients=50
1779647238414,DATA_SKEW_AFTER,0,0,,node=8040;keys_count=39;active_nodes=39
1779647238419,PUT,114,4,benchKey_35_40,bytes=30;client_id=35;clients=50
1779647238419,PUT,114,4,benchKey_0_40,bytes=29;client_id=0;clients=50
1779647238426,PUT,121,4,benchKey_48_40,bytes=30;client_id=48;clients=50
1779647238430,PUT,116,4,benchKey_12_40,bytes=30;client_id=12;clients=50
1779647238430,PUT,124,4,benchKey_28_40,bytes=30;client_id=28;clients=50
1779647238432,PUT,117,4,benchKey_33_40,bytes=30;client_id=33;clients=50
1779647238432,PUT,118,4,benchKey_4_40,bytes=29;client_id=4;clients=50
1779647238440,PUT,125,4,benchKey_44_40,bytes=30;client_id=44;clients=50
1779647238441,PUT,126,4,benchKey_41_40,bytes=30;client_id=41;clients=50
1779647238442,PUT,118,4,benchKey_29_40,bytes=30;client_id=29;clients=50
1779647238442,PUT,114,4,benchKey_10_40,bytes=30;client_id=10;clients=50
1779647238442,PUT,112,4,benchKey_40_40,bytes=30;client_id=40;clients=50
1779647238450,PUT,120,4,benchKey_49_40,bytes=30;client_id=49;clients=50
1779647238450,PUT,120,4,benchKey_6_40,bytes=29;client_id=6;clients=50
1779647238450,DATA_SKEW_AFTER,0,0,,node=8029;keys_count=45;active_nodes=38
1779647238453,PUT,120,4,benchKey_37_40,bytes=30;client_id=37;clients=50
1779647238456,PUT,115,4,benchKey_11_40,bytes=30;client_id=11;clients=50
1779647238457,PUT,111,4,benchKey_20_40,bytes=30;client_id=20;clients=50
1779647238457,PUT,124,4,benchKey_47_40,bytes=30;client_id=47;clients=50
1779647238458,DATA_SKEW_AFTER,0,0,,node=8023;keys_count=48;active_nodes=39
1779647238462,PUT,114,4,benchKey_21_40,bytes=30;client_id=21;clients=50
1779647238462,PUT,114,4,benchKey_8_40,bytes=29;client_id=8;clients=50
1779647238468,PUT,120,4,benchKey_31_40,bytes=30;client_id=31;clients=50
1779647238472,PUT,115,4,benchKey_39_40,bytes=30;client_id=39;clients=50
1779647238472,PUT,115,4,benchKey_32_40,bytes=30;client_id=32;clients=50
1779647238473,PUT,116,4,benchKey_16_40,bytes=30;client_id=16;clients=50
1779647238475,PUT,116,4,benchKey_1_40,bytes=29;client_id=1;clients=50
1779647238483,PUT,116,4,benchKey_42_40,bytes=30;client_id=42;clients=50
1779647238483,PUT,124,4,benchKey_17_40,bytes=30;client_id=17;clients=50
1779647238484,PUT,112,4,benchKey_25_40,bytes=30;client_id=25;clients=50
1779647238484,PUT,116,4,benchKey_22_40,bytes=30;client_id=22;clients=50
1779647238485,PUT,115,4,benchKey_43_40,bytes=30;client_id=43;clients=50
1779647238492,DATA_SKEW_AFTER,0,0,,node=8019;keys_count=45;active_nodes=38
1779647238492,PUT,120,4,benchKey_23_40,bytes=30;client_id=23;clients=50
1779647238493,PUT,121,4,benchKey_13_40,bytes=30;client_id=13;clients=50
1779647238496,PUT,119,4,benchKey_9_40,bytes=29;client_id=9;clients=50
1779647238499,PUT,122,4,benchKey_5_40,bytes=29;client_id=5;clients=50
1779647238499,PUT,116,4,benchKey_2_41,bytes=29;client_id=2;clients=50
1779647238499,DATA_SKEW_AFTER,0,0,,node=8013;keys_count=44;active_nodes=39
1779647238499,PUT,111,4,benchKey_46_40,bytes=30;client_id=46;clients=50
1779647238504,PUT,115,4,benchKey_7_40,bytes=29;client_id=7;clients=50
1779647238504,PUT,115,4,benchKey_38_40,bytes=30;client_id=38;clients=50
1779647238511,PUT,121,4,benchKey_24_41,bytes=30;client_id=24;clients=50
1779647238514,PUT,115,4,benchKey_27_40,bytes=30;client_id=27;clients=50
1779647238514,PUT,115,4,benchKey_36_40,bytes=30;client_id=36;clients=50
1779647238515,PUT,115,4,benchKey_19_40,bytes=30;client_id=19;clients=50
1779647238516,PUT,115,4,benchKey_3_41,bytes=29;client_id=3;clients=50
1779647238525,PUT,124,4,benchKey_30_41,bytes=30;client_id=30;clients=50
1779647238525,PUT,116,4,benchKey_18_41,bytes=30;client_id=18;clients=50
1779647238526,PUT,111,4,benchKey_14_40,bytes=30;client_id=14;clients=50
1779647238526,PUT,117,4,benchKey_45_41,bytes=30;client_id=45;clients=50
1779647238526,PUT,115,4,benchKey_34_41,bytes=30;client_id=34;clients=50
1779647238534,DATA_SKEW_AFTER,0,0,,node=8002;keys_count=39;active_nodes=38
1779647238534,PUT,119,4,benchKey_26_41,bytes=30;client_id=26;clients=50
1779647238535,PUT,120,4,benchKey_15_41,bytes=30;client_id=15;clients=50
1779647238538,PUT,119,4,benchKey_35_41,bytes=30;client_id=35;clients=50
1779647238541,PUT,110,4,benchKey_12_41,bytes=30;client_id=12;clients=50
1779647238542,PUT,115,4,benchKey_48_41,bytes=30;client_id=48;clients=50
1779647238542,PUT,122,4,benchKey_0_41,bytes=29;client_id=0;clients=50
1779647238542,DATA_SKEW_AFTER,0,0,,node=8003;keys_count=42;active_nodes=39
1779647238545,PUT,115,4,benchKey_28_41,bytes=30;client_id=28;clients=50
1779647238546,PUT,114,4,benchKey_33_41,bytes=30;client_id=33;clients=50
1779647238554,PUT,121,4,benchKey_4_41,bytes=29;client_id=4;clients=50
1779647238555,PUT,113,4,benchKey_41_41,bytes=30;client_id=41;clients=50
1779647238555,PUT,114,4,benchKey_44_41,bytes=30;client_id=44;clients=50
1779647238557,PUT,114,4,benchKey_29_41,bytes=30;client_id=29;clients=50
1779647238557,PUT,114,4,benchKey_10_41,bytes=30;client_id=10;clients=50
1779647238567,PUT,124,4,benchKey_40_41,bytes=30;client_id=40;clients=50
1779647238567,PUT,116,4,benchKey_49_41,bytes=30;client_id=49;clients=50
1779647238568,PUT,112,4,benchKey_11_41,bytes=30;client_id=11;clients=50
1779647238569,PUT,115,4,benchKey_37_41,bytes=30;client_id=37;clients=50
1779647238569,PUT,119,4,benchKey_6_41,bytes=29;client_id=6;clients=50
1779647238576,PUT,118,4,benchKey_20_41,bytes=30;client_id=20;clients=50
1779647238577,DATA_SKEW_AFTER,0,0,,node=8005;keys_count=41;active_nodes=38
1779647238579,PUT,121,4,benchKey_47_41,bytes=30;client_id=47;clients=50
1779647238581,PUT,118,4,benchKey_21_41,bytes=30;client_id=21;clients=50
1779647238582,PUT,119,4,benchKey_8_41,bytes=29;client_id=8;clients=50
1779647238584,PUT,112,4,benchKey_32_41,bytes=30;client_id=32;clients=50
1779647238584,PUT,116,4,benchKey_31_41,bytes=30;client_id=31;clients=50
1779647238584,DATA_SKEW_AFTER,0,0,,node=8020;keys_count=45;active_nodes=39
1779647238588,PUT,116,4,benchKey_39_41,bytes=30;client_id=39;clients=50
1779647238588,PUT,115,4,benchKey_16_41,bytes=30;client_id=16;clients=50
1779647238596,PUT,121,4,benchKey_1_41,bytes=29;client_id=1;clients=50
1779647238597,PUT,113,4,benchKey_17_41,bytes=30;client_id=17;clients=50
1779647238597,PUT,114,4,benchKey_42_41,bytes=30;client_id=42;clients=50
1779647238599,PUT,114,4,benchKey_25_41,bytes=30;client_id=25;clients=50
1779647238599,PUT,114,4,benchKey_22_41,bytes=30;client_id=22;clients=50
1779647238609,PUT,124,4,benchKey_43_41,bytes=30;client_id=43;clients=50
1779647238609,PUT,116,4,benchKey_23_41,bytes=30;client_id=23;clients=50
1779647238610,PUT,116,4,benchKey_13_41,bytes=30;client_id=13;clients=50
1779647238610,PUT,113,4,benchKey_9_41,bytes=29;client_id=9;clients=50
1779647238611,PUT,111,4,benchKey_5_41,bytes=29;client_id=5;clients=50
1779647238619,DATA_SKEW_AFTER,0,0,,node=8036;keys_count=42;active_nodes=38
1779647238620,PUT,120,4,benchKey_2_42,bytes=29;client_id=2;clients=50
1779647238621,PUT,121,4,benchKey_46_41,bytes=30;client_id=46;clients=50
1779647238623,PUT,119,4,benchKey_7_41,bytes=29;client_id=7;clients=50
1779647238624,PUT,120,4,benchKey_38_41,bytes=30;client_id=38;clients=50
1779647238627,PUT,113,4,benchKey_36_41,bytes=30;client_id=36;clients=50
1779647238627,DATA_SKEW_AFTER,0,0,,node=8018;keys_count=45;active_nodes=39
1779647238627,PUT,116,4,benchKey_24_42,bytes=30;client_id=24;clients=50
1779647238630,PUT,116,4,benchKey_27_41,bytes=30;client_id=27;clients=50
1779647238630,PUT,115,4,benchKey_19_41,bytes=30;client_id=19;clients=50
1779647238637,PUT,121,4,benchKey_3_42,bytes=29;client_id=3;clients=50
1779647238639,PUT,113,4,benchKey_30_42,bytes=30;client_id=30;clients=50
1779647238639,PUT,113,4,benchKey_18_42,bytes=30;client_id=18;clients=50
1779647238641,PUT,114,4,benchKey_14_41,bytes=30;client_id=14;clients=50
1779647238641,PUT,114,4,benchKey_45_42,bytes=30;client_id=45;clients=50
1779647238651,PUT,124,4,benchKey_34_42,bytes=30;client_id=34;clients=50
1779647238651,PUT,117,4,benchKey_26_42,bytes=30;client_id=26;clients=50
1779647238652,PUT,117,4,benchKey_15_42,bytes=30;client_id=15;clients=50
1779647238652,PUT,111,4,benchKey_12_42,bytes=30;client_id=12;clients=50
1779647238654,PUT,115,4,benchKey_35_42,bytes=30;client_id=35;clients=50
1779647238661,DATA_SKEW_AFTER,0,0,,node=8035;keys_count=39;active_nodes=38
1779647238663,PUT,121,4,benchKey_48_42,bytes=30;client_id=48;clients=50
1779647238663,PUT,121,4,benchKey_0_42,bytes=29;client_id=0;clients=50
1779647238665,PUT,119,4,benchKey_28_42,bytes=30;client_id=28;clients=50
1779647238666,PUT,119,4,benchKey_33_42,bytes=30;client_id=33;clients=50
1779647238669,DATA_SKEW_AFTER,0,0,,node=8033;keys_count=41;active_nodes=39
1779647238670,PUT,115,4,benchKey_4_42,bytes=29;client_id=4;clients=50
1779647238670,PUT,114,4,benchKey_41_42,bytes=30;client_id=41;clients=50
1779647238672,PUT,114,4,benchKey_29_42,bytes=30;client_id=29;clients=50
1779647238673,PUT,117,4,benchKey_44_42,bytes=30;client_id=44;clients=50
1779647238679,PUT,121,4,benchKey_10_42,bytes=30;client_id=10;clients=50
1779647238681,PUT,113,4,benchKey_49_42,bytes=30;client_id=49;clients=50
1779647238681,PUT,113,4,benchKey_40_42,bytes=30;client_id=40;clients=50
1779647238683,PUT,114,4,benchKey_11_42,bytes=30;client_id=11;clients=50
1779647238684,PUT,114,4,benchKey_37_42,bytes=30;client_id=37;clients=50
1779647238694,PUT,117,4,benchKey_20_42,bytes=30;client_id=20;clients=50
1779647238694,PUT,124,4,benchKey_6_42,bytes=29;client_id=6;clients=50
1779647238695,PUT,113,4,benchKey_21_42,bytes=30;client_id=21;clients=50
1779647238695,PUT,116,4,benchKey_47_42,bytes=30;client_id=47;clients=50
1779647238697,PUT,114,4,benchKey_8_42,bytes=29;client_id=8;clients=50
1779647238703,DATA_SKEW_AFTER,0,0,,node=8009;keys_count=33;active_nodes=38
1779647238705,PUT,120,4,benchKey_31_42,bytes=30;client_id=31;clients=50
1779647238705,PUT,120,4,benchKey_32_42,bytes=30;client_id=32;clients=50
1779647238708,PUT,119,4,benchKey_39_42,bytes=30;client_id=39;clients=50
1779647238708,PUT,120,4,benchKey_16_42,bytes=30;client_id=16;clients=50
1779647238711,PUT,115,4,benchKey_1_42,bytes=29;client_id=1;clients=50
1779647238712,DATA_SKEW_AFTER,0,0,,node=8014;keys_count=49;active_nodes=39
1779647238713,PUT,115,4,benchKey_17_42,bytes=30;client_id=17;clients=50
1779647238713,PUT,115,4,benchKey_42_42,bytes=30;client_id=42;clients=50
1779647238714,PUT,114,4,benchKey_22_42,bytes=30;client_id=22;clients=50
1779647238721,PUT,122,4,benchKey_25_42,bytes=30;client_id=25;clients=50
1779647238723,PUT,113,4,benchKey_23_42,bytes=30;client_id=23;clients=50
1779647238724,PUT,114,4,benchKey_43_42,bytes=30;client_id=43;clients=50
1779647238724,PUT,113,4,benchKey_9_42,bytes=29;client_id=9;clients=50
1779647238726,PUT,115,4,benchKey_13_42,bytes=30;client_id=13;clients=50
1779647238736,PUT,115,4,benchKey_2_43,bytes=29;client_id=2;clients=50
1779647238736,PUT,114,4,benchKey_46_42,bytes=30;client_id=46;clients=50
1779647238736,PUT,125,4,benchKey_5_42,bytes=29;client_id=5;clients=50
1779647238738,PUT,114,4,benchKey_7_42,bytes=29;client_id=7;clients=50
1779647238740,PUT,115,4,benchKey_38_42,bytes=30;client_id=38;clients=50
1779647238745,DATA_SKEW_AFTER,0,0,,node=8038;keys_count=32;active_nodes=38
1779647238747,PUT,119,4,benchKey_24_43,bytes=30;client_id=24;clients=50
1779647238747,PUT,119,4,benchKey_36_42,bytes=30;client_id=36;clients=50
1779647238750,PUT,119,4,benchKey_27_42,bytes=30;client_id=27;clients=50
1779647238751,PUT,120,4,benchKey_19_42,bytes=30;client_id=19;clients=50
1779647238753,PUT,115,4,benchKey_3_43,bytes=29;client_id=3;clients=50
1779647238753,DATA_SKEW_AFTER,0,0,,node=8029;keys_count=50;active_nodes=39
1779647238755,PUT,115,4,benchKey_30_43,bytes=30;client_id=30;clients=50
1779647238755,PUT,113,4,benchKey_14_42,bytes=30;client_id=14;clients=50
1779647238756,PUT,116,4,benchKey_18_43,bytes=30;client_id=18;clients=50
1779647238764,PUT,123,4,benchKey_45_43,bytes=30;client_id=45;clients=50
1779647238765,PUT,113,4,benchKey_34_43,bytes=30;client_id=34;clients=50
1779647238765,PUT,113,4,benchKey_26_43,bytes=30;client_id=26;clients=50
1779647238765,PUT,113,4,benchKey_15_43,bytes=30;client_id=15;clients=50
1779647238768,PUT,115,4,benchKey_12_43,bytes=30;client_id=12;clients=50
1779647238778,PUT,114,4,benchKey_0_43,bytes=29;client_id=0;clients=50
1779647238778,PUT,124,4,benchKey_35_43,bytes=30;client_id=35;clients=50
1779647238779,PUT,113,4,benchKey_28_43,bytes=30;client_id=28;clients=50
1779647238779,PUT,115,4,benchKey_48_43,bytes=30;client_id=48;clients=50
1779647238782,PUT,115,4,benchKey_33_43,bytes=30;client_id=33;clients=50
1779647238787,DATA_SKEW_AFTER,0,0,,node=8001;keys_count=26;active_nodes=38
1779647238789,PUT,118,4,benchKey_41_43,bytes=30;client_id=41;clients=50
1779647238790,PUT,119,4,benchKey_4_43,bytes=29;client_id=4;clients=50
1779647238792,PUT,118,4,benchKey_44_43,bytes=30;client_id=44;clients=50
1779647238792,PUT,120,4,benchKey_29_43,bytes=30;client_id=29;clients=50
1779647238794,PUT,114,4,benchKey_10_43,bytes=30;client_id=10;clients=50
1779647238795,DATA_SKEW_AFTER,0,0,,node=8019;keys_count=47;active_nodes=39
1779647238796,PUT,114,4,benchKey_40_43,bytes=30;client_id=40;clients=50
1779647238797,PUT,115,4,benchKey_49_43,bytes=30;client_id=49;clients=50
1779647238797,PUT,114,4,benchKey_11_43,bytes=30;client_id=11;clients=50
1779647238807,PUT,123,4,benchKey_37_43,bytes=30;client_id=37;clients=50
1779647238807,PUT,112,4,benchKey_21_43,bytes=30;client_id=21;clients=50
1779647238807,PUT,112,4,benchKey_6_43,bytes=29;client_id=6;clients=50
1779647238808,PUT,113,4,benchKey_20_43,bytes=30;client_id=20;clients=50
1779647238809,PUT,113,4,benchKey_47_43,bytes=30;client_id=47;clients=50
1779647238820,PUT,122,4,benchKey_8_43,bytes=29;client_id=8;clients=50
1779647238820,PUT,114,4,benchKey_32_43,bytes=30;client_id=32;clients=50
1779647238820,PUT,115,4,benchKey_31_43,bytes=30;client_id=31;clients=50
1779647238821,PUT,112,4,benchKey_39_43,bytes=30;client_id=39;clients=50
1779647238824,PUT,115,4,benchKey_16_43,bytes=30;client_id=16;clients=50
1779647238830,DATA_SKEW_AFTER,0,0,,node=8022;keys_count=24;active_nodes=38
1779647238830,REBALANCE,8905,0,,keys_moved=45;active_nodes=38
1779647238831,PUT,119,4,benchKey_1_43,bytes=29;client_id=1;clients=50
1779647238831,PUT,118,4,benchKey_42_43,bytes=30;client_id=42;clients=50
1779647238834,PUT,119,4,benchKey_22_43,bytes=30;client_id=22;clients=50
1779647238834,PUT,120,4,benchKey_17_43,bytes=30;client_id=17;clients=50
1779647238836,PUT,114,4,benchKey_25_43,bytes=30;client_id=25;clients=50
1779647238837,DATA_SKEW_AFTER,0,0,,node=8002;keys_count=44;active_nodes=39
1779647238839,PUT,116,4,benchKey_23_43,bytes=30;client_id=23;clients=50
1779647238839,PUT,115,4,benchKey_43_43,bytes=30;client_id=43;clients=50
1779647238840,PUT,115,4,benchKey_9_43,bytes=29;client_id=9;clients=50
1779647238849,PUT,112,4,benchKey_46_43,bytes=30;client_id=46;clients=50
1779647238850,PUT,113,4,benchKey_2_44,bytes=29;client_id=2;clients=50
1779647238850,PUT,112,4,benchKey_7_43,bytes=29;client_id=7;clients=50
1779647238850,PUT,124,4,benchKey_13_43,bytes=30;client_id=13;clients=50
1779647238851,PUT,114,4,benchKey_5_43,bytes=29;client_id=5;clients=50
1779647238862,PUT,122,4,benchKey_38_43,bytes=30;client_id=38;clients=50
1779647238863,PUT,113,4,benchKey_27_43,bytes=30;client_id=27;clients=50
1779647238863,PUT,115,4,benchKey_24_44,bytes=30;client_id=24;clients=50
1779647238863,PUT,116,4,benchKey_36_43,bytes=30;client_id=36;clients=50
1779647238867,PUT,116,4,benchKey_19_43,bytes=30;client_id=19;clients=50
1779647238872,PUT,119,4,benchKey_3_44,bytes=29;client_id=3;clients=50
1779647238873,PUT,117,4,benchKey_14_43,bytes=30;client_id=14;clients=50
1779647238874,PUT,118,4,benchKey_30_44,bytes=30;client_id=30;clients=50
1779647238877,PUT,121,4,benchKey_18_44,bytes=30;client_id=18;clients=50
1779647238877,PUT,112,4,benchKey_45_44,bytes=30;client_id=45;clients=50
1779647238877,PUT,111,4,benchKey_34_44,bytes=30;client_id=34;clients=50
1779647238879,DATA_SKEW_AFTER,0,0,,node=8005;keys_count=45;active_nodes=39
1779647238881,PUT,115,4,benchKey_15_44,bytes=30;client_id=15;clients=50
1779647238881,PUT,115,4,benchKey_26_44,bytes=30;client_id=26;clients=50
1779647238882,PUT,114,4,benchKey_12_44,bytes=30;client_id=12;clients=50
1779647238891,PUT,112,4,benchKey_35_44,bytes=30;client_id=35;clients=50
1779647238893,PUT,115,4,benchKey_0_44,bytes=29;client_id=0;clients=50
1779647238893,PUT,114,4,benchKey_48_44,bytes=30;client_id=48;clients=50
1779647238893,PUT,111,4,benchKey_33_44,bytes=30;client_id=33;clients=50
1779647238894,PUT,114,4,benchKey_28_44,bytes=30;client_id=28;clients=50
1779647238904,PUT,115,4,benchKey_41_44,bytes=30;client_id=41;clients=50
1779647238906,PUT,115,4,benchKey_4_44,bytes=29;client_id=4;clients=50
1779647238906,PUT,113,4,benchKey_44_44,bytes=30;client_id=44;clients=50
1779647238906,PUT,114,4,benchKey_29_44,bytes=30;client_id=29;clients=50
1779647238909,PUT,115,4,benchKey_10_44,bytes=30;client_id=10;clients=50
1779647238914,PUT,118,4,benchKey_40_44,bytes=30;client_id=40;clients=50
1779647238914,PUT,116,4,benchKey_11_44,bytes=30;client_id=11;clients=50
1779647238915,PUT,117,4,benchKey_49_44,bytes=30;client_id=49;clients=50
1779647238919,PUT,111,4,benchKey_6_44,bytes=29;client_id=6;clients=50
1779647238920,PUT,112,4,benchKey_37_44,bytes=30;client_id=37;clients=50
1779647238920,PUT,112,4,benchKey_21_44,bytes=30;client_id=21;clients=50
1779647238922,DATA_SKEW_AFTER,0,0,,node=8036;keys_count=46;active_nodes=39
1779647238923,PUT,114,4,benchKey_47_44,bytes=30;client_id=47;clients=50
1779647238923,PUT,103,4,benchKey_8_44,bytes=29;client_id=8;clients=50
1779647238923,PUT,115,4,benchKey_20_44,bytes=30;client_id=20;clients=50
1779647238933,PUT,113,4,benchKey_32_44,bytes=30;client_id=32;clients=50
1779647238935,PUT,104,4,benchKey_42_44,bytes=30;client_id=42;clients=50
1779647238935,PUT,115,4,benchKey_31_44,bytes=30;client_id=31;clients=50
1779647238935,PUT,111,4,benchKey_16_44,bytes=30;client_id=16;clients=50
1779647238936,PUT,114,4,benchKey_39_44,bytes=30;client_id=39;clients=50
1779647238946,PUT,114,4,benchKey_1_44,bytes=29;client_id=1;clients=50
1779647238948,PUT,112,4,benchKey_25_44,bytes=30;client_id=25;clients=50
1779647238948,PUT,114,4,benchKey_22_44,bytes=30;client_id=22;clients=50
1779647238949,PUT,114,4,benchKey_17_44,bytes=30;client_id=17;clients=50
1779647238951,PUT,111,4,benchKey_23_44,bytes=30;client_id=23;clients=50
1779647238956,PUT,116,4,benchKey_43_44,bytes=30;client_id=43;clients=50
1779647238957,PUT,117,4,benchKey_9_44,bytes=29;client_id=9;clients=50
1779647238957,PUT,108,4,benchKey_46_44,bytes=30;client_id=46;clients=50
1779647238962,PUT,112,4,benchKey_2_45,bytes=29;client_id=2;clients=50
1779647238963,PUT,112,4,benchKey_7_44,bytes=29;client_id=7;clients=50
1779647238963,PUT,113,4,benchKey_13_44,bytes=30;client_id=13;clients=50
1779647238965,DATA_SKEW_AFTER,0,0,,node=8035;keys_count=42;active_nodes=39
1779647238965,PUT,113,4,benchKey_5_44,bytes=29;client_id=5;clients=50
1779647238966,PUT,103,4,benchKey_38_44,bytes=30;client_id=38;clients=50
1779647238966,PUT,103,4,benchKey_27_44,bytes=30;client_id=27;clients=50
1779647238976,PUT,113,4,benchKey_24_45,bytes=30;client_id=24;clients=50
1779647238978,PUT,105,4,benchKey_14_44,bytes=30;client_id=14;clients=50
1779647238978,PUT,114,4,benchKey_36_44,bytes=30;client_id=36;clients=50
1779647238978,PUT,106,4,benchKey_3_45,bytes=29;client_id=3;clients=50
1779647238978,PUT,110,4,benchKey_19_44,bytes=30;client_id=19;clients=50
1779647238988,PUT,114,4,benchKey_30_45,bytes=30;client_id=30;clients=50
1779647238990,PUT,112,4,benchKey_45_45,bytes=30;client_id=45;clients=50
1779647238990,PUT,112,4,benchKey_34_45,bytes=30;client_id=34;clients=50
1779647238990,PUT,112,4,benchKey_18_45,bytes=30;client_id=18;clients=50
1779647238992,PUT,110,4,benchKey_15_45,bytes=30;client_id=15;clients=50
1779647238999,PUT,117,4,benchKey_12_45,bytes=30;client_id=12;clients=50
1779647238999,PUT,118,4,benchKey_26_45,bytes=30;client_id=26;clients=50
1779647238999,PUT,108,4,benchKey_35_45,bytes=30;client_id=35;clients=50
1779647239004,PUT,110,4,benchKey_33_45,bytes=30;client_id=33;clients=50
1779647239005,PUT,111,4,benchKey_0_45,bytes=29;client_id=0;clients=50
1779647239005,PUT,111,4,benchKey_48_45,bytes=30;client_id=48;clients=50
1779647239007,DATA_SKEW_AFTER,0,0,,node=8009;keys_count=36;active_nodes=39
1779647239008,PUT,114,4,benchKey_28_45,bytes=30;client_id=28;clients=50
1779647239008,PUT,103,4,benchKey_41_45,bytes=30;client_id=41;clients=50
1779647239008,PUT,102,4,benchKey_44_45,bytes=30;client_id=44;clients=50
1779647239018,PUT,112,4,benchKey_4_45,bytes=29;client_id=4;clients=50
1779647239020,PUT,105,4,benchKey_11_45,bytes=30;client_id=11;clients=50
1779647239020,PUT,105,4,benchKey_40_45,bytes=30;client_id=40;clients=50
1779647239020,PUT,110,4,benchKey_10_45,bytes=30;client_id=10;clients=50
1779647239020,PUT,113,4,benchKey_29_45,bytes=30;client_id=29;clients=50
1779647239030,PUT,115,4,benchKey_49_45,bytes=30;client_id=49;clients=50
1779647239032,PUT,112,4,benchKey_6_45,bytes=29;client_id=6;clients=50
1779647239032,PUT,111,4,benchKey_37_45,bytes=30;client_id=37;clients=50
1779647239032,PUT,112,4,benchKey_21_45,bytes=30;client_id=21;clients=50
1779647239033,PUT,109,4,benchKey_47_45,bytes=30;client_id=47;clients=50
1779647239041,PUT,117,4,benchKey_20_45,bytes=30;client_id=20;clients=50
1779647239041,PUT,117,4,benchKey_8_45,bytes=29;client_id=8;clients=50
1779647239041,PUT,107,4,benchKey_32_45,bytes=30;client_id=32;clients=50
1779647239045,PUT,109,4,benchKey_31_45,bytes=30;client_id=31;clients=50
1779647239047,PUT,111,4,benchKey_16_45,bytes=30;client_id=16;clients=50
1779647239048,PUT,112,4,benchKey_42_45,bytes=30;client_id=42;clients=50
1779647239049,DATA_SKEW_AFTER,0,0,,node=8038;keys_count=36;active_nodes=39
1779647239050,PUT,101,4,benchKey_25_45,bytes=30;client_id=25;clients=50
1779647239051,PUT,104,4,benchKey_1_45,bytes=29;client_id=1;clients=50
1779647239051,PUT,115,4,benchKey_39_45,bytes=30;client_id=39;clients=50
1779647239060,PUT,111,4,benchKey_22_45,bytes=30;client_id=22;clients=50
1779647239062,PUT,110,4,benchKey_23_45,bytes=30;client_id=23;clients=50
1779647239062,PUT,105,4,benchKey_43_45,bytes=30;client_id=43;clients=50
1779647239063,PUT,114,4,benchKey_17_45,bytes=30;client_id=17;clients=50
1779647239064,PUT,107,4,benchKey_9_45,bytes=29;client_id=9;clients=50
1779647239072,PUT,114,4,benchKey_46_45,bytes=30;client_id=46;clients=50
1779647239074,PUT,111,4,benchKey_2_46,bytes=29;client_id=2;clients=50
1779647239075,PUT,109,4,benchKey_5_45,bytes=29;client_id=5;clients=50
1779647239075,PUT,111,4,benchKey_13_45,bytes=30;client_id=13;clients=50
1779647239075,PUT,111,4,benchKey_7_45,bytes=29;client_id=7;clients=50
1779647239083,PUT,116,4,benchKey_27_45,bytes=30;client_id=27;clients=50
1779647239084,PUT,107,4,benchKey_24_46,bytes=30;client_id=24;clients=50
1779647239084,PUT,117,4,benchKey_38_45,bytes=30;client_id=38;clients=50
1779647239086,PUT,107,4,benchKey_14_45,bytes=30;client_id=14;clients=50
1779647239089,PUT,110,4,benchKey_36_45,bytes=30;client_id=36;clients=50
1779647239091,PUT,112,4,benchKey_3_46,bytes=29;client_id=3;clients=50
1779647239092,PUT,113,4,benchKey_19_45,bytes=30;client_id=19;clients=50
1779647239092,PUT,102,4,benchKey_45_46,bytes=30;client_id=45;clients=50
1779647239092,DATA_SKEW_AFTER,0,0,,node=8001;keys_count=33;active_nodes=39
1779647239093,PUT,104,4,benchKey_30_46,bytes=30;client_id=30;clients=50
1779647239102,PUT,111,4,benchKey_18_46,bytes=30;client_id=18;clients=50
1779647239103,PUT,111,4,benchKey_15_46,bytes=30;client_id=15;clients=50
1779647239103,PUT,113,4,benchKey_34_46,bytes=30;client_id=34;clients=50
1779647239105,PUT,105,4,benchKey_35_46,bytes=30;client_id=35;clients=50
1779647239106,PUT,106,4,benchKey_12_46,bytes=30;client_id=12;clients=50
1779647239114,PUT,114,4,benchKey_26_46,bytes=30;client_id=26;clients=50
1779647239115,PUT,110,4,benchKey_33_46,bytes=30;client_id=33;clients=50
1779647239116,PUT,110,4,benchKey_48_46,bytes=30;client_id=48;clients=50
1779647239117,PUT,112,4,benchKey_0_46,bytes=29;client_id=0;clients=50
1779647239118,PUT,110,4,benchKey_28_46,bytes=30;client_id=28;clients=50
1779647239125,PUT,116,4,benchKey_41_46,bytes=30;client_id=41;clients=50
1779647239125,PUT,116,4,benchKey_44_46,bytes=30;client_id=44;clients=50
1779647239126,PUT,107,4,benchKey_4_46,bytes=29;client_id=4;clients=50
1779647239128,PUT,107,4,benchKey_11_46,bytes=30;client_id=11;clients=50
1779647239131,PUT,111,4,benchKey_40_46,bytes=30;client_id=40;clients=50
1779647239133,PUT,112,4,benchKey_10_46,bytes=30;client_id=10;clients=50
1779647239134,PUT,101,4,benchKey_6_46,bytes=29;client_id=6;clients=50
1779647239134,PUT,113,4,benchKey_29_46,bytes=30;client_id=29;clients=50
1779647239134,DATA_SKEW_AFTER,0,0,,node=8022;keys_count=27;active_nodes=39
1779647239135,PUT,104,4,benchKey_49_46,bytes=30;client_id=49;clients=50
1779647239145,PUT,113,4,benchKey_37_46,bytes=30;client_id=37;clients=50
1779647239145,PUT,112,4,benchKey_47_46,bytes=30;client_id=47;clients=50
1779647239146,PUT,113,4,benchKey_21_46,bytes=30;client_id=21;clients=50
1779647239147,PUT,105,4,benchKey_8_46,bytes=29;client_id=8;clients=50
1779647239148,PUT,106,4,benchKey_20_46,bytes=30;client_id=20;clients=50
1779647239156,PUT,110,4,benchKey_31_46,bytes=30;client_id=31;clients=50
1779647239156,PUT,114,4,benchKey_32_46,bytes=30;client_id=32;clients=50
1779647239158,PUT,111,4,benchKey_16_46,bytes=30;client_id=16;clients=50
1779647239159,PUT,111,4,benchKey_42_46,bytes=30;client_id=42;clients=50
1779647239160,PUT,109,4,benchKey_25_46,bytes=30;client_id=25;clients=50
1779647239167,PUT,116,4,benchKey_1_46,bytes=29;client_id=1;clients=50
1779647239168,PUT,116,4,benchKey_39_46,bytes=30;client_id=39;clients=50
1779647239168,PUT,107,4,benchKey_22_46,bytes=30;client_id=22;clients=50
1779647239169,PUT,106,4,benchKey_23_46,bytes=30;client_id=23;clients=50
1779647239174,PUT,112,4,benchKey_43_46,bytes=30;client_id=43;clients=50
1779647239176,PUT,111,4,benchKey_9_46,bytes=29;client_id=9;clients=50
1779647239176,PUT,113,4,benchKey_17_46,bytes=30;client_id=17;clients=50
1779647239176,PUT,104,4,benchKey_46_46,bytes=30;client_id=46;clients=50
1779647239176,DATA_SKEW_AFTER,0,0,,node=8030;keys_count=34;active_nodes=39
1779647239176,REBALANCE,9199,0,,keys_moved=52;active_nodes=39
1779647239178,PUT,104,4,benchKey_2_47,bytes=29;client_id=2;clients=50
1779647239187,PUT,111,4,benchKey_7_46,bytes=29;client_id=7;clients=50
1779647239187,PUT,112,4,benchKey_13_46,bytes=30;client_id=13;clients=50
1779647239187,PUT,112,4,benchKey_5_46,bytes=29;client_id=5;clients=50
1779647239188,PUT,104,4,benchKey_27_46,bytes=30;client_id=27;clients=50
1779647239190,PUT,105,4,benchKey_24_47,bytes=30;client_id=24;clients=50
1779647239197,PUT,111,4,benchKey_14_46,bytes=30;client_id=14;clients=50
1779647239198,PUT,114,4,benchKey_38_46,bytes=30;client_id=38;clients=50
1779647239201,PUT,110,4,benchKey_3_47,bytes=29;client_id=3;clients=50
1779647239201,PUT,108,4,benchKey_45_47,bytes=30;client_id=45;clients=50
1779647239201,PUT,112,4,benchKey_36_46,bytes=30;client_id=36;clients=50
1779647239209,PUT,116,4,benchKey_30_47,bytes=30;client_id=30;clients=50
1779647239209,PUT,116,4,benchKey_19_46,bytes=30;client_id=19;clients=50
1779647239209,PUT,107,4,benchKey_18_47,bytes=30;client_id=18;clients=50
1779647239210,PUT,106,4,benchKey_15_47,bytes=30;client_id=15;clients=50
1779647239217,PUT,113,4,benchKey_34_47,bytes=30;client_id=34;clients=50
1779647239219,PUT,104,4,benchKey_33_47,bytes=30;client_id=33;clients=50
1779647239219,PUT,105,4,benchKey_26_47,bytes=30;client_id=26;clients=50
1779647239219,PUT,114,4,benchKey_35_47,bytes=30;client_id=35;clients=50
1779647239219,PUT,113,4,benchKey_12_47,bytes=30;client_id=12;clients=50
1779647239220,PUT,104,4,benchKey_48_47,bytes=30;client_id=48;clients=50
1779647239229,PUT,103,4,benchKey_41_47,bytes=30;client_id=41;clients=50
1779647239229,PUT,103,4,benchKey_44_47,bytes=30;client_id=44;clients=50
1779647239230,PUT,112,4,benchKey_0_47,bytes=29;client_id=0;clients=50
1779647239230,PUT,111,4,benchKey_28_47,bytes=30;client_id=28;clients=50
1779647239231,PUT,105,4,benchKey_4_47,bytes=29;client_id=4;clients=50
1779647239239,PUT,111,4,benchKey_11_47,bytes=30;client_id=11;clients=50
1779647239241,PUT,109,4,benchKey_40_47,bytes=30;client_id=40;clients=50
1779647239244,PUT,109,4,benchKey_6_47,bytes=29;client_id=6;clients=50
1779647239244,PUT,109,4,benchKey_29_47,bytes=30;client_id=29;clients=50
1779647239244,PUT,111,4,benchKey_10_47,bytes=30;client_id=10;clients=50
1779647239251,PUT,105,4,benchKey_37_47,bytes=30;client_id=37;clients=50
1779647239251,PUT,116,4,benchKey_49_47,bytes=30;client_id=49;clients=50
1779647239251,PUT,105,4,benchKey_21_47,bytes=30;client_id=21;clients=50
1779647239252,PUT,106,4,benchKey_47_47,bytes=30;client_id=47;clients=50
1779647239260,PUT,113,4,benchKey_8_47,bytes=29;client_id=8;clients=50
1779647239261,PUT,113,4,benchKey_20_47,bytes=30;client_id=20;clients=50
1779647239261,PUT,102,4,benchKey_16_47,bytes=30;client_id=16;clients=50
1779647239261,PUT,105,4,benchKey_31_47,bytes=30;client_id=31;clients=50
1779647239263,PUT,106,4,benchKey_32_47,bytes=30;client_id=32;clients=50
1779647239263,PUT,103,4,benchKey_42_47,bytes=30;client_id=42;clients=50
1779647239271,PUT,103,4,benchKey_22_47,bytes=30;client_id=22;clients=50
1779647239272,PUT,104,4,benchKey_39_47,bytes=30;client_id=39;clients=50
1779647239272,PUT,112,4,benchKey_25_47,bytes=30;client_id=25;clients=50
1779647239272,PUT,104,4,benchKey_1_47,bytes=29;client_id=1;clients=50
1779647239273,PUT,104,4,benchKey_23_47,bytes=30;client_id=23;clients=50
1779647239282,PUT,105,4,benchKey_9_47,bytes=29;client_id=9;clients=50
1779647239282,PUT,107,4,benchKey_43_47,bytes=30;client_id=43;clients=50
1779647239286,PUT,109,4,benchKey_17_47,bytes=30;client_id=17;clients=50
1779647239286,PUT,107,4,benchKey_2_48,bytes=29;client_id=2;clients=50
1779647239287,PUT,110,4,benchKey_46_47,bytes=30;client_id=46;clients=50
1779647239293,PUT,105,4,benchKey_7_47,bytes=29;client_id=7;clients=50
1779647239293,PUT,105,4,benchKey_5_47,bytes=29;client_id=5;clients=50
1779647239295,PUT,107,4,benchKey_13_47,bytes=30;client_id=13;clients=50
1779647239295,PUT,106,4,benchKey_27_47,bytes=30;client_id=27;clients=50
1779647239303,PUT,113,4,benchKey_24_48,bytes=30;client_id=24;clients=50
1779647239303,PUT,105,4,benchKey_14_47,bytes=30;client_id=14;clients=50
1779647239304,PUT,105,4,benchKey_38_47,bytes=30;client_id=38;clients=50
1779647239304,PUT,103,4,benchKey_45_48,bytes=30;client_id=45;clients=50
1779647239305,PUT,104,4,benchKey_36_47,bytes=30;client_id=36;clients=50
1779647239305,PUT,104,4,benchKey_3_48,bytes=29;client_id=3;clients=50
1779647239314,PUT,105,4,benchKey_19_47,bytes=30;client_id=19;clients=50
1779647239314,PUT,105,4,benchKey_30_48,bytes=30;client_id=30;clients=50
1779647239314,PUT,104,4,benchKey_15_48,bytes=30;client_id=15;clients=50
1779647239315,PUT,105,4,benchKey_18_48,bytes=30;client_id=18;clients=50
1779647239315,PUT,98,4,benchKey_34_48,bytes=30;client_id=34;clients=50
1779647239326,PUT,106,4,benchKey_33_48,bytes=30;client_id=33;clients=50
1779647239326,PUT,106,4,benchKey_26_48,bytes=30;client_id=26;clients=50
1779647239327,PUT,108,4,benchKey_35_48,bytes=30;client_id=35;clients=50
1779647239328,PUT,108,4,benchKey_12_48,bytes=30;client_id=12;clients=50
1779647239329,PUT,108,4,benchKey_48_48,bytes=30;client_id=48;clients=50
1779647239335,PUT,106,4,benchKey_44_48,bytes=30;client_id=44;clients=50
1779647239335,PUT,106,4,benchKey_41_48,bytes=30;client_id=41;clients=50
1779647239336,PUT,105,4,benchKey_28_48,bytes=30;client_id=28;clients=50
1779647239336,PUT,106,4,benchKey_0_48,bytes=29;client_id=0;clients=50
1779647239346,PUT,107,4,benchKey_11_48,bytes=30;client_id=11;clients=50
1779647239346,PUT,105,4,benchKey_40_48,bytes=30;client_id=40;clients=50
1779647239346,PUT,115,4,benchKey_4_48,bytes=29;client_id=4;clients=50
1779647239346,PUT,102,4,benchKey_6_48,bytes=29;client_id=6;clients=50
1779647239348,PUT,104,4,benchKey_29_48,bytes=30;client_id=29;clients=50
1779647239348,PUT,104,4,benchKey_10_48,bytes=30;client_id=10;clients=50
1779647239356,PUT,105,4,benchKey_37_48,bytes=30;client_id=37;clients=50
1779647239357,PUT,105,4,benchKey_21_48,bytes=30;client_id=21;clients=50
1779647239358,PUT,106,4,benchKey_47_48,bytes=30;client_id=47;clients=50
1779647239358,PUT,107,4,benchKey_49_48,bytes=30;client_id=49;clients=50
1779647239361,PUT,100,4,benchKey_8_48,bytes=29;client_id=8;clients=50
1779647239368,PUT,107,4,benchKey_16_48,bytes=30;client_id=16;clients=50
1779647239370,PUT,108,4,benchKey_20_48,bytes=30;client_id=20;clients=50
1779647239370,PUT,109,4,benchKey_31_48,bytes=30;client_id=31;clients=50
1779647239371,PUT,107,4,benchKey_32_48,bytes=30;client_id=32;clients=50
1779647239373,PUT,110,4,benchKey_42_48,bytes=30;client_id=42;clients=50
1779647239378,PUT,105,4,benchKey_39_48,bytes=30;client_id=39;clients=50
1779647239378,PUT,106,4,benchKey_1_48,bytes=29;client_id=1;clients=50
1779647239379,PUT,107,4,benchKey_22_48,bytes=30;client_id=22;clients=50
1779647239380,PUT,107,4,benchKey_25_48,bytes=30;client_id=25;clients=50
1779647239389,PUT,115,4,benchKey_23_48,bytes=30;client_id=23;clients=50
1779647239390,PUT,107,4,benchKey_43_48,bytes=30;client_id=43;clients=50
1779647239390,PUT,107,4,benchKey_9_48,bytes=29;client_id=9;clients=50
1779647239390,PUT,103,4,benchKey_46_48,bytes=30;client_id=46;clients=50
1779647239391,PUT,105,4,benchKey_17_48,bytes=30;client_id=17;clients=50
1779647239392,PUT,105,4,benchKey_2_49,bytes=29;client_id=2;clients=50
1779647239399,PUT,106,4,benchKey_7_48,bytes=29;client_id=7;clients=50
1779647239401,PUT,106,4,benchKey_27_48,bytes=30;client_id=27;clients=50
1779647239402,PUT,108,4,benchKey_5_48,bytes=29;client_id=5;clients=50
1779647239402,PUT,107,4,benchKey_13_48,bytes=30;client_id=13;clients=50
1779647239403,PUT,100,4,benchKey_14_48,bytes=30;client_id=14;clients=50
1779647239410,PUT,106,4,benchKey_24_49,bytes=30;client_id=24;clients=50
1779647239413,PUT,109,4,benchKey_38_48,bytes=30;client_id=38;clients=50
1779647239413,PUT,107,4,benchKey_36_48,bytes=30;client_id=36;clients=50
1779647239413,PUT,109,4,benchKey_45_49,bytes=30;client_id=45;clients=50
1779647239415,PUT,109,4,benchKey_3_49,bytes=29;client_id=3;clients=50
1779647239420,PUT,105,4,benchKey_30_49,bytes=30;client_id=30;clients=50
1779647239420,PUT,105,4,benchKey_15_49,bytes=30;client_id=15;clients=50
1779647239421,PUT,105,4,benchKey_18_49,bytes=30;client_id=18;clients=50
1779647239421,PUT,107,4,benchKey_19_48,bytes=30;client_id=19;clients=50
1779647239431,PUT,115,4,benchKey_34_49,bytes=30;client_id=34;clients=50
1779647239432,PUT,105,4,benchKey_26_49,bytes=30;client_id=26;clients=50
1779647239433,PUT,104,4,benchKey_35_49,bytes=30;client_id=35;clients=50
1779647239433,PUT,104,4,benchKey_12_49,bytes=30;client_id=12;clients=50
1779647239435,PUT,109,4,benchKey_33_49,bytes=30;client_id=33;clients=50
1779647239435,PUT,106,4,benchKey_48_49,bytes=30;client_id=48;clients=50
1779647239442,PUT,106,4,benchKey_44_49,bytes=30;client_id=44;clients=50
1779647239444,PUT,107,4,benchKey_0_49,bytes=29;client_id=0;clients=50
1779647239444,PUT,108,4,benchKey_28_49,bytes=30;client_id=28;clients=50
1779647239444,PUT,108,4,benchKey_41_49,bytes=30;client_id=41;clients=50
1779647239446,PUT,99,4,benchKey_11_49,bytes=30;client_id=11;clients=50
1779647239452,PUT,105,4,benchKey_40_49,bytes=30;client_id=40;clients=50
1779647239455,PUT,106,4,benchKey_6_49,bytes=29;client_id=6;clients=50
1779647239456,PUT,107,4,benchKey_10_49,bytes=30;client_id=10;clients=50
1779647239456,PUT,109,4,benchKey_4_49,bytes=29;client_id=4;clients=50
1779647239456,PUT,107,4,benchKey_29_49,bytes=30;client_id=29;clients=50
1779647239462,PUT,105,4,benchKey_37_49,bytes=30;client_id=37;clients=50
1779647239462,PUT,104,4,benchKey_21_49,bytes=30;client_id=21;clients=50
1779647239463,PUT,104,4,benchKey_47_49,bytes=30;client_id=47;clients=50
1779647239464,PUT,105,4,benchKey_49_49,bytes=30;client_id=49;clients=50
1779647239473,PUT,104,4,benchKey_16_49,bytes=30;client_id=16;clients=50
1779647239473,PUT,112,4,benchKey_8_49,bytes=29;client_id=8;clients=50
1779647239474,PUT,103,4,benchKey_31_49,bytes=30;client_id=31;clients=50
1779647239474,PUT,104,4,benchKey_20_49,bytes=30;client_id=20;clients=50
1779647239478,PUT,107,4,benchKey_32_49,bytes=30;client_id=32;clients=50
1779647239478,PUT,104,4,benchKey_42_49,bytes=30;client_id=42;clients=50
1779647239484,PUT,106,4,benchKey_39_49,bytes=30;client_id=39;clients=50
1779647239487,PUT,98,4,benchKey_23_49,bytes=30;client_id=23;clients=50
1779647239487,PUT,108,4,benchKey_22_49,bytes=30;client_id=22;clients=50
1779647239487,PUT,107,4,benchKey_25_49,bytes=30;client_id=25;clients=50
1779647239487,PUT,108,4,benchKey_1_49,bytes=29;client_id=1;clients=50
1779647239494,PUT,104,4,benchKey_43_49,bytes=30;client_id=43;clients=50
1779647239497,PUT,107,4,benchKey_9_49,bytes=29;client_id=9;clients=50
1779647239498,PUT,107,4,benchKey_46_49,bytes=30;client_id=46;clients=50
1779647239498,PUT,106,4,benchKey_17_49,bytes=30;client_id=17;clients=50
1779647239498,PUT,106,4,benchKey_2_50,bytes=29;client_id=2;clients=50
1779647239504,PUT,102,4,benchKey_27_49,bytes=30;client_id=27;clients=50
1779647239504,PUT,102,4,benchKey_5_49,bytes=29;client_id=5;clients=50
1779647239504,PUT,104,4,benchKey_7_49,bytes=29;client_id=7;clients=50
1779647239506,PUT,103,4,benchKey_13_49,bytes=30;client_id=13;clients=50
1779647239515,PUT,101,4,benchKey_38_49,bytes=30;client_id=38;clients=50
1779647239515,PUT,101,4,benchKey_45_50,bytes=30;client_id=45;clients=50
1779647239515,PUT,112,4,benchKey_14_49,bytes=30;client_id=14;clients=50
1779647239515,PUT,105,4,benchKey_24_50,bytes=30;client_id=24;clients=50
1779647239521,PUT,107,4,benchKey_36_49,bytes=30;client_id=36;clients=50
1779647239522,PUT,107,4,benchKey_3_50,bytes=29;client_id=3;clients=50
1779647239527,PUT,106,4,benchKey_30_50,bytes=30;client_id=30;clients=50
1779647239530,PUT,98,4,benchKey_34_50,bytes=30;client_id=34;clients=50
1779647239531,PUT,110,4,benchKey_15_50,bytes=30;client_id=15;clients=50
1779647239531,PUT,110,4,benchKey_18_50,bytes=30;client_id=18;clients=50
1779647239532,PUT,110,4,benchKey_19_49,bytes=30;client_id=19;clients=50
1779647239536,PUT,104,4,benchKey_26_50,bytes=30;client_id=26;clients=50
1779647239539,PUT,105,4,benchKey_35_50,bytes=30;client_id=35;clients=50
1779647239541,PUT,105,4,benchKey_33_50,bytes=30;client_id=33;clients=50
1779647239542,PUT,109,4,benchKey_12_50,bytes=30;client_id=12;clients=50
1779647239542,PUT,107,4,benchKey_48_50,bytes=30;client_id=48;clients=50
1779647239548,PUT,103,4,benchKey_28_50,bytes=30;client_id=28;clients=50
1779647239548,PUT,103,4,benchKey_0_50,bytes=29;client_id=0;clients=50
1779647239548,PUT,105,4,benchKey_44_50,bytes=30;client_id=44;clients=50
1779647239550,PUT,106,4,benchKey_41_50,bytes=30;client_id=41;clients=50
1779647239558,PUT,102,4,benchKey_10_50,bytes=30;client_id=10;clients=50
1779647239559,PUT,112,4,benchKey_11_50,bytes=30;client_id=11;clients=50
1779647239559,PUT,106,4,benchKey_40_50,bytes=30;client_id=40;clients=50
1779647239559,PUT,104,4,benchKey_6_50,bytes=29;client_id=6;clients=50
1779647239565,PUT,108,4,benchKey_4_50,bytes=29;client_id=4;clients=50
1779647239566,PUT,109,4,benchKey_29_50,bytes=30;client_id=29;clients=50
1779647239570,PUT,107,4,benchKey_21_50,bytes=30;client_id=21;clients=50
1779647239574,PUT,110,4,benchKey_49_50,bytes=30;client_id=49;clients=50
1779647239574,PUT,112,4,benchKey_37_50,bytes=30;client_id=37;clients=50
1779647239575,PUT,102,4,benchKey_16_50,bytes=30;client_id=16;clients=50
1779647239577,PUT,113,4,benchKey_47_50,bytes=30;client_id=47;clients=50
1779647239579,PUT,105,4,benchKey_8_50,bytes=29;client_id=8;clients=50
1779647239582,PUT,107,4,benchKey_31_50,bytes=30;client_id=31;clients=50
1779647239584,PUT,109,4,benchKey_20_50,bytes=30;client_id=20;clients=50
1779647239585,PUT,106,4,benchKey_32_50,bytes=30;client_id=32;clients=50
1779647239586,PUT,107,4,benchKey_42_50,bytes=30;client_id=42;clients=50
1779647239593,PUT,105,4,benchKey_22_50,bytes=30;client_id=22;clients=50
1779647239593,PUT,108,4,benchKey_39_50,bytes=30;client_id=39;clients=50
1779647239593,PUT,105,4,benchKey_23_50,bytes=30;client_id=23;clients=50
1779647239594,PUT,106,4,benchKey_25_50,bytes=30;client_id=25;clients=50
1779647239603,PUT,105,4,benchKey_9_50,bytes=29;client_id=9;clients=50
1779647239603,PUT,108,4,benchKey_43_50,bytes=30;client_id=43;clients=50
1779647239604,PUT,115,4,benchKey_1_50,bytes=29;client_id=1;clients=50
1779647239604,PUT,105,4,benchKey_46_50,bytes=30;client_id=46;clients=50
1779647239607,PUT,109,4,benchKey_17_50,bytes=30;client_id=17;clients=50
1779647239608,PUT,110,4,benchKey_2_51,bytes=29;client_id=2;clients=50
1779647239613,PUT,108,4,benchKey_5_50,bytes=29;client_id=5;clients=50
1779647239617,PUT,112,4,benchKey_27_50,bytes=30;client_id=27;clients=50
1779647239618,PUT,111,4,benchKey_13_50,bytes=30;client_id=13;clients=50
1779647239619,PUT,114,4,benchKey_7_50,bytes=29;client_id=7;clients=50
1779647239620,PUT,104,4,benchKey_38_50,bytes=30;client_id=38;clients=50
1779647239623,PUT,107,4,benchKey_45_51,bytes=30;client_id=45;clients=50
1779647239624,PUT,108,4,benchKey_14_50,bytes=30;client_id=14;clients=50
1779647239628,PUT,112,4,benchKey_24_51,bytes=30;client_id=24;clients=50
1779647239628,PUT,106,4,benchKey_36_50,bytes=30;client_id=36;clients=50
1779647239630,PUT,107,4,benchKey_3_51,bytes=29;client_id=3;clients=50
1779647239635,PUT,104,4,benchKey_15_51,bytes=30;client_id=15;clients=50
1779647239636,PUT,108,4,benchKey_30_51,bytes=30;client_id=30;clients=50
1779647239636,PUT,105,4,benchKey_34_51,bytes=30;client_id=34;clients=50
1779647239637,PUT,105,4,benchKey_18_51,bytes=30;client_id=18;clients=50
1779647239645,PUT,109,4,benchKey_26_51,bytes=30;client_id=26;clients=50
1779647239647,PUT,108,4,benchKey_35_51,bytes=30;client_id=35;clients=50
1779647239647,PUT,106,4,benchKey_33_51,bytes=30;client_id=33;clients=50
1779647239648,PUT,115,4,benchKey_19_50,bytes=30;client_id=19;clients=50
1779647239650,PUT,107,4,benchKey_12_51,bytes=30;client_id=12;clients=50
1779647239652,PUT,109,4,benchKey_48_51,bytes=30;client_id=48;clients=50
1779647239656,PUT,108,4,benchKey_28_51,bytes=30;client_id=28;clients=50
1779647239661,PUT,112,4,benchKey_0_51,bytes=29;client_id=0;clients=50
1779647239661,PUT,112,4,benchKey_44_51,bytes=30;client_id=44;clients=50
1779647239662,PUT,111,4,benchKey_41_51,bytes=30;client_id=41;clients=50
1779647239663,PUT,104,4,benchKey_10_51,bytes=30;client_id=10;clients=50
1779647239667,PUT,108,4,benchKey_11_51,bytes=30;client_id=11;clients=50
1779647239667,PUT,108,4,benchKey_40_51,bytes=30;client_id=40;clients=50
1779647239671,PUT,106,4,benchKey_4_51,bytes=29;client_id=4;clients=50
1779647239671,PUT,111,4,benchKey_6_51,bytes=29;client_id=6;clients=50
1779647239673,PUT,106,4,benchKey_29_51,bytes=30;client_id=29;clients=50
1779647239678,PUT,103,4,benchKey_49_51,bytes=30;client_id=49;clients=50
1779647239679,PUT,109,4,benchKey_21_51,bytes=30;client_id=21;clients=50
1779647239680,PUT,104,4,benchKey_16_51,bytes=30;client_id=16;clients=50
1779647239680,PUT,105,4,benchKey_37_51,bytes=30;client_id=37;clients=50
1779647239688,PUT,111,4,benchKey_47_51,bytes=30;client_id=47;clients=50
1779647239690,PUT,106,4,benchKey_20_51,bytes=30;client_id=20;clients=50
1779647239691,PUT,109,4,benchKey_31_51,bytes=30;client_id=31;clients=50
1779647239691,PUT,112,4,benchKey_8_51,bytes=29;client_id=8;clients=50
1779647239693,PUT,108,4,benchKey_32_51,bytes=30;client_id=32;clients=50
1779647239696,PUT,110,4,benchKey_42_51,bytes=30;client_id=42;clients=50
1779647239699,PUT,106,4,benchKey_22_51,bytes=30;client_id=22;clients=50
1779647239703,PUT,109,4,benchKey_23_51,bytes=30;client_id=23;clients=50
1779647239703,PUT,109,4,benchKey_39_51,bytes=30;client_id=39;clients=50
1779647239706,PUT,70,4,benchKey_34_52,bytes=30;client_id=34;clients=50
1779647239706,PUT,103,4,benchKey_9_51,bytes=29;client_id=9;clients=50
1779647239707,PUT,113,4,benchKey_25_51,bytes=30;client_id=25;clients=50
1779647239710,PUT,107,4,benchKey_43_51,bytes=30;client_id=43;clients=50
1779647239710,PUT,106,4,benchKey_1_51,bytes=29;client_id=1;clients=50
1779647239715,PUT,107,4,benchKey_17_51,bytes=30;client_id=17;clients=50
1779647239715,PUT,110,4,benchKey_46_51,bytes=30;client_id=46;clients=50
1779647239717,PUT,108,4,benchKey_2_52,bytes=29;client_id=2;clients=50
1779647239722,PUT,104,4,benchKey_27_51,bytes=30;client_id=27;clients=50
1779647239722,PUT,108,4,benchKey_5_51,bytes=29;client_id=5;clients=50
1779647239723,PUT,104,4,benchKey_13_51,bytes=30;client_id=13;clients=50
1779647239723,PUT,104,4,benchKey_7_51,bytes=29;client_id=7;clients=50
1779647239731,PUT,110,4,benchKey_38_51,bytes=30;client_id=38;clients=50
1779647239734,PUT,110,4,benchKey_45_52,bytes=30;client_id=45;clients=50
1779647239734,PUT,109,4,benchKey_14_51,bytes=30;client_id=14;clients=50
1779647239734,PUT,106,4,benchKey_24_52,bytes=30;client_id=24;clients=50
1779647239736,PUT,108,4,benchKey_36_51,bytes=30;client_id=36;clients=50
1779647239739,PUT,108,4,benchKey_3_52,bytes=29;client_id=3;clients=50
1779647239743,PUT,107,4,benchKey_15_52,bytes=30;client_id=15;clients=50
1779647239746,PUT,110,4,benchKey_30_52,bytes=30;client_id=30;clients=50
1779647239750,PUT,112,4,benchKey_18_52,bytes=30;client_id=18;clients=50
1779647239750,PUT,104,4,benchKey_26_52,bytes=30;client_id=26;clients=50
1779647239752,PUT,104,4,benchKey_35_52,bytes=30;client_id=35;clients=50
1779647239754,PUT,105,4,benchKey_19_51,bytes=30;client_id=19;clients=50
1779647239754,PUT,106,4,benchKey_33_52,bytes=30;client_id=33;clients=50
1779647239759,PUT,106,4,benchKey_48_52,bytes=30;client_id=48;clients=50
1779647239759,PUT,109,4,benchKey_12_52,bytes=30;client_id=12;clients=50
1779647239761,PUT,105,4,benchKey_28_52,bytes=30;client_id=28;clients=50
1779647239765,PUT,104,4,benchKey_44_52,bytes=30;client_id=44;clients=50
1779647239765,PUT,104,4,benchKey_0_52,bytes=29;client_id=0;clients=50
1779647239767,PUT,103,4,benchKey_10_52,bytes=30;client_id=10;clients=50
1779647239767,PUT,105,4,benchKey_41_52,bytes=30;client_id=41;clients=50
1779647239775,PUT,107,4,benchKey_11_52,bytes=30;client_id=11;clients=50
1779647239776,PUT,104,4,benchKey_6_52,bytes=29;client_id=6;clients=50
1779647239777,PUT,109,4,benchKey_40_52,bytes=30;client_id=40;clients=50
1779647239778,PUT,106,4,benchKey_4_52,bytes=29;client_id=4;clients=50
1779647239779,PUT,106,4,benchKey_29_52,bytes=30;client_id=29;clients=50
1779647239780,PUT,101,4,benchKey_49_52,bytes=30;client_id=49;clients=50
1779647239785,PUT,106,4,benchKey_21_52,bytes=30;client_id=21;clients=50
1779647239788,PUT,108,4,benchKey_16_52,bytes=30;client_id=16;clients=50
1779647239792,PUT,103,4,benchKey_47_52,bytes=30;client_id=47;clients=50
1779647239793,PUT,112,4,benchKey_37_52,bytes=30;client_id=37;clients=50
1779647239794,PUT,103,4,benchKey_20_52,bytes=30;client_id=20;clients=50
1779647239796,PUT,104,4,benchKey_31_52,bytes=30;client_id=31;clients=50
1779647239798,PUT,106,4,benchKey_8_52,bytes=29;client_id=8;clients=50
1779647239803,PUT,107,4,benchKey_42_52,bytes=30;client_id=42;clients=50
1779647239804,PUT,104,4,benchKey_22_52,bytes=30;client_id=22;clients=50
1779647239804,PUT,110,4,benchKey_32_52,bytes=30;client_id=32;clients=50
1779647239808,PUT,104,4,benchKey_39_52,bytes=30;client_id=39;clients=50
1779647239808,PUT,104,4,benchKey_23_52,bytes=30;client_id=23;clients=50
1779647239810,PUT,103,4,benchKey_34_53,bytes=30;client_id=34;clients=50
1779647239811,PUT,104,4,benchKey_9_52,bytes=29;client_id=9;clients=50
1779647239816,PUT,109,4,benchKey_25_52,bytes=30;client_id=25;clients=50
1779647239819,PUT,108,4,benchKey_1_52,bytes=29;client_id=1;clients=50
1779647239819,PUT,108,4,benchKey_43_52,bytes=30;client_id=43;clients=50
1779647239820,PUT,105,4,benchKey_17_52,bytes=30;client_id=17;clients=50
1779647239821,PUT,105,4,benchKey_46_52,bytes=30;client_id=46;clients=50
1779647239823,PUT,106,4,benchKey_2_53,bytes=29;client_id=2;clients=50
1779647239827,PUT,105,4,benchKey_27_52,bytes=30;client_id=27;clients=50
1779647239830,PUT,108,4,benchKey_5_52,bytes=29;client_id=5;clients=50
1779647239835,PUT,111,4,benchKey_7_52,bytes=29;client_id=7;clients=50
1779647239835,PUT,112,4,benchKey_13_52,bytes=30;client_id=13;clients=50
1779647239836,PUT,105,4,benchKey_38_52,bytes=30;client_id=38;clients=50
1779647239838,PUT,104,4,benchKey_45_53,bytes=30;client_id=45;clients=50
1779647239841,PUT,107,4,benchKey_14_52,bytes=30;client_id=14;clients=50
1779647239845,PUT,108,4,benchKey_36_52,bytes=30;client_id=36;clients=50
1779647239845,PUT,110,4,benchKey_24_53,bytes=30;client_id=24;clients=50
1779647239847,PUT,108,4,benchKey_3_53,bytes=29;client_id=3;clients=50
1779647239850,PUT,104,4,benchKey_30_53,bytes=30;client_id=30;clients=50
1779647239850,PUT,107,4,benchKey_15_53,bytes=30;client_id=15;clients=50
1779647239852,PUT,102,4,benchKey_18_53,bytes=30;client_id=18;clients=50
1779647239853,PUT,103,4,benchKey_26_53,bytes=30;client_id=26;clients=50
1779647239857,PUT,104,4,benchKey_35_53,bytes=30;client_id=35;clients=50
1779647239860,PUT,106,4,benchKey_19_52,bytes=30;client_id=19;clients=50
1779647239861,PUT,106,4,benchKey_33_53,bytes=30;client_id=33;clients=50
1779647239861,PUT,101,4,benchKey_48_53,bytes=30;client_id=48;clients=50
1779647239862,PUT,102,4,benchKey_12_53,bytes=30;client_id=12;clients=50
1779647239864,PUT,103,4,benchKey_28_53,bytes=30;client_id=28;clients=50
1779647239869,PUT,103,4,benchKey_44_53,bytes=30;client_id=44;clients=50
1779647239872,PUT,106,4,benchKey_0_53,bytes=29;client_id=0;clients=50
1779647239877,PUT,102,4,benchKey_11_53,bytes=30;client_id=11;clients=50
1779647239877,PUT,109,4,benchKey_41_53,bytes=30;client_id=41;clients=50
1779647239877,PUT,110,4,benchKey_10_53,bytes=30;client_id=10;clients=50
1779647239880,PUT,103,4,benchKey_6_53,bytes=29;client_id=6;clients=50
1779647239883,PUT,105,4,benchKey_40_53,bytes=30;client_id=40;clients=50
1779647239886,PUT,108,4,benchKey_4_53,bytes=29;client_id=4;clients=50
1779647239886,PUT,106,4,benchKey_29_53,bytes=30;client_id=29;clients=50
1779647239888,PUT,107,4,benchKey_49_53,bytes=30;client_id=49;clients=50
1779647239892,PUT,103,4,benchKey_16_53,bytes=30;client_id=16;clients=50
1779647239893,PUT,107,4,benchKey_21_53,bytes=30;client_id=21;clients=50
1779647239894,PUT,101,4,benchKey_47_53,bytes=30;client_id=47;clients=50
1779647239896,PUT,102,4,benchKey_37_53,bytes=30;client_id=37;clients=50
1779647239898,PUT,104,4,benchKey_20_53,bytes=30;client_id=20;clients=50
1779647239902,PUT,98,4,benchKey_42_53,bytes=30;client_id=42;clients=50
1779647239903,PUT,106,4,benchKey_31_53,bytes=30;client_id=31;clients=50
1779647239903,PUT,104,4,benchKey_8_53,bytes=29;client_id=8;clients=50
1779647239903,PUT,99,4,benchKey_22_53,bytes=30;client_id=22;clients=50
1779647239906,PUT,102,4,benchKey_32_53,bytes=30;client_id=32;clients=50
1779647239912,PUT,104,4,benchKey_39_53,bytes=30;client_id=39;clients=50
1779647239915,PUT,106,4,benchKey_23_53,bytes=30;client_id=23;clients=50
1779647239919,PUT,103,4,benchKey_25_53,bytes=30;client_id=25;clients=50
1779647239919,PUT,109,4,benchKey_34_54,bytes=30;client_id=34;clients=50
1779647239920,PUT,108,4,benchKey_9_53,bytes=29;client_id=9;clients=50
1779647239922,PUT,102,4,benchKey_1_53,bytes=29;client_id=1;clients=50
1779647239924,PUT,104,4,benchKey_43_53,bytes=30;client_id=43;clients=50
1779647239927,PUT,106,4,benchKey_46_53,bytes=30;client_id=46;clients=50
1779647239928,PUT,107,4,benchKey_17_53,bytes=30;client_id=17;clients=50
1779647239930,PUT,106,4,benchKey_2_54,bytes=29;client_id=2;clients=50
1779647239934,PUT,106,4,benchKey_27_53,bytes=30;client_id=27;clients=50
1779647239935,PUT,104,4,benchKey_5_53,bytes=29;client_id=5;clients=50
1779647239935,PUT,100,4,benchKey_7_53,bytes=29;client_id=7;clients=50
1779647239937,PUT,101,4,benchKey_13_53,bytes=30;client_id=13;clients=50
1779647239940,PUT,104,4,benchKey_38_53,bytes=30;client_id=38;clients=50
1779647239944,PUT,105,4,benchKey_45_54,bytes=30;client_id=45;clients=50
1779647239944,PUT,103,4,benchKey_14_53,bytes=30;client_id=14;clients=50
1779647239945,PUT,100,4,benchKey_36_53,bytes=30;client_id=36;clients=50
1779647239945,PUT,100,4,benchKey_24_54,bytes=30;client_id=24;clients=50
1779647239948,PUT,101,4,benchKey_3_54,bytes=29;client_id=3;clients=50
1779647239954,PUT,103,4,benchKey_30_54,bytes=30;client_id=30;clients=50
1779647239957,PUT,106,4,benchKey_15_54,bytes=30;client_id=15;clients=50
1779647239961,PUT,108,4,benchKey_18_54,bytes=30;client_id=18;clients=50
1779647239961,PUT,104,4,benchKey_35_54,bytes=30;client_id=35;clients=50
1779647239962,PUT,108,4,benchKey_26_54,bytes=30;client_id=26;clients=50
1779647239963,PUT,102,4,benchKey_19_53,bytes=30;client_id=19;clients=50
1779647239966,PUT,105,4,benchKey_33_54,bytes=30;client_id=33;clients=50
1779647239969,PUT,107,4,benchKey_12_54,bytes=30;client_id=12;clients=50
1779647239969,PUT,107,4,benchKey_48_54,bytes=30;client_id=48;clients=50
1779647239972,PUT,108,4,benchKey_28_54,bytes=30;client_id=28;clients=50
1779647239977,PUT,99,4,benchKey_11_54,bytes=30;client_id=11;clients=50
1779647239977,PUT,105,4,benchKey_0_54,bytes=29;client_id=0;clients=50
1779647239977,PUT,108,4,benchKey_44_54,bytes=30;client_id=44;clients=50
1779647239978,PUT,100,4,benchKey_41_54,bytes=30;client_id=41;clients=50
1779647239983,PUT,105,4,benchKey_10_54,bytes=30;client_id=10;clients=50
1779647239986,PUT,103,4,benchKey_40_54,bytes=30;client_id=40;clients=50
1779647239986,PUT,106,4,benchKey_6_54,bytes=29;client_id=6;clients=50
1779647239987,PUT,100,4,benchKey_29_54,bytes=30;client_id=29;clients=50
1779647239987,PUT,101,4,benchKey_4_54,bytes=29;client_id=4;clients=50
1779647239991,PUT,103,4,benchKey_49_54,bytes=30;client_id=49;clients=50
1779647239995,PUT,103,4,benchKey_16_54,bytes=30;client_id=16;clients=50
1779647239999,PUT,105,4,benchKey_21_54,bytes=30;client_id=21;clients=50
1779647240004,PUT,108,4,benchKey_37_54,bytes=30;client_id=37;clients=50
1779647240004,PUT,110,4,benchKey_47_54,bytes=30;client_id=47;clients=50
1779647240004,PUT,102,4,benchKey_42_54,bytes=30;client_id=42;clients=50
1779647240005,PUT,106,4,benchKey_20_54,bytes=30;client_id=20;clients=50
1779647240009,PUT,105,4,benchKey_31_54,bytes=30;client_id=31;clients=50
1779647240011,PUT,107,4,benchKey_22_54,bytes=30;client_id=22;clients=50
1779647240011,PUT,107,4,benchKey_8_54,bytes=29;client_id=8;clients=50
1779647240014,PUT,107,4,benchKey_32_54,bytes=30;client_id=32;clients=50
1779647240019,PUT,99,4,benchKey_25_54,bytes=30;client_id=25;clients=50
1779647240019,PUT,103,4,benchKey_23_54,bytes=30;client_id=23;clients=50
1779647240020,PUT,100,4,benchKey_34_55,bytes=30;client_id=34;clients=50
1779647240020,PUT,107,4,benchKey_39_54,bytes=30;client_id=39;clients=50
1779647240025,PUT,105,4,benchKey_9_54,bytes=29;client_id=9;clients=50
1779647240028,PUT,104,4,benchKey_43_54,bytes=30;client_id=43;clients=50
1779647240028,PUT,106,4,benchKey_1_54,bytes=29;client_id=1;clients=50
1779647240028,PUT,100,4,benchKey_17_54,bytes=30;client_id=17;clients=50
1779647240029,PUT,102,4,benchKey_46_54,bytes=30;client_id=46;clients=50
1779647240032,PUT,102,4,benchKey_2_55,bytes=29;client_id=2;clients=50
1779647240037,PUT,102,4,benchKey_27_54,bytes=30;client_id=27;clients=50
1779647240041,PUT,105,4,benchKey_5_54,bytes=29;client_id=5;clients=50
1779647240046,PUT,110,4,benchKey_7_54,bytes=29;client_id=7;clients=50
1779647240047,PUT,106,4,benchKey_38_54,bytes=30;client_id=38;clients=50
1779647240047,PUT,102,4,benchKey_45_55,bytes=30;client_id=45;clients=50
1779647240047,PUT,110,4,benchKey_13_54,bytes=30;client_id=13;clients=50
1779647240051,PUT,106,4,benchKey_14_54,bytes=30;client_id=14;clients=50
1779647240053,PUT,108,4,benchKey_36_54,bytes=30;client_id=36;clients=50
1779647240053,PUT,108,4,benchKey_24_55,bytes=30;client_id=24;clients=50
1779647240056,PUT,107,4,benchKey_3_55,bytes=29;client_id=3;clients=50
1779647240060,PUT,105,4,benchKey_30_55,bytes=30;client_id=30;clients=50
1779647240060,PUT,103,4,benchKey_15_55,bytes=30;client_id=15;clients=50
1779647240061,PUT,99,4,benchKey_35_55,bytes=30;client_id=35;clients=50
1779647240062,PUT,100,4,benchKey_18_55,bytes=30;client_id=18;clients=50
1779647240067,PUT,105,4,benchKey_26_55,bytes=30;client_id=26;clients=50
1779647240071,PUT,102,4,benchKey_12_55,bytes=30;client_id=12;clients=50
1779647240071,PUT,102,4,benchKey_48_55,bytes=30;client_id=48;clients=50
1779647240071,PUT,108,4,benchKey_19_54,bytes=30;client_id=19;clients=50
1779647240072,PUT,105,4,benchKey_33_55,bytes=30;client_id=33;clients=50
1779647240074,PUT,101,4,benchKey_28_55,bytes=30;client_id=28;clients=50
1779647240079,PUT,102,4,benchKey_11_55,bytes=30;client_id=11;clients=50
1779647240083,PUT,105,4,benchKey_0_55,bytes=29;client_id=0;clients=50
1779647240087,PUT,109,4,benchKey_44_55,bytes=30;client_id=44;clients=50
1779647240088,PUT,109,4,benchKey_41_55,bytes=30;client_id=41;clients=50
1779647240089,PUT,102,4,benchKey_6_55,bytes=29;client_id=6;clients=50
1779647240089,PUT,105,4,benchKey_10_55,bytes=30;client_id=10;clients=50
1779647240093,PUT,106,4,benchKey_40_55,bytes=30;client_id=40;clients=50
1779647240095,PUT,108,4,benchKey_4_55,bytes=29;client_id=4;clients=50
1779647240096,PUT,109,4,benchKey_29_55,bytes=30;client_id=29;clients=50
1779647240097,PUT,105,4,benchKey_49_55,bytes=30;client_id=49;clients=50
1779647240101,PUT,105,4,benchKey_16_55,bytes=30;client_id=16;clients=50
1779647240102,PUT,102,4,benchKey_21_55,bytes=30;client_id=21;clients=50
1779647240102,PUT,97,4,benchKey_37_55,bytes=30;client_id=37;clients=50
1779647240103,PUT,98,4,benchKey_47_55,bytes=30;client_id=47;clients=50
1779647240110,PUT,105,4,benchKey_42_55,bytes=30;client_id=42;clients=50
1779647240113,PUT,101,4,benchKey_8_55,bytes=29;client_id=8;clients=50
1779647240113,PUT,101,4,benchKey_22_55,bytes=30;client_id=22;clients=50
1779647240113,PUT,104,4,benchKey_31_55,bytes=30;client_id=31;clients=50
1779647240113,PUT,108,4,benchKey_20_55,bytes=30;client_id=20;clients=50
1779647240115,PUT,100,4,benchKey_32_55,bytes=30;client_id=32;clients=50
1779647240122,PUT,103,4,benchKey_25_55,bytes=30;client_id=25;clients=50
1779647240126,PUT,107,4,benchKey_23_55,bytes=30;client_id=23;clients=50
1779647240128,PUT,108,4,benchKey_34_56,bytes=30;client_id=34;clients=50
1779647240129,PUT,108,4,benchKey_39_55,bytes=30;client_id=39;clients=50
1779647240130,PUT,101,4,benchKey_1_55,bytes=29;client_id=1;clients=50
1779647240131,PUT,105,4,benchKey_9_55,bytes=29;client_id=9;clients=50
1779647240136,PUT,107,4,benchKey_43_55,bytes=30;client_id=43;clients=50
1779647240137,PUT,108,4,benchKey_17_55,bytes=30;client_id=17;clients=50
1779647240138,PUT,105,4,benchKey_2_56,bytes=29;client_id=2;clients=50
1779647240139,PUT,109,4,benchKey_46_55,bytes=30;client_id=46;clients=50
1779647240143,PUT,101,4,benchKey_5_55,bytes=29;client_id=5;clients=50
1779647240143,PUT,105,4,benchKey_27_55,bytes=30;client_id=27;clients=50
1779647240144,PUT,96,4,benchKey_38_55,bytes=30;client_id=38;clients=50
1779647240145,PUT,99,4,benchKey_7_55,bytes=29;client_id=7;clients=50
1779647240152,PUT,104,4,benchKey_45_56,bytes=30;client_id=45;clients=50
1779647240155,PUT,101,4,benchKey_36_55,bytes=30;client_id=36;clients=50
1779647240155,PUT,101,4,benchKey_24_56,bytes=30;client_id=24;clients=50
1779647240155,PUT,108,4,benchKey_13_55,bytes=30;client_id=13;clients=50
1779647240155,PUT,104,4,benchKey_14_55,bytes=30;client_id=14;clients=50
1779647240156,PUT,99,4,benchKey_3_56,bytes=29;client_id=3;clients=50
1779647240164,PUT,104,4,benchKey_30_56,bytes=30;client_id=30;clients=50
1779647240168,PUT,107,4,benchKey_15_56,bytes=30;client_id=15;clients=50
1779647240170,PUT,108,4,benchKey_18_56,bytes=30;client_id=18;clients=50
1779647240170,PUT,109,4,benchKey_35_56,bytes=30;client_id=35;clients=50
1779647240172,PUT,104,4,benchKey_26_56,bytes=30;client_id=26;clients=50
1779647240173,PUT,101,4,benchKey_12_56,bytes=30;client_id=12;clients=50
1779647240178,PUT,106,4,benchKey_19_55,bytes=30;client_id=19;clients=50
1779647240179,PUT,107,4,benchKey_48_56,bytes=30;client_id=48;clients=50
1779647240179,PUT,107,4,benchKey_33_56,bytes=30;client_id=33;clients=50
1779647240181,PUT,106,4,benchKey_28_56,bytes=30;client_id=28;clients=50
1779647240185,PUT,98,4,benchKey_44_56,bytes=30;client_id=44;clients=50
1779647240185,PUT,105,4,benchKey_11_56,bytes=30;client_id=11;clients=50
1779647240185,PUT,102,4,benchKey_0_56,bytes=29;client_id=0;clients=50
1779647240187,PUT,99,4,benchKey_41_56,bytes=30;client_id=41;clients=50
1779647240193,PUT,104,4,benchKey_6_56,bytes=29;client_id=6;clients=50
1779647240198,PUT,105,4,benchKey_40_56,bytes=30;client_id=40;clients=50
1779647240199,PUT,103,4,benchKey_4_56,bytes=29;client_id=4;clients=50
1779647240199,PUT,102,4,benchKey_29_56,bytes=30;client_id=29;clients=50
1779647240198,PUT,109,4,benchKey_10_56,bytes=30;client_id=10;clients=50
1779647240199,PUT,102,4,benchKey_49_56,bytes=30;client_id=49;clients=50
1779647240206,PUT,105,4,benchKey_16_56,bytes=30;client_id=16;clients=50
1779647240209,PUT,106,4,benchKey_21_56,bytes=30;client_id=21;clients=50
1779647240212,PUT,110,4,benchKey_37_56,bytes=30;client_id=37;clients=50
1779647240212,PUT,109,4,benchKey_47_56,bytes=30;client_id=47;clients=50
1779647240215,PUT,104,4,benchKey_42_56,bytes=30;client_id=42;clients=50
1779647240215,PUT,101,4,benchKey_8_56,bytes=29;client_id=8;clients=50
1779647240220,PUT,107,4,benchKey_22_56,bytes=30;client_id=22;clients=50
1779647240220,PUT,106,4,benchKey_20_56,bytes=30;client_id=20;clients=50
1779647240222,PUT,108,4,benchKey_31_56,bytes=30;client_id=31;clients=50
1779647240222,PUT,107,4,benchKey_32_56,bytes=30;client_id=32;clients=50
1779647240227,PUT,99,4,benchKey_34_57,bytes=30;client_id=34;clients=50
1779647240227,PUT,101,4,benchKey_23_56,bytes=30;client_id=23;clients=50
1779647240228,PUT,105,4,benchKey_25_56,bytes=30;client_id=25;clients=50
1779647240230,PUT,101,4,benchKey_39_56,bytes=30;client_id=39;clients=50
1779647240234,PUT,103,4,benchKey_1_56,bytes=29;client_id=1;clients=50
1779647240240,PUT,103,4,benchKey_43_56,bytes=30;client_id=43;clients=50
1779647240240,PUT,109,4,benchKey_9_56,bytes=29;client_id=9;clients=50
1779647240241,PUT,102,4,benchKey_46_56,bytes=30;client_id=46;clients=50
1779647240241,PUT,104,4,benchKey_17_56,bytes=30;client_id=17;clients=50
1779647240242,PUT,104,4,benchKey_2_57,bytes=29;client_id=2;clients=50
1779647240248,PUT,105,4,benchKey_5_56,bytes=29;client_id=5;clients=50
1779647240250,PUT,106,4,benchKey_27_56,bytes=30;client_id=27;clients=50
1779647240254,PUT,108,4,benchKey_7_56,bytes=29;client_id=7;clients=50
1779647240254,PUT,110,4,benchKey_38_56,bytes=30;client_id=38;clients=50
1779647240256,PUT,103,4,benchKey_45_57,bytes=30;client_id=45;clients=50
1779647240257,PUT,101,4,benchKey_36_56,bytes=30;client_id=36;clients=50
1779647240262,PUT,106,4,benchKey_24_57,bytes=30;client_id=24;clients=50
1779647240262,PUT,106,4,benchKey_13_56,bytes=30;client_id=13;clients=50
1779647240264,PUT,107,4,benchKey_3_57,bytes=29;client_id=3;clients=50
1779647240265,PUT,109,4,benchKey_14_56,bytes=30;client_id=14;clients=50
1779647240269,PUT,98,4,benchKey_18_57,bytes=30;client_id=18;clients=50
1779647240269,PUT,104,4,benchKey_30_57,bytes=30;client_id=30;clients=50
1779647240269,PUT,101,4,benchKey_15_57,bytes=30;client_id=15;clients=50
1779647240272,PUT,101,4,benchKey_35_57,bytes=30;client_id=35;clients=50
1779647240275,PUT,102,4,benchKey_26_57,bytes=30;client_id=26;clients=50
1779647240282,PUT,108,4,benchKey_12_57,bytes=30;client_id=12;clients=50
1779647240282,PUT,104,4,benchKey_19_56,bytes=30;client_id=19;clients=50
1779647240283,PUT,103,4,benchKey_33_57,bytes=30;client_id=33;clients=50
1779647240283,PUT,104,4,benchKey_48_57,bytes=30;client_id=48;clients=50
1779647240284,PUT,102,4,benchKey_28_57,bytes=30;client_id=28;clients=50
1779647240290,PUT,104,4,benchKey_44_57,bytes=30;client_id=44;clients=50
1779647240291,PUT,105,4,benchKey_11_57,bytes=30;client_id=11;clients=50
1779647240296,PUT,108,4,benchKey_41_57,bytes=30;client_id=41;clients=50
1779647240296,PUT,110,4,benchKey_0_57,bytes=29;client_id=0;clients=50
1779647240298,PUT,104,4,benchKey_6_57,bytes=29;client_id=6;clients=50
1779647240299,PUT,100,4,benchKey_40_57,bytes=30;client_id=40;clients=50
1779647240304,PUT,105,4,benchKey_29_57,bytes=30;client_id=29;clients=50
1779647240305,PUT,106,4,benchKey_10_57,bytes=30;client_id=10;clients=50
1779647240305,PUT,106,4,benchKey_4_57,bytes=29;client_id=4;clients=50
1779647240307,PUT,108,4,benchKey_49_57,bytes=30;client_id=49;clients=50
1779647240311,PUT,98,4,benchKey_37_57,bytes=30;client_id=37;clients=50
1779647240311,PUT,102,4,benchKey_21_57,bytes=30;client_id=21;clients=50
1779647240312,PUT,105,4,benchKey_16_57,bytes=30;client_id=16;clients=50
1779647240314,PUT,101,4,benchKey_47_57,bytes=30;client_id=47;clients=50
1779647240317,PUT,101,4,benchKey_8_57,bytes=29;client_id=8;clients=50
1779647240323,PUT,102,4,benchKey_22_57,bytes=30;client_id=22;clients=50
1779647240323,PUT,108,4,benchKey_42_57,bytes=30;client_id=42;clients=50
1779647240324,PUT,101,4,benchKey_31_57,bytes=30;client_id=31;clients=50
1779647240325,PUT,102,4,benchKey_32_57,bytes=30;client_id=32;clients=50
1779647240325,PUT,104,4,benchKey_20_57,bytes=30;client_id=20;clients=50
1779647240332,PUT,104,4,benchKey_34_58,bytes=30;client_id=34;clients=50
1779647240333,PUT,105,4,benchKey_23_57,bytes=30;client_id=23;clients=50
1779647240338,PUT,110,4,benchKey_25_57,bytes=30;client_id=25;clients=50
1779647240338,PUT,108,4,benchKey_39_57,bytes=30;client_id=39;clients=50
1779647240340,PUT,105,4,benchKey_1_57,bytes=29;client_id=1;clients=50
1779647240341,PUT,100,4,benchKey_43_57,bytes=30;client_id=43;clients=50
1779647240346,PUT,105,4,benchKey_9_57,bytes=29;client_id=9;clients=50
1779647240348,PUT,106,4,benchKey_46_57,bytes=30;client_id=46;clients=50
1779647240348,PUT,106,4,benchKey_17_57,bytes=30;client_id=17;clients=50
1779647240349,PUT,106,4,benchKey_2_58,bytes=29;client_id=2;clients=50
1779647240353,PUT,98,4,benchKey_38_57,bytes=30;client_id=38;clients=50
1779647240353,PUT,104,4,benchKey_5_57,bytes=29;client_id=5;clients=50
1779647240354,PUT,103,4,benchKey_27_57,bytes=30;client_id=27;clients=50
1779647240356,PUT,101,4,benchKey_7_57,bytes=29;client_id=7;clients=50
1779647240359,PUT,103,4,benchKey_45_58,bytes=30;client_id=45;clients=50
1779647240366,PUT,104,4,benchKey_13_57,bytes=30;client_id=13;clients=50
1779647240366,PUT,109,4,benchKey_36_57,bytes=30;client_id=36;clients=50
1779647240367,PUT,103,4,benchKey_3_58,bytes=29;client_id=3;clients=50
1779647240367,PUT,101,4,benchKey_14_57,bytes=30;client_id=14;clients=50
1779647240367,PUT,104,4,benchKey_24_58,bytes=30;client_id=24;clients=50
1779647240375,PUT,105,4,benchKey_18_58,bytes=30;client_id=18;clients=50
1779647240375,PUT,105,4,benchKey_15_58,bytes=30;client_id=15;clients=50
1779647240380,PUT,108,4,benchKey_35_58,bytes=30;client_id=35;clients=50
1779647240382,PUT,107,4,benchKey_26_58,bytes=30;client_id=26;clients=50
1779647240382,PUT,113,4,benchKey_30_58,bytes=30;client_id=30;clients=50
1779647240386,PUT,103,4,benchKey_12_58,bytes=30;client_id=12;clients=50
1779647240390,PUT,107,4,benchKey_19_57,bytes=30;client_id=19;clients=50
1779647240390,PUT,107,4,benchKey_33_58,bytes=30;client_id=33;clients=50
1779647240391,PUT,107,4,benchKey_28_58,bytes=30;client_id=28;clients=50
1779647240391,PUT,108,4,benchKey_48_58,bytes=30;client_id=48;clients=50
1779647240396,PUT,105,4,benchKey_11_58,bytes=30;client_id=11;clients=50
1779647240397,PUT,106,4,benchKey_44_58,bytes=30;client_id=44;clients=50
1779647240396,PUT,100,4,benchKey_41_58,bytes=30;client_id=41;clients=50
1779647240398,PUT,101,4,benchKey_0_58,bytes=29;client_id=0;clients=50
1779647240406,PUT,107,4,benchKey_6_58,bytes=29;client_id=6;clients=50
1779647240409,PUT,109,4,benchKey_40_58,bytes=30;client_id=40;clients=50
1779647240411,PUT,103,4,benchKey_49_58,bytes=30;client_id=49;clients=50
1779647240412,PUT,107,4,benchKey_29_58,bytes=30;client_id=29;clients=50
1779647240410,PUT,104,4,benchKey_10_58,bytes=30;client_id=10;clients=50
1779647240412,PUT,106,4,benchKey_4_58,bytes=29;client_id=4;clients=50
1779647240419,PUT,107,4,benchKey_21_58,bytes=30;client_id=21;clients=50
1779647240420,PUT,109,4,benchKey_37_58,bytes=30;client_id=37;clients=50
1779647240427,PUT,115,4,benchKey_16_58,bytes=30;client_id=16;clients=50
1779647240427,PUT,110,4,benchKey_8_58,bytes=29;client_id=8;clients=50
1779647240430,PUT,116,4,benchKey_47_58,bytes=30;client_id=47;clients=50
1779647240431,PUT,107,4,benchKey_22_58,bytes=30;client_id=22;clients=50
1779647240434,PUT,109,4,benchKey_20_58,bytes=30;client_id=20;clients=50
1779647240434,PUT,111,4,benchKey_42_58,bytes=30;client_id=42;clients=50
1779647240435,PUT,110,4,benchKey_32_58,bytes=30;client_id=32;clients=50
1779647240438,PUT,114,4,benchKey_31_58,bytes=30;client_id=31;clients=50
1779647240443,PUT,111,4,benchKey_34_59,bytes=30;client_id=34;clients=50
1779647240445,PUT,106,4,benchKey_39_58,bytes=30;client_id=39;clients=50
1779647240446,PUT,112,4,benchKey_23_58,bytes=30;client_id=23;clients=50
1779647240452,PUT,76,4,benchKey_18_59,bytes=30;client_id=18;clients=50
1779647240452,PUT,114,4,benchKey_25_58,bytes=30;client_id=25;clients=50
1779647240453,PUT,112,4,benchKey_43_58,bytes=30;client_id=43;clients=50
1779647240456,PUT,108,4,benchKey_46_58,bytes=30;client_id=46;clients=50
1779647240457,PUT,117,4,benchKey_1_58,bytes=29;client_id=1;clients=50
1779647240458,PUT,110,4,benchKey_17_58,bytes=30;client_id=17;clients=50
1779647240460,PUT,110,4,benchKey_2_59,bytes=29;client_id=2;clients=50
1779647240464,PUT,118,4,benchKey_9_58,bytes=29;client_id=9;clients=50
1779647240464,PUT,111,4,benchKey_5_58,bytes=29;client_id=5;clients=50
1779647240466,PUT,112,4,benchKey_38_58,bytes=30;client_id=38;clients=50
1779647240469,PUT,115,4,benchKey_27_58,bytes=30;client_id=27;clients=50
1779647240472,PUT,113,4,benchKey_45_59,bytes=30;client_id=45;clients=50
1779647240472,PUT,116,4,benchKey_7_58,bytes=29;client_id=7;clients=50
1779647240474,PUT,107,4,benchKey_36_58,bytes=30;client_id=36;clients=50
1779647240483,PUT,116,4,benchKey_13_58,bytes=30;client_id=13;clients=50
1779647240485,PUT,117,4,benchKey_14_58,bytes=30;client_id=14;clients=50
1779647240487,PUT,75,4,benchKey_29_59,bytes=30;client_id=29;clients=50
1779647240489,PUT,113,4,benchKey_15_59,bytes=30;client_id=15;clients=50
1779647240489,PUT,122,4,benchKey_24_59,bytes=30;client_id=24;clients=50
1779647240490,PUT,122,4,benchKey_3_59,bytes=29;client_id=3;clients=50
1779647240496,PUT,113,4,benchKey_26_59,bytes=30;client_id=26;clients=50
1779647240497,PUT,117,4,benchKey_35_59,bytes=30;client_id=35;clients=50
1779647240498,PUT,115,4,benchKey_30_59,bytes=30;client_id=30;clients=50
1779647240501,PUT,111,4,benchKey_19_58,bytes=30;client_id=19;clients=50
1779647240501,PUT,109,4,benchKey_28_59,bytes=30;client_id=28;clients=50
1779647240502,PUT,115,4,benchKey_12_59,bytes=30;client_id=12;clients=50
1779647240501,PUT,108,4,benchKey_48_59,bytes=30;client_id=48;clients=50
1779647240502,PUT,111,4,benchKey_33_59,bytes=30;client_id=33;clients=50
1779647240506,PUT,109,4,benchKey_41_59,bytes=30;client_id=41;clients=50
1779647240506,PUT,109,4,benchKey_44_59,bytes=30;client_id=44;clients=50
1779647240507,PUT,110,4,benchKey_11_59,bytes=30;client_id=11;clients=50
1779647240511,PUT,112,4,benchKey_0_59,bytes=29;client_id=0;clients=50
1779647240514,PUT,103,4,benchKey_40_59,bytes=30;client_id=40;clients=50
1779647240515,PUT,103,4,benchKey_49_59,bytes=30;client_id=49;clients=50
1779647240516,PUT,110,4,benchKey_6_59,bytes=29;client_id=6;clients=50
1779647240531,PUT,115,4,benchKey_4_59,bytes=29;client_id=4;clients=50
1779647240531,PUT,119,4,benchKey_10_59,bytes=30;client_id=10;clients=50
1779647240533,PUT,105,4,benchKey_16_59,bytes=30;client_id=16;clients=50
1779647240534,PUT,114,4,benchKey_21_59,bytes=30;client_id=21;clients=50
1779647240536,PUT,115,4,benchKey_37_59,bytes=30;client_id=37;clients=50
1779647240539,PUT,111,4,benchKey_8_59,bytes=29;client_id=8;clients=50
1779647240541,PUT,110,4,benchKey_47_59,bytes=30;client_id=47;clients=50
1779647240541,PUT,109,4,benchKey_22_59,bytes=30;client_id=22;clients=50
1779647240543,PUT,108,4,benchKey_42_59,bytes=30;client_id=42;clients=50
1779647240544,PUT,100,4,benchKey_31_59,bytes=30;client_id=31;clients=50
1779647240544,PUT,109,4,benchKey_20_59,bytes=30;client_id=20;clients=50
1779647240544,PUT,100,4,benchKey_34_60,bytes=30;client_id=34;clients=50
1779647240545,PUT,109,4,benchKey_32_59,bytes=30;client_id=32;clients=50
1779647240548,PUT,102,4,benchKey_23_59,bytes=30;client_id=23;clients=50
1779647240549,PUT,103,4,benchKey_39_59,bytes=30;client_id=39;clients=50
1779647240551,PUT,98,4,benchKey_18_60,bytes=30;client_id=18;clients=50
1779647240554,PUT,101,4,benchKey_25_59,bytes=30;client_id=25;clients=50
1779647240556,PUT,99,4,benchKey_46_59,bytes=30;client_id=46;clients=50
1779647240556,PUT,102,4,benchKey_43_59,bytes=30;client_id=43;clients=50
1779647240559,PUT,101,4,benchKey_1_59,bytes=29;client_id=1;clients=50
1779647240573,PUT,113,4,benchKey_2_60,bytes=29;client_id=2;clients=50
1779647240573,PUT,114,4,benchKey_17_59,bytes=30;client_id=17;clients=50
1779647240575,PUT,110,4,benchKey_5_59,bytes=29;client_id=5;clients=50
1779647240575,PUT,110,4,benchKey_9_59,bytes=29;client_id=9;clients=50
1779647240577,PUT,111,4,benchKey_38_59,bytes=30;client_id=38;clients=50
1779647240582,PUT,109,4,benchKey_45_60,bytes=30;client_id=45;clients=50
1779647240582,PUT,112,4,benchKey_27_59,bytes=30;client_id=27;clients=50
1779647240584,PUT,110,4,benchKey_36_59,bytes=30;client_id=36;clients=50
1779647240584,PUT,111,4,benchKey_7_59,bytes=29;client_id=7;clients=50
1779647240586,PUT,101,4,benchKey_14_59,bytes=30;client_id=14;clients=50
1779647240586,PUT,99,4,benchKey_29_60,bytes=30;client_id=29;clients=50
1779647240587,PUT,103,4,benchKey_13_59,bytes=30;client_id=13;clients=50
1779647240588,PUT,99,4,benchKey_15_60,bytes=30;client_id=15;clients=50
1779647240591,PUT,101,4,benchKey_3_60,bytes=29;client_id=3;clients=50
1779647240591,PUT,101,4,benchKey_24_60,bytes=30;client_id=24;clients=50
1779647240593,PUT,96,4,benchKey_26_60,bytes=30;client_id=26;clients=50
1779647240597,PUT,99,4,benchKey_35_60,bytes=30;client_id=35;clients=50
1779647240598,PUT,100,4,benchKey_30_60,bytes=30;client_id=30;clients=50
1779647240599,PUT,97,4,benchKey_19_59,bytes=30;client_id=19;clients=50
1779647240599,PUT,58,4,benchKey_47_60,bytes=30;client_id=47;clients=50
1779647240601,PUT,99,4,benchKey_28_60,bytes=30;client_id=28;clients=50
1779647240615,PUT,112,4,benchKey_48_60,bytes=30;client_id=48;clients=50
1779647240616,PUT,113,4,benchKey_12_60,bytes=30;client_id=12;clients=50
1779647240618,PUT,111,4,benchKey_41_60,bytes=30;client_id=41;clients=50
1779647240618,PUT,115,4,benchKey_33_60,bytes=30;client_id=33;clients=50
1779647240619,PUT,112,4,benchKey_44_60,bytes=30;client_id=44;clients=50
1779647240625,PUT,117,4,benchKey_11_60,bytes=30;client_id=11;clients=50
1779647240625,PUT,114,4,benchKey_0_60,bytes=29;client_id=0;clients=50
1779647240626,PUT,111,4,benchKey_49_60,bytes=30;client_id=49;clients=50
1779647240627,PUT,112,4,benchKey_40_60,bytes=30;client_id=40;clients=50
1779647240628,PUT,111,4,benchKey_6_60,bytes=29;client_id=6;clients=50
1779647240628,PUT,96,4,benchKey_10_60,bytes=30;client_id=10;clients=50
1779647240630,PUT,97,4,benchKey_16_60,bytes=30;client_id=16;clients=50
1779647240630,PUT,98,4,benchKey_4_60,bytes=29;client_id=4;clients=50
1779647240633,PUT,97,4,benchKey_37_60,bytes=30;client_id=37;clients=50
1779647240633,PUT,98,4,benchKey_21_60,bytes=30;client_id=21;clients=50
1779647240636,PUT,96,4,benchKey_8_60,bytes=29;client_id=8;clients=50
1779647240640,PUT,98,4,benchKey_22_60,bytes=30;client_id=22;clients=50
1779647240641,PUT,96,4,benchKey_31_60,bytes=30;client_id=31;clients=50
1779647240642,PUT,98,4,benchKey_42_60,bytes=30;client_id=42;clients=50
1779647240643,PUT,98,4,benchKey_20_60,bytes=30;client_id=20;clients=50
1779647240658,PUT,113,4,benchKey_34_61,bytes=30;client_id=34;clients=50
1779647240659,PUT,113,4,benchKey_32_60,bytes=30;client_id=32;clients=50
1779647240660,PUT,111,4,benchKey_39_60,bytes=30;client_id=39;clients=50
1779647240660,PUT,109,4,benchKey_18_61,bytes=30;client_id=18;clients=50
1779647240660,PUT,112,4,benchKey_23_60,bytes=30;client_id=23;clients=50
1779647240667,PUT,113,4,benchKey_25_60,bytes=30;client_id=25;clients=50
1779647240667,PUT,111,4,benchKey_46_60,bytes=30;client_id=46;clients=50
1779647240668,PUT,111,4,benchKey_43_60,bytes=30;client_id=43;clients=50
1779647240668,PUT,108,4,benchKey_1_60,bytes=29;client_id=1;clients=50
1779647240670,PUT,96,4,benchKey_2_61,bytes=29;client_id=2;clients=50
1779647240671,PUT,97,4,benchKey_17_60,bytes=30;client_id=17;clients=50
1779647240673,PUT,97,4,benchKey_5_60,bytes=29;client_id=5;clients=50
1779647240673,PUT,97,4,benchKey_9_60,bytes=29;client_id=9;clients=50
1779647240675,PUT,92,4,benchKey_45_61,bytes=30;client_id=45;clients=50
1779647240675,PUT,97,4,benchKey_38_60,bytes=30;client_id=38;clients=50
1779647240678,PUT,95,4,benchKey_27_60,bytes=30;client_id=27;clients=50
1779647240683,PUT,98,4,benchKey_7_60,bytes=29;client_id=7;clients=50
1779647240683,PUT,96,4,benchKey_14_60,bytes=30;client_id=14;clients=50
1779647240683,PUT,98,4,benchKey_36_60,bytes=30;client_id=36;clients=50
1779647240684,PUT,97,4,benchKey_29_61,bytes=30;client_id=29;clients=50
1779647240701,PUT,113,4,benchKey_13_60,bytes=30;client_id=13;clients=50
1779647240702,PUT,110,4,benchKey_24_61,bytes=30;client_id=24;clients=50
1779647240702,PUT,114,4,benchKey_15_61,bytes=30;client_id=15;clients=50
1779647240702,PUT,110,4,benchKey_3_61,bytes=29;client_id=3;clients=50
1779647240703,PUT,109,4,benchKey_26_61,bytes=30;client_id=26;clients=50
1779647240709,PUT,110,4,benchKey_19_60,bytes=30;client_id=19;clients=50
1779647240709,PUT,110,4,benchKey_30_61,bytes=30;client_id=30;clients=50
1779647240709,PUT,111,4,benchKey_35_61,bytes=30;client_id=35;clients=50
1779647240710,PUT,110,4,benchKey_47_61,bytes=30;client_id=47;clients=50
1779647240711,PUT,109,4,benchKey_28_61,bytes=30;client_id=28;clients=50
1779647240713,PUT,97,4,benchKey_48_61,bytes=30;client_id=48;clients=50
1779647240715,PUT,98,4,benchKey_12_61,bytes=30;client_id=12;clients=50
1779647240716,PUT,97,4,benchKey_33_61,bytes=30;client_id=33;clients=50
1779647240716,PUT,96,4,benchKey_44_61,bytes=30;client_id=44;clients=50
1779647240717,PUT,98,4,benchKey_41_61,bytes=30;client_id=41;clients=50
1779647240720,PUT,94,4,benchKey_11_61,bytes=30;client_id=11;clients=50
1779647240725,PUT,99,4,benchKey_0_61,bytes=29;client_id=0;clients=50
1779647240725,PUT,99,4,benchKey_49_61,bytes=30;client_id=49;clients=50
1779647240726,PUT,97,4,benchKey_6_61,bytes=29;client_id=6;clients=50
1779647240726,PUT,99,4,benchKey_40_61,bytes=30;client_id=40;clients=50
1779647240743,PUT,114,4,benchKey_10_61,bytes=30;client_id=10;clients=50
1779647240744,PUT,114,4,benchKey_4_61,bytes=29;client_id=4;clients=50
1779647240744,PUT,111,4,benchKey_21_61,bytes=30;client_id=21;clients=50
1779647240745,PUT,111,4,benchKey_37_61,bytes=30;client_id=37;clients=50
1779647240746,PUT,115,4,benchKey_16_61,bytes=30;client_id=16;clients=50
1779647240751,PUT,110,4,benchKey_22_61,bytes=30;client_id=22;clients=50
1779647240751,PUT,115,4,benchKey_8_61,bytes=29;client_id=8;clients=50
1779647240751,PUT,110,4,benchKey_31_61,bytes=30;client_id=31;clients=50
1779647240751,PUT,109,4,benchKey_42_61,bytes=30;client_id=42;clients=50
1779647240752,PUT,109,4,benchKey_20_61,bytes=30;client_id=20;clients=50
1779647240754,PUT,95,4,benchKey_34_62,bytes=30;client_id=34;clients=50
1779647240756,PUT,97,4,benchKey_32_61,bytes=30;client_id=32;clients=50
1779647240757,PUT,96,4,benchKey_39_61,bytes=30;client_id=39;clients=50
1779647240757,PUT,96,4,benchKey_18_62,bytes=30;client_id=18;clients=50
1779647240759,PUT,98,4,benchKey_23_61,bytes=30;client_id=23;clients=50
1779647240763,PUT,95,4,benchKey_25_61,bytes=30;client_id=25;clients=50
1779647240767,PUT,99,4,benchKey_46_61,bytes=30;client_id=46;clients=50
1779647240767,PUT,99,4,benchKey_43_61,bytes=30;client_id=43;clients=50
1779647240767,PUT,99,4,benchKey_1_61,bytes=29;client_id=1;clients=50
1779647240767,PUT,97,4,benchKey_2_62,bytes=29;client_id=2;clients=50
1779647240785,PUT,114,4,benchKey_17_61,bytes=30;client_id=17;clients=50
1779647240786,PUT,112,4,benchKey_9_61,bytes=29;client_id=9;clients=50
1779647240786,PUT,112,4,benchKey_5_61,bytes=29;client_id=5;clients=50
1779647240788,PUT,112,4,benchKey_38_61,bytes=30;client_id=38;clients=50
1779647240788,PUT,112,4,benchKey_45_62,bytes=30;client_id=45;clients=50
1779647240793,PUT,114,4,benchKey_27_61,bytes=30;client_id=27;clients=50
1779647240793,PUT,109,4,benchKey_14_61,bytes=30;client_id=14;clients=50
1779647240793,PUT,109,4,benchKey_29_62,bytes=30;client_id=29;clients=50
1779647240794,PUT,110,4,benchKey_36_61,bytes=30;client_id=36;clients=50
1779647240794,PUT,110,4,benchKey_7_61,bytes=29;client_id=7;clients=50
1779647240796,PUT,94,4,benchKey_13_61,bytes=30;client_id=13;clients=50
1779647240798,PUT,96,4,benchKey_15_62,bytes=30;client_id=15;clients=50
1779647240798,PUT,96,4,benchKey_3_62,bytes=29;client_id=3;clients=50
1779647240798,PUT,96,4,benchKey_24_62,bytes=30;client_id=24;clients=50
1779647240802,PUT,99,4,benchKey_26_62,bytes=30;client_id=26;clients=50
1779647240804,PUT,94,4,benchKey_19_61,bytes=30;client_id=19;clients=50
1779647240809,PUT,98,4,benchKey_28_62,bytes=30;client_id=28;clients=50
1779647240809,PUT,99,4,benchKey_35_62,bytes=30;client_id=35;clients=50
1779647240810,PUT,100,4,benchKey_30_62,bytes=30;client_id=30;clients=50
1779647240810,PUT,100,4,benchKey_47_62,bytes=30;client_id=47;clients=50
1779647240828,PUT,113,4,benchKey_12_62,bytes=30;client_id=12;clients=50
1779647240828,PUT,112,4,benchKey_33_62,bytes=30;client_id=33;clients=50
1779647240828,PUT,115,4,benchKey_48_62,bytes=30;client_id=48;clients=50
1779647240830,PUT,113,4,benchKey_41_62,bytes=30;client_id=41;clients=50
1779647240831,PUT,114,4,benchKey_44_62,bytes=30;client_id=44;clients=50
1779647240835,PUT,109,4,benchKey_0_62,bytes=29;client_id=0;clients=50
1779647240836,PUT,110,4,benchKey_49_62,bytes=30;client_id=49;clients=50
1779647240836,PUT,110,4,benchKey_40_62,bytes=30;client_id=40;clients=50
1779647240837,PUT,110,4,benchKey_6_62,bytes=29;client_id=6;clients=50
1779647240837,PUT,116,4,benchKey_11_62,bytes=30;client_id=11;clients=50
1779647240838,PUT,95,4,benchKey_10_62,bytes=30;client_id=10;clients=50
1779647240840,PUT,95,4,benchKey_21_62,bytes=30;client_id=21;clients=50
1779647240840,PUT,95,4,benchKey_37_62,bytes=30;client_id=37;clients=50
1779647240841,PUT,97,4,benchKey_4_62,bytes=29;client_id=4;clients=50
1779647240844,PUT,98,4,benchKey_16_62,bytes=30;client_id=16;clients=50
1779647240845,PUT,93,4,benchKey_22_62,bytes=30;client_id=22;clients=50
1779647240851,PUT,100,4,benchKey_31_62,bytes=30;client_id=31;clients=50
1779647240852,PUT,100,4,benchKey_20_62,bytes=30;client_id=20;clients=50
1779647240852,PUT,101,4,benchKey_8_62,bytes=29;client_id=8;clients=50
1779647240852,PUT,100,4,benchKey_42_62,bytes=30;client_id=42;clients=50
1779647240870,PUT,116,4,benchKey_34_63,bytes=30;client_id=34;clients=50
1779647240870,PUT,114,4,benchKey_32_62,bytes=30;client_id=32;clients=50
1779647240871,PUT,114,4,benchKey_39_62,bytes=30;client_id=39;clients=50
1779647240872,PUT,114,4,benchKey_18_63,bytes=30;client_id=18;clients=50
1779647240872,PUT,112,4,benchKey_23_62,bytes=30;client_id=23;clients=50
1779647240876,PUT,112,4,benchKey_25_62,bytes=30;client_id=25;clients=50
1779647240878,PUT,110,4,benchKey_1_62,bytes=29;client_id=1;clients=50
1779647240878,PUT,110,4,benchKey_46_62,bytes=30;client_id=46;clients=50
1779647240879,PUT,111,4,benchKey_2_63,bytes=29;client_id=2;clients=50
1779647240879,PUT,111,4,benchKey_43_62,bytes=30;client_id=43;clients=50
1779647240881,PUT,95,4,benchKey_17_62,bytes=30;client_id=17;clients=50
1779647240883,PUT,96,4,benchKey_5_62,bytes=29;client_id=5;clients=50
1779647240883,PUT,95,4,benchKey_45_63,bytes=30;client_id=45;clients=50
1779647240883,PUT,97,4,benchKey_9_62,bytes=29;client_id=9;clients=50
1779647240885,PUT,96,4,benchKey_38_62,bytes=30;client_id=38;clients=50
1779647240887,PUT,93,4,benchKey_14_62,bytes=30;client_id=14;clients=50
1779647240893,PUT,100,4,benchKey_29_63,bytes=30;client_id=29;clients=50
1779647240894,PUT,100,4,benchKey_7_62,bytes=29;client_id=7;clients=50
1779647240894,PUT,100,4,benchKey_36_62,bytes=30;client_id=36;clients=50
1779647240894,PUT,101,4,benchKey_27_62,bytes=30;client_id=27;clients=50
1779647240912,PUT,116,4,benchKey_13_62,bytes=30;client_id=13;clients=50
1779647240913,PUT,114,4,benchKey_15_63,bytes=30;client_id=15;clients=50
1779647240913,PUT,110,4,benchKey_26_63,bytes=30;client_id=26;clients=50
1779647240913,PUT,114,4,benchKey_24_63,bytes=30;client_id=24;clients=50
1779647240914,PUT,115,4,benchKey_3_63,bytes=29;client_id=3;clients=50
1779647240917,PUT,112,4,benchKey_19_62,bytes=30;client_id=19;clients=50
1779647240920,PUT,111,4,benchKey_35_63,bytes=30;client_id=35;clients=50
1779647240920,PUT,111,4,benchKey_28_63,bytes=30;client_id=28;clients=50
1779647240922,PUT,111,4,benchKey_30_63,bytes=30;client_id=30;clients=50
1779647240922,PUT,111,4,benchKey_47_63,bytes=30;client_id=47;clients=50
1779647240924,PUT,95,4,benchKey_33_63,bytes=30;client_id=33;clients=50
1779647240925,PUT,96,4,benchKey_48_63,bytes=30;client_id=48;clients=50
1779647240925,PUT,94,4,benchKey_41_63,bytes=30;client_id=41;clients=50
1779647240925,PUT,96,4,benchKey_12_63,bytes=30;client_id=12;clients=50
1779647240926,PUT,95,4,benchKey_44_63,bytes=30;client_id=44;clients=50
1779647240928,PUT,92,4,benchKey_0_63,bytes=29;client_id=0;clients=50
1779647240936,PUT,100,4,benchKey_49_63,bytes=30;client_id=49;clients=50
1779647240936,PUT,99,4,benchKey_6_63,bytes=29;client_id=6;clients=50
1779647240936,PUT,99,4,benchKey_11_63,bytes=30;client_id=11;clients=50
1779647240937,PUT,100,4,benchKey_40_63,bytes=30;client_id=40;clients=50
1779647240954,PUT,115,4,benchKey_10_63,bytes=30;client_id=10;clients=50
1779647240955,PUT,113,4,benchKey_4_63,bytes=29;client_id=4;clients=50
1779647240955,PUT,111,4,benchKey_16_63,bytes=30;client_id=16;clients=50
1779647240955,PUT,114,4,benchKey_37_63,bytes=30;client_id=37;clients=50
1779647240956,PUT,115,4,benchKey_21_63,bytes=30;client_id=21;clients=50
1779647240959,PUT,114,4,benchKey_22_63,bytes=30;client_id=22;clients=50
1779647240963,PUT,111,4,benchKey_31_63,bytes=30;client_id=31;clients=50
1779647240963,PUT,110,4,benchKey_20_63,bytes=30;client_id=20;clients=50
1779647240964,PUT,111,4,benchKey_42_63,bytes=30;client_id=42;clients=50
1779647240964,PUT,111,4,benchKey_8_63,bytes=29;client_id=8;clients=50
1779647240965,PUT,94,4,benchKey_34_64,bytes=30;client_id=34;clients=50
1779647240967,PUT,96,4,benchKey_32_63,bytes=30;client_id=32;clients=50
1779647240967,PUT,95,4,benchKey_39_63,bytes=30;client_id=39;clients=50
1779647240968,PUT,96,4,benchKey_18_64,bytes=30;client_id=18;clients=50
1779647240968,PUT,96,4,benchKey_23_63,bytes=30;client_id=23;clients=50
1779647240970,PUT,93,4,benchKey_25_63,bytes=30;client_id=25;clients=50
1779647240978,PUT,100,4,benchKey_1_63,bytes=29;client_id=1;clients=50
1779647240978,PUT,99,4,benchKey_2_64,bytes=29;client_id=2;clients=50
1779647240978,PUT,100,4,benchKey_46_63,bytes=30;client_id=46;clients=50
1779647240979,PUT,99,4,benchKey_43_63,bytes=30;client_id=43;clients=50
1779647240996,PUT,112,4,benchKey_9_63,bytes=29;client_id=9;clients=50
1779647240996,PUT,113,4,benchKey_45_64,bytes=30;client_id=45;clients=50
1779647240996,PUT,115,4,benchKey_17_63,bytes=30;client_id=17;clients=50
1779647240996,PUT,113,4,benchKey_5_63,bytes=29;client_id=5;clients=50
1779647240998,PUT,112,4,benchKey_38_63,bytes=30;client_id=38;clients=50
1779647241002,PUT,115,4,benchKey_14_63,bytes=30;client_id=14;clients=50
1779647241006,PUT,112,4,benchKey_29_64,bytes=30;client_id=29;clients=50
1779647241006,PUT,112,4,benchKey_36_63,bytes=30;client_id=36;clients=50
1779647241006,PUT,111,4,benchKey_27_63,bytes=30;client_id=27;clients=50
1779647241007,PUT,112,4,benchKey_7_63,bytes=29;client_id=7;clients=50
1779647241007,PUT,94,4,benchKey_13_63,bytes=30;client_id=13;clients=50
1779647241009,PUT,95,4,benchKey_26_64,bytes=30;client_id=26;clients=50
1779647241009,PUT,95,4,benchKey_15_64,bytes=30;client_id=15;clients=50
1779647241010,PUT,96,4,benchKey_24_64,bytes=30;client_id=24;clients=50
1779647241010,PUT,96,4,benchKey_3_64,bytes=29;client_id=3;clients=50
1779647241012,PUT,95,4,benchKey_19_63,bytes=30;client_id=19;clients=50
1779647241020,PUT,99,4,benchKey_28_64,bytes=30;client_id=28;clients=50
1779647241020,PUT,98,4,benchKey_47_64,bytes=30;client_id=47;clients=50
1779647241020,PUT,98,4,benchKey_30_64,bytes=30;client_id=30;clients=50
1779647241020,PUT,99,4,benchKey_35_64,bytes=30;client_id=35;clients=50
1779647241039,PUT,114,4,benchKey_41_64,bytes=30;client_id=41;clients=50
1779647241039,PUT,114,4,benchKey_12_64,bytes=30;client_id=12;clients=50
1779647241040,PUT,115,4,benchKey_48_64,bytes=30;client_id=48;clients=50
1779647241040,PUT,114,4,benchKey_44_64,bytes=30;client_id=44;clients=50
1779647241041,PUT,117,4,benchKey_33_64,bytes=30;client_id=33;clients=50
1779647241044,PUT,116,4,benchKey_0_64,bytes=29;client_id=0;clients=50
1779647241048,PUT,111,4,benchKey_6_64,bytes=29;client_id=6;clients=50
1779647241048,PUT,111,4,benchKey_11_64,bytes=30;client_id=11;clients=50
1779647241048,PUT,111,4,benchKey_40_64,bytes=30;client_id=40;clients=50
1779647241048,PUT,112,4,benchKey_49_64,bytes=30;client_id=49;clients=50
1779647241049,PUT,94,4,benchKey_10_64,bytes=30;client_id=10;clients=50
1779647241051,PUT,95,4,benchKey_16_64,bytes=30;client_id=16;clients=50
1779647241052,PUT,96,4,benchKey_21_64,bytes=30;client_id=21;clients=50
1779647241052,PUT,97,4,benchKey_37_64,bytes=30;client_id=37;clients=50
1779647241052,PUT,97,4,benchKey_4_64,bytes=29;client_id=4;clients=50
1779647241054,PUT,94,4,benchKey_22_64,bytes=30;client_id=22;clients=50
1779647241062,PUT,98,4,benchKey_31_64,bytes=30;client_id=31;clients=50
1779647241062,PUT,98,4,benchKey_20_64,bytes=30;client_id=20;clients=50
1779647241062,PUT,97,4,benchKey_8_64,bytes=29;client_id=8;clients=50
1779647241063,PUT,98,4,benchKey_42_64,bytes=30;client_id=42;clients=50
1779647241081,PUT,116,4,benchKey_34_65,bytes=30;client_id=34;clients=50
1779647241082,PUT,114,4,benchKey_23_64,bytes=30;client_id=23;clients=50
1779647241082,PUT,115,4,benchKey_39_64,bytes=30;client_id=39;clients=50
1779647241083,PUT,115,4,benchKey_32_64,bytes=30;client_id=32;clients=50
1779647241083,PUT,115,4,benchKey_18_65,bytes=30;client_id=18;clients=50
1779647241085,PUT,115,4,benchKey_25_64,bytes=30;client_id=25;clients=50
1779647241090,PUT,111,4,benchKey_43_64,bytes=30;client_id=43;clients=50
1779647241090,PUT,111,4,benchKey_1_64,bytes=29;client_id=1;clients=50
1779647241090,PUT,94,4,benchKey_9_64,bytes=29;client_id=9;clients=50
1779647241092,PUT,113,4,benchKey_46_64,bytes=30;client_id=46;clients=50
1779647241092,PUT,113,4,benchKey_2_65,bytes=29;client_id=2;clients=50
1779647241093,PUT,96,4,benchKey_17_64,bytes=30;client_id=17;clients=50
1779647241094,PUT,96,4,benchKey_38_64,bytes=30;client_id=38;clients=50
1779647241094,PUT,98,4,benchKey_5_64,bytes=29;client_id=5;clients=50
1779647241094,PUT,98,4,benchKey_45_65,bytes=30;client_id=45;clients=50
1779647241096,PUT,94,4,benchKey_14_64,bytes=30;client_id=14;clients=50
1779647241104,PUT,97,4,benchKey_7_64,bytes=29;client_id=7;clients=50
1779647241104,PUT,98,4,benchKey_29_65,bytes=30;client_id=29;clients=50
1779647241104,PUT,98,4,benchKey_27_64,bytes=30;client_id=27;clients=50
1779647241107,PUT,100,4,benchKey_36_64,bytes=30;client_id=36;clients=50
1779647241123,PUT,116,4,benchKey_13_64,bytes=30;client_id=13;clients=50
1779647241124,PUT,114,4,benchKey_15_65,bytes=30;client_id=15;clients=50
1779647241124,PUT,113,4,benchKey_24_65,bytes=30;client_id=24;clients=50
1779647241124,PUT,114,4,benchKey_26_65,bytes=30;client_id=26;clients=50
1779647241125,PUT,114,4,benchKey_3_65,bytes=29;client_id=3;clients=50
1779647241127,PUT,114,4,benchKey_19_64,bytes=30;client_id=19;clients=50
1779647241132,PUT,111,4,benchKey_28_65,bytes=30;client_id=28;clients=50
1779647241133,PUT,112,4,benchKey_35_65,bytes=30;client_id=35;clients=50
1779647241133,PUT,112,4,benchKey_47_65,bytes=30;client_id=47;clients=50
1779647241134,PUT,113,4,benchKey_30_65,bytes=30;client_id=30;clients=50
1779647241136,PUT,96,4,benchKey_41_65,bytes=30;client_id=41;clients=50
1779647241136,PUT,95,4,benchKey_33_65,bytes=30;client_id=33;clients=50
1779647241136,PUT,95,4,benchKey_44_65,bytes=30;client_id=44;clients=50
1779647241136,PUT,96,4,benchKey_48_65,bytes=30;client_id=48;clients=50
1779647241137,PUT,97,4,benchKey_12_65,bytes=30;client_id=12;clients=50
1779647241138,PUT,94,4,benchKey_0_65,bytes=29;client_id=0;clients=50
1779647241146,PUT,98,4,benchKey_11_65,bytes=30;client_id=11;clients=50
1779647241146,PUT,98,4,benchKey_40_65,bytes=30;client_id=40;clients=50
1779647241147,PUT,98,4,benchKey_6_65,bytes=29;client_id=6;clients=50
1779647241148,PUT,99,4,benchKey_49_65,bytes=30;client_id=49;clients=50
1779647241165,PUT,116,4,benchKey_10_65,bytes=30;client_id=10;clients=50
1779647241166,PUT,115,4,benchKey_16_65,bytes=30;client_id=16;clients=50
1779647241166,PUT,113,4,benchKey_21_65,bytes=30;client_id=21;clients=50
1779647241166,PUT,113,4,benchKey_4_65,bytes=29;client_id=4;clients=50
1779647241168,PUT,115,4,benchKey_37_65,bytes=30;client_id=37;clients=50
1779647241168,PUT,113,4,benchKey_22_65,bytes=30;client_id=22;clients=50
1779647241174,PUT,112,4,benchKey_20_65,bytes=30;client_id=20;clients=50
1779647241175,PUT,112,4,benchKey_8_65,bytes=29;client_id=8;clients=50
1779647241175,PUT,112,4,benchKey_31_65,bytes=30;client_id=31;clients=50
1779647241177,PUT,114,4,benchKey_42_65,bytes=30;client_id=42;clients=50
1779647241178,PUT,96,4,benchKey_34_66,bytes=30;client_id=34;clients=50
1779647241178,PUT,95,4,benchKey_23_65,bytes=30;client_id=23;clients=50
1779647241178,PUT,95,4,benchKey_39_65,bytes=30;client_id=39;clients=50
1779647241179,PUT,96,4,benchKey_32_65,bytes=30;client_id=32;clients=50
1779647241180,PUT,94,4,benchKey_25_65,bytes=30;client_id=25;clients=50
1779647241180,PUT,96,4,benchKey_18_66,bytes=30;client_id=18;clients=50
1779647241188,PUT,98,4,benchKey_43_65,bytes=30;client_id=43;clients=50
1779647241189,PUT,98,4,benchKey_1_65,bytes=29;client_id=1;clients=50
1779647241189,PUT,98,4,benchKey_9_65,bytes=29;client_id=9;clients=50
1779647241191,PUT,99,4,benchKey_46_65,bytes=30;client_id=46;clients=50
1779647241207,PUT,115,4,benchKey_2_66,bytes=29;client_id=2;clients=50
1779647241208,PUT,113,4,benchKey_38_65,bytes=30;client_id=38;clients=50
1779647241208,PUT,115,4,benchKey_17_65,bytes=30;client_id=17;clients=50
1779647241208,PUT,113,4,benchKey_5_65,bytes=29;client_id=5;clients=50
1779647241210,PUT,115,4,benchKey_45_66,bytes=30;client_id=45;clients=50
1779647241210,PUT,113,4,benchKey_14_65,bytes=30;client_id=14;clients=50
1779647241216,PUT,112,4,benchKey_7_65,bytes=29;client_id=7;clients=50
1779647241218,PUT,113,4,benchKey_27_65,bytes=30;client_id=27;clients=50
1779647241218,PUT,111,4,benchKey_36_65,bytes=30;client_id=36;clients=50
1779647241218,PUT,114,4,benchKey_29_66,bytes=30;client_id=29;clients=50
1779647241220,PUT,95,4,benchKey_15_66,bytes=30;client_id=15;clients=50
1779647241220,PUT,96,4,benchKey_24_66,bytes=30;client_id=24;clients=50
1779647241221,PUT,98,4,benchKey_13_65,bytes=30;client_id=13;clients=50
1779647241221,PUT,96,4,benchKey_3_66,bytes=29;client_id=3;clients=50
1779647241222,PUT,95,4,benchKey_19_65,bytes=30;client_id=19;clients=50
1779647241222,PUT,98,4,benchKey_26_66,bytes=30;client_id=26;clients=50
1779647241230,PUT,97,4,benchKey_28_66,bytes=30;client_id=28;clients=50
1779647241231,PUT,97,4,benchKey_47_66,bytes=30;client_id=47;clients=50
1779647241231,PUT,97,4,benchKey_35_66,bytes=30;client_id=35;clients=50
1779647241233,PUT,98,4,benchKey_30_66,bytes=30;client_id=30;clients=50
1779647241250,PUT,113,4,benchKey_48_66,bytes=30;client_id=48;clients=50
1779647241250,PUT,114,4,benchKey_41_66,bytes=30;client_id=41;clients=50
1779647241250,PUT,113,4,benchKey_44_66,bytes=30;client_id=44;clients=50
1779647241250,PUT,114,4,benchKey_33_66,bytes=30;client_id=33;clients=50
1779647241251,PUT,113,4,benchKey_0_66,bytes=29;client_id=0;clients=50
1779647241251,PUT,114,4,benchKey_12_66,bytes=30;client_id=12;clients=50
1779647241259,PUT,112,4,benchKey_11_66,bytes=30;client_id=11;clients=50
1779647241261,PUT,114,4,benchKey_40_66,bytes=30;client_id=40;clients=50
1779647241261,PUT,113,4,benchKey_49_66,bytes=30;client_id=49;clients=50
1779647241262,PUT,97,4,benchKey_10_66,bytes=30;client_id=10;clients=50
1779647241262,PUT,96,4,benchKey_21_66,bytes=30;client_id=21;clients=50
1779647241263,PUT,115,4,benchKey_6_66,bytes=29;client_id=6;clients=50
1779647241263,PUT,95,4,benchKey_37_66,bytes=30;client_id=37;clients=50
1779647241264,PUT,98,4,benchKey_16_66,bytes=30;client_id=16;clients=50
1779647241265,PUT,96,4,benchKey_22_66,bytes=30;client_id=22;clients=50
1779647241265,PUT,98,4,benchKey_4_66,bytes=29;client_id=4;clients=50
1779647241272,PUT,97,4,benchKey_20_66,bytes=30;client_id=20;clients=50
1779647241274,PUT,98,4,benchKey_8_66,bytes=29;client_id=8;clients=50
1779647241274,PUT,97,4,benchKey_42_66,bytes=30;client_id=42;clients=50
1779647241274,PUT,98,4,benchKey_31_66,bytes=30;client_id=31;clients=50
1779647241292,PUT,113,4,benchKey_32_66,bytes=30;client_id=32;clients=50
1779647241292,PUT,114,4,benchKey_34_67,bytes=30;client_id=34;clients=50
1779647241294,PUT,114,4,benchKey_25_66,bytes=30;client_id=25;clients=50
1779647241294,PUT,114,4,benchKey_18_67,bytes=30;client_id=18;clients=50
1779647241294,PUT,116,4,benchKey_23_66,bytes=30;client_id=23;clients=50
1779647241295,PUT,116,4,benchKey_39_66,bytes=30;client_id=39;clients=50
1779647241301,PUT,112,4,benchKey_43_66,bytes=30;client_id=43;clients=50
1779647241303,PUT,113,4,benchKey_1_66,bytes=29;client_id=1;clients=50
1779647241303,PUT,114,4,benchKey_9_66,bytes=29;client_id=9;clients=50
1779647241304,PUT,95,4,benchKey_38_66,bytes=30;client_id=38;clients=50
1779647241304,PUT,96,4,benchKey_2_67,bytes=29;client_id=2;clients=50
1779647241306,PUT,98,4,benchKey_5_66,bytes=29;client_id=5;clients=50
1779647241307,PUT,115,4,benchKey_46_66,bytes=30;client_id=46;clients=50
1779647241307,PUT,98,4,benchKey_17_66,bytes=30;client_id=17;clients=50
1779647241307,PUT,96,4,benchKey_14_66,bytes=30;client_id=14;clients=50
1779647241307,PUT,97,4,benchKey_45_67,bytes=30;client_id=45;clients=50
1779647241315,PUT,98,4,benchKey_7_66,bytes=29;client_id=7;clients=50
1779647241316,PUT,97,4,benchKey_36_66,bytes=30;client_id=36;clients=50
1779647241316,PUT,97,4,benchKey_29_67,bytes=30;client_id=29;clients=50
1779647241316,PUT,97,4,benchKey_27_66,bytes=30;client_id=27;clients=50
1779647241334,PUT,113,4,benchKey_24_67,bytes=30;client_id=24;clients=50
1779647241334,PUT,114,4,benchKey_15_67,bytes=30;client_id=15;clients=50
1779647241336,PUT,114,4,benchKey_3_67,bytes=29;client_id=3;clients=50
1779647241336,PUT,114,4,benchKey_19_66,bytes=30;client_id=19;clients=50
1779647241337,PUT,115,4,benchKey_13_66,bytes=30;client_id=13;clients=50
1779647241337,PUT,115,4,benchKey_26_67,bytes=30;client_id=26;clients=50
1779647241343,PUT,112,4,benchKey_28_67,bytes=30;client_id=28;clients=50
1779647241345,PUT,113,4,benchKey_35_67,bytes=30;client_id=35;clients=50
1779647241345,PUT,113,4,benchKey_47_67,bytes=30;client_id=47;clients=50
1779647241346,PUT,113,4,benchKey_30_67,bytes=30;client_id=30;clients=50
1779647241346,PUT,95,4,benchKey_41_67,bytes=30;client_id=41;clients=50
1779647241349,PUT,98,4,benchKey_48_67,bytes=30;client_id=48;clients=50
1779647241349,PUT,97,4,benchKey_12_67,bytes=30;client_id=12;clients=50
1779647241349,PUT,98,4,benchKey_33_67,bytes=30;client_id=33;clients=50
1779647241350,PUT,99,4,benchKey_44_67,bytes=30;client_id=44;clients=50
1779647241350,PUT,99,4,benchKey_0_67,bytes=29;client_id=0;clients=50
1779647241358,PUT,97,4,benchKey_40_67,bytes=30;client_id=40;clients=50
1779647241358,PUT,96,4,benchKey_49_67,bytes=30;client_id=49;clients=50
1779647241358,PUT,99,4,benchKey_11_67,bytes=30;client_id=11;clients=50
1779647241358,PUT,95,4,benchKey_10_67,bytes=30;client_id=10;clients=50
1779647241376,PUT,113,4,benchKey_21_67,bytes=30;client_id=21;clients=50
1779647241376,PUT,113,4,benchKey_6_67,bytes=29;client_id=6;clients=50
1779647241378,PUT,113,4,benchKey_22_67,bytes=30;client_id=22;clients=50
1779647241378,PUT,113,4,benchKey_16_67,bytes=30;client_id=16;clients=50
1779647241380,PUT,116,4,benchKey_37_67,bytes=30;client_id=37;clients=50
1779647241380,PUT,115,4,benchKey_4_67,bytes=29;client_id=4;clients=50
1779647241385,PUT,113,4,benchKey_20_67,bytes=30;client_id=20;clients=50
1779647241387,PUT,112,4,benchKey_42_67,bytes=30;client_id=42;clients=50
1779647241387,PUT,113,4,benchKey_8_67,bytes=29;client_id=8;clients=50
1779647241388,PUT,113,4,benchKey_31_67,bytes=30;client_id=31;clients=50
1779647241388,PUT,95,4,benchKey_32_67,bytes=30;client_id=32;clients=50
1779647241391,PUT,98,4,benchKey_34_68,bytes=30;client_id=34;clients=50
1779647241391,PUT,97,4,benchKey_25_67,bytes=30;client_id=25;clients=50
1779647241392,PUT,97,4,benchKey_18_68,bytes=30;client_id=18;clients=50
1779647241392,PUT,96,4,benchKey_39_67,bytes=30;client_id=39;clients=50
1779647241393,PUT,98,4,benchKey_23_67,bytes=30;client_id=23;clients=50
1779647241400,PUT,99,4,benchKey_43_67,bytes=30;client_id=43;clients=50
1779647241401,PUT,97,4,benchKey_1_67,bytes=29;client_id=1;clients=50
1779647241401,PUT,97,4,benchKey_9_67,bytes=29;client_id=9;clients=50
1779647241401,PUT,97,4,benchKey_38_67,bytes=30;client_id=38;clients=50
1779647241418,PUT,113,4,benchKey_2_68,bytes=29;client_id=2;clients=50
1779647241419,PUT,111,4,benchKey_14_67,bytes=30;client_id=14;clients=50
1779647241419,PUT,112,4,benchKey_46_67,bytes=30;client_id=46;clients=50
1779647241419,PUT,112,4,benchKey_5_67,bytes=29;client_id=5;clients=50
1779647241421,PUT,113,4,benchKey_45_68,bytes=30;client_id=45;clients=50
1779647241422,PUT,114,4,benchKey_17_67,bytes=30;client_id=17;clients=50
1779647241428,PUT,112,4,benchKey_7_67,bytes=29;client_id=7;clients=50
1779647241429,PUT,112,4,benchKey_36_67,bytes=30;client_id=36;clients=50
1779647241429,PUT,113,4,benchKey_29_68,bytes=30;client_id=29;clients=50
1779647241430,PUT,113,4,benchKey_27_67,bytes=30;client_id=27;clients=50
1779647241431,PUT,96,4,benchKey_24_68,bytes=30;client_id=24;clients=50
1779647241433,PUT,98,4,benchKey_15_68,bytes=30;client_id=15;clients=50
1779647241434,PUT,97,4,benchKey_19_67,bytes=30;client_id=19;clients=50
1779647241435,PUT,98,4,benchKey_3_68,bytes=29;client_id=3;clients=50
1779647241435,PUT,97,4,benchKey_26_68,bytes=30;client_id=26;clients=50
1779647241435,PUT,98,4,benchKey_13_67,bytes=30;client_id=13;clients=50
1779647241443,PUT,98,4,benchKey_35_68,bytes=30;client_id=35;clients=50
1779647241443,PUT,96,4,benchKey_30_68,bytes=30;client_id=30;clients=50
1779647241443,PUT,100,4,benchKey_28_68,bytes=30;client_id=28;clients=50
1779647241443,PUT,98,4,benchKey_47_68,bytes=30;client_id=47;clients=50
1779647241461,PUT,114,4,benchKey_41_68,bytes=30;client_id=41;clients=50
1779647241461,PUT,111,4,benchKey_48_68,bytes=30;client_id=48;clients=50
1779647241462,PUT,111,4,benchKey_44_68,bytes=30;client_id=44;clients=50
1779647241462,PUT,112,4,benchKey_12_68,bytes=30;client_id=12;clients=50
1779647241462,PUT,112,4,benchKey_33_68,bytes=30;client_id=33;clients=50
1779647241463,PUT,112,4,benchKey_0_68,bytes=29;client_id=0;clients=50
1779647241470,PUT,111,4,benchKey_40_68,bytes=30;client_id=40;clients=50
1779647241471,PUT,113,4,benchKey_49_68,bytes=30;client_id=49;clients=50
1779647241472,PUT,113,4,benchKey_11_68,bytes=30;client_id=11;clients=50
1779647241473,PUT,96,4,benchKey_6_68,bytes=29;client_id=6;clients=50
1779647241473,PUT,114,4,benchKey_10_68,bytes=30;client_id=10;clients=50
1779647241476,PUT,98,4,benchKey_16_68,bytes=30;client_id=16;clients=50
1779647241476,PUT,98,4,benchKey_22_68,bytes=30;client_id=22;clients=50
1779647241476,PUT,99,4,benchKey_21_68,bytes=30;client_id=21;clients=50
1779647241478,PUT,98,4,benchKey_4_68,bytes=29;client_id=4;clients=50
1779647241478,PUT,98,4,benchKey_37_68,bytes=30;client_id=37;clients=50
1779647241486,PUT,98,4,benchKey_8_68,bytes=29;client_id=8;clients=50
1779647241486,PUT,98,4,benchKey_31_68,bytes=30;client_id=31;clients=50
1779647241486,PUT,100,4,benchKey_20_68,bytes=30;client_id=20;clients=50
1779647241487,PUT,99,4,benchKey_42_68,bytes=30;client_id=42;clients=50
1779647241503,PUT,114,4,benchKey_32_68,bytes=30;client_id=32;clients=50
1779647241503,PUT,112,4,benchKey_34_69,bytes=30;client_id=34;clients=50
1779647241504,PUT,112,4,benchKey_25_68,bytes=30;client_id=25;clients=50
1779647241504,PUT,112,4,benchKey_18_69,bytes=30;client_id=18;clients=50
1779647241504,PUT,112,4,benchKey_39_68,bytes=30;client_id=39;clients=50
1779647241506,PUT,113,4,benchKey_23_68,bytes=30;client_id=23;clients=50
1779647241512,PUT,111,4,benchKey_43_68,bytes=30;client_id=43;clients=50
1779647241513,PUT,112,4,benchKey_1_68,bytes=29;client_id=1;clients=50
1779647241514,PUT,112,4,benchKey_9_68,bytes=29;client_id=9;clients=50
1779647241515,PUT,96,4,benchKey_2_69,bytes=29;client_id=2;clients=50
1779647241516,PUT,114,4,benchKey_38_68,bytes=30;client_id=38;clients=50
1779647241518,PUT,98,4,benchKey_5_68,bytes=29;client_id=5;clients=50
1779647241518,PUT,99,4,benchKey_46_68,bytes=30;client_id=46;clients=50
1779647241519,PUT,99,4,benchKey_14_68,bytes=30;client_id=14;clients=50
1779647241520,PUT,98,4,benchKey_17_68,bytes=30;client_id=17;clients=50
1779647241521,PUT,100,4,benchKey_45_69,bytes=30;client_id=45;clients=50
1779647241528,PUT,99,4,benchKey_36_68,bytes=30;client_id=36;clients=50
1779647241529,PUT,100,4,benchKey_29_69,bytes=30;client_id=29;clients=50
1779647241529,PUT,101,4,benchKey_7_68,bytes=29;client_id=7;clients=50
1779647241529,PUT,99,4,benchKey_27_68,bytes=30;client_id=27;clients=50
1779647241545,PUT,114,4,benchKey_24_69,bytes=30;client_id=24;clients=50
1779647241546,PUT,111,4,benchKey_19_68,bytes=30;client_id=19;clients=50
1779647241546,PUT,113,4,benchKey_15_69,bytes=30;client_id=15;clients=50
1779647241547,PUT,112,4,benchKey_26_69,bytes=30;client_id=26;clients=50
1779647241547,PUT,112,4,benchKey_3_69,bytes=29;client_id=3;clients=50
1779647241548,PUT,113,4,benchKey_13_68,bytes=30;client_id=13;clients=50
1779647241555,PUT,111,4,benchKey_47_69,bytes=30;client_id=47;clients=50
1779647241555,PUT,111,4,benchKey_28_69,bytes=30;client_id=28;clients=50
1779647241555,PUT,112,4,benchKey_35_69,bytes=30;client_id=35;clients=50
1779647241557,PUT,113,4,benchKey_30_69,bytes=30;client_id=30;clients=50
1779647241558,PUT,96,4,benchKey_41_69,bytes=30;client_id=41;clients=50
1779647241560,PUT,99,4,benchKey_48_69,bytes=30;client_id=48;clients=50
1779647241560,PUT,98,4,benchKey_44_69,bytes=30;client_id=44;clients=50
1779647241561,PUT,99,4,benchKey_12_69,bytes=30;client_id=12;clients=50
1779647241562,PUT,99,4,benchKey_33_69,bytes=30;client_id=33;clients=50
1779647241564,PUT,101,4,benchKey_0_69,bytes=29;client_id=0;clients=50
1779647241570,PUT,99,4,benchKey_40_69,bytes=30;client_id=40;clients=50
1779647241571,PUT,99,4,benchKey_11_69,bytes=30;client_id=11;clients=50
1779647241571,PUT,98,4,benchKey_6_69,bytes=29;client_id=6;clients=50
1779647241572,PUT,100,4,benchKey_49_69,bytes=30;client_id=49;clients=50
1779647241587,PUT,113,4,benchKey_10_69,bytes=30;client_id=10;clients=50
1779647241588,PUT,111,4,benchKey_22_69,bytes=30;client_id=22;clients=50
1779647241590,PUT,111,4,benchKey_4_69,bytes=29;client_id=4;clients=50
1779647241590,PUT,111,4,benchKey_37_69,bytes=30;client_id=37;clients=50
1779647241590,PUT,113,4,benchKey_21_69,bytes=30;client_id=21;clients=50
1779647241591,PUT,115,4,benchKey_16_69,bytes=30;client_id=16;clients=50
1779647241597,PUT,110,4,benchKey_31_69,bytes=30;client_id=31;clients=50
1779647241597,PUT,110,4,benchKey_20_69,bytes=30;client_id=20;clients=50
1779647241598,PUT,111,4,benchKey_8_69,bytes=29;client_id=8;clients=50
1779647241598,PUT,111,4,benchKey_42_69,bytes=30;client_id=42;clients=50
1779647241599,PUT,95,4,benchKey_34_70,bytes=30;client_id=34;clients=50
1779647241602,PUT,99,4,benchKey_32_69,bytes=30;client_id=32;clients=50
1779647241603,PUT,99,4,benchKey_25_69,bytes=30;client_id=25;clients=50
1779647241604,PUT,99,4,benchKey_18_70,bytes=30;client_id=18;clients=50
1779647241605,PUT,100,4,benchKey_39_69,bytes=30;client_id=39;clients=50
1779647241606,PUT,99,4,benchKey_23_69,bytes=30;client_id=23;clients=50
1779647241613,PUT,99,4,benchKey_9_69,bytes=29;client_id=9;clients=50
1779647241614,PUT,100,4,benchKey_1_69,bytes=29;client_id=1;clients=50
1779647241614,PUT,101,4,benchKey_43_69,bytes=30;client_id=43;clients=50
1779647241615,PUT,99,4,benchKey_2_70,bytes=29;client_id=2;clients=50
1779647241629,PUT,113,4,benchKey_38_69,bytes=30;client_id=38;clients=50
1779647241630,PUT,111,4,benchKey_5_69,bytes=29;client_id=5;clients=50
1779647241632,PUT,111,4,benchKey_17_69,bytes=30;client_id=17;clients=50
1779647241632,PUT,112,4,benchKey_14_69,bytes=30;client_id=14;clients=50
1779647241633,PUT,114,4,benchKey_46_69,bytes=30;client_id=46;clients=50
1779647241633,PUT,111,4,benchKey_45_70,bytes=30;client_id=45;clients=50
1779647241639,PUT,110,4,benchKey_36_69,bytes=30;client_id=36;clients=50
1779647241639,PUT,109,4,benchKey_29_70,bytes=30;client_id=29;clients=50
1779647241640,PUT,111,4,benchKey_7_69,bytes=29;client_id=7;clients=50
1779647241641,PUT,111,4,benchKey_27_69,bytes=30;client_id=27;clients=50
1779647241641,PUT,95,4,benchKey_24_70,bytes=30;client_id=24;clients=50
1779647241644,PUT,98,4,benchKey_19_69,bytes=30;client_id=19;clients=50
1779647241645,PUT,98,4,benchKey_15_70,bytes=30;client_id=15;clients=50
1779647241646,PUT,98,4,benchKey_26_70,bytes=30;client_id=26;clients=50
1779647241647,PUT,99,4,benchKey_3_70,bytes=29;client_id=3;clients=50
1779647241647,PUT,98,4,benchKey_13_69,bytes=30;client_id=13;clients=50
1779647241655,PUT,99,4,benchKey_28_70,bytes=30;client_id=28;clients=50
1779647241656,PUT,99,4,benchKey_30_70,bytes=30;client_id=30;clients=50
1779647241656,PUT,100,4,benchKey_47_70,bytes=30;client_id=47;clients=50
1779647241656,PUT,100,4,benchKey_35_70,bytes=30;client_id=35;clients=50
1779647241672,PUT,111,4,benchKey_48_70,bytes=30;client_id=48;clients=50
1779647241672,PUT,114,4,benchKey_41_70,bytes=30;client_id=41;clients=50
1779647241674,PUT,111,4,benchKey_33_70,bytes=30;client_id=33;clients=50
1779647241674,PUT,112,4,benchKey_12_70,bytes=30;client_id=12;clients=50
1779647241675,PUT,114,4,benchKey_44_70,bytes=30;client_id=44;clients=50
1779647241675,PUT,110,4,benchKey_0_70,bytes=29;client_id=0;clients=50
1779647241682,PUT,111,4,benchKey_40_70,bytes=30;client_id=40;clients=50
1779647241682,PUT,110,4,benchKey_6_70,bytes=29;client_id=6;clients=50
1779647241683,PUT,111,4,benchKey_11_70,bytes=30;client_id=11;clients=50
1779647241683,PUT,95,4,benchKey_10_70,bytes=30;client_id=10;clients=50
1779647241683,PUT,111,4,benchKey_49_70,bytes=30;client_id=49;clients=50
1779647241686,PUT,97,4,benchKey_22_70,bytes=30;client_id=22;clients=50
1779647241687,PUT,96,4,benchKey_37_70,bytes=30;client_id=37;clients=50
1779647241687,PUT,96,4,benchKey_4_70,bytes=29;client_id=4;clients=50
1779647241688,PUT,97,4,benchKey_21_70,bytes=30;client_id=21;clients=50
1779647241688,PUT,96,4,benchKey_16_70,bytes=30;client_id=16;clients=50
1779647241697,PUT,99,4,benchKey_31_70,bytes=30;client_id=31;clients=50
1779647241698,PUT,99,4,benchKey_42_70,bytes=30;client_id=42;clients=50
1779647241698,PUT,100,4,benchKey_20_70,bytes=30;client_id=20;clients=50
1779647241699,PUT,100,4,benchKey_8_70,bytes=29;client_id=8;clients=50
1779647241713,PUT,114,4,benchKey_34_71,bytes=30;client_id=34;clients=50
1779647241714,PUT,111,4,benchKey_32_70,bytes=30;client_id=32;clients=50
1779647241715,PUT,111,4,benchKey_25_70,bytes=30;client_id=25;clients=50
1779647241716,PUT,110,4,benchKey_39_70,bytes=30;client_id=39;clients=50
1779647241716,PUT,111,4,benchKey_18_71,bytes=30;client_id=18;clients=50
1779647241717,PUT,110,4,benchKey_23_70,bytes=30;client_id=23;clients=50
1779647241724,PUT,110,4,benchKey_1_70,bytes=29;client_id=1;clients=50
1779647241725,PUT,111,4,benchKey_9_70,bytes=29;client_id=9;clients=50
1779647241725,PUT,95,4,benchKey_38_70,bytes=30;client_id=38;clients=50
1779647241725,PUT,110,4,benchKey_2_71,bytes=29;client_id=2;clients=50
1779647241725,PUT,110,4,benchKey_43_70,bytes=30;client_id=43;clients=50
1779647241728,PUT,95,4,benchKey_14_70,bytes=30;client_id=14;clients=50
1779647241728,PUT,97,4,benchKey_5_70,bytes=29;client_id=5;clients=50
1779647241728,PUT,96,4,benchKey_17_70,bytes=30;client_id=17;clients=50
1779647241729,PUT,95,4,benchKey_46_70,bytes=30;client_id=46;clients=50
1779647241729,PUT,95,4,benchKey_45_71,bytes=30;client_id=45;clients=50
1779647241739,PUT,99,4,benchKey_36_70,bytes=30;client_id=36;clients=50
1779647241739,PUT,99,4,benchKey_29_71,bytes=30;client_id=29;clients=50
1779647241739,PUT,98,4,benchKey_7_70,bytes=29;client_id=7;clients=50
1779647241740,PUT,98,4,benchKey_24_71,bytes=30;client_id=24;clients=50
1779647241755,PUT,114,4,benchKey_27_70,bytes=30;client_id=27;clients=50
1779647241755,PUT,110,4,benchKey_19_70,bytes=30;client_id=19;clients=50
1779647241757,PUT,111,4,benchKey_15_71,bytes=30;client_id=15;clients=50
1779647241758,PUT,110,4,benchKey_3_71,bytes=29;client_id=3;clients=50
1779647241758,PUT,112,4,benchKey_26_71,bytes=30;client_id=26;clients=50
1779647241758,PUT,110,4,benchKey_13_70,bytes=30;client_id=13;clients=50
1779647241766,PUT,111,4,benchKey_28_71,bytes=30;client_id=28;clients=50
1779647241767,PUT,110,4,benchKey_30_71,bytes=30;client_id=30;clients=50
1779647241767,PUT,94,4,benchKey_41_71,bytes=30;client_id=41;clients=50
1779647241767,PUT,110,4,benchKey_35_71,bytes=30;client_id=35;clients=50
1779647241767,PUT,111,4,benchKey_47_71,bytes=30;client_id=47;clients=50
1779647241770,PUT,97,4,benchKey_48_71,bytes=30;client_id=48;clients=50
1779647241770,PUT,96,4,benchKey_12_71,bytes=30;client_id=12;clients=50
1779647241770,PUT,96,4,benchKey_33_71,bytes=30;client_id=33;clients=50
1779647241771,PUT,95,4,benchKey_44_71,bytes=30;client_id=44;clients=50
1779647241771,PUT,95,4,benchKey_0_71,bytes=29;client_id=0;clients=50
1779647241781,PUT,98,4,benchKey_11_71,bytes=30;client_id=11;clients=50
1779647241782,PUT,99,4,benchKey_40_71,bytes=30;client_id=40;clients=50
1779647241782,PUT,99,4,benchKey_10_71,bytes=30;client_id=10;clients=50
1779647241782,PUT,99,4,benchKey_6_71,bytes=29;client_id=6;clients=50
1779647241797,PUT,111,4,benchKey_22_71,bytes=30;client_id=22;clients=50
1779647241798,PUT,114,4,benchKey_49_71,bytes=30;client_id=49;clients=50
1779647241798,PUT,110,4,benchKey_37_71,bytes=30;client_id=37;clients=50
1779647241800,PUT,112,4,benchKey_16_71,bytes=30;client_id=16;clients=50
1779647241800,PUT,112,4,benchKey_21_71,bytes=30;client_id=21;clients=50
1779647241800,PUT,113,4,benchKey_4_71,bytes=29;client_id=4;clients=50
1779647241808,PUT,110,4,benchKey_31_71,bytes=30;client_id=31;clients=50
1779647241809,PUT,110,4,benchKey_8_71,bytes=29;client_id=8;clients=50
1779647241809,PUT,111,4,benchKey_20_71,bytes=30;client_id=20;clients=50
1779647241809,PUT,95,4,benchKey_34_72,bytes=30;client_id=34;clients=50
1779647241809,PUT,111,4,benchKey_42_71,bytes=30;client_id=42;clients=50
1779647241812,PUT,96,4,benchKey_39_71,bytes=30;client_id=39;clients=50
1779647241813,PUT,96,4,benchKey_23_71,bytes=30;client_id=23;clients=50
1779647241813,PUT,96,4,benchKey_18_72,bytes=30;client_id=18;clients=50
1779647241814,PUT,99,4,benchKey_25_71,bytes=30;client_id=25;clients=50
1779647241815,PUT,100,4,benchKey_32_71,bytes=30;client_id=32;clients=50
1779647241823,PUT,98,4,benchKey_1_71,bytes=29;client_id=1;clients=50
1779647241824,PUT,98,4,benchKey_9_71,bytes=29;client_id=9;clients=50
1779647241824,PUT,98,4,benchKey_2_72,bytes=29;client_id=2;clients=50
1779647241824,PUT,98,4,benchKey_38_71,bytes=30;client_id=38;clients=50
1779647241839,PUT,113,4,benchKey_43_71,bytes=30;client_id=43;clients=50
1779647241840,PUT,112,4,benchKey_14_71,bytes=30;client_id=14;clients=50
1779647241840,PUT,112,4,benchKey_5_71,bytes=29;client_id=5;clients=50
1779647241842,PUT,113,4,benchKey_17_71,bytes=30;client_id=17;clients=50
1779647241843,PUT,114,4,benchKey_45_72,bytes=30;client_id=45;clients=50
1779647241843,PUT,114,4,benchKey_46_71,bytes=30;client_id=46;clients=50
1779647241850,PUT,110,4,benchKey_36_71,bytes=30;client_id=36;clients=50
1779647241851,PUT,111,4,benchKey_24_72,bytes=30;client_id=24;clients=50
1779647241851,PUT,112,4,benchKey_7_71,bytes=29;client_id=7;clients=50
1779647241851,PUT,112,4,benchKey_29_72,bytes=30;client_id=29;clients=50
1779647241851,PUT,96,4,benchKey_19_71,bytes=30;client_id=19;clients=50
1779647241854,PUT,97,4,benchKey_15_72,bytes=30;client_id=15;clients=50
1779647241855,PUT,99,4,benchKey_27_71,bytes=30;client_id=27;clients=50
1779647241855,PUT,97,4,benchKey_3_72,bytes=29;client_id=3;clients=50
1779647241856,PUT,97,4,benchKey_13_71,bytes=30;client_id=13;clients=50
1779647241856,PUT,98,4,benchKey_26_72,bytes=30;client_id=26;clients=50
1779647241865,PUT,99,4,benchKey_28_72,bytes=30;client_id=28;clients=50
1779647241866,PUT,99,4,benchKey_30_72,bytes=30;client_id=30;clients=50
1779647241866,PUT,98,4,benchKey_35_72,bytes=30;client_id=35;clients=50
1779647241866,PUT,99,4,benchKey_41_72,bytes=30;client_id=41;clients=50
1779647241881,PUT,114,4,benchKey_47_72,bytes=30;client_id=47;clients=50
1779647241882,PUT,111,4,benchKey_48_72,bytes=30;client_id=48;clients=50
1779647241882,PUT,112,4,benchKey_12_72,bytes=30;client_id=12;clients=50
1779647241884,PUT,113,4,benchKey_33_72,bytes=30;client_id=33;clients=50
1779647241885,PUT,114,4,benchKey_44_72,bytes=30;client_id=44;clients=50
1779647241885,PUT,113,4,benchKey_0_72,bytes=29;client_id=0;clients=50
1779647241891,PUT,109,4,benchKey_11_72,bytes=30;client_id=11;clients=50
1779647241893,PUT,110,4,benchKey_40_72,bytes=30;client_id=40;clients=50
1779647241893,PUT,95,4,benchKey_22_72,bytes=30;client_id=22;clients=50
1779647241893,PUT,111,4,benchKey_6_72,bytes=29;client_id=6;clients=50
1779647241893,PUT,111,4,benchKey_10_72,bytes=30;client_id=10;clients=50
1779647241897,PUT,99,4,benchKey_37_72,bytes=30;client_id=37;clients=50
1779647241897,PUT,99,4,benchKey_49_72,bytes=30;client_id=49;clients=50
1779647241897,PUT,96,4,benchKey_16_72,bytes=30;client_id=16;clients=50
1779647241898,PUT,97,4,benchKey_4_72,bytes=29;client_id=4;clients=50
1779647241898,PUT,97,4,benchKey_21_72,bytes=30;client_id=21;clients=50
1779647241907,PUT,99,4,benchKey_31_72,bytes=30;client_id=31;clients=50
1779647241908,PUT,98,4,benchKey_8_72,bytes=29;client_id=8;clients=50
1779647241908,PUT,98,4,benchKey_34_73,bytes=30;client_id=34;clients=50
1779647241909,PUT,99,4,benchKey_20_72,bytes=30;client_id=20;clients=50
1779647241924,PUT,111,4,benchKey_39_72,bytes=30;client_id=39;clients=50
1779647241924,PUT,110,4,benchKey_23_72,bytes=30;client_id=23;clients=50
1779647241924,PUT,114,4,benchKey_42_72,bytes=30;client_id=42;clients=50
1779647241925,PUT,111,4,benchKey_18_73,bytes=30;client_id=18;clients=50
1779647241928,PUT,113,4,benchKey_25_72,bytes=30;client_id=25;clients=50
1779647241928,PUT,113,4,benchKey_32_72,bytes=30;client_id=32;clients=50
1779647241933,PUT,110,4,benchKey_1_72,bytes=29;client_id=1;clients=50
1779647241935,PUT,95,4,benchKey_43_72,bytes=30;client_id=43;clients=50
1779647241935,PUT,111,4,benchKey_38_72,bytes=30;client_id=38;clients=50
1779647241935,PUT,111,4,benchKey_2_73,bytes=29;client_id=2;clients=50
1779647241935,PUT,111,4,benchKey_9_72,bytes=29;client_id=9;clients=50
1779647241940,PUT,99,4,benchKey_14_72,bytes=30;client_id=14;clients=50
1779647241940,PUT,98,4,benchKey_17_72,bytes=30;client_id=17;clients=50
1779647241941,PUT,97,4,benchKey_45_73,bytes=30;client_id=45;clients=50
1779647241941,PUT,97,4,benchKey_46_72,bytes=30;client_id=46;clients=50
1779647241941,PUT,100,4,benchKey_5_72,bytes=29;client_id=5;clients=50
1779647241949,PUT,99,4,benchKey_36_72,bytes=30;client_id=36;clients=50
1779647241950,PUT,98,4,benchKey_7_72,bytes=29;client_id=7;clients=50
1779647241950,PUT,98,4,benchKey_24_73,bytes=30;client_id=24;clients=50
1779647241950,PUT,98,4,benchKey_29_73,bytes=30;client_id=29;clients=50
1779647241966,PUT,110,4,benchKey_3_73,bytes=29;client_id=3;clients=50
1779647241966,PUT,111,4,benchKey_15_73,bytes=30;client_id=15;clients=50
1779647241967,PUT,115,4,benchKey_19_72,bytes=30;client_id=19;clients=50
1779647241967,PUT,111,4,benchKey_27_72,bytes=30;client_id=27;clients=50
1779647241969,PUT,112,4,benchKey_26_73,bytes=30;client_id=26;clients=50
1779647241970,PUT,113,4,benchKey_13_72,bytes=30;client_id=13;clients=50
1779647241975,PUT,109,4,benchKey_28_73,bytes=30;client_id=28;clients=50
1779647241977,PUT,110,4,benchKey_30_73,bytes=30;client_id=30;clients=50
1779647241978,PUT,111,4,benchKey_35_73,bytes=30;client_id=35;clients=50
1779647241978,PUT,96,4,benchKey_47_73,bytes=30;client_id=47;clients=50
1779647241978,PUT,112,4,benchKey_41_73,bytes=30;client_id=41;clients=50
1779647241982,PUT,97,4,benchKey_33_73,bytes=30;client_id=33;clients=50
1779647241982,PUT,99,4,benchKey_12_73,bytes=30;client_id=12;clients=50
1779647241982,PUT,97,4,benchKey_0_73,bytes=29;client_id=0;clients=50
1779647241983,PUT,101,4,benchKey_48_73,bytes=30;client_id=48;clients=50
1779647241983,PUT,97,4,benchKey_44_73,bytes=30;client_id=44;clients=50
1779647241991,PUT,100,4,benchKey_11_73,bytes=30;client_id=11;clients=50
1779647241992,PUT,98,4,benchKey_22_73,bytes=30;client_id=22;clients=50
1779647241993,PUT,99,4,benchKey_6_73,bytes=29;client_id=6;clients=50
1779647241993,PUT,99,4,benchKey_40_73,bytes=30;client_id=40;clients=50
1779647242008,PUT,110,4,benchKey_37_73,bytes=30;client_id=37;clients=50
1779647242008,PUT,114,4,benchKey_10_73,bytes=30;client_id=10;clients=50
1779647242008,PUT,110,4,benchKey_16_73,bytes=30;client_id=16;clients=50
1779647242009,PUT,111,4,benchKey_49_73,bytes=30;client_id=49;clients=50
1779647242010,PUT,111,4,benchKey_4_73,bytes=29;client_id=4;clients=50
1779647242012,PUT,114,4,benchKey_21_73,bytes=30;client_id=21;clients=50
1779647242017,PUT,109,4,benchKey_31_73,bytes=30;client_id=31;clients=50
1779647242018,PUT,109,4,benchKey_34_74,bytes=30;client_id=34;clients=50
1779647242019,PUT,110,4,benchKey_8_73,bytes=29;client_id=8;clients=50
1779647242019,PUT,110,4,benchKey_20_73,bytes=30;client_id=20;clients=50
1779647242021,PUT,96,4,benchKey_39_73,bytes=30;client_id=39;clients=50
1779647242024,PUT,96,4,benchKey_25_73,bytes=30;client_id=25;clients=50
1779647242024,PUT,99,4,benchKey_42_73,bytes=30;client_id=42;clients=50
1779647242025,PUT,100,4,benchKey_18_74,bytes=30;client_id=18;clients=50
1779647242025,PUT,97,4,benchKey_32_73,bytes=30;client_id=32;clients=50
1779647242025,PUT,101,4,benchKey_23_73,bytes=30;client_id=23;clients=50
1779647242034,PUT,98,4,benchKey_43_73,bytes=30;client_id=43;clients=50
1779647242034,PUT,100,4,benchKey_1_73,bytes=29;client_id=1;clients=50
1779647242035,PUT,99,4,benchKey_38_73,bytes=30;client_id=38;clients=50
1779647242035,PUT,99,4,benchKey_2_74,bytes=29;client_id=2;clients=50
1779647242050,PUT,109,4,benchKey_45_74,bytes=30;client_id=45;clients=50
1779647242051,PUT,110,4,benchKey_14_73,bytes=30;client_id=14;clients=50
1779647242051,PUT,110,4,benchKey_46_73,bytes=30;client_id=46;clients=50
1779647242051,PUT,110,4,benchKey_17_73,bytes=30;client_id=17;clients=50
1779647242052,PUT,116,4,benchKey_9_73,bytes=29;client_id=9;clients=50
1779647242054,PUT,112,4,benchKey_5_73,bytes=29;client_id=5;clients=50
1779647242059,PUT,109,4,benchKey_36_73,bytes=30;client_id=36;clients=50
1779647242060,PUT,109,4,benchKey_7_73,bytes=29;client_id=7;clients=50
1779647242060,PUT,109,4,benchKey_24_74,bytes=30;client_id=24;clients=50
1779647242060,PUT,109,4,benchKey_29_74,bytes=30;client_id=29;clients=50
1779647242062,PUT,95,4,benchKey_3_74,bytes=29;client_id=3;clients=50
1779647242065,PUT,98,4,benchKey_15_74,bytes=30;client_id=15;clients=50
1779647242066,PUT,99,4,benchKey_19_73,bytes=30;client_id=19;clients=50
1779647242067,PUT,98,4,benchKey_26_74,bytes=30;client_id=26;clients=50
1779647242067,PUT,97,4,benchKey_13_73,bytes=30;client_id=13;clients=50
1779647242067,PUT,100,4,benchKey_27_73,bytes=30;client_id=27;clients=50
1779647242076,PUT,98,4,benchKey_35_74,bytes=30;client_id=35;clients=50
1779647242076,PUT,99,4,benchKey_30_74,bytes=30;client_id=30;clients=50
1779647242076,PUT,100,4,benchKey_28_74,bytes=30;client_id=28;clients=50
1779647242077,PUT,99,4,benchKey_47_74,bytes=30;client_id=47;clients=50
1779647242092,PUT,113,4,benchKey_41_74,bytes=30;client_id=41;clients=50
1779647242093,PUT,111,4,benchKey_12_74,bytes=30;client_id=12;clients=50
1779647242093,PUT,110,4,benchKey_0_74,bytes=29;client_id=0;clients=50
1779647242093,PUT,111,4,benchKey_33_74,bytes=30;client_id=33;clients=50
1779647242094,PUT,111,4,benchKey_48_74,bytes=30;client_id=48;clients=50
1779647242096,PUT,113,4,benchKey_44_74,bytes=30;client_id=44;clients=50
1779647242100,PUT,108,4,benchKey_11_74,bytes=30;client_id=11;clients=50
1779647242101,PUT,107,4,benchKey_40_74,bytes=30;client_id=40;clients=50
1779647242102,PUT,108,4,benchKey_6_74,bytes=29;client_id=6;clients=50
1779647242102,PUT,110,4,benchKey_22_74,bytes=30;client_id=22;clients=50
1779647242103,PUT,94,4,benchKey_10_74,bytes=30;client_id=10;clients=50
1779647242107,PUT,98,4,benchKey_16_74,bytes=30;client_id=16;clients=50
1779647242108,PUT,99,4,benchKey_37_74,bytes=30;client_id=37;clients=50
1779647242109,PUT,98,4,benchKey_4_74,bytes=29;client_id=4;clients=50
1779647242109,PUT,96,4,benchKey_21_74,bytes=30;client_id=21;clients=50
1779647242109,PUT,100,4,benchKey_49_74,bytes=30;client_id=49;clients=50
1779647242118,PUT,100,4,benchKey_31_74,bytes=30;client_id=31;clients=50
1779647242118,PUT,100,4,benchKey_34_75,bytes=30;client_id=34;clients=50
1779647242119,PUT,100,4,benchKey_20_74,bytes=30;client_id=20;clients=50
1779647242119,PUT,100,4,benchKey_8_74,bytes=29;client_id=8;clients=50
1779647242135,PUT,114,4,benchKey_39_74,bytes=30;client_id=39;clients=50
1779647242135,PUT,109,4,benchKey_32_74,bytes=30;client_id=32;clients=50
1779647242135,PUT,111,4,benchKey_25_74,bytes=30;client_id=25;clients=50
1779647242135,PUT,111,4,benchKey_42_74,bytes=30;client_id=42;clients=50
1779647242136,PUT,110,4,benchKey_18_75,bytes=30;client_id=18;clients=50
1779647242139,PUT,113,4,benchKey_23_74,bytes=30;client_id=23;clients=50
1779647242141,PUT,106,4,benchKey_43_74,bytes=30;client_id=43;clients=50
1779647242142,PUT,107,4,benchKey_1_74,bytes=29;client_id=1;clients=50
1779647242144,PUT,109,4,benchKey_38_74,bytes=30;client_id=38;clients=50
1779647242144,PUT,93,4,benchKey_45_75,bytes=30;client_id=45;clients=50
1779647242144,PUT,109,4,benchKey_2_75,bytes=29;client_id=2;clients=50
1779647242149,PUT,97,4,benchKey_46_74,bytes=30;client_id=46;clients=50
1779647242149,PUT,97,4,benchKey_14_74,bytes=30;client_id=14;clients=50
1779647242150,PUT,98,4,benchKey_17_74,bytes=30;client_id=17;clients=50
1779647242150,PUT,97,4,benchKey_9_74,bytes=29;client_id=9;clients=50
1779647242151,PUT,96,4,benchKey_5_74,bytes=29;client_id=5;clients=50
1779647242160,PUT,100,4,benchKey_36_74,bytes=30;client_id=36;clients=50
1779647242161,PUT,101,4,benchKey_29_75,bytes=30;client_id=29;clients=50
1779647242161,PUT,101,4,benchKey_7_74,bytes=29;client_id=7;clients=50
1779647242161,PUT,101,4,benchKey_24_75,bytes=30;client_id=24;clients=50
1779647242177,PUT,111,4,benchKey_19_74,bytes=30;client_id=19;clients=50
1779647242178,PUT,112,4,benchKey_15_75,bytes=30;client_id=15;clients=50
1779647242178,PUT,110,4,benchKey_26_75,bytes=30;client_id=26;clients=50
1779647242178,PUT,116,4,benchKey_3_75,bytes=29;client_id=3;clients=50
1779647242178,PUT,111,4,benchKey_13_74,bytes=30;client_id=13;clients=50
1779647242181,PUT,113,4,benchKey_27_74,bytes=30;client_id=27;clients=50
1779647242182,PUT,105,4,benchKey_35_75,bytes=30;client_id=35;clients=50
1779647242183,PUT,106,4,benchKey_30_75,bytes=30;client_id=30;clients=50
1779647242185,PUT,108,4,benchKey_28_75,bytes=30;client_id=28;clients=50
1779647242186,PUT,93,4,benchKey_41_75,bytes=30;client_id=41;clients=50
1779647242187,PUT,109,4,benchKey_47_75,bytes=30;client_id=47;clients=50
1779647242191,PUT,97,4,benchKey_33_75,bytes=30;client_id=33;clients=50
1779647242191,PUT,97,4,benchKey_12_75,bytes=30;client_id=12;clients=50
1779647242192,PUT,97,4,benchKey_48_75,bytes=30;client_id=48;clients=50
1779647242192,PUT,95,4,benchKey_44_75,bytes=30;client_id=44;clients=50
1779647242192,PUT,98,4,benchKey_0_75,bytes=29;client_id=0;clients=50
1779647242203,PUT,102,4,benchKey_40_75,bytes=30;client_id=40;clients=50
1779647242203,PUT,101,4,benchKey_6_75,bytes=29;client_id=6;clients=50
1779647242203,PUT,101,4,benchKey_22_75,bytes=30;client_id=22;clients=50
1779647242203,PUT,103,4,benchKey_11_75,bytes=30;client_id=11;clients=50
1779647242219,PUT,116,4,benchKey_10_75,bytes=30;client_id=10;clients=50
1779647242220,PUT,111,4,benchKey_37_75,bytes=30;client_id=37;clients=50
1779647242220,PUT,112,4,benchKey_16_75,bytes=30;client_id=16;clients=50
1779647242221,PUT,111,4,benchKey_21_75,bytes=30;client_id=21;clients=50
1779647242221,PUT,112,4,benchKey_4_75,bytes=29;client_id=4;clients=50
1779647242223,PUT,113,4,benchKey_49_75,bytes=30;client_id=49;clients=50
1779647242224,PUT,105,4,benchKey_34_76,bytes=30;client_id=34;clients=50
1779647242225,PUT,106,4,benchKey_31_75,bytes=30;client_id=31;clients=50
1779647242227,PUT,107,4,benchKey_20_75,bytes=30;client_id=20;clients=50
1779647242228,PUT,108,4,benchKey_8_75,bytes=29;client_id=8;clients=50
1779647242229,PUT,93,4,benchKey_39_75,bytes=30;client_id=39;clients=50
1779647242232,PUT,96,4,benchKey_25_75,bytes=30;client_id=25;clients=50
1779647242232,PUT,96,4,benchKey_32_75,bytes=30;client_id=32;clients=50
1779647242233,PUT,97,4,benchKey_18_76,bytes=30;client_id=18;clients=50
1779647242233,PUT,93,4,benchKey_23_75,bytes=30;client_id=23;clients=50
1779647242233,PUT,97,4,benchKey_42_75,bytes=30;client_id=42;clients=50
1779647242245,PUT,101,4,benchKey_45_76,bytes=30;client_id=45;clients=50
1779647242245,PUT,103,4,benchKey_1_75,bytes=29;client_id=1;clients=50
1779647242246,PUT,104,4,benchKey_43_75,bytes=30;client_id=43;clients=50
1779647242247,PUT,102,4,benchKey_38_75,bytes=30;client_id=38;clients=50
1779647242261,PUT,116,4,benchKey_2_76,bytes=29;client_id=2;clients=50
1779647242261,PUT,111,4,benchKey_14_75,bytes=30;client_id=14;clients=50
1779647242262,PUT,112,4,benchKey_46_75,bytes=30;client_id=46;clients=50
1779647242262,PUT,111,4,benchKey_9_75,bytes=29;client_id=9;clients=50
1779647242262,PUT,111,4,benchKey_17_75,bytes=30;client_id=17;clients=50
1779647242264,PUT,112,4,benchKey_5_75,bytes=29;client_id=5;clients=50
1779647242265,PUT,104,4,benchKey_36_75,bytes=30;client_id=36;clients=50
1779647242266,PUT,104,4,benchKey_29_76,bytes=30;client_id=29;clients=50
1779647242269,PUT,107,4,benchKey_24_76,bytes=30;client_id=24;clients=50
1779647242270,PUT,108,4,benchKey_7_75,bytes=29;client_id=7;clients=50
1779647242271,PUT,93,4,benchKey_19_75,bytes=30;client_id=19;clients=50
1779647242273,PUT,94,4,benchKey_26_76,bytes=30;client_id=26;clients=50
1779647242273,PUT,95,4,benchKey_15_76,bytes=30;client_id=15;clients=50
1779647242274,PUT,92,4,benchKey_27_75,bytes=30;client_id=27;clients=50
1779647242274,PUT,95,4,benchKey_13_75,bytes=30;client_id=13;clients=50
1779647242274,PUT,95,4,benchKey_3_76,bytes=29;client_id=3;clients=50
1779647242287,PUT,102,4,benchKey_28_76,bytes=30;client_id=28;clients=50
1779647242287,PUT,104,4,benchKey_30_76,bytes=30;client_id=30;clients=50
1779647242287,PUT,105,4,benchKey_35_76,bytes=30;client_id=35;clients=50
1779647242288,PUT,101,4,benchKey_41_76,bytes=30;client_id=41;clients=50
1779647242303,PUT,111,4,benchKey_44_76,bytes=30;client_id=44;clients=50
1779647242303,PUT,116,4,benchKey_47_76,bytes=30;client_id=47;clients=50
1779647242303,PUT,112,4,benchKey_12_76,bytes=30;client_id=12;clients=50
1779647242303,PUT,112,4,benchKey_33_76,bytes=30;client_id=33;clients=50
1779647242304,PUT,112,4,benchKey_48_76,bytes=30;client_id=48;clients=50
1779647242306,PUT,114,4,benchKey_0_76,bytes=29;client_id=0;clients=50
1779647242307,PUT,103,4,benchKey_40_76,bytes=30;client_id=40;clients=50
1779647242307,PUT,103,4,benchKey_6_76,bytes=29;client_id=6;clients=50
1779647242311,PUT,107,4,benchKey_22_76,bytes=30;client_id=22;clients=50
1779647242312,PUT,108,4,benchKey_11_76,bytes=30;client_id=11;clients=50
1779647242312,PUT,92,4,benchKey_10_76,bytes=30;client_id=10;clients=50
1779647242314,PUT,93,4,benchKey_37_76,bytes=30;client_id=37;clients=50
1779647242315,PUT,93,4,benchKey_21_76,bytes=30;client_id=21;clients=50
1779647242315,PUT,93,4,benchKey_4_76,bytes=29;client_id=4;clients=50
1779647242315,PUT,94,4,benchKey_16_76,bytes=30;client_id=16;clients=50
1779647242315,PUT,92,4,benchKey_49_76,bytes=30;client_id=49;clients=50
1779647242329,PUT,105,4,benchKey_34_77,bytes=30;client_id=34;clients=50
1779647242329,PUT,104,4,benchKey_31_76,bytes=30;client_id=31;clients=50
1779647242329,PUT,101,4,benchKey_20_76,bytes=30;client_id=20;clients=50
1779647242329,PUT,101,4,benchKey_8_76,bytes=29;client_id=8;clients=50
1779647242345,PUT,113,4,benchKey_32_76,bytes=30;client_id=32;clients=50
1779647242345,PUT,112,4,benchKey_18_77,bytes=30;client_id=18;clients=50
1779647242345,PUT,112,4,benchKey_23_76,bytes=30;client_id=23;clients=50
1779647242345,PUT,113,4,benchKey_25_76,bytes=30;client_id=25;clients=50
1779647242345,PUT,116,4,benchKey_39_76,bytes=30;client_id=39;clients=50
1779647242349,PUT,104,4,benchKey_45_77,bytes=30;client_id=45;clients=50
1779647242349,PUT,116,4,benchKey_42_76,bytes=30;client_id=42;clients=50
1779647242351,PUT,105,4,benchKey_1_76,bytes=29;client_id=1;clients=50
1779647242352,PUT,106,4,benchKey_43_76,bytes=30;client_id=43;clients=50
1779647242354,PUT,107,4,benchKey_38_76,bytes=30;client_id=38;clients=50
1779647242354,PUT,93,4,benchKey_2_77,bytes=29;client_id=2;clients=50
1779647242355,PUT,94,4,benchKey_14_76,bytes=30;client_id=14;clients=50
1779647242357,PUT,95,4,benchKey_9_76,bytes=29;client_id=9;clients=50
1779647242357,PUT,95,4,benchKey_46_76,bytes=30;client_id=46;clients=50
1779647242357,PUT,95,4,benchKey_17_76,bytes=30;client_id=17;clients=50
1779647242357,PUT,93,4,benchKey_5_76,bytes=29;client_id=5;clients=50
1779647242371,PUT,101,4,benchKey_7_76,bytes=29;client_id=7;clients=50
1779647242372,PUT,102,4,benchKey_24_77,bytes=30;client_id=24;clients=50
1779647242372,PUT,107,4,benchKey_36_76,bytes=30;client_id=36;clients=50
1779647242372,PUT,106,4,benchKey_29_77,bytes=30;client_id=29;clients=50
1779647242387,PUT,116,4,benchKey_19_76,bytes=30;client_id=19;clients=50
1779647242388,PUT,114,4,benchKey_15_77,bytes=30;client_id=15;clients=50
1779647242388,PUT,114,4,benchKey_13_76,bytes=30;client_id=13;clients=50
1779647242388,PUT,115,4,benchKey_26_77,bytes=30;client_id=26;clients=50
1779647242389,PUT,114,4,benchKey_27_76,bytes=30;client_id=27;clients=50
1779647242391,PUT,103,4,benchKey_28_77,bytes=30;client_id=28;clients=50
1779647242392,PUT,117,4,benchKey_3_77,bytes=29;client_id=3;clients=50
1779647242394,PUT,106,4,benchKey_35_77,bytes=30;client_id=35;clients=50
1779647242394,PUT,106,4,benchKey_30_77,bytes=30;client_id=30;clients=50
1779647242396,PUT,92,4,benchKey_44_77,bytes=30;client_id=44;clients=50
1779647242396,PUT,108,4,benchKey_41_77,bytes=30;client_id=41;clients=50
1779647242398,PUT,94,4,benchKey_12_77,bytes=30;client_id=12;clients=50
1779647242399,PUT,93,4,benchKey_0_77,bytes=29;client_id=0;clients=50
1779647242399,PUT,95,4,benchKey_33_77,bytes=30;client_id=33;clients=50
1779647242399,PUT,95,4,benchKey_48_77,bytes=30;client_id=48;clients=50
1779647242399,PUT,96,4,benchKey_47_77,bytes=30;client_id=47;clients=50
1779647242413,PUT,106,4,benchKey_40_77,bytes=30;client_id=40;clients=50
1779647242414,PUT,102,4,benchKey_11_77,bytes=30;client_id=11;clients=50
1779647242414,PUT,106,4,benchKey_6_77,bytes=29;client_id=6;clients=50
1779647242414,PUT,103,4,benchKey_22_77,bytes=30;client_id=22;clients=50
1779647242429,PUT,117,4,benchKey_10_77,bytes=30;client_id=10;clients=50
1779647242430,PUT,115,4,benchKey_21_77,bytes=30;client_id=21;clients=50
1779647242430,PUT,114,4,benchKey_16_77,bytes=30;client_id=16;clients=50
1779647242431,PUT,116,4,benchKey_37_77,bytes=30;client_id=37;clients=50
1779647242431,PUT,116,4,benchKey_4_77,bytes=29;client_id=4;clients=50
1779647242433,PUT,103,4,benchKey_34_78,bytes=30;client_id=34;clients=50
1779647242433,PUT,117,4,benchKey_49_77,bytes=30;client_id=49;clients=50
1779647242435,PUT,105,4,benchKey_20_77,bytes=30;client_id=20;clients=50
1779647242435,PUT,105,4,benchKey_31_77,bytes=30;client_id=31;clients=50
1779647242437,PUT,107,4,benchKey_8_77,bytes=29;client_id=8;clients=50
1779647242438,PUT,92,4,benchKey_32_77,bytes=30;client_id=32;clients=50
1779647242440,PUT,94,4,benchKey_18_78,bytes=30;client_id=18;clients=50
1779647242441,PUT,95,4,benchKey_25_77,bytes=30;client_id=25;clients=50
1779647242441,PUT,95,4,benchKey_23_77,bytes=30;client_id=23;clients=50
1779647242441,PUT,91,4,benchKey_45_78,bytes=30;client_id=45;clients=50
1779647242441,PUT,95,4,benchKey_39_77,bytes=30;client_id=39;clients=50
1779647242456,PUT,106,4,benchKey_42_77,bytes=30;client_id=42;clients=50
1779647242456,PUT,102,4,benchKey_38_77,bytes=30;client_id=38;clients=50
1779647242456,PUT,103,4,benchKey_43_77,bytes=30;client_id=43;clients=50
1779647242457,PUT,105,4,benchKey_1_77,bytes=29;client_id=1;clients=50
1779647242471,PUT,116,4,benchKey_2_78,bytes=29;client_id=2;clients=50
1779647242471,PUT,115,4,benchKey_14_77,bytes=30;client_id=14;clients=50
1779647242473,PUT,115,4,benchKey_9_77,bytes=29;client_id=9;clients=50
1779647242473,PUT,115,4,benchKey_17_77,bytes=30;client_id=17;clients=50
1779647242473,PUT,116,4,benchKey_46_77,bytes=30;client_id=46;clients=50
1779647242474,PUT,102,4,benchKey_7_77,bytes=29;client_id=7;clients=50
1779647242474,PUT,116,4,benchKey_5_77,bytes=29;client_id=5;clients=50
1779647242476,PUT,103,4,benchKey_24_78,bytes=30;client_id=24;clients=50
1779647242477,PUT,104,4,benchKey_36_77,bytes=30;client_id=36;clients=50
1779647242479,PUT,106,4,benchKey_29_78,bytes=30;client_id=29;clients=50
1779647242479,PUT,91,4,benchKey_19_77,bytes=30;client_id=19;clients=50
1779647242481,PUT,92,4,benchKey_15_78,bytes=30;client_id=15;clients=50
1779647242483,PUT,94,4,benchKey_13_77,bytes=30;client_id=13;clients=50
1779647242483,PUT,92,4,benchKey_28_78,bytes=30;client_id=28;clients=50
1779647242484,PUT,95,4,benchKey_27_77,bytes=30;client_id=27;clients=50
1779647242484,PUT,95,4,benchKey_26_78,bytes=30;client_id=26;clients=50
1779647242498,PUT,104,4,benchKey_30_78,bytes=30;client_id=30;clients=50
1779647242498,PUT,106,4,benchKey_3_78,bytes=29;client_id=3;clients=50
1779647242499,PUT,102,4,benchKey_44_78,bytes=30;client_id=44;clients=50
1779647242499,PUT,105,4,benchKey_35_78,bytes=30;client_id=35;clients=50
1779647242513,PUT,115,4,benchKey_12_78,bytes=30;client_id=12;clients=50
1779647242513,PUT,117,4,benchKey_41_78,bytes=30;client_id=41;clients=50
1779647242515,PUT,115,4,benchKey_47_78,bytes=30;client_id=47;clients=50
1779647242516,PUT,116,4,benchKey_48_78,bytes=30;client_id=48;clients=50
1779647242516,PUT,102,4,benchKey_40_78,bytes=30;client_id=40;clients=50
1779647242516,PUT,117,4,benchKey_33_78,bytes=30;client_id=33;clients=50
1779647242516,PUT,116,4,benchKey_0_78,bytes=29;client_id=0;clients=50
1779647242517,PUT,103,4,benchKey_6_78,bytes=29;client_id=6;clients=50
1779647242518,PUT,103,4,benchKey_22_78,bytes=30;client_id=22;clients=50
1779647242521,PUT,107,4,benchKey_11_78,bytes=30;client_id=11;clients=50
1779647242521,PUT,91,4,benchKey_10_78,bytes=30;client_id=10;clients=50
1779647242524,PUT,94,4,benchKey_21_78,bytes=30;client_id=21;clients=50
1779647242524,PUT,93,4,benchKey_37_78,bytes=30;client_id=37;clients=50
1779647242524,PUT,94,4,benchKey_16_78,bytes=30;client_id=16;clients=50
1779647242526,PUT,94,4,benchKey_4_78,bytes=29;client_id=4;clients=50
1779647242526,PUT,93,4,benchKey_34_79,bytes=30;client_id=34;clients=50
1779647242540,PUT,103,4,benchKey_8_78,bytes=29;client_id=8;clients=50
1779647242540,PUT,105,4,benchKey_20_78,bytes=30;client_id=20;clients=50
1779647242540,PUT,107,4,benchKey_49_78,bytes=30;client_id=49;clients=50
1779647242541,PUT,106,4,benchKey_31_78,bytes=30;client_id=31;clients=50
1779647242556,PUT,115,4,benchKey_25_78,bytes=30;client_id=25;clients=50
1779647242556,PUT,118,4,benchKey_32_78,bytes=30;client_id=32;clients=50
1779647242556,PUT,116,4,benchKey_18_79,bytes=30;client_id=18;clients=50
1779647242558,PUT,116,4,benchKey_45_79,bytes=30;client_id=45;clients=50
1779647242558,PUT,101,4,benchKey_42_78,bytes=30;client_id=42;clients=50
1779647242558,PUT,116,4,benchKey_39_78,bytes=30;client_id=39;clients=50
1779647242558,PUT,117,4,benchKey_23_78,bytes=30;client_id=23;clients=50
1779647242559,PUT,102,4,benchKey_43_78,bytes=30;client_id=43;clients=50
1779647242559,PUT,102,4,benchKey_38_78,bytes=30;client_id=38;clients=50
1779647242563,PUT,106,4,benchKey_1_78,bytes=29;client_id=1;clients=50
1779647242563,PUT,92,4,benchKey_2_79,bytes=29;client_id=2;clients=50
1779647242566,PUT,94,4,benchKey_14_78,bytes=30;client_id=14;clients=50
1779647242567,PUT,93,4,benchKey_9_78,bytes=29;client_id=9;clients=50
1779647242567,PUT,93,4,benchKey_17_78,bytes=30;client_id=17;clients=50
1779647242567,PUT,93,4,benchKey_5_78,bytes=29;client_id=5;clients=50
1779647242567,PUT,93,4,benchKey_46_78,bytes=30;client_id=46;clients=50
1779647242582,PUT,108,4,benchKey_7_78,bytes=29;client_id=7;clients=50
1779647242582,PUT,106,4,benchKey_24_79,bytes=30;client_id=24;clients=50
1779647242582,PUT,105,4,benchKey_36_78,bytes=30;client_id=36;clients=50
1779647242584,PUT,104,4,benchKey_29_79,bytes=30;client_id=29;clients=50
1779647242598,PUT,119,4,benchKey_19_78,bytes=30;client_id=19;clients=50
1779647242599,PUT,117,4,benchKey_15_79,bytes=30;client_id=15;clients=50
1779647242599,PUT,116,4,benchKey_13_78,bytes=30;client_id=13;clients=50
1779647242600,PUT,102,4,benchKey_30_79,bytes=30;client_id=30;clients=50
1779647242600,PUT,116,4,benchKey_27_78,bytes=30;client_id=27;clients=50
1779647242602,PUT,117,4,benchKey_26_79,bytes=30;client_id=26;clients=50
1779647242602,PUT,102,4,benchKey_44_79,bytes=30;client_id=44;clients=50
1779647242602,PUT,103,4,benchKey_3_79,bytes=29;client_id=3;clients=50
1779647242602,PUT,119,4,benchKey_28_79,bytes=30;client_id=28;clients=50
1779647242605,PUT,106,4,benchKey_35_79,bytes=30;client_id=35;clients=50
1779647242605,PUT,92,4,benchKey_41_79,bytes=30;client_id=41;clients=50
1779647242607,PUT,93,4,benchKey_12_79,bytes=30;client_id=12;clients=50
1779647242609,PUT,93,4,benchKey_48_79,bytes=30;client_id=48;clients=50
1779647242609,PUT,94,4,benchKey_47_79,bytes=30;client_id=47;clients=50
1779647242609,PUT,93,4,benchKey_33_79,bytes=30;client_id=33;clients=50
1779647242610,PUT,93,4,benchKey_40_79,bytes=30;client_id=40;clients=50
1779647242624,PUT,106,4,benchKey_22_79,bytes=30;client_id=22;clients=50
1779647242625,PUT,107,4,benchKey_6_79,bytes=29;client_id=6;clients=50
1779647242625,PUT,108,4,benchKey_0_79,bytes=29;client_id=0;clients=50
1779647242626,PUT,105,4,benchKey_11_79,bytes=30;client_id=11;clients=50
1779647242641,PUT,119,4,benchKey_10_79,bytes=30;client_id=10;clients=50
1779647242641,PUT,116,4,benchKey_37_79,bytes=30;client_id=37;clients=50
1779647242642,PUT,115,4,benchKey_4_79,bytes=29;client_id=4;clients=50
1779647242642,PUT,117,4,benchKey_16_79,bytes=30;client_id=16;clients=50
1779647242642,PUT,117,4,benchKey_21_79,bytes=30;client_id=21;clients=50
1779647242642,PUT,116,4,benchKey_34_80,bytes=30;client_id=34;clients=50
1779647242644,PUT,103,4,benchKey_20_79,bytes=30;client_id=20;clients=50
1779647242644,PUT,103,4,benchKey_49_79,bytes=30;client_id=49;clients=50
1779647242645,PUT,104,4,benchKey_8_79,bytes=29;client_id=8;clients=50
1779647242647,PUT,90,4,benchKey_32_79,bytes=30;client_id=32;clients=50
1779647242648,PUT,106,4,benchKey_31_79,bytes=30;client_id=31;clients=50
1779647242648,PUT,91,4,benchKey_25_79,bytes=30;client_id=25;clients=50
1779647242651,PUT,93,4,benchKey_45_80,bytes=30;client_id=45;clients=50
1779647242652,PUT,95,4,benchKey_18_80,bytes=30;client_id=18;clients=50
1779647242652,PUT,94,4,benchKey_39_79,bytes=30;client_id=39;clients=50
1779647242652,PUT,94,4,benchKey_42_79,bytes=30;client_id=42;clients=50
1779647242666,PUT,107,4,benchKey_23_79,bytes=30;client_id=23;clients=50
1779647242666,PUT,106,4,benchKey_38_79,bytes=30;client_id=38;clients=50
1779647242668,PUT,108,4,benchKey_43_79,bytes=30;client_id=43;clients=50
1779647242668,PUT,104,4,benchKey_1_79,bytes=29;client_id=1;clients=50
1779647242683,PUT,117,4,benchKey_14_79,bytes=30;client_id=14;clients=50
1779647242684,PUT,117,4,benchKey_5_79,bytes=29;client_id=5;clients=50
1779647242684,PUT,121,4,benchKey_2_80,bytes=29;client_id=2;clients=50
1779647242684,PUT,117,4,benchKey_17_79,bytes=30;client_id=17;clients=50
1779647242684,PUT,117,4,benchKey_9_79,bytes=29;client_id=9;clients=50
1779647242684,PUT,117,4,benchKey_46_79,bytes=30;client_id=46;clients=50
1779647242686,PUT,103,4,benchKey_36_79,bytes=30;client_id=36;clients=50
1779647242687,PUT,104,4,benchKey_24_80,bytes=30;client_id=24;clients=50
1779647242687,PUT,104,4,benchKey_7_79,bytes=29;client_id=7;clients=50
1779647242689,PUT,90,4,benchKey_19_79,bytes=30;client_id=19;clients=50
1779647242689,PUT,105,4,benchKey_29_80,bytes=30;client_id=29;clients=50
1779647242690,PUT,90,4,benchKey_15_80,bytes=30;client_id=15;clients=50
1779647242692,PUT,92,4,benchKey_13_79,bytes=30;client_id=13;clients=50
1779647242694,PUT,93,4,benchKey_27_79,bytes=30;client_id=27;clients=50
1779647242694,PUT,94,4,benchKey_30_80,bytes=30;client_id=30;clients=50
1779647242694,PUT,92,4,benchKey_26_80,bytes=30;client_id=26;clients=50
1779647242708,PUT,106,4,benchKey_44_80,bytes=30;client_id=44;clients=50
1779647242710,PUT,107,4,benchKey_28_80,bytes=30;client_id=28;clients=50
1779647242710,PUT,108,4,benchKey_3_80,bytes=29;client_id=3;clients=50
1779647242711,PUT,105,4,benchKey_35_80,bytes=30;client_id=35;clients=50
1779647242726,PUT,116,4,benchKey_47_80,bytes=30;client_id=47;clients=50
1779647242726,PUT,121,4,benchKey_41_80,bytes=30;client_id=41;clients=50
1779647242726,PUT,116,4,benchKey_33_80,bytes=30;client_id=33;clients=50
1779647242726,PUT,116,4,benchKey_40_80,bytes=30;client_id=40;clients=50
1779647242727,PUT,118,4,benchKey_48_80,bytes=30;client_id=48;clients=50
1779647242727,PUT,120,4,benchKey_12_80,bytes=30;client_id=12;clients=50
1779647242728,PUT,103,4,benchKey_22_80,bytes=30;client_id=22;clients=50
1779647242728,PUT,102,4,benchKey_0_80,bytes=29;client_id=0;clients=50
1779647242728,PUT,103,4,benchKey_6_80,bytes=29;client_id=6;clients=50
1779647242730,PUT,103,4,benchKey_11_80,bytes=30;client_id=11;clients=50
1779647242731,PUT,89,4,benchKey_37_80,bytes=30;client_id=37;clients=50
1779647242731,PUT,89,4,benchKey_10_80,bytes=30;client_id=10;clients=50
1779647242734,PUT,92,4,benchKey_4_80,bytes=29;client_id=4;clients=50
1779647242736,PUT,93,4,benchKey_21_80,bytes=30;client_id=21;clients=50
1779647242736,PUT,93,4,benchKey_16_80,bytes=30;client_id=16;clients=50
1779647242736,PUT,93,4,benchKey_34_81,bytes=30;client_id=34;clients=50
1779647242750,PUT,105,4,benchKey_49_80,bytes=30;client_id=49;clients=50
1779647242752,PUT,106,4,benchKey_8_80,bytes=29;client_id=8;clients=50
1779647242752,PUT,107,4,benchKey_20_80,bytes=30;client_id=20;clients=50
1779647242753,PUT,105,4,benchKey_32_80,bytes=30;client_id=32;clients=50
1779647242768,PUT,115,4,benchKey_18_81,bytes=30;client_id=18;clients=50
1779647242769,PUT,121,4,benchKey_25_80,bytes=30;client_id=25;clients=50
1779647242769,PUT,118,4,benchKey_45_81,bytes=30;client_id=45;clients=50
1779647242769,PUT,121,4,benchKey_31_80,bytes=30;client_id=31;clients=50
1779647242770,PUT,103,4,benchKey_38_80,bytes=30;client_id=38;clients=50
1779647242770,PUT,103,4,benchKey_23_80,bytes=30;client_id=23;clients=50
1779647242770,PUT,117,4,benchKey_42_80,bytes=30;client_id=42;clients=50
1779647242771,PUT,118,4,benchKey_39_80,bytes=30;client_id=39;clients=50
1779647242771,PUT,102,4,benchKey_1_80,bytes=29;client_id=1;clients=50
1779647242771,PUT,102,4,benchKey_43_80,bytes=30;client_id=43;clients=50
1779647242772,PUT,87,4,benchKey_5_80,bytes=29;client_id=5;clients=50
1779647242773,PUT,90,4,benchKey_14_80,bytes=30;client_id=14;clients=50
1779647242777,PUT,92,4,benchKey_2_81,bytes=29;client_id=2;clients=50
1779647242778,PUT,93,4,benchKey_46_80,bytes=30;client_id=46;clients=50
1779647242779,PUT,94,4,benchKey_9_80,bytes=29;client_id=9;clients=50
1779647242779,PUT,94,4,benchKey_17_80,bytes=30;client_id=17;clients=50
1779647242793,PUT,107,4,benchKey_36_80,bytes=30;client_id=36;clients=50
1779647242793,PUT,106,4,benchKey_24_81,bytes=30;client_id=24;clients=50
1779647242794,PUT,106,4,benchKey_7_80,bytes=29;client_id=7;clients=50
1779647242795,PUT,105,4,benchKey_19_80,bytes=30;client_id=19;clients=50
1779647242812,PUT,118,4,benchKey_26_81,bytes=30;client_id=26;clients=50
1779647242812,PUT,120,4,benchKey_13_80,bytes=30;client_id=13;clients=50
1779647242812,PUT,122,4,benchKey_15_81,bytes=30;client_id=15;clients=50
1779647242812,PUT,118,4,benchKey_30_81,bytes=30;client_id=30;clients=50
1779647242812,PUT,118,4,benchKey_27_80,bytes=30;client_id=27;clients=50
1779647242813,PUT,124,4,benchKey_29_81,bytes=30;client_id=29;clients=50
1779647242813,PUT,103,4,benchKey_28_81,bytes=30;client_id=28;clients=50
1779647242813,PUT,102,4,benchKey_35_81,bytes=30;client_id=35;clients=50
1779647242814,PUT,104,4,benchKey_3_81,bytes=29;client_id=3;clients=50
1779647242815,PUT,106,4,benchKey_44_81,bytes=30;client_id=44;clients=50
1779647242815,PUT,88,4,benchKey_41_81,bytes=30;client_id=41;clients=50
1779647242815,PUT,88,4,benchKey_47_81,bytes=30;client_id=47;clients=50
1779647242819,PUT,92,4,benchKey_33_81,bytes=30;client_id=33;clients=50
1779647242819,PUT,92,4,benchKey_40_81,bytes=30;client_id=40;clients=50
1779647242820,PUT,92,4,benchKey_48_81,bytes=30;client_id=48;clients=50
1779647242820,PUT,92,4,benchKey_12_81,bytes=30;client_id=12;clients=50
1779647242835,PUT,106,4,benchKey_0_81,bytes=29;client_id=0;clients=50
1779647242835,PUT,106,4,benchKey_6_81,bytes=29;client_id=6;clients=50
1779647242835,PUT,107,4,benchKey_22_81,bytes=30;client_id=22;clients=50
1779647242836,PUT,106,4,benchKey_11_81,bytes=30;client_id=11;clients=50
1779647242855,PUT,124,4,benchKey_10_81,bytes=30;client_id=10;clients=50
1779647242855,PUT,103,4,benchKey_8_81,bytes=29;client_id=8;clients=50
1779647242855,PUT,119,4,benchKey_16_81,bytes=30;client_id=16;clients=50
1779647242855,PUT,119,4,benchKey_21_81,bytes=30;client_id=21;clients=50
1779647242856,PUT,121,4,benchKey_4_81,bytes=29;client_id=4;clients=50
1779647242856,PUT,124,4,benchKey_37_81,bytes=30;client_id=37;clients=50
1779647242856,PUT,104,4,benchKey_20_81,bytes=30;client_id=20;clients=50
1779647242857,PUT,120,4,benchKey_34_82,bytes=30;client_id=34;clients=50
1779647242857,PUT,88,4,benchKey_25_81,bytes=30;client_id=25;clients=50
1779647242857,PUT,107,4,benchKey_49_81,bytes=30;client_id=49;clients=50
1779647242858,PUT,105,4,benchKey_32_81,bytes=30;client_id=32;clients=50
1779647242858,PUT,90,4,benchKey_18_82,bytes=30;client_id=18;clients=50
1779647242861,PUT,90,4,benchKey_38_81,bytes=30;client_id=38;clients=50
1779647242861,PUT,90,4,benchKey_23_81,bytes=30;client_id=23;clients=50
1779647242861,PUT,91,4,benchKey_31_81,bytes=30;client_id=31;clients=50
1779647242862,PUT,92,4,benchKey_45_82,bytes=30;client_id=45;clients=50
1779647242877,PUT,106,4,benchKey_39_81,bytes=30;client_id=39;clients=50
1779647242877,PUT,106,4,benchKey_42_81,bytes=30;client_id=42;clients=50
1779647242877,PUT,106,4,benchKey_1_81,bytes=29;client_id=1;clients=50
1779647242878,PUT,106,4,benchKey_43_81,bytes=30;client_id=43;clients=50
1779647242897,PUT,124,4,benchKey_5_81,bytes=29;client_id=5;clients=50
1779647242898,PUT,119,4,benchKey_46_81,bytes=30;client_id=46;clients=50
1779647242898,PUT,119,4,benchKey_17_81,bytes=30;client_id=17;clients=50
1779647242898,PUT,105,4,benchKey_36_81,bytes=30;client_id=36;clients=50
1779647242898,PUT,119,4,benchKey_9_81,bytes=29;client_id=9;clients=50
1779647242899,PUT,125,4,benchKey_14_81,bytes=30;client_id=14;clients=50
1779647242899,PUT,106,4,benchKey_24_82,bytes=30;client_id=24;clients=50
1779647242899,PUT,105,4,benchKey_7_81,bytes=29;client_id=7;clients=50
1779647242900,PUT,105,4,benchKey_19_81,bytes=30;client_id=19;clients=50
1779647242899,PUT,122,4,benchKey_2_82,bytes=29;client_id=2;clients=50
1779647242900,PUT,87,4,benchKey_26_82,bytes=30;client_id=26;clients=50
1779647242901,PUT,88,4,benchKey_13_81,bytes=30;client_id=13;clients=50
1779647242903,PUT,89,4,benchKey_29_82,bytes=30;client_id=29;clients=50
1779647242903,PUT,90,4,benchKey_15_82,bytes=30;client_id=15;clients=50
1779647242904,PUT,91,4,benchKey_30_82,bytes=30;client_id=30;clients=50
1779647242904,PUT,91,4,benchKey_27_81,bytes=30;client_id=27;clients=50
1779647242920,PUT,105,4,benchKey_3_82,bytes=29;client_id=3;clients=50
1779647242920,PUT,106,4,benchKey_35_82,bytes=30;client_id=35;clients=50
1779647242920,PUT,107,4,benchKey_28_82,bytes=30;client_id=28;clients=50
1779647242921,PUT,106,4,benchKey_44_82,bytes=30;client_id=44;clients=50
1779647242940,PUT,124,4,benchKey_47_82,bytes=30;client_id=47;clients=50
1779647242940,PUT,124,4,benchKey_41_82,bytes=30;client_id=41;clients=50
1779647242940,PUT,120,4,benchKey_48_82,bytes=30;client_id=48;clients=50
1779647242941,PUT,105,4,benchKey_22_82,bytes=30;client_id=22;clients=50
1779647242941,PUT,121,4,benchKey_12_82,bytes=30;client_id=12;clients=50
1779647242941,PUT,122,4,benchKey_33_82,bytes=30;client_id=33;clients=50
1779647242941,PUT,122,4,benchKey_40_82,bytes=30;client_id=40;clients=50
1779647242942,PUT,86,4,benchKey_10_82,bytes=30;client_id=10;clients=50
1779647242942,PUT,107,4,benchKey_6_82,bytes=29;client_id=6;clients=50
1779647242942,PUT,107,4,benchKey_0_82,bytes=29;client_id=0;clients=50
1779647242942,PUT,87,4,benchKey_8_82,bytes=29;client_id=8;clients=50
1779647242943,PUT,106,4,benchKey_11_82,bytes=30;client_id=11;clients=50
1779647242944,PUT,88,4,benchKey_21_82,bytes=30;client_id=21;clients=50
1779647242944,PUT,88,4,benchKey_16_82,bytes=30;client_id=16;clients=50
1779647242946,PUT,90,4,benchKey_4_82,bytes=29;client_id=4;clients=50
1779647242946,PUT,90,4,benchKey_37_82,bytes=30;client_id=37;clients=50
1779647242962,PUT,105,4,benchKey_20_82,bytes=30;client_id=20;clients=50
1779647242962,PUT,104,4,benchKey_25_82,bytes=30;client_id=25;clients=50
1779647242962,PUT,105,4,benchKey_34_83,bytes=30;client_id=34;clients=50
1779647242963,PUT,105,4,benchKey_49_82,bytes=30;client_id=49;clients=50
1779647242982,PUT,124,4,benchKey_32_82,bytes=30;client_id=32;clients=50
1779647242982,PUT,123,4,benchKey_18_83,bytes=30;client_id=18;clients=50
1779647242984,PUT,106,4,benchKey_39_82,bytes=30;client_id=39;clients=50
1779647242985,PUT,124,4,benchKey_31_82,bytes=30;client_id=31;clients=50
1779647242985,PUT,87,4,benchKey_17_82,bytes=30;client_id=17;clients=50
1779647242985,PUT,124,4,benchKey_23_82,bytes=30;client_id=23;clients=50
1779647242984,PUT,122,4,benchKey_45_83,bytes=30;client_id=45;clients=50
1779647242984,PUT,106,4,benchKey_1_82,bytes=29;client_id=1;clients=50
1779647242984,PUT,123,4,benchKey_38_82,bytes=30;client_id=38;clients=50
1779647242984,PUT,86,4,benchKey_5_82,bytes=29;client_id=5;clients=50
1779647242985,PUT,87,4,benchKey_46_82,bytes=30;client_id=46;clients=50
1779647242987,PUT,88,4,benchKey_36_82,bytes=30;client_id=36;clients=50
1779647242987,PUT,109,4,benchKey_43_82,bytes=30;client_id=43;clients=50
1779647242987,PUT,110,4,benchKey_42_82,bytes=30;client_id=42;clients=50
1779647242988,PUT,89,4,benchKey_14_82,bytes=30;client_id=14;clients=50
1779647242988,PUT,90,4,benchKey_9_82,bytes=29;client_id=9;clients=50
1779647243004,PUT,104,4,benchKey_19_82,bytes=30;client_id=19;clients=50
1779647243004,PUT,104,4,benchKey_7_82,bytes=29;client_id=7;clients=50
1779647243004,PUT,104,4,benchKey_26_83,bytes=30;client_id=26;clients=50
1779647243005,PUT,105,4,benchKey_24_83,bytes=30;client_id=24;clients=50
1779647243024,PUT,123,4,benchKey_13_82,bytes=30;client_id=13;clients=50
1779647243024,PUT,123,4,benchKey_2_83,bytes=29;client_id=2;clients=50
1779647243026,PUT,122,4,benchKey_29_83,bytes=30;client_id=29;clients=50
1779647243027,PUT,106,4,benchKey_28_83,bytes=30;client_id=28;clients=50
1779647243027,PUT,106,4,benchKey_3_83,bytes=29;client_id=3;clients=50
1779647243028,PUT,87,4,benchKey_47_83,bytes=30;client_id=47;clients=50
1779647243028,PUT,125,4,benchKey_15_83,bytes=30;client_id=15;clients=50
1779647243028,PUT,124,4,benchKey_27_82,bytes=30;client_id=27;clients=50
1779647243029,PUT,108,4,benchKey_35_83,bytes=30;client_id=35;clients=50
1779647243029,PUT,108,4,benchKey_44_83,bytes=30;client_id=44;clients=50
1779647243029,PUT,125,4,benchKey_30_83,bytes=30;client_id=30;clients=50
1779647243029,PUT,89,4,benchKey_41_83,bytes=30;client_id=41;clients=50
1779647243030,PUT,88,4,benchKey_12_83,bytes=30;client_id=12;clients=50
1779647243031,PUT,90,4,benchKey_48_83,bytes=30;client_id=48;clients=50
1779647243031,PUT,89,4,benchKey_33_83,bytes=30;client_id=33;clients=50
1779647243031,PUT,89,4,benchKey_22_83,bytes=30;client_id=22;clients=50
1779647243046,PUT,103,4,benchKey_0_83,bytes=29;client_id=0;clients=50
1779647243046,PUT,103,4,benchKey_10_83,bytes=30;client_id=10;clients=50
1779647243046,PUT,104,4,benchKey_40_83,bytes=30;client_id=40;clients=50
1779647243048,PUT,105,4,benchKey_8_83,bytes=29;client_id=8;clients=50
1779647243066,PUT,123,4,benchKey_11_83,bytes=30;client_id=11;clients=50
1779647243066,PUT,123,4,benchKey_6_83,bytes=29;client_id=6;clients=50
1779647243067,PUT,123,4,benchKey_21_83,bytes=30;client_id=21;clients=50
1779647243069,PUT,122,4,benchKey_4_83,bytes=29;client_id=4;clients=50
1779647243069,PUT,125,4,benchKey_16_83,bytes=30;client_id=16;clients=50
1779647243070,PUT,108,4,benchKey_34_84,bytes=30;client_id=34;clients=50
1779647243070,PUT,124,4,benchKey_37_83,bytes=30;client_id=37;clients=50
1779647243070,PUT,108,4,benchKey_20_83,bytes=30;client_id=20;clients=50
1779647243071,PUT,108,4,benchKey_49_83,bytes=30;client_id=49;clients=50
1779647243072,PUT,86,4,benchKey_39_83,bytes=30;client_id=39;clients=50
1779647243072,PUT,89,4,benchKey_32_83,bytes=30;client_id=32;clients=50
1779647243072,PUT,109,4,benchKey_25_83,bytes=30;client_id=25;clients=50
1779647243073,PUT,87,4,benchKey_17_83,bytes=30;client_id=17;clients=50
1779647243073,PUT,87,4,benchKey_23_83,bytes=30;client_id=23;clients=50
1779647243073,PUT,91,4,benchKey_18_84,bytes=30;client_id=18;clients=50
1779647243074,PUT,88,4,benchKey_31_83,bytes=30;client_id=31;clients=50
1779647243089,PUT,103,4,benchKey_1_83,bytes=29;client_id=1;clients=50
1779647243089,PUT,103,4,benchKey_38_83,bytes=30;client_id=38;clients=50
1779647243089,PUT,103,4,benchKey_5_83,bytes=29;client_id=5;clients=50
1779647243089,PUT,103,4,benchKey_45_84,bytes=30;client_id=45;clients=50
1779647243108,PUT,121,4,benchKey_46_83,bytes=30;client_id=46;clients=50
1779647243108,PUT,120,4,benchKey_36_83,bytes=30;client_id=36;clients=50
1779647243110,PUT,122,4,benchKey_43_83,bytes=30;client_id=43;clients=50
1779647243111,PUT,122,4,benchKey_14_83,bytes=30;client_id=14;clients=50
1779647243112,PUT,124,4,benchKey_42_83,bytes=30;client_id=42;clients=50
1779647243114,PUT,108,4,benchKey_24_84,bytes=30;client_id=24;clients=50
1779647243114,PUT,110,4,benchKey_19_83,bytes=30;client_id=19;clients=50
1779647243114,PUT,109,4,benchKey_26_84,bytes=30;client_id=26;clients=50
1779647243114,PUT,90,4,benchKey_13_83,bytes=30;client_id=13;clients=50
1779647243115,PUT,90,4,benchKey_2_84,bytes=29;client_id=2;clients=50
1779647243115,PUT,126,4,benchKey_9_83,bytes=29;client_id=9;clients=50
1779647243115,PUT,110,4,benchKey_7_83,bytes=29;client_id=7;clients=50
1779647243116,PUT,88,4,benchKey_3_84,bytes=29;client_id=3;clients=50
1779647243116,PUT,88,4,benchKey_28_84,bytes=30;client_id=28;clients=50
1779647243116,PUT,88,4,benchKey_47_84,bytes=30;client_id=47;clients=50
1779647243116,PUT,90,4,benchKey_29_84,bytes=30;client_id=29;clients=50
1779647243131,PUT,102,4,benchKey_15_84,bytes=30;client_id=15;clients=50
1779647243131,PUT,102,4,benchKey_27_83,bytes=30;client_id=27;clients=50
1779647243132,PUT,102,4,benchKey_35_84,bytes=30;client_id=35;clients=50
1779647243133,PUT,103,4,benchKey_44_84,bytes=30;client_id=44;clients=50
1779647243150,PUT,120,4,benchKey_30_84,bytes=30;client_id=30;clients=50
1779647243151,PUT,121,4,benchKey_41_84,bytes=30;client_id=41;clients=50
1779647243152,PUT,121,4,benchKey_12_84,bytes=30;client_id=12;clients=50
1779647243153,PUT,121,4,benchKey_48_84,bytes=30;client_id=48;clients=50
1779647243153,PUT,121,4,benchKey_33_84,bytes=30;client_id=33;clients=50
1779647243156,PUT,109,4,benchKey_0_84,bytes=29;client_id=0;clients=50
1779647243156,PUT,109,4,benchKey_40_84,bytes=30;client_id=40;clients=50
1779647243156,PUT,124,4,benchKey_22_84,bytes=30;client_id=22;clients=50
1779647243157,PUT,90,4,benchKey_11_84,bytes=30;client_id=11;clients=50
1779647243157,PUT,90,4,benchKey_6_84,bytes=29;client_id=6;clients=50
1779647243157,PUT,111,4,benchKey_10_84,bytes=30;client_id=10;clients=50
1779647243158,PUT,90,4,benchKey_21_84,bytes=30;client_id=21;clients=50
1779647243158,PUT,110,4,benchKey_8_84,bytes=29;client_id=8;clients=50
1779647243158,PUT,87,4,benchKey_34_85,bytes=30;client_id=34;clients=50
1779647243158,PUT,89,4,benchKey_4_84,bytes=29;client_id=4;clients=50
1779647243159,PUT,90,4,benchKey_16_84,bytes=30;client_id=16;clients=50
1779647243174,PUT,103,4,benchKey_37_84,bytes=30;client_id=37;clients=50
1779647243174,PUT,103,4,benchKey_49_84,bytes=30;client_id=49;clients=50
1779647243174,PUT,103,4,benchKey_20_84,bytes=30;client_id=20;clients=50
1779647243175,PUT,103,4,benchKey_39_84,bytes=30;client_id=39;clients=50
1779647243192,PUT,120,4,benchKey_32_84,bytes=30;client_id=32;clients=50
1779647243193,PUT,119,4,benchKey_17_84,bytes=30;client_id=17;clients=50
1779647243193,PUT,121,4,benchKey_25_84,bytes=30;client_id=25;clients=50
1779647243194,PUT,120,4,benchKey_23_84,bytes=30;client_id=23;clients=50
1779647243195,PUT,121,4,benchKey_18_85,bytes=30;client_id=18;clients=50
1779647243198,PUT,108,4,benchKey_38_84,bytes=30;client_id=38;clients=50
1779647243199,PUT,125,4,benchKey_31_84,bytes=30;client_id=31;clients=50
1779647243199,PUT,110,4,benchKey_5_84,bytes=29;client_id=5;clients=50
1779647243199,PUT,109,4,benchKey_45_85,bytes=30;client_id=45;clients=50
1779647243199,PUT,91,4,benchKey_46_84,bytes=30;client_id=46;clients=50
1779647243200,PUT,110,4,benchKey_1_84,bytes=29;client_id=1;clients=50
1779647243201,PUT,92,4,benchKey_36_84,bytes=30;client_id=36;clients=50
1779647243201,PUT,89,4,benchKey_42_84,bytes=30;client_id=42;clients=50
1779647243201,PUT,91,4,benchKey_43_84,bytes=30;client_id=43;clients=50
1779647243201,PUT,90,4,benchKey_14_84,bytes=30;client_id=14;clients=50
1779647243202,PUT,88,4,benchKey_24_85,bytes=30;client_id=24;clients=50
1779647243216,PUT,101,4,benchKey_19_84,bytes=30;client_id=19;clients=50
1779647243216,PUT,102,4,benchKey_26_85,bytes=30;client_id=26;clients=50
1779647243216,PUT,101,4,benchKey_13_84,bytes=30;client_id=13;clients=50
1779647243216,PUT,101,4,benchKey_2_85,bytes=29;client_id=2;clients=50
1779647243234,PUT,118,4,benchKey_9_84,bytes=29;client_id=9;clients=50
1779647243234,PUT,118,4,benchKey_7_84,bytes=29;client_id=7;clients=50
1779647243235,PUT,118,4,benchKey_3_85,bytes=29;client_id=3;clients=50
1779647243235,PUT,118,4,benchKey_28_85,bytes=30;client_id=28;clients=50
1779647243236,PUT,119,4,benchKey_47_85,bytes=30;client_id=47;clients=50
1779647243239,PUT,122,4,benchKey_29_85,bytes=30;client_id=29;clients=50
1779647243241,PUT,107,4,benchKey_44_85,bytes=30;client_id=44;clients=50
1779647243241,PUT,109,4,benchKey_35_85,bytes=30;client_id=35;clients=50
1779647243241,PUT,109,4,benchKey_27_84,bytes=30;client_id=27;clients=50
1779647243242,PUT,91,4,benchKey_30_85,bytes=30;client_id=30;clients=50
1779647243242,PUT,110,4,benchKey_15_85,bytes=30;client_id=15;clients=50
1779647243243,PUT,86,4,benchKey_0_85,bytes=29;client_id=0;clients=50
1779647243243,PUT,90,4,benchKey_48_85,bytes=30;client_id=48;clients=50
1779647243243,PUT,91,4,benchKey_12_85,bytes=30;client_id=12;clients=50
1779647243243,PUT,92,4,benchKey_41_85,bytes=30;client_id=41;clients=50
1779647243244,PUT,90,4,benchKey_33_85,bytes=30;client_id=33;clients=50
1779647243258,PUT,101,4,benchKey_22_85,bytes=30;client_id=22;clients=50
1779647243258,PUT,101,4,benchKey_40_85,bytes=30;client_id=40;clients=50
1779647243258,PUT,101,4,benchKey_6_85,bytes=29;client_id=6;clients=50
1779647243259,PUT,101,4,benchKey_11_85,bytes=30;client_id=11;clients=50
1779647243276,PUT,117,4,benchKey_8_85,bytes=29;client_id=8;clients=50
1779647243276,PUT,118,4,benchKey_10_85,bytes=30;client_id=10;clients=50
1779647243277,PUT,118,4,benchKey_34_86,bytes=30;client_id=34;clients=50
1779647243278,PUT,119,4,benchKey_21_85,bytes=30;client_id=21;clients=50
1779647243278,PUT,119,4,benchKey_4_85,bytes=29;client_id=4;clients=50
1779647243281,PUT,121,4,benchKey_16_85,bytes=30;client_id=16;clients=50
1779647243283,PUT,108,4,benchKey_49_85,bytes=30;client_id=49;clients=50
1779647243283,PUT,108,4,benchKey_20_85,bytes=30;client_id=20;clients=50
1779647243284,PUT,91,4,benchKey_32_85,bytes=30;client_id=32;clients=50
1779647243284,PUT,109,4,benchKey_37_85,bytes=30;client_id=37;clients=50
1779647243284,PUT,108,4,benchKey_39_85,bytes=30;client_id=39;clients=50
1779647243285,PUT,92,4,benchKey_17_85,bytes=30;client_id=17;clients=50
1779647243285,PUT,90,4,benchKey_18_86,bytes=30;client_id=18;clients=50
1779647243285,PUT,87,4,benchKey_38_85,bytes=30;client_id=38;clients=50
1779647243286,PUT,92,4,benchKey_25_85,bytes=30;client_id=25;clients=50
1779647243286,PUT,92,4,benchKey_23_85,bytes=30;client_id=23;clients=50
1779647243299,PUT,99,4,benchKey_31_85,bytes=30;client_id=31;clients=50
1779647243299,PUT,99,4,benchKey_45_86,bytes=30;client_id=45;clients=50
1779647243299,PUT,99,4,benchKey_5_85,bytes=29;client_id=5;clients=50
1779647243300,PUT,100,4,benchKey_46_85,bytes=30;client_id=46;clients=50
1779647243318,PUT,117,4,benchKey_1_85,bytes=29;client_id=1;clients=50
1779647243318,PUT,117,4,benchKey_42_85,bytes=30;client_id=42;clients=50
1779647243319,PUT,117,4,benchKey_43_85,bytes=30;client_id=43;clients=50
1779647243319,PUT,118,4,benchKey_36_85,bytes=30;client_id=36;clients=50
1779647243320,PUT,118,4,benchKey_14_85,bytes=30;client_id=14;clients=50
1779647243324,PUT,107,4,benchKey_19_85,bytes=30;client_id=19;clients=50
1779647243324,PUT,121,4,benchKey_24_86,bytes=30;client_id=24;clients=50
1779647243325,PUT,107,4,benchKey_26_86,bytes=30;client_id=26;clients=50
1779647243326,PUT,91,4,benchKey_9_85,bytes=29;client_id=9;clients=50
1779647243327,PUT,92,4,benchKey_7_85,bytes=29;client_id=7;clients=50
1779647243327,PUT,109,4,benchKey_2_86,bytes=29;client_id=2;clients=50
1779647243327,PUT,92,4,benchKey_3_86,bytes=29;client_id=3;clients=50
1779647243327,PUT,109,4,benchKey_13_85,bytes=30;client_id=13;clients=50
1779647243327,PUT,92,4,benchKey_28_86,bytes=30;client_id=28;clients=50
1779647243327,PUT,88,4,benchKey_29_86,bytes=30;client_id=29;clients=50
1779647243328,PUT,92,4,benchKey_47_86,bytes=30;client_id=47;clients=50
1779647243341,PUT,99,4,benchKey_27_85,bytes=30;client_id=27;clients=50
1779647243341,PUT,99,4,benchKey_35_86,bytes=30;client_id=35;clients=50
1779647243341,PUT,100,4,benchKey_44_86,bytes=30;client_id=44;clients=50
1779647243341,PUT,99,4,benchKey_30_86,bytes=30;client_id=30;clients=50
1779647243361,PUT,119,4,benchKey_15_86,bytes=30;client_id=15;clients=50
1779647243362,PUT,118,4,benchKey_12_86,bytes=30;client_id=12;clients=50
1779647243362,PUT,118,4,benchKey_41_86,bytes=30;client_id=41;clients=50
1779647243362,PUT,119,4,benchKey_48_86,bytes=30;client_id=48;clients=50
1779647243362,PUT,119,4,benchKey_0_86,bytes=29;client_id=0;clients=50
1779647243366,PUT,107,4,benchKey_40_86,bytes=30;client_id=40;clients=50
1779647243367,PUT,108,4,benchKey_6_86,bytes=29;client_id=6;clients=50
1779647243367,PUT,123,4,benchKey_33_86,bytes=30;client_id=33;clients=50
1779647243367,PUT,109,4,benchKey_22_86,bytes=30;client_id=22;clients=50
1779647243369,PUT,91,4,benchKey_34_87,bytes=30;client_id=34;clients=50
1779647243369,PUT,90,4,benchKey_21_86,bytes=30;client_id=21;clients=50
1779647243370,PUT,111,4,benchKey_11_86,bytes=30;client_id=11;clients=50
1779647243370,PUT,93,4,benchKey_8_86,bytes=29;client_id=8;clients=50
1779647243370,PUT,92,4,benchKey_4_86,bytes=29;client_id=4;clients=50
1779647243370,PUT,89,4,benchKey_16_86,bytes=30;client_id=16;clients=50
1779647243371,PUT,94,4,benchKey_10_86,bytes=30;client_id=10;clients=50
1779647243383,PUT,100,4,benchKey_49_86,bytes=30;client_id=49;clients=50
1779647243383,PUT,98,4,benchKey_32_86,bytes=30;client_id=32;clients=50
1779647243384,PUT,100,4,benchKey_20_86,bytes=30;client_id=20;clients=50
1779647243384,PUT,99,4,benchKey_37_86,bytes=30;client_id=37;clients=50
1779647243403,PUT,117,4,benchKey_17_86,bytes=30;client_id=17;clients=50
1779647243404,PUT,118,4,benchKey_38_86,bytes=30;client_id=38;clients=50
1779647243404,PUT,118,4,benchKey_18_87,bytes=30;client_id=18;clients=50
1779647243404,PUT,118,4,benchKey_25_86,bytes=30;client_id=25;clients=50
1779647243404,PUT,120,4,benchKey_39_86,bytes=30;client_id=39;clients=50
1779647243408,PUT,121,4,benchKey_23_86,bytes=30;client_id=23;clients=50
1779647243409,PUT,109,4,benchKey_5_86,bytes=29;client_id=5;clients=50
1779647243409,PUT,109,4,benchKey_31_86,bytes=30;client_id=31;clients=50
1779647243411,PUT,92,4,benchKey_42_86,bytes=30;client_id=42;clients=50
1779647243411,PUT,111,4,benchKey_45_87,bytes=30;client_id=45;clients=50
1779647243411,PUT,111,4,benchKey_46_86,bytes=30;client_id=46;clients=50
1779647243412,PUT,92,4,benchKey_36_86,bytes=30;client_id=36;clients=50
1779647243412,PUT,93,4,benchKey_1_86,bytes=29;client_id=1;clients=50
1779647243412,PUT,87,4,benchKey_24_87,bytes=30;client_id=24;clients=50
1779647243412,PUT,93,4,benchKey_43_86,bytes=30;client_id=43;clients=50
1779647243412,PUT,92,4,benchKey_14_86,bytes=30;client_id=14;clients=50
1779647243425,PUT,99,4,benchKey_9_86,bytes=29;client_id=9;clients=50
1779647243425,PUT,100,4,benchKey_26_87,bytes=30;client_id=26;clients=50
1779647243425,PUT,101,4,benchKey_19_86,bytes=30;client_id=19;clients=50
1779647243425,PUT,98,4,benchKey_7_86,bytes=29;client_id=7;clients=50
1779647243445,PUT,118,4,benchKey_2_87,bytes=29;client_id=2;clients=50
1779647243446,PUT,118,4,benchKey_29_87,bytes=30;client_id=29;clients=50
1779647243446,PUT,118,4,benchKey_28_87,bytes=30;client_id=28;clients=50
1779647243446,PUT,118,4,benchKey_3_87,bytes=29;client_id=3;clients=50
1779647243446,PUT,118,4,benchKey_13_86,bytes=30;client_id=13;clients=50
1779647243449,PUT,120,4,benchKey_47_87,bytes=30;client_id=47;clients=50
1779647243451,PUT,109,4,benchKey_27_86,bytes=30;client_id=27;clients=50
1779647243451,PUT,109,4,benchKey_35_87,bytes=30;client_id=35;clients=50
1779647243453,PUT,111,4,benchKey_30_87,bytes=30;client_id=30;clients=50
1779647243453,PUT,111,4,benchKey_44_87,bytes=30;client_id=44;clients=50
1779647243453,PUT,91,4,benchKey_15_87,bytes=30;client_id=15;clients=50
1779647243454,PUT,92,4,benchKey_41_87,bytes=30;client_id=41;clients=50
1779647243455,PUT,92,4,benchKey_12_87,bytes=30;client_id=12;clients=50
1779647243455,PUT,92,4,benchKey_0_87,bytes=29;client_id=0;clients=50
1779647243456,PUT,93,4,benchKey_48_87,bytes=30;client_id=48;clients=50
1779647243456,PUT,89,4,benchKey_40_87,bytes=30;client_id=40;clients=50
1779647243467,PUT,98,4,benchKey_34_88,bytes=30;client_id=34;clients=50
1779647243468,PUT,100,4,benchKey_22_87,bytes=30;client_id=22;clients=50
1779647243468,PUT,101,4,benchKey_6_87,bytes=29;client_id=6;clients=50
1779647243468,PUT,100,4,benchKey_33_87,bytes=30;client_id=33;clients=50
1779647243488,PUT,117,4,benchKey_16_87,bytes=30;client_id=16;clients=50
1779647243488,PUT,117,4,benchKey_4_87,bytes=29;client_id=4;clients=50
1779647243488,PUT,119,4,benchKey_21_87,bytes=30;client_id=21;clients=50
1779647243489,PUT,118,4,benchKey_11_87,bytes=30;client_id=11;clients=50
1779647243489,PUT,118,4,benchKey_8_87,bytes=29;client_id=8;clients=50
1779647243490,PUT,119,4,benchKey_10_87,bytes=30;client_id=10;clients=50
1779647243493,PUT,109,4,benchKey_32_87,bytes=30;client_id=32;clients=50
1779647243493,PUT,109,4,benchKey_49_87,bytes=30;client_id=49;clients=50
1779647243496,PUT,112,4,benchKey_20_87,bytes=30;client_id=20;clients=50
1779647243496,PUT,92,4,benchKey_17_87,bytes=30;client_id=17;clients=50
1779647243496,PUT,112,4,benchKey_37_87,bytes=30;client_id=37;clients=50
1779647243497,PUT,92,4,benchKey_39_87,bytes=30;client_id=39;clients=50
1779647243497,PUT,93,4,benchKey_38_87,bytes=30;client_id=38;clients=50
1779647243497,PUT,93,4,benchKey_18_88,bytes=30;client_id=18;clients=50
1779647243497,PUT,92,4,benchKey_25_87,bytes=30;client_id=25;clients=50
1779647243499,PUT,90,4,benchKey_23_87,bytes=30;client_id=23;clients=50
1779647243509,PUT,100,4,benchKey_5_87,bytes=29;client_id=5;clients=50
1779647243510,PUT,101,4,benchKey_31_87,bytes=30;client_id=31;clients=50
1779647243511,PUT,100,4,benchKey_45_88,bytes=30;client_id=45;clients=50
1779647243511,PUT,100,4,benchKey_42_87,bytes=30;client_id=42;clients=50
1779647243530,PUT,118,4,benchKey_36_87,bytes=30;client_id=36;clients=50
1779647243531,PUT,119,4,benchKey_1_87,bytes=29;client_id=1;clients=50
1779647243531,PUT,119,4,benchKey_14_87,bytes=30;client_id=14;clients=50
1779647243531,PUT,120,4,benchKey_46_87,bytes=30;client_id=46;clients=50
1779647243531,PUT,119,4,benchKey_43_87,bytes=30;client_id=43;clients=50
1779647243532,PUT,120,4,benchKey_24_88,bytes=30;client_id=24;clients=50
1779647243535,PUT,109,4,benchKey_19_87,bytes=30;client_id=19;clients=50
1779647243535,PUT,109,4,benchKey_26_88,bytes=30;client_id=26;clients=50
1779647243537,PUT,111,4,benchKey_7_87,bytes=29;client_id=7;clients=50
1779647243538,PUT,112,4,benchKey_9_87,bytes=29;client_id=9;clients=50
1779647243539,PUT,92,4,benchKey_29_88,bytes=30;client_id=29;clients=50
1779647243539,PUT,92,4,benchKey_13_87,bytes=30;client_id=13;clients=50
1779647243539,PUT,92,4,benchKey_28_88,bytes=30;client_id=28;clients=50
1779647243539,PUT,93,4,benchKey_2_88,bytes=29;client_id=2;clients=50
1779647243540,PUT,93,4,benchKey_3_88,bytes=29;client_id=3;clients=50
1779647243540,PUT,90,4,benchKey_47_88,bytes=30;client_id=47;clients=50
1779647243550,PUT,99,4,benchKey_35_88,bytes=30;client_id=35;clients=50
1779647243551,PUT,99,4,benchKey_27_87,bytes=30;client_id=27;clients=50
1779647243552,PUT,98,4,benchKey_44_88,bytes=30;client_id=44;clients=50
1779647243552,PUT,98,4,benchKey_30_88,bytes=30;client_id=30;clients=50
1779647243572,PUT,119,4,benchKey_15_88,bytes=30;client_id=15;clients=50
1779647243573,PUT,117,4,benchKey_48_88,bytes=30;client_id=48;clients=50
1779647243573,PUT,118,4,benchKey_0_88,bytes=29;client_id=0;clients=50
1779647243573,PUT,119,4,benchKey_41_88,bytes=30;client_id=41;clients=50
1779647243575,PUT,120,4,benchKey_12_88,bytes=30;client_id=12;clients=50
1779647243575,PUT,118,4,benchKey_40_88,bytes=30;client_id=40;clients=50
1779647243577,PUT,109,4,benchKey_34_89,bytes=30;client_id=34;clients=50
1779647243578,PUT,109,4,benchKey_22_88,bytes=30;client_id=22;clients=50
1779647243579,PUT,110,4,benchKey_6_88,bytes=29;client_id=6;clients=50
1779647243579,PUT,110,4,benchKey_33_88,bytes=30;client_id=33;clients=50
1779647243580,PUT,91,4,benchKey_4_88,bytes=29;client_id=4;clients=50
1779647243580,PUT,90,4,benchKey_11_88,bytes=30;client_id=11;clients=50
1779647243581,PUT,92,4,benchKey_21_88,bytes=30;client_id=21;clients=50
1779647243581,PUT,91,4,benchKey_10_88,bytes=30;client_id=10;clients=50
1779647243581,PUT,92,4,benchKey_16_88,bytes=30;client_id=16;clients=50
1779647243582,PUT,92,4,benchKey_8_88,bytes=29;client_id=8;clients=50
1779647243592,PUT,99,4,benchKey_32_88,bytes=30;client_id=32;clients=50
1779647243593,PUT,99,4,benchKey_49_88,bytes=30;client_id=49;clients=50
1779647243593,PUT,96,4,benchKey_20_88,bytes=30;client_id=20;clients=50
1779647243594,PUT,97,4,benchKey_17_88,bytes=30;client_id=17;clients=50
1779647243616,PUT,118,4,benchKey_18_89,bytes=30;client_id=18;clients=50
1779647243616,PUT,118,4,benchKey_38_88,bytes=30;client_id=38;clients=50
1779647243617,PUT,119,4,benchKey_39_88,bytes=30;client_id=39;clients=50
1779647243617,PUT,120,4,benchKey_37_88,bytes=30;client_id=37;clients=50
1779647243617,PUT,118,4,benchKey_23_88,bytes=30;client_id=23;clients=50
1779647243617,PUT,119,4,benchKey_25_88,bytes=30;client_id=25;clients=50
1779647243619,PUT,109,4,benchKey_5_88,bytes=29;client_id=5;clients=50
1779647243619,PUT,109,4,benchKey_31_88,bytes=30;client_id=31;clients=50
1779647243620,PUT,109,4,benchKey_45_89,bytes=30;client_id=45;clients=50
1779647243621,PUT,109,4,benchKey_42_88,bytes=30;client_id=42;clients=50
1779647243621,PUT,89,4,benchKey_1_88,bytes=29;client_id=1;clients=50
1779647243622,PUT,91,4,benchKey_36_88,bytes=30;client_id=36;clients=50
1779647243622,PUT,91,4,benchKey_14_88,bytes=30;client_id=14;clients=50
1779647243623,PUT,91,4,benchKey_43_88,bytes=30;client_id=43;clients=50
1779647243623,PUT,91,4,benchKey_46_88,bytes=30;client_id=46;clients=50
1779647243623,PUT,91,4,benchKey_24_89,bytes=30;client_id=24;clients=50
1779647243634,PUT,97,4,benchKey_7_88,bytes=29;client_id=7;clients=50
1779647243635,PUT,97,4,benchKey_9_88,bytes=29;client_id=9;clients=50
1779647243635,PUT,100,4,benchKey_26_89,bytes=30;client_id=26;clients=50
1779647243635,PUT,100,4,benchKey_19_88,bytes=30;client_id=19;clients=50
1779647243658,PUT,119,4,benchKey_29_89,bytes=30;client_id=29;clients=50
1779647243658,PUT,119,4,benchKey_28_89,bytes=30;client_id=28;clients=50
1779647243659,PUT,119,4,benchKey_2_89,bytes=29;client_id=2;clients=50
1779647243659,PUT,119,4,benchKey_13_88,bytes=30;client_id=13;clients=50
1779647243659,PUT,119,4,benchKey_3_89,bytes=29;client_id=3;clients=50
1779647243659,PUT,119,4,benchKey_47_89,bytes=30;client_id=47;clients=50
1779647243660,PUT,109,4,benchKey_35_89,bytes=30;client_id=35;clients=50
1779647243661,PUT,110,4,benchKey_27_88,bytes=30;client_id=27;clients=50
1779647243662,PUT,109,4,benchKey_44_89,bytes=30;client_id=44;clients=50
1779647243663,PUT,89,4,benchKey_48_89,bytes=30;client_id=48;clients=50
1779647243663,PUT,90,4,benchKey_15_89,bytes=30;client_id=15;clients=50
1779647243664,PUT,111,4,benchKey_30_89,bytes=30;client_id=30;clients=50
1779647243665,PUT,89,4,benchKey_40_89,bytes=30;client_id=40;clients=50
1779647243665,PUT,91,4,benchKey_0_89,bytes=29;client_id=0;clients=50
1779647243666,PUT,91,4,benchKey_12_89,bytes=30;client_id=12;clients=50
1779647243666,PUT,92,4,benchKey_41_89,bytes=30;client_id=41;clients=50
1779647243676,PUT,99,4,benchKey_34_90,bytes=30;client_id=34;clients=50
1779647243677,PUT,98,4,benchKey_6_89,bytes=29;client_id=6;clients=50
1779647243677,PUT,98,4,benchKey_33_89,bytes=30;client_id=33;clients=50
1779647243677,PUT,99,4,benchKey_22_89,bytes=30;client_id=22;clients=50
1779647243701,PUT,120,4,benchKey_16_89,bytes=30;client_id=16;clients=50
1779647243701,PUT,121,4,benchKey_11_89,bytes=30;client_id=11;clients=50
1779647243701,PUT,109,4,benchKey_32_89,bytes=30;client_id=32;clients=50
1779647243701,PUT,121,4,benchKey_4_89,bytes=29;client_id=4;clients=50
1779647243702,PUT,120,4,benchKey_10_89,bytes=30;client_id=10;clients=50
1779647243702,PUT,121,4,benchKey_21_89,bytes=30;client_id=21;clients=50
1779647243702,PUT,120,4,benchKey_8_89,bytes=29;client_id=8;clients=50
1779647243703,PUT,110,4,benchKey_20_89,bytes=30;client_id=20;clients=50
1779647243703,PUT,110,4,benchKey_49_89,bytes=30;client_id=49;clients=50
1779647243704,PUT,88,4,benchKey_18_90,bytes=30;client_id=18;clients=50
1779647243704,PUT,110,4,benchKey_17_89,bytes=30;client_id=17;clients=50
1779647243705,PUT,89,4,benchKey_38_89,bytes=30;client_id=38;clients=50
1779647243708,PUT,90,4,benchKey_39_89,bytes=30;client_id=39;clients=50
1779647243709,PUT,91,4,benchKey_23_89,bytes=30;client_id=23;clients=50
1779647243709,PUT,91,4,benchKey_37_89,bytes=30;client_id=37;clients=50
1779647243709,PUT,91,4,benchKey_25_89,bytes=30;client_id=25;clients=50
1779647243719,PUT,100,4,benchKey_5_89,bytes=29;client_id=5;clients=50
1779647243719,PUT,99,4,benchKey_31_89,bytes=30;client_id=31;clients=50
1779647243720,PUT,99,4,benchKey_45_90,bytes=30;client_id=45;clients=50
1779647243723,PUT,102,4,benchKey_42_89,bytes=30;client_id=42;clients=50
1779647243745,PUT,121,4,benchKey_43_89,bytes=30;client_id=43;clients=50
1779647243746,PUT,122,4,benchKey_24_90,bytes=30;client_id=24;clients=50
1779647243746,PUT,111,4,benchKey_7_89,bytes=29;client_id=7;clients=50
1779647243745,PUT,122,4,benchKey_36_89,bytes=30;client_id=36;clients=50
1779647243745,PUT,123,4,benchKey_1_89,bytes=29;client_id=1;clients=50
1779647243747,PUT,112,4,benchKey_9_89,bytes=29;client_id=9;clients=50
1779647243748,PUT,112,4,benchKey_26_90,bytes=30;client_id=26;clients=50
1779647243748,PUT,90,4,benchKey_29_90,bytes=30;client_id=29;clients=50
1779647243745,PUT,122,4,benchKey_14_89,bytes=30;client_id=14;clients=50
1779647243749,PUT,91,4,benchKey_28_90,bytes=30;client_id=28;clients=50
1779647243745,PUT,121,4,benchKey_46_89,bytes=30;client_id=46;clients=50
1779647243751,PUT,115,4,benchKey_19_89,bytes=30;client_id=19;clients=50
1779647243751,PUT,92,4,benchKey_13_89,bytes=30;client_id=13;clients=50
1779647243753,PUT,93,4,benchKey_47_90,bytes=30;client_id=47;clients=50
1779647243754,PUT,95,4,benchKey_2_90,bytes=29;client_id=2;clients=50
1779647243753,PUT,93,4,benchKey_3_90,bytes=29;client_id=3;clients=50
1779647243763,PUT,101,4,benchKey_27_89,bytes=30;client_id=27;clients=50
1779647243763,PUT,103,4,benchKey_35_90,bytes=30;client_id=35;clients=50
1779647243764,PUT,102,4,benchKey_44_90,bytes=30;client_id=44;clients=50
1779647243768,PUT,104,4,benchKey_48_90,bytes=30;client_id=48;clients=50
1779647243789,PUT,122,4,benchKey_12_90,bytes=30;client_id=12;clients=50
1779647243790,PUT,125,4,benchKey_30_90,bytes=30;client_id=30;clients=50
1779647243790,PUT,127,4,benchKey_15_90,bytes=30;client_id=15;clients=50
1779647243791,PUT,125,4,benchKey_40_90,bytes=30;client_id=40;clients=50
1779647243792,PUT,115,4,benchKey_6_90,bytes=29;client_id=6;clients=50
1779647243792,PUT,125,4,benchKey_41_90,bytes=30;client_id=41;clients=50
1779647243792,PUT,116,4,benchKey_34_91,bytes=30;client_id=34;clients=50
1779647243795,PUT,118,4,benchKey_33_90,bytes=30;client_id=33;clients=50
1779647243795,PUT,94,4,benchKey_16_90,bytes=30;client_id=16;clients=50
1779647243796,PUT,119,4,benchKey_22_90,bytes=30;client_id=22;clients=50
1779647243797,PUT,95,4,benchKey_32_90,bytes=30;client_id=32;clients=50
1779647243797,PUT,132,4,benchKey_0_90,bytes=29;client_id=0;clients=50
1779647243798,PUT,95,4,benchKey_10_90,bytes=30;client_id=10;clients=50
1779647243799,PUT,96,4,benchKey_21_90,bytes=30;client_id=21;clients=50
1779647243799,PUT,97,4,benchKey_4_90,bytes=29;client_id=4;clients=50
1779647243803,PUT,101,4,benchKey_11_90,bytes=30;client_id=11;clients=50
1779647243805,PUT,103,4,benchKey_8_90,bytes=29;client_id=8;clients=50
1779647243807,PUT,103,4,benchKey_49_90,bytes=30;client_id=49;clients=50
1779647243807,PUT,104,4,benchKey_20_90,bytes=30;client_id=20;clients=50
1779647243810,PUT,105,4,benchKey_18_91,bytes=30;client_id=18;clients=50
1779647243832,PUT,126,4,benchKey_38_90,bytes=30;client_id=38;clients=50
1779647243832,PUT,127,4,benchKey_17_90,bytes=30;client_id=17;clients=50
1779647243836,PUT,127,4,benchKey_37_90,bytes=30;client_id=37;clients=50
1779647243835,PUT,115,4,benchKey_5_90,bytes=29;client_id=5;clients=50
1779647243834,PUT,126,4,benchKey_39_90,bytes=30;client_id=39;clients=50
1779647243838,PUT,118,4,benchKey_45_91,bytes=30;client_id=45;clients=50
1779647243834,PUT,125,4,benchKey_25_90,bytes=30;client_id=25;clients=50
1779647243833,PUT,124,4,benchKey_23_90,bytes=30;client_id=23;clients=50
1779647243838,PUT,115,4,benchKey_42_90,bytes=30;client_id=42;clients=50
1779647243839,PUT,119,4,benchKey_31_90,bytes=30;client_id=31;clients=50
1779647243839,PUT,93,4,benchKey_43_90,bytes=30;client_id=43;clients=50
1779647243839,PUT,93,4,benchKey_24_91,bytes=30;client_id=24;clients=50
1779647243841,PUT,94,4,benchKey_36_90,bytes=30;client_id=36;clients=50
1779647243841,PUT,95,4,benchKey_7_90,bytes=29;client_id=7;clients=50
1779647243844,PUT,97,4,benchKey_1_90,bytes=29;client_id=1;clients=50
1779647243846,PUT,98,4,benchKey_9_90,bytes=29;client_id=9;clients=50
1779647243848,PUT,100,4,benchKey_26_91,bytes=30;client_id=26;clients=50
1779647243849,PUT,100,4,benchKey_29_91,bytes=30;client_id=29;clients=50
1779647243850,PUT,100,4,benchKey_14_90,bytes=30;client_id=14;clients=50
1779647243852,PUT,102,4,benchKey_28_91,bytes=30;client_id=28;clients=50
1779647243874,PUT,124,4,benchKey_46_90,bytes=30;client_id=46;clients=50
1779647243874,PUT,122,4,benchKey_19_90,bytes=30;client_id=19;clients=50
1779647243876,PUT,124,4,benchKey_13_90,bytes=30;client_id=13;clients=50
1779647243877,PUT,122,4,benchKey_3_91,bytes=29;client_id=3;clients=50
1779647243877,PUT,122,4,benchKey_2_91,bytes=29;client_id=2;clients=50
1779647243877,PUT,123,4,benchKey_47_91,bytes=30;client_id=47;clients=50
1779647243879,PUT,115,4,benchKey_27_90,bytes=30;client_id=27;clients=50
1779647243881,PUT,117,4,benchKey_35_91,bytes=30;client_id=35;clients=50
1779647243881,PUT,92,4,benchKey_12_91,bytes=30;client_id=12;clients=50
1779647243881,PUT,117,4,benchKey_44_91,bytes=30;client_id=44;clients=50
1779647243882,PUT,114,4,benchKey_48_91,bytes=30;client_id=48;clients=50
1779647243882,PUT,92,4,benchKey_15_91,bytes=30;client_id=15;clients=50
1779647243882,PUT,92,4,benchKey_30_91,bytes=30;client_id=30;clients=50
1779647243883,PUT,92,4,benchKey_40_91,bytes=30;client_id=40;clients=50
1779647243887,PUT,94,4,benchKey_6_91,bytes=29;client_id=6;clients=50
1779647243888,PUT,95,4,benchKey_41_91,bytes=30;client_id=41;clients=50
1779647243891,PUT,95,4,benchKey_33_91,bytes=30;client_id=33;clients=50
1779647243891,PUT,98,4,benchKey_34_92,bytes=30;client_id=34;clients=50
1779647243892,PUT,96,4,benchKey_16_91,bytes=30;client_id=16;clients=50
1779647243893,PUT,96,4,benchKey_22_91,bytes=30;client_id=22;clients=50
1779647243916,PUT,119,4,benchKey_32_91,bytes=30;client_id=32;clients=50
1779647243916,PUT,119,4,benchKey_0_91,bytes=29;client_id=0;clients=50
1779647243917,PUT,119,4,benchKey_10_91,bytes=30;client_id=10;clients=50
1779647243918,PUT,118,4,benchKey_4_91,bytes=29;client_id=4;clients=50
1779647243919,PUT,119,4,benchKey_21_91,bytes=30;client_id=21;clients=50
1779647243920,PUT,117,4,benchKey_11_91,bytes=30;client_id=11;clients=50
1779647243920,PUT,114,4,benchKey_8_91,bytes=29;client_id=8;clients=50
1779647243923,PUT,112,4,benchKey_18_92,bytes=30;client_id=18;clients=50
1779647243923,PUT,115,4,benchKey_20_91,bytes=30;client_id=20;clients=50
1779647243923,PUT,115,4,benchKey_49_91,bytes=30;client_id=49;clients=50
1779647243924,PUT,91,4,benchKey_38_91,bytes=30;client_id=38;clients=50
1779647243924,PUT,85,4,benchKey_5_91,bytes=29;client_id=5;clients=50
1779647243924,PUT,86,4,benchKey_17_91,bytes=30;client_id=17;clients=50
1779647243924,PUT,86,4,benchKey_37_91,bytes=30;client_id=37;clients=50
1779647243928,PUT,89,4,benchKey_39_91,bytes=30;client_id=39;clients=50
1779647243930,PUT,91,4,benchKey_45_92,bytes=30;client_id=45;clients=50
1779647243933,PUT,94,4,benchKey_42_91,bytes=30;client_id=42;clients=50
1779647243933,PUT,94,4,benchKey_25_91,bytes=30;client_id=25;clients=50
1779647243934,PUT,95,4,benchKey_23_91,bytes=30;client_id=23;clients=50
1779647243934,PUT,95,4,benchKey_31_91,bytes=30;client_id=31;clients=50
1779647243959,PUT,119,4,benchKey_24_92,bytes=30;client_id=24;clients=50
1779647243959,PUT,119,4,benchKey_43_91,bytes=30;client_id=43;clients=50
1779647243959,PUT,118,4,benchKey_36_91,bytes=30;client_id=36;clients=50
1779647243959,PUT,117,4,benchKey_7_91,bytes=29;client_id=7;clients=50
1779647243962,PUT,117,4,benchKey_1_91,bytes=29;client_id=1;clients=50
1779647243963,PUT,117,4,benchKey_9_91,bytes=29;client_id=9;clients=50
1779647243963,PUT,115,4,benchKey_26_92,bytes=30;client_id=26;clients=50
1779647243965,PUT,115,4,benchKey_29_92,bytes=30;client_id=29;clients=50
1779647243965,PUT,112,4,benchKey_28_92,bytes=30;client_id=28;clients=50
1779647243966,PUT,91,4,benchKey_19_91,bytes=30;client_id=19;clients=50
1779647243967,PUT,116,4,benchKey_14_91,bytes=30;client_id=14;clients=50
1779647243968,PUT,93,4,benchKey_46_91,bytes=30;client_id=46;clients=50
1779647243968,PUT,91,4,benchKey_3_92,bytes=29;client_id=3;clients=50
1779647243970,PUT,93,4,benchKey_13_91,bytes=30;client_id=13;clients=50
1779647243970,PUT,93,4,benchKey_2_92,bytes=29;client_id=2;clients=50
1779647243972,PUT,94,4,benchKey_47_92,bytes=30;client_id=47;clients=50
1779647243976,PUT,95,4,benchKey_35_92,bytes=30;client_id=35;clients=50
1779647243977,PUT,98,4,benchKey_27_91,bytes=30;client_id=27;clients=50
1779647243978,PUT,96,4,benchKey_44_92,bytes=30;client_id=44;clients=50
1779647243978,PUT,97,4,benchKey_12_92,bytes=30;client_id=12;clients=50
1779647244002,PUT,119,4,benchKey_15_92,bytes=30;client_id=15;clients=50
1779647244003,PUT,120,4,benchKey_30_92,bytes=30;client_id=30;clients=50
1779647244003,PUT,121,4,benchKey_48_92,bytes=30;client_id=48;clients=50
1779647244004,PUT,121,4,benchKey_40_92,bytes=30;client_id=40;clients=50
1779647244006,PUT,119,4,benchKey_6_92,bytes=29;client_id=6;clients=50
1779647244006,PUT,118,4,benchKey_41_92,bytes=30;client_id=41;clients=50
1779647244006,PUT,115,4,benchKey_33_92,bytes=30;client_id=33;clients=50
1779647244009,PUT,116,4,benchKey_16_92,bytes=30;client_id=16;clients=50
1779647244010,PUT,116,4,benchKey_22_92,bytes=30;client_id=22;clients=50
1779647244011,PUT,95,4,benchKey_32_92,bytes=30;client_id=32;clients=50
1779647244011,PUT,120,4,benchKey_34_93,bytes=30;client_id=34;clients=50
1779647244012,PUT,96,4,benchKey_0_92,bytes=29;client_id=0;clients=50
1779647244013,PUT,94,4,benchKey_4_92,bytes=29;client_id=4;clients=50
1779647244017,PUT,99,4,benchKey_10_92,bytes=30;client_id=10;clients=50
1779647244017,PUT,96,4,benchKey_11_92,bytes=30;client_id=11;clients=50
1779647244018,PUT,99,4,benchKey_21_92,bytes=30;client_id=21;clients=50
1779647244021,PUT,100,4,benchKey_8_92,bytes=29;client_id=8;clients=50
1779647244021,PUT,97,4,benchKey_49_92,bytes=30;client_id=49;clients=50
1779647244021,PUT,98,4,benchKey_20_92,bytes=30;client_id=20;clients=50
1779647244022,PUT,98,4,benchKey_18_93,bytes=30;client_id=18;clients=50
1779647244045,PUT,120,4,benchKey_38_92,bytes=30;client_id=38;clients=50
1779647244045,PUT,121,4,benchKey_17_92,bytes=30;client_id=17;clients=50
1779647244047,PUT,123,4,benchKey_5_92,bytes=29;client_id=5;clients=50
1779647244048,PUT,120,4,benchKey_39_92,bytes=30;client_id=39;clients=50
1779647244048,PUT,115,4,benchKey_42_92,bytes=30;client_id=42;clients=50
1779647244048,PUT,118,4,benchKey_45_93,bytes=30;client_id=45;clients=50
1779647244049,PUT,124,4,benchKey_37_92,bytes=30;client_id=37;clients=50
1779647244051,PUT,118,4,benchKey_25_92,bytes=30;client_id=25;clients=50
1779647244052,PUT,118,4,benchKey_23_92,bytes=30;client_id=23;clients=50
1779647244056,PUT,122,4,benchKey_31_92,bytes=30;client_id=31;clients=50
1779647244057,PUT,97,4,benchKey_24_93,bytes=30;client_id=24;clients=50
1779647244056,PUT,96,4,benchKey_36_92,bytes=30;client_id=36;clients=50
1779647244056,PUT,96,4,benchKey_43_92,bytes=30;client_id=43;clients=50
1779647244058,PUT,98,4,benchKey_7_92,bytes=29;client_id=7;clients=50
1779647244059,PUT,97,4,benchKey_1_92,bytes=29;client_id=1;clients=50
1779647244060,PUT,96,4,benchKey_26_93,bytes=30;client_id=26;clients=50
1779647244063,PUT,99,4,benchKey_9_92,bytes=29;client_id=9;clients=50
1779647244064,PUT,98,4,benchKey_19_92,bytes=30;client_id=19;clients=50
1779647244064,PUT,98,4,benchKey_28_93,bytes=30;client_id=28;clients=50
1779647244065,PUT,99,4,benchKey_29_93,bytes=30;client_id=29;clients=50
1779647244087,PUT,120,4,benchKey_14_92,bytes=30;client_id=14;clients=50
1779647244087,PUT,119,4,benchKey_46_92,bytes=30;client_id=46;clients=50
1779647244089,PUT,120,4,benchKey_3_93,bytes=29;client_id=3;clients=50
1779647244090,PUT,119,4,benchKey_2_93,bytes=29;client_id=2;clients=50
1779647244090,PUT,113,4,benchKey_35_93,bytes=30;client_id=35;clients=50
1779647244090,PUT,120,4,benchKey_13_92,bytes=30;client_id=13;clients=50
1779647244091,PUT,118,4,benchKey_47_93,bytes=30;client_id=47;clients=50
1779647244093,PUT,115,4,benchKey_27_92,bytes=30;client_id=27;clients=50
1779647244095,PUT,117,4,benchKey_44_93,bytes=30;client_id=44;clients=50
1779647244098,PUT,119,4,benchKey_12_93,bytes=30;client_id=12;clients=50
1779647244099,PUT,95,4,benchKey_30_93,bytes=30;client_id=30;clients=50
1779647244099,PUT,96,4,benchKey_15_93,bytes=30;client_id=15;clients=50
1779647244099,PUT,95,4,benchKey_48_93,bytes=30;client_id=48;clients=50
1779647244100,PUT,93,4,benchKey_6_93,bytes=29;client_id=6;clients=50
1779647244100,PUT,95,4,benchKey_40_93,bytes=30;client_id=40;clients=50
1779647244101,PUT,94,4,benchKey_41_93,bytes=30;client_id=41;clients=50
1779647244105,PUT,98,4,benchKey_33_93,bytes=30;client_id=33;clients=50
1779647244105,PUT,96,4,benchKey_16_93,bytes=30;client_id=16;clients=50
1779647244106,PUT,94,4,benchKey_32_93,bytes=30;client_id=32;clients=50
1779647244106,PUT,96,4,benchKey_22_93,bytes=30;client_id=22;clients=50
1779647244129,PUT,116,4,benchKey_0_93,bytes=29;client_id=0;clients=50
1779647244129,PUT,117,4,benchKey_34_94,bytes=30;client_id=34;clients=50
1779647244130,PUT,116,4,benchKey_4_93,bytes=29;client_id=4;clients=50
1779647244131,PUT,112,4,benchKey_21_93,bytes=30;client_id=21;clients=50
1779647244131,PUT,113,4,benchKey_10_93,bytes=30;client_id=10;clients=50
1779647244132,PUT,113,4,benchKey_11_93,bytes=30;client_id=11;clients=50
1779647244132,PUT,110,4,benchKey_8_93,bytes=29;client_id=8;clients=50
1779647244135,PUT,113,4,benchKey_49_93,bytes=30;client_id=49;clients=50
1779647244137,PUT,115,4,benchKey_20_93,bytes=30;client_id=20;clients=50
1779647244140,PUT,117,4,benchKey_18_94,bytes=30;client_id=18;clients=50
1779647244141,PUT,96,4,benchKey_38_93,bytes=30;client_id=38;clients=50
1779647244141,PUT,92,4,benchKey_39_93,bytes=30;client_id=39;clients=50
1779647244141,PUT,92,4,benchKey_42_93,bytes=30;client_id=42;clients=50
1779647244141,PUT,94,4,benchKey_5_93,bytes=29;client_id=5;clients=50
1779647244141,PUT,95,4,benchKey_17_93,bytes=30;client_id=17;clients=50
1779647244142,PUT,93,4,benchKey_45_94,bytes=30;client_id=45;clients=50
1779647244146,PUT,97,4,benchKey_37_93,bytes=30;client_id=37;clients=50
1779647244147,PUT,95,4,benchKey_25_93,bytes=30;client_id=25;clients=50
1779647244149,PUT,92,4,benchKey_24_94,bytes=30;client_id=24;clients=50
1779647244149,PUT,96,4,benchKey_23_93,bytes=30;client_id=23;clients=50
1779647244171,PUT,114,4,benchKey_43_93,bytes=30;client_id=43;clients=50
1779647244171,PUT,114,4,benchKey_31_93,bytes=30;client_id=31;clients=50
1779647244172,PUT,113,4,benchKey_7_93,bytes=29;client_id=7;clients=50
1779647244172,PUT,115,4,benchKey_36_93,bytes=30;client_id=36;clients=50
1779647244172,PUT,113,4,benchKey_1_93,bytes=29;client_id=1;clients=50
1779647244174,PUT,110,4,benchKey_9_93,bytes=29;client_id=9;clients=50
1779647244174,PUT,114,4,benchKey_26_94,bytes=30;client_id=26;clients=50
1779647244177,PUT,112,4,benchKey_19_93,bytes=30;client_id=19;clients=50
1779647244179,PUT,114,4,benchKey_28_94,bytes=30;client_id=28;clients=50
1779647244181,PUT,115,4,benchKey_29_94,bytes=30;client_id=29;clients=50
1779647244183,PUT,93,4,benchKey_13_93,bytes=30;client_id=13;clients=50
1779647244183,PUT,95,4,benchKey_14_93,bytes=30;client_id=14;clients=50
1779647244183,PUT,93,4,benchKey_35_94,bytes=30;client_id=35;clients=50
1779647244183,PUT,94,4,benchKey_3_94,bytes=29;client_id=3;clients=50
1779647244183,PUT,93,4,benchKey_2_94,bytes=29;client_id=2;clients=50
1779647244184,PUT,96,4,benchKey_46_93,bytes=30;client_id=46;clients=50
1779647244188,PUT,94,4,benchKey_27_93,bytes=30;client_id=27;clients=50
1779647244189,PUT,98,4,benchKey_47_94,bytes=30;client_id=47;clients=50
1779647244192,PUT,96,4,benchKey_44_94,bytes=30;client_id=44;clients=50
1779647244192,PUT,93,4,benchKey_12_94,bytes=30;client_id=12;clients=50
1779647244213,PUT,114,4,benchKey_15_94,bytes=30;client_id=15;clients=50
1779647244214,PUT,115,4,benchKey_30_94,bytes=30;client_id=30;clients=50
1779647244214,PUT,114,4,benchKey_6_94,bytes=29;client_id=6;clients=50
1779647244215,PUT,114,4,benchKey_40_94,bytes=30;client_id=40;clients=50
1779647244215,PUT,116,4,benchKey_48_94,bytes=30;client_id=48;clients=50
1779647244216,PUT,115,4,benchKey_41_94,bytes=30;client_id=41;clients=50
1779647244216,PUT,111,4,benchKey_33_94,bytes=30;client_id=33;clients=50
1779647244219,PUT,113,4,benchKey_16_94,bytes=30;client_id=16;clients=50
1779647244221,PUT,114,4,benchKey_32_94,bytes=30;client_id=32;clients=50
1779647244222,PUT,115,4,benchKey_22_94,bytes=30;client_id=22;clients=50
1779647244225,PUT,94,4,benchKey_21_94,bytes=30;client_id=21;clients=50
1779647244225,PUT,95,4,benchKey_0_94,bytes=29;client_id=0;clients=50
1779647244225,PUT,93,4,benchKey_11_94,bytes=30;client_id=11;clients=50
1779647244225,PUT,96,4,benchKey_34_95,bytes=30;client_id=34;clients=50
1779647244225,PUT,95,4,benchKey_4_94,bytes=29;client_id=4;clients=50
1779647244225,PUT,94,4,benchKey_10_94,bytes=30;client_id=10;clients=50
1779647244230,PUT,94,4,benchKey_49_94,bytes=30;client_id=49;clients=50
1779647244230,PUT,98,4,benchKey_8_94,bytes=29;client_id=8;clients=50
1779647244234,PUT,93,4,benchKey_18_95,bytes=30;client_id=18;clients=50
1779647244235,PUT,97,4,benchKey_20_94,bytes=30;client_id=20;clients=50
1779647244255,PUT,114,4,benchKey_38_94,bytes=30;client_id=38;clients=50
1779647244256,PUT,114,4,benchKey_39_94,bytes=30;client_id=39;clients=50
1779647244256,PUT,114,4,benchKey_42_94,bytes=30;client_id=42;clients=50
1779647244258,PUT,116,4,benchKey_45_95,bytes=30;client_id=45;clients=50
1779647244258,PUT,116,4,benchKey_5_94,bytes=29;client_id=5;clients=50
1779647244258,PUT,116,4,benchKey_17_94,bytes=30;client_id=17;clients=50
1779647244258,PUT,112,4,benchKey_37_94,bytes=30;client_id=37;clients=50
1779647244260,PUT,112,4,benchKey_25_94,bytes=30;client_id=25;clients=50
1779647244262,PUT,112,4,benchKey_24_95,bytes=30;client_id=24;clients=50
1779647244263,PUT,113,4,benchKey_23_94,bytes=30;client_id=23;clients=50
1779647244267,PUT,95,4,benchKey_36_94,bytes=30;client_id=36;clients=50
1779647244267,PUT,96,4,benchKey_31_94,bytes=30;client_id=31;clients=50
1779647244267,PUT,95,4,benchKey_7_94,bytes=29;client_id=7;clients=50
1779647244267,PUT,93,4,benchKey_9_94,bytes=29;client_id=9;clients=50
1779647244268,PUT,95,4,benchKey_1_94,bytes=29;client_id=1;clients=50
1779647244268,PUT,97,4,benchKey_43_94,bytes=30;client_id=43;clients=50
1779647244272,PUT,95,4,benchKey_19_94,bytes=30;client_id=19;clients=50
1779647244273,PUT,98,4,benchKey_26_95,bytes=30;client_id=26;clients=50
1779647244275,PUT,96,4,benchKey_28_95,bytes=30;client_id=28;clients=50
1779647244277,PUT,95,4,benchKey_29_95,bytes=30;client_id=29;clients=50
1779647244297,PUT,113,4,benchKey_14_94,bytes=30;client_id=14;clients=50
1779647244298,PUT,114,4,benchKey_35_95,bytes=30;client_id=35;clients=50
1779647244298,PUT,114,4,benchKey_13_94,bytes=30;client_id=13;clients=50
1779647244300,PUT,116,4,benchKey_2_95,bytes=29;client_id=2;clients=50
1779647244301,PUT,117,4,benchKey_3_95,bytes=29;client_id=3;clients=50
1779647244301,PUT,113,4,benchKey_27_94,bytes=30;client_id=27;clients=50
1779647244301,PUT,117,4,benchKey_46_94,bytes=30;client_id=46;clients=50
1779647244302,PUT,113,4,benchKey_47_95,bytes=30;client_id=47;clients=50
1779647244303,PUT,110,4,benchKey_44_95,bytes=30;client_id=44;clients=50
1779647244304,PUT,111,4,benchKey_12_95,bytes=30;client_id=12;clients=50
1779647244309,PUT,93,4,benchKey_48_95,bytes=30;client_id=48;clients=50
1779647244309,PUT,95,4,benchKey_15_95,bytes=30;client_id=15;clients=50
1779647244309,PUT,95,4,benchKey_6_95,bytes=29;client_id=6;clients=50
1779647244310,PUT,94,4,benchKey_40_95,bytes=30;client_id=40;clients=50
1779647244311,PUT,94,4,benchKey_41_95,bytes=30;client_id=41;clients=50
1779647244311,PUT,96,4,benchKey_30_95,bytes=30;client_id=30;clients=50
1779647244314,PUT,94,4,benchKey_16_95,bytes=30;client_id=16;clients=50
1779647244314,PUT,97,4,benchKey_33_95,bytes=30;client_id=33;clients=50
1779647244316,PUT,94,4,benchKey_32_95,bytes=30;client_id=32;clients=50
1779647244318,PUT,96,4,benchKey_22_95,bytes=30;client_id=22;clients=50
1779647244339,PUT,114,4,benchKey_21_95,bytes=30;client_id=21;clients=50
1779647244340,PUT,114,4,benchKey_11_95,bytes=30;client_id=11;clients=50
1779647244340,PUT,114,4,benchKey_0_95,bytes=29;client_id=0;clients=50
1779647244342,PUT,116,4,benchKey_34_96,bytes=30;client_id=34;clients=50
1779647244344,PUT,113,4,benchKey_49_95,bytes=30;client_id=49;clients=50
1779647244344,PUT,118,4,benchKey_4_95,bytes=29;client_id=4;clients=50
1779647244344,PUT,114,4,benchKey_8_95,bytes=29;client_id=8;clients=50
1779647244344,PUT,118,4,benchKey_10_95,bytes=30;client_id=10;clients=50
1779647244344,PUT,110,4,benchKey_18_96,bytes=30;client_id=18;clients=50
1779647244345,PUT,110,4,benchKey_20_95,bytes=30;client_id=20;clients=50
1779647244351,PUT,95,4,benchKey_42_95,bytes=30;client_id=42;clients=50
1779647244351,PUT,95,4,benchKey_38_95,bytes=30;client_id=38;clients=50
1779647244352,PUT,93,4,benchKey_45_96,bytes=30;client_id=45;clients=50
1779647244352,PUT,93,4,benchKey_5_95,bytes=29;client_id=5;clients=50
1779647244352,PUT,96,4,benchKey_39_95,bytes=30;client_id=39;clients=50
1779647244352,PUT,93,4,benchKey_17_95,bytes=30;client_id=17;clients=50
1779647244355,PUT,96,4,benchKey_37_95,bytes=30;client_id=37;clients=50
1779647244355,PUT,95,4,benchKey_25_95,bytes=30;client_id=25;clients=50
1779647244358,PUT,95,4,benchKey_24_96,bytes=30;client_id=24;clients=50
1779647244360,PUT,96,4,benchKey_23_95,bytes=30;client_id=23;clients=50
1779647244381,PUT,113,4,benchKey_31_95,bytes=30;client_id=31;clients=50
1779647244381,PUT,113,4,benchKey_7_95,bytes=29;client_id=7;clients=50
1779647244382,PUT,114,4,benchKey_36_95,bytes=30;client_id=36;clients=50
1779647244383,PUT,115,4,benchKey_9_95,bytes=29;client_id=9;clients=50
1779647244386,PUT,117,4,benchKey_43_95,bytes=30;client_id=43;clients=50
1779647244386,PUT,117,4,benchKey_1_95,bytes=29;client_id=1;clients=50
1779647244387,PUT,115,4,benchKey_19_95,bytes=30;client_id=19;clients=50
1779647244387,PUT,110,4,benchKey_29_96,bytes=30;client_id=29;clients=50
1779647244388,PUT,114,4,benchKey_26_96,bytes=30;client_id=26;clients=50
1779647244388,PUT,113,4,benchKey_28_96,bytes=30;client_id=28;clients=50
1779647244392,PUT,94,4,benchKey_13_95,bytes=30;client_id=13;clients=50
1779647244392,PUT,94,4,benchKey_14_95,bytes=30;client_id=14;clients=50
1779647244394,PUT,94,4,benchKey_2_96,bytes=29;client_id=2;clients=50
1779647244394,PUT,92,4,benchKey_3_96,bytes=29;client_id=3;clients=50
1779647244394,PUT,96,4,benchKey_35_96,bytes=30;client_id=35;clients=50
1779647244394,PUT,93,4,benchKey_27_95,bytes=30;client_id=27;clients=50
1779647244396,PUT,94,4,benchKey_46_95,bytes=30;client_id=46;clients=50
1779647244397,PUT,94,4,benchKey_47_96,bytes=30;client_id=47;clients=50
1779647244399,PUT,95,4,benchKey_44_96,bytes=30;client_id=44;clients=50
1779647244402,PUT,98,4,benchKey_12_96,bytes=30;client_id=12;clients=50
1779647244423,PUT,114,4,benchKey_15_96,bytes=30;client_id=15;clients=50
1779647244424,PUT,114,4,benchKey_6_96,bytes=29;client_id=6;clients=50
1779647244424,PUT,114,4,benchKey_48_96,bytes=30;client_id=48;clients=50
1779647244424,PUT,114,4,benchKey_40_96,bytes=30;client_id=40;clients=50
1779647244428,PUT,117,4,benchKey_41_96,bytes=30;client_id=41;clients=50
1779647244429,PUT,117,4,benchKey_30_96,bytes=30;client_id=30;clients=50
1779647244429,PUT,115,4,benchKey_16_96,bytes=30;client_id=16;clients=50
1779647244429,PUT,115,4,benchKey_33_96,bytes=30;client_id=33;clients=50
1779647244429,PUT,113,4,benchKey_32_96,bytes=30;client_id=32;clients=50
1779647244430,PUT,111,4,benchKey_22_96,bytes=30;client_id=22;clients=50
1779647244434,PUT,94,4,benchKey_21_96,bytes=30;client_id=21;clients=50
1779647244434,PUT,94,4,benchKey_11_96,bytes=30;client_id=11;clients=50
1779647244435,PUT,95,4,benchKey_0_96,bytes=29;client_id=0;clients=50
1779647244435,PUT,91,4,benchKey_49_96,bytes=30;client_id=49;clients=50
1779647244436,PUT,93,4,benchKey_34_97,bytes=30;client_id=34;clients=50
1779647244436,PUT,91,4,benchKey_4_96,bytes=29;client_id=4;clients=50
1779647244437,PUT,92,4,benchKey_8_96,bytes=29;client_id=8;clients=50
1779647244439,PUT,94,4,benchKey_10_96,bytes=30;client_id=10;clients=50
1779647244440,PUT,95,4,benchKey_18_97,bytes=30;client_id=18;clients=50
1779647244444,PUT,98,4,benchKey_20_96,bytes=30;client_id=20;clients=50
1779647244465,PUT,114,4,benchKey_38_96,bytes=30;client_id=38;clients=50
1779647244465,PUT,114,4,benchKey_42_96,bytes=30;client_id=42;clients=50
1779647244466,PUT,114,4,benchKey_45_97,bytes=30;client_id=45;clients=50
1779647244467,PUT,114,4,benchKey_5_96,bytes=29;client_id=5;clients=50
1779647244471,PUT,116,4,benchKey_25_96,bytes=30;client_id=25;clients=50
1779647244471,PUT,113,4,benchKey_24_97,bytes=30;client_id=24;clients=50
1779647244471,PUT,119,4,benchKey_17_96,bytes=30;client_id=17;clients=50
1779647244471,PUT,111,4,benchKey_23_96,bytes=30;client_id=23;clients=50
1779647244471,PUT,116,4,benchKey_37_96,bytes=30;client_id=37;clients=50
1779647244472,PUT,120,4,benchKey_39_96,bytes=30;client_id=39;clients=50
1779647244475,PUT,94,4,benchKey_31_96,bytes=30;client_id=31;clients=50
1779647244477,PUT,95,4,benchKey_7_96,bytes=29;client_id=7;clients=50
1779647244477,PUT,91,4,benchKey_43_96,bytes=30;client_id=43;clients=50
1779647244478,PUT,95,4,benchKey_36_96,bytes=30;client_id=36;clients=50
1779647244478,PUT,94,4,benchKey_9_96,bytes=29;client_id=9;clients=50
1779647244479,PUT,92,4,benchKey_1_96,bytes=29;client_id=1;clients=50
1779647244479,PUT,91,4,benchKey_19_96,bytes=30;client_id=19;clients=50
1779647244481,PUT,93,4,benchKey_29_97,bytes=30;client_id=29;clients=50
1779647244482,PUT,94,4,benchKey_26_97,bytes=30;client_id=26;clients=50
1779647244488,PUT,99,4,benchKey_28_97,bytes=30;client_id=28;clients=50
1779647244508,PUT,114,4,benchKey_3_97,bytes=29;client_id=3;clients=50
1779647244508,PUT,116,4,benchKey_13_96,bytes=30;client_id=13;clients=50
1779647244509,PUT,116,4,benchKey_14_96,bytes=30;client_id=14;clients=50
1779647244509,PUT,115,4,benchKey_2_97,bytes=29;client_id=2;clients=50
1779647244513,PUT,114,4,benchKey_44_97,bytes=30;client_id=44;clients=50
1779647244513,PUT,119,4,benchKey_35_97,bytes=30;client_id=35;clients=50
1779647244513,PUT,116,4,benchKey_47_97,bytes=30;client_id=47;clients=50
1779647244513,PUT,118,4,benchKey_27_96,bytes=30;client_id=27;clients=50
1779647244513,PUT,117,4,benchKey_46_96,bytes=30;client_id=46;clients=50
1779647244514,PUT,111,4,benchKey_12_97,bytes=30;client_id=12;clients=50
1779647244521,PUT,92,4,benchKey_30_97,bytes=30;client_id=30;clients=50
1779647244521,PUT,97,4,benchKey_40_97,bytes=30;client_id=40;clients=50
1779647244522,PUT,97,4,benchKey_48_97,bytes=30;client_id=48;clients=50
1779647244522,PUT,98,4,benchKey_15_97,bytes=30;client_id=15;clients=50
1779647244522,PUT,93,4,benchKey_41_97,bytes=30;client_id=41;clients=50
1779647244523,PUT,99,4,benchKey_6_97,bytes=29;client_id=6;clients=50
1779647244525,PUT,95,4,benchKey_33_97,bytes=30;client_id=33;clients=50
1779647244525,PUT,95,4,benchKey_32_97,bytes=30;client_id=32;clients=50
1779647244525,PUT,95,4,benchKey_16_97,bytes=30;client_id=16;clients=50
1779647244530,PUT,100,4,benchKey_22_97,bytes=30;client_id=22;clients=50
1779647244551,PUT,115,4,benchKey_0_97,bytes=29;client_id=0;clients=50
1779647244552,PUT,117,4,benchKey_11_97,bytes=30;client_id=11;clients=50
1779647244553,PUT,118,4,benchKey_21_97,bytes=30;client_id=21;clients=50
1779647244553,PUT,117,4,benchKey_49_97,bytes=30;client_id=49;clients=50
1779647244556,PUT,119,4,benchKey_34_98,bytes=30;client_id=34;clients=50
1779647244556,PUT,115,4,benchKey_18_98,bytes=30;client_id=18;clients=50
1779647244556,PUT,120,4,benchKey_4_97,bytes=29;client_id=4;clients=50
1779647244556,PUT,117,4,benchKey_10_97,bytes=30;client_id=10;clients=50
1779647244556,PUT,112,4,benchKey_20_97,bytes=30;client_id=20;clients=50
1779647244557,PUT,120,4,benchKey_8_97,bytes=29;client_id=8;clients=50
1779647244566,PUT,100,4,benchKey_38_97,bytes=30;client_id=38;clients=50
1779647244566,PUT,99,4,benchKey_45_98,bytes=30;client_id=45;clients=50
1779647244566,PUT,99,4,benchKey_5_97,bytes=29;client_id=5;clients=50
1779647244567,PUT,95,4,benchKey_25_97,bytes=30;client_id=25;clients=50
1779647244567,PUT,96,4,benchKey_24_98,bytes=30;client_id=24;clients=50
1779647244569,PUT,97,4,benchKey_23_97,bytes=30;client_id=23;clients=50
1779647244569,PUT,97,4,benchKey_17_97,bytes=30;client_id=17;clients=50
1779647244570,PUT,98,4,benchKey_37_97,bytes=30;client_id=37;clients=50
1779647244570,PUT,104,4,benchKey_42_97,bytes=30;client_id=42;clients=50
1779647244572,PUT,100,4,benchKey_39_97,bytes=30;client_id=39;clients=50
1779647244594,PUT,118,4,benchKey_31_97,bytes=30;client_id=31;clients=50
1779647244595,PUT,118,4,benchKey_7_97,bytes=29;client_id=7;clients=50
1779647244595,PUT,117,4,benchKey_43_97,bytes=30;client_id=43;clients=50
1779647244595,PUT,117,4,benchKey_36_97,bytes=30;client_id=36;clients=50
1779647244599,PUT,116,4,benchKey_26_98,bytes=30;client_id=26;clients=50
1779647244599,PUT,120,4,benchKey_19_97,bytes=30;client_id=19;clients=50
1779647244599,PUT,111,4,benchKey_28_98,bytes=30;client_id=28;clients=50
1779647244599,PUT,121,4,benchKey_9_97,bytes=29;client_id=9;clients=50
1779647244599,PUT,118,4,benchKey_29_98,bytes=30;client_id=29;clients=50
1779647244600,PUT,121,4,benchKey_1_97,bytes=29;client_id=1;clients=50
1779647244609,PUT,100,4,benchKey_13_97,bytes=30;client_id=13;clients=50
1779647244610,PUT,101,4,benchKey_3_98,bytes=29;client_id=3;clients=50
1779647244611,PUT,102,4,benchKey_14_97,bytes=30;client_id=14;clients=50
1779647244612,PUT,102,4,benchKey_2_98,bytes=29;client_id=2;clients=50
1779647244612,PUT,98,4,benchKey_44_98,bytes=30;client_id=44;clients=50
1779647244613,PUT,99,4,benchKey_47_98,bytes=30;client_id=47;clients=50
1779647244615,PUT,101,4,benchKey_27_97,bytes=30;client_id=27;clients=50
1779647244616,PUT,101,4,benchKey_12_98,bytes=30;client_id=12;clients=50
1779647244617,PUT,103,4,benchKey_35_98,bytes=30;client_id=35;clients=50
1779647244617,PUT,103,4,benchKey_46_97,bytes=30;client_id=46;clients=50
1779647244637,PUT,115,4,benchKey_40_98,bytes=30;client_id=40;clients=50
1779647244638,PUT,116,4,benchKey_30_98,bytes=30;client_id=30;clients=50
1779647244638,PUT,116,4,benchKey_48_98,bytes=30;client_id=48;clients=50
1779647244638,PUT,116,4,benchKey_15_98,bytes=30;client_id=15;clients=50
1779647244642,PUT,118,4,benchKey_6_98,bytes=29;client_id=6;clients=50
1779647244642,PUT,119,4,benchKey_41_98,bytes=30;client_id=41;clients=50
1779647244643,PUT,118,4,benchKey_33_98,bytes=30;client_id=33;clients=50
1779647244643,PUT,118,4,benchKey_32_98,bytes=30;client_id=32;clients=50
1779647244643,PUT,118,4,benchKey_16_98,bytes=30;client_id=16;clients=50
1779647244645,PUT,114,4,benchKey_22_98,bytes=30;client_id=22;clients=50
1779647244652,PUT,100,4,benchKey_0_98,bytes=29;client_id=0;clients=50
1779647244653,PUT,100,4,benchKey_11_98,bytes=30;client_id=11;clients=50
1779647244655,PUT,102,4,benchKey_21_98,bytes=30;client_id=21;clients=50
1779647244657,PUT,103,4,benchKey_49_98,bytes=30;client_id=49;clients=50
1779647244657,PUT,99,4,benchKey_18_99,bytes=30;client_id=18;clients=50
1779647244660,PUT,102,4,benchKey_10_98,bytes=30;client_id=10;clients=50
1779647244660,PUT,102,4,benchKey_4_98,bytes=29;client_id=4;clients=50
1779647244661,PUT,102,4,benchKey_20_98,bytes=30;client_id=20;clients=50
1779647244660,PUT,103,4,benchKey_34_99,bytes=30;client_id=34;clients=50
1779647244660,PUT,101,4,benchKey_8_98,bytes=29;client_id=8;clients=50
1779647244681,PUT,114,4,benchKey_45_99,bytes=30;client_id=45;clients=50
1779647244681,PUT,114,4,benchKey_38_98,bytes=30;client_id=38;clients=50
1779647244682,PUT,115,4,benchKey_25_98,bytes=30;client_id=25;clients=50
1779647244683,PUT,116,4,benchKey_5_98,bytes=29;client_id=5;clients=50
1779647244686,PUT,118,4,benchKey_24_99,bytes=30;client_id=24;clients=50
1779647244688,PUT,118,4,benchKey_23_98,bytes=30;client_id=23;clients=50
1779647244688,PUT,117,4,benchKey_37_98,bytes=30;client_id=37;clients=50
1779647244688,PUT,117,4,benchKey_42_98,bytes=30;client_id=42;clients=50
1779647244688,PUT,118,4,benchKey_17_98,bytes=30;client_id=17;clients=50
1779647244690,PUT,117,4,benchKey_39_98,bytes=30;client_id=39;clients=50
1779647244697,PUT,101,4,benchKey_7_98,bytes=29;client_id=7;clients=50
1779647244697,PUT,103,4,benchKey_31_98,bytes=30;client_id=31;clients=50
1779647244698,PUT,102,4,benchKey_43_98,bytes=30;client_id=43;clients=50
1779647244700,PUT,104,4,benchKey_36_98,bytes=30;client_id=36;clients=50
1779647244701,PUT,101,4,benchKey_19_98,bytes=30;client_id=19;clients=50
1779647244705,PUT,105,4,benchKey_1_98,bytes=29;client_id=1;clients=50
1779647244705,PUT,105,4,benchKey_28_99,bytes=30;client_id=28;clients=50
1779647244705,PUT,105,4,benchKey_29_99,bytes=30;client_id=29;clients=50
1779647244705,PUT,105,4,benchKey_26_99,bytes=30;client_id=26;clients=50
1779647244705,PUT,105,4,benchKey_9_98,bytes=29;client_id=9;clients=50
1779647244725,PUT,115,4,benchKey_13_98,bytes=30;client_id=13;clients=50
1779647244726,PUT,113,4,benchKey_2_99,bytes=29;client_id=2;clients=50
1779647244726,PUT,116,4,benchKey_3_99,bytes=29;client_id=3;clients=50
1779647244727,PUT,115,4,benchKey_14_98,bytes=30;client_id=14;clients=50
1779647244729,PUT,116,4,benchKey_44_99,bytes=30;client_id=44;clients=50
1779647244732,PUT,116,4,benchKey_12_99,bytes=30;client_id=12;clients=50
1779647244734,PUT,120,4,benchKey_47_99,bytes=30;client_id=47;clients=50
1779647244733,PUT,116,4,benchKey_35_99,bytes=30;client_id=35;clients=50
1779647244734,PUT,117,4,benchKey_46_98,bytes=30;client_id=46;clients=50
1779647244733,PUT,117,4,benchKey_27_98,bytes=30;client_id=27;clients=50
1779647244740,PUT,102,4,benchKey_40_99,bytes=30;client_id=40;clients=50
1779647244741,PUT,102,4,benchKey_30_99,bytes=30;client_id=30;clients=50
1779647244741,PUT,102,4,benchKey_48_99,bytes=30;client_id=48;clients=50
1779647244743,PUT,104,4,benchKey_15_99,bytes=30;client_id=15;clients=50
1779647244748,PUT,105,4,benchKey_6_99,bytes=29;client_id=6;clients=50
1779647244750,PUT,107,4,benchKey_41_99,bytes=30;client_id=41;clients=50
1779647244750,PUT,105,4,benchKey_22_99,bytes=30;client_id=22;clients=50
1779647244751,PUT,107,4,benchKey_16_99,bytes=30;client_id=16;clients=50
1779647244751,PUT,107,4,benchKey_32_99,bytes=30;client_id=32;clients=50
1779647244752,PUT,108,4,benchKey_33_99,bytes=30;client_id=33;clients=50
1779647244767,PUT,114,4,benchKey_11_99,bytes=30;client_id=11;clients=50
1779647244768,PUT,112,4,benchKey_21_99,bytes=30;client_id=21;clients=50
1779647244768,PUT,116,4,benchKey_0_99,bytes=29;client_id=0;clients=50
1779647244770,PUT,113,4,benchKey_49_99,bytes=30;client_id=49;clients=50
1779647244771,PUT,110,4,benchKey_10_99,bytes=30;client_id=10;clients=50
1779647244774,PUT,113,4,benchKey_4_99,bytes=29;client_id=4;clients=50
1779647244775,PUT,114,4,benchKey_8_99,bytes=29;client_id=8;clients=50
1779647244777,PUT,115,4,benchKey_20_99,bytes=30;client_id=20;clients=50
1779647244778,PUT,96,4,benchKey_38_99,bytes=30;client_id=38;clients=50
1779647244778,PUT,95,4,benchKey_25_99,bytes=30;client_id=25;clients=50
1779647244782,PUT,98,4,benchKey_5_99,bytes=29;client_id=5;clients=50
1779647244783,PUT,95,4,benchKey_37_99,bytes=30;client_id=37;clients=50
1779647244783,PUT,95,4,benchKey_23_99,bytes=30;client_id=23;clients=50
1779647244785,PUT,96,4,benchKey_42_99,bytes=30;client_id=42;clients=50
1779647244791,PUT,102,4,benchKey_17_99,bytes=30;client_id=17;clients=50
1779647244793,PUT,96,4,benchKey_7_99,bytes=29;client_id=7;clients=50
1779647244794,PUT,95,4,benchKey_43_99,bytes=30;client_id=43;clients=50
1779647244794,PUT,103,4,benchKey_39_99,bytes=30;client_id=39;clients=50
1779647244794,PUT,94,4,benchKey_36_99,bytes=30;client_id=36;clients=50
1779647244795,PUT,97,4,benchKey_31_99,bytes=30;client_id=31;clients=50
1779647244811,PUT,110,4,benchKey_19_99,bytes=30;client_id=19;clients=50
1779647244812,PUT,106,4,benchKey_1_99,bytes=29;client_id=1;clients=50
1779647244812,PUT,105,4,benchKey_9_99,bytes=29;client_id=9;clients=50
1779647244813,PUT,87,4,benchKey_13_99,bytes=30;client_id=13;clients=50
1779647244814,PUT,86,4,benchKey_14_99,bytes=30;client_id=14;clients=50
1779647244856,PUT,121,4,benchKey_46_99,bytes=30;client_id=46;clients=50
1779647244859,PUT,122,4,benchKey_27_99,bytes=30;client_id=27;clients=50
1779647245964,DATA_SKEW_BEFORE,0,0,,node=8007;keys_count=118
1779647246007,DATA_SKEW_BEFORE,0,0,,node=8006;keys_count=117
1779647246048,DATA_SKEW_BEFORE,0,0,,node=8012;keys_count=119
1779647246091,DATA_SKEW_BEFORE,0,0,,node=8016;keys_count=119
1779647246133,DATA_SKEW_BEFORE,0,0,,node=8037;keys_count=116
1779647246175,DATA_SKEW_BEFORE,0,0,,node=8034;keys_count=125
1779647246218,DATA_SKEW_BEFORE,0,0,,node=8021;keys_count=122
1779647246260,DATA_SKEW_BEFORE,0,0,,node=8027;keys_count=127
1779647246302,DATA_SKEW_BEFORE,0,0,,node=8010;keys_count=122
1779647246345,DATA_SKEW_BEFORE,0,0,,node=8025;keys_count=123
1779647246388,DATA_SKEW_BEFORE,0,0,,node=8032;keys_count=130
1779647246429,DATA_SKEW_BEFORE,0,0,,node=8008;keys_count=119
1779647246472,DATA_SKEW_BEFORE,0,0,,node=8039;keys_count=116
1779647246515,DATA_SKEW_BEFORE,0,0,,node=8031;keys_count=120
1779647246558,DATA_SKEW_BEFORE,0,0,,node=8024;keys_count=117
1779647246601,DATA_SKEW_BEFORE,0,0,,node=8028;keys_count=121
1779647246644,DATA_SKEW_BEFORE,0,0,,node=8026;keys_count=121
1779647246686,DATA_SKEW_BEFORE,0,0,,node=8017;keys_count=119
1779647246730,DATA_SKEW_BEFORE,0,0,,node=8011;keys_count=112
1779647246774,DATA_SKEW_BEFORE,0,0,,node=8004;keys_count=115
1779647246818,DATA_SKEW_BEFORE,0,0,,node=8040;keys_count=118
1779647246860,DATA_SKEW_BEFORE,0,0,,node=8023;keys_count=127
1779647246903,DATA_SKEW_BEFORE,0,0,,node=8013;keys_count=116
1779647246946,DATA_SKEW_BEFORE,0,0,,node=8003;keys_count=117
1779647246988,DATA_SKEW_BEFORE,0,0,,node=8020;keys_count=112
1779647247029,DATA_SKEW_BEFORE,0,0,,node=8018;keys_count=119
1779647247071,DATA_SKEW_BEFORE,0,0,,node=8033;keys_count=109
1779647247116,DATA_SKEW_BEFORE,0,0,,node=8014;keys_count=126
1779647247160,DATA_SKEW_BEFORE,0,0,,node=8029;keys_count=116
1779647247206,DATA_SKEW_BEFORE,0,0,,node=8019;keys_count=117
1779647247250,DATA_SKEW_BEFORE,0,0,,node=8002;keys_count=109
1779647247292,DATA_SKEW_BEFORE,0,0,,node=8005;keys_count=121
1779647247334,DATA_SKEW_BEFORE,0,0,,node=8036;keys_count=121
1779647247377,DATA_SKEW_BEFORE,0,0,,node=8035;keys_count=111
1779647247419,DATA_SKEW_BEFORE,0,0,,node=8009;keys_count=108
1779647247461,DATA_SKEW_BEFORE,0,0,,node=8038;keys_count=103
1779647247504,DATA_SKEW_BEFORE,0,0,,node=8001;keys_count=103
1779647247546,DATA_SKEW_BEFORE,0,0,,node=8022;keys_count=95
1779647247590,DATA_SKEW_BEFORE,0,0,,node=8030;keys_count=100
1779647247632,DATA_SKEW_BEFORE,0,0,,node=8015;keys_count=120
1779647262281,NODE_TIMEOUT,0,0,,node=127.0.0.1:8040
1779647265693,TRANSFER_BATCH,0,1,,source=8015;dest=8014;keys=8;bytes=512
1779647265779,TRANSFER_BATCH,0,1,,source=8015;dest=8013;keys=3;bytes=192
1779647265863,TRANSFER_BATCH,0,1,,source=8015;dest=8019;keys=3;bytes=192
1779647265947,TRANSFER_BATCH,0,1,,source=8015;dest=8017;keys=8;bytes=512
1779647266032,TRANSFER_BATCH,0,1,,source=8015;dest=8016;keys=2;bytes=128
1779647266116,TRANSFER_BATCH,0,1,,source=8015;dest=8023;keys=8;bytes=512
1779647266202,TRANSFER_BATCH,0,1,,source=8015;dest=8022;keys=3;bytes=192
1779647266286,TRANSFER_BATCH,0,1,,source=8015;dest=8020;keys=9;bytes=576
1779647266370,TRANSFER_BATCH,0,1,,source=8015;dest=8026;keys=4;bytes=256
1779647266455,TRANSFER_BATCH,0,1,,source=8015;dest=8025;keys=2;bytes=128
1779647266539,TRANSFER_BATCH,0,1,,source=8015;dest=8002;keys=6;bytes=384
1779647266624,TRANSFER_BATCH,0,1,,source=8015;dest=8001;keys=5;bytes=320
1779647266707,TRANSFER_BATCH,0,1,,source=8015;dest=8007;keys=1;bytes=64
1779647266792,TRANSFER_BATCH,0,1,,source=8015;dest=8005;keys=7;bytes=448
1779647266877,TRANSFER_BATCH,0,1,,source=8015;dest=8004;keys=6;bytes=384
1779647266962,TRANSFER_BATCH,0,1,,source=8015;dest=8011;keys=4;bytes=256
1779647267054,TRANSFER_BATCH,0,1,,source=8015;dest=8010;keys=1;bytes=64
1779647267139,TRANSFER_BATCH,0,1,,source=8015;dest=8009;keys=1;bytes=64
1779647267223,TRANSFER_BATCH,0,1,,source=8015;dest=8008;keys=6;bytes=384
1779647267307,TRANSFER_BATCH,0,1,,source=8015;dest=8031;keys=2;bytes=128
1779647267391,TRANSFER_BATCH,0,1,,source=8015;dest=8029;keys=5;bytes=320
1779647267477,TRANSFER_BATCH,0,1,,source=8015;dest=8028;keys=3;bytes=192
1779647267562,TRANSFER_BATCH,0,1,,source=8015;dest=8035;keys=1;bytes=64
1779647267649,TRANSFER_BATCH,0,1,,source=8015;dest=8034;keys=5;bytes=320
1779647267736,TRANSFER_BATCH,0,1,,source=8015;dest=8033;keys=4;bytes=256
1779647267822,TRANSFER_BATCH,0,1,,source=8015;dest=8032;keys=1;bytes=64
1779647267905,TRANSFER_BATCH,0,1,,source=8015;dest=8038;keys=6;bytes=384
1779647267989,TRANSFER_BATCH,0,1,,source=8015;dest=8037;keys=6;bytes=384
1779647268075,TRANSFER_BATCH,0,1,,source=8014;dest=8015;keys=1;bytes=64
1779647268160,TRANSFER_BATCH,0,1,,source=8014;dest=8013;keys=9;bytes=576
1779647268243,TRANSFER_BATCH,0,1,,source=8014;dest=8012;keys=3;bytes=192
1779647268329,TRANSFER_BATCH,0,1,,source=8014;dest=8019;keys=8;bytes=512
1779647268415,TRANSFER_BATCH,0,1,,source=8014;dest=8018;keys=2;bytes=128
1779647268499,TRANSFER_BATCH,0,1,,source=8014;dest=8017;keys=1;bytes=64
1779647268584,TRANSFER_BATCH,0,1,,source=8014;dest=8016;keys=9;bytes=576
1779647268667,TRANSFER_BATCH,0,1,,source=8014;dest=8023;keys=1;bytes=64
1779647268752,TRANSFER_BATCH,0,1,,source=8014;dest=8022;keys=9;bytes=576
1779647268837,TRANSFER_BATCH,0,1,,source=8014;dest=8021;keys=3;bytes=192
1779647268921,TRANSFER_BATCH,0,1,,source=8014;dest=8020;keys=1;bytes=64
1779647269006,TRANSFER_BATCH,0,1,,source=8014;dest=8027;keys=2;bytes=128
1779647269091,TRANSFER_BATCH,0,1,,source=8014;dest=8026;keys=1;bytes=64
1779647269175,TRANSFER_BATCH,0,1,,source=8014;dest=8025;keys=6;bytes=384
1779647269260,TRANSFER_BATCH,0,1,,source=8014;dest=8024;keys=2;bytes=128
1779647269344,TRANSFER_BATCH,0,1,,source=8014;dest=8003;keys=4;bytes=256
1779647269427,TRANSFER_BATCH,0,1,,source=8014;dest=8001;keys=8;bytes=512
1779647269510,TRANSFER_BATCH,0,1,,source=8014;dest=8007;keys=7;bytes=448
1779647269595,TRANSFER_BATCH,0,1,,source=8014;dest=8004;keys=8;bytes=512
1779647269681,TRANSFER_BATCH,0,1,,source=8014;dest=8010;keys=4;bytes=256
1779647269768,TRANSFER_BATCH,0,1,,source=8014;dest=8009;keys=1;bytes=64
1779647269852,TRANSFER_BATCH,0,1,,source=8014;dest=8031;keys=1;bytes=64
1779647269936,TRANSFER_BATCH,0,1,,source=8014;dest=8030;keys=1;bytes=64
1779647270021,TRANSFER_BATCH,0,1,,source=8014;dest=8029;keys=1;bytes=64
1779647270105,TRANSFER_BATCH,0,1,,source=8014;dest=8028;keys=5;bytes=320
1779647270187,TRANSFER_BATCH,0,1,,source=8014;dest=8034;keys=3;bytes=192
1779647270271,TRANSFER_BATCH,0,1,,source=8014;dest=8033;keys=4;bytes=256
1779647270358,TRANSFER_BATCH,0,1,,source=8014;dest=8032;keys=4;bytes=256
1779647270442,TRANSFER_BATCH,0,1,,source=8014;dest=8039;keys=4;bytes=256
1779647270529,TRANSFER_BATCH,0,1,,source=8014;dest=8037;keys=8;bytes=512
1779647270614,TRANSFER_BATCH,0,1,,source=8014;dest=8036;keys=5;bytes=320
1779647270700,TRANSFER_BATCH,0,1,,source=8013;dest=8015;keys=7;bytes=448
1779647270785,TRANSFER_BATCH,0,1,,source=8013;dest=8014;keys=1;bytes=64
1779647270870,TRANSFER_BATCH,0,1,,source=8013;dest=8012;keys=7;bytes=448
1779647270954,TRANSFER_BATCH,0,1,,source=8013;dest=8019;keys=2;bytes=128
1779647271042,TRANSFER_BATCH,0,1,,source=8013;dest=8018;keys=7;bytes=448
1779647271126,TRANSFER_BATCH,0,1,,source=8013;dest=8017;keys=1;bytes=64
1779647271212,TRANSFER_BATCH,0,1,,source=8013;dest=8016;keys=2;bytes=128
1779647271296,TRANSFER_BATCH,0,1,,source=8013;dest=8023;keys=1;bytes=64
1779647271382,TRANSFER_BATCH,0,1,,source=8013;dest=8022;keys=2;bytes=128
1779647271466,TRANSFER_BATCH,0,1,,source=8013;dest=8021;keys=8;bytes=512
1779647271551,TRANSFER_BATCH,0,1,,source=8013;dest=8020;keys=1;bytes=64
1779647271634,TRANSFER_BATCH,0,1,,source=8013;dest=8027;keys=4;bytes=256
1779647271720,TRANSFER_BATCH,0,1,,source=8013;dest=8026;keys=1;bytes=64
1779647271806,TRANSFER_BATCH,0,1,,source=8013;dest=8025;keys=2;bytes=128
1779647271891,TRANSFER_BATCH,0,1,,source=8013;dest=8024;keys=4;bytes=256
1779647271977,TRANSFER_BATCH,0,1,,source=8013;dest=8003;keys=10;bytes=640
1779647272060,TRANSFER_BATCH,0,1,,source=8013;dest=8002;keys=2;bytes=128
1779647272145,TRANSFER_BATCH,0,1,,source=8013;dest=8006;keys=8;bytes=512
1779647272229,TRANSFER_BATCH,0,1,,source=8013;dest=8011;keys=3;bytes=192
1779647272312,TRANSFER_BATCH,0,1,,source=8013;dest=8009;keys=5;bytes=320
1779647272398,TRANSFER_BATCH,0,1,,source=8013;dest=8008;keys=1;bytes=64
1779647272481,TRANSFER_BATCH,0,1,,source=8013;dest=8031;keys=4;bytes=256
1779647272567,TRANSFER_BATCH,0,1,,source=8013;dest=8030;keys=1;bytes=64
1779647272652,TRANSFER_BATCH,0,1,,source=8013;dest=8028;keys=2;bytes=128
1779647272739,TRANSFER_BATCH,0,1,,source=8013;dest=8035;keys=3;bytes=192
1779647272822,TRANSFER_BATCH,0,1,,source=8013;dest=8033;keys=4;bytes=256
1779647272906,TRANSFER_BATCH,0,1,,source=8013;dest=8032;keys=2;bytes=128
1779647272990,TRANSFER_BATCH,0,1,,source=8013;dest=8039;keys=9;bytes=576
1779647273074,TRANSFER_BATCH,0,1,,source=8013;dest=8038;keys=2;bytes=128
1779647273160,TRANSFER_BATCH,0,1,,source=8013;dest=8036;keys=10;bytes=640
1779647273254,TRANSFER_BATCH,0,1,,source=8012;dest=8015;keys=3;bytes=192
1779647273336,TRANSFER_BATCH,0,1,,source=8012;dest=8014;keys=6;bytes=384
1779647273421,TRANSFER_BATCH,0,1,,source=8012;dest=8013;keys=1;bytes=64
1779647273505,TRANSFER_BATCH,0,1,,source=8012;dest=8019;keys=2;bytes=128
1779647273589,TRANSFER_BATCH,0,1,,source=8012;dest=8018;keys=3;bytes=192
1779647273674,TRANSFER_BATCH,0,1,,source=8012;dest=8017;keys=7;bytes=448
1779647273758,TRANSFER_BATCH,0,1,,source=8012;dest=8016;keys=1;bytes=64
1779647273842,TRANSFER_BATCH,0,1,,source=8012;dest=8023;keys=4;bytes=256
1779647273927,TRANSFER_BATCH,0,1,,source=8012;dest=8022;keys=1;bytes=64
1779647274011,TRANSFER_BATCH,0,1,,source=8012;dest=8021;keys=3;bytes=192
1779647274097,TRANSFER_BATCH,0,1,,source=8012;dest=8020;keys=7;bytes=448
1779647274181,TRANSFER_BATCH,0,1,,source=8012;dest=8027;keys=3;bytes=192
1779647274267,TRANSFER_BATCH,0,1,,source=8012;dest=8026;keys=3;bytes=192
1779647274352,TRANSFER_BATCH,0,1,,source=8012;dest=8025;keys=1;bytes=64
1779647274437,TRANSFER_BATCH,0,1,,source=8012;dest=8024;keys=3;bytes=192
1779647274521,TRANSFER_BATCH,0,1,,source=8012;dest=8002;keys=11;bytes=704
1779647274606,TRANSFER_BATCH,0,1,,source=8012;dest=8001;keys=1;bytes=64
1779647274691,TRANSFER_BATCH,0,1,,source=8012;dest=8007;keys=1;bytes=64
1779647274775,TRANSFER_BATCH,0,1,,source=8012;dest=8005;keys=9;bytes=576
1779647274859,TRANSFER_BATCH,0,1,,source=8012;dest=8011;keys=6;bytes=384
1779647274945,TRANSFER_BATCH,0,1,,source=8012;dest=8010;keys=2;bytes=128
1779647275029,TRANSFER_BATCH,0,1,,source=8012;dest=8008;keys=5;bytes=320
1779647275113,TRANSFER_BATCH,0,1,,source=8012;dest=8031;keys=1;bytes=64
1779647275197,TRANSFER_BATCH,0,1,,source=8012;dest=8030;keys=4;bytes=256
1779647275281,TRANSFER_BATCH,0,1,,source=8012;dest=8029;keys=1;bytes=64
1779647275366,TRANSFER_BATCH,0,1,,source=8012;dest=8028;keys=1;bytes=64
1779647275448,TRANSFER_BATCH,0,1,,source=8012;dest=8035;keys=10;bytes=640
1779647275532,TRANSFER_BATCH,0,1,,source=8012;dest=8034;keys=1;bytes=64
1779647275617,TRANSFER_BATCH,0,1,,source=8012;dest=8033;keys=1;bytes=64
1779647275700,TRANSFER_BATCH,0,1,,source=8012;dest=8032;keys=6;bytes=384
1779647275785,TRANSFER_BATCH,0,1,,source=8012;dest=8038;keys=10;bytes=640
1779647275870,TRANSFER_BATCH,0,1,,source=8012;dest=8037;keys=1;bytes=64
1779647275954,TRANSFER_BATCH,0,1,,source=8019;dest=8015;keys=1;bytes=64
1779647276038,TRANSFER_BATCH,0,1,,source=8019;dest=8014;keys=4;bytes=256
1779647276121,TRANSFER_BATCH,0,1,,source=8019;dest=8013;keys=1;bytes=64
1779647276205,TRANSFER_BATCH,0,1,,source=8019;dest=8012;keys=1;bytes=64
1779647276289,TRANSFER_BATCH,0,1,,source=8019;dest=8018;keys=4;bytes=256
1779647276374,TRANSFER_BATCH,0,1,,source=8019;dest=8017;keys=5;bytes=320
1779647276456,TRANSFER_BATCH,0,1,,source=8019;dest=8016;keys=1;bytes=64
1779647276541,TRANSFER_BATCH,0,1,,source=8019;dest=8023;keys=6;bytes=384
1779647276628,TRANSFER_BATCH,0,1,,source=8019;dest=8022;keys=1;bytes=64
1779647276712,TRANSFER_BATCH,0,1,,source=8019;dest=8021;keys=5;bytes=320
1779647276796,TRANSFER_BATCH,0,1,,source=8019;dest=8020;keys=6;bytes=384
1779647276880,TRANSFER_BATCH,0,1,,source=8019;dest=8027;keys=5;bytes=320
1779647276964,TRANSFER_BATCH,0,1,,source=8019;dest=8026;keys=2;bytes=128
1779647277047,TRANSFER_BATCH,0,1,,source=8019;dest=8025;keys=1;bytes=64
1779647277132,TRANSFER_BATCH,0,1,,source=8019;dest=8024;keys=5;bytes=320
1779647277216,TRANSFER_BATCH,0,1,,source=8019;dest=8002;keys=10;bytes=640
1779647277301,TRANSFER_BATCH,0,1,,source=8019;dest=8006;keys=1;bytes=64
1779647277386,TRANSFER_BATCH,0,1,,source=8019;dest=8005;keys=11;bytes=704
1779647277471,TRANSFER_BATCH,0,1,,source=8019;dest=8004;keys=1;bytes=64
1779647277555,TRANSFER_BATCH,0,1,,source=8019;dest=8011;keys=5;bytes=320
1779647277638,TRANSFER_BATCH,0,1,,source=8019;dest=8009;keys=1;bytes=64
1779647277721,TRANSFER_BATCH,0,1,,source=8019;dest=8008;keys=10;bytes=640
1779647277805,TRANSFER_BATCH,0,1,,source=8019;dest=8030;keys=4;bytes=256
1779647277892,TRANSFER_BATCH,0,1,,source=8019;dest=8029;keys=2;bytes=128
1779647277975,TRANSFER_BATCH,0,1,,source=8019;dest=8035;keys=1;bytes=64
1779647278058,TRANSFER_BATCH,0,1,,source=8019;dest=8033;keys=8;bytes=512
1779647278143,TRANSFER_BATCH,0,1,,source=8019;dest=8032;keys=2;bytes=128
1779647278227,TRANSFER_BATCH,0,1,,source=8019;dest=8038;keys=7;bytes=448
1779647278311,TRANSFER_BATCH,0,1,,source=8019;dest=8036;keys=4;bytes=256
1779647278396,TRANSFER_BATCH,0,1,,source=8018;dest=8014;keys=2;bytes=128
1779647278482,TRANSFER_BATCH,0,1,,source=8018;dest=8013;keys=3;bytes=192
1779647278566,TRANSFER_BATCH,0,1,,source=8018;dest=8012;keys=1;bytes=64
1779647278653,TRANSFER_BATCH,0,1,,source=8018;dest=8019;keys=5;bytes=320
1779647278737,TRANSFER_BATCH,0,1,,source=8018;dest=8017;keys=6;bytes=384
1779647278821,TRANSFER_BATCH,0,1,,source=8018;dest=8016;keys=4;bytes=256
1779647278905,TRANSFER_BATCH,0,1,,source=8018;dest=8023;keys=6;bytes=384
1779647278989,TRANSFER_BATCH,0,1,,source=8018;dest=8022;keys=5;bytes=320
1779647279073,TRANSFER_BATCH,0,1,,source=8018;dest=8020;keys=6;bytes=384
1779647279156,TRANSFER_BATCH,0,1,,source=8018;dest=8026;keys=6;bytes=384
1779647279240,TRANSFER_BATCH,0,1,,source=8018;dest=8025;keys=2;bytes=128
1779647279323,TRANSFER_BATCH,0,1,,source=8018;dest=8002;keys=3;bytes=192
1779647279406,TRANSFER_BATCH,0,1,,source=8018;dest=8001;keys=9;bytes=576
1779647279489,TRANSFER_BATCH,0,1,,source=8018;dest=8007;keys=9;bytes=576
1779647279573,TRANSFER_BATCH,0,1,,source=8018;dest=8005;keys=3;bytes=192
1779647279655,TRANSFER_BATCH,0,1,,source=8018;dest=8004;keys=10;bytes=640
1779647279739,TRANSFER_BATCH,0,1,,source=8018;dest=8011;keys=3;bytes=192
1779647279823,TRANSFER_BATCH,0,1,,source=8018;dest=8010;keys=4;bytes=256
1779647279908,TRANSFER_BATCH,0,1,,source=8018;dest=8008;keys=3;bytes=192
1779647279991,TRANSFER_BATCH,0,1,,source=8018;dest=8031;keys=2;bytes=128
1779647280076,TRANSFER_BATCH,0,1,,source=8018;dest=8029;keys=4;bytes=256
1779647280160,TRANSFER_BATCH,0,1,,source=8018;dest=8028;keys=2;bytes=128
1779647280244,TRANSFER_BATCH,0,1,,source=8018;dest=8035;keys=4;bytes=256
1779647280330,TRANSFER_BATCH,0,1,,source=8018;dest=8034;keys=1;bytes=64
1779647280413,TRANSFER_BATCH,0,1,,source=8018;dest=8032;keys=8;bytes=512
1779647280496,TRANSFER_BATCH,0,1,,source=8018;dest=8037;keys=6;bytes=384
1779647280579,TRANSFER_BATCH,0,1,,source=8018;dest=8036;keys=1;bytes=64
1779647280666,TRANSFER_BATCH,0,1,,source=8017;dest=8015;keys=3;bytes=192
1779647280749,TRANSFER_BATCH,0,1,,source=8017;dest=8013;keys=3;bytes=192
1779647280834,TRANSFER_BATCH,0,1,,source=8017;dest=8012;keys=2;bytes=128
1779647280919,TRANSFER_BATCH,0,1,,source=8017;dest=8019;keys=7;bytes=448
1779647281003,TRANSFER_BATCH,0,1,,source=8017;dest=8018;keys=4;bytes=256
1779647281089,TRANSFER_BATCH,0,1,,source=8017;dest=8016;keys=7;bytes=448
1779647281175,TRANSFER_BATCH,0,1,,source=8017;dest=8022;keys=8;bytes=512
1779647281259,TRANSFER_BATCH,0,1,,source=8017;dest=8021;keys=4;bytes=256
1779647281343,TRANSFER_BATCH,0,1,,source=8017;dest=8027;keys=2;bytes=128
1779647281430,TRANSFER_BATCH,0,1,,source=8017;dest=8025;keys=7;bytes=448
1779647281516,TRANSFER_BATCH,0,1,,source=8017;dest=8024;keys=2;bytes=128
1779647281601,TRANSFER_BATCH,0,1,,source=8017;dest=8003;keys=8;bytes=512
1779647281684,TRANSFER_BATCH,0,1,,source=8017;dest=8001;keys=5;bytes=320
1779647281769,TRANSFER_BATCH,0,1,,source=8017;dest=8007;keys=4;bytes=256
1779647281855,TRANSFER_BATCH,0,1,,source=8017;dest=8006;keys=8;bytes=512
1779647281940,TRANSFER_BATCH,0,1,,source=8017;dest=8004;keys=4;bytes=256
1779647282027,TRANSFER_BATCH,0,1,,source=8017;dest=8011;keys=1;bytes=64
1779647282113,TRANSFER_BATCH,0,1,,source=8017;dest=8010;keys=4;bytes=256
1779647282197,TRANSFER_BATCH,0,1,,source=8017;dest=8009;keys=2;bytes=128
1779647282281,TRANSFER_BATCH,0,1,,source=8017;dest=8031;keys=7;bytes=448
1779647282365,TRANSFER_BATCH,0,1,,source=8017;dest=8030;keys=3;bytes=192
1779647282451,TRANSFER_BATCH,0,1,,source=8017;dest=8028;keys=4;bytes=256
1779647282535,TRANSFER_BATCH,0,1,,source=8017;dest=8035;keys=2;bytes=128
1779647282620,TRANSFER_BATCH,0,1,,source=8017;dest=8034;keys=3;bytes=192
1779647282703,TRANSFER_BATCH,0,1,,source=8017;dest=8033;keys=1;bytes=64
1779647282788,TRANSFER_BATCH,0,1,,source=8017;dest=8039;keys=7;bytes=448
1779647282873,TRANSFER_BATCH,0,1,,source=8017;dest=8038;keys=1;bytes=64
1779647282957,TRANSFER_BATCH,0,1,,source=8017;dest=8036;keys=5;bytes=320
1779647283051,TRANSFER_BATCH,0,1,,source=8016;dest=8015;keys=8;bytes=512
1779647283135,TRANSFER_BATCH,0,1,,source=8016;dest=8014;keys=3;bytes=192
1779647283221,TRANSFER_BATCH,0,1,,source=8016;dest=8012;keys=4;bytes=256
1779647283304,TRANSFER_BATCH,0,1,,source=8016;dest=8018;keys=8;bytes=512
1779647283389,TRANSFER_BATCH,0,1,,source=8016;dest=8017;keys=2;bytes=128
1779647283473,TRANSFER_BATCH,0,1,,source=8016;dest=8023;keys=2;bytes=128
1779647283556,TRANSFER_BATCH,0,1,,source=8016;dest=8022;keys=1;bytes=64
1779647283641,TRANSFER_BATCH,0,1,,source=8016;dest=8021;keys=8;bytes=512
1779647283724,TRANSFER_BATCH,0,1,,source=8016;dest=8020;keys=4;bytes=256
1779647283808,TRANSFER_BATCH,0,1,,source=8016;dest=8027;keys=4;bytes=256
1779647283892,TRANSFER_BATCH,0,1,,source=8016;dest=8026;keys=2;bytes=128
1779647283977,TRANSFER_BATCH,0,1,,source=8016;dest=8024;keys=8;bytes=512
1779647284063,TRANSFER_BATCH,0,1,,source=8016;dest=8003;keys=5;bytes=320
1779647284150,TRANSFER_BATCH,0,1,,source=8016;dest=8002;keys=7;bytes=448
1779647284238,TRANSFER_BATCH,0,1,,source=8016;dest=8006;keys=6;bytes=384
1779647284323,TRANSFER_BATCH,0,1,,source=8016;dest=8005;keys=7;bytes=448
1779647284407,TRANSFER_BATCH,0,1,,source=8016;dest=8011;keys=1;bytes=64
1779647284492,TRANSFER_BATCH,0,1,,source=8016;dest=8010;keys=1;bytes=64
1779647284579,TRANSFER_BATCH,0,1,,source=8016;dest=8009;keys=5;bytes=320
1779647284663,TRANSFER_BATCH,0,1,,source=8016;dest=8008;keys=1;bytes=64
1779647284749,TRANSFER_BATCH,0,1,,source=8016;dest=8030;keys=6;bytes=384
1779647284834,TRANSFER_BATCH,0,1,,source=8016;dest=8029;keys=3;bytes=192
1779647284918,TRANSFER_BATCH,0,1,,source=8016;dest=8035;keys=5;bytes=320
1779647285004,TRANSFER_BATCH,0,1,,source=8016;dest=8034;keys=3;bytes=192
1779647285090,TRANSFER_BATCH,0,1,,source=8016;dest=8033;keys=2;bytes=128
1779647285176,TRANSFER_BATCH,0,1,,source=8016;dest=8032;keys=1;bytes=64
1779647285260,TRANSFER_BATCH,0,1,,source=8016;dest=8039;keys=5;bytes=320
1779647285346,TRANSFER_BATCH,0,1,,source=8016;dest=8038;keys=6;bytes=384
1779647285432,TRANSFER_BATCH,0,1,,source=8023;dest=8015;keys=5;bytes=320
1779647285516,TRANSFER_BATCH,0,1,,source=8023;dest=8012;keys=9;bytes=576
1779647285604,TRANSFER_BATCH,0,1,,source=8023;dest=8018;keys=9;bytes=576
1779647285687,TRANSFER_BATCH,0,1,,source=8023;dest=8017;keys=1;bytes=64
1779647285772,TRANSFER_BATCH,0,1,,source=8023;dest=8022;keys=1;bytes=64
1779647285859,TRANSFER_BATCH,0,1,,source=8023;dest=8021;keys=8;bytes=512
1779647285944,TRANSFER_BATCH,0,1,,source=8023;dest=8020;keys=1;bytes=64
1779647286033,TRANSFER_BATCH,0,1,,source=8023;dest=8027;keys=9;bytes=576
1779647286120,TRANSFER_BATCH,0,1,,source=8023;dest=8026;keys=3;bytes=192
1779647286207,TRANSFER_BATCH,0,1,,source=8023;dest=8025;keys=2;bytes=128
1779647286292,TRANSFER_BATCH,0,1,,source=8023;dest=8024;keys=8;bytes=512
1779647286377,TRANSFER_BATCH,0,1,,source=8023;dest=8003;keys=4;bytes=256
1779647286462,TRANSFER_BATCH,0,1,,source=8023;dest=8002;keys=5;bytes=320
1779647286548,TRANSFER_BATCH,0,1,,source=8023;dest=8001;keys=4;bytes=256
1779647286634,TRANSFER_BATCH,0,1,,source=8023;dest=8006;keys=8;bytes=512
1779647286719,TRANSFER_BATCH,0,1,,source=8023;dest=8005;keys=4;bytes=256
1779647286803,TRANSFER_BATCH,0,1,,source=8023;dest=8010;keys=1;bytes=64
1779647286886,TRANSFER_BATCH,0,1,,source=8023;dest=8009;keys=8;bytes=512
1779647286972,TRANSFER_BATCH,0,1,,source=8023;dest=8008;keys=4;bytes=256
1779647287055,TRANSFER_BATCH,0,1,,source=8023;dest=8031;keys=1;bytes=64
1779647287140,TRANSFER_BATCH,0,1,,source=8023;dest=8030;keys=5;bytes=320
1779647287223,TRANSFER_BATCH,0,1,,source=8023;dest=8029;keys=2;bytes=128
1779647287306,TRANSFER_BATCH,0,1,,source=8023;dest=8028;keys=1;bytes=64
1779647287392,TRANSFER_BATCH,0,1,,source=8023;dest=8035;keys=1;bytes=64
1779647287476,TRANSFER_BATCH,0,1,,source=8023;dest=8034;keys=1;bytes=64
1779647287560,TRANSFER_BATCH,0,1,,source=8023;dest=8033;keys=5;bytes=320
1779647287646,TRANSFER_BATCH,0,1,,source=8023;dest=8032;keys=2;bytes=128
1779647287729,TRANSFER_BATCH,0,1,,source=8023;dest=8039;keys=2;bytes=128
1779647287813,TRANSFER_BATCH,0,1,,source=8023;dest=8038;keys=1;bytes=64
1779647287898,TRANSFER_BATCH,0,1,,source=8023;dest=8037;keys=5;bytes=320
1779647287983,TRANSFER_BATCH,0,1,,source=8023;dest=8036;keys=5;bytes=320
1779647288073,TRANSFER_BATCH,0,1,,source=8022;dest=8015;keys=1;bytes=64
1779647288159,TRANSFER_BATCH,0,1,,source=8022;dest=8014;keys=5;bytes=320
1779647288244,TRANSFER_BATCH,0,1,,source=8022;dest=8019;keys=1;bytes=64
1779647288330,TRANSFER_BATCH,0,1,,source=8022;dest=8017;keys=5;bytes=320
1779647288415,TRANSFER_BATCH,0,1,,source=8022;dest=8016;keys=1;bytes=64
1779647288501,TRANSFER_BATCH,0,1,,source=8022;dest=8023;keys=8;bytes=512
1779647288586,TRANSFER_BATCH,0,1,,source=8022;dest=8021;keys=1;bytes=64
1779647288672,TRANSFER_BATCH,0,1,,source=8022;dest=8020;keys=4;bytes=256
1779647288759,TRANSFER_BATCH,0,1,,source=8022;dest=8027;keys=2;bytes=128
1779647288844,TRANSFER_BATCH,0,1,,source=8022;dest=8026;keys=8;bytes=512
1779647288928,TRANSFER_BATCH,0,1,,source=8022;dest=8025;keys=1;bytes=64
1779647289015,TRANSFER_BATCH,0,1,,source=8022;dest=8002;keys=5;bytes=320
1779647289100,TRANSFER_BATCH,0,1,,source=8022;dest=8001;keys=2;bytes=128
1779647289185,TRANSFER_BATCH,0,1,,source=8022;dest=8007;keys=3;bytes=192
1779647289269,TRANSFER_BATCH,0,1,,source=8022;dest=8005;keys=5;bytes=320
1779647289354,TRANSFER_BATCH,0,1,,source=8022;dest=8004;keys=2;bytes=128
1779647289437,TRANSFER_BATCH,0,1,,source=8022;dest=8011;keys=8;bytes=512
1779647289522,TRANSFER_BATCH,0,1,,source=8022;dest=8008;keys=9;bytes=576
1779647289607,TRANSFER_BATCH,0,1,,source=8022;dest=8031;keys=1;bytes=64
1779647289693,TRANSFER_BATCH,0,1,,source=8022;dest=8030;keys=2;bytes=128
1779647289778,TRANSFER_BATCH,0,1,,source=8022;dest=8029;keys=4;bytes=256
1779647289863,TRANSFER_BATCH,0,1,,source=8022;dest=8035;keys=4;bytes=256
1779647289947,TRANSFER_BATCH,0,1,,source=8022;dest=8033;keys=2;bytes=128
1779647290032,TRANSFER_BATCH,0,1,,source=8022;dest=8032;keys=4;bytes=256
1779647290116,TRANSFER_BATCH,0,1,,source=8022;dest=8039;keys=1;bytes=64
1779647290202,TRANSFER_BATCH,0,1,,source=8022;dest=8038;keys=2;bytes=128
1779647290287,TRANSFER_BATCH,0,1,,source=8022;dest=8036;keys=2;bytes=128
1779647290386,TRANSFER_BATCH,0,1,,source=8021;dest=8015;keys=1;bytes=64
1779647290469,TRANSFER_BATCH,0,1,,source=8021;dest=8013;keys=7;bytes=448
1779647290554,TRANSFER_BATCH,0,1,,source=8021;dest=8019;keys=6;bytes=384
1779647290644,TRANSFER_BATCH,0,1,,source=8021;dest=8018;keys=1;bytes=64
1779647290727,TRANSFER_BATCH,0,1,,source=8021;dest=8016;keys=6;bytes=384
1779647290811,TRANSFER_BATCH,0,1,,source=8021;dest=8023;keys=4;bytes=256
1779647290896,TRANSFER_BATCH,0,1,,source=8021;dest=8022;keys=7;bytes=448
1779647290982,TRANSFER_BATCH,0,1,,source=8021;dest=8020;keys=5;bytes=320
1779647291068,TRANSFER_BATCH,0,1,,source=8021;dest=8027;keys=1;bytes=64
1779647291152,TRANSFER_BATCH,0,1,,source=8021;dest=8026;keys=3;bytes=192
1779647291237,TRANSFER_BATCH,0,1,,source=8021;dest=8025;keys=7;bytes=448
1779647291320,TRANSFER_BATCH,0,1,,source=8021;dest=8024;keys=2;bytes=128
1779647291405,TRANSFER_BATCH,0,1,,source=8021;dest=8003;keys=1;bytes=64
1779647291490,TRANSFER_BATCH,0,1,,source=8021;dest=8001;keys=6;bytes=384
1779647291576,TRANSFER_BATCH,0,1,,source=8021;dest=8007;keys=10;bytes=640
1779647291665,TRANSFER_BATCH,0,1,,source=8021;dest=8006;keys=1;bytes=64
1779647291752,TRANSFER_BATCH,0,1,,source=8021;dest=8004;keys=10;bytes=640
1779647291836,TRANSFER_BATCH,0,1,,source=8021;dest=8010;keys=10;bytes=640
1779647291920,TRANSFER_BATCH,0,1,,source=8021;dest=8008;keys=1;bytes=64
1779647292005,TRANSFER_BATCH,0,1,,source=8021;dest=8031;keys=3;bytes=192
1779647292090,TRANSFER_BATCH,0,1,,source=8021;dest=8030;keys=1;bytes=64
1779647292175,TRANSFER_BATCH,0,1,,source=8021;dest=8029;keys=3;bytes=192
1779647292259,TRANSFER_BATCH,0,1,,source=8021;dest=8028;keys=4;bytes=256
1779647292344,TRANSFER_BATCH,0,1,,source=8021;dest=8035;keys=7;bytes=448
1779647292428,TRANSFER_BATCH,0,1,,source=8021;dest=8034;keys=3;bytes=192
1779647292514,TRANSFER_BATCH,0,1,,source=8021;dest=8032;keys=3;bytes=192
1779647292598,TRANSFER_BATCH,0,1,,source=8021;dest=8039;keys=2;bytes=128
1779647292682,TRANSFER_BATCH,0,1,,source=8021;dest=8038;keys=4;bytes=256
1779647292769,TRANSFER_BATCH,0,1,,source=8021;dest=8037;keys=2;bytes=128
1779647292853,TRANSFER_BATCH,0,1,,source=8020;dest=8015;keys=5;bytes=320
1779647292939,TRANSFER_BATCH,0,1,,source=8020;dest=8014;keys=2;bytes=128
1779647293023,TRANSFER_BATCH,0,1,,source=8020;dest=8013;keys=1;bytes=64
1779647293107,TRANSFER_BATCH,0,1,,source=8020;dest=8012;keys=5;bytes=320
1779647293191,TRANSFER_BATCH,0,1,,source=8020;dest=8019;keys=4;bytes=256
1779647293277,TRANSFER_BATCH,0,1,,source=8020;dest=8018;keys=5;bytes=320
1779647293363,TRANSFER_BATCH,0,1,,source=8020;dest=8017;keys=1;bytes=64
1779647293449,TRANSFER_BATCH,0,1,,source=8020;dest=8023;keys=1;bytes=64
1779647293532,TRANSFER_BATCH,0,1,,source=8020;dest=8022;keys=4;bytes=256
1779647293621,TRANSFER_BATCH,0,1,,source=8020;dest=8021;keys=5;bytes=320
1779647293706,TRANSFER_BATCH,0,1,,source=8020;dest=8027;keys=2;bytes=128
1779647293793,TRANSFER_BATCH,0,1,,source=8020;dest=8026;keys=1;bytes=64
1779647293878,TRANSFER_BATCH,0,1,,source=8020;dest=8025;keys=4;bytes=256
1779647293963,TRANSFER_BATCH,0,1,,source=8020;dest=8024;keys=6;bytes=384
1779647294051,TRANSFER_BATCH,0,1,,source=8020;dest=8003;keys=10;bytes=640
1779647294136,TRANSFER_BATCH,0,1,,source=8020;dest=8006;keys=10;bytes=640
1779647294224,TRANSFER_BATCH,0,1,,source=8020;dest=8005;keys=1;bytes=64
1779647294307,TRANSFER_BATCH,0,1,,source=8020;dest=8009;keys=10;bytes=640
1779647294391,TRANSFER_BATCH,0,1,,source=8020;dest=8031;keys=4;bytes=256
1779647294474,TRANSFER_BATCH,0,1,,source=8020;dest=8030;keys=2;bytes=128
1779647294559,TRANSFER_BATCH,0,1,,source=8020;dest=8029;keys=2;bytes=128
1779647294643,TRANSFER_BATCH,0,1,,source=8020;dest=8028;keys=4;bytes=256
1779647294730,TRANSFER_BATCH,0,1,,source=8020;dest=8034;keys=8;bytes=512
1779647294815,TRANSFER_BATCH,0,1,,source=8020;dest=8033;keys=2;bytes=128
1779647294900,TRANSFER_BATCH,0,1,,source=8020;dest=8039;keys=6;bytes=384
1779647294983,TRANSFER_BATCH,0,1,,source=8020;dest=8037;keys=5;bytes=320
1779647295067,TRANSFER_BATCH,0,1,,source=8020;dest=8036;keys=1;bytes=64
1779647295160,TRANSFER_BATCH,0,1,,source=8027;dest=8015;keys=4;bytes=256
1779647295247,TRANSFER_BATCH,0,1,,source=8027;dest=8013;keys=3;bytes=192
1779647295335,TRANSFER_BATCH,0,1,,source=8027;dest=8012;keys=9;bytes=576
1779647295419,TRANSFER_BATCH,0,1,,source=8027;dest=8019;keys=3;bytes=192
1779647295504,TRANSFER_BATCH,0,1,,source=8027;dest=8018;keys=4;bytes=256
1779647295589,TRANSFER_BATCH,0,1,,source=8027;dest=8016;keys=3;bytes=192
1779647295674,TRANSFER_BATCH,0,1,,source=8027;dest=8022;keys=7;bytes=448
1779647295759,TRANSFER_BATCH,0,1,,source=8027;dest=8021;keys=4;bytes=256
1779647295843,TRANSFER_BATCH,0,1,,source=8027;dest=8020;keys=1;bytes=64
1779647295929,TRANSFER_BATCH,0,1,,source=8027;dest=8025;keys=6;bytes=384
1779647296013,TRANSFER_BATCH,0,1,,source=8027;dest=8024;keys=5;bytes=320
1779647296100,TRANSFER_BATCH,0,1,,source=8027;dest=8003;keys=2;bytes=128
1779647296186,TRANSFER_BATCH,0,1,,source=8027;dest=8002;keys=2;bytes=128
1779647296270,TRANSFER_BATCH,0,1,,source=8027;dest=8001;keys=8;bytes=512
1779647296356,TRANSFER_BATCH,0,1,,source=8027;dest=8007;keys=1;bytes=64
1779647296440,TRANSFER_BATCH,0,1,,source=8027;dest=8006;keys=7;bytes=448
1779647296525,TRANSFER_BATCH,0,1,,source=8027;dest=8005;keys=2;bytes=128
1779647296609,TRANSFER_BATCH,0,1,,source=8027;dest=8004;keys=4;bytes=256
1779647296695,TRANSFER_BATCH,0,1,,source=8027;dest=8010;keys=3;bytes=192
1779647296780,TRANSFER_BATCH,0,1,,source=8027;dest=8009;keys=9;bytes=576
1779647296865,TRANSFER_BATCH,0,1,,source=8027;dest=8008;keys=1;bytes=64
1779647296952,TRANSFER_BATCH,0,1,,source=8027;dest=8031;keys=6;bytes=384
1779647297037,TRANSFER_BATCH,0,1,,source=8027;dest=8030;keys=2;bytes=128
1779647297121,TRANSFER_BATCH,0,1,,source=8027;dest=8029;keys=1;bytes=64
1779647297204,TRANSFER_BATCH,0,1,,source=8027;dest=8028;keys=6;bytes=384
1779647297288,TRANSFER_BATCH,0,1,,source=8027;dest=8034;keys=4;bytes=256
1779647297371,TRANSFER_BATCH,0,1,,source=8027;dest=8033;keys=2;bytes=128
1779647297455,TRANSFER_BATCH,0,1,,source=8027;dest=8032;keys=1;bytes=64
1779647297539,TRANSFER_BATCH,0,1,,source=8027;dest=8039;keys=1;bytes=64
1779647297625,TRANSFER_BATCH,0,1,,source=8027;dest=8037;keys=8;bytes=512
1779647297708,TRANSFER_BATCH,0,1,,source=8027;dest=8036;keys=3;bytes=192
1779647297794,TRANSFER_BATCH,0,1,,source=8026;dest=8015;keys=4;bytes=256
1779647297879,TRANSFER_BATCH,0,1,,source=8026;dest=8014;keys=2;bytes=128
1779647297965,TRANSFER_BATCH,0,1,,source=8026;dest=8012;keys=4;bytes=256
1779647298051,TRANSFER_BATCH,0,1,,source=8026;dest=8018;keys=5;bytes=320
1779647298135,TRANSFER_BATCH,0,1,,source=8026;dest=8017;keys=2;bytes=128
1779647298222,TRANSFER_BATCH,0,1,,source=8026;dest=8016;keys=1;bytes=64
1779647298306,TRANSFER_BATCH,0,1,,source=8026;dest=8023;keys=4;bytes=256
1779647298391,TRANSFER_BATCH,0,1,,source=8026;dest=8022;keys=1;bytes=64
1779647298474,TRANSFER_BATCH,0,1,,source=8026;dest=8021;keys=8;bytes=512
1779647298559,TRANSFER_BATCH,0,1,,source=8026;dest=8020;keys=2;bytes=128
1779647298645,TRANSFER_BATCH,0,1,,source=8026;dest=8027;keys=7;bytes=448
1779647298731,TRANSFER_BATCH,0,1,,source=8026;dest=8025;keys=1;bytes=64
1779647298815,TRANSFER_BATCH,0,1,,source=8026;dest=8024;keys=7;bytes=448
1779647298903,TRANSFER_BATCH,0,1,,source=8026;dest=8003;keys=3;bytes=192
1779647298987,TRANSFER_BATCH,0,1,,source=8026;dest=8002;keys=1;bytes=64
1779647299072,TRANSFER_BATCH,0,1,,source=8026;dest=8001;keys=2;bytes=128
1779647299157,TRANSFER_BATCH,0,1,,source=8026;dest=8007;keys=1;bytes=64
1779647299240,TRANSFER_BATCH,0,1,,source=8026;dest=8006;keys=1;bytes=64
1779647299325,TRANSFER_BATCH,0,1,,source=8026;dest=8005;keys=5;bytes=320
1779647299411,TRANSFER_BATCH,0,1,,source=8026;dest=8004;keys=2;bytes=128
1779647299495,TRANSFER_BATCH,0,1,,source=8026;dest=8011;keys=8;bytes=512
1779647299579,TRANSFER_BATCH,0,1,,source=8026;dest=8009;keys=4;bytes=256
1779647299664,TRANSFER_BATCH,0,1,,source=8026;dest=8008;keys=8;bytes=512
1779647299748,TRANSFER_BATCH,0,1,,source=8026;dest=8031;keys=1;bytes=64
1779647299834,TRANSFER_BATCH,0,1,,source=8026;dest=8030;keys=7;bytes=448
1779647299920,TRANSFER_BATCH,0,1,,source=8026;dest=8029;keys=2;bytes=128
1779647300004,TRANSFER_BATCH,0,1,,source=8026;dest=8035;keys=3;bytes=192
1779647300088,TRANSFER_BATCH,0,1,,source=8026;dest=8033;keys=4;bytes=256
1779647300173,TRANSFER_BATCH,0,1,,source=8026;dest=8032;keys=2;bytes=128
1779647300257,TRANSFER_BATCH,0,1,,source=8026;dest=8039;keys=7;bytes=448
1779647300340,TRANSFER_BATCH,0,1,,source=8026;dest=8038;keys=1;bytes=64
1779647300425,TRANSFER_BATCH,0,1,,source=8026;dest=8036;keys=7;bytes=448
1779647300522,TRANSFER_BATCH,0,1,,source=8025;dest=8014;keys=5;bytes=320
1779647300606,TRANSFER_BATCH,0,1,,source=8025;dest=8013;keys=1;bytes=64
1779647300693,TRANSFER_BATCH,0,1,,source=8025;dest=8019;keys=1;bytes=64
1779647300778,TRANSFER_BATCH,0,1,,source=8025;dest=8018;keys=1;bytes=64
1779647300863,TRANSFER_BATCH,0,1,,source=8025;dest=8017;keys=6;bytes=384
1779647300946,TRANSFER_BATCH,0,1,,source=8025;dest=8016;keys=1;bytes=64
1779647301030,TRANSFER_BATCH,0,1,,source=8025;dest=8023;keys=8;bytes=512
1779647301115,TRANSFER_BATCH,0,1,,source=8025;dest=8022;keys=3;bytes=192
1779647301199,TRANSFER_BATCH,0,1,,source=8025;dest=8021;keys=1;bytes=64
1779647301284,TRANSFER_BATCH,0,1,,source=8025;dest=8020;keys=9;bytes=576
1779647301369,TRANSFER_BATCH,0,1,,source=8025;dest=8026;keys=8;bytes=512
1779647301453,TRANSFER_BATCH,0,1,,source=8025;dest=8003;keys=3;bytes=192
1779647301536,TRANSFER_BATCH,0,1,,source=8025;dest=8002;keys=2;bytes=128
1779647301621,TRANSFER_BATCH,0,1,,source=8025;dest=8001;keys=1;bytes=64
1779647301705,TRANSFER_BATCH,0,1,,source=8025;dest=8007;keys=7;bytes=448
1779647301790,TRANSFER_BATCH,0,1,,source=8025;dest=8006;keys=1;bytes=64
1779647301876,TRANSFER_BATCH,0,1,,source=8025;dest=8005;keys=1;bytes=64
1779647301961,TRANSFER_BATCH,0,1,,source=8025;dest=8004;keys=5;bytes=320
1779647302050,TRANSFER_BATCH,0,1,,source=8025;dest=8011;keys=6;bytes=384
1779647302135,TRANSFER_BATCH,0,1,,source=8025;dest=8010;keys=8;bytes=512
1779647302222,TRANSFER_BATCH,0,1,,source=8025;dest=8008;keys=5;bytes=320
1779647302306,TRANSFER_BATCH,0,1,,source=8025;dest=8031;keys=2;bytes=128
1779647302393,TRANSFER_BATCH,0,1,,source=8025;dest=8030;keys=1;bytes=64
1779647302477,TRANSFER_BATCH,0,1,,source=8025;dest=8029;keys=8;bytes=512
1779647302561,TRANSFER_BATCH,0,1,,source=8025;dest=8028;keys=2;bytes=128
1779647302646,TRANSFER_BATCH,0,1,,source=8025;dest=8035;keys=6;bytes=384
1779647302734,TRANSFER_BATCH,0,1,,source=8025;dest=8034;keys=3;bytes=192
1779647302819,TRANSFER_BATCH,0,1,,source=8025;dest=8032;keys=4;bytes=256
1779647302904,TRANSFER_BATCH,0,1,,source=8025;dest=8039;keys=3;bytes=192
1779647302991,TRANSFER_BATCH,0,1,,source=8025;dest=8038;keys=6;bytes=384
1779647303074,TRANSFER_BATCH,0,1,,source=8025;dest=8037;keys=1;bytes=64
1779647303160,TRANSFER_BATCH,0,1,,source=8024;dest=8013;keys=6;bytes=384
1779647303245,TRANSFER_BATCH,0,1,,source=8024;dest=8012;keys=1;bytes=64
1779647303332,TRANSFER_BATCH,0,1,,source=8024;dest=8019;keys=9;bytes=576
1779647303417,TRANSFER_BATCH,0,1,,source=8024;dest=8018;keys=1;bytes=64
1779647303501,TRANSFER_BATCH,0,1,,source=8024;dest=8016;keys=5;bytes=320
1779647303588,TRANSFER_BATCH,0,1,,source=8024;dest=8022;keys=8;bytes=512
1779647303673,TRANSFER_BATCH,0,1,,source=8024;dest=8021;keys=1;bytes=64
1779647303757,TRANSFER_BATCH,0,1,,source=8024;dest=8020;keys=1;bytes=64
1779647303841,TRANSFER_BATCH,0,1,,source=8024;dest=8027;keys=2;bytes=128
1779647303927,TRANSFER_BATCH,0,1,,source=8024;dest=8025;keys=9;bytes=576
1779647304011,TRANSFER_BATCH,0,1,,source=8024;dest=8003;keys=6;bytes=384
1779647304095,TRANSFER_BATCH,0,1,,source=8024;dest=8002;keys=4;bytes=256
1779647304179,TRANSFER_BATCH,0,1,,source=8024;dest=8001;keys=1;bytes=64
1779647304263,TRANSFER_BATCH,0,1,,source=8024;dest=8007;keys=6;bytes=384
1779647304346,TRANSFER_BATCH,0,1,,source=8024;dest=8006;keys=5;bytes=320
1779647304429,TRANSFER_BATCH,0,1,,source=8024;dest=8005;keys=1;bytes=64
1779647304513,TRANSFER_BATCH,0,1,,source=8024;dest=8004;keys=2;bytes=128
1779647304599,TRANSFER_BATCH,0,1,,source=8024;dest=8010;keys=7;bytes=448
1779647304684,TRANSFER_BATCH,0,1,,source=8024;dest=8009;keys=5;bytes=320
1779647304768,TRANSFER_BATCH,0,1,,source=8024;dest=8031;keys=4;bytes=256
1779647304852,TRANSFER_BATCH,0,1,,source=8024;dest=8030;keys=2;bytes=128
1779647304939,TRANSFER_BATCH,0,1,,source=8024;dest=8028;keys=8;bytes=512
1779647305025,TRANSFER_BATCH,0,1,,source=8024;dest=8035;keys=1;bytes=64
1779647305112,TRANSFER_BATCH,0,1,,source=8024;dest=8034;keys=5;bytes=320
1779647305194,TRANSFER_BATCH,0,1,,source=8024;dest=8033;keys=2;bytes=128
1779647305278,TRANSFER_BATCH,0,1,,source=8024;dest=8039;keys=1;bytes=64
1779647305362,TRANSFER_BATCH,0,1,,source=8024;dest=8038;keys=4;bytes=256
1779647305446,TRANSFER_BATCH,0,1,,source=8024;dest=8037;keys=5;bytes=320
1779647305530,TRANSFER_BATCH,0,1,,source=8024;dest=8036;keys=2;bytes=128
1779647305615,TRANSFER_BATCH,0,1,,source=8003;dest=8015;keys=7;bytes=448
1779647305700,TRANSFER_BATCH,0,1,,source=8003;dest=8014;keys=1;bytes=64
1779647305783,TRANSFER_BATCH,0,1,,source=8003;dest=8013;keys=3;bytes=192
1779647305867,TRANSFER_BATCH,0,1,,source=8003;dest=8012;keys=6;bytes=384
1779647305951,TRANSFER_BATCH,0,1,,source=8003;dest=8019;keys=3;bytes=192
1779647306035,TRANSFER_BATCH,0,1,,source=8003;dest=8018;keys=3;bytes=192
1779647306124,TRANSFER_BATCH,0,1,,source=8003;dest=8017;keys=1;bytes=64
1779647306208,TRANSFER_BATCH,0,1,,source=8003;dest=8016;keys=3;bytes=192
1779647306291,TRANSFER_BATCH,0,1,,source=8003;dest=8023;keys=1;bytes=64
1779647306375,TRANSFER_BATCH,0,1,,source=8003;dest=8021;keys=2;bytes=128
1779647306460,TRANSFER_BATCH,0,1,,source=8003;dest=8020;keys=5;bytes=320
1779647306543,TRANSFER_BATCH,0,1,,source=8003;dest=8027;keys=6;bytes=384
1779647306627,TRANSFER_BATCH,0,1,,source=8003;dest=8026;keys=1;bytes=64
1779647306711,TRANSFER_BATCH,0,1,,source=8003;dest=8024;keys=5;bytes=320
1779647306795,TRANSFER_BATCH,0,1,,source=8003;dest=8002;keys=2;bytes=128
1779647306881,TRANSFER_BATCH,0,1,,source=8003;dest=8006;keys=6;bytes=384
1779647306966,TRANSFER_BATCH,0,1,,source=8003;dest=8005;keys=3;bytes=192
1779647307050,TRANSFER_BATCH,0,1,,source=8003;dest=8004;keys=1;bytes=64
1779647307135,TRANSFER_BATCH,0,1,,source=8003;dest=8011;keys=1;bytes=64
1779647307220,TRANSFER_BATCH,0,1,,source=8003;dest=8010;keys=3;bytes=192
1779647307306,TRANSFER_BATCH,0,1,,source=8003;dest=8009;keys=6;bytes=384
1779647307391,TRANSFER_BATCH,0,1,,source=8003;dest=8008;keys=1;bytes=64
1779647307474,TRANSFER_BATCH,0,1,,source=8003;dest=8030;keys=10;bytes=640
1779647307559,TRANSFER_BATCH,0,1,,source=8003;dest=8029;keys=2;bytes=128
1779647307643,TRANSFER_BATCH,0,1,,source=8003;dest=8028;keys=1;bytes=64
1779647307728,TRANSFER_BATCH,0,1,,source=8003;dest=8035;keys=1;bytes=64
1779647307813,TRANSFER_BATCH,0,1,,source=8003;dest=8033;keys=10;bytes=640
1779647307897,TRANSFER_BATCH,0,1,,source=8003;dest=8032;keys=1;bytes=64
1779647307981,TRANSFER_BATCH,0,1,,source=8003;dest=8039;keys=8;bytes=512
1779647308067,TRANSFER_BATCH,0,1,,source=8003;dest=8038;keys=1;bytes=64
1779647308149,TRANSFER_BATCH,0,1,,source=8003;dest=8036;keys=9;bytes=576
1779647308234,TRANSFER_BATCH,0,1,,source=8002;dest=8015;keys=4;bytes=256
1779647308318,TRANSFER_BATCH,0,1,,source=8002;dest=8014;keys=6;bytes=384
1779647308402,TRANSFER_BATCH,0,1,,source=8002;dest=8013;keys=2;bytes=128
1779647308487,TRANSFER_BATCH,0,1,,source=8002;dest=8012;keys=4;bytes=256
1779647308571,TRANSFER_BATCH,0,1,,source=8002;dest=8019;keys=5;bytes=320
1779647308655,TRANSFER_BATCH,0,1,,source=8002;dest=8018;keys=4;bytes=256
1779647308741,TRANSFER_BATCH,0,1,,source=8002;dest=8017;keys=2;bytes=128
1779647308825,TRANSFER_BATCH,0,1,,source=8002;dest=8016;keys=1;bytes=64
1779647308908,TRANSFER_BATCH,0,1,,source=8002;dest=8023;keys=6;bytes=384
1779647308992,TRANSFER_BATCH,0,1,,source=8002;dest=8020;keys=2;bytes=128
1779647309076,TRANSFER_BATCH,0,1,,source=8002;dest=8026;keys=5;bytes=320
1779647309160,TRANSFER_BATCH,0,1,,source=8002;dest=8001;keys=2;bytes=128
1779647309244,TRANSFER_BATCH,0,1,,source=8002;dest=8007;keys=1;bytes=64
1779647309330,TRANSFER_BATCH,0,1,,source=8002;dest=8005;keys=5;bytes=320
1779647309413,TRANSFER_BATCH,0,1,,source=8002;dest=8004;keys=2;bytes=128
1779647309497,TRANSFER_BATCH,0,1,,source=8002;dest=8011;keys=5;bytes=320
1779647309581,TRANSFER_BATCH,0,1,,source=8002;dest=8010;keys=2;bytes=128
1779647309666,TRANSFER_BATCH,0,1,,source=8002;dest=8009;keys=2;bytes=128
1779647309751,TRANSFER_BATCH,0,1,,source=8002;dest=8008;keys=5;bytes=320
1779647309836,TRANSFER_BATCH,0,1,,source=8002;dest=8029;keys=10;bytes=640
1779647309921,TRANSFER_BATCH,0,1,,source=8002;dest=8035;keys=9;bytes=576
1779647310003,TRANSFER_BATCH,0,1,,source=8002;dest=8034;keys=1;bytes=64
1779647310088,TRANSFER_BATCH,0,1,,source=8002;dest=8032;keys=10;bytes=640
1779647310171,TRANSFER_BATCH,0,1,,source=8002;dest=8038;keys=8;bytes=512
1779647310257,TRANSFER_BATCH,0,1,,source=8002;dest=8037;keys=2;bytes=128
1779647310344,TRANSFER_BATCH,0,1,,source=8001;dest=8014;keys=5;bytes=320
1779647310429,TRANSFER_BATCH,0,1,,source=8001;dest=8013;keys=6;bytes=384
1779647310513,TRANSFER_BATCH,0,1,,source=8001;dest=8012;keys=1;bytes=64
1779647310598,TRANSFER_BATCH,0,1,,source=8001;dest=8019;keys=5;bytes=320
1779647310684,TRANSFER_BATCH,0,1,,source=8001;dest=8018;keys=3;bytes=192
1779647310768,TRANSFER_BATCH,0,1,,source=8001;dest=8017;keys=4;bytes=256
1779647310852,TRANSFER_BATCH,0,1,,source=8001;dest=8016;keys=2;bytes=128
1779647310937,TRANSFER_BATCH,0,1,,source=8001;dest=8022;keys=7;bytes=448
1779647311021,TRANSFER_BATCH,0,1,,source=8001;dest=8025;keys=5;bytes=320
1779647311105,TRANSFER_BATCH,0,1,,source=8001;dest=8003;keys=1;bytes=64
1779647311189,TRANSFER_BATCH,0,1,,source=8001;dest=8002;keys=2;bytes=128
1779647311271,TRANSFER_BATCH,0,1,,source=8001;dest=8007;keys=5;bytes=320
1779647311357,TRANSFER_BATCH,0,1,,source=8001;dest=8006;keys=1;bytes=64
1779647311439,TRANSFER_BATCH,0,1,,source=8001;dest=8005;keys=1;bytes=64
1779647311524,TRANSFER_BATCH,0,1,,source=8001;dest=8004;keys=5;bytes=320
1779647311609,TRANSFER_BATCH,0,1,,source=8001;dest=8011;keys=1;bytes=64
1779647311694,TRANSFER_BATCH,0,1,,source=8001;dest=8010;keys=5;bytes=320
1779647311777,TRANSFER_BATCH,0,1,,source=8001;dest=8009;keys=2;bytes=128
1779647311863,TRANSFER_BATCH,0,1,,source=8001;dest=8008;keys=1;bytes=64
1779647311947,TRANSFER_BATCH,0,1,,source=8001;dest=8031;keys=9;bytes=576
1779647312033,TRANSFER_BATCH,0,1,,source=8001;dest=8028;keys=6;bytes=384
1779647312118,TRANSFER_BATCH,0,1,,source=8001;dest=8034;keys=10;bytes=640
1779647312203,TRANSFER_BATCH,0,1,,source=8001;dest=8039;keys=1;bytes=64
1779647312288,TRANSFER_BATCH,0,1,,source=8001;dest=8038;keys=1;bytes=64
1779647312372,TRANSFER_BATCH,0,1,,source=8001;dest=8037;keys=8;bytes=512
1779647312456,TRANSFER_BATCH,0,1,,source=8001;dest=8036;keys=1;bytes=64
1779647312553,TRANSFER_BATCH,0,1,,source=8007;dest=8015;keys=4;bytes=256
1779647312637,TRANSFER_BATCH,0,1,,source=8007;dest=8013;keys=8;bytes=512
1779647312721,TRANSFER_BATCH,0,1,,source=8007;dest=8012;keys=2;bytes=128
1779647312805,TRANSFER_BATCH,0,1,,source=8007;dest=8019;keys=8;bytes=512
1779647312889,TRANSFER_BATCH,0,1,,source=8007;dest=8018;keys=2;bytes=128
1779647312973,TRANSFER_BATCH,0,1,,source=8007;dest=8016;keys=8;bytes=512
1779647313056,TRANSFER_BATCH,0,1,,source=8007;dest=8022;keys=4;bytes=256
1779647313140,TRANSFER_BATCH,0,1,,source=8007;dest=8021;keys=2;bytes=128
1779647313225,TRANSFER_BATCH,0,1,,source=8007;dest=8027;keys=5;bytes=320
1779647313309,TRANSFER_BATCH,0,1,,source=8007;dest=8025;keys=2;bytes=128
1779647313395,TRANSFER_BATCH,0,1,,source=8007;dest=8024;keys=7;bytes=448
1779647313481,TRANSFER_BATCH,0,1,,source=8007;dest=8003;keys=1;bytes=64
1779647313564,TRANSFER_BATCH,0,1,,source=8007;dest=8002;keys=1;bytes=64
1779647313649,TRANSFER_BATCH,0,1,,source=8007;dest=8001;keys=5;bytes=320
1779647313734,TRANSFER_BATCH,0,1,,source=8007;dest=8006;keys=2;bytes=128
1779647313818,TRANSFER_BATCH,0,1,,source=8007;dest=8005;keys=1;bytes=64
1779647313903,TRANSFER_BATCH,0,1,,source=8007;dest=8004;keys=4;bytes=256
1779647313988,TRANSFER_BATCH,0,1,,source=8007;dest=8011;keys=1;bytes=64
1779647314072,TRANSFER_BATCH,0,1,,source=8007;dest=8010;keys=8;bytes=512
1779647314155,TRANSFER_BATCH,0,1,,source=8007;dest=8009;keys=3;bytes=192
1779647314241,TRANSFER_BATCH,0,1,,source=8007;dest=8030;keys=6;bytes=384
1779647314324,TRANSFER_BATCH,0,1,,source=8007;dest=8034;keys=5;bytes=320
1779647314408,TRANSFER_BATCH,0,1,,source=8007;dest=8033;keys=6;bytes=384
1779647314493,TRANSFER_BATCH,0,1,,source=8007;dest=8039;keys=6;bytes=384
1779647314576,TRANSFER_BATCH,0,1,,source=8007;dest=8037;keys=5;bytes=320
1779647314660,TRANSFER_BATCH,0,1,,source=8007;dest=8036;keys=7;bytes=448
1779647314756,TRANSFER_BATCH,0,1,,source=8006;dest=8015;keys=8;bytes=512
1779647314841,TRANSFER_BATCH,0,1,,source=8006;dest=8014;keys=3;bytes=192
1779647314925,TRANSFER_BATCH,0,1,,source=8006;dest=8012;keys=8;bytes=512
1779647315010,TRANSFER_BATCH,0,1,,source=8006;dest=8018;keys=8;bytes=512
1779647315094,TRANSFER_BATCH,0,1,,source=8006;dest=8017;keys=2;bytes=128
1779647315179,TRANSFER_BATCH,0,1,,source=8006;dest=8023;keys=7;bytes=448
1779647315263,TRANSFER_BATCH,0,1,,source=8006;dest=8021;keys=4;bytes=256
1779647315347,TRANSFER_BATCH,0,1,,source=8006;dest=8020;keys=2;bytes=128
1779647315433,TRANSFER_BATCH,0,1,,source=8006;dest=8027;keys=1;bytes=64
1779647315517,TRANSFER_BATCH,0,1,,source=8006;dest=8026;keys=5;bytes=320
1779647315603,TRANSFER_BATCH,0,1,,source=8006;dest=8025;keys=1;bytes=64
1779647315687,TRANSFER_BATCH,0,1,,source=8006;dest=8024;keys=1;bytes=64
1779647315773,TRANSFER_BATCH,0,1,,source=8006;dest=8003;keys=5;bytes=320
1779647315858,TRANSFER_BATCH,0,1,,source=8006;dest=8002;keys=1;bytes=64
1779647315942,TRANSFER_BATCH,0,1,,source=8006;dest=8001;keys=1;bytes=64
1779647316025,TRANSFER_BATCH,0,1,,source=8006;dest=8005;keys=2;bytes=128
1779647316109,TRANSFER_BATCH,0,1,,source=8006;dest=8004;keys=2;bytes=128
1779647316193,TRANSFER_BATCH,0,1,,source=8006;dest=8011;keys=2;bytes=128
1779647316277,TRANSFER_BATCH,0,1,,source=8006;dest=8009;keys=8;bytes=512
1779647316361,TRANSFER_BATCH,0,1,,source=8006;dest=8008;keys=2;bytes=128
1779647316444,TRANSFER_BATCH,0,1,,source=8006;dest=8030;keys=1;bytes=64
1779647316529,TRANSFER_BATCH,0,1,,source=8006;dest=8029;keys=5;bytes=320
1779647316616,TRANSFER_BATCH,0,1,,source=8006;dest=8035;keys=5;bytes=320
1779647316702,TRANSFER_BATCH,0,1,,source=8006;dest=8033;keys=6;bytes=384
1779647316786,TRANSFER_BATCH,0,1,,source=8006;dest=8032;keys=5;bytes=320
1779647316870,TRANSFER_BATCH,0,1,,source=8006;dest=8039;keys=6;bytes=384
1779647316954,TRANSFER_BATCH,0,1,,source=8006;dest=8038;keys=5;bytes=320
1779647317039,TRANSFER_BATCH,0,1,,source=8006;dest=8036;keys=6;bytes=384
1779647317122,TRANSFER_BATCH,0,1,,source=8005;dest=8015;keys=1;bytes=64
1779647317207,TRANSFER_BATCH,0,1,,source=8005;dest=8014;keys=8;bytes=512
1779647317292,TRANSFER_BATCH,0,1,,source=8005;dest=8013;keys=2;bytes=128
1779647317377,TRANSFER_BATCH,0,1,,source=8005;dest=8019;keys=3;bytes=192
1779647317460,TRANSFER_BATCH,0,1,,source=8005;dest=8018;keys=1;bytes=64
1779647317544,TRANSFER_BATCH,0,1,,source=8005;dest=8017;keys=9;bytes=576
1779647317630,TRANSFER_BATCH,0,1,,source=8005;dest=8016;keys=2;bytes=128
1779647317713,TRANSFER_BATCH,0,1,,source=8005;dest=8023;keys=1;bytes=64
1779647317798,TRANSFER_BATCH,0,1,,source=8005;dest=8022;keys=7;bytes=448
1779647317883,TRANSFER_BATCH,0,1,,source=8005;dest=8021;keys=1;bytes=64
1779647317966,TRANSFER_BATCH,0,1,,source=8005;dest=8020;keys=5;bytes=320
1779647318050,TRANSFER_BATCH,0,1,,source=8005;dest=8026;keys=3;bytes=192
1779647318134,TRANSFER_BATCH,0,1,,source=8005;dest=8025;keys=4;bytes=256
1779647318218,TRANSFER_BATCH,0,1,,source=8005;dest=8002;keys=6;bytes=384
1779647318301,TRANSFER_BATCH,0,1,,source=8005;dest=8001;keys=1;bytes=64
1779647318388,TRANSFER_BATCH,0,1,,source=8005;dest=8007;keys=3;bytes=192
1779647318473,TRANSFER_BATCH,0,1,,source=8005;dest=8004;keys=2;bytes=128
1779647318556,TRANSFER_BATCH,0,1,,source=8005;dest=8011;keys=8;bytes=512
1779647318641,TRANSFER_BATCH,0,1,,source=8005;dest=8010;keys=1;bytes=64
1779647318724,TRANSFER_BATCH,0,1,,source=8005;dest=8008;keys=8;bytes=512
1779647318808,TRANSFER_BATCH,0,1,,source=8005;dest=8031;keys=5;bytes=320
1779647318893,TRANSFER_BATCH,0,1,,source=8005;dest=8029;keys=3;bytes=192
1779647318977,TRANSFER_BATCH,0,1,,source=8005;dest=8028;keys=4;bytes=256
1779647319063,TRANSFER_BATCH,0,1,,source=8005;dest=8035;keys=8;bytes=512
1779647319146,TRANSFER_BATCH,0,1,,source=8005;dest=8034;keys=4;bytes=256
1779647319230,TRANSFER_BATCH,0,1,,source=8005;dest=8032;keys=6;bytes=384
1779647319315,TRANSFER_BATCH,0,1,,source=8005;dest=8038;keys=7;bytes=448
1779647319398,TRANSFER_BATCH,0,1,,source=8005;dest=8037;keys=3;bytes=192
1779647319494,TRANSFER_BATCH,0,1,,source=8004;dest=8015;keys=2;bytes=128
1779647319578,TRANSFER_BATCH,0,1,,source=8004;dest=8014;keys=2;bytes=128
1779647319664,TRANSFER_BATCH,0,1,,source=8004;dest=8013;keys=7;bytes=448
1779647319747,TRANSFER_BATCH,0,1,,source=8004;dest=8012;keys=1;bytes=64
1779647319832,TRANSFER_BATCH,0,1,,source=8004;dest=8019;keys=4;bytes=256
1779647319918,TRANSFER_BATCH,0,1,,source=8004;dest=8018;keys=1;bytes=64
1779647320001,TRANSFER_BATCH,0,1,,source=8004;dest=8017;keys=2;bytes=128
1779647320086,TRANSFER_BATCH,0,1,,source=8004;dest=8016;keys=8;bytes=512
1779647320171,TRANSFER_BATCH,0,1,,source=8004;dest=8022;keys=1;bytes=64
1779647320256,TRANSFER_BATCH,0,1,,source=8004;dest=8021;keys=5;bytes=320
1779647320340,TRANSFER_BATCH,0,1,,source=8004;dest=8020;keys=2;bytes=128
1779647320423,TRANSFER_BATCH,0,1,,source=8004;dest=8027;keys=2;bytes=128
1779647320508,TRANSFER_BATCH,0,1,,source=8004;dest=8025;keys=4;bytes=256
1779647320593,TRANSFER_BATCH,0,1,,source=8004;dest=8024;keys=2;bytes=128
1779647320678,TRANSFER_BATCH,0,1,,source=8004;dest=8003;keys=2;bytes=128
1779647320763,TRANSFER_BATCH,0,1,,source=8004;dest=8001;keys=8;bytes=512
1779647320848,TRANSFER_BATCH,0,1,,source=8004;dest=8007;keys=7;bytes=448
1779647320932,TRANSFER_BATCH,0,1,,source=8004;dest=8006;keys=2;bytes=128
1779647321018,TRANSFER_BATCH,0,1,,source=8004;dest=8011;keys=2;bytes=128
1779647321100,TRANSFER_BATCH,0,1,,source=8004;dest=8010;keys=7;bytes=448
1779647321185,TRANSFER_BATCH,0,1,,source=8004;dest=8009;keys=1;bytes=64
1779647321270,TRANSFER_BATCH,0,1,,source=8004;dest=8031;keys=9;bytes=576
1779647321354,TRANSFER_BATCH,0,1,,source=8004;dest=8030;keys=3;bytes=192
1779647321439,TRANSFER_BATCH,0,1,,source=8004;dest=8028;keys=4;bytes=256
1779647321524,TRANSFER_BATCH,0,1,,source=8004;dest=8034;keys=9;bytes=576
1779647321608,TRANSFER_BATCH,0,1,,source=8004;dest=8033;keys=2;bytes=128
1779647321693,TRANSFER_BATCH,0,1,,source=8004;dest=8039;keys=2;bytes=128
1779647321778,TRANSFER_BATCH,0,1,,source=8004;dest=8037;keys=8;bytes=512
1779647321861,TRANSFER_BATCH,0,1,,source=8004;dest=8036;keys=2;bytes=128
1779647321945,TRANSFER_BATCH,0,1,,source=8011;dest=8015;keys=1;bytes=64
1779647322030,TRANSFER_BATCH,0,1,,source=8011;dest=8014;keys=4;bytes=256
1779647322113,TRANSFER_BATCH,0,1,,source=8011;dest=8013;keys=6;bytes=384
1779647322197,TRANSFER_BATCH,0,1,,source=8011;dest=8012;keys=1;bytes=64
1779647322282,TRANSFER_BATCH,0,1,,source=8011;dest=8019;keys=6;bytes=384
1779647322367,TRANSFER_BATCH,0,1,,source=8011;dest=8018;keys=1;bytes=64
1779647322451,TRANSFER_BATCH,0,1,,source=8011;dest=8017;keys=4;bytes=256
1779647322537,TRANSFER_BATCH,0,1,,source=8011;dest=8016;keys=5;bytes=320
1779647322621,TRANSFER_BATCH,0,1,,source=8011;dest=8023;keys=4;bytes=256
1779647322706,TRANSFER_BATCH,0,1,,source=8011;dest=8022;keys=2;bytes=128
1779647322790,TRANSFER_BATCH,0,1,,source=8011;dest=8021;keys=1;bytes=64
1779647322874,TRANSFER_BATCH,0,1,,source=8011;dest=8020;keys=4;bytes=256
1779647322958,TRANSFER_BATCH,0,1,,source=8011;dest=8026;keys=4;bytes=256
1779647323043,TRANSFER_BATCH,0,1,,source=8011;dest=8025;keys=2;bytes=128
1779647323128,TRANSFER_BATCH,0,1,,source=8011;dest=8024;keys=2;bytes=128
1779647323216,TRANSFER_BATCH,0,1,,source=8011;dest=8001;keys=10;bytes=640
1779647323300,TRANSFER_BATCH,0,1,,source=8011;dest=8007;keys=4;bytes=256
1779647323385,TRANSFER_BATCH,0,1,,source=8011;dest=8006;keys=1;bytes=64
1779647323468,TRANSFER_BATCH,0,1,,source=8011;dest=8004;keys=9;bytes=576
1779647323553,TRANSFER_BATCH,0,1,,source=8011;dest=8010;keys=5;bytes=320
1779647323637,TRANSFER_BATCH,0,1,,source=8011;dest=8009;keys=3;bytes=192
1779647323721,TRANSFER_BATCH,0,1,,source=8011;dest=8031;keys=5;bytes=320
1779647323805,TRANSFER_BATCH,0,1,,source=8011;dest=8029;keys=4;bytes=256
1779647323889,TRANSFER_BATCH,0,1,,source=8011;dest=8028;keys=2;bytes=128
1779647323974,TRANSFER_BATCH,0,1,,source=8011;dest=8034;keys=10;bytes=640
1779647324058,TRANSFER_BATCH,0,1,,source=8011;dest=8037;keys=11;bytes=704
1779647324151,TRANSFER_BATCH,0,1,,source=8010;dest=8015;keys=5;bytes=320
1779647324234,TRANSFER_BATCH,0,1,,source=8010;dest=8014;keys=1;bytes=64
1779647324320,TRANSFER_BATCH,0,1,,source=8010;dest=8013;keys=5;bytes=320
1779647324403,TRANSFER_BATCH,0,1,,source=8010;dest=8012;keys=6;bytes=384
1779647324488,TRANSFER_BATCH,0,1,,source=8010;dest=8019;keys=5;bytes=320
1779647324574,TRANSFER_BATCH,0,1,,source=8010;dest=8018;keys=6;bytes=384
1779647324658,TRANSFER_BATCH,0,1,,source=8010;dest=8017;keys=1;bytes=64
1779647324742,TRANSFER_BATCH,0,1,,source=8010;dest=8016;keys=5;bytes=320
1779647324829,TRANSFER_BATCH,0,1,,source=8010;dest=8023;keys=1;bytes=64
1779647324913,TRANSFER_BATCH,0,1,,source=8010;dest=8022;keys=5;bytes=320
1779647324996,TRANSFER_BATCH,0,1,,source=8010;dest=8021;keys=3;bytes=192
1779647325079,TRANSFER_BATCH,0,1,,source=8010;dest=8020;keys=1;bytes=64
1779647325164,TRANSFER_BATCH,0,1,,source=8010;dest=8027;keys=4;bytes=256
1779647325248,TRANSFER_BATCH,0,1,,source=8010;dest=8025;keys=4;bytes=256
1779647325333,TRANSFER_BATCH,0,1,,source=8010;dest=8024;keys=2;bytes=128
1779647325418,TRANSFER_BATCH,0,1,,source=8010;dest=8003;keys=9;bytes=576
1779647325501,TRANSFER_BATCH,0,1,,source=8010;dest=8001;keys=1;bytes=64
1779647325586,TRANSFER_BATCH,0,1,,source=8010;dest=8007;keys=1;bytes=64
1779647325670,TRANSFER_BATCH,0,1,,source=8010;dest=8006;keys=4;bytes=256
1779647325754,TRANSFER_BATCH,0,1,,source=8010;dest=8005;keys=1;bytes=64
1779647325837,TRANSFER_BATCH,0,1,,source=8010;dest=8004;keys=1;bytes=64
1779647325921,TRANSFER_BATCH,0,1,,source=8010;dest=8011;keys=1;bytes=64
1779647326005,TRANSFER_BATCH,0,1,,source=8010;dest=8009;keys=5;bytes=320
1779647326090,TRANSFER_BATCH,0,1,,source=8010;dest=8008;keys=3;bytes=192
1779647326173,TRANSFER_BATCH,0,1,,source=8010;dest=8030;keys=5;bytes=320
1779647326257,TRANSFER_BATCH,0,1,,source=8010;dest=8028;keys=4;bytes=256
1779647326339,TRANSFER_BATCH,0,1,,source=8010;dest=8033;keys=10;bytes=640
1779647326427,TRANSFER_BATCH,0,1,,source=8010;dest=8039;keys=10;bytes=640
1779647326513,TRANSFER_BATCH,0,1,,source=8010;dest=8037;keys=1;bytes=64
1779647326597,TRANSFER_BATCH,0,1,,source=8010;dest=8036;keys=11;bytes=704
1779647326681,TRANSFER_BATCH,0,1,,source=8009;dest=8015;keys=6;bytes=384
1779647326764,TRANSFER_BATCH,0,1,,source=8009;dest=8014;keys=5;bytes=320
1779647326849,TRANSFER_BATCH,0,1,,source=8009;dest=8012;keys=2;bytes=128
1779647326933,TRANSFER_BATCH,0,1,,source=8009;dest=8018;keys=6;bytes=384
1779647327018,TRANSFER_BATCH,0,1,,source=8009;dest=8017;keys=5;bytes=320
1779647327102,TRANSFER_BATCH,0,1,,source=8009;dest=8023;keys=2;bytes=128
1779647327186,TRANSFER_BATCH,0,1,,source=8009;dest=8021;keys=6;bytes=384
1779647327271,TRANSFER_BATCH,0,1,,source=8009;dest=8020;keys=3;bytes=192
1779647327355,TRANSFER_BATCH,0,1,,source=8009;dest=8027;keys=1;bytes=64
1779647327439,TRANSFER_BATCH,0,1,,source=8009;dest=8026;keys=4;bytes=256
1779647327522,TRANSFER_BATCH,0,1,,source=8009;dest=8024;keys=4;bytes=256
1779647327608,TRANSFER_BATCH,0,1,,source=8009;dest=8029;keys=6;bytes=384
1779647327692,TRANSFER_BATCH,0,1,,source=8009;dest=8003;keys=3;bytes=192
1779647327780,TRANSFER_BATCH,0,1,,source=8009;dest=8035;keys=10;bytes=640
1779647327864,TRANSFER_BATCH,0,1,,source=8009;dest=8002;keys=8;bytes=512
1779647327948,TRANSFER_BATCH,0,1,,source=8009;dest=8032;keys=7;bytes=448
1779647328034,TRANSFER_BATCH,0,1,,source=8009;dest=8039;keys=3;bytes=192
1779647328118,TRANSFER_BATCH,0,1,,source=8009;dest=8006;keys=2;bytes=128
1779647328202,TRANSFER_BATCH,0,1,,source=8009;dest=8038;keys=9;bytes=576
1779647328286,TRANSFER_BATCH,0,1,,source=8009;dest=8005;keys=4;bytes=256
1779647328370,TRANSFER_BATCH,0,1,,source=8009;dest=8004;keys=1;bytes=64
1779647328454,TRANSFER_BATCH,0,1,,source=8009;dest=8036;keys=1;bytes=64
1779647328540,TRANSFER_BATCH,0,1,,source=8009;dest=8011;keys=4;bytes=256
1779647328623,TRANSFER_BATCH,0,1,,source=8009;dest=8008;keys=4;bytes=256
