timestamp_ms,operation,latency_ms,hop_count,key,extra
1777330819422,JOIN,0,0,,node=127.0.0.1:8003
1777330819444,JOIN,0,0,,node=127.0.0.1:8002
1777330819445,JOIN,0,0,,node=127.0.0.1:8004
1777330819449,JOIN,0,0,,node=127.0.0.1:8001
1777330819484,REBALANCE,55,0,,keys_moved=0
1777330819554,REBALANCE,110,0,,keys_moved=0
1777330819610,REBALANCE,165,0,,keys_moved=0
1777330819666,REBALANCE,217,0,,keys_moved=0
1777330822464,PUT,59,4,benchKey_40_0,bytes=29;client_id=40;clients=50
1777330822485,PUT,85,4,benchKey_26_0,bytes=29;client_id=26;clients=50
1777330822494,PUT,94,4,benchKey_30_0,bytes=29;client_id=30;clients=50
1777330822495,PUT,94,4,benchKey_19_0,bytes=29;client_id=19;clients=50
1777330822497,PUT,96,4,benchKey_23_0,bytes=29;client_id=23;clients=50
1777330822497,PUT,97,4,benchKey_21_0,bytes=29;client_id=21;clients=50
1777330822499,PUT,99,4,benchKey_20_0,bytes=29;client_id=20;clients=50
1777330822501,PUT,100,4,benchKey_3_0,bytes=28;client_id=3;clients=50
1777330822501,PUT,100,4,benchKey_46_0,bytes=29;client_id=46;clients=50
1777330822500,PUT,100,4,benchKey_25_0,bytes=29;client_id=25;clients=50
1777330822503,PUT,103,4,benchKey_17_0,bytes=29;client_id=17;clients=50
1777330822500,PUT,100,4,benchKey_28_0,bytes=29;client_id=28;clients=50
1777330822506,PUT,106,4,benchKey_29_0,bytes=29;client_id=29;clients=50
1777330822505,PUT,105,4,benchKey_4_0,bytes=28;client_id=4;clients=50
1777330822504,PUT,104,4,benchKey_34_0,bytes=29;client_id=34;clients=50
1777330822504,PUT,103,4,benchKey_45_0,bytes=29;client_id=45;clients=50
1777330822504,PUT,102,4,benchKey_37_0,bytes=29;client_id=37;clients=50
1777330822502,PUT,102,4,benchKey_18_0,bytes=29;client_id=18;clients=50
1777330822512,PUT,111,4,benchKey_1_0,bytes=28;client_id=1;clients=50
1777330822502,PUT,101,4,benchKey_47_0,bytes=29;client_id=47;clients=50
1777330822512,PUT,111,4,benchKey_11_0,bytes=29;client_id=11;clients=50
1777330822544,PUT,143,4,benchKey_33_0,bytes=29;client_id=33;clients=50
1777330822548,PUT,149,4,benchKey_24_0,bytes=29;client_id=24;clients=50
1777330822547,PUT,147,4,benchKey_31_0,bytes=29;client_id=31;clients=50
1777330822549,PUT,149,4,benchKey_8_0,bytes=28;client_id=8;clients=50
1777330822556,PUT,155,4,benchKey_48_0,bytes=29;client_id=48;clients=50
1777330822557,PUT,158,4,benchKey_5_0,bytes=28;client_id=5;clients=50
1777330822555,PUT,154,4,benchKey_44_0,bytes=29;client_id=44;clients=50
1777330822558,PUT,158,4,benchKey_14_0,bytes=29;client_id=14;clients=50
1777330822559,PUT,158,4,benchKey_2_0,bytes=28;client_id=2;clients=50
1777330822561,PUT,160,4,benchKey_43_0,bytes=29;client_id=43;clients=50
1777330822552,PUT,151,4,benchKey_49_0,bytes=29;client_id=49;clients=50
1777330822555,PUT,155,4,benchKey_7_0,bytes=28;client_id=7;clients=50
1777330822554,PUT,153,4,benchKey_42_0,bytes=29;client_id=42;clients=50
1777330822560,PUT,160,4,benchKey_16_0,bytes=29;client_id=16;clients=50
1777330822559,PUT,159,4,benchKey_35_0,bytes=29;client_id=35;clients=50
1777330822560,PUT,161,4,benchKey_0_0,bytes=28;client_id=0;clients=50
1777330822560,PUT,160,4,benchKey_10_0,bytes=29;client_id=10;clients=50
1777330822559,PUT,158,4,benchKey_39_0,bytes=29;client_id=39;clients=50
1777330822557,PUT,157,4,benchKey_27_0,bytes=29;client_id=27;clients=50
1777330822557,PUT,156,4,benchKey_22_0,bytes=29;client_id=22;clients=50
1777330822591,PUT,192,4,benchKey_6_0,bytes=28;client_id=6;clients=50
1777330822596,PUT,196,4,benchKey_13_0,bytes=29;client_id=13;clients=50
1777330822599,PUT,199,4,benchKey_15_0,bytes=29;client_id=15;clients=50
1777330822601,PUT,202,4,benchKey_9_0,bytes=28;client_id=9;clients=50
1777330822602,PUT,200,4,benchKey_38_0,bytes=29;client_id=38;clients=50
1777330822603,PUT,202,4,benchKey_12_0,bytes=29;client_id=12;clients=50
1777330822605,PUT,107,4,benchKey_21_1,bytes=29;client_id=21;clients=50
1777330822606,PUT,104,4,benchKey_3_1,bytes=28;client_id=3;clients=50
1777330822606,PUT,110,4,benchKey_19_1,bytes=29;client_id=19;clients=50
1777330822609,PUT,106,4,benchKey_25_1,bytes=29;client_id=25;clients=50
1777330822609,PUT,112,4,benchKey_23_1,bytes=29;client_id=23;clients=50
1777330822612,PUT,211,4,benchKey_36_0,bytes=29;client_id=36;clients=50
1777330822613,PUT,213,4,benchKey_32_0,bytes=29;client_id=32;clients=50
1777330822614,PUT,112,4,benchKey_46_1,bytes=29;client_id=46;clients=50
1777330822615,PUT,108,4,benchKey_17_1,bytes=29;client_id=17;clients=50
1777330822611,PUT,125,4,benchKey_26_1,bytes=29;client_id=26;clients=50
1777330822610,PUT,146,4,benchKey_40_1,bytes=29;client_id=40;clients=50
1777330822610,PUT,209,4,benchKey_41_0,bytes=29;client_id=41;clients=50
1777330822609,PUT,115,4,benchKey_30_1,bytes=29;client_id=30;clients=50
1777330822613,PUT,112,4,benchKey_20_1,bytes=29;client_id=20;clients=50
1777330822634,PUT,127,4,benchKey_28_1,bytes=29;client_id=28;clients=50
1777330822637,PUT,128,4,benchKey_29_1,bytes=29;client_id=29;clients=50
1777330822644,PUT,135,4,benchKey_34_1,bytes=29;client_id=34;clients=50
1777330822645,PUT,136,4,benchKey_4_1,bytes=28;client_id=4;clients=50
1777330822647,PUT,138,4,benchKey_45_1,bytes=29;client_id=45;clients=50
1777330822648,PUT,136,4,benchKey_18_1,bytes=29;client_id=18;clients=50
1777330822648,PUT,137,4,benchKey_37_1,bytes=29;client_id=37;clients=50
1777330822651,PUT,138,4,benchKey_1_1,bytes=28;client_id=1;clients=50
1777330822654,PUT,140,4,benchKey_47_1,bytes=29;client_id=47;clients=50
1777330822654,PUT,95,4,benchKey_14_1,bytes=29;client_id=14;clients=50
1777330822658,PUT,96,4,benchKey_43_1,bytes=29;client_id=43;clients=50
1777330822658,PUT,101,4,benchKey_48_1,bytes=29;client_id=48;clients=50
1777330822659,PUT,98,4,benchKey_2_1,bytes=28;client_id=2;clients=50
1777330822659,PUT,102,4,benchKey_8_1,bytes=28;client_id=8;clients=50
1777330822659,PUT,111,4,benchKey_33_1,bytes=29;client_id=33;clients=50
1777330822660,PUT,102,4,benchKey_44_1,bytes=29;client_id=44;clients=50
1777330822660,PUT,110,4,benchKey_31_1,bytes=29;client_id=31;clients=50
1777330822661,PUT,147,4,benchKey_11_1,bytes=29;client_id=11;clients=50
1777330822662,PUT,104,4,benchKey_5_1,bytes=28;client_id=5;clients=50
1777330822662,PUT,113,4,benchKey_24_1,bytes=29;client_id=24;clients=50
1777330822679,PUT,116,4,benchKey_49_1,bytes=29;client_id=49;clients=50
1777330822680,PUT,117,4,benchKey_7_1,bytes=28;client_id=7;clients=50
1777330822690,PUT,125,4,benchKey_0_1,bytes=28;client_id=0;clients=50
1777330822691,PUT,128,4,benchKey_42_1,bytes=29;client_id=42;clients=50
1777330822692,PUT,128,4,benchKey_16_1,bytes=29;client_id=16;clients=50
1777330822692,PUT,126,4,benchKey_10_1,bytes=29;client_id=10;clients=50
1777330822694,PUT,128,4,benchKey_39_1,bytes=29;client_id=39;clients=50
1777330822696,PUT,131,4,benchKey_35_1,bytes=29;client_id=35;clients=50
1777330822697,PUT,130,4,benchKey_27_1,bytes=29;client_id=27;clients=50
1777330822699,PUT,133,4,benchKey_22_1,bytes=29;client_id=22;clients=50
1777330822704,PUT,100,4,benchKey_12_1,bytes=29;client_id=12;clients=50
1777330822704,PUT,97,4,benchKey_19_2,bytes=29;client_id=19;clients=50
1777330822704,PUT,98,4,benchKey_21_2,bytes=29;client_id=21;clients=50
1777330822705,PUT,95,4,benchKey_25_2,bytes=29;client_id=25;clients=50
1777330822706,PUT,99,4,benchKey_3_2,bytes=28;client_id=3;clients=50
1777330822707,PUT,109,4,benchKey_13_1,bytes=29;client_id=13;clients=50
1777330822707,PUT,108,4,benchKey_15_1,bytes=29;client_id=15;clients=50
1777330822709,PUT,117,4,benchKey_6_1,bytes=28;client_id=6;clients=50
1777330822710,PUT,107,4,benchKey_38_1,bytes=29;client_id=38;clients=50
1777330822710,PUT,108,4,benchKey_9_1,bytes=28;client_id=9;clients=50
1777330822721,PUT,108,4,benchKey_23_2,bytes=29;client_id=23;clients=50
1777330822725,PUT,112,4,benchKey_36_1,bytes=29;client_id=36;clients=50
1777330822733,PUT,119,4,benchKey_32_1,bytes=29;client_id=32;clients=50
1777330822733,PUT,118,4,benchKey_46_2,bytes=29;client_id=46;clients=50
1777330822734,PUT,116,4,benchKey_26_2,bytes=29;client_id=26;clients=50
1777330822735,PUT,117,4,benchKey_40_2,bytes=29;client_id=40;clients=50
1777330822737,PUT,121,4,benchKey_17_2,bytes=29;client_id=17;clients=50
1777330822739,PUT,120,4,benchKey_30_2,bytes=29;client_id=30;clients=50
1777330822740,PUT,122,4,benchKey_20_2,bytes=29;client_id=20;clients=50
1777330822741,PUT,123,4,benchKey_41_1,bytes=29;client_id=41;clients=50
1777330822747,PUT,112,4,benchKey_28_2,bytes=29;client_id=28;clients=50
1777330822747,PUT,102,4,benchKey_34_2,bytes=29;client_id=34;clients=50
1777330822750,PUT,112,4,benchKey_29_2,bytes=29;client_id=29;clients=50
1777330822750,PUT,98,4,benchKey_1_2,bytes=28;client_id=1;clients=50
1777330822750,PUT,100,4,benchKey_37_2,bytes=29;client_id=37;clients=50
1777330822750,PUT,103,4,benchKey_45_2,bytes=29;client_id=45;clients=50
1777330822751,PUT,106,4,benchKey_4_2,bytes=28;client_id=4;clients=50
1777330822753,PUT,103,4,benchKey_18_2,bytes=29;client_id=18;clients=50
1777330822753,PUT,99,4,benchKey_47_2,bytes=29;client_id=47;clients=50
1777330822756,PUT,101,4,benchKey_14_2,bytes=29;client_id=14;clients=50
1777330822764,PUT,106,4,benchKey_43_2,bytes=29;client_id=43;clients=50
1777330822769,PUT,109,4,benchKey_48_2,bytes=29;client_id=48;clients=50
1777330822777,PUT,117,4,benchKey_8_2,bytes=28;client_id=8;clients=50
1777330822777,PUT,117,4,benchKey_2_2,bytes=28;client_id=2;clients=50
1777330822777,PUT,117,4,benchKey_33_2,bytes=29;client_id=33;clients=50
1777330822778,PUT,118,4,benchKey_31_2,bytes=29;client_id=31;clients=50
1777330822779,PUT,119,4,benchKey_44_2,bytes=29;client_id=44;clients=50
1777330822781,PUT,120,4,benchKey_11_2,bytes=29;client_id=11;clients=50
1777330822783,PUT,119,4,benchKey_24_2,bytes=29;client_id=24;clients=50
1777330822786,PUT,122,4,benchKey_5_2,bytes=28;client_id=5;clients=50
1777330822790,PUT,111,4,benchKey_49_2,bytes=29;client_id=49;clients=50
1777330822790,PUT,110,4,benchKey_7_2,bytes=28;client_id=7;clients=50
1777330822793,PUT,102,4,benchKey_0_2,bytes=28;client_id=0;clients=50
1777330822793,PUT,100,4,benchKey_10_2,bytes=29;client_id=10;clients=50
1777330822793,PUT,100,4,benchKey_42_2,bytes=29;client_id=42;clients=50
1777330822794,PUT,102,4,benchKey_16_2,bytes=29;client_id=16;clients=50
1777330822795,PUT,99,4,benchKey_35_2,bytes=29;client_id=35;clients=50
1777330822796,PUT,102,4,benchKey_39_2,bytes=29;client_id=39;clients=50
1777330822797,PUT,100,4,benchKey_27_2,bytes=29;client_id=27;clients=50
1777330822799,PUT,99,4,benchKey_22_2,bytes=29;client_id=22;clients=50
1777330822808,PUT,103,4,benchKey_19_3,bytes=29;client_id=19;clients=50
1777330822811,PUT,106,4,benchKey_12_2,bytes=29;client_id=12;clients=50
1777330822819,PUT,114,4,benchKey_25_3,bytes=29;client_id=25;clients=50
1777330822819,PUT,114,4,benchKey_21_3,bytes=29;client_id=21;clients=50
1777330822821,PUT,114,4,benchKey_13_2,bytes=29;client_id=13;clients=50
1777330822822,PUT,115,4,benchKey_3_3,bytes=28;client_id=3;clients=50
1777330822823,PUT,115,4,benchKey_15_2,bytes=29;client_id=15;clients=50
1777330822826,PUT,115,4,benchKey_9_2,bytes=28;client_id=9;clients=50
1777330822826,PUT,117,4,benchKey_6_2,bytes=28;client_id=6;clients=50
1777330822828,PUT,118,4,benchKey_38_2,bytes=29;client_id=38;clients=50
1777330822832,PUT,111,4,benchKey_23_3,bytes=29;client_id=23;clients=50
1777330822833,PUT,107,4,benchKey_36_2,bytes=29;client_id=36;clients=50
1777330822835,PUT,100,4,benchKey_26_3,bytes=29;client_id=26;clients=50
1777330822836,PUT,102,4,benchKey_32_2,bytes=29;client_id=32;clients=50
1777330822836,PUT,102,4,benchKey_46_3,bytes=29;client_id=46;clients=50
1777330822837,PUT,101,4,benchKey_40_3,bytes=29;client_id=40;clients=50
1777330822837,PUT,100,4,benchKey_17_3,bytes=29;client_id=17;clients=50
1777330822839,PUT,99,4,benchKey_30_3,bytes=29;client_id=30;clients=50
1777330822840,PUT,99,4,benchKey_20_3,bytes=29;client_id=20;clients=50
1777330822841,PUT,99,4,benchKey_41_2,bytes=29;client_id=41;clients=50
1777330822850,PUT,103,4,benchKey_28_3,bytes=29;client_id=28;clients=50
1777330822854,PUT,107,4,benchKey_34_3,bytes=29;client_id=34;clients=50
1777330822861,PUT,111,4,benchKey_29_3,bytes=29;client_id=29;clients=50
1777330822862,PUT,112,4,benchKey_1_3,bytes=28;client_id=1;clients=50
1777330822865,PUT,114,4,benchKey_45_3,bytes=29;client_id=45;clients=50
1777330822867,PUT,115,4,benchKey_4_3,bytes=28;client_id=4;clients=50
1777330822868,PUT,117,4,benchKey_37_3,bytes=29;client_id=37;clients=50
1777330822868,PUT,115,4,benchKey_18_3,bytes=29;client_id=18;clients=50
1777330822870,PUT,115,4,benchKey_47_3,bytes=29;client_id=47;clients=50
1777330822872,PUT,115,4,benchKey_14_3,bytes=29;client_id=14;clients=50
1777330822876,PUT,110,4,benchKey_43_3,bytes=29;client_id=43;clients=50
1777330822877,PUT,108,4,benchKey_48_3,bytes=29;client_id=48;clients=50
1777330822878,PUT,101,4,benchKey_2_3,bytes=28;client_id=2;clients=50
1777330822879,PUT,99,4,benchKey_44_3,bytes=29;client_id=44;clients=50
1777330822880,PUT,101,4,benchKey_31_3,bytes=29;client_id=31;clients=50
1777330822878,PUT,100,4,benchKey_33_3,bytes=29;client_id=33;clients=50
1777330822881,PUT,99,4,benchKey_11_3,bytes=29;client_id=11;clients=50
1777330822883,PUT,106,4,benchKey_8_3,bytes=28;client_id=8;clients=50
1777330822885,PUT,98,4,benchKey_5_3,bytes=28;client_id=5;clients=50
1777330822886,PUT,102,4,benchKey_24_3,bytes=29;client_id=24;clients=50
1777330822893,PUT,102,4,benchKey_49_3,bytes=29;client_id=49;clients=50
1777330822898,PUT,107,4,benchKey_7_3,bytes=28;client_id=7;clients=50
1777330822905,PUT,110,4,benchKey_10_3,bytes=29;client_id=10;clients=50
1777330822906,PUT,112,4,benchKey_0_3,bytes=28;client_id=0;clients=50
1777330822908,PUT,113,4,benchKey_42_3,bytes=29;client_id=42;clients=50
1777330822909,PUT,114,4,benchKey_16_3,bytes=29;client_id=16;clients=50
1777330822911,PUT,114,4,benchKey_39_3,bytes=29;client_id=39;clients=50
1777330822911,PUT,115,4,benchKey_35_3,bytes=29;client_id=35;clients=50
1777330822913,PUT,113,4,benchKey_22_3,bytes=29;client_id=22;clients=50
1777330822916,PUT,118,4,benchKey_27_3,bytes=29;client_id=27;clients=50
1777330822918,PUT,109,4,benchKey_19_4,bytes=29;client_id=19;clients=50
1777330822921,PUT,110,4,benchKey_12_3,bytes=29;client_id=12;clients=50
1777330822922,PUT,100,4,benchKey_3_4,bytes=28;client_id=3;clients=50
1777330822922,PUT,100,4,benchKey_13_3,bytes=29;client_id=13;clients=50
1777330822924,PUT,97,4,benchKey_9_3,bytes=28;client_id=9;clients=50
1777330822924,PUT,101,4,benchKey_15_3,bytes=29;client_id=15;clients=50
1777330822924,PUT,105,4,benchKey_25_4,bytes=29;client_id=25;clients=50
1777330822926,PUT,106,4,benchKey_21_4,bytes=29;client_id=21;clients=50
1777330822928,PUT,99,4,benchKey_38_3,bytes=29;client_id=38;clients=50
1777330822929,PUT,103,4,benchKey_6_3,bytes=28;client_id=6;clients=50
1777330822937,PUT,104,4,benchKey_23_4,bytes=29;client_id=23;clients=50
1777330822940,PUT,107,4,benchKey_36_3,bytes=29;client_id=36;clients=50
1777330822946,PUT,110,4,benchKey_26_4,bytes=29;client_id=26;clients=50
1777330822949,PUT,113,4,benchKey_32_3,bytes=29;client_id=32;clients=50
1777330822951,PUT,115,4,benchKey_46_4,bytes=29;client_id=46;clients=50
1777330822952,PUT,115,4,benchKey_40_4,bytes=29;client_id=40;clients=50
1777330822953,PUT,115,4,benchKey_17_4,bytes=29;client_id=17;clients=50
1777330822956,PUT,116,4,benchKey_20_4,bytes=29;client_id=20;clients=50
1777330822957,PUT,118,4,benchKey_30_4,bytes=29;client_id=30;clients=50
1777330822959,PUT,118,4,benchKey_41_3,bytes=29;client_id=41;clients=50
1777330822961,PUT,110,4,benchKey_28_4,bytes=29;client_id=28;clients=50
1777330822964,PUT,109,4,benchKey_34_4,bytes=29;client_id=34;clients=50
1777330822965,PUT,102,4,benchKey_1_4,bytes=28;client_id=1;clients=50
1777330822966,PUT,104,4,benchKey_29_4,bytes=29;client_id=29;clients=50
1777330822967,PUT,101,4,benchKey_45_4,bytes=29;client_id=45;clients=50
1777330822967,PUT,99,4,benchKey_37_4,bytes=29;client_id=37;clients=50
1777330822969,PUT,101,4,benchKey_4_4,bytes=28;client_id=4;clients=50
1777330822972,PUT,100,4,benchKey_47_4,bytes=29;client_id=47;clients=50
1777330822972,PUT,100,4,benchKey_14_4,bytes=29;client_id=14;clients=50
1777330822973,PUT,104,4,benchKey_18_4,bytes=29;client_id=18;clients=50
1777330822980,PUT,103,4,benchKey_43_4,bytes=29;client_id=43;clients=50
1777330822984,PUT,106,4,benchKey_48_4,bytes=29;client_id=48;clients=50
1777330822989,PUT,110,4,benchKey_2_4,bytes=28;client_id=2;clients=50
1777330822992,PUT,113,4,benchKey_44_4,bytes=29;client_id=44;clients=50
1777330822994,PUT,112,4,benchKey_11_4,bytes=29;client_id=11;clients=50
1777330822994,PUT,112,4,benchKey_33_4,bytes=29;client_id=33;clients=50
1777330822998,PUT,115,4,benchKey_8_4,bytes=28;client_id=8;clients=50
1777330823000,PUT,114,4,benchKey_5_4,bytes=28;client_id=5;clients=50
1777330823000,PUT,119,4,benchKey_31_4,bytes=29;client_id=31;clients=50
1777330823001,PUT,115,4,benchKey_24_4,bytes=29;client_id=24;clients=50
1777330823005,PUT,111,4,benchKey_49_4,bytes=29;client_id=49;clients=50
1777330823010,PUT,100,4,benchKey_16_4,bytes=29;client_id=16;clients=50
1777330823010,PUT,112,4,benchKey_7_4,bytes=28;client_id=7;clients=50
1777330823012,PUT,103,4,benchKey_42_4,bytes=29;client_id=42;clients=50
1777330823012,PUT,105,4,benchKey_0_4,bytes=28;client_id=0;clients=50
1777330823012,PUT,107,4,benchKey_10_4,bytes=29;client_id=10;clients=50
1777330823017,PUT,103,4,benchKey_22_4,bytes=29;client_id=22;clients=50
1777330823019,PUT,106,4,benchKey_39_4,bytes=29;client_id=39;clients=50
1777330823017,PUT,104,4,benchKey_35_4,bytes=29;client_id=35;clients=50
1777330823020,PUT,103,4,benchKey_27_4,bytes=29;client_id=27;clients=50
1777330823022,PUT,104,4,benchKey_19_5,bytes=29;client_id=19;clients=50
1777330823026,PUT,104,4,benchKey_12_4,bytes=29;client_id=12;clients=50
1777330823031,PUT,108,4,benchKey_3_5,bytes=28;client_id=3;clients=50
1777330823037,PUT,113,4,benchKey_13_4,bytes=29;client_id=13;clients=50
1777330823038,PUT,114,4,benchKey_15_4,bytes=29;client_id=15;clients=50
1777330823041,PUT,117,4,benchKey_9_4,bytes=28;client_id=9;clients=50
1777330823043,PUT,117,4,benchKey_21_5,bytes=29;client_id=21;clients=50
1777330823043,PUT,115,4,benchKey_38_4,bytes=29;client_id=38;clients=50
1777330823044,PUT,119,4,benchKey_25_5,bytes=29;client_id=25;clients=50
1777330823044,PUT,114,4,benchKey_6_4,bytes=28;client_id=6;clients=50
1777330823047,PUT,110,4,benchKey_23_5,bytes=29;client_id=23;clients=50
1777330823053,PUT,112,4,benchKey_36_4,bytes=29;client_id=36;clients=50
1777330823055,PUT,108,4,benchKey_26_5,bytes=29;client_id=26;clients=50
1777330823055,PUT,103,4,benchKey_46_5,bytes=29;client_id=46;clients=50
1777330823055,PUT,102,4,benchKey_40_5,bytes=29;client_id=40;clients=50
1777330823056,PUT,71,4,benchKey_48_5,bytes=29;client_id=48;clients=50
1777330823056,PUT,106,4,benchKey_32_4,bytes=29;client_id=32;clients=50
1777330823059,PUT,102,4,benchKey_20_5,bytes=29;client_id=20;clients=50
1777330823059,PUT,105,4,benchKey_17_5,bytes=29;client_id=17;clients=50
1777330823061,PUT,104,4,benchKey_30_5,bytes=29;client_id=30;clients=50
1777330823061,PUT,101,4,benchKey_41_4,bytes=29;client_id=41;clients=50
1777330823065,PUT,104,4,benchKey_28_5,bytes=29;client_id=28;clients=50
1777330823071,PUT,107,4,benchKey_34_5,bytes=29;client_id=34;clients=50
1777330823073,PUT,107,4,benchKey_1_5,bytes=28;client_id=1;clients=50
1777330823078,PUT,112,4,benchKey_29_5,bytes=29;client_id=29;clients=50
1777330823082,PUT,115,4,benchKey_45_5,bytes=29;client_id=45;clients=50
1777330823083,PUT,115,4,benchKey_37_5,bytes=29;client_id=37;clients=50
1777330823086,PUT,113,4,benchKey_47_5,bytes=29;client_id=47;clients=50
1777330823086,PUT,117,4,benchKey_4_5,bytes=28;client_id=4;clients=50
1777330823087,PUT,114,4,benchKey_14_5,bytes=29;client_id=14;clients=50
1777330823088,PUT,114,4,benchKey_18_5,bytes=29;client_id=18;clients=50
1777330823088,PUT,108,4,benchKey_43_5,bytes=29;client_id=43;clients=50
1777330823098,PUT,99,4,benchKey_8_5,bytes=28;client_id=8;clients=50
1777330823098,PUT,105,4,benchKey_44_5,bytes=29;client_id=44;clients=50
1777330823099,PUT,104,4,benchKey_33_5,bytes=29;client_id=33;clients=50
1777330823100,PUT,105,4,benchKey_11_5,bytes=29;client_id=11;clients=50
1777330823100,PUT,110,4,benchKey_2_5,bytes=28;client_id=2;clients=50
1777330823102,PUT,101,4,benchKey_31_5,bytes=29;client_id=31;clients=50
1777330823102,PUT,101,4,benchKey_5_5,bytes=28;client_id=5;clients=50
1777330823105,PUT,100,4,benchKey_49_5,bytes=29;client_id=49;clients=50
1777330823105,PUT,103,4,benchKey_24_5,bytes=29;client_id=24;clients=50
1777330823108,PUT,97,4,benchKey_16_5,bytes=29;client_id=16;clients=50
1777330823114,PUT,103,4,benchKey_7_5,bytes=28;client_id=7;clients=50
1777330823116,PUT,104,4,benchKey_42_5,bytes=29;client_id=42;clients=50
1777330823120,PUT,108,4,benchKey_0_5,bytes=28;client_id=0;clients=50
1777330823124,PUT,111,4,benchKey_10_5,bytes=29;client_id=10;clients=50
1777330823125,PUT,108,4,benchKey_22_5,bytes=29;client_id=22;clients=50
1777330823128,PUT,108,4,benchKey_35_5,bytes=29;client_id=35;clients=50
1777330823129,PUT,108,4,benchKey_27_5,bytes=29;client_id=27;clients=50
1777330823129,PUT,110,4,benchKey_39_5,bytes=29;client_id=39;clients=50
1777330823130,PUT,103,4,benchKey_12_5,bytes=29;client_id=12;clients=50
1777330823130,PUT,107,4,benchKey_19_6,bytes=29;client_id=19;clients=50
1777330823141,PUT,102,4,benchKey_15_5,bytes=29;client_id=15;clients=50
1777330823143,PUT,98,4,benchKey_9_5,bytes=28;client_id=9;clients=50
1777330823143,PUT,98,4,benchKey_38_5,bytes=29;client_id=38;clients=50
1777330823143,PUT,110,4,benchKey_3_6,bytes=28;client_id=3;clients=50
1777330823143,PUT,98,4,benchKey_25_6,bytes=29;client_id=25;clients=50
1777330823144,PUT,99,4,benchKey_6_5,bytes=28;client_id=6;clients=50
1777330823144,PUT,107,4,benchKey_13_5,bytes=29;client_id=13;clients=50
1777330823147,PUT,100,4,benchKey_23_6,bytes=29;client_id=23;clients=50
1777330823148,PUT,103,4,benchKey_21_6,bytes=29;client_id=21;clients=50
1777330823151,PUT,97,4,benchKey_36_5,bytes=29;client_id=36;clients=50
1777330823159,PUT,103,4,benchKey_26_6,bytes=29;client_id=26;clients=50
1777330823159,PUT,103,4,benchKey_46_6,bytes=29;client_id=46;clients=50
1777330823162,PUT,106,4,benchKey_40_6,bytes=29;client_id=40;clients=50
1777330823166,PUT,110,4,benchKey_48_6,bytes=29;client_id=48;clients=50
1777330823168,PUT,112,4,benchKey_32_5,bytes=29;client_id=32;clients=50
1777330823170,PUT,111,4,benchKey_20_6,bytes=29;client_id=20;clients=50
1777330823171,PUT,109,4,benchKey_41_5,bytes=29;client_id=41;clients=50
1777330823172,PUT,112,4,benchKey_17_6,bytes=29;client_id=17;clients=50
1777330823172,PUT,110,4,benchKey_30_6,bytes=29;client_id=30;clients=50
1777330823173,PUT,107,4,benchKey_28_6,bytes=29;client_id=28;clients=50
1777330823186,PUT,107,4,benchKey_29_6,bytes=29;client_id=29;clients=50
1777330823187,PUT,104,4,benchKey_37_6,bytes=29;client_id=37;clients=50
1777330823187,PUT,114,4,benchKey_1_6,bytes=28;client_id=1;clients=50
1777330823187,PUT,105,4,benchKey_45_6,bytes=29;client_id=45;clients=50
1777330823188,PUT,116,4,benchKey_34_6,bytes=29;client_id=34;clients=50
1777330823189,PUT,101,4,benchKey_14_6,bytes=29;client_id=14;clients=50
1777330823190,PUT,103,4,benchKey_47_6,bytes=29;client_id=47;clients=50
1777330823190,PUT,100,4,benchKey_18_6,bytes=29;client_id=18;clients=50
1777330823192,PUT,105,4,benchKey_4_6,bytes=28;client_id=4;clients=50
1777330823193,PUT,103,4,benchKey_43_6,bytes=29;client_id=43;clients=50
1777330823199,PUT,100,4,benchKey_8_6,bytes=28;client_id=8;clients=50
1777330823201,PUT,102,4,benchKey_44_6,bytes=29;client_id=44;clients=50
1777330823204,PUT,104,4,benchKey_33_6,bytes=29;client_id=33;clients=50
1777330823208,PUT,108,4,benchKey_11_6,bytes=29;client_id=11;clients=50
1777330823210,PUT,110,4,benchKey_2_6,bytes=28;client_id=2;clients=50
1777330823212,PUT,110,4,benchKey_5_6,bytes=28;client_id=5;clients=50
1777330823213,PUT,107,4,benchKey_24_6,bytes=29;client_id=24;clients=50
1777330823213,PUT,111,4,benchKey_31_6,bytes=29;client_id=31;clients=50
1777330823214,PUT,105,4,benchKey_16_6,bytes=29;client_id=16;clients=50
1777330823215,PUT,109,4,benchKey_49_6,bytes=29;client_id=49;clients=50
1777330823228,PUT,113,4,benchKey_7_6,bytes=28;client_id=7;clients=50
1777330823230,PUT,105,4,benchKey_10_6,bytes=29;client_id=10;clients=50
1777330823231,PUT,110,4,benchKey_0_6,bytes=28;client_id=0;clients=50
1777330823231,PUT,114,4,benchKey_42_6,bytes=29;client_id=42;clients=50
1777330823230,PUT,105,4,benchKey_22_6,bytes=29;client_id=22;clients=50
1777330823232,PUT,103,4,benchKey_35_6,bytes=29;client_id=35;clients=50
1777330823233,PUT,104,4,benchKey_27_6,bytes=29;client_id=27;clients=50
1777330823235,PUT,105,4,benchKey_39_6,bytes=29;client_id=39;clients=50
1777330823235,PUT,104,4,benchKey_12_6,bytes=29;client_id=12;clients=50
1777330823237,PUT,106,4,benchKey_19_7,bytes=29;client_id=19;clients=50
1777330823241,PUT,99,4,benchKey_15_6,bytes=29;client_id=15;clients=50
1777330823243,PUT,100,4,benchKey_9_6,bytes=28;client_id=9;clients=50
1777330823247,PUT,104,4,benchKey_38_6,bytes=29;client_id=38;clients=50
1777330823251,PUT,107,4,benchKey_3_7,bytes=28;client_id=3;clients=50
1777330823252,PUT,108,4,benchKey_25_7,bytes=29;client_id=25;clients=50
1777330823254,PUT,110,4,benchKey_6_6,bytes=28;client_id=6;clients=50
1777330823255,PUT,111,4,benchKey_13_6,bytes=29;client_id=13;clients=50
1777330823255,PUT,107,4,benchKey_23_7,bytes=29;client_id=23;clients=50
1777330823256,PUT,108,4,benchKey_21_7,bytes=29;client_id=21;clients=50
1777330823257,PUT,105,4,benchKey_36_6,bytes=29;client_id=36;clients=50
1777330823272,PUT,113,4,benchKey_26_7,bytes=29;client_id=26;clients=50
1777330823272,PUT,106,4,benchKey_48_7,bytes=29;client_id=48;clients=50
1777330823274,PUT,105,4,benchKey_32_6,bytes=29;client_id=32;clients=50
1777330823275,PUT,104,4,benchKey_20_7,bytes=29;client_id=20;clients=50
1777330823275,PUT,115,4,benchKey_46_7,bytes=29;client_id=46;clients=50
1777330823276,PUT,113,4,benchKey_40_7,bytes=29;client_id=40;clients=50
1777330823277,PUT,105,4,benchKey_41_6,bytes=29;client_id=41;clients=50
1777330823279,PUT,106,4,benchKey_17_7,bytes=29;client_id=17;clients=50
1777330823279,PUT,105,4,benchKey_28_7,bytes=29;client_id=28;clients=50
1777330823280,PUT,107,4,benchKey_30_7,bytes=29;client_id=30;clients=50
1777330823285,PUT,98,4,benchKey_29_7,bytes=29;client_id=29;clients=50
1777330823286,PUT,98,4,benchKey_37_7,bytes=29;client_id=37;clients=50
1777330823290,PUT,102,4,benchKey_1_7,bytes=28;client_id=1;clients=50
1777330823294,PUT,106,4,benchKey_45_7,bytes=29;client_id=45;clients=50
1777330823295,PUT,106,4,benchKey_34_7,bytes=29;client_id=34;clients=50
1777330823296,PUT,106,4,benchKey_14_7,bytes=29;client_id=14;clients=50
1777330823297,PUT,107,4,benchKey_47_7,bytes=29;client_id=47;clients=50
1777330823299,PUT,108,4,benchKey_18_7,bytes=29;client_id=18;clients=50
1777330823300,PUT,106,4,benchKey_43_7,bytes=29;client_id=43;clients=50
1777330823301,PUT,108,4,benchKey_4_7,bytes=28;client_id=4;clients=50
1777330823314,PUT,114,4,benchKey_8_7,bytes=28;client_id=8;clients=50
1777330823315,PUT,113,4,benchKey_44_7,bytes=29;client_id=44;clients=50
1777330823316,PUT,111,4,benchKey_33_7,bytes=29;client_id=33;clients=50
1777330823318,PUT,105,4,benchKey_5_7,bytes=28;client_id=5;clients=50
1777330823318,PUT,109,4,benchKey_11_7,bytes=29;client_id=11;clients=50
1777330823321,PUT,106,4,benchKey_16_7,bytes=29;client_id=16;clients=50
1777330823323,PUT,109,4,benchKey_24_7,bytes=29;client_id=24;clients=50
1777330823323,PUT,112,4,benchKey_2_7,bytes=28;client_id=2;clients=50
1777330823323,PUT,109,4,benchKey_31_7,bytes=29;client_id=31;clients=50
1777330823323,PUT,108,4,benchKey_49_7,bytes=29;client_id=49;clients=50
1777330823327,PUT,98,4,benchKey_7_7,bytes=28;client_id=7;clients=50
1777330823329,PUT,98,4,benchKey_10_7,bytes=29;client_id=10;clients=50
1777330823332,PUT,101,4,benchKey_0_7,bytes=28;client_id=0;clients=50
1777330823336,PUT,105,4,benchKey_42_7,bytes=29;client_id=42;clients=50
1777330823337,PUT,106,4,benchKey_22_7,bytes=29;client_id=22;clients=50
1777330823338,PUT,106,4,benchKey_35_7,bytes=29;client_id=35;clients=50
1777330823340,PUT,106,4,benchKey_27_7,bytes=29;client_id=27;clients=50
1777330823343,PUT,108,4,benchKey_12_7,bytes=29;client_id=12;clients=50
1777330823343,PUT,108,4,benchKey_39_7,bytes=29;client_id=39;clients=50
1777330823344,PUT,107,4,benchKey_19_8,bytes=29;client_id=19;clients=50
1777330823356,PUT,115,4,benchKey_15_7,bytes=29;client_id=15;clients=50
1777330823358,PUT,115,4,benchKey_9_7,bytes=28;client_id=9;clients=50
1777330823359,PUT,111,4,benchKey_38_7,bytes=29;client_id=38;clients=50
1777330823362,PUT,110,4,benchKey_3_8,bytes=28;client_id=3;clients=50
1777330823362,PUT,109,4,benchKey_25_8,bytes=29;client_id=25;clients=50
1777330823363,PUT,109,4,benchKey_6_7,bytes=28;client_id=6;clients=50
1777330823367,PUT,109,4,benchKey_21_8,bytes=29;client_id=21;clients=50
1777330823367,PUT,111,4,benchKey_23_8,bytes=29;client_id=23;clients=50
1777330823367,PUT,110,4,benchKey_36_7,bytes=29;client_id=36;clients=50
1777330823367,PUT,111,4,benchKey_13_7,bytes=29;client_id=13;clients=50
1777330823370,PUT,97,4,benchKey_26_8,bytes=29;client_id=26;clients=50
1777330823373,PUT,100,4,benchKey_48_8,bytes=29;client_id=48;clients=50
1777330823375,PUT,100,4,benchKey_32_7,bytes=29;client_id=32;clients=50
1777330823380,PUT,104,4,benchKey_20_8,bytes=29;client_id=20;clients=50
1777330823380,PUT,104,4,benchKey_46_8,bytes=29;client_id=46;clients=50
1777330823381,PUT,104,4,benchKey_40_8,bytes=29;client_id=40;clients=50
1777330823383,PUT,105,4,benchKey_41_7,bytes=29;client_id=41;clients=50
1777330823385,PUT,106,4,benchKey_17_8,bytes=29;client_id=17;clients=50
1777330823385,PUT,105,4,benchKey_30_8,bytes=29;client_id=30;clients=50
1777330823386,PUT,106,4,benchKey_28_8,bytes=29;client_id=28;clients=50
1777330823399,PUT,114,4,benchKey_29_8,bytes=29;client_id=29;clients=50
1777330823401,PUT,114,4,benchKey_37_8,bytes=29;client_id=37;clients=50
1777330823403,PUT,112,4,benchKey_1_8,bytes=28;client_id=1;clients=50
1777330823405,PUT,111,4,benchKey_45_8,bytes=29;client_id=45;clients=50
1777330823406,PUT,111,4,benchKey_34_8,bytes=29;client_id=34;clients=50
1777330823407,PUT,110,4,benchKey_14_8,bytes=29;client_id=14;clients=50
1777330823410,PUT,111,4,benchKey_18_8,bytes=29;client_id=18;clients=50
1777330823410,PUT,109,4,benchKey_4_8,bytes=28;client_id=4;clients=50
1777330823411,PUT,110,4,benchKey_43_8,bytes=29;client_id=43;clients=50
1777330823412,PUT,114,4,benchKey_47_8,bytes=29;client_id=47;clients=50
1777330823414,PUT,99,4,benchKey_8_8,bytes=28;client_id=8;clients=50
1777330823416,PUT,100,4,benchKey_44_8,bytes=29;client_id=44;clients=50
1777330823417,PUT,100,4,benchKey_33_8,bytes=29;client_id=33;clients=50
1777330823423,PUT,101,4,benchKey_16_8,bytes=29;client_id=16;clients=50
1777330823423,PUT,104,4,benchKey_11_8,bytes=29;client_id=11;clients=50
1777330823423,PUT,105,4,benchKey_5_8,bytes=28;client_id=5;clients=50
1777330823427,PUT,103,4,benchKey_24_8,bytes=29;client_id=24;clients=50
1777330823428,PUT,104,4,benchKey_2_8,bytes=28;client_id=2;clients=50
1777330823428,PUT,104,4,benchKey_31_8,bytes=29;client_id=31;clients=50
1777330823429,PUT,105,4,benchKey_49_8,bytes=29;client_id=49;clients=50
1777330823442,PUT,114,4,benchKey_7_8,bytes=28;client_id=7;clients=50
1777330823444,PUT,114,4,benchKey_10_8,bytes=29;client_id=10;clients=50
1777330823446,PUT,113,4,benchKey_0_8,bytes=28;client_id=0;clients=50
1777330823448,PUT,111,4,benchKey_42_8,bytes=29;client_id=42;clients=50
1777330823449,PUT,111,4,benchKey_22_8,bytes=29;client_id=22;clients=50
1777330823450,PUT,111,4,benchKey_35_8,bytes=29;client_id=35;clients=50
1777330823454,PUT,110,4,benchKey_12_8,bytes=29;client_id=12;clients=50
1777330823454,PUT,110,4,benchKey_19_9,bytes=29;client_id=19;clients=50
1777330823454,PUT,113,4,benchKey_27_8,bytes=29;client_id=27;clients=50
1777330823454,PUT,111,4,benchKey_39_8,bytes=29;client_id=39;clients=50
1777330823456,PUT,99,4,benchKey_15_8,bytes=29;client_id=15;clients=50
1777330823460,PUT,101,4,benchKey_9_8,bytes=28;client_id=9;clients=50
1777330823460,PUT,100,4,benchKey_38_8,bytes=29;client_id=38;clients=50
1777330823467,PUT,104,4,benchKey_3_9,bytes=28;client_id=3;clients=50
1777330823467,PUT,102,4,benchKey_6_8,bytes=28;client_id=6;clients=50
1777330823467,PUT,104,4,benchKey_25_9,bytes=29;client_id=25;clients=50
1777330823469,PUT,102,4,benchKey_21_9,bytes=29;client_id=21;clients=50
1777330823470,PUT,103,4,benchKey_23_9,bytes=29;client_id=23;clients=50
1777330823472,PUT,104,4,benchKey_36_8,bytes=29;client_id=36;clients=50
1777330823472,PUT,104,4,benchKey_13_8,bytes=29;client_id=13;clients=50
1777330823484,PUT,114,4,benchKey_26_9,bytes=29;client_id=26;clients=50
1777330823486,PUT,113,4,benchKey_48_9,bytes=29;client_id=48;clients=50
1777330823487,PUT,112,4,benchKey_32_8,bytes=29;client_id=32;clients=50
1777330823492,PUT,112,4,benchKey_20_9,bytes=29;client_id=20;clients=50
1777330823492,PUT,112,4,benchKey_46_9,bytes=29;client_id=46;clients=50
1777330823494,PUT,112,4,benchKey_40_9,bytes=29;client_id=40;clients=50
1777330823496,PUT,110,4,benchKey_30_9,bytes=29;client_id=30;clients=50
1777330823496,PUT,113,4,benchKey_41_8,bytes=29;client_id=41;clients=50
1777330823498,PUT,111,4,benchKey_28_9,bytes=29;client_id=28;clients=50
1777330823498,PUT,112,4,benchKey_17_9,bytes=29;client_id=17;clients=50
1777330823499,PUT,100,4,benchKey_29_9,bytes=29;client_id=29;clients=50
1777330823502,PUT,99,4,benchKey_1_9,bytes=28;client_id=1;clients=50
1777330823502,PUT,101,4,benchKey_37_9,bytes=29;client_id=37;clients=50
1777330823508,PUT,102,4,benchKey_34_9,bytes=29;client_id=34;clients=50
1777330823508,PUT,101,4,benchKey_14_9,bytes=29;client_id=14;clients=50
1777330823508,PUT,103,4,benchKey_45_9,bytes=29;client_id=45;clients=50
1777330823512,PUT,102,4,benchKey_4_9,bytes=28;client_id=4;clients=50
1777330823513,PUT,102,4,benchKey_18_9,bytes=29;client_id=18;clients=50
1777330823514,PUT,103,4,benchKey_43_9,bytes=29;client_id=43;clients=50
1777330823514,PUT,101,4,benchKey_47_9,bytes=29;client_id=47;clients=50
1777330823526,PUT,112,4,benchKey_8_9,bytes=28;client_id=8;clients=50
1777330823530,PUT,113,4,benchKey_44_9,bytes=29;client_id=44;clients=50
1777330823530,PUT,112,4,benchKey_33_9,bytes=29;client_id=33;clients=50
1777330823536,PUT,112,4,benchKey_5_9,bytes=28;client_id=5;clients=50
1777330823536,PUT,112,4,benchKey_11_9,bytes=29;client_id=11;clients=50
1777330823537,PUT,113,4,benchKey_16_9,bytes=29;client_id=16;clients=50
1777330823539,PUT,110,4,benchKey_2_9,bytes=28;client_id=2;clients=50
1777330823539,PUT,111,4,benchKey_24_9,bytes=29;client_id=24;clients=50
1777330823540,PUT,111,4,benchKey_31_9,bytes=29;client_id=31;clients=50
1777330823541,PUT,111,4,benchKey_49_9,bytes=29;client_id=49;clients=50
1777330823544,PUT,102,4,benchKey_7_9,bytes=28;client_id=7;clients=50
1777330823546,PUT,99,4,benchKey_0_9,bytes=28;client_id=0;clients=50
1777330823547,PUT,102,4,benchKey_10_9,bytes=29;client_id=10;clients=50
1777330823551,PUT,100,4,benchKey_35_9,bytes=29;client_id=35;clients=50
1777330823551,PUT,102,4,benchKey_22_9,bytes=29;client_id=22;clients=50
1777330823552,PUT,104,4,benchKey_42_9,bytes=29;client_id=42;clients=50
1777330823554,PUT,100,4,benchKey_12_9,bytes=29;client_id=12;clients=50
1777330823555,PUT,100,4,benchKey_19_10,bytes=30;client_id=19;clients=50
1777330823556,PUT,101,4,benchKey_27_9,bytes=29;client_id=27;clients=50
1777330823557,PUT,102,4,benchKey_39_9,bytes=29;client_id=39;clients=50
1777330823568,PUT,111,4,benchKey_15_9,bytes=29;client_id=15;clients=50
1777330823571,PUT,111,4,benchKey_38_9,bytes=29;client_id=38;clients=50
1777330823573,PUT,113,4,benchKey_9_9,bytes=28;client_id=9;clients=50
1777330823578,PUT,111,4,benchKey_6_9,bytes=28;client_id=6;clients=50
1777330823578,PUT,111,4,benchKey_3_10,bytes=29;client_id=3;clients=50
1777330823581,PUT,111,4,benchKey_23_10,bytes=30;client_id=23;clients=50
1777330823582,PUT,114,4,benchKey_25_10,bytes=30;client_id=25;clients=50
1777330823581,PUT,112,4,benchKey_21_10,bytes=30;client_id=21;clients=50
1777330823584,PUT,111,4,benchKey_36_9,bytes=29;client_id=36;clients=50
1777330823584,PUT,112,4,benchKey_13_9,bytes=29;client_id=13;clients=50
1777330823587,PUT,102,4,benchKey_26_10,bytes=30;client_id=26;clients=50
1777330823589,PUT,102,4,benchKey_48_10,bytes=30;client_id=48;clients=50
1777330823590,PUT,102,4,benchKey_32_9,bytes=29;client_id=32;clients=50
1777330823593,PUT,101,4,benchKey_46_10,bytes=30;client_id=46;clients=50
1777330823594,PUT,102,4,benchKey_20_10,bytes=30;client_id=20;clients=50
1777330823595,PUT,101,4,benchKey_40_10,bytes=30;client_id=40;clients=50
1777330823597,PUT,100,4,benchKey_30_10,bytes=30;client_id=30;clients=50
1777330823597,PUT,100,4,benchKey_41_9,bytes=29;client_id=41;clients=50
1777330823598,PUT,100,4,benchKey_28_10,bytes=30;client_id=28;clients=50
1777330823600,PUT,102,4,benchKey_17_10,bytes=30;client_id=17;clients=50
1777330823610,PUT,110,4,benchKey_29_10,bytes=30;client_id=29;clients=50
1777330823614,PUT,111,4,benchKey_37_10,bytes=30;client_id=37;clients=50
1777330823617,PUT,114,4,benchKey_1_10,bytes=29;client_id=1;clients=50
1777330823620,PUT,111,4,benchKey_14_10,bytes=30;client_id=14;clients=50
1777330823620,PUT,111,4,benchKey_34_10,bytes=30;client_id=34;clients=50
1777330823623,PUT,113,4,benchKey_45_10,bytes=30;client_id=45;clients=50
1777330823624,PUT,111,4,benchKey_4_10,bytes=29;client_id=4;clients=50
1777330823624,PUT,111,4,benchKey_18_10,bytes=30;client_id=18;clients=50
1777330823626,PUT,112,4,benchKey_43_10,bytes=30;client_id=43;clients=50
1777330823626,PUT,112,4,benchKey_47_10,bytes=30;client_id=47;clients=50
1777330823630,PUT,103,4,benchKey_8_10,bytes=29;client_id=8;clients=50
1777330823631,PUT,101,4,benchKey_44_10,bytes=30;client_id=44;clients=50
1777330823633,PUT,103,4,benchKey_33_10,bytes=30;client_id=33;clients=50
1777330823635,PUT,99,4,benchKey_5_10,bytes=29;client_id=5;clients=50
1777330823636,PUT,100,4,benchKey_11_10,bytes=30;client_id=11;clients=50
1777330823638,PUT,101,4,benchKey_16_10,bytes=30;client_id=16;clients=50
1777330823640,PUT,101,4,benchKey_24_10,bytes=30;client_id=24;clients=50
1777330823641,PUT,102,4,benchKey_2_10,bytes=29;client_id=2;clients=50
1777330823641,PUT,100,4,benchKey_49_10,bytes=30;client_id=49;clients=50
1777330823641,PUT,101,4,benchKey_31_10,bytes=30;client_id=31;clients=50
1777330823652,PUT,108,4,benchKey_7_10,bytes=29;client_id=7;clients=50
1777330823657,PUT,111,4,benchKey_0_10,bytes=29;client_id=0;clients=50
1777330823659,PUT,112,4,benchKey_10_10,bytes=30;client_id=10;clients=50
1777330823662,PUT,111,4,benchKey_35_10,bytes=30;client_id=35;clients=50
1777330823663,PUT,111,4,benchKey_22_10,bytes=30;client_id=22;clients=50
1777330823664,PUT,69,4,benchKey_20_11,bytes=30;client_id=20;clients=50
1777330823666,PUT,110,4,benchKey_19_11,bytes=30;client_id=19;clients=50
1777330823666,PUT,113,4,benchKey_42_10,bytes=30;client_id=42;clients=50
1777330823666,PUT,112,4,benchKey_12_10,bytes=30;client_id=12;clients=50
1777330823668,PUT,110,4,benchKey_39_10,bytes=30;client_id=39;clients=50
1777330823669,PUT,112,4,benchKey_27_10,bytes=30;client_id=27;clients=50
1777330823672,PUT,103,4,benchKey_15_10,bytes=30;client_id=15;clients=50
1777330823674,PUT,102,4,benchKey_38_10,bytes=30;client_id=38;clients=50
1777330823675,PUT,101,4,benchKey_9_10,bytes=29;client_id=9;clients=50
1777330823678,PUT,99,4,benchKey_6_10,bytes=29;client_id=6;clients=50
1777330823680,PUT,101,4,benchKey_3_11,bytes=29;client_id=3;clients=50
1777330823680,PUT,97,4,benchKey_23_11,bytes=30;client_id=23;clients=50
1777330823683,PUT,98,4,benchKey_13_10,bytes=30;client_id=13;clients=50
1777330823684,PUT,101,4,benchKey_25_11,bytes=30;client_id=25;clients=50
1777330823685,PUT,101,4,benchKey_21_11,bytes=30;client_id=21;clients=50
1777330823684,PUT,100,4,benchKey_36_10,bytes=30;client_id=36;clients=50
1777330823694,PUT,106,4,benchKey_26_11,bytes=30;client_id=26;clients=50
1777330823700,PUT,111,4,benchKey_48_11,bytes=30;client_id=48;clients=50
1777330823702,PUT,111,4,benchKey_32_10,bytes=30;client_id=32;clients=50
1777330823704,PUT,110,4,benchKey_46_11,bytes=30;client_id=46;clients=50
1777330823707,PUT,111,4,benchKey_40_11,bytes=30;client_id=40;clients=50
1777330823709,PUT,110,4,benchKey_28_11,bytes=30;client_id=28;clients=50
1777330823710,PUT,112,4,benchKey_30_11,bytes=30;client_id=30;clients=50
1777330823711,PUT,113,4,benchKey_41_10,bytes=30;client_id=41;clients=50
1777330823711,PUT,101,4,benchKey_29_11,bytes=30;client_id=29;clients=50
1777330823712,PUT,111,4,benchKey_17_11,bytes=30;client_id=17;clients=50
1777330823715,PUT,101,4,benchKey_37_11,bytes=30;client_id=37;clients=50
1777330823717,PUT,100,4,benchKey_1_11,bytes=29;client_id=1;clients=50
1777330823718,PUT,97,4,benchKey_14_11,bytes=30;client_id=14;clients=50
1777330823721,PUT,100,4,benchKey_34_11,bytes=30;client_id=34;clients=50
1777330823722,PUT,97,4,benchKey_4_11,bytes=29;client_id=4;clients=50
1777330823723,PUT,99,4,benchKey_45_11,bytes=30;client_id=45;clients=50
1777330823726,PUT,101,4,benchKey_18_11,bytes=30;client_id=18;clients=50
1777330823727,PUT,101,4,benchKey_47_11,bytes=30;client_id=47;clients=50
1777330823728,PUT,101,4,benchKey_43_11,bytes=30;client_id=43;clients=50
1777330823729,PUT,98,4,benchKey_8_11,bytes=29;client_id=8;clients=50
1777330823736,PUT,105,4,benchKey_44_11,bytes=30;client_id=44;clients=50
1777330823743,PUT,110,4,benchKey_33_11,bytes=30;client_id=33;clients=50
1777330823744,PUT,108,4,benchKey_5_11,bytes=29;client_id=5;clients=50
1777330823746,PUT,109,4,benchKey_11_11,bytes=30;client_id=11;clients=50
1777330823750,PUT,111,4,benchKey_16_11,bytes=30;client_id=16;clients=50
1777330823751,PUT,109,4,benchKey_2_11,bytes=29;client_id=2;clients=50
1777330823751,PUT,110,4,benchKey_24_11,bytes=30;client_id=24;clients=50
1777330823753,PUT,100,4,benchKey_7_11,bytes=29;client_id=7;clients=50
1777330823753,PUT,111,4,benchKey_31_11,bytes=30;client_id=31;clients=50
1777330823754,PUT,112,4,benchKey_49_11,bytes=30;client_id=49;clients=50
1777330823758,PUT,100,4,benchKey_0_11,bytes=29;client_id=0;clients=50
1777330823761,PUT,101,4,benchKey_10_11,bytes=30;client_id=10;clients=50
1777330823763,PUT,100,4,benchKey_35_11,bytes=30;client_id=35;clients=50
1777330823763,PUT,99,4,benchKey_22_11,bytes=30;client_id=22;clients=50
1777330823764,PUT,99,4,benchKey_20_12,bytes=30;client_id=20;clients=50
1777330823765,PUT,98,4,benchKey_42_11,bytes=30;client_id=42;clients=50
1777330823768,PUT,101,4,benchKey_19_12,bytes=30;client_id=19;clients=50
1777330823770,PUT,101,4,benchKey_39_11,bytes=30;client_id=39;clients=50
1777330823771,PUT,104,4,benchKey_12_11,bytes=30;client_id=12;clients=50
1777330823771,PUT,101,4,benchKey_27_11,bytes=30;client_id=27;clients=50
1777330823778,PUT,105,4,benchKey_15_11,bytes=30;client_id=15;clients=50
1777330823785,PUT,110,4,benchKey_38_11,bytes=30;client_id=38;clients=50
1777330823786,PUT,110,4,benchKey_9_11,bytes=29;client_id=9;clients=50
1777330823789,PUT,110,4,benchKey_6_11,bytes=29;client_id=6;clients=50
1777330823793,PUT,113,4,benchKey_23_12,bytes=30;client_id=23;clients=50
1777330823793,PUT,110,4,benchKey_13_11,bytes=30;client_id=13;clients=50
1777330823793,PUT,113,4,benchKey_3_12,bytes=29;client_id=3;clients=50
1777330823795,PUT,110,4,benchKey_21_12,bytes=30;client_id=21;clients=50
1777330823795,PUT,110,4,benchKey_25_12,bytes=30;client_id=25;clients=50
1777330823796,PUT,110,4,benchKey_36_11,bytes=30;client_id=36;clients=50
1777330823801,PUT,106,4,benchKey_26_12,bytes=30;client_id=26;clients=50
1777330823804,PUT,103,4,benchKey_48_12,bytes=30;client_id=48;clients=50
1777330823806,PUT,104,4,benchKey_32_11,bytes=30;client_id=32;clients=50
1777330823806,PUT,101,4,benchKey_46_12,bytes=30;client_id=46;clients=50
1777330823807,PUT,100,4,benchKey_40_12,bytes=30;client_id=40;clients=50
1777330823808,PUT,98,4,benchKey_28_12,bytes=30;client_id=28;clients=50
1777330823812,PUT,100,4,benchKey_41_11,bytes=30;client_id=41;clients=50
1777330823812,PUT,102,4,benchKey_30_12,bytes=30;client_id=30;clients=50
1777330823813,PUT,101,4,benchKey_17_12,bytes=30;client_id=17;clients=50
1777330823813,PUT,101,4,benchKey_29_12,bytes=30;client_id=29;clients=50
1777330823820,PUT,104,4,benchKey_37_12,bytes=30;client_id=37;clients=50
1777330823828,PUT,110,4,benchKey_1_12,bytes=29;client_id=1;clients=50
1777330823829,PUT,111,4,benchKey_14_12,bytes=30;client_id=14;clients=50
1777330823831,PUT,110,4,benchKey_34_12,bytes=30;client_id=34;clients=50
1777330823835,PUT,113,4,benchKey_4_12,bytes=29;client_id=4;clients=50
1777330823835,PUT,112,4,benchKey_45_12,bytes=30;client_id=45;clients=50
1777330823837,PUT,109,4,benchKey_43_12,bytes=30;client_id=43;clients=50
1777330823838,PUT,110,4,benchKey_47_12,bytes=30;client_id=47;clients=50
1777330823838,PUT,111,4,benchKey_18_12,bytes=30;client_id=18;clients=50
1777330823839,PUT,110,4,benchKey_8_12,bytes=29;client_id=8;clients=50
1777330823844,PUT,108,4,benchKey_44_12,bytes=30;client_id=44;clients=50
1777330823847,PUT,103,4,benchKey_33_12,bytes=30;client_id=33;clients=50
1777330823848,PUT,101,4,benchKey_11_12,bytes=30;client_id=11;clients=50
1777330823849,PUT,104,4,benchKey_5_12,bytes=29;client_id=5;clients=50
1777330823849,PUT,97,4,benchKey_2_12,bytes=29;client_id=2;clients=50
1777330823850,PUT,99,4,benchKey_16_12,bytes=30;client_id=16;clients=50
1777330823854,PUT,100,4,benchKey_7_12,bytes=29;client_id=7;clients=50
1777330823855,PUT,101,4,benchKey_31_12,bytes=30;client_id=31;clients=50
1777330823855,PUT,103,4,benchKey_24_12,bytes=30;client_id=24;clients=50
1777330823856,PUT,101,4,benchKey_49_12,bytes=30;client_id=49;clients=50
1777330823864,PUT,106,4,benchKey_0_12,bytes=29;client_id=0;clients=50
1777330823871,PUT,108,4,benchKey_22_12,bytes=30;client_id=22;clients=50
1777330823871,PUT,109,4,benchKey_10_12,bytes=30;client_id=10;clients=50
1777330823873,PUT,109,4,benchKey_35_12,bytes=30;client_id=35;clients=50
1777330823877,PUT,111,4,benchKey_42_12,bytes=30;client_id=42;clients=50
1777330823879,PUT,114,4,benchKey_20_13,bytes=30;client_id=20;clients=50
1777330823879,PUT,110,4,benchKey_19_13,bytes=30;client_id=19;clients=50
1777330823880,PUT,108,4,benchKey_12_12,bytes=30;client_id=12;clients=50
1777330823880,PUT,109,4,benchKey_39_12,bytes=30;client_id=39;clients=50
1777330823880,PUT,108,4,benchKey_27_12,bytes=30;client_id=27;clients=50
1777330823886,PUT,107,4,benchKey_15_12,bytes=30;client_id=15;clients=50
1777330823890,PUT,104,4,benchKey_38_12,bytes=30;client_id=38;clients=50
1777330823890,PUT,103,4,benchKey_9_12,bytes=29;client_id=9;clients=50
1777330823891,PUT,97,4,benchKey_13_12,bytes=30;client_id=13;clients=50
1777330823891,PUT,97,4,benchKey_23_13,bytes=30;client_id=23;clients=50
1777330823894,PUT,104,4,benchKey_6_12,bytes=29;client_id=6;clients=50
1777330823896,PUT,100,4,benchKey_21_13,bytes=30;client_id=21;clients=50
1777330823897,PUT,101,4,benchKey_25_13,bytes=30;client_id=25;clients=50
1777330823897,PUT,103,4,benchKey_3_13,bytes=29;client_id=3;clients=50
1777330823897,PUT,101,4,benchKey_36_12,bytes=30;client_id=36;clients=50
1777330823906,PUT,104,4,benchKey_26_13,bytes=30;client_id=26;clients=50
1777330823913,PUT,108,4,benchKey_48_13,bytes=30;client_id=48;clients=50
1777330823913,PUT,106,4,benchKey_32_12,bytes=30;client_id=32;clients=50
1777330823914,PUT,107,4,benchKey_46_13,bytes=30;client_id=46;clients=50
1777330823919,PUT,112,4,benchKey_40_13,bytes=30;client_id=40;clients=50
1777330823921,PUT,113,4,benchKey_28_13,bytes=30;client_id=28;clients=50
1777330823921,PUT,108,4,benchKey_41_12,bytes=30;client_id=41;clients=50
1777330823922,PUT,108,4,benchKey_17_13,bytes=30;client_id=17;clients=50
1777330823922,PUT,108,4,benchKey_29_13,bytes=30;client_id=29;clients=50
1777330823922,PUT,109,4,benchKey_30_13,bytes=30;client_id=30;clients=50
1777330823928,PUT,107,4,benchKey_37_13,bytes=30;client_id=37;clients=50
1777330823931,PUT,102,4,benchKey_1_13,bytes=29;client_id=1;clients=50
1777330823934,PUT,98,4,benchKey_4_13,bytes=29;client_id=4;clients=50
1777330823934,PUT,102,4,benchKey_34_13,bytes=30;client_id=34;clients=50
1777330823934,PUT,105,4,benchKey_14_13,bytes=30;client_id=14;clients=50
1777330823935,PUT,99,4,benchKey_45_13,bytes=30;client_id=45;clients=50
1777330823937,PUT,99,4,benchKey_43_13,bytes=30;client_id=43;clients=50
1777330823938,PUT,99,4,benchKey_47_13,bytes=30;client_id=47;clients=50
1777330823939,PUT,100,4,benchKey_18_13,bytes=30;client_id=18;clients=50
1777330823939,PUT,99,4,benchKey_8_13,bytes=29;client_id=8;clients=50
1777330823948,PUT,103,4,benchKey_44_13,bytes=30;client_id=44;clients=50
1777330823955,PUT,107,4,benchKey_11_13,bytes=30;client_id=11;clients=50
1777330823955,PUT,108,4,benchKey_33_13,bytes=30;client_id=33;clients=50
1777330823955,PUT,106,4,benchKey_5_13,bytes=29;client_id=5;clients=50
1777330823961,PUT,112,4,benchKey_2_13,bytes=29;client_id=2;clients=50
1777330823962,PUT,112,4,benchKey_16_13,bytes=30;client_id=16;clients=50
1777330823962,PUT,108,4,benchKey_7_13,bytes=29;client_id=7;clients=50
1777330823963,PUT,107,4,benchKey_49_13,bytes=30;client_id=49;clients=50
1777330823963,PUT,108,4,benchKey_24_13,bytes=30;client_id=24;clients=50
1777330823963,PUT,108,4,benchKey_31_13,bytes=30;client_id=31;clients=50
1777330823970,PUT,106,4,benchKey_0_13,bytes=29;client_id=0;clients=50
1777330823973,PUT,101,4,benchKey_10_13,bytes=30;client_id=10;clients=50
1777330823976,PUT,103,4,benchKey_35_13,bytes=30;client_id=35;clients=50
1777330823976,PUT,97,4,benchKey_20_14,bytes=30;client_id=20;clients=50
1777330823976,PUT,99,4,benchKey_42_13,bytes=30;client_id=42;clients=50
1777330823977,PUT,105,4,benchKey_22_13,bytes=30;client_id=22;clients=50
1777330823978,PUT,98,4,benchKey_19_14,bytes=30;client_id=19;clients=50
1777330823979,PUT,99,4,benchKey_12_13,bytes=30;client_id=12;clients=50
1777330823980,PUT,100,4,benchKey_27_13,bytes=30;client_id=27;clients=50
1777330823980,PUT,100,4,benchKey_39_13,bytes=30;client_id=39;clients=50
1777330823990,PUT,104,4,benchKey_15_13,bytes=30;client_id=15;clients=50
1777330823997,PUT,107,4,benchKey_38_13,bytes=30;client_id=38;clients=50
1777330823998,PUT,106,4,benchKey_13_13,bytes=30;client_id=13;clients=50
1777330823997,PUT,107,4,benchKey_9_13,bytes=29;client_id=9;clients=50
1777330824004,PUT,112,4,benchKey_23_14,bytes=30;client_id=23;clients=50
1777330824005,PUT,108,4,benchKey_25_14,bytes=30;client_id=25;clients=50
1777330824005,PUT,109,4,benchKey_21_14,bytes=30;client_id=21;clients=50
1777330824006,PUT,111,4,benchKey_6_13,bytes=29;client_id=6;clients=50
1777330824006,PUT,108,4,benchKey_3_14,bytes=29;client_id=3;clients=50
1777330824007,PUT,109,4,benchKey_36_13,bytes=30;client_id=36;clients=50
1777330824012,PUT,106,4,benchKey_26_14,bytes=30;client_id=26;clients=50
1777330824015,PUT,101,4,benchKey_48_14,bytes=30;client_id=48;clients=50
1777330824018,PUT,98,4,benchKey_40_14,bytes=30;client_id=40;clients=50
1777330824018,PUT,103,4,benchKey_46_14,bytes=30;client_id=46;clients=50
1777330824018,PUT,105,4,benchKey_32_13,bytes=30;client_id=32;clients=50
1777330824019,PUT,97,4,benchKey_41_13,bytes=30;client_id=41;clients=50
1777330824020,PUT,98,4,benchKey_28_14,bytes=30;client_id=28;clients=50
1777330824021,PUT,98,4,benchKey_17_14,bytes=30;client_id=17;clients=50
1777330824023,PUT,101,4,benchKey_30_14,bytes=30;client_id=30;clients=50
1777330824023,PUT,101,4,benchKey_29_14,bytes=30;client_id=29;clients=50
1777330824032,PUT,103,4,benchKey_37_14,bytes=30;client_id=37;clients=50
1777330824039,PUT,107,4,benchKey_1_14,bytes=29;client_id=1;clients=50
1777330824039,PUT,104,4,benchKey_34_14,bytes=30;client_id=34;clients=50
1777330824039,PUT,104,4,benchKey_4_14,bytes=29;client_id=4;clients=50
1777330824046,PUT,111,4,benchKey_14_14,bytes=30;client_id=14;clients=50
1777330824047,PUT,108,4,benchKey_18_14,bytes=30;client_id=18;clients=50
1777330824047,PUT,110,4,benchKey_43_14,bytes=30;client_id=43;clients=50
1777330824048,PUT,113,4,benchKey_45_14,bytes=30;client_id=45;clients=50
1777330824049,PUT,110,4,benchKey_47_14,bytes=30;client_id=47;clients=50
1777330824049,PUT,110,4,benchKey_8_14,bytes=29;client_id=8;clients=50
1777330824054,PUT,106,4,benchKey_44_14,bytes=30;client_id=44;clients=50
1777330824056,PUT,100,4,benchKey_11_14,bytes=30;client_id=11;clients=50
1777330824060,PUT,104,4,benchKey_33_14,bytes=30;client_id=33;clients=50
1777330824061,PUT,99,4,benchKey_2_14,bytes=29;client_id=2;clients=50
1777330824062,PUT,99,4,benchKey_7_14,bytes=29;client_id=7;clients=50
1777330824062,PUT,106,4,benchKey_5_14,bytes=29;client_id=5;clients=50
1777330824062,PUT,100,4,benchKey_16_14,bytes=30;client_id=16;clients=50
1777330824064,PUT,100,4,benchKey_49_14,bytes=30;client_id=49;clients=50
1777330824067,PUT,103,4,benchKey_31_14,bytes=30;client_id=31;clients=50
1777330824067,PUT,103,4,benchKey_24_14,bytes=30;client_id=24;clients=50
1777330824075,PUT,104,4,benchKey_0_14,bytes=29;client_id=0;clients=50
1777330824081,PUT,105,4,benchKey_20_15,bytes=30;client_id=20;clients=50
1777330824081,PUT,105,4,benchKey_35_14,bytes=30;client_id=35;clients=50
1777330824082,PUT,109,4,benchKey_10_14,bytes=30;client_id=10;clients=50
1777330824088,PUT,112,4,benchKey_42_14,bytes=30;client_id=42;clients=50
1777330824090,PUT,113,4,benchKey_22_14,bytes=30;client_id=22;clients=50
1777330824090,PUT,110,4,benchKey_27_14,bytes=30;client_id=27;clients=50
1777330824090,PUT,112,4,benchKey_19_15,bytes=30;client_id=19;clients=50
1777330824091,PUT,111,4,benchKey_12_14,bytes=30;client_id=12;clients=50
1777330824091,PUT,110,4,benchKey_39_14,bytes=30;client_id=39;clients=50
1777330824096,PUT,105,4,benchKey_15_14,bytes=30;client_id=15;clients=50
1777330824098,PUT,100,4,benchKey_38_14,bytes=30;client_id=38;clients=50
1777330824101,PUT,103,4,benchKey_13_14,bytes=30;client_id=13;clients=50
1777330824104,PUT,99,4,benchKey_23_15,bytes=30;client_id=23;clients=50
1777330824104,PUT,99,4,benchKey_25_15,bytes=30;client_id=25;clients=50
1777330824105,PUT,106,4,benchKey_9_14,bytes=29;client_id=9;clients=50
1777330824104,PUT,98,4,benchKey_21_15,bytes=30;client_id=21;clients=50
1777330824107,PUT,101,4,benchKey_6_14,bytes=29;client_id=6;clients=50
1777330824108,PUT,102,4,benchKey_3_15,bytes=29;client_id=3;clients=50
1777330824109,PUT,102,4,benchKey_36_14,bytes=30;client_id=36;clients=50
1777330824117,PUT,104,4,benchKey_26_15,bytes=30;client_id=26;clients=50
1777330824123,PUT,108,4,benchKey_48_15,bytes=30;client_id=48;clients=50
1777330824123,PUT,105,4,benchKey_40_15,bytes=30;client_id=40;clients=50
1777330824125,PUT,106,4,benchKey_46_15,bytes=30;client_id=46;clients=50
1777330824130,PUT,111,4,benchKey_32_14,bytes=30;client_id=32;clients=50
1777330824132,PUT,113,4,benchKey_41_14,bytes=30;client_id=41;clients=50
1777330824133,PUT,109,4,benchKey_30_15,bytes=30;client_id=30;clients=50
1777330824134,PUT,111,4,benchKey_29_15,bytes=30;client_id=29;clients=50
1777330824134,PUT,113,4,benchKey_17_15,bytes=30;client_id=17;clients=50
1777330824134,PUT,114,4,benchKey_28_15,bytes=30;client_id=28;clients=50
1777330824138,PUT,106,4,benchKey_37_15,bytes=30;client_id=37;clients=50
1777330824140,PUT,100,4,benchKey_1_15,bytes=29;client_id=1;clients=50
1777330824143,PUT,103,4,benchKey_34_15,bytes=30;client_id=34;clients=50
1777330824146,PUT,98,4,benchKey_43_15,bytes=30;client_id=43;clients=50
1777330824146,PUT,106,4,benchKey_4_15,bytes=29;client_id=4;clients=50
1777330824146,PUT,99,4,benchKey_14_15,bytes=30;client_id=14;clients=50
1777330824147,PUT,99,4,benchKey_18_15,bytes=30;client_id=18;clients=50
1777330824148,PUT,99,4,benchKey_45_15,bytes=30;client_id=45;clients=50
1777330824150,PUT,101,4,benchKey_47_15,bytes=30;client_id=47;clients=50
1777330824151,PUT,101,4,benchKey_8_15,bytes=29;client_id=8;clients=50
1777330824160,PUT,105,4,benchKey_44_15,bytes=30;client_id=44;clients=50
1777330824165,PUT,108,4,benchKey_11_15,bytes=30;client_id=11;clients=50
1777330824166,PUT,105,4,benchKey_2_15,bytes=29;client_id=2;clients=50
1777330824166,PUT,105,4,benchKey_33_15,bytes=30;client_id=33;clients=50
1777330824173,PUT,111,4,benchKey_7_15,bytes=29;client_id=7;clients=50
1777330824175,PUT,112,4,benchKey_5_15,bytes=29;client_id=5;clients=50
1777330824175,PUT,112,4,benchKey_16_15,bytes=30;client_id=16;clients=50
1777330824176,PUT,109,4,benchKey_31_15,bytes=30;client_id=31;clients=50
1777330824176,PUT,109,4,benchKey_24_15,bytes=30;client_id=24;clients=50
1777330824177,PUT,113,4,benchKey_49_15,bytes=30;client_id=49;clients=50
1777330824180,PUT,105,4,benchKey_0_15,bytes=29;client_id=0;clients=50
1777330824181,PUT,99,4,benchKey_20_16,bytes=30;client_id=20;clients=50
1777330824185,PUT,103,4,benchKey_35_15,bytes=30;client_id=35;clients=50
1777330824188,PUT,105,4,benchKey_10_15,bytes=30;client_id=10;clients=50
1777330824188,PUT,97,4,benchKey_22_15,bytes=30;client_id=22;clients=50
1777330824188,PUT,99,4,benchKey_42_15,bytes=30;client_id=42;clients=50
1777330824190,PUT,99,4,benchKey_27_15,bytes=30;client_id=27;clients=50
1777330824190,PUT,99,4,benchKey_19_16,bytes=30;client_id=19;clients=50
1777330824191,PUT,99,4,benchKey_12_15,bytes=30;client_id=12;clients=50
1777330824192,PUT,100,4,benchKey_39_15,bytes=30;client_id=39;clients=50
1777330824202,PUT,105,4,benchKey_15_15,bytes=30;client_id=15;clients=50
1777330824206,PUT,108,4,benchKey_38_15,bytes=30;client_id=38;clients=50
1777330824208,PUT,106,4,benchKey_13_15,bytes=30;client_id=13;clients=50
1777330824208,PUT,103,4,benchKey_23_16,bytes=30;client_id=23;clients=50
1777330824215,PUT,110,4,benchKey_25_16,bytes=30;client_id=25;clients=50
1777330824216,PUT,111,4,benchKey_21_16,bytes=30;client_id=21;clients=50
1777330824216,PUT,111,4,benchKey_9_15,bytes=29;client_id=9;clients=50
1777330824217,PUT,108,4,benchKey_3_16,bytes=29;client_id=3;clients=50
1777330824218,PUT,111,4,benchKey_6_15,bytes=29;client_id=6;clients=50
1777330824218,PUT,108,4,benchKey_36_15,bytes=30;client_id=36;clients=50
1777330824222,PUT,104,4,benchKey_26_16,bytes=30;client_id=26;clients=50
1777330824222,PUT,98,4,benchKey_48_16,bytes=30;client_id=48;clients=50
1777330824227,PUT,103,4,benchKey_40_16,bytes=30;client_id=40;clients=50
1777330824230,PUT,97,4,benchKey_41_15,bytes=30;client_id=41;clients=50
1777330824230,PUT,99,4,benchKey_32_15,bytes=30;client_id=32;clients=50
1777330824230,PUT,105,4,benchKey_46_16,bytes=30;client_id=46;clients=50
1777330824231,PUT,97,4,benchKey_30_16,bytes=30;client_id=30;clients=50
1777330824232,PUT,97,4,benchKey_17_16,bytes=30;client_id=17;clients=50
1777330824232,PUT,97,4,benchKey_29_16,bytes=30;client_id=29;clients=50
1777330824233,PUT,98,4,benchKey_28_16,bytes=30;client_id=28;clients=50
1777330824244,PUT,105,4,benchKey_37_16,bytes=30;client_id=37;clients=50
1777330824249,PUT,106,4,benchKey_34_16,bytes=30;client_id=34;clients=50
1777330824249,PUT,109,4,benchKey_1_16,bytes=29;client_id=1;clients=50
1777330824250,PUT,103,4,benchKey_43_16,bytes=30;client_id=43;clients=50
1777330824257,PUT,109,4,benchKey_18_16,bytes=30;client_id=18;clients=50
1777330824257,PUT,110,4,benchKey_14_16,bytes=30;client_id=14;clients=50
1777330824257,PUT,110,4,benchKey_4_16,bytes=29;client_id=4;clients=50
1777330824258,PUT,109,4,benchKey_45_16,bytes=30;client_id=45;clients=50
1777330824260,PUT,109,4,benchKey_47_16,bytes=30;client_id=47;clients=50
1777330824260,PUT,108,4,benchKey_8_16,bytes=29;client_id=8;clients=50
1777330824265,PUT,104,4,benchKey_44_16,bytes=30;client_id=44;clients=50
1777330824265,PUT,99,4,benchKey_11_16,bytes=30;client_id=11;clients=50
1777330824270,PUT,103,4,benchKey_2_16,bytes=29;client_id=2;clients=50
1777330824273,PUT,107,4,benchKey_33_16,bytes=30;client_id=33;clients=50
1777330824273,PUT,99,4,benchKey_7_16,bytes=29;client_id=7;clients=50
1777330824273,PUT,97,4,benchKey_16_16,bytes=30;client_id=16;clients=50
1777330824273,PUT,98,4,benchKey_5_16,bytes=29;client_id=5;clients=50
1777330824275,PUT,98,4,benchKey_31_16,bytes=30;client_id=31;clients=50
1777330824276,PUT,100,4,benchKey_24_16,bytes=30;client_id=24;clients=50
1777330824276,PUT,99,4,benchKey_49_16,bytes=30;client_id=49;clients=50
1777330824287,PUT,106,4,benchKey_0_16,bytes=29;client_id=0;clients=50
1777330824292,PUT,110,4,benchKey_20_17,bytes=30;client_id=20;clients=50
1777330824292,PUT,106,4,benchKey_35_16,bytes=30;client_id=35;clients=50
1777330824292,PUT,103,4,benchKey_10_16,bytes=30;client_id=10;clients=50
1777330824298,PUT,110,4,benchKey_42_16,bytes=30;client_id=42;clients=50
1777330824298,PUT,110,4,benchKey_22_16,bytes=30;client_id=22;clients=50
1777330824300,PUT,109,4,benchKey_27_16,bytes=30;client_id=27;clients=50
1777330824301,PUT,111,4,benchKey_19_17,bytes=30;client_id=19;clients=50
1777330824303,PUT,112,4,benchKey_12_16,bytes=30;client_id=12;clients=50
1777330824303,PUT,111,4,benchKey_39_16,bytes=30;client_id=39;clients=50
1777330824308,PUT,105,4,benchKey_15_16,bytes=30;client_id=15;clients=50
1777330824309,PUT,102,4,benchKey_38_16,bytes=30;client_id=38;clients=50
1777330824313,PUT,104,4,benchKey_13_16,bytes=30;client_id=13;clients=50
1777330824316,PUT,100,4,benchKey_25_17,bytes=30;client_id=25;clients=50
1777330824317,PUT,100,4,benchKey_21_17,bytes=30;client_id=21;clients=50
1777330824318,PUT,101,4,benchKey_9_16,bytes=29;client_id=9;clients=50
1777330824318,PUT,101,4,benchKey_3_17,bytes=29;client_id=3;clients=50
1777330824320,PUT,102,4,benchKey_36_16,bytes=30;client_id=36;clients=50
1777330824321,PUT,113,4,benchKey_23_17,bytes=30;client_id=23;clients=50
1777330824322,PUT,104,4,benchKey_6_16,bytes=29;client_id=6;clients=50
1777330824329,PUT,106,4,benchKey_48_17,bytes=30;client_id=48;clients=50
1777330824334,PUT,111,4,benchKey_26_17,bytes=30;client_id=26;clients=50
1777330824334,PUT,103,4,benchKey_41_16,bytes=30;client_id=41;clients=50
1777330824336,PUT,108,4,benchKey_40_17,bytes=30;client_id=40;clients=50
1777330824342,PUT,111,4,benchKey_46_17,bytes=30;client_id=46;clients=50
1777330824342,PUT,111,4,benchKey_32_16,bytes=30;client_id=32;clients=50
1777330824343,PUT,112,4,benchKey_30_17,bytes=30;client_id=30;clients=50
1777330824344,PUT,112,4,benchKey_17_17,bytes=30;client_id=17;clients=50
1777330824346,PUT,113,4,benchKey_28_17,bytes=30;client_id=28;clients=50
1777330824347,PUT,114,4,benchKey_29_17,bytes=30;client_id=29;clients=50
1777330824351,PUT,107,4,benchKey_37_17,bytes=30;client_id=37;clients=50
1777330824351,PUT,102,4,benchKey_34_17,bytes=30;client_id=34;clients=50
1777330824355,PUT,105,4,benchKey_1_17,bytes=29;client_id=1;clients=50
1777330824359,PUT,109,4,benchKey_43_17,bytes=30;client_id=43;clients=50
1777330824360,PUT,103,4,benchKey_14_17,bytes=30;client_id=14;clients=50
1777330824361,PUT,103,4,benchKey_18_17,bytes=30;client_id=18;clients=50
1777330824362,PUT,104,4,benchKey_4_17,bytes=29;client_id=4;clients=50
1777330824363,PUT,104,4,benchKey_45_17,bytes=30;client_id=45;clients=50
1777330824364,PUT,104,4,benchKey_47_17,bytes=30;client_id=47;clients=50
1777330824364,PUT,103,4,benchKey_8_17,bytes=29;client_id=8;clients=50
1777330824372,PUT,107,4,benchKey_44_17,bytes=30;client_id=44;clients=50
1777330824376,PUT,111,4,benchKey_11_17,bytes=30;client_id=11;clients=50
1777330824377,PUT,106,4,benchKey_2_17,bytes=29;client_id=2;clients=50
1777330824378,PUT,105,4,benchKey_7_17,bytes=29;client_id=7;clients=50
1777330824385,PUT,111,4,benchKey_16_17,bytes=30;client_id=16;clients=50
1777330824385,PUT,111,4,benchKey_33_17,bytes=30;client_id=33;clients=50
1777330824387,PUT,113,4,benchKey_5_17,bytes=29;client_id=5;clients=50
1777330824388,PUT,113,4,benchKey_31_17,bytes=30;client_id=31;clients=50
1777330824389,PUT,112,4,benchKey_49_17,bytes=30;client_id=49;clients=50
1777330824389,PUT,112,4,benchKey_24_17,bytes=30;client_id=24;clients=50
1777330824394,PUT,102,4,benchKey_20_18,bytes=30;client_id=20;clients=50
1777330824395,PUT,108,4,benchKey_0_17,bytes=29;client_id=0;clients=50
1777330824399,PUT,106,4,benchKey_35_17,bytes=30;client_id=35;clients=50
1777330824402,PUT,109,4,benchKey_10_17,bytes=30;client_id=10;clients=50
1777330824402,PUT,103,4,benchKey_42_17,bytes=30;client_id=42;clients=50
1777330824404,PUT,104,4,benchKey_22_17,bytes=30;client_id=22;clients=50
1777330824405,PUT,103,4,benchKey_19_18,bytes=30;client_id=19;clients=50
1777330824405,PUT,105,4,benchKey_27_17,bytes=30;client_id=27;clients=50
1777330824407,PUT,103,4,benchKey_39_17,bytes=30;client_id=39;clients=50
1777330824407,PUT,103,4,benchKey_12_17,bytes=30;client_id=12;clients=50
1777330824415,PUT,106,4,benchKey_15_17,bytes=30;client_id=15;clients=50
1777330824419,PUT,105,4,benchKey_13_17,bytes=30;client_id=13;clients=50
1777330824420,PUT,111,4,benchKey_38_17,bytes=30;client_id=38;clients=50
1777330824421,PUT,105,4,benchKey_25_18,bytes=30;client_id=25;clients=50
1777330824428,PUT,110,4,benchKey_21_18,bytes=30;client_id=21;clients=50
1777330824428,PUT,110,4,benchKey_9_17,bytes=29;client_id=9;clients=50
1777330824429,PUT,111,4,benchKey_3_18,bytes=29;client_id=3;clients=50
1777330824430,PUT,108,4,benchKey_23_18,bytes=30;client_id=23;clients=50
1777330824433,PUT,112,4,benchKey_36_17,bytes=30;client_id=36;clients=50
1777330824433,PUT,110,4,benchKey_6_17,bytes=29;client_id=6;clients=50
1777330824436,PUT,102,4,benchKey_26_18,bytes=30;client_id=26;clients=50
1777330824437,PUT,107,4,benchKey_48_18,bytes=30;client_id=48;clients=50
1777330824442,PUT,108,4,benchKey_41_17,bytes=30;client_id=41;clients=50
1777330824443,PUT,107,4,benchKey_40_18,bytes=30;client_id=40;clients=50
1777330824445,PUT,103,4,benchKey_46_18,bytes=30;client_id=46;clients=50
1777330824446,PUT,103,4,benchKey_32_17,bytes=30;client_id=32;clients=50
1777330824447,PUT,103,4,benchKey_17_18,bytes=30;client_id=17;clients=50
1777330824448,PUT,104,4,benchKey_30_18,bytes=30;client_id=30;clients=50
1777330824449,PUT,103,4,benchKey_28_18,bytes=30;client_id=28;clients=50
1777330824449,PUT,102,4,benchKey_29_18,bytes=30;client_id=29;clients=50
1777330824458,PUT,106,4,benchKey_37_18,bytes=30;client_id=37;clients=50
1777330824460,PUT,108,4,benchKey_34_18,bytes=30;client_id=34;clients=50
1777330824463,PUT,107,4,benchKey_1_18,bytes=29;client_id=1;clients=50
1777330824463,PUT,103,4,benchKey_43_18,bytes=30;client_id=43;clients=50
1777330824471,PUT,111,4,benchKey_14_18,bytes=30;client_id=14;clients=50
1777330824471,PUT,110,4,benchKey_18_18,bytes=30;client_id=18;clients=50
1777330824473,PUT,110,4,benchKey_4_18,bytes=29;client_id=4;clients=50
1777330824474,PUT,111,4,benchKey_45_18,bytes=30;client_id=45;clients=50
1777330824475,PUT,110,4,benchKey_8_18,bytes=29;client_id=8;clients=50
1777330824475,PUT,111,4,benchKey_47_18,bytes=30;client_id=47;clients=50
1777330824478,PUT,105,4,benchKey_44_18,bytes=30;client_id=44;clients=50
1777330824478,PUT,101,4,benchKey_11_18,bytes=30;client_id=11;clients=50
1777330824484,PUT,107,4,benchKey_2_18,bytes=29;client_id=2;clients=50
1777330824486,PUT,107,4,benchKey_7_18,bytes=29;client_id=7;clients=50
1777330824487,PUT,101,4,benchKey_16_18,bytes=30;client_id=16;clients=50
1777330824489,PUT,102,4,benchKey_5_18,bytes=29;client_id=5;clients=50
1777330824489,PUT,104,4,benchKey_33_18,bytes=30;client_id=33;clients=50
1777330824490,PUT,101,4,benchKey_31_18,bytes=30;client_id=31;clients=50
1777330824491,PUT,102,4,benchKey_24_18,bytes=30;client_id=24;clients=50
1777330824492,PUT,103,4,benchKey_49_18,bytes=30;client_id=49;clients=50
1777330824500,PUT,106,4,benchKey_20_19,bytes=30;client_id=20;clients=50
1777330824502,PUT,107,4,benchKey_0_18,bytes=29;client_id=0;clients=50
1777330824505,PUT,103,4,benchKey_10_18,bytes=30;client_id=10;clients=50
1777330824506,PUT,107,4,benchKey_35_18,bytes=30;client_id=35;clients=50
1777330824514,PUT,109,4,benchKey_19_19,bytes=30;client_id=19;clients=50
1777330824514,PUT,110,4,benchKey_22_18,bytes=30;client_id=22;clients=50
1777330824515,PUT,112,4,benchKey_42_18,bytes=30;client_id=42;clients=50
1777330824517,PUT,110,4,benchKey_12_18,bytes=30;client_id=12;clients=50
1777330824517,PUT,112,4,benchKey_27_18,bytes=30;client_id=27;clients=50
1777330824518,PUT,111,4,benchKey_39_18,bytes=30;client_id=39;clients=50
1777330824520,PUT,105,4,benchKey_15_18,bytes=30;client_id=15;clients=50
1777330824521,PUT,102,4,benchKey_13_18,bytes=30;client_id=13;clients=50
1777330824526,PUT,106,4,benchKey_38_18,bytes=30;client_id=38;clients=50
1777330824528,PUT,107,4,benchKey_25_19,bytes=30;client_id=25;clients=50
1777330824528,PUT,100,4,benchKey_21_19,bytes=30;client_id=21;clients=50
1777330824531,PUT,100,4,benchKey_23_19,bytes=30;client_id=23;clients=50
1777330824531,PUT,103,4,benchKey_9_18,bytes=29;client_id=9;clients=50
1777330824532,PUT,102,4,benchKey_3_19,bytes=29;client_id=3;clients=50
1777330824532,PUT,99,4,benchKey_36_18,bytes=30;client_id=36;clients=50
1777330824534,PUT,101,4,benchKey_6_18,bytes=29;client_id=6;clients=50
1777330824542,PUT,105,4,benchKey_26_19,bytes=30;client_id=26;clients=50
1777330824543,PUT,106,4,benchKey_48_19,bytes=30;client_id=48;clients=50
1777330824547,PUT,104,4,benchKey_41_18,bytes=30;client_id=41;clients=50
1777330824549,PUT,105,4,benchKey_40_19,bytes=30;client_id=40;clients=50
1777330824556,PUT,108,4,benchKey_17_19,bytes=30;client_id=17;clients=50
1777330824556,PUT,110,4,benchKey_32_18,bytes=30;client_id=32;clients=50
1777330824557,PUT,111,4,benchKey_46_19,bytes=30;client_id=46;clients=50
1777330824559,PUT,110,4,benchKey_28_19,bytes=30;client_id=28;clients=50
1777330824559,PUT,111,4,benchKey_30_19,bytes=30;client_id=30;clients=50
1777330824560,PUT,110,4,benchKey_29_19,bytes=30;client_id=29;clients=50
1777330824562,PUT,102,4,benchKey_34_19,bytes=30;client_id=34;clients=50
1777330824562,PUT,103,4,benchKey_37_19,bytes=30;client_id=37;clients=50
1777330824568,PUT,105,4,benchKey_1_19,bytes=29;client_id=1;clients=50
1777330824570,PUT,98,4,benchKey_14_19,bytes=30;client_id=14;clients=50
1777330824571,PUT,107,4,benchKey_43_19,bytes=30;client_id=43;clients=50
1777330824573,PUT,101,4,benchKey_18_19,bytes=30;client_id=18;clients=50
1777330824574,PUT,99,4,benchKey_8_19,bytes=29;client_id=8;clients=50
1777330824574,PUT,101,4,benchKey_4_19,bytes=29;client_id=4;clients=50
1777330824576,PUT,101,4,benchKey_47_19,bytes=30;client_id=47;clients=50
1777330824576,PUT,101,4,benchKey_45_19,bytes=30;client_id=45;clients=50
1777330824584,PUT,105,4,benchKey_11_19,bytes=30;client_id=11;clients=50
1777330824584,PUT,106,4,benchKey_44_19,bytes=30;client_id=44;clients=50
1777330824589,PUT,104,4,benchKey_2_19,bytes=29;client_id=2;clients=50
1777330824591,PUT,104,4,benchKey_7_19,bytes=29;client_id=7;clients=50
1777330824599,PUT,112,4,benchKey_16_19,bytes=30;client_id=16;clients=50
1777330824599,PUT,109,4,benchKey_33_19,bytes=30;client_id=33;clients=50
1777330824600,PUT,110,4,benchKey_5_19,bytes=29;client_id=5;clients=50
1777330824601,PUT,109,4,benchKey_24_19,bytes=30;client_id=24;clients=50
1777330824601,PUT,110,4,benchKey_31_19,bytes=30;client_id=31;clients=50
1777330824602,PUT,109,4,benchKey_49_19,bytes=30;client_id=49;clients=50
1777330824604,PUT,101,4,benchKey_0_19,bytes=29;client_id=0;clients=50
1777330824604,PUT,103,4,benchKey_20_20,bytes=30;client_id=20;clients=50
1777330824610,PUT,104,4,benchKey_10_19,bytes=30;client_id=10;clients=50
1777330824613,PUT,107,4,benchKey_35_19,bytes=30;client_id=35;clients=50
1777330824614,PUT,99,4,benchKey_19_20,bytes=30;client_id=19;clients=50
1777330824616,PUT,101,4,benchKey_42_19,bytes=30;client_id=42;clients=50
1777330824616,PUT,101,4,benchKey_22_19,bytes=30;client_id=22;clients=50
1777330824616,PUT,99,4,benchKey_12_19,bytes=30;client_id=12;clients=50
1777330824617,PUT,99,4,benchKey_27_19,bytes=30;client_id=27;clients=50
1777330824618,PUT,99,4,benchKey_39_19,bytes=30;client_id=39;clients=50
1777330824626,PUT,106,4,benchKey_15_19,bytes=30;client_id=15;clients=50
1777330824627,PUT,106,4,benchKey_13_19,bytes=30;client_id=13;clients=50
1777330824632,PUT,106,4,benchKey_38_19,bytes=30;client_id=38;clients=50
1777330824633,PUT,104,4,benchKey_21_20,bytes=30;client_id=21;clients=50
1777330824641,PUT,110,4,benchKey_23_20,bytes=30;client_id=23;clients=50
1777330824642,PUT,113,4,benchKey_25_20,bytes=30;client_id=25;clients=50
1777330824642,PUT,110,4,benchKey_9_19,bytes=29;client_id=9;clients=50
1777330824642,PUT,109,4,benchKey_36_19,bytes=30;client_id=36;clients=50
1777330824643,PUT,110,4,benchKey_3_20,bytes=29;client_id=3;clients=50
1777330824643,PUT,108,4,benchKey_6_19,bytes=29;client_id=6;clients=50
1777330824645,PUT,102,4,benchKey_26_20,bytes=30;client_id=26;clients=50
1777330824646,PUT,102,4,benchKey_48_20,bytes=30;client_id=48;clients=50
1777330824652,PUT,104,4,benchKey_41_19,bytes=30;client_id=41;clients=50
1777330824655,PUT,98,4,benchKey_32_19,bytes=30;client_id=32;clients=50
1777330824655,PUT,106,4,benchKey_40_20,bytes=30;client_id=40;clients=50
1777330824658,PUT,98,4,benchKey_28_20,bytes=30;client_id=28;clients=50
1777330824658,PUT,98,4,benchKey_30_20,bytes=30;client_id=30;clients=50
1777330824659,PUT,102,4,benchKey_17_20,bytes=30;client_id=17;clients=50
1777330824659,PUT,102,4,benchKey_46_20,bytes=30;client_id=46;clients=50
1777330824660,PUT,99,4,benchKey_29_20,bytes=30;client_id=29;clients=50
1777330824668,PUT,106,4,benchKey_34_20,bytes=30;client_id=34;clients=50
1777330824669,PUT,106,4,benchKey_37_20,bytes=30;client_id=37;clients=50
1777330824674,PUT,103,4,benchKey_14_20,bytes=30;client_id=14;clients=50
1777330824675,PUT,106,4,benchKey_1_20,bytes=29;client_id=1;clients=50
1777330824683,PUT,111,4,benchKey_43_20,bytes=30;client_id=43;clients=50
1777330824684,PUT,107,4,benchKey_47_20,bytes=30;client_id=47;clients=50
1777330824684,PUT,110,4,benchKey_4_20,bytes=29;client_id=4;clients=50
1777330824684,PUT,110,4,benchKey_8_20,bytes=29;client_id=8;clients=50
1777330824684,PUT,108,4,benchKey_45_20,bytes=30;client_id=45;clients=50
1777330824684,PUT,110,4,benchKey_18_20,bytes=30;client_id=18;clients=50
1777330824687,PUT,102,4,benchKey_44_20,bytes=30;client_id=44;clients=50
1777330824688,PUT,103,4,benchKey_11_20,bytes=30;client_id=11;clients=50
1777330824694,PUT,104,4,benchKey_2_20,bytes=29;client_id=2;clients=50
1777330824697,PUT,97,4,benchKey_33_20,bytes=30;client_id=33;clients=50
1777330824697,PUT,106,4,benchKey_7_20,bytes=29;client_id=7;clients=50
1777330824700,PUT,100,4,benchKey_5_20,bytes=29;client_id=5;clients=50
1777330824701,PUT,99,4,benchKey_49_20,bytes=30;client_id=49;clients=50
1777330824701,PUT,100,4,benchKey_24_20,bytes=30;client_id=24;clients=50
1777330824701,PUT,101,4,benchKey_16_20,bytes=30;client_id=16;clients=50
1777330824701,PUT,100,4,benchKey_31_20,bytes=30;client_id=31;clients=50
1777330824710,PUT,106,4,benchKey_0_20,bytes=29;client_id=0;clients=50
1777330824711,PUT,106,4,benchKey_20_21,bytes=30;client_id=20;clients=50
1777330824716,PUT,103,4,benchKey_35_20,bytes=30;client_id=35;clients=50
1777330824716,PUT,106,4,benchKey_10_20,bytes=30;client_id=10;clients=50
1777330824724,PUT,110,4,benchKey_19_21,bytes=30;client_id=19;clients=50
1777330824726,PUT,109,4,benchKey_27_20,bytes=30;client_id=27;clients=50
1777330824727,PUT,110,4,benchKey_12_20,bytes=30;client_id=12;clients=50
1777330824727,PUT,108,4,benchKey_39_20,bytes=30;client_id=39;clients=50
1777330824727,PUT,110,4,benchKey_42_20,bytes=30;client_id=42;clients=50
1777330824727,PUT,110,4,benchKey_22_20,bytes=30;client_id=22;clients=50
1777330824729,PUT,101,4,benchKey_13_20,bytes=30;client_id=13;clients=50
1777330824730,PUT,103,4,benchKey_15_20,bytes=30;client_id=15;clients=50
1777330824737,PUT,104,4,benchKey_38_20,bytes=30;client_id=38;clients=50
1777330824738,PUT,105,4,benchKey_21_21,bytes=30;client_id=21;clients=50
1777330824738,PUT,96,4,benchKey_23_21,bytes=30;client_id=23;clients=50
1777330824741,PUT,99,4,benchKey_25_21,bytes=30;client_id=25;clients=50
1777330824744,PUT,101,4,benchKey_3_21,bytes=29;client_id=3;clients=50
1777330824745,PUT,102,4,benchKey_9_20,bytes=29;client_id=9;clients=50
1777330824744,PUT,101,4,benchKey_6_20,bytes=29;client_id=6;clients=50
1777330824744,PUT,102,4,benchKey_36_20,bytes=30;client_id=36;clients=50
1777330824752,PUT,106,4,benchKey_48_21,bytes=30;client_id=48;clients=50
1777330824752,PUT,107,4,benchKey_26_21,bytes=30;client_id=26;clients=50
1777330824759,PUT,103,4,benchKey_32_20,bytes=30;client_id=32;clients=50
1777330824759,PUT,107,4,benchKey_41_20,bytes=30;client_id=41;clients=50
1777330824766,PUT,111,4,benchKey_40_21,bytes=30;client_id=40;clients=50
1777330824770,PUT,110,4,benchKey_46_21,bytes=30;client_id=46;clients=50
1777330824770,PUT,110,4,benchKey_17_21,bytes=30;client_id=17;clients=50
1777330824770,PUT,110,4,benchKey_29_21,bytes=30;client_id=29;clients=50
1777330824771,PUT,102,4,benchKey_34_21,bytes=30;client_id=34;clients=50
1777330824771,PUT,112,4,benchKey_30_21,bytes=30;client_id=30;clients=50
1777330824772,PUT,113,4,benchKey_28_21,bytes=30;client_id=28;clients=50
1777330824774,PUT,104,4,benchKey_37_21,bytes=30;client_id=37;clients=50
1777330824779,PUT,104,4,benchKey_14_21,bytes=30;client_id=14;clients=50
1777330824782,PUT,106,4,benchKey_1_21,bytes=29;client_id=1;clients=50
1777330824782,PUT,99,4,benchKey_43_21,bytes=30;client_id=43;clients=50
1777330824785,PUT,100,4,benchKey_47_21,bytes=30;client_id=47;clients=50
1777330824787,PUT,102,4,benchKey_4_21,bytes=29;client_id=4;clients=50
1777330824789,PUT,104,4,benchKey_18_21,bytes=30;client_id=18;clients=50
1777330824788,PUT,103,4,benchKey_45_21,bytes=30;client_id=45;clients=50
1777330824788,PUT,103,4,benchKey_8_21,bytes=29;client_id=8;clients=50
1777330824795,PUT,106,4,benchKey_11_21,bytes=30;client_id=11;clients=50
1777330824796,PUT,109,4,benchKey_44_21,bytes=30;client_id=44;clients=50
1777330824801,PUT,106,4,benchKey_2_21,bytes=29;client_id=2;clients=50
1777330824802,PUT,105,4,benchKey_33_21,bytes=30;client_id=33;clients=50
1777330824808,PUT,111,4,benchKey_7_21,bytes=29;client_id=7;clients=50
1777330824812,PUT,110,4,benchKey_24_21,bytes=30;client_id=24;clients=50
1777330824812,PUT,110,4,benchKey_49_21,bytes=30;client_id=49;clients=50
1777330824813,PUT,111,4,benchKey_31_21,bytes=30;client_id=31;clients=50
1777330824813,PUT,111,4,benchKey_16_21,bytes=30;client_id=16;clients=50
1777330824814,PUT,103,4,benchKey_0_21,bytes=29;client_id=0;clients=50
1777330824815,PUT,114,4,benchKey_5_21,bytes=29;client_id=5;clients=50
1777330824816,PUT,105,4,benchKey_20_22,bytes=30;client_id=20;clients=50
1777330824820,PUT,103,4,benchKey_35_21,bytes=30;client_id=35;clients=50
1777330824824,PUT,107,4,benchKey_10_21,bytes=30;client_id=10;clients=50
1777330824824,PUT,99,4,benchKey_19_22,bytes=30;client_id=19;clients=50
1777330824827,PUT,100,4,benchKey_27_21,bytes=30;client_id=27;clients=50
1777330824831,PUT,104,4,benchKey_22_21,bytes=30;client_id=22;clients=50
1777330824831,PUT,104,4,benchKey_12_21,bytes=30;client_id=12;clients=50
1777330824831,PUT,104,4,benchKey_39_21,bytes=30;client_id=39;clients=50
1777330824831,PUT,104,4,benchKey_42_21,bytes=30;client_id=42;clients=50
1777330824838,PUT,108,4,benchKey_15_21,bytes=30;client_id=15;clients=50
1777330824838,PUT,109,4,benchKey_13_21,bytes=30;client_id=13;clients=50
1777330824843,PUT,106,4,benchKey_38_21,bytes=30;client_id=38;clients=50
1777330824845,PUT,106,4,benchKey_21_22,bytes=30;client_id=21;clients=50
1777330824850,PUT,111,4,benchKey_23_22,bytes=30;client_id=23;clients=50
1777330824855,PUT,110,4,benchKey_6_21,bytes=29;client_id=6;clients=50
1777330824855,PUT,110,4,benchKey_3_22,bytes=29;client_id=3;clients=50
1777330824855,PUT,110,4,benchKey_9_21,bytes=29;client_id=9;clients=50
1777330824855,PUT,113,4,benchKey_25_22,bytes=30;client_id=25;clients=50
1777330824856,PUT,110,4,benchKey_36_21,bytes=30;client_id=36;clients=50
1777330824856,PUT,103,4,benchKey_48_22,bytes=30;client_id=48;clients=50
1777330824857,PUT,104,4,benchKey_26_22,bytes=30;client_id=26;clients=50
1777330824862,PUT,103,4,benchKey_32_21,bytes=30;client_id=32;clients=50
1777330824867,PUT,100,4,benchKey_40_22,bytes=30;client_id=40;clients=50
1777330824867,PUT,107,4,benchKey_41_21,bytes=30;client_id=41;clients=50
1777330824869,PUT,99,4,benchKey_46_22,bytes=30;client_id=46;clients=50
1777330824873,PUT,103,4,benchKey_17_22,bytes=30;client_id=17;clients=50
1777330824873,PUT,102,4,benchKey_30_22,bytes=30;client_id=30;clients=50
1777330824873,PUT,102,4,benchKey_34_22,bytes=30;client_id=34;clients=50
1777330824875,PUT,104,4,benchKey_29_22,bytes=30;client_id=29;clients=50
1777330824881,PUT,108,4,benchKey_28_22,bytes=30;client_id=28;clients=50
1777330824881,PUT,107,4,benchKey_37_22,bytes=30;client_id=37;clients=50
1777330824885,PUT,106,4,benchKey_14_22,bytes=30;client_id=14;clients=50
1777330824887,PUT,104,4,benchKey_1_22,bytes=29;client_id=1;clients=50
1777330824892,PUT,109,4,benchKey_43_22,bytes=30;client_id=43;clients=50
1777330824897,PUT,112,4,benchKey_47_22,bytes=30;client_id=47;clients=50
1777330824897,PUT,107,4,benchKey_4_22,bytes=29;client_id=4;clients=50
1777330824897,PUT,107,4,benchKey_18_22,bytes=30;client_id=18;clients=50
1777330824897,PUT,102,4,benchKey_11_22,bytes=30;client_id=11;clients=50
1777330824897,PUT,107,4,benchKey_45_22,bytes=30;client_id=45;clients=50
1777330824898,PUT,108,4,benchKey_8_22,bytes=29;client_id=8;clients=50
1777330824898,PUT,101,4,benchKey_44_22,bytes=30;client_id=44;clients=50
1777330824904,PUT,103,4,benchKey_2_22,bytes=29;client_id=2;clients=50
1777330824909,PUT,106,4,benchKey_33_22,bytes=30;client_id=33;clients=50
1777330824909,PUT,100,4,benchKey_7_22,bytes=29;client_id=7;clients=50
1777330824910,PUT,97,4,benchKey_24_22,bytes=30;client_id=24;clients=50
1777330824915,PUT,101,4,benchKey_31_22,bytes=30;client_id=31;clients=50
1777330824915,PUT,101,4,benchKey_16_22,bytes=30;client_id=16;clients=50
1777330824915,PUT,102,4,benchKey_49_22,bytes=30;client_id=49;clients=50
1777330824916,PUT,102,4,benchKey_0_22,bytes=29;client_id=0;clients=50
1777330824924,PUT,107,4,benchKey_20_23,bytes=30;client_id=20;clients=50
1777330824924,PUT,108,4,benchKey_5_22,bytes=29;client_id=5;clients=50
1777330824927,PUT,106,4,benchKey_35_22,bytes=30;client_id=35;clients=50
1777330824929,PUT,104,4,benchKey_10_22,bytes=30;client_id=10;clients=50
1777330824934,PUT,109,4,benchKey_19_23,bytes=30;client_id=19;clients=50
1777330824939,PUT,112,4,benchKey_27_22,bytes=30;client_id=27;clients=50
1777330824940,PUT,108,4,benchKey_39_22,bytes=30;client_id=39;clients=50
1777330824940,PUT,101,4,benchKey_13_22,bytes=30;client_id=13;clients=50
1777330824939,PUT,108,4,benchKey_22_22,bytes=30;client_id=22;clients=50
1777330824939,PUT,107,4,benchKey_12_22,bytes=30;client_id=12;clients=50
1777330824939,PUT,107,4,benchKey_42_22,bytes=30;client_id=42;clients=50
1777330824941,PUT,102,4,benchKey_15_22,bytes=30;client_id=15;clients=50
1777330824946,PUT,102,4,benchKey_38_22,bytes=30;client_id=38;clients=50
1777330824951,PUT,95,4,benchKey_3_23,bytes=29;client_id=3;clients=50
1777330824952,PUT,106,4,benchKey_21_23,bytes=30;client_id=21;clients=50
1777330824952,PUT,101,4,benchKey_23_23,bytes=30;client_id=23;clients=50
1777330824957,PUT,101,4,benchKey_9_22,bytes=29;client_id=9;clients=50
1777330824958,PUT,102,4,benchKey_25_23,bytes=30;client_id=25;clients=50
1777330824958,PUT,102,4,benchKey_6_22,bytes=29;client_id=6;clients=50
1777330824959,PUT,103,4,benchKey_36_22,bytes=30;client_id=36;clients=50
1777330824966,PUT,109,4,benchKey_26_23,bytes=30;client_id=26;clients=50
1777330824966,PUT,110,4,benchKey_48_23,bytes=30;client_id=48;clients=50
1777330824969,PUT,106,4,benchKey_32_22,bytes=30;client_id=32;clients=50
1777330824971,PUT,103,4,benchKey_40_23,bytes=30;client_id=40;clients=50
1777330824976,PUT,108,4,benchKey_41_22,bytes=30;client_id=41;clients=50
1777330824981,PUT,107,4,benchKey_30_23,bytes=30;client_id=30;clients=50
1777330824981,PUT,106,4,benchKey_29_23,bytes=30;client_id=29;clients=50
1777330824982,PUT,108,4,benchKey_34_23,bytes=30;client_id=34;clients=50
1777330824982,PUT,108,4,benchKey_17_23,bytes=30;client_id=17;clients=50
1777330824982,PUT,101,4,benchKey_37_23,bytes=30;client_id=37;clients=50
1777330824983,PUT,113,4,benchKey_46_23,bytes=30;client_id=46;clients=50
1777330824984,PUT,102,4,benchKey_28_23,bytes=30;client_id=28;clients=50
1777330824990,PUT,104,4,benchKey_14_23,bytes=30;client_id=14;clients=50
1777330824993,PUT,100,4,benchKey_43_23,bytes=30;client_id=43;clients=50
1777330824993,PUT,106,4,benchKey_1_23,bytes=29;client_id=1;clients=50
1777330824995,PUT,97,4,benchKey_4_23,bytes=29;client_id=4;clients=50
1777330824999,PUT,101,4,benchKey_18_23,bytes=30;client_id=18;clients=50
1777330824999,PUT,101,4,benchKey_47_23,bytes=30;client_id=47;clients=50
1777330825001,PUT,103,4,benchKey_45_23,bytes=30;client_id=45;clients=50
1777330825001,PUT,103,4,benchKey_11_23,bytes=30;client_id=11;clients=50
1777330825008,PUT,110,4,benchKey_8_23,bytes=29;client_id=8;clients=50
1777330825008,PUT,110,4,benchKey_44_23,bytes=30;client_id=44;clients=50
1777330825011,PUT,106,4,benchKey_2_23,bytes=29;client_id=2;clients=50
1777330825013,PUT,103,4,benchKey_33_23,bytes=30;client_id=33;clients=50
1777330825018,PUT,108,4,benchKey_7_23,bytes=29;client_id=7;clients=50
1777330825024,PUT,108,4,benchKey_31_23,bytes=30;client_id=31;clients=50
1777330825024,PUT,114,4,benchKey_24_23,bytes=30;client_id=24;clients=50
1777330825024,PUT,100,4,benchKey_20_24,bytes=30;client_id=20;clients=50
1777330825024,PUT,108,4,benchKey_16_23,bytes=30;client_id=16;clients=50
1777330825026,PUT,110,4,benchKey_49_23,bytes=30;client_id=49;clients=50
1777330825026,PUT,102,4,benchKey_5_23,bytes=29;client_id=5;clients=50
1777330825026,PUT,110,4,benchKey_0_23,bytes=29;client_id=0;clients=50
1777330825031,PUT,104,4,benchKey_35_23,bytes=30;client_id=35;clients=50
1777330825035,PUT,105,4,benchKey_10_23,bytes=30;client_id=10;clients=50
1777330825035,PUT,100,4,benchKey_19_24,bytes=30;client_id=19;clients=50
1777330825036,PUT,96,4,benchKey_27_23,bytes=30;client_id=27;clients=50
1777330825041,PUT,101,4,benchKey_39_23,bytes=30;client_id=39;clients=50
1777330825041,PUT,100,4,benchKey_13_23,bytes=30;client_id=13;clients=50
1777330825043,PUT,102,4,benchKey_22_23,bytes=30;client_id=22;clients=50
1777330825043,PUT,102,4,benchKey_12_23,bytes=30;client_id=12;clients=50
1777330825051,PUT,109,4,benchKey_15_23,bytes=30;client_id=15;clients=50
1777330825051,PUT,110,4,benchKey_42_23,bytes=30;client_id=42;clients=50
1777330825053,PUT,106,4,benchKey_38_23,bytes=30;client_id=38;clients=50
1777330825055,PUT,103,4,benchKey_3_24,bytes=29;client_id=3;clients=50
1777330825060,PUT,108,4,benchKey_21_24,bytes=30;client_id=21;clients=50
1777330825066,PUT,108,4,benchKey_9_23,bytes=29;client_id=9;clients=50
1777330825068,PUT,109,4,benchKey_25_24,bytes=30;client_id=25;clients=50
1777330825068,PUT,101,4,benchKey_26_24,bytes=30;client_id=26;clients=50
1777330825068,PUT,108,4,benchKey_36_23,bytes=30;client_id=36;clients=50
1777330825068,PUT,110,4,benchKey_6_23,bytes=29;client_id=6;clients=50
1777330825068,PUT,116,4,benchKey_23_24,bytes=30;client_id=23;clients=50
1777330825068,PUT,102,4,benchKey_48_24,bytes=30;client_id=48;clients=50
1777330825073,PUT,103,4,benchKey_32_23,bytes=30;client_id=32;clients=50
1777330825077,PUT,95,4,benchKey_30_24,bytes=30;client_id=30;clients=50
1777330825077,PUT,105,4,benchKey_40_24,bytes=30;client_id=40;clients=50
1777330825077,PUT,100,4,benchKey_41_23,bytes=30;client_id=41;clients=50
1777330825083,PUT,100,4,benchKey_34_24,bytes=30;client_id=34;clients=50
1777330825083,PUT,101,4,benchKey_29_24,bytes=30;client_id=29;clients=50
1777330825085,PUT,102,4,benchKey_17_24,bytes=30;client_id=17;clients=50
1777330825086,PUT,103,4,benchKey_37_24,bytes=30;client_id=37;clients=50
1777330825093,PUT,110,4,benchKey_46_24,bytes=30;client_id=46;clients=50
1777330825093,PUT,109,4,benchKey_28_24,bytes=30;client_id=28;clients=50
1777330825095,PUT,104,4,benchKey_14_24,bytes=30;client_id=14;clients=50
1777330825097,PUT,103,4,benchKey_1_24,bytes=29;client_id=1;clients=50
1777330825102,PUT,108,4,benchKey_43_24,bytes=30;client_id=43;clients=50
1777330825107,PUT,111,4,benchKey_4_24,bytes=29;client_id=4;clients=50
1777330825110,PUT,101,4,benchKey_8_24,bytes=29;client_id=8;clients=50
1777330825110,PUT,108,4,benchKey_11_24,bytes=30;client_id=11;clients=50
1777330825110,PUT,101,4,benchKey_44_24,bytes=30;client_id=44;clients=50
1777330825110,PUT,110,4,benchKey_47_24,bytes=30;client_id=47;clients=50
1777330825111,PUT,111,4,benchKey_18_24,bytes=30;client_id=18;clients=50
1777330825111,PUT,109,4,benchKey_45_24,bytes=30;client_id=45;clients=50
1777330825114,PUT,102,4,benchKey_2_24,bytes=29;client_id=2;clients=50
1777330825119,PUT,94,4,benchKey_24_24,bytes=30;client_id=24;clients=50
1777330825119,PUT,100,4,benchKey_7_24,bytes=29;client_id=7;clients=50
1777330825120,PUT,106,4,benchKey_33_24,bytes=30;client_id=33;clients=50
1777330825124,PUT,98,4,benchKey_20_25,bytes=30;client_id=20;clients=50
1777330825124,PUT,99,4,benchKey_31_24,bytes=30;client_id=31;clients=50
1777330825126,PUT,100,4,benchKey_16_24,bytes=30;client_id=16;clients=50
1777330825128,PUT,101,4,benchKey_49_24,bytes=30;client_id=49;clients=50
1777330825135,PUT,108,4,benchKey_0_24,bytes=29;client_id=0;clients=50
1777330825135,PUT,108,4,benchKey_5_24,bytes=29;client_id=5;clients=50
1777330825137,PUT,105,4,benchKey_35_24,bytes=30;client_id=35;clients=50
1777330825138,PUT,102,4,benchKey_10_24,bytes=30;client_id=10;clients=50
1777330825143,PUT,108,4,benchKey_19_25,bytes=30;client_id=19;clients=50
1777330825150,PUT,114,4,benchKey_27_24,bytes=30;client_id=27;clients=50
1777330825152,PUT,108,4,benchKey_22_24,bytes=30;client_id=22;clients=50
1777330825152,PUT,110,4,benchKey_39_24,bytes=30;client_id=39;clients=50
1777330825153,PUT,101,4,benchKey_42_24,bytes=30;client_id=42;clients=50
1777330825153,PUT,101,4,benchKey_15_24,bytes=30;client_id=15;clients=50
1777330825153,PUT,111,4,benchKey_13_24,bytes=30;client_id=13;clients=50
1777330825153,PUT,109,4,benchKey_12_24,bytes=30;client_id=12;clients=50
1777330825157,PUT,104,4,benchKey_38_24,bytes=30;client_id=38;clients=50
1777330825161,PUT,105,4,benchKey_3_25,bytes=29;client_id=3;clients=50
1777330825162,PUT,95,4,benchKey_9_24,bytes=29;client_id=9;clients=50
1777330825162,PUT,101,4,benchKey_21_25,bytes=30;client_id=21;clients=50
1777330825165,PUT,96,4,benchKey_26_25,bytes=30;client_id=26;clients=50
1777330825165,PUT,96,4,benchKey_25_25,bytes=30;client_id=25;clients=50
1777330825167,PUT,98,4,benchKey_36_24,bytes=30;client_id=36;clients=50
1777330825169,PUT,100,4,benchKey_6_24,bytes=29;client_id=6;clients=50
1777330825176,PUT,107,4,benchKey_48_25,bytes=30;client_id=48;clients=50
1777330825177,PUT,108,4,benchKey_23_25,bytes=30;client_id=23;clients=50
1777330825178,PUT,104,4,benchKey_32_24,bytes=30;client_id=32;clients=50
1777330825179,PUT,101,4,benchKey_30_25,bytes=30;client_id=30;clients=50
1777330825185,PUT,107,4,benchKey_40_25,bytes=30;client_id=40;clients=50
1777330825192,PUT,114,4,benchKey_41_24,bytes=30;client_id=41;clients=50
1777330825194,PUT,111,4,benchKey_34_25,bytes=30;client_id=34;clients=50
1777330825194,PUT,111,4,benchKey_29_25,bytes=30;client_id=29;clients=50
1777330825195,PUT,101,4,benchKey_28_25,bytes=30;client_id=28;clients=50
1777330825195,PUT,101,4,benchKey_46_25,bytes=30;client_id=46;clients=50
1777330825195,PUT,110,4,benchKey_17_25,bytes=30;client_id=17;clients=50
1777330825195,PUT,109,4,benchKey_37_25,bytes=30;client_id=37;clients=50
1777330825198,PUT,103,4,benchKey_14_25,bytes=30;client_id=14;clients=50
1777330825203,PUT,101,4,benchKey_43_25,bytes=30;client_id=43;clients=50
1777330825203,PUT,96,4,benchKey_4_25,bytes=29;client_id=4;clients=50
1777330825203,PUT,106,4,benchKey_1_25,bytes=29;client_id=1;clients=50
1777330825207,PUT,96,4,benchKey_11_25,bytes=30;client_id=11;clients=50
1777330825207,PUT,96,4,benchKey_8_25,bytes=29;client_id=8;clients=50
1777330825208,PUT,97,4,benchKey_44_25,bytes=30;client_id=44;clients=50
1777330825211,PUT,100,4,benchKey_47_25,bytes=30;client_id=47;clients=50
1777330825217,PUT,106,4,benchKey_18_25,bytes=30;client_id=18;clients=50
1777330825219,PUT,107,4,benchKey_45_25,bytes=30;client_id=45;clients=50
1777330825220,PUT,105,4,benchKey_2_25,bytes=29;client_id=2;clients=50
1777330825220,PUT,100,4,benchKey_7_25,bytes=29;client_id=7;clients=50
1777330825227,PUT,107,4,benchKey_24_25,bytes=30;client_id=24;clients=50
1777330825234,PUT,114,4,benchKey_33_25,bytes=30;client_id=33;clients=50
1777330825236,PUT,108,4,benchKey_49_25,bytes=30;client_id=49;clients=50
1777330825236,PUT,109,4,benchKey_16_25,bytes=30;client_id=16;clients=50
1777330825236,PUT,111,4,benchKey_31_25,bytes=30;client_id=31;clients=50
1777330825236,PUT,112,4,benchKey_20_26,bytes=30;client_id=20;clients=50
1777330825237,PUT,101,4,benchKey_0_25,bytes=29;client_id=0;clients=50
1777330825237,PUT,101,4,benchKey_5_25,bytes=29;client_id=5;clients=50
1777330825241,PUT,104,4,benchKey_35_25,bytes=30;client_id=35;clients=50
1777330825245,PUT,101,4,benchKey_19_26,bytes=30;client_id=19;clients=50
1777330825245,PUT,107,4,benchKey_10_25,bytes=30;client_id=10;clients=50
1777330825245,PUT,95,4,benchKey_27_25,bytes=30;client_id=27;clients=50
1777330825248,PUT,95,4,benchKey_22_25,bytes=30;client_id=22;clients=50
1777330825249,PUT,96,4,benchKey_39_25,bytes=30;client_id=39;clients=50
1777330825250,PUT,96,4,benchKey_42_25,bytes=30;client_id=42;clients=50
1777330825254,PUT,100,4,benchKey_15_25,bytes=30;client_id=15;clients=50
1777330825259,PUT,105,4,benchKey_13_25,bytes=30;client_id=13;clients=50
1777330825260,PUT,106,4,benchKey_12_25,bytes=30;client_id=12;clients=50
1777330825262,PUT,104,4,benchKey_38_25,bytes=30;client_id=38;clients=50
1777330825262,PUT,100,4,benchKey_3_26,bytes=29;client_id=3;clients=50
1777330825269,PUT,107,4,benchKey_9_25,bytes=29;client_id=9;clients=50
1777330825277,PUT,114,4,benchKey_21_26,bytes=30;client_id=21;clients=50
1777330825279,PUT,114,4,benchKey_25_26,bytes=30;client_id=25;clients=50
1777330825279,PUT,110,4,benchKey_6_25,bytes=29;client_id=6;clients=50
1777330825279,PUT,112,4,benchKey_36_25,bytes=30;client_id=36;clients=50
1777330825280,PUT,114,4,benchKey_26_26,bytes=30;client_id=26;clients=50
1777330825279,PUT,102,4,benchKey_23_26,bytes=30;client_id=23;clients=50
1777330825280,PUT,104,4,benchKey_48_26,bytes=30;client_id=48;clients=50
1777330825282,PUT,104,4,benchKey_32_25,bytes=30;client_id=32;clients=50
1777330825286,PUT,101,4,benchKey_40_26,bytes=30;client_id=40;clients=50
1777330825287,PUT,108,4,benchKey_30_26,bytes=30;client_id=30;clients=50
1777330825289,PUT,96,4,benchKey_41_25,bytes=30;client_id=41;clients=50
1777330825289,PUT,95,4,benchKey_29_26,bytes=30;client_id=29;clients=50
1777330825290,PUT,96,4,benchKey_34_26,bytes=30;client_id=34;clients=50
1777330825293,PUT,97,4,benchKey_28_26,bytes=30;client_id=28;clients=50
1777330825296,PUT,101,4,benchKey_46_26,bytes=30;client_id=46;clients=50
1777330825300,PUT,105,4,benchKey_17_26,bytes=30;client_id=17;clients=50
1777330825302,PUT,106,4,benchKey_37_26,bytes=30;client_id=37;clients=50
1777330825303,PUT,100,4,benchKey_4_26,bytes=29;client_id=4;clients=50
1777330825304,PUT,105,4,benchKey_14_26,bytes=30;client_id=14;clients=50
1777330825310,PUT,107,4,benchKey_43_26,bytes=30;client_id=43;clients=50
1777330825319,PUT,115,4,benchKey_1_26,bytes=29;client_id=1;clients=50
1777330825322,PUT,102,4,benchKey_45_26,bytes=30;client_id=45;clients=50
1777330825322,PUT,114,4,benchKey_44_26,bytes=30;client_id=44;clients=50
1777330825322,PUT,114,4,benchKey_11_26,bytes=30;client_id=11;clients=50
1777330825322,PUT,114,4,benchKey_8_26,bytes=29;client_id=8;clients=50
1777330825323,PUT,111,4,benchKey_47_26,bytes=30;client_id=47;clients=50
1777330825323,PUT,105,4,benchKey_18_26,bytes=30;client_id=18;clients=50
1777330825324,PUT,103,4,benchKey_7_26,bytes=29;client_id=7;clients=50
1777330825328,PUT,107,4,benchKey_2_26,bytes=29;client_id=2;clients=50
1777330825329,PUT,101,4,benchKey_24_26,bytes=30;client_id=24;clients=50
1777330825330,PUT,95,4,benchKey_33_26,bytes=30;client_id=33;clients=50
1777330825331,PUT,94,4,benchKey_49_26,bytes=30;client_id=49;clients=50
1777330825332,PUT,95,4,benchKey_16_26,bytes=30;client_id=16;clients=50
1777330825335,PUT,98,4,benchKey_31_26,bytes=30;client_id=31;clients=50
1777330825339,PUT,102,4,benchKey_20_27,bytes=30;client_id=20;clients=50
1777330825342,PUT,105,4,benchKey_0_26,bytes=29;client_id=0;clients=50
1777330825344,PUT,107,4,benchKey_5_26,bytes=29;client_id=5;clients=50
1777330825345,PUT,99,4,benchKey_19_27,bytes=30;client_id=19;clients=50
1777330825347,PUT,105,4,benchKey_35_26,bytes=30;client_id=35;clients=50
1777330825352,PUT,106,4,benchKey_10_26,bytes=30;client_id=10;clients=50
1777330825361,PUT,115,4,benchKey_27_26,bytes=30;client_id=27;clients=50
1777330825363,PUT,115,4,benchKey_22_26,bytes=30;client_id=22;clients=50
1777330825364,PUT,103,4,benchKey_12_26,bytes=30;client_id=12;clients=50
1777330825364,PUT,114,4,benchKey_42_26,bytes=30;client_id=42;clients=50
1777330825364,PUT,105,4,benchKey_13_26,bytes=30;client_id=13;clients=50
1777330825364,PUT,110,4,benchKey_15_26,bytes=30;client_id=15;clients=50
1777330825364,PUT,115,4,benchKey_39_26,bytes=30;client_id=39;clients=50
1777330825366,PUT,104,4,benchKey_38_26,bytes=30;client_id=38;clients=50
1777330825369,PUT,107,4,benchKey_3_27,bytes=29;client_id=3;clients=50
1777330825370,PUT,100,4,benchKey_9_26,bytes=29;client_id=9;clients=50
1777330825371,PUT,94,4,benchKey_21_27,bytes=30;client_id=21;clients=50
1777330825373,PUT,93,4,benchKey_25_27,bytes=30;client_id=25;clients=50
1777330825373,PUT,93,4,benchKey_6_26,bytes=29;client_id=6;clients=50
1777330825377,PUT,97,4,benchKey_36_26,bytes=30;client_id=36;clients=50
1777330825381,PUT,101,4,benchKey_26_27,bytes=30;client_id=26;clients=50
1777330825383,PUT,102,4,benchKey_23_27,bytes=30;client_id=23;clients=50
1777330825385,PUT,104,4,benchKey_48_27,bytes=30;client_id=48;clients=50
1777330825387,PUT,104,4,benchKey_32_26,bytes=30;client_id=32;clients=50
1777330825388,PUT,101,4,benchKey_40_27,bytes=30;client_id=40;clients=50
1777330825394,PUT,106,4,benchKey_30_27,bytes=30;client_id=30;clients=50
1777330825402,PUT,113,4,benchKey_41_26,bytes=30;client_id=41;clients=50
1777330825404,PUT,114,4,benchKey_29_27,bytes=30;client_id=29;clients=50
1777330825405,PUT,114,4,benchKey_34_27,bytes=30;client_id=34;clients=50
1777330825406,PUT,113,4,benchKey_28_27,bytes=30;client_id=28;clients=50
1777330825406,PUT,103,4,benchKey_37_27,bytes=30;client_id=37;clients=50
1777330825406,PUT,109,4,benchKey_46_27,bytes=30;client_id=46;clients=50
1777330825407,PUT,106,4,benchKey_17_27,bytes=30;client_id=17;clients=50
1777330825408,PUT,103,4,benchKey_4_27,bytes=29;client_id=4;clients=50
1777330825410,PUT,105,4,benchKey_14_27,bytes=30;client_id=14;clients=50
1777330825412,PUT,92,4,benchKey_1_27,bytes=29;client_id=1;clients=50
1777330825412,PUT,101,4,benchKey_43_27,bytes=30;client_id=43;clients=50
1777330825414,PUT,91,4,benchKey_45_27,bytes=30;client_id=45;clients=50
1777330825415,PUT,92,4,benchKey_44_27,bytes=30;client_id=44;clients=50
1777330825418,PUT,95,4,benchKey_8_27,bytes=29;client_id=8;clients=50
1777330825422,PUT,99,4,benchKey_11_27,bytes=30;client_id=11;clients=50
1777330825424,PUT,101,4,benchKey_47_27,bytes=30;client_id=47;clients=50
1777330825427,PUT,104,4,benchKey_18_27,bytes=30;client_id=18;clients=50
1777330825429,PUT,100,4,benchKey_2_27,bytes=29;client_id=2;clients=50
1777330825429,PUT,105,4,benchKey_7_27,bytes=29;client_id=7;clients=50
1777330825436,PUT,106,4,benchKey_24_27,bytes=30;client_id=24;clients=50
1777330825444,PUT,114,4,benchKey_33_27,bytes=30;client_id=33;clients=50
1777330825445,PUT,114,4,benchKey_49_27,bytes=30;client_id=49;clients=50
1777330825446,PUT,114,4,benchKey_16_27,bytes=30;client_id=16;clients=50
1777330825447,PUT,111,4,benchKey_31_27,bytes=30;client_id=31;clients=50
1777330825447,PUT,104,4,benchKey_0_27,bytes=29;client_id=0;clients=50
1777330825448,PUT,103,4,benchKey_5_27,bytes=29;client_id=5;clients=50
1777330825449,PUT,103,4,benchKey_19_28,bytes=30;client_id=19;clients=50
1777330825449,PUT,109,4,benchKey_20_28,bytes=30;client_id=20;clients=50
1777330825451,PUT,103,4,benchKey_35_27,bytes=30;client_id=35;clients=50
1777330825453,PUT,100,4,benchKey_10_27,bytes=30;client_id=10;clients=50
1777330825454,PUT,92,4,benchKey_27_27,bytes=30;client_id=27;clients=50
1777330825455,PUT,91,4,benchKey_22_27,bytes=30;client_id=22;clients=50
1777330825456,PUT,91,4,benchKey_12_27,bytes=30;client_id=12;clients=50
1777330825459,PUT,94,4,benchKey_42_27,bytes=30;client_id=42;clients=50
1777330825463,PUT,98,4,benchKey_13_27,bytes=30;client_id=13;clients=50
1777330825465,PUT,100,4,benchKey_15_27,bytes=30;client_id=15;clients=50
1777330825468,PUT,103,4,benchKey_39_27,bytes=30;client_id=39;clients=50
1777330825470,PUT,103,4,benchKey_38_27,bytes=30;client_id=38;clients=50
1777330825471,PUT,101,4,benchKey_3_28,bytes=29;client_id=3;clients=50
1777330825477,PUT,107,4,benchKey_9_27,bytes=29;client_id=9;clients=50
1777330825486,PUT,113,4,benchKey_6_27,bytes=29;client_id=6;clients=50
1777330825486,PUT,115,4,benchKey_21_28,bytes=30;client_id=21;clients=50
1777330825487,PUT,113,4,benchKey_25_28,bytes=30;client_id=25;clients=50
1777330825488,PUT,110,4,benchKey_36_27,bytes=30;client_id=36;clients=50
1777330825489,PUT,107,4,benchKey_26_28,bytes=30;client_id=26;clients=50
1777330825489,PUT,105,4,benchKey_23_28,bytes=30;client_id=23;clients=50
1777330825490,PUT,104,4,benchKey_48_28,bytes=30;client_id=48;clients=50
1777330825490,PUT,102,4,benchKey_32_27,bytes=30;client_id=32;clients=50
1777330825492,PUT,104,4,benchKey_40_28,bytes=30;client_id=40;clients=50
1777330825494,PUT,99,4,benchKey_30_28,bytes=30;client_id=30;clients=50
1777330825495,PUT,92,4,benchKey_41_27,bytes=30;client_id=41;clients=50
1777330825496,PUT,91,4,benchKey_29_28,bytes=30;client_id=29;clients=50
1777330825498,PUT,93,4,benchKey_34_28,bytes=30;client_id=34;clients=50
1777330825500,PUT,94,4,benchKey_28_28,bytes=30;client_id=28;clients=50
1777330825504,PUT,98,4,benchKey_37_28,bytes=30;client_id=37;clients=50
1777330825506,PUT,99,4,benchKey_46_28,bytes=30;client_id=46;clients=50
1777330825509,PUT,102,4,benchKey_17_28,bytes=30;client_id=17;clients=50
1777330825512,PUT,101,4,benchKey_14_28,bytes=30;client_id=14;clients=50
1777330825512,PUT,104,4,benchKey_4_28,bytes=29;client_id=4;clients=50
1777330825519,PUT,107,4,benchKey_1_28,bytes=29;client_id=1;clients=50
1777330825528,PUT,113,4,benchKey_44_28,bytes=30;client_id=44;clients=50
1777330825529,PUT,116,4,benchKey_43_28,bytes=30;client_id=43;clients=50
1777330825529,PUT,111,4,benchKey_8_28,bytes=29;client_id=8;clients=50
1777330825529,PUT,114,4,benchKey_45_28,bytes=30;client_id=45;clients=50
1777330825530,PUT,107,4,benchKey_11_28,bytes=30;client_id=11;clients=50
1777330825530,PUT,105,4,benchKey_47_28,bytes=30;client_id=47;clients=50
1777330825532,PUT,104,4,benchKey_18_28,bytes=30;client_id=18;clients=50
1777330825532,PUT,102,4,benchKey_2_28,bytes=29;client_id=2;clients=50
1777330825535,PUT,105,4,benchKey_7_28,bytes=29;client_id=7;clients=50
1777330825535,PUT,99,4,benchKey_24_28,bytes=30;client_id=24;clients=50
1777330825536,PUT,91,4,benchKey_33_28,bytes=30;client_id=33;clients=50
1777330825537,PUT,91,4,benchKey_49_28,bytes=30;client_id=49;clients=50
1777330825539,PUT,92,4,benchKey_16_28,bytes=30;client_id=16;clients=50
1777330825543,PUT,96,4,benchKey_31_28,bytes=30;client_id=31;clients=50
1777330825547,PUT,100,4,benchKey_0_28,bytes=29;client_id=0;clients=50
1777330825547,PUT,99,4,benchKey_5_28,bytes=29;client_id=5;clients=50
1777330825550,PUT,101,4,benchKey_19_29,bytes=30;client_id=19;clients=50
1777330825553,PUT,104,4,benchKey_20_29,bytes=30;client_id=20;clients=50
1777330825553,PUT,102,4,benchKey_35_28,bytes=30;client_id=35;clients=50
1777330825562,PUT,109,4,benchKey_10_28,bytes=30;client_id=10;clients=50
1777330825570,PUT,116,4,benchKey_27_28,bytes=30;client_id=27;clients=50
1777330825570,PUT,115,4,benchKey_22_28,bytes=30;client_id=22;clients=50
1777330825571,PUT,115,4,benchKey_12_28,bytes=30;client_id=12;clients=50
1777330825571,PUT,106,4,benchKey_15_28,bytes=30;client_id=15;clients=50
1777330825571,PUT,108,4,benchKey_13_28,bytes=30;client_id=13;clients=50
1777330825571,PUT,112,4,benchKey_42_28,bytes=30;client_id=42;clients=50
1777330825573,PUT,103,4,benchKey_38_28,bytes=30;client_id=38;clients=50
1777330825573,PUT,105,4,benchKey_39_28,bytes=30;client_id=39;clients=50
1777330825577,PUT,91,4,benchKey_6_28,bytes=29;client_id=6;clients=50
1777330825577,PUT,106,4,benchKey_3_29,bytes=29;client_id=3;clients=50
1777330825577,PUT,99,4,benchKey_9_28,bytes=29;client_id=9;clients=50
1777330825578,PUT,91,4,benchKey_21_29,bytes=30;client_id=21;clients=50
1777330825580,PUT,93,4,benchKey_25_29,bytes=30;client_id=25;clients=50
1777330825584,PUT,96,4,benchKey_36_28,bytes=30;client_id=36;clients=50
1777330825590,PUT,101,4,benchKey_23_29,bytes=30;client_id=23;clients=50
1777330825590,PUT,101,4,benchKey_26_29,bytes=30;client_id=26;clients=50
1777330825591,PUT,100,4,benchKey_48_29,bytes=30;client_id=48;clients=50
1777330825595,PUT,105,4,benchKey_32_28,bytes=30;client_id=32;clients=50
1777330825595,PUT,103,4,benchKey_40_29,bytes=30;client_id=40;clients=50
1777330825605,PUT,111,4,benchKey_30_29,bytes=30;client_id=30;clients=50
1777330825611,PUT,116,4,benchKey_41_28,bytes=30;client_id=41;clients=50
1777330825613,PUT,115,4,benchKey_34_29,bytes=30;client_id=34;clients=50
1777330825613,PUT,117,4,benchKey_29_29,bytes=30;client_id=29;clients=50
1777330825614,PUT,109,4,benchKey_37_29,bytes=30;client_id=37;clients=50
1777330825614,PUT,113,4,benchKey_28_29,bytes=30;client_id=28;clients=50
1777330825615,PUT,102,4,benchKey_14_29,bytes=30;client_id=14;clients=50
1777330825615,PUT,105,4,benchKey_17_29,bytes=30;client_id=17;clients=50
1777330825615,PUT,108,4,benchKey_46_29,bytes=30;client_id=46;clients=50
1777330825619,PUT,106,4,benchKey_4_29,bytes=29;client_id=4;clients=50
1777330825619,PUT,90,4,benchKey_44_29,bytes=30;client_id=44;clients=50
1777330825619,PUT,90,4,benchKey_43_29,bytes=30;client_id=43;clients=50
1777330825619,PUT,99,4,benchKey_1_29,bytes=29;client_id=1;clients=50
1777330825622,PUT,92,4,benchKey_8_29,bytes=29;client_id=8;clients=50
1777330825626,PUT,96,4,benchKey_45_29,bytes=30;client_id=45;clients=50
1777330825632,PUT,102,4,benchKey_11_29,bytes=30;client_id=11;clients=50
1777330825632,PUT,100,4,benchKey_18_29,bytes=30;client_id=18;clients=50
1777330825632,PUT,102,4,benchKey_47_29,bytes=30;client_id=47;clients=50
1777330825637,PUT,104,4,benchKey_2_29,bytes=29;client_id=2;clients=50
1777330825637,PUT,101,4,benchKey_7_29,bytes=29;client_id=7;clients=50
1777330825647,PUT,111,4,benchKey_24_29,bytes=30;client_id=24;clients=50
1777330825653,PUT,117,4,benchKey_33_29,bytes=30;client_id=33;clients=50
1777330825654,PUT,115,4,benchKey_16_29,bytes=30;client_id=16;clients=50
1777330825655,PUT,107,4,benchKey_0_29,bytes=29;client_id=0;clients=50
1777330825656,PUT,102,4,benchKey_20_30,bytes=30;client_id=20;clients=50
1777330825656,PUT,119,4,benchKey_49_29,bytes=30;client_id=49;clients=50
1777330825656,PUT,112,4,benchKey_31_29,bytes=30;client_id=31;clients=50
1777330825656,PUT,108,4,benchKey_5_29,bytes=29;client_id=5;clients=50
1777330825657,PUT,106,4,benchKey_19_30,bytes=30;client_id=19;clients=50
1777330825661,PUT,98,4,benchKey_10_29,bytes=30;client_id=10;clients=50
1777330825661,PUT,90,4,benchKey_22_29,bytes=30;client_id=22;clients=50
1777330825661,PUT,90,4,benchKey_27_29,bytes=30;client_id=27;clients=50
1777330825662,PUT,108,4,benchKey_35_29,bytes=30;client_id=35;clients=50
1777330825663,PUT,91,4,benchKey_12_29,bytes=30;client_id=12;clients=50
1777330825668,PUT,97,4,benchKey_15_29,bytes=30;client_id=15;clients=50
1777330825674,PUT,102,4,benchKey_42_29,bytes=30;client_id=42;clients=50
1777330825674,PUT,100,4,benchKey_38_29,bytes=30;client_id=38;clients=50
1777330825674,PUT,103,4,benchKey_13_29,bytes=30;client_id=13;clients=50
1777330825679,PUT,101,4,benchKey_6_29,bytes=29;client_id=6;clients=50
1777330825679,PUT,106,4,benchKey_39_29,bytes=30;client_id=39;clients=50
1777330825689,PUT,111,4,benchKey_3_30,bytes=29;client_id=3;clients=50
1777330825695,PUT,117,4,benchKey_21_30,bytes=30;client_id=21;clients=50
1777330825695,PUT,117,4,benchKey_9_29,bytes=29;client_id=9;clients=50
1777330825697,PUT,112,4,benchKey_36_29,bytes=30;client_id=36;clients=50
1777330825697,PUT,116,4,benchKey_25_30,bytes=30;client_id=25;clients=50
1777330825699,PUT,108,4,benchKey_23_30,bytes=30;client_id=23;clients=50
1777330825699,PUT,103,4,benchKey_32_29,bytes=30;client_id=32;clients=50
1777330825699,PUT,108,4,benchKey_48_30,bytes=30;client_id=48;clients=50
1777330825699,PUT,109,4,benchKey_26_30,bytes=30;client_id=26;clients=50
1777330825703,PUT,107,4,benchKey_40_30,bytes=30;client_id=40;clients=50
1777330825703,PUT,92,4,benchKey_41_29,bytes=30;client_id=41;clients=50
1777330825705,PUT,91,4,benchKey_34_30,bytes=30;client_id=34;clients=50
1777330825705,PUT,91,4,benchKey_29_30,bytes=30;client_id=29;clients=50
1777330825706,PUT,101,4,benchKey_30_30,bytes=30;client_id=30;clients=50
1777330825710,PUT,96,4,benchKey_37_30,bytes=30;client_id=37;clients=50
1777330825716,PUT,102,4,benchKey_28_30,bytes=30;client_id=28;clients=50
1777330825717,PUT,101,4,benchKey_14_30,bytes=30;client_id=14;clients=50
1777330825716,PUT,101,4,benchKey_17_30,bytes=30;client_id=17;clients=50
1777330825722,PUT,102,4,benchKey_44_30,bytes=30;client_id=44;clients=50
1777330825722,PUT,107,4,benchKey_46_30,bytes=30;client_id=46;clients=50
1777330825731,PUT,111,4,benchKey_4_30,bytes=29;client_id=4;clients=50
1777330825737,PUT,117,4,benchKey_1_30,bytes=29;client_id=1;clients=50
1777330825737,PUT,117,4,benchKey_43_30,bytes=30;client_id=43;clients=50
1777330825738,PUT,111,4,benchKey_45_30,bytes=30;client_id=45;clients=50
1777330825738,PUT,116,4,benchKey_8_30,bytes=29;client_id=8;clients=50
1777330825741,PUT,104,4,benchKey_7_30,bytes=29;client_id=7;clients=50
1777330825741,PUT,108,4,benchKey_47_30,bytes=30;client_id=47;clients=50
1777330825742,PUT,110,4,benchKey_11_30,bytes=30;client_id=11;clients=50
1777330825743,PUT,110,4,benchKey_18_30,bytes=30;client_id=18;clients=50
1777330825745,PUT,108,4,benchKey_2_30,bytes=29;client_id=2;clients=50
1777330825747,PUT,99,4,benchKey_24_30,bytes=30;client_id=24;clients=50
1777330825747,PUT,94,4,benchKey_33_30,bytes=30;client_id=33;clients=50
1777330825748,PUT,93,4,benchKey_16_30,bytes=30;client_id=16;clients=50
1777330825750,PUT,94,4,benchKey_0_30,bytes=29;client_id=0;clients=50
1777330825752,PUT,96,4,benchKey_20_31,bytes=30;client_id=20;clients=50
1777330825759,PUT,103,4,benchKey_49_30,bytes=30;client_id=49;clients=50
1777330825759,PUT,103,4,benchKey_5_30,bytes=29;client_id=5;clients=50
1777330825759,PUT,103,4,benchKey_31_30,bytes=30;client_id=31;clients=50
1777330825764,PUT,102,4,benchKey_22_30,bytes=30;client_id=22;clients=50
1777330825764,PUT,107,4,benchKey_19_31,bytes=30;client_id=19;clients=50
1777330825772,PUT,110,4,benchKey_10_30,bytes=30;client_id=10;clients=50
1777330825780,PUT,118,4,benchKey_35_30,bytes=30;client_id=35;clients=50
1777330825780,PUT,119,4,benchKey_27_30,bytes=30;client_id=27;clients=50
1777330825780,PUT,112,4,benchKey_15_30,bytes=30;client_id=15;clients=50
1777330825780,PUT,117,4,benchKey_12_30,bytes=30;client_id=12;clients=50
1777330825783,PUT,108,4,benchKey_42_30,bytes=30;client_id=42;clients=50
1777330825783,PUT,108,4,benchKey_38_30,bytes=30;client_id=38;clients=50
1777330825784,PUT,109,4,benchKey_13_30,bytes=30;client_id=13;clients=50
1777330825784,PUT,104,4,benchKey_6_30,bytes=29;client_id=6;clients=50
1777330825786,PUT,106,4,benchKey_39_30,bytes=30;client_id=39;clients=50
1777330825788,PUT,98,4,benchKey_3_31,bytes=29;client_id=3;clients=50
1777330825789,PUT,93,4,benchKey_9_30,bytes=29;client_id=9;clients=50
1777330825789,PUT,94,4,benchKey_21_31,bytes=30;client_id=21;clients=50
1777330825792,PUT,95,4,benchKey_36_30,bytes=30;client_id=36;clients=50
1777330825794,PUT,97,4,benchKey_25_31,bytes=30;client_id=25;clients=50
1777330825801,PUT,102,4,benchKey_23_31,bytes=30;client_id=23;clients=50
1777330825802,PUT,102,4,benchKey_48_31,bytes=30;client_id=48;clients=50
1777330825802,PUT,103,4,benchKey_32_30,bytes=30;client_id=32;clients=50
1777330825806,PUT,102,4,benchKey_40_31,bytes=30;client_id=40;clients=50
1777330825806,PUT,106,4,benchKey_26_31,bytes=30;client_id=26;clients=50
1777330825814,PUT,110,4,benchKey_41_30,bytes=30;client_id=41;clients=50
1777330825822,PUT,116,4,benchKey_29_31,bytes=30;client_id=29;clients=50
1777330825823,PUT,118,4,benchKey_34_31,bytes=30;client_id=34;clients=50
1777330825823,PUT,112,4,benchKey_37_31,bytes=30;client_id=37;clients=50
1777330825823,PUT,117,4,benchKey_30_31,bytes=30;client_id=30;clients=50
1777330825826,PUT,109,4,benchKey_28_31,bytes=30;client_id=28;clients=50
1777330825826,PUT,108,4,benchKey_17_31,bytes=30;client_id=17;clients=50
1777330825826,PUT,104,4,benchKey_44_31,bytes=30;client_id=44;clients=50
1777330825826,PUT,108,4,benchKey_14_31,bytes=30;client_id=14;clients=50
1777330825827,PUT,104,4,benchKey_46_31,bytes=30;client_id=46;clients=50
1777330825831,PUT,93,4,benchKey_43_31,bytes=30;client_id=43;clients=50
1777330825831,PUT,99,4,benchKey_4_31,bytes=29;client_id=4;clients=50
1777330825831,PUT,93,4,benchKey_1_31,bytes=29;client_id=1;clients=50
1777330825835,PUT,97,4,benchKey_45_31,bytes=30;client_id=45;clients=50
1777330825836,PUT,98,4,benchKey_8_31,bytes=29;client_id=8;clients=50
1777330825843,PUT,102,4,benchKey_7_31,bytes=29;client_id=7;clients=50
1777330825843,PUT,102,4,benchKey_47_31,bytes=30;client_id=47;clients=50
1777330825844,PUT,101,4,benchKey_11_31,bytes=30;client_id=11;clients=50
1777330825848,PUT,105,4,benchKey_18_31,bytes=30;client_id=18;clients=50
1777330825848,PUT,103,4,benchKey_2_31,bytes=29;client_id=2;clients=50
1777330825856,PUT,109,4,benchKey_24_31,bytes=30;client_id=24;clients=50
1777330825863,PUT,115,4,benchKey_33_31,bytes=30;client_id=33;clients=50
1777330825865,PUT,112,4,benchKey_20_32,bytes=30;client_id=20;clients=50
1777330825865,PUT,114,4,benchKey_0_31,bytes=29;client_id=0;clients=50
1777330825866,PUT,118,4,benchKey_16_31,bytes=30;client_id=16;clients=50
1777330825868,PUT,108,4,benchKey_31_31,bytes=30;client_id=31;clients=50
1777330825868,PUT,103,4,benchKey_22_31,bytes=30;client_id=22;clients=50
1777330825868,PUT,108,4,benchKey_5_31,bytes=29;client_id=5;clients=50
1777330825869,PUT,104,4,benchKey_19_32,bytes=30;client_id=19;clients=50
1777330825869,PUT,109,4,benchKey_49_31,bytes=30;client_id=49;clients=50
1777330825873,PUT,100,4,benchKey_10_31,bytes=30;client_id=10;clients=50
1777330825873,PUT,92,4,benchKey_35_31,bytes=30;client_id=35;clients=50
1777330825873,PUT,92,4,benchKey_27_31,bytes=30;client_id=27;clients=50
1777330825878,PUT,97,4,benchKey_15_31,bytes=30;client_id=15;clients=50
1777330825878,PUT,97,4,benchKey_12_31,bytes=30;client_id=12;clients=50
1777330825886,PUT,102,4,benchKey_38_31,bytes=30;client_id=38;clients=50
1777330825886,PUT,101,4,benchKey_13_31,bytes=30;client_id=13;clients=50
1777330825886,PUT,102,4,benchKey_42_31,bytes=30;client_id=42;clients=50
1777330825890,PUT,103,4,benchKey_39_31,bytes=30;client_id=39;clients=50
1777330825891,PUT,106,4,benchKey_6_31,bytes=29;client_id=6;clients=50
1777330825897,PUT,108,4,benchKey_3_32,bytes=29;client_id=3;clients=50
1777330825905,PUT,115,4,benchKey_9_31,bytes=29;client_id=9;clients=50
1777330825907,PUT,114,4,benchKey_36_31,bytes=30;client_id=36;clients=50
1777330825907,PUT,117,4,benchKey_21_32,bytes=30;client_id=21;clients=50
1777330825909,PUT,107,4,benchKey_23_32,bytes=30;client_id=23;clients=50
1777330825909,PUT,115,4,benchKey_25_32,bytes=30;client_id=25;clients=50
1777330825909,PUT,106,4,benchKey_32_31,bytes=30;client_id=32;clients=50
1777330825909,PUT,106,4,benchKey_48_32,bytes=30;client_id=48;clients=50
1777330825910,PUT,103,4,benchKey_26_32,bytes=30;client_id=26;clients=50
1777330825911,PUT,104,4,benchKey_40_32,bytes=30;client_id=40;clients=50
1777330825915,PUT,91,4,benchKey_37_32,bytes=30;client_id=37;clients=50
1777330825915,PUT,100,4,benchKey_41_31,bytes=30;client_id=41;clients=50
1777330825915,PUT,92,4,benchKey_29_32,bytes=30;client_id=29;clients=50
1777330825920,PUT,96,4,benchKey_30_32,bytes=30;client_id=30;clients=50
1777330825920,PUT,96,4,benchKey_34_32,bytes=30;client_id=34;clients=50
1777330825927,PUT,100,4,benchKey_28_32,bytes=30;client_id=28;clients=50
1777330825928,PUT,101,4,benchKey_17_32,bytes=30;client_id=17;clients=50
1777330825928,PUT,101,4,benchKey_44_32,bytes=30;client_id=44;clients=50
1777330825931,PUT,104,4,benchKey_14_32,bytes=30;client_id=14;clients=50
1777330825932,PUT,104,4,benchKey_46_32,bytes=30;client_id=46;clients=50
1777330825938,PUT,107,4,benchKey_43_32,bytes=30;client_id=43;clients=50
1777330825946,PUT,114,4,benchKey_4_32,bytes=29;client_id=4;clients=50
1777330825948,PUT,117,4,benchKey_1_32,bytes=29;client_id=1;clients=50
1777330825948,PUT,112,4,benchKey_45_32,bytes=30;client_id=45;clients=50
1777330825951,PUT,107,4,benchKey_7_32,bytes=29;client_id=7;clients=50
1777330825951,PUT,107,4,benchKey_47_32,bytes=30;client_id=47;clients=50
1777330825951,PUT,114,4,benchKey_8_32,bytes=29;client_id=8;clients=50
1777330825951,PUT,107,4,benchKey_11_32,bytes=30;client_id=11;clients=50
1777330825952,PUT,103,4,benchKey_2_32,bytes=29;client_id=2;clients=50
1777330825952,PUT,103,4,benchKey_18_32,bytes=30;client_id=18;clients=50
1777330825956,PUT,92,4,benchKey_33_32,bytes=30;client_id=33;clients=50
1777330825956,PUT,91,4,benchKey_20_33,bytes=30;client_id=20;clients=50
1777330825957,PUT,100,4,benchKey_24_32,bytes=30;client_id=24;clients=50
1777330825962,PUT,95,4,benchKey_16_32,bytes=30;client_id=16;clients=50
1777330825962,PUT,97,4,benchKey_0_32,bytes=29;client_id=0;clients=50
1777330825968,PUT,99,4,benchKey_22_32,bytes=30;client_id=22;clients=50
1777330825969,PUT,100,4,benchKey_5_32,bytes=29;client_id=5;clients=50
1777330825969,PUT,100,4,benchKey_31_32,bytes=30;client_id=31;clients=50
1777330825972,PUT,103,4,benchKey_19_33,bytes=30;client_id=19;clients=50
1777330825973,PUT,103,4,benchKey_49_32,bytes=30;client_id=49;clients=50
1777330825980,PUT,106,4,benchKey_10_32,bytes=30;client_id=10;clients=50
1777330825987,PUT,113,4,benchKey_35_32,bytes=30;client_id=35;clients=50
1777330825989,PUT,110,4,benchKey_15_32,bytes=30;client_id=15;clients=50
1777330825990,PUT,116,4,benchKey_27_32,bytes=30;client_id=27;clients=50
1777330825993,PUT,103,4,benchKey_39_32,bytes=30;client_id=39;clients=50
1777330825993,PUT,114,4,benchKey_12_32,bytes=30;client_id=12;clients=50
1777330825993,PUT,107,4,benchKey_13_32,bytes=30;client_id=13;clients=50
1777330825993,PUT,107,4,benchKey_38_32,bytes=30;client_id=38;clients=50
1777330825993,PUT,102,4,benchKey_6_32,bytes=29;client_id=6;clients=50
1777330825993,PUT,107,4,benchKey_42_32,bytes=30;client_id=42;clients=50
1777330825997,PUT,99,4,benchKey_3_33,bytes=29;client_id=3;clients=50
1777330825997,PUT,91,4,benchKey_9_32,bytes=29;client_id=9;clients=50
1777330825998,PUT,90,4,benchKey_36_32,bytes=30;client_id=36;clients=50
1777330826004,PUT,94,4,benchKey_23_33,bytes=30;client_id=23;clients=50
1777330826004,PUT,97,4,benchKey_21_33,bytes=30;client_id=21;clients=50
1777330826009,PUT,100,4,benchKey_25_33,bytes=30;client_id=25;clients=50
1777330826010,PUT,100,4,benchKey_48_33,bytes=30;client_id=48;clients=50
1777330826010,PUT,100,4,benchKey_32_32,bytes=30;client_id=32;clients=50
1777330826014,PUT,103,4,benchKey_40_33,bytes=30;client_id=40;clients=50
1777330826014,PUT,104,4,benchKey_26_33,bytes=30;client_id=26;clients=50
1777330826021,PUT,106,4,benchKey_37_33,bytes=30;client_id=37;clients=50
1777330826028,PUT,113,4,benchKey_41_32,bytes=30;client_id=41;clients=50
1777330826031,PUT,110,4,benchKey_30_33,bytes=30;client_id=30;clients=50
1777330826031,PUT,115,4,benchKey_29_33,bytes=30;client_id=29;clients=50
1777330826035,PUT,107,4,benchKey_28_33,bytes=30;client_id=28;clients=50
1777330826035,PUT,107,4,benchKey_17_33,bytes=30;client_id=17;clients=50
1777330826035,PUT,103,4,benchKey_46_33,bytes=30;client_id=46;clients=50
1777330826035,PUT,104,4,benchKey_14_33,bytes=30;client_id=14;clients=50
1777330826036,PUT,108,4,benchKey_44_33,bytes=30;client_id=44;clients=50
1777330826038,PUT,117,4,benchKey_34_33,bytes=30;client_id=34;clients=50
1777330826038,PUT,99,4,benchKey_43_33,bytes=30;client_id=43;clients=50
1777330826039,PUT,90,4,benchKey_45_33,bytes=30;client_id=45;clients=50
1777330826040,PUT,93,4,benchKey_4_33,bytes=29;client_id=4;clients=50
1777330826046,PUT,94,4,benchKey_7_33,bytes=29;client_id=7;clients=50
1777330826047,PUT,98,4,benchKey_1_33,bytes=29;client_id=1;clients=50
1777330826051,PUT,99,4,benchKey_47_33,bytes=30;client_id=47;clients=50
1777330826052,PUT,100,4,benchKey_11_33,bytes=30;client_id=11;clients=50
1777330826052,PUT,100,4,benchKey_8_33,bytes=29;client_id=8;clients=50
1777330826055,PUT,103,4,benchKey_18_33,bytes=30;client_id=18;clients=50
1777330826055,PUT,103,4,benchKey_2_33,bytes=29;client_id=2;clients=50
1777330826063,PUT,107,4,benchKey_33_33,bytes=30;client_id=33;clients=50
1777330826070,PUT,113,4,benchKey_20_34,bytes=30;client_id=20;clients=50
1777330826073,PUT,116,4,benchKey_24_33,bytes=30;client_id=24;clients=50
1777330826073,PUT,110,4,benchKey_0_33,bytes=29;client_id=0;clients=50
1777330826077,PUT,108,4,benchKey_5_33,bytes=29;client_id=5;clients=50
1777330826077,PUT,108,4,benchKey_31_33,bytes=30;client_id=31;clients=50
1777330826077,PUT,109,4,benchKey_22_33,bytes=30;client_id=22;clients=50
1777330826078,PUT,115,4,benchKey_16_33,bytes=30;client_id=16;clients=50
1777330826078,PUT,105,4,benchKey_19_34,bytes=30;client_id=19;clients=50
1777330826079,PUT,98,4,benchKey_10_33,bytes=30;client_id=10;clients=50
1777330826079,PUT,105,4,benchKey_49_33,bytes=30;client_id=49;clients=50
1777330826080,PUT,92,4,benchKey_35_33,bytes=30;client_id=35;clients=50
1777330826082,PUT,92,4,benchKey_15_33,bytes=30;client_id=15;clients=50
1777330826087,PUT,97,4,benchKey_27_33,bytes=30;client_id=27;clients=50
1777330826088,PUT,94,4,benchKey_39_33,bytes=30;client_id=39;clients=50
1777330826093,PUT,99,4,benchKey_12_33,bytes=30;client_id=12;clients=50
1777330826094,PUT,98,4,benchKey_42_33,bytes=30;client_id=42;clients=50
1777330826094,PUT,100,4,benchKey_13_33,bytes=30;client_id=13;clients=50
1777330826096,PUT,100,4,benchKey_38_33,bytes=30;client_id=38;clients=50
1777330826098,PUT,102,4,benchKey_6_33,bytes=29;client_id=6;clients=50
1777330826105,PUT,108,4,benchKey_3_34,bytes=29;client_id=3;clients=50
1777330826111,PUT,113,4,benchKey_9_33,bytes=29;client_id=9;clients=50
1777330826114,PUT,116,4,benchKey_36_33,bytes=30;client_id=36;clients=50
1777330826115,PUT,110,4,benchKey_23_34,bytes=30;client_id=23;clients=50
1777330826118,PUT,113,4,benchKey_21_34,bytes=30;client_id=21;clients=50
1777330826119,PUT,104,4,benchKey_40_34,bytes=30;client_id=40;clients=50
1777330826119,PUT,109,4,benchKey_48_34,bytes=30;client_id=48;clients=50
1777330826120,PUT,109,4,benchKey_32_33,bytes=30;client_id=32;clients=50
1777330826120,PUT,110,4,benchKey_25_34,bytes=30;client_id=25;clients=50
1777330826120,PUT,105,4,benchKey_26_34,bytes=30;client_id=26;clients=50
1777330826121,PUT,99,4,benchKey_37_34,bytes=30;client_id=37;clients=50
1777330826121,PUT,92,4,benchKey_41_33,bytes=30;client_id=41;clients=50
1777330826123,PUT,92,4,benchKey_30_34,bytes=30;client_id=30;clients=50
1777330826128,PUT,96,4,benchKey_29_34,bytes=30;client_id=29;clients=50
1777330826129,PUT,93,4,benchKey_28_34,bytes=30;client_id=28;clients=50
1777330826135,PUT,99,4,benchKey_14_34,bytes=30;client_id=14;clients=50
1777330826135,PUT,99,4,benchKey_46_34,bytes=30;client_id=46;clients=50
1777330826135,PUT,99,4,benchKey_17_34,bytes=30;client_id=17;clients=50
1777330826137,PUT,100,4,benchKey_44_34,bytes=30;client_id=44;clients=50
1777330826139,PUT,100,4,benchKey_34_34,bytes=30;client_id=34;clients=50
1777330826147,PUT,108,4,benchKey_43_34,bytes=30;client_id=43;clients=50
1777330826152,PUT,113,4,benchKey_45_34,bytes=30;client_id=45;clients=50
1777330826156,PUT,116,4,benchKey_4_34,bytes=29;client_id=4;clients=50
1777330826157,PUT,110,4,benchKey_7_34,bytes=29;client_id=7;clients=50
1777330826159,PUT,112,4,benchKey_1_34,bytes=29;client_id=1;clients=50
1777330826161,PUT,105,4,benchKey_18_34,bytes=30;client_id=18;clients=50
1777330826161,PUT,105,4,benchKey_2_34,bytes=29;client_id=2;clients=50
1777330826161,PUT,108,4,benchKey_11_34,bytes=30;client_id=11;clients=50
1777330826161,PUT,109,4,benchKey_47_34,bytes=30;client_id=47;clients=50
1777330826161,PUT,108,4,benchKey_8_34,bytes=29;client_id=8;clients=50
1777330826162,PUT,98,4,benchKey_33_34,bytes=30;client_id=33;clients=50
1777330826162,PUT,91,4,benchKey_20_35,bytes=30;client_id=20;clients=50
1777330826164,PUT,90,4,benchKey_24_34,bytes=30;client_id=24;clients=50
1777330826169,PUT,95,4,benchKey_0_34,bytes=29;client_id=0;clients=50
1777330826170,PUT,92,4,benchKey_5_34,bytes=29;client_id=5;clients=50
1777330826177,PUT,99,4,benchKey_16_34,bytes=30;client_id=16;clients=50
1777330826177,PUT,99,4,benchKey_22_34,bytes=30;client_id=22;clients=50
1777330826177,PUT,99,4,benchKey_31_34,bytes=30;client_id=31;clients=50
1777330826178,PUT,99,4,benchKey_19_35,bytes=30;client_id=19;clients=50
1777330826180,PUT,100,4,benchKey_10_34,bytes=30;client_id=10;clients=50
1777330826188,PUT,109,4,benchKey_49_34,bytes=30;client_id=49;clients=50
1777330826193,PUT,113,4,benchKey_35_34,bytes=30;client_id=35;clients=50
1777330826197,PUT,115,4,benchKey_15_34,bytes=30;client_id=15;clients=50
1777330826198,PUT,110,4,benchKey_27_34,bytes=30;client_id=27;clients=50
1777330826201,PUT,113,4,benchKey_39_34,bytes=30;client_id=39;clients=50
1777330826203,PUT,108,4,benchKey_13_34,bytes=30;client_id=13;clients=50
1777330826203,PUT,105,4,benchKey_6_34,bytes=29;client_id=6;clients=50
1777330826203,PUT,109,4,benchKey_12_34,bytes=30;client_id=12;clients=50
1777330826203,PUT,107,4,benchKey_38_34,bytes=30;client_id=38;clients=50
1777330826204,PUT,109,4,benchKey_42_34,bytes=30;client_id=42;clients=50
1777330826204,PUT,98,4,benchKey_3_35,bytes=29;client_id=3;clients=50
1777330826204,PUT,92,4,benchKey_9_34,bytes=29;client_id=9;clients=50
1777330826206,PUT,91,4,benchKey_36_34,bytes=30;client_id=36;clients=50
1777330826210,PUT,95,4,benchKey_23_35,bytes=30;client_id=23;clients=50
1777330826211,PUT,92,4,benchKey_21_35,bytes=30;client_id=21;clients=50
1777330826219,PUT,99,4,benchKey_32_34,bytes=30;client_id=32;clients=50
1777330826220,PUT,100,4,benchKey_40_35,bytes=30;client_id=40;clients=50
1777330826220,PUT,100,4,benchKey_25_35,bytes=30;client_id=25;clients=50
1777330826220,PUT,100,4,benchKey_48_35,bytes=30;client_id=48;clients=50
1777330826222,PUT,102,4,benchKey_26_35,bytes=30;client_id=26;clients=50
1777330826230,PUT,109,4,benchKey_37_35,bytes=30;client_id=37;clients=50
1777330826235,PUT,114,4,benchKey_41_34,bytes=30;client_id=41;clients=50
1777330826240,PUT,116,4,benchKey_30_35,bytes=30;client_id=30;clients=50
1777330826240,PUT,111,4,benchKey_29_35,bytes=30;client_id=29;clients=50
1777330826242,PUT,112,4,benchKey_28_35,bytes=30;client_id=28;clients=50
1777330826245,PUT,106,4,benchKey_34_35,bytes=30;client_id=34;clients=50
1777330826245,PUT,92,4,benchKey_45_35,bytes=30;client_id=45;clients=50
1777330826245,PUT,109,4,benchKey_14_35,bytes=30;client_id=14;clients=50
1777330826246,PUT,110,4,benchKey_17_35,bytes=30;client_id=17;clients=50
1777330826246,PUT,110,4,benchKey_46_35,bytes=30;client_id=46;clients=50
1777330826246,PUT,98,4,benchKey_43_35,bytes=30;client_id=43;clients=50
1777330826246,PUT,108,4,benchKey_44_35,bytes=30;client_id=44;clients=50
1777330826247,PUT,90,4,benchKey_4_35,bytes=29;client_id=4;clients=50
1777330826253,PUT,96,4,benchKey_7_35,bytes=29;client_id=7;clients=50
1777330826253,PUT,93,4,benchKey_1_35,bytes=29;client_id=1;clients=50
1777330826260,PUT,98,4,benchKey_18_35,bytes=30;client_id=18;clients=50
1777330826261,PUT,99,4,benchKey_47_35,bytes=30;client_id=47;clients=50
1777330826262,PUT,100,4,benchKey_11_35,bytes=30;client_id=11;clients=50
1777330826262,PUT,101,4,benchKey_2_35,bytes=29;client_id=2;clients=50
1777330826264,PUT,102,4,benchKey_8_35,bytes=29;client_id=8;clients=50
1777330826272,PUT,109,4,benchKey_33_35,bytes=30;client_id=33;clients=50
1777330826278,PUT,116,4,benchKey_20_36,bytes=30;client_id=20;clients=50
1777330826282,PUT,113,4,benchKey_0_35,bytes=29;client_id=0;clients=50
1777330826282,PUT,118,4,benchKey_24_35,bytes=30;client_id=24;clients=50
1777330826284,PUT,114,4,benchKey_5_35,bytes=29;client_id=5;clients=50
1777330826286,PUT,108,4,benchKey_31_35,bytes=30;client_id=31;clients=50
1777330826287,PUT,107,4,benchKey_10_35,bytes=30;client_id=10;clients=50
1777330826287,PUT,109,4,benchKey_16_35,bytes=30;client_id=16;clients=50
1777330826287,PUT,109,4,benchKey_22_35,bytes=30;client_id=22;clients=50
1777330826287,PUT,98,4,benchKey_49_35,bytes=30;client_id=49;clients=50
1777330826288,PUT,95,4,benchKey_35_35,bytes=30;client_id=35;clients=50
1777330826288,PUT,110,4,benchKey_19_36,bytes=30;client_id=19;clients=50
1777330826289,PUT,91,4,benchKey_15_35,bytes=30;client_id=15;clients=50
1777330826296,PUT,98,4,benchKey_27_35,bytes=30;client_id=27;clients=50
1777330826296,PUT,95,4,benchKey_39_35,bytes=30;client_id=39;clients=50
1777330826302,PUT,99,4,benchKey_13_35,bytes=30;client_id=13;clients=50
1777330826303,PUT,100,4,benchKey_6_35,bytes=29;client_id=6;clients=50
1777330826304,PUT,101,4,benchKey_38_35,bytes=30;client_id=38;clients=50
1777330826305,PUT,101,4,benchKey_12_35,bytes=30;client_id=12;clients=50
1777330826307,PUT,103,4,benchKey_42_35,bytes=30;client_id=42;clients=50
1777330826313,PUT,109,4,benchKey_3_36,bytes=29;client_id=3;clients=50
1777330826321,PUT,117,4,benchKey_9_35,bytes=29;client_id=9;clients=50
1777330826324,PUT,113,4,benchKey_23_36,bytes=30;client_id=23;clients=50
1777330826325,PUT,119,4,benchKey_36_35,bytes=30;client_id=36;clients=50
1777330826326,PUT,114,4,benchKey_21_36,bytes=30;client_id=21;clients=50
1777330826327,PUT,107,4,benchKey_32_35,bytes=30;client_id=32;clients=50
1777330826329,PUT,108,4,benchKey_40_36,bytes=30;client_id=40;clients=50
1777330826329,PUT,106,4,benchKey_26_36,bytes=30;client_id=26;clients=50
1777330826330,PUT,110,4,benchKey_25_36,bytes=30;client_id=25;clients=50
1777330826330,PUT,99,4,benchKey_37_36,bytes=30;client_id=37;clients=50
1777330826330,PUT,94,4,benchKey_41_35,bytes=30;client_id=41;clients=50
1777330826331,PUT,110,4,benchKey_48_36,bytes=30;client_id=48;clients=50
1777330826331,PUT,91,4,benchKey_29_36,bytes=30;client_id=29;clients=50
1777330826338,PUT,98,4,benchKey_30_36,bytes=30;client_id=30;clients=50
1777330826339,PUT,96,4,benchKey_28_36,bytes=30;client_id=28;clients=50
1777330826345,PUT,100,4,benchKey_45_36,bytes=30;client_id=45;clients=50
1777330826345,PUT,100,4,benchKey_34_36,bytes=30;client_id=34;clients=50
1777330826346,PUT,100,4,benchKey_17_36,bytes=30;client_id=17;clients=50
1777330826346,PUT,100,4,benchKey_14_36,bytes=30;client_id=14;clients=50
1777330826350,PUT,103,4,benchKey_46_36,bytes=30;client_id=46;clients=50
1777330826354,PUT,108,4,benchKey_43_36,bytes=30;client_id=43;clients=50
1777330826363,PUT,117,4,benchKey_44_36,bytes=30;client_id=44;clients=50
1777330826366,PUT,119,4,benchKey_4_36,bytes=29;client_id=4;clients=50
1777330826367,PUT,113,4,benchKey_7_36,bytes=29;client_id=7;clients=50
1777330826368,PUT,114,4,benchKey_1_36,bytes=29;client_id=1;clients=50
1777330826368,PUT,108,4,benchKey_18_36,bytes=30;client_id=18;clients=50
1777330826371,PUT,108,4,benchKey_11_36,bytes=30;client_id=11;clients=50
1777330826371,PUT,109,4,benchKey_47_36,bytes=30;client_id=47;clients=50
1777330826372,PUT,93,4,benchKey_20_37,bytes=30;client_id=20;clients=50
1777330826372,PUT,89,4,benchKey_0_36,bytes=29;client_id=0;clients=50
1777330826372,PUT,109,4,benchKey_2_36,bytes=29;client_id=2;clients=50
1777330826373,PUT,100,4,benchKey_33_36,bytes=30;client_id=33;clients=50
1777330826373,PUT,108,4,benchKey_8_36,bytes=29;client_id=8;clients=50
1777330826379,PUT,96,4,benchKey_24_36,bytes=30;client_id=24;clients=50
1777330826380,PUT,95,4,benchKey_5_36,bytes=29;client_id=5;clients=50
1777330826386,PUT,99,4,benchKey_31_36,bytes=30;client_id=31;clients=50
1777330826386,PUT,98,4,benchKey_10_36,bytes=30;client_id=10;clients=50
1777330826387,PUT,99,4,benchKey_16_36,bytes=30;client_id=16;clients=50
1777330826387,PUT,99,4,benchKey_22_36,bytes=30;client_id=22;clients=50
1777330826391,PUT,103,4,benchKey_49_36,bytes=30;client_id=49;clients=50
1777330826396,PUT,107,4,benchKey_35_36,bytes=30;client_id=35;clients=50
1777330826406,PUT,117,4,benchKey_19_37,bytes=30;client_id=19;clients=50
1777330826408,PUT,118,4,benchKey_15_36,bytes=30;client_id=15;clients=50
1777330826409,PUT,112,4,benchKey_27_36,bytes=30;client_id=27;clients=50
1777330826410,PUT,113,4,benchKey_39_36,bytes=30;client_id=39;clients=50
1777330826411,PUT,108,4,benchKey_13_36,bytes=30;client_id=13;clients=50
1777330826413,PUT,109,4,benchKey_6_36,bytes=29;client_id=6;clients=50
1777330826413,PUT,105,4,benchKey_42_36,bytes=30;client_id=42;clients=50
1777330826413,PUT,108,4,benchKey_38_36,bytes=30;client_id=38;clients=50
1777330826413,PUT,99,4,benchKey_3_37,bytes=29;client_id=3;clients=50
1777330826413,PUT,108,4,benchKey_12_36,bytes=30;client_id=12;clients=50
1777330826415,PUT,90,4,benchKey_23_37,bytes=30;client_id=23;clients=50
1777330826415,PUT,93,4,benchKey_9_36,bytes=29;client_id=9;clients=50
1777330826420,PUT,94,4,benchKey_36_36,bytes=30;client_id=36;clients=50
1777330826421,PUT,94,4,benchKey_21_37,bytes=30;client_id=21;clients=50
1777330826427,PUT,98,4,benchKey_40_37,bytes=30;client_id=40;clients=50
1777330826428,PUT,97,4,benchKey_37_37,bytes=30;client_id=37;clients=50
1777330826428,PUT,98,4,benchKey_26_37,bytes=30;client_id=26;clients=50
1777330826428,PUT,101,4,benchKey_32_36,bytes=30;client_id=32;clients=50
1777330826432,PUT,101,4,benchKey_41_36,bytes=30;client_id=41;clients=50
1777330826437,PUT,106,4,benchKey_25_37,bytes=30;client_id=25;clients=50
1777330826448,PUT,117,4,benchKey_48_37,bytes=30;client_id=48;clients=50
1777330826450,PUT,111,4,benchKey_30_37,bytes=30;client_id=30;clients=50
1777330826450,PUT,118,4,benchKey_29_37,bytes=30;client_id=29;clients=50
1777330826451,PUT,112,4,benchKey_28_37,bytes=30;client_id=28;clients=50
1777330826452,PUT,106,4,benchKey_45_37,bytes=30;client_id=45;clients=50
1777330826454,PUT,108,4,benchKey_34_37,bytes=30;client_id=34;clients=50
1777330826454,PUT,107,4,benchKey_17_37,bytes=30;client_id=17;clients=50
1777330826455,PUT,105,4,benchKey_46_37,bytes=30;client_id=46;clients=50
1777330826455,PUT,108,4,benchKey_14_37,bytes=30;client_id=14;clients=50
1777330826455,PUT,100,4,benchKey_43_37,bytes=30;client_id=43;clients=50
1777330826456,PUT,89,4,benchKey_4_37,bytes=29;client_id=4;clients=50
1777330826456,PUT,92,4,benchKey_44_37,bytes=30;client_id=44;clients=50
1777330826462,PUT,94,4,benchKey_7_37,bytes=29;client_id=7;clients=50
1777330826462,PUT,93,4,benchKey_1_37,bytes=29;client_id=1;clients=50
1777330826468,PUT,99,4,benchKey_18_37,bytes=30;client_id=18;clients=50
1777330826469,PUT,97,4,benchKey_47_37,bytes=30;client_id=47;clients=50
1777330826469,PUT,97,4,benchKey_11_37,bytes=30;client_id=11;clients=50
1777330826470,PUT,97,4,benchKey_20_38,bytes=30;client_id=20;clients=50
1777330826474,PUT,101,4,benchKey_0_37,bytes=29;client_id=0;clients=50
1777330826478,PUT,105,4,benchKey_2_37,bytes=29;client_id=2;clients=50
1777330826489,PUT,116,4,benchKey_33_37,bytes=30;client_id=33;clients=50
1777330826491,PUT,118,4,benchKey_8_37,bytes=29;client_id=8;clients=50
1777330826491,PUT,112,4,benchKey_24_37,bytes=30;client_id=24;clients=50
1777330826493,PUT,106,4,benchKey_10_37,bytes=30;client_id=10;clients=50
1777330826493,PUT,113,4,benchKey_5_37,bytes=29;client_id=5;clients=50
1777330826495,PUT,108,4,benchKey_16_37,bytes=30;client_id=16;clients=50
1777330826496,PUT,109,4,benchKey_22_37,bytes=30;client_id=22;clients=50
1777330826496,PUT,105,4,benchKey_49_37,bytes=30;client_id=49;clients=50
1777330826496,PUT,110,4,benchKey_31_37,bytes=30;client_id=31;clients=50
1777330826496,PUT,99,4,benchKey_35_37,bytes=30;client_id=35;clients=50
1777330826497,PUT,90,4,benchKey_19_38,bytes=30;client_id=19;clients=50
1777330826497,PUT,89,4,benchKey_15_37,bytes=30;client_id=15;clients=50
1777330826503,PUT,93,4,benchKey_39_37,bytes=30;client_id=39;clients=50
1777330826503,PUT,94,4,benchKey_27_37,bytes=30;client_id=27;clients=50
1777330826509,PUT,98,4,benchKey_13_37,bytes=30;client_id=13;clients=50
1777330826510,PUT,96,4,benchKey_42_37,bytes=30;client_id=42;clients=50
1777330826511,PUT,97,4,benchKey_3_38,bytes=29;client_id=3;clients=50
1777330826511,PUT,97,4,benchKey_6_37,bytes=29;client_id=6;clients=50
1777330826515,PUT,101,4,benchKey_38_37,bytes=30;client_id=38;clients=50
1777330826520,PUT,106,4,benchKey_12_37,bytes=30;client_id=12;clients=50
1777330826532,PUT,117,4,benchKey_23_38,bytes=30;client_id=23;clients=50
1777330826533,PUT,113,4,benchKey_36_37,bytes=30;client_id=36;clients=50
1777330826533,PUT,118,4,benchKey_9_37,bytes=29;client_id=9;clients=50
1777330826534,PUT,106,4,benchKey_40_38,bytes=30;client_id=40;clients=50
1777330826535,PUT,114,4,benchKey_21_38,bytes=30;client_id=21;clients=50
1777330826536,PUT,108,4,benchKey_37_38,bytes=30;client_id=37;clients=50
1777330826538,PUT,100,4,benchKey_25_38,bytes=30;client_id=25;clients=50
1777330826538,PUT,110,4,benchKey_26_38,bytes=30;client_id=26;clients=50
1777330826538,PUT,88,4,benchKey_30_38,bytes=30;client_id=30;clients=50
1777330826538,PUT,110,4,benchKey_32_37,bytes=30;client_id=32;clients=50
1777330826538,PUT,106,4,benchKey_41_37,bytes=30;client_id=41;clients=50
1777330826539,PUT,90,4,benchKey_48_38,bytes=30;client_id=48;clients=50
1777330826545,PUT,94,4,benchKey_28_38,bytes=30;client_id=28;clients=50
1777330826545,PUT,95,4,benchKey_29_38,bytes=30;client_id=29;clients=50
1777330826551,PUT,97,4,benchKey_34_38,bytes=30;client_id=34;clients=50
1777330826552,PUT,100,4,benchKey_45_38,bytes=30;client_id=45;clients=50
1777330826552,PUT,98,4,benchKey_17_38,bytes=30;client_id=17;clients=50
1777330826552,PUT,97,4,benchKey_46_38,bytes=30;client_id=46;clients=50
1777330826557,PUT,102,4,benchKey_14_38,bytes=30;client_id=14;clients=50
1777330826562,PUT,106,4,benchKey_43_38,bytes=30;client_id=43;clients=50
1777330826574,PUT,118,4,benchKey_4_38,bytes=29;client_id=4;clients=50
1777330826574,PUT,118,4,benchKey_44_38,bytes=30;client_id=44;clients=50
1777330826574,PUT,112,4,benchKey_7_38,bytes=29;client_id=7;clients=50
1777330826575,PUT,112,4,benchKey_1_38,bytes=29;client_id=1;clients=50
1777330826576,PUT,107,4,benchKey_18_38,bytes=30;client_id=18;clients=50
1777330826577,PUT,107,4,benchKey_47_38,bytes=30;client_id=47;clients=50
1777330826580,PUT,101,4,benchKey_2_38,bytes=29;client_id=2;clients=50
1777330826580,PUT,111,4,benchKey_11_38,bytes=30;client_id=11;clients=50
1777330826580,PUT,106,4,benchKey_0_38,bytes=29;client_id=0;clients=50
1777330826580,PUT,89,4,benchKey_8_38,bytes=29;client_id=8;clients=50
1777330826580,PUT,110,4,benchKey_20_39,bytes=30;client_id=20;clients=50
1777330826582,PUT,92,4,benchKey_33_38,bytes=30;client_id=33;clients=50
1777330826587,PUT,96,4,benchKey_24_38,bytes=30;client_id=24;clients=50
1777330826588,PUT,94,4,benchKey_5_38,bytes=29;client_id=5;clients=50
1777330826593,PUT,97,4,benchKey_49_38,bytes=30;client_id=49;clients=50
1777330826593,PUT,100,4,benchKey_10_38,bytes=30;client_id=10;clients=50
1777330826593,PUT,98,4,benchKey_16_38,bytes=30;client_id=16;clients=50
1777330826594,PUT,98,4,benchKey_22_38,bytes=30;client_id=22;clients=50
1777330826599,PUT,102,4,benchKey_31_38,bytes=30;client_id=31;clients=50
1777330826603,PUT,106,4,benchKey_35_38,bytes=30;client_id=35;clients=50
1777330826616,PUT,118,4,benchKey_15_38,bytes=30;client_id=15;clients=50
1777330826616,PUT,112,4,benchKey_39_38,bytes=30;client_id=39;clients=50
1777330826616,PUT,119,4,benchKey_19_39,bytes=30;client_id=19;clients=50
1777330826617,PUT,107,4,benchKey_13_38,bytes=30;client_id=13;clients=50
1777330826617,PUT,113,4,benchKey_27_38,bytes=30;client_id=27;clients=50
1777330826618,PUT,107,4,benchKey_42_38,bytes=30;client_id=42;clients=50
1777330826623,PUT,90,4,benchKey_23_39,bytes=30;client_id=23;clients=50
1777330826623,PUT,90,4,benchKey_9_38,bytes=29;client_id=9;clients=50
1777330826623,PUT,112,4,benchKey_6_38,bytes=29;client_id=6;clients=50
1777330826623,PUT,102,4,benchKey_12_38,bytes=30;client_id=12;clients=50
1777330826623,PUT,112,4,benchKey_3_39,bytes=29;client_id=3;clients=50
1777330826624,PUT,109,4,benchKey_38_38,bytes=30;client_id=38;clients=50
1777330826629,PUT,95,4,benchKey_40_39,bytes=30;client_id=40;clients=50
1777330826629,PUT,96,4,benchKey_36_38,bytes=30;client_id=36;clients=50
1777330826635,PUT,97,4,benchKey_26_39,bytes=30;client_id=26;clients=50
1777330826635,PUT,100,4,benchKey_21_39,bytes=30;client_id=21;clients=50
1777330826636,PUT,99,4,benchKey_37_39,bytes=30;client_id=37;clients=50
1777330826636,PUT,97,4,benchKey_25_39,bytes=30;client_id=25;clients=50
1777330826642,PUT,104,4,benchKey_30_39,bytes=30;client_id=30;clients=50
1777330826644,PUT,105,4,benchKey_32_38,bytes=30;client_id=32;clients=50
1777330826658,PUT,119,4,benchKey_41_38,bytes=30;client_id=41;clients=50
1777330826658,PUT,113,4,benchKey_28_39,bytes=30;client_id=28;clients=50
1777330826658,PUT,112,4,benchKey_29_39,bytes=30;client_id=29;clients=50
1777330826658,PUT,107,4,benchKey_34_39,bytes=30;client_id=34;clients=50
1777330826658,PUT,119,4,benchKey_48_39,bytes=30;client_id=48;clients=50
1777330826659,PUT,106,4,benchKey_45_39,bytes=30;client_id=45;clients=50
1777330826665,PUT,90,4,benchKey_7_39,bytes=29;client_id=7;clients=50
1777330826666,PUT,113,4,benchKey_17_39,bytes=30;client_id=17;clients=50
1777330826666,PUT,108,4,benchKey_14_39,bytes=30;client_id=14;clients=50
1777330826666,PUT,103,4,benchKey_43_39,bytes=30;client_id=43;clients=50
1777330826666,PUT,113,4,benchKey_46_39,bytes=30;client_id=46;clients=50
1777330826666,PUT,92,4,benchKey_4_39,bytes=29;client_id=4;clients=50
1777330826670,PUT,95,4,benchKey_44_39,bytes=30;client_id=44;clients=50
1777330826670,PUT,95,4,benchKey_1_39,bytes=29;client_id=1;clients=50
1777330826677,PUT,96,4,benchKey_2_39,bytes=29;client_id=2;clients=50
1777330826677,PUT,101,4,benchKey_18_39,bytes=30;client_id=18;clients=50
1777330826677,PUT,100,4,benchKey_47_39,bytes=30;client_id=47;clients=50
1777330826677,PUT,96,4,benchKey_11_39,bytes=30;client_id=11;clients=50
1777330826685,PUT,104,4,benchKey_8_39,bytes=29;client_id=8;clients=50
1777330826685,PUT,104,4,benchKey_0_39,bytes=29;client_id=0;clients=50
1777330826700,PUT,112,4,benchKey_5_39,bytes=29;client_id=5;clients=50
1777330826700,PUT,119,4,benchKey_20_40,bytes=30;client_id=20;clients=50
1777330826701,PUT,107,4,benchKey_49_39,bytes=30;client_id=49;clients=50
1777330826701,PUT,119,4,benchKey_33_39,bytes=30;client_id=33;clients=50
1777330826701,PUT,114,4,benchKey_24_39,bytes=30;client_id=24;clients=50
1777330826701,PUT,107,4,benchKey_10_39,bytes=30;client_id=10;clients=50
1777330826707,PUT,113,4,benchKey_16_39,bytes=30;client_id=16;clients=50
1777330826708,PUT,113,4,benchKey_22_39,bytes=30;client_id=22;clients=50
1777330826708,PUT,108,4,benchKey_31_39,bytes=30;client_id=31;clients=50
1777330826708,PUT,91,4,benchKey_15_39,bytes=30;client_id=15;clients=50
1777330826708,PUT,91,4,benchKey_39_39,bytes=30;client_id=39;clients=50
1777330826708,PUT,105,4,benchKey_35_39,bytes=30;client_id=35;clients=50
1777330826711,PUT,94,4,benchKey_19_40,bytes=30;client_id=19;clients=50
1777330826711,PUT,94,4,benchKey_13_39,bytes=30;client_id=13;clients=50
1777330826719,PUT,95,4,benchKey_9_39,bytes=29;client_id=9;clients=50
1777330826719,PUT,102,4,benchKey_27_39,bytes=30;client_id=27;clients=50
1777330826719,PUT,101,4,benchKey_42_39,bytes=30;client_id=42;clients=50
1777330826719,PUT,95,4,benchKey_23_40,bytes=30;client_id=23;clients=50
1777330826727,PUT,103,4,benchKey_12_39,bytes=30;client_id=12;clients=50
1777330826727,PUT,103,4,benchKey_6_39,bytes=29;client_id=6;clients=50
1777330826743,PUT,114,4,benchKey_40_40,bytes=30;client_id=40;clients=50
1777330826744,PUT,120,4,benchKey_3_40,bytes=29;client_id=3;clients=50
1777330826744,PUT,108,4,benchKey_26_40,bytes=30;client_id=26;clients=50
1777330826743,PUT,114,4,benchKey_36_39,bytes=30;client_id=36;clients=50
1777330826743,PUT,108,4,benchKey_21_40,bytes=30;client_id=21;clients=50
1777330826743,PUT,119,4,benchKey_38_39,bytes=30;client_id=38;clients=50
1777330826748,PUT,112,4,benchKey_37_40,bytes=30;client_id=37;clients=50
1777330826749,PUT,104,4,benchKey_32_39,bytes=30;client_id=32;clients=50
1777330826750,PUT,107,4,benchKey_30_40,bytes=30;client_id=30;clients=50
1777330826750,PUT,91,4,benchKey_29_40,bytes=30;client_id=29;clients=50
1777330826750,PUT,91,4,benchKey_28_40,bytes=30;client_id=28;clients=50
1777330826751,PUT,114,4,benchKey_25_40,bytes=30;client_id=25;clients=50
1777330826752,PUT,93,4,benchKey_34_40,bytes=30;client_id=34;clients=50
1777330826752,PUT,93,4,benchKey_41_39,bytes=30;client_id=41;clients=50
1777330826761,PUT,102,4,benchKey_45_40,bytes=30;client_id=45;clients=50
1777330826761,PUT,94,4,benchKey_17_40,bytes=30;client_id=17;clients=50
1777330826761,PUT,95,4,benchKey_7_40,bytes=29;client_id=7;clients=50
1777330826762,PUT,103,4,benchKey_48_40,bytes=30;client_id=48;clients=50
1777330826769,PUT,102,4,benchKey_14_40,bytes=30;client_id=14;clients=50
1777330826769,PUT,102,4,benchKey_43_40,bytes=30;client_id=43;clients=50
1777330826785,PUT,118,4,benchKey_4_40,bytes=29;client_id=4;clients=50
1777330826785,PUT,107,4,benchKey_2_40,bytes=29;client_id=2;clients=50
1777330826786,PUT,108,4,benchKey_18_40,bytes=30;client_id=18;clients=50
1777330826786,PUT,116,4,benchKey_44_40,bytes=30;client_id=44;clients=50
1777330826786,PUT,116,4,benchKey_1_40,bytes=29;client_id=1;clients=50
1777330826787,PUT,121,4,benchKey_46_40,bytes=30;client_id=46;clients=50
1777330826790,PUT,112,4,benchKey_47_40,bytes=30;client_id=47;clients=50
1777330826791,PUT,105,4,benchKey_0_40,bytes=29;client_id=0;clients=50
1777330826791,PUT,90,4,benchKey_5_40,bytes=29;client_id=5;clients=50
1777330826791,PUT,113,4,benchKey_11_40,bytes=30;client_id=11;clients=50
1777330826792,PUT,106,4,benchKey_8_40,bytes=29;client_id=8;clients=50
1777330826793,PUT,92,4,benchKey_20_41,bytes=30;client_id=20;clients=50
1777330826794,PUT,92,4,benchKey_24_40,bytes=30;client_id=24;clients=50
1777330826794,PUT,92,4,benchKey_49_40,bytes=30;client_id=49;clients=50
1777330826802,PUT,100,4,benchKey_33_40,bytes=30;client_id=33;clients=50
1777330826802,PUT,100,4,benchKey_10_40,bytes=30;client_id=10;clients=50
1777330826802,PUT,95,4,benchKey_16_40,bytes=30;client_id=16;clients=50
1777330826804,PUT,95,4,benchKey_31_40,bytes=30;client_id=31;clients=50
1777330826810,PUT,102,4,benchKey_15_40,bytes=30;client_id=15;clients=50
1777330826810,PUT,102,4,benchKey_22_40,bytes=30;client_id=22;clients=50
1777330826827,PUT,118,4,benchKey_39_40,bytes=30;client_id=39;clients=50
1777330826827,PUT,118,4,benchKey_35_40,bytes=30;client_id=35;clients=50
1777330826829,PUT,117,4,benchKey_13_40,bytes=30;client_id=13;clients=50
1777330826829,PUT,109,4,benchKey_27_40,bytes=30;client_id=27;clients=50
1777330826829,PUT,118,4,benchKey_19_41,bytes=30;client_id=19;clients=50
1777330826829,PUT,110,4,benchKey_9_40,bytes=29;client_id=9;clients=50
1777330826832,PUT,112,4,benchKey_23_41,bytes=30;client_id=23;clients=50
1777330826832,PUT,112,4,benchKey_42_40,bytes=30;client_id=42;clients=50
1777330826833,PUT,105,4,benchKey_6_40,bytes=29;client_id=6;clients=50
1777330826833,PUT,89,4,benchKey_3_41,bytes=29;client_id=3;clients=50
1777330826833,PUT,105,4,benchKey_12_40,bytes=30;client_id=12;clients=50
1777330826834,PUT,90,4,benchKey_40_41,bytes=30;client_id=40;clients=50
1777330826835,PUT,90,4,benchKey_36_40,bytes=30;client_id=36;clients=50
1777330826835,PUT,90,4,benchKey_26_41,bytes=30;client_id=26;clients=50
1777330826844,PUT,95,4,benchKey_37_41,bytes=30;client_id=37;clients=50
1777330826844,PUT,100,4,benchKey_21_41,bytes=30;client_id=21;clients=50
1777330826845,PUT,100,4,benchKey_38_40,bytes=30;client_id=38;clients=50
1777330826846,PUT,96,4,benchKey_32_40,bytes=30;client_id=32;clients=50
1777330826853,PUT,103,4,benchKey_29_41,bytes=30;client_id=29;clients=50
1777330826853,PUT,103,4,benchKey_30_41,bytes=30;client_id=30;clients=50
1777330826870,PUT,118,4,benchKey_41_40,bytes=30;client_id=41;clients=50
1777330826870,PUT,109,4,benchKey_45_41,bytes=30;client_id=45;clients=50
1777330826870,PUT,120,4,benchKey_28_41,bytes=30;client_id=28;clients=50
1777330826870,PUT,119,4,benchKey_25_41,bytes=30;client_id=25;clients=50
1777330826870,PUT,118,4,benchKey_34_41,bytes=30;client_id=34;clients=50
1777330826872,PUT,110,4,benchKey_17_41,bytes=30;client_id=17;clients=50
1777330826873,PUT,111,4,benchKey_48_41,bytes=30;client_id=48;clients=50
1777330826873,PUT,111,4,benchKey_7_41,bytes=29;client_id=7;clients=50
1777330826874,PUT,104,4,benchKey_14_41,bytes=30;client_id=14;clients=50
1777330826875,PUT,89,4,benchKey_4_41,bytes=29;client_id=4;clients=50
1777330826875,PUT,89,4,benchKey_2_41,bytes=29;client_id=2;clients=50
1777330826875,PUT,106,4,benchKey_43_41,bytes=30;client_id=43;clients=50
1777330826876,PUT,89,4,benchKey_44_41,bytes=30;client_id=44;clients=50
1777330826877,PUT,90,4,benchKey_18_41,bytes=30;client_id=18;clients=50
1777330826885,PUT,97,4,benchKey_46_41,bytes=30;client_id=46;clients=50
1777330826886,PUT,99,4,benchKey_1_41,bytes=29;client_id=1;clients=50
1777330826887,PUT,96,4,benchKey_47_41,bytes=30;client_id=47;clients=50
1777330826888,PUT,97,4,benchKey_0_41,bytes=29;client_id=0;clients=50
1777330826894,PUT,103,4,benchKey_5_41,bytes=29;client_id=5;clients=50
1777330826894,PUT,103,4,benchKey_11_41,bytes=30;client_id=11;clients=50
1777330826912,PUT,109,4,benchKey_33_41,bytes=30;client_id=33;clients=50
1777330826912,PUT,119,4,benchKey_20_42,bytes=30;client_id=20;clients=50
1777330826913,PUT,118,4,benchKey_49_41,bytes=30;client_id=49;clients=50
1777330826913,PUT,118,4,benchKey_24_41,bytes=30;client_id=24;clients=50
1777330826913,PUT,110,4,benchKey_10_41,bytes=30;client_id=10;clients=50
1777330826913,PUT,121,4,benchKey_8_41,bytes=29;client_id=8;clients=50
1777330826914,PUT,111,4,benchKey_16_41,bytes=30;client_id=16;clients=50
1777330826914,PUT,109,4,benchKey_31_41,bytes=30;client_id=31;clients=50
1777330826915,PUT,104,4,benchKey_22_41,bytes=30;client_id=22;clients=50
1777330826916,PUT,105,4,benchKey_15_41,bytes=30;client_id=15;clients=50
1777330826916,PUT,88,4,benchKey_39_41,bytes=30;client_id=39;clients=50
1777330826918,PUT,89,4,benchKey_13_41,bytes=30;client_id=13;clients=50
1777330826918,PUT,90,4,benchKey_35_41,bytes=30;client_id=35;clients=50
1777330826918,PUT,89,4,benchKey_27_41,bytes=30;client_id=27;clients=50
1777330826927,PUT,97,4,benchKey_19_42,bytes=30;client_id=19;clients=50
1777330826927,PUT,97,4,benchKey_9_41,bytes=29;client_id=9;clients=50
1777330826928,PUT,95,4,benchKey_23_42,bytes=30;client_id=23;clients=50
1777330826929,PUT,96,4,benchKey_42_41,bytes=30;client_id=42;clients=50
1777330826936,PUT,103,4,benchKey_3_42,bytes=29;client_id=3;clients=50
1777330826936,PUT,103,4,benchKey_6_41,bytes=29;client_id=6;clients=50
1777330826954,PUT,109,4,benchKey_37_42,bytes=30;client_id=37;clients=50
1777330826954,PUT,119,4,benchKey_26_42,bytes=30;client_id=26;clients=50
1777330826954,PUT,120,4,benchKey_40_42,bytes=30;client_id=40;clients=50
1777330826954,PUT,120,4,benchKey_12_41,bytes=30;client_id=12;clients=50
1777330826955,PUT,110,4,benchKey_38_41,bytes=30;client_id=38;clients=50
1777330826956,PUT,121,4,benchKey_36_41,bytes=30;client_id=36;clients=50
1777330826956,PUT,102,4,benchKey_30_42,bytes=30;client_id=30;clients=50
1777330826956,PUT,111,4,benchKey_21_42,bytes=30;client_id=21;clients=50
1777330826956,PUT,109,4,benchKey_32_41,bytes=30;client_id=32;clients=50
1777330826957,PUT,86,4,benchKey_41_41,bytes=30;client_id=41;clients=50
1777330826957,PUT,103,4,benchKey_29_42,bytes=30;client_id=29;clients=50
1777330826959,PUT,88,4,benchKey_28_42,bytes=30;client_id=28;clients=50
1777330826959,PUT,88,4,benchKey_25_42,bytes=30;client_id=25;clients=50
1777330826959,PUT,88,4,benchKey_45_42,bytes=30;client_id=45;clients=50
1777330826968,PUT,97,4,benchKey_34_42,bytes=30;client_id=34;clients=50
1777330826969,PUT,97,4,benchKey_17_42,bytes=30;client_id=17;clients=50
1777330826970,PUT,96,4,benchKey_48_42,bytes=30;client_id=48;clients=50
1777330826970,PUT,97,4,benchKey_7_42,bytes=29;client_id=7;clients=50
1777330826977,PUT,103,4,benchKey_14_42,bytes=30;client_id=14;clients=50
1777330826978,PUT,102,4,benchKey_4_42,bytes=29;client_id=4;clients=50
1777330826995,PUT,120,4,benchKey_2_42,bytes=29;client_id=2;clients=50
1777330826996,PUT,120,4,benchKey_44_42,bytes=30;client_id=44;clients=50
1777330826997,PUT,111,4,benchKey_46_42,bytes=30;client_id=46;clients=50
1777330826997,PUT,111,4,benchKey_1_42,bytes=29;client_id=1;clients=50
1777330826997,PUT,122,4,benchKey_43_42,bytes=30;client_id=43;clients=50
1777330826997,PUT,120,4,benchKey_18_42,bytes=30;client_id=18;clients=50
1777330826997,PUT,110,4,benchKey_47_42,bytes=30;client_id=47;clients=50
1777330826998,PUT,103,4,benchKey_11_42,bytes=30;client_id=11;clients=50
1777330826998,PUT,110,4,benchKey_0_42,bytes=29;client_id=0;clients=50
1777330826998,PUT,104,4,benchKey_5_42,bytes=29;client_id=5;clients=50
1777330826999,PUT,86,4,benchKey_20_43,bytes=30;client_id=20;clients=50
1777330827001,PUT,88,4,benchKey_49_42,bytes=30;client_id=49;clients=50
1777330827001,PUT,87,4,benchKey_24_42,bytes=30;client_id=24;clients=50
1777330827001,PUT,88,4,benchKey_33_42,bytes=30;client_id=33;clients=50
1777330827009,PUT,95,4,benchKey_10_42,bytes=30;client_id=10;clients=50
1777330827010,PUT,96,4,benchKey_8_42,bytes=29;client_id=8;clients=50
1777330827013,PUT,99,4,benchKey_31_42,bytes=30;client_id=31;clients=50
1777330827013,PUT,99,4,benchKey_16_42,bytes=30;client_id=16;clients=50
1777330827019,PUT,104,4,benchKey_22_42,bytes=30;client_id=22;clients=50
1777330827020,PUT,104,4,benchKey_15_42,bytes=30;client_id=15;clients=50
1777330827036,PUT,120,4,benchKey_39_42,bytes=30;client_id=39;clients=50
1777330827038,PUT,119,4,benchKey_13_42,bytes=30;client_id=13;clients=50
1777330827038,PUT,119,4,benchKey_35_42,bytes=30;client_id=35;clients=50
1777330827039,PUT,110,4,benchKey_42_42,bytes=30;client_id=42;clients=50
1777330827039,PUT,120,4,benchKey_27_42,bytes=30;client_id=27;clients=50
1777330827039,PUT,111,4,benchKey_19_43,bytes=30;client_id=19;clients=50
1777330827039,PUT,103,4,benchKey_6_42,bytes=29;client_id=6;clients=50
1777330827039,PUT,112,4,benchKey_9_42,bytes=29;client_id=9;clients=50
1777330827039,PUT,111,4,benchKey_23_43,bytes=30;client_id=23;clients=50
1777330827040,PUT,103,4,benchKey_3_43,bytes=29;client_id=3;clients=50
1777330827041,PUT,86,4,benchKey_37_43,bytes=30;client_id=37;clients=50
1777330827042,PUT,87,4,benchKey_12_42,bytes=30;client_id=12;clients=50
1777330827043,PUT,88,4,benchKey_40_43,bytes=30;client_id=40;clients=50
1777330827043,PUT,88,4,benchKey_26_43,bytes=30;client_id=26;clients=50
1777330827050,PUT,95,4,benchKey_38_42,bytes=30;client_id=38;clients=50
1777330827052,PUT,95,4,benchKey_36_42,bytes=30;client_id=36;clients=50
1777330827055,PUT,98,4,benchKey_30_43,bytes=30;client_id=30;clients=50
1777330827055,PUT,98,4,benchKey_21_43,bytes=30;client_id=21;clients=50
1777330827061,PUT,104,4,benchKey_32_42,bytes=30;client_id=32;clients=50
1777330827062,PUT,105,4,benchKey_41_42,bytes=30;client_id=41;clients=50
1777330827077,PUT,120,4,benchKey_29_43,bytes=30;client_id=29;clients=50
1777330827079,PUT,120,4,benchKey_25_43,bytes=30;client_id=25;clients=50
1777330827080,PUT,120,4,benchKey_45_43,bytes=30;client_id=45;clients=50
1777330827080,PUT,120,4,benchKey_28_43,bytes=30;client_id=28;clients=50
1777330827081,PUT,111,4,benchKey_17_43,bytes=30;client_id=17;clients=50
1777330827081,PUT,103,4,benchKey_14_43,bytes=30;client_id=14;clients=50
1777330827081,PUT,103,4,benchKey_4_43,bytes=29;client_id=4;clients=50
1777330827081,PUT,110,4,benchKey_7_43,bytes=29;client_id=7;clients=50
1777330827081,PUT,110,4,benchKey_48_43,bytes=30;client_id=48;clients=50
1777330827082,PUT,113,4,benchKey_34_43,bytes=30;client_id=34;clients=50
1777330827083,PUT,86,4,benchKey_44_43,bytes=30;client_id=44;clients=50
1777330827083,PUT,87,4,benchKey_2_43,bytes=29;client_id=2;clients=50
1777330827084,PUT,86,4,benchKey_46_43,bytes=30;client_id=46;clients=50
1777330827084,PUT,86,4,benchKey_1_43,bytes=29;client_id=1;clients=50
1777330827091,PUT,93,4,benchKey_43_43,bytes=30;client_id=43;clients=50
1777330827093,PUT,95,4,benchKey_18_43,bytes=30;client_id=18;clients=50
1777330827096,PUT,98,4,benchKey_47_43,bytes=30;client_id=47;clients=50
1777330827097,PUT,98,4,benchKey_11_43,bytes=30;client_id=11;clients=50
1777330827103,PUT,104,4,benchKey_5_43,bytes=29;client_id=5;clients=50
1777330827103,PUT,104,4,benchKey_0_43,bytes=29;client_id=0;clients=50
1777330827119,PUT,120,4,benchKey_20_44,bytes=30;client_id=20;clients=50
1777330827120,PUT,118,4,benchKey_24_43,bytes=30;client_id=24;clients=50
1777330827121,PUT,119,4,benchKey_49_43,bytes=30;client_id=49;clients=50
1777330827122,PUT,112,4,benchKey_10_43,bytes=30;client_id=10;clients=50
1777330827122,PUT,108,4,benchKey_16_43,bytes=30;client_id=16;clients=50
1777330827122,PUT,111,4,benchKey_8_43,bytes=29;client_id=8;clients=50
1777330827122,PUT,120,4,benchKey_33_43,bytes=30;client_id=33;clients=50
1777330827123,PUT,109,4,benchKey_31_43,bytes=30;client_id=31;clients=50
1777330827123,PUT,103,4,benchKey_22_43,bytes=30;client_id=22;clients=50
1777330827123,PUT,103,4,benchKey_15_43,bytes=30;client_id=15;clients=50
1777330827124,PUT,85,4,benchKey_13_43,bytes=30;client_id=13;clients=50
1777330827124,PUT,87,4,benchKey_39_43,bytes=30;client_id=39;clients=50
1777330827125,PUT,85,4,benchKey_42_43,bytes=30;client_id=42;clients=50
1777330827126,PUT,87,4,benchKey_35_43,bytes=30;client_id=35;clients=50
1777330827133,PUT,94,4,benchKey_27_43,bytes=30;client_id=27;clients=50
1777330827134,PUT,94,4,benchKey_19_44,bytes=30;client_id=19;clients=50
1777330827137,PUT,97,4,benchKey_6_43,bytes=29;client_id=6;clients=50
1777330827138,PUT,98,4,benchKey_9_43,bytes=29;client_id=9;clients=50
1777330827144,PUT,104,4,benchKey_23_44,bytes=30;client_id=23;clients=50
1777330827144,PUT,104,4,benchKey_3_44,bytes=29;client_id=3;clients=50
1777330827162,PUT,120,4,benchKey_12_43,bytes=30;client_id=12;clients=50
1777330827162,PUT,119,4,benchKey_40_44,bytes=30;client_id=40;clients=50
1777330827162,PUT,121,4,benchKey_37_44,bytes=30;client_id=37;clients=50
1777330827163,PUT,119,4,benchKey_26_44,bytes=30;client_id=26;clients=50
1777330827164,PUT,102,4,benchKey_32_43,bytes=30;client_id=32;clients=50
1777330827164,PUT,112,4,benchKey_36_43,bytes=30;client_id=36;clients=50
1777330827164,PUT,108,4,benchKey_30_44,bytes=30;client_id=30;clients=50
1777330827164,PUT,113,4,benchKey_38_43,bytes=30;client_id=38;clients=50
1777330827164,PUT,102,4,benchKey_41_43,bytes=30;client_id=41;clients=50
1777330827164,PUT,109,4,benchKey_21_44,bytes=30;client_id=21;clients=50
1777330827165,PUT,87,4,benchKey_29_44,bytes=30;client_id=29;clients=50
1777330827165,PUT,85,4,benchKey_25_44,bytes=30;client_id=25;clients=50
1777330827166,PUT,85,4,benchKey_45_44,bytes=30;client_id=45;clients=50
1777330827167,PUT,86,4,benchKey_28_44,bytes=30;client_id=28;clients=50
1777330827174,PUT,93,4,benchKey_17_44,bytes=30;client_id=17;clients=50
1777330827176,PUT,94,4,benchKey_14_44,bytes=30;client_id=14;clients=50
1777330827179,PUT,97,4,benchKey_7_44,bytes=29;client_id=7;clients=50
1777330827179,PUT,97,4,benchKey_4_44,bytes=29;client_id=4;clients=50
1777330827185,PUT,103,4,benchKey_34_44,bytes=30;client_id=34;clients=50
1777330827185,PUT,103,4,benchKey_48_44,bytes=30;client_id=48;clients=50
1777330827203,PUT,120,4,benchKey_44_44,bytes=30;client_id=44;clients=50
1777330827204,PUT,119,4,benchKey_1_44,bytes=29;client_id=1;clients=50
1777330827204,PUT,120,4,benchKey_46_44,bytes=30;client_id=46;clients=50
1777330827205,PUT,121,4,benchKey_2_44,bytes=29;client_id=2;clients=50
1777330827205,PUT,111,4,benchKey_18_44,bytes=30;client_id=18;clients=50
1777330827205,PUT,113,4,benchKey_43_44,bytes=30;client_id=43;clients=50
1777330827206,PUT,108,4,benchKey_11_44,bytes=30;client_id=11;clients=50
1777330827206,PUT,102,4,benchKey_5_44,bytes=29;client_id=5;clients=50
1777330827206,PUT,85,4,benchKey_24_44,bytes=30;client_id=24;clients=50
1777330827206,PUT,103,4,benchKey_0_44,bytes=29;client_id=0;clients=50
1777330827206,PUT,86,4,benchKey_20_45,bytes=30;client_id=20;clients=50
1777330827207,PUT,110,4,benchKey_47_44,bytes=30;client_id=47;clients=50
1777330827207,PUT,86,4,benchKey_49_44,bytes=30;client_id=49;clients=50
1777330827209,PUT,87,4,benchKey_16_44,bytes=30;client_id=16;clients=50
1777330827216,PUT,94,4,benchKey_10_44,bytes=30;client_id=10;clients=50
1777330827217,PUT,94,4,benchKey_8_44,bytes=29;client_id=8;clients=50
1777330827220,PUT,97,4,benchKey_31_44,bytes=30;client_id=31;clients=50
1777330827220,PUT,97,4,benchKey_33_44,bytes=30;client_id=33;clients=50
1777330827226,PUT,103,4,benchKey_15_44,bytes=30;client_id=15;clients=50
1777330827227,PUT,104,4,benchKey_22_44,bytes=30;client_id=22;clients=50
1777330827245,PUT,120,4,benchKey_42_44,bytes=30;client_id=42;clients=50
1777330827246,PUT,122,4,benchKey_39_44,bytes=30;client_id=39;clients=50
1777330827246,PUT,112,4,benchKey_27_44,bytes=30;client_id=27;clients=50
1777330827246,PUT,122,4,benchKey_13_44,bytes=30;client_id=13;clients=50
1777330827246,PUT,120,4,benchKey_35_44,bytes=30;client_id=35;clients=50
1777330827246,PUT,112,4,benchKey_19_45,bytes=30;client_id=19;clients=50
1777330827248,PUT,103,4,benchKey_23_45,bytes=30;client_id=23;clients=50
1777330827248,PUT,85,4,benchKey_37_45,bytes=30;client_id=37;clients=50
1777330827248,PUT,85,4,benchKey_12_44,bytes=30;client_id=12;clients=50
1777330827248,PUT,110,4,benchKey_6_44,bytes=29;client_id=6;clients=50
1777330827248,PUT,110,4,benchKey_9_44,bytes=29;client_id=9;clients=50
1777330827248,PUT,104,4,benchKey_3_45,bytes=29;client_id=3;clients=50
1777330827248,PUT,86,4,benchKey_40_45,bytes=30;client_id=40;clients=50
1777330827251,PUT,88,4,benchKey_26_45,bytes=30;client_id=26;clients=50
1777330827258,PUT,94,4,benchKey_32_44,bytes=30;client_id=32;clients=50
1777330827258,PUT,93,4,benchKey_36_44,bytes=30;client_id=36;clients=50
1777330827262,PUT,97,4,benchKey_30_45,bytes=30;client_id=30;clients=50
1777330827262,PUT,97,4,benchKey_38_44,bytes=30;client_id=38;clients=50
1777330827268,PUT,103,4,benchKey_41_44,bytes=30;client_id=41;clients=50
1777330827269,PUT,104,4,benchKey_21_45,bytes=30;client_id=21;clients=50
1777330827287,PUT,122,4,benchKey_29_45,bytes=30;client_id=29;clients=50
1777330827287,PUT,120,4,benchKey_28_45,bytes=30;client_id=28;clients=50
1777330827288,PUT,111,4,benchKey_14_45,bytes=30;client_id=14;clients=50
1777330827288,PUT,123,4,benchKey_25_45,bytes=30;client_id=25;clients=50
1777330827288,PUT,113,4,benchKey_17_45,bytes=30;client_id=17;clients=50
1777330827288,PUT,122,4,benchKey_45_45,bytes=30;client_id=45;clients=50
1777330827289,PUT,109,4,benchKey_7_45,bytes=29;client_id=7;clients=50
1777330827290,PUT,86,4,benchKey_44_45,bytes=30;client_id=44;clients=50
1777330827290,PUT,104,4,benchKey_48_45,bytes=30;client_id=48;clients=50
1777330827291,PUT,111,4,benchKey_4_45,bytes=29;client_id=4;clients=50
1777330827291,PUT,105,4,benchKey_34_45,bytes=30;client_id=34;clients=50
1777330827291,PUT,86,4,benchKey_46_45,bytes=30;client_id=46;clients=50
1777330827291,PUT,87,4,benchKey_1_45,bytes=29;client_id=1;clients=50
1777330827293,PUT,88,4,benchKey_2_45,bytes=29;client_id=2;clients=50
1777330827299,PUT,93,4,benchKey_43_45,bytes=30;client_id=43;clients=50
1777330827300,PUT,94,4,benchKey_18_45,bytes=30;client_id=18;clients=50
1777330827304,PUT,98,4,benchKey_11_45,bytes=30;client_id=11;clients=50
1777330827304,PUT,97,4,benchKey_5_45,bytes=29;client_id=5;clients=50
1777330827309,PUT,102,4,benchKey_24_45,bytes=30;client_id=24;clients=50
1777330827310,PUT,103,4,benchKey_0_45,bytes=29;client_id=0;clients=50
1777330827331,PUT,114,4,benchKey_8_45,bytes=29;client_id=8;clients=50
1777330827332,PUT,112,4,benchKey_31_45,bytes=30;client_id=31;clients=50
1777330827332,PUT,115,4,benchKey_10_45,bytes=30;client_id=10;clients=50
1777330827331,PUT,124,4,benchKey_47_45,bytes=30;client_id=47;clients=50
1777330827334,PUT,88,4,benchKey_27_45,bytes=30;client_id=27;clients=50
1777330827335,PUT,89,4,benchKey_42_45,bytes=30;client_id=42;clients=50
1777330827335,PUT,88,4,benchKey_13_45,bytes=30;client_id=13;clients=50
1777330827331,PUT,122,4,benchKey_16_45,bytes=30;client_id=16;clients=50
1777330827336,PUT,108,4,benchKey_22_45,bytes=30;client_id=22;clients=50
1777330827331,PUT,124,4,benchKey_49_45,bytes=30;client_id=49;clients=50
1777330827331,PUT,125,4,benchKey_20_46,bytes=30;client_id=20;clients=50
1777330827334,PUT,88,4,benchKey_39_45,bytes=30;client_id=39;clients=50
1777330827333,PUT,113,4,benchKey_33_45,bytes=30;client_id=33;clients=50
1777330827333,PUT,107,4,benchKey_15_45,bytes=30;client_id=15;clients=50
1777330827340,PUT,93,4,benchKey_35_45,bytes=30;client_id=35;clients=50
1777330827343,PUT,97,4,benchKey_19_46,bytes=30;client_id=19;clients=50
1777330827345,PUT,97,4,benchKey_23_46,bytes=30;client_id=23;clients=50
1777330827346,PUT,98,4,benchKey_37_46,bytes=30;client_id=37;clients=50
1777330827350,PUT,101,4,benchKey_12_45,bytes=30;client_id=12;clients=50
1777330827351,PUT,102,4,benchKey_6_45,bytes=29;client_id=6;clients=50
1777330827375,PUT,113,4,benchKey_38_45,bytes=30;client_id=38;clients=50
1777330827376,PUT,107,4,benchKey_41_45,bytes=30;client_id=41;clients=50
1777330827376,PUT,125,4,benchKey_26_46,bytes=30;client_id=26;clients=50
1777330827377,PUT,89,4,benchKey_28_46,bytes=30;client_id=28;clients=50
1777330827377,PUT,128,4,benchKey_40_46,bytes=30;client_id=40;clients=50
1777330827377,PUT,118,4,benchKey_32_45,bytes=30;client_id=32;clients=50
1777330827377,PUT,128,4,benchKey_9_45,bytes=29;client_id=9;clients=50
1777330827377,PUT,114,4,benchKey_30_46,bytes=30;client_id=30;clients=50
1777330827378,PUT,119,4,benchKey_36_45,bytes=30;client_id=36;clients=50
1777330827378,PUT,90,4,benchKey_29_46,bytes=30;client_id=29;clients=50
1777330827378,PUT,129,4,benchKey_3_46,bytes=29;client_id=3;clients=50
1777330827378,PUT,90,4,benchKey_25_46,bytes=30;client_id=25;clients=50
1777330827379,PUT,90,4,benchKey_14_46,bytes=30;client_id=14;clients=50
1777330827380,PUT,110,4,benchKey_21_46,bytes=30;client_id=21;clients=50
1777330827382,PUT,93,4,benchKey_17_46,bytes=30;client_id=17;clients=50
1777330827385,PUT,96,4,benchKey_45_46,bytes=30;client_id=45;clients=50
1777330827387,PUT,98,4,benchKey_7_46,bytes=29;client_id=7;clients=50
1777330827388,PUT,97,4,benchKey_44_46,bytes=30;client_id=44;clients=50
1777330827391,PUT,100,4,benchKey_48_46,bytes=30;client_id=48;clients=50
1777330827392,PUT,100,4,benchKey_4_46,bytes=29;client_id=4;clients=50
1777330827416,PUT,125,4,benchKey_34_46,bytes=30;client_id=34;clients=50
1777330827417,PUT,125,4,benchKey_1_46,bytes=29;client_id=1;clients=50
1777330827417,PUT,125,4,benchKey_46_46,bytes=30;client_id=46;clients=50
1777330827419,PUT,126,4,benchKey_2_46,bytes=29;client_id=2;clients=50
1777330827419,PUT,115,4,benchKey_11_46,bytes=30;client_id=11;clients=50
1777330827419,PUT,115,4,benchKey_5_46,bytes=29;client_id=5;clients=50
1777330827419,PUT,86,4,benchKey_31_46,bytes=30;client_id=31;clients=50
1777330827419,PUT,109,4,benchKey_0_46,bytes=29;client_id=0;clients=50
1777330827419,PUT,86,4,benchKey_8_46,bytes=29;client_id=8;clients=50
1777330827419,PUT,119,4,benchKey_18_46,bytes=30;client_id=18;clients=50
1777330827420,PUT,86,4,benchKey_10_46,bytes=30;client_id=10;clients=50
1777330827420,PUT,121,4,benchKey_43_46,bytes=30;client_id=43;clients=50
1777330827420,PUT,111,4,benchKey_24_46,bytes=30;client_id=24;clients=50
1777330827422,PUT,88,4,benchKey_47_46,bytes=30;client_id=47;clients=50
1777330827424,PUT,89,4,benchKey_27_46,bytes=30;client_id=27;clients=50
1777330827426,PUT,91,4,benchKey_42_46,bytes=30;client_id=42;clients=50
1777330827429,PUT,93,4,benchKey_13_46,bytes=30;client_id=13;clients=50
1777330827430,PUT,94,4,benchKey_16_46,bytes=30;client_id=16;clients=50
1777330827433,PUT,97,4,benchKey_22_46,bytes=30;client_id=22;clients=50
1777330827433,PUT,96,4,benchKey_49_46,bytes=30;client_id=49;clients=50
1777330827459,PUT,122,4,benchKey_20_47,bytes=30;client_id=20;clients=50
1777330827459,PUT,122,4,benchKey_39_46,bytes=30;client_id=39;clients=50
1777330827459,PUT,122,4,benchKey_33_46,bytes=30;client_id=33;clients=50
1777330827461,PUT,109,4,benchKey_6_46,bytes=29;client_id=6;clients=50
1777330827461,PUT,110,4,benchKey_12_46,bytes=30;client_id=12;clients=50
1777330827462,PUT,121,4,benchKey_35_46,bytes=30;client_id=35;clients=50
1777330827462,PUT,117,4,benchKey_23_47,bytes=30;client_id=23;clients=50
1777330827462,PUT,86,4,benchKey_26_47,bytes=30;client_id=26;clients=50
1777330827462,PUT,118,4,benchKey_19_47,bytes=30;client_id=19;clients=50
1777330827462,PUT,125,4,benchKey_15_46,bytes=30;client_id=15;clients=50
1777330827462,PUT,115,4,benchKey_37_47,bytes=30;client_id=37;clients=50
1777330827462,PUT,86,4,benchKey_41_46,bytes=30;client_id=41;clients=50
1777330827462,PUT,86,4,benchKey_38_46,bytes=30;client_id=38;clients=50
1777330827464,PUT,87,4,benchKey_28_47,bytes=30;client_id=28;clients=50
1777330827466,PUT,88,4,benchKey_32_46,bytes=30;client_id=32;clients=50
1777330827468,PUT,90,4,benchKey_40_47,bytes=30;client_id=40;clients=50
1777330827470,PUT,92,4,benchKey_9_46,bytes=29;client_id=9;clients=50
1777330827472,PUT,94,4,benchKey_30_47,bytes=30;client_id=30;clients=50
1777330827474,PUT,96,4,benchKey_36_46,bytes=30;client_id=36;clients=50
1777330827474,PUT,96,4,benchKey_29_47,bytes=30;client_id=29;clients=50
1777330827501,PUT,122,4,benchKey_14_47,bytes=30;client_id=14;clients=50
1777330827501,PUT,123,4,benchKey_3_47,bytes=29;client_id=3;clients=50
1777330827501,PUT,123,4,benchKey_25_47,bytes=30;client_id=25;clients=50
1777330827502,PUT,122,4,benchKey_21_47,bytes=30;client_id=21;clients=50
1777330827502,PUT,120,4,benchKey_17_47,bytes=30;client_id=17;clients=50
1777330827503,PUT,117,4,benchKey_45_47,bytes=30;client_id=45;clients=50
1777330827504,PUT,87,4,benchKey_46_47,bytes=30;client_id=46;clients=50
1777330827504,PUT,117,4,benchKey_7_47,bytes=29;client_id=7;clients=50
1777330827504,PUT,116,4,benchKey_44_47,bytes=30;client_id=44;clients=50
1777330827504,PUT,87,4,benchKey_34_47,bytes=30;client_id=34;clients=50
1777330827505,PUT,85,4,benchKey_2_47,bytes=29;client_id=2;clients=50
1777330827505,PUT,113,4,benchKey_4_47,bytes=29;client_id=4;clients=50
1777330827505,PUT,88,4,benchKey_1_47,bytes=29;client_id=1;clients=50
1777330827505,PUT,114,4,benchKey_48_47,bytes=30;client_id=48;clients=50
1777330827508,PUT,88,4,benchKey_11_47,bytes=30;client_id=11;clients=50
1777330827510,PUT,90,4,benchKey_5_47,bytes=29;client_id=5;clients=50
1777330827511,PUT,91,4,benchKey_31_47,bytes=30;client_id=31;clients=50
1777330827513,PUT,93,4,benchKey_0_47,bytes=29;client_id=0;clients=50
1777330827515,PUT,95,4,benchKey_18_47,bytes=30;client_id=18;clients=50
1777330827515,PUT,95,4,benchKey_8_47,bytes=29;client_id=8;clients=50
1777330827543,PUT,122,4,benchKey_24_47,bytes=30;client_id=24;clients=50
1777330827543,PUT,122,4,benchKey_10_47,bytes=30;client_id=10;clients=50
1777330827544,PUT,118,4,benchKey_42_47,bytes=30;client_id=42;clients=50
1777330827544,PUT,122,4,benchKey_47_47,bytes=30;client_id=47;clients=50
1777330827544,PUT,120,4,benchKey_27_47,bytes=30;client_id=27;clients=50
1777330827544,PUT,123,4,benchKey_43_47,bytes=30;client_id=43;clients=50
1777330827545,PUT,114,4,benchKey_16_47,bytes=30;client_id=16;clients=50
1777330827546,PUT,86,4,benchKey_33_47,bytes=30;client_id=33;clients=50
1777330827546,PUT,86,4,benchKey_39_47,bytes=30;client_id=39;clients=50
1777330827547,PUT,114,4,benchKey_22_47,bytes=30;client_id=22;clients=50
1777330827547,PUT,87,4,benchKey_20_48,bytes=30;client_id=20;clients=50
1777330827547,PUT,118,4,benchKey_13_47,bytes=30;client_id=13;clients=50
1777330827547,PUT,114,4,benchKey_49_47,bytes=30;client_id=49;clients=50
1777330827548,PUT,86,4,benchKey_6_47,bytes=29;client_id=6;clients=50
1777330827549,PUT,88,4,benchKey_12_47,bytes=30;client_id=12;clients=50
1777330827552,PUT,89,4,benchKey_23_48,bytes=30;client_id=23;clients=50
1777330827552,PUT,89,4,benchKey_35_47,bytes=30;client_id=35;clients=50
1777330827554,PUT,91,4,benchKey_26_48,bytes=30;client_id=26;clients=50
1777330827556,PUT,93,4,benchKey_15_47,bytes=30;client_id=15;clients=50
1777330827556,PUT,93,4,benchKey_19_48,bytes=30;client_id=19;clients=50
1777330827585,PUT,121,4,benchKey_28_48,bytes=30;client_id=28;clients=50
1777330827585,PUT,122,4,benchKey_38_47,bytes=30;client_id=38;clients=50
1777330827585,PUT,122,4,benchKey_41_47,bytes=30;client_id=41;clients=50
1777330827585,PUT,122,4,benchKey_37_48,bytes=30;client_id=37;clients=50
1777330827586,PUT,118,4,benchKey_40_48,bytes=30;client_id=40;clients=50
1777330827586,PUT,120,4,benchKey_32_47,bytes=30;client_id=32;clients=50
1777330827586,PUT,116,4,benchKey_9_47,bytes=29;client_id=9;clients=50
1777330827588,PUT,116,4,benchKey_30_48,bytes=30;client_id=30;clients=50
1777330827588,PUT,114,4,benchKey_36_47,bytes=30;client_id=36;clients=50
1777330827589,PUT,87,4,benchKey_3_48,bytes=29;client_id=3;clients=50
1777330827589,PUT,115,4,benchKey_29_48,bytes=30;client_id=29;clients=50
1777330827589,PUT,87,4,benchKey_25_48,bytes=30;client_id=25;clients=50
1777330827589,PUT,87,4,benchKey_21_48,bytes=30;client_id=21;clients=50
1777330827589,PUT,88,4,benchKey_14_48,bytes=30;client_id=14;clients=50
1777330827590,PUT,87,4,benchKey_17_48,bytes=30;client_id=17;clients=50
1777330827593,PUT,90,4,benchKey_45_48,bytes=30;client_id=45;clients=50
1777330827593,PUT,89,4,benchKey_7_48,bytes=29;client_id=7;clients=50
1777330827596,PUT,92,4,benchKey_46_48,bytes=30;client_id=46;clients=50
1777330827597,PUT,92,4,benchKey_34_48,bytes=30;client_id=34;clients=50
1777330827597,PUT,92,4,benchKey_44_48,bytes=30;client_id=44;clients=50
1777330827627,PUT,121,4,benchKey_48_48,bytes=30;client_id=48;clients=50
1777330827627,PUT,122,4,benchKey_1_48,bytes=29;client_id=1;clients=50
1777330827627,PUT,119,4,benchKey_11_48,bytes=30;client_id=11;clients=50
1777330827628,PUT,117,4,benchKey_5_48,bytes=29;client_id=5;clients=50
1777330827628,PUT,123,4,benchKey_4_48,bytes=29;client_id=4;clients=50
1777330827628,PUT,117,4,benchKey_31_48,bytes=30;client_id=31;clients=50
1777330827629,PUT,123,4,benchKey_2_48,bytes=29;client_id=2;clients=50
1777330827629,PUT,115,4,benchKey_0_48,bytes=29;client_id=0;clients=50
1777330827629,PUT,114,4,benchKey_18_48,bytes=30;client_id=18;clients=50
1777330827630,PUT,114,4,benchKey_8_48,bytes=29;client_id=8;clients=50
1777330827630,PUT,86,4,benchKey_10_48,bytes=30;client_id=10;clients=50
1777330827631,PUT,86,4,benchKey_27_48,bytes=30;client_id=27;clients=50
1777330827631,PUT,86,4,benchKey_42_48,bytes=30;client_id=42;clients=50
1777330827631,PUT,87,4,benchKey_24_48,bytes=30;client_id=24;clients=50
1777330827632,PUT,87,4,benchKey_47_48,bytes=30;client_id=47;clients=50
1777330827635,PUT,90,4,benchKey_16_48,bytes=30;client_id=16;clients=50
1777330827635,PUT,90,4,benchKey_43_48,bytes=30;client_id=43;clients=50
1777330827638,PUT,90,4,benchKey_22_48,bytes=30;client_id=22;clients=50
1777330827638,PUT,92,4,benchKey_33_48,bytes=30;client_id=33;clients=50
1777330827639,PUT,92,4,benchKey_39_48,bytes=30;client_id=39;clients=50
1777330827669,PUT,121,4,benchKey_20_49,bytes=30;client_id=20;clients=50
1777330827669,PUT,121,4,benchKey_6_48,bytes=29;client_id=6;clients=50
1777330827669,PUT,121,4,benchKey_49_48,bytes=30;client_id=49;clients=50
1777330827669,PUT,121,4,benchKey_13_48,bytes=30;client_id=13;clients=50
1777330827670,PUT,117,4,benchKey_23_49,bytes=30;client_id=23;clients=50
1777330827670,PUT,120,4,benchKey_12_48,bytes=30;client_id=12;clients=50
1777330827671,PUT,114,4,benchKey_15_48,bytes=30;client_id=15;clients=50
1777330827671,PUT,85,4,benchKey_28_49,bytes=30;client_id=28;clients=50
1777330827671,PUT,118,4,benchKey_35_48,bytes=30;client_id=35;clients=50
1777330827671,PUT,116,4,benchKey_26_49,bytes=30;client_id=26;clients=50
1777330827672,PUT,86,4,benchKey_41_48,bytes=30;client_id=41;clients=50
1777330827672,PUT,115,4,benchKey_19_49,bytes=30;client_id=19;clients=50
1777330827672,PUT,86,4,benchKey_37_49,bytes=30;client_id=37;clients=50
1777330827673,PUT,87,4,benchKey_38_48,bytes=30;client_id=38;clients=50
1777330827674,PUT,87,4,benchKey_40_49,bytes=30;client_id=40;clients=50
1777330827676,PUT,89,4,benchKey_9_48,bytes=29;client_id=9;clients=50
1777330827676,PUT,89,4,benchKey_32_48,bytes=30;client_id=32;clients=50
1777330827680,PUT,92,4,benchKey_30_49,bytes=30;client_id=30;clients=50
1777330827680,PUT,92,4,benchKey_36_48,bytes=30;client_id=36;clients=50
1777330827681,PUT,92,4,benchKey_3_49,bytes=29;client_id=3;clients=50
1777330827711,PUT,117,4,benchKey_45_49,bytes=30;client_id=45;clients=50
1777330827711,PUT,121,4,benchKey_17_49,bytes=30;client_id=17;clients=50
1777330827711,PUT,121,4,benchKey_14_49,bytes=30;client_id=14;clients=50
1777330827711,PUT,122,4,benchKey_29_49,bytes=30;client_id=29;clients=50
1777330827712,PUT,114,4,benchKey_34_49,bytes=30;client_id=34;clients=50
1777330827712,PUT,115,4,benchKey_46_49,bytes=30;client_id=46;clients=50
1777330827712,PUT,118,4,benchKey_7_49,bytes=29;client_id=7;clients=50
1777330827712,PUT,115,4,benchKey_44_49,bytes=30;client_id=44;clients=50
1777330827713,PUT,123,4,benchKey_25_49,bytes=30;client_id=25;clients=50
1777330827713,PUT,123,4,benchKey_21_49,bytes=30;client_id=21;clients=50
1777330827713,PUT,85,4,benchKey_1_49,bytes=29;client_id=1;clients=50
1777330827713,PUT,86,4,benchKey_48_49,bytes=30;client_id=48;clients=50
1777330827713,PUT,85,4,benchKey_11_49,bytes=30;client_id=11;clients=50
1777330827715,PUT,86,4,benchKey_4_49,bytes=29;client_id=4;clients=50
1777330827715,PUT,86,4,benchKey_5_49,bytes=29;client_id=5;clients=50
1777330827718,PUT,89,4,benchKey_31_49,bytes=30;client_id=31;clients=50
1777330827719,PUT,90,4,benchKey_2_49,bytes=29;client_id=2;clients=50
1777330827722,PUT,93,4,benchKey_0_49,bytes=29;client_id=0;clients=50
1777330827723,PUT,92,4,benchKey_8_49,bytes=29;client_id=8;clients=50
1777330827723,PUT,93,4,benchKey_18_49,bytes=30;client_id=18;clients=50
1777330827753,PUT,123,4,benchKey_10_49,bytes=30;client_id=10;clients=50
1777330827753,PUT,122,4,benchKey_24_49,bytes=30;client_id=24;clients=50
1777330827753,PUT,122,4,benchKey_27_49,bytes=30;client_id=27;clients=50
1777330827753,PUT,122,4,benchKey_42_49,bytes=30;client_id=42;clients=50
1777330827754,PUT,119,4,benchKey_16_49,bytes=30;client_id=16;clients=50
1777330827754,PUT,119,4,benchKey_43_49,bytes=30;client_id=43;clients=50
1777330827754,PUT,116,4,benchKey_22_49,bytes=30;client_id=22;clients=50
1777330827754,PUT,116,4,benchKey_33_49,bytes=30;client_id=33;clients=50
1777330827755,PUT,123,4,benchKey_47_49,bytes=30;client_id=47;clients=50
1777330827755,PUT,86,4,benchKey_6_49,bytes=29;client_id=6;clients=50
1777330827755,PUT,86,4,benchKey_20_50,bytes=30;client_id=20;clients=50
1777330827756,PUT,116,4,benchKey_39_49,bytes=30;client_id=39;clients=50
1777330827756,PUT,86,4,benchKey_23_50,bytes=30;client_id=23;clients=50
1777330827756,PUT,87,4,benchKey_13_49,bytes=30;client_id=13;clients=50
1777330827757,PUT,87,4,benchKey_49_49,bytes=30;client_id=49;clients=50
1777330827759,PUT,89,4,benchKey_12_49,bytes=30;client_id=12;clients=50
1777330827760,PUT,89,4,benchKey_15_49,bytes=30;client_id=15;clients=50
1777330827764,PUT,93,4,benchKey_26_50,bytes=30;client_id=26;clients=50
1777330827764,PUT,93,4,benchKey_35_49,bytes=30;client_id=35;clients=50
1777330827764,PUT,93,4,benchKey_28_50,bytes=30;client_id=28;clients=50
1777330827796,PUT,116,4,benchKey_30_50,bytes=30;client_id=30;clients=50
1777330827796,PUT,120,4,benchKey_9_49,bytes=29;client_id=9;clients=50
1777330827797,PUT,123,4,benchKey_40_50,bytes=30;client_id=40;clients=50
1777330827797,PUT,125,4,benchKey_41_49,bytes=30;client_id=41;clients=50
1777330827796,PUT,124,4,benchKey_19_50,bytes=30;client_id=19;clients=50
1777330827796,PUT,124,4,benchKey_37_50,bytes=30;client_id=37;clients=50
1777330827798,PUT,86,4,benchKey_14_50,bytes=30;client_id=14;clients=50
1777330827798,PUT,86,4,benchKey_29_50,bytes=30;client_id=29;clients=50
1777330827798,PUT,87,4,benchKey_17_50,bytes=30;client_id=17;clients=50
1777330827798,PUT,125,4,benchKey_38_49,bytes=30;client_id=38;clients=50
1777330827798,PUT,122,4,benchKey_32_49,bytes=30;client_id=32;clients=50
1777330827799,PUT,87,4,benchKey_45_50,bytes=30;client_id=45;clients=50
1777330827799,PUT,118,4,benchKey_36_49,bytes=30;client_id=36;clients=50
1777330827800,PUT,87,4,benchKey_34_50,bytes=30;client_id=34;clients=50
1777330827801,PUT,88,4,benchKey_7_50,bytes=29;client_id=7;clients=50
1777330827801,PUT,120,4,benchKey_3_50,bytes=29;client_id=3;clients=50
1777330827802,PUT,89,4,benchKey_46_50,bytes=30;client_id=46;clients=50
1777330827807,PUT,93,4,benchKey_25_50,bytes=30;client_id=25;clients=50
1777330827808,PUT,93,4,benchKey_21_50,bytes=30;client_id=21;clients=50
1777330827807,PUT,94,4,benchKey_44_50,bytes=30;client_id=44;clients=50
1777330827838,PUT,123,4,benchKey_5_50,bytes=29;client_id=5;clients=50
1777330827838,PUT,124,4,benchKey_48_50,bytes=30;client_id=48;clients=50
1777330827838,PUT,124,4,benchKey_1_50,bytes=29;client_id=1;clients=50
1777330827839,PUT,123,4,benchKey_4_50,bytes=29;client_id=4;clients=50
1777330827840,PUT,121,4,benchKey_2_50,bytes=29;client_id=2;clients=50
1777330827840,PUT,117,4,benchKey_8_50,bytes=29;client_id=8;clients=50
1777330827840,PUT,117,4,benchKey_18_50,bytes=30;client_id=18;clients=50
1777330827840,PUT,121,4,benchKey_31_50,bytes=30;client_id=31;clients=50
1777330827840,PUT,117,4,benchKey_0_50,bytes=29;client_id=0;clients=50
1777330827841,PUT,87,4,benchKey_24_50,bytes=30;client_id=24;clients=50
1777330827841,PUT,87,4,benchKey_27_50,bytes=30;client_id=27;clients=50
1777330827841,PUT,87,4,benchKey_16_50,bytes=30;client_id=16;clients=50
1777330827842,PUT,88,4,benchKey_42_50,bytes=30;client_id=42;clients=50
1777330827842,PUT,89,4,benchKey_10_50,bytes=30;client_id=10;clients=50
1777330827843,PUT,88,4,benchKey_22_50,bytes=30;client_id=22;clients=50
1777330827843,PUT,129,4,benchKey_11_50,bytes=30;client_id=11;clients=50
1777330827843,PUT,88,4,benchKey_43_50,bytes=30;client_id=43;clients=50
1777330827849,PUT,93,4,benchKey_6_50,bytes=29;client_id=6;clients=50
1777330827849,PUT,94,4,benchKey_33_50,bytes=30;client_id=33;clients=50
1777330827849,PUT,93,4,benchKey_47_50,bytes=30;client_id=47;clients=50
1777330827880,PUT,124,4,benchKey_23_51,bytes=30;client_id=23;clients=50
1777330827880,PUT,124,4,benchKey_39_50,bytes=30;client_id=39;clients=50
1777330827880,PUT,123,4,benchKey_13_50,bytes=30;client_id=13;clients=50
1777330827880,PUT,124,4,benchKey_20_51,bytes=30;client_id=20;clients=50
1777330827882,PUT,122,4,benchKey_12_50,bytes=30;client_id=12;clients=50
1777330827882,PUT,121,4,benchKey_15_50,bytes=30;client_id=15;clients=50
1777330827882,PUT,124,4,benchKey_49_50,bytes=30;client_id=49;clients=50
1777330827882,PUT,117,4,benchKey_28_51,bytes=30;client_id=28;clients=50
1777330827883,PUT,86,4,benchKey_30_51,bytes=30;client_id=30;clients=50
1777330827883,PUT,118,4,benchKey_26_51,bytes=30;client_id=26;clients=50
1777330827884,PUT,86,4,benchKey_40_51,bytes=30;client_id=40;clients=50
1777330827884,PUT,86,4,benchKey_9_50,bytes=29;client_id=9;clients=50
1777330827884,PUT,86,4,benchKey_37_51,bytes=30;client_id=37;clients=50
1777330827884,PUT,86,4,benchKey_41_50,bytes=30;client_id=41;clients=50
1777330827884,PUT,119,4,benchKey_35_50,bytes=30;client_id=35;clients=50
1777330827885,PUT,87,4,benchKey_19_51,bytes=30;client_id=19;clients=50
1777330827885,PUT,86,4,benchKey_14_51,bytes=30;client_id=14;clients=50
1777330827891,PUT,92,4,benchKey_17_51,bytes=30;client_id=17;clients=50
1777330827891,PUT,93,4,benchKey_29_51,bytes=30;client_id=29;clients=50
1777330827892,PUT,93,4,benchKey_38_50,bytes=30;client_id=38;clients=50
1777330827922,PUT,121,4,benchKey_34_51,bytes=30;client_id=34;clients=50
1777330827922,PUT,122,4,benchKey_45_51,bytes=30;client_id=45;clients=50
1777330827923,PUT,121,4,benchKey_3_51,bytes=29;client_id=3;clients=50
1777330827923,PUT,121,4,benchKey_46_51,bytes=30;client_id=46;clients=50
1777330827923,PUT,124,4,benchKey_32_50,bytes=30;client_id=32;clients=50
1777330827923,PUT,122,4,benchKey_7_51,bytes=29;client_id=7;clients=50
1777330827923,PUT,123,4,benchKey_36_50,bytes=30;client_id=36;clients=50
1777330827925,PUT,84,4,benchKey_2_51,bytes=29;client_id=2;clients=50
1777330827925,PUT,117,4,benchKey_21_51,bytes=30;client_id=21;clients=50
1777330827925,PUT,117,4,benchKey_44_51,bytes=30;client_id=44;clients=50
1777330827925,PUT,117,4,benchKey_25_51,bytes=30;client_id=25;clients=50
1777330827925,PUT,86,4,benchKey_4_51,bytes=29;client_id=4;clients=50
1777330827925,PUT,87,4,benchKey_5_51,bytes=29;client_id=5;clients=50
1777330827926,PUT,87,4,benchKey_48_51,bytes=30;client_id=48;clients=50
1777330827926,PUT,85,4,benchKey_18_51,bytes=30;client_id=18;clients=50
1777330827927,PUT,88,4,benchKey_1_51,bytes=29;client_id=1;clients=50
1777330827927,PUT,86,4,benchKey_8_51,bytes=29;client_id=8;clients=50
1777330827933,PUT,92,4,benchKey_24_51,bytes=30;client_id=24;clients=50
1777330827933,PUT,92,4,benchKey_31_51,bytes=30;client_id=31;clients=50
1777330827933,PUT,92,4,benchKey_0_51,bytes=29;client_id=0;clients=50
1777330827963,PUT,121,4,benchKey_27_51,bytes=30;client_id=27;clients=50
1777330827963,PUT,121,4,benchKey_16_51,bytes=30;client_id=16;clients=50
1777330827964,PUT,121,4,benchKey_10_51,bytes=30;client_id=10;clients=50
1777330827965,PUT,121,4,benchKey_43_51,bytes=30;client_id=43;clients=50
1777330827965,PUT,122,4,benchKey_42_51,bytes=30;client_id=42;clients=50
1777330827966,PUT,85,4,benchKey_23_52,bytes=30;client_id=23;clients=50
1777330827966,PUT,122,4,benchKey_11_51,bytes=30;client_id=11;clients=50
1777330827966,PUT,122,4,benchKey_22_51,bytes=30;client_id=22;clients=50
1777330827967,PUT,86,4,benchKey_13_51,bytes=30;client_id=13;clients=50
1777330827967,PUT,86,4,benchKey_39_51,bytes=30;client_id=39;clients=50
1777330827967,PUT,86,4,benchKey_20_52,bytes=30;client_id=20;clients=50
1777330827967,PUT,118,4,benchKey_33_51,bytes=30;client_id=33;clients=50
1777330827967,PUT,118,4,benchKey_6_51,bytes=29;client_id=6;clients=50
1777330827967,PUT,118,4,benchKey_47_51,bytes=30;client_id=47;clients=50
1777330827968,PUT,85,4,benchKey_12_51,bytes=30;client_id=12;clients=50
1777330827968,PUT,85,4,benchKey_15_51,bytes=30;client_id=15;clients=50
1777330827969,PUT,86,4,benchKey_49_51,bytes=30;client_id=49;clients=50
1777330827976,PUT,93,4,benchKey_30_52,bytes=30;client_id=30;clients=50
1777330827976,PUT,93,4,benchKey_26_52,bytes=30;client_id=26;clients=50
1777330827976,PUT,93,4,benchKey_28_52,bytes=30;client_id=28;clients=50
1777330828004,PUT,120,4,benchKey_40_52,bytes=30;client_id=40;clients=50
1777330828005,PUT,121,4,benchKey_9_51,bytes=29;client_id=9;clients=50
1777330828005,PUT,120,4,benchKey_37_52,bytes=30;client_id=37;clients=50
1777330828006,PUT,121,4,benchKey_41_51,bytes=30;client_id=41;clients=50
1777330828006,PUT,121,4,benchKey_35_51,bytes=30;client_id=35;clients=50
1777330828007,PUT,115,4,benchKey_17_52,bytes=30;client_id=17;clients=50
1777330828007,PUT,122,4,benchKey_19_52,bytes=30;client_id=19;clients=50
1777330828007,PUT,121,4,benchKey_14_52,bytes=30;client_id=14;clients=50
1777330828009,PUT,86,4,benchKey_3_52,bytes=29;client_id=3;clients=50
1777330828009,PUT,117,4,benchKey_38_51,bytes=30;client_id=38;clients=50
1777330828009,PUT,85,4,benchKey_46_52,bytes=30;client_id=46;clients=50
1777330828009,PUT,85,4,benchKey_32_51,bytes=30;client_id=32;clients=50
1777330828009,PUT,86,4,benchKey_7_52,bytes=29;client_id=7;clients=50
1777330828009,PUT,87,4,benchKey_45_52,bytes=30;client_id=45;clients=50
1777330828009,PUT,117,4,benchKey_29_52,bytes=30;client_id=29;clients=50
1777330828010,PUT,88,4,benchKey_34_52,bytes=30;client_id=34;clients=50
1777330828011,PUT,87,4,benchKey_36_51,bytes=30;client_id=36;clients=50
1777330828017,PUT,92,4,benchKey_2_52,bytes=29;client_id=2;clients=50
1777330828017,PUT,92,4,benchKey_21_52,bytes=30;client_id=21;clients=50
1777330828017,PUT,92,4,benchKey_44_52,bytes=30;client_id=44;clients=50
1777330828046,PUT,121,4,benchKey_25_52,bytes=30;client_id=25;clients=50
1777330828047,PUT,121,4,benchKey_5_52,bytes=29;client_id=5;clients=50
1777330828047,PUT,122,4,benchKey_4_52,bytes=29;client_id=4;clients=50
1777330828047,PUT,121,4,benchKey_18_52,bytes=30;client_id=18;clients=50
1777330828047,PUT,121,4,benchKey_48_52,bytes=30;client_id=48;clients=50
1777330828048,PUT,120,4,benchKey_8_52,bytes=29;client_id=8;clients=50
1777330828048,PUT,120,4,benchKey_1_52,bytes=29;client_id=1;clients=50
1777330828048,PUT,115,4,benchKey_24_52,bytes=30;client_id=24;clients=50
1777330828051,PUT,85,4,benchKey_23_53,bytes=30;client_id=23;clients=50
1777330828051,PUT,86,4,benchKey_42_52,bytes=30;client_id=42;clients=50
1777330828051,PUT,118,4,benchKey_31_52,bytes=30;client_id=31;clients=50
1777330828052,PUT,86,4,benchKey_11_52,bytes=30;client_id=11;clients=50
1777330828051,PUT,86,4,benchKey_43_52,bytes=30;client_id=43;clients=50
1777330828052,PUT,89,4,benchKey_27_52,bytes=30;client_id=27;clients=50
1777330828051,PUT,117,4,benchKey_0_52,bytes=29;client_id=0;clients=50
1777330828053,PUT,89,4,benchKey_10_52,bytes=30;client_id=10;clients=50
1777330828052,PUT,89,4,benchKey_16_52,bytes=30;client_id=16;clients=50
1777330828058,PUT,91,4,benchKey_13_52,bytes=30;client_id=13;clients=50
1777330828059,PUT,92,4,benchKey_22_52,bytes=30;client_id=22;clients=50
1777330828060,PUT,92,4,benchKey_39_52,bytes=30;client_id=39;clients=50
1777330828088,PUT,120,4,benchKey_6_52,bytes=29;client_id=6;clients=50
1777330828088,PUT,121,4,benchKey_20_53,bytes=30;client_id=20;clients=50
1777330828089,PUT,121,4,benchKey_15_52,bytes=30;client_id=15;clients=50
1777330828089,PUT,121,4,benchKey_47_52,bytes=30;client_id=47;clients=50
1777330828089,PUT,113,4,benchKey_30_53,bytes=30;client_id=30;clients=50
1777330828090,PUT,121,4,benchKey_49_52,bytes=30;client_id=49;clients=50
1777330828091,PUT,123,4,benchKey_12_52,bytes=30;client_id=12;clients=50
1777330828091,PUT,123,4,benchKey_33_52,bytes=30;client_id=33;clients=50
1777330828093,PUT,88,4,benchKey_9_52,bytes=29;client_id=9;clients=50
1777330828093,PUT,89,4,benchKey_40_53,bytes=30;client_id=40;clients=50
1777330828093,PUT,88,4,benchKey_37_53,bytes=30;client_id=37;clients=50
1777330828093,PUT,117,4,benchKey_26_53,bytes=30;client_id=26;clients=50
1777330828094,PUT,87,4,benchKey_17_53,bytes=30;client_id=17;clients=50
1777330828094,PUT,88,4,benchKey_41_52,bytes=30;client_id=41;clients=50
1777330828095,PUT,88,4,benchKey_35_52,bytes=30;client_id=35;clients=50
1777330828094,PUT,118,4,benchKey_28_53,bytes=30;client_id=28;clients=50
1777330828095,PUT,88,4,benchKey_19_53,bytes=30;client_id=19;clients=50
1777330828100,PUT,90,4,benchKey_3_53,bytes=29;client_id=3;clients=50
1777330828100,PUT,93,4,benchKey_14_53,bytes=30;client_id=14;clients=50
1777330828102,PUT,92,4,benchKey_38_52,bytes=30;client_id=38;clients=50
1777330828131,PUT,121,4,benchKey_32_52,bytes=30;client_id=32;clients=50
1777330828131,PUT,121,4,benchKey_46_53,bytes=30;client_id=46;clients=50
1777330828132,PUT,121,4,benchKey_36_52,bytes=30;client_id=36;clients=50
1777330828132,PUT,122,4,benchKey_7_53,bytes=29;client_id=7;clients=50
1777330828132,PUT,115,4,benchKey_44_53,bytes=30;client_id=44;clients=50
1777330828132,PUT,122,4,benchKey_34_53,bytes=30;client_id=34;clients=50
1777330828133,PUT,123,4,benchKey_45_53,bytes=30;client_id=45;clients=50
1777330828134,PUT,124,4,benchKey_29_53,bytes=30;client_id=29;clients=50
1777330828136,PUT,88,4,benchKey_18_53,bytes=30;client_id=18;clients=50
1777330828136,PUT,88,4,benchKey_4_53,bytes=29;client_id=4;clients=50
1777330828136,PUT,88,4,benchKey_5_53,bytes=29;client_id=5;clients=50
1777330828136,PUT,89,4,benchKey_48_53,bytes=30;client_id=48;clients=50
1777330828136,PUT,119,4,benchKey_2_53,bytes=29;client_id=2;clients=50
1777330828137,PUT,89,4,benchKey_1_53,bytes=29;client_id=1;clients=50
1777330828137,PUT,91,4,benchKey_25_53,bytes=30;client_id=25;clients=50
1777330828137,PUT,119,4,benchKey_21_53,bytes=30;client_id=21;clients=50
1777330828137,PUT,89,4,benchKey_8_53,bytes=29;client_id=8;clients=50
1777330828142,PUT,93,4,benchKey_24_53,bytes=30;client_id=24;clients=50
1777330828142,PUT,90,4,benchKey_23_54,bytes=30;client_id=23;clients=50
1777330828143,PUT,91,4,benchKey_42_53,bytes=30;client_id=42;clients=50
1777330828173,PUT,121,4,benchKey_31_53,bytes=30;client_id=31;clients=50
1777330828173,PUT,121,4,benchKey_11_53,bytes=30;client_id=11;clients=50
1777330828174,PUT,120,4,benchKey_0_53,bytes=29;client_id=0;clients=50
1777330828174,PUT,121,4,benchKey_43_53,bytes=30;client_id=43;clients=50
1777330828174,PUT,120,4,benchKey_27_53,bytes=30;client_id=27;clients=50
1777330828174,PUT,120,4,benchKey_10_53,bytes=30;client_id=10;clients=50
1777330828174,PUT,120,4,benchKey_16_53,bytes=30;client_id=16;clients=50
1777330828175,PUT,116,4,benchKey_13_53,bytes=30;client_id=13;clients=50
1777330828178,PUT,88,4,benchKey_15_53,bytes=30;client_id=15;clients=50
1777330828178,PUT,119,4,benchKey_22_53,bytes=30;client_id=22;clients=50
1777330828179,PUT,89,4,benchKey_30_54,bytes=30;client_id=30;clients=50
1777330828179,PUT,88,4,benchKey_49_53,bytes=30;client_id=49;clients=50
1777330828179,PUT,88,4,benchKey_12_53,bytes=30;client_id=12;clients=50
1777330828179,PUT,119,4,benchKey_39_53,bytes=30;client_id=39;clients=50
1777330828179,PUT,90,4,benchKey_6_53,bytes=29;client_id=6;clients=50
1777330828180,PUT,90,4,benchKey_47_53,bytes=30;client_id=47;clients=50
1777330828180,PUT,91,4,benchKey_20_54,bytes=30;client_id=20;clients=50
1777330828184,PUT,90,4,benchKey_9_53,bytes=29;client_id=9;clients=50
1777330828185,PUT,91,4,benchKey_40_54,bytes=30;client_id=40;clients=50
1777330828185,PUT,93,4,benchKey_33_53,bytes=30;client_id=33;clients=50
1777330828215,PUT,121,4,benchKey_37_54,bytes=30;client_id=37;clients=50
1777330828216,PUT,115,4,benchKey_3_54,bytes=29;client_id=3;clients=50
1777330828216,PUT,122,4,benchKey_26_54,bytes=30;client_id=26;clients=50
1777330828216,PUT,120,4,benchKey_35_53,bytes=30;client_id=35;clients=50
1777330828217,PUT,121,4,benchKey_19_54,bytes=30;client_id=19;clients=50
1777330828217,PUT,122,4,benchKey_41_53,bytes=30;client_id=41;clients=50
1777330828217,PUT,122,4,benchKey_28_54,bytes=30;client_id=28;clients=50
1777330828217,PUT,123,4,benchKey_17_54,bytes=30;client_id=17;clients=50
1777330828219,PUT,117,4,benchKey_38_53,bytes=30;client_id=38;clients=50
1777330828219,PUT,118,4,benchKey_14_54,bytes=30;client_id=14;clients=50
1777330828220,PUT,87,4,benchKey_44_54,bytes=30;client_id=44;clients=50
1777330828221,PUT,89,4,benchKey_46_54,bytes=30;client_id=46;clients=50
1777330828221,PUT,88,4,benchKey_7_54,bytes=29;client_id=7;clients=50
1777330828221,PUT,88,4,benchKey_34_54,bytes=30;client_id=34;clients=50
1777330828221,PUT,88,4,benchKey_45_54,bytes=30;client_id=45;clients=50
1777330828222,PUT,89,4,benchKey_36_53,bytes=30;client_id=36;clients=50
1777330828223,PUT,91,4,benchKey_32_53,bytes=30;client_id=32;clients=50
1777330828225,PUT,91,4,benchKey_29_54,bytes=30;client_id=29;clients=50
1777330828226,PUT,89,4,benchKey_18_54,bytes=30;client_id=18;clients=50
1777330828226,PUT,90,4,benchKey_4_54,bytes=29;client_id=4;clients=50
1777330828257,PUT,119,4,benchKey_48_54,bytes=30;client_id=48;clients=50
1777330828257,PUT,120,4,benchKey_5_54,bytes=29;client_id=5;clients=50
1777330828257,PUT,119,4,benchKey_25_54,bytes=30;client_id=25;clients=50
1777330828258,PUT,120,4,benchKey_2_54,bytes=29;client_id=2;clients=50
1777330828258,PUT,120,4,benchKey_8_54,bytes=29;client_id=8;clients=50
1777330828258,PUT,120,4,benchKey_21_54,bytes=30;client_id=21;clients=50
1777330828259,PUT,120,4,benchKey_1_54,bytes=29;client_id=1;clients=50
1777330828259,PUT,117,4,benchKey_24_54,bytes=30;client_id=24;clients=50
1777330828260,PUT,116,4,benchKey_42_54,bytes=30;client_id=42;clients=50
1777330828261,PUT,118,4,benchKey_23_55,bytes=30;client_id=23;clients=50
1777330828261,PUT,87,4,benchKey_11_54,bytes=30;client_id=11;clients=50
1777330828262,PUT,88,4,benchKey_31_54,bytes=30;client_id=31;clients=50
1777330828263,PUT,89,4,benchKey_0_54,bytes=29;client_id=0;clients=50
1777330828263,PUT,88,4,benchKey_10_54,bytes=30;client_id=10;clients=50
1777330828263,PUT,88,4,benchKey_43_54,bytes=30;client_id=43;clients=50
1777330828263,PUT,89,4,benchKey_27_54,bytes=30;client_id=27;clients=50
1777330828264,PUT,89,4,benchKey_16_54,bytes=30;client_id=16;clients=50
1777330828267,PUT,91,4,benchKey_13_54,bytes=30;client_id=13;clients=50
1777330828267,PUT,89,4,benchKey_22_54,bytes=30;client_id=22;clients=50
1777330828268,PUT,89,4,benchKey_15_54,bytes=30;client_id=15;clients=50
1777330828299,PUT,120,4,benchKey_30_55,bytes=30;client_id=30;clients=50
1777330828299,PUT,120,4,benchKey_12_54,bytes=30;client_id=12;clients=50
1777330828299,PUT,120,4,benchKey_49_54,bytes=30;client_id=49;clients=50
1777330828300,PUT,119,4,benchKey_20_55,bytes=30;client_id=20;clients=50
1777330828300,PUT,120,4,benchKey_6_54,bytes=29;client_id=6;clients=50
1777330828300,PUT,120,4,benchKey_47_54,bytes=30;client_id=47;clients=50
1777330828300,PUT,116,4,benchKey_9_54,bytes=29;client_id=9;clients=50
1777330828300,PUT,120,4,benchKey_39_54,bytes=30;client_id=39;clients=50
1777330828302,PUT,116,4,benchKey_33_54,bytes=30;client_id=33;clients=50
1777330828303,PUT,87,4,benchKey_37_55,bytes=30;client_id=37;clients=50
1777330828303,PUT,117,4,benchKey_40_55,bytes=30;client_id=40;clients=50
1777330828304,PUT,87,4,benchKey_3_55,bytes=29;client_id=3;clients=50
1777330828305,PUT,87,4,benchKey_19_55,bytes=30;client_id=19;clients=50
1777330828306,PUT,89,4,benchKey_26_55,bytes=30;client_id=26;clients=50
1777330828306,PUT,88,4,benchKey_28_55,bytes=30;client_id=28;clients=50
1777330828307,PUT,89,4,benchKey_41_54,bytes=30;client_id=41;clients=50
1777330828307,PUT,90,4,benchKey_35_54,bytes=30;client_id=35;clients=50
1777330828308,PUT,90,4,benchKey_17_55,bytes=30;client_id=17;clients=50
1777330828310,PUT,90,4,benchKey_38_54,bytes=30;client_id=38;clients=50
1777330828310,PUT,90,4,benchKey_14_55,bytes=30;client_id=14;clients=50
1777330828342,PUT,120,4,benchKey_46_55,bytes=30;client_id=46;clients=50
1777330828342,PUT,120,4,benchKey_34_55,bytes=30;client_id=34;clients=50
1777330828343,PUT,121,4,benchKey_45_55,bytes=30;client_id=45;clients=50
1777330828343,PUT,120,4,benchKey_32_54,bytes=30;client_id=32;clients=50
1777330828344,PUT,118,4,benchKey_29_55,bytes=30;client_id=29;clients=50
1777330828344,PUT,122,4,benchKey_36_54,bytes=30;client_id=36;clients=50
1777330828345,PUT,87,4,benchKey_25_55,bytes=30;client_id=25;clients=50
1777330828346,PUT,124,4,benchKey_7_55,bytes=29;client_id=7;clients=50
1777330828346,PUT,126,4,benchKey_44_55,bytes=30;client_id=44;clients=50
1777330828346,PUT,119,4,benchKey_4_55,bytes=29;client_id=4;clients=50
1777330828347,PUT,89,4,benchKey_48_55,bytes=30;client_id=48;clients=50
1777330828347,PUT,120,4,benchKey_18_55,bytes=30;client_id=18;clients=50
1777330828348,PUT,91,4,benchKey_5_55,bytes=29;client_id=5;clients=50
1777330828348,PUT,90,4,benchKey_2_55,bytes=29;client_id=2;clients=50
1777330828348,PUT,89,4,benchKey_1_55,bytes=29;client_id=1;clients=50
1777330828349,PUT,90,4,benchKey_8_55,bytes=29;client_id=8;clients=50
1777330828350,PUT,91,4,benchKey_21_55,bytes=30;client_id=21;clients=50
1777330828349,PUT,90,4,benchKey_24_55,bytes=30;client_id=24;clients=50
1777330828352,PUT,92,4,benchKey_42_55,bytes=30;client_id=42;clients=50
1777330828352,PUT,91,4,benchKey_23_56,bytes=30;client_id=23;clients=50
1777330828384,PUT,122,4,benchKey_31_55,bytes=30;client_id=31;clients=50
1777330828385,PUT,121,4,benchKey_0_55,bytes=29;client_id=0;clients=50
1777330828386,PUT,121,4,benchKey_16_55,bytes=30;client_id=16;clients=50
1777330828387,PUT,119,4,benchKey_13_55,bytes=30;client_id=13;clients=50
1777330828387,PUT,125,4,benchKey_11_55,bytes=30;client_id=11;clients=50
1777330828388,PUT,124,4,benchKey_27_55,bytes=30;client_id=27;clients=50
1777330828390,PUT,90,4,benchKey_12_55,bytes=30;client_id=12;clients=50
1777330828390,PUT,126,4,benchKey_10_55,bytes=30;client_id=10;clients=50
1777330828390,PUT,90,4,benchKey_49_55,bytes=30;client_id=49;clients=50
1777330828390,PUT,122,4,benchKey_22_55,bytes=30;client_id=22;clients=50
1777330828390,PUT,122,4,benchKey_15_55,bytes=30;client_id=15;clients=50
1777330828391,PUT,90,4,benchKey_20_56,bytes=30;client_id=20;clients=50
1777330828391,PUT,91,4,benchKey_30_56,bytes=30;client_id=30;clients=50
1777330828391,PUT,90,4,benchKey_6_55,bytes=29;client_id=6;clients=50
1777330828391,PUT,90,4,benchKey_47_55,bytes=30;client_id=47;clients=50
1777330828391,PUT,90,4,benchKey_39_55,bytes=30;client_id=39;clients=50
1777330828391,PUT,127,4,benchKey_43_55,bytes=30;client_id=43;clients=50
1777330828391,PUT,90,4,benchKey_9_55,bytes=29;client_id=9;clients=50
1777330828394,PUT,90,4,benchKey_37_56,bytes=30;client_id=37;clients=50
1777330828395,PUT,92,4,benchKey_33_55,bytes=30;client_id=33;clients=50
1777330828427,PUT,123,4,benchKey_40_56,bytes=30;client_id=40;clients=50
1777330828428,PUT,122,4,benchKey_19_56,bytes=30;client_id=19;clients=50
1777330828428,PUT,124,4,benchKey_3_56,bytes=29;client_id=3;clients=50
1777330828429,PUT,123,4,benchKey_28_56,bytes=30;client_id=28;clients=50
1777330828429,PUT,123,4,benchKey_26_56,bytes=30;client_id=26;clients=50
1777330828430,PUT,123,4,benchKey_41_55,bytes=30;client_id=41;clients=50
1777330828431,PUT,121,4,benchKey_38_55,bytes=30;client_id=38;clients=50
1777330828432,PUT,122,4,benchKey_14_56,bytes=30;client_id=14;clients=50
1777330828432,PUT,124,4,benchKey_17_56,bytes=30;client_id=17;clients=50
1777330828432,PUT,89,4,benchKey_46_56,bytes=30;client_id=46;clients=50
1777330828432,PUT,124,4,benchKey_35_55,bytes=30;client_id=35;clients=50
1777330828433,PUT,89,4,benchKey_29_56,bytes=30;client_id=29;clients=50
1777330828433,PUT,89,4,benchKey_32_55,bytes=30;client_id=32;clients=50
1777330828433,PUT,88,4,benchKey_25_56,bytes=30;client_id=25;clients=50
1777330828434,PUT,91,4,benchKey_34_56,bytes=30;client_id=34;clients=50
1777330828435,PUT,88,4,benchKey_7_56,bytes=29;client_id=7;clients=50
1777330828435,PUT,91,4,benchKey_45_56,bytes=30;client_id=45;clients=50
1777330828435,PUT,90,4,benchKey_36_55,bytes=30;client_id=36;clients=50
1777330828436,PUT,89,4,benchKey_44_56,bytes=30;client_id=44;clients=50
1777330828436,PUT,90,4,benchKey_4_56,bytes=29;client_id=4;clients=50
1777330828470,PUT,122,4,benchKey_48_56,bytes=30;client_id=48;clients=50
1777330828472,PUT,123,4,benchKey_5_56,bytes=29;client_id=5;clients=50
1777330828472,PUT,124,4,benchKey_18_56,bytes=30;client_id=18;clients=50
1777330828472,PUT,123,4,benchKey_1_56,bytes=29;client_id=1;clients=50
1777330828472,PUT,123,4,benchKey_2_56,bytes=29;client_id=2;clients=50
1777330828473,PUT,122,4,benchKey_21_56,bytes=30;client_id=21;clients=50
1777330828475,PUT,124,4,benchKey_8_56,bytes=29;client_id=8;clients=50
1777330828475,PUT,122,4,benchKey_42_56,bytes=30;client_id=42;clients=50
1777330828475,PUT,90,4,benchKey_31_56,bytes=30;client_id=31;clients=50
1777330828475,PUT,124,4,benchKey_24_56,bytes=30;client_id=24;clients=50
1777330828477,PUT,86,4,benchKey_12_56,bytes=30;client_id=12;clients=50
1777330828477,PUT,91,4,benchKey_16_56,bytes=30;client_id=16;clients=50
1777330828477,PUT,124,4,benchKey_23_57,bytes=30;client_id=23;clients=50
1777330828479,PUT,92,4,benchKey_11_56,bytes=30;client_id=11;clients=50
1777330828479,PUT,91,4,benchKey_27_56,bytes=30;client_id=27;clients=50
1777330828479,PUT,89,4,benchKey_22_56,bytes=30;client_id=22;clients=50
1777330828482,PUT,91,4,benchKey_49_56,bytes=30;client_id=49;clients=50
1777330828482,PUT,95,4,benchKey_13_56,bytes=30;client_id=13;clients=50
1777330828482,PUT,97,4,benchKey_0_56,bytes=29;client_id=0;clients=50
1777330828483,PUT,93,4,benchKey_10_56,bytes=30;client_id=10;clients=50
1777330828511,PUT,120,4,benchKey_15_56,bytes=30;client_id=15;clients=50
1777330828515,PUT,124,4,benchKey_47_56,bytes=30;client_id=47;clients=50
1777330828515,PUT,124,4,benchKey_6_56,bytes=29;client_id=6;clients=50
1777330828515,PUT,124,4,benchKey_30_57,bytes=30;client_id=30;clients=50
1777330828516,PUT,125,4,benchKey_39_56,bytes=30;client_id=39;clients=50
1777330828516,PUT,125,4,benchKey_20_57,bytes=30;client_id=20;clients=50
1777330828517,PUT,125,4,benchKey_43_56,bytes=30;client_id=43;clients=50
1777330828517,PUT,125,4,benchKey_9_56,bytes=29;client_id=9;clients=50
1777330828518,PUT,123,4,benchKey_37_57,bytes=30;client_id=37;clients=50
1777330828519,PUT,124,4,benchKey_33_56,bytes=30;client_id=33;clients=50
1777330828520,PUT,92,4,benchKey_40_57,bytes=30;client_id=40;clients=50
1777330828521,PUT,88,4,benchKey_17_57,bytes=30;client_id=17;clients=50
1777330828521,PUT,91,4,benchKey_28_57,bytes=30;client_id=28;clients=50
1777330828521,PUT,92,4,benchKey_3_57,bytes=29;client_id=3;clients=50
1777330828521,PUT,91,4,benchKey_41_56,bytes=30;client_id=41;clients=50
1777330828521,PUT,93,4,benchKey_19_57,bytes=30;client_id=19;clients=50
1777330828522,PUT,89,4,benchKey_38_56,bytes=30;client_id=38;clients=50
1777330828524,PUT,94,4,benchKey_26_57,bytes=30;client_id=26;clients=50
1777330828524,PUT,91,4,benchKey_14_57,bytes=30;client_id=14;clients=50
1777330828525,PUT,92,4,benchKey_46_57,bytes=30;client_id=46;clients=50
1777330828553,PUT,120,4,benchKey_35_56,bytes=30;client_id=35;clients=50
1777330828557,PUT,123,4,benchKey_32_56,bytes=30;client_id=32;clients=50
1777330828558,PUT,124,4,benchKey_29_57,bytes=30;client_id=29;clients=50
1777330828558,PUT,123,4,benchKey_45_57,bytes=30;client_id=45;clients=50
1777330828558,PUT,123,4,benchKey_34_57,bytes=30;client_id=34;clients=50
1777330828558,PUT,124,4,benchKey_25_57,bytes=30;client_id=25;clients=50
1777330828559,PUT,124,4,benchKey_7_57,bytes=29;client_id=7;clients=50
1777330828559,PUT,123,4,benchKey_44_57,bytes=30;client_id=44;clients=50
1777330828560,PUT,124,4,benchKey_36_56,bytes=30;client_id=36;clients=50
1777330828560,PUT,123,4,benchKey_4_57,bytes=29;client_id=4;clients=50
1777330828562,PUT,92,4,benchKey_48_57,bytes=30;client_id=48;clients=50
1777330828562,PUT,90,4,benchKey_18_57,bytes=30;client_id=18;clients=50
1777330828562,PUT,90,4,benchKey_5_57,bytes=29;client_id=5;clients=50
1777330828563,PUT,90,4,benchKey_1_57,bytes=29;client_id=1;clients=50
1777330828563,PUT,88,4,benchKey_8_57,bytes=29;client_id=8;clients=50
1777330828564,PUT,91,4,benchKey_2_57,bytes=29;client_id=2;clients=50
1777330828564,PUT,90,4,benchKey_21_57,bytes=30;client_id=21;clients=50
1777330828566,PUT,91,4,benchKey_42_57,bytes=30;client_id=42;clients=50
1777330828566,PUT,91,4,benchKey_31_57,bytes=30;client_id=31;clients=50
1777330828566,PUT,91,4,benchKey_24_57,bytes=30;client_id=24;clients=50
1777330828594,PUT,116,4,benchKey_12_57,bytes=30;client_id=12;clients=50
1777330828598,PUT,120,4,benchKey_16_57,bytes=30;client_id=16;clients=50
1777330828599,PUT,119,4,benchKey_27_57,bytes=30;client_id=27;clients=50
1777330828599,PUT,119,4,benchKey_11_57,bytes=30;client_id=11;clients=50
1777330828600,PUT,121,4,benchKey_23_58,bytes=30;client_id=23;clients=50
1777330828600,PUT,117,4,benchKey_49_57,bytes=30;client_id=49;clients=50
1777330828600,PUT,120,4,benchKey_22_57,bytes=30;client_id=22;clients=50
1777330828601,PUT,117,4,benchKey_10_57,bytes=30;client_id=10;clients=50
1777330828601,PUT,118,4,benchKey_13_57,bytes=30;client_id=13;clients=50
1777330828601,PUT,118,4,benchKey_0_57,bytes=29;client_id=0;clients=50
1777330828603,PUT,91,4,benchKey_15_57,bytes=30;client_id=15;clients=50
1777330828603,PUT,87,4,benchKey_6_57,bytes=29;client_id=6;clients=50
1777330828604,PUT,87,4,benchKey_30_58,bytes=30;client_id=30;clients=50
1777330828604,PUT,88,4,benchKey_47_57,bytes=30;client_id=47;clients=50
1777330828605,PUT,88,4,benchKey_39_57,bytes=30;client_id=39;clients=50
1777330828605,PUT,88,4,benchKey_20_58,bytes=30;client_id=20;clients=50
1777330828606,PUT,88,4,benchKey_43_57,bytes=30;client_id=43;clients=50
1777330828607,PUT,88,4,benchKey_37_58,bytes=30;client_id=37;clients=50
1777330828608,PUT,88,4,benchKey_33_57,bytes=30;client_id=33;clients=50
1777330828608,PUT,90,4,benchKey_9_57,bytes=29;client_id=9;clients=50
1777330828635,PUT,115,4,benchKey_40_58,bytes=30;client_id=40;clients=50
1777330828640,PUT,118,4,benchKey_3_58,bytes=29;client_id=3;clients=50
1777330828641,PUT,119,4,benchKey_19_58,bytes=30;client_id=19;clients=50
1777330828641,PUT,119,4,benchKey_38_57,bytes=30;client_id=38;clients=50
1777330828641,PUT,119,4,benchKey_41_57,bytes=30;client_id=41;clients=50
1777330828641,PUT,119,4,benchKey_17_58,bytes=30;client_id=17;clients=50
1777330828641,PUT,120,4,benchKey_28_58,bytes=30;client_id=28;clients=50
1777330828642,PUT,116,4,benchKey_46_58,bytes=30;client_id=46;clients=50
1777330828643,PUT,118,4,benchKey_26_58,bytes=30;client_id=26;clients=50
1777330828643,PUT,118,4,benchKey_14_58,bytes=30;client_id=14;clients=50
1777330828644,PUT,86,4,benchKey_32_57,bytes=30;client_id=32;clients=50
1777330828645,PUT,91,4,benchKey_35_57,bytes=30;client_id=35;clients=50
1777330828645,PUT,86,4,benchKey_29_58,bytes=30;client_id=29;clients=50
1777330828645,PUT,86,4,benchKey_45_58,bytes=30;client_id=45;clients=50
1777330828646,PUT,87,4,benchKey_34_58,bytes=30;client_id=34;clients=50
1777330828646,PUT,87,4,benchKey_25_58,bytes=30;client_id=25;clients=50
1777330828647,PUT,87,4,benchKey_44_58,bytes=30;client_id=44;clients=50
1777330828648,PUT,88,4,benchKey_7_58,bytes=29;client_id=7;clients=50
1777330828649,PUT,88,4,benchKey_36_57,bytes=30;client_id=36;clients=50
1777330828649,PUT,88,4,benchKey_4_58,bytes=29;client_id=4;clients=50
1777330828677,PUT,115,4,benchKey_48_58,bytes=30;client_id=48;clients=50
1777330828682,PUT,118,4,benchKey_21_58,bytes=30;client_id=21;clients=50
1777330828682,PUT,120,4,benchKey_5_58,bytes=29;client_id=5;clients=50
1777330828682,PUT,119,4,benchKey_8_58,bytes=29;client_id=8;clients=50
1777330828682,PUT,119,4,benchKey_1_58,bytes=29;client_id=1;clients=50
1777330828683,PUT,120,4,benchKey_18_58,bytes=30;client_id=18;clients=50
1777330828683,PUT,116,4,benchKey_42_58,bytes=30;client_id=42;clients=50
1777330828684,PUT,119,4,benchKey_2_58,bytes=29;client_id=2;clients=50
1777330828684,PUT,117,4,benchKey_24_58,bytes=30;client_id=24;clients=50
1777330828685,PUT,118,4,benchKey_31_58,bytes=30;client_id=31;clients=50
1777330828686,PUT,91,4,benchKey_12_58,bytes=30;client_id=12;clients=50
1777330828686,PUT,86,4,benchKey_27_58,bytes=30;client_id=27;clients=50
1777330828686,PUT,87,4,benchKey_16_58,bytes=30;client_id=16;clients=50
1777330828687,PUT,86,4,benchKey_49_58,bytes=30;client_id=49;clients=50
1777330828687,PUT,86,4,benchKey_23_59,bytes=30;client_id=23;clients=50
1777330828687,PUT,87,4,benchKey_11_58,bytes=30;client_id=11;clients=50
1777330828688,PUT,87,4,benchKey_22_58,bytes=30;client_id=22;clients=50
1777330828689,PUT,87,4,benchKey_10_58,bytes=30;client_id=10;clients=50
1777330828691,PUT,90,4,benchKey_13_58,bytes=30;client_id=13;clients=50
1777330828691,PUT,90,4,benchKey_0_58,bytes=29;client_id=0;clients=50
1777330828718,PUT,115,4,benchKey_15_58,bytes=30;client_id=15;clients=50
1777330828723,PUT,119,4,benchKey_30_59,bytes=30;client_id=30;clients=50
1777330828723,PUT,118,4,benchKey_39_58,bytes=30;client_id=39;clients=50
1777330828723,PUT,120,4,benchKey_6_58,bytes=29;client_id=6;clients=50
1777330828724,PUT,118,4,benchKey_43_58,bytes=30;client_id=43;clients=50
1777330828724,PUT,119,4,benchKey_20_59,bytes=30;client_id=20;clients=50
1777330828724,PUT,119,4,benchKey_47_58,bytes=30;client_id=47;clients=50
1777330828725,PUT,117,4,benchKey_33_58,bytes=30;client_id=33;clients=50
1777330828725,PUT,118,4,benchKey_37_59,bytes=30;client_id=37;clients=50
1777330828726,PUT,117,4,benchKey_9_58,bytes=29;client_id=9;clients=50
1777330828727,PUT,91,4,benchKey_40_59,bytes=30;client_id=40;clients=50
1777330828727,PUT,86,4,benchKey_3_59,bytes=29;client_id=3;clients=50
1777330828727,PUT,86,4,benchKey_19_59,bytes=30;client_id=19;clients=50
1777330828728,PUT,86,4,benchKey_41_58,bytes=30;client_id=41;clients=50
1777330828728,PUT,86,4,benchKey_17_59,bytes=30;client_id=17;clients=50
1777330828728,PUT,86,4,benchKey_38_58,bytes=30;client_id=38;clients=50
1777330828730,PUT,88,4,benchKey_28_59,bytes=30;client_id=28;clients=50
1777330828730,PUT,88,4,benchKey_46_59,bytes=30;client_id=46;clients=50
1777330828733,PUT,90,4,benchKey_14_59,bytes=30;client_id=14;clients=50
1777330828734,PUT,90,4,benchKey_26_59,bytes=30;client_id=26;clients=50
1777330828760,PUT,116,4,benchKey_32_58,bytes=30;client_id=32;clients=50
1777330828764,PUT,119,4,benchKey_35_58,bytes=30;client_id=35;clients=50
1777330828765,PUT,119,4,benchKey_25_59,bytes=30;client_id=25;clients=50
1777330828765,PUT,120,4,benchKey_29_59,bytes=30;client_id=29;clients=50
1777330828765,PUT,119,4,benchKey_45_59,bytes=30;client_id=45;clients=50
1777330828765,PUT,118,4,benchKey_44_59,bytes=30;client_id=44;clients=50
1777330828765,PUT,119,4,benchKey_34_59,bytes=30;client_id=34;clients=50
1777330828767,PUT,118,4,benchKey_36_58,bytes=30;client_id=36;clients=50
1777330828767,PUT,118,4,benchKey_4_59,bytes=29;client_id=4;clients=50
1777330828767,PUT,119,4,benchKey_7_59,bytes=29;client_id=7;clients=50
1777330828768,PUT,90,4,benchKey_48_59,bytes=30;client_id=48;clients=50
1777330828769,PUT,86,4,benchKey_21_59,bytes=30;client_id=21;clients=50
1777330828770,PUT,87,4,benchKey_18_59,bytes=30;client_id=18;clients=50
1777330828770,PUT,87,4,benchKey_1_59,bytes=29;client_id=1;clients=50
1777330828770,PUT,87,4,benchKey_8_59,bytes=29;client_id=8;clients=50
1777330828770,PUT,87,4,benchKey_5_59,bytes=29;client_id=5;clients=50
1777330828771,PUT,86,4,benchKey_24_59,bytes=30;client_id=24;clients=50
1777330828771,PUT,88,4,benchKey_42_59,bytes=30;client_id=42;clients=50
1777330828774,PUT,89,4,benchKey_2_59,bytes=29;client_id=2;clients=50
1777330828775,PUT,90,4,benchKey_31_59,bytes=30;client_id=31;clients=50
1777330828803,PUT,117,4,benchKey_12_59,bytes=30;client_id=12;clients=50
1777330828806,PUT,118,4,benchKey_22_59,bytes=30;client_id=22;clients=50
1777330828806,PUT,120,4,benchKey_16_59,bytes=30;client_id=16;clients=50
1777330828806,PUT,119,4,benchKey_11_59,bytes=30;client_id=11;clients=50
1777330828806,PUT,119,4,benchKey_49_59,bytes=30;client_id=49;clients=50
1777330828806,PUT,120,4,benchKey_27_59,bytes=30;client_id=27;clients=50
1777330828807,PUT,120,4,benchKey_23_60,bytes=30;client_id=23;clients=50
1777330828808,PUT,119,4,benchKey_10_59,bytes=30;client_id=10;clients=50
1777330828809,PUT,117,4,benchKey_13_59,bytes=30;client_id=13;clients=50
1777330828809,PUT,90,4,benchKey_15_59,bytes=30;client_id=15;clients=50
1777330828810,PUT,118,4,benchKey_0_59,bytes=29;client_id=0;clients=50
1777330828811,PUT,86,4,benchKey_43_59,bytes=30;client_id=43;clients=50
1777330828811,PUT,87,4,benchKey_6_59,bytes=29;client_id=6;clients=50
1777330828811,PUT,87,4,benchKey_39_59,bytes=30;client_id=39;clients=50
1777330828811,PUT,87,4,benchKey_30_60,bytes=30;client_id=30;clients=50
1777330828811,PUT,87,4,benchKey_47_59,bytes=30;client_id=47;clients=50
1777330828812,PUT,87,4,benchKey_20_60,bytes=30;client_id=20;clients=50
1777330828812,PUT,87,4,benchKey_33_59,bytes=30;client_id=33;clients=50
1777330828815,PUT,90,4,benchKey_37_60,bytes=30;client_id=37;clients=50
1777330828816,PUT,90,4,benchKey_9_59,bytes=29;client_id=9;clients=50
1777330828845,PUT,118,4,benchKey_40_60,bytes=30;client_id=40;clients=50
1777330828847,PUT,119,4,benchKey_3_60,bytes=29;client_id=3;clients=50
1777330828849,PUT,120,4,benchKey_38_59,bytes=30;client_id=38;clients=50
1777330828849,PUT,121,4,benchKey_19_60,bytes=30;client_id=19;clients=50
1777330828849,PUT,120,4,benchKey_17_60,bytes=30;client_id=17;clients=50
1777330828850,PUT,119,4,benchKey_28_60,bytes=30;client_id=28;clients=50
1777330828850,PUT,122,4,benchKey_41_59,bytes=30;client_id=41;clients=50
1777330828850,PUT,119,4,benchKey_46_60,bytes=30;client_id=46;clients=50
1777330828851,PUT,117,4,benchKey_14_60,bytes=30;client_id=14;clients=50
1777330828851,PUT,117,4,benchKey_26_60,bytes=30;client_id=26;clients=50
1777330828852,PUT,87,4,benchKey_35_59,bytes=30;client_id=35;clients=50
1777330828852,PUT,91,4,benchKey_32_59,bytes=30;client_id=32;clients=50
1777330828853,PUT,87,4,benchKey_45_60,bytes=30;client_id=45;clients=50
1777330828853,PUT,87,4,benchKey_44_60,bytes=30;client_id=44;clients=50
1777330828854,PUT,88,4,benchKey_34_60,bytes=30;client_id=34;clients=50
1777330828854,PUT,89,4,benchKey_25_60,bytes=30;client_id=25;clients=50
1777330828854,PUT,89,4,benchKey_29_60,bytes=30;client_id=29;clients=50
1777330828854,PUT,87,4,benchKey_36_59,bytes=30;client_id=36;clients=50
1777330828856,PUT,88,4,benchKey_4_60,bytes=29;client_id=4;clients=50
1777330828857,PUT,89,4,benchKey_7_60,bytes=29;client_id=7;clients=50
1777330828886,PUT,118,4,benchKey_48_60,bytes=30;client_id=48;clients=50
1777330828888,PUT,119,4,benchKey_21_60,bytes=30;client_id=21;clients=50
1777330828890,PUT,120,4,benchKey_18_60,bytes=30;client_id=18;clients=50
1777330828890,PUT,120,4,benchKey_1_60,bytes=29;client_id=1;clients=50
1777330828890,PUT,119,4,benchKey_8_60,bytes=29;client_id=8;clients=50
1777330828891,PUT,119,4,benchKey_24_60,bytes=30;client_id=24;clients=50
1777330828891,PUT,119,4,benchKey_42_60,bytes=30;client_id=42;clients=50
1777330828891,PUT,120,4,benchKey_5_60,bytes=29;client_id=5;clients=50
1777330828892,PUT,116,4,benchKey_31_60,bytes=30;client_id=31;clients=50
1777330828892,PUT,117,4,benchKey_2_60,bytes=29;client_id=2;clients=50
1777330828893,PUT,89,4,benchKey_12_60,bytes=30;client_id=12;clients=50
1777330828893,PUT,86,4,benchKey_22_60,bytes=30;client_id=22;clients=50
1777330828894,PUT,87,4,benchKey_16_60,bytes=30;client_id=16;clients=50
1777330828895,PUT,88,4,benchKey_11_60,bytes=30;client_id=11;clients=50
1777330828895,PUT,88,4,benchKey_49_60,bytes=30;client_id=49;clients=50
1777330828895,PUT,88,4,benchKey_23_61,bytes=30;client_id=23;clients=50
1777330828895,PUT,88,4,benchKey_27_60,bytes=30;client_id=27;clients=50
1777330828896,PUT,87,4,benchKey_10_60,bytes=30;client_id=10;clients=50
1777330828897,PUT,88,4,benchKey_13_60,bytes=30;client_id=13;clients=50
1777330828899,PUT,90,4,benchKey_15_60,bytes=30;client_id=15;clients=50
1777330828928,PUT,118,4,benchKey_0_60,bytes=29;client_id=0;clients=50
1777330828931,PUT,119,4,benchKey_30_61,bytes=30;client_id=30;clients=50
1777330828931,PUT,119,4,benchKey_6_60,bytes=29;client_id=6;clients=50
1777330828931,PUT,120,4,benchKey_43_60,bytes=30;client_id=43;clients=50
1777330828932,PUT,119,4,benchKey_33_60,bytes=30;client_id=33;clients=50
1777330828932,PUT,119,4,benchKey_20_61,bytes=30;client_id=20;clients=50
1777330828932,PUT,120,4,benchKey_39_60,bytes=30;client_id=39;clients=50
1777330828932,PUT,120,4,benchKey_47_60,bytes=30;client_id=47;clients=50
1777330828933,PUT,117,4,benchKey_37_61,bytes=30;client_id=37;clients=50
1777330828933,PUT,116,4,benchKey_9_60,bytes=29;client_id=9;clients=50
1777330828934,PUT,88,4,benchKey_40_61,bytes=30;client_id=40;clients=50
1777330828935,PUT,87,4,benchKey_3_61,bytes=29;client_id=3;clients=50
1777330828936,PUT,86,4,benchKey_38_60,bytes=30;client_id=38;clients=50
1777330828937,PUT,87,4,benchKey_17_61,bytes=30;client_id=17;clients=50
1777330828937,PUT,86,4,benchKey_28_61,bytes=30;client_id=28;clients=50
1777330828937,PUT,87,4,benchKey_19_61,bytes=30;client_id=19;clients=50
1777330828938,PUT,87,4,benchKey_41_60,bytes=30;client_id=41;clients=50
1777330828938,PUT,87,4,benchKey_46_61,bytes=30;client_id=46;clients=50
1777330828938,PUT,87,4,benchKey_14_61,bytes=30;client_id=14;clients=50
1777330828940,PUT,88,4,benchKey_26_61,bytes=30;client_id=26;clients=50
1777330828970,PUT,118,4,benchKey_35_60,bytes=30;client_id=35;clients=50
1777330828972,PUT,119,4,benchKey_45_61,bytes=30;client_id=45;clients=50
1777330828972,PUT,119,4,benchKey_44_61,bytes=30;client_id=44;clients=50
1777330828972,PUT,120,4,benchKey_32_60,bytes=30;client_id=32;clients=50
1777330828973,PUT,118,4,benchKey_36_60,bytes=30;client_id=36;clients=50
1777330828973,PUT,119,4,benchKey_34_61,bytes=30;client_id=34;clients=50
1777330828973,PUT,119,4,benchKey_29_61,bytes=30;client_id=29;clients=50
1777330828974,PUT,117,4,benchKey_7_61,bytes=29;client_id=7;clients=50
1777330828974,PUT,118,4,benchKey_4_61,bytes=29;client_id=4;clients=50
1777330828975,PUT,120,4,benchKey_25_61,bytes=30;client_id=25;clients=50
1777330828976,PUT,87,4,benchKey_21_61,bytes=30;client_id=21;clients=50
1777330828976,PUT,90,4,benchKey_48_61,bytes=30;client_id=48;clients=50
1777330828977,PUT,86,4,benchKey_18_61,bytes=30;client_id=18;clients=50
1777330828978,PUT,86,4,benchKey_24_61,bytes=30;client_id=24;clients=50
1777330828979,PUT,87,4,benchKey_5_61,bytes=29;client_id=5;clients=50
1777330828979,PUT,88,4,benchKey_8_61,bytes=29;client_id=8;clients=50
1777330828979,PUT,87,4,benchKey_31_61,bytes=30;client_id=31;clients=50
1777330828979,PUT,89,4,benchKey_1_61,bytes=29;client_id=1;clients=50
1777330828980,PUT,88,4,benchKey_42_61,bytes=30;client_id=42;clients=50
1777330828981,PUT,88,4,benchKey_2_61,bytes=29;client_id=2;clients=50
1777330829011,PUT,118,4,benchKey_12_61,bytes=30;client_id=12;clients=50
1777330829013,PUT,118,4,benchKey_11_61,bytes=30;client_id=11;clients=50
1777330829013,PUT,119,4,benchKey_16_61,bytes=30;client_id=16;clients=50
1777330829014,PUT,118,4,benchKey_49_61,bytes=30;client_id=49;clients=50
1777330829014,PUT,121,4,benchKey_22_61,bytes=30;client_id=22;clients=50
1777330829015,PUT,119,4,benchKey_27_61,bytes=30;client_id=27;clients=50
1777330829016,PUT,120,4,benchKey_10_61,bytes=30;client_id=10;clients=50
1777330829016,PUT,120,4,benchKey_23_62,bytes=30;client_id=23;clients=50
1777330829016,PUT,119,4,benchKey_13_61,bytes=30;client_id=13;clients=50
1777330829017,PUT,88,4,benchKey_0_61,bytes=29;client_id=0;clients=50
1777330829017,PUT,117,4,benchKey_15_61,bytes=30;client_id=15;clients=50
1777330829018,PUT,86,4,benchKey_30_62,bytes=30;client_id=30;clients=50
1777330829018,PUT,86,4,benchKey_6_61,bytes=29;client_id=6;clients=50
1777330829020,PUT,88,4,benchKey_33_61,bytes=30;client_id=33;clients=50
1777330829020,PUT,88,4,benchKey_43_61,bytes=30;client_id=43;clients=50
1777330829020,PUT,88,4,benchKey_20_62,bytes=30;client_id=20;clients=50
1777330829020,PUT,88,4,benchKey_39_61,bytes=30;client_id=39;clients=50
1777330829021,PUT,87,4,benchKey_37_62,bytes=30;client_id=37;clients=50
1777330829022,PUT,89,4,benchKey_47_61,bytes=30;client_id=47;clients=50
1777330829022,PUT,88,4,benchKey_9_61,bytes=29;client_id=9;clients=50
1777330829052,PUT,118,4,benchKey_40_62,bytes=30;client_id=40;clients=50
1777330829055,PUT,119,4,benchKey_38_61,bytes=30;client_id=38;clients=50
1777330829055,PUT,120,4,benchKey_3_62,bytes=29;client_id=3;clients=50
1777330829056,PUT,118,4,benchKey_28_62,bytes=30;client_id=28;clients=50
1777330829056,PUT,118,4,benchKey_19_62,bytes=30;client_id=19;clients=50
1777330829056,PUT,119,4,benchKey_17_62,bytes=30;client_id=17;clients=50
1777330829057,PUT,119,4,benchKey_41_61,bytes=30;client_id=41;clients=50
1777330829058,PUT,87,4,benchKey_35_61,bytes=30;client_id=35;clients=50
1777330829058,PUT,120,4,benchKey_46_62,bytes=30;client_id=46;clients=50
1777330829059,PUT,121,4,benchKey_14_62,bytes=30;client_id=14;clients=50
1777330829059,PUT,86,4,benchKey_45_62,bytes=30;client_id=45;clients=50
1777330829059,PUT,119,4,benchKey_26_62,bytes=30;client_id=26;clients=50
1777330829060,PUT,87,4,benchKey_44_62,bytes=30;client_id=44;clients=50
1777330829061,PUT,88,4,benchKey_32_61,bytes=30;client_id=32;clients=50
1777330829062,PUT,87,4,benchKey_7_62,bytes=29;client_id=7;clients=50
1777330829062,PUT,88,4,benchKey_29_62,bytes=30;client_id=29;clients=50
1777330829062,PUT,88,4,benchKey_36_61,bytes=30;client_id=36;clients=50
1777330829062,PUT,88,4,benchKey_34_62,bytes=30;client_id=34;clients=50
1777330829063,PUT,47,4,benchKey_23_63,bytes=30;client_id=23;clients=50
1777330829064,PUT,89,4,benchKey_25_62,bytes=30;client_id=25;clients=50
1777330829064,PUT,89,4,benchKey_4_62,bytes=29;client_id=4;clients=50
1777330829093,PUT,117,4,benchKey_21_62,bytes=30;client_id=21;clients=50
1777330829096,PUT,119,4,benchKey_48_62,bytes=30;client_id=48;clients=50
1777330829098,PUT,118,4,benchKey_31_62,bytes=30;client_id=31;clients=50
1777330829098,PUT,118,4,benchKey_8_62,bytes=29;client_id=8;clients=50
1777330829097,PUT,120,4,benchKey_18_62,bytes=30;client_id=18;clients=50
1777330829097,PUT,119,4,benchKey_24_62,bytes=30;client_id=24;clients=50
1777330829097,PUT,117,4,benchKey_5_62,bytes=29;client_id=5;clients=50
1777330829100,PUT,86,4,benchKey_11_62,bytes=30;client_id=11;clients=50
1777330829100,PUT,119,4,benchKey_2_62,bytes=29;client_id=2;clients=50
1777330829100,PUT,120,4,benchKey_42_62,bytes=30;client_id=42;clients=50
1777330829100,PUT,120,4,benchKey_1_62,bytes=29;client_id=1;clients=50
1777330829101,PUT,87,4,benchKey_16_62,bytes=30;client_id=16;clients=50
1777330829101,PUT,89,4,benchKey_12_62,bytes=30;client_id=12;clients=50
1777330829102,PUT,87,4,benchKey_22_62,bytes=30;client_id=22;clients=50
1777330829103,PUT,88,4,benchKey_49_62,bytes=30;client_id=49;clients=50
1777330829103,PUT,88,4,benchKey_27_62,bytes=30;client_id=27;clients=50
1777330829103,PUT,86,4,benchKey_10_62,bytes=30;client_id=10;clients=50
1777330829105,PUT,88,4,benchKey_13_62,bytes=30;client_id=13;clients=50
1777330829105,PUT,88,4,benchKey_0_62,bytes=29;client_id=0;clients=50
1777330829105,PUT,88,4,benchKey_15_62,bytes=30;client_id=15;clients=50
1777330829136,PUT,118,4,benchKey_30_63,bytes=30;client_id=30;clients=50
1777330829138,PUT,118,4,benchKey_43_62,bytes=30;client_id=43;clients=50
1777330829138,PUT,117,4,benchKey_20_63,bytes=30;client_id=20;clients=50
1777330829138,PUT,118,4,benchKey_33_62,bytes=30;client_id=33;clients=50
1777330829138,PUT,120,4,benchKey_6_62,bytes=29;client_id=6;clients=50
1777330829139,PUT,118,4,benchKey_37_63,bytes=30;client_id=37;clients=50
1777330829139,PUT,118,4,benchKey_39_62,bytes=30;client_id=39;clients=50
1777330829141,PUT,88,4,benchKey_40_63,bytes=30;client_id=40;clients=50
1777330829141,PUT,86,4,benchKey_3_63,bytes=29;client_id=3;clients=50
1777330829141,PUT,119,4,benchKey_47_62,bytes=30;client_id=47;clients=50
1777330829141,PUT,119,4,benchKey_9_62,bytes=29;client_id=9;clients=50
1777330829143,PUT,87,4,benchKey_19_63,bytes=30;client_id=19;clients=50
1777330829143,PUT,87,4,benchKey_28_63,bytes=30;client_id=28;clients=50
1777330829143,PUT,88,4,benchKey_38_62,bytes=30;client_id=38;clients=50
1777330829144,PUT,85,4,benchKey_35_62,bytes=30;client_id=35;clients=50
1777330829145,PUT,88,4,benchKey_17_63,bytes=30;client_id=17;clients=50
1777330829145,PUT,87,4,benchKey_41_62,bytes=30;client_id=41;clients=50
1777330829146,PUT,86,4,benchKey_14_63,bytes=30;client_id=14;clients=50
1777330829146,PUT,87,4,benchKey_46_63,bytes=30;client_id=46;clients=50
1777330829146,PUT,87,4,benchKey_45_63,bytes=30;client_id=45;clients=50
1777330829178,PUT,118,4,benchKey_26_63,bytes=30;client_id=26;clients=50
1777330829180,PUT,118,4,benchKey_36_62,bytes=30;client_id=36;clients=50
1777330829180,PUT,120,4,benchKey_44_63,bytes=30;client_id=44;clients=50
1777330829180,PUT,118,4,benchKey_29_63,bytes=30;client_id=29;clients=50
1777330829180,PUT,119,4,benchKey_32_62,bytes=30;client_id=32;clients=50
1777330829180,PUT,118,4,benchKey_34_63,bytes=30;client_id=34;clients=50
1777330829180,PUT,118,4,benchKey_7_63,bytes=29;client_id=7;clients=50
1777330829183,PUT,119,4,benchKey_23_64,bytes=30;client_id=23;clients=50
1777330829183,PUT,119,4,benchKey_4_63,bytes=29;client_id=4;clients=50
1777330829183,PUT,119,4,benchKey_25_63,bytes=30;client_id=25;clients=50
1777330829183,PUT,90,4,benchKey_21_63,bytes=30;client_id=21;clients=50
1777330829184,PUT,86,4,benchKey_48_63,bytes=30;client_id=48;clients=50
1777330829185,PUT,86,4,benchKey_8_63,bytes=29;client_id=8;clients=50
1777330829185,PUT,86,4,benchKey_18_63,bytes=30;client_id=18;clients=50
1777330829185,PUT,86,4,benchKey_31_63,bytes=30;client_id=31;clients=50
1777330829187,PUT,88,4,benchKey_24_63,bytes=30;client_id=24;clients=50
1777330829187,PUT,88,4,benchKey_5_63,bytes=29;client_id=5;clients=50
1777330829187,PUT,87,4,benchKey_11_63,bytes=30;client_id=11;clients=50
1777330829187,PUT,86,4,benchKey_42_63,bytes=30;client_id=42;clients=50
1777330829188,PUT,87,4,benchKey_2_63,bytes=29;client_id=2;clients=50
1777330829220,PUT,120,4,benchKey_1_63,bytes=29;client_id=1;clients=50
1777330829222,PUT,118,4,benchKey_10_63,bytes=30;client_id=10;clients=50
1777330829222,PUT,121,4,benchKey_12_63,bytes=30;client_id=12;clients=50
1777330829223,PUT,122,4,benchKey_16_63,bytes=30;client_id=16;clients=50
1777330829223,PUT,121,4,benchKey_22_63,bytes=30;client_id=22;clients=50
1777330829223,PUT,120,4,benchKey_27_63,bytes=30;client_id=27;clients=50
1777330829223,PUT,120,4,benchKey_49_63,bytes=30;client_id=49;clients=50
1777330829225,PUT,119,4,benchKey_13_63,bytes=30;client_id=13;clients=50
1777330829225,PUT,119,4,benchKey_0_63,bytes=29;client_id=0;clients=50
1777330829225,PUT,88,4,benchKey_30_64,bytes=30;client_id=30;clients=50
1777330829225,PUT,120,4,benchKey_15_63,bytes=30;client_id=15;clients=50
1777330829226,PUT,87,4,benchKey_43_63,bytes=30;client_id=43;clients=50
1777330829226,PUT,87,4,benchKey_6_63,bytes=29;client_id=6;clients=50
1777330829226,PUT,88,4,benchKey_20_64,bytes=30;client_id=20;clients=50
1777330829227,PUT,88,4,benchKey_33_63,bytes=30;client_id=33;clients=50
1777330829228,PUT,88,4,benchKey_39_63,bytes=30;client_id=39;clients=50
1777330829228,PUT,86,4,benchKey_3_64,bytes=29;client_id=3;clients=50
1777330829229,PUT,89,4,benchKey_37_64,bytes=30;client_id=37;clients=50
1777330829229,PUT,87,4,benchKey_40_64,bytes=30;client_id=40;clients=50
1777330829230,PUT,88,4,benchKey_47_63,bytes=30;client_id=47;clients=50
1777330829263,PUT,121,4,benchKey_9_63,bytes=29;client_id=9;clients=50
1777330829264,PUT,120,4,benchKey_28_64,bytes=30;client_id=28;clients=50
1777330829264,PUT,121,4,benchKey_19_64,bytes=30;client_id=19;clients=50
1777330829265,PUT,121,4,benchKey_38_63,bytes=30;client_id=38;clients=50
1777330829265,PUT,120,4,benchKey_41_63,bytes=30;client_id=41;clients=50
1777330829265,PUT,120,4,benchKey_17_64,bytes=30;client_id=17;clients=50
1777330829266,PUT,122,4,benchKey_35_63,bytes=30;client_id=35;clients=50
1777330829266,PUT,120,4,benchKey_46_64,bytes=30;client_id=46;clients=50
1777330829268,PUT,87,4,benchKey_36_63,bytes=30;client_id=36;clients=50
1777330829268,PUT,89,4,benchKey_26_64,bytes=30;client_id=26;clients=50
1777330829269,PUT,122,4,benchKey_14_64,bytes=30;client_id=14;clients=50
1777330829269,PUT,88,4,benchKey_44_64,bytes=30;client_id=44;clients=50
1777330829269,PUT,88,4,benchKey_32_63,bytes=30;client_id=32;clients=50
1777330829269,PUT,88,4,benchKey_34_64,bytes=30;client_id=34;clients=50
1777330829270,PUT,124,4,benchKey_45_64,bytes=30;client_id=45;clients=50
1777330829270,PUT,89,4,benchKey_29_64,bytes=30;client_id=29;clients=50
1777330829271,PUT,90,4,benchKey_7_64,bytes=29;client_id=7;clients=50
1777330829271,PUT,87,4,benchKey_23_65,bytes=30;client_id=23;clients=50
1777330829271,PUT,87,4,benchKey_4_64,bytes=29;client_id=4;clients=50
1777330829272,PUT,88,4,benchKey_25_64,bytes=30;client_id=25;clients=50
1777330829306,PUT,122,4,benchKey_21_64,bytes=30;client_id=21;clients=50
1777330829307,PUT,122,4,benchKey_48_64,bytes=30;client_id=48;clients=50
1777330829307,PUT,121,4,benchKey_8_64,bytes=29;client_id=8;clients=50
1777330829308,PUT,122,4,benchKey_31_64,bytes=30;client_id=31;clients=50
1777330829308,PUT,123,4,benchKey_18_64,bytes=30;client_id=18;clients=50
1777330829309,PUT,121,4,benchKey_11_64,bytes=30;client_id=11;clients=50
1777330829309,PUT,122,4,benchKey_24_64,bytes=30;client_id=24;clients=50
1777330829310,PUT,122,4,benchKey_5_64,bytes=29;client_id=5;clients=50
1777330829311,PUT,123,4,benchKey_42_64,bytes=30;client_id=42;clients=50
1777330829311,PUT,88,4,benchKey_10_64,bytes=30;client_id=10;clients=50
1777330829312,PUT,123,4,benchKey_2_64,bytes=29;client_id=2;clients=50
1777330829312,PUT,88,4,benchKey_22_64,bytes=30;client_id=22;clients=50
1777330829312,PUT,90,4,benchKey_12_64,bytes=30;client_id=12;clients=50
1777330829312,PUT,88,4,benchKey_16_64,bytes=30;client_id=16;clients=50
1777330829313,PUT,89,4,benchKey_27_64,bytes=30;client_id=27;clients=50
1777330829313,PUT,93,4,benchKey_1_64,bytes=29;client_id=1;clients=50
1777330829314,PUT,88,4,benchKey_30_65,bytes=30;client_id=30;clients=50
1777330829314,PUT,88,4,benchKey_0_64,bytes=29;client_id=0;clients=50
1777330829314,PUT,90,4,benchKey_49_64,bytes=30;client_id=49;clients=50
1777330829314,PUT,89,4,benchKey_13_64,bytes=30;client_id=13;clients=50
1777330829349,PUT,123,4,benchKey_15_64,bytes=30;client_id=15;clients=50
1777330829351,PUT,124,4,benchKey_43_64,bytes=30;client_id=43;clients=50
1777330829351,PUT,124,4,benchKey_6_64,bytes=29;client_id=6;clients=50
1777330829352,PUT,123,4,benchKey_3_65,bytes=29;client_id=3;clients=50
1777330829352,PUT,125,4,benchKey_33_64,bytes=30;client_id=33;clients=50
1777330829352,PUT,125,4,benchKey_20_65,bytes=30;client_id=20;clients=50
1777330829353,PUT,123,4,benchKey_47_64,bytes=30;client_id=47;clients=50
1777330829353,PUT,124,4,benchKey_39_64,bytes=30;client_id=39;clients=50
1777330829353,PUT,123,4,benchKey_40_65,bytes=30;client_id=40;clients=50
1777330829352,PUT,123,4,benchKey_37_65,bytes=30;client_id=37;clients=50
1777330829355,PUT,90,4,benchKey_19_65,bytes=30;client_id=19;clients=50
1777330829355,PUT,90,4,benchKey_38_64,bytes=30;client_id=38;clients=50
1777330829356,PUT,91,4,benchKey_28_65,bytes=30;client_id=28;clients=50
1777330829356,PUT,90,4,benchKey_17_65,bytes=30;client_id=17;clients=50
1777330829356,PUT,92,4,benchKey_9_64,bytes=29;client_id=9;clients=50
1777330829356,PUT,89,4,benchKey_46_65,bytes=30;client_id=46;clients=50
1777330829357,PUT,88,4,benchKey_36_64,bytes=30;client_id=36;clients=50
1777330829357,PUT,87,4,benchKey_14_65,bytes=30;client_id=14;clients=50
1777330829357,PUT,91,4,benchKey_35_64,bytes=30;client_id=35;clients=50
1777330829358,PUT,92,4,benchKey_41_64,bytes=30;client_id=41;clients=50
1777330829359,PUT,50,4,benchKey_18_65,bytes=30;client_id=18;clients=50
1777330829392,PUT,123,4,benchKey_44_65,bytes=30;client_id=44;clients=50
1777330829392,PUT,123,4,benchKey_26_65,bytes=30;client_id=26;clients=50
1777330829393,PUT,123,4,benchKey_32_64,bytes=30;client_id=32;clients=50
1777330829395,PUT,124,4,benchKey_4_65,bytes=29;client_id=4;clients=50
1777330829396,PUT,125,4,benchKey_45_65,bytes=30;client_id=45;clients=50
1777330829396,PUT,126,4,benchKey_34_65,bytes=30;client_id=34;clients=50
1777330829396,PUT,124,4,benchKey_23_66,bytes=30;client_id=23;clients=50
1777330829396,PUT,125,4,benchKey_7_65,bytes=29;client_id=7;clients=50
1777330829397,PUT,126,4,benchKey_29_65,bytes=30;client_id=29;clients=50
1777330829398,PUT,125,4,benchKey_25_65,bytes=30;client_id=25;clients=50
1777330829398,PUT,92,4,benchKey_21_65,bytes=30;client_id=21;clients=50
1777330829398,PUT,90,4,benchKey_31_65,bytes=30;client_id=31;clients=50
1777330829399,PUT,92,4,benchKey_48_65,bytes=30;client_id=48;clients=50
1777330829400,PUT,91,4,benchKey_11_65,bytes=30;client_id=11;clients=50
1777330829400,PUT,90,4,benchKey_5_65,bytes=29;client_id=5;clients=50
1777330829400,PUT,89,4,benchKey_10_65,bytes=30;client_id=10;clients=50
1777330829401,PUT,94,4,benchKey_8_65,bytes=29;client_id=8;clients=50
1777330829401,PUT,91,4,benchKey_24_65,bytes=30;client_id=24;clients=50
1777330829401,PUT,90,4,benchKey_42_65,bytes=30;client_id=42;clients=50
1777330829402,PUT,90,4,benchKey_2_65,bytes=29;client_id=2;clients=50
1777330829436,PUT,123,4,benchKey_16_65,bytes=30;client_id=16;clients=50
1777330829436,PUT,123,4,benchKey_12_65,bytes=30;client_id=12;clients=50
1777330829436,PUT,124,4,benchKey_22_65,bytes=30;client_id=22;clients=50
1777330829437,PUT,124,4,benchKey_27_65,bytes=30;client_id=27;clients=50
1777330829439,PUT,124,4,benchKey_13_65,bytes=30;client_id=13;clients=50
1777330829439,PUT,124,4,benchKey_49_65,bytes=30;client_id=49;clients=50
1777330829439,PUT,125,4,benchKey_30_66,bytes=30;client_id=30;clients=50
1777330829439,PUT,125,4,benchKey_1_65,bytes=29;client_id=1;clients=50
1777330829439,PUT,125,4,benchKey_0_65,bytes=29;client_id=0;clients=50
1777330829440,PUT,90,4,benchKey_15_65,bytes=30;client_id=15;clients=50
1777330829441,PUT,90,4,benchKey_43_65,bytes=30;client_id=43;clients=50
1777330829441,PUT,90,4,benchKey_6_65,bytes=29;client_id=6;clients=50
1777330829442,PUT,90,4,benchKey_3_66,bytes=29;client_id=3;clients=50
1777330829443,PUT,89,4,benchKey_39_65,bytes=30;client_id=39;clients=50
1777330829444,PUT,88,4,benchKey_19_66,bytes=30;client_id=19;clients=50
1777330829444,PUT,90,4,benchKey_47_65,bytes=30;client_id=47;clients=50
1777330829443,PUT,91,4,benchKey_33_65,bytes=30;client_id=33;clients=50
1777330829444,PUT,91,4,benchKey_40_66,bytes=30;client_id=40;clients=50
1777330829445,PUT,91,4,benchKey_37_66,bytes=30;client_id=37;clients=50
1777330829445,PUT,91,4,benchKey_20_66,bytes=30;client_id=20;clients=50
1777330829479,PUT,123,4,benchKey_28_66,bytes=30;client_id=28;clients=50
1777330829479,PUT,123,4,benchKey_38_65,bytes=30;client_id=38;clients=50
1777330829479,PUT,123,4,benchKey_17_66,bytes=30;client_id=17;clients=50
1777330829480,PUT,124,4,benchKey_9_65,bytes=29;client_id=9;clients=50
1777330829482,PUT,124,4,benchKey_35_65,bytes=30;client_id=35;clients=50
1777330829482,PUT,124,4,benchKey_36_65,bytes=30;client_id=36;clients=50
1777330829483,PUT,126,4,benchKey_46_66,bytes=30;client_id=46;clients=50
1777330829483,PUT,125,4,benchKey_41_65,bytes=30;client_id=41;clients=50
1777330829483,PUT,126,4,benchKey_14_66,bytes=30;client_id=14;clients=50
1777330829483,PUT,90,4,benchKey_44_66,bytes=30;client_id=44;clients=50
1777330829484,PUT,91,4,benchKey_26_66,bytes=30;client_id=26;clients=50
1777330829485,PUT,126,4,benchKey_18_66,bytes=30;client_id=18;clients=50
1777330829485,PUT,92,4,benchKey_32_65,bytes=30;client_id=32;clients=50
1777330829485,PUT,89,4,benchKey_4_66,bytes=29;client_id=4;clients=50
1777330829486,PUT,89,4,benchKey_23_67,bytes=30;client_id=23;clients=50
1777330829486,PUT,89,4,benchKey_7_66,bytes=29;client_id=7;clients=50
1777330829487,PUT,91,4,benchKey_34_66,bytes=30;client_id=34;clients=50
1777330829487,PUT,90,4,benchKey_29_66,bytes=30;client_id=29;clients=50
1777330829487,PUT,91,4,benchKey_45_66,bytes=30;client_id=45;clients=50
1777330829488,PUT,90,4,benchKey_25_66,bytes=30;client_id=25;clients=50
1777330829521,PUT,122,4,benchKey_31_66,bytes=30;client_id=31;clients=50
1777330829521,PUT,122,4,benchKey_21_66,bytes=30;client_id=21;clients=50
1777330829523,PUT,122,4,benchKey_11_66,bytes=30;client_id=11;clients=50
1777330829523,PUT,123,4,benchKey_48_66,bytes=30;client_id=48;clients=50
1777330829524,PUT,123,4,benchKey_10_66,bytes=30;client_id=10;clients=50
1777330829524,PUT,123,4,benchKey_5_66,bytes=29;client_id=5;clients=50
1777330829525,PUT,122,4,benchKey_2_66,bytes=29;client_id=2;clients=50
1777330829525,PUT,123,4,benchKey_42_66,bytes=30;client_id=42;clients=50
1777330829525,PUT,123,4,benchKey_8_66,bytes=29;client_id=8;clients=50
1777330829525,PUT,123,4,benchKey_24_66,bytes=30;client_id=24;clients=50
1777330829527,PUT,91,4,benchKey_16_66,bytes=30;client_id=16;clients=50
1777330829528,PUT,91,4,benchKey_12_66,bytes=30;client_id=12;clients=50
1777330829528,PUT,87,4,benchKey_1_66,bytes=29;client_id=1;clients=50
1777330829528,PUT,91,4,benchKey_22_66,bytes=30;client_id=22;clients=50
1777330829528,PUT,89,4,benchKey_13_66,bytes=30;client_id=13;clients=50
1777330829528,PUT,90,4,benchKey_27_66,bytes=30;client_id=27;clients=50
1777330829529,PUT,89,4,benchKey_49_66,bytes=30;client_id=49;clients=50
1777330829529,PUT,89,4,benchKey_30_67,bytes=30;client_id=30;clients=50
1777330829529,PUT,88,4,benchKey_0_66,bytes=29;client_id=0;clients=50
1777330829530,PUT,88,4,benchKey_15_66,bytes=30;client_id=15;clients=50
1777330829562,PUT,120,4,benchKey_43_66,bytes=30;client_id=43;clients=50
1777330829562,PUT,120,4,benchKey_6_66,bytes=29;client_id=6;clients=50
1777330829564,PUT,119,4,benchKey_39_66,bytes=30;client_id=39;clients=50
1777330829564,PUT,121,4,benchKey_3_67,bytes=29;client_id=3;clients=50
1777330829566,PUT,121,4,benchKey_33_66,bytes=30;client_id=33;clients=50
1777330829566,PUT,120,4,benchKey_20_67,bytes=30;client_id=20;clients=50
1777330829566,PUT,121,4,benchKey_40_67,bytes=30;client_id=40;clients=50
1777330829566,PUT,120,4,benchKey_37_67,bytes=30;client_id=37;clients=50
1777330829566,PUT,121,4,benchKey_47_66,bytes=30;client_id=47;clients=50
1777330829566,PUT,121,4,benchKey_19_67,bytes=30;client_id=19;clients=50
1777330829568,PUT,88,4,benchKey_28_67,bytes=30;client_id=28;clients=50
1777330829569,PUT,88,4,benchKey_9_66,bytes=29;client_id=9;clients=50
1777330829569,PUT,87,4,benchKey_36_66,bytes=30;client_id=36;clients=50
1777330829569,PUT,87,4,benchKey_35_66,bytes=30;client_id=35;clients=50
1777330829569,PUT,89,4,benchKey_38_66,bytes=30;client_id=38;clients=50
1777330829570,PUT,86,4,benchKey_46_67,bytes=30;client_id=46;clients=50
1777330829570,PUT,90,4,benchKey_17_67,bytes=30;client_id=17;clients=50
1777330829570,PUT,86,4,benchKey_41_66,bytes=30;client_id=41;clients=50
1777330829570,PUT,86,4,benchKey_14_67,bytes=30;client_id=14;clients=50
1777330829571,PUT,87,4,benchKey_44_67,bytes=30;client_id=44;clients=50
1777330829603,PUT,117,4,benchKey_18_67,bytes=30;client_id=18;clients=50
1777330829603,PUT,118,4,benchKey_26_67,bytes=30;client_id=26;clients=50
1777330829606,PUT,120,4,benchKey_32_66,bytes=30;client_id=32;clients=50
1777330829606,PUT,120,4,benchKey_4_67,bytes=29;client_id=4;clients=50
1777330829607,PUT,118,4,benchKey_25_67,bytes=30;client_id=25;clients=50
1777330829607,PUT,120,4,benchKey_34_67,bytes=30;client_id=34;clients=50
1777330829607,PUT,120,4,benchKey_7_67,bytes=29;client_id=7;clients=50
1777330829607,PUT,119,4,benchKey_29_67,bytes=30;client_id=29;clients=50
1777330829607,PUT,119,4,benchKey_45_67,bytes=30;client_id=45;clients=50
1777330829608,PUT,121,4,benchKey_23_68,bytes=30;client_id=23;clients=50
1777330829610,PUT,86,4,benchKey_10_67,bytes=30;client_id=10;clients=50
1777330829610,PUT,87,4,benchKey_48_67,bytes=30;client_id=48;clients=50
1777330829610,PUT,88,4,benchKey_21_67,bytes=30;client_id=21;clients=50
1777330829610,PUT,88,4,benchKey_31_67,bytes=30;client_id=31;clients=50
1777330829611,PUT,85,4,benchKey_42_67,bytes=30;client_id=42;clients=50
1777330829611,PUT,87,4,benchKey_5_67,bytes=29;client_id=5;clients=50
1777330829611,PUT,88,4,benchKey_11_67,bytes=30;client_id=11;clients=50
1777330829611,PUT,86,4,benchKey_8_67,bytes=29;client_id=8;clients=50
1777330829611,PUT,86,4,benchKey_2_67,bytes=29;client_id=2;clients=50
1777330829612,PUT,86,4,benchKey_24_67,bytes=30;client_id=24;clients=50
1777330829644,PUT,116,4,benchKey_12_67,bytes=30;client_id=12;clients=50
1777330829644,PUT,116,4,benchKey_16_67,bytes=30;client_id=16;clients=50
1777330829647,PUT,118,4,benchKey_22_67,bytes=30;client_id=22;clients=50
1777330829648,PUT,119,4,benchKey_1_67,bytes=29;client_id=1;clients=50
1777330829648,PUT,119,4,benchKey_13_67,bytes=30;client_id=13;clients=50
1777330829649,PUT,119,4,benchKey_30_68,bytes=30;client_id=30;clients=50
1777330829649,PUT,120,4,benchKey_0_67,bytes=29;client_id=0;clients=50
1777330829649,PUT,120,4,benchKey_49_67,bytes=30;client_id=49;clients=50
1777330829649,PUT,120,4,benchKey_27_67,bytes=30;client_id=27;clients=50
1777330829649,PUT,119,4,benchKey_15_67,bytes=30;client_id=15;clients=50
1777330829651,PUT,88,4,benchKey_43_67,bytes=30;client_id=43;clients=50
1777330829652,PUT,89,4,benchKey_6_67,bytes=29;client_id=6;clients=50
1777330829653,PUT,86,4,benchKey_20_68,bytes=30;client_id=20;clients=50
1777330829654,PUT,87,4,benchKey_47_67,bytes=30;client_id=47;clients=50
1777330829654,PUT,90,4,benchKey_3_68,bytes=29;client_id=3;clients=50
1777330829654,PUT,87,4,benchKey_19_68,bytes=30;client_id=19;clients=50
1777330829655,PUT,88,4,benchKey_33_67,bytes=30;client_id=33;clients=50
1777330829655,PUT,88,4,benchKey_37_68,bytes=30;client_id=37;clients=50
1777330829655,PUT,88,4,benchKey_40_68,bytes=30;client_id=40;clients=50
1777330829656,PUT,92,4,benchKey_39_67,bytes=30;client_id=39;clients=50
1777330829685,PUT,116,4,benchKey_9_67,bytes=29;client_id=9;clients=50
1777330829686,PUT,117,4,benchKey_28_68,bytes=30;client_id=28;clients=50
1777330829688,PUT,118,4,benchKey_36_67,bytes=30;client_id=36;clients=50
1777330829689,PUT,119,4,benchKey_35_67,bytes=30;client_id=35;clients=50
1777330829690,PUT,118,4,benchKey_44_68,bytes=30;client_id=44;clients=50
1777330829690,PUT,119,4,benchKey_41_67,bytes=30;client_id=41;clients=50
1777330829690,PUT,120,4,benchKey_38_67,bytes=30;client_id=38;clients=50
1777330829691,PUT,120,4,benchKey_17_68,bytes=30;client_id=17;clients=50
1777330829691,PUT,120,4,benchKey_46_68,bytes=30;client_id=46;clients=50
1777330829691,PUT,120,4,benchKey_14_68,bytes=30;client_id=14;clients=50
1777330829692,PUT,88,4,benchKey_26_68,bytes=30;client_id=26;clients=50
1777330829693,PUT,89,4,benchKey_18_68,bytes=30;client_id=18;clients=50
1777330829694,PUT,87,4,benchKey_32_67,bytes=30;client_id=32;clients=50
1777330829695,PUT,87,4,benchKey_34_68,bytes=30;client_id=34;clients=50
1777330829695,PUT,88,4,benchKey_25_68,bytes=30;client_id=25;clients=50
1777330829695,PUT,89,4,benchKey_4_68,bytes=29;client_id=4;clients=50
1777330829696,PUT,88,4,benchKey_45_68,bytes=30;client_id=45;clients=50
1777330829697,PUT,88,4,benchKey_23_69,bytes=30;client_id=23;clients=50
1777330829697,PUT,89,4,benchKey_29_68,bytes=30;client_id=29;clients=50
1777330829697,PUT,89,4,benchKey_7_68,bytes=29;client_id=7;clients=50
1777330829726,PUT,116,4,benchKey_10_68,bytes=30;client_id=10;clients=50
1777330829728,PUT,117,4,benchKey_48_68,bytes=30;client_id=48;clients=50
1777330829729,PUT,118,4,benchKey_21_68,bytes=30;client_id=21;clients=50
1777330829730,PUT,119,4,benchKey_31_68,bytes=30;client_id=31;clients=50
1777330829731,PUT,119,4,benchKey_42_68,bytes=30;client_id=42;clients=50
1777330829731,PUT,119,4,benchKey_11_68,bytes=30;client_id=11;clients=50
1777330829732,PUT,119,4,benchKey_24_68,bytes=30;client_id=24;clients=50
1777330829732,PUT,120,4,benchKey_8_68,bytes=29;client_id=8;clients=50
1777330829732,PUT,121,4,benchKey_5_68,bytes=29;client_id=5;clients=50
1777330829732,PUT,119,4,benchKey_2_68,bytes=29;client_id=2;clients=50
1777330829733,PUT,88,4,benchKey_12_68,bytes=30;client_id=12;clients=50
1777330829734,PUT,89,4,benchKey_16_68,bytes=30;client_id=16;clients=50
1777330829735,PUT,87,4,benchKey_22_68,bytes=30;client_id=22;clients=50
1777330829736,PUT,87,4,benchKey_13_68,bytes=30;client_id=13;clients=50
1777330829736,PUT,88,4,benchKey_1_68,bytes=29;client_id=1;clients=50
1777330829736,PUT,86,4,benchKey_30_69,bytes=30;client_id=30;clients=50
1777330829738,PUT,88,4,benchKey_49_68,bytes=30;client_id=49;clients=50
1777330829738,PUT,88,4,benchKey_27_68,bytes=30;client_id=27;clients=50
1777330829738,PUT,88,4,benchKey_15_68,bytes=30;client_id=15;clients=50
1777330829738,PUT,88,4,benchKey_0_68,bytes=29;client_id=0;clients=50
1777330829767,PUT,116,4,benchKey_43_68,bytes=30;client_id=43;clients=50
1777330829770,PUT,118,4,benchKey_6_68,bytes=29;client_id=6;clients=50
1777330829770,PUT,117,4,benchKey_20_69,bytes=30;client_id=20;clients=50
1777330829772,PUT,117,4,benchKey_19_69,bytes=30;client_id=19;clients=50
1777330829772,PUT,118,4,benchKey_47_68,bytes=30;client_id=47;clients=50
1777330829773,PUT,117,4,benchKey_40_69,bytes=30;client_id=40;clients=50
1777330829773,PUT,118,4,benchKey_37_69,bytes=30;client_id=37;clients=50
1777330829773,PUT,119,4,benchKey_3_69,bytes=29;client_id=3;clients=50
1777330829773,PUT,118,4,benchKey_33_68,bytes=30;client_id=33;clients=50
1777330829774,PUT,118,4,benchKey_39_68,bytes=30;client_id=39;clients=50
1777330829775,PUT,89,4,benchKey_9_68,bytes=29;client_id=9;clients=50
1777330829775,PUT,88,4,benchKey_28_69,bytes=30;client_id=28;clients=50
1777330829776,PUT,87,4,benchKey_36_68,bytes=30;client_id=36;clients=50
1777330829777,PUT,86,4,benchKey_44_69,bytes=30;client_id=44;clients=50
1777330829777,PUT,86,4,benchKey_41_68,bytes=30;client_id=41;clients=50
1777330829778,PUT,88,4,benchKey_35_68,bytes=30;client_id=35;clients=50
1777330829779,PUT,88,4,benchKey_38_68,bytes=30;client_id=38;clients=50
1777330829779,PUT,88,4,benchKey_17_69,bytes=30;client_id=17;clients=50
1777330829779,PUT,87,4,benchKey_14_69,bytes=30;client_id=14;clients=50
1777330829780,PUT,88,4,benchKey_46_69,bytes=30;client_id=46;clients=50
1777330829810,PUT,118,4,benchKey_26_69,bytes=30;client_id=26;clients=50
1777330829811,PUT,117,4,benchKey_32_68,bytes=30;client_id=32;clients=50
1777330829811,PUT,117,4,benchKey_18_69,bytes=30;client_id=18;clients=50
1777330829813,PUT,117,4,benchKey_25_69,bytes=30;client_id=25;clients=50
1777330829813,PUT,117,4,benchKey_34_69,bytes=30;client_id=34;clients=50
1777330829814,PUT,116,4,benchKey_23_70,bytes=30;client_id=23;clients=50
1777330829814,PUT,116,4,benchKey_29_69,bytes=30;client_id=29;clients=50
1777330829815,PUT,118,4,benchKey_45_69,bytes=30;client_id=45;clients=50
1777330829816,PUT,118,4,benchKey_7_69,bytes=29;client_id=7;clients=50
1777330829816,PUT,87,4,benchKey_48_69,bytes=30;client_id=48;clients=50
1777330829817,PUT,121,4,benchKey_4_69,bytes=29;client_id=4;clients=50
1777330829817,PUT,90,4,benchKey_10_69,bytes=30;client_id=10;clients=50
1777330829817,PUT,88,4,benchKey_21_69,bytes=30;client_id=21;clients=50
1777330829818,PUT,87,4,benchKey_31_69,bytes=30;client_id=31;clients=50
1777330829819,PUT,87,4,benchKey_42_69,bytes=30;client_id=42;clients=50
1777330829820,PUT,87,4,benchKey_24_69,bytes=30;client_id=24;clients=50
1777330829820,PUT,88,4,benchKey_11_69,bytes=30;client_id=11;clients=50
1777330829820,PUT,87,4,benchKey_8_69,bytes=29;client_id=8;clients=50
1777330829820,PUT,87,4,benchKey_5_69,bytes=29;client_id=5;clients=50
1777330829821,PUT,88,4,benchKey_2_69,bytes=29;client_id=2;clients=50
1777330829852,PUT,118,4,benchKey_16_69,bytes=30;client_id=16;clients=50
1777330829852,PUT,117,4,benchKey_22_69,bytes=30;client_id=22;clients=50
1777330829852,PUT,119,4,benchKey_12_69,bytes=30;client_id=12;clients=50
1777330829855,PUT,118,4,benchKey_1_69,bytes=29;client_id=1;clients=50
1777330829855,PUT,119,4,benchKey_13_69,bytes=30;client_id=13;clients=50
1777330829855,PUT,118,4,benchKey_30_70,bytes=30;client_id=30;clients=50
1777330829855,PUT,116,4,benchKey_49_69,bytes=30;client_id=49;clients=50
1777330829856,PUT,117,4,benchKey_27_69,bytes=30;client_id=27;clients=50
1777330829857,PUT,118,4,benchKey_15_69,bytes=30;client_id=15;clients=50
1777330829858,PUT,87,4,benchKey_20_70,bytes=30;client_id=20;clients=50
1777330829858,PUT,119,4,benchKey_0_69,bytes=29;client_id=0;clients=50
1777330829858,PUT,90,4,benchKey_43_69,bytes=30;client_id=43;clients=50
1777330829858,PUT,87,4,benchKey_6_69,bytes=29;client_id=6;clients=50
1777330829859,PUT,86,4,benchKey_19_70,bytes=30;client_id=19;clients=50
1777330829860,PUT,87,4,benchKey_47_69,bytes=30;client_id=47;clients=50
1777330829861,PUT,87,4,benchKey_37_70,bytes=30;client_id=37;clients=50
1777330829861,PUT,87,4,benchKey_33_69,bytes=30;client_id=33;clients=50
1777330829861,PUT,88,4,benchKey_40_70,bytes=30;client_id=40;clients=50
1777330829861,PUT,88,4,benchKey_3_70,bytes=29;client_id=3;clients=50
1777330829862,PUT,87,4,benchKey_39_69,bytes=30;client_id=39;clients=50
1777330829893,PUT,118,4,benchKey_9_69,bytes=29;client_id=9;clients=50
1777330829893,PUT,118,4,benchKey_28_70,bytes=30;client_id=28;clients=50
1777330829894,PUT,118,4,benchKey_36_69,bytes=30;client_id=36;clients=50
1777330829896,PUT,117,4,benchKey_35_69,bytes=30;client_id=35;clients=50
1777330829896,PUT,117,4,benchKey_38_69,bytes=30;client_id=38;clients=50
1777330829896,PUT,118,4,benchKey_44_70,bytes=30;client_id=44;clients=50
1777330829897,PUT,119,4,benchKey_41_69,bytes=30;client_id=41;clients=50
1777330829897,PUT,117,4,benchKey_17_70,bytes=30;client_id=17;clients=50
1777330829898,PUT,118,4,benchKey_14_70,bytes=30;client_id=14;clients=50
1777330829899,PUT,88,4,benchKey_26_70,bytes=30;client_id=26;clients=50
1777330829899,PUT,87,4,benchKey_32_69,bytes=30;client_id=32;clients=50
1777330829900,PUT,86,4,benchKey_25_70,bytes=30;client_id=25;clients=50
1777330829900,PUT,120,4,benchKey_46_70,bytes=30;client_id=46;clients=50
1777330829900,PUT,88,4,benchKey_18_70,bytes=30;client_id=18;clients=50
1777330829902,PUT,88,4,benchKey_23_71,bytes=30;client_id=23;clients=50
1777330829903,PUT,87,4,benchKey_48_70,bytes=30;client_id=48;clients=50
1777330829903,PUT,88,4,benchKey_45_70,bytes=30;client_id=45;clients=50
1777330829903,PUT,89,4,benchKey_29_70,bytes=30;client_id=29;clients=50
1777330829903,PUT,90,4,benchKey_34_70,bytes=30;client_id=34;clients=50
1777330829903,PUT,87,4,benchKey_7_70,bytes=29;client_id=7;clients=50
1777330829934,PUT,117,4,benchKey_10_70,bytes=30;client_id=10;clients=50
1777330829935,PUT,117,4,benchKey_4_70,bytes=29;client_id=4;clients=50
1777330829935,PUT,117,4,benchKey_21_70,bytes=30;client_id=21;clients=50
1777330829937,PUT,117,4,benchKey_24_70,bytes=30;client_id=24;clients=50
1777330829937,PUT,119,4,benchKey_31_70,bytes=30;client_id=31;clients=50
1777330829937,PUT,118,4,benchKey_42_70,bytes=30;client_id=42;clients=50
1777330829938,PUT,117,4,benchKey_11_70,bytes=30;client_id=11;clients=50
1777330829939,PUT,118,4,benchKey_8_70,bytes=29;client_id=8;clients=50
1777330829939,PUT,118,4,benchKey_5_70,bytes=29;client_id=5;clients=50
1777330829941,PUT,88,4,benchKey_22_70,bytes=30;client_id=22;clients=50
1777330829941,PUT,85,4,benchKey_1_70,bytes=29;client_id=1;clients=50
1777330829941,PUT,120,4,benchKey_2_70,bytes=29;client_id=2;clients=50
1777330829941,PUT,88,4,benchKey_16_70,bytes=30;client_id=16;clients=50
1777330829942,PUT,89,4,benchKey_12_70,bytes=30;client_id=12;clients=50
1777330829944,PUT,88,4,benchKey_30_71,bytes=30;client_id=30;clients=50
1777330829944,PUT,88,4,benchKey_13_70,bytes=30;client_id=13;clients=50
1777330829945,PUT,86,4,benchKey_20_71,bytes=30;client_id=20;clients=50
1777330829945,PUT,89,4,benchKey_27_70,bytes=30;client_id=27;clients=50
1777330829945,PUT,88,4,benchKey_15_70,bytes=30;client_id=15;clients=50
1777330829945,PUT,89,4,benchKey_49_70,bytes=30;client_id=49;clients=50
1777330829976,PUT,118,4,benchKey_43_70,bytes=30;client_id=43;clients=50
1777330829976,PUT,118,4,benchKey_0_70,bytes=29;client_id=0;clients=50
1777330829977,PUT,118,4,benchKey_6_70,bytes=29;client_id=6;clients=50
1777330829978,PUT,116,4,benchKey_37_71,bytes=30;client_id=37;clients=50
1777330829978,PUT,118,4,benchKey_47_70,bytes=30;client_id=47;clients=50
1777330829978,PUT,119,4,benchKey_19_71,bytes=30;client_id=19;clients=50
1777330829979,PUT,117,4,benchKey_33_70,bytes=30;client_id=33;clients=50
1777330829980,PUT,118,4,benchKey_40_71,bytes=30;client_id=40;clients=50
1777330829980,PUT,118,4,benchKey_3_71,bytes=29;client_id=3;clients=50
1777330829982,PUT,88,4,benchKey_28_71,bytes=30;client_id=28;clients=50
1777330829982,PUT,87,4,benchKey_36_70,bytes=30;client_id=36;clients=50
1777330829982,PUT,88,4,benchKey_9_70,bytes=29;client_id=9;clients=50
1777330829982,PUT,120,4,benchKey_39_70,bytes=30;client_id=39;clients=50
1777330829984,PUT,87,4,benchKey_35_70,bytes=30;client_id=35;clients=50
1777330829985,PUT,88,4,benchKey_38_70,bytes=30;client_id=38;clients=50
1777330829985,PUT,89,4,benchKey_44_71,bytes=30;client_id=44;clients=50
1777330829986,PUT,87,4,benchKey_26_71,bytes=30;client_id=26;clients=50
1777330829986,PUT,88,4,benchKey_14_71,bytes=30;client_id=14;clients=50
1777330829986,PUT,89,4,benchKey_17_71,bytes=30;client_id=17;clients=50
1777330829986,PUT,89,4,benchKey_41_70,bytes=30;client_id=41;clients=50
1777330830018,PUT,119,4,benchKey_32_70,bytes=30;client_id=32;clients=50
1777330830018,PUT,118,4,benchKey_25_71,bytes=30;client_id=25;clients=50
1777330830019,PUT,116,4,benchKey_23_72,bytes=30;client_id=23;clients=50
1777330830019,PUT,119,4,benchKey_46_71,bytes=30;client_id=46;clients=50
1777330830019,PUT,119,4,benchKey_18_71,bytes=30;client_id=18;clients=50
1777330830019,PUT,115,4,benchKey_45_71,bytes=30;client_id=45;clients=50
1777330830021,PUT,117,4,benchKey_29_71,bytes=30;client_id=29;clients=50
1777330830021,PUT,117,4,benchKey_48_71,bytes=30;client_id=48;clients=50
1777330830021,PUT,117,4,benchKey_34_71,bytes=30;client_id=34;clients=50
1777330830023,PUT,119,4,benchKey_7_71,bytes=29;client_id=7;clients=50
1777330830023,PUT,88,4,benchKey_4_71,bytes=29;client_id=4;clients=50
1777330830023,PUT,88,4,benchKey_10_71,bytes=30;client_id=10;clients=50
1777330830023,PUT,88,4,benchKey_21_71,bytes=30;client_id=21;clients=50
1777330830025,PUT,87,4,benchKey_24_71,bytes=30;client_id=24;clients=50
1777330830027,PUT,89,4,benchKey_42_71,bytes=30;client_id=42;clients=50
1777330830027,PUT,89,4,benchKey_31_71,bytes=30;client_id=31;clients=50
1777330830028,PUT,86,4,benchKey_22_71,bytes=30;client_id=22;clients=50
1777330830028,PUT,89,4,benchKey_8_71,bytes=29;client_id=8;clients=50
1777330830030,PUT,92,4,benchKey_11_71,bytes=30;client_id=11;clients=50
1777330830030,PUT,91,4,benchKey_5_71,bytes=29;client_id=5;clients=50
1777330830059,PUT,118,4,benchKey_1_71,bytes=29;client_id=1;clients=50
1777330830059,PUT,118,4,benchKey_2_71,bytes=29;client_id=2;clients=50
1777330830060,PUT,115,4,benchKey_30_72,bytes=30;client_id=30;clients=50
1777330830060,PUT,118,4,benchKey_16_71,bytes=30;client_id=16;clients=50
1777330830061,PUT,118,4,benchKey_12_71,bytes=30;client_id=12;clients=50
1777330830061,PUT,116,4,benchKey_13_71,bytes=30;client_id=13;clients=50
1777330830062,PUT,116,4,benchKey_15_71,bytes=30;client_id=15;clients=50
1777330830062,PUT,117,4,benchKey_20_72,bytes=30;client_id=20;clients=50
1777330830062,PUT,116,4,benchKey_27_71,bytes=30;client_id=27;clients=50
1777330830065,PUT,88,4,benchKey_0_71,bytes=29;client_id=0;clients=50
1777330830065,PUT,88,4,benchKey_43_71,bytes=30;client_id=43;clients=50
1777330830065,PUT,119,4,benchKey_49_71,bytes=30;client_id=49;clients=50
1777330830066,PUT,89,4,benchKey_6_71,bytes=29;client_id=6;clients=50
1777330830067,PUT,89,4,benchKey_37_72,bytes=30;client_id=37;clients=50
1777330830068,PUT,89,4,benchKey_19_72,bytes=30;client_id=19;clients=50
1777330830069,PUT,90,4,benchKey_33_71,bytes=30;client_id=33;clients=50
1777330830069,PUT,88,4,benchKey_3_72,bytes=29;client_id=3;clients=50
1777330830069,PUT,91,4,benchKey_47_71,bytes=30;client_id=47;clients=50
1777330830072,PUT,91,4,benchKey_40_72,bytes=30;client_id=40;clients=50
1777330830072,PUT,89,4,benchKey_36_71,bytes=30;client_id=36;clients=50
1777330830100,PUT,118,4,benchKey_28_72,bytes=30;client_id=28;clients=50
1777330830101,PUT,118,4,benchKey_39_71,bytes=30;client_id=39;clients=50
1777330830101,PUT,119,4,benchKey_9_71,bytes=29;client_id=9;clients=50
1777330830101,PUT,117,4,benchKey_35_71,bytes=30;client_id=35;clients=50
1777330830102,PUT,116,4,benchKey_38_71,bytes=30;client_id=38;clients=50
1777330830102,PUT,116,4,benchKey_44_72,bytes=30;client_id=44;clients=50
1777330830103,PUT,116,4,benchKey_26_72,bytes=30;client_id=26;clients=50
1777330830103,PUT,116,4,benchKey_14_72,bytes=30;client_id=14;clients=50
1777330830104,PUT,116,4,benchKey_17_72,bytes=30;client_id=17;clients=50
1777330830106,PUT,87,4,benchKey_32_71,bytes=30;client_id=32;clients=50
1777330830106,PUT,118,4,benchKey_41_71,bytes=30;client_id=41;clients=50
1777330830107,PUT,88,4,benchKey_25_72,bytes=30;client_id=25;clients=50
1777330830107,PUT,88,4,benchKey_23_73,bytes=30;client_id=23;clients=50
1777330830108,PUT,88,4,benchKey_46_72,bytes=30;client_id=46;clients=50
1777330830109,PUT,89,4,benchKey_18_72,bytes=30;client_id=18;clients=50
1777330830110,PUT,88,4,benchKey_34_72,bytes=30;client_id=34;clients=50
1777330830110,PUT,90,4,benchKey_45_72,bytes=30;client_id=45;clients=50
1777330830111,PUT,89,4,benchKey_29_72,bytes=30;client_id=29;clients=50
1777330830113,PUT,89,4,benchKey_7_72,bytes=29;client_id=7;clients=50
1777330830115,PUT,93,4,benchKey_48_72,bytes=30;client_id=48;clients=50
1777330830141,PUT,118,4,benchKey_4_72,bytes=29;client_id=4;clients=50
1777330830143,PUT,119,4,benchKey_10_72,bytes=30;client_id=10;clients=50
1777330830143,PUT,118,4,benchKey_24_72,bytes=30;client_id=24;clients=50
1777330830143,PUT,116,4,benchKey_31_72,bytes=30;client_id=31;clients=50
1777330830143,PUT,119,4,benchKey_21_72,bytes=30;client_id=21;clients=50
1777330830143,PUT,116,4,benchKey_42_72,bytes=30;client_id=42;clients=50
1777330830144,PUT,115,4,benchKey_8_72,bytes=29;client_id=8;clients=50
1777330830145,PUT,114,4,benchKey_11_72,bytes=30;client_id=11;clients=50
1777330830145,PUT,116,4,benchKey_22_72,bytes=30;client_id=22;clients=50
1777330830147,PUT,116,4,benchKey_5_72,bytes=29;client_id=5;clients=50
1777330830147,PUT,87,4,benchKey_1_72,bytes=29;client_id=1;clients=50
1777330830148,PUT,88,4,benchKey_30_73,bytes=30;client_id=30;clients=50
1777330830149,PUT,89,4,benchKey_2_72,bytes=29;client_id=2;clients=50
1777330830149,PUT,89,4,benchKey_16_72,bytes=30;client_id=16;clients=50
1777330830150,PUT,89,4,benchKey_12_72,bytes=30;client_id=12;clients=50
1777330830151,PUT,88,4,benchKey_15_72,bytes=30;client_id=15;clients=50
1777330830152,PUT,90,4,benchKey_13_72,bytes=30;client_id=13;clients=50
1777330830152,PUT,89,4,benchKey_20_73,bytes=30;client_id=20;clients=50
1777330830154,PUT,91,4,benchKey_27_72,bytes=30;client_id=27;clients=50
1777330830156,PUT,90,4,benchKey_49_72,bytes=30;client_id=49;clients=50
1777330830183,PUT,118,4,benchKey_0_72,bytes=29;client_id=0;clients=50
1777330830184,PUT,117,4,benchKey_6_72,bytes=29;client_id=6;clients=50
1777330830185,PUT,116,4,benchKey_3_73,bytes=29;client_id=3;clients=50
1777330830185,PUT,120,4,benchKey_43_72,bytes=30;client_id=43;clients=50
1777330830185,PUT,117,4,benchKey_19_73,bytes=30;client_id=19;clients=50
1777330830185,PUT,118,4,benchKey_37_73,bytes=30;client_id=37;clients=50
1777330830186,PUT,114,4,benchKey_40_73,bytes=30;client_id=40;clients=50
1777330830186,PUT,117,4,benchKey_33_72,bytes=30;client_id=33;clients=50
1777330830186,PUT,117,4,benchKey_47_72,bytes=30;client_id=47;clients=50
1777330830188,PUT,115,4,benchKey_36_72,bytes=30;client_id=36;clients=50
1777330830189,PUT,88,4,benchKey_28_73,bytes=30;client_id=28;clients=50
1777330830189,PUT,87,4,benchKey_39_72,bytes=30;client_id=39;clients=50
1777330830190,PUT,88,4,benchKey_9_72,bytes=29;client_id=9;clients=50
1777330830190,PUT,88,4,benchKey_35_72,bytes=30;client_id=35;clients=50
1777330830191,PUT,88,4,benchKey_38_72,bytes=30;client_id=38;clients=50
1777330830193,PUT,89,4,benchKey_14_73,bytes=30;client_id=14;clients=50
1777330830193,PUT,90,4,benchKey_44_73,bytes=30;client_id=44;clients=50
1777330830193,PUT,90,4,benchKey_26_73,bytes=30;client_id=26;clients=50
1777330830196,PUT,92,4,benchKey_17_73,bytes=30;client_id=17;clients=50
1777330830197,PUT,90,4,benchKey_32_72,bytes=30;client_id=32;clients=50
1777330830225,PUT,118,4,benchKey_25_73,bytes=30;client_id=25;clients=50
1777330830226,PUT,119,4,benchKey_41_72,bytes=30;client_id=41;clients=50
1777330830227,PUT,119,4,benchKey_23_74,bytes=30;client_id=23;clients=50
1777330830228,PUT,117,4,benchKey_45_73,bytes=30;client_id=45;clients=50
1777330830228,PUT,119,4,benchKey_18_73,bytes=30;client_id=18;clients=50
1777330830228,PUT,115,4,benchKey_7_73,bytes=29;client_id=7;clients=50
1777330830228,PUT,120,4,benchKey_46_73,bytes=30;client_id=46;clients=50
1777330830228,PUT,117,4,benchKey_29_73,bytes=30;client_id=29;clients=50
1777330830228,PUT,118,4,benchKey_34_73,bytes=30;client_id=34;clients=50
1777330830229,PUT,113,4,benchKey_48_73,bytes=30;client_id=48;clients=50
1777330830231,PUT,87,4,benchKey_10_73,bytes=30;client_id=10;clients=50
1777330830231,PUT,89,4,benchKey_4_73,bytes=29;client_id=4;clients=50
1777330830232,PUT,88,4,benchKey_31_73,bytes=30;client_id=31;clients=50
1777330830232,PUT,88,4,benchKey_24_73,bytes=30;client_id=24;clients=50
1777330830233,PUT,89,4,benchKey_21_73,bytes=30;client_id=21;clients=50
1777330830234,PUT,89,4,benchKey_8_73,bytes=29;client_id=8;clients=50
1777330830234,PUT,89,4,benchKey_11_73,bytes=30;client_id=11;clients=50
1777330830235,PUT,91,4,benchKey_42_73,bytes=30;client_id=42;clients=50
1777330830238,PUT,92,4,benchKey_22_73,bytes=30;client_id=22;clients=50
1777330830238,PUT,90,4,benchKey_1_73,bytes=29;client_id=1;clients=50
1777330830267,PUT,119,4,benchKey_5_73,bytes=29;client_id=5;clients=50
1777330830268,PUT,119,4,benchKey_30_74,bytes=30;client_id=30;clients=50
1777330830269,PUT,119,4,benchKey_16_73,bytes=30;client_id=16;clients=50
1777330830270,PUT,119,4,benchKey_12_73,bytes=30;client_id=12;clients=50
1777330830270,PUT,117,4,benchKey_13_73,bytes=30;client_id=13;clients=50
1777330830270,PUT,121,4,benchKey_2_73,bytes=29;client_id=2;clients=50
1777330830271,PUT,115,4,benchKey_49_73,bytes=30;client_id=49;clients=50
1777330830272,PUT,120,4,benchKey_15_73,bytes=30;client_id=15;clients=50
1777330830272,PUT,119,4,benchKey_20_74,bytes=30;client_id=20;clients=50
1777330830272,PUT,118,4,benchKey_27_73,bytes=30;client_id=27;clients=50
1777330830273,PUT,88,4,benchKey_6_73,bytes=29;client_id=6;clients=50
1777330830273,PUT,89,4,benchKey_0_73,bytes=29;client_id=0;clients=50
1777330830273,PUT,88,4,benchKey_3_74,bytes=29;client_id=3;clients=50
1777330830274,PUT,88,4,benchKey_43_73,bytes=30;client_id=43;clients=50
1777330830275,PUT,89,4,benchKey_19_74,bytes=30;client_id=19;clients=50
1777330830276,PUT,90,4,benchKey_37_74,bytes=30;client_id=37;clients=50
1777330830276,PUT,89,4,benchKey_40_74,bytes=30;client_id=40;clients=50
1777330830277,PUT,90,4,benchKey_33_73,bytes=30;client_id=33;clients=50
1777330830279,PUT,90,4,benchKey_36_73,bytes=30;client_id=36;clients=50
1777330830280,PUT,93,4,benchKey_47_73,bytes=30;client_id=47;clients=50
1777330830309,PUT,119,4,benchKey_28_74,bytes=30;client_id=28;clients=50
1777330830310,PUT,121,4,benchKey_39_73,bytes=30;client_id=39;clients=50
1777330830311,PUT,121,4,benchKey_9_73,bytes=29;client_id=9;clients=50
1777330830312,PUT,121,4,benchKey_38_73,bytes=30;client_id=38;clients=50
1777330830312,PUT,119,4,benchKey_14_74,bytes=30;client_id=14;clients=50
1777330830312,PUT,122,4,benchKey_35_73,bytes=30;client_id=35;clients=50
1777330830314,PUT,120,4,benchKey_26_74,bytes=30;client_id=26;clients=50
1777330830314,PUT,120,4,benchKey_44_74,bytes=30;client_id=44;clients=50
1777330830314,PUT,117,4,benchKey_32_73,bytes=30;client_id=32;clients=50
1777330830314,PUT,89,4,benchKey_25_74,bytes=30;client_id=25;clients=50
1777330830315,PUT,89,4,benchKey_41_73,bytes=30;client_id=41;clients=50
1777330830316,PUT,88,4,benchKey_23_75,bytes=30;client_id=23;clients=50
1777330830315,PUT,87,4,benchKey_45_74,bytes=30;client_id=45;clients=50
1777330830315,PUT,119,4,benchKey_17_74,bytes=30;client_id=17;clients=50
1777330830318,PUT,90,4,benchKey_18_74,bytes=30;client_id=18;clients=50
1777330830318,PUT,90,4,benchKey_7_74,bytes=29;client_id=7;clients=50
1777330830319,PUT,90,4,benchKey_46_74,bytes=30;client_id=46;clients=50
1777330830319,PUT,90,4,benchKey_29_74,bytes=30;client_id=29;clients=50
1777330830320,PUT,91,4,benchKey_34_74,bytes=30;client_id=34;clients=50
1777330830321,PUT,92,4,benchKey_48_74,bytes=30;client_id=48;clients=50
1777330830353,PUT,121,4,benchKey_4_74,bytes=29;client_id=4;clients=50
1777330830353,PUT,121,4,benchKey_31_74,bytes=30;client_id=31;clients=50
1777330830354,PUT,122,4,benchKey_10_74,bytes=30;client_id=10;clients=50
1777330830355,PUT,122,4,benchKey_24_74,bytes=30;client_id=24;clients=50
1777330830355,PUT,121,4,benchKey_21_74,bytes=30;client_id=21;clients=50
1777330830355,PUT,120,4,benchKey_8_74,bytes=29;client_id=8;clients=50
1777330830356,PUT,121,4,benchKey_42_74,bytes=30;client_id=42;clients=50
1777330830356,PUT,122,4,benchKey_11_74,bytes=30;client_id=11;clients=50
1777330830357,PUT,119,4,benchKey_22_74,bytes=30;client_id=22;clients=50
1777330830358,PUT,89,4,benchKey_16_74,bytes=30;client_id=16;clients=50
1777330830358,PUT,88,4,benchKey_12_74,bytes=30;client_id=12;clients=50
1777330830358,PUT,91,4,benchKey_5_74,bytes=29;client_id=5;clients=50
1777330830358,PUT,90,4,benchKey_30_75,bytes=30;client_id=30;clients=50
1777330830359,PUT,121,4,benchKey_1_74,bytes=29;client_id=1;clients=50
1777330830360,PUT,89,4,benchKey_13_74,bytes=30;client_id=13;clients=50
1777330830360,PUT,88,4,benchKey_15_74,bytes=30;client_id=15;clients=50
1777330830361,PUT,91,4,benchKey_2_74,bytes=29;client_id=2;clients=50
1777330830361,PUT,90,4,benchKey_49_74,bytes=30;client_id=49;clients=50
1777330830363,PUT,91,4,benchKey_27_74,bytes=30;client_id=27;clients=50
1777330830363,PUT,91,4,benchKey_20_75,bytes=30;client_id=20;clients=50
1777330830395,PUT,121,4,benchKey_6_74,bytes=29;client_id=6;clients=50
1777330830395,PUT,121,4,benchKey_3_75,bytes=29;client_id=3;clients=50
1777330830396,PUT,122,4,benchKey_0_74,bytes=29;client_id=0;clients=50
1777330830397,PUT,122,4,benchKey_43_74,bytes=30;client_id=43;clients=50
1777330830397,PUT,121,4,benchKey_37_75,bytes=30;client_id=37;clients=50
1777330830397,PUT,122,4,benchKey_19_75,bytes=30;client_id=19;clients=50
1777330830399,PUT,122,4,benchKey_33_74,bytes=30;client_id=33;clients=50
1777330830400,PUT,120,4,benchKey_36_74,bytes=30;client_id=36;clients=50
1777330830400,PUT,123,4,benchKey_40_75,bytes=30;client_id=40;clients=50
1777330830399,PUT,119,4,benchKey_47_74,bytes=30;client_id=47;clients=50
1777330830401,PUT,90,4,benchKey_39_74,bytes=30;client_id=39;clients=50
1777330830401,PUT,90,4,benchKey_9_74,bytes=29;client_id=9;clients=50
1777330830402,PUT,93,4,benchKey_28_75,bytes=30;client_id=28;clients=50
1777330830403,PUT,90,4,benchKey_38_74,bytes=30;client_id=38;clients=50
1777330830403,PUT,89,4,benchKey_44_75,bytes=30;client_id=44;clients=50
1777330830404,PUT,91,4,benchKey_14_75,bytes=30;client_id=14;clients=50
1777330830404,PUT,90,4,benchKey_26_75,bytes=30;client_id=26;clients=50
1777330830404,PUT,91,4,benchKey_35_74,bytes=30;client_id=35;clients=50
1777330830405,PUT,91,4,benchKey_32_74,bytes=30;client_id=32;clients=50
1777330830405,PUT,90,4,benchKey_25_75,bytes=30;client_id=25;clients=50
1777330830439,PUT,122,4,benchKey_45_75,bytes=30;client_id=45;clients=50
1777330830439,PUT,122,4,benchKey_17_75,bytes=30;client_id=17;clients=50
1777330830439,PUT,123,4,benchKey_41_74,bytes=30;client_id=41;clients=50
1777330830439,PUT,123,4,benchKey_23_76,bytes=30;client_id=23;clients=50
1777330830440,PUT,121,4,benchKey_7_75,bytes=29;client_id=7;clients=50
1777330830441,PUT,122,4,benchKey_18_75,bytes=30;client_id=18;clients=50
1777330830442,PUT,122,4,benchKey_29_75,bytes=30;client_id=29;clients=50
1777330830442,PUT,122,4,benchKey_46_75,bytes=30;client_id=46;clients=50
1777330830443,PUT,121,4,benchKey_48_75,bytes=30;client_id=48;clients=50
1777330830444,PUT,91,4,benchKey_4_75,bytes=29;client_id=4;clients=50
1777330830445,PUT,91,4,benchKey_31_75,bytes=30;client_id=31;clients=50
1777330830445,PUT,91,4,benchKey_10_75,bytes=30;client_id=10;clients=50
1777330830445,PUT,124,4,benchKey_34_75,bytes=30;client_id=34;clients=50
1777330830447,PUT,91,4,benchKey_21_75,bytes=30;client_id=21;clients=50
1777330830447,PUT,90,4,benchKey_42_75,bytes=30;client_id=42;clients=50
1777330830447,PUT,91,4,benchKey_24_75,bytes=30;client_id=24;clients=50
1777330830448,PUT,93,4,benchKey_8_75,bytes=29;client_id=8;clients=50
1777330830448,PUT,91,4,benchKey_22_75,bytes=30;client_id=22;clients=50
1777330830449,PUT,91,4,benchKey_11_75,bytes=30;client_id=11;clients=50
1777330830449,PUT,91,4,benchKey_16_75,bytes=30;client_id=16;clients=50
1777330830481,PUT,122,4,benchKey_5_75,bytes=29;client_id=5;clients=50
1777330830481,PUT,122,4,benchKey_12_75,bytes=30;client_id=12;clients=50
1777330830481,PUT,121,4,benchKey_1_75,bytes=29;client_id=1;clients=50
1777330830481,PUT,122,4,benchKey_30_76,bytes=30;client_id=30;clients=50
1777330830482,PUT,122,4,benchKey_13_75,bytes=30;client_id=13;clients=50
1777330830482,PUT,121,4,benchKey_15_75,bytes=30;client_id=15;clients=50
1777330830484,PUT,122,4,benchKey_2_75,bytes=29;client_id=2;clients=50
1777330830485,PUT,123,4,benchKey_49_75,bytes=30;client_id=49;clients=50
1777330830486,PUT,122,4,benchKey_27_75,bytes=30;client_id=27;clients=50
1777330830486,PUT,122,4,benchKey_20_76,bytes=30;client_id=20;clients=50
1777330830487,PUT,92,4,benchKey_6_75,bytes=29;client_id=6;clients=50
1777330830487,PUT,91,4,benchKey_3_76,bytes=29;client_id=3;clients=50
1777330830489,PUT,92,4,benchKey_0_75,bytes=29;client_id=0;clients=50
1777330830490,PUT,92,4,benchKey_37_76,bytes=30;client_id=37;clients=50
1777330830490,PUT,93,4,benchKey_43_75,bytes=30;client_id=43;clients=50
1777330830491,PUT,90,4,benchKey_47_75,bytes=30;client_id=47;clients=50
1777330830491,PUT,91,4,benchKey_36_75,bytes=30;client_id=36;clients=50
1777330830491,PUT,93,4,benchKey_19_76,bytes=30;client_id=19;clients=50
1777330830491,PUT,90,4,benchKey_40_76,bytes=30;client_id=40;clients=50
1777330830492,PUT,92,4,benchKey_33_75,bytes=30;client_id=33;clients=50
1777330830523,PUT,121,4,benchKey_39_75,bytes=30;client_id=39;clients=50
1777330830523,PUT,120,4,benchKey_38_75,bytes=30;client_id=38;clients=50
1777330830524,PUT,122,4,benchKey_9_75,bytes=29;client_id=9;clients=50
1777330830524,PUT,119,4,benchKey_14_76,bytes=30;client_id=14;clients=50
1777330830524,PUT,120,4,benchKey_44_76,bytes=30;client_id=44;clients=50
1777330830524,PUT,121,4,benchKey_28_76,bytes=30;client_id=28;clients=50
1777330830525,PUT,120,4,benchKey_26_76,bytes=30;client_id=26;clients=50
1777330830526,PUT,121,4,benchKey_35_75,bytes=30;client_id=35;clients=50
1777330830527,PUT,121,4,benchKey_25_76,bytes=30;client_id=25;clients=50
1777330830527,PUT,121,4,benchKey_32_75,bytes=30;client_id=32;clients=50
1777330830529,PUT,90,4,benchKey_45_76,bytes=30;client_id=45;clients=50
1777330830530,PUT,90,4,benchKey_17_76,bytes=30;client_id=17;clients=50
1777330830531,PUT,91,4,benchKey_41_75,bytes=30;client_id=41;clients=50
1777330830531,PUT,90,4,benchKey_7_76,bytes=29;client_id=7;clients=50
1777330830531,PUT,91,4,benchKey_23_77,bytes=30;client_id=23;clients=50
1777330830532,PUT,88,4,benchKey_48_76,bytes=30;client_id=48;clients=50
1777330830533,PUT,90,4,benchKey_46_76,bytes=30;client_id=46;clients=50
1777330830533,PUT,91,4,benchKey_29_76,bytes=30;client_id=29;clients=50
1777330830533,PUT,92,4,benchKey_18_76,bytes=30;client_id=18;clients=50
1777330830534,PUT,89,4,benchKey_4_76,bytes=29;client_id=4;clients=50
1777330830564,PUT,119,4,benchKey_31_76,bytes=30;client_id=31;clients=50
1777330830565,PUT,117,4,benchKey_42_76,bytes=30;client_id=42;clients=50
1777330830565,PUT,120,4,benchKey_10_76,bytes=30;client_id=10;clients=50
1777330830565,PUT,120,4,benchKey_34_76,bytes=30;client_id=34;clients=50
1777330830565,PUT,117,4,benchKey_24_76,bytes=30;client_id=24;clients=50
1777330830565,PUT,117,4,benchKey_21_76,bytes=30;client_id=21;clients=50
1777330830566,PUT,117,4,benchKey_8_76,bytes=29;client_id=8;clients=50
1777330830568,PUT,118,4,benchKey_16_76,bytes=30;client_id=16;clients=50
1777330830568,PUT,119,4,benchKey_11_76,bytes=30;client_id=11;clients=50
1777330830568,PUT,119,4,benchKey_22_76,bytes=30;client_id=22;clients=50
1777330830570,PUT,88,4,benchKey_5_76,bytes=29;client_id=5;clients=50
1777330830572,PUT,89,4,benchKey_13_76,bytes=30;client_id=13;clients=50
1777330830572,PUT,90,4,benchKey_1_76,bytes=29;client_id=1;clients=50
1777330830572,PUT,90,4,benchKey_12_76,bytes=30;client_id=12;clients=50
1777330830572,PUT,89,4,benchKey_30_77,bytes=30;client_id=30;clients=50
1777330830573,PUT,90,4,benchKey_15_76,bytes=30;client_id=15;clients=50
1777330830574,PUT,89,4,benchKey_2_76,bytes=29;client_id=2;clients=50
1777330830574,PUT,87,4,benchKey_27_76,bytes=30;client_id=27;clients=50
1777330830575,PUT,89,4,benchKey_49_76,bytes=30;client_id=49;clients=50
1777330830575,PUT,88,4,benchKey_20_77,bytes=30;client_id=20;clients=50
1777330830605,PUT,117,4,benchKey_3_77,bytes=29;client_id=3;clients=50
1777330830607,PUT,119,4,benchKey_6_76,bytes=29;client_id=6;clients=50
1777330830607,PUT,117,4,benchKey_37_77,bytes=30;client_id=37;clients=50
1777330830607,PUT,116,4,benchKey_43_76,bytes=30;client_id=43;clients=50
1777330830608,PUT,116,4,benchKey_36_76,bytes=30;client_id=36;clients=50
1777330830608,PUT,116,4,benchKey_47_76,bytes=30;client_id=47;clients=50
1777330830608,PUT,119,4,benchKey_0_76,bytes=29;client_id=0;clients=50
1777330830609,PUT,117,4,benchKey_40_77,bytes=30;client_id=40;clients=50
1777330830610,PUT,117,4,benchKey_33_76,bytes=30;client_id=33;clients=50
1777330830610,PUT,118,4,benchKey_19_77,bytes=30;client_id=19;clients=50
1777330830611,PUT,87,4,benchKey_39_76,bytes=30;client_id=39;clients=50
1777330830613,PUT,89,4,benchKey_9_76,bytes=29;client_id=9;clients=50
1777330830614,PUT,90,4,benchKey_38_76,bytes=30;client_id=38;clients=50
1777330830614,PUT,90,4,benchKey_14_77,bytes=30;client_id=14;clients=50
1777330830615,PUT,89,4,benchKey_35_76,bytes=30;client_id=35;clients=50
1777330830615,PUT,91,4,benchKey_44_77,bytes=30;client_id=44;clients=50
1777330830615,PUT,90,4,benchKey_26_77,bytes=30;client_id=26;clients=50
1777330830615,PUT,90,4,benchKey_28_77,bytes=30;client_id=28;clients=50
1777330830616,PUT,88,4,benchKey_32_76,bytes=30;client_id=32;clients=50
1777330830616,PUT,88,4,benchKey_25_77,bytes=30;client_id=25;clients=50
1777330830646,PUT,117,4,benchKey_45_77,bytes=30;client_id=45;clients=50
1777330830648,PUT,118,4,benchKey_17_77,bytes=30;client_id=17;clients=50
1777330830648,PUT,116,4,benchKey_23_78,bytes=30;client_id=23;clients=50
1777330830649,PUT,117,4,benchKey_7_77,bytes=29;client_id=7;clients=50
1777330830649,PUT,117,4,benchKey_41_76,bytes=30;client_id=41;clients=50
1777330830650,PUT,116,4,benchKey_46_77,bytes=30;client_id=46;clients=50
1777330830650,PUT,118,4,benchKey_48_77,bytes=30;client_id=48;clients=50
1777330830650,PUT,116,4,benchKey_29_77,bytes=30;client_id=29;clients=50
1777330830651,PUT,116,4,benchKey_4_77,bytes=29;client_id=4;clients=50
1777330830651,PUT,117,4,benchKey_18_77,bytes=30;client_id=18;clients=50
1777330830652,PUT,87,4,benchKey_31_77,bytes=30;client_id=31;clients=50
1777330830654,PUT,88,4,benchKey_42_77,bytes=30;client_id=42;clients=50
1777330830655,PUT,89,4,benchKey_10_77,bytes=30;client_id=10;clients=50
1777330830656,PUT,90,4,benchKey_34_77,bytes=30;client_id=34;clients=50
1777330830657,PUT,88,4,benchKey_11_77,bytes=30;client_id=11;clients=50
1777330830657,PUT,91,4,benchKey_24_77,bytes=30;client_id=24;clients=50
1777330830657,PUT,88,4,benchKey_22_77,bytes=30;client_id=22;clients=50
1777330830657,PUT,91,4,benchKey_8_77,bytes=29;client_id=8;clients=50
1777330830657,PUT,91,4,benchKey_21_77,bytes=30;client_id=21;clients=50
1777330830657,PUT,89,4,benchKey_16_77,bytes=30;client_id=16;clients=50
1777330830688,PUT,118,4,benchKey_5_77,bytes=29;client_id=5;clients=50
1777330830689,PUT,116,4,benchKey_13_77,bytes=30;client_id=13;clients=50
1777330830690,PUT,117,4,benchKey_12_77,bytes=30;client_id=12;clients=50
1777330830690,PUT,117,4,benchKey_1_77,bytes=29;client_id=1;clients=50
1777330830691,PUT,116,4,benchKey_2_77,bytes=29;client_id=2;clients=50
1777330830691,PUT,118,4,benchKey_15_77,bytes=30;client_id=15;clients=50
1777330830691,PUT,118,4,benchKey_30_78,bytes=30;client_id=30;clients=50
1777330830692,PUT,116,4,benchKey_49_77,bytes=30;client_id=49;clients=50
1777330830692,PUT,116,4,benchKey_20_78,bytes=30;client_id=20;clients=50
1777330830692,PUT,117,4,benchKey_27_77,bytes=30;client_id=27;clients=50
1777330830693,PUT,87,4,benchKey_3_78,bytes=29;client_id=3;clients=50
1777330830695,PUT,87,4,benchKey_6_77,bytes=29;client_id=6;clients=50
1777330830696,PUT,88,4,benchKey_37_78,bytes=30;client_id=37;clients=50
1777330830697,PUT,89,4,benchKey_43_77,bytes=30;client_id=43;clients=50
1777330830698,PUT,89,4,benchKey_36_77,bytes=30;client_id=36;clients=50
1777330830698,PUT,87,4,benchKey_19_78,bytes=30;client_id=19;clients=50
1777330830699,PUT,89,4,benchKey_40_78,bytes=30;client_id=40;clients=50
1777330830699,PUT,90,4,benchKey_47_77,bytes=30;client_id=47;clients=50
1777330830699,PUT,89,4,benchKey_33_77,bytes=30;client_id=33;clients=50
1777330830699,PUT,90,4,benchKey_0_77,bytes=29;client_id=0;clients=50
1777330830729,PUT,118,4,benchKey_39_77,bytes=30;client_id=39;clients=50
1777330830730,PUT,116,4,benchKey_9_77,bytes=29;client_id=9;clients=50
1777330830731,PUT,116,4,benchKey_38_77,bytes=30;client_id=38;clients=50
1777330830731,PUT,116,4,benchKey_14_78,bytes=30;client_id=14;clients=50
1777330830732,PUT,116,4,benchKey_35_77,bytes=30;client_id=35;clients=50
1777330830732,PUT,116,4,benchKey_26_78,bytes=30;client_id=26;clients=50
1777330830732,PUT,116,4,benchKey_44_78,bytes=30;client_id=44;clients=50
1777330830733,PUT,117,4,benchKey_32_77,bytes=30;client_id=32;clients=50
1777330830734,PUT,118,4,benchKey_25_78,bytes=30;client_id=25;clients=50
1777330830734,PUT,118,4,benchKey_28_78,bytes=30;client_id=28;clients=50
1777330830734,PUT,87,4,benchKey_45_78,bytes=30;client_id=45;clients=50
1777330830736,PUT,87,4,benchKey_17_78,bytes=30;client_id=17;clients=50
1777330830738,PUT,89,4,benchKey_23_79,bytes=30;client_id=23;clients=50
1777330830739,PUT,89,4,benchKey_46_78,bytes=30;client_id=46;clients=50
1777330830739,PUT,90,4,benchKey_7_78,bytes=29;client_id=7;clients=50
1777330830739,PUT,90,4,benchKey_41_77,bytes=30;client_id=41;clients=50
1777330830740,PUT,88,4,benchKey_4_78,bytes=29;client_id=4;clients=50
1777330830741,PUT,90,4,benchKey_18_78,bytes=30;client_id=18;clients=50
1777330830741,PUT,91,4,benchKey_48_78,bytes=30;client_id=48;clients=50
1777330830741,PUT,91,4,benchKey_29_78,bytes=30;client_id=29;clients=50
1777330830771,PUT,117,4,benchKey_42_78,bytes=30;client_id=42;clients=50
1777330830771,PUT,119,4,benchKey_31_78,bytes=30;client_id=31;clients=50
1777330830773,PUT,115,4,benchKey_22_78,bytes=30;client_id=22;clients=50
1777330830773,PUT,115,4,benchKey_24_78,bytes=30;client_id=24;clients=50
1777330830773,PUT,117,4,benchKey_34_78,bytes=30;client_id=34;clients=50
1777330830773,PUT,118,4,benchKey_10_78,bytes=30;client_id=10;clients=50
1777330830774,PUT,116,4,benchKey_11_78,bytes=30;client_id=11;clients=50
1777330830775,PUT,117,4,benchKey_8_78,bytes=29;client_id=8;clients=50
1777330830775,PUT,117,4,benchKey_21_78,bytes=30;client_id=21;clients=50
1777330830775,PUT,117,4,benchKey_16_78,bytes=30;client_id=16;clients=50
1777330830775,PUT,86,4,benchKey_5_78,bytes=29;client_id=5;clients=50
1777330830777,PUT,87,4,benchKey_13_78,bytes=30;client_id=13;clients=50
1777330830780,PUT,90,4,benchKey_12_78,bytes=30;client_id=12;clients=50
1777330830780,PUT,88,4,benchKey_15_78,bytes=30;client_id=15;clients=50
1777330830781,PUT,89,4,benchKey_30_79,bytes=30;client_id=30;clients=50
1777330830781,PUT,90,4,benchKey_1_78,bytes=29;client_id=1;clients=50
1777330830781,PUT,89,4,benchKey_2_78,bytes=29;client_id=2;clients=50
1777330830782,PUT,89,4,benchKey_20_79,bytes=30;client_id=20;clients=50
1777330830782,PUT,89,4,benchKey_49_78,bytes=30;client_id=49;clients=50
1777330830783,PUT,90,4,benchKey_27_78,bytes=30;client_id=27;clients=50
1777330830812,PUT,117,4,benchKey_6_78,bytes=29;client_id=6;clients=50
1777330830812,PUT,119,4,benchKey_3_79,bytes=29;client_id=3;clients=50
1777330830814,PUT,116,4,benchKey_19_79,bytes=30;client_id=19;clients=50
1777330830814,PUT,116,4,benchKey_36_78,bytes=30;client_id=36;clients=50
1777330830815,PUT,117,4,benchKey_43_78,bytes=30;client_id=43;clients=50
1777330830815,PUT,118,4,benchKey_37_79,bytes=30;client_id=37;clients=50
1777330830815,PUT,116,4,benchKey_40_79,bytes=30;client_id=40;clients=50
1777330830816,PUT,86,4,benchKey_39_78,bytes=30;client_id=39;clients=50
1777330830816,PUT,116,4,benchKey_33_78,bytes=30;client_id=33;clients=50
1777330830816,PUT,116,4,benchKey_47_78,bytes=30;client_id=47;clients=50
1777330830817,PUT,117,4,benchKey_0_78,bytes=29;client_id=0;clients=50
1777330830818,PUT,88,4,benchKey_9_78,bytes=29;client_id=9;clients=50
1777330830821,PUT,90,4,benchKey_14_79,bytes=30;client_id=14;clients=50
1777330830821,PUT,90,4,benchKey_38_78,bytes=30;client_id=38;clients=50
1777330830823,PUT,90,4,benchKey_26_79,bytes=30;client_id=26;clients=50
1777330830823,PUT,91,4,benchKey_44_79,bytes=30;client_id=44;clients=50
1777330830823,PUT,90,4,benchKey_32_78,bytes=30;client_id=32;clients=50
1777330830823,PUT,91,4,benchKey_35_78,bytes=30;client_id=35;clients=50
1777330830824,PUT,89,4,benchKey_25_79,bytes=30;client_id=25;clients=50
1777330830824,PUT,89,4,benchKey_45_79,bytes=30;client_id=45;clients=50
1777330830853,PUT,118,4,benchKey_28_79,bytes=30;client_id=28;clients=50
1777330830853,PUT,117,4,benchKey_17_79,bytes=30;client_id=17;clients=50
1777330830855,PUT,116,4,benchKey_23_80,bytes=30;client_id=23;clients=50
1777330830855,PUT,116,4,benchKey_46_79,bytes=30;client_id=46;clients=50
1777330830856,PUT,116,4,benchKey_7_79,bytes=29;client_id=7;clients=50
1777330830856,PUT,116,4,benchKey_41_78,bytes=30;client_id=41;clients=50
1777330830856,PUT,116,4,benchKey_4_79,bytes=29;client_id=4;clients=50
1777330830857,PUT,115,4,benchKey_18_79,bytes=30;client_id=18;clients=50
1777330830857,PUT,115,4,benchKey_48_79,bytes=30;client_id=48;clients=50
1777330830857,PUT,115,4,benchKey_29_79,bytes=30;client_id=29;clients=50
1777330830858,PUT,86,4,benchKey_42_79,bytes=30;client_id=42;clients=50
1777330830859,PUT,87,4,benchKey_31_79,bytes=30;client_id=31;clients=50
1777330830862,PUT,88,4,benchKey_24_79,bytes=30;client_id=24;clients=50
1777330830862,PUT,89,4,benchKey_22_79,bytes=30;client_id=22;clients=50
1777330830864,PUT,89,4,benchKey_8_79,bytes=29;client_id=8;clients=50
1777330830864,PUT,90,4,benchKey_10_79,bytes=30;client_id=10;clients=50
1777330830864,PUT,90,4,benchKey_11_79,bytes=30;client_id=11;clients=50
1777330830864,PUT,90,4,benchKey_34_79,bytes=30;client_id=34;clients=50
1777330830865,PUT,89,4,benchKey_21_79,bytes=30;client_id=21;clients=50
1777330830866,PUT,90,4,benchKey_16_79,bytes=30;client_id=16;clients=50
1777330830894,PUT,117,4,benchKey_13_79,bytes=30;client_id=13;clients=50
1777330830895,PUT,119,4,benchKey_5_79,bytes=29;client_id=5;clients=50
1777330830896,PUT,115,4,benchKey_15_79,bytes=30;client_id=15;clients=50
1777330830896,PUT,115,4,benchKey_12_79,bytes=30;client_id=12;clients=50
1777330830897,PUT,115,4,benchKey_1_79,bytes=29;client_id=1;clients=50
1777330830897,PUT,115,4,benchKey_2_79,bytes=29;client_id=2;clients=50
1777330830897,PUT,116,4,benchKey_30_80,bytes=30;client_id=30;clients=50
1777330830898,PUT,114,4,benchKey_27_79,bytes=30;client_id=27;clients=50
1777330830898,PUT,115,4,benchKey_20_80,bytes=30;client_id=20;clients=50
1777330830899,PUT,86,4,benchKey_6_79,bytes=29;client_id=6;clients=50
1777330830899,PUT,116,4,benchKey_49_79,bytes=30;client_id=49;clients=50
1777330830900,PUT,87,4,benchKey_3_80,bytes=29;client_id=3;clients=50
1777330830903,PUT,88,4,benchKey_19_80,bytes=30;client_id=19;clients=50
1777330830903,PUT,88,4,benchKey_36_79,bytes=30;client_id=36;clients=50
1777330830905,PUT,90,4,benchKey_40_80,bytes=30;client_id=40;clients=50
1777330830905,PUT,90,4,benchKey_37_80,bytes=30;client_id=37;clients=50
1777330830905,PUT,90,4,benchKey_43_79,bytes=30;client_id=43;clients=50
1777330830906,PUT,90,4,benchKey_33_79,bytes=30;client_id=33;clients=50
1777330830906,PUT,90,4,benchKey_39_79,bytes=30;client_id=39;clients=50
1777330830907,PUT,90,4,benchKey_47_79,bytes=30;client_id=47;clients=50
1777330830935,PUT,118,4,benchKey_0_79,bytes=29;client_id=0;clients=50
1777330830936,PUT,117,4,benchKey_9_79,bytes=29;client_id=9;clients=50
1777330830937,PUT,115,4,benchKey_14_80,bytes=30;client_id=14;clients=50
1777330830937,PUT,115,4,benchKey_38_79,bytes=30;client_id=38;clients=50
1777330830938,PUT,114,4,benchKey_32_79,bytes=30;client_id=32;clients=50
1777330830939,PUT,115,4,benchKey_26_80,bytes=30;client_id=26;clients=50
1777330830939,PUT,115,4,benchKey_35_79,bytes=30;client_id=35;clients=50
1777330830939,PUT,115,4,benchKey_25_80,bytes=30;client_id=25;clients=50
1777330830939,PUT,116,4,benchKey_44_80,bytes=30;client_id=44;clients=50
1777330830940,PUT,86,4,benchKey_17_80,bytes=30;client_id=17;clients=50
1777330830940,PUT,115,4,benchKey_45_80,bytes=30;client_id=45;clients=50
1777330830941,PUT,87,4,benchKey_28_80,bytes=30;client_id=28;clients=50
1777330830944,PUT,89,4,benchKey_46_80,bytes=30;client_id=46;clients=50
1777330830945,PUT,89,4,benchKey_23_81,bytes=30;client_id=23;clients=50
1777330830947,PUT,90,4,benchKey_18_80,bytes=30;client_id=18;clients=50
1777330830947,PUT,90,4,benchKey_4_80,bytes=29;client_id=4;clients=50
1777330830948,PUT,91,4,benchKey_7_80,bytes=29;client_id=7;clients=50
1777330830948,PUT,90,4,benchKey_29_80,bytes=30;client_id=29;clients=50
1777330830948,PUT,92,4,benchKey_41_79,bytes=30;client_id=41;clients=50
1777330830948,PUT,91,4,benchKey_48_80,bytes=30;client_id=48;clients=50
1777330830977,PUT,119,4,benchKey_42_80,bytes=30;client_id=42;clients=50
1777330830978,PUT,119,4,benchKey_31_80,bytes=30;client_id=31;clients=50
1777330830978,PUT,115,4,benchKey_24_80,bytes=30;client_id=24;clients=50
1777330830978,PUT,115,4,benchKey_22_80,bytes=30;client_id=22;clients=50
1777330830979,PUT,114,4,benchKey_8_80,bytes=29;client_id=8;clients=50
1777330830980,PUT,114,4,benchKey_21_80,bytes=30;client_id=21;clients=50
1777330830980,PUT,115,4,benchKey_11_80,bytes=30;client_id=11;clients=50
1777330830980,PUT,115,4,benchKey_10_80,bytes=30;client_id=10;clients=50
1777330830980,PUT,115,4,benchKey_34_80,bytes=30;client_id=34;clients=50
1777330830981,PUT,86,4,benchKey_13_80,bytes=30;client_id=13;clients=50
1777330830982,PUT,116,4,benchKey_16_80,bytes=30;client_id=16;clients=50
1777330830982,PUT,86,4,benchKey_5_80,bytes=29;client_id=5;clients=50
1777330830985,PUT,89,4,benchKey_15_80,bytes=30;client_id=15;clients=50
1777330830986,PUT,89,4,benchKey_12_80,bytes=30;client_id=12;clients=50
1777330830988,PUT,91,4,benchKey_1_80,bytes=29;client_id=1;clients=50
1777330830989,PUT,91,4,benchKey_20_81,bytes=30;client_id=20;clients=50
1777330830989,PUT,92,4,benchKey_2_80,bytes=29;client_id=2;clients=50
1777330830989,PUT,92,4,benchKey_30_81,bytes=30;client_id=30;clients=50
1777330830989,PUT,91,4,benchKey_27_80,bytes=30;client_id=27;clients=50
1777330830989,PUT,90,4,benchKey_6_80,bytes=29;client_id=6;clients=50
1777330831018,PUT,119,4,benchKey_49_80,bytes=30;client_id=49;clients=50
1777330831019,PUT,115,4,benchKey_19_81,bytes=30;client_id=19;clients=50
1777330831020,PUT,116,4,benchKey_36_80,bytes=30;client_id=36;clients=50
1777330831020,PUT,120,4,benchKey_3_81,bytes=29;client_id=3;clients=50
1777330831021,PUT,115,4,benchKey_37_81,bytes=30;client_id=37;clients=50
1777330831021,PUT,115,4,benchKey_39_80,bytes=30;client_id=39;clients=50
1777330831022,PUT,116,4,benchKey_43_80,bytes=30;client_id=43;clients=50
1777330831022,PUT,115,4,benchKey_47_80,bytes=30;client_id=47;clients=50
1777330831022,PUT,116,4,benchKey_33_80,bytes=30;client_id=33;clients=50
1777330831022,PUT,116,4,benchKey_40_81,bytes=30;client_id=40;clients=50
1777330831023,PUT,87,4,benchKey_0_80,bytes=29;client_id=0;clients=50
1777330831023,PUT,87,4,benchKey_9_80,bytes=29;client_id=9;clients=50
1777330831027,PUT,90,4,benchKey_14_81,bytes=30;client_id=14;clients=50
1777330831028,PUT,90,4,benchKey_38_80,bytes=30;client_id=38;clients=50
1777330831029,PUT,91,4,benchKey_32_80,bytes=30;client_id=32;clients=50
1777330831030,PUT,90,4,benchKey_44_81,bytes=30;client_id=44;clients=50
1777330831030,PUT,91,4,benchKey_25_81,bytes=30;client_id=25;clients=50
1777330831030,PUT,91,4,benchKey_35_80,bytes=30;client_id=35;clients=50
1777330831030,PUT,90,4,benchKey_17_81,bytes=30;client_id=17;clients=50
1777330831030,PUT,91,4,benchKey_26_81,bytes=30;client_id=26;clients=50
1777330831060,PUT,120,4,benchKey_45_81,bytes=30;client_id=45;clients=50
1777330831061,PUT,117,4,benchKey_46_81,bytes=30;client_id=46;clients=50
1777330831061,PUT,120,4,benchKey_28_81,bytes=30;client_id=28;clients=50
1777330831062,PUT,116,4,benchKey_23_82,bytes=30;client_id=23;clients=50
1777330831062,PUT,114,4,benchKey_4_81,bytes=29;client_id=4;clients=50
1777330831063,PUT,114,4,benchKey_7_81,bytes=29;client_id=7;clients=50
1777330831064,PUT,115,4,benchKey_29_81,bytes=30;client_id=29;clients=50
1777330831064,PUT,117,4,benchKey_18_81,bytes=30;client_id=18;clients=50
1777330831064,PUT,116,4,benchKey_41_80,bytes=30;client_id=41;clients=50
1777330831064,PUT,86,4,benchKey_31_81,bytes=30;client_id=31;clients=50
1777330831065,PUT,116,4,benchKey_48_81,bytes=30;client_id=48;clients=50
1777330831065,PUT,87,4,benchKey_42_81,bytes=30;client_id=42;clients=50
1777330831068,PUT,90,4,benchKey_22_81,bytes=30;client_id=22;clients=50
1777330831069,PUT,90,4,benchKey_24_81,bytes=30;client_id=24;clients=50
1777330831070,PUT,91,4,benchKey_8_81,bytes=29;client_id=8;clients=50
1777330831071,PUT,91,4,benchKey_10_81,bytes=30;client_id=10;clients=50
1777330831071,PUT,90,4,benchKey_13_81,bytes=30;client_id=13;clients=50
1777330831071,PUT,91,4,benchKey_11_81,bytes=30;client_id=11;clients=50
1777330831071,PUT,91,4,benchKey_34_81,bytes=30;client_id=34;clients=50
1777330831071,PUT,91,4,benchKey_21_81,bytes=30;client_id=21;clients=50
1777330831102,PUT,117,4,benchKey_15_81,bytes=30;client_id=15;clients=50
1777330831102,PUT,120,4,benchKey_16_81,bytes=30;client_id=16;clients=50
1777330831103,PUT,121,4,benchKey_5_81,bytes=29;client_id=5;clients=50
1777330831103,PUT,115,4,benchKey_1_81,bytes=29;client_id=1;clients=50
1777330831103,PUT,117,4,benchKey_12_81,bytes=30;client_id=12;clients=50
1777330831104,PUT,114,4,benchKey_20_82,bytes=30;client_id=20;clients=50
1777330831105,PUT,115,4,benchKey_30_82,bytes=30;client_id=30;clients=50
1777330831105,PUT,115,4,benchKey_2_81,bytes=29;client_id=2;clients=50
1777330831106,PUT,116,4,benchKey_6_81,bytes=29;client_id=6;clients=50
1777330831106,PUT,87,4,benchKey_19_82,bytes=30;client_id=19;clients=50
1777330831106,PUT,87,4,benchKey_49_81,bytes=30;client_id=49;clients=50
1777330831107,PUT,117,4,benchKey_27_81,bytes=30;client_id=27;clients=50
1777330831109,PUT,89,4,benchKey_36_81,bytes=30;client_id=36;clients=50
1777330831111,PUT,91,4,benchKey_3_82,bytes=29;client_id=3;clients=50
1777330831111,PUT,90,4,benchKey_37_82,bytes=30;client_id=37;clients=50
1777330831112,PUT,89,4,benchKey_47_81,bytes=30;client_id=47;clients=50
1777330831112,PUT,89,4,benchKey_43_81,bytes=30;client_id=43;clients=50
1777330831112,PUT,90,4,benchKey_39_81,bytes=30;client_id=39;clients=50
1777330831113,PUT,90,4,benchKey_40_82,bytes=30;client_id=40;clients=50
1777330831113,PUT,90,4,benchKey_33_81,bytes=30;client_id=33;clients=50
1777330831145,PUT,122,4,benchKey_0_81,bytes=29;client_id=0;clients=50
1777330831145,PUT,117,4,benchKey_38_81,bytes=30;client_id=38;clients=50
1777330831145,PUT,122,4,benchKey_9_81,bytes=29;client_id=9;clients=50
1777330831145,PUT,118,4,benchKey_14_82,bytes=30;client_id=14;clients=50
1777330831146,PUT,116,4,benchKey_32_81,bytes=30;client_id=32;clients=50
1777330831146,PUT,115,4,benchKey_44_82,bytes=30;client_id=44;clients=50
1777330831146,PUT,116,4,benchKey_25_82,bytes=30;client_id=25;clients=50
1777330831146,PUT,116,4,benchKey_35_81,bytes=30;client_id=35;clients=50
1777330831147,PUT,116,4,benchKey_26_82,bytes=30;client_id=26;clients=50
1777330831148,PUT,87,4,benchKey_45_82,bytes=30;client_id=45;clients=50
1777330831148,PUT,117,4,benchKey_17_82,bytes=30;client_id=17;clients=50
1777330831149,PUT,87,4,benchKey_28_82,bytes=30;client_id=28;clients=50
1777330831152,PUT,89,4,benchKey_23_83,bytes=30;client_id=23;clients=50
1777330831152,PUT,90,4,benchKey_46_82,bytes=30;client_id=46;clients=50
1777330831153,PUT,90,4,benchKey_4_82,bytes=29;client_id=4;clients=50
1777330831153,PUT,89,4,benchKey_29_82,bytes=30;client_id=29;clients=50
1777330831154,PUT,89,4,benchKey_18_82,bytes=30;client_id=18;clients=50
1777330831154,PUT,91,4,benchKey_7_82,bytes=29;client_id=7;clients=50
1777330831155,PUT,90,4,benchKey_41_81,bytes=30;client_id=41;clients=50
1777330831155,PUT,90,4,benchKey_31_82,bytes=30;client_id=31;clients=50
1777330831187,PUT,115,4,benchKey_11_82,bytes=30;client_id=11;clients=50
1777330831187,PUT,115,4,benchKey_13_82,bytes=30;client_id=13;clients=50
1777330831187,PUT,117,4,benchKey_8_82,bytes=29;client_id=8;clients=50
1777330831188,PUT,116,4,benchKey_34_82,bytes=30;client_id=34;clients=50
1777330831188,PUT,123,4,benchKey_48_82,bytes=30;client_id=48;clients=50
1777330831188,PUT,119,4,benchKey_24_82,bytes=30;client_id=24;clients=50
1777330831188,PUT,123,4,benchKey_42_82,bytes=30;client_id=42;clients=50
1777330831188,PUT,117,4,benchKey_10_82,bytes=30;client_id=10;clients=50
1777330831188,PUT,119,4,benchKey_22_82,bytes=30;client_id=22;clients=50
1777330831190,PUT,118,4,benchKey_21_82,bytes=30;client_id=21;clients=50
1777330831190,PUT,87,4,benchKey_15_82,bytes=30;client_id=15;clients=50
1777330831190,PUT,87,4,benchKey_16_82,bytes=30;client_id=16;clients=50
1777330831193,PUT,89,4,benchKey_1_82,bytes=29;client_id=1;clients=50
1777330831193,PUT,89,4,benchKey_5_82,bytes=29;client_id=5;clients=50
1777330831194,PUT,90,4,benchKey_12_82,bytes=30;client_id=12;clients=50
1777330831195,PUT,90,4,benchKey_20_83,bytes=30;client_id=20;clients=50
1777330831195,PUT,89,4,benchKey_2_82,bytes=29;client_id=2;clients=50
1777330831196,PUT,89,4,benchKey_6_82,bytes=29;client_id=6;clients=50
1777330831196,PUT,90,4,benchKey_30_83,bytes=30;client_id=30;clients=50
1777330831196,PUT,89,4,benchKey_19_83,bytes=30;client_id=19;clients=50
1777330831228,PUT,118,4,benchKey_36_82,bytes=30;client_id=36;clients=50
1777330831228,PUT,121,4,benchKey_49_82,bytes=30;client_id=49;clients=50
1777330831228,PUT,121,4,benchKey_27_82,bytes=30;client_id=27;clients=50
1777330831229,PUT,117,4,benchKey_3_83,bytes=29;client_id=3;clients=50
1777330831229,PUT,116,4,benchKey_47_82,bytes=30;client_id=47;clients=50
1777330831230,PUT,117,4,benchKey_40_83,bytes=30;client_id=40;clients=50
1777330831230,PUT,117,4,benchKey_39_82,bytes=30;client_id=39;clients=50
1777330831231,PUT,119,4,benchKey_37_83,bytes=30;client_id=37;clients=50
1777330831231,PUT,118,4,benchKey_43_82,bytes=30;client_id=43;clients=50
1777330831231,PUT,117,4,benchKey_33_82,bytes=30;client_id=33;clients=50
1777330831231,PUT,85,4,benchKey_38_82,bytes=30;client_id=38;clients=50
1777330831232,PUT,86,4,benchKey_0_82,bytes=29;client_id=0;clients=50
1777330831234,PUT,88,4,benchKey_9_82,bytes=29;client_id=9;clients=50
1777330831234,PUT,88,4,benchKey_14_83,bytes=30;client_id=14;clients=50
1777330831235,PUT,89,4,benchKey_32_82,bytes=30;client_id=32;clients=50
1777330831236,PUT,89,4,benchKey_44_83,bytes=30;client_id=44;clients=50
1777330831236,PUT,89,4,benchKey_25_83,bytes=30;client_id=25;clients=50
1777330831237,PUT,90,4,benchKey_35_82,bytes=30;client_id=35;clients=50
1777330831238,PUT,89,4,benchKey_17_83,bytes=30;client_id=17;clients=50
1777330831238,PUT,91,4,benchKey_26_83,bytes=30;client_id=26;clients=50
1777330831270,PUT,117,4,benchKey_23_84,bytes=30;client_id=23;clients=50
1777330831271,PUT,117,4,benchKey_18_83,bytes=30;client_id=18;clients=50
1777330831270,PUT,118,4,benchKey_46_83,bytes=30;client_id=46;clients=50
1777330831270,PUT,121,4,benchKey_28_83,bytes=30;client_id=28;clients=50
1777330831273,PUT,117,4,benchKey_41_82,bytes=30;client_id=41;clients=50
1777330831270,PUT,121,4,benchKey_45_83,bytes=30;client_id=45;clients=50
1777330831273,PUT,118,4,benchKey_31_83,bytes=30;client_id=31;clients=50
1777330831273,PUT,120,4,benchKey_29_83,bytes=30;client_id=29;clients=50
1777330831273,PUT,119,4,benchKey_7_83,bytes=29;client_id=7;clients=50
1777330831271,PUT,118,4,benchKey_4_83,bytes=29;client_id=4;clients=50
1777330831273,PUT,86,4,benchKey_11_83,bytes=30;client_id=11;clients=50
1777330831274,PUT,87,4,benchKey_13_83,bytes=30;client_id=13;clients=50
1777330831276,PUT,89,4,benchKey_8_83,bytes=29;client_id=8;clients=50
1777330831276,PUT,88,4,benchKey_48_83,bytes=30;client_id=48;clients=50
1777330831277,PUT,88,4,benchKey_34_83,bytes=30;client_id=34;clients=50
1777330831279,PUT,89,4,benchKey_21_83,bytes=30;client_id=21;clients=50
1777330831279,PUT,91,4,benchKey_24_83,bytes=30;client_id=24;clients=50
1777330831280,PUT,91,4,benchKey_10_83,bytes=30;client_id=10;clients=50
1777330831279,PUT,91,4,benchKey_22_83,bytes=30;client_id=22;clients=50
1777330831279,PUT,91,4,benchKey_42_83,bytes=30;client_id=42;clients=50
1777330831313,PUT,122,4,benchKey_15_83,bytes=30;client_id=15;clients=50
1777330831313,PUT,119,4,benchKey_1_83,bytes=29;client_id=1;clients=50
1777330831314,PUT,123,4,benchKey_16_83,bytes=30;client_id=16;clients=50
1777330831314,PUT,121,4,benchKey_5_83,bytes=29;client_id=5;clients=50
1777330831314,PUT,119,4,benchKey_20_84,bytes=30;client_id=20;clients=50
1777330831316,PUT,119,4,benchKey_30_84,bytes=30;client_id=30;clients=50
1777330831316,PUT,120,4,benchKey_6_83,bytes=29;client_id=6;clients=50
1777330831316,PUT,87,4,benchKey_36_83,bytes=30;client_id=36;clients=50
1777330831316,PUT,121,4,benchKey_2_83,bytes=29;client_id=2;clients=50
1777330831317,PUT,122,4,benchKey_12_83,bytes=30;client_id=12;clients=50
1777330831317,PUT,121,4,benchKey_19_84,bytes=30;client_id=19;clients=50
1777330831318,PUT,89,4,benchKey_49_83,bytes=30;client_id=49;clients=50
1777330831318,PUT,89,4,benchKey_3_84,bytes=29;client_id=3;clients=50
1777330831319,PUT,90,4,benchKey_27_83,bytes=30;client_id=27;clients=50
1777330831319,PUT,90,4,benchKey_47_83,bytes=30;client_id=47;clients=50
1777330831321,PUT,91,4,benchKey_39_83,bytes=30;client_id=39;clients=50
1777330831321,PUT,91,4,benchKey_40_84,bytes=30;client_id=40;clients=50
1777330831321,PUT,90,4,benchKey_43_83,bytes=30;client_id=43;clients=50
1777330831322,PUT,91,4,benchKey_37_84,bytes=30;client_id=37;clients=50
1777330831323,PUT,91,4,benchKey_33_83,bytes=30;client_id=33;clients=50
1777330831355,PUT,123,4,benchKey_38_83,bytes=30;client_id=38;clients=50
1777330831356,PUT,123,4,benchKey_0_83,bytes=29;client_id=0;clients=50
1777330831356,PUT,122,4,benchKey_9_83,bytes=29;client_id=9;clients=50
1777330831357,PUT,122,4,benchKey_32_83,bytes=30;client_id=32;clients=50
1777330831358,PUT,123,4,benchKey_14_84,bytes=30;client_id=14;clients=50
1777330831358,PUT,120,4,benchKey_26_84,bytes=30;client_id=26;clients=50
1777330831359,PUT,121,4,benchKey_35_83,bytes=30;client_id=35;clients=50
1777330831360,PUT,124,4,benchKey_44_84,bytes=30;client_id=44;clients=50
1777330831360,PUT,124,4,benchKey_25_84,bytes=30;client_id=25;clients=50
1777330831361,PUT,89,4,benchKey_23_85,bytes=30;client_id=23;clients=50
1777330831361,PUT,89,4,benchKey_18_84,bytes=30;client_id=18;clients=50
1777330831362,PUT,89,4,benchKey_46_84,bytes=30;client_id=46;clients=50
1777330831362,PUT,89,4,benchKey_28_84,bytes=30;client_id=28;clients=50
1777330831362,PUT,124,4,benchKey_17_84,bytes=30;client_id=17;clients=50
1777330831363,PUT,90,4,benchKey_41_83,bytes=30;client_id=41;clients=50
1777330831364,PUT,91,4,benchKey_29_84,bytes=30;client_id=29;clients=50
1777330831365,PUT,91,4,benchKey_31_84,bytes=30;client_id=31;clients=50
1777330831365,PUT,91,4,benchKey_45_84,bytes=30;client_id=45;clients=50
1777330831365,PUT,91,4,benchKey_7_84,bytes=29;client_id=7;clients=50
1777330831365,PUT,91,4,benchKey_4_84,bytes=29;client_id=4;clients=50
1777330831397,PUT,123,4,benchKey_11_84,bytes=30;client_id=11;clients=50
1777330831397,PUT,122,4,benchKey_13_84,bytes=30;client_id=13;clients=50
1777330831398,PUT,121,4,benchKey_8_84,bytes=29;client_id=8;clients=50
1777330831399,PUT,122,4,benchKey_48_84,bytes=30;client_id=48;clients=50
1777330831400,PUT,120,4,benchKey_21_84,bytes=30;client_id=21;clients=50
1777330831400,PUT,120,4,benchKey_24_84,bytes=30;client_id=24;clients=50
1777330831400,PUT,122,4,benchKey_34_84,bytes=30;client_id=34;clients=50
1777330831402,PUT,121,4,benchKey_42_84,bytes=30;client_id=42;clients=50
1777330831403,PUT,90,4,benchKey_15_84,bytes=30;client_id=15;clients=50
1777330831404,PUT,123,4,benchKey_10_84,bytes=30;client_id=10;clients=50
1777330831404,PUT,123,4,benchKey_22_84,bytes=30;client_id=22;clients=50
1777330831404,PUT,90,4,benchKey_16_84,bytes=30;client_id=16;clients=50
1777330831405,PUT,90,4,benchKey_5_84,bytes=29;client_id=5;clients=50
1777330831405,PUT,92,4,benchKey_1_84,bytes=29;client_id=1;clients=50
1777330831405,PUT,89,4,benchKey_20_85,bytes=30;client_id=20;clients=50
1777330831406,PUT,89,4,benchKey_30_85,bytes=30;client_id=30;clients=50
1777330831406,PUT,89,4,benchKey_6_84,bytes=29;client_id=6;clients=50
1777330831407,PUT,90,4,benchKey_2_84,bytes=29;client_id=2;clients=50
1777330831407,PUT,90,4,benchKey_12_84,bytes=30;client_id=12;clients=50
1777330831407,PUT,90,4,benchKey_36_84,bytes=30;client_id=36;clients=50
1777330831438,PUT,120,4,benchKey_49_84,bytes=30;client_id=49;clients=50
1777330831438,PUT,120,4,benchKey_19_85,bytes=30;client_id=19;clients=50
1777330831439,PUT,120,4,benchKey_3_85,bytes=29;client_id=3;clients=50
1777330831440,PUT,121,4,benchKey_27_84,bytes=30;client_id=27;clients=50
1777330831441,PUT,119,4,benchKey_40_85,bytes=30;client_id=40;clients=50
1777330831441,PUT,121,4,benchKey_47_84,bytes=30;client_id=47;clients=50
1777330831441,PUT,119,4,benchKey_39_84,bytes=30;client_id=39;clients=50
1777330831444,PUT,121,4,benchKey_37_85,bytes=30;client_id=37;clients=50
1777330831444,PUT,122,4,benchKey_43_84,bytes=30;client_id=43;clients=50
1777330831445,PUT,89,4,benchKey_0_84,bytes=29;client_id=0;clients=50
1777330831445,PUT,90,4,benchKey_38_84,bytes=30;client_id=38;clients=50
1777330831445,PUT,122,4,benchKey_33_84,bytes=30;client_id=33;clients=50
1777330831446,PUT,88,4,benchKey_14_85,bytes=30;client_id=14;clients=50
1777330831446,PUT,89,4,benchKey_9_84,bytes=29;client_id=9;clients=50
1777330831446,PUT,88,4,benchKey_32_84,bytes=30;client_id=32;clients=50
1777330831447,PUT,88,4,benchKey_26_85,bytes=30;client_id=26;clients=50
1777330831447,PUT,88,4,benchKey_35_84,bytes=30;client_id=35;clients=50
1777330831448,PUT,87,4,benchKey_44_85,bytes=30;client_id=44;clients=50
1777330831448,PUT,87,4,benchKey_23_86,bytes=30;client_id=23;clients=50
1777330831451,PUT,90,4,benchKey_25_85,bytes=30;client_id=25;clients=50
1777330831480,PUT,118,4,benchKey_46_85,bytes=30;client_id=46;clients=50
1777330831482,PUT,117,4,benchKey_29_85,bytes=30;client_id=29;clients=50
1777330831484,PUT,119,4,benchKey_31_85,bytes=30;client_id=31;clients=50
1777330831483,PUT,121,4,benchKey_17_85,bytes=30;client_id=17;clients=50
1777330831485,PUT,119,4,benchKey_45_85,bytes=30;client_id=45;clients=50
1777330831485,PUT,119,4,benchKey_7_85,bytes=29;client_id=7;clients=50
1777330831482,PUT,121,4,benchKey_18_85,bytes=30;client_id=18;clients=50
1777330831482,PUT,120,4,benchKey_28_85,bytes=30;client_id=28;clients=50
1777330831482,PUT,119,4,benchKey_41_84,bytes=30;client_id=41;clients=50
1777330831486,PUT,89,4,benchKey_13_85,bytes=30;client_id=13;clients=50
1777330831487,PUT,87,4,benchKey_21_85,bytes=30;client_id=21;clients=50
1777330831488,PUT,122,4,benchKey_4_85,bytes=29;client_id=4;clients=50
1777330831488,PUT,90,4,benchKey_11_85,bytes=30;client_id=11;clients=50
1777330831488,PUT,88,4,benchKey_34_85,bytes=30;client_id=34;clients=50
1777330831488,PUT,88,4,benchKey_24_85,bytes=30;client_id=24;clients=50
1777330831489,PUT,85,4,benchKey_10_85,bytes=30;client_id=10;clients=50
1777330831491,PUT,93,4,benchKey_8_85,bytes=29;client_id=8;clients=50
1777330831492,PUT,90,4,benchKey_42_85,bytes=30;client_id=42;clients=50
1777330831492,PUT,89,4,benchKey_15_85,bytes=30;client_id=15;clients=50
1777330831494,PUT,95,4,benchKey_48_85,bytes=30;client_id=48;clients=50
1777330831523,PUT,118,4,benchKey_16_85,bytes=30;client_id=16;clients=50
1777330831524,PUT,119,4,benchKey_1_85,bytes=29;client_id=1;clients=50
1777330831526,PUT,120,4,benchKey_20_86,bytes=30;client_id=20;clients=50
1777330831527,PUT,80,4,benchKey_14_86,bytes=30;client_id=14;clients=50
1777330831527,PUT,120,4,benchKey_6_85,bytes=29;client_id=6;clients=50
1777330831528,PUT,122,4,benchKey_30_86,bytes=30;client_id=30;clients=50
1777330831529,PUT,123,4,benchKey_5_85,bytes=29;client_id=5;clients=50
1777330831529,PUT,121,4,benchKey_12_85,bytes=30;client_id=12;clients=50
1777330831529,PUT,122,4,benchKey_36_85,bytes=30;client_id=36;clients=50
1777330831530,PUT,91,4,benchKey_19_86,bytes=30;client_id=19;clients=50
1777330831531,PUT,126,4,benchKey_22_85,bytes=30;client_id=22;clients=50
1777330831531,PUT,89,4,benchKey_47_85,bytes=30;client_id=47;clients=50
1777330831531,PUT,93,4,benchKey_49_85,bytes=30;client_id=49;clients=50
1777330831532,PUT,93,4,benchKey_3_86,bytes=29;client_id=3;clients=50
1777330831532,PUT,91,4,benchKey_40_86,bytes=30;client_id=40;clients=50
1777330831533,PUT,92,4,benchKey_27_85,bytes=30;client_id=27;clients=50
1777330831536,PUT,128,4,benchKey_2_85,bytes=29;client_id=2;clients=50
1777330831536,PUT,94,4,benchKey_39_85,bytes=30;client_id=39;clients=50
1777330831536,PUT,92,4,benchKey_37_86,bytes=30;client_id=37;clients=50
1777330831536,PUT,91,4,benchKey_0_85,bytes=29;client_id=0;clients=50
1777330831536,PUT,92,4,benchKey_43_85,bytes=30;client_id=43;clients=50
1777330831565,PUT,120,4,benchKey_38_85,bytes=30;client_id=38;clients=50
1777330831568,PUT,123,4,benchKey_33_85,bytes=30;client_id=33;clients=50
1777330831569,PUT,123,4,benchKey_9_85,bytes=29;client_id=9;clients=50
1777330831569,PUT,123,4,benchKey_32_85,bytes=30;client_id=32;clients=50
1777330831571,PUT,124,4,benchKey_26_86,bytes=30;client_id=26;clients=50
1777330831572,PUT,91,4,benchKey_46_86,bytes=30;client_id=46;clients=50
1777330831572,PUT,125,4,benchKey_35_85,bytes=30;client_id=35;clients=50
1777330831573,PUT,88,4,benchKey_17_86,bytes=30;client_id=17;clients=50
1777330831574,PUT,126,4,benchKey_23_87,bytes=30;client_id=23;clients=50
1777330831575,PUT,89,4,benchKey_45_86,bytes=30;client_id=45;clients=50
1777330831574,PUT,126,4,benchKey_44_86,bytes=30;client_id=44;clients=50
1777330831577,PUT,91,4,benchKey_18_86,bytes=30;client_id=18;clients=50
1777330831577,PUT,126,4,benchKey_25_86,bytes=30;client_id=25;clients=50
1777330831577,PUT,92,4,benchKey_31_86,bytes=30;client_id=31;clients=50
1777330831579,PUT,94,4,benchKey_29_86,bytes=30;client_id=29;clients=50
1777330831579,PUT,93,4,benchKey_28_86,bytes=30;client_id=28;clients=50
1777330831579,PUT,91,4,benchKey_4_86,bytes=29;client_id=4;clients=50
1777330831579,PUT,94,4,benchKey_7_86,bytes=29;client_id=7;clients=50
1777330831580,PUT,94,4,benchKey_41_85,bytes=30;client_id=41;clients=50
1777330831580,PUT,94,4,benchKey_13_86,bytes=30;client_id=13;clients=50
1777330831607,PUT,119,4,benchKey_21_86,bytes=30;client_id=21;clients=50
1777330831611,PUT,122,4,benchKey_11_86,bytes=30;client_id=11;clients=50
1777330831611,PUT,122,4,benchKey_24_86,bytes=30;client_id=24;clients=50
1777330831613,PUT,124,4,benchKey_34_86,bytes=30;client_id=34;clients=50
1777330831614,PUT,124,4,benchKey_10_86,bytes=30;client_id=10;clients=50
1777330831618,PUT,123,4,benchKey_48_86,bytes=30;client_id=48;clients=50
1777330831618,PUT,127,4,benchKey_8_86,bytes=29;client_id=8;clients=50
1777330831618,PUT,126,4,benchKey_42_86,bytes=30;client_id=42;clients=50
1777330831619,PUT,126,4,benchKey_15_86,bytes=30;client_id=15;clients=50
1777330831620,PUT,96,4,benchKey_16_86,bytes=30;client_id=16;clients=50
1777330831619,PUT,92,4,benchKey_6_86,bytes=29;client_id=6;clients=50
1777330831620,PUT,93,4,benchKey_14_87,bytes=30;client_id=14;clients=50
1777330831619,PUT,93,4,benchKey_20_87,bytes=30;client_id=20;clients=50
1777330831619,PUT,94,4,benchKey_1_86,bytes=29;client_id=1;clients=50
1777330831620,PUT,92,4,benchKey_30_87,bytes=30;client_id=30;clients=50
1777330831621,PUT,92,4,benchKey_12_86,bytes=30;client_id=12;clients=50
1777330831622,PUT,90,4,benchKey_22_86,bytes=30;client_id=22;clients=50
1777330831622,PUT,93,4,benchKey_5_86,bytes=29;client_id=5;clients=50
1777330831622,PUT,91,4,benchKey_19_87,bytes=30;client_id=19;clients=50
1777330831623,PUT,93,4,benchKey_36_86,bytes=30;client_id=36;clients=50
1777330831648,PUT,116,4,benchKey_47_86,bytes=30;client_id=47;clients=50
1777330831653,PUT,121,4,benchKey_49_86,bytes=30;client_id=49;clients=50
1777330831654,PUT,121,4,benchKey_40_87,bytes=30;client_id=40;clients=50
1777330831657,PUT,124,4,benchKey_27_86,bytes=30;client_id=27;clients=50
1777330831657,PUT,124,4,benchKey_3_87,bytes=29;client_id=3;clients=50
1777330831660,PUT,123,4,benchKey_37_87,bytes=30;client_id=37;clients=50
1777330831660,PUT,124,4,benchKey_2_86,bytes=29;client_id=2;clients=50
1777330831661,PUT,95,4,benchKey_38_86,bytes=30;client_id=38;clients=50
1777330831661,PUT,91,4,benchKey_9_86,bytes=29;client_id=9;clients=50
1777330831661,PUT,92,4,benchKey_33_86,bytes=30;client_id=33;clients=50
1777330831662,PUT,92,4,benchKey_32_86,bytes=30;client_id=32;clients=50
1777330831662,PUT,125,4,benchKey_43_86,bytes=30;client_id=43;clients=50
1777330831663,PUT,126,4,benchKey_0_86,bytes=29;client_id=0;clients=50
1777330831663,PUT,90,4,benchKey_46_87,bytes=30;client_id=46;clients=50
1777330831663,PUT,127,4,benchKey_39_86,bytes=30;client_id=39;clients=50
1777330831663,PUT,92,4,benchKey_26_87,bytes=30;client_id=26;clients=50
1777330831664,PUT,92,4,benchKey_35_86,bytes=30;client_id=35;clients=50
1777330831665,PUT,90,4,benchKey_45_87,bytes=30;client_id=45;clients=50
1777330831665,PUT,90,4,benchKey_23_88,bytes=30;client_id=23;clients=50
1777330831666,PUT,91,4,benchKey_17_87,bytes=30;client_id=17;clients=50
1777330831689,PUT,112,4,benchKey_44_87,bytes=30;client_id=44;clients=50
1777330831695,PUT,118,4,benchKey_18_87,bytes=30;client_id=18;clients=50
1777330831695,PUT,117,4,benchKey_25_87,bytes=30;client_id=25;clients=50
1777330831698,PUT,119,4,benchKey_29_87,bytes=30;client_id=29;clients=50
1777330831698,PUT,120,4,benchKey_31_87,bytes=30;client_id=31;clients=50
1777330831701,PUT,122,4,benchKey_4_87,bytes=29;client_id=4;clients=50
1777330831701,PUT,122,4,benchKey_28_87,bytes=30;client_id=28;clients=50
1777330831702,PUT,121,4,benchKey_41_86,bytes=30;client_id=41;clients=50
1777330831702,PUT,121,4,benchKey_13_87,bytes=30;client_id=13;clients=50
1777330831702,PUT,122,4,benchKey_7_87,bytes=29;client_id=7;clients=50
1777330831703,PUT,92,4,benchKey_11_87,bytes=30;client_id=11;clients=50
1777330831704,PUT,96,4,benchKey_21_87,bytes=30;client_id=21;clients=50
1777330831704,PUT,92,4,benchKey_24_87,bytes=30;client_id=24;clients=50
1777330831704,PUT,85,4,benchKey_48_87,bytes=30;client_id=48;clients=50
1777330831705,PUT,89,4,benchKey_10_87,bytes=30;client_id=10;clients=50
1777330831705,PUT,91,4,benchKey_34_87,bytes=30;client_id=34;clients=50
1777330831706,PUT,87,4,benchKey_8_87,bytes=29;client_id=8;clients=50
1777330831706,PUT,87,4,benchKey_42_87,bytes=30;client_id=42;clients=50
1777330831708,PUT,88,4,benchKey_16_87,bytes=30;client_id=16;clients=50
1777330831708,PUT,88,4,benchKey_15_87,bytes=30;client_id=15;clients=50
1777330831730,PUT,110,4,benchKey_6_87,bytes=29;client_id=6;clients=50
1777330831736,PUT,115,4,benchKey_20_88,bytes=30;client_id=20;clients=50
1777330831737,PUT,116,4,benchKey_14_88,bytes=30;client_id=14;clients=50
1777330831739,PUT,118,4,benchKey_30_88,bytes=30;client_id=30;clients=50
1777330831740,PUT,119,4,benchKey_1_87,bytes=29;client_id=1;clients=50
1777330831743,PUT,121,4,benchKey_5_87,bytes=29;client_id=5;clients=50
1777330831743,PUT,121,4,benchKey_22_87,bytes=30;client_id=22;clients=50
1777330831743,PUT,120,4,benchKey_19_88,bytes=30;client_id=19;clients=50
1777330831744,PUT,95,4,benchKey_47_87,bytes=30;client_id=47;clients=50
1777330831744,PUT,120,4,benchKey_36_87,bytes=30;client_id=36;clients=50
1777330831744,PUT,122,4,benchKey_12_87,bytes=30;client_id=12;clients=50
1777330831745,PUT,90,4,benchKey_40_88,bytes=30;client_id=40;clients=50
1777330831745,PUT,91,4,benchKey_49_87,bytes=30;client_id=49;clients=50
1777330831745,PUT,88,4,benchKey_27_87,bytes=30;client_id=27;clients=50
1777330831746,PUT,85,4,benchKey_37_88,bytes=30;client_id=37;clients=50
1777330831747,PUT,85,4,benchKey_38_87,bytes=30;client_id=38;clients=50
1777330831747,PUT,89,4,benchKey_3_88,bytes=29;client_id=3;clients=50
1777330831748,PUT,87,4,benchKey_2_87,bytes=29;client_id=2;clients=50
1777330831750,PUT,88,4,benchKey_9_87,bytes=29;client_id=9;clients=50
1777330831750,PUT,88,4,benchKey_33_87,bytes=30;client_id=33;clients=50
1777330831772,PUT,110,4,benchKey_32_87,bytes=30;client_id=32;clients=50
1777330831777,PUT,115,4,benchKey_43_87,bytes=30;client_id=43;clients=50
1777330831779,PUT,116,4,benchKey_0_87,bytes=29;client_id=0;clients=50
1777330831780,PUT,117,4,benchKey_46_88,bytes=30;client_id=46;clients=50
1777330831782,PUT,119,4,benchKey_39_87,bytes=30;client_id=39;clients=50
1777330831784,PUT,119,4,benchKey_35_87,bytes=30;client_id=35;clients=50
1777330831785,PUT,119,4,benchKey_45_88,bytes=30;client_id=45;clients=50
1777330831785,PUT,119,4,benchKey_23_89,bytes=30;client_id=23;clients=50
1777330831785,PUT,122,4,benchKey_26_88,bytes=30;client_id=26;clients=50
1777330831786,PUT,120,4,benchKey_17_88,bytes=30;client_id=17;clients=50
1777330831786,PUT,96,4,benchKey_44_88,bytes=30;client_id=44;clients=50
1777330831786,PUT,90,4,benchKey_25_88,bytes=30;client_id=25;clients=50
1777330831786,PUT,91,4,benchKey_18_88,bytes=30;client_id=18;clients=50
1777330831786,PUT,88,4,benchKey_29_88,bytes=30;client_id=29;clients=50
1777330831787,PUT,88,4,benchKey_31_88,bytes=30;client_id=31;clients=50
1777330831788,PUT,86,4,benchKey_4_88,bytes=29;client_id=4;clients=50
1777330831788,PUT,86,4,benchKey_28_88,bytes=30;client_id=28;clients=50
1777330831789,PUT,86,4,benchKey_41_87,bytes=30;client_id=41;clients=50
1777330831791,PUT,88,4,benchKey_13_88,bytes=30;client_id=13;clients=50
1777330831792,PUT,89,4,benchKey_7_88,bytes=29;client_id=7;clients=50
1777330831813,PUT,110,4,benchKey_11_88,bytes=30;client_id=11;clients=50
1777330831818,PUT,114,4,benchKey_21_88,bytes=30;client_id=21;clients=50
1777330831820,PUT,115,4,benchKey_48_88,bytes=30;client_id=48;clients=50
1777330831822,PUT,117,4,benchKey_24_88,bytes=30;client_id=24;clients=50
1777330831824,PUT,119,4,benchKey_10_88,bytes=30;client_id=10;clients=50
1777330831826,PUT,120,4,benchKey_42_88,bytes=30;client_id=42;clients=50
1777330831826,PUT,121,4,benchKey_34_88,bytes=30;client_id=34;clients=50
1777330831826,PUT,120,4,benchKey_8_88,bytes=29;client_id=8;clients=50
1777330831827,PUT,118,4,benchKey_15_88,bytes=30;client_id=15;clients=50
1777330831827,PUT,118,4,benchKey_16_88,bytes=30;client_id=16;clients=50
1777330831827,PUT,96,4,benchKey_6_88,bytes=29;client_id=6;clients=50
1777330831828,PUT,91,4,benchKey_20_89,bytes=30;client_id=20;clients=50
1777330831829,PUT,89,4,benchKey_1_88,bytes=29;client_id=1;clients=50
1777330831829,PUT,90,4,benchKey_30_89,bytes=30;client_id=30;clients=50
1777330831829,PUT,91,4,benchKey_14_89,bytes=30;client_id=14;clients=50
1777330831829,PUT,85,4,benchKey_5_88,bytes=29;client_id=5;clients=50
1777330831830,PUT,86,4,benchKey_22_88,bytes=30;client_id=22;clients=50
1777330831831,PUT,87,4,benchKey_19_89,bytes=30;client_id=19;clients=50
1777330831832,PUT,87,4,benchKey_47_88,bytes=30;client_id=47;clients=50
1777330831833,PUT,88,4,benchKey_36_88,bytes=30;client_id=36;clients=50
1777330831855,PUT,111,4,benchKey_12_88,bytes=30;client_id=12;clients=50
1777330831859,PUT,114,4,benchKey_40_89,bytes=30;client_id=40;clients=50
1777330831862,PUT,116,4,benchKey_49_88,bytes=30;client_id=49;clients=50
1777330831863,PUT,117,4,benchKey_27_88,bytes=30;client_id=27;clients=50
1777330831865,PUT,119,4,benchKey_37_89,bytes=30;client_id=37;clients=50
1777330831867,PUT,119,4,benchKey_38_88,bytes=30;client_id=38;clients=50
1777330831867,PUT,119,4,benchKey_3_89,bytes=29;client_id=3;clients=50
1777330831867,PUT,119,4,benchKey_2_88,bytes=29;client_id=2;clients=50
1777330831869,PUT,118,4,benchKey_33_88,bytes=30;client_id=33;clients=50
1777330831869,PUT,96,4,benchKey_32_88,bytes=30;client_id=32;clients=50
1777330831869,PUT,118,4,benchKey_9_88,bytes=29;client_id=9;clients=50
1777330831870,PUT,92,4,benchKey_43_88,bytes=30;client_id=43;clients=50
1777330831870,PUT,90,4,benchKey_0_88,bytes=29;client_id=0;clients=50
1777330831870,PUT,87,4,benchKey_39_88,bytes=30;client_id=39;clients=50
1777330831871,PUT,90,4,benchKey_46_89,bytes=30;client_id=46;clients=50
1777330831871,PUT,86,4,benchKey_35_88,bytes=30;client_id=35;clients=50
1777330831871,PUT,85,4,benchKey_45_89,bytes=30;client_id=45;clients=50
1777330831872,PUT,86,4,benchKey_23_90,bytes=30;client_id=23;clients=50
1777330831873,PUT,87,4,benchKey_26_89,bytes=30;client_id=26;clients=50
1777330831875,PUT,88,4,benchKey_17_89,bytes=30;client_id=17;clients=50
1777330831897,PUT,111,4,benchKey_44_89,bytes=30;client_id=44;clients=50
1777330831900,PUT,113,4,benchKey_25_89,bytes=30;client_id=25;clients=50
1777330831903,PUT,116,4,benchKey_18_89,bytes=30;client_id=18;clients=50
1777330831904,PUT,117,4,benchKey_29_89,bytes=30;client_id=29;clients=50
1777330831906,PUT,119,4,benchKey_31_89,bytes=30;client_id=31;clients=50
1777330831908,PUT,120,4,benchKey_28_89,bytes=30;client_id=28;clients=50
1777330831908,PUT,120,4,benchKey_4_89,bytes=29;client_id=4;clients=50
1777330831910,PUT,118,4,benchKey_7_89,bytes=29;client_id=7;clients=50
1777330831910,PUT,96,4,benchKey_11_89,bytes=30;client_id=11;clients=50
1777330831910,PUT,121,4,benchKey_41_88,bytes=30;client_id=41;clients=50
1777330831910,PUT,118,4,benchKey_13_89,bytes=30;client_id=13;clients=50
1777330831912,PUT,93,4,benchKey_21_89,bytes=30;client_id=21;clients=50
1777330831912,PUT,88,4,benchKey_10_89,bytes=30;client_id=10;clients=50
1777330831912,PUT,92,4,benchKey_48_89,bytes=30;client_id=48;clients=50
1777330831912,PUT,89,4,benchKey_24_89,bytes=30;client_id=24;clients=50
1777330831912,PUT,85,4,benchKey_42_89,bytes=30;client_id=42;clients=50
1777330831913,PUT,86,4,benchKey_34_89,bytes=30;client_id=34;clients=50
1777330831914,PUT,87,4,benchKey_8_89,bytes=29;client_id=8;clients=50
1777330831914,PUT,87,4,benchKey_15_89,bytes=30;client_id=15;clients=50
1777330831917,PUT,90,4,benchKey_16_89,bytes=30;client_id=16;clients=50
1777330831938,PUT,111,4,benchKey_6_89,bytes=29;client_id=6;clients=50
1777330831941,PUT,113,4,benchKey_20_90,bytes=30;client_id=20;clients=50
1777330831944,PUT,115,4,benchKey_1_89,bytes=29;client_id=1;clients=50
1777330831946,PUT,116,4,benchKey_30_90,bytes=30;client_id=30;clients=50
1777330831948,PUT,118,4,benchKey_14_90,bytes=30;client_id=14;clients=50
1777330831949,PUT,119,4,benchKey_22_89,bytes=30;client_id=22;clients=50
1777330831949,PUT,119,4,benchKey_5_89,bytes=29;client_id=5;clients=50
1777330831952,PUT,119,4,benchKey_36_89,bytes=30;client_id=36;clients=50
1777330831952,PUT,96,4,benchKey_12_89,bytes=30;client_id=12;clients=50
1777330831952,PUT,120,4,benchKey_47_89,bytes=30;client_id=47;clients=50
1777330831952,PUT,120,4,benchKey_19_90,bytes=30;client_id=19;clients=50
1777330831953,PUT,93,4,benchKey_40_90,bytes=30;client_id=40;clients=50
1777330831953,PUT,90,4,benchKey_27_89,bytes=30;client_id=27;clients=50
1777330831953,PUT,91,4,benchKey_49_89,bytes=30;client_id=49;clients=50
1777330831953,PUT,87,4,benchKey_37_90,bytes=30;client_id=37;clients=50
1777330831953,PUT,85,4,benchKey_38_89,bytes=30;client_id=38;clients=50
1777330831955,PUT,87,4,benchKey_3_90,bytes=29;client_id=3;clients=50
1777330831955,PUT,87,4,benchKey_2_89,bytes=29;client_id=2;clients=50
1777330831955,PUT,86,4,benchKey_32_89,bytes=30;client_id=32;clients=50
1777330831958,PUT,88,4,benchKey_33_89,bytes=30;client_id=33;clients=50
1777330831979,PUT,110,4,benchKey_9_89,bytes=29;client_id=9;clients=50
1777330831982,PUT,111,4,benchKey_39_89,bytes=30;client_id=39;clients=50
1777330831985,PUT,115,4,benchKey_0_89,bytes=29;client_id=0;clients=50
1777330831987,PUT,117,4,benchKey_43_89,bytes=30;client_id=43;clients=50
1777330831990,PUT,119,4,benchKey_45_90,bytes=30;client_id=45;clients=50
1777330831990,PUT,119,4,benchKey_46_90,bytes=30;client_id=46;clients=50
1777330831990,PUT,119,4,benchKey_35_89,bytes=30;client_id=35;clients=50
1777330831994,PUT,90,4,benchKey_29_90,bytes=30;client_id=29;clients=50
1777330831994,PUT,88,4,benchKey_31_90,bytes=30;client_id=31;clients=50
1777330831994,PUT,97,4,benchKey_44_90,bytes=30;client_id=44;clients=50
1777330831994,PUT,94,4,benchKey_25_90,bytes=30;client_id=25;clients=50
1777330831994,PUT,121,4,benchKey_26_90,bytes=30;client_id=26;clients=50
1777330831994,PUT,86,4,benchKey_28_90,bytes=30;client_id=28;clients=50
1777330831995,PUT,119,4,benchKey_17_90,bytes=30;client_id=17;clients=50
1777330831995,PUT,122,4,benchKey_23_91,bytes=30;client_id=23;clients=50
1777330831995,PUT,92,4,benchKey_18_90,bytes=30;client_id=18;clients=50
1777330831996,PUT,85,4,benchKey_11_90,bytes=30;client_id=11;clients=50
1777330831996,PUT,85,4,benchKey_7_90,bytes=29;client_id=7;clients=50
1777330831997,PUT,88,4,benchKey_4_90,bytes=29;client_id=4;clients=50
1777330831999,PUT,88,4,benchKey_41_89,bytes=30;client_id=41;clients=50
1777330832020,PUT,109,4,benchKey_13_90,bytes=30;client_id=13;clients=50
1777330832023,PUT,110,4,benchKey_21_90,bytes=30;client_id=21;clients=50
1777330832027,PUT,114,4,benchKey_10_90,bytes=30;client_id=10;clients=50
1777330832029,PUT,116,4,benchKey_48_90,bytes=30;client_id=48;clients=50
1777330832031,PUT,118,4,benchKey_24_90,bytes=30;client_id=24;clients=50
1777330832031,PUT,118,4,benchKey_42_90,bytes=30;client_id=42;clients=50
1777330832031,PUT,118,4,benchKey_34_90,bytes=30;client_id=34;clients=50
1777330832036,PUT,91,4,benchKey_1_90,bytes=29;client_id=1;clients=50
1777330832036,PUT,98,4,benchKey_6_90,bytes=29;client_id=6;clients=50
1777330832036,PUT,119,4,benchKey_16_90,bytes=30;client_id=16;clients=50
1777330832036,PUT,87,4,benchKey_22_90,bytes=30;client_id=22;clients=50
1777330832036,PUT,95,4,benchKey_20_91,bytes=30;client_id=20;clients=50
1777330832036,PUT,88,4,benchKey_14_91,bytes=30;client_id=14;clients=50
1777330832037,PUT,88,4,benchKey_5_90,bytes=29;client_id=5;clients=50
1777330832037,PUT,85,4,benchKey_36_90,bytes=30;client_id=36;clients=50
1777330832037,PUT,91,4,benchKey_30_91,bytes=30;client_id=30;clients=50
1777330832037,PUT,123,4,benchKey_15_90,bytes=30;client_id=15;clients=50
1777330832037,PUT,123,4,benchKey_8_90,bytes=29;client_id=8;clients=50
1777330832038,PUT,85,4,benchKey_12_90,bytes=30;client_id=12;clients=50
1777330832040,PUT,87,4,benchKey_47_90,bytes=30;client_id=47;clients=50
1777330832061,PUT,109,4,benchKey_19_91,bytes=30;client_id=19;clients=50
1777330832064,PUT,111,4,benchKey_40_91,bytes=30;client_id=40;clients=50
1777330832068,PUT,115,4,benchKey_27_90,bytes=30;client_id=27;clients=50
1777330832070,PUT,117,4,benchKey_49_90,bytes=30;client_id=49;clients=50
1777330832072,PUT,118,4,benchKey_38_90,bytes=30;client_id=38;clients=50
1777330832072,PUT,118,4,benchKey_37_91,bytes=30;client_id=37;clients=50
1777330832072,PUT,116,4,benchKey_2_90,bytes=29;client_id=2;clients=50
1777330832077,PUT,94,4,benchKey_39_90,bytes=30;client_id=39;clients=50
1777330832078,PUT,87,4,benchKey_46_91,bytes=30;client_id=46;clients=50
1777330832078,PUT,122,4,benchKey_32_90,bytes=30;client_id=32;clients=50
1777330832078,PUT,92,4,benchKey_0_90,bytes=29;client_id=0;clients=50
1777330832078,PUT,120,4,benchKey_33_90,bytes=30;client_id=33;clients=50
1777330832078,PUT,91,4,benchKey_43_90,bytes=30;client_id=43;clients=50
1777330832078,PUT,99,4,benchKey_9_90,bytes=29;client_id=9;clients=50
1777330832079,PUT,88,4,benchKey_35_90,bytes=30;client_id=35;clients=50
1777330832079,PUT,124,4,benchKey_3_91,bytes=29;client_id=3;clients=50
1777330832079,PUT,84,4,benchKey_29_91,bytes=30;client_id=29;clients=50
1777330832079,PUT,89,4,benchKey_45_91,bytes=30;client_id=45;clients=50
1777330832079,PUT,85,4,benchKey_31_91,bytes=30;client_id=31;clients=50
1777330832081,PUT,86,4,benchKey_44_91,bytes=30;client_id=44;clients=50
1777330832104,PUT,109,4,benchKey_25_91,bytes=30;client_id=25;clients=50
1777330832105,PUT,110,4,benchKey_26_91,bytes=30;client_id=26;clients=50
1777330832110,PUT,115,4,benchKey_28_91,bytes=30;client_id=28;clients=50
1777330832111,PUT,116,4,benchKey_17_91,bytes=30;client_id=17;clients=50
1777330832113,PUT,118,4,benchKey_23_92,bytes=30;client_id=23;clients=50
1777330832113,PUT,117,4,benchKey_11_91,bytes=30;client_id=11;clients=50
1777330832113,PUT,117,4,benchKey_18_91,bytes=30;client_id=18;clients=50
1777330832118,PUT,122,4,benchKey_7_91,bytes=29;client_id=7;clients=50
1777330832119,PUT,98,4,benchKey_13_91,bytes=30;client_id=13;clients=50
1777330832119,PUT,95,4,benchKey_21_91,bytes=30;client_id=21;clients=50
1777330832120,PUT,92,4,benchKey_10_91,bytes=30;client_id=10;clients=50
1777330832120,PUT,123,4,benchKey_4_91,bytes=29;client_id=4;clients=50
1777330832120,PUT,89,4,benchKey_42_91,bytes=30;client_id=42;clients=50
1777330832120,PUT,91,4,benchKey_48_91,bytes=30;client_id=48;clients=50
1777330832120,PUT,88,4,benchKey_24_91,bytes=30;client_id=24;clients=50
1777330832121,PUT,121,4,benchKey_41_90,bytes=30;client_id=41;clients=50
1777330832121,PUT,89,4,benchKey_34_91,bytes=30;client_id=34;clients=50
1777330832121,PUT,84,4,benchKey_6_91,bytes=29;client_id=6;clients=50
1777330832121,PUT,84,4,benchKey_1_91,bytes=29;client_id=1;clients=50
1777330832122,PUT,85,4,benchKey_16_91,bytes=30;client_id=16;clients=50
1777330832146,PUT,109,4,benchKey_22_91,bytes=30;client_id=22;clients=50
1777330832147,PUT,110,4,benchKey_20_92,bytes=30;client_id=20;clients=50
1777330832152,PUT,115,4,benchKey_14_92,bytes=30;client_id=14;clients=50
1777330832152,PUT,114,4,benchKey_5_91,bytes=29;client_id=5;clients=50
1777330832154,PUT,116,4,benchKey_30_92,bytes=30;client_id=30;clients=50
1777330832154,PUT,116,4,benchKey_36_91,bytes=30;client_id=36;clients=50
1777330832155,PUT,117,4,benchKey_15_91,bytes=30;client_id=15;clients=50
1777330832159,PUT,121,4,benchKey_8_91,bytes=29;client_id=8;clients=50
1777330832160,PUT,119,4,benchKey_47_91,bytes=30;client_id=47;clients=50
1777330832161,PUT,99,4,benchKey_19_92,bytes=30;client_id=19;clients=50
1777330832161,PUT,123,4,benchKey_12_91,bytes=30;client_id=12;clients=50
1777330832161,PUT,89,4,benchKey_38_91,bytes=30;client_id=38;clients=50
1777330832162,PUT,83,4,benchKey_46_92,bytes=30;client_id=46;clients=50
1777330832162,PUT,90,4,benchKey_37_92,bytes=30;client_id=37;clients=50
1777330832162,PUT,85,4,benchKey_39_91,bytes=30;client_id=39;clients=50
1777330832162,PUT,98,4,benchKey_40_92,bytes=30;client_id=40;clients=50
1777330832162,PUT,93,4,benchKey_27_91,bytes=30;client_id=27;clients=50
1777330832163,PUT,92,4,benchKey_49_91,bytes=30;client_id=49;clients=50
1777330832163,PUT,84,4,benchKey_32_91,bytes=30;client_id=32;clients=50
1777330832163,PUT,91,4,benchKey_2_91,bytes=29;client_id=2;clients=50
1777330832189,PUT,110,4,benchKey_0_91,bytes=29;client_id=0;clients=50
1777330832189,PUT,110,4,benchKey_33_91,bytes=30;client_id=33;clients=50
1777330832193,PUT,114,4,benchKey_9_91,bytes=29;client_id=9;clients=50
1777330832194,PUT,115,4,benchKey_43_91,bytes=30;client_id=43;clients=50
1777330832195,PUT,115,4,benchKey_3_92,bytes=29;client_id=3;clients=50
1777330832196,PUT,116,4,benchKey_45_92,bytes=30;client_id=45;clients=50
1777330832196,PUT,116,4,benchKey_35_91,bytes=30;client_id=35;clients=50
1777330832201,PUT,122,4,benchKey_29_92,bytes=30;client_id=29;clients=50
1777330832201,PUT,121,4,benchKey_31_92,bytes=30;client_id=31;clients=50
1777330832202,PUT,97,4,benchKey_25_92,bytes=30;client_id=25;clients=50
1777330832202,PUT,121,4,benchKey_44_92,bytes=30;client_id=44;clients=50
1777330832202,PUT,97,4,benchKey_26_92,bytes=30;client_id=26;clients=50
1777330832204,PUT,91,4,benchKey_18_92,bytes=30;client_id=18;clients=50
1777330832204,PUT,85,4,benchKey_13_92,bytes=30;client_id=13;clients=50
1777330832204,PUT,93,4,benchKey_17_92,bytes=30;client_id=17;clients=50
1777330832204,PUT,91,4,benchKey_23_93,bytes=30;client_id=23;clients=50
1777330832204,PUT,85,4,benchKey_21_92,bytes=30;client_id=21;clients=50
1777330832204,PUT,93,4,benchKey_28_92,bytes=30;client_id=28;clients=50
1777330832205,PUT,91,4,benchKey_11_92,bytes=30;client_id=11;clients=50
1777330832205,PUT,86,4,benchKey_7_92,bytes=29;client_id=7;clients=50
1777330832230,PUT,110,4,benchKey_10_92,bytes=30;client_id=10;clients=50
1777330832230,PUT,110,4,benchKey_4_92,bytes=29;client_id=4;clients=50
1777330832235,PUT,114,4,benchKey_42_92,bytes=30;client_id=42;clients=50
1777330832235,PUT,114,4,benchKey_48_92,bytes=30;client_id=48;clients=50
1777330832237,PUT,116,4,benchKey_24_92,bytes=30;client_id=24;clients=50
1777330832237,PUT,115,4,benchKey_34_92,bytes=30;client_id=34;clients=50
1777330832238,PUT,116,4,benchKey_41_91,bytes=30;client_id=41;clients=50
1777330832243,PUT,95,4,benchKey_20_93,bytes=30;client_id=20;clients=50
1777330832243,PUT,122,4,benchKey_6_92,bytes=29;client_id=6;clients=50
1777330832243,PUT,121,4,benchKey_16_92,bytes=30;client_id=16;clients=50
1777330832243,PUT,121,4,benchKey_1_92,bytes=29;client_id=1;clients=50
1777330832243,PUT,97,4,benchKey_22_92,bytes=30;client_id=22;clients=50
1777330832245,PUT,90,4,benchKey_36_92,bytes=30;client_id=36;clients=50
1777330832246,PUT,93,4,benchKey_5_92,bytes=29;client_id=5;clients=50
1777330832246,PUT,90,4,benchKey_15_92,bytes=30;client_id=15;clients=50
1777330832246,PUT,86,4,benchKey_47_92,bytes=30;client_id=47;clients=50
1777330832246,PUT,93,4,benchKey_14_93,bytes=30;client_id=14;clients=50
1777330832247,PUT,85,4,benchKey_19_93,bytes=30;client_id=19;clients=50
1777330832247,PUT,87,4,benchKey_8_92,bytes=29;client_id=8;clients=50
1777330832247,PUT,92,4,benchKey_30_93,bytes=30;client_id=30;clients=50
1777330832271,PUT,110,4,benchKey_38_92,bytes=30;client_id=38;clients=50
1777330832272,PUT,111,4,benchKey_12_92,bytes=30;client_id=12;clients=50
1777330832277,PUT,115,4,benchKey_37_93,bytes=30;client_id=37;clients=50
1777330832277,PUT,115,4,benchKey_46_93,bytes=30;client_id=46;clients=50
1777330832278,PUT,116,4,benchKey_39_92,bytes=30;client_id=39;clients=50
1777330832279,PUT,116,4,benchKey_27_92,bytes=30;client_id=27;clients=50
1777330832279,PUT,116,4,benchKey_40_93,bytes=30;client_id=40;clients=50
1777330832284,PUT,120,4,benchKey_2_92,bytes=29;client_id=2;clients=50
1777330832284,PUT,94,4,benchKey_0_92,bytes=29;client_id=0;clients=50
1777330832285,PUT,95,4,benchKey_33_92,bytes=30;client_id=33;clients=50
1777330832285,PUT,121,4,benchKey_49_92,bytes=30;client_id=49;clients=50
1777330832285,PUT,121,4,benchKey_32_92,bytes=30;client_id=32;clients=50
1777330832286,PUT,92,4,benchKey_9_92,bytes=29;client_id=9;clients=50
1777330832288,PUT,92,4,benchKey_35_92,bytes=30;client_id=35;clients=50
1777330832288,PUT,92,4,benchKey_3_93,bytes=29;client_id=3;clients=50
1777330832288,PUT,94,4,benchKey_43_92,bytes=30;client_id=43;clients=50
1777330832288,PUT,85,4,benchKey_25_93,bytes=30;client_id=25;clients=50
1777330832288,PUT,92,4,benchKey_45_93,bytes=30;client_id=45;clients=50
1777330832289,PUT,87,4,benchKey_31_93,bytes=30;client_id=31;clients=50
1777330832289,PUT,87,4,benchKey_29_93,bytes=30;client_id=29;clients=50
1777330832315,PUT,112,4,benchKey_44_93,bytes=30;client_id=44;clients=50
1777330832315,PUT,113,4,benchKey_26_93,bytes=30;client_id=26;clients=50
1777330832319,PUT,115,4,benchKey_18_93,bytes=30;client_id=18;clients=50
1777330832319,PUT,115,4,benchKey_13_93,bytes=30;client_id=13;clients=50
1777330832320,PUT,115,4,benchKey_17_93,bytes=30;client_id=17;clients=50
1777330832321,PUT,116,4,benchKey_23_94,bytes=30;client_id=23;clients=50
1777330832321,PUT,116,4,benchKey_21_93,bytes=30;client_id=21;clients=50
1777330832325,PUT,120,4,benchKey_28_93,bytes=30;client_id=28;clients=50
1777330832326,PUT,95,4,benchKey_10_93,bytes=30;client_id=10;clients=50
1777330832326,PUT,121,4,benchKey_7_93,bytes=29;client_id=7;clients=50
1777330832326,PUT,95,4,benchKey_4_93,bytes=29;client_id=4;clients=50
1777330832326,PUT,121,4,benchKey_11_93,bytes=30;client_id=11;clients=50
1777330832327,PUT,92,4,benchKey_42_93,bytes=30;client_id=42;clients=50
1777330832329,PUT,92,4,benchKey_24_93,bytes=30;client_id=24;clients=50
1777330832329,PUT,86,4,benchKey_20_94,bytes=30;client_id=20;clients=50
1777330832330,PUT,95,4,benchKey_48_93,bytes=30;client_id=48;clients=50
1777330832330,PUT,93,4,benchKey_34_93,bytes=30;client_id=34;clients=50
1777330832330,PUT,87,4,benchKey_16_93,bytes=30;client_id=16;clients=50
1777330832330,PUT,92,4,benchKey_41_92,bytes=30;client_id=41;clients=50
1777330832331,PUT,88,4,benchKey_6_93,bytes=29;client_id=6;clients=50
1777330832358,PUT,114,4,benchKey_22_93,bytes=30;client_id=22;clients=50
1777330832358,PUT,114,4,benchKey_1_93,bytes=29;client_id=1;clients=50
1777330832363,PUT,117,4,benchKey_36_93,bytes=30;client_id=36;clients=50
1777330832363,PUT,116,4,benchKey_5_93,bytes=29;client_id=5;clients=50
1777330832363,PUT,116,4,benchKey_15_93,bytes=30;client_id=15;clients=50
1777330832364,PUT,118,4,benchKey_47_93,bytes=30;client_id=47;clients=50
1777330832365,PUT,118,4,benchKey_14_94,bytes=30;client_id=14;clients=50
1777330832366,PUT,119,4,benchKey_19_94,bytes=30;client_id=19;clients=50
1777330832369,PUT,122,4,benchKey_30_94,bytes=30;client_id=30;clients=50
1777330832369,PUT,98,4,benchKey_38_93,bytes=30;client_id=38;clients=50
1777330832370,PUT,92,4,benchKey_46_94,bytes=30;client_id=46;clients=50
1777330832370,PUT,97,4,benchKey_12_93,bytes=30;client_id=12;clients=50
1777330832370,PUT,123,4,benchKey_8_93,bytes=29;client_id=8;clients=50
1777330832371,PUT,93,4,benchKey_39_93,bytes=30;client_id=39;clients=50
1777330832372,PUT,94,4,benchKey_37_94,bytes=30;client_id=37;clients=50
1777330832372,PUT,88,4,benchKey_0_93,bytes=29;client_id=0;clients=50
1777330832372,PUT,88,4,benchKey_2_93,bytes=29;client_id=2;clients=50
1777330832373,PUT,93,4,benchKey_27_93,bytes=30;client_id=27;clients=50
1777330832373,PUT,94,4,benchKey_40_94,bytes=30;client_id=40;clients=50
1777330832374,PUT,88,4,benchKey_33_93,bytes=30;client_id=33;clients=50
1777330832400,PUT,114,4,benchKey_32_93,bytes=30;client_id=32;clients=50
1777330832400,PUT,114,4,benchKey_49_93,bytes=30;client_id=49;clients=50
1777330832405,PUT,117,4,benchKey_35_93,bytes=30;client_id=35;clients=50
1777330832405,PUT,119,4,benchKey_9_93,bytes=29;client_id=9;clients=50
1777330832406,PUT,118,4,benchKey_25_94,bytes=30;client_id=25;clients=50
1777330832407,PUT,118,4,benchKey_43_93,bytes=30;client_id=43;clients=50
1777330832407,PUT,119,4,benchKey_3_94,bytes=29;client_id=3;clients=50
1777330832408,PUT,120,4,benchKey_45_94,bytes=30;client_id=45;clients=50
1777330832413,PUT,123,4,benchKey_29_94,bytes=30;client_id=29;clients=50
1777330832413,PUT,93,4,benchKey_18_94,bytes=30;client_id=18;clients=50
1777330832413,PUT,97,4,benchKey_26_94,bytes=30;client_id=26;clients=50
1777330832414,PUT,94,4,benchKey_13_94,bytes=30;client_id=13;clients=50
1777330832414,PUT,125,4,benchKey_31_94,bytes=30;client_id=31;clients=50
1777330832414,PUT,94,4,benchKey_17_94,bytes=30;client_id=17;clients=50
1777330832415,PUT,90,4,benchKey_28_94,bytes=30;client_id=28;clients=50
1777330832416,PUT,94,4,benchKey_23_95,bytes=30;client_id=23;clients=50
1777330832416,PUT,94,4,benchKey_21_94,bytes=30;client_id=21;clients=50
1777330832416,PUT,101,4,benchKey_44_94,bytes=30;client_id=44;clients=50
1777330832416,PUT,90,4,benchKey_10_94,bytes=30;client_id=10;clients=50
1777330832417,PUT,90,4,benchKey_7_94,bytes=29;client_id=7;clients=50
1777330832441,PUT,114,4,benchKey_11_94,bytes=30;client_id=11;clients=50
1777330832441,PUT,114,4,benchKey_4_94,bytes=29;client_id=4;clients=50
1777330832447,PUT,117,4,benchKey_24_94,bytes=30;client_id=24;clients=50
1777330832447,PUT,119,4,benchKey_42_94,bytes=30;client_id=42;clients=50
1777330832449,PUT,118,4,benchKey_48_94,bytes=30;client_id=48;clients=50
1777330832449,PUT,118,4,benchKey_16_94,bytes=30;client_id=16;clients=50
1777330832449,PUT,119,4,benchKey_20_95,bytes=30;client_id=20;clients=50
1777330832450,PUT,119,4,benchKey_34_94,bytes=30;client_id=34;clients=50
1777330832456,PUT,98,4,benchKey_22_94,bytes=30;client_id=22;clients=50
1777330832457,PUT,126,4,benchKey_41_93,bytes=30;client_id=41;clients=50
1777330832458,PUT,126,4,benchKey_6_94,bytes=29;client_id=6;clients=50
1777330832458,PUT,91,4,benchKey_19_95,bytes=30;client_id=19;clients=50
1777330832458,PUT,93,4,benchKey_47_94,bytes=30;client_id=47;clients=50
1777330832458,PUT,88,4,benchKey_38_94,bytes=30;client_id=38;clients=50
1777330832458,PUT,95,4,benchKey_15_94,bytes=30;client_id=15;clients=50
1777330832459,PUT,93,4,benchKey_14_95,bytes=30;client_id=14;clients=50
1777330832459,PUT,95,4,benchKey_5_94,bytes=29;client_id=5;clients=50
1777330832459,PUT,89,4,benchKey_30_95,bytes=30;client_id=30;clients=50
1777330832459,PUT,101,4,benchKey_1_94,bytes=29;client_id=1;clients=50
1777330832459,PUT,96,4,benchKey_36_94,bytes=30;client_id=36;clients=50
1777330832482,PUT,112,4,benchKey_46_95,bytes=30;client_id=46;clients=50
1777330832482,PUT,112,4,benchKey_12_94,bytes=30;client_id=12;clients=50
1777330832488,PUT,116,4,benchKey_37_95,bytes=30;client_id=37;clients=50
1777330832489,PUT,118,4,benchKey_8_94,bytes=29;client_id=8;clients=50
1777330832490,PUT,118,4,benchKey_39_94,bytes=30;client_id=39;clients=50
1777330832490,PUT,117,4,benchKey_2_94,bytes=29;client_id=2;clients=50
1777330832491,PUT,117,4,benchKey_27_94,bytes=30;client_id=27;clients=50
1777330832491,PUT,118,4,benchKey_0_94,bytes=29;client_id=0;clients=50
1777330832498,PUT,124,4,benchKey_40_95,bytes=30;client_id=40;clients=50
1777330832498,PUT,124,4,benchKey_33_94,bytes=30;client_id=33;clients=50
1777330832499,PUT,98,4,benchKey_32_94,bytes=30;client_id=32;clients=50
1777330832499,PUT,93,4,benchKey_35_94,bytes=30;client_id=35;clients=50
1777330832500,PUT,94,4,benchKey_9_94,bytes=29;client_id=9;clients=50
1777330832500,PUT,86,4,benchKey_18_95,bytes=30;client_id=18;clients=50
1777330832500,PUT,100,4,benchKey_49_94,bytes=30;client_id=49;clients=50
1777330832500,PUT,93,4,benchKey_43_94,bytes=30;client_id=43;clients=50
1777330832500,PUT,91,4,benchKey_45_95,bytes=30;client_id=45;clients=50
1777330832501,PUT,94,4,benchKey_25_95,bytes=30;client_id=25;clients=50
1777330832501,PUT,88,4,benchKey_29_95,bytes=30;client_id=29;clients=50
1777330832501,PUT,93,4,benchKey_3_95,bytes=29;client_id=3;clients=50
1777330832523,PUT,109,4,benchKey_26_95,bytes=30;client_id=26;clients=50
1777330832523,PUT,109,4,benchKey_13_95,bytes=30;client_id=13;clients=50
1777330832529,PUT,115,4,benchKey_31_95,bytes=30;client_id=31;clients=50
1777330832531,PUT,115,4,benchKey_28_95,bytes=30;client_id=28;clients=50
1777330832531,PUT,116,4,benchKey_17_95,bytes=30;client_id=17;clients=50
1777330832531,PUT,115,4,benchKey_23_96,bytes=30;client_id=23;clients=50
1777330832532,PUT,115,4,benchKey_44_95,bytes=30;client_id=44;clients=50
1777330832532,PUT,115,4,benchKey_21_95,bytes=30;client_id=21;clients=50
1777330832539,PUT,122,4,benchKey_10_95,bytes=30;client_id=10;clients=50
1777330832539,PUT,121,4,benchKey_7_95,bytes=29;client_id=7;clients=50
1777330832540,PUT,98,4,benchKey_4_95,bytes=29;client_id=4;clients=50
1777330832540,PUT,98,4,benchKey_11_95,bytes=30;client_id=11;clients=50
1777330832541,PUT,93,4,benchKey_42_95,bytes=30;client_id=42;clients=50
1777330832541,PUT,92,4,benchKey_48_95,bytes=30;client_id=48;clients=50
1777330832541,PUT,92,4,benchKey_16_95,bytes=30;client_id=16;clients=50
1777330832541,PUT,94,4,benchKey_24_95,bytes=30;client_id=24;clients=50
1777330832542,PUT,84,4,benchKey_41_94,bytes=30;client_id=41;clients=50
1777330832542,PUT,85,4,benchKey_22_95,bytes=30;client_id=22;clients=50
1777330832543,PUT,93,4,benchKey_20_96,bytes=30;client_id=20;clients=50
1777330832543,PUT,93,4,benchKey_34_95,bytes=30;client_id=34;clients=50
1777330832565,PUT,106,4,benchKey_19_96,bytes=30;client_id=19;clients=50
1777330832565,PUT,107,4,benchKey_6_95,bytes=29;client_id=6;clients=50
1777330832570,PUT,111,4,benchKey_47_95,bytes=30;client_id=47;clients=50
1777330832572,PUT,113,4,benchKey_15_95,bytes=30;client_id=15;clients=50
1777330832573,PUT,114,4,benchKey_14_96,bytes=30;client_id=14;clients=50
1777330832573,PUT,114,4,benchKey_38_95,bytes=30;client_id=38;clients=50
1777330832573,PUT,113,4,benchKey_30_96,bytes=30;client_id=30;clients=50
1777330832574,PUT,114,4,benchKey_5_95,bytes=29;client_id=5;clients=50
1777330832581,PUT,98,4,benchKey_46_96,bytes=30;client_id=46;clients=50
1777330832581,PUT,121,4,benchKey_36_95,bytes=30;client_id=36;clients=50
1777330832581,PUT,98,4,benchKey_12_95,bytes=30;client_id=12;clients=50
1777330832581,PUT,122,4,benchKey_1_95,bytes=29;client_id=1;clients=50
1777330832582,PUT,91,4,benchKey_39_95,bytes=30;client_id=39;clients=50
1777330832583,PUT,94,4,benchKey_37_96,bytes=30;client_id=37;clients=50
1777330832583,PUT,93,4,benchKey_8_95,bytes=29;client_id=8;clients=50
1777330832583,PUT,93,4,benchKey_2_95,bytes=29;client_id=2;clients=50
1777330832583,PUT,92,4,benchKey_27_95,bytes=30;client_id=27;clients=50
1777330832583,PUT,92,4,benchKey_0_95,bytes=29;client_id=0;clients=50
1777330832585,PUT,86,4,benchKey_33_95,bytes=30;client_id=33;clients=50
1777330832585,PUT,86,4,benchKey_40_96,bytes=30;client_id=40;clients=50
1777330832606,PUT,107,4,benchKey_32_95,bytes=30;client_id=32;clients=50
1777330832606,PUT,107,4,benchKey_35_95,bytes=30;client_id=35;clients=50
1777330832611,PUT,110,4,benchKey_9_95,bytes=29;client_id=9;clients=50
1777330832613,PUT,112,4,benchKey_18_96,bytes=30;client_id=18;clients=50
1777330832615,PUT,114,4,benchKey_49_95,bytes=30;client_id=49;clients=50
1777330832615,PUT,114,4,benchKey_45_96,bytes=30;client_id=45;clients=50
1777330832615,PUT,114,4,benchKey_43_95,bytes=30;client_id=43;clients=50
1777330832615,PUT,114,4,benchKey_25_96,bytes=30;client_id=25;clients=50
1777330832622,PUT,121,4,benchKey_3_96,bytes=29;client_id=3;clients=50
1777330832622,PUT,98,4,benchKey_26_96,bytes=30;client_id=26;clients=50
1777330832622,PUT,98,4,benchKey_13_96,bytes=30;client_id=13;clients=50
1777330832624,PUT,123,4,benchKey_29_96,bytes=30;client_id=29;clients=50
1777330832624,PUT,94,4,benchKey_31_96,bytes=30;client_id=31;clients=50
1777330832624,PUT,92,4,benchKey_21_96,bytes=30;client_id=21;clients=50
1777330832624,PUT,92,4,benchKey_17_96,bytes=30;client_id=17;clients=50
1777330832624,PUT,92,4,benchKey_44_96,bytes=30;client_id=44;clients=50
1777330832625,PUT,93,4,benchKey_23_97,bytes=30;client_id=23;clients=50
1777330832625,PUT,93,4,benchKey_28_96,bytes=30;client_id=28;clients=50
1777330832626,PUT,86,4,benchKey_7_96,bytes=29;client_id=7;clients=50
1777330832626,PUT,87,4,benchKey_10_96,bytes=30;client_id=10;clients=50
1777330832647,PUT,107,4,benchKey_11_96,bytes=30;client_id=11;clients=50
1777330832648,PUT,108,4,benchKey_4_96,bytes=29;client_id=4;clients=50
1777330832652,PUT,111,4,benchKey_42_96,bytes=30;client_id=42;clients=50
1777330832654,PUT,112,4,benchKey_48_96,bytes=30;client_id=48;clients=50
1777330832657,PUT,115,4,benchKey_22_96,bytes=30;client_id=22;clients=50
1777330832657,PUT,115,4,benchKey_41_95,bytes=30;client_id=41;clients=50
1777330832657,PUT,115,4,benchKey_24_96,bytes=30;client_id=24;clients=50
1777330832658,PUT,116,4,benchKey_16_96,bytes=30;client_id=16;clients=50
1777330832663,PUT,120,4,benchKey_20_97,bytes=30;client_id=20;clients=50
1777330832664,PUT,120,4,benchKey_34_96,bytes=30;client_id=34;clients=50
1777330832664,PUT,98,4,benchKey_19_97,bytes=30;client_id=19;clients=50
1777330832665,PUT,91,4,benchKey_14_97,bytes=30;client_id=14;clients=50
1777330832665,PUT,99,4,benchKey_6_96,bytes=29;client_id=6;clients=50
1777330832666,PUT,95,4,benchKey_47_96,bytes=30;client_id=47;clients=50
1777330832666,PUT,92,4,benchKey_38_96,bytes=30;client_id=38;clients=50
1777330832667,PUT,85,4,benchKey_36_96,bytes=30;client_id=36;clients=50
1777330832667,PUT,93,4,benchKey_5_96,bytes=29;client_id=5;clients=50
1777330832667,PUT,95,4,benchKey_15_96,bytes=30;client_id=15;clients=50
1777330832667,PUT,94,4,benchKey_30_97,bytes=30;client_id=30;clients=50
1777330832668,PUT,86,4,benchKey_46_97,bytes=30;client_id=46;clients=50
1777330832690,PUT,108,4,benchKey_1_96,bytes=29;client_id=1;clients=50
1777330832690,PUT,108,4,benchKey_12_96,bytes=30;client_id=12;clients=50
1777330832693,PUT,111,4,benchKey_39_96,bytes=30;client_id=39;clients=50
1777330832696,PUT,113,4,benchKey_37_97,bytes=30;client_id=37;clients=50
1777330832698,PUT,114,4,benchKey_27_96,bytes=30;client_id=27;clients=50
1777330832699,PUT,115,4,benchKey_2_96,bytes=29;client_id=2;clients=50
1777330832699,PUT,115,4,benchKey_8_96,bytes=29;client_id=8;clients=50
1777330832699,PUT,115,4,benchKey_0_96,bytes=29;client_id=0;clients=50
1777330832704,PUT,119,4,benchKey_33_96,bytes=30;client_id=33;clients=50
1777330832705,PUT,119,4,benchKey_40_97,bytes=30;client_id=40;clients=50
1777330832706,PUT,94,4,benchKey_9_96,bytes=29;client_id=9;clients=50
1777330832706,PUT,99,4,benchKey_32_96,bytes=30;client_id=32;clients=50
1777330832706,PUT,99,4,benchKey_35_96,bytes=30;client_id=35;clients=50
1777330832707,PUT,91,4,benchKey_49_96,bytes=30;client_id=49;clients=50
1777330832708,PUT,92,4,benchKey_25_97,bytes=30;client_id=25;clients=50
1777330832708,PUT,95,4,benchKey_18_97,bytes=30;client_id=18;clients=50
1777330832708,PUT,92,4,benchKey_45_97,bytes=30;client_id=45;clients=50
1777330832709,PUT,93,4,benchKey_43_96,bytes=30;client_id=43;clients=50
1777330832709,PUT,86,4,benchKey_26_97,bytes=30;client_id=26;clients=50
1777330832709,PUT,87,4,benchKey_3_97,bytes=29;client_id=3;clients=50
1777330832732,PUT,109,4,benchKey_13_97,bytes=30;client_id=13;clients=50
1777330832732,PUT,108,4,benchKey_29_97,bytes=30;client_id=29;clients=50
1777330832735,PUT,111,4,benchKey_31_97,bytes=30;client_id=31;clients=50
1777330832737,PUT,112,4,benchKey_21_97,bytes=30;client_id=21;clients=50
1777330832740,PUT,115,4,benchKey_28_97,bytes=30;client_id=28;clients=50
1777330832740,PUT,115,4,benchKey_17_97,bytes=30;client_id=17;clients=50
1777330832741,PUT,116,4,benchKey_23_98,bytes=30;client_id=23;clients=50
1777330832741,PUT,116,4,benchKey_44_97,bytes=30;client_id=44;clients=50
1777330832745,PUT,118,4,benchKey_7_97,bytes=29;client_id=7;clients=50
1777330832746,PUT,119,4,benchKey_10_97,bytes=30;client_id=10;clients=50
1777330832747,PUT,94,4,benchKey_42_97,bytes=30;client_id=42;clients=50
1777330832747,PUT,99,4,benchKey_11_97,bytes=30;client_id=11;clients=50
1777330832747,PUT,98,4,benchKey_4_97,bytes=29;client_id=4;clients=50
1777330832748,PUT,93,4,benchKey_48_97,bytes=30;client_id=48;clients=50
1777330832749,PUT,91,4,benchKey_22_97,bytes=30;client_id=22;clients=50
1777330832749,PUT,91,4,benchKey_41_96,bytes=30;client_id=41;clients=50
1777330832750,PUT,86,4,benchKey_20_98,bytes=30;client_id=20;clients=50
1777330832750,PUT,85,4,benchKey_34_97,bytes=30;client_id=34;clients=50
1777330832751,PUT,93,4,benchKey_16_97,bytes=30;client_id=16;clients=50
1777330832751,PUT,93,4,benchKey_24_97,bytes=30;client_id=24;clients=50
1777330832773,PUT,108,4,benchKey_14_98,bytes=30;client_id=14;clients=50
1777330832773,PUT,109,4,benchKey_19_98,bytes=30;client_id=19;clients=50
1777330832776,PUT,111,4,benchKey_6_97,bytes=29;client_id=6;clients=50
1777330832778,PUT,111,4,benchKey_47_97,bytes=30;client_id=47;clients=50
1777330832781,PUT,113,4,benchKey_36_97,bytes=30;client_id=36;clients=50
1777330832781,PUT,115,4,benchKey_38_97,bytes=30;client_id=38;clients=50
1777330832782,PUT,114,4,benchKey_5_97,bytes=29;client_id=5;clients=50
1777330832782,PUT,114,4,benchKey_15_97,bytes=30;client_id=15;clients=50
1777330832787,PUT,119,4,benchKey_30_98,bytes=30;client_id=30;clients=50
1777330832787,PUT,119,4,benchKey_46_98,bytes=30;client_id=46;clients=50
1777330832788,PUT,97,4,benchKey_1_97,bytes=29;client_id=1;clients=50
1777330832789,PUT,98,4,benchKey_12_97,bytes=30;client_id=12;clients=50
1777330832789,PUT,95,4,benchKey_39_97,bytes=30;client_id=39;clients=50
1777330832791,PUT,94,4,benchKey_37_98,bytes=30;client_id=37;clients=50
1777330832791,PUT,92,4,benchKey_2_97,bytes=29;client_id=2;clients=50
1777330832791,PUT,92,4,benchKey_27_97,bytes=30;client_id=27;clients=50
1777330832792,PUT,92,4,benchKey_0_97,bytes=29;client_id=0;clients=50
1777330832792,PUT,92,4,benchKey_8_97,bytes=29;client_id=8;clients=50
1777330832792,PUT,87,4,benchKey_40_98,bytes=30;client_id=40;clients=50
1777330832792,PUT,88,4,benchKey_33_97,bytes=30;client_id=33;clients=50
1777330832814,PUT,108,4,benchKey_9_97,bytes=29;client_id=9;clients=50
1777330832814,PUT,107,4,benchKey_32_97,bytes=30;client_id=32;clients=50
1777330832818,PUT,111,4,benchKey_35_97,bytes=30;client_id=35;clients=50
1777330832819,PUT,111,4,benchKey_49_97,bytes=30;client_id=49;clients=50
1777330832823,PUT,114,4,benchKey_43_97,bytes=30;client_id=43;clients=50
1777330832823,PUT,115,4,benchKey_45_98,bytes=30;client_id=45;clients=50
1777330832823,PUT,115,4,benchKey_18_98,bytes=30;client_id=18;clients=50
1777330832823,PUT,115,4,benchKey_25_98,bytes=30;client_id=25;clients=50
1777330832828,PUT,119,4,benchKey_26_98,bytes=30;client_id=26;clients=50
1777330832829,PUT,119,4,benchKey_3_98,bytes=29;client_id=3;clients=50
1777330832830,PUT,97,4,benchKey_13_98,bytes=30;client_id=13;clients=50
1777330832830,PUT,94,4,benchKey_31_98,bytes=30;client_id=31;clients=50
1777330832831,PUT,98,4,benchKey_29_98,bytes=30;client_id=29;clients=50
1777330832832,PUT,91,4,benchKey_17_98,bytes=30;client_id=17;clients=50
1777330832833,PUT,92,4,benchKey_28_98,bytes=30;client_id=28;clients=50
1777330832833,PUT,95,4,benchKey_21_98,bytes=30;client_id=21;clients=50
1777330832833,PUT,92,4,benchKey_44_98,bytes=30;client_id=44;clients=50
1777330832833,PUT,86,4,benchKey_10_98,bytes=30;client_id=10;clients=50
1777330832833,PUT,87,4,benchKey_7_98,bytes=29;client_id=7;clients=50
1777330832833,PUT,92,4,benchKey_23_99,bytes=30;client_id=23;clients=50
1777330832855,PUT,108,4,benchKey_42_98,bytes=30;client_id=42;clients=50
1777330832855,PUT,108,4,benchKey_11_98,bytes=30;client_id=11;clients=50
1777330832859,PUT,111,4,benchKey_4_98,bytes=29;client_id=4;clients=50
1777330832860,PUT,112,4,benchKey_48_98,bytes=30;client_id=48;clients=50
1777330832864,PUT,114,4,benchKey_20_99,bytes=30;client_id=20;clients=50
1777330832864,PUT,115,4,benchKey_22_98,bytes=30;client_id=22;clients=50
1777330832865,PUT,114,4,benchKey_34_98,bytes=30;client_id=34;clients=50
1777330832865,PUT,115,4,benchKey_41_97,bytes=30;client_id=41;clients=50
1777330832869,PUT,118,4,benchKey_16_98,bytes=30;client_id=16;clients=50
1777330832871,PUT,120,4,benchKey_24_98,bytes=30;client_id=24;clients=50
1777330832871,PUT,97,4,benchKey_19_99,bytes=30;client_id=19;clients=50
1777330832871,PUT,97,4,benchKey_14_99,bytes=30;client_id=14;clients=50
1777330832872,PUT,95,4,benchKey_6_98,bytes=29;client_id=6;clients=50
1777330832873,PUT,94,4,benchKey_47_98,bytes=30;client_id=47;clients=50
1777330832874,PUT,86,4,benchKey_46_99,bytes=30;client_id=46;clients=50
1777330832874,PUT,91,4,benchKey_15_98,bytes=30;client_id=15;clients=50
1777330832875,PUT,87,4,benchKey_30_99,bytes=30;client_id=30;clients=50
1777330832875,PUT,94,4,benchKey_36_98,bytes=30;client_id=36;clients=50
1777330832875,PUT,93,4,benchKey_38_98,bytes=30;client_id=38;clients=50
1777330832875,PUT,92,4,benchKey_5_98,bytes=29;client_id=5;clients=50
1777330832896,PUT,108,4,benchKey_1_98,bytes=29;client_id=1;clients=50
1777330832896,PUT,107,4,benchKey_39_98,bytes=30;client_id=39;clients=50
1777330832901,PUT,111,4,benchKey_12_98,bytes=30;client_id=12;clients=50
1777330832901,PUT,109,4,benchKey_2_98,bytes=29;client_id=2;clients=50
1777330832905,PUT,113,4,benchKey_37_99,bytes=30;client_id=37;clients=50
1777330832905,PUT,113,4,benchKey_27_98,bytes=30;client_id=27;clients=50
1777330832906,PUT,113,4,benchKey_8_98,bytes=29;client_id=8;clients=50
1777330832906,PUT,113,4,benchKey_0_98,bytes=29;client_id=0;clients=50
1777330832910,PUT,117,4,benchKey_40_99,bytes=30;client_id=40;clients=50
1777330832913,PUT,99,4,benchKey_9_98,bytes=29;client_id=9;clients=50
1777330832913,PUT,95,4,benchKey_35_98,bytes=30;client_id=35;clients=50
1777330832913,PUT,99,4,benchKey_32_98,bytes=30;client_id=32;clients=50
1777330832913,PUT,120,4,benchKey_33_98,bytes=30;client_id=33;clients=50
1777330832914,PUT,94,4,benchKey_49_98,bytes=30;client_id=49;clients=50
1777330832915,PUT,91,4,benchKey_43_98,bytes=30;client_id=43;clients=50
1777330832915,PUT,91,4,benchKey_45_99,bytes=30;client_id=45;clients=50
1777330832916,PUT,92,4,benchKey_25_99,bytes=30;client_id=25;clients=50
1777330832916,PUT,87,4,benchKey_3_99,bytes=29;client_id=3;clients=50
1777330832916,PUT,87,4,benchKey_26_99,bytes=30;client_id=26;clients=50
1777330832916,PUT,92,4,benchKey_18_99,bytes=30;client_id=18;clients=50
1777330832937,PUT,107,4,benchKey_13_99,bytes=30;client_id=13;clients=50
1777330832938,PUT,107,4,benchKey_31_99,bytes=30;client_id=31;clients=50
1777330832942,PUT,111,4,benchKey_29_99,bytes=30;client_id=29;clients=50
1777330832942,PUT,110,4,benchKey_17_99,bytes=30;client_id=17;clients=50
1777330832946,PUT,112,4,benchKey_21_99,bytes=30;client_id=21;clients=50
1777330832947,PUT,113,4,benchKey_10_99,bytes=30;client_id=10;clients=50
1777330832947,PUT,113,4,benchKey_28_99,bytes=30;client_id=28;clients=50
1777330832948,PUT,114,4,benchKey_44_99,bytes=30;client_id=44;clients=50
1777330832952,PUT,118,4,benchKey_7_99,bytes=29;client_id=7;clients=50
1777330832954,PUT,94,4,benchKey_48_99,bytes=30;client_id=48;clients=50
1777330832954,PUT,94,4,benchKey_4_99,bytes=29;client_id=4;clients=50
1777330832954,PUT,98,4,benchKey_42_99,bytes=30;client_id=42;clients=50
1777330832955,PUT,99,4,benchKey_11_99,bytes=30;client_id=11;clients=50
1777330832955,PUT,90,4,benchKey_22_99,bytes=30;client_id=22;clients=50
1777330832956,PUT,90,4,benchKey_41_98,bytes=30;client_id=41;clients=50
1777330832957,PUT,87,4,benchKey_16_99,bytes=30;client_id=16;clients=50
1777330832957,PUT,85,4,benchKey_24_99,bytes=30;client_id=24;clients=50
1777330832957,PUT,92,4,benchKey_34_99,bytes=30;client_id=34;clients=50
1777330832957,PUT,85,4,benchKey_6_99,bytes=29;client_id=6;clients=50
1777330832958,PUT,85,4,benchKey_47_99,bytes=30;client_id=47;clients=50
1777330832979,PUT,105,4,benchKey_15_99,bytes=30;client_id=15;clients=50
1777330832980,PUT,105,4,benchKey_36_99,bytes=30;client_id=36;clients=50
1777330832983,PUT,108,4,benchKey_38_99,bytes=30;client_id=38;clients=50
1777330832983,PUT,108,4,benchKey_5_99,bytes=29;client_id=5;clients=50
1777330832987,PUT,91,4,benchKey_1_99,bytes=29;client_id=1;clients=50
1777330832988,PUT,91,4,benchKey_39_99,bytes=30;client_id=39;clients=50
1777330832988,PUT,87,4,benchKey_12_99,bytes=30;client_id=12;clients=50
1777330832989,PUT,88,4,benchKey_2_99,bytes=29;client_id=2;clients=50
1777330832994,PUT,89,4,benchKey_27_99,bytes=30;client_id=27;clients=50
1777330832995,PUT,89,4,benchKey_0_99,bytes=29;client_id=0;clients=50
1777330832995,PUT,82,4,benchKey_35_99,bytes=30;client_id=35;clients=50
1777330832995,PUT,89,4,benchKey_8_99,bytes=29;client_id=8;clients=50
1777330832997,PUT,84,4,benchKey_9_99,bytes=29;client_id=9;clients=50
1777330832997,PUT,83,4,benchKey_32_99,bytes=30;client_id=32;clients=50
1777330832998,PUT,84,4,benchKey_33_99,bytes=30;client_id=33;clients=50
1777330832999,PUT,84,4,benchKey_43_99,bytes=30;client_id=43;clients=50
1777330833000,PUT,86,4,benchKey_49_99,bytes=30;client_id=49;clients=50
1777330833040,PUT,84,4,benchKey_41_99,bytes=30;client_id=41;clients=50
1777330838176,DATA_SKEW_BEFORE,0,0,,node=8003;keys_count=1252
1777330838224,DATA_SKEW_BEFORE,0,0,,node=8002;keys_count=1250
1777330838287,DATA_SKEW_BEFORE,0,0,,node=8004;keys_count=1250
1777330838338,DATA_SKEW_BEFORE,0,0,,node=8001;keys_count=1248
1777330838402,LEAVE,0,0,,node=127.0.0.1:8004
1777330891088,TRANSFER_BATCH,0,1,,source=8003;dest=8002;keys=417;bytes=26688
1777330891178,TRANSFER_BATCH,0,1,,source=8003;dest=8001;keys=419;bytes=26816
1777330891284,TRANSFER_BATCH,0,1,,source=8002;dest=8003;keys=419;bytes=26816
1777330891374,TRANSFER_BATCH,0,1,,source=8002;dest=8001;keys=414;bytes=26496
1777330891491,TRANSFER_BATCH,0,1,,source=8001;dest=8003;keys=413;bytes=26432
1777330891579,TRANSFER_BATCH,0,1,,source=8001;dest=8002;keys=415;bytes=26560
1777330891761,DATA_SKEW_AFTER,0,0,,node=8003;keys_count=1667;active_nodes=3
1777330891816,DATA_SKEW_AFTER,0,0,,node=8002;keys_count=1667;active_nodes=3
1777330891871,DATA_SKEW_AFTER,0,0,,node=8001;keys_count=1666;active_nodes=3
1777330891871,REBALANCE,53412,0,,keys_moved=2497;active_nodes=3
