timestamp_ms,operation,latency_ms,hop_count,key,extra
1779646934125,JOIN,0,0,,node=127.0.0.1:8003
1779646934159,JOIN,0,0,,node=127.0.0.1:8001
1779646934159,JOIN,0,0,,node=127.0.0.1:8017
1779646934184,JOIN,0,0,,node=127.0.0.1:8009
1779646934204,JOIN,0,0,,node=127.0.0.1:8004
1779646934206,JOIN,0,0,,node=127.0.0.1:8012
1779646934222,JOIN,0,0,,node=127.0.0.1:8016
1779646934251,JOIN,0,0,,node=127.0.0.1:8011
1779646934252,JOIN,0,0,,node=127.0.0.1:8010
1779646934263,JOIN,0,0,,node=127.0.0.1:8018
1779646934288,JOIN,0,0,,node=127.0.0.1:8002
1779646934299,JOIN,0,0,,node=127.0.0.1:8013
1779646934300,JOIN,0,0,,node=127.0.0.1:8019
1779646934323,JOIN,0,0,,node=127.0.0.1:8015
1779646934332,JOIN,0,0,,node=127.0.0.1:8020
1779646934332,JOIN,0,0,,node=127.0.0.1:8008
1779646934338,JOIN,0,0,,node=127.0.0.1:8005
1779646934345,REBALANCE,185,0,,keys_moved=0
1779646934354,JOIN,0,0,,node=127.0.0.1:8006
1779646934358,JOIN,0,0,,node=127.0.0.1:8014
1779646934384,REBALANCE,225,0,,keys_moved=0
1779646934385,REBALANCE,225,0,,keys_moved=0
1779646934405,JOIN,0,0,,node=127.0.0.1:8007
1779646934476,REBALANCE,292,0,,keys_moved=0
1779646934536,REBALANCE,331,0,,keys_moved=0
1779646934583,REBALANCE,377,0,,keys_moved=0
1779646934643,REBALANCE,420,0,,keys_moved=0
1779646934708,REBALANCE,457,0,,keys_moved=0
1779646934772,REBALANCE,519,0,,keys_moved=0
1779646934825,REBALANCE,561,0,,keys_moved=0
1779646934876,REBALANCE,588,0,,keys_moved=0
1779646934937,REBALANCE,638,0,,keys_moved=0
1779646935007,REBALANCE,707,0,,keys_moved=0
1779646935073,REBALANCE,750,0,,keys_moved=0
1779646935186,REBALANCE,852,0,,keys_moved=0
1779646935186,REBALANCE,853,0,,keys_moved=0
1779646935236,REBALANCE,898,0,,keys_moved=0
1779646935287,REBALANCE,933,0,,keys_moved=0
1779646935337,REBALANCE,979,0,,keys_moved=0
1779646935385,REBALANCE,980,0,,keys_moved=0
1779646935979,PUT,105,4,benchKey_29_0,bytes=29;client_id=29;clients=50
1779646935987,PUT,102,4,benchKey_39_0,bytes=29;client_id=39;clients=50
1779646935987,PUT,119,4,benchKey_28_0,bytes=29;client_id=28;clients=50
1779646935991,PUT,124,4,benchKey_2_0,bytes=28;client_id=2;clients=50
1779646935992,PUT,123,4,benchKey_22_0,bytes=29;client_id=22;clients=50
1779646935993,PUT,104,4,benchKey_36_0,bytes=29;client_id=36;clients=50
1779646935995,PUT,127,4,benchKey_48_0,bytes=29;client_id=48;clients=50
1779646935986,PUT,105,4,benchKey_5_0,bytes=28;client_id=5;clients=50
1779646935985,PUT,117,4,benchKey_40_0,bytes=29;client_id=40;clients=50
1779646935996,PUT,129,4,benchKey_34_0,bytes=29;client_id=34;clients=50
1779646935985,PUT,117,4,benchKey_47_0,bytes=29;client_id=47;clients=50
1779646935997,PUT,129,4,benchKey_30_0,bytes=29;client_id=30;clients=50
1779646935999,PUT,130,4,benchKey_35_0,bytes=29;client_id=35;clients=50
1779646935985,PUT,117,4,benchKey_0_0,bytes=28;client_id=0;clients=50
1779646935999,PUT,131,4,benchKey_31_0,bytes=29;client_id=31;clients=50
1779646936005,PUT,138,4,benchKey_15_0,bytes=29;client_id=15;clients=50
1779646936007,PUT,138,4,benchKey_14_0,bytes=29;client_id=14;clients=50
1779646936007,PUT,140,4,benchKey_37_0,bytes=29;client_id=37;clients=50
1779646936012,PUT,145,4,benchKey_26_0,bytes=29;client_id=26;clients=50
1779646936013,PUT,144,4,benchKey_21_0,bytes=29;client_id=21;clients=50
1779646936026,PUT,159,4,benchKey_33_0,bytes=29;client_id=33;clients=50
1779646936026,PUT,159,4,benchKey_17_0,bytes=29;client_id=17;clients=50
1779646936035,PUT,168,4,benchKey_19_0,bytes=29;client_id=19;clients=50
1779646936038,PUT,170,4,benchKey_3_0,bytes=28;client_id=3;clients=50
1779646936040,PUT,172,4,benchKey_4_0,bytes=28;client_id=4;clients=50
1779646936042,PUT,175,4,benchKey_1_0,bytes=28;client_id=1;clients=50
1779646936043,PUT,175,4,benchKey_43_0,bytes=29;client_id=43;clients=50
1779646936043,PUT,175,4,benchKey_25_0,bytes=29;client_id=25;clients=50
1779646936045,PUT,177,4,benchKey_45_0,bytes=29;client_id=45;clients=50
1779646936046,PUT,178,4,benchKey_9_0,bytes=28;client_id=9;clients=50
1779646936048,PUT,179,4,benchKey_18_0,bytes=29;client_id=18;clients=50
1779646936050,PUT,182,4,benchKey_6_0,bytes=28;client_id=6;clients=50
1779646936049,PUT,182,4,benchKey_10_0,bytes=29;client_id=10;clients=50
1779646936050,PUT,181,4,benchKey_12_0,bytes=29;client_id=12;clients=50
1779646936051,PUT,183,4,benchKey_8_0,bytes=28;client_id=8;clients=50
1779646936050,PUT,183,4,benchKey_7_0,bytes=28;client_id=7;clients=50
1779646936055,PUT,67,4,benchKey_28_1,bytes=29;client_id=28;clients=50
1779646936055,PUT,187,4,benchKey_41_0,bytes=29;client_id=41;clients=50
1779646936056,PUT,187,4,benchKey_20_0,bytes=29;client_id=20;clients=50
1779646936058,PUT,189,4,benchKey_16_0,bytes=29;client_id=16;clients=50
1779646936062,PUT,194,4,benchKey_27_0,bytes=29;client_id=27;clients=50
1779646936063,PUT,195,4,benchKey_44_0,bytes=29;client_id=44;clients=50
1779646936063,PUT,194,4,benchKey_13_0,bytes=29;client_id=13;clients=50
1779646936069,PUT,202,4,benchKey_11_0,bytes=29;client_id=11;clients=50
1779646936078,PUT,210,4,benchKey_42_0,bytes=29;client_id=42;clients=50
1779646936080,PUT,212,4,benchKey_32_0,bytes=29;client_id=32;clients=50
1779646936083,PUT,215,4,benchKey_49_0,bytes=29;client_id=49;clients=50
1779646936084,PUT,215,4,benchKey_24_0,bytes=29;client_id=24;clients=50
1779646936085,PUT,217,4,benchKey_46_0,bytes=29;client_id=46;clients=50
1779646936086,PUT,219,4,benchKey_23_0,bytes=29;client_id=23;clients=50
1779646936092,PUT,224,4,benchKey_38_0,bytes=29;client_id=38;clients=50
1779646936092,PUT,100,4,benchKey_2_1,bytes=28;client_id=2;clients=50
1779646936094,PUT,106,4,benchKey_29_1,bytes=29;client_id=29;clients=50
1779646936097,PUT,104,4,benchKey_22_1,bytes=29;client_id=22;clients=50
1779646936097,PUT,102,4,benchKey_48_1,bytes=29;client_id=48;clients=50
1779646936100,PUT,104,4,benchKey_40_1,bytes=29;client_id=40;clients=50
1779646936102,PUT,107,4,benchKey_36_1,bytes=29;client_id=36;clients=50
1779646936102,PUT,106,4,benchKey_5_1,bytes=28;client_id=5;clients=50
1779646936103,PUT,106,4,benchKey_34_1,bytes=29;client_id=34;clients=50
1779646936103,PUT,107,4,benchKey_47_1,bytes=29;client_id=47;clients=50
1779646936106,PUT,118,4,benchKey_39_1,bytes=29;client_id=39;clients=50
1779646936107,PUT,107,4,benchKey_30_1,bytes=29;client_id=30;clients=50
1779646936109,PUT,109,4,benchKey_35_1,bytes=29;client_id=35;clients=50
1779646936115,PUT,115,4,benchKey_0_1,bytes=28;client_id=0;clients=50
1779646936122,PUT,118,4,benchKey_31_1,bytes=29;client_id=31;clients=50
1779646936124,PUT,117,4,benchKey_15_1,bytes=29;client_id=15;clients=50
1779646936125,PUT,117,4,benchKey_14_1,bytes=29;client_id=14;clients=50
1779646936126,PUT,117,4,benchKey_37_1,bytes=29;client_id=37;clients=50
1779646936128,PUT,115,4,benchKey_26_1,bytes=29;client_id=26;clients=50
1779646936131,PUT,117,4,benchKey_21_1,bytes=29;client_id=21;clients=50
1779646936137,PUT,109,4,benchKey_33_1,bytes=29;client_id=33;clients=50
1779646936137,PUT,109,4,benchKey_17_1,bytes=29;client_id=17;clients=50
1779646936140,PUT,99,4,benchKey_4_1,bytes=28;client_id=4;clients=50
1779646936143,PUT,105,4,benchKey_3_1,bytes=28;client_id=3;clients=50
1779646936145,PUT,109,4,benchKey_19_1,bytes=29;client_id=19;clients=50
1779646936145,PUT,102,4,benchKey_1_1,bytes=28;client_id=1;clients=50
1779646936147,PUT,102,4,benchKey_25_1,bytes=29;client_id=25;clients=50
1779646936152,PUT,100,4,benchKey_12_1,bytes=29;client_id=12;clients=50
1779646936152,PUT,106,4,benchKey_45_1,bytes=29;client_id=45;clients=50
1779646936154,PUT,104,4,benchKey_18_1,bytes=29;client_id=18;clients=50
1779646936158,PUT,73,4,benchKey_46_1,bytes=29;client_id=46;clients=50
1779646936159,PUT,112,4,benchKey_9_1,bytes=28;client_id=9;clients=50
1779646936161,PUT,117,4,benchKey_43_1,bytes=29;client_id=43;clients=50
1779646936163,PUT,110,4,benchKey_10_1,bytes=29;client_id=10;clients=50
1779646936161,PUT,111,4,benchKey_6_1,bytes=28;client_id=6;clients=50
1779646936169,PUT,112,4,benchKey_41_1,bytes=29;client_id=41;clients=50
1779646936170,PUT,116,4,benchKey_8_1,bytes=28;client_id=8;clients=50
1779646936170,PUT,116,4,benchKey_7_1,bytes=28;client_id=7;clients=50
1779646936172,PUT,114,4,benchKey_20_1,bytes=29;client_id=20;clients=50
1779646936175,PUT,119,4,benchKey_28_2,bytes=29;client_id=28;clients=50
1779646936177,PUT,114,4,benchKey_16_1,bytes=29;client_id=16;clients=50
1779646936180,PUT,116,4,benchKey_27_1,bytes=29;client_id=27;clients=50
1779646936182,PUT,117,4,benchKey_44_1,bytes=29;client_id=44;clients=50
1779646936188,PUT,106,4,benchKey_32_1,bytes=29;client_id=32;clients=50
1779646936188,PUT,122,4,benchKey_13_1,bytes=29;client_id=13;clients=50
1779646936191,PUT,112,4,benchKey_42_1,bytes=29;client_id=42;clients=50
1779646936191,PUT,122,4,benchKey_11_1,bytes=29;client_id=11;clients=50
1779646936193,PUT,108,4,benchKey_49_1,bytes=29;client_id=49;clients=50
1779646936195,PUT,109,4,benchKey_24_1,bytes=29;client_id=24;clients=50
1779646936200,PUT,113,4,benchKey_23_1,bytes=29;client_id=23;clients=50
1779646936202,PUT,107,4,benchKey_29_2,bytes=29;client_id=29;clients=50
1779646936205,PUT,111,4,benchKey_2_2,bytes=28;client_id=2;clients=50
1779646936205,PUT,111,4,benchKey_38_1,bytes=29;client_id=38;clients=50
1779646936206,PUT,108,4,benchKey_22_2,bytes=29;client_id=22;clients=50
1779646936209,PUT,111,4,benchKey_48_2,bytes=29;client_id=48;clients=50
1779646936212,PUT,110,4,benchKey_36_2,bytes=29;client_id=36;clients=50
1779646936214,PUT,111,4,benchKey_5_2,bytes=28;client_id=5;clients=50
1779646936215,PUT,115,4,benchKey_40_2,bytes=29;client_id=40;clients=50
1779646936217,PUT,113,4,benchKey_34_2,bytes=29;client_id=34;clients=50
1779646936218,PUT,114,4,benchKey_47_2,bytes=29;client_id=47;clients=50
1779646936220,PUT,113,4,benchKey_39_2,bytes=29;client_id=39;clients=50
1779646936222,PUT,115,4,benchKey_30_2,bytes=29;client_id=30;clients=50
1779646936224,PUT,115,4,benchKey_35_2,bytes=29;client_id=35;clients=50
1779646936230,PUT,115,4,benchKey_0_2,bytes=28;client_id=0;clients=50
1779646936233,PUT,110,4,benchKey_31_2,bytes=29;client_id=31;clients=50
1779646936234,PUT,108,4,benchKey_14_2,bytes=29;client_id=14;clients=50
1779646936234,PUT,109,4,benchKey_15_2,bytes=29;client_id=15;clients=50
1779646936235,PUT,109,4,benchKey_37_2,bytes=29;client_id=37;clients=50
1779646936238,PUT,110,4,benchKey_26_2,bytes=29;client_id=26;clients=50
1779646936244,PUT,107,4,benchKey_33_2,bytes=29;client_id=33;clients=50
1779646936244,PUT,113,4,benchKey_21_2,bytes=29;client_id=21;clients=50
1779646936248,PUT,110,4,benchKey_17_2,bytes=29;client_id=17;clients=50
1779646936249,PUT,104,4,benchKey_3_2,bytes=28;client_id=3;clients=50
1779646936249,PUT,109,4,benchKey_4_2,bytes=28;client_id=4;clients=50
1779646936251,PUT,106,4,benchKey_19_2,bytes=29;client_id=19;clients=50
1779646936254,PUT,108,4,benchKey_1_2,bytes=28;client_id=1;clients=50
1779646936258,PUT,110,4,benchKey_25_2,bytes=29;client_id=25;clients=50
1779646936259,PUT,106,4,benchKey_12_2,bytes=29;client_id=12;clients=50
1779646936261,PUT,107,4,benchKey_45_2,bytes=29;client_id=45;clients=50
1779646936261,PUT,107,4,benchKey_18_2,bytes=29;client_id=18;clients=50
1779646936262,PUT,103,4,benchKey_46_2,bytes=29;client_id=46;clients=50
1779646936264,PUT,104,4,benchKey_9_2,bytes=28;client_id=9;clients=50
1779646936267,PUT,104,4,benchKey_43_2,bytes=29;client_id=43;clients=50
1779646936274,PUT,109,4,benchKey_6_2,bytes=28;client_id=6;clients=50
1779646936275,PUT,110,4,benchKey_10_2,bytes=29;client_id=10;clients=50
1779646936277,PUT,107,4,benchKey_41_2,bytes=29;client_id=41;clients=50
1779646936277,PUT,107,4,benchKey_8_2,bytes=28;client_id=8;clients=50
1779646936278,PUT,108,4,benchKey_7_2,bytes=28;client_id=7;clients=50
1779646936280,PUT,107,4,benchKey_20_2,bytes=29;client_id=20;clients=50
1779646936287,PUT,109,4,benchKey_16_2,bytes=29;client_id=16;clients=50
1779646936288,PUT,112,4,benchKey_28_3,bytes=29;client_id=28;clients=50
1779646936290,PUT,110,4,benchKey_27_2,bytes=29;client_id=27;clients=50
1779646936291,PUT,108,4,benchKey_44_2,bytes=29;client_id=44;clients=50
1779646936291,PUT,103,4,benchKey_32_2,bytes=29;client_id=32;clients=50
1779646936293,PUT,105,4,benchKey_13_2,bytes=29;client_id=13;clients=50
1779646936296,PUT,105,4,benchKey_42_2,bytes=29;client_id=42;clients=50
1779646936300,PUT,108,4,benchKey_11_2,bytes=29;client_id=11;clients=50
1779646936301,PUT,108,4,benchKey_49_2,bytes=29;client_id=49;clients=50
1779646936303,PUT,108,4,benchKey_24_2,bytes=29;client_id=24;clients=50
1779646936303,PUT,102,4,benchKey_23_2,bytes=29;client_id=23;clients=50
1779646936304,PUT,102,4,benchKey_29_3,bytes=29;client_id=29;clients=50
1779646936307,PUT,102,4,benchKey_2_3,bytes=28;client_id=2;clients=50
1779646936309,PUT,103,4,benchKey_38_2,bytes=29;client_id=38;clients=50
1779646936316,PUT,110,4,benchKey_22_3,bytes=29;client_id=22;clients=50
1779646936318,PUT,108,4,benchKey_48_3,bytes=29;client_id=48;clients=50
1779646936319,PUT,106,4,benchKey_36_3,bytes=29;client_id=36;clients=50
1779646936321,PUT,106,4,benchKey_5_3,bytes=28;client_id=5;clients=50
1779646936321,PUT,106,4,benchKey_40_3,bytes=29;client_id=40;clients=50
1779646936323,PUT,105,4,benchKey_34_3,bytes=29;client_id=34;clients=50
1779646936329,PUT,111,4,benchKey_47_3,bytes=29;client_id=47;clients=50
1779646936330,PUT,110,4,benchKey_39_3,bytes=29;client_id=39;clients=50
1779646936333,PUT,108,4,benchKey_35_3,bytes=29;client_id=35;clients=50
1779646936333,PUT,110,4,benchKey_30_3,bytes=29;client_id=30;clients=50
1779646936333,PUT,102,4,benchKey_0_3,bytes=28;client_id=0;clients=50
1779646936335,PUT,102,4,benchKey_31_3,bytes=29;client_id=31;clients=50
1779646936338,PUT,104,4,benchKey_14_3,bytes=29;client_id=14;clients=50
1779646936342,PUT,108,4,benchKey_15_3,bytes=29;client_id=15;clients=50
1779646936344,PUT,108,4,benchKey_37_3,bytes=29;client_id=37;clients=50
1779646936345,PUT,100,4,benchKey_33_3,bytes=29;client_id=33;clients=50
1779646936345,PUT,107,4,benchKey_26_3,bytes=29;client_id=26;clients=50
1779646936347,PUT,102,4,benchKey_21_3,bytes=29;client_id=21;clients=50
1779646936349,PUT,100,4,benchKey_17_3,bytes=29;client_id=17;clients=50
1779646936352,PUT,103,4,benchKey_3_3,bytes=28;client_id=3;clients=50
1779646936359,PUT,107,4,benchKey_19_3,bytes=29;client_id=19;clients=50
1779646936360,PUT,110,4,benchKey_4_3,bytes=28;client_id=4;clients=50
1779646936363,PUT,104,4,benchKey_12_3,bytes=29;client_id=12;clients=50
1779646936364,PUT,109,4,benchKey_1_3,bytes=28;client_id=1;clients=50
1779646936366,PUT,107,4,benchKey_25_3,bytes=29;client_id=25;clients=50
1779646936366,PUT,104,4,benchKey_45_3,bytes=29;client_id=45;clients=50
1779646936372,PUT,108,4,benchKey_46_3,bytes=29;client_id=46;clients=50
1779646936372,PUT,110,4,benchKey_18_3,bytes=29;client_id=18;clients=50
1779646936377,PUT,112,4,benchKey_9_3,bytes=28;client_id=9;clients=50
1779646936378,PUT,110,4,benchKey_43_3,bytes=29;client_id=43;clients=50
1779646936378,PUT,103,4,benchKey_6_3,bytes=28;client_id=6;clients=50
1779646936380,PUT,104,4,benchKey_10_3,bytes=29;client_id=10;clients=50
1779646936383,PUT,106,4,benchKey_41_3,bytes=29;client_id=41;clients=50
1779646936384,PUT,106,4,benchKey_8_3,bytes=28;client_id=8;clients=50
1779646936387,PUT,108,4,benchKey_7_3,bytes=28;client_id=7;clients=50
1779646936388,PUT,107,4,benchKey_20_3,bytes=29;client_id=20;clients=50
1779646936391,PUT,103,4,benchKey_28_4,bytes=29;client_id=28;clients=50
1779646936392,PUT,104,4,benchKey_16_3,bytes=29;client_id=16;clients=50
1779646936394,PUT,103,4,benchKey_27_3,bytes=29;client_id=27;clients=50
1779646936396,PUT,104,4,benchKey_44_3,bytes=29;client_id=44;clients=50
1779646936402,PUT,110,4,benchKey_32_3,bytes=29;client_id=32;clients=50
1779646936402,PUT,109,4,benchKey_13_3,bytes=29;client_id=13;clients=50
1779646936408,PUT,107,4,benchKey_11_3,bytes=29;client_id=11;clients=50
1779646936408,PUT,111,4,benchKey_42_3,bytes=29;client_id=42;clients=50
1779646936411,PUT,107,4,benchKey_23_3,bytes=29;client_id=23;clients=50
1779646936412,PUT,110,4,benchKey_49_3,bytes=29;client_id=49;clients=50
1779646936414,PUT,110,4,benchKey_24_3,bytes=29;client_id=24;clients=50
1779646936414,PUT,109,4,benchKey_29_4,bytes=29;client_id=29;clients=50
1779646936418,PUT,111,4,benchKey_2_4,bytes=28;client_id=2;clients=50
1779646936420,PUT,110,4,benchKey_38_3,bytes=29;client_id=38;clients=50
1779646936423,PUT,104,4,benchKey_48_4,bytes=29;client_id=48;clients=50
1779646936423,PUT,106,4,benchKey_22_4,bytes=29;client_id=22;clients=50
1779646936427,PUT,105,4,benchKey_5_4,bytes=28;client_id=5;clients=50
1779646936428,PUT,108,4,benchKey_36_4,bytes=29;client_id=36;clients=50
1779646936430,PUT,106,4,benchKey_34_4,bytes=29;client_id=34;clients=50
1779646936432,PUT,109,4,benchKey_40_4,bytes=29;client_id=40;clients=50
1779646936436,PUT,106,4,benchKey_47_4,bytes=29;client_id=47;clients=50
1779646936436,PUT,106,4,benchKey_39_4,bytes=29;client_id=39;clients=50
1779646936439,PUT,105,4,benchKey_35_4,bytes=29;client_id=35;clients=50
1779646936440,PUT,106,4,benchKey_30_4,bytes=29;client_id=30;clients=50
1779646936446,PUT,110,4,benchKey_31_4,bytes=29;client_id=31;clients=50
1779646936447,PUT,113,4,benchKey_0_4,bytes=28;client_id=0;clients=50
1779646936454,PUT,111,4,benchKey_15_4,bytes=29;client_id=15;clients=50
1779646936454,PUT,115,4,benchKey_14_4,bytes=29;client_id=14;clients=50
1779646936455,PUT,110,4,benchKey_37_4,bytes=29;client_id=37;clients=50
1779646936456,PUT,109,4,benchKey_33_4,bytes=29;client_id=33;clients=50
1779646936456,PUT,110,4,benchKey_26_4,bytes=29;client_id=26;clients=50
1779646936459,PUT,112,4,benchKey_21_4,bytes=29;client_id=21;clients=50
1779646936460,PUT,110,4,benchKey_17_4,bytes=29;client_id=17;clients=50
1779646936463,PUT,111,4,benchKey_3_4,bytes=28;client_id=3;clients=50
1779646936466,PUT,106,4,benchKey_19_4,bytes=29;client_id=19;clients=50
1779646936467,PUT,107,4,benchKey_4_4,bytes=28;client_id=4;clients=50
1779646936470,PUT,105,4,benchKey_12_4,bytes=29;client_id=12;clients=50
1779646936472,PUT,107,4,benchKey_1_4,bytes=28;client_id=1;clients=50
1779646936472,PUT,106,4,benchKey_25_4,bytes=29;client_id=25;clients=50
1779646936475,PUT,108,4,benchKey_45_4,bytes=29;client_id=45;clients=50
1779646936478,PUT,106,4,benchKey_18_4,bytes=29;client_id=18;clients=50
1779646936479,PUT,107,4,benchKey_46_4,bytes=29;client_id=46;clients=50
1779646936481,PUT,104,4,benchKey_9_4,bytes=28;client_id=9;clients=50
1779646936482,PUT,103,4,benchKey_6_4,bytes=28;client_id=6;clients=50
1779646936488,PUT,110,4,benchKey_43_4,bytes=29;client_id=43;clients=50
1779646936489,PUT,108,4,benchKey_10_4,bytes=29;client_id=10;clients=50
1779646936499,PUT,111,4,benchKey_7_4,bytes=28;client_id=7;clients=50
1779646936500,PUT,108,4,benchKey_28_5,bytes=29;client_id=28;clients=50
1779646936500,PUT,115,4,benchKey_41_4,bytes=29;client_id=41;clients=50
1779646936500,PUT,115,4,benchKey_8_4,bytes=28;client_id=8;clients=50
1779646936502,PUT,113,4,benchKey_20_4,bytes=29;client_id=20;clients=50
1779646936503,PUT,110,4,benchKey_16_4,bytes=29;client_id=16;clients=50
1779646936504,PUT,108,4,benchKey_27_4,bytes=29;client_id=27;clients=50
1779646936505,PUT,109,4,benchKey_44_4,bytes=29;client_id=44;clients=50
1779646936508,PUT,105,4,benchKey_32_4,bytes=29;client_id=32;clients=50
1779646936510,PUT,107,4,benchKey_13_4,bytes=29;client_id=13;clients=50
1779646936512,PUT,103,4,benchKey_11_4,bytes=29;client_id=11;clients=50
1779646936514,PUT,103,4,benchKey_23_4,bytes=29;client_id=23;clients=50
1779646936516,PUT,106,4,benchKey_42_4,bytes=29;client_id=42;clients=50
1779646936518,PUT,105,4,benchKey_49_4,bytes=29;client_id=49;clients=50
1779646936521,PUT,106,4,benchKey_29_5,bytes=29;client_id=29;clients=50
1779646936522,PUT,107,4,benchKey_24_4,bytes=29;client_id=24;clients=50
1779646936524,PUT,105,4,benchKey_2_5,bytes=28;client_id=2;clients=50
1779646936525,PUT,104,4,benchKey_38_4,bytes=29;client_id=38;clients=50
1779646936530,PUT,107,4,benchKey_48_5,bytes=29;client_id=48;clients=50
1779646936532,PUT,108,4,benchKey_22_5,bytes=29;client_id=22;clients=50
1779646936542,PUT,114,4,benchKey_5_5,bytes=28;client_id=5;clients=50
1779646936543,PUT,113,4,benchKey_34_5,bytes=29;client_id=34;clients=50
1779646936545,PUT,112,4,benchKey_40_5,bytes=29;client_id=40;clients=50
1779646936545,PUT,109,4,benchKey_47_5,bytes=29;client_id=47;clients=50
1779646936547,PUT,107,4,benchKey_35_5,bytes=29;client_id=35;clients=50
1779646936547,PUT,110,4,benchKey_39_5,bytes=29;client_id=39;clients=50
1779646936548,PUT,119,4,benchKey_36_5,bytes=29;client_id=36;clients=50
1779646936549,PUT,108,4,benchKey_30_5,bytes=29;client_id=30;clients=50
1779646936553,PUT,107,4,benchKey_31_5,bytes=29;client_id=31;clients=50
1779646936555,PUT,107,4,benchKey_0_5,bytes=28;client_id=0;clients=50
1779646936555,PUT,101,4,benchKey_14_5,bytes=29;client_id=14;clients=50
1779646936557,PUT,102,4,benchKey_15_5,bytes=29;client_id=15;clients=50
1779646936558,PUT,102,4,benchKey_37_5,bytes=29;client_id=37;clients=50
1779646936559,PUT,101,4,benchKey_33_5,bytes=29;client_id=33;clients=50
1779646936563,PUT,104,4,benchKey_21_5,bytes=29;client_id=21;clients=50
1779646936563,PUT,105,4,benchKey_26_5,bytes=29;client_id=26;clients=50
1779646936566,PUT,105,4,benchKey_17_5,bytes=29;client_id=17;clients=50
1779646936566,PUT,102,4,benchKey_3_5,bytes=28;client_id=3;clients=50
1779646936572,PUT,106,4,benchKey_19_5,bytes=29;client_id=19;clients=50
1779646936574,PUT,107,4,benchKey_4_5,bytes=28;client_id=4;clients=50
1779646936583,PUT,113,4,benchKey_12_5,bytes=29;client_id=12;clients=50
1779646936587,PUT,114,4,benchKey_25_5,bytes=29;client_id=25;clients=50
1779646936588,PUT,116,4,benchKey_1_5,bytes=28;client_id=1;clients=50
1779646936589,PUT,114,4,benchKey_45_5,bytes=29;client_id=45;clients=50
1779646936591,PUT,111,4,benchKey_46_5,bytes=29;client_id=46;clients=50
1779646936593,PUT,112,4,benchKey_9_5,bytes=28;client_id=9;clients=50
1779646936593,PUT,114,4,benchKey_18_5,bytes=29;client_id=18;clients=50
1779646936594,PUT,112,4,benchKey_6_5,bytes=28;client_id=6;clients=50
1779646936596,PUT,107,4,benchKey_43_5,bytes=29;client_id=43;clients=50
1779646936597,PUT,98,4,benchKey_7_5,bytes=28;client_id=7;clients=50
1779646936597,PUT,108,4,benchKey_10_5,bytes=29;client_id=10;clients=50
1779646936599,PUT,99,4,benchKey_28_6,bytes=29;client_id=28;clients=50
1779646936599,PUT,99,4,benchKey_41_5,bytes=29;client_id=41;clients=50
1779646936602,PUT,101,4,benchKey_8_5,bytes=28;client_id=8;clients=50
1779646936607,PUT,104,4,benchKey_20_5,bytes=29;client_id=20;clients=50
1779646936607,PUT,103,4,benchKey_16_5,bytes=29;client_id=16;clients=50
1779646936608,PUT,104,4,benchKey_27_5,bytes=29;client_id=27;clients=50
1779646936608,PUT,102,4,benchKey_44_5,bytes=29;client_id=44;clients=50
1779646936615,PUT,106,4,benchKey_32_5,bytes=29;client_id=32;clients=50
1779646936617,PUT,106,4,benchKey_13_5,bytes=29;client_id=13;clients=50
1779646936625,PUT,113,4,benchKey_11_5,bytes=29;client_id=11;clients=50
1779646936630,PUT,115,4,benchKey_23_5,bytes=29;client_id=23;clients=50
1779646936630,PUT,114,4,benchKey_42_5,bytes=29;client_id=42;clients=50
1779646936631,PUT,113,4,benchKey_49_5,bytes=29;client_id=49;clients=50
1779646936633,PUT,112,4,benchKey_29_6,bytes=29;client_id=29;clients=50
1779646936635,PUT,110,4,benchKey_2_6,bytes=28;client_id=2;clients=50
1779646936637,PUT,115,4,benchKey_24_5,bytes=29;client_id=24;clients=50
1779646936637,PUT,112,4,benchKey_38_5,bytes=29;client_id=38;clients=50
1779646936638,PUT,107,4,benchKey_48_6,bytes=29;client_id=48;clients=50
1779646936640,PUT,107,4,benchKey_22_6,bytes=29;client_id=22;clients=50
1779646936640,PUT,98,4,benchKey_5_6,bytes=28;client_id=5;clients=50
1779646936641,PUT,96,4,benchKey_40_6,bytes=29;client_id=40;clients=50
1779646936641,PUT,97,4,benchKey_34_6,bytes=29;client_id=34;clients=50
1779646936645,PUT,99,4,benchKey_47_6,bytes=29;client_id=47;clients=50
1779646936648,PUT,101,4,benchKey_35_6,bytes=29;client_id=35;clients=50
1779646936648,PUT,101,4,benchKey_39_6,bytes=29;client_id=39;clients=50
1779646936650,PUT,101,4,benchKey_30_6,bytes=29;client_id=30;clients=50
1779646936650,PUT,101,4,benchKey_36_6,bytes=29;client_id=36;clients=50
1779646936657,PUT,103,4,benchKey_31_6,bytes=29;client_id=31;clients=50
1779646936659,PUT,104,4,benchKey_0_6,bytes=28;client_id=0;clients=50
1779646936667,PUT,111,4,benchKey_14_6,bytes=29;client_id=14;clients=50
1779646936673,PUT,115,4,benchKey_37_6,bytes=29;client_id=37;clients=50
1779646936673,PUT,116,4,benchKey_15_6,bytes=29;client_id=15;clients=50
1779646936673,PUT,113,4,benchKey_33_6,bytes=29;client_id=33;clients=50
1779646936676,PUT,112,4,benchKey_21_6,bytes=29;client_id=21;clients=50
1779646936677,PUT,113,4,benchKey_26_6,bytes=29;client_id=26;clients=50
1779646936679,PUT,112,4,benchKey_17_6,bytes=29;client_id=17;clients=50
1779646936680,PUT,113,4,benchKey_3_6,bytes=28;client_id=3;clients=50
1779646936681,PUT,108,4,benchKey_19_6,bytes=29;client_id=19;clients=50
1779646936682,PUT,98,4,benchKey_12_6,bytes=29;client_id=12;clients=50
1779646936682,PUT,107,4,benchKey_4_6,bytes=28;client_id=4;clients=50
1779646936684,PUT,95,4,benchKey_1_6,bytes=28;client_id=1;clients=50
1779646936684,PUT,97,4,benchKey_25_6,bytes=29;client_id=25;clients=50
1779646936687,PUT,98,4,benchKey_45_6,bytes=29;client_id=45;clients=50
1779646936690,PUT,98,4,benchKey_46_6,bytes=29;client_id=46;clients=50
1779646936691,PUT,97,4,benchKey_9_6,bytes=28;client_id=9;clients=50
1779646936693,PUT,98,4,benchKey_6_6,bytes=28;client_id=6;clients=50
1779646936693,PUT,99,4,benchKey_18_6,bytes=29;client_id=18;clients=50
1779646936700,PUT,104,4,benchKey_43_6,bytes=29;client_id=43;clients=50
1779646936701,PUT,104,4,benchKey_7_6,bytes=28;client_id=7;clients=50
1779646936710,PUT,113,4,benchKey_10_6,bytes=29;client_id=10;clients=50
1779646936715,PUT,112,4,benchKey_8_6,bytes=28;client_id=8;clients=50
1779646936715,PUT,115,4,benchKey_41_6,bytes=29;client_id=41;clients=50
1779646936716,PUT,117,4,benchKey_28_7,bytes=29;client_id=28;clients=50
1779646936718,PUT,111,4,benchKey_20_6,bytes=29;client_id=20;clients=50
1779646936719,PUT,112,4,benchKey_16_6,bytes=29;client_id=16;clients=50
1779646936721,PUT,112,4,benchKey_27_6,bytes=29;client_id=27;clients=50
1779646936722,PUT,113,4,benchKey_44_6,bytes=29;client_id=44;clients=50
1779646936723,PUT,107,4,benchKey_32_6,bytes=29;client_id=32;clients=50
1779646936724,PUT,98,4,benchKey_11_6,bytes=29;client_id=11;clients=50
1779646936725,PUT,107,4,benchKey_13_6,bytes=29;client_id=13;clients=50
1779646936727,PUT,96,4,benchKey_42_6,bytes=29;client_id=42;clients=50
1779646936727,PUT,96,4,benchKey_23_6,bytes=29;client_id=23;clients=50
1779646936730,PUT,98,4,benchKey_49_6,bytes=29;client_id=49;clients=50
1779646936732,PUT,98,4,benchKey_29_7,bytes=29;client_id=29;clients=50
1779646936734,PUT,98,4,benchKey_2_7,bytes=28;client_id=2;clients=50
1779646936735,PUT,97,4,benchKey_38_6,bytes=29;client_id=38;clients=50
1779646936735,PUT,98,4,benchKey_24_6,bytes=29;client_id=24;clients=50
1779646936743,PUT,103,4,benchKey_22_7,bytes=29;client_id=22;clients=50
1779646936743,PUT,105,4,benchKey_48_7,bytes=29;client_id=48;clients=50
1779646936752,PUT,111,4,benchKey_5_7,bytes=28;client_id=5;clients=50
1779646936757,PUT,116,4,benchKey_34_7,bytes=29;client_id=34;clients=50
1779646936757,PUT,116,4,benchKey_40_7,bytes=29;client_id=40;clients=50
1779646936759,PUT,113,4,benchKey_47_7,bytes=29;client_id=47;clients=50
1779646936760,PUT,112,4,benchKey_35_7,bytes=29;client_id=35;clients=50
1779646936761,PUT,112,4,benchKey_39_7,bytes=29;client_id=39;clients=50
1779646936763,PUT,112,4,benchKey_30_7,bytes=29;client_id=30;clients=50
1779646936764,PUT,113,4,benchKey_36_7,bytes=29;client_id=36;clients=50
1779646936766,PUT,98,4,benchKey_14_7,bytes=29;client_id=14;clients=50
1779646936766,PUT,108,4,benchKey_31_7,bytes=29;client_id=31;clients=50
1779646936767,PUT,108,4,benchKey_0_7,bytes=28;client_id=0;clients=50
1779646936770,PUT,95,4,benchKey_15_7,bytes=29;client_id=15;clients=50
1779646936770,PUT,96,4,benchKey_37_7,bytes=29;client_id=37;clients=50
1779646936772,PUT,98,4,benchKey_33_7,bytes=29;client_id=33;clients=50
1779646936774,PUT,97,4,benchKey_21_7,bytes=29;client_id=21;clients=50
1779646936776,PUT,99,4,benchKey_26_7,bytes=29;client_id=26;clients=50
1779646936777,PUT,98,4,benchKey_17_7,bytes=29;client_id=17;clients=50
1779646936778,PUT,97,4,benchKey_3_7,bytes=28;client_id=3;clients=50
1779646936786,PUT,103,4,benchKey_4_7,bytes=28;client_id=4;clients=50
1779646936786,PUT,105,4,benchKey_19_7,bytes=29;client_id=19;clients=50
1779646936794,PUT,111,4,benchKey_12_7,bytes=29;client_id=12;clients=50
1779646936799,PUT,115,4,benchKey_25_7,bytes=29;client_id=25;clients=50
1779646936800,PUT,115,4,benchKey_1_7,bytes=28;client_id=1;clients=50
1779646936800,PUT,112,4,benchKey_45_7,bytes=29;client_id=45;clients=50
1779646936802,PUT,111,4,benchKey_46_7,bytes=29;client_id=46;clients=50
1779646936803,PUT,112,4,benchKey_9_7,bytes=28;client_id=9;clients=50
1779646936805,PUT,112,4,benchKey_6_7,bytes=28;client_id=6;clients=50
1779646936806,PUT,113,4,benchKey_18_7,bytes=29;client_id=18;clients=50
1779646936808,PUT,106,4,benchKey_7_7,bytes=28;client_id=7;clients=50
1779646936809,PUT,108,4,benchKey_43_7,bytes=29;client_id=43;clients=50
1779646936810,PUT,99,4,benchKey_10_7,bytes=29;client_id=10;clients=50
1779646936812,PUT,96,4,benchKey_41_7,bytes=29;client_id=41;clients=50
1779646936813,PUT,97,4,benchKey_8_7,bytes=28;client_id=8;clients=50
1779646936815,PUT,98,4,benchKey_28_8,bytes=29;client_id=28;clients=50
1779646936816,PUT,97,4,benchKey_20_7,bytes=29;client_id=20;clients=50
1779646936818,PUT,99,4,benchKey_16_7,bytes=29;client_id=16;clients=50
1779646936820,PUT,98,4,benchKey_44_7,bytes=29;client_id=44;clients=50
1779646936820,PUT,99,4,benchKey_27_7,bytes=29;client_id=27;clients=50
1779646936829,PUT,105,4,benchKey_32_7,bytes=29;client_id=32;clients=50
1779646936829,PUT,104,4,benchKey_11_7,bytes=29;client_id=11;clients=50
1779646936836,PUT,111,4,benchKey_13_7,bytes=29;client_id=13;clients=50
1779646936841,PUT,113,4,benchKey_42_7,bytes=29;client_id=42;clients=50
1779646936842,PUT,114,4,benchKey_23_7,bytes=29;client_id=23;clients=50
1779646936843,PUT,113,4,benchKey_49_7,bytes=29;client_id=49;clients=50
1779646936844,PUT,112,4,benchKey_29_8,bytes=29;client_id=29;clients=50
1779646936845,PUT,110,4,benchKey_2_8,bytes=28;client_id=2;clients=50
1779646936848,PUT,112,4,benchKey_38_7,bytes=29;client_id=38;clients=50
1779646936849,PUT,113,4,benchKey_24_7,bytes=29;client_id=24;clients=50
1779646936850,PUT,106,4,benchKey_22_8,bytes=29;client_id=22;clients=50
1779646936851,PUT,107,4,benchKey_48_8,bytes=29;client_id=48;clients=50
1779646936854,PUT,101,4,benchKey_5_8,bytes=28;client_id=5;clients=50
1779646936855,PUT,97,4,benchKey_40_8,bytes=29;client_id=40;clients=50
1779646936855,PUT,97,4,benchKey_34_8,bytes=29;client_id=34;clients=50
1779646936857,PUT,98,4,benchKey_47_8,bytes=29;client_id=47;clients=50
1779646936858,PUT,97,4,benchKey_35_8,bytes=29;client_id=35;clients=50
1779646936860,PUT,98,4,benchKey_39_8,bytes=29;client_id=39;clients=50
1779646936862,PUT,98,4,benchKey_36_8,bytes=29;client_id=36;clients=50
1779646936864,PUT,100,4,benchKey_30_8,bytes=29;client_id=30;clients=50
1779646936870,PUT,104,4,benchKey_14_8,bytes=29;client_id=14;clients=50
1779646936872,PUT,105,4,benchKey_31_8,bytes=29;client_id=31;clients=50
1779646936879,PUT,111,4,benchKey_0_8,bytes=28;client_id=0;clients=50
1779646936883,PUT,113,4,benchKey_15_8,bytes=29;client_id=15;clients=50
1779646936885,PUT,114,4,benchKey_37_8,bytes=29;client_id=37;clients=50
1779646936885,PUT,112,4,benchKey_33_8,bytes=29;client_id=33;clients=50
1779646936886,PUT,112,4,benchKey_21_8,bytes=29;client_id=21;clients=50
1779646936887,PUT,111,4,benchKey_26_8,bytes=29;client_id=26;clients=50
1779646936890,PUT,112,4,benchKey_17_8,bytes=29;client_id=17;clients=50
1779646936890,PUT,112,4,benchKey_3_8,bytes=28;client_id=3;clients=50
1779646936893,PUT,106,4,benchKey_4_8,bytes=28;client_id=4;clients=50
1779646936893,PUT,106,4,benchKey_19_8,bytes=29;client_id=19;clients=50
1779646936896,PUT,96,4,benchKey_25_8,bytes=29;client_id=25;clients=50
1779646936898,PUT,103,4,benchKey_12_8,bytes=29;client_id=12;clients=50
1779646936899,PUT,98,4,benchKey_1_8,bytes=28;client_id=1;clients=50
1779646936900,PUT,99,4,benchKey_45_8,bytes=29;client_id=45;clients=50
1779646936901,PUT,98,4,benchKey_46_8,bytes=29;client_id=46;clients=50
1779646936902,PUT,98,4,benchKey_9_8,bytes=28;client_id=9;clients=50
1779646936904,PUT,98,4,benchKey_6_8,bytes=28;client_id=6;clients=50
1779646936906,PUT,99,4,benchKey_18_8,bytes=29;client_id=18;clients=50
1779646936912,PUT,103,4,benchKey_7_8,bytes=28;client_id=7;clients=50
1779646936914,PUT,104,4,benchKey_43_8,bytes=29;client_id=43;clients=50
1779646936921,PUT,110,4,benchKey_10_8,bytes=29;client_id=10;clients=50
1779646936925,PUT,112,4,benchKey_41_8,bytes=29;client_id=41;clients=50
1779646936927,PUT,114,4,benchKey_8_8,bytes=28;client_id=8;clients=50
1779646936928,PUT,113,4,benchKey_28_9,bytes=29;client_id=28;clients=50
1779646936929,PUT,112,4,benchKey_20_8,bytes=29;client_id=20;clients=50
1779646936930,PUT,111,4,benchKey_16_8,bytes=29;client_id=16;clients=50
1779646936932,PUT,111,4,benchKey_44_8,bytes=29;client_id=44;clients=50
1779646936932,PUT,111,4,benchKey_27_8,bytes=29;client_id=27;clients=50
1779646936935,PUT,105,4,benchKey_11_8,bytes=29;client_id=11;clients=50
1779646936936,PUT,107,4,benchKey_32_8,bytes=29;client_id=32;clients=50
1779646936938,PUT,101,4,benchKey_13_8,bytes=29;client_id=13;clients=50
1779646936940,PUT,97,4,benchKey_23_8,bytes=29;client_id=23;clients=50
1779646936941,PUT,100,4,benchKey_42_8,bytes=29;client_id=42;clients=50
1779646936943,PUT,99,4,benchKey_49_8,bytes=29;client_id=49;clients=50
1779646936943,PUT,99,4,benchKey_29_9,bytes=29;client_id=29;clients=50
1779646936945,PUT,99,4,benchKey_2_9,bytes=28;client_id=2;clients=50
1779646936946,PUT,98,4,benchKey_38_8,bytes=29;client_id=38;clients=50
1779646936949,PUT,100,4,benchKey_24_8,bytes=29;client_id=24;clients=50
1779646936954,PUT,104,4,benchKey_22_9,bytes=29;client_id=22;clients=50
1779646936956,PUT,104,4,benchKey_48_9,bytes=29;client_id=48;clients=50
1779646936964,PUT,110,4,benchKey_5_9,bytes=28;client_id=5;clients=50
1779646936968,PUT,113,4,benchKey_40_9,bytes=29;client_id=40;clients=50
1779646936969,PUT,114,4,benchKey_34_9,bytes=29;client_id=34;clients=50
1779646936970,PUT,113,4,benchKey_47_9,bytes=29;client_id=47;clients=50
1779646936971,PUT,113,4,benchKey_35_9,bytes=29;client_id=35;clients=50
1779646936972,PUT,112,4,benchKey_39_9,bytes=29;client_id=39;clients=50
1779646936974,PUT,109,4,benchKey_30_9,bytes=29;client_id=30;clients=50
1779646936975,PUT,113,4,benchKey_36_9,bytes=29;client_id=36;clients=50
1779646936978,PUT,107,4,benchKey_14_9,bytes=29;client_id=14;clients=50
1779646936979,PUT,107,4,benchKey_31_9,bytes=29;client_id=31;clients=50
1779646936981,PUT,101,4,benchKey_0_9,bytes=28;client_id=0;clients=50
1779646936982,PUT,99,4,benchKey_15_9,bytes=29;client_id=15;clients=50
1779646936984,PUT,98,4,benchKey_37_9,bytes=29;client_id=37;clients=50
1779646936986,PUT,99,4,benchKey_21_9,bytes=29;client_id=21;clients=50
1779646936987,PUT,99,4,benchKey_26_9,bytes=29;client_id=26;clients=50
1779646936991,PUT,100,4,benchKey_17_9,bytes=29;client_id=17;clients=50
1779646936991,PUT,100,4,benchKey_3_9,bytes=28;client_id=3;clients=50
1779646936993,PUT,107,4,benchKey_33_9,bytes=29;client_id=33;clients=50
1779646936997,PUT,103,4,benchKey_4_9,bytes=28;client_id=4;clients=50
1779646937001,PUT,107,4,benchKey_19_9,bytes=29;client_id=19;clients=50
1779646937007,PUT,110,4,benchKey_25_9,bytes=29;client_id=25;clients=50
1779646937010,PUT,112,4,benchKey_12_9,bytes=29;client_id=12;clients=50
1779646937011,PUT,112,4,benchKey_1_9,bytes=28;client_id=1;clients=50
1779646937013,PUT,112,4,benchKey_46_9,bytes=29;client_id=46;clients=50
1779646937014,PUT,113,4,benchKey_45_9,bytes=29;client_id=45;clients=50
1779646937014,PUT,111,4,benchKey_9_9,bytes=28;client_id=9;clients=50
1779646937016,PUT,111,4,benchKey_6_9,bytes=28;client_id=6;clients=50
1779646937018,PUT,111,4,benchKey_18_9,bytes=29;client_id=18;clients=50
1779646937020,PUT,107,4,benchKey_7_9,bytes=28;client_id=7;clients=50
1779646937022,PUT,107,4,benchKey_43_9,bytes=29;client_id=43;clients=50
1779646937023,PUT,101,4,benchKey_10_9,bytes=29;client_id=10;clients=50
1779646937026,PUT,101,4,benchKey_41_9,bytes=29;client_id=41;clients=50
1779646937026,PUT,99,4,benchKey_8_9,bytes=28;client_id=8;clients=50
1779646937031,PUT,102,4,benchKey_28_10,bytes=30;client_id=28;clients=50
1779646937032,PUT,102,4,benchKey_20_9,bytes=29;client_id=20;clients=50
1779646937034,PUT,101,4,benchKey_27_9,bytes=29;client_id=27;clients=50
1779646937036,PUT,106,4,benchKey_16_9,bytes=29;client_id=16;clients=50
1779646937040,PUT,107,4,benchKey_44_9,bytes=29;client_id=44;clients=50
1779646937041,PUT,106,4,benchKey_11_9,bytes=29;client_id=11;clients=50
1779646937044,PUT,108,4,benchKey_32_9,bytes=29;client_id=32;clients=50
1779646937049,PUT,110,4,benchKey_13_9,bytes=29;client_id=13;clients=50
1779646937052,PUT,112,4,benchKey_23_9,bytes=29;client_id=23;clients=50
1779646937053,PUT,111,4,benchKey_42_9,bytes=29;client_id=42;clients=50
1779646937056,PUT,112,4,benchKey_29_10,bytes=30;client_id=29;clients=50
1779646937056,PUT,112,4,benchKey_49_9,bytes=29;client_id=49;clients=50
1779646937056,PUT,111,4,benchKey_2_10,bytes=29;client_id=2;clients=50
1779646937059,PUT,112,4,benchKey_38_9,bytes=29;client_id=38;clients=50
1779646937059,PUT,110,4,benchKey_24_9,bytes=29;client_id=24;clients=50
1779646937062,PUT,107,4,benchKey_22_10,bytes=30;client_id=22;clients=50
1779646937064,PUT,107,4,benchKey_48_10,bytes=30;client_id=48;clients=50
1779646937065,PUT,100,4,benchKey_5_10,bytes=29;client_id=5;clients=50
1779646937068,PUT,98,4,benchKey_34_10,bytes=30;client_id=34;clients=50
1779646937068,PUT,99,4,benchKey_40_10,bytes=30;client_id=40;clients=50
1779646937073,PUT,102,4,benchKey_47_10,bytes=30;client_id=47;clients=50
1779646937073,PUT,101,4,benchKey_35_10,bytes=30;client_id=35;clients=50
1779646937077,PUT,104,4,benchKey_39_10,bytes=30;client_id=39;clients=50
1779646937080,PUT,105,4,benchKey_30_10,bytes=30;client_id=30;clients=50
1779646937082,PUT,106,4,benchKey_36_10,bytes=30;client_id=36;clients=50
1779646937083,PUT,104,4,benchKey_14_10,bytes=30;client_id=14;clients=50
1779646937087,PUT,107,4,benchKey_31_10,bytes=30;client_id=31;clients=50
1779646937092,PUT,111,4,benchKey_0_10,bytes=29;client_id=0;clients=50
1779646937094,PUT,111,4,benchKey_15_10,bytes=30;client_id=15;clients=50
1779646937096,PUT,112,4,benchKey_37_10,bytes=30;client_id=37;clients=50
1779646937098,PUT,112,4,benchKey_21_10,bytes=30;client_id=21;clients=50
1779646937098,PUT,110,4,benchKey_26_10,bytes=30;client_id=26;clients=50
1779646937099,PUT,108,4,benchKey_17_10,bytes=30;client_id=17;clients=50
1779646937102,PUT,110,4,benchKey_3_10,bytes=29;client_id=3;clients=50
1779646937102,PUT,109,4,benchKey_33_10,bytes=30;client_id=33;clients=50
1779646937104,PUT,107,4,benchKey_4_10,bytes=29;client_id=4;clients=50
1779646937106,PUT,105,4,benchKey_19_10,bytes=30;client_id=19;clients=50
1779646937108,PUT,100,4,benchKey_25_10,bytes=30;client_id=25;clients=50
1779646937110,PUT,98,4,benchKey_1_10,bytes=29;client_id=1;clients=50
1779646937111,PUT,100,4,benchKey_12_10,bytes=30;client_id=12;clients=50
1779646937116,PUT,103,4,benchKey_46_10,bytes=30;client_id=46;clients=50
1779646937116,PUT,102,4,benchKey_45_10,bytes=30;client_id=45;clients=50
1779646937119,PUT,104,4,benchKey_9_10,bytes=29;client_id=9;clients=50
1779646937122,PUT,105,4,benchKey_6_10,bytes=29;client_id=6;clients=50
1779646937124,PUT,106,4,benchKey_18_10,bytes=30;client_id=18;clients=50
1779646937125,PUT,104,4,benchKey_7_10,bytes=29;client_id=7;clients=50
1779646937130,PUT,108,4,benchKey_43_10,bytes=30;client_id=43;clients=50
1779646937135,PUT,111,4,benchKey_10_10,bytes=30;client_id=10;clients=50
1779646937135,PUT,108,4,benchKey_8_10,bytes=29;client_id=8;clients=50
1779646937138,PUT,111,4,benchKey_41_10,bytes=30;client_id=41;clients=50
1779646937140,PUT,108,4,benchKey_20_10,bytes=30;client_id=20;clients=50
1779646937140,PUT,109,4,benchKey_28_11,bytes=30;client_id=28;clients=50
1779646937141,PUT,106,4,benchKey_27_10,bytes=30;client_id=27;clients=50
1779646937144,PUT,107,4,benchKey_16_10,bytes=30;client_id=16;clients=50
1779646937145,PUT,104,4,benchKey_44_10,bytes=30;client_id=44;clients=50
1779646937146,PUT,104,4,benchKey_11_10,bytes=30;client_id=11;clients=50
1779646937148,PUT,103,4,benchKey_32_10,bytes=30;client_id=32;clients=50
1779646937150,PUT,100,4,benchKey_13_10,bytes=30;client_id=13;clients=50
1779646937153,PUT,100,4,benchKey_23_10,bytes=30;client_id=23;clients=50
1779646937154,PUT,100,4,benchKey_42_10,bytes=30;client_id=42;clients=50
1779646937158,PUT,101,4,benchKey_49_10,bytes=30;client_id=49;clients=50
1779646937159,PUT,102,4,benchKey_29_11,bytes=30;client_id=29;clients=50
1779646937162,PUT,105,4,benchKey_2_11,bytes=29;client_id=2;clients=50
1779646937163,PUT,103,4,benchKey_24_10,bytes=30;client_id=24;clients=50
1779646937167,PUT,107,4,benchKey_38_10,bytes=30;client_id=38;clients=50
1779646937168,PUT,105,4,benchKey_22_11,bytes=30;client_id=22;clients=50
1779646937173,PUT,109,4,benchKey_48_11,bytes=30;client_id=48;clients=50
1779646937177,PUT,109,4,benchKey_40_11,bytes=30;client_id=40;clients=50
1779646937178,PUT,113,4,benchKey_5_11,bytes=29;client_id=5;clients=50
1779646937179,PUT,111,4,benchKey_34_11,bytes=30;client_id=34;clients=50
1779646937182,PUT,109,4,benchKey_35_11,bytes=30;client_id=35;clients=50
1779646937183,PUT,109,4,benchKey_47_11,bytes=30;client_id=47;clients=50
1779646937183,PUT,105,4,benchKey_39_11,bytes=30;client_id=39;clients=50
1779646937186,PUT,104,4,benchKey_36_11,bytes=30;client_id=36;clients=50
1779646937187,PUT,107,4,benchKey_30_11,bytes=30;client_id=30;clients=50
1779646937188,PUT,105,4,benchKey_14_11,bytes=30;client_id=14;clients=50
1779646937190,PUT,102,4,benchKey_31_11,bytes=30;client_id=31;clients=50
1779646937192,PUT,99,4,benchKey_0_11,bytes=29;client_id=0;clients=50
1779646937195,PUT,101,4,benchKey_15_11,bytes=30;client_id=15;clients=50
1779646937196,PUT,99,4,benchKey_37_11,bytes=30;client_id=37;clients=50
1779646937200,PUT,101,4,benchKey_21_11,bytes=30;client_id=21;clients=50
1779646937201,PUT,102,4,benchKey_26_11,bytes=30;client_id=26;clients=50
1779646937204,PUT,104,4,benchKey_17_11,bytes=30;client_id=17;clients=50
1779646937205,PUT,103,4,benchKey_3_11,bytes=29;client_id=3;clients=50
1779646937208,PUT,105,4,benchKey_33_11,bytes=30;client_id=33;clients=50
1779646937209,PUT,104,4,benchKey_4_11,bytes=29;client_id=4;clients=50
1779646937216,PUT,110,4,benchKey_19_11,bytes=30;client_id=19;clients=50
1779646937219,PUT,110,4,benchKey_25_11,bytes=30;client_id=25;clients=50
1779646937220,PUT,109,4,benchKey_1_11,bytes=29;client_id=1;clients=50
1779646937222,PUT,110,4,benchKey_12_11,bytes=30;client_id=12;clients=50
1779646937224,PUT,107,4,benchKey_46_11,bytes=30;client_id=46;clients=50
1779646937225,PUT,106,4,benchKey_9_11,bytes=29;client_id=9;clients=50
1779646937225,PUT,108,4,benchKey_45_11,bytes=30;client_id=45;clients=50
1779646937229,PUT,105,4,benchKey_18_11,bytes=30;client_id=18;clients=50
1779646937229,PUT,107,4,benchKey_6_11,bytes=29;client_id=6;clients=50
1779646937230,PUT,105,4,benchKey_7_11,bytes=29;client_id=7;clients=50
1779646937233,PUT,102,4,benchKey_43_11,bytes=30;client_id=43;clients=50
1779646937235,PUT,99,4,benchKey_10_11,bytes=30;client_id=10;clients=50
1779646937238,PUT,102,4,benchKey_8_11,bytes=29;client_id=8;clients=50
1779646937238,PUT,100,4,benchKey_41_11,bytes=30;client_id=41;clients=50
1779646937243,PUT,103,4,benchKey_20_11,bytes=30;client_id=20;clients=50
1779646937243,PUT,103,4,benchKey_28_12,bytes=30;client_id=28;clients=50
1779646937247,PUT,105,4,benchKey_27_11,bytes=30;client_id=27;clients=50
1779646937247,PUT,103,4,benchKey_16_11,bytes=30;client_id=16;clients=50
1779646937250,PUT,105,4,benchKey_44_11,bytes=30;client_id=44;clients=50
1779646937251,PUT,104,4,benchKey_11_11,bytes=30;client_id=11;clients=50
1779646937258,PUT,109,4,benchKey_32_11,bytes=30;client_id=32;clients=50
1779646937261,PUT,110,4,benchKey_13_11,bytes=30;client_id=13;clients=50
1779646937262,PUT,108,4,benchKey_23_11,bytes=30;client_id=23;clients=50
1779646937264,PUT,109,4,benchKey_42_11,bytes=30;client_id=42;clients=50
1779646937266,PUT,107,4,benchKey_49_11,bytes=30;client_id=49;clients=50
1779646937267,PUT,105,4,benchKey_2_12,bytes=29;client_id=2;clients=50
1779646937267,PUT,108,4,benchKey_29_12,bytes=30;client_id=29;clients=50
1779646937271,PUT,108,4,benchKey_24_11,bytes=30;client_id=24;clients=50
1779646937271,PUT,104,4,benchKey_38_11,bytes=30;client_id=38;clients=50
1779646937272,PUT,104,4,benchKey_22_12,bytes=30;client_id=22;clients=50
1779646937276,PUT,102,4,benchKey_48_12,bytes=30;client_id=48;clients=50
1779646937277,PUT,99,4,benchKey_40_12,bytes=30;client_id=40;clients=50
1779646937280,PUT,101,4,benchKey_34_12,bytes=30;client_id=34;clients=50
1779646937281,PUT,102,4,benchKey_5_12,bytes=29;client_id=5;clients=50
1779646937285,PUT,102,4,benchKey_35_12,bytes=30;client_id=35;clients=50
1779646937286,PUT,102,4,benchKey_47_12,bytes=30;client_id=47;clients=50
1779646937289,PUT,105,4,benchKey_39_12,bytes=30;client_id=39;clients=50
1779646937289,PUT,102,4,benchKey_36_12,bytes=30;client_id=36;clients=50
1779646937292,PUT,104,4,benchKey_30_12,bytes=30;client_id=30;clients=50
1779646937293,PUT,104,4,benchKey_14_12,bytes=30;client_id=14;clients=50
1779646937302,PUT,112,4,benchKey_31_12,bytes=30;client_id=31;clients=50
1779646937304,PUT,112,4,benchKey_0_12,bytes=29;client_id=0;clients=50
1779646937304,PUT,109,4,benchKey_15_12,bytes=30;client_id=15;clients=50
1779646937306,PUT,109,4,benchKey_37_12,bytes=30;client_id=37;clients=50
1779646937308,PUT,108,4,benchKey_21_12,bytes=30;client_id=21;clients=50
1779646937310,PUT,108,4,benchKey_26_12,bytes=30;client_id=26;clients=50
1779646937310,PUT,105,4,benchKey_17_12,bytes=30;client_id=17;clients=50
1779646937314,PUT,108,4,benchKey_3_12,bytes=29;client_id=3;clients=50
1779646937314,PUT,105,4,benchKey_33_12,bytes=30;client_id=33;clients=50
1779646937317,PUT,108,4,benchKey_4_12,bytes=29;client_id=4;clients=50
1779646937319,PUT,103,4,benchKey_19_12,bytes=30;client_id=19;clients=50
1779646937321,PUT,101,4,benchKey_25_12,bytes=30;client_id=25;clients=50
1779646937323,PUT,102,4,benchKey_1_12,bytes=29;client_id=1;clients=50
1779646937324,PUT,101,4,benchKey_12_12,bytes=30;client_id=12;clients=50
1779646937329,PUT,103,4,benchKey_9_12,bytes=29;client_id=9;clients=50
1779646937329,PUT,104,4,benchKey_46_12,bytes=30;client_id=46;clients=50
1779646937332,PUT,106,4,benchKey_45_12,bytes=30;client_id=45;clients=50
1779646937332,PUT,102,4,benchKey_18_12,bytes=30;client_id=18;clients=50
1779646937335,PUT,105,4,benchKey_6_12,bytes=29;client_id=6;clients=50
1779646937335,PUT,104,4,benchKey_7_12,bytes=29;client_id=7;clients=50
1779646937346,PUT,113,4,benchKey_43_12,bytes=30;client_id=43;clients=50
1779646937348,PUT,112,4,benchKey_10_12,bytes=30;client_id=10;clients=50
1779646937348,PUT,110,4,benchKey_8_12,bytes=29;client_id=8;clients=50
1779646937350,PUT,112,4,benchKey_41_12,bytes=30;client_id=41;clients=50
1779646937351,PUT,107,4,benchKey_20_12,bytes=30;client_id=20;clients=50
1779646937353,PUT,110,4,benchKey_28_13,bytes=30;client_id=28;clients=50
1779646937354,PUT,106,4,benchKey_27_12,bytes=30;client_id=27;clients=50
1779646937357,PUT,109,4,benchKey_16_12,bytes=30;client_id=16;clients=50
1779646937357,PUT,106,4,benchKey_44_12,bytes=30;client_id=44;clients=50
1779646937360,PUT,108,4,benchKey_11_12,bytes=30;client_id=11;clients=50
1779646937364,PUT,102,4,benchKey_13_12,bytes=30;client_id=13;clients=50
1779646937364,PUT,105,4,benchKey_32_12,bytes=30;client_id=32;clients=50
1779646937366,PUT,104,4,benchKey_23_12,bytes=30;client_id=23;clients=50
1779646937367,PUT,102,4,benchKey_42_12,bytes=30;client_id=42;clients=50
1779646937373,PUT,107,4,benchKey_49_12,bytes=30;client_id=49;clients=50
1779646937374,PUT,106,4,benchKey_2_13,bytes=29;client_id=2;clients=50
1779646937376,PUT,108,4,benchKey_29_13,bytes=30;client_id=29;clients=50
1779646937379,PUT,107,4,benchKey_24_12,bytes=30;client_id=24;clients=50
1779646937379,PUT,107,4,benchKey_38_12,bytes=30;client_id=38;clients=50
1779646937382,PUT,109,4,benchKey_22_13,bytes=30;client_id=22;clients=50
1779646937389,PUT,112,4,benchKey_48_13,bytes=30;client_id=48;clients=50
1779646937392,PUT,114,4,benchKey_40_13,bytes=30;client_id=40;clients=50
1779646937392,PUT,111,4,benchKey_34_13,bytes=30;client_id=34;clients=50
1779646937394,PUT,108,4,benchKey_35_13,bytes=30;client_id=35;clients=50
1779646937394,PUT,113,4,benchKey_5_13,bytes=29;client_id=5;clients=50
1779646937396,PUT,110,4,benchKey_47_13,bytes=30;client_id=47;clients=50
1779646937397,PUT,107,4,benchKey_39_13,bytes=30;client_id=39;clients=50
1779646937400,PUT,110,4,benchKey_36_13,bytes=30;client_id=36;clients=50
1779646937400,PUT,108,4,benchKey_30_13,bytes=30;client_id=30;clients=50
1779646937403,PUT,110,4,benchKey_14_13,bytes=30;client_id=14;clients=50
1779646937407,PUT,104,4,benchKey_31_13,bytes=30;client_id=31;clients=50
1779646937407,PUT,102,4,benchKey_0_13,bytes=29;client_id=0;clients=50
1779646937410,PUT,103,4,benchKey_37_13,bytes=30;client_id=37;clients=50
1779646937410,PUT,105,4,benchKey_15_13,bytes=30;client_id=15;clients=50
1779646937417,PUT,108,4,benchKey_21_13,bytes=30;client_id=21;clients=50
1779646937419,PUT,108,4,benchKey_17_13,bytes=30;client_id=17;clients=50
1779646937421,PUT,111,4,benchKey_26_13,bytes=30;client_id=26;clients=50
1779646937425,PUT,111,4,benchKey_33_13,bytes=30;client_id=33;clients=50
1779646937426,PUT,108,4,benchKey_4_13,bytes=29;client_id=4;clients=50
1779646937427,PUT,113,4,benchKey_3_13,bytes=29;client_id=3;clients=50
1779646937433,PUT,113,4,benchKey_19_13,bytes=30;client_id=19;clients=50
1779646937435,PUT,114,4,benchKey_25_13,bytes=30;client_id=25;clients=50
1779646937436,PUT,113,4,benchKey_1_13,bytes=29;client_id=1;clients=50
1779646937438,PUT,109,4,benchKey_9_13,bytes=29;client_id=9;clients=50
1779646937439,PUT,114,4,benchKey_12_13,bytes=30;client_id=12;clients=50
1779646937441,PUT,108,4,benchKey_45_13,bytes=30;client_id=45;clients=50
1779646937441,PUT,111,4,benchKey_46_13,bytes=30;client_id=46;clients=50
1779646937444,PUT,111,4,benchKey_18_13,bytes=30;client_id=18;clients=50
1779646937446,PUT,111,4,benchKey_6_13,bytes=29;client_id=6;clients=50
1779646937446,PUT,111,4,benchKey_7_13,bytes=29;client_id=7;clients=50
1779646937451,PUT,104,4,benchKey_43_13,bytes=30;client_id=43;clients=50
1779646937451,PUT,103,4,benchKey_8_13,bytes=29;client_id=8;clients=50
1779646937453,PUT,102,4,benchKey_41_13,bytes=30;client_id=41;clients=50
1779646937454,PUT,105,4,benchKey_10_13,bytes=30;client_id=10;clients=50
1779646937461,PUT,109,4,benchKey_20_13,bytes=30;client_id=20;clients=50
1779646937462,PUT,108,4,benchKey_28_14,bytes=30;client_id=28;clients=50
1779646937466,PUT,112,4,benchKey_27_13,bytes=30;client_id=27;clients=50
1779646937468,PUT,111,4,benchKey_16_13,bytes=30;client_id=16;clients=50
1779646937469,PUT,109,4,benchKey_11_13,bytes=30;client_id=11;clients=50
1779646937470,PUT,112,4,benchKey_44_13,bytes=30;client_id=44;clients=50
1779646937476,PUT,112,4,benchKey_13_13,bytes=30;client_id=13;clients=50
1779646937477,PUT,113,4,benchKey_32_13,bytes=30;client_id=32;clients=50
1779646937478,PUT,111,4,benchKey_23_13,bytes=30;client_id=23;clients=50
1779646937482,PUT,108,4,benchKey_49_13,bytes=30;client_id=49;clients=50
1779646937485,PUT,118,4,benchKey_42_13,bytes=30;client_id=42;clients=50
1779646937485,PUT,111,4,benchKey_2_14,bytes=29;client_id=2;clients=50
1779646937485,PUT,109,4,benchKey_29_14,bytes=30;client_id=29;clients=50
1779646937486,PUT,106,4,benchKey_24_13,bytes=30;client_id=24;clients=50
1779646937489,PUT,106,4,benchKey_22_14,bytes=30;client_id=22;clients=50
1779646937489,PUT,109,4,benchKey_38_13,bytes=30;client_id=38;clients=50
1779646937494,PUT,104,4,benchKey_48_14,bytes=30;client_id=48;clients=50
1779646937495,PUT,103,4,benchKey_40_14,bytes=30;client_id=40;clients=50
1779646937496,PUT,103,4,benchKey_34_14,bytes=30;client_id=34;clients=50
1779646937497,PUT,102,4,benchKey_35_14,bytes=30;client_id=35;clients=50
1779646937504,PUT,109,4,benchKey_5_14,bytes=29;client_id=5;clients=50
1779646937504,PUT,107,4,benchKey_47_14,bytes=30;client_id=47;clients=50
1779646937508,PUT,111,4,benchKey_39_14,bytes=30;client_id=39;clients=50
1779646937512,PUT,111,4,benchKey_30_14,bytes=30;client_id=30;clients=50
1779646937512,PUT,111,4,benchKey_36_14,bytes=30;client_id=36;clients=50
1779646937513,PUT,109,4,benchKey_14_14,bytes=30;client_id=14;clients=50
1779646937519,PUT,112,4,benchKey_31_14,bytes=30;client_id=31;clients=50
1779646937520,PUT,113,4,benchKey_0_14,bytes=29;client_id=0;clients=50
1779646937521,PUT,111,4,benchKey_37_14,bytes=30;client_id=37;clients=50
1779646937525,PUT,114,4,benchKey_15_14,bytes=30;client_id=15;clients=50
1779646937528,PUT,107,4,benchKey_26_14,bytes=30;client_id=26;clients=50
1779646937528,PUT,111,4,benchKey_21_14,bytes=30;client_id=21;clients=50
1779646937529,PUT,110,4,benchKey_17_14,bytes=30;client_id=17;clients=50
1779646937529,PUT,103,4,benchKey_33_14,bytes=30;client_id=33;clients=50
1779646937534,PUT,107,4,benchKey_4_14,bytes=29;client_id=4;clients=50
1779646937534,PUT,107,4,benchKey_3_14,bytes=29;client_id=3;clients=50
1779646937537,PUT,104,4,benchKey_19_14,bytes=30;client_id=19;clients=50
1779646937539,PUT,103,4,benchKey_25_14,bytes=30;client_id=25;clients=50
1779646937539,PUT,103,4,benchKey_1_14,bytes=29;client_id=1;clients=50
1779646937543,PUT,104,4,benchKey_9_14,bytes=29;client_id=9;clients=50
1779646937547,PUT,108,4,benchKey_12_14,bytes=30;client_id=12;clients=50
1779646937548,PUT,107,4,benchKey_45_14,bytes=30;client_id=45;clients=50
1779646937552,PUT,110,4,benchKey_46_14,bytes=30;client_id=46;clients=50
1779646937555,PUT,108,4,benchKey_6_14,bytes=29;client_id=6;clients=50
1779646937556,PUT,111,4,benchKey_18_14,bytes=30;client_id=18;clients=50
1779646937559,PUT,112,4,benchKey_7_14,bytes=29;client_id=7;clients=50
1779646937561,PUT,110,4,benchKey_43_14,bytes=30;client_id=43;clients=50
1779646937564,PUT,112,4,benchKey_8_14,bytes=29;client_id=8;clients=50
1779646937564,PUT,110,4,benchKey_41_14,bytes=30;client_id=41;clients=50
1779646937567,PUT,113,4,benchKey_10_14,bytes=30;client_id=10;clients=50
1779646937571,PUT,110,4,benchKey_20_14,bytes=30;client_id=20;clients=50
1779646937572,PUT,105,4,benchKey_27_14,bytes=30;client_id=27;clients=50
1779646937572,PUT,110,4,benchKey_28_15,bytes=30;client_id=28;clients=50
1779646937574,PUT,106,4,benchKey_16_14,bytes=30;client_id=16;clients=50
1779646937576,PUT,106,4,benchKey_11_14,bytes=30;client_id=11;clients=50
1779646937577,PUT,107,4,benchKey_44_14,bytes=30;client_id=44;clients=50
1779646937579,PUT,102,4,benchKey_13_14,bytes=30;client_id=13;clients=50
1779646937582,PUT,105,4,benchKey_32_14,bytes=30;client_id=32;clients=50
1779646937584,PUT,101,4,benchKey_49_14,bytes=30;client_id=49;clients=50
1779646937584,PUT,106,4,benchKey_23_14,bytes=30;client_id=23;clients=50
1779646937590,PUT,105,4,benchKey_42_14,bytes=30;client_id=42;clients=50
1779646937591,PUT,105,4,benchKey_2_15,bytes=29;client_id=2;clients=50
1779646937594,PUT,108,4,benchKey_29_15,bytes=30;client_id=29;clients=50
1779646937597,PUT,111,4,benchKey_24_14,bytes=30;client_id=24;clients=50
1779646937597,PUT,108,4,benchKey_22_15,bytes=30;client_id=22;clients=50
1779646937601,PUT,111,4,benchKey_38_14,bytes=30;client_id=38;clients=50
1779646937603,PUT,109,4,benchKey_48_15,bytes=30;client_id=48;clients=50
1779646937606,PUT,110,4,benchKey_34_15,bytes=30;client_id=34;clients=50
1779646937606,PUT,111,4,benchKey_40_15,bytes=30;client_id=40;clients=50
1779646937609,PUT,112,4,benchKey_35_15,bytes=30;client_id=35;clients=50
1779646937613,PUT,108,4,benchKey_5_15,bytes=29;client_id=5;clients=50
1779646937614,PUT,105,4,benchKey_39_15,bytes=30;client_id=39;clients=50
1779646937616,PUT,104,4,benchKey_30_15,bytes=30;client_id=30;clients=50
1779646937616,PUT,112,4,benchKey_47_15,bytes=30;client_id=47;clients=50
1779646937619,PUT,106,4,benchKey_36_15,bytes=30;client_id=36;clients=50
1779646937620,PUT,106,4,benchKey_14_15,bytes=30;client_id=14;clients=50
1779646937621,PUT,101,4,benchKey_31_15,bytes=30;client_id=31;clients=50
1779646937624,PUT,103,4,benchKey_0_15,bytes=29;client_id=0;clients=50
1779646937626,PUT,105,4,benchKey_37_15,bytes=30;client_id=37;clients=50
1779646937627,PUT,102,4,benchKey_15_15,bytes=30;client_id=15;clients=50
1779646937632,PUT,104,4,benchKey_26_15,bytes=30;client_id=26;clients=50
1779646937633,PUT,104,4,benchKey_21_15,bytes=30;client_id=21;clients=50
1779646937636,PUT,106,4,benchKey_17_15,bytes=30;client_id=17;clients=50
1779646937640,PUT,110,4,benchKey_33_15,bytes=30;client_id=33;clients=50
1779646937640,PUT,106,4,benchKey_4_15,bytes=29;client_id=4;clients=50
1779646937643,PUT,108,4,benchKey_3_15,bytes=29;client_id=3;clients=50
1779646937645,PUT,107,4,benchKey_19_15,bytes=30;client_id=19;clients=50
1779646937648,PUT,109,4,benchKey_25_15,bytes=30;client_id=25;clients=50
1779646937648,PUT,108,4,benchKey_1_15,bytes=29;client_id=1;clients=50
1779646937651,PUT,107,4,benchKey_9_15,bytes=29;client_id=9;clients=50
1779646937655,PUT,107,4,benchKey_12_15,bytes=30;client_id=12;clients=50
1779646937656,PUT,108,4,benchKey_45_15,bytes=30;client_id=45;clients=50
1779646937658,PUT,102,4,benchKey_6_15,bytes=29;client_id=6;clients=50
1779646937658,PUT,106,4,benchKey_46_15,bytes=30;client_id=46;clients=50
1779646937661,PUT,105,4,benchKey_18_15,bytes=30;client_id=18;clients=50
1779646937662,PUT,103,4,benchKey_7_15,bytes=29;client_id=7;clients=50
1779646937663,PUT,101,4,benchKey_43_15,bytes=30;client_id=43;clients=50
1779646937666,PUT,102,4,benchKey_8_15,bytes=29;client_id=8;clients=50
1779646937668,PUT,104,4,benchKey_41_15,bytes=30;client_id=41;clients=50
1779646937670,PUT,102,4,benchKey_10_15,bytes=30;client_id=10;clients=50
1779646937674,PUT,102,4,benchKey_20_15,bytes=30;client_id=20;clients=50
1779646937675,PUT,102,4,benchKey_27_15,bytes=30;client_id=27;clients=50
1779646937678,PUT,105,4,benchKey_28_16,bytes=30;client_id=28;clients=50
1779646937682,PUT,107,4,benchKey_16_15,bytes=30;client_id=16;clients=50
1779646937682,PUT,106,4,benchKey_11_15,bytes=30;client_id=11;clients=50
1779646937685,PUT,107,4,benchKey_44_15,bytes=30;client_id=44;clients=50
1779646937687,PUT,107,4,benchKey_13_15,bytes=30;client_id=13;clients=50
1779646937690,PUT,107,4,benchKey_32_15,bytes=30;client_id=32;clients=50
1779646937690,PUT,106,4,benchKey_49_15,bytes=30;client_id=49;clients=50
1779646937693,PUT,109,4,benchKey_23_15,bytes=30;client_id=23;clients=50
1779646937697,PUT,106,4,benchKey_42_15,bytes=30;client_id=42;clients=50
1779646937698,PUT,106,4,benchKey_2_16,bytes=29;client_id=2;clients=50
1779646937700,PUT,102,4,benchKey_22_16,bytes=30;client_id=22;clients=50
1779646937700,PUT,105,4,benchKey_29_16,bytes=30;client_id=29;clients=50
1779646937703,PUT,105,4,benchKey_24_15,bytes=30;client_id=24;clients=50
1779646937704,PUT,102,4,benchKey_38_15,bytes=30;client_id=38;clients=50
1779646937705,PUT,101,4,benchKey_48_16,bytes=30;client_id=48;clients=50
1779646937708,PUT,101,4,benchKey_34_16,bytes=30;client_id=34;clients=50
1779646937710,PUT,103,4,benchKey_40_16,bytes=30;client_id=40;clients=50
1779646937713,PUT,103,4,benchKey_35_16,bytes=30;client_id=35;clients=50
1779646937716,PUT,101,4,benchKey_39_16,bytes=30;client_id=39;clients=50
1779646937716,PUT,102,4,benchKey_5_16,bytes=29;client_id=5;clients=50
1779646937720,PUT,103,4,benchKey_30_16,bytes=30;client_id=30;clients=50
1779646937724,PUT,105,4,benchKey_36_16,bytes=30;client_id=36;clients=50
1779646937724,PUT,108,4,benchKey_47_16,bytes=30;client_id=47;clients=50
1779646937727,PUT,106,4,benchKey_14_16,bytes=30;client_id=14;clients=50
1779646937730,PUT,109,4,benchKey_31_16,bytes=30;client_id=31;clients=50
1779646937732,PUT,107,4,benchKey_0_16,bytes=29;client_id=0;clients=50
1779646937733,PUT,106,4,benchKey_37_16,bytes=30;client_id=37;clients=50
1779646937735,PUT,107,4,benchKey_15_16,bytes=30;client_id=15;clients=50
1779646937739,PUT,106,4,benchKey_26_16,bytes=30;client_id=26;clients=50
1779646937740,PUT,107,4,benchKey_21_16,bytes=30;client_id=21;clients=50
1779646937742,PUT,101,4,benchKey_33_16,bytes=30;client_id=33;clients=50
1779646937743,PUT,106,4,benchKey_17_16,bytes=30;client_id=17;clients=50
1779646937745,PUT,104,4,benchKey_4_16,bytes=29;client_id=4;clients=50
1779646937747,PUT,103,4,benchKey_3_16,bytes=29;client_id=3;clients=50
1779646937747,PUT,102,4,benchKey_19_16,bytes=30;client_id=19;clients=50
1779646937750,PUT,101,4,benchKey_25_16,bytes=30;client_id=25;clients=50
1779646937753,PUT,104,4,benchKey_1_16,bytes=29;client_id=1;clients=50
1779646937755,PUT,103,4,benchKey_9_16,bytes=29;client_id=9;clients=50
1779646937758,PUT,102,4,benchKey_12_16,bytes=30;client_id=12;clients=50
1779646937758,PUT,102,4,benchKey_45_16,bytes=30;client_id=45;clients=50
1779646937762,PUT,103,4,benchKey_6_16,bytes=29;client_id=6;clients=50
1779646937766,PUT,107,4,benchKey_46_16,bytes=30;client_id=46;clients=50
1779646937766,PUT,104,4,benchKey_18_16,bytes=30;client_id=18;clients=50
1779646937769,PUT,106,4,benchKey_7_16,bytes=29;client_id=7;clients=50
1779646937773,PUT,110,4,benchKey_43_16,bytes=30;client_id=43;clients=50
1779646937774,PUT,107,4,benchKey_8_16,bytes=29;client_id=8;clients=50
1779646937776,PUT,107,4,benchKey_41_16,bytes=30;client_id=41;clients=50
1779646937777,PUT,106,4,benchKey_10_16,bytes=30;client_id=10;clients=50
1779646937782,PUT,107,4,benchKey_20_16,bytes=30;client_id=20;clients=50
1779646937783,PUT,107,4,benchKey_27_16,bytes=30;client_id=27;clients=50
1779646937784,PUT,105,4,benchKey_28_17,bytes=30;client_id=28;clients=50
1779646937784,PUT,101,4,benchKey_16_16,bytes=30;client_id=16;clients=50
1779646937788,PUT,105,4,benchKey_11_16,bytes=30;client_id=11;clients=50
1779646937789,PUT,104,4,benchKey_44_16,bytes=30;client_id=44;clients=50
1779646937789,PUT,101,4,benchKey_13_16,bytes=30;client_id=13;clients=50
1779646937792,PUT,102,4,benchKey_32_16,bytes=30;client_id=32;clients=50
1779646937795,PUT,104,4,benchKey_49_16,bytes=30;client_id=49;clients=50
1779646937797,PUT,103,4,benchKey_23_16,bytes=30;client_id=23;clients=50
1779646937800,PUT,102,4,benchKey_42_16,bytes=30;client_id=42;clients=50
1779646937801,PUT,103,4,benchKey_2_17,bytes=29;client_id=2;clients=50
1779646937805,PUT,105,4,benchKey_22_17,bytes=30;client_id=22;clients=50
1779646937808,PUT,107,4,benchKey_29_17,bytes=30;client_id=29;clients=50
1779646937809,PUT,105,4,benchKey_24_16,bytes=30;client_id=24;clients=50
1779646937811,PUT,106,4,benchKey_38_16,bytes=30;client_id=38;clients=50
1779646937816,PUT,110,4,benchKey_48_17,bytes=30;client_id=48;clients=50
1779646937816,PUT,107,4,benchKey_34_17,bytes=30;client_id=34;clients=50
1779646937818,PUT,107,4,benchKey_40_17,bytes=30;client_id=40;clients=50
1779646937818,PUT,104,4,benchKey_35_17,bytes=30;client_id=35;clients=50
1779646937824,PUT,107,4,benchKey_5_17,bytes=29;client_id=5;clients=50
1779646937824,PUT,107,4,benchKey_39_17,bytes=30;client_id=39;clients=50
1779646937826,PUT,105,4,benchKey_30_17,bytes=30;client_id=30;clients=50
1779646937827,PUT,102,4,benchKey_36_17,bytes=30;client_id=36;clients=50
1779646937829,PUT,104,4,benchKey_47_17,bytes=30;client_id=47;clients=50
1779646937834,PUT,103,4,benchKey_31_17,bytes=30;client_id=31;clients=50
1779646937834,PUT,107,4,benchKey_14_17,bytes=30;client_id=14;clients=50
1779646937835,PUT,102,4,benchKey_0_17,bytes=29;client_id=0;clients=50
1779646937838,PUT,105,4,benchKey_37_17,bytes=30;client_id=37;clients=50
1779646937839,PUT,104,4,benchKey_15_17,bytes=30;client_id=15;clients=50
1779646937843,PUT,102,4,benchKey_21_17,bytes=30;client_id=21;clients=50
1779646937843,PUT,103,4,benchKey_26_17,bytes=30;client_id=26;clients=50
1779646937848,PUT,105,4,benchKey_33_17,bytes=30;client_id=33;clients=50
1779646937851,PUT,108,4,benchKey_17_17,bytes=30;client_id=17;clients=50
1779646937852,PUT,106,4,benchKey_4_17,bytes=29;client_id=4;clients=50
1779646937853,PUT,106,4,benchKey_3_17,bytes=29;client_id=3;clients=50
1779646937859,PUT,111,4,benchKey_19_17,bytes=30;client_id=19;clients=50
1779646937859,PUT,108,4,benchKey_25_17,bytes=30;client_id=25;clients=50
1779646937860,PUT,107,4,benchKey_1_17,bytes=29;client_id=1;clients=50
1779646937860,PUT,105,4,benchKey_9_17,bytes=29;client_id=9;clients=50
1779646937867,PUT,108,4,benchKey_12_17,bytes=30;client_id=12;clients=50
1779646937867,PUT,108,4,benchKey_45_17,bytes=30;client_id=45;clients=50
1779646937868,PUT,105,4,benchKey_6_17,bytes=29;client_id=6;clients=50
1779646937870,PUT,103,4,benchKey_46_17,bytes=30;client_id=46;clients=50
1779646937872,PUT,105,4,benchKey_18_17,bytes=30;client_id=18;clients=50
1779646937877,PUT,103,4,benchKey_8_17,bytes=29;client_id=8;clients=50
1779646937877,PUT,104,4,benchKey_43_17,bytes=30;client_id=43;clients=50
1779646937877,PUT,108,4,benchKey_7_17,bytes=29;client_id=7;clients=50
1779646937881,PUT,105,4,benchKey_41_17,bytes=30;client_id=41;clients=50
1779646937881,PUT,104,4,benchKey_10_17,bytes=30;client_id=10;clients=50
1779646937885,PUT,102,4,benchKey_27_17,bytes=30;client_id=27;clients=50
1779646937885,PUT,103,4,benchKey_20_17,bytes=30;client_id=20;clients=50
1779646937891,PUT,106,4,benchKey_28_18,bytes=30;client_id=28;clients=50
1779646937894,PUT,106,4,benchKey_11_17,bytes=30;client_id=11;clients=50
1779646937894,PUT,110,4,benchKey_16_17,bytes=30;client_id=16;clients=50
1779646937895,PUT,106,4,benchKey_44_17,bytes=30;client_id=44;clients=50
1779646937902,PUT,104,4,benchKey_23_17,bytes=30;client_id=23;clients=50
1779646937902,PUT,109,4,benchKey_32_17,bytes=30;client_id=32;clients=50
1779646937902,PUT,113,4,benchKey_13_17,bytes=30;client_id=13;clients=50
1779646937903,PUT,108,4,benchKey_49_17,bytes=30;client_id=49;clients=50
1779646937910,PUT,105,4,benchKey_22_18,bytes=30;client_id=22;clients=50
1779646937912,PUT,111,4,benchKey_2_18,bytes=29;client_id=2;clients=50
1779646937913,PUT,112,4,benchKey_42_17,bytes=30;client_id=42;clients=50
1779646937912,PUT,104,4,benchKey_29_18,bytes=30;client_id=29;clients=50
1779646937914,PUT,105,4,benchKey_24_17,bytes=30;client_id=24;clients=50
1779646937919,PUT,102,4,benchKey_48_18,bytes=30;client_id=48;clients=50
1779646937919,PUT,102,4,benchKey_34_18,bytes=30;client_id=34;clients=50
1779646937920,PUT,108,4,benchKey_38_17,bytes=30;client_id=38;clients=50
1779646937924,PUT,105,4,benchKey_35_18,bytes=30;client_id=35;clients=50
1779646937924,PUT,105,4,benchKey_40_18,bytes=30;client_id=40;clients=50
1779646937927,PUT,102,4,benchKey_5_18,bytes=29;client_id=5;clients=50
1779646937927,PUT,103,4,benchKey_39_18,bytes=30;client_id=39;clients=50
1779646937934,PUT,107,4,benchKey_30_18,bytes=30;client_id=30;clients=50
1779646937937,PUT,102,4,benchKey_31_18,bytes=30;client_id=31;clients=50
1779646937937,PUT,109,4,benchKey_36_18,bytes=30;client_id=36;clients=50
1779646937937,PUT,108,4,benchKey_47_18,bytes=30;client_id=47;clients=50
1779646937944,PUT,109,4,benchKey_14_18,bytes=30;client_id=14;clients=50
1779646937945,PUT,109,4,benchKey_0_18,bytes=29;client_id=0;clients=50
1779646937946,PUT,106,4,benchKey_15_18,bytes=30;client_id=15;clients=50
1779646937946,PUT,107,4,benchKey_37_18,bytes=30;client_id=37;clients=50
1779646937952,PUT,108,4,benchKey_21_18,bytes=30;client_id=21;clients=50
1779646937954,PUT,110,4,benchKey_26_18,bytes=30;client_id=26;clients=50
1779646937954,PUT,102,4,benchKey_17_18,bytes=30;client_id=17;clients=50
1779646937954,PUT,106,4,benchKey_33_18,bytes=30;client_id=33;clients=50
1779646937957,PUT,104,4,benchKey_4_18,bytes=29;client_id=4;clients=50
1779646937961,PUT,102,4,benchKey_19_18,bytes=30;client_id=19;clients=50
1779646937961,PUT,108,4,benchKey_3_18,bytes=29;client_id=3;clients=50
1779646937962,PUT,103,4,benchKey_25_18,bytes=30;client_id=25;clients=50
1779646937966,PUT,105,4,benchKey_1_18,bytes=29;client_id=1;clients=50
1779646937967,PUT,106,4,benchKey_9_18,bytes=29;client_id=9;clients=50
1779646937969,PUT,102,4,benchKey_12_18,bytes=30;client_id=12;clients=50
1779646937970,PUT,103,4,benchKey_45_18,bytes=30;client_id=45;clients=50
1779646937976,PUT,108,4,benchKey_6_18,bytes=29;client_id=6;clients=50
1779646937979,PUT,101,4,benchKey_8_18,bytes=29;client_id=8;clients=50
1779646937979,PUT,109,4,benchKey_46_18,bytes=30;client_id=46;clients=50
1779646937980,PUT,108,4,benchKey_18_18,bytes=30;client_id=18;clients=50
1779646937987,PUT,109,4,benchKey_7_18,bytes=29;client_id=7;clients=50
1779646937987,PUT,109,4,benchKey_43_18,bytes=30;client_id=43;clients=50
1779646937987,PUT,105,4,benchKey_41_18,bytes=30;client_id=41;clients=50
1779646937989,PUT,107,4,benchKey_10_18,bytes=30;client_id=10;clients=50
1779646937995,PUT,109,4,benchKey_27_18,bytes=30;client_id=27;clients=50
1779646937996,PUT,111,4,benchKey_20_18,bytes=30;client_id=20;clients=50
1779646937997,PUT,105,4,benchKey_28_19,bytes=30;client_id=28;clients=50
1779646937998,PUT,103,4,benchKey_11_18,bytes=30;client_id=11;clients=50
1779646938001,PUT,106,4,benchKey_16_18,bytes=30;client_id=16;clients=50
1779646938004,PUT,101,4,benchKey_23_18,bytes=30;client_id=23;clients=50
1779646938005,PUT,109,4,benchKey_44_18,bytes=30;client_id=44;clients=50
1779646938006,PUT,103,4,benchKey_32_18,bytes=30;client_id=32;clients=50
1779646938009,PUT,106,4,benchKey_13_18,bytes=30;client_id=13;clients=50
1779646938010,PUT,107,4,benchKey_49_18,bytes=30;client_id=49;clients=50
1779646938013,PUT,102,4,benchKey_22_19,bytes=30;client_id=22;clients=50
1779646938016,PUT,103,4,benchKey_2_19,bytes=29;client_id=2;clients=50
1779646938019,PUT,106,4,benchKey_42_18,bytes=30;client_id=42;clients=50
1779646938022,PUT,108,4,benchKey_24_18,bytes=30;client_id=24;clients=50
1779646938023,PUT,103,4,benchKey_48_19,bytes=30;client_id=48;clients=50
1779646938024,PUT,111,4,benchKey_29_19,bytes=30;client_id=29;clients=50
1779646938031,PUT,111,4,benchKey_34_19,bytes=30;client_id=34;clients=50
1779646938031,PUT,106,4,benchKey_35_19,bytes=30;client_id=35;clients=50
1779646938034,PUT,109,4,benchKey_40_19,bytes=30;client_id=40;clients=50
1779646938036,PUT,115,4,benchKey_38_18,bytes=30;client_id=38;clients=50
1779646938039,PUT,104,4,benchKey_30_19,bytes=30;client_id=30;clients=50
1779646938041,PUT,103,4,benchKey_31_19,bytes=30;client_id=31;clients=50
1779646938041,PUT,113,4,benchKey_39_19,bytes=30;client_id=39;clients=50
1779646938042,PUT,114,4,benchKey_5_19,bytes=29;client_id=5;clients=50
1779646938045,PUT,108,4,benchKey_36_19,bytes=30;client_id=36;clients=50
1779646938048,PUT,102,4,benchKey_0_19,bytes=29;client_id=0;clients=50
1779646938049,PUT,111,4,benchKey_47_19,bytes=30;client_id=47;clients=50
1779646938050,PUT,106,4,benchKey_14_19,bytes=30;client_id=14;clients=50
1779646938054,PUT,107,4,benchKey_15_19,bytes=30;client_id=15;clients=50
1779646938054,PUT,107,4,benchKey_37_19,bytes=30;client_id=37;clients=50
1779646938059,PUT,106,4,benchKey_21_19,bytes=30;client_id=21;clients=50
1779646938061,PUT,107,4,benchKey_26_19,bytes=30;client_id=26;clients=50
1779646938062,PUT,108,4,benchKey_17_19,bytes=30;client_id=17;clients=50
1779646938067,PUT,109,4,benchKey_4_19,bytes=29;client_id=4;clients=50
1779646938069,PUT,114,4,benchKey_33_19,bytes=30;client_id=33;clients=50
1779646938070,PUT,108,4,benchKey_19_19,bytes=30;client_id=19;clients=50
1779646938075,PUT,112,4,benchKey_25_19,bytes=30;client_id=25;clients=50
1779646938078,PUT,116,4,benchKey_3_19,bytes=29;client_id=3;clients=50
1779646938078,PUT,112,4,benchKey_1_19,bytes=29;client_id=1;clients=50
1779646938078,PUT,111,4,benchKey_9_19,bytes=29;client_id=9;clients=50
1779646938082,PUT,111,4,benchKey_45_19,bytes=30;client_id=45;clients=50
1779646938084,PUT,114,4,benchKey_12_19,bytes=30;client_id=12;clients=50
1779646938084,PUT,105,4,benchKey_8_19,bytes=29;client_id=8;clients=50
1779646938086,PUT,109,4,benchKey_6_19,bytes=29;client_id=6;clients=50
1779646938090,PUT,109,4,benchKey_18_19,bytes=30;client_id=18;clients=50
1779646938090,PUT,111,4,benchKey_46_19,bytes=30;client_id=46;clients=50
1779646938091,PUT,103,4,benchKey_7_19,bytes=29;client_id=7;clients=50
1779646938092,PUT,104,4,benchKey_43_19,bytes=30;client_id=43;clients=50
1779646938096,PUT,106,4,benchKey_10_19,bytes=30;client_id=10;clients=50
1779646938098,PUT,110,4,benchKey_41_19,bytes=30;client_id=41;clients=50
1779646938101,PUT,106,4,benchKey_27_19,bytes=30;client_id=27;clients=50
1779646938102,PUT,105,4,benchKey_20_19,bytes=30;client_id=20;clients=50
1779646938105,PUT,108,4,benchKey_28_20,bytes=30;client_id=28;clients=50
1779646938110,PUT,112,4,benchKey_11_19,bytes=30;client_id=11;clients=50
1779646938111,PUT,110,4,benchKey_16_19,bytes=30;client_id=16;clients=50
1779646938113,PUT,109,4,benchKey_23_19,bytes=30;client_id=23;clients=50
1779646938118,PUT,112,4,benchKey_44_19,bytes=30;client_id=44;clients=50
1779646938120,PUT,110,4,benchKey_13_19,bytes=30;client_id=13;clients=50
1779646938120,PUT,113,4,benchKey_32_19,bytes=30;client_id=32;clients=50
1779646938121,PUT,110,4,benchKey_49_19,bytes=30;client_id=49;clients=50
1779646938124,PUT,110,4,benchKey_22_20,bytes=30;client_id=22;clients=50
1779646938126,PUT,106,4,benchKey_42_19,bytes=30;client_id=42;clients=50
1779646938126,PUT,109,4,benchKey_2_20,bytes=29;client_id=2;clients=50
1779646938127,PUT,104,4,benchKey_24_19,bytes=30;client_id=24;clients=50
1779646938132,PUT,100,4,benchKey_34_20,bytes=30;client_id=34;clients=50
1779646938132,PUT,105,4,benchKey_29_20,bytes=30;client_id=29;clients=50
1779646938133,PUT,109,4,benchKey_48_20,bytes=30;client_id=48;clients=50
1779646938133,PUT,101,4,benchKey_35_20,bytes=30;client_id=35;clients=50
1779646938139,PUT,104,4,benchKey_40_20,bytes=30;client_id=40;clients=50
1779646938141,PUT,105,4,benchKey_38_19,bytes=30;client_id=38;clients=50
1779646938142,PUT,102,4,benchKey_30_20,bytes=30;client_id=30;clients=50
1779646938143,PUT,102,4,benchKey_31_20,bytes=30;client_id=31;clients=50
1779646938147,PUT,105,4,benchKey_39_20,bytes=30;client_id=39;clients=50
1779646938152,PUT,109,4,benchKey_5_20,bytes=29;client_id=5;clients=50
1779646938153,PUT,107,4,benchKey_36_20,bytes=30;client_id=36;clients=50
1779646938154,PUT,105,4,benchKey_0_20,bytes=29;client_id=0;clients=50
1779646938160,PUT,111,4,benchKey_47_20,bytes=30;client_id=47;clients=50
1779646938163,PUT,112,4,benchKey_14_20,bytes=30;client_id=14;clients=50
1779646938163,PUT,109,4,benchKey_15_20,bytes=30;client_id=15;clients=50
1779646938163,PUT,109,4,benchKey_37_20,bytes=30;client_id=37;clients=50
1779646938166,PUT,107,4,benchKey_21_20,bytes=30;client_id=21;clients=50
1779646938167,PUT,105,4,benchKey_26_20,bytes=30;client_id=26;clients=50
1779646938169,PUT,106,4,benchKey_17_20,bytes=30;client_id=17;clients=50
1779646938169,PUT,102,4,benchKey_4_20,bytes=29;client_id=4;clients=50
1779646938176,PUT,106,4,benchKey_33_20,bytes=30;client_id=33;clients=50
1779646938176,PUT,106,4,benchKey_19_20,bytes=30;client_id=19;clients=50
1779646938177,PUT,101,4,benchKey_25_20,bytes=30;client_id=25;clients=50
1779646938177,PUT,98,4,benchKey_3_20,bytes=29;client_id=3;clients=50
1779646938182,PUT,103,4,benchKey_1_20,bytes=29;client_id=1;clients=50
1779646938185,PUT,102,4,benchKey_45_20,bytes=30;client_id=45;clients=50
1779646938185,PUT,106,4,benchKey_9_20,bytes=29;client_id=9;clients=50
1779646938187,PUT,102,4,benchKey_12_20,bytes=30;client_id=12;clients=50
1779646938190,PUT,105,4,benchKey_8_20,bytes=29;client_id=8;clients=50
1779646938195,PUT,104,4,benchKey_18_20,bytes=30;client_id=18;clients=50
1779646938196,PUT,105,4,benchKey_46_20,bytes=30;client_id=46;clients=50
1779646938196,PUT,110,4,benchKey_6_20,bytes=29;client_id=6;clients=50
1779646938203,PUT,111,4,benchKey_7_20,bytes=29;client_id=7;clients=50
1779646938205,PUT,107,4,benchKey_41_20,bytes=30;client_id=41;clients=50
1779646938207,PUT,110,4,benchKey_10_20,bytes=30;client_id=10;clients=50
1779646938208,PUT,116,4,benchKey_43_20,bytes=30;client_id=43;clients=50
1779646938209,PUT,107,4,benchKey_27_20,bytes=30;client_id=27;clients=50
1779646938211,PUT,108,4,benchKey_20_20,bytes=30;client_id=20;clients=50
1779646938212,PUT,101,4,benchKey_11_20,bytes=30;client_id=11;clients=50
1779646938213,PUT,108,4,benchKey_28_21,bytes=30;client_id=28;clients=50
1779646938218,PUT,107,4,benchKey_16_20,bytes=30;client_id=16;clients=50
1779646938220,PUT,106,4,benchKey_23_20,bytes=30;client_id=23;clients=50
1779646938220,PUT,99,4,benchKey_13_20,bytes=30;client_id=13;clients=50
1779646938220,PUT,102,4,benchKey_44_20,bytes=30;client_id=44;clients=50
1779646938223,PUT,103,4,benchKey_32_20,bytes=30;client_id=32;clients=50
1779646938227,PUT,106,4,benchKey_49_20,bytes=30;client_id=49;clients=50
1779646938228,PUT,104,4,benchKey_22_21,bytes=30;client_id=22;clients=50
1779646938229,PUT,103,4,benchKey_42_20,bytes=30;client_id=42;clients=50
1779646938232,PUT,106,4,benchKey_2_21,bytes=29;client_id=2;clients=50
1779646938237,PUT,110,4,benchKey_24_20,bytes=30;client_id=24;clients=50
1779646938238,PUT,105,4,benchKey_34_21,bytes=30;client_id=34;clients=50
1779646938239,PUT,106,4,benchKey_29_21,bytes=30;client_id=29;clients=50
1779646938244,PUT,111,4,benchKey_48_21,bytes=30;client_id=48;clients=50
1779646938248,PUT,115,4,benchKey_35_21,bytes=30;client_id=35;clients=50
1779646938249,PUT,110,4,benchKey_40_21,bytes=30;client_id=40;clients=50
1779646938252,PUT,111,4,benchKey_38_20,bytes=30;client_id=38;clients=50
1779646938252,PUT,110,4,benchKey_30_21,bytes=30;client_id=30;clients=50
1779646938253,PUT,110,4,benchKey_31_21,bytes=30;client_id=31;clients=50
1779646938254,PUT,101,4,benchKey_5_21,bytes=29;client_id=5;clients=50
1779646938254,PUT,107,4,benchKey_39_21,bytes=30;client_id=39;clients=50
1779646938261,PUT,107,4,benchKey_36_21,bytes=30;client_id=36;clients=50
1779646938262,PUT,102,4,benchKey_47_21,bytes=30;client_id=47;clients=50
1779646938262,PUT,108,4,benchKey_0_21,bytes=29;client_id=0;clients=50
1779646938263,PUT,100,4,benchKey_14_21,bytes=30;client_id=14;clients=50
1779646938265,PUT,101,4,benchKey_15_21,bytes=30;client_id=15;clients=50
1779646938270,PUT,104,4,benchKey_21_21,bytes=30;client_id=21;clients=50
1779646938270,PUT,106,4,benchKey_37_21,bytes=30;client_id=37;clients=50
1779646938271,PUT,104,4,benchKey_26_21,bytes=30;client_id=26;clients=50
1779646938274,PUT,104,4,benchKey_17_21,bytes=30;client_id=17;clients=50
1779646938280,PUT,110,4,benchKey_4_21,bytes=29;client_id=4;clients=50
1779646938280,PUT,104,4,benchKey_33_21,bytes=30;client_id=33;clients=50
1779646938282,PUT,105,4,benchKey_19_21,bytes=30;client_id=19;clients=50
1779646938286,PUT,109,4,benchKey_25_21,bytes=30;client_id=25;clients=50
1779646938291,PUT,113,4,benchKey_3_21,bytes=29;client_id=3;clients=50
1779646938292,PUT,109,4,benchKey_1_21,bytes=29;client_id=1;clients=50
1779646938294,PUT,109,4,benchKey_45_21,bytes=30;client_id=45;clients=50
1779646938295,PUT,108,4,benchKey_12_21,bytes=30;client_id=12;clients=50
1779646938296,PUT,110,4,benchKey_9_21,bytes=29;client_id=9;clients=50
1779646938296,PUT,100,4,benchKey_18_21,bytes=30;client_id=18;clients=50
1779646938296,PUT,106,4,benchKey_8_21,bytes=29;client_id=8;clients=50
1779646938304,PUT,108,4,benchKey_46_21,bytes=30;client_id=46;clients=50
1779646938305,PUT,102,4,benchKey_7_21,bytes=29;client_id=7;clients=50
1779646938305,PUT,109,4,benchKey_6_21,bytes=29;client_id=6;clients=50
1779646938306,PUT,100,4,benchKey_41_21,bytes=30;client_id=41;clients=50
1779646938307,PUT,100,4,benchKey_10_21,bytes=30;client_id=10;clients=50
1779646938312,PUT,103,4,benchKey_27_21,bytes=30;client_id=27;clients=50
1779646938312,PUT,104,4,benchKey_43_21,bytes=30;client_id=43;clients=50
1779646938313,PUT,102,4,benchKey_20_21,bytes=30;client_id=20;clients=50
1779646938316,PUT,104,4,benchKey_11_21,bytes=30;client_id=11;clients=50
1779646938322,PUT,108,4,benchKey_28_22,bytes=30;client_id=28;clients=50
1779646938322,PUT,103,4,benchKey_16_21,bytes=30;client_id=16;clients=50
1779646938324,PUT,104,4,benchKey_23_21,bytes=30;client_id=23;clients=50
1779646938329,PUT,109,4,benchKey_13_21,bytes=30;client_id=13;clients=50
1779646938333,PUT,112,4,benchKey_44_21,bytes=30;client_id=44;clients=50
1779646938334,PUT,110,4,benchKey_32_21,bytes=30;client_id=32;clients=50
1779646938336,PUT,108,4,benchKey_49_21,bytes=30;client_id=49;clients=50
1779646938337,PUT,108,4,benchKey_22_22,bytes=30;client_id=22;clients=50
1779646938339,PUT,110,4,benchKey_42_21,bytes=30;client_id=42;clients=50
1779646938339,PUT,102,4,benchKey_24_21,bytes=30;client_id=24;clients=50
1779646938340,PUT,107,4,benchKey_2_22,bytes=29;client_id=2;clients=50
1779646938348,PUT,109,4,benchKey_29_22,bytes=30;client_id=29;clients=50
1779646938349,PUT,111,4,benchKey_34_22,bytes=30;client_id=34;clients=50
1779646938349,PUT,105,4,benchKey_48_22,bytes=30;client_id=48;clients=50
1779646938350,PUT,101,4,benchKey_35_22,bytes=30;client_id=35;clients=50
1779646938351,PUT,101,4,benchKey_40_22,bytes=30;client_id=40;clients=50
1779646938354,PUT,101,4,benchKey_38_21,bytes=30;client_id=38;clients=50
1779646938354,PUT,101,4,benchKey_30_22,bytes=30;client_id=30;clients=50
1779646938355,PUT,102,4,benchKey_31_22,bytes=30;client_id=31;clients=50
1779646938359,PUT,105,4,benchKey_5_22,bytes=29;client_id=5;clients=50
1779646938364,PUT,103,4,benchKey_36_22,bytes=30;client_id=36;clients=50
1779646938365,PUT,111,4,benchKey_39_22,bytes=30;client_id=39;clients=50
1779646938366,PUT,103,4,benchKey_47_22,bytes=30;client_id=47;clients=50
1779646938371,PUT,108,4,benchKey_0_22,bytes=29;client_id=0;clients=50
1779646938375,PUT,111,4,benchKey_14_22,bytes=30;client_id=14;clients=50
1779646938376,PUT,110,4,benchKey_15_22,bytes=30;client_id=15;clients=50
1779646938378,PUT,107,4,benchKey_21_22,bytes=30;client_id=21;clients=50
1779646938379,PUT,108,4,benchKey_37_22,bytes=30;client_id=37;clients=50
1779646938381,PUT,106,4,benchKey_17_22,bytes=30;client_id=17;clients=50
1779646938381,PUT,109,4,benchKey_26_22,bytes=30;client_id=26;clients=50
1779646938382,PUT,101,4,benchKey_4_22,bytes=29;client_id=4;clients=50
1779646938391,PUT,110,4,benchKey_33_22,bytes=30;client_id=33;clients=50
1779646938393,PUT,111,4,benchKey_19_22,bytes=30;client_id=19;clients=50
1779646938393,PUT,106,4,benchKey_25_22,bytes=30;client_id=25;clients=50
1779646938394,PUT,103,4,benchKey_3_22,bytes=29;client_id=3;clients=50
1779646938395,PUT,103,4,benchKey_1_22,bytes=29;client_id=1;clients=50
1779646938397,PUT,102,4,benchKey_45_22,bytes=30;client_id=45;clients=50
1779646938397,PUT,101,4,benchKey_12_22,bytes=30;client_id=12;clients=50
1779646938397,PUT,101,4,benchKey_9_22,bytes=29;client_id=9;clients=50
1779646938401,PUT,104,4,benchKey_18_22,bytes=30;client_id=18;clients=50
1779646938406,PUT,109,4,benchKey_8_22,bytes=29;client_id=8;clients=50
1779646938407,PUT,102,4,benchKey_46_22,bytes=30;client_id=46;clients=50
1779646938407,PUT,101,4,benchKey_7_22,bytes=29;client_id=7;clients=50
1779646938413,PUT,107,4,benchKey_6_22,bytes=29;client_id=6;clients=50
1779646938417,PUT,110,4,benchKey_41_22,bytes=30;client_id=41;clients=50
1779646938417,PUT,110,4,benchKey_10_22,bytes=30;client_id=10;clients=50
1779646938420,PUT,107,4,benchKey_43_22,bytes=30;client_id=43;clients=50
1779646938420,PUT,108,4,benchKey_27_22,bytes=30;client_id=27;clients=50
1779646938424,PUT,102,4,benchKey_28_23,bytes=30;client_id=28;clients=50
1779646938424,PUT,108,4,benchKey_11_22,bytes=30;client_id=11;clients=50
1779646938425,PUT,111,4,benchKey_20_22,bytes=30;client_id=20;clients=50
1779646938434,PUT,111,4,benchKey_16_22,bytes=30;client_id=16;clients=50
1779646938436,PUT,111,4,benchKey_23_22,bytes=30;client_id=23;clients=50
1779646938436,PUT,102,4,benchKey_44_22,bytes=30;client_id=44;clients=50
1779646938436,PUT,107,4,benchKey_13_22,bytes=30;client_id=13;clients=50
1779646938437,PUT,103,4,benchKey_32_22,bytes=30;client_id=32;clients=50
1779646938440,PUT,102,4,benchKey_22_23,bytes=30;client_id=22;clients=50
1779646938440,PUT,103,4,benchKey_49_22,bytes=30;client_id=49;clients=50
1779646938441,PUT,101,4,benchKey_42_22,bytes=30;client_id=42;clients=50
1779646938445,PUT,105,4,benchKey_24_22,bytes=30;client_id=24;clients=50
1779646938448,PUT,107,4,benchKey_2_23,bytes=29;client_id=2;clients=50
1779646938449,PUT,100,4,benchKey_29_23,bytes=30;client_id=29;clients=50
1779646938450,PUT,99,4,benchKey_48_23,bytes=30;client_id=48;clients=50
1779646938455,PUT,105,4,benchKey_34_23,bytes=30;client_id=34;clients=50
1779646938459,PUT,109,4,benchKey_35_23,bytes=30;client_id=35;clients=50
1779646938459,PUT,108,4,benchKey_40_23,bytes=30;client_id=40;clients=50
1779646938463,PUT,108,4,benchKey_38_22,bytes=30;client_id=38;clients=50
1779646938463,PUT,108,4,benchKey_30_23,bytes=30;client_id=30;clients=50
1779646938467,PUT,107,4,benchKey_5_23,bytes=29;client_id=5;clients=50
1779646938468,PUT,112,4,benchKey_31_23,bytes=30;client_id=31;clients=50
1779646938468,PUT,103,4,benchKey_36_23,bytes=30;client_id=36;clients=50
1779646938476,PUT,111,4,benchKey_39_23,bytes=30;client_id=39;clients=50
1779646938478,PUT,107,4,benchKey_0_23,bytes=29;client_id=0;clients=50
1779646938478,PUT,103,4,benchKey_14_23,bytes=30;client_id=14;clients=50
1779646938478,PUT,112,4,benchKey_47_23,bytes=30;client_id=47;clients=50
1779646938480,PUT,103,4,benchKey_15_23,bytes=30;client_id=15;clients=50
1779646938482,PUT,104,4,benchKey_21_23,bytes=30;client_id=21;clients=50
1779646938484,PUT,103,4,benchKey_17_23,bytes=30;client_id=17;clients=50
1779646938484,PUT,105,4,benchKey_37_23,bytes=30;client_id=37;clients=50
1779646938487,PUT,106,4,benchKey_26_23,bytes=30;client_id=26;clients=50
1779646938490,PUT,107,4,benchKey_4_23,bytes=29;client_id=4;clients=50
1779646938491,PUT,100,4,benchKey_33_23,bytes=30;client_id=33;clients=50
1779646938491,PUT,98,4,benchKey_19_23,bytes=30;client_id=19;clients=50
1779646938498,PUT,105,4,benchKey_25_23,bytes=30;client_id=25;clients=50
1779646938502,PUT,108,4,benchKey_3_23,bytes=29;client_id=3;clients=50
1779646938503,PUT,107,4,benchKey_1_23,bytes=29;client_id=1;clients=50
1779646938505,PUT,107,4,benchKey_45_23,bytes=30;client_id=45;clients=50
1779646938505,PUT,108,4,benchKey_12_23,bytes=30;client_id=12;clients=50
1779646938511,PUT,113,4,benchKey_9_23,bytes=29;client_id=9;clients=50
1779646938512,PUT,105,4,benchKey_8_23,bytes=29;client_id=8;clients=50
1779646938513,PUT,111,4,benchKey_18_23,bytes=30;client_id=18;clients=50
1779646938519,PUT,111,4,benchKey_46_23,bytes=30;client_id=46;clients=50
1779646938520,PUT,106,4,benchKey_6_23,bytes=29;client_id=6;clients=50
1779646938521,PUT,114,4,benchKey_7_23,bytes=29;client_id=7;clients=50
1779646938521,PUT,104,4,benchKey_41_23,bytes=30;client_id=41;clients=50
1779646938522,PUT,104,4,benchKey_10_23,bytes=30;client_id=10;clients=50
1779646938524,PUT,104,4,benchKey_43_23,bytes=30;client_id=43;clients=50
1779646938526,PUT,105,4,benchKey_27_23,bytes=30;client_id=27;clients=50
1779646938526,PUT,101,4,benchKey_28_24,bytes=30;client_id=28;clients=50
1779646938529,PUT,104,4,benchKey_11_23,bytes=30;client_id=11;clients=50
1779646938532,PUT,107,4,benchKey_20_23,bytes=30;client_id=20;clients=50
1779646938533,PUT,99,4,benchKey_16_23,bytes=30;client_id=16;clients=50
1779646938534,PUT,97,4,benchKey_23_23,bytes=30;client_id=23;clients=50
1779646938540,PUT,104,4,benchKey_44_23,bytes=30;client_id=44;clients=50
1779646938544,PUT,108,4,benchKey_13_23,bytes=30;client_id=13;clients=50
1779646938545,PUT,107,4,benchKey_32_23,bytes=30;client_id=32;clients=50
1779646938546,PUT,106,4,benchKey_22_24,bytes=30;client_id=22;clients=50
1779646938547,PUT,106,4,benchKey_49_23,bytes=30;client_id=49;clients=50
1779646938553,PUT,112,4,benchKey_42_23,bytes=30;client_id=42;clients=50
1779646938554,PUT,109,4,benchKey_24_23,bytes=30;client_id=24;clients=50
1779646938555,PUT,107,4,benchKey_2_24,bytes=29;client_id=2;clients=50
1779646938560,PUT,111,4,benchKey_29_24,bytes=30;client_id=29;clients=50
1779646938562,PUT,112,4,benchKey_48_24,bytes=30;client_id=48;clients=50
1779646938563,PUT,103,4,benchKey_35_24,bytes=30;client_id=35;clients=50
1779646938563,PUT,107,4,benchKey_34_24,bytes=30;client_id=34;clients=50
1779646938565,PUT,105,4,benchKey_40_24,bytes=30;client_id=40;clients=50
1779646938567,PUT,104,4,benchKey_38_23,bytes=30;client_id=38;clients=50
1779646938568,PUT,100,4,benchKey_5_24,bytes=29;client_id=5;clients=50
1779646938568,PUT,105,4,benchKey_30_24,bytes=30;client_id=30;clients=50
1779646938572,PUT,104,4,benchKey_31_24,bytes=30;client_id=31;clients=50
1779646938575,PUT,96,4,benchKey_0_24,bytes=29;client_id=0;clients=50
1779646938575,PUT,107,4,benchKey_36_24,bytes=30;client_id=36;clients=50
1779646938576,PUT,99,4,benchKey_39_24,bytes=30;client_id=39;clients=50
1779646938582,PUT,103,4,benchKey_14_24,bytes=30;client_id=14;clients=50
1779646938586,PUT,107,4,benchKey_47_24,bytes=30;client_id=47;clients=50
1779646938588,PUT,108,4,benchKey_15_24,bytes=30;client_id=15;clients=50
1779646938588,PUT,105,4,benchKey_21_24,bytes=30;client_id=21;clients=50
1779646938589,PUT,104,4,benchKey_17_24,bytes=30;client_id=17;clients=50
1779646938596,PUT,108,4,benchKey_26_24,bytes=30;client_id=26;clients=50
1779646938596,PUT,111,4,benchKey_37_24,bytes=30;client_id=37;clients=50
1779646938597,PUT,106,4,benchKey_4_24,bytes=29;client_id=4;clients=50
1779646938602,PUT,111,4,benchKey_33_24,bytes=30;client_id=33;clients=50
1779646938604,PUT,112,4,benchKey_19_24,bytes=30;client_id=19;clients=50
1779646938605,PUT,102,4,benchKey_3_24,bytes=29;client_id=3;clients=50
1779646938605,PUT,106,4,benchKey_25_24,bytes=30;client_id=25;clients=50
1779646938606,PUT,102,4,benchKey_1_24,bytes=29;client_id=1;clients=50
1779646938608,PUT,103,4,benchKey_45_24,bytes=30;client_id=45;clients=50
1779646938609,PUT,103,4,benchKey_12_24,bytes=30;client_id=12;clients=50
1779646938609,PUT,98,4,benchKey_9_24,bytes=29;client_id=9;clients=50
1779646938615,PUT,103,4,benchKey_8_24,bytes=29;client_id=8;clients=50
1779646938616,PUT,97,4,benchKey_46_24,bytes=30;client_id=46;clients=50
1779646938616,PUT,102,4,benchKey_18_24,bytes=30;client_id=18;clients=50
1779646938618,PUT,97,4,benchKey_6_24,bytes=29;client_id=6;clients=50
1779646938624,PUT,102,4,benchKey_7_24,bytes=29;client_id=7;clients=50
1779646938628,PUT,106,4,benchKey_41_24,bytes=30;client_id=41;clients=50
1779646938629,PUT,107,4,benchKey_10_24,bytes=30;client_id=10;clients=50
1779646938631,PUT,104,4,benchKey_27_24,bytes=30;client_id=27;clients=50
1779646938631,PUT,106,4,benchKey_43_24,bytes=30;client_id=43;clients=50
1779646938638,PUT,112,4,benchKey_28_25,bytes=30;client_id=28;clients=50
1779646938639,PUT,109,4,benchKey_11_24,bytes=30;client_id=11;clients=50
1779646938640,PUT,108,4,benchKey_20_24,bytes=30;client_id=20;clients=50
1779646938645,PUT,111,4,benchKey_16_24,bytes=30;client_id=16;clients=50
1779646938645,PUT,111,4,benchKey_23_24,bytes=30;client_id=23;clients=50
1779646938647,PUT,102,4,benchKey_32_24,bytes=30;client_id=32;clients=50
1779646938648,PUT,107,4,benchKey_44_24,bytes=30;client_id=44;clients=50
1779646938649,PUT,104,4,benchKey_13_24,bytes=30;client_id=13;clients=50
1779646938650,PUT,103,4,benchKey_22_25,bytes=30;client_id=22;clients=50
1779646938652,PUT,104,4,benchKey_49_24,bytes=30;client_id=49;clients=50
1779646938653,PUT,99,4,benchKey_42_24,bytes=30;client_id=42;clients=50
1779646938656,PUT,102,4,benchKey_24_24,bytes=30;client_id=24;clients=50
1779646938659,PUT,103,4,benchKey_2_25,bytes=29;client_id=2;clients=50
1779646938659,PUT,98,4,benchKey_29_25,bytes=30;client_id=29;clients=50
1779646938662,PUT,99,4,benchKey_48_25,bytes=30;client_id=48;clients=50
1779646938668,PUT,104,4,benchKey_35_25,bytes=30;client_id=35;clients=50
1779646938671,PUT,107,4,benchKey_34_25,bytes=30;client_id=34;clients=50
1779646938673,PUT,107,4,benchKey_40_25,bytes=30;client_id=40;clients=50
1779646938673,PUT,106,4,benchKey_38_24,bytes=30;client_id=38;clients=50
1779646938674,PUT,106,4,benchKey_30_25,bytes=30;client_id=30;clients=50
1779646938682,PUT,114,4,benchKey_5_25,bytes=29;client_id=5;clients=50
1779646938684,PUT,108,4,benchKey_0_25,bytes=29;client_id=0;clients=50
1779646938684,PUT,112,4,benchKey_31_25,bytes=30;client_id=31;clients=50
1779646938688,PUT,112,4,benchKey_39_25,bytes=30;client_id=39;clients=50
1779646938688,PUT,113,4,benchKey_36_25,bytes=30;client_id=36;clients=50
1779646938691,PUT,108,4,benchKey_14_25,bytes=30;client_id=14;clients=50
1779646938691,PUT,105,4,benchKey_47_25,bytes=30;client_id=47;clients=50
1779646938694,PUT,105,4,benchKey_21_25,bytes=30;client_id=21;clients=50
1779646938696,PUT,108,4,benchKey_15_25,bytes=30;client_id=15;clients=50
1779646938697,PUT,108,4,benchKey_17_25,bytes=30;client_id=17;clients=50
1779646938699,PUT,103,4,benchKey_37_25,bytes=30;client_id=37;clients=50
1779646938701,PUT,105,4,benchKey_26_25,bytes=30;client_id=26;clients=50
1779646938702,PUT,105,4,benchKey_4_25,bytes=29;client_id=4;clients=50
1779646938705,PUT,102,4,benchKey_33_25,bytes=30;client_id=33;clients=50
1779646938708,PUT,103,4,benchKey_19_25,bytes=30;client_id=19;clients=50
1779646938712,PUT,107,4,benchKey_3_25,bytes=29;client_id=3;clients=50
1779646938714,PUT,108,4,benchKey_25_25,bytes=30;client_id=25;clients=50
1779646938717,PUT,111,4,benchKey_1_25,bytes=29;client_id=1;clients=50
1779646938720,PUT,110,4,benchKey_12_25,bytes=30;client_id=12;clients=50
1779646938721,PUT,112,4,benchKey_45_25,bytes=30;client_id=45;clients=50
1779646938724,PUT,115,4,benchKey_9_25,bytes=29;client_id=9;clients=50
1779646938727,PUT,112,4,benchKey_8_25,bytes=29;client_id=8;clients=50
1779646938727,PUT,111,4,benchKey_46_25,bytes=30;client_id=46;clients=50
1779646938730,PUT,113,4,benchKey_18_25,bytes=30;client_id=18;clients=50
1779646938731,PUT,112,4,benchKey_6_25,bytes=29;client_id=6;clients=50
1779646938734,PUT,109,4,benchKey_7_25,bytes=29;client_id=7;clients=50
1779646938734,PUT,105,4,benchKey_41_25,bytes=30;client_id=41;clients=50
1779646938736,PUT,106,4,benchKey_10_25,bytes=30;client_id=10;clients=50
1779646938745,PUT,106,4,benchKey_28_26,bytes=30;client_id=28;clients=50
1779646938745,PUT,114,4,benchKey_27_25,bytes=30;client_id=27;clients=50
1779646938747,PUT,107,4,benchKey_11_25,bytes=30;client_id=11;clients=50
1779646938748,PUT,116,4,benchKey_43_25,bytes=30;client_id=43;clients=50
1779646938749,PUT,108,4,benchKey_20_25,bytes=30;client_id=20;clients=50
1779646938750,PUT,105,4,benchKey_16_25,bytes=30;client_id=16;clients=50
1779646938754,PUT,108,4,benchKey_23_25,bytes=30;client_id=23;clients=50
1779646938757,PUT,109,4,benchKey_44_25,bytes=30;client_id=44;clients=50
1779646938757,PUT,109,4,benchKey_32_25,bytes=30;client_id=32;clients=50
1779646938759,PUT,110,4,benchKey_13_25,bytes=30;client_id=13;clients=50
1779646938761,PUT,109,4,benchKey_49_25,bytes=30;client_id=49;clients=50
1779646938761,PUT,111,4,benchKey_22_26,bytes=30;client_id=22;clients=50
1779646938766,PUT,112,4,benchKey_42_25,bytes=30;client_id=42;clients=50
1779646938770,PUT,113,4,benchKey_24_25,bytes=30;client_id=24;clients=50
1779646938770,PUT,111,4,benchKey_2_26,bytes=29;client_id=2;clients=50
1779646938772,PUT,113,4,benchKey_29_26,bytes=30;client_id=29;clients=50
1779646938772,PUT,110,4,benchKey_48_26,bytes=30;client_id=48;clients=50
1779646938777,PUT,104,4,benchKey_40_26,bytes=30;client_id=40;clients=50
1779646938777,PUT,106,4,benchKey_34_26,bytes=30;client_id=34;clients=50
1779646938778,PUT,110,4,benchKey_35_26,bytes=30;client_id=35;clients=50
1779646938787,PUT,112,4,benchKey_30_26,bytes=30;client_id=30;clients=50
1779646938787,PUT,113,4,benchKey_38_25,bytes=30;client_id=38;clients=50
1779646938788,PUT,105,4,benchKey_5_26,bytes=29;client_id=5;clients=50
1779646938790,PUT,106,4,benchKey_0_26,bytes=29;client_id=0;clients=50
1779646938790,PUT,105,4,benchKey_31_26,bytes=30;client_id=31;clients=50
1779646938791,PUT,102,4,benchKey_39_26,bytes=30;client_id=39;clients=50
1779646938795,PUT,106,4,benchKey_36_26,bytes=30;client_id=36;clients=50
1779646938799,PUT,107,4,benchKey_14_26,bytes=30;client_id=14;clients=50
1779646938799,PUT,107,4,benchKey_47_26,bytes=30;client_id=47;clients=50
1779646938802,PUT,108,4,benchKey_21_26,bytes=30;client_id=21;clients=50
1779646938804,PUT,106,4,benchKey_17_26,bytes=30;client_id=17;clients=50
1779646938804,PUT,107,4,benchKey_15_26,bytes=30;client_id=15;clients=50
1779646938807,PUT,107,4,benchKey_37_26,bytes=30;client_id=37;clients=50
1779646938812,PUT,110,4,benchKey_26_26,bytes=30;client_id=26;clients=50
1779646938813,PUT,110,4,benchKey_4_26,bytes=29;client_id=4;clients=50
1779646938814,PUT,105,4,benchKey_19_26,bytes=30;client_id=19;clients=50
1779646938814,PUT,109,4,benchKey_33_26,bytes=30;client_id=33;clients=50
1779646938820,PUT,107,4,benchKey_3_26,bytes=29;client_id=3;clients=50
1779646938820,PUT,103,4,benchKey_1_26,bytes=29;client_id=1;clients=50
1779646938820,PUT,106,4,benchKey_25_26,bytes=30;client_id=25;clients=50
1779646938829,PUT,109,4,benchKey_12_26,bytes=30;client_id=12;clients=50
1779646938830,PUT,109,4,benchKey_45_26,bytes=30;client_id=45;clients=50
1779646938830,PUT,105,4,benchKey_9_26,bytes=29;client_id=9;clients=50
1779646938833,PUT,103,4,benchKey_18_26,bytes=30;client_id=18;clients=50
1779646938833,PUT,105,4,benchKey_8_26,bytes=29;client_id=8;clients=50
1779646938833,PUT,105,4,benchKey_46_26,bytes=30;client_id=46;clients=50
1779646938836,PUT,105,4,benchKey_6_26,bytes=29;client_id=6;clients=50
1779646938842,PUT,108,4,benchKey_7_26,bytes=29;client_id=7;clients=50
1779646938842,PUT,108,4,benchKey_41_26,bytes=30;client_id=41;clients=50
1779646938844,PUT,108,4,benchKey_10_26,bytes=30;client_id=10;clients=50
1779646938846,PUT,101,4,benchKey_27_26,bytes=30;client_id=27;clients=50
1779646938846,PUT,101,4,benchKey_28_27,bytes=30;client_id=28;clients=50
1779646938849,PUT,102,4,benchKey_11_26,bytes=30;client_id=11;clients=50
1779646938854,PUT,105,4,benchKey_20_26,bytes=30;client_id=20;clients=50
1779646938854,PUT,106,4,benchKey_43_26,bytes=30;client_id=43;clients=50
1779646938856,PUT,106,4,benchKey_16_26,bytes=30;client_id=16;clients=50
1779646938857,PUT,103,4,benchKey_23_26,bytes=30;client_id=23;clients=50
1779646938862,PUT,105,4,benchKey_32_26,bytes=30;client_id=32;clients=50
1779646938863,PUT,105,4,benchKey_44_26,bytes=30;client_id=44;clients=50
1779646938863,PUT,103,4,benchKey_13_26,bytes=30;client_id=13;clients=50
1779646938872,PUT,111,4,benchKey_22_27,bytes=30;client_id=22;clients=50
1779646938872,PUT,106,4,benchKey_42_26,bytes=30;client_id=42;clients=50
1779646938873,PUT,111,4,benchKey_49_26,bytes=30;client_id=49;clients=50
1779646938875,PUT,103,4,benchKey_29_27,bytes=30;client_id=29;clients=50
1779646938875,PUT,105,4,benchKey_2_27,bytes=29;client_id=2;clients=50
1779646938876,PUT,106,4,benchKey_24_26,bytes=30;client_id=24;clients=50
1779646938878,PUT,106,4,benchKey_48_27,bytes=30;client_id=48;clients=50
1779646938884,PUT,106,4,benchKey_34_27,bytes=30;client_id=34;clients=50
1779646938884,PUT,107,4,benchKey_40_27,bytes=30;client_id=40;clients=50
1779646938886,PUT,108,4,benchKey_35_27,bytes=30;client_id=35;clients=50
1779646938888,PUT,101,4,benchKey_30_27,bytes=30;client_id=30;clients=50
1779646938889,PUT,101,4,benchKey_38_26,bytes=30;client_id=38;clients=50
1779646938891,PUT,103,4,benchKey_5_27,bytes=29;client_id=5;clients=50
1779646938896,PUT,105,4,benchKey_31_27,bytes=30;client_id=31;clients=50
1779646938897,PUT,107,4,benchKey_0_27,bytes=29;client_id=0;clients=50
1779646938899,PUT,104,4,benchKey_36_27,bytes=30;client_id=36;clients=50
1779646938899,PUT,108,4,benchKey_39_27,bytes=30;client_id=39;clients=50
1779646938905,PUT,106,4,benchKey_47_27,bytes=30;client_id=47;clients=50
1779646938905,PUT,103,4,benchKey_21_27,bytes=30;client_id=21;clients=50
1779646938906,PUT,106,4,benchKey_14_27,bytes=30;client_id=14;clients=50
1779646938914,PUT,109,4,benchKey_15_27,bytes=30;client_id=15;clients=50
1779646938914,PUT,109,4,benchKey_17_27,bytes=30;client_id=17;clients=50
1779646938915,PUT,107,4,benchKey_37_27,bytes=30;client_id=37;clients=50
1779646938917,PUT,104,4,benchKey_4_27,bytes=29;client_id=4;clients=50
1779646938917,PUT,105,4,benchKey_26_27,bytes=30;client_id=26;clients=50
1779646938918,PUT,104,4,benchKey_19_27,bytes=30;client_id=19;clients=50
1779646938921,PUT,106,4,benchKey_33_27,bytes=30;client_id=33;clients=50
1779646938927,PUT,106,4,benchKey_3_27,bytes=29;client_id=3;clients=50
1779646938927,PUT,107,4,benchKey_1_27,bytes=29;client_id=1;clients=50
1779646938929,PUT,108,4,benchKey_25_27,bytes=30;client_id=25;clients=50
1779646938930,PUT,100,4,benchKey_12_27,bytes=30;client_id=12;clients=50
1779646938932,PUT,102,4,benchKey_45_27,bytes=30;client_id=45;clients=50
1779646938934,PUT,104,4,benchKey_9_27,bytes=29;client_id=9;clients=50
1779646938939,PUT,105,4,benchKey_18_27,bytes=30;client_id=18;clients=50
1779646938940,PUT,106,4,benchKey_8_27,bytes=29;client_id=8;clients=50
1779646938942,PUT,105,4,benchKey_6_27,bytes=29;client_id=6;clients=50
1779646938943,PUT,109,4,benchKey_46_27,bytes=30;client_id=46;clients=50
1779646938949,PUT,106,4,benchKey_41_27,bytes=30;client_id=41;clients=50
1779646938949,PUT,106,4,benchKey_7_27,bytes=29;client_id=7;clients=50
1779646938952,PUT,107,4,benchKey_10_27,bytes=30;client_id=10;clients=50
1779646938957,PUT,110,4,benchKey_28_28,bytes=30;client_id=28;clients=50
1779646938957,PUT,110,4,benchKey_27_27,bytes=30;client_id=27;clients=50
1779646938960,PUT,105,4,benchKey_43_27,bytes=30;client_id=43;clients=50
1779646938961,PUT,111,4,benchKey_11_27,bytes=30;client_id=11;clients=50
1779646938962,PUT,107,4,benchKey_20_27,bytes=30;client_id=20;clients=50
1779646938963,PUT,105,4,benchKey_23_27,bytes=30;client_id=23;clients=50
1779646938964,PUT,108,4,benchKey_16_27,bytes=30;client_id=16;clients=50
1779646938969,PUT,106,4,benchKey_32_27,bytes=30;client_id=32;clients=50
1779646938969,PUT,106,4,benchKey_44_27,bytes=30;client_id=44;clients=50
1779646938971,PUT,107,4,benchKey_13_27,bytes=30;client_id=13;clients=50
1779646938973,PUT,100,4,benchKey_22_28,bytes=30;client_id=22;clients=50
1779646938975,PUT,102,4,benchKey_42_27,bytes=30;client_id=42;clients=50
1779646938976,PUT,103,4,benchKey_49_27,bytes=30;client_id=49;clients=50
1779646938981,PUT,105,4,benchKey_29_28,bytes=30;client_id=29;clients=50
1779646938982,PUT,106,4,benchKey_2_28,bytes=29;client_id=2;clients=50
1779646938984,PUT,107,4,benchKey_24_27,bytes=30;client_id=24;clients=50
1779646938985,PUT,106,4,benchKey_48_28,bytes=30;client_id=48;clients=50
1779646938991,PUT,106,4,benchKey_34_28,bytes=30;client_id=34;clients=50
1779646938991,PUT,106,4,benchKey_40_28,bytes=30;client_id=40;clients=50
1779646938994,PUT,107,4,benchKey_35_28,bytes=30;client_id=35;clients=50
1779646938999,PUT,110,4,benchKey_30_28,bytes=30;client_id=30;clients=50
1779646938999,PUT,110,4,benchKey_38_27,bytes=30;client_id=38;clients=50
1779646939003,PUT,106,4,benchKey_31_28,bytes=30;client_id=31;clients=50
1779646939004,PUT,106,4,benchKey_0_28,bytes=29;client_id=0;clients=50
1779646939005,PUT,105,4,benchKey_36_28,bytes=30;client_id=36;clients=50
1779646939007,PUT,107,4,benchKey_39_28,bytes=30;client_id=39;clients=50
1779646939007,PUT,115,4,benchKey_5_28,bytes=29;client_id=5;clients=50
1779646939011,PUT,105,4,benchKey_47_28,bytes=30;client_id=47;clients=50
1779646939011,PUT,105,4,benchKey_21_28,bytes=30;client_id=21;clients=50
1779646939013,PUT,107,4,benchKey_14_28,bytes=30;client_id=14;clients=50
1779646939016,PUT,101,4,benchKey_15_28,bytes=30;client_id=15;clients=50
1779646939017,PUT,102,4,benchKey_17_28,bytes=30;client_id=17;clients=50
1779646939019,PUT,103,4,benchKey_37_28,bytes=30;client_id=37;clients=50
1779646939023,PUT,105,4,benchKey_26_28,bytes=30;client_id=26;clients=50
1779646939025,PUT,107,4,benchKey_4_28,bytes=29;client_id=4;clients=50
1779646939026,PUT,107,4,benchKey_19_28,bytes=30;client_id=19;clients=50
1779646939027,PUT,106,4,benchKey_33_28,bytes=30;client_id=33;clients=50
1779646939034,PUT,106,4,benchKey_1_28,bytes=29;client_id=1;clients=50
1779646939034,PUT,106,4,benchKey_3_28,bytes=29;client_id=3;clients=50
1779646939036,PUT,106,4,benchKey_25_28,bytes=30;client_id=25;clients=50
1779646939041,PUT,108,4,benchKey_45_28,bytes=30;client_id=45;clients=50
1779646939041,PUT,111,4,benchKey_12_28,bytes=30;client_id=12;clients=50
1779646939045,PUT,110,4,benchKey_9_28,bytes=29;client_id=9;clients=50
1779646939046,PUT,107,4,benchKey_18_28,bytes=30;client_id=18;clients=50
1779646939046,PUT,106,4,benchKey_8_28,bytes=29;client_id=8;clients=50
1779646939049,PUT,107,4,benchKey_6_28,bytes=29;client_id=6;clients=50
1779646939050,PUT,106,4,benchKey_46_28,bytes=30;client_id=46;clients=50
1779646939053,PUT,104,4,benchKey_41_28,bytes=30;client_id=41;clients=50
1779646939054,PUT,105,4,benchKey_7_28,bytes=29;client_id=7;clients=50
1779646939055,PUT,102,4,benchKey_10_28,bytes=30;client_id=10;clients=50
1779646939058,PUT,101,4,benchKey_28_29,bytes=30;client_id=28;clients=50
1779646939060,PUT,103,4,benchKey_27_28,bytes=30;client_id=27;clients=50
1779646939063,PUT,102,4,benchKey_43_28,bytes=30;client_id=43;clients=50
1779646939064,PUT,102,4,benchKey_11_28,bytes=30;client_id=11;clients=50
1779646939066,PUT,103,4,benchKey_20_28,bytes=30;client_id=20;clients=50
1779646939068,PUT,104,4,benchKey_23_28,bytes=30;client_id=23;clients=50
1779646939070,PUT,105,4,benchKey_16_28,bytes=30;client_id=16;clients=50
1779646939076,PUT,106,4,benchKey_32_28,bytes=30;client_id=32;clients=50
1779646939076,PUT,106,4,benchKey_44_28,bytes=30;client_id=44;clients=50
1779646939077,PUT,105,4,benchKey_13_28,bytes=30;client_id=13;clients=50
1779646939084,PUT,108,4,benchKey_42_28,bytes=30;client_id=42;clients=50
1779646939084,PUT,110,4,benchKey_22_29,bytes=30;client_id=22;clients=50
1779646939088,PUT,112,4,benchKey_49_28,bytes=30;client_id=49;clients=50
1779646939089,PUT,106,4,benchKey_2_29,bytes=29;client_id=2;clients=50
1779646939089,PUT,108,4,benchKey_29_29,bytes=30;client_id=29;clients=50
1779646939092,PUT,107,4,benchKey_48_29,bytes=30;client_id=48;clients=50
1779646939092,PUT,108,4,benchKey_24_28,bytes=30;client_id=24;clients=50
1779646939095,PUT,104,4,benchKey_34_29,bytes=30;client_id=34;clients=50
1779646939097,PUT,103,4,benchKey_35_29,bytes=30;client_id=35;clients=50
1779646939097,PUT,106,4,benchKey_40_29,bytes=30;client_id=40;clients=50
1779646939100,PUT,101,4,benchKey_30_29,bytes=30;client_id=30;clients=50
1779646939102,PUT,102,4,benchKey_38_28,bytes=30;client_id=38;clients=50
1779646939104,PUT,101,4,benchKey_31_29,bytes=30;client_id=31;clients=50
1779646939106,PUT,102,4,benchKey_0_29,bytes=29;client_id=0;clients=50
1779646939107,PUT,102,4,benchKey_36_29,bytes=30;client_id=36;clients=50
1779646939109,PUT,101,4,benchKey_5_29,bytes=29;client_id=5;clients=50
1779646939111,PUT,103,4,benchKey_39_29,bytes=30;client_id=39;clients=50
1779646939118,PUT,106,4,benchKey_47_29,bytes=30;client_id=47;clients=50
1779646939118,PUT,105,4,benchKey_14_29,bytes=30;client_id=14;clients=50
1779646939118,PUT,106,4,benchKey_21_29,bytes=30;client_id=21;clients=50
1779646939126,PUT,108,4,benchKey_17_29,bytes=30;client_id=17;clients=50
1779646939126,PUT,109,4,benchKey_15_29,bytes=30;client_id=15;clients=50
1779646939130,PUT,111,4,benchKey_37_29,bytes=30;client_id=37;clients=50
1779646939131,PUT,107,4,benchKey_26_29,bytes=30;client_id=26;clients=50
1779646939132,PUT,106,4,benchKey_4_29,bytes=29;client_id=4;clients=50
1779646939134,PUT,107,4,benchKey_19_29,bytes=30;client_id=19;clients=50
1779646939134,PUT,106,4,benchKey_33_29,bytes=30;client_id=33;clients=50
1779646939138,PUT,104,4,benchKey_3_29,bytes=29;client_id=3;clients=50
1779646939139,PUT,102,4,benchKey_25_29,bytes=30;client_id=25;clients=50
1779646939139,PUT,105,4,benchKey_1_29,bytes=29;client_id=1;clients=50
1779646939142,PUT,100,4,benchKey_45_29,bytes=30;client_id=45;clients=50
1779646939144,PUT,102,4,benchKey_12_29,bytes=30;client_id=12;clients=50
1779646939146,PUT,100,4,benchKey_9_29,bytes=29;client_id=9;clients=50
1779646939149,PUT,102,4,benchKey_18_29,bytes=30;client_id=18;clients=50
1779646939149,PUT,102,4,benchKey_8_29,bytes=29;client_id=8;clients=50
1779646939151,PUT,101,4,benchKey_6_29,bytes=29;client_id=6;clients=50
1779646939153,PUT,102,4,benchKey_46_29,bytes=30;client_id=46;clients=50
1779646939160,PUT,104,4,benchKey_10_29,bytes=30;client_id=10;clients=50
1779646939160,PUT,105,4,benchKey_7_29,bytes=29;client_id=7;clients=50
1779646939160,PUT,106,4,benchKey_41_29,bytes=30;client_id=41;clients=50
1779646939168,PUT,107,4,benchKey_27_29,bytes=30;client_id=27;clients=50
1779646939169,PUT,110,4,benchKey_28_30,bytes=30;client_id=28;clients=50
1779646939172,PUT,109,4,benchKey_43_29,bytes=30;client_id=43;clients=50
1779646939173,PUT,106,4,benchKey_20_29,bytes=30;client_id=20;clients=50
1779646939174,PUT,109,4,benchKey_11_29,bytes=30;client_id=11;clients=50
1779646939176,PUT,106,4,benchKey_16_29,bytes=30;client_id=16;clients=50
1779646939176,PUT,108,4,benchKey_23_29,bytes=30;client_id=23;clients=50
1779646939180,PUT,103,4,benchKey_32_29,bytes=30;client_id=32;clients=50
1779646939181,PUT,103,4,benchKey_13_29,bytes=30;client_id=13;clients=50
1779646939182,PUT,105,4,benchKey_44_29,bytes=30;client_id=44;clients=50
1779646939184,PUT,99,4,benchKey_42_29,bytes=30;client_id=42;clients=50
1779646939186,PUT,101,4,benchKey_22_30,bytes=30;client_id=22;clients=50
1779646939187,PUT,98,4,benchKey_49_29,bytes=30;client_id=49;clients=50
1779646939191,PUT,102,4,benchKey_2_30,bytes=29;client_id=2;clients=50
1779646939191,PUT,102,4,benchKey_29_30,bytes=30;client_id=29;clients=50
1779646939192,PUT,99,4,benchKey_48_30,bytes=30;client_id=48;clients=50
1779646939195,PUT,102,4,benchKey_24_29,bytes=30;client_id=24;clients=50
1779646939202,PUT,104,4,benchKey_35_30,bytes=30;client_id=35;clients=50
1779646939202,PUT,104,4,benchKey_40_30,bytes=30;client_id=40;clients=50
1779646939203,PUT,107,4,benchKey_34_30,bytes=30;client_id=34;clients=50
1779646939210,PUT,107,4,benchKey_38_29,bytes=30;client_id=38;clients=50
1779646939210,PUT,109,4,benchKey_30_30,bytes=30;client_id=30;clients=50
1779646939213,PUT,108,4,benchKey_31_30,bytes=30;client_id=31;clients=50
1779646939215,PUT,107,4,benchKey_36_30,bytes=30;client_id=36;clients=50
1779646939215,PUT,108,4,benchKey_0_30,bytes=29;client_id=0;clients=50
1779646939219,PUT,108,4,benchKey_39_30,bytes=30;client_id=39;clients=50
1779646939219,PUT,110,4,benchKey_5_30,bytes=29;client_id=5;clients=50
1779646939222,PUT,104,4,benchKey_47_30,bytes=30;client_id=47;clients=50
1779646939222,PUT,103,4,benchKey_14_30,bytes=30;client_id=14;clients=50
1779646939223,PUT,104,4,benchKey_21_30,bytes=30;client_id=21;clients=50
1779646939226,PUT,99,4,benchKey_17_30,bytes=30;client_id=17;clients=50
1779646939229,PUT,102,4,benchKey_15_30,bytes=30;client_id=15;clients=50
1779646939230,PUT,99,4,benchKey_37_30,bytes=30;client_id=37;clients=50
1779646939233,PUT,101,4,benchKey_4_30,bytes=29;client_id=4;clients=50
1779646939233,PUT,102,4,benchKey_26_30,bytes=30;client_id=26;clients=50
1779646939234,PUT,100,4,benchKey_19_30,bytes=30;client_id=19;clients=50
1779646939237,PUT,102,4,benchKey_33_30,bytes=30;client_id=33;clients=50
1779646939244,PUT,104,4,benchKey_25_30,bytes=30;client_id=25;clients=50
1779646939245,PUT,105,4,benchKey_1_30,bytes=29;client_id=1;clients=50
1779646939245,PUT,106,4,benchKey_3_30,bytes=29;client_id=3;clients=50
1779646939253,PUT,111,4,benchKey_45_30,bytes=30;client_id=45;clients=50
1779646939253,PUT,108,4,benchKey_12_30,bytes=30;client_id=12;clients=50
1779646939255,PUT,108,4,benchKey_9_30,bytes=29;client_id=9;clients=50
1779646939257,PUT,108,4,benchKey_18_30,bytes=30;client_id=18;clients=50
1779646939258,PUT,108,4,benchKey_8_30,bytes=29;client_id=8;clients=50
1779646939261,PUT,110,4,benchKey_6_30,bytes=29;client_id=6;clients=50
1779646939261,PUT,108,4,benchKey_46_30,bytes=30;client_id=46;clients=50
1779646939264,PUT,103,4,benchKey_7_30,bytes=29;client_id=7;clients=50
1779646939264,PUT,103,4,benchKey_10_30,bytes=30;client_id=10;clients=50
1779646939265,PUT,104,4,benchKey_41_30,bytes=30;client_id=41;clients=50
1779646939267,PUT,98,4,benchKey_27_30,bytes=30;client_id=27;clients=50
1779646939270,PUT,100,4,benchKey_28_31,bytes=30;client_id=28;clients=50
1779646939271,PUT,99,4,benchKey_43_30,bytes=30;client_id=43;clients=50
1779646939276,PUT,103,4,benchKey_20_30,bytes=30;client_id=20;clients=50
1779646939276,PUT,102,4,benchKey_11_30,bytes=30;client_id=11;clients=50
1779646939276,PUT,100,4,benchKey_16_30,bytes=30;client_id=16;clients=50
1779646939279,PUT,102,4,benchKey_23_30,bytes=30;client_id=23;clients=50
1779646939285,PUT,105,4,benchKey_32_30,bytes=30;client_id=32;clients=50
1779646939287,PUT,106,4,benchKey_13_30,bytes=30;client_id=13;clients=50
1779646939287,PUT,105,4,benchKey_44_30,bytes=30;client_id=44;clients=50
1779646939295,PUT,111,4,benchKey_42_30,bytes=30;client_id=42;clients=50
1779646939296,PUT,109,4,benchKey_22_31,bytes=30;client_id=22;clients=50
1779646939297,PUT,110,4,benchKey_49_30,bytes=30;client_id=49;clients=50
1779646939299,PUT,107,4,benchKey_2_31,bytes=29;client_id=2;clients=50
1779646939299,PUT,107,4,benchKey_29_31,bytes=30;client_id=29;clients=50
1779646939303,PUT,107,4,benchKey_24_30,bytes=30;client_id=24;clients=50
1779646939303,PUT,110,4,benchKey_48_31,bytes=30;client_id=48;clients=50
1779646939306,PUT,103,4,benchKey_34_31,bytes=30;client_id=34;clients=50
1779646939306,PUT,103,4,benchKey_35_31,bytes=30;client_id=35;clients=50
1779646939306,PUT,103,4,benchKey_40_31,bytes=30;client_id=40;clients=50
1779646939308,PUT,97,4,benchKey_38_30,bytes=30;client_id=38;clients=50
1779646939311,PUT,100,4,benchKey_30_31,bytes=30;client_id=30;clients=50
1779646939314,PUT,101,4,benchKey_31_31,bytes=30;client_id=31;clients=50
1779646939318,PUT,98,4,benchKey_39_31,bytes=30;client_id=39;clients=50
1779646939318,PUT,103,4,benchKey_0_31,bytes=29;client_id=0;clients=50
1779646939320,PUT,104,4,benchKey_36_31,bytes=30;client_id=36;clients=50
1779646939321,PUT,101,4,benchKey_5_31,bytes=29;client_id=5;clients=50
1779646939328,PUT,105,4,benchKey_14_31,bytes=30;client_id=14;clients=50
1779646939329,PUT,106,4,benchKey_47_31,bytes=30;client_id=47;clients=50
1779646939329,PUT,106,4,benchKey_21_31,bytes=30;client_id=21;clients=50
1779646939337,PUT,108,4,benchKey_15_31,bytes=30;client_id=15;clients=50
1779646939337,PUT,111,4,benchKey_17_31,bytes=30;client_id=17;clients=50
1779646939339,PUT,109,4,benchKey_37_31,bytes=30;client_id=37;clients=50
1779646939341,PUT,107,4,benchKey_26_31,bytes=30;client_id=26;clients=50
1779646939342,PUT,108,4,benchKey_4_31,bytes=29;client_id=4;clients=50
1779646939345,PUT,110,4,benchKey_19_31,bytes=30;client_id=19;clients=50
1779646939345,PUT,107,4,benchKey_33_31,bytes=30;client_id=33;clients=50
1779646939349,PUT,105,4,benchKey_25_31,bytes=30;client_id=25;clients=50
1779646939349,PUT,103,4,benchKey_1_31,bytes=29;client_id=1;clients=50
1779646939349,PUT,104,4,benchKey_3_31,bytes=29;client_id=3;clients=50
1779646939350,PUT,96,4,benchKey_12_31,bytes=30;client_id=12;clients=50
1779646939353,PUT,99,4,benchKey_45_31,bytes=30;client_id=45;clients=50
1779646939357,PUT,102,4,benchKey_9_31,bytes=29;client_id=9;clients=50
1779646939360,PUT,102,4,benchKey_18_31,bytes=30;client_id=18;clients=50
1779646939361,PUT,102,4,benchKey_8_31,bytes=29;client_id=8;clients=50
1779646939362,PUT,100,4,benchKey_46_31,bytes=30;client_id=46;clients=50
1779646939362,PUT,101,4,benchKey_6_31,bytes=29;client_id=6;clients=50
1779646939371,PUT,106,4,benchKey_41_31,bytes=30;client_id=41;clients=50
1779646939371,PUT,107,4,benchKey_7_31,bytes=29;client_id=7;clients=50
1779646939372,PUT,107,4,benchKey_10_31,bytes=30;client_id=10;clients=50
1779646939379,PUT,109,4,benchKey_28_32,bytes=30;client_id=28;clients=50
1779646939379,PUT,112,4,benchKey_27_31,bytes=30;client_id=27;clients=50
1779646939381,PUT,109,4,benchKey_43_31,bytes=30;client_id=43;clients=50
1779646939384,PUT,107,4,benchKey_11_31,bytes=30;client_id=11;clients=50
1779646939385,PUT,108,4,benchKey_20_31,bytes=30;client_id=20;clients=50
1779646939386,PUT,109,4,benchKey_16_31,bytes=30;client_id=16;clients=50
1779646939387,PUT,107,4,benchKey_23_31,bytes=30;client_id=23;clients=50
1779646939391,PUT,103,4,benchKey_44_31,bytes=30;client_id=44;clients=50
1779646939392,PUT,106,4,benchKey_32_31,bytes=30;client_id=32;clients=50
1779646939392,PUT,105,4,benchKey_13_31,bytes=30;client_id=13;clients=50
1779646939393,PUT,98,4,benchKey_42_31,bytes=30;client_id=42;clients=50
1779646939396,PUT,100,4,benchKey_22_32,bytes=30;client_id=22;clients=50
1779646939400,PUT,102,4,benchKey_49_31,bytes=30;client_id=49;clients=50
1779646939402,PUT,102,4,benchKey_2_32,bytes=29;client_id=2;clients=50
1779646939402,PUT,102,4,benchKey_29_32,bytes=30;client_id=29;clients=50
1779646939404,PUT,100,4,benchKey_48_32,bytes=30;client_id=48;clients=50
1779646939404,PUT,100,4,benchKey_24_31,bytes=30;client_id=24;clients=50
1779646939413,PUT,107,4,benchKey_34_32,bytes=30;client_id=34;clients=50
1779646939413,PUT,107,4,benchKey_35_32,bytes=30;client_id=35;clients=50
1779646939413,PUT,106,4,benchKey_40_32,bytes=30;client_id=40;clients=50
1779646939421,PUT,110,4,benchKey_30_32,bytes=30;client_id=30;clients=50
1779646939422,PUT,113,4,benchKey_38_31,bytes=30;client_id=38;clients=50
1779646939424,PUT,109,4,benchKey_31_32,bytes=30;client_id=31;clients=50
1779646939425,PUT,106,4,benchKey_39_32,bytes=30;client_id=39;clients=50
1779646939427,PUT,108,4,benchKey_0_32,bytes=29;client_id=0;clients=50
1779646939428,PUT,108,4,benchKey_36_32,bytes=30;client_id=36;clients=50
1779646939428,PUT,107,4,benchKey_5_32,bytes=29;client_id=5;clients=50
1779646939433,PUT,104,4,benchKey_14_32,bytes=30;client_id=14;clients=50
1779646939434,PUT,104,4,benchKey_21_32,bytes=30;client_id=21;clients=50
1779646939435,PUT,97,4,benchKey_15_32,bytes=30;client_id=15;clients=50
1779646939435,PUT,106,4,benchKey_47_32,bytes=30;client_id=47;clients=50
1779646939439,PUT,101,4,benchKey_17_32,bytes=30;client_id=17;clients=50
1779646939442,PUT,102,4,benchKey_37_32,bytes=30;client_id=37;clients=50
1779646939444,PUT,102,4,benchKey_26_32,bytes=30;client_id=26;clients=50
1779646939444,PUT,101,4,benchKey_4_32,bytes=29;client_id=4;clients=50
1779646939447,PUT,102,4,benchKey_33_32,bytes=30;client_id=33;clients=50
1779646939447,PUT,102,4,benchKey_19_32,bytes=30;client_id=19;clients=50
1779646939456,PUT,106,4,benchKey_3_32,bytes=29;client_id=3;clients=50
1779646939456,PUT,106,4,benchKey_25_32,bytes=30;client_id=25;clients=50
1779646939456,PUT,106,4,benchKey_1_32,bytes=29;client_id=1;clients=50
1779646939463,PUT,109,4,benchKey_45_32,bytes=30;client_id=45;clients=50
1779646939463,PUT,112,4,benchKey_12_32,bytes=30;client_id=12;clients=50
1779646939466,PUT,105,4,benchKey_18_32,bytes=30;client_id=18;clients=50
1779646939466,PUT,108,4,benchKey_9_32,bytes=29;client_id=9;clients=50
1779646939469,PUT,106,4,benchKey_6_32,bytes=29;client_id=6;clients=50
1779646939469,PUT,108,4,benchKey_8_32,bytes=29;client_id=8;clients=50
1779646939469,PUT,106,4,benchKey_46_32,bytes=30;client_id=46;clients=50
1779646939475,PUT,103,4,benchKey_41_32,bytes=30;client_id=41;clients=50
1779646939477,PUT,105,4,benchKey_7_32,bytes=29;client_id=7;clients=50
1779646939477,PUT,105,4,benchKey_10_32,bytes=30;client_id=10;clients=50
1779646939477,PUT,98,4,benchKey_28_33,bytes=30;client_id=28;clients=50
1779646939480,PUT,100,4,benchKey_27_32,bytes=30;client_id=27;clients=50
1779646939484,PUT,102,4,benchKey_43_32,bytes=30;client_id=43;clients=50
1779646939485,PUT,101,4,benchKey_11_32,bytes=30;client_id=11;clients=50
1779646939486,PUT,101,4,benchKey_20_32,bytes=30;client_id=20;clients=50
1779646939489,PUT,102,4,benchKey_23_32,bytes=30;client_id=23;clients=50
1779646939490,PUT,103,4,benchKey_16_32,bytes=30;client_id=16;clients=50
1779646939498,PUT,105,4,benchKey_13_32,bytes=30;client_id=13;clients=50
1779646939498,PUT,106,4,benchKey_32_32,bytes=30;client_id=32;clients=50
1779646939498,PUT,106,4,benchKey_44_32,bytes=30;client_id=44;clients=50
1779646939505,PUT,109,4,benchKey_22_33,bytes=30;client_id=22;clients=50
1779646939505,PUT,111,4,benchKey_42_32,bytes=30;client_id=42;clients=50
1779646939508,PUT,107,4,benchKey_49_32,bytes=30;client_id=49;clients=50
1779646939509,PUT,106,4,benchKey_2_33,bytes=29;client_id=2;clients=50
1779646939511,PUT,106,4,benchKey_48_33,bytes=30;client_id=48;clients=50
1779646939511,PUT,106,4,benchKey_24_32,bytes=30;client_id=24;clients=50
1779646939511,PUT,109,4,benchKey_29_33,bytes=30;client_id=29;clients=50
1779646939517,PUT,103,4,benchKey_34_33,bytes=30;client_id=34;clients=50
1779646939519,PUT,105,4,benchKey_40_33,bytes=30;client_id=40;clients=50
1779646939520,PUT,106,4,benchKey_35_33,bytes=30;client_id=35;clients=50
1779646939520,PUT,98,4,benchKey_30_33,bytes=30;client_id=30;clients=50
1779646939522,PUT,99,4,benchKey_38_32,bytes=30;client_id=38;clients=50
1779646939525,PUT,101,4,benchKey_31_33,bytes=30;client_id=31;clients=50
1779646939528,PUT,103,4,benchKey_39_33,bytes=30;client_id=39;clients=50
1779646939529,PUT,102,4,benchKey_0_33,bytes=29;client_id=0;clients=50
1779646939531,PUT,102,4,benchKey_36_33,bytes=30;client_id=36;clients=50
1779646939532,PUT,103,4,benchKey_5_33,bytes=29;client_id=5;clients=50
1779646939540,PUT,106,4,benchKey_14_33,bytes=30;client_id=14;clients=50
1779646939540,PUT,104,4,benchKey_15_33,bytes=30;client_id=15;clients=50
1779646939541,PUT,106,4,benchKey_21_33,bytes=30;client_id=21;clients=50
1779646939548,PUT,109,4,benchKey_17_33,bytes=30;client_id=17;clients=50
1779646939548,PUT,112,4,benchKey_47_33,bytes=30;client_id=47;clients=50
1779646939550,PUT,107,4,benchKey_37_33,bytes=30;client_id=37;clients=50
1779646939551,PUT,106,4,benchKey_4_33,bytes=29;client_id=4;clients=50
1779646939553,PUT,109,4,benchKey_26_33,bytes=30;client_id=26;clients=50
1779646939553,PUT,106,4,benchKey_33_33,bytes=30;client_id=33;clients=50
1779646939553,PUT,106,4,benchKey_19_33,bytes=30;client_id=19;clients=50
1779646939559,PUT,103,4,benchKey_3_33,bytes=29;client_id=3;clients=50
1779646939560,PUT,103,4,benchKey_25_33,bytes=30;client_id=25;clients=50
1779646939562,PUT,98,4,benchKey_12_33,bytes=30;client_id=12;clients=50
1779646939562,PUT,105,4,benchKey_1_33,bytes=29;client_id=1;clients=50
1779646939563,PUT,99,4,benchKey_45_33,bytes=30;client_id=45;clients=50
1779646939567,PUT,100,4,benchKey_18_33,bytes=30;client_id=18;clients=50
1779646939570,PUT,104,4,benchKey_9_33,bytes=29;client_id=9;clients=50
1779646939571,PUT,101,4,benchKey_6_33,bytes=29;client_id=6;clients=50
1779646939572,PUT,102,4,benchKey_8_33,bytes=29;client_id=8;clients=50
1779646939573,PUT,103,4,benchKey_46_33,bytes=30;client_id=46;clients=50
1779646939582,PUT,104,4,benchKey_10_33,bytes=30;client_id=10;clients=50
1779646939582,PUT,105,4,benchKey_7_33,bytes=29;client_id=7;clients=50
1779646939583,PUT,107,4,benchKey_41_33,bytes=30;client_id=41;clients=50
1779646939590,PUT,110,4,benchKey_27_33,bytes=30;client_id=27;clients=50
1779646939590,PUT,112,4,benchKey_28_34,bytes=30;client_id=28;clients=50
1779646939591,PUT,107,4,benchKey_43_33,bytes=30;client_id=43;clients=50
1779646939593,PUT,107,4,benchKey_11_33,bytes=30;client_id=11;clients=50
1779646939595,PUT,104,4,benchKey_16_33,bytes=30;client_id=16;clients=50
1779646939595,PUT,105,4,benchKey_23_33,bytes=30;client_id=23;clients=50
1779646939595,PUT,108,4,benchKey_20_33,bytes=30;client_id=20;clients=50
1779646939602,PUT,103,4,benchKey_32_33,bytes=30;client_id=32;clients=50
1779646939602,PUT,103,4,benchKey_13_33,bytes=30;client_id=13;clients=50
1779646939603,PUT,97,4,benchKey_42_33,bytes=30;client_id=42;clients=50
1779646939603,PUT,104,4,benchKey_44_33,bytes=30;client_id=44;clients=50
1779646939605,PUT,100,4,benchKey_22_34,bytes=30;client_id=22;clients=50
1779646939610,PUT,102,4,benchKey_49_33,bytes=30;client_id=49;clients=50
1779646939612,PUT,101,4,benchKey_48_34,bytes=30;client_id=48;clients=50
1779646939612,PUT,103,4,benchKey_2_34,bytes=29;client_id=2;clients=50
1779646939613,PUT,101,4,benchKey_24_33,bytes=30;client_id=24;clients=50
1779646939615,PUT,103,4,benchKey_29_34,bytes=30;client_id=29;clients=50
1779646939624,PUT,106,4,benchKey_34_34,bytes=30;client_id=34;clients=50
1779646939624,PUT,105,4,benchKey_40_34,bytes=30;client_id=40;clients=50
1779646939625,PUT,105,4,benchKey_35_34,bytes=30;client_id=35;clients=50
1779646939632,PUT,110,4,benchKey_38_33,bytes=30;client_id=38;clients=50
1779646939632,PUT,112,4,benchKey_30_34,bytes=30;client_id=30;clients=50
1779646939633,PUT,107,4,benchKey_31_34,bytes=30;client_id=31;clients=50
1779646939635,PUT,106,4,benchKey_39_34,bytes=30;client_id=39;clients=50
1779646939637,PUT,107,4,benchKey_0_34,bytes=29;client_id=0;clients=50
1779646939637,PUT,105,4,benchKey_5_34,bytes=29;client_id=5;clients=50
1779646939638,PUT,106,4,benchKey_36_34,bytes=30;client_id=36;clients=50
1779646939644,PUT,103,4,benchKey_14_34,bytes=30;client_id=14;clients=50
1779646939644,PUT,104,4,benchKey_15_34,bytes=30;client_id=15;clients=50
1779646939644,PUT,103,4,benchKey_21_34,bytes=30;client_id=21;clients=50
1779646939645,PUT,96,4,benchKey_17_34,bytes=30;client_id=17;clients=50
1779646939647,PUT,98,4,benchKey_47_34,bytes=30;client_id=47;clients=50
1779646939653,PUT,103,4,benchKey_37_34,bytes=30;client_id=37;clients=50
1779646939654,PUT,100,4,benchKey_33_34,bytes=30;client_id=33;clients=50
1779646939654,PUT,102,4,benchKey_4_34,bytes=29;client_id=4;clients=50
1779646939655,PUT,101,4,benchKey_26_34,bytes=30;client_id=26;clients=50
1779646939657,PUT,103,4,benchKey_19_34,bytes=30;client_id=19;clients=50
1779646939666,PUT,106,4,benchKey_25_34,bytes=30;client_id=25;clients=50
1779646939666,PUT,104,4,benchKey_12_34,bytes=30;client_id=12;clients=50
1779646939667,PUT,107,4,benchKey_3_34,bytes=29;client_id=3;clients=50
1779646939674,PUT,111,4,benchKey_1_34,bytes=29;client_id=1;clients=50
1779646939675,PUT,107,4,benchKey_18_34,bytes=30;client_id=18;clients=50
1779646939675,PUT,112,4,benchKey_45_34,bytes=30;client_id=45;clients=50
1779646939678,PUT,107,4,benchKey_9_34,bytes=29;client_id=9;clients=50
1779646939679,PUT,107,4,benchKey_6_34,bytes=29;client_id=6;clients=50
1779646939679,PUT,107,4,benchKey_8_34,bytes=29;client_id=8;clients=50
1779646939680,PUT,106,4,benchKey_46_34,bytes=30;client_id=46;clients=50
1779646939686,PUT,103,4,benchKey_10_34,bytes=30;client_id=10;clients=50
1779646939686,PUT,103,4,benchKey_41_34,bytes=30;client_id=41;clients=50
1779646939686,PUT,104,4,benchKey_7_34,bytes=29;client_id=7;clients=50
1779646939687,PUT,96,4,benchKey_27_34,bytes=30;client_id=27;clients=50
1779646939690,PUT,99,4,benchKey_28_35,bytes=30;client_id=28;clients=50
1779646939696,PUT,105,4,benchKey_43_34,bytes=30;client_id=43;clients=50
1779646939696,PUT,102,4,benchKey_11_34,bytes=30;client_id=11;clients=50
1779646939697,PUT,101,4,benchKey_20_34,bytes=30;client_id=20;clients=50
1779646939697,PUT,101,4,benchKey_23_34,bytes=30;client_id=23;clients=50
1779646939699,PUT,103,4,benchKey_16_34,bytes=30;client_id=16;clients=50
1779646939708,PUT,106,4,benchKey_13_34,bytes=30;client_id=13;clients=50
1779646939709,PUT,106,4,benchKey_44_34,bytes=30;client_id=44;clients=50
1779646939709,PUT,107,4,benchKey_32_34,bytes=30;client_id=32;clients=50
1779646939716,PUT,113,4,benchKey_42_34,bytes=30;client_id=42;clients=50
1779646939717,PUT,106,4,benchKey_49_34,bytes=30;client_id=49;clients=50
1779646939717,PUT,111,4,benchKey_22_35,bytes=30;client_id=22;clients=50
1779646939719,PUT,106,4,benchKey_2_35,bytes=29;client_id=2;clients=50
1779646939720,PUT,106,4,benchKey_24_34,bytes=30;client_id=24;clients=50
1779646939720,PUT,107,4,benchKey_48_35,bytes=30;client_id=48;clients=50
1779646939722,PUT,106,4,benchKey_29_35,bytes=30;client_id=29;clients=50
1779646939729,PUT,105,4,benchKey_34_35,bytes=30;client_id=34;clients=50
1779646939729,PUT,104,4,benchKey_35_35,bytes=30;client_id=35;clients=50
1779646939729,PUT,104,4,benchKey_40_35,bytes=30;client_id=40;clients=50
1779646939730,PUT,97,4,benchKey_30_35,bytes=30;client_id=30;clients=50
1779646939733,PUT,100,4,benchKey_38_34,bytes=30;client_id=38;clients=50
1779646939738,PUT,100,4,benchKey_0_35,bytes=29;client_id=0;clients=50
1779646939739,PUT,104,4,benchKey_39_35,bytes=30;client_id=39;clients=50
1779646939740,PUT,102,4,benchKey_5_35,bytes=29;client_id=5;clients=50
1779646939740,PUT,106,4,benchKey_31_35,bytes=30;client_id=31;clients=50
1779646939740,PUT,102,4,benchKey_36_35,bytes=30;client_id=36;clients=50
1779646939750,PUT,106,4,benchKey_14_35,bytes=30;client_id=14;clients=50
1779646939751,PUT,106,4,benchKey_15_35,bytes=30;client_id=15;clients=50
1779646939751,PUT,106,4,benchKey_21_35,bytes=30;client_id=21;clients=50
1779646939758,PUT,113,4,benchKey_17_35,bytes=30;client_id=17;clients=50
1779646939759,PUT,111,4,benchKey_47_35,bytes=30;client_id=47;clients=50
1779646939759,PUT,105,4,benchKey_37_35,bytes=30;client_id=37;clients=50
1779646939760,PUT,105,4,benchKey_33_35,bytes=30;client_id=33;clients=50
1779646939761,PUT,106,4,benchKey_4_35,bytes=29;client_id=4;clients=50
1779646939761,PUT,106,4,benchKey_26_35,bytes=30;client_id=26;clients=50
1779646939763,PUT,106,4,benchKey_19_35,bytes=30;client_id=19;clients=50
1779646939771,PUT,105,4,benchKey_25_35,bytes=30;client_id=25;clients=50
1779646939771,PUT,104,4,benchKey_3_35,bytes=29;client_id=3;clients=50
1779646939771,PUT,97,4,benchKey_1_35,bytes=29;client_id=1;clients=50
1779646939772,PUT,105,4,benchKey_12_35,bytes=30;client_id=12;clients=50
1779646939775,PUT,99,4,benchKey_18_35,bytes=30;client_id=18;clients=50
1779646939779,PUT,103,4,benchKey_45_35,bytes=30;client_id=45;clients=50
1779646939781,PUT,101,4,benchKey_8_35,bytes=29;client_id=8;clients=50
1779646939781,PUT,101,4,benchKey_6_35,bytes=29;client_id=6;clients=50
1779646939781,PUT,103,4,benchKey_9_35,bytes=29;client_id=9;clients=50
1779646939782,PUT,102,4,benchKey_46_35,bytes=30;client_id=46;clients=50
1779646939792,PUT,106,4,benchKey_10_35,bytes=30;client_id=10;clients=50
1779646939793,PUT,106,4,benchKey_7_35,bytes=29;client_id=7;clients=50
1779646939794,PUT,107,4,benchKey_41_35,bytes=30;client_id=41;clients=50
1779646939800,PUT,113,4,benchKey_27_35,bytes=30;client_id=27;clients=50
1779646939801,PUT,104,4,benchKey_43_35,bytes=30;client_id=43;clients=50
1779646939801,PUT,111,4,benchKey_28_36,bytes=30;client_id=28;clients=50
1779646939803,PUT,105,4,benchKey_23_35,bytes=30;client_id=23;clients=50
1779646939803,PUT,106,4,benchKey_11_35,bytes=30;client_id=11;clients=50
1779646939803,PUT,106,4,benchKey_20_35,bytes=30;client_id=20;clients=50
1779646939804,PUT,104,4,benchKey_16_35,bytes=30;client_id=16;clients=50
1779646939813,PUT,104,4,benchKey_32_35,bytes=30;client_id=32;clients=50
1779646939813,PUT,104,4,benchKey_13_35,bytes=30;client_id=13;clients=50
1779646939814,PUT,97,4,benchKey_42_35,bytes=30;client_id=42;clients=50
1779646939814,PUT,105,4,benchKey_44_35,bytes=30;client_id=44;clients=50
1779646939817,PUT,99,4,benchKey_49_35,bytes=30;client_id=49;clients=50
1779646939821,PUT,104,4,benchKey_22_36,bytes=30;client_id=22;clients=50
1779646939823,PUT,103,4,benchKey_48_36,bytes=30;client_id=48;clients=50
1779646939823,PUT,103,4,benchKey_24_35,bytes=30;client_id=24;clients=50
1779646939824,PUT,104,4,benchKey_2_36,bytes=29;client_id=2;clients=50
1779646939824,PUT,102,4,benchKey_29_36,bytes=30;client_id=29;clients=50
1779646939834,PUT,105,4,benchKey_34_36,bytes=30;client_id=34;clients=50
1779646939835,PUT,105,4,benchKey_35_36,bytes=30;client_id=35;clients=50
1779646939837,PUT,107,4,benchKey_40_36,bytes=30;client_id=40;clients=50
1779646939843,PUT,105,4,benchKey_0_36,bytes=29;client_id=0;clients=50
1779646939843,PUT,113,4,benchKey_30_36,bytes=30;client_id=30;clients=50
1779646939844,PUT,110,4,benchKey_38_35,bytes=30;client_id=38;clients=50
1779646939845,PUT,105,4,benchKey_31_36,bytes=30;client_id=31;clients=50
1779646939845,PUT,104,4,benchKey_36_36,bytes=30;client_id=36;clients=50
1779646939845,PUT,106,4,benchKey_39_36,bytes=30;client_id=39;clients=50
1779646939846,PUT,106,4,benchKey_5_36,bytes=29;client_id=5;clients=50
1779646939855,PUT,103,4,benchKey_21_36,bytes=30;client_id=21;clients=50
1779646939856,PUT,97,4,benchKey_17_36,bytes=30;client_id=17;clients=50
1779646939856,PUT,105,4,benchKey_14_36,bytes=30;client_id=14;clients=50
1779646939857,PUT,106,4,benchKey_15_36,bytes=30;client_id=15;clients=50
1779646939859,PUT,100,4,benchKey_47_36,bytes=30;client_id=47;clients=50
1779646939863,PUT,104,4,benchKey_37_36,bytes=30;client_id=37;clients=50
1779646939865,PUT,104,4,benchKey_33_36,bytes=30;client_id=33;clients=50
1779646939865,PUT,104,4,benchKey_4_36,bytes=29;client_id=4;clients=50
1779646939865,PUT,104,4,benchKey_26_36,bytes=30;client_id=26;clients=50
1779646939866,PUT,102,4,benchKey_19_36,bytes=30;client_id=19;clients=50
1779646939876,PUT,105,4,benchKey_25_36,bytes=30;client_id=25;clients=50
1779646939877,PUT,105,4,benchKey_3_36,bytes=29;client_id=3;clients=50
1779646939878,PUT,106,4,benchKey_1_36,bytes=29;client_id=1;clients=50
1779646939885,PUT,105,4,benchKey_45_36,bytes=30;client_id=45;clients=50
1779646939885,PUT,113,4,benchKey_12_36,bytes=30;client_id=12;clients=50
1779646939885,PUT,110,4,benchKey_18_36,bytes=30;client_id=18;clients=50
1779646939887,PUT,105,4,benchKey_6_36,bytes=29;client_id=6;clients=50
1779646939887,PUT,106,4,benchKey_9_36,bytes=29;client_id=9;clients=50
1779646939887,PUT,106,4,benchKey_8_36,bytes=29;client_id=8;clients=50
1779646939888,PUT,106,4,benchKey_46_36,bytes=30;client_id=46;clients=50
1779646939897,PUT,103,4,benchKey_7_36,bytes=29;client_id=7;clients=50
1779646939897,PUT,105,4,benchKey_10_36,bytes=30;client_id=10;clients=50
1779646939899,PUT,105,4,benchKey_41_36,bytes=30;client_id=41;clients=50
1779646939900,PUT,99,4,benchKey_27_36,bytes=30;client_id=27;clients=50
1779646939901,PUT,100,4,benchKey_43_36,bytes=30;client_id=43;clients=50
1779646939905,PUT,103,4,benchKey_28_37,bytes=30;client_id=28;clients=50
1779646939907,PUT,104,4,benchKey_20_36,bytes=30;client_id=20;clients=50
1779646939907,PUT,103,4,benchKey_16_36,bytes=30;client_id=16;clients=50
1779646939907,PUT,104,4,benchKey_11_36,bytes=30;client_id=11;clients=50
1779646939907,PUT,104,4,benchKey_23_36,bytes=30;client_id=23;clients=50
1779646939918,PUT,104,4,benchKey_13_36,bytes=30;client_id=13;clients=50
1779646939918,PUT,104,4,benchKey_32_36,bytes=30;client_id=32;clients=50
1779646939919,PUT,104,4,benchKey_42_36,bytes=30;client_id=42;clients=50
1779646939927,PUT,110,4,benchKey_49_36,bytes=30;client_id=49;clients=50
1779646939927,PUT,105,4,benchKey_22_37,bytes=30;client_id=22;clients=50
1779646939928,PUT,113,4,benchKey_44_36,bytes=30;client_id=44;clients=50
1779646939929,PUT,105,4,benchKey_48_37,bytes=30;client_id=48;clients=50
1779646939929,PUT,105,4,benchKey_24_36,bytes=30;client_id=24;clients=50
1779646939930,PUT,105,4,benchKey_29_37,bytes=30;client_id=29;clients=50
1779646939931,PUT,107,4,benchKey_2_37,bytes=29;client_id=2;clients=50
1779646939939,PUT,104,4,benchKey_35_37,bytes=30;client_id=35;clients=50
1779646939939,PUT,105,4,benchKey_34_37,bytes=30;client_id=34;clients=50
1779646939941,PUT,103,4,benchKey_40_37,bytes=30;client_id=40;clients=50
1779646939943,PUT,100,4,benchKey_0_37,bytes=29;client_id=0;clients=50
1779646939944,PUT,100,4,benchKey_30_37,bytes=30;client_id=30;clients=50
1779646939947,PUT,102,4,benchKey_38_36,bytes=30;client_id=38;clients=50
1779646939949,PUT,103,4,benchKey_39_37,bytes=30;client_id=39;clients=50
1779646939949,PUT,102,4,benchKey_5_37,bytes=29;client_id=5;clients=50
1779646939950,PUT,104,4,benchKey_36_37,bytes=30;client_id=36;clients=50
1779646939950,PUT,105,4,benchKey_31_37,bytes=30;client_id=31;clients=50
1779646939960,PUT,104,4,benchKey_21_37,bytes=30;client_id=21;clients=50
1779646939961,PUT,104,4,benchKey_17_37,bytes=30;client_id=17;clients=50
1779646939961,PUT,104,4,benchKey_14_37,bytes=30;client_id=14;clients=50
1779646939969,PUT,109,4,benchKey_47_37,bytes=30;client_id=47;clients=50
1779646939969,PUT,112,4,benchKey_15_37,bytes=30;client_id=15;clients=50
1779646939970,PUT,106,4,benchKey_37_37,bytes=30;client_id=37;clients=50
1779646939971,PUT,105,4,benchKey_33_37,bytes=30;client_id=33;clients=50
1779646939971,PUT,105,4,benchKey_4_37,bytes=29;client_id=4;clients=50
1779646939972,PUT,105,4,benchKey_19_37,bytes=30;client_id=19;clients=50
1779646939972,PUT,106,4,benchKey_26_37,bytes=30;client_id=26;clients=50
1779646939981,PUT,104,4,benchKey_25_37,bytes=30;client_id=25;clients=50
1779646939981,PUT,104,4,benchKey_3_37,bytes=29;client_id=3;clients=50
1779646939982,PUT,104,4,benchKey_1_37,bytes=29;client_id=1;clients=50
1779646939985,PUT,99,4,benchKey_12_37,bytes=30;client_id=12;clients=50
1779646939985,PUT,99,4,benchKey_45_37,bytes=30;client_id=45;clients=50
1779646939988,PUT,102,4,benchKey_18_37,bytes=30;client_id=18;clients=50
1779646939991,PUT,103,4,benchKey_9_37,bytes=29;client_id=9;clients=50
1779646939991,PUT,103,4,benchKey_8_37,bytes=29;client_id=8;clients=50
1779646939992,PUT,103,4,benchKey_46_37,bytes=30;client_id=46;clients=50
1779646939992,PUT,105,4,benchKey_6_37,bytes=29;client_id=6;clients=50
1779646940002,PUT,104,4,benchKey_7_37,bytes=29;client_id=7;clients=50
1779646940003,PUT,105,4,benchKey_10_37,bytes=30;client_id=10;clients=50
1779646940003,PUT,103,4,benchKey_41_37,bytes=30;client_id=41;clients=50
1779646940012,PUT,104,4,benchKey_20_37,bytes=30;client_id=20;clients=50
1779646940012,PUT,112,4,benchKey_27_37,bytes=30;client_id=27;clients=50
1779646940012,PUT,110,4,benchKey_43_37,bytes=30;client_id=43;clients=50
1779646940013,PUT,105,4,benchKey_16_37,bytes=30;client_id=16;clients=50
1779646940013,PUT,108,4,benchKey_28_38,bytes=30;client_id=28;clients=50
1779646940013,PUT,105,4,benchKey_11_37,bytes=30;client_id=11;clients=50
1779646940015,PUT,107,4,benchKey_23_37,bytes=30;client_id=23;clients=50
1779646940023,PUT,104,4,benchKey_32_37,bytes=30;client_id=32;clients=50
1779646940024,PUT,105,4,benchKey_13_37,bytes=30;client_id=13;clients=50
1779646940024,PUT,105,4,benchKey_42_37,bytes=30;client_id=42;clients=50
1779646940026,PUT,98,4,benchKey_49_37,bytes=30;client_id=49;clients=50
1779646940027,PUT,99,4,benchKey_22_38,bytes=30;client_id=22;clients=50
1779646940029,PUT,100,4,benchKey_44_37,bytes=30;client_id=44;clients=50
1779646940032,PUT,103,4,benchKey_48_38,bytes=30;client_id=48;clients=50
1779646940034,PUT,104,4,benchKey_24_37,bytes=30;client_id=24;clients=50
1779646940035,PUT,104,4,benchKey_2_38,bytes=29;client_id=2;clients=50
1779646940035,PUT,104,4,benchKey_29_38,bytes=30;client_id=29;clients=50
1779646940044,PUT,104,4,benchKey_35_38,bytes=30;client_id=35;clients=50
1779646940045,PUT,105,4,benchKey_34_38,bytes=30;client_id=34;clients=50
1779646940045,PUT,104,4,benchKey_40_38,bytes=30;client_id=40;clients=50
1779646940054,PUT,110,4,benchKey_0_38,bytes=29;client_id=0;clients=50
1779646940054,PUT,107,4,benchKey_38_37,bytes=30;client_id=38;clients=50
1779646940055,PUT,106,4,benchKey_39_38,bytes=30;client_id=39;clients=50
1779646940055,PUT,111,4,benchKey_30_38,bytes=30;client_id=30;clients=50
1779646940055,PUT,105,4,benchKey_5_38,bytes=29;client_id=5;clients=50
1779646940056,PUT,106,4,benchKey_31_38,bytes=30;client_id=31;clients=50
1779646940056,PUT,106,4,benchKey_36_38,bytes=30;client_id=36;clients=50
1779646940065,PUT,104,4,benchKey_17_38,bytes=30;client_id=17;clients=50
1779646940065,PUT,105,4,benchKey_21_38,bytes=30;client_id=21;clients=50
1779646940067,PUT,97,4,benchKey_15_38,bytes=30;client_id=15;clients=50
1779646940067,PUT,106,4,benchKey_14_38,bytes=30;client_id=14;clients=50
1779646940069,PUT,99,4,benchKey_47_38,bytes=30;client_id=47;clients=50
1779646940070,PUT,99,4,benchKey_37_38,bytes=30;client_id=37;clients=50
1779646940074,PUT,103,4,benchKey_4_38,bytes=29;client_id=4;clients=50
1779646940077,PUT,106,4,benchKey_33_38,bytes=30;client_id=33;clients=50
1779646940077,PUT,105,4,benchKey_19_38,bytes=30;client_id=19;clients=50
1779646940077,PUT,105,4,benchKey_26_38,bytes=30;client_id=26;clients=50
1779646940086,PUT,105,4,benchKey_25_38,bytes=30;client_id=25;clients=50
1779646940087,PUT,105,4,benchKey_1_38,bytes=29;client_id=1;clients=50
1779646940087,PUT,105,4,benchKey_3_38,bytes=29;client_id=3;clients=50
1779646940096,PUT,111,4,benchKey_12_38,bytes=30;client_id=12;clients=50
1779646940096,PUT,111,4,benchKey_45_38,bytes=30;client_id=45;clients=50
1779646940097,PUT,109,4,benchKey_18_38,bytes=30;client_id=18;clients=50
1779646940099,PUT,107,4,benchKey_9_38,bytes=29;client_id=9;clients=50
1779646940099,PUT,106,4,benchKey_46_38,bytes=30;client_id=46;clients=50
1779646940099,PUT,106,4,benchKey_6_38,bytes=29;client_id=6;clients=50
1779646940099,PUT,108,4,benchKey_8_38,bytes=29;client_id=8;clients=50
1779646940107,PUT,104,4,benchKey_7_38,bytes=29;client_id=7;clients=50
1779646940108,PUT,104,4,benchKey_10_38,bytes=30;client_id=10;clients=50
1779646940109,PUT,96,4,benchKey_20_38,bytes=30;client_id=20;clients=50
1779646940109,PUT,105,4,benchKey_41_38,bytes=30;client_id=41;clients=50
1779646940111,PUT,98,4,benchKey_43_38,bytes=30;client_id=43;clients=50
1779646940112,PUT,99,4,benchKey_27_38,bytes=30;client_id=27;clients=50
1779646940116,PUT,103,4,benchKey_16_38,bytes=30;client_id=16;clients=50
1779646940119,PUT,105,4,benchKey_28_39,bytes=30;client_id=28;clients=50
1779646940119,PUT,104,4,benchKey_23_38,bytes=30;client_id=23;clients=50
1779646940119,PUT,105,4,benchKey_11_38,bytes=30;client_id=11;clients=50
1779646940128,PUT,104,4,benchKey_32_38,bytes=30;client_id=32;clients=50
1779646940129,PUT,104,4,benchKey_13_38,bytes=30;client_id=13;clients=50
1779646940129,PUT,104,4,benchKey_42_38,bytes=30;client_id=42;clients=50
1779646940139,PUT,112,4,benchKey_22_39,bytes=30;client_id=22;clients=50
1779646940139,PUT,110,4,benchKey_44_38,bytes=30;client_id=44;clients=50
1779646940140,PUT,113,4,benchKey_49_38,bytes=30;client_id=49;clients=50
1779646940141,PUT,106,4,benchKey_24_38,bytes=30;client_id=24;clients=50
1779646940141,PUT,108,4,benchKey_48_39,bytes=30;client_id=48;clients=50
1779646940142,PUT,106,4,benchKey_29_39,bytes=30;client_id=29;clients=50
1779646940143,PUT,107,4,benchKey_2_39,bytes=29;client_id=2;clients=50
1779646940149,PUT,104,4,benchKey_35_39,bytes=30;client_id=35;clients=50
1779646940151,PUT,96,4,benchKey_38_38,bytes=30;client_id=38;clients=50
1779646940151,PUT,105,4,benchKey_40_39,bytes=30;client_id=40;clients=50
1779646940151,PUT,106,4,benchKey_34_39,bytes=30;client_id=34;clients=50
1779646940153,PUT,99,4,benchKey_0_39,bytes=29;client_id=0;clients=50
1779646940154,PUT,98,4,benchKey_39_39,bytes=30;client_id=39;clients=50
1779646940158,PUT,102,4,benchKey_30_39,bytes=30;client_id=30;clients=50
1779646940161,PUT,104,4,benchKey_31_39,bytes=30;client_id=31;clients=50
1779646940161,PUT,105,4,benchKey_5_39,bytes=29;client_id=5;clients=50
1779646940162,PUT,105,4,benchKey_36_39,bytes=30;client_id=36;clients=50
1779646940170,PUT,104,4,benchKey_17_39,bytes=30;client_id=17;clients=50
1779646940171,PUT,105,4,benchKey_21_39,bytes=30;client_id=21;clients=50
1779646940171,PUT,104,4,benchKey_15_39,bytes=30;client_id=15;clients=50
1779646940181,PUT,111,4,benchKey_37_39,bytes=30;client_id=37;clients=50
1779646940181,PUT,114,4,benchKey_14_39,bytes=30;client_id=14;clients=50
1779646940182,PUT,113,4,benchKey_47_39,bytes=30;client_id=47;clients=50
1779646940183,PUT,105,4,benchKey_19_39,bytes=30;client_id=19;clients=50
1779646940183,PUT,106,4,benchKey_33_39,bytes=30;client_id=33;clients=50
1779646940183,PUT,108,4,benchKey_4_39,bytes=29;client_id=4;clients=50
1779646940185,PUT,107,4,benchKey_26_39,bytes=30;client_id=26;clients=50
1779646940191,PUT,104,4,benchKey_25_39,bytes=30;client_id=25;clients=50
1779646940193,PUT,105,4,benchKey_1_39,bytes=29;client_id=1;clients=50
1779646940193,PUT,106,4,benchKey_3_39,bytes=29;client_id=3;clients=50
1779646940195,PUT,99,4,benchKey_45_39,bytes=30;client_id=45;clients=50
1779646940195,PUT,99,4,benchKey_12_39,bytes=30;client_id=12;clients=50
1779646940198,PUT,100,4,benchKey_18_39,bytes=30;client_id=18;clients=50
1779646940200,PUT,101,4,benchKey_9_39,bytes=29;client_id=9;clients=50
1779646940203,PUT,103,4,benchKey_6_39,bytes=29;client_id=6;clients=50
1779646940203,PUT,103,4,benchKey_8_39,bytes=29;client_id=8;clients=50
1779646940204,PUT,105,4,benchKey_46_39,bytes=30;client_id=46;clients=50
1779646940212,PUT,104,4,benchKey_7_39,bytes=29;client_id=7;clients=50
1779646940213,PUT,104,4,benchKey_10_39,bytes=30;client_id=10;clients=50
1779646940213,PUT,103,4,benchKey_20_39,bytes=30;client_id=20;clients=50
1779646940223,PUT,114,4,benchKey_41_39,bytes=30;client_id=41;clients=50
1779646940223,PUT,112,4,benchKey_43_39,bytes=30;client_id=43;clients=50
1779646940224,PUT,111,4,benchKey_27_39,bytes=30;client_id=27;clients=50
1779646940225,PUT,105,4,benchKey_28_40,bytes=30;client_id=28;clients=50
1779646940225,PUT,108,4,benchKey_16_39,bytes=30;client_id=16;clients=50
1779646940225,PUT,105,4,benchKey_23_39,bytes=30;client_id=23;clients=50
1779646940227,PUT,107,4,benchKey_11_39,bytes=30;client_id=11;clients=50
1779646940234,PUT,105,4,benchKey_32_39,bytes=30;client_id=32;clients=50
1779646940236,PUT,106,4,benchKey_13_39,bytes=30;client_id=13;clients=50
1779646940236,PUT,106,4,benchKey_42_39,bytes=30;client_id=42;clients=50
1779646940237,PUT,97,4,benchKey_22_40,bytes=30;client_id=22;clients=50
1779646940238,PUT,98,4,benchKey_44_39,bytes=30;client_id=44;clients=50
1779646940239,PUT,99,4,benchKey_49_39,bytes=30;client_id=49;clients=50
1779646940243,PUT,101,4,benchKey_24_39,bytes=30;client_id=24;clients=50
1779646940245,PUT,102,4,benchKey_29_40,bytes=30;client_id=29;clients=50
1779646940245,PUT,101,4,benchKey_2_40,bytes=29;client_id=2;clients=50
1779646940245,PUT,103,4,benchKey_48_40,bytes=30;client_id=48;clients=50
1779646940254,PUT,102,4,benchKey_38_39,bytes=30;client_id=38;clients=50
1779646940255,PUT,105,4,benchKey_35_40,bytes=30;client_id=35;clients=50
1779646940255,PUT,103,4,benchKey_40_40,bytes=30;client_id=40;clients=50
1779646940266,PUT,113,4,benchKey_0_40,bytes=29;client_id=0;clients=50
1779646940266,PUT,108,4,benchKey_30_40,bytes=30;client_id=30;clients=50
1779646940266,PUT,112,4,benchKey_39_40,bytes=30;client_id=39;clients=50
1779646940266,PUT,114,4,benchKey_34_40,bytes=30;client_id=34;clients=50
1779646940267,PUT,106,4,benchKey_31_40,bytes=30;client_id=31;clients=50
1779646940267,PUT,106,4,benchKey_5_40,bytes=29;client_id=5;clients=50
1779646940269,PUT,107,4,benchKey_36_40,bytes=30;client_id=36;clients=50
1779646940275,PUT,104,4,benchKey_17_40,bytes=30;client_id=17;clients=50
1779646940277,PUT,105,4,benchKey_15_40,bytes=30;client_id=15;clients=50
1779646940277,PUT,105,4,benchKey_21_40,bytes=30;client_id=21;clients=50
1779646940278,PUT,96,4,benchKey_14_40,bytes=30;client_id=14;clients=50
1779646940280,PUT,98,4,benchKey_37_40,bytes=30;client_id=37;clients=50
1779646940281,PUT,98,4,benchKey_47_40,bytes=30;client_id=47;clients=50
1779646940284,PUT,100,4,benchKey_19_40,bytes=30;client_id=19;clients=50
1779646940286,PUT,102,4,benchKey_33_40,bytes=30;client_id=33;clients=50
1779646940287,PUT,103,4,benchKey_4_40,bytes=29;client_id=4;clients=50
1779646940287,PUT,101,4,benchKey_26_40,bytes=30;client_id=26;clients=50
1779646940297,PUT,103,4,benchKey_3_40,bytes=29;client_id=3;clients=50
1779646940297,PUT,105,4,benchKey_25_40,bytes=30;client_id=25;clients=50
1779646940298,PUT,104,4,benchKey_1_40,bytes=29;client_id=1;clients=50
1779646940308,PUT,110,4,benchKey_18_40,bytes=30;client_id=18;clients=50
1779646940308,PUT,112,4,benchKey_45_40,bytes=30;client_id=45;clients=50
1779646940308,PUT,108,4,benchKey_9_40,bytes=29;client_id=9;clients=50
1779646940309,PUT,113,4,benchKey_12_40,bytes=30;client_id=12;clients=50
1779646940309,PUT,106,4,benchKey_6_40,bytes=29;client_id=6;clients=50
1779646940310,PUT,105,4,benchKey_46_40,bytes=30;client_id=46;clients=50
1779646940310,PUT,106,4,benchKey_8_40,bytes=29;client_id=8;clients=50
1779646940316,PUT,103,4,benchKey_7_40,bytes=29;client_id=7;clients=50
1779646940319,PUT,105,4,benchKey_20_40,bytes=30;client_id=20;clients=50
1779646940319,PUT,106,4,benchKey_10_40,bytes=30;client_id=10;clients=50
1779646940319,PUT,95,4,benchKey_43_40,bytes=30;client_id=43;clients=50
1779646940322,PUT,98,4,benchKey_41_40,bytes=30;client_id=41;clients=50
1779646940323,PUT,98,4,benchKey_27_40,bytes=30;client_id=27;clients=50
1779646940325,PUT,99,4,benchKey_28_41,bytes=30;client_id=28;clients=50
1779646940328,PUT,102,4,benchKey_16_40,bytes=30;client_id=16;clients=50
1779646940329,PUT,101,4,benchKey_11_40,bytes=30;client_id=11;clients=50
1779646940330,PUT,104,4,benchKey_23_40,bytes=30;client_id=23;clients=50
1779646940338,PUT,103,4,benchKey_32_40,bytes=30;client_id=32;clients=50
1779646940340,PUT,103,4,benchKey_13_40,bytes=30;client_id=13;clients=50
1779646940341,PUT,104,4,benchKey_42_40,bytes=30;client_id=42;clients=50
1779646940350,PUT,111,4,benchKey_49_40,bytes=30;client_id=49;clients=50
1779646940350,PUT,113,4,benchKey_22_41,bytes=30;client_id=22;clients=50
1779646940351,PUT,108,4,benchKey_24_40,bytes=30;client_id=24;clients=50
1779646940351,PUT,106,4,benchKey_29_41,bytes=30;client_id=29;clients=50
1779646940351,PUT,106,4,benchKey_2_41,bytes=29;client_id=2;clients=50
1779646940351,PUT,113,4,benchKey_44_40,bytes=30;client_id=44;clients=50
1779646940352,PUT,106,4,benchKey_48_41,bytes=30;client_id=48;clients=50
1779646940358,PUT,103,4,benchKey_38_40,bytes=30;client_id=38;clients=50
1779646940361,PUT,94,4,benchKey_0_41,bytes=29;client_id=0;clients=50
1779646940361,PUT,105,4,benchKey_35_41,bytes=30;client_id=35;clients=50
1779646940361,PUT,105,4,benchKey_40_41,bytes=30;client_id=40;clients=50
1779646940363,PUT,96,4,benchKey_30_41,bytes=30;client_id=30;clients=50
1779646940365,PUT,98,4,benchKey_39_41,bytes=30;client_id=39;clients=50
1779646940367,PUT,100,4,benchKey_34_41,bytes=30;client_id=34;clients=50
1779646940369,PUT,101,4,benchKey_31_41,bytes=30;client_id=31;clients=50
1779646940370,PUT,102,4,benchKey_5_41,bytes=29;client_id=5;clients=50
1779646940372,PUT,102,4,benchKey_36_41,bytes=30;client_id=36;clients=50
1779646940380,PUT,105,4,benchKey_17_41,bytes=30;client_id=17;clients=50
1779646940381,PUT,103,4,benchKey_15_41,bytes=30;client_id=15;clients=50
1779646940384,PUT,106,4,benchKey_21_41,bytes=30;client_id=21;clients=50
1779646940392,PUT,112,4,benchKey_37_41,bytes=30;client_id=37;clients=50
1779646940393,PUT,109,4,benchKey_19_41,bytes=30;client_id=19;clients=50
1779646940393,PUT,112,4,benchKey_47_41,bytes=30;client_id=47;clients=50
1779646940393,PUT,106,4,benchKey_4_41,bytes=29;client_id=4;clients=50
1779646940393,PUT,106,4,benchKey_26_41,bytes=30;client_id=26;clients=50
1779646940393,PUT,107,4,benchKey_33_41,bytes=30;client_id=33;clients=50
1779646940394,PUT,115,4,benchKey_14_41,bytes=30;client_id=14;clients=50
1779646940400,PUT,103,4,benchKey_3_41,bytes=29;client_id=3;clients=50
1779646940403,PUT,104,4,benchKey_1_41,bytes=29;client_id=1;clients=50
1779646940403,PUT,105,4,benchKey_25_41,bytes=30;client_id=25;clients=50
1779646940404,PUT,95,4,benchKey_45_41,bytes=30;client_id=45;clients=50
1779646940404,PUT,95,4,benchKey_18_41,bytes=30;client_id=18;clients=50
1779646940406,PUT,97,4,benchKey_9_41,bytes=29;client_id=9;clients=50
1779646940409,PUT,99,4,benchKey_12_41,bytes=30;client_id=12;clients=50
1779646940412,PUT,102,4,benchKey_6_41,bytes=29;client_id=6;clients=50
1779646940412,PUT,102,4,benchKey_46_41,bytes=30;client_id=46;clients=50
1779646940413,PUT,102,4,benchKey_8_41,bytes=29;client_id=8;clients=50
1779646940423,PUT,107,4,benchKey_7_41,bytes=29;client_id=7;clients=50
1779646940423,PUT,104,4,benchKey_20_41,bytes=30;client_id=20;clients=50
1779646940425,PUT,105,4,benchKey_10_41,bytes=30;client_id=10;clients=50
1779646940433,PUT,113,4,benchKey_43_41,bytes=30;client_id=43;clients=50
1779646940435,PUT,111,4,benchKey_27_41,bytes=30;client_id=27;clients=50
1779646940436,PUT,113,4,benchKey_41_41,bytes=30;client_id=41;clients=50
1779646940436,PUT,107,4,benchKey_11_41,bytes=30;client_id=11;clients=50
1779646940436,PUT,105,4,benchKey_23_41,bytes=30;client_id=23;clients=50
1779646940436,PUT,111,4,benchKey_28_42,bytes=30;client_id=28;clients=50
1779646940436,PUT,108,4,benchKey_16_41,bytes=30;client_id=16;clients=50
1779646940443,PUT,104,4,benchKey_32_41,bytes=30;client_id=32;clients=50
1779646940444,PUT,103,4,benchKey_13_41,bytes=30;client_id=13;clients=50
1779646940444,PUT,102,4,benchKey_42_41,bytes=30;client_id=42;clients=50
1779646940447,PUT,96,4,benchKey_22_42,bytes=30;client_id=22;clients=50
1779646940447,PUT,96,4,benchKey_49_41,bytes=30;client_id=49;clients=50
1779646940448,PUT,96,4,benchKey_24_41,bytes=30;client_id=24;clients=50
1779646940450,PUT,98,4,benchKey_29_42,bytes=30;client_id=29;clients=50
1779646940454,PUT,102,4,benchKey_2_42,bytes=29;client_id=2;clients=50
1779646940455,PUT,103,4,benchKey_44_41,bytes=30;client_id=44;clients=50
1779646940455,PUT,103,4,benchKey_48_42,bytes=30;client_id=48;clients=50
1779646940465,PUT,104,4,benchKey_40_42,bytes=30;client_id=40;clients=50
1779646940466,PUT,108,4,benchKey_38_41,bytes=30;client_id=38;clients=50
1779646940467,PUT,106,4,benchKey_0_42,bytes=29;client_id=0;clients=50
1779646940476,PUT,114,4,benchKey_35_42,bytes=30;client_id=35;clients=50
1779646940477,PUT,113,4,benchKey_30_42,bytes=30;client_id=30;clients=50
1779646940479,PUT,111,4,benchKey_34_42,bytes=30;client_id=34;clients=50
1779646940479,PUT,114,4,benchKey_39_42,bytes=30;client_id=39;clients=50
1779646940479,PUT,107,4,benchKey_36_42,bytes=30;client_id=36;clients=50
1779646940480,PUT,110,4,benchKey_31_42,bytes=30;client_id=31;clients=50
1779646940480,PUT,110,4,benchKey_5_42,bytes=29;client_id=5;clients=50
1779646940484,PUT,104,4,benchKey_17_42,bytes=30;client_id=17;clients=50
1779646940485,PUT,104,4,benchKey_15_42,bytes=30;client_id=15;clients=50
1779646940487,PUT,102,4,benchKey_21_42,bytes=30;client_id=21;clients=50
1779646940488,PUT,96,4,benchKey_37_42,bytes=30;client_id=37;clients=50
1779646940489,PUT,96,4,benchKey_19_42,bytes=30;client_id=19;clients=50
1779646940490,PUT,96,4,benchKey_47_42,bytes=30;client_id=47;clients=50
1779646940491,PUT,97,4,benchKey_4_42,bytes=29;client_id=4;clients=50
1779646940495,PUT,101,4,benchKey_26_42,bytes=30;client_id=26;clients=50
1779646940497,PUT,103,4,benchKey_14_42,bytes=30;client_id=14;clients=50
1779646940497,PUT,103,4,benchKey_33_42,bytes=30;client_id=33;clients=50
1779646940508,PUT,107,4,benchKey_3_42,bytes=29;client_id=3;clients=50
1779646940510,PUT,106,4,benchKey_25_42,bytes=30;client_id=25;clients=50
1779646940510,PUT,106,4,benchKey_1_42,bytes=29;client_id=1;clients=50
1779646940520,PUT,115,4,benchKey_45_42,bytes=30;client_id=45;clients=50
1779646940520,PUT,115,4,benchKey_18_42,bytes=30;client_id=18;clients=50
1779646940522,PUT,112,4,benchKey_12_42,bytes=30;client_id=12;clients=50
1779646940522,PUT,116,4,benchKey_9_42,bytes=29;client_id=9;clients=50
1779646940523,PUT,111,4,benchKey_46_42,bytes=30;client_id=46;clients=50
1779646940524,PUT,110,4,benchKey_8_42,bytes=29;client_id=8;clients=50
1779646940524,PUT,111,4,benchKey_6_42,bytes=29;client_id=6;clients=50
1779646940527,PUT,103,4,benchKey_7_42,bytes=29;client_id=7;clients=50
1779646940528,PUT,104,4,benchKey_20_42,bytes=30;client_id=20;clients=50
1779646940529,PUT,104,4,benchKey_10_42,bytes=30;client_id=10;clients=50
1779646940530,PUT,97,4,benchKey_43_42,bytes=30;client_id=43;clients=50
1779646940532,PUT,95,4,benchKey_41_42,bytes=30;client_id=41;clients=50
1779646940533,PUT,97,4,benchKey_27_42,bytes=30;client_id=27;clients=50
1779646940534,PUT,97,4,benchKey_11_42,bytes=30;client_id=11;clients=50
1779646940537,PUT,101,4,benchKey_23_42,bytes=30;client_id=23;clients=50
1779646940539,PUT,103,4,benchKey_16_42,bytes=30;client_id=16;clients=50
1779646940540,PUT,103,4,benchKey_28_43,bytes=30;client_id=28;clients=50
1779646940551,PUT,107,4,benchKey_32_42,bytes=30;client_id=32;clients=50
1779646940554,PUT,110,4,benchKey_13_42,bytes=30;client_id=13;clients=50
1779646940554,PUT,110,4,benchKey_42_42,bytes=30;client_id=42;clients=50
1779646940564,PUT,116,4,benchKey_22_43,bytes=30;client_id=22;clients=50
1779646940565,PUT,117,4,benchKey_49_42,bytes=30;client_id=49;clients=50
1779646940565,PUT,115,4,benchKey_29_43,bytes=30;client_id=29;clients=50
1779646940568,PUT,113,4,benchKey_2_43,bytes=29;client_id=2;clients=50
1779646940568,PUT,120,4,benchKey_24_42,bytes=30;client_id=24;clients=50
1779646940568,PUT,113,4,benchKey_48_43,bytes=30;client_id=48;clients=50
1779646940568,PUT,113,4,benchKey_44_42,bytes=30;client_id=44;clients=50
1779646940570,PUT,104,4,benchKey_40_43,bytes=30;client_id=40;clients=50
1779646940571,PUT,104,4,benchKey_38_42,bytes=30;client_id=38;clients=50
1779646940572,PUT,104,4,benchKey_0_43,bytes=29;client_id=0;clients=50
1779646940574,PUT,97,4,benchKey_35_43,bytes=30;client_id=35;clients=50
1779646940576,PUT,98,4,benchKey_30_43,bytes=30;client_id=30;clients=50
1779646940576,PUT,96,4,benchKey_34_43,bytes=30;client_id=34;clients=50
1779646940578,PUT,98,4,benchKey_39_43,bytes=30;client_id=39;clients=50
1779646940581,PUT,100,4,benchKey_31_43,bytes=30;client_id=31;clients=50
1779646940582,PUT,103,4,benchKey_36_43,bytes=30;client_id=36;clients=50
1779646940583,PUT,103,4,benchKey_5_43,bytes=29;client_id=5;clients=50
1779646940594,PUT,109,4,benchKey_17_43,bytes=30;client_id=17;clients=50
1779646940597,PUT,111,4,benchKey_15_43,bytes=30;client_id=15;clients=50
1779646940597,PUT,110,4,benchKey_21_43,bytes=30;client_id=21;clients=50
1779646940606,PUT,117,4,benchKey_37_43,bytes=30;client_id=37;clients=50
1779646940607,PUT,117,4,benchKey_19_43,bytes=30;client_id=19;clients=50
1779646940608,PUT,118,4,benchKey_47_43,bytes=30;client_id=47;clients=50
1779646940610,PUT,118,4,benchKey_4_43,bytes=29;client_id=4;clients=50
1779646940611,PUT,115,4,benchKey_26_43,bytes=30;client_id=26;clients=50
1779646940612,PUT,114,4,benchKey_33_43,bytes=30;client_id=33;clients=50
1779646940613,PUT,115,4,benchKey_14_43,bytes=30;client_id=14;clients=50
1779646940613,PUT,105,4,benchKey_3_43,bytes=29;client_id=3;clients=50
1779646940613,PUT,103,4,benchKey_25_43,bytes=30;client_id=25;clients=50
1779646940614,PUT,104,4,benchKey_1_43,bytes=29;client_id=1;clients=50
1779646940616,PUT,96,4,benchKey_45_43,bytes=30;client_id=45;clients=50
1779646940618,PUT,98,4,benchKey_18_43,bytes=30;client_id=18;clients=50
1779646940618,PUT,95,4,benchKey_12_43,bytes=30;client_id=12;clients=50
1779646940620,PUT,97,4,benchKey_9_43,bytes=29;client_id=9;clients=50
1779646940622,PUT,98,4,benchKey_46_43,bytes=30;client_id=46;clients=50
1779646940624,PUT,100,4,benchKey_8_43,bytes=29;client_id=8;clients=50
1779646940625,PUT,100,4,benchKey_6_43,bytes=29;client_id=6;clients=50
1779646940635,PUT,108,4,benchKey_7_43,bytes=29;client_id=7;clients=50
1779646940639,PUT,111,4,benchKey_20_43,bytes=30;client_id=20;clients=50
1779646940639,PUT,110,4,benchKey_10_43,bytes=30;client_id=10;clients=50
1779646940648,PUT,117,4,benchKey_43_43,bytes=30;client_id=43;clients=50
1779646940650,PUT,117,4,benchKey_41_43,bytes=30;client_id=41;clients=50
1779646940651,PUT,117,4,benchKey_27_43,bytes=30;client_id=27;clients=50
1779646940653,PUT,115,4,benchKey_23_43,bytes=30;client_id=23;clients=50
1779646940654,PUT,119,4,benchKey_11_43,bytes=30;client_id=11;clients=50
1779646940656,PUT,116,4,benchKey_28_44,bytes=30;client_id=28;clients=50
1779646940656,PUT,105,4,benchKey_32_43,bytes=30;client_id=32;clients=50
1779646940656,PUT,102,4,benchKey_13_43,bytes=30;client_id=13;clients=50
1779646940657,PUT,117,4,benchKey_16_43,bytes=30;client_id=16;clients=50
1779646940658,PUT,103,4,benchKey_42_43,bytes=30;client_id=42;clients=50
1779646940659,PUT,95,4,benchKey_22_44,bytes=30;client_id=22;clients=50
1779646940660,PUT,94,4,benchKey_29_44,bytes=30;client_id=29;clients=50
1779646940661,PUT,95,4,benchKey_49_43,bytes=30;client_id=49;clients=50
1779646940662,PUT,93,4,benchKey_2_44,bytes=29;client_id=2;clients=50
1779646940664,PUT,96,4,benchKey_24_43,bytes=30;client_id=24;clients=50
1779646940666,PUT,97,4,benchKey_44_43,bytes=30;client_id=44;clients=50
1779646940668,PUT,99,4,benchKey_48_44,bytes=30;client_id=48;clients=50
1779646940677,PUT,106,4,benchKey_40_44,bytes=30;client_id=40;clients=50
1779646940682,PUT,110,4,benchKey_38_43,bytes=30;client_id=38;clients=50
1779646940683,PUT,110,4,benchKey_0_44,bytes=29;client_id=0;clients=50
1779646940692,PUT,117,4,benchKey_35_44,bytes=30;client_id=35;clients=50
1779646940694,PUT,117,4,benchKey_34_44,bytes=30;client_id=34;clients=50
1779646940694,PUT,118,4,benchKey_30_44,bytes=30;client_id=30;clients=50
1779646940696,PUT,118,4,benchKey_39_44,bytes=30;client_id=39;clients=50
1779646940698,PUT,117,4,benchKey_31_44,bytes=30;client_id=31;clients=50
1779646940699,PUT,116,4,benchKey_36_44,bytes=30;client_id=36;clients=50
1779646940700,PUT,116,4,benchKey_5_44,bytes=29;client_id=5;clients=50
1779646940701,PUT,103,4,benchKey_15_44,bytes=30;client_id=15;clients=50
1779646940701,PUT,107,4,benchKey_17_44,bytes=30;client_id=17;clients=50
1779646940702,PUT,104,4,benchKey_21_44,bytes=30;client_id=21;clients=50
1779646940703,PUT,96,4,benchKey_37_44,bytes=30;client_id=37;clients=50
1779646940703,PUT,95,4,benchKey_19_44,bytes=30;client_id=19;clients=50
1779646940705,PUT,95,4,benchKey_4_44,bytes=29;client_id=4;clients=50
1779646940706,PUT,97,4,benchKey_47_44,bytes=30;client_id=47;clients=50
1779646940707,PUT,95,4,benchKey_26_44,bytes=30;client_id=26;clients=50
1779646940708,PUT,96,4,benchKey_33_44,bytes=30;client_id=33;clients=50
1779646940711,PUT,98,4,benchKey_14_44,bytes=30;client_id=14;clients=50
1779646940720,PUT,106,4,benchKey_3_44,bytes=29;client_id=3;clients=50
1779646940724,PUT,111,4,benchKey_25_44,bytes=30;client_id=25;clients=50
1779646940725,PUT,111,4,benchKey_1_44,bytes=29;client_id=1;clients=50
1779646940734,PUT,118,4,benchKey_45_44,bytes=30;client_id=45;clients=50
1779646940736,PUT,118,4,benchKey_18_44,bytes=30;client_id=18;clients=50
1779646940738,PUT,119,4,benchKey_12_44,bytes=30;client_id=12;clients=50
1779646940740,PUT,119,4,benchKey_9_44,bytes=29;client_id=9;clients=50
1779646940741,PUT,118,4,benchKey_46_44,bytes=30;client_id=46;clients=50
1779646940744,PUT,119,4,benchKey_8_44,bytes=29;client_id=8;clients=50
1779646940744,PUT,118,4,benchKey_6_44,bytes=29;client_id=6;clients=50
1779646940746,PUT,106,4,benchKey_20_44,bytes=30;client_id=20;clients=50
1779646940748,PUT,112,4,benchKey_7_44,bytes=29;client_id=7;clients=50
1779646940748,PUT,99,4,benchKey_43_44,bytes=30;client_id=43;clients=50
1779646940749,PUT,95,4,benchKey_23_44,bytes=30;client_id=23;clients=50
1779646940749,PUT,99,4,benchKey_41_44,bytes=30;client_id=41;clients=50
1779646940750,PUT,110,4,benchKey_10_44,bytes=30;client_id=10;clients=50
1779646940751,PUT,99,4,benchKey_27_44,bytes=30;client_id=27;clients=50
1779646940752,PUT,97,4,benchKey_11_44,bytes=30;client_id=11;clients=50
1779646940753,PUT,96,4,benchKey_28_45,bytes=30;client_id=28;clients=50
1779646940754,PUT,97,4,benchKey_13_44,bytes=30;client_id=13;clients=50
1779646940762,PUT,104,4,benchKey_16_44,bytes=30;client_id=16;clients=50
1779646940768,PUT,110,4,benchKey_42_44,bytes=30;client_id=42;clients=50
1779646940770,PUT,113,4,benchKey_32_44,bytes=30;client_id=32;clients=50
1779646940777,PUT,117,4,benchKey_22_45,bytes=30;client_id=22;clients=50
1779646940779,PUT,118,4,benchKey_29_45,bytes=30;client_id=29;clients=50
1779646940781,PUT,119,4,benchKey_49_44,bytes=30;client_id=49;clients=50
1779646940783,PUT,120,4,benchKey_2_45,bytes=29;client_id=2;clients=50
1779646940784,PUT,119,4,benchKey_24_44,bytes=30;client_id=24;clients=50
1779646940787,PUT,120,4,benchKey_44_44,bytes=30;client_id=44;clients=50
1779646940787,PUT,119,4,benchKey_48_45,bytes=30;client_id=48;clients=50
1779646940789,PUT,111,4,benchKey_40_45,bytes=30;client_id=40;clients=50
1779646940791,PUT,108,4,benchKey_0_45,bytes=29;client_id=0;clients=50
1779646940791,PUT,109,4,benchKey_38_44,bytes=30;client_id=38;clients=50
1779646940793,PUT,99,4,benchKey_34_45,bytes=30;client_id=34;clients=50
1779646940793,PUT,101,4,benchKey_35_45,bytes=30;client_id=35;clients=50
1779646940793,PUT,99,4,benchKey_30_45,bytes=30;client_id=30;clients=50
1779646940795,PUT,96,4,benchKey_31_45,bytes=30;client_id=31;clients=50
1779646940795,PUT,98,4,benchKey_39_45,bytes=30;client_id=39;clients=50
1779646940796,PUT,96,4,benchKey_36_45,bytes=30;client_id=36;clients=50
1779646940798,PUT,97,4,benchKey_5_45,bytes=29;client_id=5;clients=50
1779646940805,PUT,103,4,benchKey_15_45,bytes=30;client_id=15;clients=50
1779646940810,PUT,109,4,benchKey_17_45,bytes=30;client_id=17;clients=50
1779646940812,PUT,110,4,benchKey_21_45,bytes=30;client_id=21;clients=50
1779646940820,PUT,116,4,benchKey_37_45,bytes=30;client_id=37;clients=50
1779646940821,PUT,116,4,benchKey_19_45,bytes=30;client_id=19;clients=50
1779646940823,PUT,117,4,benchKey_4_45,bytes=29;client_id=4;clients=50
1779646940825,PUT,119,4,benchKey_47_45,bytes=30;client_id=47;clients=50
1779646940828,PUT,120,4,benchKey_26_45,bytes=30;client_id=26;clients=50
1779646940830,PUT,118,4,benchKey_14_45,bytes=30;client_id=14;clients=50
1779646940830,PUT,121,4,benchKey_33_45,bytes=30;client_id=33;clients=50
1779646940832,PUT,112,4,benchKey_3_45,bytes=29;client_id=3;clients=50
1779646940835,PUT,109,4,benchKey_1_45,bytes=29;client_id=1;clients=50
1779646940835,PUT,110,4,benchKey_25_45,bytes=30;client_id=25;clients=50
1779646940837,PUT,99,4,benchKey_12_45,bytes=30;client_id=12;clients=50
1779646940837,PUT,102,4,benchKey_45_45,bytes=30;client_id=45;clients=50
1779646940837,PUT,100,4,benchKey_18_45,bytes=30;client_id=18;clients=50
1779646940838,PUT,98,4,benchKey_9_45,bytes=29;client_id=9;clients=50
1779646940839,PUT,98,4,benchKey_46_45,bytes=30;client_id=46;clients=50
1779646940840,PUT,96,4,benchKey_8_45,bytes=29;client_id=8;clients=50
1779646940841,PUT,97,4,benchKey_6_45,bytes=29;client_id=6;clients=50
1779646940849,PUT,102,4,benchKey_20_45,bytes=30;client_id=20;clients=50
1779646940853,PUT,105,4,benchKey_7_45,bytes=29;client_id=7;clients=50
1779646940856,PUT,107,4,benchKey_43_45,bytes=30;client_id=43;clients=50
1779646940862,PUT,112,4,benchKey_23_45,bytes=30;client_id=23;clients=50
1779646940864,PUT,115,4,benchKey_41_45,bytes=30;client_id=41;clients=50
1779646940866,PUT,116,4,benchKey_10_45,bytes=30;client_id=10;clients=50
1779646940868,PUT,117,4,benchKey_27_45,bytes=30;client_id=27;clients=50
1779646940870,PUT,118,4,benchKey_11_45,bytes=30;client_id=11;clients=50
1779646940873,PUT,119,4,benchKey_28_46,bytes=30;client_id=28;clients=50
1779646940873,PUT,119,4,benchKey_13_45,bytes=30;client_id=13;clients=50
1779646940875,PUT,113,4,benchKey_16_45,bytes=30;client_id=16;clients=50
1779646940878,PUT,110,4,benchKey_42_45,bytes=30;client_id=42;clients=50
1779646940882,PUT,112,4,benchKey_32_45,bytes=30;client_id=32;clients=50
1779646940882,PUT,105,4,benchKey_22_46,bytes=30;client_id=22;clients=50
1779646940883,PUT,100,4,benchKey_2_46,bytes=29;client_id=2;clients=50
1779646940883,PUT,104,4,benchKey_29_46,bytes=30;client_id=29;clients=50
1779646940885,PUT,101,4,benchKey_24_45,bytes=30;client_id=24;clients=50
1779646940886,PUT,105,4,benchKey_49_45,bytes=30;client_id=49;clients=50
1779646940886,PUT,99,4,benchKey_44_45,bytes=30;client_id=44;clients=50
1779646940886,PUT,99,4,benchKey_48_46,bytes=30;client_id=48;clients=50
1779646940891,PUT,102,4,benchKey_40_46,bytes=30;client_id=40;clients=50
1779646940896,PUT,104,4,benchKey_0_46,bytes=29;client_id=0;clients=50
1779646940900,PUT,108,4,benchKey_38_45,bytes=30;client_id=38;clients=50
1779646940906,PUT,112,4,benchKey_34_46,bytes=30;client_id=34;clients=50
1779646940907,PUT,113,4,benchKey_35_46,bytes=30;client_id=35;clients=50
1779646940908,PUT,114,4,benchKey_30_46,bytes=30;client_id=30;clients=50
1779646940910,PUT,115,4,benchKey_31_46,bytes=30;client_id=31;clients=50
1779646940913,PUT,117,4,benchKey_39_46,bytes=30;client_id=39;clients=50
1779646940916,PUT,118,4,benchKey_5_46,bytes=29;client_id=5;clients=50
1779646940916,PUT,119,4,benchKey_36_46,bytes=30;client_id=36;clients=50
1779646940918,PUT,113,4,benchKey_15_46,bytes=30;client_id=15;clients=50
1779646940922,PUT,111,4,benchKey_17_46,bytes=30;client_id=17;clients=50
1779646940926,PUT,102,4,benchKey_4_46,bytes=29;client_id=4;clients=50
1779646940926,PUT,104,4,benchKey_19_46,bytes=30;client_id=19;clients=50
1779646940927,PUT,101,4,benchKey_47_46,bytes=30;client_id=47;clients=50
1779646940927,PUT,107,4,benchKey_37_46,bytes=30;client_id=37;clients=50
1779646940928,PUT,115,4,benchKey_21_46,bytes=30;client_id=21;clients=50
1779646940929,PUT,98,4,benchKey_33_46,bytes=30;client_id=33;clients=50
1779646940929,PUT,99,4,benchKey_14_46,bytes=30;client_id=14;clients=50
1779646940930,PUT,102,4,benchKey_26_46,bytes=30;client_id=26;clients=50
1779646940933,PUT,101,4,benchKey_3_46,bytes=29;client_id=3;clients=50
1779646940938,PUT,102,4,benchKey_1_46,bytes=29;client_id=1;clients=50
1779646940943,PUT,108,4,benchKey_25_46,bytes=30;client_id=25;clients=50
1779646940948,PUT,110,4,benchKey_12_46,bytes=30;client_id=12;clients=50
1779646940949,PUT,111,4,benchKey_45_46,bytes=30;client_id=45;clients=50
1779646940951,PUT,113,4,benchKey_18_46,bytes=30;client_id=18;clients=50
1779646940953,PUT,114,4,benchKey_9_46,bytes=29;client_id=9;clients=50
1779646940954,PUT,114,4,benchKey_46_46,bytes=30;client_id=46;clients=50
1779646940958,PUT,116,4,benchKey_6_46,bytes=29;client_id=6;clients=50
1779646940959,PUT,118,4,benchKey_8_46,bytes=29;client_id=8;clients=50
1779646940960,PUT,111,4,benchKey_20_46,bytes=30;client_id=20;clients=50
1779646940965,PUT,111,4,benchKey_7_46,bytes=29;client_id=7;clients=50
1779646940968,PUT,103,4,benchKey_41_46,bytes=30;client_id=41;clients=50
1779646940969,PUT,107,4,benchKey_23_46,bytes=30;client_id=23;clients=50
1779646940970,PUT,114,4,benchKey_43_46,bytes=30;client_id=43;clients=50
1779646940970,PUT,101,4,benchKey_27_46,bytes=30;client_id=27;clients=50
1779646940970,PUT,103,4,benchKey_10_46,bytes=30;client_id=10;clients=50
1779646940972,PUT,102,4,benchKey_11_46,bytes=30;client_id=11;clients=50
1779646940972,PUT,99,4,benchKey_28_47,bytes=30;client_id=28;clients=50
1779646940972,PUT,99,4,benchKey_13_46,bytes=30;client_id=13;clients=50
1779646940976,PUT,101,4,benchKey_16_46,bytes=30;client_id=16;clients=50
1779646940980,PUT,101,4,benchKey_42_46,bytes=30;client_id=42;clients=50
1779646940985,PUT,102,4,benchKey_32_46,bytes=30;client_id=32;clients=50
1779646940990,PUT,107,4,benchKey_22_47,bytes=30;client_id=22;clients=50
1779646940991,PUT,107,4,benchKey_2_47,bytes=29;client_id=2;clients=50
1779646940992,PUT,107,4,benchKey_29_47,bytes=30;client_id=29;clients=50
1779646940994,PUT,108,4,benchKey_24_46,bytes=30;client_id=24;clients=50
1779646940995,PUT,108,4,benchKey_49_46,bytes=30;client_id=49;clients=50
1779646940999,PUT,112,4,benchKey_44_46,bytes=30;client_id=44;clients=50
1779646941000,PUT,114,4,benchKey_48_47,bytes=30;client_id=48;clients=50
1779646941003,PUT,112,4,benchKey_40_47,bytes=30;client_id=40;clients=50
1779646941007,PUT,110,4,benchKey_0_47,bytes=29;client_id=0;clients=50
1779646941009,PUT,109,4,benchKey_38_46,bytes=30;client_id=38;clients=50
1779646941011,PUT,105,4,benchKey_34_47,bytes=30;client_id=34;clients=50
1779646941011,PUT,104,4,benchKey_35_47,bytes=30;client_id=35;clients=50
1779646941012,PUT,103,4,benchKey_30_47,bytes=30;client_id=30;clients=50
1779646941012,PUT,101,4,benchKey_31_47,bytes=30;client_id=31;clients=50
1779646941014,PUT,97,4,benchKey_36_47,bytes=30;client_id=36;clients=50
1779646941014,PUT,97,4,benchKey_5_47,bytes=29;client_id=5;clients=50
1779646941014,PUT,101,4,benchKey_39_47,bytes=30;client_id=39;clients=50
1779646941018,PUT,99,4,benchKey_15_47,bytes=30;client_id=15;clients=50
1779646941022,PUT,99,4,benchKey_17_47,bytes=30;client_id=17;clients=50
1779646941026,PUT,99,4,benchKey_4_47,bytes=29;client_id=4;clients=50
1779646941032,PUT,105,4,benchKey_19_47,bytes=30;client_id=19;clients=50
1779646941033,PUT,105,4,benchKey_37_47,bytes=30;client_id=37;clients=50
1779646941033,PUT,106,4,benchKey_47_47,bytes=30;client_id=47;clients=50
1779646941035,PUT,106,4,benchKey_21_47,bytes=30;client_id=21;clients=50
1779646941036,PUT,106,4,benchKey_33_47,bytes=30;client_id=33;clients=50
1779646941042,PUT,112,4,benchKey_14_47,bytes=30;client_id=14;clients=50
1779646941043,PUT,112,4,benchKey_26_47,bytes=30;client_id=26;clients=50
1779646941045,PUT,111,4,benchKey_3_47,bytes=29;client_id=3;clients=50
1779646941050,PUT,111,4,benchKey_1_47,bytes=29;client_id=1;clients=50
1779646941050,PUT,106,4,benchKey_25_47,bytes=30;client_id=25;clients=50
1779646941053,PUT,100,4,benchKey_9_47,bytes=29;client_id=9;clients=50
1779646941053,PUT,104,4,benchKey_45_47,bytes=30;client_id=45;clients=50
1779646941053,PUT,102,4,benchKey_18_47,bytes=30;client_id=18;clients=50
1779646941054,PUT,106,4,benchKey_12_47,bytes=30;client_id=12;clients=50
1779646941055,PUT,101,4,benchKey_46_47,bytes=30;client_id=46;clients=50
1779646941055,PUT,97,4,benchKey_6_47,bytes=29;client_id=6;clients=50
1779646941057,PUT,98,4,benchKey_8_47,bytes=29;client_id=8;clients=50
1779646941060,PUT,99,4,benchKey_20_47,bytes=30;client_id=20;clients=50
1779646941064,PUT,99,4,benchKey_7_47,bytes=29;client_id=7;clients=50
1779646941068,PUT,99,4,benchKey_41_47,bytes=30;client_id=41;clients=50
1779646941073,PUT,103,4,benchKey_23_47,bytes=30;client_id=23;clients=50
1779646941075,PUT,104,4,benchKey_27_47,bytes=30;client_id=27;clients=50
1779646941075,PUT,105,4,benchKey_43_47,bytes=30;client_id=43;clients=50
1779646941076,PUT,105,4,benchKey_10_47,bytes=30;client_id=10;clients=50
1779646941077,PUT,105,4,benchKey_11_47,bytes=30;client_id=11;clients=50
1779646941083,PUT,110,4,benchKey_28_48,bytes=30;client_id=28;clients=50
1779646941084,PUT,111,4,benchKey_13_47,bytes=30;client_id=13;clients=50
1779646941086,PUT,110,4,benchKey_16_47,bytes=30;client_id=16;clients=50
1779646941091,PUT,111,4,benchKey_42_47,bytes=30;client_id=42;clients=50
1779646941094,PUT,108,4,benchKey_32_47,bytes=30;client_id=32;clients=50
1779646941097,PUT,104,4,benchKey_29_48,bytes=30;client_id=29;clients=50
1779646941097,PUT,106,4,benchKey_2_48,bytes=29;client_id=2;clients=50
1779646941097,PUT,107,4,benchKey_22_48,bytes=30;client_id=22;clients=50
1779646941099,PUT,105,4,benchKey_24_47,bytes=30;client_id=24;clients=50
1779646941100,PUT,100,4,benchKey_44_47,bytes=30;client_id=44;clients=50
1779646941101,PUT,100,4,benchKey_48_48,bytes=30;client_id=48;clients=50
1779646941103,PUT,100,4,benchKey_40_48,bytes=30;client_id=40;clients=50
1779646941104,PUT,109,4,benchKey_49_47,bytes=30;client_id=49;clients=50
1779646941107,PUT,99,4,benchKey_0_48,bytes=29;client_id=0;clients=50
1779646941112,PUT,102,4,benchKey_38_47,bytes=30;client_id=38;clients=50
1779646941115,PUT,103,4,benchKey_34_48,bytes=30;client_id=34;clients=50
1779646941119,PUT,107,4,benchKey_30_48,bytes=30;client_id=30;clients=50
1779646941120,PUT,108,4,benchKey_35_48,bytes=30;client_id=35;clients=50
1779646941120,PUT,106,4,benchKey_36_48,bytes=30;client_id=36;clients=50
1779646941123,PUT,110,4,benchKey_31_48,bytes=30;client_id=31;clients=50
1779646941126,PUT,111,4,benchKey_5_48,bytes=29;client_id=5;clients=50
1779646941127,PUT,113,4,benchKey_39_48,bytes=30;client_id=39;clients=50
1779646941129,PUT,111,4,benchKey_15_48,bytes=30;client_id=15;clients=50
1779646941135,PUT,112,4,benchKey_17_48,bytes=30;client_id=17;clients=50
1779646941137,PUT,110,4,benchKey_4_48,bytes=29;client_id=4;clients=50
1779646941141,PUT,107,4,benchKey_47_48,bytes=30;client_id=47;clients=50
1779646941141,PUT,109,4,benchKey_19_48,bytes=30;client_id=19;clients=50
1779646941144,PUT,101,4,benchKey_14_48,bytes=30;client_id=14;clients=50
1779646941143,PUT,106,4,benchKey_33_48,bytes=30;client_id=33;clients=50
1779646941142,PUT,109,4,benchKey_37_48,bytes=30;client_id=37;clients=50
1779646941146,PUT,101,4,benchKey_3_48,bytes=29;client_id=3;clients=50
1779646941147,PUT,112,4,benchKey_21_48,bytes=30;client_id=21;clients=50
1779646941148,PUT,105,4,benchKey_26_48,bytes=30;client_id=26;clients=50
1779646941150,PUT,99,4,benchKey_1_48,bytes=29;client_id=1;clients=50
1779646941155,PUT,104,4,benchKey_25_48,bytes=30;client_id=25;clients=50
1779646941157,PUT,104,4,benchKey_9_48,bytes=29;client_id=9;clients=50
1779646941162,PUT,109,4,benchKey_45_48,bytes=30;client_id=45;clients=50
1779646941163,PUT,109,4,benchKey_18_48,bytes=30;client_id=18;clients=50
1779646941164,PUT,109,4,benchKey_12_48,bytes=30;client_id=12;clients=50
1779646941166,PUT,111,4,benchKey_46_48,bytes=30;client_id=46;clients=50
1779646941169,PUT,113,4,benchKey_6_48,bytes=29;client_id=6;clients=50
1779646941169,PUT,112,4,benchKey_8_48,bytes=29;client_id=8;clients=50
1779646941171,PUT,111,4,benchKey_20_48,bytes=30;client_id=20;clients=50
1779646941176,PUT,112,4,benchKey_7_48,bytes=29;client_id=7;clients=50
1779646941180,PUT,111,4,benchKey_41_48,bytes=30;client_id=41;clients=50
1779646941183,PUT,110,4,benchKey_23_48,bytes=30;client_id=23;clients=50
1779646941183,PUT,108,4,benchKey_27_48,bytes=30;client_id=27;clients=50
1779646941185,PUT,108,4,benchKey_10_48,bytes=30;client_id=10;clients=50
1779646941185,PUT,109,4,benchKey_43_48,bytes=30;client_id=43;clients=50
1779646941187,PUT,109,4,benchKey_11_48,bytes=30;client_id=11;clients=50
1779646941188,PUT,104,4,benchKey_28_49,bytes=30;client_id=28;clients=50
1779646941190,PUT,103,4,benchKey_16_48,bytes=30;client_id=16;clients=50
1779646941191,PUT,106,4,benchKey_13_48,bytes=30;client_id=13;clients=50
1779646941192,PUT,100,4,benchKey_42_48,bytes=30;client_id=42;clients=50
1779646941198,PUT,104,4,benchKey_32_48,bytes=30;client_id=32;clients=50
1779646941199,PUT,102,4,benchKey_29_49,bytes=30;client_id=29;clients=50
1779646941204,PUT,107,4,benchKey_2_49,bytes=29;client_id=2;clients=50
1779646941205,PUT,107,4,benchKey_22_49,bytes=30;client_id=22;clients=50
1779646941206,PUT,106,4,benchKey_24_48,bytes=30;client_id=24;clients=50
1779646941209,PUT,109,4,benchKey_44_48,bytes=30;client_id=44;clients=50
1779646941211,PUT,107,4,benchKey_40_49,bytes=30;client_id=40;clients=50
1779646941211,PUT,110,4,benchKey_48_49,bytes=30;client_id=48;clients=50
1779646941213,PUT,108,4,benchKey_49_48,bytes=30;client_id=49;clients=50
1779646941219,PUT,112,4,benchKey_0_49,bytes=29;client_id=0;clients=50
1779646941222,PUT,110,4,benchKey_38_48,bytes=30;client_id=38;clients=50
1779646941225,PUT,106,4,benchKey_30_49,bytes=30;client_id=30;clients=50
1779646941225,PUT,110,4,benchKey_34_49,bytes=30;client_id=34;clients=50
1779646941227,PUT,107,4,benchKey_35_49,bytes=30;client_id=35;clients=50
1779646941227,PUT,106,4,benchKey_36_49,bytes=30;client_id=36;clients=50
1779646941229,PUT,103,4,benchKey_5_49,bytes=29;client_id=5;clients=50
1779646941229,PUT,106,4,benchKey_31_49,bytes=30;client_id=31;clients=50
1779646941233,PUT,103,4,benchKey_15_49,bytes=30;client_id=15;clients=50
1779646941233,PUT,105,4,benchKey_39_49,bytes=30;client_id=39;clients=50
1779646941234,PUT,99,4,benchKey_17_49,bytes=30;client_id=17;clients=50
1779646941241,PUT,100,4,benchKey_47_49,bytes=30;client_id=47;clients=50
1779646941241,PUT,104,4,benchKey_4_49,bytes=29;client_id=4;clients=50
1779646941246,PUT,102,4,benchKey_19_49,bytes=30;client_id=19;clients=50
1779646941247,PUT,103,4,benchKey_33_49,bytes=30;client_id=33;clients=50
1779646941248,PUT,104,4,benchKey_14_49,bytes=30;client_id=14;clients=50
1779646941251,PUT,106,4,benchKey_37_49,bytes=30;client_id=37;clients=50
1779646941253,PUT,106,4,benchKey_3_49,bytes=29;client_id=3;clients=50
1779646941254,PUT,106,4,benchKey_21_49,bytes=30;client_id=21;clients=50
1779646941256,PUT,107,4,benchKey_26_49,bytes=30;client_id=26;clients=50
1779646941261,PUT,111,4,benchKey_1_49,bytes=29;client_id=1;clients=50
1779646941265,PUT,110,4,benchKey_25_49,bytes=30;client_id=25;clients=50
1779646941267,PUT,104,4,benchKey_45_49,bytes=30;client_id=45;clients=50
1779646941267,PUT,109,4,benchKey_9_49,bytes=29;client_id=9;clients=50
1779646941269,PUT,105,4,benchKey_18_49,bytes=30;client_id=18;clients=50
1779646941270,PUT,106,4,benchKey_12_49,bytes=30;client_id=12;clients=50
1779646941271,PUT,104,4,benchKey_46_49,bytes=30;client_id=46;clients=50
1779646941271,PUT,101,4,benchKey_6_49,bytes=29;client_id=6;clients=50
1779646941275,PUT,103,4,benchKey_20_49,bytes=30;client_id=20;clients=50
1779646941275,PUT,106,4,benchKey_8_49,bytes=29;client_id=8;clients=50
1779646941276,PUT,99,4,benchKey_7_49,bytes=29;client_id=7;clients=50
1779646941283,PUT,103,4,benchKey_41_49,bytes=30;client_id=41;clients=50
1779646941283,PUT,99,4,benchKey_23_49,bytes=30;client_id=23;clients=50
1779646941288,PUT,104,4,benchKey_27_49,bytes=30;client_id=27;clients=50
1779646941290,PUT,104,4,benchKey_10_49,bytes=30;client_id=10;clients=50
1779646941290,PUT,104,4,benchKey_43_49,bytes=30;client_id=43;clients=50
1779646941293,PUT,105,4,benchKey_11_49,bytes=30;client_id=11;clients=50
1779646941295,PUT,106,4,benchKey_28_50,bytes=30;client_id=28;clients=50
1779646941296,PUT,105,4,benchKey_16_49,bytes=30;client_id=16;clients=50
1779646941298,PUT,107,4,benchKey_13_49,bytes=30;client_id=13;clients=50
1779646941303,PUT,111,4,benchKey_42_49,bytes=30;client_id=42;clients=50
1779646941306,PUT,107,4,benchKey_32_49,bytes=30;client_id=32;clients=50
1779646941309,PUT,109,4,benchKey_29_50,bytes=30;client_id=29;clients=50
1779646941309,PUT,104,4,benchKey_2_50,bytes=29;client_id=2;clients=50
1779646941311,PUT,104,4,benchKey_24_49,bytes=30;client_id=24;clients=50
1779646941311,PUT,106,4,benchKey_22_50,bytes=30;client_id=22;clients=50
1779646941312,PUT,100,4,benchKey_40_50,bytes=30;client_id=40;clients=50
1779646941312,PUT,103,4,benchKey_44_49,bytes=30;client_id=44;clients=50
1779646941317,PUT,105,4,benchKey_48_50,bytes=30;client_id=48;clients=50
1779646941319,PUT,105,4,benchKey_49_49,bytes=30;client_id=49;clients=50
1779646941319,PUT,99,4,benchKey_0_50,bytes=29;client_id=0;clients=50
1779646941325,PUT,99,4,benchKey_30_50,bytes=30;client_id=30;clients=50
1779646941325,PUT,102,4,benchKey_38_49,bytes=30;client_id=38;clients=50
1779646941330,PUT,104,4,benchKey_34_50,bytes=30;client_id=34;clients=50
1779646941332,PUT,105,4,benchKey_36_50,bytes=30;client_id=36;clients=50
1779646941332,PUT,105,4,benchKey_35_50,bytes=30;client_id=35;clients=50
1779646941335,PUT,105,4,benchKey_5_50,bytes=29;client_id=5;clients=50
1779646941336,PUT,106,4,benchKey_31_50,bytes=30;client_id=31;clients=50
1779646941338,PUT,104,4,benchKey_15_50,bytes=30;client_id=15;clients=50
1779646941340,PUT,106,4,benchKey_39_50,bytes=30;client_id=39;clients=50
1779646941345,PUT,111,4,benchKey_17_50,bytes=30;client_id=17;clients=50
1779646941349,PUT,107,4,benchKey_47_50,bytes=30;client_id=47;clients=50
1779646941352,PUT,110,4,benchKey_4_50,bytes=29;client_id=4;clients=50
1779646941352,PUT,105,4,benchKey_19_50,bytes=30;client_id=19;clients=50
1779646941353,PUT,105,4,benchKey_33_50,bytes=30;client_id=33;clients=50
1779646941354,PUT,105,4,benchKey_14_50,bytes=30;client_id=14;clients=50
1779646941354,PUT,101,4,benchKey_3_50,bytes=29;client_id=3;clients=50
1779646941354,PUT,103,4,benchKey_37_50,bytes=30;client_id=37;clients=50
1779646941360,PUT,106,4,benchKey_21_50,bytes=30;client_id=21;clients=50
1779646941361,PUT,105,4,benchKey_26_50,bytes=30;client_id=26;clients=50
1779646941362,PUT,100,4,benchKey_1_50,bytes=29;client_id=1;clients=50
1779646941367,PUT,102,4,benchKey_25_50,bytes=30;client_id=25;clients=50
1779646941368,PUT,100,4,benchKey_9_50,bytes=29;client_id=9;clients=50
1779646941373,PUT,105,4,benchKey_45_50,bytes=30;client_id=45;clients=50
1779646941375,PUT,105,4,benchKey_12_50,bytes=30;client_id=12;clients=50
1779646941375,PUT,106,4,benchKey_18_50,bytes=30;client_id=18;clients=50
1779646941377,PUT,105,4,benchKey_46_50,bytes=30;client_id=46;clients=50
1779646941378,PUT,106,4,benchKey_6_50,bytes=29;client_id=6;clients=50
1779646941380,PUT,104,4,benchKey_8_50,bytes=29;client_id=8;clients=50
1779646941383,PUT,108,4,benchKey_20_50,bytes=30;client_id=20;clients=50
1779646941387,PUT,110,4,benchKey_7_50,bytes=29;client_id=7;clients=50
1779646941390,PUT,106,4,benchKey_41_50,bytes=30;client_id=41;clients=50
1779646941394,PUT,110,4,benchKey_23_50,bytes=30;client_id=23;clients=50
1779646941395,PUT,106,4,benchKey_27_50,bytes=30;client_id=27;clients=50
1779646941395,PUT,105,4,benchKey_10_50,bytes=30;client_id=10;clients=50
1779646941396,PUT,101,4,benchKey_28_51,bytes=30;client_id=28;clients=50
1779646941396,PUT,106,4,benchKey_43_50,bytes=30;client_id=43;clients=50
1779646941397,PUT,103,4,benchKey_11_50,bytes=30;client_id=11;clients=50
1779646941402,PUT,103,4,benchKey_13_50,bytes=30;client_id=13;clients=50
1779646941403,PUT,107,4,benchKey_16_50,bytes=30;client_id=16;clients=50
1779646941404,PUT,100,4,benchKey_42_50,bytes=30;client_id=42;clients=50
1779646941409,PUT,103,4,benchKey_32_50,bytes=30;client_id=32;clients=50
1779646941411,PUT,101,4,benchKey_29_51,bytes=30;client_id=29;clients=50
1779646941414,PUT,104,4,benchKey_2_51,bytes=29;client_id=2;clients=50
1779646941416,PUT,104,4,benchKey_22_51,bytes=30;client_id=22;clients=50
1779646941417,PUT,105,4,benchKey_24_50,bytes=30;client_id=24;clients=50
1779646941418,PUT,105,4,benchKey_40_51,bytes=30;client_id=40;clients=50
1779646941420,PUT,107,4,benchKey_44_50,bytes=30;client_id=44;clients=50
1779646941423,PUT,105,4,benchKey_48_51,bytes=30;client_id=48;clients=50
1779646941425,PUT,105,4,benchKey_0_51,bytes=29;client_id=0;clients=50
1779646941428,PUT,108,4,benchKey_49_50,bytes=30;client_id=49;clients=50
1779646941431,PUT,105,4,benchKey_30_51,bytes=30;client_id=30;clients=50
1779646941436,PUT,111,4,benchKey_38_50,bytes=30;client_id=38;clients=50
1779646941437,PUT,106,4,benchKey_34_51,bytes=30;client_id=34;clients=50
1779646941437,PUT,104,4,benchKey_36_51,bytes=30;client_id=36;clients=50
1779646941438,PUT,102,4,benchKey_31_51,bytes=30;client_id=31;clients=50
1779646941438,PUT,106,4,benchKey_35_51,bytes=30;client_id=35;clients=50
1779646941438,PUT,103,4,benchKey_5_51,bytes=29;client_id=5;clients=50
1779646941444,PUT,105,4,benchKey_15_51,bytes=30;client_id=15;clients=50
1779646941445,PUT,99,4,benchKey_17_51,bytes=30;client_id=17;clients=50
1779646941445,PUT,104,4,benchKey_39_51,bytes=30;client_id=39;clients=50
1779646941451,PUT,102,4,benchKey_47_51,bytes=30;client_id=47;clients=50
1779646941452,PUT,99,4,benchKey_4_51,bytes=29;client_id=4;clients=50
1779646941456,PUT,103,4,benchKey_19_51,bytes=30;client_id=19;clients=50
1779646941457,PUT,103,4,benchKey_33_51,bytes=30;client_id=33;clients=50
1779646941458,PUT,104,4,benchKey_14_51,bytes=30;client_id=14;clients=50
1779646941459,PUT,104,4,benchKey_3_51,bytes=29;client_id=3;clients=50
1779646941462,PUT,107,4,benchKey_37_51,bytes=30;client_id=37;clients=50
1779646941465,PUT,104,4,benchKey_21_51,bytes=30;client_id=21;clients=50
1779646941468,PUT,107,4,benchKey_26_51,bytes=30;client_id=26;clients=50
1779646941471,PUT,109,4,benchKey_1_51,bytes=29;client_id=1;clients=50
1779646941472,PUT,104,4,benchKey_25_51,bytes=30;client_id=25;clients=50
1779646941478,PUT,110,4,benchKey_9_51,bytes=29;client_id=9;clients=50
1779646941480,PUT,107,4,benchKey_45_51,bytes=30;client_id=45;clients=50
1779646941480,PUT,102,4,benchKey_6_51,bytes=29;client_id=6;clients=50
1779646941480,PUT,105,4,benchKey_18_51,bytes=30;client_id=18;clients=50
1779646941480,PUT,103,4,benchKey_46_51,bytes=30;client_id=46;clients=50
1779646941480,PUT,105,4,benchKey_12_51,bytes=30;client_id=12;clients=50
1779646941485,PUT,104,4,benchKey_8_51,bytes=29;client_id=8;clients=50
1779646941486,PUT,98,4,benchKey_7_51,bytes=29;client_id=7;clients=50
1779646941486,PUT,102,4,benchKey_20_51,bytes=30;client_id=20;clients=50
1779646941494,PUT,100,4,benchKey_23_51,bytes=30;client_id=23;clients=50
1779646941494,PUT,104,4,benchKey_41_51,bytes=30;client_id=41;clients=50
1779646941498,PUT,102,4,benchKey_27_51,bytes=30;client_id=27;clients=50
1779646941499,PUT,102,4,benchKey_28_52,bytes=30;client_id=28;clients=50
1779646941499,PUT,103,4,benchKey_10_51,bytes=30;client_id=10;clients=50
1779646941501,PUT,104,4,benchKey_43_51,bytes=30;client_id=43;clients=50
1779646941505,PUT,108,4,benchKey_11_51,bytes=30;client_id=11;clients=50
1779646941507,PUT,104,4,benchKey_13_51,bytes=30;client_id=13;clients=50
1779646941509,PUT,105,4,benchKey_16_51,bytes=30;client_id=16;clients=50
1779646941512,PUT,108,4,benchKey_42_51,bytes=30;client_id=42;clients=50
1779646941513,PUT,103,4,benchKey_32_51,bytes=30;client_id=32;clients=50
1779646941520,PUT,109,4,benchKey_29_52,bytes=30;client_id=29;clients=50
1779646941522,PUT,106,4,benchKey_22_52,bytes=30;client_id=22;clients=50
1779646941522,PUT,102,4,benchKey_44_51,bytes=30;client_id=44;clients=50
1779646941522,PUT,108,4,benchKey_2_52,bytes=29;client_id=2;clients=50
1779646941522,PUT,105,4,benchKey_24_51,bytes=30;client_id=24;clients=50
1779646941522,PUT,104,4,benchKey_40_52,bytes=30;client_id=40;clients=50
1779646941527,PUT,103,4,benchKey_48_52,bytes=30;client_id=48;clients=50
1779646941528,PUT,99,4,benchKey_49_51,bytes=30;client_id=49;clients=50
1779646941528,PUT,102,4,benchKey_0_52,bytes=29;client_id=0;clients=50
1779646941536,PUT,105,4,benchKey_30_52,bytes=30;client_id=30;clients=50
1779646941536,PUT,99,4,benchKey_38_51,bytes=30;client_id=38;clients=50
1779646941540,PUT,101,4,benchKey_31_52,bytes=30;client_id=31;clients=50
1779646941540,PUT,103,4,benchKey_36_52,bytes=30;client_id=36;clients=50
1779646941541,PUT,103,4,benchKey_34_52,bytes=30;client_id=34;clients=50
1779646941543,PUT,104,4,benchKey_35_52,bytes=30;client_id=35;clients=50
1779646941548,PUT,104,4,benchKey_15_52,bytes=30;client_id=15;clients=50
1779646941548,PUT,109,4,benchKey_5_52,bytes=29;client_id=5;clients=50
1779646941551,PUT,105,4,benchKey_17_52,bytes=30;client_id=17;clients=50
1779646941554,PUT,102,4,benchKey_47_52,bytes=30;client_id=47;clients=50
1779646941554,PUT,109,4,benchKey_39_52,bytes=30;client_id=39;clients=50
1779646941563,PUT,110,4,benchKey_4_52,bytes=29;client_id=4;clients=50
1779646941564,PUT,106,4,benchKey_14_52,bytes=30;client_id=14;clients=50
1779646941564,PUT,107,4,benchKey_19_52,bytes=30;client_id=19;clients=50
1779646941564,PUT,105,4,benchKey_3_52,bytes=29;client_id=3;clients=50
1779646941565,PUT,108,4,benchKey_33_52,bytes=30;client_id=33;clients=50
1779646941566,PUT,104,4,benchKey_37_52,bytes=30;client_id=37;clients=50
1779646941569,PUT,101,4,benchKey_26_52,bytes=30;client_id=26;clients=50
1779646941569,PUT,104,4,benchKey_21_52,bytes=30;client_id=21;clients=50
1779646941570,PUT,99,4,benchKey_1_52,bytes=29;client_id=1;clients=50
1779646941578,PUT,99,4,benchKey_9_52,bytes=29;client_id=9;clients=50
1779646941578,PUT,105,4,benchKey_25_52,bytes=30;client_id=25;clients=50
1779646941582,PUT,101,4,benchKey_6_52,bytes=29;client_id=6;clients=50
1779646941582,PUT,101,4,benchKey_45_52,bytes=30;client_id=45;clients=50
1779646941583,PUT,102,4,benchKey_18_52,bytes=30;client_id=18;clients=50
1779646941586,PUT,105,4,benchKey_46_52,bytes=30;client_id=46;clients=50
1779646941590,PUT,109,4,benchKey_12_52,bytes=30;client_id=12;clients=50
1779646941590,PUT,104,4,benchKey_8_52,bytes=29;client_id=8;clients=50
1779646941592,PUT,105,4,benchKey_7_52,bytes=29;client_id=7;clients=50
1779646941596,PUT,101,4,benchKey_23_52,bytes=30;client_id=23;clients=50
1779646941596,PUT,110,4,benchKey_20_52,bytes=30;client_id=20;clients=50
1779646941605,PUT,110,4,benchKey_41_52,bytes=30;client_id=41;clients=50
1779646941606,PUT,107,4,benchKey_28_53,bytes=30;client_id=28;clients=50
1779646941606,PUT,108,4,benchKey_27_52,bytes=30;client_id=27;clients=50
1779646941606,PUT,107,4,benchKey_10_52,bytes=30;client_id=10;clients=50
1779646941608,PUT,102,4,benchKey_11_52,bytes=30;client_id=11;clients=50
1779646941608,PUT,107,4,benchKey_43_52,bytes=30;client_id=43;clients=50
1779646941611,PUT,101,4,benchKey_16_52,bytes=30;client_id=16;clients=50
1779646941612,PUT,105,4,benchKey_13_52,bytes=30;client_id=13;clients=50
1779646941613,PUT,100,4,benchKey_42_52,bytes=30;client_id=42;clients=50
1779646941620,PUT,107,4,benchKey_32_52,bytes=30;client_id=32;clients=50
1779646941620,PUT,99,4,benchKey_29_53,bytes=30;client_id=29;clients=50
1779646941625,PUT,102,4,benchKey_22_53,bytes=30;client_id=22;clients=50
1779646941625,PUT,102,4,benchKey_44_52,bytes=30;client_id=44;clients=50
1779646941625,PUT,102,4,benchKey_2_53,bytes=29;client_id=2;clients=50
1779646941627,PUT,104,4,benchKey_24_52,bytes=30;client_id=24;clients=50
1779646941632,PUT,109,4,benchKey_40_53,bytes=30;client_id=40;clients=50
1779646941632,PUT,104,4,benchKey_48_53,bytes=30;client_id=48;clients=50
1779646941634,PUT,106,4,benchKey_0_53,bytes=29;client_id=0;clients=50
1779646941639,PUT,110,4,benchKey_49_52,bytes=30;client_id=49;clients=50
1779646941639,PUT,102,4,benchKey_38_52,bytes=30;client_id=38;clients=50
1779646941647,PUT,110,4,benchKey_30_53,bytes=30;client_id=30;clients=50
1779646941648,PUT,107,4,benchKey_36_53,bytes=30;client_id=36;clients=50
1779646941649,PUT,107,4,benchKey_34_53,bytes=30;client_id=34;clients=50
1779646941649,PUT,108,4,benchKey_31_53,bytes=30;client_id=31;clients=50
1779646941650,PUT,101,4,benchKey_15_53,bytes=30;client_id=15;clients=50
1779646941650,PUT,106,4,benchKey_35_53,bytes=30;client_id=35;clients=50
1779646941652,PUT,103,4,benchKey_5_53,bytes=29;client_id=5;clients=50
1779646941654,PUT,99,4,benchKey_39_53,bytes=30;client_id=39;clients=50
1779646941655,PUT,103,4,benchKey_17_53,bytes=30;client_id=17;clients=50
1779646941662,PUT,99,4,benchKey_4_53,bytes=29;client_id=4;clients=50
1779646941662,PUT,108,4,benchKey_47_53,bytes=30;client_id=47;clients=50
1779646941667,PUT,102,4,benchKey_19_53,bytes=30;client_id=19;clients=50
1779646941667,PUT,102,4,benchKey_3_53,bytes=29;client_id=3;clients=50
1779646941667,PUT,102,4,benchKey_14_53,bytes=30;client_id=14;clients=50
1779646941668,PUT,102,4,benchKey_33_53,bytes=30;client_id=33;clients=50
1779646941674,PUT,107,4,benchKey_37_53,bytes=30;client_id=37;clients=50
1779646941674,PUT,104,4,benchKey_26_53,bytes=30;client_id=26;clients=50
1779646941675,PUT,105,4,benchKey_21_53,bytes=30;client_id=21;clients=50
1779646941681,PUT,110,4,benchKey_1_53,bytes=29;client_id=1;clients=50
1779646941681,PUT,102,4,benchKey_9_53,bytes=29;client_id=9;clients=50
1779646941689,PUT,106,4,benchKey_6_53,bytes=29;client_id=6;clients=50
1779646941689,PUT,110,4,benchKey_25_53,bytes=30;client_id=25;clients=50
1779646941691,PUT,108,4,benchKey_45_53,bytes=30;client_id=45;clients=50
1779646941691,PUT,104,4,benchKey_46_53,bytes=30;client_id=46;clients=50
1779646941691,PUT,101,4,benchKey_12_53,bytes=30;client_id=12;clients=50
1779646941692,PUT,108,4,benchKey_18_53,bytes=30;client_id=18;clients=50
1779646941694,PUT,103,4,benchKey_8_53,bytes=29;client_id=8;clients=50
1779646941697,PUT,104,4,benchKey_7_53,bytes=29;client_id=7;clients=50
1779646941697,PUT,100,4,benchKey_23_53,bytes=30;client_id=23;clients=50
1779646941705,PUT,108,4,benchKey_20_53,bytes=30;client_id=20;clients=50
1779646941705,PUT,99,4,benchKey_41_53,bytes=30;client_id=41;clients=50
1779646941710,PUT,103,4,benchKey_27_53,bytes=30;client_id=27;clients=50
1779646941710,PUT,103,4,benchKey_10_53,bytes=30;client_id=10;clients=50
1779646941710,PUT,103,4,benchKey_28_54,bytes=30;client_id=28;clients=50
1779646941712,PUT,104,4,benchKey_11_53,bytes=30;client_id=11;clients=50
1779646941717,PUT,105,4,benchKey_16_53,bytes=30;client_id=16;clients=50
1779646941718,PUT,105,4,benchKey_13_53,bytes=30;client_id=13;clients=50
1779646941717,PUT,109,4,benchKey_43_53,bytes=30;client_id=43;clients=50
1779646941723,PUT,109,4,benchKey_42_53,bytes=30;client_id=42;clients=50
1779646941723,PUT,102,4,benchKey_29_54,bytes=30;client_id=29;clients=50
1779646941730,PUT,110,4,benchKey_32_53,bytes=30;client_id=32;clients=50
1779646941731,PUT,105,4,benchKey_44_53,bytes=30;client_id=44;clients=50
1779646941732,PUT,107,4,benchKey_22_54,bytes=30;client_id=22;clients=50
1779646941733,PUT,101,4,benchKey_40_54,bytes=30;client_id=40;clients=50
1779646941733,PUT,106,4,benchKey_24_53,bytes=30;client_id=24;clients=50
1779646941734,PUT,108,4,benchKey_2_54,bytes=29;client_id=2;clients=50
1779646941737,PUT,104,4,benchKey_48_54,bytes=30;client_id=48;clients=50
1779646941739,PUT,105,4,benchKey_0_54,bytes=29;client_id=0;clients=50
1779646941739,PUT,100,4,benchKey_38_53,bytes=30;client_id=38;clients=50
1779646941747,PUT,100,4,benchKey_30_54,bytes=30;client_id=30;clients=50
1779646941748,PUT,109,4,benchKey_49_53,bytes=30;client_id=49;clients=50
1779646941752,PUT,103,4,benchKey_34_54,bytes=30;client_id=34;clients=50
1779646941753,PUT,104,4,benchKey_36_54,bytes=30;client_id=36;clients=50
1779646941755,PUT,105,4,benchKey_31_54,bytes=30;client_id=31;clients=50
1779646941755,PUT,105,4,benchKey_15_54,bytes=30;client_id=15;clients=50
1779646941760,PUT,108,4,benchKey_5_54,bytes=29;client_id=5;clients=50
1779646941761,PUT,110,4,benchKey_35_54,bytes=30;client_id=35;clients=50
1779646941763,PUT,108,4,benchKey_39_54,bytes=30;client_id=39;clients=50
1779646941766,PUT,111,4,benchKey_17_54,bytes=30;client_id=17;clients=50
1779646941766,PUT,104,4,benchKey_47_54,bytes=30;client_id=47;clients=50
1779646941773,PUT,105,4,benchKey_19_54,bytes=30;client_id=19;clients=50
1779646941773,PUT,110,4,benchKey_4_54,bytes=29;client_id=4;clients=50
1779646941775,PUT,107,4,benchKey_3_54,bytes=29;client_id=3;clients=50
1779646941776,PUT,107,4,benchKey_33_54,bytes=30;client_id=33;clients=50
1779646941777,PUT,103,4,benchKey_37_54,bytes=30;client_id=37;clients=50
1779646941777,PUT,110,4,benchKey_14_54,bytes=30;client_id=14;clients=50
1779646941779,PUT,104,4,benchKey_26_54,bytes=30;client_id=26;clients=50
1779646941782,PUT,100,4,benchKey_1_54,bytes=29;client_id=1;clients=50
1779646941782,PUT,106,4,benchKey_21_54,bytes=30;client_id=21;clients=50
1779646941789,PUT,108,4,benchKey_9_54,bytes=29;client_id=9;clients=50
1779646941792,PUT,102,4,benchKey_25_54,bytes=30;client_id=25;clients=50
1779646941794,PUT,105,4,benchKey_6_54,bytes=29;client_id=6;clients=50
1779646941797,PUT,105,4,benchKey_46_54,bytes=30;client_id=46;clients=50
1779646941798,PUT,106,4,benchKey_12_54,bytes=30;client_id=12;clients=50
1779646941798,PUT,107,4,benchKey_45_54,bytes=30;client_id=45;clients=50
1779646941804,PUT,112,4,benchKey_18_54,bytes=30;client_id=18;clients=50
1779646941804,PUT,110,4,benchKey_8_54,bytes=29;client_id=8;clients=50
1779646941806,PUT,109,4,benchKey_7_54,bytes=29;client_id=7;clients=50
1779646941809,PUT,103,4,benchKey_20_54,bytes=30;client_id=20;clients=50
1779646941809,PUT,111,4,benchKey_23_54,bytes=30;client_id=23;clients=50
1779646941817,PUT,106,4,benchKey_27_54,bytes=30;client_id=27;clients=50
1779646941817,PUT,112,4,benchKey_41_54,bytes=30;client_id=41;clients=50
1779646941818,PUT,107,4,benchKey_10_54,bytes=30;client_id=10;clients=50
1779646941819,PUT,108,4,benchKey_28_55,bytes=30;client_id=28;clients=50
1779646941821,PUT,102,4,benchKey_16_54,bytes=30;client_id=16;clients=50
1779646941822,PUT,109,4,benchKey_11_54,bytes=30;client_id=11;clients=50
1779646941822,PUT,103,4,benchKey_13_54,bytes=30;client_id=13;clients=50
1779646941825,PUT,101,4,benchKey_42_54,bytes=30;client_id=42;clients=50
1779646941825,PUT,105,4,benchKey_43_54,bytes=30;client_id=43;clients=50
1779646941833,PUT,109,4,benchKey_29_55,bytes=30;client_id=29;clients=50
1779646941836,PUT,105,4,benchKey_32_54,bytes=30;client_id=32;clients=50
1779646941837,PUT,105,4,benchKey_44_54,bytes=30;client_id=44;clients=50
1779646941841,PUT,108,4,benchKey_22_55,bytes=30;client_id=22;clients=50
1779646941841,PUT,107,4,benchKey_24_54,bytes=30;client_id=24;clients=50
1779646941842,PUT,108,4,benchKey_40_55,bytes=30;client_id=40;clients=50
1779646941847,PUT,113,4,benchKey_2_55,bytes=29;client_id=2;clients=50
1779646941848,PUT,111,4,benchKey_48_55,bytes=30;client_id=48;clients=50
1779646941849,PUT,109,4,benchKey_0_55,bytes=29;client_id=0;clients=50
1779646941853,PUT,113,4,benchKey_38_54,bytes=30;client_id=38;clients=50
1779646941855,PUT,107,4,benchKey_30_55,bytes=30;client_id=30;clients=50
1779646941860,PUT,107,4,benchKey_34_55,bytes=30;client_id=34;clients=50
1779646941861,PUT,112,4,benchKey_49_54,bytes=30;client_id=49;clients=50
1779646941863,PUT,108,4,benchKey_31_55,bytes=30;client_id=31;clients=50
1779646941864,PUT,111,4,benchKey_36_55,bytes=30;client_id=36;clients=50
1779646941865,PUT,109,4,benchKey_15_55,bytes=30;client_id=15;clients=50
1779646941868,PUT,107,4,benchKey_5_55,bytes=29;client_id=5;clients=50
1779646941868,PUT,107,4,benchKey_35_55,bytes=30;client_id=35;clients=50
1779646941868,PUT,105,4,benchKey_39_55,bytes=30;client_id=39;clients=50
1779646941870,PUT,103,4,benchKey_17_55,bytes=30;client_id=17;clients=50
1779646941874,PUT,107,4,benchKey_47_55,bytes=30;client_id=47;clients=50
1779646941878,PUT,105,4,benchKey_4_55,bytes=29;client_id=4;clients=50
1779646941879,PUT,106,4,benchKey_19_55,bytes=30;client_id=19;clients=50
1779646941883,PUT,107,4,benchKey_33_55,bytes=30;client_id=33;clients=50
1779646941884,PUT,109,4,benchKey_3_55,bytes=29;client_id=3;clients=50
1779646941885,PUT,107,4,benchKey_37_55,bytes=30;client_id=37;clients=50
1779646941891,PUT,113,4,benchKey_14_55,bytes=30;client_id=14;clients=50
1779646941891,PUT,109,4,benchKey_1_55,bytes=29;client_id=1;clients=50
1779646941891,PUT,112,4,benchKey_26_55,bytes=30;client_id=26;clients=50
1779646941896,PUT,114,4,benchKey_21_55,bytes=30;client_id=21;clients=50
1779646941897,PUT,107,4,benchKey_9_55,bytes=29;client_id=9;clients=50
1779646941905,PUT,113,4,benchKey_25_55,bytes=30;client_id=25;clients=50
1779646941905,PUT,110,4,benchKey_6_55,bytes=29;client_id=6;clients=50
1779646941906,PUT,109,4,benchKey_46_55,bytes=30;client_id=46;clients=50
1779646941907,PUT,108,4,benchKey_45_55,bytes=30;client_id=45;clients=50
1779646941907,PUT,102,4,benchKey_18_55,bytes=30;client_id=18;clients=50
1779646941908,PUT,110,4,benchKey_12_55,bytes=30;client_id=12;clients=50
1779646941910,PUT,105,4,benchKey_8_55,bytes=29;client_id=8;clients=50
1779646941910,PUT,103,4,benchKey_7_55,bytes=29;client_id=7;clients=50
1779646941913,PUT,104,4,benchKey_20_55,bytes=30;client_id=20;clients=50
1779646941917,PUT,108,4,benchKey_23_55,bytes=30;client_id=23;clients=50
1779646941921,PUT,103,4,benchKey_41_55,bytes=30;client_id=41;clients=50
1779646941921,PUT,104,4,benchKey_27_55,bytes=30;client_id=27;clients=50
1779646941925,PUT,106,4,benchKey_10_55,bytes=30;client_id=10;clients=50
1779646941926,PUT,104,4,benchKey_16_55,bytes=30;client_id=16;clients=50
1779646941926,PUT,106,4,benchKey_28_56,bytes=30;client_id=28;clients=50
1779646941933,PUT,111,4,benchKey_11_55,bytes=30;client_id=11;clients=50
1779646941933,PUT,108,4,benchKey_42_55,bytes=30;client_id=42;clients=50
1779646941933,PUT,110,4,benchKey_13_55,bytes=30;client_id=13;clients=50
1779646941939,PUT,114,4,benchKey_43_55,bytes=30;client_id=43;clients=50
1779646941939,PUT,106,4,benchKey_29_56,bytes=30;client_id=29;clients=50
1779646941946,PUT,110,4,benchKey_32_55,bytes=30;client_id=32;clients=50
1779646941946,PUT,109,4,benchKey_44_55,bytes=30;client_id=44;clients=50
1779646941947,PUT,105,4,benchKey_22_56,bytes=30;client_id=22;clients=50
1779646941948,PUT,105,4,benchKey_40_56,bytes=30;client_id=40;clients=50
1779646941949,PUT,107,4,benchKey_24_55,bytes=30;client_id=24;clients=50
1779646941949,PUT,101,4,benchKey_2_56,bytes=29;client_id=2;clients=50
1779646941951,PUT,101,4,benchKey_0_56,bytes=29;client_id=0;clients=50
1779646941951,PUT,102,4,benchKey_48_56,bytes=30;client_id=48;clients=50
1779646941954,PUT,100,4,benchKey_38_55,bytes=30;client_id=38;clients=50
1779646941959,PUT,103,4,benchKey_30_56,bytes=30;client_id=30;clients=50
1779646941962,PUT,99,4,benchKey_49_55,bytes=30;client_id=49;clients=50
1779646941962,PUT,101,4,benchKey_34_56,bytes=30;client_id=34;clients=50
1779646941967,PUT,103,4,benchKey_31_56,bytes=30;client_id=31;clients=50
1779646941967,PUT,102,4,benchKey_36_56,bytes=30;client_id=36;clients=50
1779646941968,PUT,102,4,benchKey_15_56,bytes=30;client_id=15;clients=50
1779646941976,PUT,107,4,benchKey_35_56,bytes=30;client_id=35;clients=50
1779646941976,PUT,107,4,benchKey_39_56,bytes=30;client_id=39;clients=50
1779646941976,PUT,107,4,benchKey_5_56,bytes=29;client_id=5;clients=50
1779646941980,PUT,110,4,benchKey_17_56,bytes=30;client_id=17;clients=50
1779646941981,PUT,107,4,benchKey_47_56,bytes=30;client_id=47;clients=50
1779646941989,PUT,109,4,benchKey_19_56,bytes=30;client_id=19;clients=50
1779646941989,PUT,110,4,benchKey_4_56,bytes=29;client_id=4;clients=50
1779646941990,PUT,105,4,benchKey_3_56,bytes=29;client_id=3;clients=50
1779646941990,PUT,107,4,benchKey_33_56,bytes=30;client_id=33;clients=50
1779646941991,PUT,105,4,benchKey_37_56,bytes=30;client_id=37;clients=50
1779646941991,PUT,99,4,benchKey_1_56,bytes=29;client_id=1;clients=50
1779646941993,PUT,101,4,benchKey_14_56,bytes=30;client_id=14;clients=50
1779646941993,PUT,101,4,benchKey_26_56,bytes=30;client_id=26;clients=50
1779646941995,PUT,99,4,benchKey_21_56,bytes=30;client_id=21;clients=50
1779646942000,PUT,102,4,benchKey_9_56,bytes=29;client_id=9;clients=50
1779646942004,PUT,99,4,benchKey_25_56,bytes=30;client_id=25;clients=50
1779646942005,PUT,99,4,benchKey_6_56,bytes=29;client_id=6;clients=50
1779646942010,PUT,103,4,benchKey_46_56,bytes=30;client_id=46;clients=50
1779646942010,PUT,102,4,benchKey_45_56,bytes=30;client_id=45;clients=50
1779646942010,PUT,103,4,benchKey_18_56,bytes=30;client_id=18;clients=50
1779646942019,PUT,108,4,benchKey_7_56,bytes=29;client_id=7;clients=50
1779646942019,PUT,108,4,benchKey_8_56,bytes=29;client_id=8;clients=50
1779646942019,PUT,110,4,benchKey_12_56,bytes=30;client_id=12;clients=50
1779646942023,PUT,110,4,benchKey_20_56,bytes=30;client_id=20;clients=50
1779646942024,PUT,107,4,benchKey_23_56,bytes=30;client_id=23;clients=50
1779646942032,PUT,111,4,benchKey_41_56,bytes=30;client_id=41;clients=50
1779646942033,PUT,111,4,benchKey_27_56,bytes=30;client_id=27;clients=50
1779646942034,PUT,108,4,benchKey_28_57,bytes=30;client_id=28;clients=50
1779646942034,PUT,101,4,benchKey_11_56,bytes=30;client_id=11;clients=50
1779646942034,PUT,109,4,benchKey_10_56,bytes=30;client_id=10;clients=50
1779646942035,PUT,108,4,benchKey_16_56,bytes=30;client_id=16;clients=50
1779646942036,PUT,103,4,benchKey_13_56,bytes=30;client_id=13;clients=50
1779646942037,PUT,103,4,benchKey_42_56,bytes=30;client_id=42;clients=50
1779646942039,PUT,99,4,benchKey_29_57,bytes=30;client_id=29;clients=50
1779646942043,PUT,103,4,benchKey_43_56,bytes=30;client_id=43;clients=50
1779646942046,PUT,100,4,benchKey_32_56,bytes=30;client_id=32;clients=50
1779646942047,PUT,101,4,benchKey_44_56,bytes=30;client_id=44;clients=50
1779646942053,PUT,105,4,benchKey_22_57,bytes=30;client_id=22;clients=50
1779646942053,PUT,104,4,benchKey_40_57,bytes=30;client_id=40;clients=50
1779646942054,PUT,104,4,benchKey_24_56,bytes=30;client_id=24;clients=50
1779646942062,PUT,112,4,benchKey_2_57,bytes=29;client_id=2;clients=50
1779646942062,PUT,110,4,benchKey_48_57,bytes=30;client_id=48;clients=50
1779646942062,PUT,111,4,benchKey_0_57,bytes=29;client_id=0;clients=50
1779646942065,PUT,111,4,benchKey_38_56,bytes=30;client_id=38;clients=50
1779646942068,PUT,109,4,benchKey_30_57,bytes=30;client_id=30;clients=50
1779646942076,PUT,113,4,benchKey_34_57,bytes=30;client_id=34;clients=50
1779646942077,PUT,101,4,benchKey_35_57,bytes=30;client_id=35;clients=50
1779646942077,PUT,115,4,benchKey_49_56,bytes=30;client_id=49;clients=50
1779646942078,PUT,110,4,benchKey_36_57,bytes=30;client_id=36;clients=50
1779646942078,PUT,110,4,benchKey_31_57,bytes=30;client_id=31;clients=50
1779646942079,PUT,110,4,benchKey_15_57,bytes=30;client_id=15;clients=50
1779646942079,PUT,103,4,benchKey_5_57,bytes=29;client_id=5;clients=50
1779646942080,PUT,104,4,benchKey_39_57,bytes=30;client_id=39;clients=50
1779646942082,PUT,102,4,benchKey_17_57,bytes=30;client_id=17;clients=50
1779646942086,PUT,104,4,benchKey_47_57,bytes=30;client_id=47;clients=50
1779646942090,PUT,100,4,benchKey_19_57,bytes=30;client_id=19;clients=50
1779646942091,PUT,101,4,benchKey_4_57,bytes=29;client_id=4;clients=50
1779646942096,PUT,105,4,benchKey_33_57,bytes=30;client_id=33;clients=50
1779646942097,PUT,105,4,benchKey_37_57,bytes=30;client_id=37;clients=50
1779646942097,PUT,106,4,benchKey_3_57,bytes=29;client_id=3;clients=50
1779646942104,PUT,113,4,benchKey_1_57,bytes=29;client_id=1;clients=50
1779646942104,PUT,111,4,benchKey_14_57,bytes=30;client_id=14;clients=50
1779646942106,PUT,112,4,benchKey_26_57,bytes=30;client_id=26;clients=50
1779646942109,PUT,113,4,benchKey_21_57,bytes=30;client_id=21;clients=50
1779646942112,PUT,111,4,benchKey_9_57,bytes=29;client_id=9;clients=50
1779646942119,PUT,114,4,benchKey_25_57,bytes=30;client_id=25;clients=50
1779646942121,PUT,110,4,benchKey_18_57,bytes=30;client_id=18;clients=50
1779646942121,PUT,116,4,benchKey_6_57,bytes=29;client_id=6;clients=50
1779646942122,PUT,112,4,benchKey_45_57,bytes=30;client_id=45;clients=50
1779646942122,PUT,103,4,benchKey_7_57,bytes=29;client_id=7;clients=50
1779646942123,PUT,113,4,benchKey_46_57,bytes=30;client_id=46;clients=50
1779646942124,PUT,104,4,benchKey_12_57,bytes=30;client_id=12;clients=50
1779646942124,PUT,105,4,benchKey_8_57,bytes=29;client_id=8;clients=50
1779646942125,PUT,101,4,benchKey_20_57,bytes=30;client_id=20;clients=50
1779646942128,PUT,103,4,benchKey_23_57,bytes=30;client_id=23;clients=50
1779646942133,PUT,99,4,benchKey_27_57,bytes=30;client_id=27;clients=50
1779646942134,PUT,100,4,benchKey_41_57,bytes=30;client_id=41;clients=50
1779646942139,PUT,104,4,benchKey_28_58,bytes=30;client_id=28;clients=50
1779646942142,PUT,107,4,benchKey_10_57,bytes=30;client_id=10;clients=50
1779646942144,PUT,110,4,benchKey_11_57,bytes=30;client_id=11;clients=50
1779646942149,PUT,112,4,benchKey_42_57,bytes=30;client_id=42;clients=50
1779646942152,PUT,113,4,benchKey_29_58,bytes=30;client_id=29;clients=50
1779646942154,PUT,118,4,benchKey_16_57,bytes=30;client_id=16;clients=50
1779646942155,PUT,112,4,benchKey_43_57,bytes=30;client_id=43;clients=50
1779646942159,PUT,122,4,benchKey_13_57,bytes=30;client_id=13;clients=50
1779646942161,PUT,114,4,benchKey_32_57,bytes=30;client_id=32;clients=50
1779646942166,PUT,118,4,benchKey_44_57,bytes=30;client_id=44;clients=50
1779646942167,PUT,114,4,benchKey_22_58,bytes=30;client_id=22;clients=50
1779646942168,PUT,105,4,benchKey_0_58,bytes=29;client_id=0;clients=50
1779646942168,PUT,115,4,benchKey_40_58,bytes=30;client_id=40;clients=50
1779646942168,PUT,106,4,benchKey_48_58,bytes=30;client_id=48;clients=50
1779646942170,PUT,104,4,benchKey_38_57,bytes=30;client_id=38;clients=50
1779646942171,PUT,117,4,benchKey_24_57,bytes=30;client_id=24;clients=50
1779646942172,PUT,110,4,benchKey_2_58,bytes=29;client_id=2;clients=50
1779646942174,PUT,105,4,benchKey_30_58,bytes=30;client_id=30;clients=50
1779646942178,PUT,100,4,benchKey_35_58,bytes=30;client_id=35;clients=50
1779646942179,PUT,103,4,benchKey_34_58,bytes=30;client_id=34;clients=50
1779646942182,PUT,105,4,benchKey_49_57,bytes=30;client_id=49;clients=50
1779646942189,PUT,110,4,benchKey_31_58,bytes=30;client_id=31;clients=50
1779646942189,PUT,111,4,benchKey_36_58,bytes=30;client_id=36;clients=50
1779646942191,PUT,112,4,benchKey_15_58,bytes=30;client_id=15;clients=50
1779646942196,PUT,115,4,benchKey_39_58,bytes=30;client_id=39;clients=50
1779646942198,PUT,115,4,benchKey_17_58,bytes=30;client_id=17;clients=50
1779646942199,PUT,119,4,benchKey_5_58,bytes=29;client_id=5;clients=50
1779646942207,PUT,117,4,benchKey_19_58,bytes=30;client_id=19;clients=50
1779646942210,PUT,113,4,benchKey_3_58,bytes=29;client_id=3;clients=50
1779646942210,PUT,124,4,benchKey_47_58,bytes=30;client_id=47;clients=50
1779646942210,PUT,113,4,benchKey_37_58,bytes=30;client_id=37;clients=50
1779646942211,PUT,106,4,benchKey_1_58,bytes=29;client_id=1;clients=50
1779646942212,PUT,107,4,benchKey_14_58,bytes=30;client_id=14;clients=50
1779646942213,PUT,122,4,benchKey_4_58,bytes=29;client_id=4;clients=50
1779646942215,PUT,109,4,benchKey_26_58,bytes=30;client_id=26;clients=50
1779646942215,PUT,106,4,benchKey_21_58,bytes=30;client_id=21;clients=50
1779646942215,PUT,119,4,benchKey_33_58,bytes=30;client_id=33;clients=50
1779646942218,PUT,106,4,benchKey_9_58,bytes=29;client_id=9;clients=50
1779646942220,PUT,101,4,benchKey_25_58,bytes=30;client_id=25;clients=50
1779646942225,PUT,104,4,benchKey_6_58,bytes=29;client_id=6;clients=50
1779646942228,PUT,107,4,benchKey_18_58,bytes=30;client_id=18;clients=50
1779646942231,PUT,108,4,benchKey_7_58,bytes=29;client_id=7;clients=50
1779646942231,PUT,108,4,benchKey_45_58,bytes=30;client_id=45;clients=50
1779646942233,PUT,109,4,benchKey_46_58,bytes=30;client_id=46;clients=50
1779646942238,PUT,114,4,benchKey_12_58,bytes=30;client_id=12;clients=50
1779646942239,PUT,114,4,benchKey_8_58,bytes=29;client_id=8;clients=50
1779646942240,PUT,114,4,benchKey_20_58,bytes=30;client_id=20;clients=50
1779646942249,PUT,120,4,benchKey_23_58,bytes=30;client_id=23;clients=50
1779646942252,PUT,118,4,benchKey_41_58,bytes=30;client_id=41;clients=50
1779646942252,PUT,119,4,benchKey_27_58,bytes=30;client_id=27;clients=50
1779646942252,PUT,109,4,benchKey_10_58,bytes=30;client_id=10;clients=50
1779646942253,PUT,113,4,benchKey_28_59,bytes=30;client_id=28;clients=50
1779646942255,PUT,109,4,benchKey_11_58,bytes=30;client_id=11;clients=50
1779646942255,PUT,105,4,benchKey_42_58,bytes=30;client_id=42;clients=50
1779646942257,PUT,101,4,benchKey_43_58,bytes=30;client_id=43;clients=50
1779646942257,PUT,103,4,benchKey_16_58,bytes=30;client_id=16;clients=50
1779646942257,PUT,104,4,benchKey_29_59,bytes=30;client_id=29;clients=50
1779646942260,PUT,96,4,benchKey_13_58,bytes=30;client_id=13;clients=50
1779646942262,PUT,98,4,benchKey_32_58,bytes=30;client_id=32;clients=50
1779646942266,PUT,99,4,benchKey_44_58,bytes=30;client_id=44;clients=50
1779646942270,PUT,102,4,benchKey_22_59,bytes=30;client_id=22;clients=50
1779646942273,PUT,104,4,benchKey_0_59,bytes=29;client_id=0;clients=50
1779646942274,PUT,105,4,benchKey_40_59,bytes=30;client_id=40;clients=50
1779646942274,PUT,105,4,benchKey_48_59,bytes=30;client_id=48;clients=50
1779646942279,PUT,108,4,benchKey_38_58,bytes=30;client_id=38;clients=50
1779646942280,PUT,108,4,benchKey_24_58,bytes=30;client_id=24;clients=50
1779646942282,PUT,109,4,benchKey_2_59,bytes=29;client_id=2;clients=50
1779646942291,PUT,115,4,benchKey_30_59,bytes=30;client_id=30;clients=50
1779646942293,PUT,114,4,benchKey_35_59,bytes=30;client_id=35;clients=50
1779646942294,PUT,105,4,benchKey_31_59,bytes=30;client_id=31;clients=50
1779646942294,PUT,111,4,benchKey_34_59,bytes=30;client_id=34;clients=50
1779646942295,PUT,112,4,benchKey_49_58,bytes=30;client_id=49;clients=50
1779646942297,PUT,105,4,benchKey_15_59,bytes=30;client_id=15;clients=50
1779646942297,PUT,107,4,benchKey_36_59,bytes=30;client_id=36;clients=50
1779646942298,PUT,99,4,benchKey_17_59,bytes=30;client_id=17;clients=50
1779646942298,PUT,101,4,benchKey_39_59,bytes=30;client_id=39;clients=50
1779646942298,PUT,98,4,benchKey_5_59,bytes=29;client_id=5;clients=50
1779646942302,PUT,94,4,benchKey_19_59,bytes=30;client_id=19;clients=50
1779646942303,PUT,92,4,benchKey_3_59,bytes=29;client_id=3;clients=50
1779646942307,PUT,96,4,benchKey_47_59,bytes=30;client_id=47;clients=50
1779646942312,PUT,101,4,benchKey_37_59,bytes=30;client_id=37;clients=50
1779646942314,PUT,102,4,benchKey_1_59,bytes=29;client_id=1;clients=50
1779646942316,PUT,103,4,benchKey_14_59,bytes=30;client_id=14;clients=50
1779646942316,PUT,103,4,benchKey_4_59,bytes=29;client_id=4;clients=50
1779646942321,PUT,105,4,benchKey_26_59,bytes=30;client_id=26;clients=50
1779646942321,PUT,105,4,benchKey_21_59,bytes=30;client_id=21;clients=50
1779646942323,PUT,107,4,benchKey_33_59,bytes=30;client_id=33;clients=50
1779646942333,PUT,114,4,benchKey_9_59,bytes=29;client_id=9;clients=50
1779646942334,PUT,113,4,benchKey_25_59,bytes=30;client_id=25;clients=50
1779646942336,PUT,107,4,benchKey_18_59,bytes=30;client_id=18;clients=50
1779646942336,PUT,104,4,benchKey_7_59,bytes=29;client_id=7;clients=50
1779646942336,PUT,110,4,benchKey_6_59,bytes=29;client_id=6;clients=50
1779646942338,PUT,106,4,benchKey_45_59,bytes=30;client_id=45;clients=50
1779646942338,PUT,104,4,benchKey_46_59,bytes=30;client_id=46;clients=50
1779646942339,PUT,100,4,benchKey_8_59,bytes=29;client_id=8;clients=50
1779646942339,PUT,101,4,benchKey_12_59,bytes=30;client_id=12;clients=50
1779646942340,PUT,99,4,benchKey_20_59,bytes=30;client_id=20;clients=50
1779646942344,PUT,92,4,benchKey_41_59,bytes=30;client_id=41;clients=50
1779646942344,PUT,94,4,benchKey_23_59,bytes=30;client_id=23;clients=50
1779646942348,PUT,95,4,benchKey_27_59,bytes=30;client_id=27;clients=50
1779646942354,PUT,101,4,benchKey_10_59,bytes=30;client_id=10;clients=50
1779646942355,PUT,102,4,benchKey_28_60,bytes=30;client_id=28;clients=50
1779646942358,PUT,102,4,benchKey_11_59,bytes=30;client_id=11;clients=50
1779646942359,PUT,103,4,benchKey_42_59,bytes=30;client_id=42;clients=50
1779646942362,PUT,104,4,benchKey_16_59,bytes=30;client_id=16;clients=50
1779646942362,PUT,104,4,benchKey_29_60,bytes=30;client_id=29;clients=50
1779646942364,PUT,106,4,benchKey_43_59,bytes=30;client_id=43;clients=50
1779646942375,PUT,113,4,benchKey_32_59,bytes=30;client_id=32;clients=50
1779646942375,PUT,114,4,benchKey_13_59,bytes=30;client_id=13;clients=50
1779646942377,PUT,103,4,benchKey_0_60,bytes=29;client_id=0;clients=50
1779646942379,PUT,113,4,benchKey_44_59,bytes=30;client_id=44;clients=50
1779646942379,PUT,109,4,benchKey_22_60,bytes=30;client_id=22;clients=50
1779646942380,PUT,105,4,benchKey_40_60,bytes=30;client_id=40;clients=50
1779646942380,PUT,105,4,benchKey_48_60,bytes=30;client_id=48;clients=50
1779646942381,PUT,100,4,benchKey_24_59,bytes=30;client_id=24;clients=50
1779646942381,PUT,102,4,benchKey_38_59,bytes=30;client_id=38;clients=50
1779646942381,PUT,99,4,benchKey_2_60,bytes=29;client_id=2;clients=50
1779646942386,PUT,94,4,benchKey_30_60,bytes=30;client_id=30;clients=50
1779646942386,PUT,93,4,benchKey_35_60,bytes=30;client_id=35;clients=50
1779646942389,PUT,94,4,benchKey_31_60,bytes=30;client_id=31;clients=50
1779646942396,PUT,101,4,benchKey_34_60,bytes=30;client_id=34;clients=50
1779646942397,PUT,101,4,benchKey_49_59,bytes=30;client_id=49;clients=50
1779646942400,PUT,102,4,benchKey_36_60,bytes=30;client_id=36;clients=50
1779646942401,PUT,103,4,benchKey_15_60,bytes=30;client_id=15;clients=50
1779646942403,PUT,104,4,benchKey_39_60,bytes=30;client_id=39;clients=50
1779646942403,PUT,104,4,benchKey_17_60,bytes=30;client_id=17;clients=50
1779646942405,PUT,106,4,benchKey_5_60,bytes=29;client_id=5;clients=50
1779646942416,PUT,113,4,benchKey_19_60,bytes=30;client_id=19;clients=50
1779646942417,PUT,113,4,benchKey_3_60,bytes=29;client_id=3;clients=50
1779646942418,PUT,110,4,benchKey_47_60,bytes=30;client_id=47;clients=50
1779646942421,PUT,104,4,benchKey_14_60,bytes=30;client_id=14;clients=50
1779646942421,PUT,109,4,benchKey_37_60,bytes=30;client_id=37;clients=50
1779646942421,PUT,107,4,benchKey_1_60,bytes=29;client_id=1;clients=50
1779646942423,PUT,100,4,benchKey_33_60,bytes=30;client_id=33;clients=50
1779646942423,PUT,101,4,benchKey_26_60,bytes=30;client_id=26;clients=50
1779646942424,PUT,107,4,benchKey_4_60,bytes=29;client_id=4;clients=50
1779646942424,PUT,102,4,benchKey_21_60,bytes=30;client_id=21;clients=50
1779646942427,PUT,92,4,benchKey_25_60,bytes=30;client_id=25;clients=50
1779646942427,PUT,93,4,benchKey_9_60,bytes=29;client_id=9;clients=50
1779646942430,PUT,93,4,benchKey_7_60,bytes=29;client_id=7;clients=50
1779646942438,PUT,101,4,benchKey_6_60,bytes=29;client_id=6;clients=50
1779646942439,PUT,102,4,benchKey_18_60,bytes=30;client_id=18;clients=50
1779646942441,PUT,102,4,benchKey_45_60,bytes=30;client_id=45;clients=50
1779646942442,PUT,103,4,benchKey_46_60,bytes=30;client_id=46;clients=50
1779646942444,PUT,104,4,benchKey_12_60,bytes=30;client_id=12;clients=50
1779646942444,PUT,104,4,benchKey_8_60,bytes=29;client_id=8;clients=50
1779646942446,PUT,105,4,benchKey_20_60,bytes=30;client_id=20;clients=50
1779646942458,PUT,113,4,benchKey_41_60,bytes=30;client_id=41;clients=50
1779646942458,PUT,113,4,benchKey_23_60,bytes=30;client_id=23;clients=50
1779646942459,PUT,110,4,benchKey_27_60,bytes=30;client_id=27;clients=50
1779646942464,PUT,106,4,benchKey_11_60,bytes=30;client_id=11;clients=50
1779646942464,PUT,109,4,benchKey_28_61,bytes=30;client_id=28;clients=50
1779646942464,PUT,110,4,benchKey_10_60,bytes=30;client_id=10;clients=50
1779646942465,PUT,103,4,benchKey_29_61,bytes=30;client_id=29;clients=50
1779646942465,PUT,106,4,benchKey_42_60,bytes=30;client_id=42;clients=50
1779646942466,PUT,101,4,benchKey_43_60,bytes=30;client_id=43;clients=50
1779646942466,PUT,104,4,benchKey_16_60,bytes=30;client_id=16;clients=50
1779646942468,PUT,92,4,benchKey_32_60,bytes=30;client_id=32;clients=50
1779646942468,PUT,92,4,benchKey_13_60,bytes=30;client_id=13;clients=50
1779646942471,PUT,93,4,benchKey_0_61,bytes=29;client_id=0;clients=50
1779646942480,PUT,100,4,benchKey_22_61,bytes=30;client_id=22;clients=50
1779646942480,PUT,101,4,benchKey_44_60,bytes=30;client_id=44;clients=50
1779646942483,PUT,102,4,benchKey_48_61,bytes=30;client_id=48;clients=50
1779646942483,PUT,102,4,benchKey_40_61,bytes=30;client_id=40;clients=50
1779646942486,PUT,105,4,benchKey_24_60,bytes=30;client_id=24;clients=50
1779646942486,PUT,104,4,benchKey_38_60,bytes=30;client_id=38;clients=50
1779646942488,PUT,106,4,benchKey_2_61,bytes=29;client_id=2;clients=50
1779646942501,PUT,115,4,benchKey_35_61,bytes=30;client_id=35;clients=50
1779646942501,PUT,115,4,benchKey_30_61,bytes=30;client_id=30;clients=50
1779646942501,PUT,112,4,benchKey_31_61,bytes=30;client_id=31;clients=50
1779646942506,PUT,109,4,benchKey_49_60,bytes=30;client_id=49;clients=50
1779646942506,PUT,106,4,benchKey_36_61,bytes=30;client_id=36;clients=50
1779646942507,PUT,104,4,benchKey_39_61,bytes=30;client_id=39;clients=50
1779646942507,PUT,104,4,benchKey_17_61,bytes=30;client_id=17;clients=50
1779646942507,PUT,106,4,benchKey_15_61,bytes=30;client_id=15;clients=50
1779646942508,PUT,111,4,benchKey_34_61,bytes=30;client_id=34;clients=50
1779646942508,PUT,103,4,benchKey_5_61,bytes=29;client_id=5;clients=50
1779646942510,PUT,93,4,benchKey_3_61,bytes=29;client_id=3;clients=50
1779646942510,PUT,94,4,benchKey_19_61,bytes=30;client_id=19;clients=50
1779646942513,PUT,95,4,benchKey_47_61,bytes=30;client_id=47;clients=50
1779646942522,PUT,100,4,benchKey_14_61,bytes=30;client_id=14;clients=50
1779646942522,PUT,100,4,benchKey_37_61,bytes=30;client_id=37;clients=50
1779646942524,PUT,102,4,benchKey_1_61,bytes=29;client_id=1;clients=50
1779646942525,PUT,101,4,benchKey_33_61,bytes=30;client_id=33;clients=50
1779646942528,PUT,105,4,benchKey_26_61,bytes=30;client_id=26;clients=50
1779646942529,PUT,105,4,benchKey_4_61,bytes=29;client_id=4;clients=50
1779646942530,PUT,105,4,benchKey_21_61,bytes=30;client_id=21;clients=50
1779646942543,PUT,116,4,benchKey_25_61,bytes=30;client_id=25;clients=50
1779646942543,PUT,116,4,benchKey_9_61,bytes=29;client_id=9;clients=50
1779646942543,PUT,113,4,benchKey_7_61,bytes=29;client_id=7;clients=50
1779646942547,PUT,108,4,benchKey_6_61,bytes=29;client_id=6;clients=50
1779646942547,PUT,107,4,benchKey_18_61,bytes=30;client_id=18;clients=50
1779646942549,PUT,104,4,benchKey_8_61,bytes=29;client_id=8;clients=50
1779646942549,PUT,106,4,benchKey_46_61,bytes=30;client_id=46;clients=50
1779646942550,PUT,105,4,benchKey_12_61,bytes=30;client_id=12;clients=50
1779646942550,PUT,108,4,benchKey_45_61,bytes=30;client_id=45;clients=50
1779646942551,PUT,104,4,benchKey_20_61,bytes=30;client_id=20;clients=50
1779646942552,PUT,93,4,benchKey_41_61,bytes=30;client_id=41;clients=50
1779646942552,PUT,93,4,benchKey_23_61,bytes=30;client_id=23;clients=50
1779646942555,PUT,96,4,benchKey_27_61,bytes=30;client_id=27;clients=50
1779646942564,PUT,99,4,benchKey_11_61,bytes=30;client_id=11;clients=50
1779646942564,PUT,99,4,benchKey_28_62,bytes=30;client_id=28;clients=50
1779646942565,PUT,99,4,benchKey_10_61,bytes=30;client_id=10;clients=50
1779646942566,PUT,100,4,benchKey_29_62,bytes=30;client_id=29;clients=50
1779646942570,PUT,104,4,benchKey_42_61,bytes=30;client_id=42;clients=50
1779646942571,PUT,105,4,benchKey_43_61,bytes=30;client_id=43;clients=50
1779646942571,PUT,104,4,benchKey_16_61,bytes=30;client_id=16;clients=50
1779646942585,PUT,117,4,benchKey_32_61,bytes=30;client_id=32;clients=50
1779646942585,PUT,114,4,benchKey_0_62,bytes=29;client_id=0;clients=50
1779646942585,PUT,117,4,benchKey_13_61,bytes=30;client_id=13;clients=50
1779646942588,PUT,107,4,benchKey_22_62,bytes=30;client_id=22;clients=50
1779646942588,PUT,107,4,benchKey_44_61,bytes=30;client_id=44;clients=50
1779646942590,PUT,106,4,benchKey_40_62,bytes=30;client_id=40;clients=50
1779646942590,PUT,106,4,benchKey_48_62,bytes=30;client_id=48;clients=50
1779646942591,PUT,104,4,benchKey_24_61,bytes=30;client_id=24;clients=50
1779646942591,PUT,104,4,benchKey_38_61,bytes=30;client_id=38;clients=50
1779646942593,PUT,105,4,benchKey_2_62,bytes=29;client_id=2;clients=50
1779646942594,PUT,92,4,benchKey_30_62,bytes=30;client_id=30;clients=50
1779646942594,PUT,92,4,benchKey_35_62,bytes=30;client_id=35;clients=50
1779646942596,PUT,94,4,benchKey_31_62,bytes=30;client_id=31;clients=50
1779646942606,PUT,100,4,benchKey_49_61,bytes=30;client_id=49;clients=50
1779646942607,PUT,99,4,benchKey_17_62,bytes=30;client_id=17;clients=50
1779646942607,PUT,101,4,benchKey_36_62,bytes=30;client_id=36;clients=50
1779646942607,PUT,100,4,benchKey_39_62,bytes=30;client_id=39;clients=50
1779646942612,PUT,103,4,benchKey_5_62,bytes=29;client_id=5;clients=50
1779646942612,PUT,104,4,benchKey_15_62,bytes=30;client_id=15;clients=50
1779646942612,PUT,104,4,benchKey_34_62,bytes=30;client_id=34;clients=50
1779646942628,PUT,117,4,benchKey_19_62,bytes=30;client_id=19;clients=50
1779646942628,PUT,115,4,benchKey_47_62,bytes=30;client_id=47;clients=50
1779646942628,PUT,117,4,benchKey_3_62,bytes=29;client_id=3;clients=50
1779646942629,PUT,106,4,benchKey_37_62,bytes=30;client_id=37;clients=50
1779646942629,PUT,106,4,benchKey_14_62,bytes=30;client_id=14;clients=50
1779646942631,PUT,105,4,benchKey_33_62,bytes=30;client_id=33;clients=50
1779646942631,PUT,106,4,benchKey_1_62,bytes=29;client_id=1;clients=50
1779646942632,PUT,103,4,benchKey_26_62,bytes=30;client_id=26;clients=50
1779646942632,PUT,102,4,benchKey_4_62,bytes=29;client_id=4;clients=50
1779646942634,PUT,104,4,benchKey_21_62,bytes=30;client_id=21;clients=50
1779646942635,PUT,91,4,benchKey_9_62,bytes=29;client_id=9;clients=50
1779646942635,PUT,92,4,benchKey_25_62,bytes=30;client_id=25;clients=50
1779646942638,PUT,94,4,benchKey_7_62,bytes=29;client_id=7;clients=50
1779646942649,PUT,100,4,benchKey_46_62,bytes=30;client_id=46;clients=50
1779646942649,PUT,102,4,benchKey_6_62,bytes=29;client_id=6;clients=50
1779646942649,PUT,100,4,benchKey_8_62,bytes=29;client_id=8;clients=50
1779646942649,PUT,102,4,benchKey_18_62,bytes=30;client_id=18;clients=50
1779646942654,PUT,103,4,benchKey_20_62,bytes=30;client_id=20;clients=50
1779646942654,PUT,104,4,benchKey_45_62,bytes=30;client_id=45;clients=50
1779646942654,PUT,104,4,benchKey_12_62,bytes=30;client_id=12;clients=50
1779646942670,PUT,106,4,benchKey_11_62,bytes=30;client_id=11;clients=50
1779646942671,PUT,116,4,benchKey_27_62,bytes=30;client_id=27;clients=50
1779646942671,PUT,119,4,benchKey_41_62,bytes=30;client_id=41;clients=50
1779646942671,PUT,119,4,benchKey_23_62,bytes=30;client_id=23;clients=50
1779646942671,PUT,107,4,benchKey_28_63,bytes=30;client_id=28;clients=50
1779646942672,PUT,107,4,benchKey_10_62,bytes=30;client_id=10;clients=50
1779646942672,PUT,106,4,benchKey_29_63,bytes=30;client_id=29;clients=50
1779646942673,PUT,102,4,benchKey_42_62,bytes=30;client_id=42;clients=50
1779646942673,PUT,102,4,benchKey_43_62,bytes=30;client_id=43;clients=50
1779646942675,PUT,104,4,benchKey_16_62,bytes=30;client_id=16;clients=50
1779646942677,PUT,91,4,benchKey_0_63,bytes=29;client_id=0;clients=50
1779646942677,PUT,92,4,benchKey_32_62,bytes=30;client_id=32;clients=50
1779646942680,PUT,94,4,benchKey_13_62,bytes=30;client_id=13;clients=50
1779646942691,PUT,101,4,benchKey_40_63,bytes=30;client_id=40;clients=50
1779646942691,PUT,101,4,benchKey_48_63,bytes=30;client_id=48;clients=50
1779646942692,PUT,103,4,benchKey_22_63,bytes=30;client_id=22;clients=50
1779646942692,PUT,103,4,benchKey_44_62,bytes=30;client_id=44;clients=50
1779646942696,PUT,105,4,benchKey_24_62,bytes=30;client_id=24;clients=50
1779646942696,PUT,103,4,benchKey_2_63,bytes=29;client_id=2;clients=50
1779646942697,PUT,106,4,benchKey_38_62,bytes=30;client_id=38;clients=50
1779646942712,PUT,117,4,benchKey_30_63,bytes=30;client_id=30;clients=50
1779646942713,PUT,106,4,benchKey_36_63,bytes=30;client_id=36;clients=50
1779646942713,PUT,106,4,benchKey_39_63,bytes=30;client_id=39;clients=50
1779646942714,PUT,107,4,benchKey_49_62,bytes=30;client_id=49;clients=50
1779646942713,PUT,117,4,benchKey_31_63,bytes=30;client_id=31;clients=50
1779646942714,PUT,119,4,benchKey_35_63,bytes=30;client_id=35;clients=50
1779646942714,PUT,106,4,benchKey_17_63,bytes=30;client_id=17;clients=50
1779646942714,PUT,102,4,benchKey_5_63,bytes=29;client_id=5;clients=50
1779646942715,PUT,103,4,benchKey_15_63,bytes=30;client_id=15;clients=50
1779646942716,PUT,103,4,benchKey_34_63,bytes=30;client_id=34;clients=50
1779646942720,PUT,91,4,benchKey_19_63,bytes=30;client_id=19;clients=50
1779646942720,PUT,91,4,benchKey_3_63,bytes=29;client_id=3;clients=50
1779646942721,PUT,92,4,benchKey_47_63,bytes=30;client_id=47;clients=50
1779646942734,PUT,105,4,benchKey_37_63,bytes=30;client_id=37;clients=50
1779646942734,PUT,105,4,benchKey_14_63,bytes=30;client_id=14;clients=50
1779646942734,PUT,103,4,benchKey_1_63,bytes=29;client_id=1;clients=50
1779646942734,PUT,103,4,benchKey_33_63,bytes=30;client_id=33;clients=50
1779646942737,PUT,104,4,benchKey_26_63,bytes=30;client_id=26;clients=50
1779646942737,PUT,104,4,benchKey_4_63,bytes=29;client_id=4;clients=50
1779646942739,PUT,104,4,benchKey_21_63,bytes=30;client_id=21;clients=50
1779646942755,PUT,116,4,benchKey_7_63,bytes=29;client_id=7;clients=50
1779646942755,PUT,119,4,benchKey_9_63,bytes=29;client_id=9;clients=50
1779646942756,PUT,106,4,benchKey_18_63,bytes=30;client_id=18;clients=50
1779646942756,PUT,106,4,benchKey_8_63,bytes=29;client_id=8;clients=50
1779646942756,PUT,120,4,benchKey_25_63,bytes=30;client_id=25;clients=50
1779646942756,PUT,106,4,benchKey_46_63,bytes=30;client_id=46;clients=50
1779646942756,PUT,102,4,benchKey_20_63,bytes=30;client_id=20;clients=50
1779646942756,PUT,107,4,benchKey_6_63,bytes=29;client_id=6;clients=50
1779646942758,PUT,103,4,benchKey_12_63,bytes=30;client_id=12;clients=50
1779646942758,PUT,103,4,benchKey_45_63,bytes=30;client_id=45;clients=50
1779646942761,PUT,90,4,benchKey_11_63,bytes=30;client_id=11;clients=50
1779646942762,PUT,90,4,benchKey_27_63,bytes=30;client_id=27;clients=50
1779646942763,PUT,91,4,benchKey_41_63,bytes=30;client_id=41;clients=50
1779646942776,PUT,104,4,benchKey_29_64,bytes=30;client_id=29;clients=50
1779646942777,PUT,105,4,benchKey_28_64,bytes=30;client_id=28;clients=50
1779646942777,PUT,105,4,benchKey_23_63,bytes=30;client_id=23;clients=50
1779646942777,PUT,104,4,benchKey_10_63,bytes=30;client_id=10;clients=50
1779646942779,PUT,105,4,benchKey_42_63,bytes=30;client_id=42;clients=50
1779646942779,PUT,105,4,benchKey_43_63,bytes=30;client_id=43;clients=50
1779646942780,PUT,104,4,benchKey_16_63,bytes=30;client_id=16;clients=50
1779646942797,PUT,106,4,benchKey_40_64,bytes=30;client_id=40;clients=50
1779646942798,PUT,120,4,benchKey_32_63,bytes=30;client_id=32;clients=50
1779646942798,PUT,120,4,benchKey_0_64,bytes=29;client_id=0;clients=50
1779646942798,PUT,118,4,benchKey_13_63,bytes=30;client_id=13;clients=50
1779646942798,PUT,102,4,benchKey_24_63,bytes=30;client_id=24;clients=50
1779646942798,PUT,106,4,benchKey_44_63,bytes=30;client_id=44;clients=50
1779646942799,PUT,107,4,benchKey_48_64,bytes=30;client_id=48;clients=50
1779646942799,PUT,107,4,benchKey_22_64,bytes=30;client_id=22;clients=50
1779646942799,PUT,102,4,benchKey_2_64,bytes=29;client_id=2;clients=50
1779646942800,PUT,102,4,benchKey_38_63,bytes=30;client_id=38;clients=50
1779646942802,PUT,89,4,benchKey_30_64,bytes=30;client_id=30;clients=50
1779646942804,PUT,90,4,benchKey_31_64,bytes=30;client_id=31;clients=50
1779646942804,PUT,90,4,benchKey_39_64,bytes=30;client_id=39;clients=50
1779646942819,PUT,104,4,benchKey_49_63,bytes=30;client_id=49;clients=50
1779646942819,PUT,104,4,benchKey_35_64,bytes=30;client_id=35;clients=50
1779646942819,PUT,105,4,benchKey_17_64,bytes=30;client_id=17;clients=50
1779646942820,PUT,106,4,benchKey_36_64,bytes=30;client_id=36;clients=50
1779646942821,PUT,105,4,benchKey_15_64,bytes=30;client_id=15;clients=50
1779646942822,PUT,107,4,benchKey_5_64,bytes=29;client_id=5;clients=50
1779646942822,PUT,106,4,benchKey_34_64,bytes=30;client_id=34;clients=50
1779646942841,PUT,121,4,benchKey_3_64,bytes=29;client_id=3;clients=50
1779646942841,PUT,107,4,benchKey_1_64,bytes=29;client_id=1;clients=50
1779646942841,PUT,121,4,benchKey_19_64,bytes=30;client_id=19;clients=50
1779646942841,PUT,120,4,benchKey_47_64,bytes=30;client_id=47;clients=50
1779646942843,PUT,108,4,benchKey_33_64,bytes=30;client_id=33;clients=50
1779646942843,PUT,105,4,benchKey_26_64,bytes=30;client_id=26;clients=50
1779646942847,PUT,90,4,benchKey_18_64,bytes=30;client_id=18;clients=50
1779646942842,PUT,107,4,benchKey_14_64,bytes=30;client_id=14;clients=50
1779646942842,PUT,107,4,benchKey_37_64,bytes=30;client_id=37;clients=50
1779646942844,PUT,89,4,benchKey_7_64,bytes=29;client_id=7;clients=50
1779646942844,PUT,105,4,benchKey_21_64,bytes=30;client_id=21;clients=50
1779646942848,PUT,92,4,benchKey_9_64,bytes=29;client_id=9;clients=50
1779646942843,PUT,106,4,benchKey_4_64,bytes=29;client_id=4;clients=50
1779646942861,PUT,104,4,benchKey_25_64,bytes=30;client_id=25;clients=50
1779646942861,PUT,104,4,benchKey_46_64,bytes=30;client_id=46;clients=50
1779646942861,PUT,105,4,benchKey_8_64,bytes=29;client_id=8;clients=50
1779646942862,PUT,105,4,benchKey_6_64,bytes=29;client_id=6;clients=50
1779646942863,PUT,106,4,benchKey_20_64,bytes=30;client_id=20;clients=50
1779646942863,PUT,105,4,benchKey_12_64,bytes=30;client_id=12;clients=50
1779646942864,PUT,106,4,benchKey_45_64,bytes=30;client_id=45;clients=50
1779646942885,PUT,124,4,benchKey_11_64,bytes=30;client_id=11;clients=50
1779646942886,PUT,124,4,benchKey_27_64,bytes=30;client_id=27;clients=50
1779646942886,PUT,109,4,benchKey_29_65,bytes=30;client_id=29;clients=50
1779646942887,PUT,124,4,benchKey_41_64,bytes=30;client_id=41;clients=50
1779646942887,PUT,110,4,benchKey_28_65,bytes=30;client_id=28;clients=50
1779646942887,PUT,110,4,benchKey_10_64,bytes=30;client_id=10;clients=50
1779646942887,PUT,89,4,benchKey_40_65,bytes=30;client_id=40;clients=50
1779646942887,PUT,108,4,benchKey_43_64,bytes=30;client_id=43;clients=50
1779646942887,PUT,107,4,benchKey_16_64,bytes=30;client_id=16;clients=50
1779646942889,PUT,90,4,benchKey_32_64,bytes=30;client_id=32;clients=50
1779646942889,PUT,109,4,benchKey_42_64,bytes=30;client_id=42;clients=50
1779646942889,PUT,111,4,benchKey_23_64,bytes=30;client_id=23;clients=50
1779646942891,PUT,92,4,benchKey_0_65,bytes=29;client_id=0;clients=50
1779646942903,PUT,104,4,benchKey_13_64,bytes=30;client_id=13;clients=50
1779646942903,PUT,104,4,benchKey_44_64,bytes=30;client_id=44;clients=50
1779646942904,PUT,105,4,benchKey_24_64,bytes=30;client_id=24;clients=50
1779646942905,PUT,105,4,benchKey_22_65,bytes=30;client_id=22;clients=50
1779646942905,PUT,105,4,benchKey_48_65,bytes=30;client_id=48;clients=50
1779646942905,PUT,105,4,benchKey_2_65,bytes=29;client_id=2;clients=50
1779646942906,PUT,105,4,benchKey_38_64,bytes=30;client_id=38;clients=50
1779646942927,PUT,125,4,benchKey_30_65,bytes=30;client_id=30;clients=50
1779646942927,PUT,123,4,benchKey_31_65,bytes=30;client_id=31;clients=50
1779646942928,PUT,123,4,benchKey_39_65,bytes=30;client_id=39;clients=50
1779646942929,PUT,110,4,benchKey_49_64,bytes=30;client_id=49;clients=50
1779646942929,PUT,107,4,benchKey_5_65,bytes=29;client_id=5;clients=50
1779646942929,PUT,109,4,benchKey_17_65,bytes=30;client_id=17;clients=50
1779646942929,PUT,110,4,benchKey_35_65,bytes=30;client_id=35;clients=50
1779646942929,PUT,108,4,benchKey_36_65,bytes=30;client_id=36;clients=50
1779646942929,PUT,108,4,benchKey_15_65,bytes=30;client_id=15;clients=50
1779646942930,PUT,87,4,benchKey_1_65,bytes=29;client_id=1;clients=50
1779646942930,PUT,107,4,benchKey_34_65,bytes=30;client_id=34;clients=50
1779646942930,PUT,88,4,benchKey_3_65,bytes=29;client_id=3;clients=50
1779646942932,PUT,89,4,benchKey_19_65,bytes=30;client_id=19;clients=50
1779646942945,PUT,101,4,benchKey_47_65,bytes=30;client_id=47;clients=50
1779646942945,PUT,100,4,benchKey_33_65,bytes=30;client_id=33;clients=50
1779646942946,PUT,99,4,benchKey_26_65,bytes=30;client_id=26;clients=50
1779646942946,PUT,98,4,benchKey_18_65,bytes=30;client_id=18;clients=50
1779646942947,PUT,99,4,benchKey_7_65,bytes=29;client_id=7;clients=50
1779646942947,PUT,99,4,benchKey_14_65,bytes=30;client_id=14;clients=50
1779646942948,PUT,100,4,benchKey_37_65,bytes=30;client_id=37;clients=50
1779646942969,PUT,121,4,benchKey_9_65,bytes=29;client_id=9;clients=50
1779646942969,PUT,121,4,benchKey_21_65,bytes=30;client_id=21;clients=50
1779646942970,PUT,121,4,benchKey_4_65,bytes=29;client_id=4;clients=50
1779646942971,PUT,107,4,benchKey_12_65,bytes=30;client_id=12;clients=50
1779646942971,PUT,109,4,benchKey_25_65,bytes=30;client_id=25;clients=50
1779646942971,PUT,109,4,benchKey_46_65,bytes=30;client_id=46;clients=50
1779646942971,PUT,109,4,benchKey_6_65,bytes=29;client_id=6;clients=50
1779646942971,PUT,108,4,benchKey_20_65,bytes=30;client_id=20;clients=50
1779646942971,PUT,110,4,benchKey_8_65,bytes=29;client_id=8;clients=50
1779646942972,PUT,86,4,benchKey_27_65,bytes=30;client_id=27;clients=50
1779646942972,PUT,87,4,benchKey_11_65,bytes=30;client_id=11;clients=50
1779646942972,PUT,108,4,benchKey_45_65,bytes=30;client_id=45;clients=50
1779646942973,PUT,87,4,benchKey_29_66,bytes=30;client_id=29;clients=50
1779646942986,PUT,98,4,benchKey_41_65,bytes=30;client_id=41;clients=50
1779646942987,PUT,99,4,benchKey_40_66,bytes=30;client_id=40;clients=50
1779646942987,PUT,99,4,benchKey_10_65,bytes=30;client_id=10;clients=50
1779646942987,PUT,99,4,benchKey_28_66,bytes=30;client_id=28;clients=50
1779646942988,PUT,100,4,benchKey_16_65,bytes=30;client_id=16;clients=50
1779646942988,PUT,100,4,benchKey_43_65,bytes=30;client_id=43;clients=50
1779646942990,PUT,100,4,benchKey_32_65,bytes=30;client_id=32;clients=50
1779646943010,PUT,121,4,benchKey_42_65,bytes=30;client_id=42;clients=50
1779646943011,PUT,121,4,benchKey_23_65,bytes=30;client_id=23;clients=50
1779646943012,PUT,121,4,benchKey_0_66,bytes=29;client_id=0;clients=50
1779646943014,PUT,110,4,benchKey_44_65,bytes=30;client_id=44;clients=50
1779646943014,PUT,109,4,benchKey_22_66,bytes=30;client_id=22;clients=50
1779646943014,PUT,109,4,benchKey_48_66,bytes=30;client_id=48;clients=50
1779646943014,PUT,108,4,benchKey_2_66,bytes=29;client_id=2;clients=50
1779646943015,PUT,87,4,benchKey_31_66,bytes=30;client_id=31;clients=50
1779646943015,PUT,112,4,benchKey_13_65,bytes=30;client_id=13;clients=50
1779646943015,PUT,111,4,benchKey_24_65,bytes=30;client_id=24;clients=50
1779646943016,PUT,88,4,benchKey_30_66,bytes=30;client_id=30;clients=50
1779646943016,PUT,110,4,benchKey_38_65,bytes=30;client_id=38;clients=50
1779646943016,PUT,88,4,benchKey_39_66,bytes=30;client_id=39;clients=50
1779646943027,PUT,98,4,benchKey_49_65,bytes=30;client_id=49;clients=50
1779646943029,PUT,99,4,benchKey_17_66,bytes=30;client_id=17;clients=50
1779646943029,PUT,99,4,benchKey_5_66,bytes=29;client_id=5;clients=50
1779646943029,PUT,99,4,benchKey_35_66,bytes=30;client_id=35;clients=50
1779646943030,PUT,100,4,benchKey_36_66,bytes=30;client_id=36;clients=50
1779646943030,PUT,100,4,benchKey_15_66,bytes=30;client_id=15;clients=50
1779646943032,PUT,101,4,benchKey_1_66,bytes=29;client_id=1;clients=50
1779646943052,PUT,121,4,benchKey_34_66,bytes=30;client_id=34;clients=50
1779646943053,PUT,121,4,benchKey_19_66,bytes=30;client_id=19;clients=50
1779646943053,PUT,122,4,benchKey_3_66,bytes=29;client_id=3;clients=50
1779646943056,PUT,110,4,benchKey_47_66,bytes=30;client_id=47;clients=50
1779646943056,PUT,109,4,benchKey_18_66,bytes=30;client_id=18;clients=50
1779646943056,PUT,110,4,benchKey_33_66,bytes=30;client_id=33;clients=50
1779646943057,PUT,109,4,benchKey_14_66,bytes=30;client_id=14;clients=50
1779646943057,PUT,110,4,benchKey_26_66,bytes=30;client_id=26;clients=50
1779646943057,PUT,109,4,benchKey_7_66,bytes=29;client_id=7;clients=50
1779646943057,PUT,109,4,benchKey_37_66,bytes=30;client_id=37;clients=50
1779646943057,PUT,88,4,benchKey_9_66,bytes=29;client_id=9;clients=50
1779646943058,PUT,88,4,benchKey_4_66,bytes=29;client_id=4;clients=50
1779646943058,PUT,88,4,benchKey_21_66,bytes=30;client_id=21;clients=50
1779646943071,PUT,99,4,benchKey_12_66,bytes=30;client_id=12;clients=50
1779646943071,PUT,99,4,benchKey_6_66,bytes=29;client_id=6;clients=50
1779646943072,PUT,100,4,benchKey_46_66,bytes=30;client_id=46;clients=50
1779646943072,PUT,100,4,benchKey_8_66,bytes=29;client_id=8;clients=50
1779646943072,PUT,101,4,benchKey_25_66,bytes=30;client_id=25;clients=50
1779646943072,PUT,100,4,benchKey_20_66,bytes=30;client_id=20;clients=50
1779646943074,PUT,101,4,benchKey_27_66,bytes=30;client_id=27;clients=50
1779646943094,PUT,121,4,benchKey_45_66,bytes=30;client_id=45;clients=50
1779646943094,PUT,121,4,benchKey_11_66,bytes=30;client_id=11;clients=50
1779646943094,PUT,120,4,benchKey_29_67,bytes=30;client_id=29;clients=50
1779646943098,PUT,110,4,benchKey_10_66,bytes=30;client_id=10;clients=50
1779646943098,PUT,110,4,benchKey_28_67,bytes=30;client_id=28;clients=50
1779646943098,PUT,111,4,benchKey_41_66,bytes=30;client_id=41;clients=50
1779646943098,PUT,111,4,benchKey_40_67,bytes=30;client_id=40;clients=50
1779646943099,PUT,110,4,benchKey_16_66,bytes=30;client_id=16;clients=50
1779646943099,PUT,87,4,benchKey_0_67,bytes=29;client_id=0;clients=50
1779646943099,PUT,88,4,benchKey_23_66,bytes=30;client_id=23;clients=50
1779646943099,PUT,89,4,benchKey_42_66,bytes=30;client_id=42;clients=50
1779646943100,PUT,110,4,benchKey_32_66,bytes=30;client_id=32;clients=50
1779646943101,PUT,112,4,benchKey_43_66,bytes=30;client_id=43;clients=50
1779646943112,PUT,98,4,benchKey_22_67,bytes=30;client_id=22;clients=50
1779646943113,PUT,99,4,benchKey_44_66,bytes=30;client_id=44;clients=50
1779646943114,PUT,100,4,benchKey_48_67,bytes=30;client_id=48;clients=50
1779646943114,PUT,99,4,benchKey_31_67,bytes=30;client_id=31;clients=50
1779646943115,PUT,100,4,benchKey_2_67,bytes=29;client_id=2;clients=50
1779646943115,PUT,99,4,benchKey_13_66,bytes=30;client_id=13;clients=50
1779646943115,PUT,100,4,benchKey_24_66,bytes=30;client_id=24;clients=50
1779646943136,PUT,120,4,benchKey_38_66,bytes=30;client_id=38;clients=50
1779646943137,PUT,121,4,benchKey_30_67,bytes=30;client_id=30;clients=50
1779646943137,PUT,120,4,benchKey_39_67,bytes=30;client_id=39;clients=50
1779646943139,PUT,109,4,benchKey_35_67,bytes=30;client_id=35;clients=50
1779646943139,PUT,111,4,benchKey_49_66,bytes=30;client_id=49;clients=50
1779646943139,PUT,110,4,benchKey_17_67,bytes=30;client_id=17;clients=50
1779646943140,PUT,110,4,benchKey_5_67,bytes=29;client_id=5;clients=50
1779646943141,PUT,110,4,benchKey_36_67,bytes=30;client_id=36;clients=50
1779646943141,PUT,110,4,benchKey_15_67,bytes=30;client_id=15;clients=50
1779646943142,PUT,89,4,benchKey_34_67,bytes=30;client_id=34;clients=50
1779646943142,PUT,109,4,benchKey_1_67,bytes=29;client_id=1;clients=50
1779646943142,PUT,89,4,benchKey_19_67,bytes=30;client_id=19;clients=50
1779646943142,PUT,89,4,benchKey_3_67,bytes=29;client_id=3;clients=50
1779646943154,PUT,98,4,benchKey_47_67,bytes=30;client_id=47;clients=50
1779646943155,PUT,98,4,benchKey_18_67,bytes=30;client_id=18;clients=50
1779646943156,PUT,99,4,benchKey_26_67,bytes=30;client_id=26;clients=50
1779646943156,PUT,99,4,benchKey_33_67,bytes=30;client_id=33;clients=50
1779646943157,PUT,100,4,benchKey_14_67,bytes=30;client_id=14;clients=50
1779646943157,PUT,99,4,benchKey_7_67,bytes=29;client_id=7;clients=50
1779646943158,PUT,100,4,benchKey_37_67,bytes=30;client_id=37;clients=50
1779646943178,PUT,120,4,benchKey_4_67,bytes=29;client_id=4;clients=50
1779646943178,PUT,120,4,benchKey_9_67,bytes=29;client_id=9;clients=50
1779646943179,PUT,120,4,benchKey_21_67,bytes=30;client_id=21;clients=50
1779646943181,PUT,110,4,benchKey_6_67,bytes=29;client_id=6;clients=50
1779646943181,PUT,109,4,benchKey_8_67,bytes=29;client_id=8;clients=50
1779646943181,PUT,109,4,benchKey_46_67,bytes=30;client_id=46;clients=50
1779646943181,PUT,110,4,benchKey_12_67,bytes=30;client_id=12;clients=50
1779646943182,PUT,109,4,benchKey_20_67,bytes=30;client_id=20;clients=50
1779646943182,PUT,110,4,benchKey_25_67,bytes=30;client_id=25;clients=50
1779646943184,PUT,89,4,benchKey_11_67,bytes=30;client_id=11;clients=50
1779646943184,PUT,89,4,benchKey_45_67,bytes=30;client_id=45;clients=50
1779646943184,PUT,89,4,benchKey_29_68,bytes=30;client_id=29;clients=50
1779646943185,PUT,110,4,benchKey_27_67,bytes=30;client_id=27;clients=50
1779646943196,PUT,98,4,benchKey_41_67,bytes=30;client_id=41;clients=50
1779646943196,PUT,98,4,benchKey_10_67,bytes=30;client_id=10;clients=50
1779646943198,PUT,98,4,benchKey_0_68,bytes=29;client_id=0;clients=50
1779646943198,PUT,99,4,benchKey_28_68,bytes=30;client_id=28;clients=50
1779646943198,PUT,99,4,benchKey_40_68,bytes=30;client_id=40;clients=50
1779646943198,PUT,99,4,benchKey_16_67,bytes=30;client_id=16;clients=50
1779646943199,PUT,99,4,benchKey_23_67,bytes=30;client_id=23;clients=50
1779646943221,PUT,121,4,benchKey_42_67,bytes=30;client_id=42;clients=50
1779646943222,PUT,121,4,benchKey_43_67,bytes=30;client_id=43;clients=50
1779646943222,PUT,121,4,benchKey_32_67,bytes=30;client_id=32;clients=50
1779646943224,PUT,110,4,benchKey_44_67,bytes=30;client_id=44;clients=50
1779646943224,PUT,110,4,benchKey_48_68,bytes=30;client_id=48;clients=50
1779646943225,PUT,110,4,benchKey_2_68,bytes=29;client_id=2;clients=50
1779646943225,PUT,112,4,benchKey_22_68,bytes=30;client_id=22;clients=50
1779646943227,PUT,90,4,benchKey_30_68,bytes=30;client_id=30;clients=50
1779646943228,PUT,91,4,benchKey_38_67,bytes=30;client_id=38;clients=50
1779646943228,PUT,112,4,benchKey_13_67,bytes=30;client_id=13;clients=50
1779646943228,PUT,113,4,benchKey_31_68,bytes=30;client_id=31;clients=50
1779646943228,PUT,91,4,benchKey_39_68,bytes=30;client_id=39;clients=50
1779646943229,PUT,113,4,benchKey_24_67,bytes=30;client_id=24;clients=50
1779646943239,PUT,99,4,benchKey_35_68,bytes=30;client_id=35;clients=50
1779646943240,PUT,100,4,benchKey_49_67,bytes=30;client_id=49;clients=50
1779646943241,PUT,101,4,benchKey_17_68,bytes=30;client_id=17;clients=50
1779646943241,PUT,100,4,benchKey_15_68,bytes=30;client_id=15;clients=50
1779646943243,PUT,101,4,benchKey_36_68,bytes=30;client_id=36;clients=50
1779646943241,PUT,101,4,benchKey_5_68,bytes=29;client_id=5;clients=50
1779646943243,PUT,101,4,benchKey_1_68,bytes=29;client_id=1;clients=50
1779646943265,PUT,122,4,benchKey_34_68,bytes=30;client_id=34;clients=50
1779646943265,PUT,122,4,benchKey_19_68,bytes=30;client_id=19;clients=50
1779646943266,PUT,123,4,benchKey_3_68,bytes=29;client_id=3;clients=50
1779646943267,PUT,112,4,benchKey_18_68,bytes=30;client_id=18;clients=50
1779646943270,PUT,113,4,benchKey_33_68,bytes=30;client_id=33;clients=50
1779646943271,PUT,116,4,benchKey_47_68,bytes=30;client_id=47;clients=50
1779646943273,PUT,115,4,benchKey_14_68,bytes=30;client_id=14;clients=50
1779646943273,PUT,114,4,benchKey_37_68,bytes=30;client_id=37;clients=50
1779646943273,PUT,94,4,benchKey_4_68,bytes=29;client_id=4;clients=50
1779646943273,PUT,94,4,benchKey_21_68,bytes=30;client_id=21;clients=50
1779646943274,PUT,95,4,benchKey_9_68,bytes=29;client_id=9;clients=50
1779646943274,PUT,118,4,benchKey_26_68,bytes=30;client_id=26;clients=50
1779646943275,PUT,118,4,benchKey_7_68,bytes=29;client_id=7;clients=50
1779646943280,PUT,99,4,benchKey_6_68,bytes=29;client_id=6;clients=50
1779646943283,PUT,101,4,benchKey_46_68,bytes=30;client_id=46;clients=50
1779646943285,PUT,102,4,benchKey_20_68,bytes=30;client_id=20;clients=50
1779646943286,PUT,101,4,benchKey_11_68,bytes=30;client_id=11;clients=50
1779646943286,PUT,104,4,benchKey_8_68,bytes=29;client_id=8;clients=50
1779646943286,PUT,104,4,benchKey_12_68,bytes=30;client_id=12;clients=50
1779646943287,PUT,104,4,benchKey_25_68,bytes=30;client_id=25;clients=50
1779646943307,PUT,122,4,benchKey_45_68,bytes=30;client_id=45;clients=50
1779646943308,PUT,122,4,benchKey_27_68,bytes=30;client_id=27;clients=50
1779646943308,PUT,123,4,benchKey_29_69,bytes=30;client_id=29;clients=50
1779646943311,PUT,115,4,benchKey_10_68,bytes=30;client_id=10;clients=50
1779646943312,PUT,116,4,benchKey_41_68,bytes=30;client_id=41;clients=50
1779646943315,PUT,116,4,benchKey_28_69,bytes=30;client_id=28;clients=50
1779646943316,PUT,117,4,benchKey_16_68,bytes=30;client_id=16;clients=50
1779646943317,PUT,118,4,benchKey_40_69,bytes=30;client_id=40;clients=50
1779646943317,PUT,119,4,benchKey_0_69,bytes=29;client_id=0;clients=50
1779646943318,PUT,95,4,benchKey_32_68,bytes=30;client_id=32;clients=50
1779646943319,PUT,119,4,benchKey_23_68,bytes=30;client_id=23;clients=50
1779646943319,PUT,97,4,benchKey_43_68,bytes=30;client_id=43;clients=50
1779646943319,PUT,98,4,benchKey_42_68,bytes=30;client_id=42;clients=50
1779646943322,PUT,98,4,benchKey_44_68,bytes=30;client_id=44;clients=50
1779646943325,PUT,100,4,benchKey_48_69,bytes=30;client_id=48;clients=50
1779646943327,PUT,102,4,benchKey_2_69,bytes=29;client_id=2;clients=50
1779646943329,PUT,101,4,benchKey_30_69,bytes=30;client_id=30;clients=50
1779646943330,PUT,101,4,benchKey_13_68,bytes=30;client_id=13;clients=50
1779646943330,PUT,104,4,benchKey_22_69,bytes=30;client_id=22;clients=50
1779646943330,PUT,102,4,benchKey_38_68,bytes=30;client_id=38;clients=50
1779646943350,PUT,121,4,benchKey_31_69,bytes=30;client_id=31;clients=50
1779646943351,PUT,121,4,benchKey_24_68,bytes=30;client_id=24;clients=50
1779646943351,PUT,122,4,benchKey_39_69,bytes=30;client_id=39;clients=50
1779646943354,PUT,115,4,benchKey_35_69,bytes=30;client_id=35;clients=50
1779646943354,PUT,114,4,benchKey_49_68,bytes=30;client_id=49;clients=50
1779646943358,PUT,115,4,benchKey_15_69,bytes=30;client_id=15;clients=50
1779646943358,PUT,116,4,benchKey_17_69,bytes=30;client_id=17;clients=50
1779646943360,PUT,117,4,benchKey_36_69,bytes=30;client_id=36;clients=50
1779646943360,PUT,116,4,benchKey_5_69,bytes=29;client_id=5;clients=50
1779646943361,PUT,117,4,benchKey_1_69,bytes=29;client_id=1;clients=50
1779646943362,PUT,96,4,benchKey_3_69,bytes=29;client_id=3;clients=50
1779646943363,PUT,98,4,benchKey_19_69,bytes=30;client_id=19;clients=50
1779646943363,PUT,98,4,benchKey_34_69,bytes=30;client_id=34;clients=50
1779646943365,PUT,97,4,benchKey_18_69,bytes=30;client_id=18;clients=50
1779646943368,PUT,98,4,benchKey_33_69,bytes=30;client_id=33;clients=50
1779646943370,PUT,98,4,benchKey_47_69,bytes=30;client_id=47;clients=50
1779646943372,PUT,98,4,benchKey_14_69,bytes=30;client_id=14;clients=50
1779646943372,PUT,99,4,benchKey_4_69,bytes=29;client_id=4;clients=50
1779646943373,PUT,99,4,benchKey_21_69,bytes=30;client_id=21;clients=50
1779646943374,PUT,99,4,benchKey_37_69,bytes=30;client_id=37;clients=50
1779646943393,PUT,118,4,benchKey_9_69,bytes=29;client_id=9;clients=50
1779646943393,PUT,119,4,benchKey_26_69,bytes=30;client_id=26;clients=50
1779646943394,PUT,119,4,benchKey_7_69,bytes=29;client_id=7;clients=50
1779646943397,PUT,116,4,benchKey_6_69,bytes=29;client_id=6;clients=50
1779646943397,PUT,114,4,benchKey_46_69,bytes=30;client_id=46;clients=50
1779646943399,PUT,114,4,benchKey_20_69,bytes=30;client_id=20;clients=50
1779646943401,PUT,115,4,benchKey_11_69,bytes=30;client_id=11;clients=50
1779646943402,PUT,116,4,benchKey_8_69,bytes=29;client_id=8;clients=50
1779646943402,PUT,116,4,benchKey_12_69,bytes=30;client_id=12;clients=50
1779646943403,PUT,116,4,benchKey_25_69,bytes=30;client_id=25;clients=50
1779646943404,PUT,97,4,benchKey_45_69,bytes=30;client_id=45;clients=50
1779646943405,PUT,97,4,benchKey_27_69,bytes=30;client_id=27;clients=50
1779646943405,PUT,97,4,benchKey_29_70,bytes=30;client_id=29;clients=50
1779646943408,PUT,96,4,benchKey_10_69,bytes=30;client_id=10;clients=50
1779646943410,PUT,97,4,benchKey_41_69,bytes=30;client_id=41;clients=50
1779646943411,PUT,96,4,benchKey_28_70,bytes=30;client_id=28;clients=50
1779646943414,PUT,98,4,benchKey_16_69,bytes=30;client_id=16;clients=50
1779646943415,PUT,98,4,benchKey_40_70,bytes=30;client_id=40;clients=50
1779646943416,PUT,98,4,benchKey_32_69,bytes=30;client_id=32;clients=50
1779646943416,PUT,98,4,benchKey_0_70,bytes=29;client_id=0;clients=50
1779646943435,PUT,115,4,benchKey_43_69,bytes=30;client_id=43;clients=50
1779646943436,PUT,117,4,benchKey_23_69,bytes=30;client_id=23;clients=50
1779646943437,PUT,117,4,benchKey_42_69,bytes=30;client_id=42;clients=50
1779646943440,PUT,117,4,benchKey_44_69,bytes=30;client_id=44;clients=50
1779646943440,PUT,114,4,benchKey_48_70,bytes=30;client_id=48;clients=50
1779646943441,PUT,113,4,benchKey_2_70,bytes=29;client_id=2;clients=50
1779646943444,PUT,115,4,benchKey_30_70,bytes=30;client_id=30;clients=50
1779646943444,PUT,113,4,benchKey_38_69,bytes=30;client_id=38;clients=50
1779646943445,PUT,114,4,benchKey_13_69,bytes=30;client_id=13;clients=50
1779646943447,PUT,95,4,benchKey_39_70,bytes=30;client_id=39;clients=50
1779646943447,PUT,96,4,benchKey_31_70,bytes=30;client_id=31;clients=50
1779646943447,PUT,96,4,benchKey_24_69,bytes=30;client_id=24;clients=50
1779646943448,PUT,117,4,benchKey_22_70,bytes=30;client_id=22;clients=50
1779646943450,PUT,95,4,benchKey_35_70,bytes=30;client_id=35;clients=50
1779646943452,PUT,97,4,benchKey_49_69,bytes=30;client_id=49;clients=50
1779646943453,PUT,95,4,benchKey_15_70,bytes=30;client_id=15;clients=50
1779646943455,PUT,96,4,benchKey_17_70,bytes=30;client_id=17;clients=50
1779646943456,PUT,95,4,benchKey_36_70,bytes=30;client_id=36;clients=50
1779646943457,PUT,96,4,benchKey_5_70,bytes=29;client_id=5;clients=50
1779646943457,PUT,95,4,benchKey_1_70,bytes=29;client_id=1;clients=50
1779646943478,PUT,116,4,benchKey_3_70,bytes=29;client_id=3;clients=50
1779646943479,PUT,115,4,benchKey_19_70,bytes=30;client_id=19;clients=50
1779646943479,PUT,115,4,benchKey_34_70,bytes=30;client_id=34;clients=50
1779646943482,PUT,116,4,benchKey_18_70,bytes=30;client_id=18;clients=50
1779646943482,PUT,114,4,benchKey_33_70,bytes=30;client_id=33;clients=50
1779646943483,PUT,112,4,benchKey_47_70,bytes=30;client_id=47;clients=50
1779646943485,PUT,113,4,benchKey_14_70,bytes=30;client_id=14;clients=50
1779646943486,PUT,112,4,benchKey_4_70,bytes=29;client_id=4;clients=50
1779646943486,PUT,113,4,benchKey_21_70,bytes=30;client_id=21;clients=50
1779646943489,PUT,95,4,benchKey_26_70,bytes=30;client_id=26;clients=50
1779646943489,PUT,114,4,benchKey_37_70,bytes=30;client_id=37;clients=50
1779646943489,PUT,96,4,benchKey_9_70,bytes=29;client_id=9;clients=50
1779646943490,PUT,96,4,benchKey_7_70,bytes=29;client_id=7;clients=50
1779646943492,PUT,94,4,benchKey_6_70,bytes=29;client_id=6;clients=50
1779646943493,PUT,95,4,benchKey_46_70,bytes=30;client_id=46;clients=50
1779646943494,PUT,95,4,benchKey_20_70,bytes=30;client_id=20;clients=50
1779646943496,PUT,95,4,benchKey_11_70,bytes=30;client_id=11;clients=50
1779646943498,PUT,95,4,benchKey_8_70,bytes=29;client_id=8;clients=50
1779646943499,PUT,95,4,benchKey_25_70,bytes=30;client_id=25;clients=50
1779646943499,PUT,96,4,benchKey_12_70,bytes=30;client_id=12;clients=50
1779646943521,PUT,116,4,benchKey_45_70,bytes=30;client_id=45;clients=50
1779646943523,PUT,117,4,benchKey_27_70,bytes=30;client_id=27;clients=50
1779646943523,PUT,117,4,benchKey_29_71,bytes=30;client_id=29;clients=50
1779646943525,PUT,116,4,benchKey_10_70,bytes=30;client_id=10;clients=50
1779646943527,PUT,116,4,benchKey_41_70,bytes=30;client_id=41;clients=50
1779646943527,PUT,115,4,benchKey_28_71,bytes=30;client_id=28;clients=50
1779646943528,PUT,113,4,benchKey_40_71,bytes=30;client_id=40;clients=50
1779646943529,PUT,112,4,benchKey_32_70,bytes=30;client_id=32;clients=50
1779646943530,PUT,115,4,benchKey_16_70,bytes=30;client_id=16;clients=50
1779646943531,PUT,96,4,benchKey_43_70,bytes=30;client_id=43;clients=50
1779646943531,PUT,115,4,benchKey_0_71,bytes=29;client_id=0;clients=50
1779646943532,PUT,96,4,benchKey_23_70,bytes=30;client_id=23;clients=50
1779646943533,PUT,93,4,benchKey_44_70,bytes=30;client_id=44;clients=50
1779646943534,PUT,97,4,benchKey_42_70,bytes=30;client_id=42;clients=50
1779646943536,PUT,95,4,benchKey_2_71,bytes=29;client_id=2;clients=50
1779646943537,PUT,96,4,benchKey_48_71,bytes=30;client_id=48;clients=50
1779646943538,PUT,94,4,benchKey_38_70,bytes=30;client_id=38;clients=50
1779646943542,PUT,97,4,benchKey_30_71,bytes=30;client_id=30;clients=50
1779646943542,PUT,94,4,benchKey_39_71,bytes=30;client_id=39;clients=50
1779646943542,PUT,97,4,benchKey_13_70,bytes=30;client_id=13;clients=50
1779646943564,PUT,117,4,benchKey_31_71,bytes=30;client_id=31;clients=50
1779646943565,PUT,118,4,benchKey_24_70,bytes=30;client_id=24;clients=50
1779646943566,PUT,118,4,benchKey_22_71,bytes=30;client_id=22;clients=50
1779646943567,PUT,116,4,benchKey_35_71,bytes=30;client_id=35;clients=50
1779646943570,PUT,117,4,benchKey_15_71,bytes=30;client_id=15;clients=50
1779646943571,PUT,118,4,benchKey_49_70,bytes=30;client_id=49;clients=50
1779646943572,PUT,116,4,benchKey_17_71,bytes=30;client_id=17;clients=50
1779646943572,PUT,115,4,benchKey_36_71,bytes=30;client_id=36;clients=50
1779646943573,PUT,115,4,benchKey_5_71,bytes=29;client_id=5;clients=50
1779646943574,PUT,95,4,benchKey_3_71,bytes=29;client_id=3;clients=50
1779646943574,PUT,116,4,benchKey_1_71,bytes=29;client_id=1;clients=50
1779646943575,PUT,96,4,benchKey_19_71,bytes=30;client_id=19;clients=50
1779646943576,PUT,96,4,benchKey_34_71,bytes=30;client_id=34;clients=50
1779646943577,PUT,95,4,benchKey_18_71,bytes=30;client_id=18;clients=50
1779646943578,PUT,95,4,benchKey_47_71,bytes=30;client_id=47;clients=50
1779646943580,PUT,96,4,benchKey_33_71,bytes=30;client_id=33;clients=50
1779646943580,PUT,94,4,benchKey_14_71,bytes=30;client_id=14;clients=50
1779646943584,PUT,98,4,benchKey_4_71,bytes=29;client_id=4;clients=50
1779646943585,PUT,99,4,benchKey_21_71,bytes=30;client_id=21;clients=50
1779646943586,PUT,96,4,benchKey_26_71,bytes=30;client_id=26;clients=50
1779646943607,PUT,118,4,benchKey_37_71,bytes=30;client_id=37;clients=50
1779646943609,PUT,119,4,benchKey_9_71,bytes=29;client_id=9;clients=50
1779646943609,PUT,118,4,benchKey_7_71,bytes=29;client_id=7;clients=50
1779646943610,PUT,118,4,benchKey_6_71,bytes=29;client_id=6;clients=50
1779646943615,PUT,119,4,benchKey_20_71,bytes=30;client_id=20;clients=50
1779646943615,PUT,116,4,benchKey_8_71,bytes=29;client_id=8;clients=50
1779646943615,PUT,121,4,benchKey_46_71,bytes=30;client_id=46;clients=50
1779646943615,PUT,118,4,benchKey_11_71,bytes=30;client_id=11;clients=50
1779646943616,PUT,117,4,benchKey_25_71,bytes=30;client_id=25;clients=50
1779646943617,PUT,96,4,benchKey_45_71,bytes=30;client_id=45;clients=50
1779646943617,PUT,118,4,benchKey_12_71,bytes=30;client_id=12;clients=50
1779646943618,PUT,94,4,benchKey_27_71,bytes=30;client_id=27;clients=50
1779646943620,PUT,96,4,benchKey_29_72,bytes=30;client_id=29;clients=50
1779646943620,PUT,95,4,benchKey_10_71,bytes=30;client_id=10;clients=50
1779646943621,PUT,94,4,benchKey_41_71,bytes=30;client_id=41;clients=50
1779646943622,PUT,94,4,benchKey_28_72,bytes=30;client_id=28;clients=50
1779646943623,PUT,93,4,benchKey_40_72,bytes=30;client_id=40;clients=50
1779646943626,PUT,97,4,benchKey_32_71,bytes=30;client_id=32;clients=50
1779646943628,PUT,97,4,benchKey_43_71,bytes=30;client_id=43;clients=50
1779646943628,PUT,98,4,benchKey_16_71,bytes=30;client_id=16;clients=50
1779646943650,PUT,118,4,benchKey_0_72,bytes=29;client_id=0;clients=50
1779646943652,PUT,118,4,benchKey_44_71,bytes=30;client_id=44;clients=50
1779646943653,PUT,120,4,benchKey_23_71,bytes=30;client_id=23;clients=50
1779646943654,PUT,119,4,benchKey_42_71,bytes=30;client_id=42;clients=50
1779646943657,PUT,120,4,benchKey_48_72,bytes=30;client_id=48;clients=50
1779646943658,PUT,115,4,benchKey_30_72,bytes=30;client_id=30;clients=50
1779646943659,PUT,122,4,benchKey_2_72,bytes=29;client_id=2;clients=50
1779646943659,PUT,117,4,benchKey_39_72,bytes=30;client_id=39;clients=50
1779646943659,PUT,120,4,benchKey_38_71,bytes=30;client_id=38;clients=50
1779646943660,PUT,117,4,benchKey_13_71,bytes=30;client_id=13;clients=50
1779646943661,PUT,96,4,benchKey_31_72,bytes=30;client_id=31;clients=50
1779646943661,PUT,95,4,benchKey_24_71,bytes=30;client_id=24;clients=50
1779646943663,PUT,96,4,benchKey_35_72,bytes=30;client_id=35;clients=50
1779646943663,PUT,97,4,benchKey_22_72,bytes=30;client_id=22;clients=50
1779646943665,PUT,93,4,benchKey_49_71,bytes=30;client_id=49;clients=50
1779646943665,PUT,93,4,benchKey_17_72,bytes=30;client_id=17;clients=50
1779646943665,PUT,94,4,benchKey_15_72,bytes=30;client_id=15;clients=50
1779646943669,PUT,96,4,benchKey_36_72,bytes=30;client_id=36;clients=50
1779646943671,PUT,97,4,benchKey_5_72,bytes=29;client_id=5;clients=50
1779646943672,PUT,97,4,benchKey_3_72,bytes=29;client_id=3;clients=50
1779646943694,PUT,120,4,benchKey_1_72,bytes=29;client_id=1;clients=50
1779646943696,PUT,120,4,benchKey_19_72,bytes=30;client_id=19;clients=50
1779646943697,PUT,119,4,benchKey_18_72,bytes=30;client_id=18;clients=50
1779646943697,PUT,121,4,benchKey_34_72,bytes=30;client_id=34;clients=50
1779646943702,PUT,122,4,benchKey_33_72,bytes=30;client_id=33;clients=50
1779646943703,PUT,118,4,benchKey_4_72,bytes=29;client_id=4;clients=50
1779646943702,PUT,124,4,benchKey_47_72,bytes=30;client_id=47;clients=50
1779646943704,PUT,118,4,benchKey_21_72,bytes=30;client_id=21;clients=50
1779646943707,PUT,120,4,benchKey_26_72,bytes=30;client_id=26;clients=50
1779646943705,PUT,124,4,benchKey_14_72,bytes=30;client_id=14;clients=50
1779646943707,PUT,84,4,benchKey_40_73,bytes=30;client_id=40;clients=50
1779646943705,PUT,96,4,benchKey_9_72,bytes=29;client_id=9;clients=50
1779646943708,PUT,99,4,benchKey_7_72,bytes=29;client_id=7;clients=50
1779646943707,PUT,100,4,benchKey_37_72,bytes=30;client_id=37;clients=50
1779646943710,PUT,100,4,benchKey_6_72,bytes=29;client_id=6;clients=50
1779646943710,PUT,95,4,benchKey_46_72,bytes=30;client_id=46;clients=50
1779646943710,PUT,95,4,benchKey_8_72,bytes=29;client_id=8;clients=50
1779646943712,PUT,97,4,benchKey_20_72,bytes=30;client_id=20;clients=50
1779646943715,PUT,99,4,benchKey_11_72,bytes=30;client_id=11;clients=50
1779646943718,PUT,102,4,benchKey_25_72,bytes=30;client_id=25;clients=50
1779646943717,PUT,99,4,benchKey_45_72,bytes=30;client_id=45;clients=50
1779646943736,PUT,118,4,benchKey_12_72,bytes=30;client_id=12;clients=50
1779646943738,PUT,120,4,benchKey_27_72,bytes=30;client_id=27;clients=50
1779646943740,PUT,120,4,benchKey_29_73,bytes=30;client_id=29;clients=50
1779646943740,PUT,119,4,benchKey_10_72,bytes=30;client_id=10;clients=50
1779646943746,PUT,125,4,benchKey_41_72,bytes=30;client_id=41;clients=50
1779646943748,PUT,126,4,benchKey_28_73,bytes=30;client_id=28;clients=50
1779646943751,PUT,124,4,benchKey_32_72,bytes=30;client_id=32;clients=50
1779646943751,PUT,98,4,benchKey_44_72,bytes=30;client_id=44;clients=50
1779646943752,PUT,92,4,benchKey_2_73,bytes=29;client_id=2;clients=50
1779646943753,PUT,98,4,benchKey_42_72,bytes=30;client_id=42;clients=50
1779646943754,PUT,94,4,benchKey_39_73,bytes=30;client_id=39;clients=50
1779646943754,PUT,104,4,benchKey_0_73,bytes=29;client_id=0;clients=50
1779646943754,PUT,125,4,benchKey_16_72,bytes=30;client_id=16;clients=50
1779646943754,PUT,125,4,benchKey_43_72,bytes=30;client_id=43;clients=50
1779646943754,PUT,96,4,benchKey_30_73,bytes=30;client_id=30;clients=50
1779646943755,PUT,102,4,benchKey_23_72,bytes=30;client_id=23;clients=50
1779646943757,PUT,99,4,benchKey_48_73,bytes=30;client_id=48;clients=50
1779646943759,PUT,98,4,benchKey_13_72,bytes=30;client_id=13;clients=50
1779646943760,PUT,98,4,benchKey_31_73,bytes=30;client_id=31;clients=50
1779646943760,PUT,100,4,benchKey_38_72,bytes=30;client_id=38;clients=50
1779646943777,PUT,115,4,benchKey_24_72,bytes=30;client_id=24;clients=50
1779646943780,PUT,116,4,benchKey_35_73,bytes=30;client_id=35;clients=50
1779646943781,PUT,117,4,benchKey_22_73,bytes=30;client_id=22;clients=50
1779646943782,PUT,117,4,benchKey_49_72,bytes=30;client_id=49;clients=50
1779646943789,PUT,124,4,benchKey_17_73,bytes=30;client_id=17;clients=50
1779646943789,PUT,123,4,benchKey_15_73,bytes=30;client_id=15;clients=50
1779646943792,PUT,123,4,benchKey_36_73,bytes=30;client_id=36;clients=50
1779646943792,PUT,121,4,benchKey_5_73,bytes=29;client_id=5;clients=50
1779646943794,PUT,122,4,benchKey_3_73,bytes=29;client_id=3;clients=50
1779646943794,PUT,99,4,benchKey_1_73,bytes=29;client_id=1;clients=50
1779646943796,PUT,98,4,benchKey_34_73,bytes=30;client_id=34;clients=50
1779646943796,PUT,99,4,benchKey_18_73,bytes=30;client_id=18;clients=50
1779646943796,PUT,93,4,benchKey_33_73,bytes=30;client_id=33;clients=50
1779646943796,PUT,93,4,benchKey_4_73,bytes=29;client_id=4;clients=50
1779646943796,PUT,100,4,benchKey_19_73,bytes=30;client_id=19;clients=50
1779646943797,PUT,94,4,benchKey_47_73,bytes=30;client_id=47;clients=50
1779646943798,PUT,91,4,benchKey_21_73,bytes=30;client_id=21;clients=50
1779646943801,PUT,93,4,benchKey_14_73,bytes=30;client_id=14;clients=50
1779646943801,PUT,93,4,benchKey_40_74,bytes=30;client_id=40;clients=50
1779646943801,PUT,94,4,benchKey_26_73,bytes=30;client_id=26;clients=50
1779646943820,PUT,111,4,benchKey_9_73,bytes=29;client_id=9;clients=50
1779646943822,PUT,113,4,benchKey_7_73,bytes=29;client_id=7;clients=50
1779646943823,PUT,114,4,benchKey_37_73,bytes=30;client_id=37;clients=50
1779646943824,PUT,113,4,benchKey_46_73,bytes=30;client_id=46;clients=50
1779646943832,PUT,121,4,benchKey_6_73,bytes=29;client_id=6;clients=50
1779646943832,PUT,120,4,benchKey_8_73,bytes=29;client_id=8;clients=50
1779646943834,PUT,121,4,benchKey_20_73,bytes=30;client_id=20;clients=50
1779646943834,PUT,116,4,benchKey_11_73,bytes=30;client_id=11;clients=50
1779646943836,PUT,116,4,benchKey_45_73,bytes=30;client_id=45;clients=50
1779646943837,PUT,118,4,benchKey_25_73,bytes=30;client_id=25;clients=50
1779646943840,PUT,104,4,benchKey_12_73,bytes=30;client_id=12;clients=50
1779646943840,PUT,102,4,benchKey_27_73,bytes=30;client_id=27;clients=50
1779646943842,PUT,101,4,benchKey_10_73,bytes=30;client_id=10;clients=50
1779646943842,PUT,93,4,benchKey_28_74,bytes=30;client_id=28;clients=50
1779646943843,PUT,102,4,benchKey_29_74,bytes=30;client_id=29;clients=50
1779646943843,PUT,92,4,benchKey_44_73,bytes=30;client_id=44;clients=50
1779646943840,PUT,94,4,benchKey_41_73,bytes=30;client_id=41;clients=50
1779646943845,PUT,91,4,benchKey_42_73,bytes=30;client_id=42;clients=50
1779646943844,PUT,92,4,benchKey_2_74,bytes=29;client_id=2;clients=50
1779646943843,PUT,92,4,benchKey_32_73,bytes=30;client_id=32;clients=50
1779646943863,PUT,109,4,benchKey_39_74,bytes=30;client_id=39;clients=50
1779646943865,PUT,110,4,benchKey_0_74,bytes=29;client_id=0;clients=50
1779646943867,PUT,112,4,benchKey_30_74,bytes=30;client_id=30;clients=50
1779646943868,PUT,113,4,benchKey_16_73,bytes=30;client_id=16;clients=50
1779646943876,PUT,121,4,benchKey_43_73,bytes=30;client_id=43;clients=50
1779646943876,PUT,120,4,benchKey_23_73,bytes=30;client_id=23;clients=50
1779646943877,PUT,118,4,benchKey_13_73,bytes=30;client_id=13;clients=50
1779646943878,PUT,120,4,benchKey_48_74,bytes=30;client_id=48;clients=50
1779646943879,PUT,118,4,benchKey_31_74,bytes=30;client_id=31;clients=50
1779646943881,PUT,120,4,benchKey_38_73,bytes=30;client_id=38;clients=50
1779646943884,PUT,101,4,benchKey_49_73,bytes=30;client_id=49;clients=50
1779646943885,PUT,104,4,benchKey_22_74,bytes=30;client_id=22;clients=50
1779646943886,PUT,109,4,benchKey_24_73,bytes=30;client_id=24;clients=50
1779646943888,PUT,107,4,benchKey_35_74,bytes=30;client_id=35;clients=50
1779646943888,PUT,98,4,benchKey_17_74,bytes=30;client_id=17;clients=50
1779646943888,PUT,96,4,benchKey_36_74,bytes=30;client_id=36;clients=50
1779646943889,PUT,94,4,benchKey_3_74,bytes=29;client_id=3;clients=50
1779646943889,PUT,97,4,benchKey_5_74,bytes=29;client_id=5;clients=50
1779646943890,PUT,100,4,benchKey_15_74,bytes=30;client_id=15;clients=50
1779646943890,PUT,96,4,benchKey_1_74,bytes=29;client_id=1;clients=50
1779646943906,PUT,109,4,benchKey_34_74,bytes=30;client_id=34;clients=50
1779646943907,PUT,110,4,benchKey_18_74,bytes=30;client_id=18;clients=50
1779646943910,PUT,113,4,benchKey_33_74,bytes=30;client_id=33;clients=50
1779646943910,PUT,114,4,benchKey_4_74,bytes=29;client_id=4;clients=50
1779646943918,PUT,121,4,benchKey_19_74,bytes=30;client_id=19;clients=50
1779646943919,PUT,121,4,benchKey_47_74,bytes=30;client_id=47;clients=50
1779646943920,PUT,122,4,benchKey_21_74,bytes=30;client_id=21;clients=50
1779646943921,PUT,120,4,benchKey_14_74,bytes=30;client_id=14;clients=50
1779646943922,PUT,120,4,benchKey_40_75,bytes=30;client_id=40;clients=50
1779646943924,PUT,122,4,benchKey_26_74,bytes=30;client_id=26;clients=50
1779646943926,PUT,106,4,benchKey_9_74,bytes=29;client_id=9;clients=50
1779646943927,PUT,105,4,benchKey_7_74,bytes=29;client_id=7;clients=50
1779646943931,PUT,107,4,benchKey_37_74,bytes=30;client_id=37;clients=50
1779646943932,PUT,98,4,benchKey_20_74,bytes=30;client_id=20;clients=50
1779646943932,PUT,100,4,benchKey_6_74,bytes=29;client_id=6;clients=50
1779646943933,PUT,100,4,benchKey_8_74,bytes=29;client_id=8;clients=50
1779646943934,PUT,97,4,benchKey_45_74,bytes=30;client_id=45;clients=50
1779646943934,PUT,110,4,benchKey_46_74,bytes=30;client_id=46;clients=50
1779646943936,PUT,98,4,benchKey_25_74,bytes=30;client_id=25;clients=50
1779646943937,PUT,103,4,benchKey_11_74,bytes=30;client_id=11;clients=50
1779646943949,PUT,108,4,benchKey_12_74,bytes=30;client_id=12;clients=50
1779646943951,PUT,109,4,benchKey_27_74,bytes=30;client_id=27;clients=50
1779646943952,PUT,110,4,benchKey_10_74,bytes=30;client_id=10;clients=50
1779646943953,PUT,111,4,benchKey_28_75,bytes=30;client_id=28;clients=50
1779646943962,PUT,117,4,benchKey_44_74,bytes=30;client_id=44;clients=50
1779646943962,PUT,118,4,benchKey_29_75,bytes=30;client_id=29;clients=50
1779646943963,PUT,118,4,benchKey_41_74,bytes=30;client_id=41;clients=50
1779646943964,PUT,119,4,benchKey_42_74,bytes=30;client_id=42;clients=50
1779646943964,PUT,119,4,benchKey_2_75,bytes=29;client_id=2;clients=50
1779646943967,PUT,121,4,benchKey_32_74,bytes=30;client_id=32;clients=50
1779646943968,PUT,104,4,benchKey_39_75,bytes=30;client_id=39;clients=50
1779646943969,PUT,104,4,benchKey_0_75,bytes=29;client_id=0;clients=50
1779646943974,PUT,107,4,benchKey_30_75,bytes=30;client_id=30;clients=50
1779646943975,PUT,106,4,benchKey_16_74,bytes=30;client_id=16;clients=50
1779646943977,PUT,100,4,benchKey_43_74,bytes=30;client_id=43;clients=50
1779646943977,PUT,100,4,benchKey_23_74,bytes=30;client_id=23;clients=50
1779646943977,PUT,99,4,benchKey_13_74,bytes=30;client_id=13;clients=50
1779646943978,PUT,99,4,benchKey_48_75,bytes=30;client_id=48;clients=50
1779646943979,PUT,100,4,benchKey_31_75,bytes=30;client_id=31;clients=50
1779646943980,PUT,98,4,benchKey_38_74,bytes=30;client_id=38;clients=50
1779646943993,PUT,107,4,benchKey_22_75,bytes=30;client_id=22;clients=50
1779646943993,PUT,108,4,benchKey_49_74,bytes=30;client_id=49;clients=50
1779646943997,PUT,109,4,benchKey_35_75,bytes=30;client_id=35;clients=50
1779646943997,PUT,110,4,benchKey_24_74,bytes=30;client_id=24;clients=50
1779646944005,PUT,116,4,benchKey_36_75,bytes=30;client_id=36;clients=50
1779646944005,PUT,117,4,benchKey_17_75,bytes=30;client_id=17;clients=50
1779646944006,PUT,117,4,benchKey_3_75,bytes=29;client_id=3;clients=50
1779646944007,PUT,117,4,benchKey_15_75,bytes=30;client_id=15;clients=50
1779646944008,PUT,118,4,benchKey_5_75,bytes=29;client_id=5;clients=50
1779646944009,PUT,119,4,benchKey_1_75,bytes=29;client_id=1;clients=50
1779646944011,PUT,104,4,benchKey_18_75,bytes=30;client_id=18;clients=50
1779646944012,PUT,106,4,benchKey_34_75,bytes=30;client_id=34;clients=50
1779646944017,PUT,107,4,benchKey_33_75,bytes=30;client_id=33;clients=50
1779646944018,PUT,107,4,benchKey_4_75,bytes=29;client_id=4;clients=50
1779646944019,PUT,100,4,benchKey_47_75,bytes=30;client_id=47;clients=50
1779646944020,PUT,100,4,benchKey_19_75,bytes=30;client_id=19;clients=50
1779646944021,PUT,99,4,benchKey_14_75,bytes=30;client_id=14;clients=50
1779646944021,PUT,101,4,benchKey_21_75,bytes=30;client_id=21;clients=50
1779646944022,PUT,100,4,benchKey_40_76,bytes=30;client_id=40;clients=50
1779646944024,PUT,99,4,benchKey_26_75,bytes=30;client_id=26;clients=50
1779646944036,PUT,108,4,benchKey_7_75,bytes=29;client_id=7;clients=50
1779646944036,PUT,109,4,benchKey_9_75,bytes=29;client_id=9;clients=50
1779646944040,PUT,109,4,benchKey_37_75,bytes=30;client_id=37;clients=50
1779646944041,PUT,108,4,benchKey_20_75,bytes=30;client_id=20;clients=50
1779646944049,PUT,116,4,benchKey_6_75,bytes=29;client_id=6;clients=50
1779646944049,PUT,114,4,benchKey_45_75,bytes=30;client_id=45;clients=50
1779646944049,PUT,116,4,benchKey_8_75,bytes=29;client_id=8;clients=50
1779646944050,PUT,116,4,benchKey_46_75,bytes=30;client_id=46;clients=50
1779646944052,PUT,114,4,benchKey_11_75,bytes=30;client_id=11;clients=50
1779646944052,PUT,116,4,benchKey_25_75,bytes=30;client_id=25;clients=50
1779646944055,PUT,105,4,benchKey_12_75,bytes=30;client_id=12;clients=50
1779646944055,PUT,104,4,benchKey_27_75,bytes=30;client_id=27;clients=50
1779646944060,PUT,107,4,benchKey_10_75,bytes=30;client_id=10;clients=50
1779646944061,PUT,107,4,benchKey_28_76,bytes=30;client_id=28;clients=50
1779646944062,PUT,100,4,benchKey_29_76,bytes=30;client_id=29;clients=50
1779646944063,PUT,101,4,benchKey_44_75,bytes=30;client_id=44;clients=50
1779646944064,PUT,101,4,benchKey_41_75,bytes=30;client_id=41;clients=50
1779646944065,PUT,100,4,benchKey_2_76,bytes=29;client_id=2;clients=50
1779646944065,PUT,100,4,benchKey_42_75,bytes=30;client_id=42;clients=50
1779646944067,PUT,99,4,benchKey_32_75,bytes=30;client_id=32;clients=50
1779646944080,PUT,111,4,benchKey_39_76,bytes=30;client_id=39;clients=50
1779646944080,PUT,110,4,benchKey_0_76,bytes=29;client_id=0;clients=50
1779646944082,PUT,107,4,benchKey_30_76,bytes=30;client_id=30;clients=50
1779646944085,PUT,110,4,benchKey_16_75,bytes=30;client_id=16;clients=50
1779646944091,PUT,114,4,benchKey_13_75,bytes=30;client_id=13;clients=50
1779646944092,PUT,114,4,benchKey_43_75,bytes=30;client_id=43;clients=50
1779646944092,PUT,114,4,benchKey_23_75,bytes=30;client_id=23;clients=50
1779646944093,PUT,115,4,benchKey_48_76,bytes=30;client_id=48;clients=50
1779646944094,PUT,114,4,benchKey_38_75,bytes=30;client_id=38;clients=50
1779646944095,PUT,115,4,benchKey_31_76,bytes=30;client_id=31;clients=50
1779646944097,PUT,104,4,benchKey_49_75,bytes=30;client_id=49;clients=50
1779646944099,PUT,105,4,benchKey_22_76,bytes=30;client_id=22;clients=50
1779646944102,PUT,105,4,benchKey_35_76,bytes=30;client_id=35;clients=50
1779646944105,PUT,107,4,benchKey_24_75,bytes=30;client_id=24;clients=50
1779646944105,PUT,99,4,benchKey_17_76,bytes=30;client_id=17;clients=50
1779646944107,PUT,101,4,benchKey_36_76,bytes=30;client_id=36;clients=50
1779646944108,PUT,100,4,benchKey_15_76,bytes=30;client_id=15;clients=50
1779646944108,PUT,101,4,benchKey_3_76,bytes=29;client_id=3;clients=50
1779646944109,PUT,101,4,benchKey_5_76,bytes=29;client_id=5;clients=50
1779646944110,PUT,100,4,benchKey_1_76,bytes=29;client_id=1;clients=50
1779646944122,PUT,110,4,benchKey_18_76,bytes=30;client_id=18;clients=50
1779646944123,PUT,111,4,benchKey_34_76,bytes=30;client_id=34;clients=50
1779646944126,PUT,109,4,benchKey_33_76,bytes=30;client_id=33;clients=50
1779646944127,PUT,108,4,benchKey_4_76,bytes=29;client_id=4;clients=50
1779646944135,PUT,115,4,benchKey_47_76,bytes=30;client_id=47;clients=50
1779646944135,PUT,113,4,benchKey_14_76,bytes=30;client_id=14;clients=50
1779646944136,PUT,115,4,benchKey_19_76,bytes=30;client_id=19;clients=50
1779646944136,PUT,112,4,benchKey_26_76,bytes=30;client_id=26;clients=50
1779646944137,PUT,115,4,benchKey_21_76,bytes=30;client_id=21;clients=50
1779646944138,PUT,115,4,benchKey_40_77,bytes=30;client_id=40;clients=50
1779646944141,PUT,104,4,benchKey_7_76,bytes=29;client_id=7;clients=50
1779646944142,PUT,106,4,benchKey_9_76,bytes=29;client_id=9;clients=50
1779646944144,PUT,103,4,benchKey_37_76,bytes=30;client_id=37;clients=50
1779646944147,PUT,106,4,benchKey_20_76,bytes=30;client_id=20;clients=50
1779646944149,PUT,99,4,benchKey_6_76,bytes=29;client_id=6;clients=50
1779646944150,PUT,100,4,benchKey_45_76,bytes=30;client_id=45;clients=50
1779646944151,PUT,101,4,benchKey_8_76,bytes=29;client_id=8;clients=50
1779646944153,PUT,102,4,benchKey_46_76,bytes=30;client_id=46;clients=50
1779646944153,PUT,100,4,benchKey_11_76,bytes=30;client_id=11;clients=50
1779646944153,PUT,101,4,benchKey_25_76,bytes=30;client_id=25;clients=50
1779646944164,PUT,108,4,benchKey_12_76,bytes=30;client_id=12;clients=50
1779646944167,PUT,111,4,benchKey_27_76,bytes=30;client_id=27;clients=50
1779646944169,PUT,109,4,benchKey_10_76,bytes=30;client_id=10;clients=50
1779646944171,PUT,108,4,benchKey_28_77,bytes=30;client_id=28;clients=50
1779646944178,PUT,114,4,benchKey_29_77,bytes=30;client_id=29;clients=50
1779646944178,PUT,114,4,benchKey_44_76,bytes=30;client_id=44;clients=50
1779646944179,PUT,114,4,benchKey_2_77,bytes=29;client_id=2;clients=50
1779646944179,PUT,114,4,benchKey_41_76,bytes=30;client_id=41;clients=50
1779646944180,PUT,114,4,benchKey_42_76,bytes=30;client_id=42;clients=50
1779646944182,PUT,114,4,benchKey_32_76,bytes=30;client_id=32;clients=50
1779646944183,PUT,103,4,benchKey_39_77,bytes=30;client_id=39;clients=50
1779646944186,PUT,104,4,benchKey_30_77,bytes=30;client_id=30;clients=50
1779646944186,PUT,106,4,benchKey_0_77,bytes=29;client_id=0;clients=50
1779646944192,PUT,106,4,benchKey_16_76,bytes=30;client_id=16;clients=50
1779646944192,PUT,100,4,benchKey_13_76,bytes=30;client_id=13;clients=50
1779646944193,PUT,101,4,benchKey_43_76,bytes=30;client_id=43;clients=50
1779646944194,PUT,102,4,benchKey_23_76,bytes=30;client_id=23;clients=50
1779646944197,PUT,101,4,benchKey_31_77,bytes=30;client_id=31;clients=50
1779646944197,PUT,103,4,benchKey_48_77,bytes=30;client_id=48;clients=50
1779646944198,PUT,103,4,benchKey_38_76,bytes=30;client_id=38;clients=50
1779646944206,PUT,108,4,benchKey_49_76,bytes=30;client_id=49;clients=50
1779646944208,PUT,109,4,benchKey_22_77,bytes=30;client_id=22;clients=50
1779646944212,PUT,110,4,benchKey_35_77,bytes=30;client_id=35;clients=50
1779646944214,PUT,108,4,benchKey_24_76,bytes=30;client_id=24;clients=50
1779646944222,PUT,113,4,benchKey_3_77,bytes=29;client_id=3;clients=50
1779646944222,PUT,113,4,benchKey_15_77,bytes=30;client_id=15;clients=50
1779646944222,PUT,115,4,benchKey_36_77,bytes=30;client_id=36;clients=50
1779646944222,PUT,116,4,benchKey_17_77,bytes=30;client_id=17;clients=50
1779646944224,PUT,114,4,benchKey_1_77,bytes=29;client_id=1;clients=50
1779646944225,PUT,116,4,benchKey_5_77,bytes=29;client_id=5;clients=50
1779646944226,PUT,104,4,benchKey_18_77,bytes=30;client_id=18;clients=50
1779646944229,PUT,102,4,benchKey_33_77,bytes=30;client_id=33;clients=50
1779646944229,PUT,105,4,benchKey_34_77,bytes=30;client_id=34;clients=50
1779646944234,PUT,99,4,benchKey_47_77,bytes=30;client_id=47;clients=50
1779646944236,PUT,108,4,benchKey_4_77,bytes=29;client_id=4;clients=50
1779646944236,PUT,101,4,benchKey_14_77,bytes=30;client_id=14;clients=50
1779646944238,PUT,102,4,benchKey_19_77,bytes=30;client_id=19;clients=50
1779646944239,PUT,102,4,benchKey_26_77,bytes=30;client_id=26;clients=50
1779646944240,PUT,101,4,benchKey_40_78,bytes=30;client_id=40;clients=50
1779646944240,PUT,103,4,benchKey_21_77,bytes=30;client_id=21;clients=50
1779646944248,PUT,107,4,benchKey_7_77,bytes=29;client_id=7;clients=50
1779646944251,PUT,108,4,benchKey_9_77,bytes=29;client_id=9;clients=50
1779646944255,PUT,110,4,benchKey_37_77,bytes=30;client_id=37;clients=50
1779646944257,PUT,109,4,benchKey_20_77,bytes=30;client_id=20;clients=50
1779646944266,PUT,115,4,benchKey_45_77,bytes=30;client_id=45;clients=50
1779646944266,PUT,114,4,benchKey_8_77,bytes=29;client_id=8;clients=50
1779646944266,PUT,113,4,benchKey_46_77,bytes=30;client_id=46;clients=50
1779646944266,PUT,117,4,benchKey_6_77,bytes=29;client_id=6;clients=50
1779646944268,PUT,114,4,benchKey_11_77,bytes=30;client_id=11;clients=50
1779646944268,PUT,114,4,benchKey_25_77,bytes=30;client_id=25;clients=50
1779646944270,PUT,106,4,benchKey_12_77,bytes=30;client_id=12;clients=50
1779646944272,PUT,101,4,benchKey_10_77,bytes=30;client_id=10;clients=50
1779646944272,PUT,105,4,benchKey_27_77,bytes=30;client_id=27;clients=50
1779646944279,PUT,100,4,benchKey_44_77,bytes=30;client_id=44;clients=50
1779646944279,PUT,107,4,benchKey_28_78,bytes=30;client_id=28;clients=50
1779646944279,PUT,101,4,benchKey_29_78,bytes=30;client_id=29;clients=50
1779646944281,PUT,101,4,benchKey_2_78,bytes=29;client_id=2;clients=50
1779646944283,PUT,103,4,benchKey_42_77,bytes=30;client_id=42;clients=50
1779646944283,PUT,101,4,benchKey_32_77,bytes=30;client_id=32;clients=50
1779646944283,PUT,104,4,benchKey_41_77,bytes=30;client_id=41;clients=50
1779646944292,PUT,109,4,benchKey_39_78,bytes=30;client_id=39;clients=50
1779646944294,PUT,107,4,benchKey_30_78,bytes=30;client_id=30;clients=50
1779646944297,PUT,110,4,benchKey_0_78,bytes=29;client_id=0;clients=50
1779646944299,PUT,106,4,benchKey_16_77,bytes=30;client_id=16;clients=50
1779646944310,PUT,115,4,benchKey_23_77,bytes=30;client_id=23;clients=50
1779646944310,PUT,113,4,benchKey_31_78,bytes=30;client_id=31;clients=50
1779646944310,PUT,118,4,benchKey_13_77,bytes=30;client_id=13;clients=50
1779646944311,PUT,117,4,benchKey_43_77,bytes=30;client_id=43;clients=50
1779646944312,PUT,115,4,benchKey_48_78,bytes=30;client_id=48;clients=50
1779646944312,PUT,114,4,benchKey_38_77,bytes=30;client_id=38;clients=50
1779646944314,PUT,106,4,benchKey_49_77,bytes=30;client_id=49;clients=50
1779646944315,PUT,106,4,benchKey_22_78,bytes=30;client_id=22;clients=50
1779646944316,PUT,103,4,benchKey_35_78,bytes=30;client_id=35;clients=50
1779646944322,PUT,100,4,benchKey_3_78,bytes=29;client_id=3;clients=50
1779646944322,PUT,99,4,benchKey_15_78,bytes=30;client_id=15;clients=50
1779646944322,PUT,108,4,benchKey_24_77,bytes=30;client_id=24;clients=50
1779646944324,PUT,101,4,benchKey_36_78,bytes=30;client_id=36;clients=50
1779646944326,PUT,100,4,benchKey_5_78,bytes=29;client_id=5;clients=50
1779646944326,PUT,103,4,benchKey_17_78,bytes=30;client_id=17;clients=50
1779646944327,PUT,102,4,benchKey_1_78,bytes=29;client_id=1;clients=50
1779646944335,PUT,108,4,benchKey_18_78,bytes=30;client_id=18;clients=50
1779646944337,PUT,107,4,benchKey_33_78,bytes=30;client_id=33;clients=50
1779646944339,PUT,109,4,benchKey_34_78,bytes=30;client_id=34;clients=50
1779646944340,PUT,105,4,benchKey_47_78,bytes=30;client_id=47;clients=50
1779646944352,PUT,112,4,benchKey_26_78,bytes=30;client_id=26;clients=50
1779646944352,PUT,116,4,benchKey_4_78,bytes=29;client_id=4;clients=50
1779646944353,PUT,116,4,benchKey_14_78,bytes=30;client_id=14;clients=50
1779646944353,PUT,115,4,benchKey_19_78,bytes=30;client_id=19;clients=50
1779646944354,PUT,113,4,benchKey_21_78,bytes=30;client_id=21;clients=50
1779646944355,PUT,115,4,benchKey_40_79,bytes=30;client_id=40;clients=50
1779646944356,PUT,107,4,benchKey_7_78,bytes=29;client_id=7;clients=50
1779646944358,PUT,102,4,benchKey_37_78,bytes=30;client_id=37;clients=50
1779646944358,PUT,106,4,benchKey_9_78,bytes=29;client_id=9;clients=50
1779646944364,PUT,98,4,benchKey_45_78,bytes=30;client_id=45;clients=50
1779646944364,PUT,107,4,benchKey_20_78,bytes=30;client_id=20;clients=50
1779646944365,PUT,98,4,benchKey_8_78,bytes=29;client_id=8;clients=50
1779646944367,PUT,100,4,benchKey_46_78,bytes=30;client_id=46;clients=50
1779646944368,PUT,100,4,benchKey_11_78,bytes=30;client_id=11;clients=50
1779646944369,PUT,100,4,benchKey_25_78,bytes=30;client_id=25;clients=50
1779646944369,PUT,102,4,benchKey_6_78,bytes=29;client_id=6;clients=50
1779646944376,PUT,105,4,benchKey_12_78,bytes=30;client_id=12;clients=50
1779646944379,PUT,107,4,benchKey_10_78,bytes=30;client_id=10;clients=50
1779646944380,PUT,107,4,benchKey_27_78,bytes=30;client_id=27;clients=50
1779646944381,PUT,102,4,benchKey_28_79,bytes=30;client_id=28;clients=50
1779646944394,PUT,115,4,benchKey_29_79,bytes=30;client_id=29;clients=50
1779646944394,PUT,111,4,benchKey_42_78,bytes=30;client_id=42;clients=50
1779646944394,PUT,115,4,benchKey_44_78,bytes=30;client_id=44;clients=50
1779646944394,PUT,113,4,benchKey_2_79,bytes=29;client_id=2;clients=50
1779646944395,PUT,112,4,benchKey_32_78,bytes=30;client_id=32;clients=50
1779646944397,PUT,104,4,benchKey_39_79,bytes=30;client_id=39;clients=50
1779646944397,PUT,113,4,benchKey_41_78,bytes=30;client_id=41;clients=50
1779646944399,PUT,104,4,benchKey_30_79,bytes=30;client_id=30;clients=50
1779646944401,PUT,103,4,benchKey_0_79,bytes=29;client_id=0;clients=50
1779646944406,PUT,96,4,benchKey_23_78,bytes=30;client_id=23;clients=50
1779646944406,PUT,95,4,benchKey_31_79,bytes=30;client_id=31;clients=50
1779646944406,PUT,107,4,benchKey_16_78,bytes=30;client_id=16;clients=50
1779646944409,PUT,98,4,benchKey_13_78,bytes=30;client_id=13;clients=50
1779646944409,PUT,97,4,benchKey_43_78,bytes=30;client_id=43;clients=50
1779646944411,PUT,98,4,benchKey_38_78,bytes=30;client_id=38;clients=50
1779646944411,PUT,98,4,benchKey_48_79,bytes=30;client_id=48;clients=50
1779646944417,PUT,103,4,benchKey_49_78,bytes=30;client_id=49;clients=50
1779646944421,PUT,106,4,benchKey_22_79,bytes=30;client_id=22;clients=50
1779646944421,PUT,105,4,benchKey_35_79,bytes=30;client_id=35;clients=50
1779646944423,PUT,100,4,benchKey_3_79,bytes=29;client_id=3;clients=50
1779646944437,PUT,110,4,benchKey_17_79,bytes=30;client_id=17;clients=50
1779646944437,PUT,114,4,benchKey_15_79,bytes=30;client_id=15;clients=50
1779646944437,PUT,111,4,benchKey_5_79,bytes=29;client_id=5;clients=50
1779646944437,PUT,114,4,benchKey_24_78,bytes=30;client_id=24;clients=50
1779646944438,PUT,113,4,benchKey_36_79,bytes=30;client_id=36;clients=50
1779646944439,PUT,112,4,benchKey_1_79,bytes=29;client_id=1;clients=50
1779646944439,PUT,104,4,benchKey_18_79,bytes=30;client_id=18;clients=50
1779646944442,PUT,105,4,benchKey_33_79,bytes=30;client_id=33;clients=50
1779646944444,PUT,104,4,benchKey_34_79,bytes=30;client_id=34;clients=50
1779646944448,PUT,96,4,benchKey_26_79,bytes=30;client_id=26;clients=50
1779646944448,PUT,96,4,benchKey_4_79,bytes=29;client_id=4;clients=50
1779646944448,PUT,108,4,benchKey_47_79,bytes=30;client_id=47;clients=50
1779646944451,PUT,97,4,benchKey_19_79,bytes=30;client_id=19;clients=50
1779646944451,PUT,98,4,benchKey_14_79,bytes=30;client_id=14;clients=50
1779646944454,PUT,98,4,benchKey_40_80,bytes=30;client_id=40;clients=50
1779646944454,PUT,100,4,benchKey_21_79,bytes=30;client_id=21;clients=50
1779646944459,PUT,102,4,benchKey_7_79,bytes=29;client_id=7;clients=50
1779646944465,PUT,106,4,benchKey_37_79,bytes=30;client_id=37;clients=50
1779646944465,PUT,101,4,benchKey_45_79,bytes=30;client_id=45;clients=50
1779646944465,PUT,107,4,benchKey_9_79,bytes=29;client_id=9;clients=50
1779646944481,PUT,116,4,benchKey_20_79,bytes=30;client_id=20;clients=50
1779646944482,PUT,113,4,benchKey_11_79,bytes=30;client_id=11;clients=50
1779646944482,PUT,113,4,benchKey_6_79,bytes=29;client_id=6;clients=50
1779646944482,PUT,113,4,benchKey_25_79,bytes=30;client_id=25;clients=50
1779646944482,PUT,115,4,benchKey_46_79,bytes=30;client_id=46;clients=50
1779646944483,PUT,118,4,benchKey_8_79,bytes=29;client_id=8;clients=50
1779646944484,PUT,108,4,benchKey_12_79,bytes=30;client_id=12;clients=50
1779646944486,PUT,107,4,benchKey_10_79,bytes=30;client_id=10;clients=50
1779646944487,PUT,107,4,benchKey_27_79,bytes=30;client_id=27;clients=50
1779646944492,PUT,97,4,benchKey_42_79,bytes=30;client_id=42;clients=50
1779646944492,PUT,97,4,benchKey_29_80,bytes=30;client_id=29;clients=50
1779646944492,PUT,110,4,benchKey_28_80,bytes=30;client_id=28;clients=50
1779646944493,PUT,98,4,benchKey_44_79,bytes=30;client_id=44;clients=50
1779646944494,PUT,99,4,benchKey_2_80,bytes=29;client_id=2;clients=50
1779646944498,PUT,102,4,benchKey_32_79,bytes=30;client_id=32;clients=50
1779646944498,PUT,101,4,benchKey_39_80,bytes=30;client_id=39;clients=50
1779646944501,PUT,104,4,benchKey_41_79,bytes=30;client_id=41;clients=50
1779646944508,PUT,101,4,benchKey_23_79,bytes=30;client_id=23;clients=50
1779646944508,PUT,108,4,benchKey_30_80,bytes=30;client_id=30;clients=50
1779646944508,PUT,107,4,benchKey_0_80,bytes=29;client_id=0;clients=50
1779646944525,PUT,118,4,benchKey_31_80,bytes=30;client_id=31;clients=50
1779646944527,PUT,117,4,benchKey_13_79,bytes=30;client_id=13;clients=50
1779646944527,PUT,115,4,benchKey_48_80,bytes=30;client_id=48;clients=50
1779646944528,PUT,122,4,benchKey_16_79,bytes=30;client_id=16;clients=50
1779646944528,PUT,117,4,benchKey_38_79,bytes=30;client_id=38;clients=50
1779646944530,PUT,112,4,benchKey_49_79,bytes=30;client_id=49;clients=50
1779646944530,PUT,108,4,benchKey_22_80,bytes=30;client_id=22;clients=50
1779646944530,PUT,108,4,benchKey_35_80,bytes=30;client_id=35;clients=50
1779646944531,PUT,122,4,benchKey_43_79,bytes=30;client_id=43;clients=50
1779646944535,PUT,97,4,benchKey_17_80,bytes=30;client_id=17;clients=50
1779646944536,PUT,98,4,benchKey_5_80,bytes=29;client_id=5;clients=50
1779646944537,PUT,99,4,benchKey_24_79,bytes=30;client_id=24;clients=50
1779646944537,PUT,100,4,benchKey_15_80,bytes=30;client_id=15;clients=50
1779646944538,PUT,115,4,benchKey_3_80,bytes=29;client_id=3;clients=50
1779646944541,PUT,101,4,benchKey_1_80,bytes=29;client_id=1;clients=50
1779646944541,PUT,103,4,benchKey_36_80,bytes=30;client_id=36;clients=50
1779646944543,PUT,104,4,benchKey_18_80,bytes=30;client_id=18;clients=50
1779646944551,PUT,102,4,benchKey_26_80,bytes=30;client_id=26;clients=50
1779646944551,PUT,106,4,benchKey_34_80,bytes=30;client_id=34;clients=50
1779646944551,PUT,108,4,benchKey_33_80,bytes=30;client_id=33;clients=50
1779646944568,PUT,119,4,benchKey_4_80,bytes=29;client_id=4;clients=50
1779646944572,PUT,117,4,benchKey_21_80,bytes=30;client_id=21;clients=50
1779646944572,PUT,123,4,benchKey_47_80,bytes=30;client_id=47;clients=50
1779646944572,PUT,121,4,benchKey_14_80,bytes=30;client_id=14;clients=50
1779646944573,PUT,119,4,benchKey_40_81,bytes=30;client_id=40;clients=50
1779646944574,PUT,123,4,benchKey_19_80,bytes=30;client_id=19;clients=50
1779646944574,PUT,109,4,benchKey_45_80,bytes=30;client_id=45;clients=50
1779646944575,PUT,109,4,benchKey_37_80,bytes=30;client_id=37;clients=50
1779646944575,PUT,116,4,benchKey_7_80,bytes=29;client_id=7;clients=50
1779646944578,PUT,113,4,benchKey_9_80,bytes=29;client_id=9;clients=50
1779646944580,PUT,97,4,benchKey_6_80,bytes=29;client_id=6;clients=50
1779646944580,PUT,98,4,benchKey_20_80,bytes=30;client_id=20;clients=50
1779646944580,PUT,97,4,benchKey_11_80,bytes=30;client_id=11;clients=50
1779646944581,PUT,97,4,benchKey_46_80,bytes=30;client_id=46;clients=50
1779646944582,PUT,99,4,benchKey_8_80,bytes=29;client_id=8;clients=50
1779646944584,PUT,100,4,benchKey_25_80,bytes=30;client_id=25;clients=50
1779646944585,PUT,100,4,benchKey_12_80,bytes=30;client_id=12;clients=50
1779646944593,PUT,107,4,benchKey_10_80,bytes=30;client_id=10;clients=50
1779646944595,PUT,107,4,benchKey_27_80,bytes=30;client_id=27;clients=50
1779646944595,PUT,103,4,benchKey_42_80,bytes=30;client_id=42;clients=50
1779646944610,PUT,118,4,benchKey_29_81,bytes=30;client_id=29;clients=50
1779646944616,PUT,122,4,benchKey_44_80,bytes=30;client_id=44;clients=50
1779646944616,PUT,121,4,benchKey_2_81,bytes=29;client_id=2;clients=50
1779646944616,PUT,118,4,benchKey_32_80,bytes=30;client_id=32;clients=50
1779646944617,PUT,118,4,benchKey_39_81,bytes=30;client_id=39;clients=50
1779646944618,PUT,116,4,benchKey_41_80,bytes=30;client_id=41;clients=50
1779646944618,PUT,126,4,benchKey_28_81,bytes=30;client_id=28;clients=50
1779646944618,PUT,110,4,benchKey_23_80,bytes=30;client_id=23;clients=50
1779646944619,PUT,111,4,benchKey_30_81,bytes=30;client_id=30;clients=50
1779646944621,PUT,112,4,benchKey_0_81,bytes=29;client_id=0;clients=50
1779646944623,PUT,95,4,benchKey_13_80,bytes=30;client_id=13;clients=50
1779646944623,PUT,96,4,benchKey_48_81,bytes=30;client_id=48;clients=50
1779646944623,PUT,98,4,benchKey_31_81,bytes=30;client_id=31;clients=50
1779646944624,PUT,96,4,benchKey_16_80,bytes=30;client_id=16;clients=50
1779646944626,PUT,97,4,benchKey_38_80,bytes=30;client_id=38;clients=50
1779646944627,PUT,97,4,benchKey_49_80,bytes=30;client_id=49;clients=50
1779646944628,PUT,97,4,benchKey_22_81,bytes=30;client_id=22;clients=50
1779646944635,PUT,104,4,benchKey_35_81,bytes=30;client_id=35;clients=50
1779646944638,PUT,103,4,benchKey_17_81,bytes=30;client_id=17;clients=50
1779646944639,PUT,107,4,benchKey_43_80,bytes=30;client_id=43;clients=50
1779646944654,PUT,117,4,benchKey_5_81,bytes=29;client_id=5;clients=50
1779646944660,PUT,122,4,benchKey_24_80,bytes=30;client_id=24;clients=50
1779646944660,PUT,121,4,benchKey_3_81,bytes=29;client_id=3;clients=50
1779646944660,PUT,122,4,benchKey_15_81,bytes=30;client_id=15;clients=50
1779646944661,PUT,120,4,benchKey_1_81,bytes=29;client_id=1;clients=50
1779646944662,PUT,118,4,benchKey_18_81,bytes=30;client_id=18;clients=50
1779646944662,PUT,111,4,benchKey_34_81,bytes=30;client_id=34;clients=50
1779646944663,PUT,112,4,benchKey_26_81,bytes=30;client_id=26;clients=50
1779646944664,PUT,122,4,benchKey_36_81,bytes=30;client_id=36;clients=50
1779646944664,PUT,113,4,benchKey_33_81,bytes=30;client_id=33;clients=50
1779646944666,PUT,97,4,benchKey_4_81,bytes=29;client_id=4;clients=50
1779646944668,PUT,95,4,benchKey_47_81,bytes=30;client_id=47;clients=50
1779646944668,PUT,95,4,benchKey_21_81,bytes=30;client_id=21;clients=50
1779646944668,PUT,94,4,benchKey_40_82,bytes=30;client_id=40;clients=50
1779646944669,PUT,95,4,benchKey_14_81,bytes=30;client_id=14;clients=50
1779646944670,PUT,95,4,benchKey_19_81,bytes=30;client_id=19;clients=50
1779646944671,PUT,96,4,benchKey_45_81,bytes=30;client_id=45;clients=50
1779646944677,PUT,102,4,benchKey_37_81,bytes=30;client_id=37;clients=50
1779646944681,PUT,106,4,benchKey_7_81,bytes=29;client_id=7;clients=50
1779646944682,PUT,103,4,benchKey_9_81,bytes=29;client_id=9;clients=50
1779646944696,PUT,115,4,benchKey_6_81,bytes=29;client_id=6;clients=50
1779646944704,PUT,123,4,benchKey_11_81,bytes=30;client_id=11;clients=50
1779646944705,PUT,121,4,benchKey_25_81,bytes=30;client_id=25;clients=50
1779646944705,PUT,124,4,benchKey_46_81,bytes=30;client_id=46;clients=50
1779646944706,PUT,126,4,benchKey_20_81,bytes=30;client_id=20;clients=50
1779646944706,PUT,112,4,benchKey_10_81,bytes=30;client_id=10;clients=50
1779646944706,PUT,124,4,benchKey_8_81,bytes=29;client_id=8;clients=50
1779646944707,PUT,122,4,benchKey_12_81,bytes=30;client_id=12;clients=50
1779646944708,PUT,112,4,benchKey_27_81,bytes=30;client_id=27;clients=50
1779646944709,PUT,99,4,benchKey_29_82,bytes=30;client_id=29;clients=50
1779646944709,PUT,114,4,benchKey_42_81,bytes=30;client_id=42;clients=50
1779646944711,PUT,95,4,benchKey_32_81,bytes=30;client_id=32;clients=50
1779646944712,PUT,96,4,benchKey_44_81,bytes=30;client_id=44;clients=50
1779646944714,PUT,95,4,benchKey_41_81,bytes=30;client_id=41;clients=50
1779646944714,PUT,98,4,benchKey_2_82,bytes=29;client_id=2;clients=50
1779646944714,PUT,95,4,benchKey_28_82,bytes=30;client_id=28;clients=50
1779646944715,PUT,98,4,benchKey_39_82,bytes=30;client_id=39;clients=50
1779646944719,PUT,101,4,benchKey_23_81,bytes=30;client_id=23;clients=50
1779646944724,PUT,103,4,benchKey_0_82,bytes=29;client_id=0;clients=50
1779646944725,PUT,105,4,benchKey_30_82,bytes=30;client_id=30;clients=50
1779646944740,PUT,117,4,benchKey_13_81,bytes=30;client_id=13;clients=50
1779646944747,PUT,124,4,benchKey_48_82,bytes=30;client_id=48;clients=50
1779646944749,PUT,125,4,benchKey_31_82,bytes=30;client_id=31;clients=50
1779646944750,PUT,125,4,benchKey_16_81,bytes=30;client_id=16;clients=50
1779646944750,PUT,114,4,benchKey_35_82,bytes=30;client_id=35;clients=50
1779646944751,PUT,122,4,benchKey_22_82,bytes=30;client_id=22;clients=50
1779646944750,PUT,122,4,benchKey_49_81,bytes=30;client_id=49;clients=50
1779646944751,PUT,125,4,benchKey_38_81,bytes=30;client_id=38;clients=50
1779646944752,PUT,113,4,benchKey_17_82,bytes=30;client_id=17;clients=50
1779646944753,PUT,99,4,benchKey_5_82,bytes=29;client_id=5;clients=50
1779646944755,PUT,95,4,benchKey_24_81,bytes=30;client_id=24;clients=50
1779646944757,PUT,97,4,benchKey_15_82,bytes=30;client_id=15;clients=50
1779646944758,PUT,96,4,benchKey_1_82,bytes=29;client_id=1;clients=50
1779646944758,PUT,119,4,benchKey_43_81,bytes=30;client_id=43;clients=50
1779646944758,PUT,98,4,benchKey_3_82,bytes=29;client_id=3;clients=50
1779646944758,PUT,95,4,benchKey_18_82,bytes=30;client_id=18;clients=50
1779646944760,PUT,97,4,benchKey_34_82,bytes=30;client_id=34;clients=50
1779646944762,PUT,98,4,benchKey_26_82,bytes=30;client_id=26;clients=50
1779646944766,PUT,102,4,benchKey_36_82,bytes=30;client_id=36;clients=50
1779646944768,PUT,104,4,benchKey_33_82,bytes=30;client_id=33;clients=50
1779646944784,PUT,118,4,benchKey_4_82,bytes=29;client_id=4;clients=50
1779646944791,PUT,123,4,benchKey_47_82,bytes=30;client_id=47;clients=50
1779646944793,PUT,124,4,benchKey_21_82,bytes=30;client_id=21;clients=50
1779646944795,PUT,127,4,benchKey_40_83,bytes=30;client_id=40;clients=50
1779646944796,PUT,118,4,benchKey_37_82,bytes=30;client_id=37;clients=50
1779646944797,PUT,127,4,benchKey_19_82,bytes=30;client_id=19;clients=50
1779646944798,PUT,116,4,benchKey_7_82,bytes=29;client_id=7;clients=50
1779646944799,PUT,128,4,benchKey_45_82,bytes=30;client_id=45;clients=50
1779646944800,PUT,104,4,benchKey_6_82,bytes=29;client_id=6;clients=50
1779646944802,PUT,97,4,benchKey_25_82,bytes=30;client_id=25;clients=50
1779646944801,PUT,119,4,benchKey_9_82,bytes=29;client_id=9;clients=50
1779646944803,PUT,99,4,benchKey_11_82,bytes=30;client_id=11;clients=50
1779646944804,PUT,135,4,benchKey_14_82,bytes=30;client_id=14;clients=50
1779646944805,PUT,98,4,benchKey_20_82,bytes=30;client_id=20;clients=50
1779646944805,PUT,99,4,benchKey_46_82,bytes=30;client_id=46;clients=50
1779646944806,PUT,98,4,benchKey_12_82,bytes=30;client_id=12;clients=50
1779646944807,PUT,100,4,benchKey_10_82,bytes=30;client_id=10;clients=50
1779646944808,PUT,101,4,benchKey_8_82,bytes=29;client_id=8;clients=50
1779646944810,PUT,101,4,benchKey_27_82,bytes=30;client_id=27;clients=50
1779646944813,PUT,103,4,benchKey_29_83,bytes=30;client_id=29;clients=50
1779646944827,PUT,117,4,benchKey_42_82,bytes=30;client_id=42;clients=50
1779646944834,PUT,123,4,benchKey_32_82,bytes=30;client_id=32;clients=50
1779646944837,PUT,125,4,benchKey_44_82,bytes=30;client_id=44;clients=50
1779646944839,PUT,124,4,benchKey_28_83,bytes=30;client_id=28;clients=50
1779646944841,PUT,126,4,benchKey_39_83,bytes=30;client_id=39;clients=50
1779646944841,PUT,127,4,benchKey_2_83,bytes=29;client_id=2;clients=50
1779646944843,PUT,129,4,benchKey_41_82,bytes=30;client_id=41;clients=50
1779646944845,PUT,125,4,benchKey_23_82,bytes=30;client_id=23;clients=50
1779646944846,PUT,95,4,benchKey_16_82,bytes=30;client_id=16;clients=50
1779646944847,PUT,96,4,benchKey_31_83,bytes=30;client_id=31;clients=50
1779646944847,PUT,123,4,benchKey_0_83,bytes=29;client_id=0;clients=50
1779646944847,PUT,107,4,benchKey_13_82,bytes=30;client_id=13;clients=50
1779646944847,PUT,96,4,benchKey_35_83,bytes=30;client_id=35;clients=50
1779646944848,PUT,100,4,benchKey_48_83,bytes=30;client_id=48;clients=50
1779646944848,PUT,97,4,benchKey_22_83,bytes=30;client_id=22;clients=50
1779646944848,PUT,123,4,benchKey_30_83,bytes=30;client_id=30;clients=50
1779646944849,PUT,97,4,benchKey_49_82,bytes=30;client_id=49;clients=50
1779646944850,PUT,98,4,benchKey_38_82,bytes=30;client_id=38;clients=50
1779646944854,PUT,100,4,benchKey_5_83,bytes=29;client_id=5;clients=50
1779646944855,PUT,102,4,benchKey_17_83,bytes=30;client_id=17;clients=50
1779646944870,PUT,114,4,benchKey_24_82,bytes=30;client_id=24;clients=50
1779646944878,PUT,120,4,benchKey_15_83,bytes=30;client_id=15;clients=50
1779646944879,PUT,120,4,benchKey_1_83,bytes=29;client_id=1;clients=50
1779646944880,PUT,120,4,benchKey_43_82,bytes=30;client_id=43;clients=50
1779646944882,PUT,122,4,benchKey_3_83,bytes=29;client_id=3;clients=50
1779646944883,PUT,123,4,benchKey_18_83,bytes=30;client_id=18;clients=50
1779646944885,PUT,124,4,benchKey_34_83,bytes=30;client_id=34;clients=50
1779646944886,PUT,124,4,benchKey_26_83,bytes=30;client_id=26;clients=50
1779646944887,PUT,120,4,benchKey_36_83,bytes=30;client_id=36;clients=50
1779646944889,PUT,98,4,benchKey_47_83,bytes=30;client_id=47;clients=50
1779646944890,PUT,96,4,benchKey_21_83,bytes=30;client_id=21;clients=50
1779646944890,PUT,93,4,benchKey_19_83,bytes=30;client_id=19;clients=50
1779646944890,PUT,94,4,benchKey_40_84,bytes=30;client_id=40;clients=50
1779646944890,PUT,121,4,benchKey_33_83,bytes=30;client_id=33;clients=50
1779646944890,PUT,106,4,benchKey_4_83,bytes=29;client_id=4;clients=50
1779646944891,PUT,94,4,benchKey_37_83,bytes=30;client_id=37;clients=50
1779646944890,PUT,92,4,benchKey_7_83,bytes=29;client_id=7;clients=50
1779646944891,PUT,91,4,benchKey_45_83,bytes=30;client_id=45;clients=50
1779646944897,PUT,95,4,benchKey_6_83,bytes=29;client_id=6;clients=50
1779646944899,PUT,96,4,benchKey_25_83,bytes=30;client_id=25;clients=50
1779646944913,PUT,110,4,benchKey_9_83,bytes=29;client_id=9;clients=50
1779646944920,PUT,116,4,benchKey_11_83,bytes=30;client_id=11;clients=50
1779646944921,PUT,116,4,benchKey_14_83,bytes=30;client_id=14;clients=50
1779646944922,PUT,117,4,benchKey_20_83,bytes=30;client_id=20;clients=50
1779646944925,PUT,119,4,benchKey_46_83,bytes=30;client_id=46;clients=50
1779646944925,PUT,118,4,benchKey_12_83,bytes=30;client_id=12;clients=50
1779646944928,PUT,120,4,benchKey_10_83,bytes=30;client_id=10;clients=50
1779646944930,PUT,121,4,benchKey_8_83,bytes=29;client_id=8;clients=50
1779646944930,PUT,119,4,benchKey_27_83,bytes=30;client_id=27;clients=50
1779646944932,PUT,94,4,benchKey_44_83,bytes=30;client_id=44;clients=50
1779646944933,PUT,105,4,benchKey_42_83,bytes=30;client_id=42;clients=50
1779646944934,PUT,93,4,benchKey_2_84,bytes=29;client_id=2;clients=50
1779646944934,PUT,91,4,benchKey_41_83,bytes=30;client_id=41;clients=50
1779646944934,PUT,99,4,benchKey_32_83,bytes=30;client_id=32;clients=50
1779646944935,PUT,94,4,benchKey_39_84,bytes=30;client_id=39;clients=50
1779646944936,PUT,123,4,benchKey_29_84,bytes=30;client_id=29;clients=50
1779646944936,PUT,97,4,benchKey_28_84,bytes=30;client_id=28;clients=50
1779646944938,PUT,93,4,benchKey_23_83,bytes=30;client_id=23;clients=50
1779646944940,PUT,94,4,benchKey_16_83,bytes=30;client_id=16;clients=50
1779646944942,PUT,95,4,benchKey_0_84,bytes=29;client_id=0;clients=50
1779646944957,PUT,109,4,benchKey_31_84,bytes=30;client_id=31;clients=50
1779646944963,PUT,115,4,benchKey_35_84,bytes=30;client_id=35;clients=50
1779646944963,PUT,115,4,benchKey_13_83,bytes=30;client_id=13;clients=50
1779646944965,PUT,117,4,benchKey_48_84,bytes=30;client_id=48;clients=50
1779646944967,PUT,118,4,benchKey_30_84,bytes=30;client_id=30;clients=50
1779646944967,PUT,118,4,benchKey_22_84,bytes=30;client_id=22;clients=50
1779646944971,PUT,121,4,benchKey_49_83,bytes=30;client_id=49;clients=50
1779646944972,PUT,122,4,benchKey_38_83,bytes=30;client_id=38;clients=50
1779646944973,PUT,118,4,benchKey_5_84,bytes=29;client_id=5;clients=50
1779646944976,PUT,105,4,benchKey_24_83,bytes=30;client_id=24;clients=50
1779646944976,PUT,121,4,benchKey_17_84,bytes=30;client_id=17;clients=50
1779646944977,PUT,98,4,benchKey_15_84,bytes=30;client_id=15;clients=50
1779646944978,PUT,95,4,benchKey_3_84,bytes=29;client_id=3;clients=50
1779646944979,PUT,98,4,benchKey_43_83,bytes=30;client_id=43;clients=50
1779646944979,PUT,99,4,benchKey_1_84,bytes=29;client_id=1;clients=50
1779646944979,PUT,93,4,benchKey_34_84,bytes=30;client_id=34;clients=50
1779646944980,PUT,96,4,benchKey_18_84,bytes=30;client_id=18;clients=50
1779646944981,PUT,94,4,benchKey_26_84,bytes=30;client_id=26;clients=50
1779646944982,PUT,94,4,benchKey_36_84,bytes=30;client_id=36;clients=50
1779646944986,PUT,96,4,benchKey_47_84,bytes=30;client_id=47;clients=50
1779646944999,PUT,109,4,benchKey_21_84,bytes=30;client_id=21;clients=50
1779646945005,PUT,115,4,benchKey_19_84,bytes=30;client_id=19;clients=50
1779646945005,PUT,115,4,benchKey_40_85,bytes=30;client_id=40;clients=50
1779646945006,PUT,115,4,benchKey_33_84,bytes=30;client_id=33;clients=50
1779646945009,PUT,118,4,benchKey_37_84,bytes=30;client_id=37;clients=50
1779646945009,PUT,118,4,benchKey_4_84,bytes=29;client_id=4;clients=50
1779646945012,PUT,121,4,benchKey_7_84,bytes=29;client_id=7;clients=50
1779646945013,PUT,121,4,benchKey_45_84,bytes=30;client_id=45;clients=50
1779646945014,PUT,116,4,benchKey_6_84,bytes=29;client_id=6;clients=50
1779646945018,PUT,119,4,benchKey_25_84,bytes=30;client_id=25;clients=50
1779646945018,PUT,98,4,benchKey_11_84,bytes=30;client_id=11;clients=50
1779646945019,PUT,105,4,benchKey_9_84,bytes=29;client_id=9;clients=50
1779646945020,PUT,99,4,benchKey_14_84,bytes=30;client_id=14;clients=50
1779646945021,PUT,98,4,benchKey_20_84,bytes=30;client_id=20;clients=50
1779646945021,PUT,96,4,benchKey_46_84,bytes=30;client_id=46;clients=50
1779646945021,PUT,93,4,benchKey_10_84,bytes=30;client_id=10;clients=50
1779646945022,PUT,97,4,benchKey_12_84,bytes=30;client_id=12;clients=50
1779646945023,PUT,93,4,benchKey_8_84,bytes=29;client_id=8;clients=50
1779646945023,PUT,93,4,benchKey_27_84,bytes=30;client_id=27;clients=50
1779646945028,PUT,95,4,benchKey_44_84,bytes=30;client_id=44;clients=50
1779646945041,PUT,108,4,benchKey_42_84,bytes=30;client_id=42;clients=50
1779646945047,PUT,112,4,benchKey_41_84,bytes=30;client_id=41;clients=50
1779646945047,PUT,112,4,benchKey_2_85,bytes=29;client_id=2;clients=50
1779646945047,PUT,112,4,benchKey_32_84,bytes=30;client_id=32;clients=50
1779646945050,PUT,113,4,benchKey_29_85,bytes=30;client_id=29;clients=50
1779646945050,PUT,113,4,benchKey_39_85,bytes=30;client_id=39;clients=50
1779646945053,PUT,116,4,benchKey_28_85,bytes=30;client_id=28;clients=50
1779646945054,PUT,115,4,benchKey_23_84,bytes=30;client_id=23;clients=50
1779646945055,PUT,114,4,benchKey_16_84,bytes=30;client_id=16;clients=50
1779646945060,PUT,117,4,benchKey_0_85,bytes=29;client_id=0;clients=50
1779646945061,PUT,97,4,benchKey_35_85,bytes=30;client_id=35;clients=50
1779646945061,PUT,97,4,benchKey_13_84,bytes=30;client_id=13;clients=50
1779646945062,PUT,105,4,benchKey_31_85,bytes=30;client_id=31;clients=50
1779646945063,PUT,95,4,benchKey_22_85,bytes=30;client_id=22;clients=50
1779646945063,PUT,92,4,benchKey_49_84,bytes=30;client_id=49;clients=50
1779646945063,PUT,96,4,benchKey_30_85,bytes=30;client_id=30;clients=50
1779646945064,PUT,98,4,benchKey_48_85,bytes=30;client_id=48;clients=50
1779646945065,PUT,93,4,benchKey_38_84,bytes=30;client_id=38;clients=50
1779646945065,PUT,92,4,benchKey_5_85,bytes=29;client_id=5;clients=50
1779646945069,PUT,92,4,benchKey_24_84,bytes=30;client_id=24;clients=50
1779646945084,PUT,108,4,benchKey_17_85,bytes=30;client_id=17;clients=50
1779646945090,PUT,112,4,benchKey_3_85,bytes=29;client_id=3;clients=50
1779646945090,PUT,113,4,benchKey_15_85,bytes=30;client_id=15;clients=50
1779646945090,PUT,111,4,benchKey_43_84,bytes=30;client_id=43;clients=50
1779646945093,PUT,113,4,benchKey_34_85,bytes=30;client_id=34;clients=50
1779646945093,PUT,114,4,benchKey_1_85,bytes=29;client_id=1;clients=50
1779646945095,PUT,115,4,benchKey_18_85,bytes=30;client_id=18;clients=50
1779646945096,PUT,115,4,benchKey_26_85,bytes=30;client_id=26;clients=50
1779646945097,PUT,114,4,benchKey_36_85,bytes=30;client_id=36;clients=50
1779646945101,PUT,115,4,benchKey_47_85,bytes=30;client_id=47;clients=50
1779646945102,PUT,96,4,benchKey_19_85,bytes=30;client_id=19;clients=50
1779646945103,PUT,97,4,benchKey_40_86,bytes=30;client_id=40;clients=50
1779646945103,PUT,103,4,benchKey_21_85,bytes=30;client_id=21;clients=50
1779646945104,PUT,98,4,benchKey_33_85,bytes=30;client_id=33;clients=50
1779646945105,PUT,95,4,benchKey_4_85,bytes=29;client_id=4;clients=50
1779646945105,PUT,93,4,benchKey_7_85,bytes=29;client_id=7;clients=50
1779646945105,PUT,96,4,benchKey_37_85,bytes=30;client_id=37;clients=50
1779646945106,PUT,92,4,benchKey_6_85,bytes=29;client_id=6;clients=50
1779646945106,PUT,93,4,benchKey_45_85,bytes=30;client_id=45;clients=50
1779646945111,PUT,92,4,benchKey_25_85,bytes=30;client_id=25;clients=50
1779646945127,PUT,108,4,benchKey_11_85,bytes=30;client_id=11;clients=50
1779646945132,PUT,111,4,benchKey_14_85,bytes=30;client_id=14;clients=50
1779646945132,PUT,110,4,benchKey_20_85,bytes=30;client_id=20;clients=50
1779646945133,PUT,113,4,benchKey_9_85,bytes=29;client_id=9;clients=50
1779646945134,PUT,112,4,benchKey_10_85,bytes=30;client_id=10;clients=50
1779646945135,PUT,113,4,benchKey_46_85,bytes=30;client_id=46;clients=50
1779646945136,PUT,113,4,benchKey_12_85,bytes=30;client_id=12;clients=50
1779646945137,PUT,113,4,benchKey_27_85,bytes=30;client_id=27;clients=50
1779646945139,PUT,115,4,benchKey_8_85,bytes=29;client_id=8;clients=50
1779646945143,PUT,101,4,benchKey_42_85,bytes=30;client_id=42;clients=50
1779646945143,PUT,114,4,benchKey_44_85,bytes=30;client_id=44;clients=50
1779646945144,PUT,96,4,benchKey_41_85,bytes=30;client_id=41;clients=50
1779646945144,PUT,96,4,benchKey_2_86,bytes=29;client_id=2;clients=50
1779646945146,PUT,95,4,benchKey_39_86,bytes=30;client_id=39;clients=50
1779646945146,PUT,99,4,benchKey_32_85,bytes=30;client_id=32;clients=50
1779646945147,PUT,93,4,benchKey_28_86,bytes=30;client_id=28;clients=50
1779646945148,PUT,97,4,benchKey_29_86,bytes=30;client_id=29;clients=50
1779646945148,PUT,94,4,benchKey_23_85,bytes=30;client_id=23;clients=50
1779646945148,PUT,93,4,benchKey_16_85,bytes=30;client_id=16;clients=50
1779646945154,PUT,93,4,benchKey_0_86,bytes=29;client_id=0;clients=50
1779646945169,PUT,108,4,benchKey_35_86,bytes=30;client_id=35;clients=50
1779646945174,PUT,112,4,benchKey_31_86,bytes=30;client_id=31;clients=50
1779646945174,PUT,111,4,benchKey_22_86,bytes=30;client_id=22;clients=50
1779646945174,PUT,113,4,benchKey_13_85,bytes=30;client_id=13;clients=50
1779646945176,PUT,112,4,benchKey_30_86,bytes=30;client_id=30;clients=50
1779646945176,PUT,112,4,benchKey_49_85,bytes=30;client_id=49;clients=50
1779646945177,PUT,113,4,benchKey_48_86,bytes=30;client_id=48;clients=50
1779646945178,PUT,112,4,benchKey_38_85,bytes=30;client_id=38;clients=50
1779646945181,PUT,115,4,benchKey_5_86,bytes=29;client_id=5;clients=50
1779646945184,PUT,99,4,benchKey_17_86,bytes=30;client_id=17;clients=50
1779646945184,PUT,114,4,benchKey_24_85,bytes=30;client_id=24;clients=50
1779646945185,PUT,94,4,benchKey_3_86,bytes=29;client_id=3;clients=50
1779646945186,PUT,95,4,benchKey_43_85,bytes=30;client_id=43;clients=50
1779646945188,PUT,94,4,benchKey_34_86,bytes=30;client_id=34;clients=50
1779646945188,PUT,97,4,benchKey_15_86,bytes=30;client_id=15;clients=50
1779646945189,PUT,95,4,benchKey_1_86,bytes=29;client_id=1;clients=50
1779646945190,PUT,93,4,benchKey_36_86,bytes=30;client_id=36;clients=50
1779646945190,PUT,95,4,benchKey_18_86,bytes=30;client_id=18;clients=50
1779646945191,PUT,94,4,benchKey_26_86,bytes=30;client_id=26;clients=50
1779646945195,PUT,93,4,benchKey_47_86,bytes=30;client_id=47;clients=50
1779646945210,PUT,108,4,benchKey_19_86,bytes=30;client_id=19;clients=50
1779646945215,PUT,112,4,benchKey_21_86,bytes=30;client_id=21;clients=50
1779646945216,PUT,111,4,benchKey_33_86,bytes=30;client_id=33;clients=50
1779646945217,PUT,114,4,benchKey_40_87,bytes=30;client_id=40;clients=50
1779646945218,PUT,112,4,benchKey_4_86,bytes=29;client_id=4;clients=50
1779646945218,PUT,112,4,benchKey_37_86,bytes=30;client_id=37;clients=50
1779646945219,PUT,113,4,benchKey_7_86,bytes=29;client_id=7;clients=50
1779646945220,PUT,114,4,benchKey_6_86,bytes=29;client_id=6;clients=50
1779646945222,PUT,115,4,benchKey_45_86,bytes=30;client_id=45;clients=50
1779646945225,PUT,113,4,benchKey_25_86,bytes=30;client_id=25;clients=50
1779646945226,PUT,98,4,benchKey_11_86,bytes=30;client_id=11;clients=50
1779646945226,PUT,93,4,benchKey_14_86,bytes=30;client_id=14;clients=50
1779646945227,PUT,94,4,benchKey_20_86,bytes=30;client_id=20;clients=50
1779646945229,PUT,95,4,benchKey_10_86,bytes=30;client_id=10;clients=50
1779646945230,PUT,97,4,benchKey_9_86,bytes=29;client_id=9;clients=50
1779646945230,PUT,95,4,benchKey_46_86,bytes=30;client_id=46;clients=50
1779646945231,PUT,95,4,benchKey_12_86,bytes=30;client_id=12;clients=50
1779646945231,PUT,94,4,benchKey_27_86,bytes=30;client_id=27;clients=50
1779646945234,PUT,95,4,benchKey_8_86,bytes=29;client_id=8;clients=50
1779646945236,PUT,93,4,benchKey_42_86,bytes=30;client_id=42;clients=50
1779646945253,PUT,110,4,benchKey_44_86,bytes=30;client_id=44;clients=50
1779646945257,PUT,113,4,benchKey_41_86,bytes=30;client_id=41;clients=50
1779646945257,PUT,113,4,benchKey_2_87,bytes=29;client_id=2;clients=50
1779646945258,PUT,111,4,benchKey_39_87,bytes=30;client_id=39;clients=50
1779646945259,PUT,111,4,benchKey_28_87,bytes=30;client_id=28;clients=50
1779646945259,PUT,112,4,benchKey_32_86,bytes=30;client_id=32;clients=50
1779646945260,PUT,111,4,benchKey_29_87,bytes=30;client_id=29;clients=50
1779646945262,PUT,113,4,benchKey_23_86,bytes=30;client_id=23;clients=50
1779646945263,PUT,114,4,benchKey_16_86,bytes=30;client_id=16;clients=50
1779646945267,PUT,112,4,benchKey_0_87,bytes=29;client_id=0;clients=50
1779646945267,PUT,93,4,benchKey_31_87,bytes=30;client_id=31;clients=50
1779646945267,PUT,98,4,benchKey_35_87,bytes=30;client_id=35;clients=50
1779646945268,PUT,94,4,benchKey_22_87,bytes=30;client_id=22;clients=50
1779646945271,PUT,96,4,benchKey_13_86,bytes=30;client_id=13;clients=50
1779646945271,PUT,94,4,benchKey_30_87,bytes=30;client_id=30;clients=50
1779646945272,PUT,94,4,benchKey_48_87,bytes=30;client_id=48;clients=50
1779646945272,PUT,94,4,benchKey_38_86,bytes=30;client_id=38;clients=50
1779646945272,PUT,96,4,benchKey_49_86,bytes=30;client_id=49;clients=50
1779646945276,PUT,95,4,benchKey_5_87,bytes=29;client_id=5;clients=50
1779646945278,PUT,94,4,benchKey_17_87,bytes=30;client_id=17;clients=50
1779646945295,PUT,111,4,benchKey_24_86,bytes=30;client_id=24;clients=50
1779646945298,PUT,111,4,benchKey_43_86,bytes=30;client_id=43;clients=50
1779646945299,PUT,110,4,benchKey_34_87,bytes=30;client_id=34;clients=50
1779646945299,PUT,114,4,benchKey_3_87,bytes=29;client_id=3;clients=50
1779646945300,PUT,111,4,benchKey_1_87,bytes=29;client_id=1;clients=50
1779646945300,PUT,111,4,benchKey_15_87,bytes=30;client_id=15;clients=50
1779646945301,PUT,110,4,benchKey_36_87,bytes=30;client_id=36;clients=50
1779646945303,PUT,112,4,benchKey_18_87,bytes=30;client_id=18;clients=50
1779646945304,PUT,112,4,benchKey_26_87,bytes=30;client_id=26;clients=50
1779646945309,PUT,114,4,benchKey_47_87,bytes=30;client_id=47;clients=50
1779646945309,PUT,99,4,benchKey_19_87,bytes=30;client_id=19;clients=50
1779646945310,PUT,94,4,benchKey_21_87,bytes=30;client_id=21;clients=50
1779646945310,PUT,94,4,benchKey_33_87,bytes=30;client_id=33;clients=50
1779646945312,PUT,94,4,benchKey_40_88,bytes=30;client_id=40;clients=50
1779646945313,PUT,94,4,benchKey_4_87,bytes=29;client_id=4;clients=50
1779646945313,PUT,94,4,benchKey_37_87,bytes=30;client_id=37;clients=50
1779646945314,PUT,93,4,benchKey_6_87,bytes=29;client_id=6;clients=50
1779646945314,PUT,95,4,benchKey_7_87,bytes=29;client_id=7;clients=50
1779646945317,PUT,94,4,benchKey_45_87,bytes=30;client_id=45;clients=50
1779646945319,PUT,93,4,benchKey_25_87,bytes=30;client_id=25;clients=50
1779646945338,PUT,111,4,benchKey_11_87,bytes=30;client_id=11;clients=50
1779646945339,PUT,113,4,benchKey_14_87,bytes=30;client_id=14;clients=50
1779646945341,PUT,113,4,benchKey_20_87,bytes=30;client_id=20;clients=50
1779646945341,PUT,111,4,benchKey_10_87,bytes=30;client_id=10;clients=50
1779646945342,PUT,111,4,benchKey_9_87,bytes=29;client_id=9;clients=50
1779646945342,PUT,112,4,benchKey_46_87,bytes=30;client_id=46;clients=50
1779646945344,PUT,112,4,benchKey_12_87,bytes=30;client_id=12;clients=50
1779646945345,PUT,114,4,benchKey_27_87,bytes=30;client_id=27;clients=50
1779646945346,PUT,112,4,benchKey_8_87,bytes=29;client_id=8;clients=50
1779646945351,PUT,98,4,benchKey_44_87,bytes=30;client_id=44;clients=50
1779646945351,PUT,115,4,benchKey_42_87,bytes=30;client_id=42;clients=50
1779646945353,PUT,95,4,benchKey_2_88,bytes=29;client_id=2;clients=50
1779646945354,PUT,95,4,benchKey_39_88,bytes=30;client_id=39;clients=50
1779646945354,PUT,96,4,benchKey_41_87,bytes=30;client_id=41;clients=50
1779646945355,PUT,96,4,benchKey_28_88,bytes=30;client_id=28;clients=50
1779646945355,PUT,96,4,benchKey_32_87,bytes=30;client_id=32;clients=50
1779646945356,PUT,94,4,benchKey_23_87,bytes=30;client_id=23;clients=50
1779646945357,PUT,97,4,benchKey_29_88,bytes=30;client_id=29;clients=50
1779646945359,PUT,95,4,benchKey_16_87,bytes=30;client_id=16;clients=50
1779646945361,PUT,93,4,benchKey_0_88,bytes=29;client_id=0;clients=50
1779646945380,PUT,112,4,benchKey_31_88,bytes=30;client_id=31;clients=50
1779646945381,PUT,113,4,benchKey_35_88,bytes=30;client_id=35;clients=50
1779646945383,PUT,114,4,benchKey_22_88,bytes=30;client_id=22;clients=50
1779646945384,PUT,112,4,benchKey_30_88,bytes=30;client_id=30;clients=50
1779646945384,PUT,113,4,benchKey_13_87,bytes=30;client_id=13;clients=50
1779646945384,PUT,112,4,benchKey_48_88,bytes=30;client_id=48;clients=50
1779646945386,PUT,113,4,benchKey_38_87,bytes=30;client_id=38;clients=50
1779646945388,PUT,115,4,benchKey_49_87,bytes=30;client_id=49;clients=50
1779646945388,PUT,111,4,benchKey_5_88,bytes=29;client_id=5;clients=50
1779646945393,PUT,114,4,benchKey_17_88,bytes=30;client_id=17;clients=50
1779646945394,PUT,98,4,benchKey_24_87,bytes=30;client_id=24;clients=50
1779646945396,PUT,97,4,benchKey_43_87,bytes=30;client_id=43;clients=50
1779646945397,PUT,96,4,benchKey_1_88,bytes=29;client_id=1;clients=50
1779646945397,PUT,97,4,benchKey_3_88,bytes=29;client_id=3;clients=50
1779646945398,PUT,98,4,benchKey_34_88,bytes=30;client_id=34;clients=50
1779646945399,PUT,97,4,benchKey_36_88,bytes=30;client_id=36;clients=50
1779646945399,PUT,96,4,benchKey_18_88,bytes=30;client_id=18;clients=50
1779646945399,PUT,98,4,benchKey_15_88,bytes=30;client_id=15;clients=50
1779646945401,PUT,97,4,benchKey_26_88,bytes=30;client_id=26;clients=50
1779646945402,PUT,92,4,benchKey_47_88,bytes=30;client_id=47;clients=50
1779646945422,PUT,112,4,benchKey_21_88,bytes=30;client_id=21;clients=50
1779646945423,PUT,113,4,benchKey_19_88,bytes=30;client_id=19;clients=50
1779646945425,PUT,112,4,benchKey_37_88,bytes=30;client_id=37;clients=50
1779646945425,PUT,113,4,benchKey_40_89,bytes=30;client_id=40;clients=50
1779646945425,PUT,112,4,benchKey_4_88,bytes=29;client_id=4;clients=50
1779646945425,PUT,114,4,benchKey_33_88,bytes=30;client_id=33;clients=50
1779646945428,PUT,114,4,benchKey_6_88,bytes=29;client_id=6;clients=50
1779646945429,PUT,114,4,benchKey_7_88,bytes=29;client_id=7;clients=50
1779646945429,PUT,112,4,benchKey_45_88,bytes=30;client_id=45;clients=50
1779646945434,PUT,115,4,benchKey_25_88,bytes=30;client_id=25;clients=50
1779646945436,PUT,98,4,benchKey_11_88,bytes=30;client_id=11;clients=50
1779646945437,PUT,97,4,benchKey_14_88,bytes=30;client_id=14;clients=50
1779646945438,PUT,96,4,benchKey_10_88,bytes=30;client_id=10;clients=50
1779646945438,PUT,97,4,benchKey_20_88,bytes=30;client_id=20;clients=50
1779646945439,PUT,96,4,benchKey_9_88,bytes=29;client_id=9;clients=50
1779646945440,PUT,97,4,benchKey_46_88,bytes=30;client_id=46;clients=50
1779646945440,PUT,96,4,benchKey_12_88,bytes=30;client_id=12;clients=50
1779646945440,PUT,94,4,benchKey_27_88,bytes=30;client_id=27;clients=50
1779646945442,PUT,95,4,benchKey_8_88,bytes=29;client_id=8;clients=50
1779646945444,PUT,92,4,benchKey_44_88,bytes=30;client_id=44;clients=50
1779646945464,PUT,112,4,benchKey_42_88,bytes=30;client_id=42;clients=50
1779646945465,PUT,112,4,benchKey_2_89,bytes=29;client_id=2;clients=50
1779646945467,PUT,111,4,benchKey_28_89,bytes=30;client_id=28;clients=50
1779646945467,PUT,113,4,benchKey_41_88,bytes=30;client_id=41;clients=50
1779646945467,PUT,111,4,benchKey_32_88,bytes=30;client_id=32;clients=50
1779646945467,PUT,113,4,benchKey_39_89,bytes=30;client_id=39;clients=50
1779646945469,PUT,112,4,benchKey_23_88,bytes=30;client_id=23;clients=50
1779646945470,PUT,111,4,benchKey_16_88,bytes=30;client_id=16;clients=50
1779646945470,PUT,112,4,benchKey_29_89,bytes=30;client_id=29;clients=50
1779646945476,PUT,115,4,benchKey_0_89,bytes=29;client_id=0;clients=50
1779646945477,PUT,96,4,benchKey_31_89,bytes=30;client_id=31;clients=50
1779646945479,PUT,95,4,benchKey_30_89,bytes=30;client_id=30;clients=50
1779646945479,PUT,97,4,benchKey_35_89,bytes=30;client_id=35;clients=50
1779646945480,PUT,97,4,benchKey_22_89,bytes=30;client_id=22;clients=50
1779646945481,PUT,97,4,benchKey_13_88,bytes=30;client_id=13;clients=50
1779646945482,PUT,97,4,benchKey_48_89,bytes=30;client_id=48;clients=50
1779646945483,PUT,96,4,benchKey_38_88,bytes=30;client_id=38;clients=50
1779646945483,PUT,95,4,benchKey_49_88,bytes=30;client_id=49;clients=50
1779646945484,PUT,95,4,benchKey_5_89,bytes=29;client_id=5;clients=50
1779646945486,PUT,93,4,benchKey_17_89,bytes=30;client_id=17;clients=50
1779646945506,PUT,110,4,benchKey_43_88,bytes=30;client_id=43;clients=50
1779646945506,PUT,112,4,benchKey_24_88,bytes=30;client_id=24;clients=50
1779646945509,PUT,112,4,benchKey_1_89,bytes=29;client_id=1;clients=50
1779646945510,PUT,111,4,benchKey_18_89,bytes=30;client_id=18;clients=50
1779646945510,PUT,111,4,benchKey_36_89,bytes=30;client_id=36;clients=50
1779646945510,PUT,112,4,benchKey_34_89,bytes=30;client_id=34;clients=50
1779646945510,PUT,113,4,benchKey_3_89,bytes=29;client_id=3;clients=50
1779646945511,PUT,112,4,benchKey_15_89,bytes=30;client_id=15;clients=50
1779646945511,PUT,110,4,benchKey_26_89,bytes=30;client_id=26;clients=50
1779646945517,PUT,115,4,benchKey_47_89,bytes=30;client_id=47;clients=50
1779646945519,PUT,96,4,benchKey_21_89,bytes=30;client_id=21;clients=50
1779646945520,PUT,94,4,benchKey_37_89,bytes=30;client_id=37;clients=50
1779646945521,PUT,97,4,benchKey_19_89,bytes=30;client_id=19;clients=50
1779646945522,PUT,96,4,benchKey_40_90,bytes=30;client_id=40;clients=50
1779646945523,PUT,97,4,benchKey_4_89,bytes=29;client_id=4;clients=50
1779646945523,PUT,97,4,benchKey_33_89,bytes=30;client_id=33;clients=50
1779646945524,PUT,95,4,benchKey_7_89,bytes=29;client_id=7;clients=50
1779646945524,PUT,96,4,benchKey_6_89,bytes=29;client_id=6;clients=50
1779646945525,PUT,95,4,benchKey_45_89,bytes=30;client_id=45;clients=50
1779646945527,PUT,92,4,benchKey_25_89,bytes=30;client_id=25;clients=50
1779646945548,PUT,112,4,benchKey_11_89,bytes=30;client_id=11;clients=50
1779646945549,PUT,111,4,benchKey_14_89,bytes=30;client_id=14;clients=50
1779646945550,PUT,111,4,benchKey_10_89,bytes=30;client_id=10;clients=50
1779646945552,PUT,114,4,benchKey_20_89,bytes=30;client_id=20;clients=50
1779646945552,PUT,113,4,benchKey_9_89,bytes=29;client_id=9;clients=50
1779646945552,PUT,112,4,benchKey_12_89,bytes=30;client_id=12;clients=50
1779646945552,PUT,112,4,benchKey_46_89,bytes=30;client_id=46;clients=50
1779646945553,PUT,112,4,benchKey_27_89,bytes=30;client_id=27;clients=50
1779646945553,PUT,111,4,benchKey_8_89,bytes=29;client_id=8;clients=50
1779646945559,PUT,114,4,benchKey_44_89,bytes=30;client_id=44;clients=50
1779646945561,PUT,96,4,benchKey_42_89,bytes=30;client_id=42;clients=50
1779646945561,PUT,96,4,benchKey_2_90,bytes=29;client_id=2;clients=50
1779646945563,PUT,95,4,benchKey_41_89,bytes=30;client_id=41;clients=50
1779646945564,PUT,96,4,benchKey_28_90,bytes=30;client_id=28;clients=50
1779646945565,PUT,97,4,benchKey_32_89,bytes=30;client_id=32;clients=50
1779646945565,PUT,95,4,benchKey_16_89,bytes=30;client_id=16;clients=50
1779646945566,PUT,98,4,benchKey_39_90,bytes=30;client_id=39;clients=50
1779646945566,PUT,96,4,benchKey_29_90,bytes=30;client_id=29;clients=50
1779646945566,PUT,97,4,benchKey_23_89,bytes=30;client_id=23;clients=50
1779646945568,PUT,91,4,benchKey_0_90,bytes=29;client_id=0;clients=50
1779646945592,PUT,114,4,benchKey_31_90,bytes=30;client_id=31;clients=50
1779646945592,PUT,112,4,benchKey_30_90,bytes=30;client_id=30;clients=50
1779646945593,PUT,113,4,benchKey_35_90,bytes=30;client_id=35;clients=50
1779646945594,PUT,111,4,benchKey_38_89,bytes=30;client_id=38;clients=50
1779646945594,PUT,114,4,benchKey_22_90,bytes=30;client_id=22;clients=50
1779646945594,PUT,113,4,benchKey_13_89,bytes=30;client_id=13;clients=50
1779646945595,PUT,112,4,benchKey_49_89,bytes=30;client_id=49;clients=50
1779646945595,PUT,113,4,benchKey_48_90,bytes=30;client_id=48;clients=50
1779646945595,PUT,111,4,benchKey_5_90,bytes=29;client_id=5;clients=50
1779646945600,PUT,114,4,benchKey_17_90,bytes=30;client_id=17;clients=50
1779646945602,PUT,95,4,benchKey_24_89,bytes=30;client_id=24;clients=50
1779646945602,PUT,96,4,benchKey_43_89,bytes=30;client_id=43;clients=50
1779646945604,PUT,95,4,benchKey_1_90,bytes=29;client_id=1;clients=50
1779646945605,PUT,95,4,benchKey_18_90,bytes=30;client_id=18;clients=50
1779646945606,PUT,95,4,benchKey_36_90,bytes=30;client_id=36;clients=50
1779646945607,PUT,97,4,benchKey_34_90,bytes=30;client_id=34;clients=50
1779646945608,PUT,96,4,benchKey_15_90,bytes=30;client_id=15;clients=50
1779646945608,PUT,97,4,benchKey_3_90,bytes=29;client_id=3;clients=50
1779646945609,PUT,97,4,benchKey_26_90,bytes=30;client_id=26;clients=50
1779646945609,PUT,91,4,benchKey_47_90,bytes=30;client_id=47;clients=50
1779646945633,PUT,114,4,benchKey_21_90,bytes=30;client_id=21;clients=50
1779646945633,PUT,113,4,benchKey_37_90,bytes=30;client_id=37;clients=50
1779646945635,PUT,113,4,benchKey_19_90,bytes=30;client_id=19;clients=50
1779646945637,PUT,112,4,benchKey_45_90,bytes=30;client_id=45;clients=50
1779646945638,PUT,113,4,benchKey_7_90,bytes=29;client_id=7;clients=50
1779646945638,PUT,114,4,benchKey_4_90,bytes=29;client_id=4;clients=50
1779646945638,PUT,116,4,benchKey_40_91,bytes=30;client_id=40;clients=50
1779646945638,PUT,115,4,benchKey_33_90,bytes=30;client_id=33;clients=50
1779646945640,PUT,115,4,benchKey_6_90,bytes=29;client_id=6;clients=50
1779646945642,PUT,114,4,benchKey_25_90,bytes=30;client_id=25;clients=50
1779646945644,PUT,94,4,benchKey_14_90,bytes=30;client_id=14;clients=50
1779646945645,PUT,96,4,benchKey_11_90,bytes=30;client_id=11;clients=50
1779646945646,PUT,95,4,benchKey_10_90,bytes=30;client_id=10;clients=50
1779646945648,PUT,95,4,benchKey_20_90,bytes=30;client_id=20;clients=50
1779646945648,PUT,95,4,benchKey_9_90,bytes=29;client_id=9;clients=50
1779646945649,PUT,96,4,benchKey_12_90,bytes=30;client_id=12;clients=50
1779646945649,PUT,96,4,benchKey_46_90,bytes=30;client_id=46;clients=50
1779646945650,PUT,90,4,benchKey_44_90,bytes=30;client_id=44;clients=50
1779646945650,PUT,96,4,benchKey_27_90,bytes=30;client_id=27;clients=50
1779646945650,PUT,97,4,benchKey_8_90,bytes=29;client_id=8;clients=50
1779646945676,PUT,114,4,benchKey_2_91,bytes=29;client_id=2;clients=50
1779646945676,PUT,115,4,benchKey_42_90,bytes=30;client_id=42;clients=50
1779646945677,PUT,113,4,benchKey_41_90,bytes=30;client_id=41;clients=50
1779646945678,PUT,114,4,benchKey_28_91,bytes=30;client_id=28;clients=50
1779646945680,PUT,115,4,benchKey_16_90,bytes=30;client_id=16;clients=50
1779646945681,PUT,116,4,benchKey_32_90,bytes=30;client_id=32;clients=50
1779646945681,PUT,115,4,benchKey_23_90,bytes=30;client_id=23;clients=50
1779646945682,PUT,115,4,benchKey_39_91,bytes=30;client_id=39;clients=50
1779646945682,PUT,116,4,benchKey_29_91,bytes=30;client_id=29;clients=50
1779646945684,PUT,116,4,benchKey_0_91,bytes=29;client_id=0;clients=50
1779646945685,PUT,93,4,benchKey_31_91,bytes=30;client_id=31;clients=50
1779646945686,PUT,94,4,benchKey_30_91,bytes=30;client_id=30;clients=50
1779646945688,PUT,95,4,benchKey_35_91,bytes=30;client_id=35;clients=50
1779646945689,PUT,94,4,benchKey_38_90,bytes=30;client_id=38;clients=50
1779646945690,PUT,95,4,benchKey_13_90,bytes=30;client_id=13;clients=50
1779646945690,PUT,95,4,benchKey_22_91,bytes=30;client_id=22;clients=50
1779646945691,PUT,95,4,benchKey_49_90,bytes=30;client_id=49;clients=50
1779646945693,PUT,97,4,benchKey_48_91,bytes=30;client_id=48;clients=50
1779646945693,PUT,93,4,benchKey_17_91,bytes=30;client_id=17;clients=50
1779646945694,PUT,98,4,benchKey_5_91,bytes=29;client_id=5;clients=50
1779646945719,PUT,116,4,benchKey_24_90,bytes=30;client_id=24;clients=50
1779646945720,PUT,117,4,benchKey_43_90,bytes=30;client_id=43;clients=50
1779646945720,PUT,115,4,benchKey_1_91,bytes=29;client_id=1;clients=50
1779646945722,PUT,116,4,benchKey_18_91,bytes=30;client_id=18;clients=50
1779646945724,PUT,117,4,benchKey_36_91,bytes=30;client_id=36;clients=50
1779646945725,PUT,116,4,benchKey_15_91,bytes=30;client_id=15;clients=50
1779646945725,PUT,116,4,benchKey_3_91,bytes=29;client_id=3;clients=50
1779646945725,PUT,118,4,benchKey_34_91,bytes=30;client_id=34;clients=50
1779646945725,PUT,116,4,benchKey_47_91,bytes=30;client_id=47;clients=50
1779646945727,PUT,118,4,benchKey_26_91,bytes=30;client_id=26;clients=50
1779646945728,PUT,94,4,benchKey_21_91,bytes=30;client_id=21;clients=50
1779646945729,PUT,95,4,benchKey_37_91,bytes=30;client_id=37;clients=50
1779646945733,PUT,95,4,benchKey_40_92,bytes=30;client_id=40;clients=50
1779646945734,PUT,99,4,benchKey_19_91,bytes=30;client_id=19;clients=50
1779646945733,PUT,95,4,benchKey_4_91,bytes=29;client_id=4;clients=50
1779646945734,PUT,96,4,benchKey_7_91,bytes=29;client_id=7;clients=50
1779646945737,PUT,98,4,benchKey_33_91,bytes=30;client_id=33;clients=50
1779646945737,PUT,100,4,benchKey_45_91,bytes=30;client_id=45;clients=50
1779646945740,PUT,97,4,benchKey_25_91,bytes=30;client_id=25;clients=50
1779646945740,PUT,99,4,benchKey_6_91,bytes=29;client_id=6;clients=50
1779646945761,PUT,117,4,benchKey_14_91,bytes=30;client_id=14;clients=50
1779646945762,PUT,116,4,benchKey_10_91,bytes=30;client_id=10;clients=50
1779646945762,PUT,117,4,benchKey_11_91,bytes=30;client_id=11;clients=50
1779646945764,PUT,116,4,benchKey_20_91,bytes=30;client_id=20;clients=50
1779646945767,PUT,118,4,benchKey_12_91,bytes=30;client_id=12;clients=50
1779646945767,PUT,119,4,benchKey_9_91,bytes=29;client_id=9;clients=50
1779646945768,PUT,117,4,benchKey_27_91,bytes=30;client_id=27;clients=50
1779646945768,PUT,118,4,benchKey_44_91,bytes=30;client_id=44;clients=50
1779646945768,PUT,119,4,benchKey_46_91,bytes=30;client_id=46;clients=50
1779646945770,PUT,94,4,benchKey_2_92,bytes=29;client_id=2;clients=50
1779646945770,PUT,120,4,benchKey_8_91,bytes=29;client_id=8;clients=50
1779646945772,PUT,95,4,benchKey_42_91,bytes=30;client_id=42;clients=50
1779646945775,PUT,98,4,benchKey_41_91,bytes=30;client_id=41;clients=50
1779646945776,PUT,97,4,benchKey_28_92,bytes=30;client_id=28;clients=50
1779646945779,PUT,97,4,benchKey_23_91,bytes=30;client_id=23;clients=50
1779646945780,PUT,99,4,benchKey_16_91,bytes=30;client_id=16;clients=50
1779646945780,PUT,97,4,benchKey_39_92,bytes=30;client_id=39;clients=50
1779646945781,PUT,98,4,benchKey_29_92,bytes=30;client_id=29;clients=50
1779646945782,PUT,100,4,benchKey_32_91,bytes=30;client_id=32;clients=50
1779646945783,PUT,98,4,benchKey_0_92,bytes=29;client_id=0;clients=50
1779646945803,PUT,117,4,benchKey_31_92,bytes=30;client_id=31;clients=50
1779646945804,PUT,115,4,benchKey_35_92,bytes=30;client_id=35;clients=50
1779646945804,PUT,118,4,benchKey_30_92,bytes=30;client_id=30;clients=50
1779646945806,PUT,116,4,benchKey_38_91,bytes=30;client_id=38;clients=50
1779646945809,PUT,118,4,benchKey_13_91,bytes=30;client_id=13;clients=50
1779646945809,PUT,118,4,benchKey_22_92,bytes=30;client_id=22;clients=50
1779646945810,PUT,116,4,benchKey_17_92,bytes=30;client_id=17;clients=50
1779646945810,PUT,116,4,benchKey_48_92,bytes=30;client_id=48;clients=50
1779646945810,PUT,119,4,benchKey_49_91,bytes=30;client_id=49;clients=50
1779646945812,PUT,93,4,benchKey_24_91,bytes=30;client_id=24;clients=50
1779646945812,PUT,118,4,benchKey_5_92,bytes=29;client_id=5;clients=50
1779646945813,PUT,92,4,benchKey_43_91,bytes=30;client_id=43;clients=50
1779646945816,PUT,95,4,benchKey_1_92,bytes=29;client_id=1;clients=50
1779646945817,PUT,95,4,benchKey_18_92,bytes=30;client_id=18;clients=50
1779646945821,PUT,96,4,benchKey_15_92,bytes=30;client_id=15;clients=50
1779646945821,PUT,96,4,benchKey_3_92,bytes=29;client_id=3;clients=50
1779646945821,PUT,97,4,benchKey_36_92,bytes=30;client_id=36;clients=50
1779646945823,PUT,97,4,benchKey_34_92,bytes=30;client_id=34;clients=50
1779646945825,PUT,97,4,benchKey_26_92,bytes=30;client_id=26;clients=50
1779646945825,PUT,99,4,benchKey_47_92,bytes=30;client_id=47;clients=50
1779646945846,PUT,118,4,benchKey_21_92,bytes=30;client_id=21;clients=50
1779646945847,PUT,112,4,benchKey_19_92,bytes=30;client_id=19;clients=50
1779646945847,PUT,117,4,benchKey_37_92,bytes=30;client_id=37;clients=50
1779646945848,PUT,114,4,benchKey_40_93,bytes=30;client_id=40;clients=50
1779646945851,PUT,116,4,benchKey_4_92,bytes=29;client_id=4;clients=50
1779646945852,PUT,116,4,benchKey_7_92,bytes=29;client_id=7;clients=50
1779646945852,PUT,115,4,benchKey_33_92,bytes=30;client_id=33;clients=50
1779646945853,PUT,115,4,benchKey_45_92,bytes=30;client_id=45;clients=50
1779646945854,PUT,113,4,benchKey_6_92,bytes=29;client_id=6;clients=50
1779646945855,PUT,92,4,benchKey_10_92,bytes=30;client_id=10;clients=50
1779646945855,PUT,115,4,benchKey_25_92,bytes=30;client_id=25;clients=50
1779646945855,PUT,93,4,benchKey_14_92,bytes=30;client_id=14;clients=50
1779646945857,PUT,95,4,benchKey_11_92,bytes=30;client_id=11;clients=50
1779646945859,PUT,94,4,benchKey_20_92,bytes=30;client_id=20;clients=50
1779646945863,PUT,96,4,benchKey_9_92,bytes=29;client_id=9;clients=50
1779646945865,PUT,97,4,benchKey_12_92,bytes=30;client_id=12;clients=50
1779646945865,PUT,96,4,benchKey_44_92,bytes=30;client_id=44;clients=50
1779646945865,PUT,96,4,benchKey_27_92,bytes=30;client_id=27;clients=50
1779646945868,PUT,99,4,benchKey_46_92,bytes=30;client_id=46;clients=50
1779646945868,PUT,98,4,benchKey_2_93,bytes=29;client_id=2;clients=50
1779646945889,PUT,118,4,benchKey_8_92,bytes=29;client_id=8;clients=50
1779646945889,PUT,117,4,benchKey_42_92,bytes=30;client_id=42;clients=50
1779646945889,PUT,114,4,benchKey_41_92,bytes=30;client_id=41;clients=50
1779646945890,PUT,113,4,benchKey_28_93,bytes=30;client_id=28;clients=50
1779646945894,PUT,114,4,benchKey_23_92,bytes=30;client_id=23;clients=50
1779646945894,PUT,114,4,benchKey_16_92,bytes=30;client_id=16;clients=50
1779646945895,PUT,114,4,benchKey_39_93,bytes=30;client_id=39;clients=50
1779646945895,PUT,114,4,benchKey_29_93,bytes=30;client_id=29;clients=50
1779646945897,PUT,114,4,benchKey_0_93,bytes=29;client_id=0;clients=50
1779646945897,PUT,93,4,benchKey_31_93,bytes=30;client_id=31;clients=50
1779646945897,PUT,93,4,benchKey_35_93,bytes=30;client_id=35;clients=50
1779646945897,PUT,115,4,benchKey_32_92,bytes=30;client_id=32;clients=50
1779646945899,PUT,94,4,benchKey_30_93,bytes=30;client_id=30;clients=50
1779646945902,PUT,95,4,benchKey_38_92,bytes=30;client_id=38;clients=50
1779646945906,PUT,97,4,benchKey_22_93,bytes=30;client_id=22;clients=50
1779646945907,PUT,97,4,benchKey_17_93,bytes=30;client_id=17;clients=50
1779646945908,PUT,98,4,benchKey_13_92,bytes=30;client_id=13;clients=50
1779646945908,PUT,98,4,benchKey_48_93,bytes=30;client_id=48;clients=50
1779646945909,PUT,98,4,benchKey_49_92,bytes=30;client_id=49;clients=50
1779646945911,PUT,99,4,benchKey_24_92,bytes=30;client_id=24;clients=50
1779646945932,PUT,116,4,benchKey_1_93,bytes=29;client_id=1;clients=50
1779646945932,PUT,115,4,benchKey_18_93,bytes=30;client_id=18;clients=50
1779646945932,PUT,119,4,benchKey_5_93,bytes=29;client_id=5;clients=50
1779646945933,PUT,120,4,benchKey_43_92,bytes=30;client_id=43;clients=50
1779646945935,PUT,114,4,benchKey_3_93,bytes=29;client_id=3;clients=50
1779646945936,PUT,114,4,benchKey_15_93,bytes=30;client_id=15;clients=50
1779646945937,PUT,113,4,benchKey_34_93,bytes=30;client_id=34;clients=50
1779646945937,PUT,116,4,benchKey_36_93,bytes=30;client_id=36;clients=50
1779646945940,PUT,93,4,benchKey_21_93,bytes=30;client_id=21;clients=50
1779646945941,PUT,116,4,benchKey_26_93,bytes=30;client_id=26;clients=50
1779646945941,PUT,94,4,benchKey_19_93,bytes=30;client_id=19;clients=50
1779646945940,PUT,114,4,benchKey_47_93,bytes=30;client_id=47;clients=50
1779646945942,PUT,95,4,benchKey_37_93,bytes=30;client_id=37;clients=50
1779646945945,PUT,96,4,benchKey_40_94,bytes=30;client_id=40;clients=50
1779646945949,PUT,97,4,benchKey_4_93,bytes=29;client_id=4;clients=50
1779646945950,PUT,98,4,benchKey_7_93,bytes=29;client_id=7;clients=50
1779646945951,PUT,97,4,benchKey_6_93,bytes=29;client_id=6;clients=50
1779646945952,PUT,99,4,benchKey_45_93,bytes=30;client_id=45;clients=50
1779646945953,PUT,100,4,benchKey_33_93,bytes=30;client_id=33;clients=50
1779646945955,PUT,100,4,benchKey_10_93,bytes=30;client_id=10;clients=50
1779646945976,PUT,116,4,benchKey_20_93,bytes=30;client_id=20;clients=50
1779646945976,PUT,120,4,benchKey_25_93,bytes=30;client_id=25;clients=50
1779646945977,PUT,119,4,benchKey_11_93,bytes=30;client_id=11;clients=50
1779646945977,PUT,121,4,benchKey_14_93,bytes=30;client_id=14;clients=50
1779646945979,PUT,115,4,benchKey_9_93,bytes=29;client_id=9;clients=50
1779646945980,PUT,114,4,benchKey_12_93,bytes=30;client_id=12;clients=50
1779646945981,PUT,115,4,benchKey_27_93,bytes=30;client_id=27;clients=50
1779646945981,PUT,115,4,benchKey_44_93,bytes=30;client_id=44;clients=50
1779646945982,PUT,114,4,benchKey_2_94,bytes=29;client_id=2;clients=50
1779646945984,PUT,94,4,benchKey_8_93,bytes=29;client_id=8;clients=50
1779646945985,PUT,117,4,benchKey_46_93,bytes=30;client_id=46;clients=50
1779646945985,PUT,96,4,benchKey_41_93,bytes=30;client_id=41;clients=50
1779646945985,PUT,96,4,benchKey_42_93,bytes=30;client_id=42;clients=50
1779646945989,PUT,98,4,benchKey_28_94,bytes=30;client_id=28;clients=50
1779646945992,PUT,98,4,benchKey_16_93,bytes=30;client_id=16;clients=50
1779646945993,PUT,99,4,benchKey_23_93,bytes=30;client_id=23;clients=50
1779646945995,PUT,98,4,benchKey_0_94,bytes=29;client_id=0;clients=50
1779646945996,PUT,100,4,benchKey_39_94,bytes=30;client_id=39;clients=50
1779646945997,PUT,101,4,benchKey_29_94,bytes=30;client_id=29;clients=50
1779646945998,PUT,100,4,benchKey_31_94,bytes=30;client_id=31;clients=50
1779646946019,PUT,121,4,benchKey_32_93,bytes=30;client_id=32;clients=50
1779646946020,PUT,117,4,benchKey_38_93,bytes=30;client_id=38;clients=50
1779646946020,PUT,120,4,benchKey_30_94,bytes=30;client_id=30;clients=50
1779646946022,PUT,124,4,benchKey_35_94,bytes=30;client_id=35;clients=50
1779646946023,PUT,116,4,benchKey_17_94,bytes=30;client_id=17;clients=50
1779646946022,PUT,116,4,benchKey_22_94,bytes=30;client_id=22;clients=50
1779646946025,PUT,83,4,benchKey_47_94,bytes=30;client_id=47;clients=50
1779646946027,PUT,117,4,benchKey_49_93,bytes=30;client_id=49;clients=50
1779646946027,PUT,118,4,benchKey_13_93,bytes=30;client_id=13;clients=50
1779646946029,PUT,96,4,benchKey_1_94,bytes=29;client_id=1;clients=50
1779646946029,PUT,120,4,benchKey_48_94,bytes=30;client_id=48;clients=50
1779646946030,PUT,118,4,benchKey_24_93,bytes=30;client_id=24;clients=50
1779646946032,PUT,100,4,benchKey_18_94,bytes=30;client_id=18;clients=50
1779646946033,PUT,99,4,benchKey_5_94,bytes=29;client_id=5;clients=50
1779646946034,PUT,99,4,benchKey_43_93,bytes=30;client_id=43;clients=50
1779646946036,PUT,100,4,benchKey_15_94,bytes=30;client_id=15;clients=50
1779646946036,PUT,100,4,benchKey_3_94,bytes=29;client_id=3;clients=50
1779646946039,PUT,101,4,benchKey_34_94,bytes=30;client_id=34;clients=50
1779646946040,PUT,102,4,benchKey_36_94,bytes=30;client_id=36;clients=50
1779646946040,PUT,98,4,benchKey_21_94,bytes=30;client_id=21;clients=50
1779646946043,PUT,101,4,benchKey_26_94,bytes=30;client_id=26;clients=50
1779646946062,PUT,120,4,benchKey_19_94,bytes=30;client_id=19;clients=50
1779646946064,PUT,121,4,benchKey_37_94,bytes=30;client_id=37;clients=50
1779646946064,PUT,118,4,benchKey_40_95,bytes=30;client_id=40;clients=50
1779646946066,PUT,116,4,benchKey_7_94,bytes=29;client_id=7;clients=50
1779646946068,PUT,119,4,benchKey_4_94,bytes=29;client_id=4;clients=50
1779646946069,PUT,116,4,benchKey_33_94,bytes=30;client_id=33;clients=50
1779646946070,PUT,118,4,benchKey_6_94,bytes=29;client_id=6;clients=50
1779646946072,PUT,95,4,benchKey_20_94,bytes=30;client_id=20;clients=50
1779646946072,PUT,119,4,benchKey_45_94,bytes=30;client_id=45;clients=50
1779646946074,PUT,97,4,benchKey_11_94,bytes=30;client_id=11;clients=50
1779646946074,PUT,98,4,benchKey_25_94,bytes=30;client_id=25;clients=50
1779646946076,PUT,120,4,benchKey_10_94,bytes=30;client_id=10;clients=50
1779646946078,PUT,100,4,benchKey_14_94,bytes=30;client_id=14;clients=50
1779646946078,PUT,99,4,benchKey_9_94,bytes=29;client_id=9;clients=50
1779646946079,PUT,99,4,benchKey_12_94,bytes=30;client_id=12;clients=50
1779646946079,PUT,98,4,benchKey_27_94,bytes=30;client_id=27;clients=50
1779646946084,PUT,103,4,benchKey_44_94,bytes=30;client_id=44;clients=50
1779646946084,PUT,101,4,benchKey_2_95,bytes=29;client_id=2;clients=50
1779646946084,PUT,100,4,benchKey_8_94,bytes=29;client_id=8;clients=50
1779646946087,PUT,102,4,benchKey_46_94,bytes=30;client_id=46;clients=50
1779646946105,PUT,118,4,benchKey_41_94,bytes=30;client_id=41;clients=50
1779646946106,PUT,119,4,benchKey_42_94,bytes=30;client_id=42;clients=50
1779646946107,PUT,118,4,benchKey_28_95,bytes=30;client_id=28;clients=50
1779646946109,PUT,116,4,benchKey_16_94,bytes=30;client_id=16;clients=50
1779646946111,PUT,118,4,benchKey_23_94,bytes=30;client_id=23;clients=50
1779646946112,PUT,116,4,benchKey_39_95,bytes=30;client_id=39;clients=50
1779646946113,PUT,117,4,benchKey_0_95,bytes=29;client_id=0;clients=50
1779646946114,PUT,116,4,benchKey_31_95,bytes=30;client_id=31;clients=50
1779646946116,PUT,118,4,benchKey_29_95,bytes=30;client_id=29;clients=50
1779646946117,PUT,98,4,benchKey_32_94,bytes=30;client_id=32;clients=50
1779646946120,PUT,99,4,benchKey_30_95,bytes=30;client_id=30;clients=50
1779646946121,PUT,101,4,benchKey_38_94,bytes=30;client_id=38;clients=50
1779646946122,PUT,98,4,benchKey_17_95,bytes=30;client_id=17;clients=50
1779646946123,PUT,99,4,benchKey_22_95,bytes=30;client_id=22;clients=50
1779646946124,PUT,100,4,benchKey_35_95,bytes=30;client_id=35;clients=50
1779646946124,PUT,98,4,benchKey_47_95,bytes=30;client_id=47;clients=50
1779646946127,PUT,99,4,benchKey_49_94,bytes=30;client_id=49;clients=50
1779646946128,PUT,101,4,benchKey_13_94,bytes=30;client_id=13;clients=50
1779646946130,PUT,101,4,benchKey_1_95,bytes=29;client_id=1;clients=50
1779646946132,PUT,102,4,benchKey_48_95,bytes=30;client_id=48;clients=50
1779646946148,PUT,117,4,benchKey_24_94,bytes=30;client_id=24;clients=50
1779646946149,PUT,116,4,benchKey_18_95,bytes=30;client_id=18;clients=50
1779646946150,PUT,117,4,benchKey_5_95,bytes=29;client_id=5;clients=50
1779646946152,PUT,117,4,benchKey_43_94,bytes=30;client_id=43;clients=50
1779646946154,PUT,118,4,benchKey_15_95,bytes=30;client_id=15;clients=50
1779646946156,PUT,117,4,benchKey_34_95,bytes=30;client_id=34;clients=50
1779646946156,PUT,119,4,benchKey_3_95,bytes=29;client_id=3;clients=50
1779646946158,PUT,117,4,benchKey_36_95,bytes=30;client_id=36;clients=50
1779646946159,PUT,118,4,benchKey_21_95,bytes=30;client_id=21;clients=50
1779646946161,PUT,117,4,benchKey_26_95,bytes=30;client_id=26;clients=50
1779646946163,PUT,100,4,benchKey_19_95,bytes=30;client_id=19;clients=50
1779646946164,PUT,100,4,benchKey_40_96,bytes=30;client_id=40;clients=50
1779646946165,PUT,101,4,benchKey_37_95,bytes=30;client_id=37;clients=50
1779646946166,PUT,99,4,benchKey_7_95,bytes=29;client_id=7;clients=50
1779646946166,PUT,97,4,benchKey_4_95,bytes=29;client_id=4;clients=50
1779646946167,PUT,96,4,benchKey_33_95,bytes=30;client_id=33;clients=50
1779646946169,PUT,99,4,benchKey_6_95,bytes=29;client_id=6;clients=50
1779646946171,PUT,98,4,benchKey_20_95,bytes=30;client_id=20;clients=50
1779646946173,PUT,101,4,benchKey_45_95,bytes=30;client_id=45;clients=50
1779646946175,PUT,101,4,benchKey_11_95,bytes=30;client_id=11;clients=50
1779646946191,PUT,116,4,benchKey_25_95,bytes=30;client_id=25;clients=50
1779646946192,PUT,116,4,benchKey_10_95,bytes=30;client_id=10;clients=50
1779646946194,PUT,116,4,benchKey_14_95,bytes=30;client_id=14;clients=50
1779646946195,PUT,116,4,benchKey_9_95,bytes=29;client_id=9;clients=50
1779646946198,PUT,113,4,benchKey_44_95,bytes=30;client_id=44;clients=50
1779646946199,PUT,119,4,benchKey_12_95,bytes=30;client_id=12;clients=50
1779646946199,PUT,119,4,benchKey_27_95,bytes=30;client_id=27;clients=50
1779646946202,PUT,116,4,benchKey_2_96,bytes=29;client_id=2;clients=50
1779646946203,PUT,115,4,benchKey_46_95,bytes=30;client_id=46;clients=50
1779646946203,PUT,116,4,benchKey_8_95,bytes=29;client_id=8;clients=50
1779646946204,PUT,99,4,benchKey_41_95,bytes=30;client_id=41;clients=50
1779646946207,PUT,101,4,benchKey_42_95,bytes=30;client_id=42;clients=50
1779646946207,PUT,100,4,benchKey_28_96,bytes=30;client_id=28;clients=50
1779646946208,PUT,95,4,benchKey_39_96,bytes=30;client_id=39;clients=50
1779646946209,PUT,100,4,benchKey_16_95,bytes=30;client_id=16;clients=50
1779646946209,PUT,97,4,benchKey_23_95,bytes=30;client_id=23;clients=50
1779646946211,PUT,97,4,benchKey_0_96,bytes=29;client_id=0;clients=50
1779646946212,PUT,97,4,benchKey_31_96,bytes=30;client_id=31;clients=50
1779646946215,PUT,99,4,benchKey_29_96,bytes=30;client_id=29;clients=50
1779646946217,PUT,99,4,benchKey_32_95,bytes=30;client_id=32;clients=50
1779646946233,PUT,113,4,benchKey_30_96,bytes=30;client_id=30;clients=50
1779646946234,PUT,112,4,benchKey_38_95,bytes=30;client_id=38;clients=50
1779646946236,PUT,112,4,benchKey_22_96,bytes=30;client_id=22;clients=50
1779646946236,PUT,114,4,benchKey_17_96,bytes=30;client_id=17;clients=50
1779646946240,PUT,116,4,benchKey_35_96,bytes=30;client_id=35;clients=50
1779646946241,PUT,114,4,benchKey_49_95,bytes=30;client_id=49;clients=50
1779646946242,PUT,117,4,benchKey_47_96,bytes=30;client_id=47;clients=50
1779646946244,PUT,115,4,benchKey_13_95,bytes=30;client_id=13;clients=50
1779646946246,PUT,115,4,benchKey_1_96,bytes=29;client_id=1;clients=50
1779646946246,PUT,113,4,benchKey_48_96,bytes=30;client_id=48;clients=50
1779646946247,PUT,98,4,benchKey_24_95,bytes=30;client_id=24;clients=50
1779646946249,PUT,98,4,benchKey_5_96,bytes=29;client_id=5;clients=50
1779646946249,PUT,99,4,benchKey_18_96,bytes=30;client_id=18;clients=50
1779646946250,PUT,98,4,benchKey_43_95,bytes=30;client_id=43;clients=50
1779646946250,PUT,95,4,benchKey_15_96,bytes=30;client_id=15;clients=50
1779646946251,PUT,94,4,benchKey_34_96,bytes=30;client_id=34;clients=50
1779646946252,PUT,95,4,benchKey_3_96,bytes=29;client_id=3;clients=50
1779646946255,PUT,96,4,benchKey_36_96,bytes=30;client_id=36;clients=50
1779646946257,PUT,97,4,benchKey_21_96,bytes=30;client_id=21;clients=50
1779646946259,PUT,97,4,benchKey_26_96,bytes=30;client_id=26;clients=50
1779646946275,PUT,112,4,benchKey_19_96,bytes=30;client_id=19;clients=50
1779646946275,PUT,110,4,benchKey_40_97,bytes=30;client_id=40;clients=50
1779646946277,PUT,110,4,benchKey_7_96,bytes=29;client_id=7;clients=50
1779646946278,PUT,112,4,benchKey_37_96,bytes=30;client_id=37;clients=50
1779646946283,PUT,116,4,benchKey_33_96,bytes=30;client_id=33;clients=50
1779646946283,PUT,116,4,benchKey_4_96,bytes=29;client_id=4;clients=50
1779646946284,PUT,114,4,benchKey_6_96,bytes=29;client_id=6;clients=50
1779646946285,PUT,114,4,benchKey_20_96,bytes=30;client_id=20;clients=50
1779646946287,PUT,110,4,benchKey_11_96,bytes=30;client_id=11;clients=50
1779646946288,PUT,114,4,benchKey_45_96,bytes=30;client_id=45;clients=50
1779646946289,PUT,97,4,benchKey_25_96,bytes=30;client_id=25;clients=50
1779646946290,PUT,95,4,benchKey_14_96,bytes=30;client_id=14;clients=50
1779646946290,PUT,97,4,benchKey_10_96,bytes=30;client_id=10;clients=50
1779646946292,PUT,97,4,benchKey_9_96,bytes=29;client_id=9;clients=50
1779646946292,PUT,92,4,benchKey_12_96,bytes=30;client_id=12;clients=50
1779646946292,PUT,93,4,benchKey_44_96,bytes=30;client_id=44;clients=50
1779646946293,PUT,93,4,benchKey_27_96,bytes=30;client_id=27;clients=50
1779646946297,PUT,94,4,benchKey_2_97,bytes=29;client_id=2;clients=50
1779646946298,PUT,94,4,benchKey_46_96,bytes=30;client_id=46;clients=50
1779646946301,PUT,97,4,benchKey_8_96,bytes=29;client_id=8;clients=50
1779646946318,PUT,113,4,benchKey_41_96,bytes=30;client_id=41;clients=50
1779646946318,PUT,110,4,benchKey_28_97,bytes=30;client_id=28;clients=50
1779646946320,PUT,112,4,benchKey_42_96,bytes=30;client_id=42;clients=50
1779646946321,PUT,112,4,benchKey_39_97,bytes=30;client_id=39;clients=50
1779646946325,PUT,115,4,benchKey_23_96,bytes=30;client_id=23;clients=50
1779646946327,PUT,118,4,benchKey_16_96,bytes=30;client_id=16;clients=50
1779646946328,PUT,117,4,benchKey_0_97,bytes=29;client_id=0;clients=50
1779646946330,PUT,114,4,benchKey_29_97,bytes=30;client_id=29;clients=50
1779646946331,PUT,118,4,benchKey_31_97,bytes=30;client_id=31;clients=50
1779646946333,PUT,99,4,benchKey_30_97,bytes=30;client_id=30;clients=50
1779646946333,PUT,116,4,benchKey_32_96,bytes=30;client_id=32;clients=50
1779646946335,PUT,99,4,benchKey_22_97,bytes=30;client_id=22;clients=50
1779646946336,PUT,100,4,benchKey_17_97,bytes=30;client_id=17;clients=50
1779646946337,PUT,95,4,benchKey_47_97,bytes=30;client_id=47;clients=50
1779646946339,PUT,99,4,benchKey_35_97,bytes=30;client_id=35;clients=50
1779646946339,PUT,98,4,benchKey_49_96,bytes=30;client_id=49;clients=50
1779646946339,PUT,95,4,benchKey_13_96,bytes=30;client_id=13;clients=50
1779646946341,PUT,106,4,benchKey_38_96,bytes=30;client_id=38;clients=50
1779646946343,PUT,97,4,benchKey_48_97,bytes=30;client_id=48;clients=50
1779646946343,PUT,97,4,benchKey_1_97,bytes=29;client_id=1;clients=50
1779646946361,PUT,113,4,benchKey_24_96,bytes=30;client_id=24;clients=50
1779646946362,PUT,112,4,benchKey_5_97,bytes=29;client_id=5;clients=50
1779646946366,PUT,115,4,benchKey_43_96,bytes=30;client_id=43;clients=50
1779646946366,PUT,117,4,benchKey_18_97,bytes=30;client_id=18;clients=50
1779646946368,PUT,78,4,benchKey_10_97,bytes=30;client_id=10;clients=50
1779646946371,PUT,119,4,benchKey_34_97,bytes=30;client_id=34;clients=50
1779646946371,PUT,119,4,benchKey_3_97,bytes=29;client_id=3;clients=50
1779646946372,PUT,122,4,benchKey_15_97,bytes=30;client_id=15;clients=50
1779646946374,PUT,115,4,benchKey_26_97,bytes=30;client_id=26;clients=50
1779646946375,PUT,117,4,benchKey_21_97,bytes=30;client_id=21;clients=50
1779646946376,PUT,121,4,benchKey_36_97,bytes=30;client_id=36;clients=50
1779646946379,PUT,104,4,benchKey_40_98,bytes=30;client_id=40;clients=50
1779646946379,PUT,104,4,benchKey_19_97,bytes=30;client_id=19;clients=50
1779646946381,PUT,102,4,benchKey_37_97,bytes=30;client_id=37;clients=50
1779646946382,PUT,97,4,benchKey_20_97,bytes=30;client_id=20;clients=50
1779646946383,PUT,100,4,benchKey_4_97,bytes=29;client_id=4;clients=50
1779646946384,PUT,100,4,benchKey_6_97,bytes=29;client_id=6;clients=50
1779646946386,PUT,109,4,benchKey_7_97,bytes=29;client_id=7;clients=50
1779646946387,PUT,103,4,benchKey_33_97,bytes=30;client_id=33;clients=50
1779646946387,PUT,100,4,benchKey_11_97,bytes=30;client_id=11;clients=50
1779646946388,PUT,100,4,benchKey_45_97,bytes=30;client_id=45;clients=50
1779646946404,PUT,114,4,benchKey_25_97,bytes=30;client_id=25;clients=50
1779646946404,PUT,114,4,benchKey_14_97,bytes=30;client_id=14;clients=50
1779646946409,PUT,117,4,benchKey_9_97,bytes=29;client_id=9;clients=50
1779646946411,PUT,118,4,benchKey_12_97,bytes=30;client_id=12;clients=50
1779646946415,PUT,121,4,benchKey_27_97,bytes=30;client_id=27;clients=50
1779646946415,PUT,122,4,benchKey_44_97,bytes=30;client_id=44;clients=50
1779646946416,PUT,119,4,benchKey_2_98,bytes=29;client_id=2;clients=50
1779646946418,PUT,117,4,benchKey_8_97,bytes=29;client_id=8;clients=50
1779646946418,PUT,120,4,benchKey_46_97,bytes=30;client_id=46;clients=50
1779646946420,PUT,101,4,benchKey_41_97,bytes=30;client_id=41;clients=50
1779646946422,PUT,102,4,benchKey_42_97,bytes=30;client_id=42;clients=50
1779646946423,PUT,104,4,benchKey_28_98,bytes=30;client_id=28;clients=50
1779646946424,PUT,103,4,benchKey_39_98,bytes=30;client_id=39;clients=50
1779646946426,PUT,101,4,benchKey_23_97,bytes=30;client_id=23;clients=50
1779646946426,PUT,99,4,benchKey_16_97,bytes=30;client_id=16;clients=50
1779646946428,PUT,99,4,benchKey_0_98,bytes=29;client_id=0;clients=50
1779646946431,PUT,101,4,benchKey_29_98,bytes=30;client_id=29;clients=50
1779646946432,PUT,99,4,benchKey_30_98,bytes=30;client_id=30;clients=50
1779646946432,PUT,98,4,benchKey_32_97,bytes=30;client_id=32;clients=50
1779646946432,PUT,101,4,benchKey_31_98,bytes=30;client_id=31;clients=50
1779646946448,PUT,111,4,benchKey_17_98,bytes=30;client_id=17;clients=50
1779646946448,PUT,112,4,benchKey_22_98,bytes=30;client_id=22;clients=50
1779646946452,PUT,113,4,benchKey_47_98,bytes=30;client_id=47;clients=50
1779646946453,PUT,113,4,benchKey_35_98,bytes=30;client_id=35;clients=50
1779646946457,PUT,117,4,benchKey_49_97,bytes=30;client_id=49;clients=50
1779646946458,PUT,118,4,benchKey_13_97,bytes=30;client_id=13;clients=50
1779646946460,PUT,119,4,benchKey_38_97,bytes=30;client_id=38;clients=50
1779646946461,PUT,117,4,benchKey_48_98,bytes=30;client_id=48;clients=50
1779646946461,PUT,117,4,benchKey_1_98,bytes=29;client_id=1;clients=50
1779646946462,PUT,101,4,benchKey_24_97,bytes=30;client_id=24;clients=50
1779646946465,PUT,99,4,benchKey_43_97,bytes=30;client_id=43;clients=50
1779646946465,PUT,103,4,benchKey_5_98,bytes=29;client_id=5;clients=50
1779646946466,PUT,100,4,benchKey_18_98,bytes=30;client_id=18;clients=50
1779646946470,PUT,101,4,benchKey_10_98,bytes=30;client_id=10;clients=50
1779646946470,PUT,99,4,benchKey_34_98,bytes=30;client_id=34;clients=50
1779646946472,PUT,100,4,benchKey_3_98,bytes=29;client_id=3;clients=50
1779646946475,PUT,100,4,benchKey_21_98,bytes=30;client_id=21;clients=50
1779646946475,PUT,102,4,benchKey_15_98,bytes=30;client_id=15;clients=50
1779646946476,PUT,99,4,benchKey_36_98,bytes=30;client_id=36;clients=50
1779646946477,PUT,102,4,benchKey_26_98,bytes=30;client_id=26;clients=50
1779646946492,PUT,112,4,benchKey_40_99,bytes=30;client_id=40;clients=50
1779646946492,PUT,112,4,benchKey_19_98,bytes=30;client_id=19;clients=50
1779646946494,PUT,113,4,benchKey_37_98,bytes=30;client_id=37;clients=50
1779646946495,PUT,113,4,benchKey_20_98,bytes=30;client_id=20;clients=50
1779646946499,PUT,116,4,benchKey_4_98,bytes=29;client_id=4;clients=50
1779646946500,PUT,116,4,benchKey_6_98,bytes=29;client_id=6;clients=50
1779646946502,PUT,115,4,benchKey_33_98,bytes=30;client_id=33;clients=50
1779646946505,PUT,117,4,benchKey_11_98,bytes=30;client_id=11;clients=50
1779646946505,PUT,116,4,benchKey_45_98,bytes=30;client_id=45;clients=50
1779646946505,PUT,118,4,benchKey_7_98,bytes=29;client_id=7;clients=50
1779646946508,PUT,103,4,benchKey_14_98,bytes=30;client_id=14;clients=50
1779646946510,PUT,105,4,benchKey_25_98,bytes=30;client_id=25;clients=50
1779646946510,PUT,100,4,benchKey_9_98,bytes=29;client_id=9;clients=50
1779646946514,PUT,98,4,benchKey_27_98,bytes=30;client_id=27;clients=50
1779646946514,PUT,103,4,benchKey_12_98,bytes=30;client_id=12;clients=50
1779646946515,PUT,99,4,benchKey_44_98,bytes=30;client_id=44;clients=50
1779646946519,PUT,100,4,benchKey_46_98,bytes=30;client_id=46;clients=50
1779646946521,PUT,103,4,benchKey_8_98,bytes=29;client_id=8;clients=50
1779646946522,PUT,105,4,benchKey_2_99,bytes=29;client_id=2;clients=50
1779646946523,PUT,103,4,benchKey_41_98,bytes=30;client_id=41;clients=50
1779646946536,PUT,113,4,benchKey_42_98,bytes=30;client_id=42;clients=50
1779646946539,PUT,112,4,benchKey_23_98,bytes=30;client_id=23;clients=50
1779646946539,PUT,115,4,benchKey_39_99,bytes=30;client_id=39;clients=50
1779646946544,PUT,116,4,benchKey_0_99,bytes=29;client_id=0;clients=50
1779646946545,PUT,121,4,benchKey_28_99,bytes=30;client_id=28;clients=50
1779646946545,PUT,113,4,benchKey_29_99,bytes=30;client_id=29;clients=50
1779646946545,PUT,118,4,benchKey_16_98,bytes=30;client_id=16;clients=50
1779646946547,PUT,115,4,benchKey_30_99,bytes=30;client_id=30;clients=50
1779646946549,PUT,116,4,benchKey_31_99,bytes=30;client_id=31;clients=50
1779646946550,PUT,117,4,benchKey_32_98,bytes=30;client_id=32;clients=50
1779646946552,PUT,104,4,benchKey_17_99,bytes=30;client_id=17;clients=50
1779646946553,PUT,105,4,benchKey_22_99,bytes=30;client_id=22;clients=50
1779646946553,PUT,101,4,benchKey_47_99,bytes=30;client_id=47;clients=50
1779646946556,PUT,103,4,benchKey_35_99,bytes=30;client_id=35;clients=50
1779646946557,PUT,98,4,benchKey_13_98,bytes=30;client_id=13;clients=50
1779646946559,PUT,101,4,benchKey_49_98,bytes=30;client_id=49;clients=50
1779646946563,PUT,102,4,benchKey_1_99,bytes=29;client_id=1;clients=50
1779646946564,PUT,103,4,benchKey_48_99,bytes=30;client_id=48;clients=50
1779646946564,PUT,102,4,benchKey_24_98,bytes=30;client_id=24;clients=50
1779646946566,PUT,105,4,benchKey_38_98,bytes=30;client_id=38;clients=50
1779646946580,PUT,114,4,benchKey_43_98,bytes=30;client_id=43;clients=50
1779646946584,PUT,117,4,benchKey_18_99,bytes=30;client_id=18;clients=50
1779646946586,PUT,115,4,benchKey_10_99,bytes=30;client_id=10;clients=50
1779646946587,PUT,121,4,benchKey_5_99,bytes=29;client_id=5;clients=50
1779646946587,PUT,112,4,benchKey_21_99,bytes=30;client_id=21;clients=50
1779646946587,PUT,116,4,benchKey_34_99,bytes=30;client_id=34;clients=50
1779646946589,PUT,116,4,benchKey_3_99,bytes=29;client_id=3;clients=50
1779646946590,PUT,115,4,benchKey_15_99,bytes=30;client_id=15;clients=50
1779646946592,PUT,114,4,benchKey_26_99,bytes=30;client_id=26;clients=50
1779646946592,PUT,116,4,benchKey_36_99,bytes=30;client_id=36;clients=50
1779646946595,PUT,103,4,benchKey_19_99,bytes=30;client_id=19;clients=50
1779646946596,PUT,101,4,benchKey_37_99,bytes=30;client_id=37;clients=50
1779646946597,PUT,101,4,benchKey_20_99,bytes=30;client_id=20;clients=50
1779646946598,PUT,98,4,benchKey_4_99,bytes=29;client_id=4;clients=50
1779646946599,PUT,98,4,benchKey_6_99,bytes=29;client_id=6;clients=50
1779646946600,PUT,97,4,benchKey_33_99,bytes=30;client_id=33;clients=50
1779646946605,PUT,100,4,benchKey_11_99,bytes=30;client_id=11;clients=50
1779646946607,PUT,102,4,benchKey_45_99,bytes=30;client_id=45;clients=50
1779646946607,PUT,102,4,benchKey_7_99,bytes=29;client_id=7;clients=50
1779646946608,PUT,99,4,benchKey_14_99,bytes=30;client_id=14;clients=50
1779646946622,PUT,112,4,benchKey_25_99,bytes=30;client_id=25;clients=50
1779646946625,PUT,114,4,benchKey_9_99,bytes=29;client_id=9;clients=50
1779646946628,PUT,114,4,benchKey_12_99,bytes=30;client_id=12;clients=50
1779646946628,PUT,114,4,benchKey_27_99,bytes=30;client_id=27;clients=50
1779646946629,PUT,113,4,benchKey_44_99,bytes=30;client_id=44;clients=50
1779646946629,PUT,109,4,benchKey_46_99,bytes=30;client_id=46;clients=50
1779646946632,PUT,110,4,benchKey_8_99,bytes=29;client_id=8;clients=50
1779646946632,PUT,109,4,benchKey_41_99,bytes=30;client_id=41;clients=50
1779646946634,PUT,94,4,benchKey_23_99,bytes=30;client_id=23;clients=50
1779646946634,PUT,97,4,benchKey_42_99,bytes=30;client_id=42;clients=50
1779646946637,PUT,90,4,benchKey_16_99,bytes=30;client_id=16;clients=50
1779646946637,PUT,87,4,benchKey_32_99,bytes=30;client_id=32;clients=50
1779646946638,PUT,81,4,benchKey_13_99,bytes=30;client_id=13;clients=50
1779646946680,PUT,121,4,benchKey_49_99,bytes=30;client_id=49;clients=50
1779646946681,PUT,116,4,benchKey_24_99,bytes=30;client_id=24;clients=50
1779646946683,PUT,116,4,benchKey_38_99,bytes=30;client_id=38;clients=50
1779646946687,PUT,107,4,benchKey_43_99,bytes=30;client_id=43;clients=50
1779646947817,DATA_SKEW_BEFORE,0,0,,node=8003;keys_count=256
1779646947865,DATA_SKEW_BEFORE,0,0,,node=8001;keys_count=252
1779646947909,DATA_SKEW_BEFORE,0,0,,node=8017;keys_count=240
1779646947952,DATA_SKEW_BEFORE,0,0,,node=8009;keys_count=254
1779646947997,DATA_SKEW_BEFORE,0,0,,node=8004;keys_count=244
1779646948042,DATA_SKEW_BEFORE,0,0,,node=8012;keys_count=258
1779646948093,DATA_SKEW_BEFORE,0,0,,node=8016;keys_count=250
1779646948137,DATA_SKEW_BEFORE,0,0,,node=8011;keys_count=248
1779646948186,DATA_SKEW_BEFORE,0,0,,node=8010;keys_count=258
1779646948234,DATA_SKEW_BEFORE,0,0,,node=8018;keys_count=244
1779646948283,DATA_SKEW_BEFORE,0,0,,node=8002;keys_count=242
1779646948335,DATA_SKEW_BEFORE,0,0,,node=8013;keys_count=244
1779646948383,DATA_SKEW_BEFORE,0,0,,node=8019;keys_count=246
1779646948430,DATA_SKEW_BEFORE,0,0,,node=8015;keys_count=242
1779646948474,DATA_SKEW_BEFORE,0,0,,node=8020;keys_count=242
1779646948518,DATA_SKEW_BEFORE,0,0,,node=8008;keys_count=256
1779646948563,DATA_SKEW_BEFORE,0,0,,node=8005;keys_count=258
1779646948608,DATA_SKEW_BEFORE,0,0,,node=8006;keys_count=250
1779646948652,DATA_SKEW_BEFORE,0,0,,node=8014;keys_count=256
1779646948696,DATA_SKEW_BEFORE,0,0,,node=8007;keys_count=260
1779646962824,NODE_TIMEOUT,0,0,,node=127.0.0.1:8020
1779646964625,TRANSFER_BATCH,0,1,,source=8015;dest=8014;keys=13;bytes=832
1779646964713,TRANSFER_BATCH,0,1,,source=8015;dest=8013;keys=14;bytes=896
1779646964801,TRANSFER_BATCH,0,1,,source=8015;dest=8012;keys=14;bytes=896
1779646964890,TRANSFER_BATCH,0,1,,source=8015;dest=8019;keys=12;bytes=768
1779646964982,TRANSFER_BATCH,0,1,,source=8015;dest=8018;keys=13;bytes=832
1779646965077,TRANSFER_BATCH,0,1,,source=8015;dest=8017;keys=12;bytes=768
1779646965172,TRANSFER_BATCH,0,1,,source=8015;dest=8016;keys=15;bytes=960
1779646965266,TRANSFER_BATCH,0,1,,source=8015;dest=8003;keys=12;bytes=768
1779646965354,TRANSFER_BATCH,0,1,,source=8015;dest=8002;keys=10;bytes=640
1779646965440,TRANSFER_BATCH,0,1,,source=8015;dest=8001;keys=17;bytes=1088
1779646965526,TRANSFER_BATCH,0,1,,source=8015;dest=8007;keys=15;bytes=960
1779646965615,TRANSFER_BATCH,0,1,,source=8015;dest=8006;keys=15;bytes=960
1779646965708,TRANSFER_BATCH,0,1,,source=8015;dest=8005;keys=11;bytes=704
1779646965803,TRANSFER_BATCH,0,1,,source=8015;dest=8004;keys=14;bytes=896
1779646965899,TRANSFER_BATCH,0,1,,source=8015;dest=8011;keys=8;bytes=512
1779646965988,TRANSFER_BATCH,0,1,,source=8015;dest=8010;keys=13;bytes=832
1779646966076,TRANSFER_BATCH,0,1,,source=8015;dest=8009;keys=13;bytes=832
1779646966163,TRANSFER_BATCH,0,1,,source=8015;dest=8008;keys=10;bytes=640
1779646966257,TRANSFER_BATCH,0,1,,source=8014;dest=8015;keys=15;bytes=960
1779646966342,TRANSFER_BATCH,0,1,,source=8014;dest=8013;keys=16;bytes=1024
1779646966429,TRANSFER_BATCH,0,1,,source=8014;dest=8012;keys=14;bytes=896
1779646966516,TRANSFER_BATCH,0,1,,source=8014;dest=8019;keys=18;bytes=1152
1779646966604,TRANSFER_BATCH,0,1,,source=8014;dest=8018;keys=11;bytes=704
1779646966689,TRANSFER_BATCH,0,1,,source=8014;dest=8017;keys=12;bytes=768
1779646966774,TRANSFER_BATCH,0,1,,source=8014;dest=8016;keys=14;bytes=896
1779646966858,TRANSFER_BATCH,0,1,,source=8014;dest=8003;keys=15;bytes=960
1779646966943,TRANSFER_BATCH,0,1,,source=8014;dest=8002;keys=13;bytes=832
1779646967028,TRANSFER_BATCH,0,1,,source=8014;dest=8001;keys=12;bytes=768
1779646967111,TRANSFER_BATCH,0,1,,source=8014;dest=8007;keys=13;bytes=832
1779646967195,TRANSFER_BATCH,0,1,,source=8014;dest=8006;keys=14;bytes=896
1779646967279,TRANSFER_BATCH,0,1,,source=8014;dest=8005;keys=13;bytes=832
1779646967366,TRANSFER_BATCH,0,1,,source=8014;dest=8004;keys=13;bytes=832
1779646967452,TRANSFER_BATCH,0,1,,source=8014;dest=8011;keys=13;bytes=832
1779646967540,TRANSFER_BATCH,0,1,,source=8014;dest=8010;keys=10;bytes=640
1779646967628,TRANSFER_BATCH,0,1,,source=8014;dest=8009;keys=16;bytes=1024
1779646967715,TRANSFER_BATCH,0,1,,source=8014;dest=8008;keys=13;bytes=832
1779646967822,TRANSFER_BATCH,0,1,,source=8013;dest=8015;keys=15;bytes=960
1779646967907,TRANSFER_BATCH,0,1,,source=8013;dest=8014;keys=12;bytes=768
1779646967994,TRANSFER_BATCH,0,1,,source=8013;dest=8012;keys=17;bytes=1088
1779646968082,TRANSFER_BATCH,0,1,,source=8013;dest=8019;keys=11;bytes=704
1779646968167,TRANSFER_BATCH,0,1,,source=8013;dest=8018;keys=16;bytes=1024
1779646968249,TRANSFER_BATCH,0,1,,source=8013;dest=8017;keys=9;bytes=576
1779646968334,TRANSFER_BATCH,0,1,,source=8013;dest=8016;keys=13;bytes=832
1779646968419,TRANSFER_BATCH,0,1,,source=8013;dest=8003;keys=15;bytes=960
1779646968504,TRANSFER_BATCH,0,1,,source=8013;dest=8002;keys=16;bytes=1024
1779646968589,TRANSFER_BATCH,0,1,,source=8013;dest=8001;keys=12;bytes=768
1779646968674,TRANSFER_BATCH,0,1,,source=8013;dest=8007;keys=11;bytes=704
1779646968762,TRANSFER_BATCH,0,1,,source=8013;dest=8006;keys=13;bytes=832
1779646968849,TRANSFER_BATCH,0,1,,source=8013;dest=8005;keys=12;bytes=768
1779646968936,TRANSFER_BATCH,0,1,,source=8013;dest=8004;keys=11;bytes=704
1779646969024,TRANSFER_BATCH,0,1,,source=8013;dest=8011;keys=12;bytes=768
1779646969112,TRANSFER_BATCH,0,1,,source=8013;dest=8010;keys=11;bytes=704
1779646969200,TRANSFER_BATCH,0,1,,source=8013;dest=8009;keys=12;bytes=768
1779646969286,TRANSFER_BATCH,0,1,,source=8013;dest=8008;keys=15;bytes=960
1779646969393,TRANSFER_BATCH,0,1,,source=8012;dest=8015;keys=16;bytes=1024
1779646969482,TRANSFER_BATCH,0,1,,source=8012;dest=8014;keys=16;bytes=1024
1779646969571,TRANSFER_BATCH,0,1,,source=8012;dest=8013;keys=10;bytes=640
1779646969659,TRANSFER_BATCH,0,1,,source=8012;dest=8019;keys=10;bytes=640
1779646969747,TRANSFER_BATCH,0,1,,source=8012;dest=8018;keys=12;bytes=768
1779646969835,TRANSFER_BATCH,0,1,,source=8012;dest=8017;keys=18;bytes=1152
1779646969919,TRANSFER_BATCH,0,1,,source=8012;dest=8016;keys=9;bytes=576
1779646970006,TRANSFER_BATCH,0,1,,source=8012;dest=8003;keys=11;bytes=704
1779646970093,TRANSFER_BATCH,0,1,,source=8012;dest=8002;keys=18;bytes=1152
1779646970182,TRANSFER_BATCH,0,1,,source=8012;dest=8001;keys=16;bytes=1024
1779646970268,TRANSFER_BATCH,0,1,,source=8012;dest=8007;keys=13;bytes=832
1779646970352,TRANSFER_BATCH,0,1,,source=8012;dest=8006;keys=13;bytes=832
1779646970439,TRANSFER_BATCH,0,1,,source=8012;dest=8005;keys=14;bytes=896
1779646970526,TRANSFER_BATCH,0,1,,source=8012;dest=8004;keys=14;bytes=896
1779646970613,TRANSFER_BATCH,0,1,,source=8012;dest=8011;keys=19;bytes=1216
1779646970699,TRANSFER_BATCH,0,1,,source=8012;dest=8010;keys=11;bytes=704
1779646970787,TRANSFER_BATCH,0,1,,source=8012;dest=8009;keys=14;bytes=896
1779646970874,TRANSFER_BATCH,0,1,,source=8012;dest=8008;keys=12;bytes=768
1779646970983,TRANSFER_BATCH,0,1,,source=8019;dest=8015;keys=7;bytes=448
1779646971070,TRANSFER_BATCH,0,1,,source=8019;dest=8014;keys=15;bytes=960
1779646971153,TRANSFER_BATCH,0,1,,source=8019;dest=8013;keys=15;bytes=960
1779646971238,TRANSFER_BATCH,0,1,,source=8019;dest=8012;keys=10;bytes=640
1779646971322,TRANSFER_BATCH,0,1,,source=8019;dest=8018;keys=11;bytes=704
1779646971407,TRANSFER_BATCH,0,1,,source=8019;dest=8017;keys=13;bytes=832
1779646971493,TRANSFER_BATCH,0,1,,source=8019;dest=8016;keys=18;bytes=1152
1779646971576,TRANSFER_BATCH,0,1,,source=8019;dest=8003;keys=13;bytes=832
1779646971660,TRANSFER_BATCH,0,1,,source=8019;dest=8002;keys=9;bytes=576
1779646971744,TRANSFER_BATCH,0,1,,source=8019;dest=8001;keys=16;bytes=1024
1779646971828,TRANSFER_BATCH,0,1,,source=8019;dest=8007;keys=13;bytes=832
1779646971916,TRANSFER_BATCH,0,1,,source=8019;dest=8006;keys=11;bytes=704
1779646972004,TRANSFER_BATCH,0,1,,source=8019;dest=8005;keys=13;bytes=832
1779646972089,TRANSFER_BATCH,0,1,,source=8019;dest=8004;keys=16;bytes=1024
1779646972174,TRANSFER_BATCH,0,1,,source=8019;dest=8011;keys=11;bytes=704
1779646972261,TRANSFER_BATCH,0,1,,source=8019;dest=8010;keys=17;bytes=1088
1779646972348,TRANSFER_BATCH,0,1,,source=8019;dest=8009;keys=11;bytes=704
1779646972435,TRANSFER_BATCH,0,1,,source=8019;dest=8008;keys=12;bytes=768
1779646972535,TRANSFER_BATCH,0,1,,source=8018;dest=8015;keys=15;bytes=960
1779646972622,TRANSFER_BATCH,0,1,,source=8018;dest=8014;keys=7;bytes=448
1779646972710,TRANSFER_BATCH,0,1,,source=8018;dest=8013;keys=15;bytes=960
1779646972799,TRANSFER_BATCH,0,1,,source=8018;dest=8012;keys=15;bytes=960
1779646972887,TRANSFER_BATCH,0,1,,source=8018;dest=8019;keys=18;bytes=1152
1779646972972,TRANSFER_BATCH,0,1,,source=8018;dest=8017;keys=12;bytes=768
1779646973056,TRANSFER_BATCH,0,1,,source=8018;dest=8016;keys=13;bytes=832
1779646973142,TRANSFER_BATCH,0,1,,source=8018;dest=8003;keys=15;bytes=960
1779646973229,TRANSFER_BATCH,0,1,,source=8018;dest=8002;keys=13;bytes=832
1779646973317,TRANSFER_BATCH,0,1,,source=8018;dest=8001;keys=9;bytes=576
1779646973405,TRANSFER_BATCH,0,1,,source=8018;dest=8007;keys=13;bytes=832
1779646973490,TRANSFER_BATCH,0,1,,source=8018;dest=8006;keys=13;bytes=832
1779646973578,TRANSFER_BATCH,0,1,,source=8018;dest=8005;keys=12;bytes=768
1779646973661,TRANSFER_BATCH,0,1,,source=8018;dest=8004;keys=13;bytes=832
1779646973748,TRANSFER_BATCH,0,1,,source=8018;dest=8011;keys=11;bytes=704
1779646973836,TRANSFER_BATCH,0,1,,source=8018;dest=8010;keys=10;bytes=640
1779646973924,TRANSFER_BATCH,0,1,,source=8018;dest=8009;keys=15;bytes=960
1779646974011,TRANSFER_BATCH,0,1,,source=8018;dest=8008;keys=11;bytes=704
1779646974106,TRANSFER_BATCH,0,1,,source=8017;dest=8015;keys=13;bytes=832
1779646974190,TRANSFER_BATCH,0,1,,source=8017;dest=8014;keys=15;bytes=960
1779646974274,TRANSFER_BATCH,0,1,,source=8017;dest=8013;keys=7;bytes=448
1779646974358,TRANSFER_BATCH,0,1,,source=8017;dest=8012;keys=16;bytes=1024
1779646974444,TRANSFER_BATCH,0,1,,source=8017;dest=8019;keys=9;bytes=576
1779646974529,TRANSFER_BATCH,0,1,,source=8017;dest=8018;keys=18;bytes=1152
1779646974614,TRANSFER_BATCH,0,1,,source=8017;dest=8016;keys=11;bytes=704
1779646974698,TRANSFER_BATCH,0,1,,source=8017;dest=8003;keys=13;bytes=832
1779646974781,TRANSFER_BATCH,0,1,,source=8017;dest=8002;keys=14;bytes=896
1779646974865,TRANSFER_BATCH,0,1,,source=8017;dest=8001;keys=13;bytes=832
1779646974949,TRANSFER_BATCH,0,1,,source=8017;dest=8007;keys=12;bytes=768
1779646975034,TRANSFER_BATCH,0,1,,source=8017;dest=8006;keys=13;bytes=832
1779646975118,TRANSFER_BATCH,0,1,,source=8017;dest=8005;keys=13;bytes=832
1779646975202,TRANSFER_BATCH,0,1,,source=8017;dest=8004;keys=12;bytes=768
1779646975287,TRANSFER_BATCH,0,1,,source=8017;dest=8011;keys=14;bytes=896
1779646975372,TRANSFER_BATCH,0,1,,source=8017;dest=8010;keys=10;bytes=640
1779646975456,TRANSFER_BATCH,0,1,,source=8017;dest=8009;keys=11;bytes=704
1779646975541,TRANSFER_BATCH,0,1,,source=8017;dest=8008;keys=14;bytes=896
1779646975633,TRANSFER_BATCH,0,1,,source=8016;dest=8015;keys=12;bytes=768
1779646975721,TRANSFER_BATCH,0,1,,source=8016;dest=8014;keys=15;bytes=960
1779646975805,TRANSFER_BATCH,0,1,,source=8016;dest=8013;keys=16;bytes=1024
1779646975891,TRANSFER_BATCH,0,1,,source=8016;dest=8012;keys=8;bytes=512
1779646975978,TRANSFER_BATCH,0,1,,source=8016;dest=8019;keys=14;bytes=896
1779646976064,TRANSFER_BATCH,0,1,,source=8016;dest=8018;keys=11;bytes=704
1779646976149,TRANSFER_BATCH,0,1,,source=8016;dest=8017;keys=17;bytes=1088
1779646976233,TRANSFER_BATCH,0,1,,source=8016;dest=8003;keys=11;bytes=704
1779646976318,TRANSFER_BATCH,0,1,,source=8016;dest=8002;keys=15;bytes=960
1779646976400,TRANSFER_BATCH,0,1,,source=8016;dest=8001;keys=13;bytes=832
1779646976488,TRANSFER_BATCH,0,1,,source=8016;dest=8007;keys=16;bytes=1024
1779646976577,TRANSFER_BATCH,0,1,,source=8016;dest=8006;keys=12;bytes=768
1779646976662,TRANSFER_BATCH,0,1,,source=8016;dest=8005;keys=14;bytes=896
1779646976747,TRANSFER_BATCH,0,1,,source=8016;dest=8004;keys=13;bytes=832
1779646976833,TRANSFER_BATCH,0,1,,source=8016;dest=8011;keys=15;bytes=960
1779646976920,TRANSFER_BATCH,0,1,,source=8016;dest=8010;keys=13;bytes=832
1779646977004,TRANSFER_BATCH,0,1,,source=8016;dest=8009;keys=10;bytes=640
1779646977088,TRANSFER_BATCH,0,1,,source=8016;dest=8008;keys=13;bytes=832
1779646977184,TRANSFER_BATCH,0,1,,source=8003;dest=8015;keys=11;bytes=704
1779646977270,TRANSFER_BATCH,0,1,,source=8003;dest=8014;keys=15;bytes=960
1779646977356,TRANSFER_BATCH,0,1,,source=8003;dest=8013;keys=14;bytes=896
1779646977440,TRANSFER_BATCH,0,1,,source=8003;dest=8012;keys=11;bytes=704
1779646977527,TRANSFER_BATCH,0,1,,source=8003;dest=8019;keys=13;bytes=832
1779646977610,TRANSFER_BATCH,0,1,,source=8003;dest=8018;keys=13;bytes=832
1779646977695,TRANSFER_BATCH,0,1,,source=8003;dest=8017;keys=13;bytes=832
1779646977778,TRANSFER_BATCH,0,1,,source=8003;dest=8016;keys=17;bytes=1088
1779646977865,TRANSFER_BATCH,0,1,,source=8003;dest=8002;keys=11;bytes=704
1779646977952,TRANSFER_BATCH,0,1,,source=8003;dest=8001;keys=17;bytes=1088
1779646978039,TRANSFER_BATCH,0,1,,source=8003;dest=8007;keys=15;bytes=960
1779646978123,TRANSFER_BATCH,0,1,,source=8003;dest=8006;keys=11;bytes=704
1779646978208,TRANSFER_BATCH,0,1,,source=8003;dest=8005;keys=14;bytes=896
1779646978294,TRANSFER_BATCH,0,1,,source=8003;dest=8004;keys=15;bytes=960
1779646978380,TRANSFER_BATCH,0,1,,source=8003;dest=8011;keys=11;bytes=704
1779646978465,TRANSFER_BATCH,0,1,,source=8003;dest=8010;keys=17;bytes=1088
1779646978549,TRANSFER_BATCH,0,1,,source=8003;dest=8009;keys=12;bytes=768
1779646978635,TRANSFER_BATCH,0,1,,source=8003;dest=8008;keys=14;bytes=896
1779646978735,TRANSFER_BATCH,0,1,,source=8002;dest=8015;keys=14;bytes=896
1779646978820,TRANSFER_BATCH,0,1,,source=8002;dest=8014;keys=10;bytes=640
1779646978905,TRANSFER_BATCH,0,1,,source=8002;dest=8013;keys=15;bytes=960
1779646978990,TRANSFER_BATCH,0,1,,source=8002;dest=8012;keys=12;bytes=768
1779646979074,TRANSFER_BATCH,0,1,,source=8002;dest=8019;keys=17;bytes=1088
1779646979157,TRANSFER_BATCH,0,1,,source=8002;dest=8018;keys=10;bytes=640
1779646979242,TRANSFER_BATCH,0,1,,source=8002;dest=8017;keys=14;bytes=896
1779646979328,TRANSFER_BATCH,0,1,,source=8002;dest=8016;keys=14;bytes=896
1779646979412,TRANSFER_BATCH,0,1,,source=8002;dest=8003;keys=16;bytes=1024
1779646979497,TRANSFER_BATCH,0,1,,source=8002;dest=8001;keys=11;bytes=704
1779646979582,TRANSFER_BATCH,0,1,,source=8002;dest=8007;keys=14;bytes=896
1779646979667,TRANSFER_BATCH,0,1,,source=8002;dest=8006;keys=13;bytes=832
1779646979752,TRANSFER_BATCH,0,1,,source=8002;dest=8005;keys=8;bytes=512
1779646979836,TRANSFER_BATCH,0,1,,source=8002;dest=8004;keys=15;bytes=960
1779646979919,TRANSFER_BATCH,0,1,,source=8002;dest=8011;keys=9;bytes=576
1779646980003,TRANSFER_BATCH,0,1,,source=8002;dest=8010;keys=12;bytes=768
1779646980090,TRANSFER_BATCH,0,1,,source=8002;dest=8009;keys=18;bytes=1152
1779646980175,TRANSFER_BATCH,0,1,,source=8002;dest=8008;keys=10;bytes=640
1779646980271,TRANSFER_BATCH,0,1,,source=8001;dest=8015;keys=15;bytes=960
1779646980355,TRANSFER_BATCH,0,1,,source=8001;dest=8014;keys=12;bytes=768
1779646980441,TRANSFER_BATCH,0,1,,source=8001;dest=8013;keys=11;bytes=704
1779646980526,TRANSFER_BATCH,0,1,,source=8001;dest=8012;keys=16;bytes=1024
1779646980611,TRANSFER_BATCH,0,1,,source=8001;dest=8019;keys=12;bytes=768
1779646980694,TRANSFER_BATCH,0,1,,source=8001;dest=8018;keys=18;bytes=1152
1779646980778,TRANSFER_BATCH,0,1,,source=8001;dest=8017;keys=9;bytes=576
1779646980863,TRANSFER_BATCH,0,1,,source=8001;dest=8016;keys=16;bytes=1024
1779646980949,TRANSFER_BATCH,0,1,,source=8001;dest=8003;keys=18;bytes=1152
1779646981034,TRANSFER_BATCH,0,1,,source=8001;dest=8002;keys=18;bytes=1152
1779646981119,TRANSFER_BATCH,0,1,,source=8001;dest=8007;keys=10;bytes=640
1779646981202,TRANSFER_BATCH,0,1,,source=8001;dest=8006;keys=14;bytes=896
1779646981287,TRANSFER_BATCH,0,1,,source=8001;dest=8005;keys=15;bytes=960
1779646981372,TRANSFER_BATCH,0,1,,source=8001;dest=8004;keys=8;bytes=512
1779646981457,TRANSFER_BATCH,0,1,,source=8001;dest=8011;keys=12;bytes=768
1779646981544,TRANSFER_BATCH,0,1,,source=8001;dest=8010;keys=11;bytes=704
1779646981630,TRANSFER_BATCH,0,1,,source=8001;dest=8009;keys=13;bytes=832
1779646981713,TRANSFER_BATCH,0,1,,source=8001;dest=8008;keys=16;bytes=1024
1779646981808,TRANSFER_BATCH,0,1,,source=8007;dest=8015;keys=11;bytes=704
1779646981895,TRANSFER_BATCH,0,1,,source=8007;dest=8014;keys=15;bytes=960
1779646981982,TRANSFER_BATCH,0,1,,source=8007;dest=8013;keys=15;bytes=960
1779646982064,TRANSFER_BATCH,0,1,,source=8007;dest=8012;keys=14;bytes=896
1779646982150,TRANSFER_BATCH,0,1,,source=8007;dest=8019;keys=15;bytes=960
1779646982234,TRANSFER_BATCH,0,1,,source=8007;dest=8018;keys=13;bytes=832
1779646982317,TRANSFER_BATCH,0,1,,source=8007;dest=8017;keys=13;bytes=832
1779646982403,TRANSFER_BATCH,0,1,,source=8007;dest=8016;keys=16;bytes=1024
1779646982490,TRANSFER_BATCH,0,1,,source=8007;dest=8003;keys=15;bytes=960
1779646982578,TRANSFER_BATCH,0,1,,source=8007;dest=8002;keys=10;bytes=640
1779646982663,TRANSFER_BATCH,0,1,,source=8007;dest=8001;keys=16;bytes=1024
1779646982752,TRANSFER_BATCH,0,1,,source=8007;dest=8006;keys=16;bytes=1024
1779646982839,TRANSFER_BATCH,0,1,,source=8007;dest=8005;keys=12;bytes=768
1779646982925,TRANSFER_BATCH,0,1,,source=8007;dest=8004;keys=15;bytes=960
1779646983012,TRANSFER_BATCH,0,1,,source=8007;dest=8011;keys=10;bytes=640
1779646983099,TRANSFER_BATCH,0,1,,source=8007;dest=8010;keys=15;bytes=960
1779646983186,TRANSFER_BATCH,0,1,,source=8007;dest=8009;keys=14;bytes=896
1779646983273,TRANSFER_BATCH,0,1,,source=8007;dest=8008;keys=10;bytes=640
1779646983381,TRANSFER_BATCH,0,1,,source=8006;dest=8015;keys=15;bytes=960
1779646983467,TRANSFER_BATCH,0,1,,source=8006;dest=8014;keys=10;bytes=640
1779646983555,TRANSFER_BATCH,0,1,,source=8006;dest=8013;keys=16;bytes=1024
1779646983642,TRANSFER_BATCH,0,1,,source=8006;dest=8012;keys=14;bytes=896
1779646983728,TRANSFER_BATCH,0,1,,source=8006;dest=8019;keys=18;bytes=1152
1779646983813,TRANSFER_BATCH,0,1,,source=8006;dest=8018;keys=13;bytes=832
1779646983899,TRANSFER_BATCH,0,1,,source=8006;dest=8017;keys=12;bytes=768
1779646983987,TRANSFER_BATCH,0,1,,source=8006;dest=8016;keys=12;bytes=768
1779646984076,TRANSFER_BATCH,0,1,,source=8006;dest=8003;keys=14;bytes=896
1779646984164,TRANSFER_BATCH,0,1,,source=8006;dest=8002;keys=15;bytes=960
1779646984250,TRANSFER_BATCH,0,1,,source=8006;dest=8001;keys=10;bytes=640
1779646984338,TRANSFER_BATCH,0,1,,source=8006;dest=8007;keys=10;bytes=640
1779646984425,TRANSFER_BATCH,0,1,,source=8006;dest=8005;keys=14;bytes=896
1779646984512,TRANSFER_BATCH,0,1,,source=8006;dest=8004;keys=11;bytes=704
1779646984600,TRANSFER_BATCH,0,1,,source=8006;dest=8011;keys=13;bytes=832
1779646984687,TRANSFER_BATCH,0,1,,source=8006;dest=8010;keys=11;bytes=704
1779646984774,TRANSFER_BATCH,0,1,,source=8006;dest=8009;keys=13;bytes=832
1779646984861,TRANSFER_BATCH,0,1,,source=8006;dest=8008;keys=14;bytes=896
1779646984958,TRANSFER_BATCH,0,1,,source=8005;dest=8015;keys=14;bytes=896
1779646985044,TRANSFER_BATCH,0,1,,source=8005;dest=8014;keys=16;bytes=1024
1779646985131,TRANSFER_BATCH,0,1,,source=8005;dest=8013;keys=10;bytes=640
1779646985215,TRANSFER_BATCH,0,1,,source=8005;dest=8012;keys=17;bytes=1088
1779646985303,TRANSFER_BATCH,0,1,,source=8005;dest=8019;keys=12;bytes=768
1779646985392,TRANSFER_BATCH,0,1,,source=8005;dest=8018;keys=17;bytes=1088
1779646985479,TRANSFER_BATCH,0,1,,source=8005;dest=8017;keys=12;bytes=768
1779646985566,TRANSFER_BATCH,0,1,,source=8005;dest=8016;keys=11;bytes=704
1779646985654,TRANSFER_BATCH,0,1,,source=8005;dest=8003;keys=13;bytes=832
1779646985739,TRANSFER_BATCH,0,1,,source=8005;dest=8002;keys=15;bytes=960
1779646985823,TRANSFER_BATCH,0,1,,source=8005;dest=8001;keys=16;bytes=1024
1779646985907,TRANSFER_BATCH,0,1,,source=8005;dest=8007;keys=13;bytes=832
1779646985991,TRANSFER_BATCH,0,1,,source=8005;dest=8006;keys=13;bytes=832
1779646986074,TRANSFER_BATCH,0,1,,source=8005;dest=8004;keys=13;bytes=832
1779646986159,TRANSFER_BATCH,0,1,,source=8005;dest=8011;keys=13;bytes=832
1779646986244,TRANSFER_BATCH,0,1,,source=8005;dest=8010;keys=12;bytes=768
1779646986330,TRANSFER_BATCH,0,1,,source=8005;dest=8009;keys=13;bytes=832
1779646986414,TRANSFER_BATCH,0,1,,source=8005;dest=8008;keys=14;bytes=896
1779646986509,TRANSFER_BATCH,0,1,,source=8004;dest=8015;keys=12;bytes=768
1779646986594,TRANSFER_BATCH,0,1,,source=8004;dest=8014;keys=15;bytes=960
1779646986677,TRANSFER_BATCH,0,1,,source=8004;dest=8013;keys=13;bytes=832
1779646986762,TRANSFER_BATCH,0,1,,source=8004;dest=8012;keys=10;bytes=640
1779646986847,TRANSFER_BATCH,0,1,,source=8004;dest=8019;keys=14;bytes=896
1779646986932,TRANSFER_BATCH,0,1,,source=8004;dest=8018;keys=11;bytes=704
1779646987017,TRANSFER_BATCH,0,1,,source=8004;dest=8017;keys=15;bytes=960
1779646987101,TRANSFER_BATCH,0,1,,source=8004;dest=8016;keys=11;bytes=704
1779646987186,TRANSFER_BATCH,0,1,,source=8004;dest=8003;keys=11;bytes=704
1779646987271,TRANSFER_BATCH,0,1,,source=8004;dest=8002;keys=14;bytes=896
1779646987357,TRANSFER_BATCH,0,1,,source=8004;dest=8001;keys=14;bytes=896
1779646987442,TRANSFER_BATCH,0,1,,source=8004;dest=8007;keys=13;bytes=832
1779646987530,TRANSFER_BATCH,0,1,,source=8004;dest=8006;keys=12;bytes=768
1779646987614,TRANSFER_BATCH,0,1,,source=8004;dest=8005;keys=14;bytes=896
1779646987700,TRANSFER_BATCH,0,1,,source=8004;dest=8011;keys=15;bytes=960
1779646987784,TRANSFER_BATCH,0,1,,source=8004;dest=8010;keys=12;bytes=768
1779646987869,TRANSFER_BATCH,0,1,,source=8004;dest=8009;keys=11;bytes=704
1779646987955,TRANSFER_BATCH,0,1,,source=8004;dest=8008;keys=15;bytes=960
1779646988051,TRANSFER_BATCH,0,1,,source=8011;dest=8015;keys=8;bytes=512
1779646988139,TRANSFER_BATCH,0,1,,source=8011;dest=8014;keys=16;bytes=1024
1779646988225,TRANSFER_BATCH,0,1,,source=8011;dest=8013;keys=14;bytes=896
1779646988312,TRANSFER_BATCH,0,1,,source=8011;dest=8012;keys=7;bytes=448
1779646988400,TRANSFER_BATCH,0,1,,source=8011;dest=8019;keys=13;bytes=832
1779646988488,TRANSFER_BATCH,0,1,,source=8011;dest=8018;keys=11;bytes=704
1779646988576,TRANSFER_BATCH,0,1,,source=8011;dest=8017;keys=14;bytes=896
1779646988664,TRANSFER_BATCH,0,1,,source=8011;dest=8016;keys=17;bytes=1088
1779646988751,TRANSFER_BATCH,0,1,,source=8011;dest=8003;keys=12;bytes=768
1779646988836,TRANSFER_BATCH,0,1,,source=8011;dest=8002;keys=12;bytes=768
1779646988921,TRANSFER_BATCH,0,1,,source=8011;dest=8001;keys=17;bytes=1088
1779646989008,TRANSFER_BATCH,0,1,,source=8011;dest=8007;keys=12;bytes=768
1779646989091,TRANSFER_BATCH,0,1,,source=8011;dest=8006;keys=10;bytes=640
1779646989175,TRANSFER_BATCH,0,1,,source=8011;dest=8005;keys=14;bytes=896
1779646989260,TRANSFER_BATCH,0,1,,source=8011;dest=8004;keys=15;bytes=960
1779646989346,TRANSFER_BATCH,0,1,,source=8011;dest=8010;keys=20;bytes=1280
1779646989431,TRANSFER_BATCH,0,1,,source=8011;dest=8009;keys=10;bytes=640
1779646989515,TRANSFER_BATCH,0,1,,source=8011;dest=8008;keys=14;bytes=896
1779646989610,TRANSFER_BATCH,0,1,,source=8010;dest=8015;keys=15;bytes=960
1779646989695,TRANSFER_BATCH,0,1,,source=8010;dest=8014;keys=8;bytes=512
1779646989778,TRANSFER_BATCH,0,1,,source=8010;dest=8013;keys=16;bytes=1024
1779646989863,TRANSFER_BATCH,0,1,,source=8010;dest=8012;keys=14;bytes=896
1779646989948,TRANSFER_BATCH,0,1,,source=8010;dest=8019;keys=17;bytes=1088
1779646990032,TRANSFER_BATCH,0,1,,source=8010;dest=8018;keys=13;bytes=832
1779646990118,TRANSFER_BATCH,0,1,,source=8010;dest=8017;keys=14;bytes=896
1779646990205,TRANSFER_BATCH,0,1,,source=8010;dest=8016;keys=15;bytes=960
1779646990292,TRANSFER_BATCH,0,1,,source=8010;dest=8003;keys=17;bytes=1088
1779646990376,TRANSFER_BATCH,0,1,,source=8010;dest=8002;keys=10;bytes=640
1779646990462,TRANSFER_BATCH,0,1,,source=8010;dest=8001;keys=13;bytes=832
1779646990546,TRANSFER_BATCH,0,1,,source=8010;dest=8007;keys=14;bytes=896
1779646990630,TRANSFER_BATCH,0,1,,source=8010;dest=8006;keys=15;bytes=960
1779646990717,TRANSFER_BATCH,0,1,,source=8010;dest=8005;keys=9;bytes=576
1779646990801,TRANSFER_BATCH,0,1,,source=8010;dest=8004;keys=16;bytes=1024
1779646990886,TRANSFER_BATCH,0,1,,source=8010;dest=8011;keys=9;bytes=576
1779646990970,TRANSFER_BATCH,0,1,,source=8010;dest=8009;keys=20;bytes=1280
1779646991053,TRANSFER_BATCH,0,1,,source=8010;dest=8008;keys=10;bytes=640
1779646991151,TRANSFER_BATCH,0,1,,source=8009;dest=8015;keys=15;bytes=960
1779646991237,TRANSFER_BATCH,0,1,,source=8009;dest=8014;keys=13;bytes=832
1779646991322,TRANSFER_BATCH,0,1,,source=8009;dest=8013;keys=8;bytes=512
1779646991406,TRANSFER_BATCH,0,1,,source=8009;dest=8012;keys=17;bytes=1088
1779646991491,TRANSFER_BATCH,0,1,,source=8009;dest=8019;keys=13;bytes=832
1779646991574,TRANSFER_BATCH,0,1,,source=8009;dest=8018;keys=17;bytes=1088
1779646991658,TRANSFER_BATCH,0,1,,source=8009;dest=8017;keys=12;bytes=768
1779646991744,TRANSFER_BATCH,0,1,,source=8009;dest=8016;keys=15;bytes=960
1779646991828,TRANSFER_BATCH,0,1,,source=8009;dest=8003;keys=15;bytes=960
1779646991913,TRANSFER_BATCH,0,1,,source=8009;dest=8002;keys=16;bytes=1024
1779646992000,TRANSFER_BATCH,0,1,,source=8009;dest=8001;keys=10;bytes=640
1779646992084,TRANSFER_BATCH,0,1,,source=8009;dest=8007;keys=10;bytes=640
1779646992168,TRANSFER_BATCH,0,1,,source=8009;dest=8006;keys=15;bytes=960
1779646992251,TRANSFER_BATCH,0,1,,source=8009;dest=8005;keys=15;bytes=960
1779646992335,TRANSFER_BATCH,0,1,,source=8009;dest=8004;keys=10;bytes=640
1779646992422,TRANSFER_BATCH,0,1,,source=8009;dest=8011;keys=15;bytes=960
1779646992508,TRANSFER_BATCH,0,1,,source=8009;dest=8010;keys=10;bytes=640
1779646992596,TRANSFER_BATCH,0,1,,source=8009;dest=8008;keys=16;bytes=1024
1779646992704,TRANSFER_BATCH,0,1,,source=8008;dest=8015;keys=15;bytes=960
1779646992791,TRANSFER_BATCH,0,1,,source=8008;dest=8014;keys=15;bytes=960
1779646992877,TRANSFER_BATCH,0,1,,source=8008;dest=8013;keys=13;bytes=832
1779646992965,TRANSFER_BATCH,0,1,,source=8008;dest=8012;keys=8;bytes=512
1779646993052,TRANSFER_BATCH,0,1,,source=8008;dest=8019;keys=12;bytes=768
1779646993140,TRANSFER_BATCH,0,1,,source=8008;dest=8018;keys=13;bytes=832
1779646993227,TRANSFER_BATCH,0,1,,source=8008;dest=8017;keys=17;bytes=1088
1779646993313,TRANSFER_BATCH,0,1,,source=8008;dest=8016;keys=11;bytes=704
1779646993396,TRANSFER_BATCH,0,1,,source=8008;dest=8003;keys=11;bytes=704
1779646993482,TRANSFER_BATCH,0,1,,source=8008;dest=8002;keys=14;bytes=896
1779646993570,TRANSFER_BATCH,0,1,,source=8008;dest=8001;keys=16;bytes=1024
1779646993655,TRANSFER_BATCH,0,1,,source=8008;dest=8007;keys=15;bytes=960
1779646993742,TRANSFER_BATCH,0,1,,source=8008;dest=8006;keys=12;bytes=768
1779646993827,TRANSFER_BATCH,0,1,,source=8008;dest=8005;keys=16;bytes=1024
1779646993915,TRANSFER_BATCH,0,1,,source=8008;dest=8004;keys=15;bytes=960
1779646994001,TRANSFER_BATCH,0,1,,source=8008;dest=8011;keys=17;bytes=1088
1779646994086,TRANSFER_BATCH,0,1,,source=8008;dest=8010;keys=14;bytes=896
1779646994173,TRANSFER_BATCH,0,1,,source=8008;dest=8009;keys=9;bytes=576
1779646995034,DATA_SKEW_AFTER,0,0,,node=8003;keys_count=259;active_nodes=19
1779646995081,DATA_SKEW_AFTER,0,0,,node=8001;keys_count=256;active_nodes=19
1779646995128,DATA_SKEW_AFTER,0,0,,node=8017;keys_count=250;active_nodes=19
1779646995175,DATA_SKEW_AFTER,0,0,,node=8009;keys_count=247;active_nodes=19
1779646995223,DATA_SKEW_AFTER,0,0,,node=8004;keys_count=251;active_nodes=19
1779646995269,DATA_SKEW_AFTER,0,0,,node=8012;keys_count=246;active_nodes=19
1779646995316,DATA_SKEW_AFTER,0,0,,node=8016;keys_count=260;active_nodes=19
1779646995362,DATA_SKEW_AFTER,0,0,,node=8011;keys_count=239;active_nodes=19
1779646995409,DATA_SKEW_AFTER,0,0,,node=8010;keys_count=242;active_nodes=19
1779646995456,DATA_SKEW_AFTER,0,0,,node=8018;keys_count=255;active_nodes=19
1779646995503,DATA_SKEW_AFTER,0,0,,node=8002;keys_count=253;active_nodes=19
1779646995547,DATA_SKEW_AFTER,0,0,,node=8013;keys_count=249;active_nodes=19
1779646995594,DATA_SKEW_AFTER,0,0,,node=8019;keys_count=263;active_nodes=19
1779646995640,DATA_SKEW_AFTER,0,0,,node=8015;keys_count=249;active_nodes=19
1779646995687,DATA_SKEW_AFTER,0,0,,node=8008;keys_count=246;active_nodes=19
1779646995733,DATA_SKEW_AFTER,0,0,,node=8005;keys_count=247;active_nodes=19
1779646995780,DATA_SKEW_AFTER,0,0,,node=8006;keys_count=250;active_nodes=19
1779646995826,DATA_SKEW_AFTER,0,0,,node=8014;keys_count=249;active_nodes=19
1779646995874,DATA_SKEW_AFTER,0,0,,node=8007;keys_count=247;active_nodes=19
1779646995875,REBALANCE,33050,0,,keys_moved=4524;active_nodes=19
