timestamp_ms,operation,latency_ms,hop_count,key,extra
1777331402815,JOIN,0,0,,node=127.0.0.1:8002
1777331402828,JOIN,0,0,,node=127.0.0.1:8008
1777331402829,JOIN,0,0,,node=127.0.0.1:8011
1777331402840,JOIN,0,0,,node=127.0.0.1:8009
1777331402841,JOIN,0,0,,node=127.0.0.1:8005
1777331402844,JOIN,0,0,,node=127.0.0.1:8014
1777331402849,JOIN,0,0,,node=127.0.0.1:8006
1777331402858,JOIN,0,0,,node=127.0.0.1:8015
1777331402867,JOIN,0,0,,node=127.0.0.1:8012
1777331402869,JOIN,0,0,,node=127.0.0.1:8003
1777331402871,JOIN,0,0,,node=127.0.0.1:8004
1777331402876,JOIN,0,0,,node=127.0.0.1:8007
1777331402883,JOIN,0,0,,node=127.0.0.1:8010
1777331402888,JOIN,0,0,,node=127.0.0.1:8013
1777331402895,REBALANCE,68,0,,keys_moved=0
1777331402901,JOIN,0,0,,node=127.0.0.1:8001
1777331402945,REBALANCE,116,0,,keys_moved=0
1777331403010,REBALANCE,180,0,,keys_moved=0
1777331403074,REBALANCE,234,0,,keys_moved=0
1777331403145,REBALANCE,304,0,,keys_moved=0
1777331403207,REBALANCE,363,0,,keys_moved=0
1777331403271,REBALANCE,422,0,,keys_moved=0
1777331403342,REBALANCE,484,0,,keys_moved=0
1777331403413,REBALANCE,546,0,,keys_moved=0
1777331403481,REBALANCE,612,0,,keys_moved=0
1777331403550,REBALANCE,679,0,,keys_moved=0
1777331403614,REBALANCE,738,0,,keys_moved=0
1777331403664,REBALANCE,781,0,,keys_moved=0
1777331403716,REBALANCE,828,0,,keys_moved=0
1777331403776,REBALANCE,875,0,,keys_moved=0
1777331405788,PUT,123,4,benchKey_30_0,bytes=29;client_id=30;clients=50
1777331405788,PUT,120,4,benchKey_41_0,bytes=29;client_id=41;clients=50
1777331405789,PUT,124,4,benchKey_36_0,bytes=29;client_id=36;clients=50
1777331405789,PUT,123,4,benchKey_25_0,bytes=29;client_id=25;clients=50
1777331405789,PUT,126,4,benchKey_5_0,bytes=28;client_id=5;clients=50
1777331405788,PUT,121,4,benchKey_15_0,bytes=29;client_id=15;clients=50
1777331405790,PUT,124,4,benchKey_45_0,bytes=29;client_id=45;clients=50
1777331405789,PUT,125,4,benchKey_11_0,bytes=29;client_id=11;clients=50
1777331405789,PUT,123,4,benchKey_4_0,bytes=28;client_id=4;clients=50
1777331405788,PUT,124,4,benchKey_37_0,bytes=29;client_id=37;clients=50
1777331405792,PUT,126,4,benchKey_42_0,bytes=29;client_id=42;clients=50
1777331405791,PUT,126,4,benchKey_40_0,bytes=29;client_id=40;clients=50
1777331405790,PUT,121,4,benchKey_31_0,bytes=29;client_id=31;clients=50
1777331405790,PUT,120,4,benchKey_38_0,bytes=29;client_id=38;clients=50
1777331405793,PUT,130,4,benchKey_10_0,bytes=29;client_id=10;clients=50
1777331405793,PUT,128,4,benchKey_23_0,bytes=29;client_id=23;clients=50
1777331405792,PUT,128,4,benchKey_35_0,bytes=29;client_id=35;clients=50
1777331405792,PUT,130,4,benchKey_2_0,bytes=28;client_id=2;clients=50
1777331405792,PUT,128,4,benchKey_18_0,bytes=29;client_id=18;clients=50
1777331405792,PUT,114,4,benchKey_32_0,bytes=29;client_id=32;clients=50
1777331405812,PUT,149,4,benchKey_14_0,bytes=29;client_id=14;clients=50
1777331405812,PUT,147,4,benchKey_6_0,bytes=28;client_id=6;clients=50
1777331405815,PUT,152,4,benchKey_9_0,bytes=28;client_id=9;clients=50
1777331405816,PUT,150,4,benchKey_46_0,bytes=29;client_id=46;clients=50
1777331405817,PUT,151,4,benchKey_47_0,bytes=29;client_id=47;clients=50
1777331405818,PUT,153,4,benchKey_26_0,bytes=29;client_id=26;clients=50
1777331405819,PUT,155,4,benchKey_17_0,bytes=29;client_id=17;clients=50
1777331405820,PUT,155,4,benchKey_28_0,bytes=29;client_id=28;clients=50
1777331405818,PUT,155,4,benchKey_8_0,bytes=28;client_id=8;clients=50
1777331405824,PUT,159,4,benchKey_24_0,bytes=29;client_id=24;clients=50
1777331405825,PUT,159,4,benchKey_20_0,bytes=29;client_id=20;clients=50
1777331405825,PUT,160,4,benchKey_34_0,bytes=29;client_id=34;clients=50
1777331405826,PUT,161,4,benchKey_49_0,bytes=29;client_id=49;clients=50
1777331405829,PUT,163,4,benchKey_22_0,bytes=29;client_id=22;clients=50
1777331405831,PUT,166,4,benchKey_27_0,bytes=29;client_id=27;clients=50
1777331405834,PUT,170,4,benchKey_16_0,bytes=29;client_id=16;clients=50
1777331405835,PUT,172,4,benchKey_0_0,bytes=28;client_id=0;clients=50
1777331405835,PUT,170,4,benchKey_21_0,bytes=29;client_id=21;clients=50
1777331405840,PUT,177,4,benchKey_12_0,bytes=29;client_id=12;clients=50
1777331405842,PUT,179,4,benchKey_3_0,bytes=28;client_id=3;clients=50
1777331405855,PUT,190,4,benchKey_33_0,bytes=29;client_id=33;clients=50
1777331405855,PUT,191,4,benchKey_19_0,bytes=29;client_id=19;clients=50
1777331405860,PUT,195,4,benchKey_39_0,bytes=29;client_id=39;clients=50
1777331405860,PUT,197,4,benchKey_13_0,bytes=29;client_id=13;clients=50
1777331405862,PUT,197,4,benchKey_43_0,bytes=29;client_id=43;clients=50
1777331405862,PUT,196,4,benchKey_44_0,bytes=29;client_id=44;clients=50
1777331405863,PUT,200,4,benchKey_7_0,bytes=28;client_id=7;clients=50
1777331405868,PUT,203,4,benchKey_29_0,bytes=29;client_id=29;clients=50
1777331405868,PUT,203,4,benchKey_48_0,bytes=29;client_id=48;clients=50
1777331405871,PUT,207,4,benchKey_1_0,bytes=28;client_id=1;clients=50
1777331405874,PUT,82,4,benchKey_36_1,bytes=29;client_id=36;clients=50
1777331405877,PUT,85,4,benchKey_41_1,bytes=29;client_id=41;clients=50
1777331405877,PUT,85,4,benchKey_25_1,bytes=29;client_id=25;clients=50
1777331405881,PUT,89,4,benchKey_4_1,bytes=28;client_id=4;clients=50
1777331405882,PUT,90,4,benchKey_37_1,bytes=29;client_id=37;clients=50
1777331405884,PUT,91,4,benchKey_42_1,bytes=29;client_id=42;clients=50
1777331405898,PUT,105,4,benchKey_11_1,bytes=29;client_id=11;clients=50
1777331405898,PUT,105,4,benchKey_40_1,bytes=29;client_id=40;clients=50
1777331405902,PUT,108,4,benchKey_31_1,bytes=29;client_id=31;clients=50
1777331405903,PUT,109,4,benchKey_38_1,bytes=29;client_id=38;clients=50
1777331405906,PUT,112,4,benchKey_35_1,bytes=29;client_id=35;clients=50
1777331405907,PUT,113,4,benchKey_10_1,bytes=29;client_id=10;clients=50
1777331405909,PUT,115,4,benchKey_2_1,bytes=28;client_id=2;clients=50
1777331405912,PUT,122,4,benchKey_30_1,bytes=29;client_id=30;clients=50
1777331405914,PUT,124,4,benchKey_45_1,bytes=29;client_id=45;clients=50
1777331405916,PUT,121,4,benchKey_32_1,bytes=29;client_id=32;clients=50
1777331405916,PUT,125,4,benchKey_5_1,bytes=28;client_id=5;clients=50
1777331405913,PUT,123,4,benchKey_15_1,bytes=29;client_id=15;clients=50
1777331405913,PUT,119,4,benchKey_23_1,bytes=29;client_id=23;clients=50
1777331405918,PUT,105,4,benchKey_14_1,bytes=29;client_id=14;clients=50
1777331405919,PUT,124,4,benchKey_18_1,bytes=29;client_id=18;clients=50
1777331405923,PUT,81,4,benchKey_3_1,bytes=28;client_id=3;clients=50
1777331405925,PUT,108,4,benchKey_47_1,bytes=29;client_id=47;clients=50
1777331405925,PUT,111,4,benchKey_6_1,bytes=28;client_id=6;clients=50
1777331405923,PUT,107,4,benchKey_9_1,bytes=28;client_id=9;clients=50
1777331405927,PUT,110,4,benchKey_46_1,bytes=29;client_id=46;clients=50
1777331405927,PUT,108,4,benchKey_26_1,bytes=29;client_id=26;clients=50
1777331405939,PUT,120,4,benchKey_17_1,bytes=29;client_id=17;clients=50
1777331405940,PUT,119,4,benchKey_28_1,bytes=29;client_id=28;clients=50
1777331405944,PUT,123,4,benchKey_8_1,bytes=28;client_id=8;clients=50
1777331405946,PUT,122,4,benchKey_24_1,bytes=29;client_id=24;clients=50
1777331405949,PUT,124,4,benchKey_20_1,bytes=29;client_id=20;clients=50
1777331405952,PUT,126,4,benchKey_34_1,bytes=29;client_id=34;clients=50
1777331405953,PUT,124,4,benchKey_22_1,bytes=29;client_id=22;clients=50
1777331405954,PUT,127,4,benchKey_49_1,bytes=29;client_id=49;clients=50
1777331405957,PUT,122,4,benchKey_0_1,bytes=28;client_id=0;clients=50
1777331405959,PUT,75,4,benchKey_42_2,bytes=29;client_id=42;clients=50
1777331405960,PUT,128,4,benchKey_27_1,bytes=29;client_id=27;clients=50
1777331405961,PUT,126,4,benchKey_21_1,bytes=29;client_id=21;clients=50
1777331405964,PUT,129,4,benchKey_16_1,bytes=29;client_id=16;clients=50
1777331405964,PUT,123,4,benchKey_12_1,bytes=29;client_id=12;clients=50
1777331405964,PUT,109,4,benchKey_33_1,bytes=29;client_id=33;clients=50
1777331405967,PUT,107,4,benchKey_13_1,bytes=29;client_id=13;clients=50
1777331405967,PUT,105,4,benchKey_43_1,bytes=29;client_id=43;clients=50
1777331405969,PUT,108,4,benchKey_39_1,bytes=29;client_id=39;clients=50
1777331405969,PUT,113,4,benchKey_19_1,bytes=29;client_id=19;clients=50
1777331405970,PUT,107,4,benchKey_44_1,bytes=29;client_id=44;clients=50
1777331405971,PUT,108,4,benchKey_7_1,bytes=28;client_id=7;clients=50
1777331405981,PUT,112,4,benchKey_29_1,bytes=29;client_id=29;clients=50
1777331405983,PUT,114,4,benchKey_48_1,bytes=29;client_id=48;clients=50
1777331405987,PUT,116,4,benchKey_1_1,bytes=28;client_id=1;clients=50
1777331405988,PUT,114,4,benchKey_36_2,bytes=29;client_id=36;clients=50
1777331405991,PUT,114,4,benchKey_41_2,bytes=29;client_id=41;clients=50
1777331405994,PUT,117,4,benchKey_25_2,bytes=29;client_id=25;clients=50
1777331405996,PUT,114,4,benchKey_4_2,bytes=28;client_id=4;clients=50
1777331405997,PUT,114,4,benchKey_37_2,bytes=29;client_id=37;clients=50
1777331406003,PUT,104,4,benchKey_11_2,bytes=29;client_id=11;clients=50
1777331406003,PUT,105,4,benchKey_40_2,bytes=29;client_id=40;clients=50
1777331406004,PUT,101,4,benchKey_31_2,bytes=29;client_id=31;clients=50
1777331406006,PUT,102,4,benchKey_38_2,bytes=29;client_id=38;clients=50
1777331406007,PUT,100,4,benchKey_10_2,bytes=29;client_id=10;clients=50
1777331406007,PUT,100,4,benchKey_35_2,bytes=29;client_id=35;clients=50
1777331406010,PUT,95,4,benchKey_30_2,bytes=29;client_id=30;clients=50
1777331406011,PUT,95,4,benchKey_45_2,bytes=29;client_id=45;clients=50
1777331406012,PUT,102,4,benchKey_2_2,bytes=28;client_id=2;clients=50
1777331406012,PUT,95,4,benchKey_32_2,bytes=29;client_id=32;clients=50
1777331406014,PUT,96,4,benchKey_15_2,bytes=29;client_id=15;clients=50
1777331406015,PUT,98,4,benchKey_5_2,bytes=28;client_id=5;clients=50
1777331406023,PUT,105,4,benchKey_23_2,bytes=29;client_id=23;clients=50
1777331406025,PUT,106,4,benchKey_14_2,bytes=29;client_id=14;clients=50
1777331406030,PUT,110,4,benchKey_18_2,bytes=29;client_id=18;clients=50
1777331406030,PUT,105,4,benchKey_47_2,bytes=29;client_id=47;clients=50
1777331406034,PUT,108,4,benchKey_6_2,bytes=28;client_id=6;clients=50
1777331406037,PUT,111,4,benchKey_3_2,bytes=28;client_id=3;clients=50
1777331406040,PUT,113,4,benchKey_9_2,bytes=28;client_id=9;clients=50
1777331406041,PUT,113,4,benchKey_46_2,bytes=29;client_id=46;clients=50
1777331406045,PUT,118,4,benchKey_26_2,bytes=29;client_id=26;clients=50
1777331406046,PUT,105,4,benchKey_17_2,bytes=29;client_id=17;clients=50
1777331406047,PUT,106,4,benchKey_28_2,bytes=29;client_id=28;clients=50
1777331406047,PUT,102,4,benchKey_8_2,bytes=28;client_id=8;clients=50
1777331406049,PUT,99,4,benchKey_20_2,bytes=29;client_id=20;clients=50
1777331406049,PUT,102,4,benchKey_24_2,bytes=29;client_id=24;clients=50
1777331406052,PUT,99,4,benchKey_34_2,bytes=29;client_id=34;clients=50
1777331406053,PUT,99,4,benchKey_22_2,bytes=29;client_id=22;clients=50
1777331406055,PUT,97,4,benchKey_0_2,bytes=28;client_id=0;clients=50
1777331406057,PUT,97,4,benchKey_42_3,bytes=29;client_id=42;clients=50
1777331406058,PUT,103,4,benchKey_49_2,bytes=29;client_id=49;clients=50
1777331406058,PUT,97,4,benchKey_27_2,bytes=29;client_id=27;clients=50
1777331406066,PUT,105,4,benchKey_21_2,bytes=29;client_id=21;clients=50
1777331406066,PUT,102,4,benchKey_16_2,bytes=29;client_id=16;clients=50
1777331406072,PUT,108,4,benchKey_33_2,bytes=29;client_id=33;clients=50
1777331406072,PUT,108,4,benchKey_12_2,bytes=29;client_id=12;clients=50
1777331406077,PUT,109,4,benchKey_13_2,bytes=29;client_id=13;clients=50
1777331406079,PUT,111,4,benchKey_43_2,bytes=29;client_id=43;clients=50
1777331406081,PUT,112,4,benchKey_39_2,bytes=29;client_id=39;clients=50
1777331406084,PUT,114,4,benchKey_19_2,bytes=29;client_id=19;clients=50
1777331406087,PUT,117,4,benchKey_44_2,bytes=29;client_id=44;clients=50
1777331406088,PUT,117,4,benchKey_7_2,bytes=28;client_id=7;clients=50
1777331406089,PUT,107,4,benchKey_29_2,bytes=29;client_id=29;clients=50
1777331406090,PUT,106,4,benchKey_48_2,bytes=29;client_id=48;clients=50
1777331406092,PUT,104,4,benchKey_1_2,bytes=28;client_id=1;clients=50
1777331406093,PUT,104,4,benchKey_36_3,bytes=29;client_id=36;clients=50
1777331406094,PUT,102,4,benchKey_41_3,bytes=29;client_id=41;clients=50
1777331406096,PUT,101,4,benchKey_25_3,bytes=29;client_id=25;clients=50
1777331406097,PUT,100,4,benchKey_4_3,bytes=28;client_id=4;clients=50
1777331406099,PUT,102,4,benchKey_37_3,bytes=29;client_id=37;clients=50
1777331406100,PUT,96,4,benchKey_40_3,bytes=29;client_id=40;clients=50
1777331406100,PUT,97,4,benchKey_11_3,bytes=29;client_id=11;clients=50
1777331406108,PUT,104,4,benchKey_31_3,bytes=29;client_id=31;clients=50
1777331406109,PUT,103,4,benchKey_38_3,bytes=29;client_id=38;clients=50
1777331406114,PUT,106,4,benchKey_10_3,bytes=29;client_id=10;clients=50
1777331406115,PUT,107,4,benchKey_35_3,bytes=29;client_id=35;clients=50
1777331406120,PUT,110,4,benchKey_30_3,bytes=29;client_id=30;clients=50
1777331406122,PUT,111,4,benchKey_45_3,bytes=29;client_id=45;clients=50
1777331406123,PUT,110,4,benchKey_2_3,bytes=28;client_id=2;clients=50
1777331406126,PUT,113,4,benchKey_32_3,bytes=29;client_id=32;clients=50
1777331406130,PUT,115,4,benchKey_15_3,bytes=29;client_id=15;clients=50
1777331406131,PUT,107,4,benchKey_23_3,bytes=29;client_id=23;clients=50
1777331406131,PUT,115,4,benchKey_5_3,bytes=28;client_id=5;clients=50
1777331406133,PUT,107,4,benchKey_14_3,bytes=29;client_id=14;clients=50
1777331406134,PUT,104,4,benchKey_18_3,bytes=29;client_id=18;clients=50
1777331406137,PUT,106,4,benchKey_47_3,bytes=29;client_id=47;clients=50
1777331406137,PUT,102,4,benchKey_6_3,bytes=28;client_id=6;clients=50
1777331406139,PUT,102,4,benchKey_3_3,bytes=28;client_id=3;clients=50
1777331406140,PUT,100,4,benchKey_9_3,bytes=28;client_id=9;clients=50
1777331406141,PUT,99,4,benchKey_46_3,bytes=29;client_id=46;clients=50
1777331406142,PUT,96,4,benchKey_26_3,bytes=29;client_id=26;clients=50
1777331406142,PUT,95,4,benchKey_17_3,bytes=29;client_id=17;clients=50
1777331406151,PUT,104,4,benchKey_28_3,bytes=29;client_id=28;clients=50
1777331406152,PUT,104,4,benchKey_8_3,bytes=28;client_id=8;clients=50
1777331406158,PUT,108,4,benchKey_20_3,bytes=29;client_id=20;clients=50
1777331406159,PUT,109,4,benchKey_24_3,bytes=29;client_id=24;clients=50
1777331406164,PUT,111,4,benchKey_34_3,bytes=29;client_id=34;clients=50
1777331406166,PUT,112,4,benchKey_22_3,bytes=29;client_id=22;clients=50
1777331406166,PUT,110,4,benchKey_0_3,bytes=28;client_id=0;clients=50
1777331406170,PUT,112,4,benchKey_42_4,bytes=29;client_id=42;clients=50
1777331406173,PUT,114,4,benchKey_49_3,bytes=29;client_id=49;clients=50
1777331406174,PUT,115,4,benchKey_27_3,bytes=29;client_id=27;clients=50
1777331406175,PUT,108,4,benchKey_21_3,bytes=29;client_id=21;clients=50
1777331406177,PUT,110,4,benchKey_16_3,bytes=29;client_id=16;clients=50
1777331406177,PUT,104,4,benchKey_33_3,bytes=29;client_id=33;clients=50
1777331406179,PUT,106,4,benchKey_12_3,bytes=29;client_id=12;clients=50
1777331406182,PUT,104,4,benchKey_13_3,bytes=29;client_id=13;clients=50
1777331406183,PUT,103,4,benchKey_43_3,bytes=29;client_id=43;clients=50
1777331406183,PUT,101,4,benchKey_39_3,bytes=29;client_id=39;clients=50
1777331406185,PUT,100,4,benchKey_19_3,bytes=29;client_id=19;clients=50
1777331406186,PUT,98,4,benchKey_44_3,bytes=29;client_id=44;clients=50
1777331406189,PUT,100,4,benchKey_7_3,bytes=28;client_id=7;clients=50
1777331406194,PUT,104,4,benchKey_29_3,bytes=29;client_id=29;clients=50
1777331406195,PUT,105,4,benchKey_48_3,bytes=29;client_id=48;clients=50
1777331406202,PUT,110,4,benchKey_1_3,bytes=28;client_id=1;clients=50
1777331406202,PUT,109,4,benchKey_36_4,bytes=29;client_id=36;clients=50
1777331406208,PUT,113,4,benchKey_41_4,bytes=29;client_id=41;clients=50
1777331406209,PUT,112,4,benchKey_25_4,bytes=29;client_id=25;clients=50
1777331406211,PUT,114,4,benchKey_4_4,bytes=28;client_id=4;clients=50
1777331406213,PUT,114,4,benchKey_37_4,bytes=29;client_id=37;clients=50
1777331406217,PUT,116,4,benchKey_40_4,bytes=29;client_id=40;clients=50
1777331406218,PUT,117,4,benchKey_11_4,bytes=29;client_id=11;clients=50
1777331406220,PUT,105,4,benchKey_10_4,bytes=29;client_id=10;clients=50
1777331406220,PUT,111,4,benchKey_31_4,bytes=29;client_id=31;clients=50
1777331406222,PUT,106,4,benchKey_35_4,bytes=29;client_id=35;clients=50
1777331406222,PUT,112,4,benchKey_38_4,bytes=29;client_id=38;clients=50
1777331406226,PUT,105,4,benchKey_30_4,bytes=29;client_id=30;clients=50
1777331406227,PUT,103,4,benchKey_2_4,bytes=28;client_id=2;clients=50
1777331406229,PUT,106,4,benchKey_45_4,bytes=29;client_id=45;clients=50
1777331406230,PUT,99,4,benchKey_15_4,bytes=29;client_id=15;clients=50
1777331406230,PUT,103,4,benchKey_32_4,bytes=29;client_id=32;clients=50
1777331406232,PUT,100,4,benchKey_23_4,bytes=29;client_id=23;clients=50
1777331406236,PUT,104,4,benchKey_5_4,bytes=28;client_id=5;clients=50
1777331406238,PUT,105,4,benchKey_14_4,bytes=29;client_id=14;clients=50
1777331406245,PUT,110,4,benchKey_18_4,bytes=29;client_id=18;clients=50
1777331406245,PUT,108,4,benchKey_6_4,bytes=28;client_id=6;clients=50
1777331406251,PUT,114,4,benchKey_47_4,bytes=29;client_id=47;clients=50
1777331406253,PUT,113,4,benchKey_3_4,bytes=28;client_id=3;clients=50
1777331406254,PUT,113,4,benchKey_9_4,bytes=28;client_id=9;clients=50
1777331406258,PUT,116,4,benchKey_46_4,bytes=29;client_id=46;clients=50
1777331406260,PUT,117,4,benchKey_26_4,bytes=29;client_id=26;clients=50
1777331406260,PUT,117,4,benchKey_17_4,bytes=29;client_id=17;clients=50
1777331406262,PUT,110,4,benchKey_8_4,bytes=28;client_id=8;clients=50
1777331406264,PUT,105,4,benchKey_20_4,bytes=29;client_id=20;clients=50
1777331406264,PUT,113,4,benchKey_28_4,bytes=29;client_id=28;clients=50
1777331406266,PUT,106,4,benchKey_24_4,bytes=29;client_id=24;clients=50
1777331406270,PUT,103,4,benchKey_22_4,bytes=29;client_id=22;clients=50
1777331406270,PUT,105,4,benchKey_34_4,bytes=29;client_id=34;clients=50
1777331406272,PUT,106,4,benchKey_0_4,bytes=28;client_id=0;clients=50
1777331406273,PUT,99,4,benchKey_49_4,bytes=29;client_id=49;clients=50
1777331406273,PUT,99,4,benchKey_27_4,bytes=29;client_id=27;clients=50
1777331406273,PUT,103,4,benchKey_42_5,bytes=29;client_id=42;clients=50
1777331406280,PUT,104,4,benchKey_21_4,bytes=29;client_id=21;clients=50
1777331406281,PUT,103,4,benchKey_16_4,bytes=29;client_id=16;clients=50
1777331406286,PUT,108,4,benchKey_33_4,bytes=29;client_id=33;clients=50
1777331406288,PUT,108,4,benchKey_12_4,bytes=29;client_id=12;clients=50
1777331406293,PUT,111,4,benchKey_13_4,bytes=29;client_id=13;clients=50
1777331406296,PUT,112,4,benchKey_39_4,bytes=29;client_id=39;clients=50
1777331406296,PUT,113,4,benchKey_43_4,bytes=29;client_id=43;clients=50
1777331406298,PUT,113,4,benchKey_19_4,bytes=29;client_id=19;clients=50
1777331406303,PUT,114,4,benchKey_7_4,bytes=28;client_id=7;clients=50
1777331406303,PUT,117,4,benchKey_44_4,bytes=29;client_id=44;clients=50
1777331406305,PUT,110,4,benchKey_29_4,bytes=29;client_id=29;clients=50
1777331406306,PUT,111,4,benchKey_48_4,bytes=29;client_id=48;clients=50
1777331406307,PUT,104,4,benchKey_1_4,bytes=28;client_id=1;clients=50
1777331406308,PUT,105,4,benchKey_36_5,bytes=29;client_id=36;clients=50
1777331406311,PUT,102,4,benchKey_25_5,bytes=29;client_id=25;clients=50
1777331406313,PUT,105,4,benchKey_41_5,bytes=29;client_id=41;clients=50
1777331406315,PUT,97,4,benchKey_11_5,bytes=29;client_id=11;clients=50
1777331406316,PUT,104,4,benchKey_4_5,bytes=28;client_id=4;clients=50
1777331406317,PUT,99,4,benchKey_40_5,bytes=29;client_id=40;clients=50
1777331406318,PUT,104,4,benchKey_37_5,bytes=29;client_id=37;clients=50
1777331406322,PUT,102,4,benchKey_10_5,bytes=29;client_id=10;clients=50
1777331406324,PUT,104,4,benchKey_31_5,bytes=29;client_id=31;clients=50
1777331406330,PUT,107,4,benchKey_35_5,bytes=29;client_id=35;clients=50
1777331406331,PUT,108,4,benchKey_38_5,bytes=29;client_id=38;clients=50
1777331406335,PUT,108,4,benchKey_30_5,bytes=29;client_id=30;clients=50
1777331406339,PUT,112,4,benchKey_2_5,bytes=28;client_id=2;clients=50
1777331406339,PUT,110,4,benchKey_45_5,bytes=29;client_id=45;clients=50
1777331406341,PUT,111,4,benchKey_15_5,bytes=29;client_id=15;clients=50
1777331406346,PUT,114,4,benchKey_23_5,bytes=29;client_id=23;clients=50
1777331406347,PUT,111,4,benchKey_5_5,bytes=28;client_id=5;clients=50
1777331406347,PUT,117,4,benchKey_32_5,bytes=29;client_id=32;clients=50
1777331406348,PUT,109,4,benchKey_14_5,bytes=29;client_id=14;clients=50
1777331406349,PUT,104,4,benchKey_18_5,bytes=29;client_id=18;clients=50
1777331406350,PUT,104,4,benchKey_6_5,bytes=28;client_id=6;clients=50
1777331406354,PUT,103,4,benchKey_47_5,bytes=29;client_id=47;clients=50
1777331406355,PUT,101,4,benchKey_3_5,bytes=28;client_id=3;clients=50
1777331406357,PUT,103,4,benchKey_9_5,bytes=28;client_id=9;clients=50
1777331406357,PUT,99,4,benchKey_46_5,bytes=29;client_id=46;clients=50
1777331406358,PUT,97,4,benchKey_26_5,bytes=29;client_id=26;clients=50
1777331406360,PUT,99,4,benchKey_17_5,bytes=29;client_id=17;clients=50
1777331406365,PUT,102,4,benchKey_8_5,bytes=28;client_id=8;clients=50
1777331406366,PUT,101,4,benchKey_20_5,bytes=29;client_id=20;clients=50
1777331406371,PUT,105,4,benchKey_24_5,bytes=29;client_id=24;clients=50
1777331406372,PUT,108,4,benchKey_28_5,bytes=29;client_id=28;clients=50
1777331406377,PUT,107,4,benchKey_22_5,bytes=29;client_id=22;clients=50
1777331406381,PUT,108,4,benchKey_0_5,bytes=28;client_id=0;clients=50
1777331406382,PUT,112,4,benchKey_34_5,bytes=29;client_id=34;clients=50
1777331406383,PUT,110,4,benchKey_49_5,bytes=29;client_id=49;clients=50
1777331406388,PUT,114,4,benchKey_27_5,bytes=29;client_id=27;clients=50
1777331406390,PUT,116,4,benchKey_42_6,bytes=29;client_id=42;clients=50
1777331406390,PUT,108,4,benchKey_16_5,bytes=29;client_id=16;clients=50
1777331406390,PUT,110,4,benchKey_21_5,bytes=29;client_id=21;clients=50
1777331406391,PUT,104,4,benchKey_33_5,bytes=29;client_id=33;clients=50
1777331406392,PUT,101,4,benchKey_12_5,bytes=29;client_id=12;clients=50
1777331406396,PUT,102,4,benchKey_13_5,bytes=29;client_id=13;clients=50
1777331406398,PUT,101,4,benchKey_39_5,bytes=29;client_id=39;clients=50
1777331406399,PUT,100,4,benchKey_19_5,bytes=29;client_id=19;clients=50
1777331406400,PUT,103,4,benchKey_43_5,bytes=29;client_id=43;clients=50
1777331406400,PUT,97,4,benchKey_7_5,bytes=28;client_id=7;clients=50
1777331406402,PUT,98,4,benchKey_44_5,bytes=29;client_id=44;clients=50
1777331406407,PUT,102,4,benchKey_29_5,bytes=29;client_id=29;clients=50
1777331406409,PUT,102,4,benchKey_48_5,bytes=29;client_id=48;clients=50
1777331406414,PUT,106,4,benchKey_1_5,bytes=28;client_id=1;clients=50
1777331406415,PUT,106,4,benchKey_36_6,bytes=29;client_id=36;clients=50
1777331406420,PUT,108,4,benchKey_25_6,bytes=29;client_id=25;clients=50
1777331406423,PUT,110,4,benchKey_41_6,bytes=29;client_id=41;clients=50
1777331406424,PUT,108,4,benchKey_11_6,bytes=29;client_id=11;clients=50
1777331406426,PUT,109,4,benchKey_4_6,bytes=28;client_id=4;clients=50
1777331406431,PUT,114,4,benchKey_40_6,bytes=29;client_id=40;clients=50
1777331406432,PUT,107,4,benchKey_31_6,bytes=29;client_id=31;clients=50
1777331406432,PUT,113,4,benchKey_37_6,bytes=29;client_id=37;clients=50
1777331406432,PUT,109,4,benchKey_10_6,bytes=29;client_id=10;clients=50
1777331406433,PUT,103,4,benchKey_35_6,bytes=29;client_id=35;clients=50
1777331406434,PUT,103,4,benchKey_38_6,bytes=29;client_id=38;clients=50
1777331406438,PUT,102,4,benchKey_30_6,bytes=29;client_id=30;clients=50
1777331406440,PUT,100,4,benchKey_45_6,bytes=29;client_id=45;clients=50
1777331406440,PUT,100,4,benchKey_2_6,bytes=28;client_id=2;clients=50
1777331406442,PUT,95,4,benchKey_23_6,bytes=29;client_id=23;clients=50
1777331406442,PUT,101,4,benchKey_15_6,bytes=29;client_id=15;clients=50
1777331406445,PUT,97,4,benchKey_5_6,bytes=28;client_id=5;clients=50
1777331406450,PUT,102,4,benchKey_32_6,bytes=29;client_id=32;clients=50
1777331406452,PUT,103,4,benchKey_14_6,bytes=29;client_id=14;clients=50
1777331406458,PUT,108,4,benchKey_18_6,bytes=29;client_id=18;clients=50
1777331406459,PUT,108,4,benchKey_6_6,bytes=28;client_id=6;clients=50
1777331406464,PUT,109,4,benchKey_47_6,bytes=29;client_id=47;clients=50
1777331406467,PUT,111,4,benchKey_3_6,bytes=28;client_id=3;clients=50
1777331406469,PUT,111,4,benchKey_46_6,bytes=29;client_id=46;clients=50
1777331406470,PUT,112,4,benchKey_9_6,bytes=28;client_id=9;clients=50
1777331406474,PUT,115,4,benchKey_26_6,bytes=29;client_id=26;clients=50
1777331406475,PUT,114,4,benchKey_17_6,bytes=29;client_id=17;clients=50
1777331406476,PUT,110,4,benchKey_8_6,bytes=28;client_id=8;clients=50
1777331406478,PUT,111,4,benchKey_20_6,bytes=29;client_id=20;clients=50
1777331406478,PUT,105,4,benchKey_28_6,bytes=29;client_id=28;clients=50
1777331406478,PUT,106,4,benchKey_24_6,bytes=29;client_id=24;clients=50
1777331406481,PUT,104,4,benchKey_22_6,bytes=29;client_id=22;clients=50
1777331406484,PUT,101,4,benchKey_34_6,bytes=29;client_id=34;clients=50
1777331406485,PUT,102,4,benchKey_49_6,bytes=29;client_id=49;clients=50
1777331406486,PUT,104,4,benchKey_0_6,bytes=28;client_id=0;clients=50
1777331406488,PUT,99,4,benchKey_27_6,bytes=29;client_id=27;clients=50
1777331406488,PUT,97,4,benchKey_42_7,bytes=29;client_id=42;clients=50
1777331406493,PUT,102,4,benchKey_21_6,bytes=29;client_id=21;clients=50
1777331406495,PUT,104,4,benchKey_16_6,bytes=29;client_id=16;clients=50
1777331406500,PUT,109,4,benchKey_33_6,bytes=29;client_id=33;clients=50
1777331406503,PUT,110,4,benchKey_12_6,bytes=29;client_id=12;clients=50
1777331406507,PUT,110,4,benchKey_13_6,bytes=29;client_id=13;clients=50
1777331406510,PUT,111,4,benchKey_39_6,bytes=29;client_id=39;clients=50
1777331406513,PUT,112,4,benchKey_43_6,bytes=29;client_id=43;clients=50
1777331406513,PUT,114,4,benchKey_19_6,bytes=29;client_id=19;clients=50
1777331406519,PUT,118,4,benchKey_7_6,bytes=28;client_id=7;clients=50
1777331406519,PUT,116,4,benchKey_44_6,bytes=29;client_id=44;clients=50
1777331406521,PUT,113,4,benchKey_29_6,bytes=29;client_id=29;clients=50
1777331406521,PUT,111,4,benchKey_48_6,bytes=29;client_id=48;clients=50
1777331406522,PUT,107,4,benchKey_1_6,bytes=28;client_id=1;clients=50
1777331406522,PUT,107,4,benchKey_36_7,bytes=29;client_id=36;clients=50
1777331406527,PUT,106,4,benchKey_25_7,bytes=29;client_id=25;clients=50
1777331406529,PUT,106,4,benchKey_41_7,bytes=29;client_id=41;clients=50
1777331406530,PUT,106,4,benchKey_11_7,bytes=29;client_id=11;clients=50
1777331406532,PUT,105,4,benchKey_4_7,bytes=28;client_id=4;clients=50
1777331406533,PUT,100,4,benchKey_31_7,bytes=29;client_id=31;clients=50
1777331406534,PUT,102,4,benchKey_40_7,bytes=29;client_id=40;clients=50
1777331406537,PUT,104,4,benchKey_37_7,bytes=29;client_id=37;clients=50
1777331406539,PUT,106,4,benchKey_10_7,bytes=29;client_id=10;clients=50
1777331406543,PUT,109,4,benchKey_35_7,bytes=29;client_id=35;clients=50
1777331406547,PUT,112,4,benchKey_38_7,bytes=29;client_id=38;clients=50
1777331406549,PUT,110,4,benchKey_30_7,bytes=29;client_id=30;clients=50
1777331406553,PUT,112,4,benchKey_45_7,bytes=29;client_id=45;clients=50
1777331406556,PUT,113,4,benchKey_23_7,bytes=29;client_id=23;clients=50
1777331406556,PUT,115,4,benchKey_2_7,bytes=28;client_id=2;clients=50
1777331406562,PUT,119,4,benchKey_15_7,bytes=29;client_id=15;clients=50
1777331406562,PUT,117,4,benchKey_5_7,bytes=28;client_id=5;clients=50
1777331406566,PUT,115,4,benchKey_32_7,bytes=29;client_id=32;clients=50
1777331406566,PUT,107,4,benchKey_18_7,bytes=29;client_id=18;clients=50
1777331406566,PUT,106,4,benchKey_6_7,bytes=28;client_id=6;clients=50
1777331406566,PUT,112,4,benchKey_14_7,bytes=29;client_id=14;clients=50
1777331406569,PUT,105,4,benchKey_47_7,bytes=29;client_id=47;clients=50
1777331406571,PUT,104,4,benchKey_3_7,bytes=28;client_id=3;clients=50
1777331406573,PUT,103,4,benchKey_46_7,bytes=29;client_id=46;clients=50
1777331406574,PUT,103,4,benchKey_9_7,bytes=28;client_id=9;clients=50
1777331406575,PUT,99,4,benchKey_17_7,bytes=29;client_id=17;clients=50
1777331406576,PUT,101,4,benchKey_26_7,bytes=29;client_id=26;clients=50
1777331406579,PUT,102,4,benchKey_8_7,bytes=28;client_id=8;clients=50
1777331406580,PUT,102,4,benchKey_20_7,bytes=29;client_id=20;clients=50
1777331406585,PUT,106,4,benchKey_28_7,bytes=29;client_id=28;clients=50
1777331406590,PUT,111,4,benchKey_24_7,bytes=29;client_id=24;clients=50
1777331406591,PUT,109,4,benchKey_22_7,bytes=29;client_id=22;clients=50
1777331406595,PUT,107,4,benchKey_34_7,bytes=29;client_id=34;clients=50
1777331406598,PUT,110,4,benchKey_27_7,bytes=29;client_id=27;clients=50
1777331406598,PUT,109,4,benchKey_42_8,bytes=29;client_id=42;clients=50
1777331406603,PUT,115,4,benchKey_0_7,bytes=28;client_id=0;clients=50
1777331406605,PUT,116,4,benchKey_49_7,bytes=29;client_id=49;clients=50
1777331406607,PUT,114,4,benchKey_21_7,bytes=29;client_id=21;clients=50
1777331406607,PUT,112,4,benchKey_16_7,bytes=29;client_id=16;clients=50
1777331406609,PUT,108,4,benchKey_33_7,bytes=29;client_id=33;clients=50
1777331406611,PUT,108,4,benchKey_12_7,bytes=29;client_id=12;clients=50
1777331406612,PUT,105,4,benchKey_13_7,bytes=29;client_id=13;clients=50
1777331406613,PUT,103,4,benchKey_39_7,bytes=29;client_id=39;clients=50
1777331406614,PUT,101,4,benchKey_43_7,bytes=29;client_id=43;clients=50
1777331406617,PUT,98,4,benchKey_7_7,bytes=28;client_id=7;clients=50
1777331406617,PUT,98,4,benchKey_44_7,bytes=29;client_id=44;clients=50
1777331406617,PUT,103,4,benchKey_19_7,bytes=29;client_id=19;clients=50
1777331406621,PUT,100,4,benchKey_29_7,bytes=29;client_id=29;clients=50
1777331406622,PUT,101,4,benchKey_48_7,bytes=29;client_id=48;clients=50
1777331406627,PUT,105,4,benchKey_1_7,bytes=28;client_id=1;clients=50
1777331406632,PUT,109,4,benchKey_36_8,bytes=29;client_id=36;clients=50
1777331406634,PUT,107,4,benchKey_25_8,bytes=29;client_id=25;clients=50
1777331406638,PUT,108,4,benchKey_41_8,bytes=29;client_id=41;clients=50
1777331406640,PUT,108,4,benchKey_4_8,bytes=28;client_id=4;clients=50
1777331406641,PUT,110,4,benchKey_11_8,bytes=29;client_id=11;clients=50
1777331406645,PUT,112,4,benchKey_31_8,bytes=29;client_id=31;clients=50
1777331406647,PUT,113,4,benchKey_40_8,bytes=29;client_id=40;clients=50
1777331406649,PUT,112,4,benchKey_37_8,bytes=29;client_id=37;clients=50
1777331406650,PUT,111,4,benchKey_10_8,bytes=29;client_id=10;clients=50
1777331406651,PUT,108,4,benchKey_35_8,bytes=29;client_id=35;clients=50
1777331406654,PUT,105,4,benchKey_30_8,bytes=29;client_id=30;clients=50
1777331406654,PUT,107,4,benchKey_38_8,bytes=29;client_id=38;clients=50
1777331406656,PUT,103,4,benchKey_45_8,bytes=29;client_id=45;clients=50
1777331406657,PUT,101,4,benchKey_23_8,bytes=29;client_id=23;clients=50
1777331406659,PUT,103,4,benchKey_2_8,bytes=28;client_id=2;clients=50
1777331406659,PUT,97,4,benchKey_15_8,bytes=29;client_id=15;clients=50
1777331406661,PUT,98,4,benchKey_5_8,bytes=28;client_id=5;clients=50
1777331406663,PUT,97,4,benchKey_32_8,bytes=29;client_id=32;clients=50
1777331406665,PUT,99,4,benchKey_18_8,bytes=29;client_id=18;clients=50
1777331406670,PUT,103,4,benchKey_6_8,bytes=28;client_id=6;clients=50
1777331406674,PUT,108,4,benchKey_14_8,bytes=29;client_id=14;clients=50
1777331406677,PUT,106,4,benchKey_47_8,bytes=29;client_id=47;clients=50
1777331406679,PUT,108,4,benchKey_3_8,bytes=28;client_id=3;clients=50
1777331406682,PUT,109,4,benchKey_46_8,bytes=29;client_id=46;clients=50
1777331406683,PUT,108,4,benchKey_9_8,bytes=28;client_id=9;clients=50
1777331406687,PUT,111,4,benchKey_17_8,bytes=29;client_id=17;clients=50
1777331406689,PUT,113,4,benchKey_26_8,bytes=29;client_id=26;clients=50
1777331406692,PUT,112,4,benchKey_8_8,bytes=28;client_id=8;clients=50
1777331406694,PUT,113,4,benchKey_20_8,bytes=29;client_id=20;clients=50
1777331406694,PUT,108,4,benchKey_28_8,bytes=29;client_id=28;clients=50
1777331406697,PUT,105,4,benchKey_22_8,bytes=29;client_id=22;clients=50
1777331406697,PUT,106,4,benchKey_24_8,bytes=29;client_id=24;clients=50
1777331406699,PUT,103,4,benchKey_34_8,bytes=29;client_id=34;clients=50
1777331406700,PUT,101,4,benchKey_27_8,bytes=29;client_id=27;clients=50
1777331406702,PUT,103,4,benchKey_42_9,bytes=29;client_id=42;clients=50
1777331406702,PUT,98,4,benchKey_0_8,bytes=28;client_id=0;clients=50
1777331406705,PUT,99,4,benchKey_49_8,bytes=29;client_id=49;clients=50
1777331406706,PUT,98,4,benchKey_16_8,bytes=29;client_id=16;clients=50
1777331406708,PUT,100,4,benchKey_21_8,bytes=29;client_id=21;clients=50
1777331406713,PUT,103,4,benchKey_33_8,bytes=29;client_id=33;clients=50
1777331406717,PUT,105,4,benchKey_12_8,bytes=29;client_id=12;clients=50
1777331406720,PUT,107,4,benchKey_13_8,bytes=29;client_id=13;clients=50
1777331406721,PUT,108,4,benchKey_39_8,bytes=29;client_id=39;clients=50
1777331406724,PUT,110,4,benchKey_43_8,bytes=29;client_id=43;clients=50
1777331406725,PUT,107,4,benchKey_7_8,bytes=28;client_id=7;clients=50
1777331406729,PUT,111,4,benchKey_19_8,bytes=29;client_id=19;clients=50
1777331406731,PUT,114,4,benchKey_44_8,bytes=29;client_id=44;clients=50
1777331406735,PUT,113,4,benchKey_29_8,bytes=29;client_id=29;clients=50
1777331406737,PUT,114,4,benchKey_48_8,bytes=29;client_id=48;clients=50
1777331406737,PUT,110,4,benchKey_1_8,bytes=28;client_id=1;clients=50
1777331406739,PUT,106,4,benchKey_36_9,bytes=29;client_id=36;clients=50
1777331406740,PUT,105,4,benchKey_25_9,bytes=29;client_id=25;clients=50
1777331406740,PUT,102,4,benchKey_41_9,bytes=29;client_id=41;clients=50
1777331406742,PUT,101,4,benchKey_4_9,bytes=28;client_id=4;clients=50
1777331406744,PUT,98,4,benchKey_31_9,bytes=29;client_id=31;clients=50
1777331406745,PUT,104,4,benchKey_11_9,bytes=29;client_id=11;clients=50
1777331406747,PUT,99,4,benchKey_40_9,bytes=29;client_id=40;clients=50
1777331406748,PUT,98,4,benchKey_37_9,bytes=29;client_id=37;clients=50
1777331406752,PUT,101,4,benchKey_10_9,bytes=29;client_id=10;clients=50
1777331406755,PUT,103,4,benchKey_35_9,bytes=29;client_id=35;clients=50
1777331406759,PUT,105,4,benchKey_30_9,bytes=29;client_id=30;clients=50
1777331406763,PUT,109,4,benchKey_38_9,bytes=29;client_id=38;clients=50
1777331406763,PUT,107,4,benchKey_45_9,bytes=29;client_id=45;clients=50
1777331406766,PUT,109,4,benchKey_23_9,bytes=29;client_id=23;clients=50
1777331406767,PUT,107,4,benchKey_2_9,bytes=28;client_id=2;clients=50
1777331406771,PUT,112,4,benchKey_15_9,bytes=29;client_id=15;clients=50
1777331406773,PUT,112,4,benchKey_5_9,bytes=28;client_id=5;clients=50
1777331406778,PUT,114,4,benchKey_32_9,bytes=29;client_id=32;clients=50
1777331406779,PUT,113,4,benchKey_18_9,bytes=29;client_id=18;clients=50
1777331406780,PUT,110,4,benchKey_6_9,bytes=28;client_id=6;clients=50
1777331406781,PUT,106,4,benchKey_14_9,bytes=29;client_id=14;clients=50
1777331406782,PUT,105,4,benchKey_47_9,bytes=29;client_id=47;clients=50
1777331406783,PUT,103,4,benchKey_3_9,bytes=28;client_id=3;clients=50
1777331406785,PUT,102,4,benchKey_46_9,bytes=29;client_id=46;clients=50
1777331406787,PUT,103,4,benchKey_9_9,bytes=28;client_id=9;clients=50
1777331406788,PUT,100,4,benchKey_17_9,bytes=29;client_id=17;clients=50
1777331406790,PUT,98,4,benchKey_8_9,bytes=28;client_id=8;clients=50
1777331406790,PUT,100,4,benchKey_26_9,bytes=29;client_id=26;clients=50
1777331406794,PUT,100,4,benchKey_20_9,bytes=29;client_id=20;clients=50
1777331406798,PUT,104,4,benchKey_28_9,bytes=29;client_id=28;clients=50
1777331406801,PUT,104,4,benchKey_22_9,bytes=29;client_id=22;clients=50
1777331406805,PUT,106,4,benchKey_34_9,bytes=29;client_id=34;clients=50
1777331406806,PUT,108,4,benchKey_24_9,bytes=29;client_id=24;clients=50
1777331406808,PUT,107,4,benchKey_27_9,bytes=29;client_id=27;clients=50
1777331406809,PUT,107,4,benchKey_42_10,bytes=30;client_id=42;clients=50
1777331406813,PUT,111,4,benchKey_0_9,bytes=28;client_id=0;clients=50
1777331406815,PUT,108,4,benchKey_49_9,bytes=29;client_id=49;clients=50
1777331406820,PUT,113,4,benchKey_16_9,bytes=29;client_id=16;clients=50
1777331406821,PUT,113,4,benchKey_21_9,bytes=29;client_id=21;clients=50
1777331406822,PUT,109,4,benchKey_33_9,bytes=29;client_id=33;clients=50
1777331406823,PUT,106,4,benchKey_12_9,bytes=29;client_id=12;clients=50
1777331406825,PUT,103,4,benchKey_39_9,bytes=29;client_id=39;clients=50
1777331406825,PUT,105,4,benchKey_13_9,bytes=29;client_id=13;clients=50
1777331406827,PUT,102,4,benchKey_43_9,bytes=29;client_id=43;clients=50
1777331406829,PUT,103,4,benchKey_7_9,bytes=28;client_id=7;clients=50
1777331406830,PUT,100,4,benchKey_19_9,bytes=29;client_id=19;clients=50
1777331406832,PUT,96,4,benchKey_29_9,bytes=29;client_id=29;clients=50
1777331406833,PUT,101,4,benchKey_44_9,bytes=29;client_id=44;clients=50
1777331406836,PUT,98,4,benchKey_48_9,bytes=29;client_id=48;clients=50
1777331406842,PUT,104,4,benchKey_1_9,bytes=28;client_id=1;clients=50
1777331406843,PUT,103,4,benchKey_36_10,bytes=30;client_id=36;clients=50
1777331406847,PUT,107,4,benchKey_25_10,bytes=30;client_id=25;clients=50
1777331406848,PUT,108,4,benchKey_41_10,bytes=30;client_id=41;clients=50
1777331406850,PUT,108,4,benchKey_4_10,bytes=29;client_id=4;clients=50
1777331406853,PUT,108,4,benchKey_31_10,bytes=30;client_id=31;clients=50
1777331406855,PUT,109,4,benchKey_11_10,bytes=30;client_id=11;clients=50
1777331406857,PUT,109,4,benchKey_40_10,bytes=30;client_id=40;clients=50
1777331406862,PUT,114,4,benchKey_37_10,bytes=30;client_id=37;clients=50
1777331406863,PUT,111,4,benchKey_10_10,bytes=30;client_id=10;clients=50
1777331406865,PUT,109,4,benchKey_35_10,bytes=30;client_id=35;clients=50
1777331406866,PUT,106,4,benchKey_30_10,bytes=30;client_id=30;clients=50
1777331406867,PUT,103,4,benchKey_38_10,bytes=30;client_id=38;clients=50
1777331406867,PUT,104,4,benchKey_45_10,bytes=30;client_id=45;clients=50
1777331406870,PUT,103,4,benchKey_23_10,bytes=30;client_id=23;clients=50
1777331406871,PUT,103,4,benchKey_2_10,bytes=29;client_id=2;clients=50
1777331406873,PUT,101,4,benchKey_15_10,bytes=30;client_id=15;clients=50
1777331406875,PUT,101,4,benchKey_5_10,bytes=29;client_id=5;clients=50
1777331406876,PUT,98,4,benchKey_32_10,bytes=30;client_id=32;clients=50
1777331406878,PUT,99,4,benchKey_18_10,bytes=30;client_id=18;clients=50
1777331406883,PUT,103,4,benchKey_6_10,bytes=29;client_id=6;clients=50
1777331406885,PUT,103,4,benchKey_14_10,bytes=30;client_id=14;clients=50
1777331406889,PUT,106,4,benchKey_47_10,bytes=30;client_id=47;clients=50
1777331406891,PUT,108,4,benchKey_3_10,bytes=29;client_id=3;clients=50
1777331406892,PUT,107,4,benchKey_46_10,bytes=30;client_id=46;clients=50
1777331406895,PUT,107,4,benchKey_9_10,bytes=29;client_id=9;clients=50
1777331406897,PUT,109,4,benchKey_17_10,bytes=30;client_id=17;clients=50
1777331406899,PUT,108,4,benchKey_26_10,bytes=30;client_id=26;clients=50
1777331406904,PUT,113,4,benchKey_8_10,bytes=29;client_id=8;clients=50
1777331406905,PUT,111,4,benchKey_20_10,bytes=30;client_id=20;clients=50
1777331406906,PUT,107,4,benchKey_28_10,bytes=30;client_id=28;clients=50
1777331406907,PUT,105,4,benchKey_22_10,bytes=30;client_id=22;clients=50
1777331406909,PUT,103,4,benchKey_34_10,bytes=30;client_id=34;clients=50
1777331406910,PUT,104,4,benchKey_24_10,bytes=30;client_id=24;clients=50
1777331406913,PUT,104,4,benchKey_27_10,bytes=30;client_id=27;clients=50
1777331406914,PUT,100,4,benchKey_0_10,bytes=29;client_id=0;clients=50
1777331406915,PUT,105,4,benchKey_42_11,bytes=30;client_id=42;clients=50
1777331406917,PUT,102,4,benchKey_49_10,bytes=30;client_id=49;clients=50
1777331406920,PUT,99,4,benchKey_16_10,bytes=30;client_id=16;clients=50
1777331406921,PUT,99,4,benchKey_21_10,bytes=30;client_id=21;clients=50
1777331406926,PUT,104,4,benchKey_33_10,bytes=30;client_id=33;clients=50
1777331406928,PUT,104,4,benchKey_12_10,bytes=30;client_id=12;clients=50
1777331406932,PUT,107,4,benchKey_39_10,bytes=30;client_id=39;clients=50
1777331406933,PUT,107,4,benchKey_13_10,bytes=30;client_id=13;clients=50
1777331406934,PUT,106,4,benchKey_43_10,bytes=30;client_id=43;clients=50
1777331406937,PUT,107,4,benchKey_7_10,bytes=29;client_id=7;clients=50
1777331406939,PUT,108,4,benchKey_19_10,bytes=30;client_id=19;clients=50
1777331406942,PUT,110,4,benchKey_29_10,bytes=30;client_id=29;clients=50
1777331406946,PUT,113,4,benchKey_44_10,bytes=30;client_id=44;clients=50
1777331406947,PUT,111,4,benchKey_48_10,bytes=30;client_id=48;clients=50
1777331406950,PUT,108,4,benchKey_1_10,bytes=29;client_id=1;clients=50
1777331406950,PUT,107,4,benchKey_36_11,bytes=30;client_id=36;clients=50
1777331406951,PUT,103,4,benchKey_25_11,bytes=30;client_id=25;clients=50
1777331406952,PUT,103,4,benchKey_41_11,bytes=30;client_id=41;clients=50
1777331406955,PUT,104,4,benchKey_4_11,bytes=29;client_id=4;clients=50
1777331406957,PUT,103,4,benchKey_31_11,bytes=30;client_id=31;clients=50
1777331406958,PUT,103,4,benchKey_11_11,bytes=30;client_id=11;clients=50
1777331406961,PUT,103,4,benchKey_40_11,bytes=30;client_id=40;clients=50
1777331406962,PUT,99,4,benchKey_37_11,bytes=30;client_id=37;clients=50
1777331406963,PUT,99,4,benchKey_10_11,bytes=30;client_id=10;clients=50
1777331406968,PUT,103,4,benchKey_35_11,bytes=30;client_id=35;clients=50
1777331406970,PUT,103,4,benchKey_30_11,bytes=30;client_id=30;clients=50
1777331406974,PUT,106,4,benchKey_38_11,bytes=30;client_id=38;clients=50
1777331406975,PUT,107,4,benchKey_45_11,bytes=30;client_id=45;clients=50
1777331406976,PUT,105,4,benchKey_23_11,bytes=30;client_id=23;clients=50
1777331406979,PUT,107,4,benchKey_2_11,bytes=29;client_id=2;clients=50
1777331406981,PUT,108,4,benchKey_15_11,bytes=30;client_id=15;clients=50
1777331406984,PUT,108,4,benchKey_5_11,bytes=29;client_id=5;clients=50
1777331406988,PUT,111,4,benchKey_32_11,bytes=30;client_id=32;clients=50
1777331406990,PUT,111,4,benchKey_18_11,bytes=30;client_id=18;clients=50
1777331406992,PUT,108,4,benchKey_6_11,bytes=29;client_id=6;clients=50
1777331406992,PUT,107,4,benchKey_14_11,bytes=30;client_id=14;clients=50
1777331406993,PUT,104,4,benchKey_47_11,bytes=30;client_id=47;clients=50
1777331406994,PUT,102,4,benchKey_3_11,bytes=29;client_id=3;clients=50
1777331406997,PUT,104,4,benchKey_46_11,bytes=30;client_id=46;clients=50
1777331407000,PUT,105,4,benchKey_9_11,bytes=29;client_id=9;clients=50
1777331407001,PUT,104,4,benchKey_17_11,bytes=30;client_id=17;clients=50
1777331407003,PUT,104,4,benchKey_26_11,bytes=30;client_id=26;clients=50
1777331407005,PUT,100,4,benchKey_8_11,bytes=29;client_id=8;clients=50
1777331407005,PUT,99,4,benchKey_20_11,bytes=30;client_id=20;clients=50
1777331407011,PUT,105,4,benchKey_28_11,bytes=30;client_id=28;clients=50
1777331407014,PUT,106,4,benchKey_22_11,bytes=30;client_id=22;clients=50
1777331407016,PUT,106,4,benchKey_34_11,bytes=30;client_id=34;clients=50
1777331407018,PUT,107,4,benchKey_24_11,bytes=30;client_id=24;clients=50
1777331407020,PUT,106,4,benchKey_27_11,bytes=30;client_id=27;clients=50
1777331407021,PUT,107,4,benchKey_0_11,bytes=29;client_id=0;clients=50
1777331407024,PUT,108,4,benchKey_42_12,bytes=30;client_id=42;clients=50
1777331407026,PUT,108,4,benchKey_49_11,bytes=30;client_id=49;clients=50
1777331407030,PUT,110,4,benchKey_16_11,bytes=30;client_id=16;clients=50
1777331407032,PUT,110,4,benchKey_21_11,bytes=30;client_id=21;clients=50
1777331407035,PUT,107,4,benchKey_33_11,bytes=30;client_id=33;clients=50
1777331407035,PUT,107,4,benchKey_12_11,bytes=30;client_id=12;clients=50
1777331407036,PUT,103,4,benchKey_13_11,bytes=30;client_id=13;clients=50
1777331407037,PUT,104,4,benchKey_39_11,bytes=30;client_id=39;clients=50
1777331407042,PUT,107,4,benchKey_43_11,bytes=30;client_id=43;clients=50
1777331407044,PUT,107,4,benchKey_7_11,bytes=29;client_id=7;clients=50
1777331407045,PUT,102,4,benchKey_29_11,bytes=30;client_id=29;clients=50
1777331407048,PUT,108,4,benchKey_19_11,bytes=30;client_id=19;clients=50
1777331407049,PUT,101,4,benchKey_44_11,bytes=30;client_id=44;clients=50
1777331407051,PUT,103,4,benchKey_48_11,bytes=30;client_id=48;clients=50
1777331407055,PUT,104,4,benchKey_1_11,bytes=29;client_id=1;clients=50
1777331407056,PUT,105,4,benchKey_36_12,bytes=30;client_id=36;clients=50
1777331407060,PUT,108,4,benchKey_25_12,bytes=30;client_id=25;clients=50
1777331407061,PUT,108,4,benchKey_41_12,bytes=30;client_id=41;clients=50
1777331407064,PUT,108,4,benchKey_4_12,bytes=29;client_id=4;clients=50
1777331407067,PUT,109,4,benchKey_31_12,bytes=30;client_id=31;clients=50
1777331407069,PUT,107,4,benchKey_40_12,bytes=30;client_id=40;clients=50
1777331407069,PUT,110,4,benchKey_11_12,bytes=30;client_id=11;clients=50
1777331407073,PUT,111,4,benchKey_37_12,bytes=30;client_id=37;clients=50
1777331407074,PUT,111,4,benchKey_10_12,bytes=30;client_id=10;clients=50
1777331407077,PUT,108,4,benchKey_35_12,bytes=30;client_id=35;clients=50
1777331407079,PUT,109,4,benchKey_30_12,bytes=30;client_id=30;clients=50
1777331407082,PUT,107,4,benchKey_38_12,bytes=30;client_id=38;clients=50
1777331407082,PUT,106,4,benchKey_45_12,bytes=30;client_id=45;clients=50
1777331407083,PUT,107,4,benchKey_23_12,bytes=30;client_id=23;clients=50
1777331407089,PUT,109,4,benchKey_2_12,bytes=29;client_id=2;clients=50
1777331407089,PUT,108,4,benchKey_15_12,bytes=30;client_id=15;clients=50
1777331407090,PUT,106,4,benchKey_5_12,bytes=29;client_id=5;clients=50
1777331407093,PUT,104,4,benchKey_32_12,bytes=30;client_id=32;clients=50
1777331407095,PUT,104,4,benchKey_18_12,bytes=30;client_id=18;clients=50
1777331407098,PUT,105,4,benchKey_6_12,bytes=29;client_id=6;clients=50
1777331407099,PUT,106,4,benchKey_14_12,bytes=30;client_id=14;clients=50
1777331407104,PUT,110,4,benchKey_47_12,bytes=30;client_id=47;clients=50
1777331407104,PUT,110,4,benchKey_3_12,bytes=29;client_id=3;clients=50
1777331407106,PUT,108,4,benchKey_46_12,bytes=30;client_id=46;clients=50
1777331407110,PUT,109,4,benchKey_9_12,bytes=29;client_id=9;clients=50
1777331407111,PUT,109,4,benchKey_17_12,bytes=30;client_id=17;clients=50
1777331407113,PUT,109,4,benchKey_26_12,bytes=30;client_id=26;clients=50
1777331407116,PUT,110,4,benchKey_8_12,bytes=29;client_id=8;clients=50
1777331407117,PUT,111,4,benchKey_20_12,bytes=30;client_id=20;clients=50
1777331407123,PUT,108,4,benchKey_22_12,bytes=30;client_id=22;clients=50
1777331407123,PUT,105,4,benchKey_24_12,bytes=30;client_id=24;clients=50
1777331407123,PUT,112,4,benchKey_28_12,bytes=30;client_id=28;clients=50
1777331407124,PUT,107,4,benchKey_34_12,bytes=30;client_id=34;clients=50
1777331407126,PUT,105,4,benchKey_27_12,bytes=30;client_id=27;clients=50
1777331407131,PUT,109,4,benchKey_0_12,bytes=29;client_id=0;clients=50
1777331407132,PUT,105,4,benchKey_49_12,bytes=30;client_id=49;clients=50
1777331407133,PUT,109,4,benchKey_42_13,bytes=30;client_id=42;clients=50
1777331407135,PUT,105,4,benchKey_16_12,bytes=30;client_id=16;clients=50
1777331407137,PUT,105,4,benchKey_21_12,bytes=30;client_id=21;clients=50
1777331407141,PUT,106,4,benchKey_33_12,bytes=30;client_id=33;clients=50
1777331407144,PUT,107,4,benchKey_13_12,bytes=30;client_id=13;clients=50
1777331407146,PUT,110,4,benchKey_12_12,bytes=30;client_id=12;clients=50
1777331407147,PUT,110,4,benchKey_39_12,bytes=30;client_id=39;clients=50
1777331407148,PUT,106,4,benchKey_43_12,bytes=30;client_id=43;clients=50
1777331407152,PUT,107,4,benchKey_7_12,bytes=29;client_id=7;clients=50
1777331407153,PUT,107,4,benchKey_29_12,bytes=30;client_id=29;clients=50
1777331407155,PUT,107,4,benchKey_19_12,bytes=30;client_id=19;clients=50
1777331407158,PUT,109,4,benchKey_44_12,bytes=30;client_id=44;clients=50
1777331407160,PUT,109,4,benchKey_48_12,bytes=30;client_id=48;clients=50
1777331407165,PUT,105,4,benchKey_25_13,bytes=30;client_id=25;clients=50
1777331407165,PUT,110,4,benchKey_1_12,bytes=29;client_id=1;clients=50
1777331407165,PUT,109,4,benchKey_36_13,bytes=30;client_id=36;clients=50
1777331407166,PUT,105,4,benchKey_41_13,bytes=30;client_id=41;clients=50
1777331407170,PUT,103,4,benchKey_31_13,bytes=30;client_id=31;clients=50
1777331407170,PUT,106,4,benchKey_4_13,bytes=29;client_id=4;clients=50
1777331407174,PUT,105,4,benchKey_40_13,bytes=30;client_id=40;clients=50
1777331407175,PUT,105,4,benchKey_11_13,bytes=30;client_id=11;clients=50
1777331407178,PUT,104,4,benchKey_37_13,bytes=30;client_id=37;clients=50
1777331407180,PUT,105,4,benchKey_10_13,bytes=30;client_id=10;clients=50
1777331407184,PUT,106,4,benchKey_35_13,bytes=30;client_id=35;clients=50
1777331407187,PUT,107,4,benchKey_30_13,bytes=30;client_id=30;clients=50
1777331407188,PUT,106,4,benchKey_38_13,bytes=30;client_id=38;clients=50
1777331407189,PUT,107,4,benchKey_45_13,bytes=30;client_id=45;clients=50
1777331407190,PUT,106,4,benchKey_23_13,bytes=30;client_id=23;clients=50
1777331407195,PUT,106,4,benchKey_2_13,bytes=29;client_id=2;clients=50
1777331407197,PUT,107,4,benchKey_15_13,bytes=30;client_id=15;clients=50
1777331407198,PUT,107,4,benchKey_5_13,bytes=29;client_id=5;clients=50
1777331407200,PUT,107,4,benchKey_32_13,bytes=30;client_id=32;clients=50
1777331407202,PUT,107,4,benchKey_18_13,bytes=30;client_id=18;clients=50
1777331407208,PUT,108,4,benchKey_14_13,bytes=30;client_id=14;clients=50
1777331407208,PUT,109,4,benchKey_6_13,bytes=29;client_id=6;clients=50
1777331407209,PUT,105,4,benchKey_47_13,bytes=30;client_id=47;clients=50
1777331407210,PUT,105,4,benchKey_3_13,bytes=29;client_id=3;clients=50
1777331407213,PUT,102,4,benchKey_9_13,bytes=29;client_id=9;clients=50
1777331407213,PUT,107,4,benchKey_46_13,bytes=30;client_id=46;clients=50
1777331407216,PUT,102,4,benchKey_26_13,bytes=30;client_id=26;clients=50
1777331407216,PUT,104,4,benchKey_17_13,bytes=30;client_id=17;clients=50
1777331407220,PUT,104,4,benchKey_8_13,bytes=29;client_id=8;clients=50
1777331407222,PUT,104,4,benchKey_20_13,bytes=30;client_id=20;clients=50
1777331407226,PUT,103,4,benchKey_22_13,bytes=30;client_id=22;clients=50
1777331407229,PUT,105,4,benchKey_28_13,bytes=30;client_id=28;clients=50
1777331407230,PUT,106,4,benchKey_24_13,bytes=30;client_id=24;clients=50
1777331407231,PUT,106,4,benchKey_34_13,bytes=30;client_id=34;clients=50
1777331407232,PUT,106,4,benchKey_27_13,bytes=30;client_id=27;clients=50
1777331407237,PUT,106,4,benchKey_0_13,bytes=29;client_id=0;clients=50
1777331407239,PUT,106,4,benchKey_49_13,bytes=30;client_id=49;clients=50
1777331407240,PUT,106,4,benchKey_42_14,bytes=30;client_id=42;clients=50
1777331407242,PUT,106,4,benchKey_16_13,bytes=30;client_id=16;clients=50
1777331407244,PUT,106,4,benchKey_21_13,bytes=30;client_id=21;clients=50
1777331407250,PUT,108,4,benchKey_33_13,bytes=30;client_id=33;clients=50
1777331407251,PUT,106,4,benchKey_13_13,bytes=30;client_id=13;clients=50
1777331407251,PUT,104,4,benchKey_12_13,bytes=30;client_id=12;clients=50
1777331407252,PUT,104,4,benchKey_39_13,bytes=30;client_id=39;clients=50
1777331407255,PUT,102,4,benchKey_7_13,bytes=29;client_id=7;clients=50
1777331407256,PUT,107,4,benchKey_43_13,bytes=30;client_id=43;clients=50
1777331407258,PUT,105,4,benchKey_29_13,bytes=30;client_id=29;clients=50
1777331407259,PUT,103,4,benchKey_19_13,bytes=30;client_id=19;clients=50
1777331407262,PUT,104,4,benchKey_44_13,bytes=30;client_id=44;clients=50
1777331407265,PUT,104,4,benchKey_48_13,bytes=30;client_id=48;clients=50
1777331407268,PUT,102,4,benchKey_25_14,bytes=30;client_id=25;clients=50
1777331407271,PUT,105,4,benchKey_1_13,bytes=29;client_id=1;clients=50
1777331407271,PUT,105,4,benchKey_36_14,bytes=30;client_id=36;clients=50
1777331407272,PUT,105,4,benchKey_41_14,bytes=30;client_id=41;clients=50
1777331407273,PUT,102,4,benchKey_31_14,bytes=30;client_id=31;clients=50
1777331407280,PUT,109,4,benchKey_4_14,bytes=29;client_id=4;clients=50
1777331407282,PUT,107,4,benchKey_40_14,bytes=30;client_id=40;clients=50
1777331407282,PUT,107,4,benchKey_11_14,bytes=30;client_id=11;clients=50
1777331407286,PUT,106,4,benchKey_10_14,bytes=30;client_id=10;clients=50
1777331407287,PUT,108,4,benchKey_37_14,bytes=30;client_id=37;clients=50
1777331407292,PUT,104,4,benchKey_38_14,bytes=30;client_id=38;clients=50
1777331407292,PUT,108,4,benchKey_35_14,bytes=30;client_id=35;clients=50
1777331407294,PUT,107,4,benchKey_30_14,bytes=30;client_id=30;clients=50
1777331407296,PUT,105,4,benchKey_45_14,bytes=30;client_id=45;clients=50
1777331407297,PUT,107,4,benchKey_23_14,bytes=30;client_id=23;clients=50
1777331407298,PUT,102,4,benchKey_2_14,bytes=29;client_id=2;clients=50
1777331407301,PUT,103,4,benchKey_5_14,bytes=29;client_id=5;clients=50
1777331407301,PUT,104,4,benchKey_15_14,bytes=30;client_id=15;clients=50
1777331407304,PUT,103,4,benchKey_32_14,bytes=30;client_id=32;clients=50
1777331407307,PUT,105,4,benchKey_18_14,bytes=30;client_id=18;clients=50
1777331407312,PUT,103,4,benchKey_14_14,bytes=30;client_id=14;clients=50
1777331407313,PUT,104,4,benchKey_6_14,bytes=29;client_id=6;clients=50
1777331407314,PUT,104,4,benchKey_3_14,bytes=29;client_id=3;clients=50
1777331407314,PUT,101,4,benchKey_9_14,bytes=29;client_id=9;clients=50
1777331407315,PUT,105,4,benchKey_47_14,bytes=30;client_id=47;clients=50
1777331407322,PUT,109,4,benchKey_46_14,bytes=30;client_id=46;clients=50
1777331407324,PUT,108,4,benchKey_26_14,bytes=30;client_id=26;clients=50
1777331407324,PUT,108,4,benchKey_17_14,bytes=30;client_id=17;clients=50
1777331407328,PUT,108,4,benchKey_8_14,bytes=29;client_id=8;clients=50
1777331407329,PUT,106,4,benchKey_20_14,bytes=30;client_id=20;clients=50
1777331407334,PUT,105,4,benchKey_28_14,bytes=30;client_id=28;clients=50
1777331407335,PUT,109,4,benchKey_22_14,bytes=30;client_id=22;clients=50
1777331407337,PUT,106,4,benchKey_34_14,bytes=30;client_id=34;clients=50
1777331407337,PUT,107,4,benchKey_24_14,bytes=30;client_id=24;clients=50
1777331407339,PUT,107,4,benchKey_27_14,bytes=30;client_id=27;clients=50
1777331407341,PUT,103,4,benchKey_0_14,bytes=29;client_id=0;clients=50
1777331407343,PUT,104,4,benchKey_49_14,bytes=30;client_id=49;clients=50
1777331407344,PUT,103,4,benchKey_42_15,bytes=30;client_id=42;clients=50
1777331407347,PUT,104,4,benchKey_16_14,bytes=30;client_id=16;clients=50
1777331407350,PUT,106,4,benchKey_21_14,bytes=30;client_id=21;clients=50
1777331407354,PUT,103,4,benchKey_33_14,bytes=30;client_id=33;clients=50
1777331407357,PUT,104,4,benchKey_39_14,bytes=30;client_id=39;clients=50
1777331407357,PUT,106,4,benchKey_13_14,bytes=30;client_id=13;clients=50
1777331407358,PUT,102,4,benchKey_7_14,bytes=29;client_id=7;clients=50
1777331407359,PUT,108,4,benchKey_12_14,bytes=30;client_id=12;clients=50
1777331407365,PUT,109,4,benchKey_43_14,bytes=30;client_id=43;clients=50
1777331407366,PUT,107,4,benchKey_29_14,bytes=30;client_id=29;clients=50
1777331407366,PUT,107,4,benchKey_19_14,bytes=30;client_id=19;clients=50
1777331407370,PUT,107,4,benchKey_44_14,bytes=30;client_id=44;clients=50
1777331407371,PUT,105,4,benchKey_48_14,bytes=30;client_id=48;clients=50
1777331407376,PUT,108,4,benchKey_25_15,bytes=30;client_id=25;clients=50
1777331407377,PUT,105,4,benchKey_1_14,bytes=29;client_id=1;clients=50
1777331407379,PUT,107,4,benchKey_36_15,bytes=30;client_id=36;clients=50
1777331407379,PUT,107,4,benchKey_41_15,bytes=30;client_id=41;clients=50
1777331407381,PUT,108,4,benchKey_31_15,bytes=30;client_id=31;clients=50
1777331407382,PUT,101,4,benchKey_4_15,bytes=29;client_id=4;clients=50
1777331407386,PUT,103,4,benchKey_11_15,bytes=30;client_id=11;clients=50
1777331407386,PUT,103,4,benchKey_40_15,bytes=30;client_id=40;clients=50
1777331407390,PUT,104,4,benchKey_10_15,bytes=30;client_id=10;clients=50
1777331407392,PUT,105,4,benchKey_37_15,bytes=30;client_id=37;clients=50
1777331407396,PUT,103,4,benchKey_38_15,bytes=30;client_id=38;clients=50
1777331407398,PUT,105,4,benchKey_35_15,bytes=30;client_id=35;clients=50
1777331407400,PUT,105,4,benchKey_30_15,bytes=30;client_id=30;clients=50
1777331407400,PUT,104,4,benchKey_45_15,bytes=30;client_id=45;clients=50
1777331407401,PUT,103,4,benchKey_23_15,bytes=30;client_id=23;clients=50
1777331407407,PUT,108,4,benchKey_2_15,bytes=29;client_id=2;clients=50
1777331407408,PUT,106,4,benchKey_5_15,bytes=29;client_id=5;clients=50
1777331407408,PUT,106,4,benchKey_15_15,bytes=30;client_id=15;clients=50
1777331407412,PUT,107,4,benchKey_32_15,bytes=30;client_id=32;clients=50
1777331407413,PUT,105,4,benchKey_18_15,bytes=30;client_id=18;clients=50
1777331407418,PUT,106,4,benchKey_14_15,bytes=30;client_id=14;clients=50
1777331407419,PUT,105,4,benchKey_6_15,bytes=29;client_id=6;clients=50
1777331407421,PUT,106,4,benchKey_3_15,bytes=29;client_id=3;clients=50
1777331407422,PUT,107,4,benchKey_9_15,bytes=29;client_id=9;clients=50
1777331407424,PUT,109,4,benchKey_47_15,bytes=30;client_id=47;clients=50
1777331407424,PUT,101,4,benchKey_46_15,bytes=30;client_id=46;clients=50
1777331407428,PUT,103,4,benchKey_26_15,bytes=30;client_id=26;clients=50
1777331407429,PUT,104,4,benchKey_17_15,bytes=30;client_id=17;clients=50
1777331407433,PUT,104,4,benchKey_8_15,bytes=29;client_id=8;clients=50
1777331407435,PUT,105,4,benchKey_20_15,bytes=30;client_id=20;clients=50
1777331407438,PUT,103,4,benchKey_28_15,bytes=30;client_id=28;clients=50
1777331407440,PUT,104,4,benchKey_22_15,bytes=30;client_id=22;clients=50
1777331407442,PUT,104,4,benchKey_34_15,bytes=30;client_id=34;clients=50
1777331407442,PUT,104,4,benchKey_24_15,bytes=30;client_id=24;clients=50
1777331407444,PUT,104,4,benchKey_27_15,bytes=30;client_id=27;clients=50
1777331407449,PUT,108,4,benchKey_0_15,bytes=29;client_id=0;clients=50
1777331407450,PUT,105,4,benchKey_42_16,bytes=30;client_id=42;clients=50
1777331407451,PUT,107,4,benchKey_49_15,bytes=30;client_id=49;clients=50
1777331407454,PUT,107,4,benchKey_16_15,bytes=30;client_id=16;clients=50
1777331407455,PUT,104,4,benchKey_21_15,bytes=30;client_id=21;clients=50
1777331407460,PUT,105,4,benchKey_33_15,bytes=30;client_id=33;clients=50
1777331407460,PUT,103,4,benchKey_39_15,bytes=30;client_id=39;clients=50
1777331407462,PUT,104,4,benchKey_13_15,bytes=30;client_id=13;clients=50
1777331407464,PUT,106,4,benchKey_7_15,bytes=29;client_id=7;clients=50
1777331407467,PUT,101,4,benchKey_43_15,bytes=30;client_id=43;clients=50
1777331407467,PUT,107,4,benchKey_12_15,bytes=30;client_id=12;clients=50
1777331407471,PUT,104,4,benchKey_29_15,bytes=30;client_id=29;clients=50
1777331407472,PUT,106,4,benchKey_19_15,bytes=30;client_id=19;clients=50
1777331407476,PUT,105,4,benchKey_44_15,bytes=30;client_id=44;clients=50
1777331407478,PUT,107,4,benchKey_48_15,bytes=30;client_id=48;clients=50
1777331407480,PUT,103,4,benchKey_25_16,bytes=30;client_id=25;clients=50
1777331407483,PUT,106,4,benchKey_1_15,bytes=29;client_id=1;clients=50
1777331407484,PUT,105,4,benchKey_36_16,bytes=30;client_id=36;clients=50
1777331407485,PUT,105,4,benchKey_41_16,bytes=30;client_id=41;clients=50
1777331407487,PUT,106,4,benchKey_31_16,bytes=30;client_id=31;clients=50
1777331407491,PUT,108,4,benchKey_4_16,bytes=29;client_id=4;clients=50
1777331407492,PUT,106,4,benchKey_11_16,bytes=30;client_id=11;clients=50
1777331407493,PUT,106,4,benchKey_40_16,bytes=30;client_id=40;clients=50
1777331407497,PUT,106,4,benchKey_10_16,bytes=30;client_id=10;clients=50
1777331407498,PUT,106,4,benchKey_37_16,bytes=30;client_id=37;clients=50
1777331407503,PUT,107,4,benchKey_38_16,bytes=30;client_id=38;clients=50
1777331407505,PUT,104,4,benchKey_30_16,bytes=30;client_id=30;clients=50
1777331407505,PUT,106,4,benchKey_35_16,bytes=30;client_id=35;clients=50
1777331407509,PUT,107,4,benchKey_23_16,bytes=30;client_id=23;clients=50
1777331407509,PUT,101,4,benchKey_2_16,bytes=29;client_id=2;clients=50
1777331407513,PUT,113,4,benchKey_45_16,bytes=30;client_id=45;clients=50
1777331407514,PUT,105,4,benchKey_5_16,bytes=29;client_id=5;clients=50
1777331407514,PUT,106,4,benchKey_15_16,bytes=30;client_id=15;clients=50
1777331407519,PUT,106,4,benchKey_32_16,bytes=30;client_id=32;clients=50
1777331407521,PUT,108,4,benchKey_18_16,bytes=30;client_id=18;clients=50
1777331407522,PUT,103,4,benchKey_14_16,bytes=30;client_id=14;clients=50
1777331407526,PUT,107,4,benchKey_6_16,bytes=29;client_id=6;clients=50
1777331407526,PUT,105,4,benchKey_3_16,bytes=29;client_id=3;clients=50
1777331407527,PUT,105,4,benchKey_9_16,bytes=29;client_id=9;clients=50
1777331407530,PUT,106,4,benchKey_47_16,bytes=30;client_id=47;clients=50
1777331407533,PUT,109,4,benchKey_46_16,bytes=30;client_id=46;clients=50
1777331407534,PUT,105,4,benchKey_17_16,bytes=30;client_id=17;clients=50
1777331407535,PUT,106,4,benchKey_26_16,bytes=30;client_id=26;clients=50
1777331407539,PUT,105,4,benchKey_8_16,bytes=29;client_id=8;clients=50
1777331407541,PUT,105,4,benchKey_20_16,bytes=30;client_id=20;clients=50
1777331407545,PUT,105,4,benchKey_22_16,bytes=30;client_id=22;clients=50
1777331407545,PUT,107,4,benchKey_28_16,bytes=30;client_id=28;clients=50
1777331407547,PUT,105,4,benchKey_34_16,bytes=30;client_id=34;clients=50
1777331407551,PUT,108,4,benchKey_24_16,bytes=30;client_id=24;clients=50
1777331407551,PUT,107,4,benchKey_27_16,bytes=30;client_id=27;clients=50
1777331407555,PUT,105,4,benchKey_0_16,bytes=29;client_id=0;clients=50
1777331407556,PUT,105,4,benchKey_49_16,bytes=30;client_id=49;clients=50
1777331407556,PUT,105,4,benchKey_42_17,bytes=30;client_id=42;clients=50
1777331407562,PUT,107,4,benchKey_16_16,bytes=30;client_id=16;clients=50
1777331407563,PUT,108,4,benchKey_21_16,bytes=30;client_id=21;clients=50
1777331407564,PUT,103,4,benchKey_33_16,bytes=30;client_id=33;clients=50
1777331407568,PUT,107,4,benchKey_39_16,bytes=30;client_id=39;clients=50
1777331407569,PUT,107,4,benchKey_13_16,bytes=30;client_id=13;clients=50
1777331407570,PUT,105,4,benchKey_7_16,bytes=29;client_id=7;clients=50
1777331407572,PUT,105,4,benchKey_43_16,bytes=30;client_id=43;clients=50
1777331407575,PUT,108,4,benchKey_12_16,bytes=30;client_id=12;clients=50
1777331407576,PUT,104,4,benchKey_29_16,bytes=30;client_id=29;clients=50
1777331407579,PUT,106,4,benchKey_19_16,bytes=30;client_id=19;clients=50
1777331407581,PUT,104,4,benchKey_44_16,bytes=30;client_id=44;clients=50
1777331407584,PUT,105,4,benchKey_48_16,bytes=30;client_id=48;clients=50
1777331407588,PUT,104,4,benchKey_1_16,bytes=29;client_id=1;clients=50
1777331407589,PUT,108,4,benchKey_25_17,bytes=30;client_id=25;clients=50
1777331407589,PUT,105,4,benchKey_36_17,bytes=30;client_id=36;clients=50
1777331407594,PUT,103,4,benchKey_31_17,bytes=30;client_id=31;clients=50
1777331407594,PUT,109,4,benchKey_41_17,bytes=30;client_id=41;clients=50
1777331407598,PUT,107,4,benchKey_4_17,bytes=29;client_id=4;clients=50
1777331407599,PUT,106,4,benchKey_11_17,bytes=30;client_id=11;clients=50
1777331407600,PUT,107,4,benchKey_40_17,bytes=30;client_id=40;clients=50
1777331407605,PUT,108,4,benchKey_10_17,bytes=30;client_id=10;clients=50
1777331407606,PUT,107,4,benchKey_37_17,bytes=30;client_id=37;clients=50
1777331407607,PUT,103,4,benchKey_38_17,bytes=30;client_id=38;clients=50
1777331407610,PUT,105,4,benchKey_30_17,bytes=30;client_id=30;clients=50
1777331407612,PUT,102,4,benchKey_23_17,bytes=30;client_id=23;clients=50
1777331407613,PUT,108,4,benchKey_35_17,bytes=30;client_id=35;clients=50
1777331407614,PUT,104,4,benchKey_2_17,bytes=29;client_id=2;clients=50
1777331407617,PUT,103,4,benchKey_45_17,bytes=30;client_id=45;clients=50
1777331407618,PUT,103,4,benchKey_5_17,bytes=29;client_id=5;clients=50
1777331407622,PUT,107,4,benchKey_15_17,bytes=30;client_id=15;clients=50
1777331407623,PUT,103,4,benchKey_32_17,bytes=30;client_id=32;clients=50
1777331407627,PUT,105,4,benchKey_18_17,bytes=30;client_id=18;clients=50
1777331407631,PUT,104,4,benchKey_3_17,bytes=29;client_id=3;clients=50
1777331407631,PUT,109,4,benchKey_14_17,bytes=30;client_id=14;clients=50
1777331407632,PUT,105,4,benchKey_6_17,bytes=29;client_id=6;clients=50
1777331407637,PUT,107,4,benchKey_47_17,bytes=30;client_id=47;clients=50
1777331407637,PUT,110,4,benchKey_9_17,bytes=29;client_id=9;clients=50
1777331407641,PUT,108,4,benchKey_46_17,bytes=30;client_id=46;clients=50
1777331407642,PUT,108,4,benchKey_17_17,bytes=30;client_id=17;clients=50
1777331407643,PUT,107,4,benchKey_26_17,bytes=30;client_id=26;clients=50
1777331407647,PUT,107,4,benchKey_8_17,bytes=29;client_id=8;clients=50
1777331407647,PUT,106,4,benchKey_20_17,bytes=30;client_id=20;clients=50
1777331407650,PUT,104,4,benchKey_22_17,bytes=30;client_id=22;clients=50
1777331407653,PUT,107,4,benchKey_28_17,bytes=30;client_id=28;clients=50
1777331407655,PUT,107,4,benchKey_34_17,bytes=30;client_id=34;clients=50
1777331407656,PUT,104,4,benchKey_24_17,bytes=30;client_id=24;clients=50
1777331407657,PUT,105,4,benchKey_27_17,bytes=30;client_id=27;clients=50
1777331407659,PUT,103,4,benchKey_0_17,bytes=29;client_id=0;clients=50
1777331407660,PUT,103,4,benchKey_49_17,bytes=30;client_id=49;clients=50
1777331407665,PUT,102,4,benchKey_16_17,bytes=30;client_id=16;clients=50
1777331407665,PUT,108,4,benchKey_42_18,bytes=30;client_id=42;clients=50
1777331407669,PUT,105,4,benchKey_21_17,bytes=30;client_id=21;clients=50
1777331407673,PUT,108,4,benchKey_33_17,bytes=30;client_id=33;clients=50
1777331407674,PUT,105,4,benchKey_39_17,bytes=30;client_id=39;clients=50
1777331407674,PUT,104,4,benchKey_13_17,bytes=30;client_id=13;clients=50
1777331407679,PUT,108,4,benchKey_7_17,bytes=29;client_id=7;clients=50
1777331407679,PUT,106,4,benchKey_43_17,bytes=30;client_id=43;clients=50
1777331407683,PUT,107,4,benchKey_12_17,bytes=30;client_id=12;clients=50
1777331407684,PUT,107,4,benchKey_29_17,bytes=30;client_id=29;clients=50
1777331407685,PUT,105,4,benchKey_19_17,bytes=30;client_id=19;clients=50
1777331407689,PUT,104,4,benchKey_48_17,bytes=30;client_id=48;clients=50
1777331407690,PUT,109,4,benchKey_44_17,bytes=30;client_id=44;clients=50
1777331407692,PUT,103,4,benchKey_1_17,bytes=29;client_id=1;clients=50
1777331407695,PUT,105,4,benchKey_25_18,bytes=30;client_id=25;clients=50
1777331407697,PUT,107,4,benchKey_36_18,bytes=30;client_id=36;clients=50
1777331407698,PUT,103,4,benchKey_31_18,bytes=30;client_id=31;clients=50
1777331407700,PUT,105,4,benchKey_41_18,bytes=30;client_id=41;clients=50
1777331407701,PUT,102,4,benchKey_4_18,bytes=29;client_id=4;clients=50
1777331407703,PUT,104,4,benchKey_11_18,bytes=30;client_id=11;clients=50
1777331407708,PUT,102,4,benchKey_10_18,bytes=30;client_id=10;clients=50
1777331407708,PUT,107,4,benchKey_40_18,bytes=30;client_id=40;clients=50
1777331407712,PUT,106,4,benchKey_37_18,bytes=30;client_id=37;clients=50
1777331407716,PUT,104,4,benchKey_23_18,bytes=30;client_id=23;clients=50
1777331407717,PUT,109,4,benchKey_38_18,bytes=30;client_id=38;clients=50
1777331407716,PUT,106,4,benchKey_30_18,bytes=30;client_id=30;clients=50
1777331407721,PUT,108,4,benchKey_35_18,bytes=30;client_id=35;clients=50
1777331407723,PUT,109,4,benchKey_2_18,bytes=29;client_id=2;clients=50
1777331407726,PUT,103,4,benchKey_15_18,bytes=30;client_id=15;clients=50
1777331407726,PUT,109,4,benchKey_45_18,bytes=30;client_id=45;clients=50
1777331407726,PUT,108,4,benchKey_5_18,bytes=29;client_id=5;clients=50
1777331407732,PUT,109,4,benchKey_32_18,bytes=30;client_id=32;clients=50
1777331407733,PUT,105,4,benchKey_18_18,bytes=30;client_id=18;clients=50
1777331407734,PUT,102,4,benchKey_3_18,bytes=29;client_id=3;clients=50
1777331407738,PUT,106,4,benchKey_14_18,bytes=30;client_id=14;clients=50
1777331407740,PUT,102,4,benchKey_9_18,bytes=29;client_id=9;clients=50
1777331407740,PUT,108,4,benchKey_6_18,bytes=29;client_id=6;clients=50
1777331407743,PUT,105,4,benchKey_47_18,bytes=30;client_id=47;clients=50
1777331407743,PUT,101,4,benchKey_46_18,bytes=30;client_id=46;clients=50
1777331407745,PUT,102,4,benchKey_17_18,bytes=30;client_id=17;clients=50
1777331407751,PUT,108,4,benchKey_26_18,bytes=30;client_id=26;clients=50
1777331407751,PUT,103,4,benchKey_8_18,bytes=29;client_id=8;clients=50
1777331407755,PUT,107,4,benchKey_20_18,bytes=30;client_id=20;clients=50
1777331407758,PUT,103,4,benchKey_34_18,bytes=30;client_id=34;clients=50
1777331407758,PUT,107,4,benchKey_22_18,bytes=30;client_id=22;clients=50
1777331407761,PUT,108,4,benchKey_28_18,bytes=30;client_id=28;clients=50
1777331407764,PUT,107,4,benchKey_24_18,bytes=30;client_id=24;clients=50
1777331407766,PUT,108,4,benchKey_27_18,bytes=30;client_id=27;clients=50
1777331407768,PUT,108,4,benchKey_0_18,bytes=29;client_id=0;clients=50
1777331407769,PUT,103,4,benchKey_16_18,bytes=30;client_id=16;clients=50
1777331407769,PUT,109,4,benchKey_49_18,bytes=30;client_id=49;clients=50
1777331407774,PUT,108,4,benchKey_42_19,bytes=30;client_id=42;clients=50
1777331407775,PUT,105,4,benchKey_21_18,bytes=30;client_id=21;clients=50
1777331407776,PUT,102,4,benchKey_33_18,bytes=30;client_id=33;clients=50
1777331407780,PUT,105,4,benchKey_39_18,bytes=30;client_id=39;clients=50
1777331407781,PUT,106,4,benchKey_13_18,bytes=30;client_id=13;clients=50
1777331407781,PUT,101,4,benchKey_43_18,bytes=30;client_id=43;clients=50
1777331407785,PUT,105,4,benchKey_7_18,bytes=29;client_id=7;clients=50
1777331407786,PUT,102,4,benchKey_12_18,bytes=30;client_id=12;clients=50
1777331407788,PUT,103,4,benchKey_29_18,bytes=30;client_id=29;clients=50
1777331407793,PUT,103,4,benchKey_48_18,bytes=30;client_id=48;clients=50
1777331407794,PUT,109,4,benchKey_19_18,bytes=30;client_id=19;clients=50
1777331407796,PUT,105,4,benchKey_44_18,bytes=30;client_id=44;clients=50
1777331407801,PUT,108,4,benchKey_1_18,bytes=29;client_id=1;clients=50
1777331407801,PUT,105,4,benchKey_25_19,bytes=30;client_id=25;clients=50
1777331407803,PUT,105,4,benchKey_36_19,bytes=30;client_id=36;clients=50
1777331407806,PUT,107,4,benchKey_31_19,bytes=30;client_id=31;clients=50
1777331407808,PUT,107,4,benchKey_41_19,bytes=30;client_id=41;clients=50
1777331407810,PUT,109,4,benchKey_4_19,bytes=29;client_id=4;clients=50
1777331407811,PUT,107,4,benchKey_11_19,bytes=30;client_id=11;clients=50
1777331407812,PUT,103,4,benchKey_10_19,bytes=30;client_id=10;clients=50
1777331407816,PUT,103,4,benchKey_37_19,bytes=30;client_id=37;clients=50
1777331407817,PUT,100,4,benchKey_23_19,bytes=30;client_id=23;clients=50
1777331407817,PUT,108,4,benchKey_40_19,bytes=30;client_id=40;clients=50
1777331407824,PUT,107,4,benchKey_30_19,bytes=30;client_id=30;clients=50
1777331407824,PUT,107,4,benchKey_38_19,bytes=30;client_id=38;clients=50
1777331407825,PUT,103,4,benchKey_35_19,bytes=30;client_id=35;clients=50
1777331407828,PUT,105,4,benchKey_2_19,bytes=29;client_id=2;clients=50
1777331407830,PUT,103,4,benchKey_15_19,bytes=30;client_id=15;clients=50
1777331407831,PUT,104,4,benchKey_5_19,bytes=29;client_id=5;clients=50
1777331407835,PUT,108,4,benchKey_45_19,bytes=30;client_id=45;clients=50
1777331407836,PUT,103,4,benchKey_32_19,bytes=30;client_id=32;clients=50
1777331407838,PUT,105,4,benchKey_18_19,bytes=30;client_id=18;clients=50
1777331407844,PUT,106,4,benchKey_14_19,bytes=30;client_id=14;clients=50
1777331407844,PUT,110,4,benchKey_3_19,bytes=29;client_id=3;clients=50
1777331407845,PUT,105,4,benchKey_6_19,bytes=29;client_id=6;clients=50
1777331407848,PUT,107,4,benchKey_9_19,bytes=29;client_id=9;clients=50
1777331407851,PUT,107,4,benchKey_47_19,bytes=30;client_id=47;clients=50
1777331407852,PUT,108,4,benchKey_46_19,bytes=30;client_id=46;clients=50
1777331407853,PUT,101,4,benchKey_26_19,bytes=30;client_id=26;clients=50
1777331407853,PUT,107,4,benchKey_17_19,bytes=30;client_id=17;clients=50
1777331407859,PUT,100,4,benchKey_34_19,bytes=30;client_id=34;clients=50
1777331407859,PUT,104,4,benchKey_20_19,bytes=30;client_id=20;clients=50
1777331407859,PUT,107,4,benchKey_8_19,bytes=29;client_id=8;clients=50
1777331407866,PUT,104,4,benchKey_28_19,bytes=30;client_id=28;clients=50
1777331407866,PUT,107,4,benchKey_22_19,bytes=30;client_id=22;clients=50
1777331407867,PUT,102,4,benchKey_24_19,bytes=30;client_id=24;clients=50
1777331407870,PUT,104,4,benchKey_27_19,bytes=30;client_id=27;clients=50
1777331407871,PUT,102,4,benchKey_0_19,bytes=29;client_id=0;clients=50
1777331407872,PUT,102,4,benchKey_16_19,bytes=30;client_id=16;clients=50
1777331407878,PUT,108,4,benchKey_49_19,bytes=30;client_id=49;clients=50
1777331407878,PUT,103,4,benchKey_42_20,bytes=30;client_id=42;clients=50
1777331407881,PUT,106,4,benchKey_21_19,bytes=30;client_id=21;clients=50
1777331407887,PUT,107,4,benchKey_39_19,bytes=30;client_id=39;clients=50
1777331407887,PUT,106,4,benchKey_13_19,bytes=30;client_id=13;clients=50
1777331407888,PUT,111,4,benchKey_33_19,bytes=30;client_id=33;clients=50
1777331407889,PUT,107,4,benchKey_43_19,bytes=30;client_id=43;clients=50
1777331407893,PUT,107,4,benchKey_7_19,bytes=29;client_id=7;clients=50
1777331407894,PUT,107,4,benchKey_12_19,bytes=30;client_id=12;clients=50
1777331407895,PUT,106,4,benchKey_29_19,bytes=30;client_id=29;clients=50
1777331407896,PUT,102,4,benchKey_48_19,bytes=30;client_id=48;clients=50
1777331407901,PUT,104,4,benchKey_44_19,bytes=30;client_id=44;clients=50
1777331407901,PUT,99,4,benchKey_25_20,bytes=30;client_id=25;clients=50
1777331407903,PUT,108,4,benchKey_19_19,bytes=30;client_id=19;clients=50
1777331407908,PUT,105,4,benchKey_36_20,bytes=30;client_id=36;clients=50
1777331407909,PUT,103,4,benchKey_31_20,bytes=30;client_id=31;clients=50
1777331407909,PUT,107,4,benchKey_1_19,bytes=29;client_id=1;clients=50
1777331407913,PUT,105,4,benchKey_41_20,bytes=30;client_id=41;clients=50
1777331407914,PUT,103,4,benchKey_4_20,bytes=29;client_id=4;clients=50
1777331407915,PUT,103,4,benchKey_11_20,bytes=30;client_id=11;clients=50
1777331407921,PUT,109,4,benchKey_10_20,bytes=30;client_id=10;clients=50
1777331407921,PUT,105,4,benchKey_37_20,bytes=30;client_id=37;clients=50
1777331407923,PUT,106,4,benchKey_23_20,bytes=30;client_id=23;clients=50
1777331407929,PUT,104,4,benchKey_38_20,bytes=30;client_id=38;clients=50
1777331407929,PUT,105,4,benchKey_30_20,bytes=30;client_id=30;clients=50
1777331407930,PUT,104,4,benchKey_35_20,bytes=30;client_id=35;clients=50
1777331407930,PUT,113,4,benchKey_40_20,bytes=30;client_id=40;clients=50
1777331407935,PUT,106,4,benchKey_2_20,bytes=29;client_id=2;clients=50
1777331407935,PUT,105,4,benchKey_15_20,bytes=30;client_id=15;clients=50
1777331407936,PUT,105,4,benchKey_5_20,bytes=29;client_id=5;clients=50
1777331407938,PUT,102,4,benchKey_45_20,bytes=30;client_id=45;clients=50
1777331407943,PUT,104,4,benchKey_18_20,bytes=30;client_id=18;clients=50
1777331407943,PUT,107,4,benchKey_32_20,bytes=30;client_id=32;clients=50
1777331407945,PUT,100,4,benchKey_14_20,bytes=30;client_id=14;clients=50
1777331407951,PUT,106,4,benchKey_6_20,bytes=29;client_id=6;clients=50
1777331407951,PUT,107,4,benchKey_3_20,bytes=29;client_id=3;clients=50
1777331407952,PUT,103,4,benchKey_9_20,bytes=29;client_id=9;clients=50
1777331407955,PUT,103,4,benchKey_47_20,bytes=30;client_id=47;clients=50
1777331407956,PUT,103,4,benchKey_46_20,bytes=30;client_id=46;clients=50
1777331407957,PUT,104,4,benchKey_26_20,bytes=30;client_id=26;clients=50
1777331407963,PUT,110,4,benchKey_17_20,bytes=30;client_id=17;clients=50
1777331407964,PUT,104,4,benchKey_34_20,bytes=30;client_id=34;clients=50
1777331407965,PUT,105,4,benchKey_20_20,bytes=30;client_id=20;clients=50
1777331407972,PUT,112,4,benchKey_8_20,bytes=29;client_id=8;clients=50
1777331407972,PUT,106,4,benchKey_28_20,bytes=30;client_id=28;clients=50
1777331407972,PUT,105,4,benchKey_24_20,bytes=30;client_id=24;clients=50
1777331407972,PUT,106,4,benchKey_22_20,bytes=30;client_id=22;clients=50
1777331407977,PUT,106,4,benchKey_27_20,bytes=30;client_id=27;clients=50
1777331407978,PUT,105,4,benchKey_16_20,bytes=30;client_id=16;clients=50
1777331407978,PUT,106,4,benchKey_0_20,bytes=29;client_id=0;clients=50
1777331407980,PUT,101,4,benchKey_49_20,bytes=30;client_id=49;clients=50
1777331407986,PUT,107,4,benchKey_42_21,bytes=30;client_id=42;clients=50
1777331407986,PUT,104,4,benchKey_21_20,bytes=30;client_id=21;clients=50
1777331407988,PUT,100,4,benchKey_13_20,bytes=30;client_id=13;clients=50
1777331407993,PUT,105,4,benchKey_39_20,bytes=30;client_id=39;clients=50
1777331407994,PUT,105,4,benchKey_33_20,bytes=30;client_id=33;clients=50
1777331407995,PUT,106,4,benchKey_43_20,bytes=30;client_id=43;clients=50
1777331407997,PUT,104,4,benchKey_7_20,bytes=29;client_id=7;clients=50
1777331407999,PUT,105,4,benchKey_12_20,bytes=30;client_id=12;clients=50
1777331408001,PUT,106,4,benchKey_29_20,bytes=30;client_id=29;clients=50
1777331408006,PUT,104,4,benchKey_44_20,bytes=30;client_id=44;clients=50
1777331408006,PUT,110,4,benchKey_48_20,bytes=30;client_id=48;clients=50
1777331408007,PUT,105,4,benchKey_25_21,bytes=30;client_id=25;clients=50
1777331408014,PUT,111,4,benchKey_19_20,bytes=30;client_id=19;clients=50
1777331408015,PUT,105,4,benchKey_1_20,bytes=29;client_id=1;clients=50
1777331408016,PUT,106,4,benchKey_31_21,bytes=30;client_id=31;clients=50
1777331408016,PUT,108,4,benchKey_36_21,bytes=30;client_id=36;clients=50
1777331408020,PUT,105,4,benchKey_4_21,bytes=29;client_id=4;clients=50
1777331408020,PUT,104,4,benchKey_11_21,bytes=30;client_id=11;clients=50
1777331408020,PUT,106,4,benchKey_41_21,bytes=30;client_id=41;clients=50
1777331408023,PUT,102,4,benchKey_10_21,bytes=30;client_id=10;clients=50
1777331408029,PUT,105,4,benchKey_23_21,bytes=30;client_id=23;clients=50
1777331408029,PUT,108,4,benchKey_37_21,bytes=30;client_id=37;clients=50
1777331408030,PUT,101,4,benchKey_38_21,bytes=30;client_id=38;clients=50
1777331408036,PUT,106,4,benchKey_35_21,bytes=30;client_id=35;clients=50
1777331408036,PUT,106,4,benchKey_30_21,bytes=30;client_id=30;clients=50
1777331408037,PUT,106,4,benchKey_40_21,bytes=30;client_id=40;clients=50
1777331408039,PUT,103,4,benchKey_2_21,bytes=29;client_id=2;clients=50
1777331408041,PUT,105,4,benchKey_15_21,bytes=30;client_id=15;clients=50
1777331408043,PUT,106,4,benchKey_5_21,bytes=29;client_id=5;clients=50
1777331408048,PUT,109,4,benchKey_45_21,bytes=30;client_id=45;clients=50
1777331408048,PUT,104,4,benchKey_18_21,bytes=30;client_id=18;clients=50
1777331408049,PUT,105,4,benchKey_32_21,bytes=30;client_id=32;clients=50
1777331408056,PUT,104,4,benchKey_6_21,bytes=29;client_id=6;clients=50
1777331408056,PUT,110,4,benchKey_14_21,bytes=30;client_id=14;clients=50
1777331408058,PUT,106,4,benchKey_3_21,bytes=29;client_id=3;clients=50
1777331408059,PUT,106,4,benchKey_9_21,bytes=29;client_id=9;clients=50
1777331408061,PUT,104,4,benchKey_46_21,bytes=30;client_id=46;clients=50
1777331408062,PUT,106,4,benchKey_47_21,bytes=30;client_id=47;clients=50
1777331408061,PUT,103,4,benchKey_26_21,bytes=30;client_id=26;clients=50
1777331408065,PUT,101,4,benchKey_17_21,bytes=30;client_id=17;clients=50
1777331408071,PUT,105,4,benchKey_20_21,bytes=30;client_id=20;clients=50
1777331408072,PUT,107,4,benchKey_34_21,bytes=30;client_id=34;clients=50
1777331408072,PUT,99,4,benchKey_8_21,bytes=29;client_id=8;clients=50
1777331408078,PUT,105,4,benchKey_24_21,bytes=30;client_id=24;clients=50
1777331408078,PUT,105,4,benchKey_28_21,bytes=30;client_id=28;clients=50
1777331408081,PUT,108,4,benchKey_22_21,bytes=30;client_id=22;clients=50
1777331408081,PUT,104,4,benchKey_27_21,bytes=30;client_id=27;clients=50
1777331408084,PUT,106,4,benchKey_16_21,bytes=30;client_id=16;clients=50
1777331408086,PUT,108,4,benchKey_0_21,bytes=29;client_id=0;clients=50
1777331408090,PUT,110,4,benchKey_49_21,bytes=30;client_id=49;clients=50
1777331408090,PUT,104,4,benchKey_42_22,bytes=30;client_id=42;clients=50
1777331408092,PUT,105,4,benchKey_21_21,bytes=30;client_id=21;clients=50
1777331408098,PUT,110,4,benchKey_13_21,bytes=30;client_id=13;clients=50
1777331408098,PUT,105,4,benchKey_39_21,bytes=30;client_id=39;clients=50
1777331408100,PUT,105,4,benchKey_33_21,bytes=30;client_id=33;clients=50
1777331408100,PUT,104,4,benchKey_43_21,bytes=30;client_id=43;clients=50
1777331408103,PUT,104,4,benchKey_12_21,bytes=30;client_id=12;clients=50
1777331408103,PUT,105,4,benchKey_7_21,bytes=29;client_id=7;clients=50
1777331408106,PUT,104,4,benchKey_29_21,bytes=30;client_id=29;clients=50
1777331408108,PUT,102,4,benchKey_44_21,bytes=30;client_id=44;clients=50
1777331408113,PUT,106,4,benchKey_48_21,bytes=30;client_id=48;clients=50
1777331408114,PUT,106,4,benchKey_25_22,bytes=30;client_id=25;clients=50
1777331408115,PUT,100,4,benchKey_19_21,bytes=30;client_id=19;clients=50
1777331408120,PUT,103,4,benchKey_31_22,bytes=30;client_id=31;clients=50
1777331408122,PUT,106,4,benchKey_1_21,bytes=29;client_id=1;clients=50
1777331408123,PUT,106,4,benchKey_36_22,bytes=30;client_id=36;clients=50
1777331408123,PUT,103,4,benchKey_4_22,bytes=29;client_id=4;clients=50
1777331408125,PUT,104,4,benchKey_11_22,bytes=30;client_id=11;clients=50
1777331408128,PUT,106,4,benchKey_41_22,bytes=30;client_id=41;clients=50
1777331408132,PUT,108,4,benchKey_10_22,bytes=30;client_id=10;clients=50
1777331408134,PUT,104,4,benchKey_37_22,bytes=30;client_id=37;clients=50
1777331408134,PUT,104,4,benchKey_23_22,bytes=30;client_id=23;clients=50
1777331408140,PUT,109,4,benchKey_38_22,bytes=30;client_id=38;clients=50
1777331408140,PUT,103,4,benchKey_35_22,bytes=30;client_id=35;clients=50
1777331408141,PUT,104,4,benchKey_30_22,bytes=30;client_id=30;clients=50
1777331408141,PUT,103,4,benchKey_40_22,bytes=30;client_id=40;clients=50
1777331408145,PUT,105,4,benchKey_2_22,bytes=29;client_id=2;clients=50
1777331408145,PUT,104,4,benchKey_15_22,bytes=30;client_id=15;clients=50
1777331408147,PUT,103,4,benchKey_5_22,bytes=29;client_id=5;clients=50
1777331408150,PUT,102,4,benchKey_45_22,bytes=30;client_id=45;clients=50
1777331408155,PUT,106,4,benchKey_18_22,bytes=30;client_id=18;clients=50
1777331408156,PUT,99,4,benchKey_6_22,bytes=29;client_id=6;clients=50
1777331408156,PUT,106,4,benchKey_32_22,bytes=30;client_id=32;clients=50
1777331408163,PUT,106,4,benchKey_14_22,bytes=30;client_id=14;clients=50
1777331408164,PUT,105,4,benchKey_3_22,bytes=29;client_id=3;clients=50
1777331408166,PUT,107,4,benchKey_9_22,bytes=29;client_id=9;clients=50
1777331408166,PUT,105,4,benchKey_46_22,bytes=30;client_id=46;clients=50
1777331408166,PUT,103,4,benchKey_47_22,bytes=30;client_id=47;clients=50
1777331408171,PUT,109,4,benchKey_26_22,bytes=30;client_id=26;clients=50
1777331408174,PUT,108,4,benchKey_17_22,bytes=30;client_id=17;clients=50
1777331408176,PUT,104,4,benchKey_20_22,bytes=30;client_id=20;clients=50
1777331408176,PUT,104,4,benchKey_34_22,bytes=30;client_id=34;clients=50
1777331408182,PUT,103,4,benchKey_24_22,bytes=30;client_id=24;clients=50
1777331408182,PUT,110,4,benchKey_8_22,bytes=29;client_id=8;clients=50
1777331408184,PUT,105,4,benchKey_28_22,bytes=30;client_id=28;clients=50
1777331408184,PUT,102,4,benchKey_22_22,bytes=30;client_id=22;clients=50
1777331408187,PUT,103,4,benchKey_16_22,bytes=30;client_id=16;clients=50
1777331408187,PUT,105,4,benchKey_27_22,bytes=30;client_id=27;clients=50
1777331408188,PUT,101,4,benchKey_0_22,bytes=29;client_id=0;clients=50
1777331408192,PUT,101,4,benchKey_49_22,bytes=30;client_id=49;clients=50
1777331408197,PUT,106,4,benchKey_42_23,bytes=30;client_id=42;clients=50
1777331408198,PUT,99,4,benchKey_13_22,bytes=30;client_id=13;clients=50
1777331408198,PUT,106,4,benchKey_21_22,bytes=30;client_id=21;clients=50
1777331408206,PUT,107,4,benchKey_39_22,bytes=30;client_id=39;clients=50
1777331408207,PUT,106,4,benchKey_43_22,bytes=30;client_id=43;clients=50
1777331408208,PUT,107,4,benchKey_33_22,bytes=30;client_id=33;clients=50
1777331408209,PUT,105,4,benchKey_7_22,bytes=29;client_id=7;clients=50
1777331408209,PUT,105,4,benchKey_12_22,bytes=30;client_id=12;clients=50
1777331408214,PUT,108,4,benchKey_29_22,bytes=30;client_id=29;clients=50
1777331408216,PUT,107,4,benchKey_44_22,bytes=30;client_id=44;clients=50
1777331408218,PUT,103,4,benchKey_25_23,bytes=30;client_id=25;clients=50
1777331408218,PUT,104,4,benchKey_48_22,bytes=30;client_id=48;clients=50
1777331408224,PUT,103,4,benchKey_31_23,bytes=30;client_id=31;clients=50
1777331408224,PUT,109,4,benchKey_19_22,bytes=30;client_id=19;clients=50
1777331408225,PUT,103,4,benchKey_1_22,bytes=29;client_id=1;clients=50
1777331408227,PUT,103,4,benchKey_4_23,bytes=29;client_id=4;clients=50
1777331408229,PUT,103,4,benchKey_11_23,bytes=30;client_id=11;clients=50
1777331408229,PUT,100,4,benchKey_41_23,bytes=30;client_id=41;clients=50
1777331408230,PUT,106,4,benchKey_36_23,bytes=30;client_id=36;clients=50
1777331408234,PUT,101,4,benchKey_10_23,bytes=30;client_id=10;clients=50
1777331408239,PUT,104,4,benchKey_37_23,bytes=30;client_id=37;clients=50
1777331408241,PUT,106,4,benchKey_23_23,bytes=30;client_id=23;clients=50
1777331408241,PUT,100,4,benchKey_38_23,bytes=30;client_id=38;clients=50
1777331408248,PUT,107,4,benchKey_30_23,bytes=30;client_id=30;clients=50
1777331408250,PUT,109,4,benchKey_35_23,bytes=30;client_id=35;clients=50
1777331408250,PUT,109,4,benchKey_40_23,bytes=30;client_id=40;clients=50
1777331408251,PUT,105,4,benchKey_2_23,bytes=29;client_id=2;clients=50
1777331408251,PUT,106,4,benchKey_15_23,bytes=30;client_id=15;clients=50
1777331408256,PUT,109,4,benchKey_5_23,bytes=29;client_id=5;clients=50
1777331408258,PUT,108,4,benchKey_45_23,bytes=30;client_id=45;clients=50
1777331408259,PUT,103,4,benchKey_18_23,bytes=30;client_id=18;clients=50
1777331408260,PUT,103,4,benchKey_6_23,bytes=29;client_id=6;clients=50
1777331408267,PUT,104,4,benchKey_14_23,bytes=30;client_id=14;clients=50
1777331408268,PUT,111,4,benchKey_32_23,bytes=30;client_id=32;clients=50
1777331408269,PUT,102,4,benchKey_9_23,bytes=29;client_id=9;clients=50
1777331408269,PUT,104,4,benchKey_3_23,bytes=29;client_id=3;clients=50
1777331408271,PUT,105,4,benchKey_46_23,bytes=30;client_id=46;clients=50
1777331408271,PUT,105,4,benchKey_47_23,bytes=30;client_id=47;clients=50
1777331408273,PUT,101,4,benchKey_26_23,bytes=30;client_id=26;clients=50
1777331408275,PUT,100,4,benchKey_17_23,bytes=30;client_id=17;clients=50
1777331408282,PUT,105,4,benchKey_20_23,bytes=30;client_id=20;clients=50
1777331408283,PUT,100,4,benchKey_24_23,bytes=30;client_id=24;clients=50
1777331408284,PUT,107,4,benchKey_34_23,bytes=30;client_id=34;clients=50
1777331408291,PUT,108,4,benchKey_8_23,bytes=29;client_id=8;clients=50
1777331408292,PUT,108,4,benchKey_28_23,bytes=30;client_id=28;clients=50
1777331408294,PUT,106,4,benchKey_27_23,bytes=30;client_id=27;clients=50
1777331408294,PUT,109,4,benchKey_22_23,bytes=30;client_id=22;clients=50
1777331408294,PUT,107,4,benchKey_16_23,bytes=30;client_id=16;clients=50
1777331408298,PUT,110,4,benchKey_0_23,bytes=29;client_id=0;clients=50
1777331408301,PUT,108,4,benchKey_49_23,bytes=30;client_id=49;clients=50
1777331408302,PUT,104,4,benchKey_13_23,bytes=30;client_id=13;clients=50
1777331408303,PUT,105,4,benchKey_42_24,bytes=30;client_id=42;clients=50
1777331408311,PUT,112,4,benchKey_21_23,bytes=30;client_id=21;clients=50
1777331408311,PUT,104,4,benchKey_43_23,bytes=30;client_id=43;clients=50
1777331408312,PUT,103,4,benchKey_33_23,bytes=30;client_id=33;clients=50
1777331408312,PUT,105,4,benchKey_39_23,bytes=30;client_id=39;clients=50
1777331408314,PUT,104,4,benchKey_7_23,bytes=29;client_id=7;clients=50
1777331408314,PUT,104,4,benchKey_12_23,bytes=30;client_id=12;clients=50
1777331408315,PUT,100,4,benchKey_29_23,bytes=30;client_id=29;clients=50
1777331408318,PUT,101,4,benchKey_44_23,bytes=30;client_id=44;clients=50
1777331408325,PUT,106,4,benchKey_48_23,bytes=30;client_id=48;clients=50
1777331408325,PUT,107,4,benchKey_25_24,bytes=30;client_id=25;clients=50
1777331408328,PUT,103,4,benchKey_31_24,bytes=30;client_id=31;clients=50
1777331408334,PUT,109,4,benchKey_19_23,bytes=30;client_id=19;clients=50
1777331408335,PUT,109,4,benchKey_1_23,bytes=29;client_id=1;clients=50
1777331408337,PUT,108,4,benchKey_41_24,bytes=30;client_id=41;clients=50
1777331408337,PUT,108,4,benchKey_11_24,bytes=30;client_id=11;clients=50
1777331408337,PUT,110,4,benchKey_4_24,bytes=29;client_id=4;clients=50
1777331408342,PUT,111,4,benchKey_36_24,bytes=30;client_id=36;clients=50
1777331408344,PUT,109,4,benchKey_10_24,bytes=30;client_id=10;clients=50
1777331408346,PUT,104,4,benchKey_23_24,bytes=30;client_id=23;clients=50
1777331408346,PUT,106,4,benchKey_37_24,bytes=30;client_id=37;clients=50
1777331408354,PUT,105,4,benchKey_30_24,bytes=30;client_id=30;clients=50
1777331408354,PUT,112,4,benchKey_38_24,bytes=30;client_id=38;clients=50
1777331408355,PUT,105,4,benchKey_40_24,bytes=30;client_id=40;clients=50
1777331408358,PUT,106,4,benchKey_15_24,bytes=30;client_id=15;clients=50
1777331408358,PUT,108,4,benchKey_35_24,bytes=30;client_id=35;clients=50
1777331408360,PUT,103,4,benchKey_5_24,bytes=29;client_id=5;clients=50
1777331408360,PUT,109,4,benchKey_2_24,bytes=29;client_id=2;clients=50
1777331408364,PUT,105,4,benchKey_45_24,bytes=30;client_id=45;clients=50
1777331408368,PUT,107,4,benchKey_6_24,bytes=29;client_id=6;clients=50
1777331408370,PUT,110,4,benchKey_18_24,bytes=30;client_id=18;clients=50
1777331408371,PUT,103,4,benchKey_14_24,bytes=30;client_id=14;clients=50
1777331408377,PUT,109,4,benchKey_32_24,bytes=30;client_id=32;clients=50
1777331408379,PUT,110,4,benchKey_9_24,bytes=29;client_id=9;clients=50
1777331408382,PUT,110,4,benchKey_47_24,bytes=30;client_id=47;clients=50
1777331408382,PUT,113,4,benchKey_3_24,bytes=29;client_id=3;clients=50
1777331408384,PUT,112,4,benchKey_46_24,bytes=30;client_id=46;clients=50
1777331408388,PUT,112,4,benchKey_17_24,bytes=30;client_id=17;clients=50
1777331408388,PUT,115,4,benchKey_26_24,bytes=30;client_id=26;clients=50
1777331408391,PUT,108,4,benchKey_24_24,bytes=30;client_id=24;clients=50
1777331408393,PUT,110,4,benchKey_20_24,bytes=30;client_id=20;clients=50
1777331408398,PUT,113,4,benchKey_34_24,bytes=30;client_id=34;clients=50
1777331408399,PUT,106,4,benchKey_28_24,bytes=30;client_id=28;clients=50
1777331408400,PUT,106,4,benchKey_22_24,bytes=30;client_id=22;clients=50
1777331408402,PUT,110,4,benchKey_8_24,bytes=29;client_id=8;clients=50
1777331408404,PUT,109,4,benchKey_27_24,bytes=30;client_id=27;clients=50
1777331408404,PUT,105,4,benchKey_0_24,bytes=29;client_id=0;clients=50
1777331408405,PUT,110,4,benchKey_16_24,bytes=30;client_id=16;clients=50
1777331408407,PUT,106,4,benchKey_49_24,bytes=30;client_id=49;clients=50
1777331408410,PUT,107,4,benchKey_13_24,bytes=30;client_id=13;clients=50
1777331408413,PUT,102,4,benchKey_21_24,bytes=30;client_id=21;clients=50
1777331408413,PUT,110,4,benchKey_42_25,bytes=30;client_id=42;clients=50
1777331408420,PUT,109,4,benchKey_43_24,bytes=30;client_id=43;clients=50
1777331408423,PUT,111,4,benchKey_33_24,bytes=30;client_id=33;clients=50
1777331408425,PUT,112,4,benchKey_39_24,bytes=30;client_id=39;clients=50
1777331408426,PUT,112,4,benchKey_7_24,bytes=29;client_id=7;clients=50
1777331408426,PUT,112,4,benchKey_12_24,bytes=30;client_id=12;clients=50
1777331408430,PUT,115,4,benchKey_29_24,bytes=30;client_id=29;clients=50
1777331408430,PUT,112,4,benchKey_44_24,bytes=30;client_id=44;clients=50
1777331408432,PUT,106,4,benchKey_48_24,bytes=30;client_id=48;clients=50
1777331408433,PUT,107,4,benchKey_25_25,bytes=30;client_id=25;clients=50
1777331408441,PUT,112,4,benchKey_31_25,bytes=30;client_id=31;clients=50
1777331408442,PUT,107,4,benchKey_19_24,bytes=30;client_id=19;clients=50
1777331408444,PUT,108,4,benchKey_1_24,bytes=29;client_id=1;clients=50
1777331408445,PUT,107,4,benchKey_41_25,bytes=30;client_id=41;clients=50
1777331408447,PUT,109,4,benchKey_11_25,bytes=30;client_id=11;clients=50
1777331408448,PUT,110,4,benchKey_4_25,bytes=29;client_id=4;clients=50
1777331408448,PUT,106,4,benchKey_36_25,bytes=30;client_id=36;clients=50
1777331408451,PUT,106,4,benchKey_10_25,bytes=30;client_id=10;clients=50
1777331408452,PUT,106,4,benchKey_23_25,bytes=30;client_id=23;clients=50
1777331408456,PUT,101,4,benchKey_30_25,bytes=30;client_id=30;clients=50
1777331408456,PUT,109,4,benchKey_37_25,bytes=30;client_id=37;clients=50
1777331408463,PUT,108,4,benchKey_38_25,bytes=30;client_id=38;clients=50
1777331408467,PUT,111,4,benchKey_40_25,bytes=30;client_id=40;clients=50
1777331408468,PUT,109,4,benchKey_35_25,bytes=30;client_id=35;clients=50
1777331408468,PUT,109,4,benchKey_15_25,bytes=30;client_id=15;clients=50
1777331408470,PUT,109,4,benchKey_5_25,bytes=29;client_id=5;clients=50
1777331408472,PUT,111,4,benchKey_2_25,bytes=29;client_id=2;clients=50
1777331408472,PUT,107,4,benchKey_45_25,bytes=30;client_id=45;clients=50
1777331408474,PUT,105,4,benchKey_6_25,bytes=29;client_id=6;clients=50
1777331408474,PUT,104,4,benchKey_18_25,bytes=30;client_id=18;clients=50
1777331408483,PUT,106,4,benchKey_32_25,bytes=30;client_id=32;clients=50
1777331408483,PUT,111,4,benchKey_14_25,bytes=30;client_id=14;clients=50
1777331408487,PUT,108,4,benchKey_9_25,bytes=29;client_id=9;clients=50
1777331408488,PUT,106,4,benchKey_47_25,bytes=30;client_id=47;clients=50
1777331408490,PUT,107,4,benchKey_3_25,bytes=29;client_id=3;clients=50
1777331408491,PUT,107,4,benchKey_46_25,bytes=30;client_id=46;clients=50
1777331408491,PUT,103,4,benchKey_17_25,bytes=30;client_id=17;clients=50
1777331408493,PUT,104,4,benchKey_26_25,bytes=30;client_id=26;clients=50
1777331408494,PUT,102,4,benchKey_24_25,bytes=30;client_id=24;clients=50
1777331408499,PUT,101,4,benchKey_34_25,bytes=30;client_id=34;clients=50
1777331408499,PUT,106,4,benchKey_20_25,bytes=30;client_id=20;clients=50
1777331408505,PUT,106,4,benchKey_28_25,bytes=30;client_id=28;clients=50
1777331408510,PUT,109,4,benchKey_22_25,bytes=30;client_id=22;clients=50
1777331408510,PUT,106,4,benchKey_27_25,bytes=30;client_id=27;clients=50
1777331408511,PUT,108,4,benchKey_8_25,bytes=29;client_id=8;clients=50
1777331408512,PUT,107,4,benchKey_0_25,bytes=29;client_id=0;clients=50
1777331408514,PUT,108,4,benchKey_16_25,bytes=30;client_id=16;clients=50
1777331408515,PUT,107,4,benchKey_49_25,bytes=30;client_id=49;clients=50
1777331408516,PUT,105,4,benchKey_13_25,bytes=30;client_id=13;clients=50
1777331408517,PUT,103,4,benchKey_21_25,bytes=30;client_id=21;clients=50
1777331408525,PUT,111,4,benchKey_42_26,bytes=30;client_id=42;clients=50
1777331408525,PUT,104,4,benchKey_43_25,bytes=30;client_id=43;clients=50
1777331408529,PUT,103,4,benchKey_39_25,bytes=30;client_id=39;clients=50
1777331408530,PUT,107,4,benchKey_33_25,bytes=30;client_id=33;clients=50
1777331408531,PUT,105,4,benchKey_7_25,bytes=29;client_id=7;clients=50
1777331408533,PUT,102,4,benchKey_29_25,bytes=30;client_id=29;clients=50
1777331408533,PUT,107,4,benchKey_12_25,bytes=30;client_id=12;clients=50
1777331408535,PUT,104,4,benchKey_44_25,bytes=30;client_id=44;clients=50
1777331408536,PUT,104,4,benchKey_48_25,bytes=30;client_id=48;clients=50
1777331408541,PUT,108,4,benchKey_25_26,bytes=30;client_id=25;clients=50
1777331408541,PUT,100,4,benchKey_31_26,bytes=30;client_id=31;clients=50
1777331408547,PUT,105,4,benchKey_19_25,bytes=30;client_id=19;clients=50
1777331408552,PUT,105,4,benchKey_11_26,bytes=30;client_id=11;clients=50
1777331408553,PUT,105,4,benchKey_4_26,bytes=29;client_id=4;clients=50
1777331408553,PUT,109,4,benchKey_1_25,bytes=29;client_id=1;clients=50
1777331408553,PUT,108,4,benchKey_41_26,bytes=30;client_id=41;clients=50
1777331408555,PUT,106,4,benchKey_36_26,bytes=30;client_id=36;clients=50
1777331408557,PUT,106,4,benchKey_10_26,bytes=30;client_id=10;clients=50
1777331408558,PUT,101,4,benchKey_37_26,bytes=30;client_id=37;clients=50
1777331408558,PUT,105,4,benchKey_23_26,bytes=30;client_id=23;clients=50
1777331408567,PUT,104,4,benchKey_38_26,bytes=30;client_id=38;clients=50
1777331408568,PUT,111,4,benchKey_30_26,bytes=30;client_id=30;clients=50
1777331408572,PUT,105,4,benchKey_40_26,bytes=30;client_id=40;clients=50
1777331408572,PUT,104,4,benchKey_35_26,bytes=30;client_id=35;clients=50
1777331408573,PUT,105,4,benchKey_15_26,bytes=30;client_id=15;clients=50
1777331408575,PUT,102,4,benchKey_45_26,bytes=30;client_id=45;clients=50
1777331408576,PUT,105,4,benchKey_5_26,bytes=29;client_id=5;clients=50
1777331408578,PUT,104,4,benchKey_6_26,bytes=29;client_id=6;clients=50
1777331408578,PUT,105,4,benchKey_2_26,bytes=29;client_id=2;clients=50
1777331408584,PUT,109,4,benchKey_18_26,bytes=30;client_id=18;clients=50
1777331408584,PUT,100,4,benchKey_32_26,bytes=30;client_id=32;clients=50
1777331408590,PUT,106,4,benchKey_14_26,bytes=30;client_id=14;clients=50
1777331408594,PUT,106,4,benchKey_9_26,bytes=29;client_id=9;clients=50
1777331408595,PUT,106,4,benchKey_47_26,bytes=30;client_id=47;clients=50
1777331408595,PUT,103,4,benchKey_46_26,bytes=30;client_id=46;clients=50
1777331408595,PUT,105,4,benchKey_3_26,bytes=29;client_id=3;clients=50
1777331408596,PUT,104,4,benchKey_17_26,bytes=30;client_id=17;clients=50
1777331408600,PUT,107,4,benchKey_26_26,bytes=30;client_id=26;clients=50
1777331408600,PUT,101,4,benchKey_34_26,bytes=30;client_id=34;clients=50
1777331408601,PUT,107,4,benchKey_24_26,bytes=30;client_id=24;clients=50
1777331408609,PUT,109,4,benchKey_20_26,bytes=30;client_id=20;clients=50
1777331408610,PUT,104,4,benchKey_28_26,bytes=30;client_id=28;clients=50
1777331408615,PUT,104,4,benchKey_22_26,bytes=30;client_id=22;clients=50
1777331408616,PUT,105,4,benchKey_27_26,bytes=30;client_id=27;clients=50
1777331408616,PUT,105,4,benchKey_8_26,bytes=29;client_id=8;clients=50
1777331408616,PUT,104,4,benchKey_0_26,bytes=29;client_id=0;clients=50
1777331408617,PUT,102,4,benchKey_16_26,bytes=30;client_id=16;clients=50
1777331408620,PUT,104,4,benchKey_49_26,bytes=30;client_id=49;clients=50
1777331408621,PUT,104,4,benchKey_13_26,bytes=30;client_id=13;clients=50
1777331408626,PUT,101,4,benchKey_42_27,bytes=30;client_id=42;clients=50
1777331408627,PUT,110,4,benchKey_21_26,bytes=30;client_id=21;clients=50
1777331408632,PUT,106,4,benchKey_43_26,bytes=30;client_id=43;clients=50
1777331408636,PUT,107,4,benchKey_39_26,bytes=30;client_id=39;clients=50
1777331408637,PUT,103,4,benchKey_12_26,bytes=30;client_id=12;clients=50
1777331408637,PUT,106,4,benchKey_7_26,bytes=29;client_id=7;clients=50
1777331408637,PUT,106,4,benchKey_33_26,bytes=30;client_id=33;clients=50
1777331408638,PUT,105,4,benchKey_29_26,bytes=30;client_id=29;clients=50
1777331408643,PUT,107,4,benchKey_44_26,bytes=30;client_id=44;clients=50
1777331408643,PUT,106,4,benchKey_48_26,bytes=30;client_id=48;clients=50
1777331408644,PUT,102,4,benchKey_31_27,bytes=30;client_id=31;clients=50
1777331408651,PUT,109,4,benchKey_25_27,bytes=30;client_id=25;clients=50
1777331408652,PUT,104,4,benchKey_19_26,bytes=30;client_id=19;clients=50
1777331408658,PUT,105,4,benchKey_4_27,bytes=29;client_id=4;clients=50
1777331408658,PUT,105,4,benchKey_41_27,bytes=30;client_id=41;clients=50
1777331408658,PUT,103,4,benchKey_36_27,bytes=30;client_id=36;clients=50
1777331408658,PUT,105,4,benchKey_11_27,bytes=30;client_id=11;clients=50
1777331408659,PUT,105,4,benchKey_1_26,bytes=29;client_id=1;clients=50
1777331408662,PUT,103,4,benchKey_23_27,bytes=30;client_id=23;clients=50
1777331408662,PUT,104,4,benchKey_10_27,bytes=30;client_id=10;clients=50
1777331408668,PUT,109,4,benchKey_37_27,bytes=30;client_id=37;clients=50
1777331408670,PUT,102,4,benchKey_38_27,bytes=30;client_id=38;clients=50
1777331408673,PUT,104,4,benchKey_30_27,bytes=30;client_id=30;clients=50
1777331408678,PUT,105,4,benchKey_40_27,bytes=30;client_id=40;clients=50
1777331408679,PUT,106,4,benchKey_35_27,bytes=30;client_id=35;clients=50
1777331408679,PUT,104,4,benchKey_45_27,bytes=30;client_id=45;clients=50
1777331408680,PUT,107,4,benchKey_15_27,bytes=30;client_id=15;clients=50
1777331408681,PUT,104,4,benchKey_5_27,bytes=29;client_id=5;clients=50
1777331408685,PUT,106,4,benchKey_2_27,bytes=29;client_id=2;clients=50
1777331408685,PUT,106,4,benchKey_6_27,bytes=29;client_id=6;clients=50
1777331408685,PUT,100,4,benchKey_18_27,bytes=30;client_id=18;clients=50
1777331408693,PUT,102,4,benchKey_14_27,bytes=30;client_id=14;clients=50
1777331408693,PUT,108,4,benchKey_32_27,bytes=30;client_id=32;clients=50
1777331408701,PUT,105,4,benchKey_17_27,bytes=30;client_id=17;clients=50
1777331408701,PUT,106,4,benchKey_47_27,bytes=30;client_id=47;clients=50
1777331408701,PUT,106,4,benchKey_3_27,bytes=29;client_id=3;clients=50
1777331408701,PUT,106,4,benchKey_46_27,bytes=30;client_id=46;clients=50
1777331408701,PUT,107,4,benchKey_9_27,bytes=29;client_id=9;clients=50
1777331408703,PUT,102,4,benchKey_26_27,bytes=30;client_id=26;clients=50
1777331408704,PUT,103,4,benchKey_34_27,bytes=30;client_id=34;clients=50
1777331408711,PUT,110,4,benchKey_24_27,bytes=30;client_id=24;clients=50
1777331408712,PUT,103,4,benchKey_20_27,bytes=30;client_id=20;clients=50
1777331408714,PUT,104,4,benchKey_28_27,bytes=30;client_id=28;clients=50
1777331408721,PUT,105,4,benchKey_22_27,bytes=30;client_id=22;clients=50
1777331408721,PUT,105,4,benchKey_0_27,bytes=29;client_id=0;clients=50
1777331408723,PUT,106,4,benchKey_27_27,bytes=30;client_id=27;clients=50
1777331408723,PUT,105,4,benchKey_16_27,bytes=30;client_id=16;clients=50
1777331408723,PUT,106,4,benchKey_8_27,bytes=29;client_id=8;clients=50
1777331408727,PUT,106,4,benchKey_13_27,bytes=30;client_id=13;clients=50
1777331408728,PUT,101,4,benchKey_42_28,bytes=30;client_id=42;clients=50
1777331408728,PUT,108,4,benchKey_49_27,bytes=30;client_id=49;clients=50
1777331408735,PUT,108,4,benchKey_21_27,bytes=30;client_id=21;clients=50
1777331408737,PUT,104,4,benchKey_43_27,bytes=30;client_id=43;clients=50
1777331408744,PUT,105,4,benchKey_29_27,bytes=30;client_id=29;clients=50
1777331408744,PUT,106,4,benchKey_33_27,bytes=30;client_id=33;clients=50
1777331408744,PUT,106,4,benchKey_12_27,bytes=30;client_id=12;clients=50
1777331408744,PUT,107,4,benchKey_7_27,bytes=29;client_id=7;clients=50
1777331408747,PUT,103,4,benchKey_48_27,bytes=30;client_id=48;clients=50
1777331408748,PUT,105,4,benchKey_44_27,bytes=30;client_id=44;clients=50
1777331408750,PUT,113,4,benchKey_39_27,bytes=30;client_id=39;clients=50
1777331408754,PUT,109,4,benchKey_31_28,bytes=30;client_id=31;clients=50
1777331408755,PUT,103,4,benchKey_25_28,bytes=30;client_id=25;clients=50
1777331408757,PUT,104,4,benchKey_19_27,bytes=30;client_id=19;clients=50
1777331408763,PUT,104,4,benchKey_4_28,bytes=29;client_id=4;clients=50
1777331408765,PUT,106,4,benchKey_36_28,bytes=30;client_id=36;clients=50
1777331408765,PUT,106,4,benchKey_41_28,bytes=30;client_id=41;clients=50
1777331408766,PUT,107,4,benchKey_11_28,bytes=30;client_id=11;clients=50
1777331408766,PUT,107,4,benchKey_1_27,bytes=29;client_id=1;clients=50
1777331408771,PUT,108,4,benchKey_23_28,bytes=30;client_id=23;clients=50
1777331408771,PUT,102,4,benchKey_37_28,bytes=30;client_id=37;clients=50
1777331408771,PUT,109,4,benchKey_10_28,bytes=30;client_id=10;clients=50
1777331408779,PUT,105,4,benchKey_30_28,bytes=30;client_id=30;clients=50
1777331408779,PUT,108,4,benchKey_38_28,bytes=30;client_id=38;clients=50
1777331408787,PUT,107,4,benchKey_35_28,bytes=30;client_id=35;clients=50
1777331408788,PUT,109,4,benchKey_45_28,bytes=30;client_id=45;clients=50
1777331408789,PUT,109,4,benchKey_15_28,bytes=30;client_id=15;clients=50
1777331408790,PUT,108,4,benchKey_5_28,bytes=29;client_id=5;clients=50
1777331408791,PUT,112,4,benchKey_40_28,bytes=30;client_id=40;clients=50
1777331408792,PUT,107,4,benchKey_2_28,bytes=29;client_id=2;clients=50
1777331408792,PUT,107,4,benchKey_6_28,bytes=29;client_id=6;clients=50
1777331408798,PUT,104,4,benchKey_32_28,bytes=30;client_id=32;clients=50
1777331408798,PUT,112,4,benchKey_18_28,bytes=30;client_id=18;clients=50
1777331408799,PUT,105,4,benchKey_14_28,bytes=30;client_id=14;clients=50
1777331408806,PUT,105,4,benchKey_17_28,bytes=30;client_id=17;clients=50
1777331408807,PUT,105,4,benchKey_47_28,bytes=30;client_id=47;clients=50
1777331408808,PUT,106,4,benchKey_3_28,bytes=29;client_id=3;clients=50
1777331408808,PUT,106,4,benchKey_46_28,bytes=30;client_id=46;clients=50
1777331408809,PUT,107,4,benchKey_9_28,bytes=29;client_id=9;clients=50
1777331408813,PUT,109,4,benchKey_26_28,bytes=30;client_id=26;clients=50
1777331408813,PUT,108,4,benchKey_34_28,bytes=30;client_id=34;clients=50
1777331408813,PUT,101,4,benchKey_24_28,bytes=30;client_id=24;clients=50
1777331408820,PUT,105,4,benchKey_28_28,bytes=30;client_id=28;clients=50
1777331408821,PUT,108,4,benchKey_20_28,bytes=30;client_id=20;clients=50
1777331408828,PUT,107,4,benchKey_22_28,bytes=30;client_id=22;clients=50
1777331408830,PUT,108,4,benchKey_0_28,bytes=29;client_id=0;clients=50
1777331408832,PUT,109,4,benchKey_8_28,bytes=29;client_id=8;clients=50
1777331408832,PUT,109,4,benchKey_27_28,bytes=30;client_id=27;clients=50
1777331408833,PUT,110,4,benchKey_16_28,bytes=30;client_id=16;clients=50
1777331408834,PUT,106,4,benchKey_13_28,bytes=30;client_id=13;clients=50
1777331408835,PUT,106,4,benchKey_42_29,bytes=30;client_id=42;clients=50
1777331408840,PUT,104,4,benchKey_21_28,bytes=30;client_id=21;clients=50
1777331408840,PUT,111,4,benchKey_49_28,bytes=30;client_id=49;clients=50
1777331408841,PUT,104,4,benchKey_43_28,bytes=30;client_id=43;clients=50
1777331408848,PUT,104,4,benchKey_29_28,bytes=30;client_id=29;clients=50
1777331408850,PUT,105,4,benchKey_12_28,bytes=30;client_id=12;clients=50
1777331408850,PUT,105,4,benchKey_33_28,bytes=30;client_id=33;clients=50
1777331408851,PUT,104,4,benchKey_48_28,bytes=30;client_id=48;clients=50
1777331408851,PUT,106,4,benchKey_7_28,bytes=29;client_id=7;clients=50
1777331408856,PUT,101,4,benchKey_31_29,bytes=30;client_id=31;clients=50
1777331408856,PUT,107,4,benchKey_44_28,bytes=30;client_id=44;clients=50
1777331408856,PUT,105,4,benchKey_39_28,bytes=30;client_id=39;clients=50
1777331408862,PUT,105,4,benchKey_19_28,bytes=30;client_id=19;clients=50
1777331408864,PUT,108,4,benchKey_25_29,bytes=30;client_id=25;clients=50
1777331408871,PUT,107,4,benchKey_4_29,bytes=29;client_id=4;clients=50
1777331408872,PUT,106,4,benchKey_36_29,bytes=30;client_id=36;clients=50
1777331408874,PUT,108,4,benchKey_1_28,bytes=29;client_id=1;clients=50
1777331408874,PUT,108,4,benchKey_11_29,bytes=30;client_id=11;clients=50
1777331408875,PUT,110,4,benchKey_41_29,bytes=30;client_id=41;clients=50
1777331408876,PUT,105,4,benchKey_23_29,bytes=30;client_id=23;clients=50
1777331408878,PUT,106,4,benchKey_37_29,bytes=30;client_id=37;clients=50
1777331408883,PUT,103,4,benchKey_38_29,bytes=30;client_id=38;clients=50
1777331408883,PUT,111,4,benchKey_10_29,bytes=30;client_id=10;clients=50
1777331408883,PUT,103,4,benchKey_30_29,bytes=30;client_id=30;clients=50
1777331408891,PUT,104,4,benchKey_35_29,bytes=30;client_id=35;clients=50
1777331408893,PUT,103,4,benchKey_15_29,bytes=30;client_id=15;clients=50
1777331408894,PUT,103,4,benchKey_40_29,bytes=30;client_id=40;clients=50
1777331408895,PUT,106,4,benchKey_45_29,bytes=30;client_id=45;clients=50
1777331408895,PUT,105,4,benchKey_5_29,bytes=29;client_id=5;clients=50
1777331408899,PUT,106,4,benchKey_2_29,bytes=29;client_id=2;clients=50
1777331408900,PUT,102,4,benchKey_32_29,bytes=30;client_id=32;clients=50
1777331408902,PUT,109,4,benchKey_6_29,bytes=29;client_id=6;clients=50
1777331408905,PUT,107,4,benchKey_18_29,bytes=30;client_id=18;clients=50
1777331408907,PUT,107,4,benchKey_14_29,bytes=30;client_id=14;clients=50
1777331408914,PUT,106,4,benchKey_47_29,bytes=30;client_id=47;clients=50
1777331408914,PUT,107,4,benchKey_17_29,bytes=30;client_id=17;clients=50
1777331408917,PUT,109,4,benchKey_46_29,bytes=30;client_id=46;clients=50
1777331408918,PUT,109,4,benchKey_3_29,bytes=29;client_id=3;clients=50
1777331408919,PUT,105,4,benchKey_26_29,bytes=30;client_id=26;clients=50
1777331408921,PUT,107,4,benchKey_34_29,bytes=30;client_id=34;clients=50
1777331408921,PUT,111,4,benchKey_9_29,bytes=29;client_id=9;clients=50
1777331408925,PUT,104,4,benchKey_20_29,bytes=30;client_id=20;clients=50
1777331408925,PUT,111,4,benchKey_24_29,bytes=30;client_id=24;clients=50
1777331408926,PUT,106,4,benchKey_28_29,bytes=30;client_id=28;clients=50
1777331408933,PUT,105,4,benchKey_22_29,bytes=30;client_id=22;clients=50
1777331408935,PUT,105,4,benchKey_0_29,bytes=29;client_id=0;clients=50
1777331408938,PUT,104,4,benchKey_16_29,bytes=30;client_id=16;clients=50
1777331408938,PUT,105,4,benchKey_8_29,bytes=29;client_id=8;clients=50
1777331408938,PUT,106,4,benchKey_27_29,bytes=30;client_id=27;clients=50
1777331408943,PUT,108,4,benchKey_13_29,bytes=30;client_id=13;clients=50
1777331408943,PUT,103,4,benchKey_21_29,bytes=30;client_id=21;clients=50
1777331408944,PUT,109,4,benchKey_42_30,bytes=30;client_id=42;clients=50
1777331408949,PUT,108,4,benchKey_49_29,bytes=30;client_id=49;clients=50
1777331408949,PUT,108,4,benchKey_43_29,bytes=30;client_id=43;clients=50
1777331408957,PUT,107,4,benchKey_33_29,bytes=30;client_id=33;clients=50
1777331408957,PUT,109,4,benchKey_29_29,bytes=30;client_id=29;clients=50
1777331408961,PUT,111,4,benchKey_12_29,bytes=30;client_id=12;clients=50
1777331408961,PUT,109,4,benchKey_48_29,bytes=30;client_id=48;clients=50
1777331408962,PUT,110,4,benchKey_7_29,bytes=29;client_id=7;clients=50
1777331408963,PUT,106,4,benchKey_44_29,bytes=30;client_id=44;clients=50
1777331408964,PUT,108,4,benchKey_31_30,bytes=30;client_id=31;clients=50
1777331408967,PUT,110,4,benchKey_39_29,bytes=30;client_id=39;clients=50
1777331408967,PUT,104,4,benchKey_19_29,bytes=30;client_id=19;clients=50
1777331408968,PUT,104,4,benchKey_25_30,bytes=30;client_id=25;clients=50
1777331408975,PUT,104,4,benchKey_4_30,bytes=29;client_id=4;clients=50
1777331408977,PUT,105,4,benchKey_36_30,bytes=30;client_id=36;clients=50
1777331408980,PUT,103,4,benchKey_41_30,bytes=30;client_id=41;clients=50
1777331408980,PUT,105,4,benchKey_1_29,bytes=29;client_id=1;clients=50
1777331408982,PUT,107,4,benchKey_11_30,bytes=30;client_id=11;clients=50
1777331408985,PUT,108,4,benchKey_23_30,bytes=30;client_id=23;clients=50
1777331408986,PUT,108,4,benchKey_37_30,bytes=30;client_id=37;clients=50
1777331408987,PUT,103,4,benchKey_38_30,bytes=30;client_id=38;clients=50
1777331408991,PUT,108,4,benchKey_10_30,bytes=30;client_id=10;clients=50
1777331408991,PUT,107,4,benchKey_30_30,bytes=30;client_id=30;clients=50
1777331408999,PUT,105,4,benchKey_15_30,bytes=30;client_id=15;clients=50
1777331408999,PUT,108,4,benchKey_35_30,bytes=30;client_id=35;clients=50
1777331409003,PUT,109,4,benchKey_40_30,bytes=30;client_id=40;clients=50
1777331409004,PUT,109,4,benchKey_45_30,bytes=30;client_id=45;clients=50
1777331409004,PUT,108,4,benchKey_5_30,bytes=29;client_id=5;clients=50
1777331409005,PUT,105,4,benchKey_2_30,bytes=29;client_id=2;clients=50
1777331409007,PUT,106,4,benchKey_32_30,bytes=30;client_id=32;clients=50
1777331409009,PUT,104,4,benchKey_18_30,bytes=30;client_id=18;clients=50
1777331409009,PUT,107,4,benchKey_6_30,bytes=29;client_id=6;clients=50
1777331409010,PUT,103,4,benchKey_14_30,bytes=30;client_id=14;clients=50
1777331409017,PUT,103,4,benchKey_47_30,bytes=30;client_id=47;clients=50
1777331409020,PUT,106,4,benchKey_17_30,bytes=30;client_id=17;clients=50
1777331409023,PUT,105,4,benchKey_3_30,bytes=29;client_id=3;clients=50
1777331409023,PUT,105,4,benchKey_46_30,bytes=30;client_id=46;clients=50
1777331409024,PUT,105,4,benchKey_26_30,bytes=30;client_id=26;clients=50
1777331409027,PUT,106,4,benchKey_34_30,bytes=30;client_id=34;clients=50
1777331409028,PUT,106,4,benchKey_9_30,bytes=29;client_id=9;clients=50
1777331409029,PUT,103,4,benchKey_20_30,bytes=30;client_id=20;clients=50
1777331409034,PUT,108,4,benchKey_24_30,bytes=30;client_id=24;clients=50
1777331409034,PUT,108,4,benchKey_28_30,bytes=30;client_id=28;clients=50
1777331409041,PUT,105,4,benchKey_0_30,bytes=29;client_id=0;clients=50
1777331409042,PUT,108,4,benchKey_22_30,bytes=30;client_id=22;clients=50
1777331409044,PUT,106,4,benchKey_16_30,bytes=30;client_id=16;clients=50
1777331409046,PUT,108,4,benchKey_8_30,bytes=29;client_id=8;clients=50
1777331409046,PUT,103,4,benchKey_13_30,bytes=30;client_id=13;clients=50
1777331409046,PUT,108,4,benchKey_27_30,bytes=30;client_id=27;clients=50
1777331409048,PUT,104,4,benchKey_21_30,bytes=30;client_id=21;clients=50
1777331409052,PUT,103,4,benchKey_49_30,bytes=30;client_id=49;clients=50
1777331409052,PUT,107,4,benchKey_42_31,bytes=30;client_id=42;clients=50
1777331409053,PUT,103,4,benchKey_43_30,bytes=30;client_id=43;clients=50
1777331409060,PUT,102,4,benchKey_29_30,bytes=30;client_id=29;clients=50
1777331409062,PUT,104,4,benchKey_33_30,bytes=30;client_id=33;clients=50
1777331409065,PUT,103,4,benchKey_12_30,bytes=30;client_id=12;clients=50
1777331409065,PUT,103,4,benchKey_48_30,bytes=30;client_id=48;clients=50
1777331409066,PUT,104,4,benchKey_7_30,bytes=29;client_id=7;clients=50
1777331409069,PUT,105,4,benchKey_44_30,bytes=30;client_id=44;clients=50
1777331409070,PUT,105,4,benchKey_31_31,bytes=30;client_id=31;clients=50
1777331409071,PUT,103,4,benchKey_39_30,bytes=30;client_id=39;clients=50
1777331409076,PUT,109,4,benchKey_19_30,bytes=30;client_id=19;clients=50
1777331409076,PUT,108,4,benchKey_25_31,bytes=30;client_id=25;clients=50
1777331409083,PUT,105,4,benchKey_36_31,bytes=30;client_id=36;clients=50
1777331409084,PUT,108,4,benchKey_4_31,bytes=29;client_id=4;clients=50
1777331409087,PUT,106,4,benchKey_1_30,bytes=29;client_id=1;clients=50
1777331409088,PUT,105,4,benchKey_11_31,bytes=30;client_id=11;clients=50
1777331409088,PUT,108,4,benchKey_41_31,bytes=30;client_id=41;clients=50
1777331409088,PUT,102,4,benchKey_23_31,bytes=30;client_id=23;clients=50
1777331409091,PUT,104,4,benchKey_37_31,bytes=30;client_id=37;clients=50
1777331409094,PUT,106,4,benchKey_38_31,bytes=30;client_id=38;clients=50
1777331409095,PUT,103,4,benchKey_10_31,bytes=30;client_id=10;clients=50
1777331409095,PUT,103,4,benchKey_30_31,bytes=30;client_id=30;clients=50
1777331409101,PUT,101,4,benchKey_35_31,bytes=30;client_id=35;clients=50
1777331409103,PUT,103,4,benchKey_15_31,bytes=30;client_id=15;clients=50
1777331409107,PUT,104,4,benchKey_40_31,bytes=30;client_id=40;clients=50
1777331409107,PUT,103,4,benchKey_45_31,bytes=30;client_id=45;clients=50
1777331409108,PUT,103,4,benchKey_5_31,bytes=29;client_id=5;clients=50
1777331409111,PUT,104,4,benchKey_32_31,bytes=30;client_id=32;clients=50
1777331409111,PUT,106,4,benchKey_2_31,bytes=29;client_id=2;clients=50
1777331409113,PUT,103,4,benchKey_18_31,bytes=30;client_id=18;clients=50
1777331409118,PUT,108,4,benchKey_6_31,bytes=29;client_id=6;clients=50
1777331409118,PUT,107,4,benchKey_14_31,bytes=30;client_id=14;clients=50
1777331409125,PUT,104,4,benchKey_17_31,bytes=30;client_id=17;clients=50
1777331409125,PUT,107,4,benchKey_47_31,bytes=30;client_id=47;clients=50
1777331409129,PUT,105,4,benchKey_3_31,bytes=29;client_id=3;clients=50
1777331409130,PUT,105,4,benchKey_26_31,bytes=30;client_id=26;clients=50
1777331409130,PUT,103,4,benchKey_34_31,bytes=30;client_id=34;clients=50
1777331409131,PUT,107,4,benchKey_46_31,bytes=30;client_id=46;clients=50
1777331409134,PUT,105,4,benchKey_9_31,bytes=29;client_id=9;clients=50
1777331409137,PUT,102,4,benchKey_24_31,bytes=30;client_id=24;clients=50
1777331409137,PUT,108,4,benchKey_20_31,bytes=30;client_id=20;clients=50
1777331409138,PUT,103,4,benchKey_28_31,bytes=30;client_id=28;clients=50
1777331409144,PUT,102,4,benchKey_0_31,bytes=29;client_id=0;clients=50
1777331409146,PUT,104,4,benchKey_22_31,bytes=30;client_id=22;clients=50
1777331409149,PUT,104,4,benchKey_16_31,bytes=30;client_id=16;clients=50
1777331409149,PUT,102,4,benchKey_8_31,bytes=29;client_id=8;clients=50
1777331409150,PUT,103,4,benchKey_13_31,bytes=30;client_id=13;clients=50
1777331409153,PUT,106,4,benchKey_27_31,bytes=30;client_id=27;clients=50
1777331409153,PUT,104,4,benchKey_21_31,bytes=30;client_id=21;clients=50
1777331409154,PUT,101,4,benchKey_49_31,bytes=30;client_id=49;clients=50
1777331409160,PUT,106,4,benchKey_43_31,bytes=30;client_id=43;clients=50
1777331409160,PUT,107,4,benchKey_42_32,bytes=30;client_id=42;clients=50
1777331409168,PUT,108,4,benchKey_29_31,bytes=30;client_id=29;clients=50
1777331409168,PUT,106,4,benchKey_33_31,bytes=30;client_id=33;clients=50
1777331409172,PUT,103,4,benchKey_44_31,bytes=30;client_id=44;clients=50
1777331409172,PUT,106,4,benchKey_48_31,bytes=30;client_id=48;clients=50
1777331409172,PUT,106,4,benchKey_12_31,bytes=30;client_id=12;clients=50
1777331409172,PUT,106,4,benchKey_7_31,bytes=29;client_id=7;clients=50
1777331409175,PUT,104,4,benchKey_31_32,bytes=30;client_id=31;clients=50
1777331409180,PUT,108,4,benchKey_39_31,bytes=30;client_id=39;clients=50
1777331409181,PUT,104,4,benchKey_25_32,bytes=30;client_id=25;clients=50
1777331409181,PUT,104,4,benchKey_19_31,bytes=30;client_id=19;clients=50
1777331409186,PUT,103,4,benchKey_36_32,bytes=30;client_id=36;clients=50
1777331409188,PUT,104,4,benchKey_4_32,bytes=29;client_id=4;clients=50
1777331409192,PUT,105,4,benchKey_1_31,bytes=29;client_id=1;clients=50
1777331409192,PUT,104,4,benchKey_41_32,bytes=30;client_id=41;clients=50
1777331409192,PUT,104,4,benchKey_11_32,bytes=30;client_id=11;clients=50
1777331409195,PUT,106,4,benchKey_23_32,bytes=30;client_id=23;clients=50
1777331409195,PUT,103,4,benchKey_37_32,bytes=30;client_id=37;clients=50
1777331409196,PUT,102,4,benchKey_38_32,bytes=30;client_id=38;clients=50
1777331409203,PUT,107,4,benchKey_30_32,bytes=30;client_id=30;clients=50
1777331409203,PUT,107,4,benchKey_10_32,bytes=30;client_id=10;clients=50
1777331409211,PUT,107,4,benchKey_15_32,bytes=30;client_id=15;clients=50
1777331409211,PUT,109,4,benchKey_35_32,bytes=30;client_id=35;clients=50
1777331409215,PUT,107,4,benchKey_40_32,bytes=30;client_id=40;clients=50
1777331409215,PUT,107,4,benchKey_5_32,bytes=29;client_id=5;clients=50
1777331409216,PUT,105,4,benchKey_2_32,bytes=29;client_id=2;clients=50
1777331409217,PUT,106,4,benchKey_32_32,bytes=30;client_id=32;clients=50
1777331409218,PUT,111,4,benchKey_45_32,bytes=30;client_id=45;clients=50
1777331409223,PUT,104,4,benchKey_14_32,bytes=30;client_id=14;clients=50
1777331409223,PUT,110,4,benchKey_18_32,bytes=30;client_id=18;clients=50
1777331409224,PUT,106,4,benchKey_6_32,bytes=29;client_id=6;clients=50
1777331409230,PUT,104,4,benchKey_47_32,bytes=30;client_id=47;clients=50
1777331409231,PUT,105,4,benchKey_17_32,bytes=30;client_id=17;clients=50
1777331409235,PUT,104,4,benchKey_26_32,bytes=30;client_id=26;clients=50
1777331409235,PUT,105,4,benchKey_3_32,bytes=29;client_id=3;clients=50
1777331409235,PUT,104,4,benchKey_34_32,bytes=30;client_id=34;clients=50
1777331409239,PUT,104,4,benchKey_9_32,bytes=29;client_id=9;clients=50
1777331409240,PUT,102,4,benchKey_24_32,bytes=30;client_id=24;clients=50
1777331409241,PUT,110,4,benchKey_46_32,bytes=30;client_id=46;clients=50
1777331409247,PUT,109,4,benchKey_20_32,bytes=30;client_id=20;clients=50
1777331409247,PUT,108,4,benchKey_28_32,bytes=30;client_id=28;clients=50
1777331409254,PUT,109,4,benchKey_0_32,bytes=29;client_id=0;clients=50
1777331409256,PUT,109,4,benchKey_22_32,bytes=30;client_id=22;clients=50
1777331409259,PUT,109,4,benchKey_16_32,bytes=30;client_id=16;clients=50
1777331409260,PUT,110,4,benchKey_8_32,bytes=29;client_id=8;clients=50
1777331409260,PUT,109,4,benchKey_13_32,bytes=30;client_id=13;clients=50
1777331409261,PUT,107,4,benchKey_21_32,bytes=30;client_id=21;clients=50
1777331409262,PUT,108,4,benchKey_27_32,bytes=30;client_id=27;clients=50
1777331409268,PUT,107,4,benchKey_42_33,bytes=30;client_id=42;clients=50
1777331409268,PUT,113,4,benchKey_49_32,bytes=30;client_id=49;clients=50
1777331409268,PUT,107,4,benchKey_43_32,bytes=30;client_id=43;clients=50
1777331409273,PUT,104,4,benchKey_33_32,bytes=30;client_id=33;clients=50
1777331409275,PUT,106,4,benchKey_29_32,bytes=30;client_id=29;clients=50
1777331409278,PUT,105,4,benchKey_12_32,bytes=30;client_id=12;clients=50
1777331409279,PUT,106,4,benchKey_44_32,bytes=30;client_id=44;clients=50
1777331409279,PUT,106,4,benchKey_48_32,bytes=30;client_id=48;clients=50
1777331409281,PUT,108,4,benchKey_7_32,bytes=29;client_id=7;clients=50
1777331409283,PUT,103,4,benchKey_39_32,bytes=30;client_id=39;clients=50
1777331409284,PUT,108,4,benchKey_31_33,bytes=30;client_id=31;clients=50
1777331409290,PUT,109,4,benchKey_25_33,bytes=30;client_id=25;clients=50
1777331409291,PUT,110,4,benchKey_19_32,bytes=30;client_id=19;clients=50
1777331409298,PUT,111,4,benchKey_36_33,bytes=30;client_id=36;clients=50
1777331409299,PUT,110,4,benchKey_4_33,bytes=29;client_id=4;clients=50
1777331409303,PUT,110,4,benchKey_11_33,bytes=30;client_id=11;clients=50
1777331409304,PUT,111,4,benchKey_41_33,bytes=30;client_id=41;clients=50
1777331409305,PUT,109,4,benchKey_37_33,bytes=30;client_id=37;clients=50
1777331409305,PUT,112,4,benchKey_1_32,bytes=29;client_id=1;clients=50
1777331409306,PUT,111,4,benchKey_23_33,bytes=30;client_id=23;clients=50
1777331409311,PUT,108,4,benchKey_30_33,bytes=30;client_id=30;clients=50
1777331409311,PUT,108,4,benchKey_10_33,bytes=30;client_id=10;clients=50
1777331409311,PUT,115,4,benchKey_38_33,bytes=30;client_id=38;clients=50
1777331409315,PUT,103,4,benchKey_15_33,bytes=30;client_id=15;clients=50
1777331409318,PUT,106,4,benchKey_35_33,bytes=30;client_id=35;clients=50
1777331409321,PUT,105,4,benchKey_40_33,bytes=30;client_id=40;clients=50
1777331409321,PUT,104,4,benchKey_5_33,bytes=29;client_id=5;clients=50
1777331409322,PUT,105,4,benchKey_2_33,bytes=29;client_id=2;clients=50
1777331409323,PUT,105,4,benchKey_32_33,bytes=30;client_id=32;clients=50
1777331409326,PUT,103,4,benchKey_18_33,bytes=30;client_id=18;clients=50
1777331409327,PUT,108,4,benchKey_45_33,bytes=30;client_id=45;clients=50
1777331409332,PUT,109,4,benchKey_14_33,bytes=30;client_id=14;clients=50
1777331409333,PUT,108,4,benchKey_6_33,bytes=29;client_id=6;clients=50
1777331409341,PUT,110,4,benchKey_47_33,bytes=30;client_id=47;clients=50
1777331409341,PUT,109,4,benchKey_17_33,bytes=30;client_id=17;clients=50
1777331409348,PUT,113,4,benchKey_26_33,bytes=30;client_id=26;clients=50
1777331409349,PUT,113,4,benchKey_3_33,bytes=29;client_id=3;clients=50
1777331409349,PUT,113,4,benchKey_34_33,bytes=30;client_id=34;clients=50
1777331409349,PUT,109,4,benchKey_24_33,bytes=30;client_id=24;clients=50
1777331409350,PUT,110,4,benchKey_9_33,bytes=29;client_id=9;clients=50
1777331409355,PUT,113,4,benchKey_46_33,bytes=30;client_id=46;clients=50
1777331409356,PUT,108,4,benchKey_28_33,bytes=30;client_id=28;clients=50
1777331409356,PUT,108,4,benchKey_20_33,bytes=30;client_id=20;clients=50
1777331409358,PUT,103,4,benchKey_0_33,bytes=29;client_id=0;clients=50
1777331409361,PUT,105,4,benchKey_22_33,bytes=30;client_id=22;clients=50
1777331409363,PUT,103,4,benchKey_16_33,bytes=30;client_id=16;clients=50
1777331409364,PUT,104,4,benchKey_8_33,bytes=29;client_id=8;clients=50
1777331409365,PUT,105,4,benchKey_13_33,bytes=30;client_id=13;clients=50
1777331409367,PUT,105,4,benchKey_21_33,bytes=30;client_id=21;clients=50
1777331409370,PUT,107,4,benchKey_27_33,bytes=30;client_id=27;clients=50
1777331409370,PUT,102,4,benchKey_42_34,bytes=30;client_id=42;clients=50
1777331409376,PUT,107,4,benchKey_49_33,bytes=30;client_id=49;clients=50
1777331409376,PUT,107,4,benchKey_43_33,bytes=30;client_id=43;clients=50
1777331409385,PUT,112,4,benchKey_33_33,bytes=30;client_id=33;clients=50
1777331409385,PUT,110,4,benchKey_29_33,bytes=30;client_id=29;clients=50
1777331409392,PUT,114,4,benchKey_12_33,bytes=30;client_id=12;clients=50
1777331409393,PUT,112,4,benchKey_7_33,bytes=29;client_id=7;clients=50
1777331409393,PUT,114,4,benchKey_44_33,bytes=30;client_id=44;clients=50
1777331409395,PUT,111,4,benchKey_39_33,bytes=30;client_id=39;clients=50
1777331409395,PUT,115,4,benchKey_48_33,bytes=30;client_id=48;clients=50
1777331409400,PUT,116,4,benchKey_31_34,bytes=30;client_id=31;clients=50
1777331409401,PUT,109,4,benchKey_19_33,bytes=30;client_id=19;clients=50
1777331409401,PUT,103,4,benchKey_36_34,bytes=30;client_id=36;clients=50
1777331409402,PUT,111,4,benchKey_25_34,bytes=30;client_id=25;clients=50
1777331409405,PUT,106,4,benchKey_4_34,bytes=29;client_id=4;clients=50
1777331409406,PUT,102,4,benchKey_11_34,bytes=30;client_id=11;clients=50
1777331409408,PUT,102,4,benchKey_41_34,bytes=30;client_id=41;clients=50
1777331409408,PUT,102,4,benchKey_37_34,bytes=30;client_id=37;clients=50
1777331409410,PUT,104,4,benchKey_1_33,bytes=29;client_id=1;clients=50
1777331409413,PUT,106,4,benchKey_23_34,bytes=30;client_id=23;clients=50
1777331409414,PUT,102,4,benchKey_30_34,bytes=30;client_id=30;clients=50
1777331409419,PUT,107,4,benchKey_10_34,bytes=30;client_id=10;clients=50
1777331409420,PUT,108,4,benchKey_38_34,bytes=30;client_id=38;clients=50
1777331409428,PUT,113,4,benchKey_15_34,bytes=30;client_id=15;clients=50
1777331409428,PUT,110,4,benchKey_35_34,bytes=30;client_id=35;clients=50
1777331409436,PUT,115,4,benchKey_40_34,bytes=30;client_id=40;clients=50
1777331409437,PUT,115,4,benchKey_5_34,bytes=29;client_id=5;clients=50
1777331409437,PUT,114,4,benchKey_2_34,bytes=29;client_id=2;clients=50
1777331409439,PUT,115,4,benchKey_32_34,bytes=30;client_id=32;clients=50
1777331409439,PUT,112,4,benchKey_18_34,bytes=30;client_id=18;clients=50
1777331409444,PUT,116,4,benchKey_45_34,bytes=30;client_id=45;clients=50
1777331409445,PUT,104,4,benchKey_47_34,bytes=30;client_id=47;clients=50
1777331409445,PUT,112,4,benchKey_14_34,bytes=30;client_id=14;clients=50
1777331409446,PUT,112,4,benchKey_6_34,bytes=29;client_id=6;clients=50
1777331409449,PUT,100,4,benchKey_26_34,bytes=30;client_id=26;clients=50
1777331409449,PUT,107,4,benchKey_17_34,bytes=30;client_id=17;clients=50
1777331409451,PUT,101,4,benchKey_34_34,bytes=30;client_id=34;clients=50
1777331409452,PUT,103,4,benchKey_3_34,bytes=29;client_id=3;clients=50
1777331409454,PUT,104,4,benchKey_24_34,bytes=30;client_id=24;clients=50
1777331409457,PUT,102,4,benchKey_46_34,bytes=30;client_id=46;clients=50
1777331409457,PUT,106,4,benchKey_9_34,bytes=29;client_id=9;clients=50
1777331409463,PUT,106,4,benchKey_20_34,bytes=30;client_id=20;clients=50
1777331409463,PUT,106,4,benchKey_28_34,bytes=30;client_id=28;clients=50
1777331409472,PUT,111,4,benchKey_22_34,bytes=30;client_id=22;clients=50
1777331409473,PUT,114,4,benchKey_0_34,bytes=29;client_id=0;clients=50
1777331409479,PUT,116,4,benchKey_16_34,bytes=30;client_id=16;clients=50
1777331409480,PUT,114,4,benchKey_13_34,bytes=30;client_id=13;clients=50
1777331409480,PUT,116,4,benchKey_8_34,bytes=29;client_id=8;clients=50
1777331409482,PUT,112,4,benchKey_27_34,bytes=30;client_id=27;clients=50
1777331409483,PUT,115,4,benchKey_21_34,bytes=30;client_id=21;clients=50
1777331409488,PUT,117,4,benchKey_42_35,bytes=30;client_id=42;clients=50
1777331409488,PUT,112,4,benchKey_43_34,bytes=30;client_id=43;clients=50
1777331409488,PUT,112,4,benchKey_49_34,bytes=30;client_id=49;clients=50
1777331409489,PUT,104,4,benchKey_33_34,bytes=30;client_id=33;clients=50
1777331409492,PUT,99,4,benchKey_12_34,bytes=30;client_id=12;clients=50
1777331409492,PUT,106,4,benchKey_29_34,bytes=30;client_id=29;clients=50
1777331409494,PUT,100,4,benchKey_7_34,bytes=29;client_id=7;clients=50
1777331409496,PUT,102,4,benchKey_44_34,bytes=30;client_id=44;clients=50
1777331409498,PUT,103,4,benchKey_39_34,bytes=30;client_id=39;clients=50
1777331409500,PUT,105,4,benchKey_48_34,bytes=30;client_id=48;clients=50
1777331409500,PUT,99,4,benchKey_31_35,bytes=30;client_id=31;clients=50
1777331409505,PUT,103,4,benchKey_36_35,bytes=30;client_id=36;clients=50
1777331409505,PUT,104,4,benchKey_19_34,bytes=30;client_id=19;clients=50
1777331409515,PUT,109,4,benchKey_4_35,bytes=29;client_id=4;clients=50
1777331409516,PUT,113,4,benchKey_25_35,bytes=30;client_id=25;clients=50
1777331409523,PUT,117,4,benchKey_11_35,bytes=30;client_id=11;clients=50
1777331409524,PUT,116,4,benchKey_41_35,bytes=30;client_id=41;clients=50
1777331409525,PUT,117,4,benchKey_37_35,bytes=30;client_id=37;clients=50
1777331409526,PUT,113,4,benchKey_23_35,bytes=30;client_id=23;clients=50
1777331409526,PUT,115,4,benchKey_1_34,bytes=29;client_id=1;clients=50
1777331409532,PUT,118,4,benchKey_30_35,bytes=30;client_id=30;clients=50
1777331409532,PUT,112,4,benchKey_10_35,bytes=30;client_id=10;clients=50
1777331409533,PUT,105,4,benchKey_15_35,bytes=30;client_id=15;clients=50
1777331409535,PUT,114,4,benchKey_38_35,bytes=30;client_id=38;clients=50
1777331409535,PUT,107,4,benchKey_35_35,bytes=30;client_id=35;clients=50
1777331409537,PUT,100,4,benchKey_40_35,bytes=30;client_id=40;clients=50
1777331409537,PUT,99,4,benchKey_5_35,bytes=29;client_id=5;clients=50
1777331409539,PUT,101,4,benchKey_2_35,bytes=29;client_id=2;clients=50
1777331409542,PUT,102,4,benchKey_32_35,bytes=30;client_id=32;clients=50
1777331409543,PUT,99,4,benchKey_45_35,bytes=30;client_id=45;clients=50
1777331409544,PUT,104,4,benchKey_18_35,bytes=30;client_id=18;clients=50
1777331409548,PUT,102,4,benchKey_14_35,bytes=30;client_id=14;clients=50
1777331409548,PUT,103,4,benchKey_47_35,bytes=30;client_id=47;clients=50
1777331409558,PUT,111,4,benchKey_6_35,bytes=29;client_id=6;clients=50
1777331409559,PUT,110,4,benchKey_17_35,bytes=30;client_id=17;clients=50
1777331409567,PUT,117,4,benchKey_26_35,bytes=30;client_id=26;clients=50
1777331409568,PUT,117,4,benchKey_34_35,bytes=30;client_id=34;clients=50
1777331409569,PUT,114,4,benchKey_24_35,bytes=30;client_id=24;clients=50
1777331409569,PUT,117,4,benchKey_3_35,bytes=29;client_id=3;clients=50
1777331409569,PUT,112,4,benchKey_46_35,bytes=30;client_id=46;clients=50
1777331409575,PUT,118,4,benchKey_9_35,bytes=29;client_id=9;clients=50
1777331409575,PUT,112,4,benchKey_20_35,bytes=30;client_id=20;clients=50
1777331409577,PUT,114,4,benchKey_28_35,bytes=30;client_id=28;clients=50
1777331409579,PUT,105,4,benchKey_0_35,bytes=29;client_id=0;clients=50
1777331409579,PUT,107,4,benchKey_22_35,bytes=30;client_id=22;clients=50
1777331409581,PUT,101,4,benchKey_13_35,bytes=30;client_id=13;clients=50
1777331409582,PUT,103,4,benchKey_16_35,bytes=30;client_id=16;clients=50
1777331409583,PUT,103,4,benchKey_8_35,bytes=29;client_id=8;clients=50
1777331409585,PUT,102,4,benchKey_27_35,bytes=30;client_id=27;clients=50
1777331409587,PUT,99,4,benchKey_42_36,bytes=30;client_id=42;clients=50
1777331409587,PUT,104,4,benchKey_21_35,bytes=30;client_id=21;clients=50
1777331409592,PUT,103,4,benchKey_49_35,bytes=30;client_id=49;clients=50
1777331409592,PUT,103,4,benchKey_43_35,bytes=30;client_id=43;clients=50
1777331409601,PUT,111,4,benchKey_33_35,bytes=30;client_id=33;clients=50
1777331409602,PUT,110,4,benchKey_12_35,bytes=30;client_id=12;clients=50
1777331409610,PUT,117,4,benchKey_29_35,bytes=30;client_id=29;clients=50
1777331409611,PUT,116,4,benchKey_7_35,bytes=29;client_id=7;clients=50
1777331409612,PUT,115,4,benchKey_44_35,bytes=30;client_id=44;clients=50
1777331409614,PUT,113,4,benchKey_31_36,bytes=30;client_id=31;clients=50
1777331409614,PUT,115,4,benchKey_39_35,bytes=30;client_id=39;clients=50
1777331409618,PUT,118,4,benchKey_48_35,bytes=30;client_id=48;clients=50
1777331409619,PUT,114,4,benchKey_36_36,bytes=30;client_id=36;clients=50
1777331409621,PUT,115,4,benchKey_19_35,bytes=30;client_id=19;clients=50
1777331409621,PUT,106,4,benchKey_4_36,bytes=29;client_id=4;clients=50
1777331409622,PUT,106,4,benchKey_25_36,bytes=30;client_id=25;clients=50
1777331409624,PUT,100,4,benchKey_11_36,bytes=30;client_id=11;clients=50
1777331409624,PUT,100,4,benchKey_41_36,bytes=30;client_id=41;clients=50
1777331409626,PUT,100,4,benchKey_37_36,bytes=30;client_id=37;clients=50
1777331409627,PUT,101,4,benchKey_23_36,bytes=30;client_id=23;clients=50
1777331409629,PUT,103,4,benchKey_1_35,bytes=29;client_id=1;clients=50
1777331409630,PUT,97,4,benchKey_30_36,bytes=30;client_id=30;clients=50
1777331409634,PUT,99,4,benchKey_10_36,bytes=30;client_id=10;clients=50
1777331409634,PUT,99,4,benchKey_15_36,bytes=30;client_id=15;clients=50
1777331409644,PUT,108,4,benchKey_35_36,bytes=30;client_id=35;clients=50
1777331409644,PUT,109,4,benchKey_38_36,bytes=30;client_id=38;clients=50
1777331409652,PUT,115,4,benchKey_40_36,bytes=30;client_id=40;clients=50
1777331409653,PUT,113,4,benchKey_2_36,bytes=29;client_id=2;clients=50
1777331409653,PUT,116,4,benchKey_5_36,bytes=29;client_id=5;clients=50
1777331409655,PUT,113,4,benchKey_32_36,bytes=30;client_id=32;clients=50
1777331409656,PUT,112,4,benchKey_45_36,bytes=30;client_id=45;clients=50
1777331409660,PUT,116,4,benchKey_18_36,bytes=30;client_id=18;clients=50
1777331409662,PUT,113,4,benchKey_14_36,bytes=30;client_id=14;clients=50
1777331409663,PUT,104,4,benchKey_6_36,bytes=29;client_id=6;clients=50
1777331409664,PUT,115,4,benchKey_47_36,bytes=30;client_id=47;clients=50
1777331409664,PUT,105,4,benchKey_17_36,bytes=30;client_id=17;clients=50
1777331409666,PUT,98,4,benchKey_34_36,bytes=30;client_id=34;clients=50
1777331409666,PUT,99,4,benchKey_26_36,bytes=30;client_id=26;clients=50
1777331409668,PUT,98,4,benchKey_24_36,bytes=30;client_id=24;clients=50
1777331409669,PUT,99,4,benchKey_3_36,bytes=29;client_id=3;clients=50
1777331409671,PUT,95,4,benchKey_9_36,bytes=29;client_id=9;clients=50
1777331409672,PUT,102,4,benchKey_46_36,bytes=30;client_id=46;clients=50
1777331409677,PUT,101,4,benchKey_20_36,bytes=30;client_id=20;clients=50
1777331409677,PUT,99,4,benchKey_28_36,bytes=30;client_id=28;clients=50
1777331409686,PUT,105,4,benchKey_22_36,bytes=30;client_id=22;clients=50
1777331409686,PUT,106,4,benchKey_0_36,bytes=29;client_id=0;clients=50
1777331409694,PUT,112,4,benchKey_13_36,bytes=30;client_id=13;clients=50
1777331409695,PUT,112,4,benchKey_16_36,bytes=30;client_id=16;clients=50
1777331409695,PUT,111,4,benchKey_8_36,bytes=29;client_id=8;clients=50
1777331409697,PUT,109,4,benchKey_42_37,bytes=30;client_id=42;clients=50
1777331409697,PUT,112,4,benchKey_27_36,bytes=30;client_id=27;clients=50
1777331409702,PUT,114,4,benchKey_21_36,bytes=30;client_id=21;clients=50
1777331409705,PUT,112,4,benchKey_43_36,bytes=30;client_id=43;clients=50
1777331409705,PUT,112,4,benchKey_49_36,bytes=30;client_id=49;clients=50
1777331409706,PUT,104,4,benchKey_33_36,bytes=30;client_id=33;clients=50
1777331409706,PUT,103,4,benchKey_12_36,bytes=30;client_id=12;clients=50
1777331409708,PUT,97,4,benchKey_29_36,bytes=30;client_id=29;clients=50
1777331409709,PUT,98,4,benchKey_7_36,bytes=29;client_id=7;clients=50
1777331409709,PUT,97,4,benchKey_44_36,bytes=30;client_id=44;clients=50
1777331409711,PUT,97,4,benchKey_31_37,bytes=30;client_id=31;clients=50
1777331409712,PUT,98,4,benchKey_39_36,bytes=30;client_id=39;clients=50
1777331409713,PUT,94,4,benchKey_48_36,bytes=30;client_id=48;clients=50
1777331409718,PUT,98,4,benchKey_36_37,bytes=30;client_id=36;clients=50
1777331409719,PUT,97,4,benchKey_19_36,bytes=30;client_id=19;clients=50
1777331409727,PUT,104,4,benchKey_25_37,bytes=30;client_id=25;clients=50
1777331409728,PUT,106,4,benchKey_4_37,bytes=29;client_id=4;clients=50
1777331409736,PUT,111,4,benchKey_11_37,bytes=30;client_id=11;clients=50
1777331409738,PUT,113,4,benchKey_41_37,bytes=30;client_id=41;clients=50
1777331409738,PUT,111,4,benchKey_37_37,bytes=30;client_id=37;clients=50
1777331409740,PUT,110,4,benchKey_1_36,bytes=29;client_id=1;clients=50
1777331409740,PUT,112,4,benchKey_23_37,bytes=30;client_id=23;clients=50
1777331409744,PUT,114,4,benchKey_30_37,bytes=30;client_id=30;clients=50
1777331409747,PUT,112,4,benchKey_10_37,bytes=30;client_id=10;clients=50
1777331409747,PUT,112,4,benchKey_15_37,bytes=30;client_id=15;clients=50
1777331409747,PUT,103,4,benchKey_38_37,bytes=30;client_id=38;clients=50
1777331409747,PUT,103,4,benchKey_35_37,bytes=30;client_id=35;clients=50
1777331409749,PUT,96,4,benchKey_40_37,bytes=30;client_id=40;clients=50
1777331409750,PUT,96,4,benchKey_5_37,bytes=29;client_id=5;clients=50
1777331409751,PUT,97,4,benchKey_2_37,bytes=29;client_id=2;clients=50
1777331409752,PUT,96,4,benchKey_32_37,bytes=30;client_id=32;clients=50
1777331409754,PUT,98,4,benchKey_45_37,bytes=30;client_id=45;clients=50
1777331409754,PUT,93,4,benchKey_18_37,bytes=30;client_id=18;clients=50
1777331409760,PUT,98,4,benchKey_14_37,bytes=30;client_id=14;clients=50
1777331409760,PUT,97,4,benchKey_6_37,bytes=29;client_id=6;clients=50
1777331409770,PUT,106,4,benchKey_47_37,bytes=30;client_id=47;clients=50
1777331409770,PUT,105,4,benchKey_17_37,bytes=30;client_id=17;clients=50
1777331409778,PUT,111,4,benchKey_34_37,bytes=30;client_id=34;clients=50
1777331409779,PUT,112,4,benchKey_26_37,bytes=30;client_id=26;clients=50
1777331409781,PUT,110,4,benchKey_9_37,bytes=29;client_id=9;clients=50
1777331409781,PUT,113,4,benchKey_24_37,bytes=30;client_id=24;clients=50
1777331409782,PUT,112,4,benchKey_3_37,bytes=29;client_id=3;clients=50
1777331409786,PUT,114,4,benchKey_46_37,bytes=30;client_id=46;clients=50
1777331409789,PUT,102,4,benchKey_22_37,bytes=30;client_id=22;clients=50
1777331409789,PUT,102,4,benchKey_0_37,bytes=29;client_id=0;clients=50
1777331409789,PUT,112,4,benchKey_20_37,bytes=30;client_id=20;clients=50
1777331409789,PUT,111,4,benchKey_28_37,bytes=30;client_id=28;clients=50
1777331409790,PUT,95,4,benchKey_13_37,bytes=30;client_id=13;clients=50
1777331409791,PUT,95,4,benchKey_16_37,bytes=30;client_id=16;clients=50
1777331409792,PUT,96,4,benchKey_8_37,bytes=29;client_id=8;clients=50
1777331409794,PUT,96,4,benchKey_27_37,bytes=30;client_id=27;clients=50
1777331409796,PUT,99,4,benchKey_42_38,bytes=30;client_id=42;clients=50
1777331409796,PUT,93,4,benchKey_21_37,bytes=30;client_id=21;clients=50
1777331409802,PUT,96,4,benchKey_49_37,bytes=30;client_id=49;clients=50
1777331409802,PUT,96,4,benchKey_43_37,bytes=30;client_id=43;clients=50
1777331409812,PUT,106,4,benchKey_12_37,bytes=30;client_id=12;clients=50
1777331409812,PUT,106,4,benchKey_33_37,bytes=30;client_id=33;clients=50
1777331409820,PUT,112,4,benchKey_29_37,bytes=30;client_id=29;clients=50
1777331409820,PUT,111,4,benchKey_7_37,bytes=29;client_id=7;clients=50
1777331409823,PUT,112,4,benchKey_31_38,bytes=30;client_id=31;clients=50
1777331409823,PUT,114,4,benchKey_44_37,bytes=30;client_id=44;clients=50
1777331409823,PUT,111,4,benchKey_39_37,bytes=30;client_id=39;clients=50
1777331409829,PUT,116,4,benchKey_48_37,bytes=30;client_id=48;clients=50
1777331409831,PUT,111,4,benchKey_19_37,bytes=30;client_id=19;clients=50
1777331409832,PUT,113,4,benchKey_36_38,bytes=30;client_id=36;clients=50
1777331409832,PUT,104,4,benchKey_4_38,bytes=29;client_id=4;clients=50
1777331409832,PUT,95,4,benchKey_11_38,bytes=30;client_id=11;clients=50
1777331409832,PUT,105,4,benchKey_25_38,bytes=30;client_id=25;clients=50
1777331409832,PUT,94,4,benchKey_41_38,bytes=30;client_id=41;clients=50
1777331409834,PUT,95,4,benchKey_37_38,bytes=30;client_id=37;clients=50
1777331409835,PUT,94,4,benchKey_1_37,bytes=29;client_id=1;clients=50
1777331409838,PUT,93,4,benchKey_30_38,bytes=30;client_id=30;clients=50
1777331409838,PUT,98,4,benchKey_23_38,bytes=30;client_id=23;clients=50
1777331409845,PUT,97,4,benchKey_10_38,bytes=30;client_id=10;clients=50
1777331409845,PUT,97,4,benchKey_15_38,bytes=30;client_id=15;clients=50
1777331409855,PUT,107,4,benchKey_38_38,bytes=30;client_id=38;clients=50
1777331409855,PUT,107,4,benchKey_35_38,bytes=30;client_id=35;clients=50
1777331409862,PUT,112,4,benchKey_5_38,bytes=29;client_id=5;clients=50
1777331409863,PUT,113,4,benchKey_40_38,bytes=30;client_id=40;clients=50
1777331409865,PUT,111,4,benchKey_45_38,bytes=30;client_id=45;clients=50
1777331409865,PUT,113,4,benchKey_32_38,bytes=30;client_id=32;clients=50
1777331409866,PUT,115,4,benchKey_2_38,bytes=29;client_id=2;clients=50
1777331409871,PUT,117,4,benchKey_18_38,bytes=30;client_id=18;clients=50
1777331409872,PUT,111,4,benchKey_14_38,bytes=30;client_id=14;clients=50
1777331409874,PUT,113,4,benchKey_6_38,bytes=29;client_id=6;clients=50
1777331409874,PUT,103,4,benchKey_17_38,bytes=30;client_id=17;clients=50
1777331409874,PUT,96,4,benchKey_34_38,bytes=30;client_id=34;clients=50
1777331409874,PUT,103,4,benchKey_47_38,bytes=30;client_id=47;clients=50
1777331409875,PUT,94,4,benchKey_9_38,bytes=29;client_id=9;clients=50
1777331409875,PUT,96,4,benchKey_26_38,bytes=30;client_id=26;clients=50
1777331409877,PUT,95,4,benchKey_24_38,bytes=30;client_id=24;clients=50
1777331409880,PUT,93,4,benchKey_46_38,bytes=30;client_id=46;clients=50
1777331409880,PUT,98,4,benchKey_3_38,bytes=29;client_id=3;clients=50
1777331409886,PUT,96,4,benchKey_22_38,bytes=30;client_id=22;clients=50
1777331409888,PUT,98,4,benchKey_0_38,bytes=29;client_id=0;clients=50
1777331409897,PUT,107,4,benchKey_20_38,bytes=30;client_id=20;clients=50
1777331409897,PUT,107,4,benchKey_28_38,bytes=30;client_id=28;clients=50
1777331409904,PUT,114,4,benchKey_13_38,bytes=30;client_id=13;clients=50
1777331409904,PUT,113,4,benchKey_16_38,bytes=30;client_id=16;clients=50
1777331409907,PUT,113,4,benchKey_27_38,bytes=30;client_id=27;clients=50
1777331409907,PUT,115,4,benchKey_8_38,bytes=29;client_id=8;clients=50
1777331409908,PUT,111,4,benchKey_42_39,bytes=30;client_id=42;clients=50
1777331409913,PUT,116,4,benchKey_21_38,bytes=30;client_id=21;clients=50
1777331409914,PUT,111,4,benchKey_49_38,bytes=30;client_id=49;clients=50
1777331409916,PUT,103,4,benchKey_33_38,bytes=30;client_id=33;clients=50
1777331409916,PUT,113,4,benchKey_43_38,bytes=30;client_id=43;clients=50
1777331409916,PUT,96,4,benchKey_29_38,bytes=30;client_id=29;clients=50
1777331409916,PUT,103,4,benchKey_12_38,bytes=30;client_id=12;clients=50
1777331409917,PUT,96,4,benchKey_7_38,bytes=29;client_id=7;clients=50
1777331409917,PUT,94,4,benchKey_31_39,bytes=30;client_id=31;clients=50
1777331409920,PUT,96,4,benchKey_44_38,bytes=30;client_id=44;clients=50
1777331409922,PUT,98,4,benchKey_39_38,bytes=30;client_id=39;clients=50
1777331409923,PUT,93,4,benchKey_48_38,bytes=30;client_id=48;clients=50
1777331409927,PUT,95,4,benchKey_19_38,bytes=30;client_id=19;clients=50
1777331409929,PUT,96,4,benchKey_36_39,bytes=30;client_id=36;clients=50
1777331409939,PUT,106,4,benchKey_11_39,bytes=30;client_id=11;clients=50
1777331409939,PUT,106,4,benchKey_4_39,bytes=29;client_id=4;clients=50
1777331409947,PUT,114,4,benchKey_25_39,bytes=30;client_id=25;clients=50
1777331409947,PUT,114,4,benchKey_41_39,bytes=30;client_id=41;clients=50
1777331409949,PUT,115,4,benchKey_37_39,bytes=30;client_id=37;clients=50
1777331409949,PUT,114,4,benchKey_1_38,bytes=29;client_id=1;clients=50
1777331409951,PUT,112,4,benchKey_30_39,bytes=30;client_id=30;clients=50
1777331409954,PUT,115,4,benchKey_23_39,bytes=30;client_id=23;clients=50
1777331409955,PUT,109,4,benchKey_10_39,bytes=30;client_id=10;clients=50
1777331409958,PUT,95,4,benchKey_40_39,bytes=30;client_id=40;clients=50
1777331409958,PUT,113,4,benchKey_15_39,bytes=30;client_id=15;clients=50
1777331409958,PUT,102,4,benchKey_38_39,bytes=30;client_id=38;clients=50
1777331409958,PUT,96,4,benchKey_5_39,bytes=29;client_id=5;clients=50
1777331409958,PUT,102,4,benchKey_35_39,bytes=30;client_id=35;clients=50
1777331409959,PUT,62,4,benchKey_20_39,bytes=30;client_id=20;clients=50
1777331409960,PUT,94,4,benchKey_32_39,bytes=30;client_id=32;clients=50
1777331409962,PUT,97,4,benchKey_45_39,bytes=30;client_id=45;clients=50
1777331409963,PUT,96,4,benchKey_2_39,bytes=29;client_id=2;clients=50
1777331409964,PUT,92,4,benchKey_18_39,bytes=30;client_id=18;clients=50
1777331409969,PUT,97,4,benchKey_14_39,bytes=30;client_id=14;clients=50
1777331409970,PUT,95,4,benchKey_6_39,bytes=29;client_id=6;clients=50
1777331409981,PUT,106,4,benchKey_17_39,bytes=30;client_id=17;clients=50
1777331409981,PUT,106,4,benchKey_34_39,bytes=30;client_id=34;clients=50
1777331409989,PUT,113,4,benchKey_9_39,bytes=29;client_id=9;clients=50
1777331409990,PUT,112,4,benchKey_24_39,bytes=30;client_id=24;clients=50
1777331409990,PUT,115,4,benchKey_47_39,bytes=30;client_id=47;clients=50
1777331409991,PUT,115,4,benchKey_26_39,bytes=30;client_id=26;clients=50
1777331409992,PUT,111,4,benchKey_46_39,bytes=30;client_id=46;clients=50
1777331409996,PUT,109,4,benchKey_22_39,bytes=30;client_id=22;clients=50
1777331409997,PUT,116,4,benchKey_3_39,bytes=29;client_id=3;clients=50
1777331410000,PUT,95,4,benchKey_16_39,bytes=30;client_id=16;clients=50
1777331410000,PUT,112,4,benchKey_0_39,bytes=29;client_id=0;clients=50
1777331410001,PUT,96,4,benchKey_13_39,bytes=30;client_id=13;clients=50
1777331410001,PUT,103,4,benchKey_28_39,bytes=30;client_id=28;clients=50
1777331410002,PUT,94,4,benchKey_8_39,bytes=29;client_id=8;clients=50
1777331410002,PUT,94,4,benchKey_27_39,bytes=30;client_id=27;clients=50
1777331410004,PUT,95,4,benchKey_42_40,bytes=30;client_id=42;clients=50
1777331410004,PUT,90,4,benchKey_21_39,bytes=30;client_id=21;clients=50
1777331410005,PUT,90,4,benchKey_49_39,bytes=30;client_id=49;clients=50
1777331410010,PUT,93,4,benchKey_33_39,bytes=30;client_id=33;clients=50
1777331410011,PUT,95,4,benchKey_43_39,bytes=30;client_id=43;clients=50
1777331410023,PUT,106,4,benchKey_12_39,bytes=30;client_id=12;clients=50
1777331410023,PUT,106,4,benchKey_29_39,bytes=30;client_id=29;clients=50
1777331410031,PUT,114,4,benchKey_7_39,bytes=29;client_id=7;clients=50
1777331410032,PUT,109,4,benchKey_39_39,bytes=30;client_id=39;clients=50
1777331410033,PUT,115,4,benchKey_31_40,bytes=30;client_id=31;clients=50
1777331410033,PUT,112,4,benchKey_44_39,bytes=30;client_id=44;clients=50
1777331410034,PUT,110,4,benchKey_48_39,bytes=30;client_id=48;clients=50
1777331410037,PUT,110,4,benchKey_19_39,bytes=30;client_id=19;clients=50
1777331410038,PUT,108,4,benchKey_36_40,bytes=30;client_id=36;clients=50
1777331410042,PUT,102,4,benchKey_4_40,bytes=29;client_id=4;clients=50
1777331410042,PUT,102,4,benchKey_11_40,bytes=30;client_id=11;clients=50
1777331410043,PUT,95,4,benchKey_25_40,bytes=30;client_id=25;clients=50
1777331410043,PUT,95,4,benchKey_41_40,bytes=30;client_id=41;clients=50
1777331410044,PUT,94,4,benchKey_1_39,bytes=29;client_id=1;clients=50
1777331410044,PUT,94,4,benchKey_37_40,bytes=30;client_id=37;clients=50
1777331410045,PUT,90,4,benchKey_23_40,bytes=30;client_id=23;clients=50
1777331410045,PUT,94,4,benchKey_30_40,bytes=30;client_id=30;clients=50
1777331410046,PUT,90,4,benchKey_10_40,bytes=30;client_id=10;clients=50
1777331410051,PUT,92,4,benchKey_40_40,bytes=30;client_id=40;clients=50
1777331410053,PUT,94,4,benchKey_15_40,bytes=30;client_id=15;clients=50
1777331410065,PUT,107,4,benchKey_5_40,bytes=29;client_id=5;clients=50
1777331410067,PUT,108,4,benchKey_38_40,bytes=30;client_id=38;clients=50
1777331410073,PUT,113,4,benchKey_20_40,bytes=30;client_id=20;clients=50
1777331410073,PUT,114,4,benchKey_35_40,bytes=30;client_id=35;clients=50
1777331410074,PUT,111,4,benchKey_45_40,bytes=30;client_id=45;clients=50
1777331410074,PUT,113,4,benchKey_32_40,bytes=30;client_id=32;clients=50
1777331410076,PUT,113,4,benchKey_2_40,bytes=29;client_id=2;clients=50
1777331410079,PUT,110,4,benchKey_14_40,bytes=30;client_id=14;clients=50
1777331410079,PUT,115,4,benchKey_18_40,bytes=30;client_id=18;clients=50
1777331410084,PUT,114,4,benchKey_6_40,bytes=29;client_id=6;clients=50
1777331410084,PUT,102,4,benchKey_34_40,bytes=30;client_id=34;clients=50
1777331410084,PUT,95,4,benchKey_9_40,bytes=29;client_id=9;clients=50
1777331410085,PUT,103,4,benchKey_17_40,bytes=30;client_id=17;clients=50
1777331410086,PUT,95,4,benchKey_47_40,bytes=30;client_id=47;clients=50
1777331410086,PUT,95,4,benchKey_26_40,bytes=30;client_id=26;clients=50
1777331410086,PUT,95,4,benchKey_24_40,bytes=30;client_id=24;clients=50
1777331410087,PUT,94,4,benchKey_46_40,bytes=30;client_id=46;clients=50
1777331410088,PUT,91,4,benchKey_22_40,bytes=30;client_id=22;clients=50
1777331410092,PUT,95,4,benchKey_3_40,bytes=29;client_id=3;clients=50
1777331410094,PUT,93,4,benchKey_16_40,bytes=30;client_id=16;clients=50
1777331410107,PUT,107,4,benchKey_0_40,bytes=29;client_id=0;clients=50
1777331410109,PUT,108,4,benchKey_13_40,bytes=30;client_id=13;clients=50
1777331410115,PUT,113,4,benchKey_27_40,bytes=30;client_id=27;clients=50
1777331410115,PUT,113,4,benchKey_8_40,bytes=29;client_id=8;clients=50
1777331410116,PUT,114,4,benchKey_28_40,bytes=30;client_id=28;clients=50
1777331410116,PUT,112,4,benchKey_42_41,bytes=30;client_id=42;clients=50
1777331410117,PUT,113,4,benchKey_21_40,bytes=30;client_id=21;clients=50
1777331410121,PUT,116,4,benchKey_49_40,bytes=30;client_id=49;clients=50
1777331410121,PUT,111,4,benchKey_33_40,bytes=30;client_id=33;clients=50
1777331410126,PUT,114,4,benchKey_43_40,bytes=30;client_id=43;clients=50
1777331410126,PUT,94,4,benchKey_7_40,bytes=29;client_id=7;clients=50
1777331410126,PUT,103,4,benchKey_12_40,bytes=30;client_id=12;clients=50
1777331410126,PUT,103,4,benchKey_29_40,bytes=30;client_id=29;clients=50
1777331410127,PUT,95,4,benchKey_39_40,bytes=30;client_id=39;clients=50
1777331410127,PUT,94,4,benchKey_31_41,bytes=30;client_id=31;clients=50
1777331410129,PUT,91,4,benchKey_19_40,bytes=30;client_id=19;clients=50
1777331410129,PUT,95,4,benchKey_44_40,bytes=30;client_id=44;clients=50
1777331410129,PUT,95,4,benchKey_48_40,bytes=30;client_id=48;clients=50
1777331410134,PUT,96,4,benchKey_36_41,bytes=30;client_id=36;clients=50
1777331410136,PUT,93,4,benchKey_11_41,bytes=30;client_id=11;clients=50
1777331410149,PUT,106,4,benchKey_4_41,bytes=29;client_id=4;clients=50
1777331410151,PUT,107,4,benchKey_25_41,bytes=30;client_id=25;clients=50
1777331410157,PUT,113,4,benchKey_37_41,bytes=30;client_id=37;clients=50
1777331410157,PUT,112,4,benchKey_23_41,bytes=30;client_id=23;clients=50
1777331410157,PUT,114,4,benchKey_41_41,bytes=30;client_id=41;clients=50
1777331410158,PUT,113,4,benchKey_1_40,bytes=29;client_id=1;clients=50
1777331410160,PUT,115,4,benchKey_30_41,bytes=30;client_id=30;clients=50
1777331410163,PUT,112,4,benchKey_40_41,bytes=30;client_id=40;clients=50
1777331410163,PUT,117,4,benchKey_10_41,bytes=30;client_id=10;clients=50
1777331410168,PUT,115,4,benchKey_15_41,bytes=30;client_id=15;clients=50
1777331410168,PUT,102,4,benchKey_5_41,bytes=29;client_id=5;clients=50
1777331410168,PUT,101,4,benchKey_38_41,bytes=30;client_id=38;clients=50
1777331410168,PUT,94,4,benchKey_35_41,bytes=30;client_id=35;clients=50
1777331410169,PUT,95,4,benchKey_45_41,bytes=30;client_id=45;clients=50
1777331410170,PUT,95,4,benchKey_32_41,bytes=30;client_id=32;clients=50
1777331410170,PUT,96,4,benchKey_20_41,bytes=30;client_id=20;clients=50
1777331410171,PUT,91,4,benchKey_14_41,bytes=30;client_id=14;clients=50
1777331410171,PUT,94,4,benchKey_2_41,bytes=29;client_id=2;clients=50
1777331410176,PUT,96,4,benchKey_18_41,bytes=30;client_id=18;clients=50
1777331410177,PUT,92,4,benchKey_6_41,bytes=29;client_id=6;clients=50
1777331410191,PUT,106,4,benchKey_34_41,bytes=30;client_id=34;clients=50
1777331410192,PUT,107,4,benchKey_9_41,bytes=29;client_id=9;clients=50
1777331410200,PUT,114,4,benchKey_26_41,bytes=30;client_id=26;clients=50
1777331410200,PUT,114,4,benchKey_47_41,bytes=30;client_id=47;clients=50
1777331410200,PUT,115,4,benchKey_17_41,bytes=30;client_id=17;clients=50
1777331410200,PUT,114,4,benchKey_24_41,bytes=30;client_id=24;clients=50
1777331410202,PUT,115,4,benchKey_46_41,bytes=30;client_id=46;clients=50
1777331410205,PUT,112,4,benchKey_3_41,bytes=29;client_id=3;clients=50
1777331410205,PUT,117,4,benchKey_22_41,bytes=30;client_id=22;clients=50
1777331410210,PUT,94,4,benchKey_27_41,bytes=30;client_id=27;clients=50
1777331410210,PUT,116,4,benchKey_16_41,bytes=30;client_id=16;clients=50
1777331410210,PUT,101,4,benchKey_13_41,bytes=30;client_id=13;clients=50
1777331410210,PUT,103,4,benchKey_0_41,bytes=29;client_id=0;clients=50
1777331410211,PUT,96,4,benchKey_8_41,bytes=29;client_id=8;clients=50
1777331410211,PUT,95,4,benchKey_28_41,bytes=30;client_id=28;clients=50
1777331410212,PUT,94,4,benchKey_21_41,bytes=30;client_id=21;clients=50
1777331410212,PUT,90,4,benchKey_33_41,bytes=30;client_id=33;clients=50
1777331410212,PUT,96,4,benchKey_42_42,bytes=30;client_id=42;clients=50
1777331410218,PUT,91,4,benchKey_43_41,bytes=30;client_id=43;clients=50
1777331410218,PUT,96,4,benchKey_49_41,bytes=30;client_id=49;clients=50
1777331410233,PUT,106,4,benchKey_7_41,bytes=29;client_id=7;clients=50
1777331410233,PUT,106,4,benchKey_12_41,bytes=30;client_id=12;clients=50
1777331410242,PUT,115,4,benchKey_29_41,bytes=30;client_id=29;clients=50
1777331410242,PUT,113,4,benchKey_44_41,bytes=30;client_id=44;clients=50
1777331410242,PUT,115,4,benchKey_39_41,bytes=30;client_id=39;clients=50
1777331410242,PUT,114,4,benchKey_31_42,bytes=30;client_id=31;clients=50
1777331410243,PUT,114,4,benchKey_19_41,bytes=30;client_id=19;clients=50
1777331410246,PUT,111,4,benchKey_36_42,bytes=30;client_id=36;clients=50
1777331410246,PUT,117,4,benchKey_48_41,bytes=30;client_id=48;clients=50
1777331410252,PUT,102,4,benchKey_4_42,bytes=29;client_id=4;clients=50
1777331410252,PUT,94,4,benchKey_37_42,bytes=30;client_id=37;clients=50
1777331410253,PUT,95,4,benchKey_23_42,bytes=30;client_id=23;clients=50
1777331410253,PUT,116,4,benchKey_11_42,bytes=30;client_id=11;clients=50
1777331410253,PUT,102,4,benchKey_25_42,bytes=30;client_id=25;clients=50
1777331410254,PUT,96,4,benchKey_41_42,bytes=30;client_id=41;clients=50
1777331410254,PUT,93,4,benchKey_30_42,bytes=30;client_id=30;clients=50
1777331410254,PUT,96,4,benchKey_1_41,bytes=29;client_id=1;clients=50
1777331410254,PUT,91,4,benchKey_40_42,bytes=30;client_id=40;clients=50
1777331410260,PUT,91,4,benchKey_15_42,bytes=30;client_id=15;clients=50
1777331410260,PUT,96,4,benchKey_10_42,bytes=30;client_id=10;clients=50
1777331410275,PUT,106,4,benchKey_38_42,bytes=30;client_id=38;clients=50
1777331410275,PUT,106,4,benchKey_5_42,bytes=29;client_id=5;clients=50
1777331410284,PUT,114,4,benchKey_32_42,bytes=30;client_id=32;clients=50
1777331410284,PUT,115,4,benchKey_35_42,bytes=30;client_id=35;clients=50
1777331410284,PUT,114,4,benchKey_20_42,bytes=30;client_id=20;clients=50
1777331410284,PUT,115,4,benchKey_45_42,bytes=30;client_id=45;clients=50
1777331410285,PUT,113,4,benchKey_14_42,bytes=30;client_id=14;clients=50
1777331410287,PUT,110,4,benchKey_18_42,bytes=30;client_id=18;clients=50
1777331410287,PUT,115,4,benchKey_2_42,bytes=29;client_id=2;clients=50
1777331410294,PUT,116,4,benchKey_6_42,bytes=29;client_id=6;clients=50
1777331410294,PUT,102,4,benchKey_34_42,bytes=30;client_id=34;clients=50
1777331410295,PUT,94,4,benchKey_26_42,bytes=30;client_id=26;clients=50
1777331410295,PUT,94,4,benchKey_17_42,bytes=30;client_id=17;clients=50
1777331410295,PUT,94,4,benchKey_47_42,bytes=30;client_id=47;clients=50
1777331410296,PUT,103,4,benchKey_9_42,bytes=29;client_id=9;clients=50
1777331410297,PUT,95,4,benchKey_46_42,bytes=30;client_id=46;clients=50
1777331410297,PUT,92,4,benchKey_3_42,bytes=29;client_id=3;clients=50
1777331410297,PUT,96,4,benchKey_24_42,bytes=30;client_id=24;clients=50
1777331410302,PUT,91,4,benchKey_27_42,bytes=30;client_id=27;clients=50
1777331410302,PUT,96,4,benchKey_22_42,bytes=30;client_id=22;clients=50
1777331410317,PUT,106,4,benchKey_13_42,bytes=30;client_id=13;clients=50
1777331410317,PUT,107,4,benchKey_16_42,bytes=30;client_id=16;clients=50
1777331410326,PUT,115,4,benchKey_0_42,bytes=29;client_id=0;clients=50
1777331410327,PUT,115,4,benchKey_28_42,bytes=30;client_id=28;clients=50
1777331410327,PUT,114,4,benchKey_33_42,bytes=30;client_id=33;clients=50
1777331410327,PUT,115,4,benchKey_8_42,bytes=29;client_id=8;clients=50
1777331410328,PUT,115,4,benchKey_42_43,bytes=30;client_id=42;clients=50
1777331410328,PUT,110,4,benchKey_43_42,bytes=30;client_id=43;clients=50
1777331410328,PUT,116,4,benchKey_21_42,bytes=30;client_id=21;clients=50
1777331410335,PUT,101,4,benchKey_7_42,bytes=29;client_id=7;clients=50
1777331410336,PUT,118,4,benchKey_49_42,bytes=30;client_id=49;clients=50
1777331410337,PUT,94,4,benchKey_44_42,bytes=30;client_id=44;clients=50
1777331410337,PUT,95,4,benchKey_29_42,bytes=30;client_id=29;clients=50
1777331410338,PUT,95,4,benchKey_39_42,bytes=30;client_id=39;clients=50
1777331410339,PUT,106,4,benchKey_12_42,bytes=30;client_id=12;clients=50
1777331410339,PUT,96,4,benchKey_31_43,bytes=30;client_id=31;clients=50
1777331410339,PUT,93,4,benchKey_36_43,bytes=30;client_id=36;clients=50
1777331410340,PUT,96,4,benchKey_19_42,bytes=30;client_id=19;clients=50
1777331410344,PUT,97,4,benchKey_48_42,bytes=30;client_id=48;clients=50
1777331410344,PUT,91,4,benchKey_4_43,bytes=29;client_id=4;clients=50
1777331410359,PUT,106,4,benchKey_37_43,bytes=30;client_id=37;clients=50
1777331410359,PUT,106,4,benchKey_23_43,bytes=30;client_id=23;clients=50
1777331410368,PUT,115,4,benchKey_11_43,bytes=30;client_id=11;clients=50
1777331410369,PUT,114,4,benchKey_30_43,bytes=30;client_id=30;clients=50
1777331410369,PUT,115,4,benchKey_25_43,bytes=30;client_id=25;clients=50
1777331410370,PUT,115,4,benchKey_40_43,bytes=30;client_id=40;clients=50
1777331410370,PUT,116,4,benchKey_41_43,bytes=30;client_id=41;clients=50
1777331410370,PUT,116,4,benchKey_1_42,bytes=29;client_id=1;clients=50
1777331410370,PUT,110,4,benchKey_10_43,bytes=30;client_id=10;clients=50
1777331410377,PUT,116,4,benchKey_15_43,bytes=30;client_id=15;clients=50
1777331410379,PUT,103,4,benchKey_38_43,bytes=30;client_id=38;clients=50
1777331410379,PUT,94,4,benchKey_32_43,bytes=30;client_id=32;clients=50
1777331410379,PUT,103,4,benchKey_5_43,bytes=29;client_id=5;clients=50
1777331410381,PUT,96,4,benchKey_14_43,bytes=30;client_id=14;clients=50
1777331410381,PUT,96,4,benchKey_45_43,bytes=30;client_id=45;clients=50
1777331410381,PUT,96,4,benchKey_20_43,bytes=30;client_id=20;clients=50
1777331410381,PUT,96,4,benchKey_35_43,bytes=30;client_id=35;clients=50
1777331410382,PUT,95,4,benchKey_18_43,bytes=30;client_id=18;clients=50
1777331410385,PUT,90,4,benchKey_6_43,bytes=29;client_id=6;clients=50
1777331410386,PUT,98,4,benchKey_2_43,bytes=29;client_id=2;clients=50
1777331410401,PUT,107,4,benchKey_34_43,bytes=30;client_id=34;clients=50
1777331410401,PUT,106,4,benchKey_26_43,bytes=30;client_id=26;clients=50
1777331410411,PUT,115,4,benchKey_9_43,bytes=29;client_id=9;clients=50
1777331410411,PUT,116,4,benchKey_17_43,bytes=30;client_id=17;clients=50
1777331410411,PUT,116,4,benchKey_47_43,bytes=30;client_id=47;clients=50
1777331410412,PUT,109,4,benchKey_27_43,bytes=30;client_id=27;clients=50
1777331410412,PUT,114,4,benchKey_46_43,bytes=30;client_id=46;clients=50
1777331410412,PUT,114,4,benchKey_3_43,bytes=29;client_id=3;clients=50
1777331410413,PUT,115,4,benchKey_24_43,bytes=30;client_id=24;clients=50
1777331410419,PUT,116,4,benchKey_22_43,bytes=30;client_id=22;clients=50
1777331410421,PUT,103,4,benchKey_13_43,bytes=30;client_id=13;clients=50
1777331410421,PUT,103,4,benchKey_16_43,bytes=30;client_id=16;clients=50
1777331410422,PUT,95,4,benchKey_0_43,bytes=29;client_id=0;clients=50
1777331410423,PUT,95,4,benchKey_28_43,bytes=30;client_id=28;clients=50
1777331410423,PUT,96,4,benchKey_8_43,bytes=29;client_id=8;clients=50
1777331410424,PUT,96,4,benchKey_42_44,bytes=30;client_id=42;clients=50
1777331410424,PUT,96,4,benchKey_43_43,bytes=30;client_id=43;clients=50
1777331410425,PUT,97,4,benchKey_33_43,bytes=30;client_id=33;clients=50
1777331410427,PUT,98,4,benchKey_21_43,bytes=30;client_id=21;clients=50
1777331410427,PUT,92,4,benchKey_7_43,bytes=29;client_id=7;clients=50
1777331410443,PUT,106,4,benchKey_44_43,bytes=30;client_id=44;clients=50
1777331410444,PUT,107,4,benchKey_49_43,bytes=30;client_id=49;clients=50
1777331410455,PUT,111,4,benchKey_48_43,bytes=30;client_id=48;clients=50
1777331410455,PUT,115,4,benchKey_12_43,bytes=30;client_id=12;clients=50
1777331410456,PUT,117,4,benchKey_39_43,bytes=30;client_id=39;clients=50
1777331410456,PUT,116,4,benchKey_36_44,bytes=30;client_id=36;clients=50
1777331410455,PUT,115,4,benchKey_31_44,bytes=30;client_id=31;clients=50
1777331410455,PUT,117,4,benchKey_29_43,bytes=30;client_id=29;clients=50
1777331410457,PUT,117,4,benchKey_19_43,bytes=30;client_id=19;clients=50
1777331410461,PUT,117,4,benchKey_4_44,bytes=29;client_id=4;clients=50
1777331410463,PUT,95,4,benchKey_11_44,bytes=30;client_id=11;clients=50
1777331410463,PUT,104,4,benchKey_37_44,bytes=30;client_id=37;clients=50
1777331410464,PUT,104,4,benchKey_23_44,bytes=30;client_id=23;clients=50
1777331410466,PUT,97,4,benchKey_30_44,bytes=30;client_id=30;clients=50
1777331410466,PUT,96,4,benchKey_41_44,bytes=30;client_id=41;clients=50
1777331410466,PUT,97,4,benchKey_25_44,bytes=30;client_id=25;clients=50
1777331410467,PUT,96,4,benchKey_1_43,bytes=29;client_id=1;clients=50
1777331410467,PUT,97,4,benchKey_40_44,bytes=30;client_id=40;clients=50
1777331410468,PUT,97,4,benchKey_10_44,bytes=30;client_id=10;clients=50
1777331410469,PUT,91,4,benchKey_15_44,bytes=30;client_id=15;clients=50
1777331410486,PUT,106,4,benchKey_32_44,bytes=30;client_id=32;clients=50
1777331410486,PUT,106,4,benchKey_38_44,bytes=30;client_id=38;clients=50
1777331410498,PUT,116,4,benchKey_35_44,bytes=30;client_id=35;clients=50
1777331410498,PUT,116,4,benchKey_45_44,bytes=30;client_id=45;clients=50
1777331410499,PUT,116,4,benchKey_18_44,bytes=30;client_id=18;clients=50
1777331410499,PUT,117,4,benchKey_20_44,bytes=30;client_id=20;clients=50
1777331410499,PUT,119,4,benchKey_5_44,bytes=29;client_id=5;clients=50
1777331410499,PUT,114,4,benchKey_6_44,bytes=29;client_id=6;clients=50
1777331410500,PUT,118,4,benchKey_14_44,bytes=30;client_id=14;clients=50
1777331410503,PUT,116,4,benchKey_2_44,bytes=29;client_id=2;clients=50
1777331410505,PUT,93,4,benchKey_9_44,bytes=29;client_id=9;clients=50
1777331410506,PUT,104,4,benchKey_34_44,bytes=30;client_id=34;clients=50
1777331410506,PUT,104,4,benchKey_26_44,bytes=30;client_id=26;clients=50
1777331410508,PUT,96,4,benchKey_17_44,bytes=30;client_id=17;clients=50
1777331410508,PUT,96,4,benchKey_47_44,bytes=30;client_id=47;clients=50
1777331410508,PUT,96,4,benchKey_27_44,bytes=30;client_id=27;clients=50
1777331410509,PUT,96,4,benchKey_46_44,bytes=30;client_id=46;clients=50
1777331410510,PUT,97,4,benchKey_3_44,bytes=29;client_id=3;clients=50
1777331410511,PUT,97,4,benchKey_24_44,bytes=30;client_id=24;clients=50
1777331410511,PUT,91,4,benchKey_22_44,bytes=30;client_id=22;clients=50
1777331410528,PUT,107,4,benchKey_13_44,bytes=30;client_id=13;clients=50
1777331410528,PUT,107,4,benchKey_16_44,bytes=30;client_id=16;clients=50
1777331410541,PUT,117,4,benchKey_8_44,bytes=29;client_id=8;clients=50
1777331410541,PUT,116,4,benchKey_43_44,bytes=30;client_id=43;clients=50
1777331410541,PUT,116,4,benchKey_42_45,bytes=30;client_id=42;clients=50
1777331410541,PUT,118,4,benchKey_28_44,bytes=30;client_id=28;clients=50
1777331410542,PUT,119,4,benchKey_0_44,bytes=29;client_id=0;clients=50
1777331410541,PUT,116,4,benchKey_33_44,bytes=30;client_id=33;clients=50
1777331410542,PUT,114,4,benchKey_21_44,bytes=30;client_id=21;clients=50
1777331410544,PUT,117,4,benchKey_7_44,bytes=29;client_id=7;clients=50
1777331410546,PUT,102,4,benchKey_44_44,bytes=30;client_id=44;clients=50
1777331410547,PUT,92,4,benchKey_48_44,bytes=30;client_id=48;clients=50
1777331410548,PUT,104,4,benchKey_49_44,bytes=30;client_id=49;clients=50
1777331410550,PUT,93,4,benchKey_12_44,bytes=30;client_id=12;clients=50
1777331410551,PUT,94,4,benchKey_36_45,bytes=30;client_id=36;clients=50
1777331410552,PUT,94,4,benchKey_29_44,bytes=30;client_id=29;clients=50
1777331410552,PUT,95,4,benchKey_31_45,bytes=30;client_id=31;clients=50
1777331410552,PUT,95,4,benchKey_39_44,bytes=30;client_id=39;clients=50
1777331410552,PUT,95,4,benchKey_19_44,bytes=30;client_id=19;clients=50
1777331410553,PUT,91,4,benchKey_4_45,bytes=29;client_id=4;clients=50
1777331410571,PUT,107,4,benchKey_11_45,bytes=30;client_id=11;clients=50
1777331410571,PUT,107,4,benchKey_37_45,bytes=30;client_id=37;clients=50
1777331410584,PUT,115,4,benchKey_10_45,bytes=30;client_id=10;clients=50
1777331410586,PUT,119,4,benchKey_41_45,bytes=30;client_id=41;clients=50
1777331410586,PUT,119,4,benchKey_25_45,bytes=30;client_id=25;clients=50
1777331410585,PUT,117,4,benchKey_40_45,bytes=30;client_id=40;clients=50
1777331410586,PUT,120,4,benchKey_30_45,bytes=30;client_id=30;clients=50
1777331410584,PUT,120,4,benchKey_23_45,bytes=30;client_id=23;clients=50
1777331410587,PUT,119,4,benchKey_1_44,bytes=29;client_id=1;clients=50
1777331410588,PUT,119,4,benchKey_15_45,bytes=30;client_id=15;clients=50
1777331410589,PUT,103,4,benchKey_32_45,bytes=30;client_id=32;clients=50
1777331410590,PUT,104,4,benchKey_38_45,bytes=30;client_id=38;clients=50
1777331410591,PUT,93,4,benchKey_35_45,bytes=30;client_id=35;clients=50
1777331410592,PUT,94,4,benchKey_45_45,bytes=30;client_id=45;clients=50
1777331410594,PUT,94,4,benchKey_14_45,bytes=30;client_id=14;clients=50
1777331410594,PUT,95,4,benchKey_20_45,bytes=30;client_id=20;clients=50
1777331410594,PUT,95,4,benchKey_18_45,bytes=30;client_id=18;clients=50
1777331410594,PUT,95,4,benchKey_5_45,bytes=29;client_id=5;clients=50
1777331410595,PUT,92,4,benchKey_2_45,bytes=29;client_id=2;clients=50
1777331410595,PUT,96,4,benchKey_6_45,bytes=29;client_id=6;clients=50
1777331410614,PUT,108,4,benchKey_9_45,bytes=29;client_id=9;clients=50
1777331410614,PUT,108,4,benchKey_34_45,bytes=30;client_id=34;clients=50
1777331410627,PUT,121,4,benchKey_26_45,bytes=30;client_id=26;clients=50
1777331410628,PUT,119,4,benchKey_17_45,bytes=30;client_id=17;clients=50
1777331410628,PUT,119,4,benchKey_47_45,bytes=30;client_id=47;clients=50
1777331410628,PUT,119,4,benchKey_27_45,bytes=30;client_id=27;clients=50
1777331410629,PUT,117,4,benchKey_22_45,bytes=30;client_id=22;clients=50
1777331410630,PUT,120,4,benchKey_46_45,bytes=30;client_id=46;clients=50
1777331410630,PUT,118,4,benchKey_24_45,bytes=30;client_id=24;clients=50
1777331410630,PUT,120,4,benchKey_3_45,bytes=29;client_id=3;clients=50
1777331410631,PUT,102,4,benchKey_13_45,bytes=30;client_id=13;clients=50
1777331410632,PUT,103,4,benchKey_16_45,bytes=30;client_id=16;clients=50
1777331410634,PUT,92,4,benchKey_43_45,bytes=30;client_id=43;clients=50
1777331410634,PUT,92,4,benchKey_8_45,bytes=29;client_id=8;clients=50
1777331410637,PUT,95,4,benchKey_33_45,bytes=30;client_id=33;clients=50
1777331410637,PUT,95,4,benchKey_21_45,bytes=30;client_id=21;clients=50
1777331410637,PUT,95,4,benchKey_0_45,bytes=29;client_id=0;clients=50
1777331410637,PUT,92,4,benchKey_7_45,bytes=29;client_id=7;clients=50
1777331410637,PUT,95,4,benchKey_42_46,bytes=30;client_id=42;clients=50
1777331410638,PUT,96,4,benchKey_28_45,bytes=30;client_id=28;clients=50
1777331410656,PUT,108,4,benchKey_48_45,bytes=30;client_id=48;clients=50
1777331410656,PUT,109,4,benchKey_44_45,bytes=30;client_id=44;clients=50
1777331410669,PUT,120,4,benchKey_49_45,bytes=30;client_id=49;clients=50
1777331410670,PUT,119,4,benchKey_12_45,bytes=30;client_id=12;clients=50
1777331410670,PUT,118,4,benchKey_36_46,bytes=30;client_id=36;clients=50
1777331410671,PUT,119,4,benchKey_31_46,bytes=30;client_id=31;clients=50
1777331410671,PUT,119,4,benchKey_29_45,bytes=30;client_id=29;clients=50
1777331410672,PUT,101,4,benchKey_11_46,bytes=30;client_id=11;clients=50
1777331410672,PUT,119,4,benchKey_19_45,bytes=30;client_id=19;clients=50
1777331410672,PUT,119,4,benchKey_4_46,bytes=29;client_id=4;clients=50
1777331410672,PUT,120,4,benchKey_39_45,bytes=30;client_id=39;clients=50
1777331410674,PUT,102,4,benchKey_37_46,bytes=30;client_id=37;clients=50
1777331410675,PUT,89,4,benchKey_41_46,bytes=30;client_id=41;clients=50
1777331410677,PUT,91,4,benchKey_10_46,bytes=30;client_id=10;clients=50
1777331410679,PUT,92,4,benchKey_23_46,bytes=30;client_id=23;clients=50
1777331410679,PUT,93,4,benchKey_25_46,bytes=30;client_id=25;clients=50
1777331410679,PUT,91,4,benchKey_1_45,bytes=29;client_id=1;clients=50
1777331410679,PUT,92,4,benchKey_30_46,bytes=30;client_id=30;clients=50
1777331410679,PUT,93,4,benchKey_40_46,bytes=30;client_id=40;clients=50
1777331410681,PUT,92,4,benchKey_15_46,bytes=30;client_id=15;clients=50
1777331410697,PUT,106,4,benchKey_38_46,bytes=30;client_id=38;clients=50
1777331410698,PUT,108,4,benchKey_32_46,bytes=30;client_id=32;clients=50
1777331410712,PUT,120,4,benchKey_35_46,bytes=30;client_id=35;clients=50
1777331410712,PUT,119,4,benchKey_45_46,bytes=30;client_id=45;clients=50
1777331410712,PUT,117,4,benchKey_20_46,bytes=30;client_id=20;clients=50
1777331410712,PUT,118,4,benchKey_14_46,bytes=30;client_id=14;clients=50
1777331410714,PUT,118,4,benchKey_2_46,bytes=29;client_id=2;clients=50
1777331410714,PUT,118,4,benchKey_6_46,bytes=29;client_id=6;clients=50
1777331410714,PUT,119,4,benchKey_18_46,bytes=30;client_id=18;clients=50
1777331410715,PUT,119,4,benchKey_5_46,bytes=29;client_id=5;clients=50
1777331410715,PUT,100,4,benchKey_34_46,bytes=30;client_id=34;clients=50
1777331410715,PUT,101,4,benchKey_9_46,bytes=29;client_id=9;clients=50
1777331410716,PUT,88,4,benchKey_26_46,bytes=30;client_id=26;clients=50
1777331410719,PUT,91,4,benchKey_17_46,bytes=30;client_id=17;clients=50
1777331410721,PUT,93,4,benchKey_47_46,bytes=30;client_id=47;clients=50
1777331410721,PUT,91,4,benchKey_24_46,bytes=30;client_id=24;clients=50
1777331410722,PUT,91,4,benchKey_46_46,bytes=30;client_id=46;clients=50
1777331410722,PUT,92,4,benchKey_3_46,bytes=29;client_id=3;clients=50
1777331410722,PUT,93,4,benchKey_22_46,bytes=30;client_id=22;clients=50
1777331410723,PUT,95,4,benchKey_27_46,bytes=30;client_id=27;clients=50
1777331410739,PUT,107,4,benchKey_16_46,bytes=30;client_id=16;clients=50
1777331410739,PUT,108,4,benchKey_13_46,bytes=30;client_id=13;clients=50
1777331410755,PUT,121,4,benchKey_8_46,bytes=29;client_id=8;clients=50
1777331410755,PUT,117,4,benchKey_21_46,bytes=30;client_id=21;clients=50
1777331410755,PUT,121,4,benchKey_43_46,bytes=30;client_id=43;clients=50
1777331410755,PUT,118,4,benchKey_33_46,bytes=30;client_id=33;clients=50
1777331410756,PUT,99,4,benchKey_44_46,bytes=30;client_id=44;clients=50
1777331410757,PUT,119,4,benchKey_0_46,bytes=29;client_id=0;clients=50
1777331410757,PUT,119,4,benchKey_28_46,bytes=30;client_id=28;clients=50
1777331410757,PUT,101,4,benchKey_48_46,bytes=30;client_id=48;clients=50
1777331410757,PUT,88,4,benchKey_49_46,bytes=30;client_id=49;clients=50
1777331410757,PUT,119,4,benchKey_7_46,bytes=29;client_id=7;clients=50
1777331410757,PUT,119,4,benchKey_42_47,bytes=30;client_id=42;clients=50
1777331410761,PUT,91,4,benchKey_12_46,bytes=30;client_id=12;clients=50
1777331410764,PUT,92,4,benchKey_11_47,bytes=30;client_id=11;clients=50
1777331410764,PUT,92,4,benchKey_4_47,bytes=29;client_id=4;clients=50
1777331410764,PUT,93,4,benchKey_31_47,bytes=30;client_id=31;clients=50
1777331410764,PUT,92,4,benchKey_19_46,bytes=30;client_id=19;clients=50
1777331410765,PUT,93,4,benchKey_29_46,bytes=30;client_id=29;clients=50
1777331410765,PUT,95,4,benchKey_36_47,bytes=30;client_id=36;clients=50
1777331410781,PUT,107,4,benchKey_37_47,bytes=30;client_id=37;clients=50
1777331410781,PUT,108,4,benchKey_39_46,bytes=30;client_id=39;clients=50
1777331410798,PUT,122,4,benchKey_41_47,bytes=30;client_id=41;clients=50
1777331410798,PUT,118,4,benchKey_1_46,bytes=29;client_id=1;clients=50
1777331410798,PUT,118,4,benchKey_25_47,bytes=30;client_id=25;clients=50
1777331410799,PUT,119,4,benchKey_23_47,bytes=30;client_id=23;clients=50
1777331410800,PUT,102,4,benchKey_38_47,bytes=30;client_id=38;clients=50
1777331410800,PUT,102,4,benchKey_32_47,bytes=30;client_id=32;clients=50
1777331410801,PUT,121,4,benchKey_40_47,bytes=30;client_id=40;clients=50
1777331410801,PUT,88,4,benchKey_35_47,bytes=30;client_id=35;clients=50
1777331410802,PUT,124,4,benchKey_10_47,bytes=30;client_id=10;clients=50
1777331410803,PUT,122,4,benchKey_15_47,bytes=30;client_id=15;clients=50
1777331410803,PUT,91,4,benchKey_45_47,bytes=30;client_id=45;clients=50
1777331410804,PUT,124,4,benchKey_30_47,bytes=30;client_id=30;clients=50
1777331410807,PUT,94,4,benchKey_14_47,bytes=30;client_id=14;clients=50
1777331410807,PUT,93,4,benchKey_6_47,bytes=29;client_id=6;clients=50
1777331410807,PUT,95,4,benchKey_20_47,bytes=30;client_id=20;clients=50
1777331410808,PUT,94,4,benchKey_2_47,bytes=29;client_id=2;clients=50
1777331410808,PUT,93,4,benchKey_5_47,bytes=29;client_id=5;clients=50
1777331410808,PUT,94,4,benchKey_18_47,bytes=30;client_id=18;clients=50
1777331410823,PUT,108,4,benchKey_34_47,bytes=30;client_id=34;clients=50
1777331410823,PUT,107,4,benchKey_9_47,bytes=29;client_id=9;clients=50
1777331410841,PUT,121,4,benchKey_17_47,bytes=30;client_id=17;clients=50
1777331410841,PUT,124,4,benchKey_26_47,bytes=30;client_id=26;clients=50
1777331410841,PUT,119,4,benchKey_47_47,bytes=30;client_id=47;clients=50
1777331410842,PUT,120,4,benchKey_24_47,bytes=30;client_id=24;clients=50
1777331410843,PUT,120,4,benchKey_22_47,bytes=30;client_id=22;clients=50
1777331410843,PUT,121,4,benchKey_46_47,bytes=30;client_id=46;clients=50
1777331410844,PUT,121,4,benchKey_3_47,bytes=29;client_id=3;clients=50
1777331410844,PUT,105,4,benchKey_16_47,bytes=30;client_id=16;clients=50
1777331410845,PUT,105,4,benchKey_13_47,bytes=30;client_id=13;clients=50
1777331410845,PUT,121,4,benchKey_27_47,bytes=30;client_id=27;clients=50
1777331410846,PUT,90,4,benchKey_8_47,bytes=29;client_id=8;clients=50
1777331410846,PUT,90,4,benchKey_21_47,bytes=30;client_id=21;clients=50
1777331410850,PUT,92,4,benchKey_0_47,bytes=29;client_id=0;clients=50
1777331410851,PUT,94,4,benchKey_28_47,bytes=30;client_id=28;clients=50
1777331410851,PUT,96,4,benchKey_43_47,bytes=30;client_id=43;clients=50
1777331410852,PUT,95,4,benchKey_44_47,bytes=30;client_id=44;clients=50
1777331410852,PUT,94,4,benchKey_48_47,bytes=30;client_id=48;clients=50
1777331410852,PUT,96,4,benchKey_33_47,bytes=30;client_id=33;clients=50
1777331410865,PUT,108,4,benchKey_49_47,bytes=30;client_id=49;clients=50
1777331410866,PUT,108,4,benchKey_7_47,bytes=29;client_id=7;clients=50
1777331410883,PUT,122,4,benchKey_12_47,bytes=30;client_id=12;clients=50
1777331410883,PUT,125,4,benchKey_42_48,bytes=30;client_id=42;clients=50
1777331410883,PUT,118,4,benchKey_11_48,bytes=30;client_id=11;clients=50
1777331410884,PUT,119,4,benchKey_19_47,bytes=30;client_id=19;clients=50
1777331410884,PUT,119,4,benchKey_4_48,bytes=29;client_id=4;clients=50
1777331410886,PUT,104,4,benchKey_37_48,bytes=30;client_id=37;clients=50
1777331410886,PUT,120,4,benchKey_36_48,bytes=30;client_id=36;clients=50
1777331410886,PUT,121,4,benchKey_31_48,bytes=30;client_id=31;clients=50
1777331410887,PUT,105,4,benchKey_39_47,bytes=30;client_id=39;clients=50
1777331410887,PUT,122,4,benchKey_29_47,bytes=30;client_id=29;clients=50
1777331410887,PUT,88,4,benchKey_41_48,bytes=30;client_id=41;clients=50
1777331410887,PUT,89,4,benchKey_1_47,bytes=29;client_id=1;clients=50
1777331410892,PUT,93,4,benchKey_25_48,bytes=30;client_id=25;clients=50
1777331410893,PUT,91,4,benchKey_40_48,bytes=30;client_id=40;clients=50
1777331410895,PUT,95,4,benchKey_38_48,bytes=30;client_id=38;clients=50
1777331410895,PUT,96,4,benchKey_23_48,bytes=30;client_id=23;clients=50
1777331410895,PUT,93,4,benchKey_35_48,bytes=30;client_id=35;clients=50
1777331410895,PUT,94,4,benchKey_32_48,bytes=30;client_id=32;clients=50
1777331410907,PUT,105,4,benchKey_10_48,bytes=30;client_id=10;clients=50
1777331410908,PUT,104,4,benchKey_15_48,bytes=30;client_id=15;clients=50
1777331410925,PUT,121,4,benchKey_30_48,bytes=30;client_id=30;clients=50
1777331410925,PUT,117,4,benchKey_14_48,bytes=30;client_id=14;clients=50
1777331410925,PUT,121,4,benchKey_45_48,bytes=30;client_id=45;clients=50
1777331410926,PUT,118,4,benchKey_20_48,bytes=30;client_id=20;clients=50
1777331410926,PUT,118,4,benchKey_6_48,bytes=29;client_id=6;clients=50
1777331410928,PUT,119,4,benchKey_18_48,bytes=30;client_id=18;clients=50
1777331410928,PUT,104,4,benchKey_34_48,bytes=30;client_id=34;clients=50
1777331410929,PUT,120,4,benchKey_2_48,bytes=29;client_id=2;clients=50
1777331410929,PUT,120,4,benchKey_5_48,bytes=29;client_id=5;clients=50
1777331410930,PUT,88,4,benchKey_17_48,bytes=30;client_id=17;clients=50
1777331410930,PUT,88,4,benchKey_26_48,bytes=30;client_id=26;clients=50
1777331410930,PUT,106,4,benchKey_9_48,bytes=29;client_id=9;clients=50
1777331410934,PUT,92,4,benchKey_24_48,bytes=30;client_id=24;clients=50
1777331410934,PUT,93,4,benchKey_47_48,bytes=30;client_id=47;clients=50
1777331410936,PUT,92,4,benchKey_46_48,bytes=30;client_id=46;clients=50
1777331410937,PUT,93,4,benchKey_22_48,bytes=30;client_id=22;clients=50
1777331410938,PUT,93,4,benchKey_3_48,bytes=29;client_id=3;clients=50
1777331410938,PUT,93,4,benchKey_16_48,bytes=30;client_id=16;clients=50
1777331410949,PUT,103,4,benchKey_27_48,bytes=30;client_id=27;clients=50
1777331410949,PUT,104,4,benchKey_13_48,bytes=30;client_id=13;clients=50
1777331410967,PUT,115,4,benchKey_44_48,bytes=30;client_id=44;clients=50
1777331410968,PUT,121,4,benchKey_21_48,bytes=30;client_id=21;clients=50
1777331410968,PUT,116,4,benchKey_43_48,bytes=30;client_id=43;clients=50
1777331410968,PUT,122,4,benchKey_8_48,bytes=29;client_id=8;clients=50
1777331410968,PUT,118,4,benchKey_0_48,bytes=29;client_id=0;clients=50
1777331410969,PUT,117,4,benchKey_28_48,bytes=30;client_id=28;clients=50
1777331410970,PUT,117,4,benchKey_48_48,bytes=30;client_id=48;clients=50
1777331410971,PUT,119,4,benchKey_33_48,bytes=30;client_id=33;clients=50
1777331410971,PUT,105,4,benchKey_49_48,bytes=30;client_id=49;clients=50
1777331410971,PUT,88,4,benchKey_12_48,bytes=30;client_id=12;clients=50
1777331410972,PUT,88,4,benchKey_42_49,bytes=30;client_id=42;clients=50
1777331410971,PUT,104,4,benchKey_7_48,bytes=29;client_id=7;clients=50
1777331410976,PUT,92,4,benchKey_11_49,bytes=30;client_id=11;clients=50
1777331410977,PUT,92,4,benchKey_19_48,bytes=30;client_id=19;clients=50
1777331410977,PUT,92,4,benchKey_4_49,bytes=29;client_id=4;clients=50
1777331410978,PUT,91,4,benchKey_36_49,bytes=30;client_id=36;clients=50
1777331410979,PUT,92,4,benchKey_31_49,bytes=30;client_id=31;clients=50
1777331410980,PUT,93,4,benchKey_37_49,bytes=30;client_id=37;clients=50
1777331410991,PUT,103,4,benchKey_39_48,bytes=30;client_id=39;clients=50
1777331410991,PUT,103,4,benchKey_29_48,bytes=30;client_id=29;clients=50
1777331411010,PUT,122,4,benchKey_1_48,bytes=29;client_id=1;clients=50
1777331411010,PUT,117,4,benchKey_40_49,bytes=30;client_id=40;clients=50
1777331411010,PUT,114,4,benchKey_23_49,bytes=30;client_id=23;clients=50
1777331411010,PUT,123,4,benchKey_41_49,bytes=30;client_id=41;clients=50
1777331411011,PUT,115,4,benchKey_35_49,bytes=30;client_id=35;clients=50
1777331411011,PUT,118,4,benchKey_25_49,bytes=30;client_id=25;clients=50
1777331411011,PUT,116,4,benchKey_38_49,bytes=30;client_id=38;clients=50
1777331411013,PUT,117,4,benchKey_32_49,bytes=30;client_id=32;clients=50
1777331411014,PUT,106,4,benchKey_10_49,bytes=30;client_id=10;clients=50
1777331411014,PUT,88,4,benchKey_30_49,bytes=30;client_id=30;clients=50
1777331411014,PUT,106,4,benchKey_15_49,bytes=30;client_id=15;clients=50
1777331411014,PUT,89,4,benchKey_14_49,bytes=30;client_id=14;clients=50
1777331411017,PUT,92,4,benchKey_45_49,bytes=30;client_id=45;clients=50
1777331411018,PUT,92,4,benchKey_20_49,bytes=30;client_id=20;clients=50
1777331411019,PUT,91,4,benchKey_18_49,bytes=30;client_id=18;clients=50
1777331411019,PUT,93,4,benchKey_6_49,bytes=29;client_id=6;clients=50
1777331411020,PUT,92,4,benchKey_34_49,bytes=30;client_id=34;clients=50
1777331411021,PUT,92,4,benchKey_2_49,bytes=29;client_id=2;clients=50
1777331411033,PUT,103,4,benchKey_17_49,bytes=30;client_id=17;clients=50
1777331411033,PUT,103,4,benchKey_5_49,bytes=29;client_id=5;clients=50
1777331411052,PUT,122,4,benchKey_26_49,bytes=30;client_id=26;clients=50
1777331411052,PUT,117,4,benchKey_47_49,bytes=30;client_id=47;clients=50
1777331411052,PUT,122,4,benchKey_9_49,bytes=29;client_id=9;clients=50
1777331411052,PUT,118,4,benchKey_24_49,bytes=30;client_id=24;clients=50
1777331411053,PUT,115,4,benchKey_3_49,bytes=29;client_id=3;clients=50
1777331411053,PUT,117,4,benchKey_46_49,bytes=30;client_id=46;clients=50
1777331411053,PUT,116,4,benchKey_22_49,bytes=30;client_id=22;clients=50
1777331411055,PUT,117,4,benchKey_16_49,bytes=30;client_id=16;clients=50
1777331411056,PUT,106,4,benchKey_13_49,bytes=30;client_id=13;clients=50
1777331411056,PUT,88,4,benchKey_21_49,bytes=30;client_id=21;clients=50
1777331411057,PUT,108,4,benchKey_27_49,bytes=30;client_id=27;clients=50
1777331411058,PUT,90,4,benchKey_44_49,bytes=30;client_id=44;clients=50
1777331411059,PUT,91,4,benchKey_43_49,bytes=30;client_id=43;clients=50
1777331411060,PUT,92,4,benchKey_8_49,bytes=29;client_id=8;clients=50
1777331411061,PUT,92,4,benchKey_28_49,bytes=30;client_id=28;clients=50
1777331411062,PUT,92,4,benchKey_48_49,bytes=30;client_id=48;clients=50
1777331411062,PUT,94,4,benchKey_0_49,bytes=29;client_id=0;clients=50
1777331411063,PUT,91,4,benchKey_33_49,bytes=30;client_id=33;clients=50
1777331411076,PUT,104,4,benchKey_12_49,bytes=30;client_id=12;clients=50
1777331411076,PUT,104,4,benchKey_49_49,bytes=30;client_id=49;clients=50
1777331411095,PUT,118,4,benchKey_11_50,bytes=30;client_id=11;clients=50
1777331411095,PUT,117,4,benchKey_19_49,bytes=30;client_id=19;clients=50
1777331411096,PUT,123,4,benchKey_7_49,bytes=29;client_id=7;clients=50
1777331411096,PUT,119,4,benchKey_4_50,bytes=29;client_id=4;clients=50
1777331411096,PUT,117,4,benchKey_31_50,bytes=30;client_id=31;clients=50
1777331411097,PUT,124,4,benchKey_42_50,bytes=30;client_id=42;clients=50
1777331411097,PUT,119,4,benchKey_36_50,bytes=30;client_id=36;clients=50
1777331411097,PUT,117,4,benchKey_37_50,bytes=30;client_id=37;clients=50
1777331411099,PUT,107,4,benchKey_29_49,bytes=30;client_id=29;clients=50
1777331411099,PUT,88,4,benchKey_1_49,bytes=29;client_id=1;clients=50
1777331411099,PUT,89,4,benchKey_40_50,bytes=30;client_id=40;clients=50
1777331411100,PUT,108,4,benchKey_39_49,bytes=30;client_id=39;clients=50
1777331411101,PUT,90,4,benchKey_23_50,bytes=30;client_id=23;clients=50
1777331411102,PUT,91,4,benchKey_41_50,bytes=30;client_id=41;clients=50
1777331411103,PUT,91,4,benchKey_35_50,bytes=30;client_id=35;clients=50
1777331411105,PUT,93,4,benchKey_25_50,bytes=30;client_id=25;clients=50
1777331411105,PUT,91,4,benchKey_32_50,bytes=30;client_id=32;clients=50
1777331411105,PUT,93,4,benchKey_38_50,bytes=30;client_id=38;clients=50
1777331411118,PUT,104,4,benchKey_30_50,bytes=30;client_id=30;clients=50
1777331411118,PUT,104,4,benchKey_10_50,bytes=30;client_id=10;clients=50
1777331411137,PUT,122,4,benchKey_15_50,bytes=30;client_id=15;clients=50
1777331411138,PUT,118,4,benchKey_18_50,bytes=30;client_id=18;clients=50
1777331411138,PUT,123,4,benchKey_14_50,bytes=30;client_id=14;clients=50
1777331411140,PUT,119,4,benchKey_34_50,bytes=30;client_id=34;clients=50
1777331411140,PUT,120,4,benchKey_6_50,bytes=29;client_id=6;clients=50
1777331411140,PUT,121,4,benchKey_20_50,bytes=30;client_id=20;clients=50
1777331411140,PUT,107,4,benchKey_5_50,bytes=29;client_id=5;clients=50
1777331411140,PUT,123,4,benchKey_45_50,bytes=30;client_id=45;clients=50
1777331411141,PUT,107,4,benchKey_17_50,bytes=30;client_id=17;clients=50
1777331411141,PUT,120,4,benchKey_2_50,bytes=29;client_id=2;clients=50
1777331411141,PUT,88,4,benchKey_26_50,bytes=30;client_id=26;clients=50
1777331411141,PUT,88,4,benchKey_47_50,bytes=30;client_id=47;clients=50
1777331411143,PUT,90,4,benchKey_9_50,bytes=29;client_id=9;clients=50
1777331411145,PUT,92,4,benchKey_24_50,bytes=30;client_id=24;clients=50
1777331411145,PUT,91,4,benchKey_3_50,bytes=29;client_id=3;clients=50
1777331411147,PUT,93,4,benchKey_22_50,bytes=30;client_id=22;clients=50
1777331411147,PUT,91,4,benchKey_16_50,bytes=30;client_id=16;clients=50
1777331411147,PUT,93,4,benchKey_46_50,bytes=30;client_id=46;clients=50
1777331411160,PUT,103,4,benchKey_13_50,bytes=30;client_id=13;clients=50
1777331411160,PUT,103,4,benchKey_21_50,bytes=30;client_id=21;clients=50
1777331411179,PUT,121,4,benchKey_27_50,bytes=30;client_id=27;clients=50
1777331411179,PUT,121,4,benchKey_44_50,bytes=30;client_id=44;clients=50
1777331411180,PUT,120,4,benchKey_43_50,bytes=30;client_id=43;clients=50
1777331411181,PUT,119,4,benchKey_28_50,bytes=30;client_id=28;clients=50
1777331411182,PUT,118,4,benchKey_33_50,bytes=30;client_id=33;clients=50
1777331411182,PUT,121,4,benchKey_8_50,bytes=29;client_id=8;clients=50
1777331411183,PUT,106,4,benchKey_12_50,bytes=30;client_id=12;clients=50
1777331411183,PUT,106,4,benchKey_49_50,bytes=30;client_id=49;clients=50
1777331411183,PUT,120,4,benchKey_0_50,bytes=29;client_id=0;clients=50
1777331411183,PUT,88,4,benchKey_19_50,bytes=30;client_id=19;clients=50
1777331411184,PUT,121,4,benchKey_48_50,bytes=30;client_id=48;clients=50
1777331411184,PUT,89,4,benchKey_11_51,bytes=30;client_id=11;clients=50
1777331411185,PUT,88,4,benchKey_7_50,bytes=29;client_id=7;clients=50
1777331411187,PUT,90,4,benchKey_4_51,bytes=29;client_id=4;clients=50
1777331411188,PUT,91,4,benchKey_31_51,bytes=30;client_id=31;clients=50
1777331411188,PUT,90,4,benchKey_36_51,bytes=30;client_id=36;clients=50
1777331411189,PUT,91,4,benchKey_37_51,bytes=30;client_id=37;clients=50
1777331411189,PUT,92,4,benchKey_42_51,bytes=30;client_id=42;clients=50
1777331411202,PUT,103,4,benchKey_29_50,bytes=30;client_id=29;clients=50
1777331411202,PUT,103,4,benchKey_1_50,bytes=29;client_id=1;clients=50
1777331411221,PUT,120,4,benchKey_23_51,bytes=30;client_id=23;clients=50
1777331411221,PUT,121,4,benchKey_39_50,bytes=30;client_id=39;clients=50
1777331411222,PUT,119,4,benchKey_41_51,bytes=30;client_id=41;clients=50
1777331411222,PUT,122,4,benchKey_40_51,bytes=30;client_id=40;clients=50
1777331411224,PUT,118,4,benchKey_32_51,bytes=30;client_id=32;clients=50
1777331411224,PUT,120,4,benchKey_35_51,bytes=30;client_id=35;clients=50
1777331411225,PUT,87,4,benchKey_15_51,bytes=30;client_id=15;clients=50
1777331411225,PUT,119,4,benchKey_38_51,bytes=30;client_id=38;clients=50
1777331411225,PUT,106,4,benchKey_30_51,bytes=30;client_id=30;clients=50
1777331411225,PUT,106,4,benchKey_10_51,bytes=30;client_id=10;clients=50
1777331411226,PUT,88,4,benchKey_14_51,bytes=30;client_id=14;clients=50
1777331411226,PUT,88,4,benchKey_18_51,bytes=30;client_id=18;clients=50
1777331411226,PUT,121,4,benchKey_25_51,bytes=30;client_id=25;clients=50
1777331411229,PUT,89,4,benchKey_34_51,bytes=30;client_id=34;clients=50
1777331411229,PUT,88,4,benchKey_20_51,bytes=30;client_id=20;clients=50
1777331411230,PUT,89,4,benchKey_6_51,bytes=29;client_id=6;clients=50
1777331411230,PUT,89,4,benchKey_5_51,bytes=29;client_id=5;clients=50
1777331411232,PUT,91,4,benchKey_45_51,bytes=30;client_id=45;clients=50
1777331411244,PUT,103,4,benchKey_17_51,bytes=30;client_id=17;clients=50
1777331411244,PUT,103,4,benchKey_2_51,bytes=29;client_id=2;clients=50
1777331411263,PUT,120,4,benchKey_9_51,bytes=29;client_id=9;clients=50
1777331411263,PUT,122,4,benchKey_26_51,bytes=30;client_id=26;clients=50
1777331411264,PUT,119,4,benchKey_24_51,bytes=30;client_id=24;clients=50
1777331411264,PUT,123,4,benchKey_47_51,bytes=30;client_id=47;clients=50
1777331411265,PUT,120,4,benchKey_3_51,bytes=29;client_id=3;clients=50
1777331411266,PUT,118,4,benchKey_22_51,bytes=30;client_id=22;clients=50
1777331411267,PUT,106,4,benchKey_21_51,bytes=30;client_id=21;clients=50
1777331411268,PUT,108,4,benchKey_13_51,bytes=30;client_id=13;clients=50
1777331411268,PUT,121,4,benchKey_16_51,bytes=30;client_id=16;clients=50
1777331411269,PUT,88,4,benchKey_43_51,bytes=30;client_id=43;clients=50
1777331411269,PUT,89,4,benchKey_44_51,bytes=30;client_id=44;clients=50
1777331411269,PUT,121,4,benchKey_46_51,bytes=30;client_id=46;clients=50
1777331411269,PUT,90,4,benchKey_27_51,bytes=30;client_id=27;clients=50
1777331411272,PUT,90,4,benchKey_8_51,bytes=29;client_id=8;clients=50
1777331411272,PUT,89,4,benchKey_12_51,bytes=30;client_id=12;clients=50
1777331411272,PUT,91,4,benchKey_28_51,bytes=30;client_id=28;clients=50
1777331411272,PUT,90,4,benchKey_33_51,bytes=30;client_id=33;clients=50
1777331411273,PUT,89,4,benchKey_49_51,bytes=30;client_id=49;clients=50
1777331411286,PUT,102,4,benchKey_19_51,bytes=30;client_id=19;clients=50
1777331411286,PUT,102,4,benchKey_0_51,bytes=29;client_id=0;clients=50
1777331411306,PUT,121,4,benchKey_11_52,bytes=30;client_id=11;clients=50
1777331411306,PUT,121,4,benchKey_48_51,bytes=30;client_id=48;clients=50
1777331411307,PUT,122,4,benchKey_7_51,bytes=29;client_id=7;clients=50
1777331411308,PUT,120,4,benchKey_4_52,bytes=29;client_id=4;clients=50
1777331411308,PUT,120,4,benchKey_36_52,bytes=30;client_id=36;clients=50
1777331411309,PUT,120,4,benchKey_31_52,bytes=30;client_id=31;clients=50
1777331411310,PUT,121,4,benchKey_37_52,bytes=30;client_id=37;clients=50
1777331411310,PUT,108,4,benchKey_29_51,bytes=30;client_id=29;clients=50
1777331411312,PUT,89,4,benchKey_41_52,bytes=30;client_id=41;clients=50
1777331411312,PUT,122,4,benchKey_42_52,bytes=30;client_id=42;clients=50
1777331411312,PUT,91,4,benchKey_23_52,bytes=30;client_id=23;clients=50
1777331411313,PUT,110,4,benchKey_1_51,bytes=29;client_id=1;clients=50
1777331411314,PUT,90,4,benchKey_32_52,bytes=30;client_id=32;clients=50
1777331411315,PUT,89,4,benchKey_15_52,bytes=30;client_id=15;clients=50
1777331411315,PUT,93,4,benchKey_39_51,bytes=30;client_id=39;clients=50
1777331411315,PUT,93,4,benchKey_40_52,bytes=30;client_id=40;clients=50
1777331411315,PUT,91,4,benchKey_35_52,bytes=30;client_id=35;clients=50
1777331411315,PUT,89,4,benchKey_38_52,bytes=30;client_id=38;clients=50
1777331411329,PUT,104,4,benchKey_30_52,bytes=30;client_id=30;clients=50
1777331411329,PUT,104,4,benchKey_10_52,bytes=30;client_id=10;clients=50
1777331411349,PUT,122,4,benchKey_14_52,bytes=30;client_id=14;clients=50
1777331411349,PUT,122,4,benchKey_18_52,bytes=30;client_id=18;clients=50
1777331411351,PUT,124,4,benchKey_25_52,bytes=30;client_id=25;clients=50
1777331411351,PUT,122,4,benchKey_20_52,bytes=30;client_id=20;clients=50
1777331411352,PUT,122,4,benchKey_34_52,bytes=30;client_id=34;clients=50
1777331411353,PUT,123,4,benchKey_6_52,bytes=29;client_id=6;clients=50
1777331411355,PUT,123,4,benchKey_45_52,bytes=30;client_id=45;clients=50
1777331411355,PUT,111,4,benchKey_17_52,bytes=30;client_id=17;clients=50
1777331411356,PUT,92,4,benchKey_9_52,bytes=29;client_id=9;clients=50
1777331411357,PUT,93,4,benchKey_26_52,bytes=30;client_id=26;clients=50
1777331411357,PUT,126,4,benchKey_5_52,bytes=29;client_id=5;clients=50
1777331411359,PUT,93,4,benchKey_22_52,bytes=30;client_id=22;clients=50
1777331411360,PUT,91,4,benchKey_13_52,bytes=30;client_id=13;clients=50
1777331411360,PUT,94,4,benchKey_3_52,bytes=29;client_id=3;clients=50
1777331411361,PUT,93,4,benchKey_21_52,bytes=30;client_id=21;clients=50
1777331411360,PUT,95,4,benchKey_24_52,bytes=30;client_id=24;clients=50
1777331411360,PUT,116,4,benchKey_2_52,bytes=29;client_id=2;clients=50
1777331411360,PUT,95,4,benchKey_47_52,bytes=30;client_id=47;clients=50
1777331411372,PUT,103,4,benchKey_16_52,bytes=30;client_id=16;clients=50
1777331411373,PUT,103,4,benchKey_43_52,bytes=30;client_id=43;clients=50
1777331411392,PUT,123,4,benchKey_44_52,bytes=30;client_id=44;clients=50
1777331411392,PUT,123,4,benchKey_46_52,bytes=30;client_id=46;clients=50
1777331411395,PUT,123,4,benchKey_8_52,bytes=29;client_id=8;clients=50
1777331411397,PUT,127,4,benchKey_27_52,bytes=30;client_id=27;clients=50
1777331411397,PUT,124,4,benchKey_28_52,bytes=30;client_id=28;clients=50
1777331411399,PUT,126,4,benchKey_12_52,bytes=30;client_id=12;clients=50
1777331411399,PUT,126,4,benchKey_49_52,bytes=30;client_id=49;clients=50
1777331411400,PUT,128,4,benchKey_33_52,bytes=30;client_id=33;clients=50
1777331411402,PUT,95,4,benchKey_11_53,bytes=30;client_id=11;clients=50
1777331411403,PUT,116,4,benchKey_19_52,bytes=30;client_id=19;clients=50
1777331411404,PUT,98,4,benchKey_48_52,bytes=30;client_id=48;clients=50
1777331411404,PUT,97,4,benchKey_7_52,bytes=29;client_id=7;clients=50
1777331411405,PUT,95,4,benchKey_37_53,bytes=30;client_id=37;clients=50
1777331411405,PUT,119,4,benchKey_0_52,bytes=29;client_id=0;clients=50
1777331411406,PUT,97,4,benchKey_36_53,bytes=30;client_id=36;clients=50
1777331411407,PUT,98,4,benchKey_31_53,bytes=30;client_id=31;clients=50
1777331411409,PUT,98,4,benchKey_29_52,bytes=30;client_id=29;clients=50
1777331411409,PUT,101,4,benchKey_4_53,bytes=29;client_id=4;clients=50
1777331411415,PUT,103,4,benchKey_41_53,bytes=30;client_id=41;clients=50
1777331411416,PUT,103,4,benchKey_42_53,bytes=30;client_id=42;clients=50
1777331411435,PUT,121,4,benchKey_1_52,bytes=29;client_id=1;clients=50
1777331411435,PUT,122,4,benchKey_23_53,bytes=30;client_id=23;clients=50
1777331411439,PUT,124,4,benchKey_32_53,bytes=30;client_id=32;clients=50
1777331411440,PUT,125,4,benchKey_39_52,bytes=30;client_id=39;clients=50
1777331411440,PUT,125,4,benchKey_15_53,bytes=30;client_id=15;clients=50
1777331411443,PUT,127,4,benchKey_35_53,bytes=30;client_id=35;clients=50
1777331411443,PUT,127,4,benchKey_40_53,bytes=30;client_id=40;clients=50
1777331411443,PUT,127,4,benchKey_38_53,bytes=30;client_id=38;clients=50
1777331411444,PUT,114,4,benchKey_30_53,bytes=30;client_id=30;clients=50
1777331411450,PUT,119,4,benchKey_10_53,bytes=30;client_id=10;clients=50
1777331411450,PUT,97,4,benchKey_20_53,bytes=30;client_id=20;clients=50
1777331411450,PUT,101,4,benchKey_18_53,bytes=30;client_id=18;clients=50
1777331411451,PUT,101,4,benchKey_14_53,bytes=30;client_id=14;clients=50
1777331411452,PUT,96,4,benchKey_17_53,bytes=30;client_id=17;clients=50
1777331411452,PUT,97,4,benchKey_6_53,bytes=29;client_id=6;clients=50
1777331411453,PUT,98,4,benchKey_45_53,bytes=30;client_id=45;clients=50
1777331411454,PUT,102,4,benchKey_25_53,bytes=30;client_id=25;clients=50
1777331411454,PUT,102,4,benchKey_34_53,bytes=30;client_id=34;clients=50
1777331411458,PUT,101,4,benchKey_9_53,bytes=29;client_id=9;clients=50
1777331411459,PUT,102,4,benchKey_26_53,bytes=30;client_id=26;clients=50
1777331411479,PUT,121,4,benchKey_5_53,bytes=29;client_id=5;clients=50
1777331411479,PUT,119,4,benchKey_22_53,bytes=30;client_id=22;clients=50
1777331411483,PUT,121,4,benchKey_21_53,bytes=30;client_id=21;clients=50
1777331411483,PUT,121,4,benchKey_3_53,bytes=29;client_id=3;clients=50
1777331411483,PUT,123,4,benchKey_13_53,bytes=30;client_id=13;clients=50
1777331411487,PUT,124,4,benchKey_2_53,bytes=29;client_id=2;clients=50
1777331411487,PUT,124,4,benchKey_47_53,bytes=30;client_id=47;clients=50
1777331411488,PUT,125,4,benchKey_24_53,bytes=30;client_id=24;clients=50
1777331411488,PUT,116,4,benchKey_16_53,bytes=30;client_id=16;clients=50
1777331411493,PUT,100,4,benchKey_46_53,bytes=30;client_id=46;clients=50
1777331411493,PUT,120,4,benchKey_43_53,bytes=30;client_id=43;clients=50
1777331411499,PUT,99,4,benchKey_49_53,bytes=30;client_id=49;clients=50
1777331411500,PUT,103,4,benchKey_27_53,bytes=30;client_id=27;clients=50
1777331411500,PUT,104,4,benchKey_8_53,bytes=29;client_id=8;clients=50
1777331411502,PUT,100,4,benchKey_11_54,bytes=30;client_id=11;clients=50
1777331411502,PUT,98,4,benchKey_19_53,bytes=30;client_id=19;clients=50
1777331411502,PUT,110,4,benchKey_44_53,bytes=30;client_id=44;clients=50
1777331411502,PUT,103,4,benchKey_12_53,bytes=30;client_id=12;clients=50
1777331411503,PUT,102,4,benchKey_33_53,bytes=30;client_id=33;clients=50
1777331411504,PUT,106,4,benchKey_28_53,bytes=30;client_id=28;clients=50
1777331411523,PUT,117,4,benchKey_7_53,bytes=29;client_id=7;clients=50
1777331411523,PUT,118,4,benchKey_48_53,bytes=30;client_id=48;clients=50
1777331411527,PUT,121,4,benchKey_0_53,bytes=29;client_id=0;clients=50
1777331411529,PUT,123,4,benchKey_37_54,bytes=30;client_id=37;clients=50
1777331411529,PUT,122,4,benchKey_36_54,bytes=30;client_id=36;clients=50
1777331411530,PUT,120,4,benchKey_29_53,bytes=30;client_id=29;clients=50
1777331411531,PUT,124,4,benchKey_31_54,bytes=30;client_id=31;clients=50
1777331411531,PUT,116,4,benchKey_41_54,bytes=30;client_id=41;clients=50
1777331411534,PUT,124,4,benchKey_4_54,bytes=29;client_id=4;clients=50
1777331411542,PUT,106,4,benchKey_1_53,bytes=29;client_id=1;clients=50
1777331411543,PUT,107,4,benchKey_23_54,bytes=30;client_id=23;clients=50
1777331411545,PUT,104,4,benchKey_39_53,bytes=30;client_id=39;clients=50
1777331411545,PUT,106,4,benchKey_32_54,bytes=30;client_id=32;clients=50
1777331411547,PUT,104,4,benchKey_40_54,bytes=30;client_id=40;clients=50
1777331411544,PUT,128,4,benchKey_42_54,bytes=30;client_id=42;clients=50
1777331411549,PUT,105,4,benchKey_38_54,bytes=30;client_id=38;clients=50
1777331411549,PUT,106,4,benchKey_35_54,bytes=30;client_id=35;clients=50
1777331411549,PUT,99,4,benchKey_10_54,bytes=30;client_id=10;clients=50
1777331411546,PUT,105,4,benchKey_15_54,bytes=30;client_id=15;clients=50
1777331411550,PUT,105,4,benchKey_30_54,bytes=30;client_id=30;clients=50
1777331411554,PUT,75,4,benchKey_22_54,bytes=30;client_id=22;clients=50
1777331411566,PUT,116,4,benchKey_20_54,bytes=30;client_id=20;clients=50
1777331411566,PUT,115,4,benchKey_18_54,bytes=30;client_id=18;clients=50
1777331411569,PUT,116,4,benchKey_14_54,bytes=30;client_id=14;clients=50
1777331411573,PUT,119,4,benchKey_45_54,bytes=30;client_id=45;clients=50
1777331411573,PUT,120,4,benchKey_6_54,bytes=29;client_id=6;clients=50
1777331411575,PUT,122,4,benchKey_17_54,bytes=30;client_id=17;clients=50
1777331411577,PUT,122,4,benchKey_34_54,bytes=30;client_id=34;clients=50
1777331411577,PUT,119,4,benchKey_9_54,bytes=29;client_id=9;clients=50
1777331411578,PUT,123,4,benchKey_25_54,bytes=30;client_id=25;clients=50
1777331411586,PUT,126,4,benchKey_26_54,bytes=30;client_id=26;clients=50
1777331411590,PUT,106,4,benchKey_3_54,bytes=29;client_id=3;clients=50
1777331411592,PUT,104,4,benchKey_47_54,bytes=30;client_id=47;clients=50
1777331411592,PUT,108,4,benchKey_13_54,bytes=30;client_id=13;clients=50
1777331411593,PUT,105,4,benchKey_2_54,bytes=29;client_id=2;clients=50
1777331411594,PUT,105,4,benchKey_16_54,bytes=30;client_id=16;clients=50
1777331411594,PUT,106,4,benchKey_24_54,bytes=30;client_id=24;clients=50
1777331411595,PUT,115,4,benchKey_5_54,bytes=29;client_id=5;clients=50
1777331411596,PUT,103,4,benchKey_46_54,bytes=30;client_id=46;clients=50
1777331411596,PUT,113,4,benchKey_21_54,bytes=30;client_id=21;clients=50
1777331411597,PUT,104,4,benchKey_43_54,bytes=30;client_id=43;clients=50
1777331411609,PUT,108,4,benchKey_27_54,bytes=30;client_id=27;clients=50
1777331411610,PUT,110,4,benchKey_49_54,bytes=30;client_id=49;clients=50
1777331411613,PUT,112,4,benchKey_8_54,bytes=29;client_id=8;clients=50
1777331411617,PUT,115,4,benchKey_11_55,bytes=30;client_id=11;clients=50
1777331411618,PUT,116,4,benchKey_19_54,bytes=30;client_id=19;clients=50
1777331411619,PUT,116,4,benchKey_44_54,bytes=30;client_id=44;clients=50
1777331411621,PUT,118,4,benchKey_33_54,bytes=30;client_id=33;clients=50
1777331411621,PUT,117,4,benchKey_28_54,bytes=30;client_id=28;clients=50
1777331411622,PUT,118,4,benchKey_12_54,bytes=30;client_id=12;clients=50
1777331411629,PUT,105,4,benchKey_7_54,bytes=29;client_id=7;clients=50
1777331411634,PUT,110,4,benchKey_48_54,bytes=30;client_id=48;clients=50
1777331411635,PUT,106,4,benchKey_37_55,bytes=30;client_id=37;clients=50
1777331411637,PUT,110,4,benchKey_0_54,bytes=29;client_id=0;clients=50
1777331411637,PUT,108,4,benchKey_36_55,bytes=30;client_id=36;clients=50
1777331411639,PUT,107,4,benchKey_31_55,bytes=30;client_id=31;clients=50
1777331411639,PUT,109,4,benchKey_29_54,bytes=30;client_id=29;clients=50
1777331411639,PUT,107,4,benchKey_41_55,bytes=30;client_id=41;clients=50
1777331411641,PUT,99,4,benchKey_1_54,bytes=29;client_id=1;clients=50
1777331411642,PUT,108,4,benchKey_4_55,bytes=29;client_id=4;clients=50
1777331411642,PUT,97,4,benchKey_23_55,bytes=30;client_id=23;clients=50
1777331411651,PUT,106,4,benchKey_39_54,bytes=30;client_id=39;clients=50
1777331411654,PUT,108,4,benchKey_32_55,bytes=30;client_id=32;clients=50
1777331411656,PUT,108,4,benchKey_40_55,bytes=30;client_id=40;clients=50
1777331411660,PUT,111,4,benchKey_42_55,bytes=30;client_id=42;clients=50
1777331411663,PUT,113,4,benchKey_38_55,bytes=30;client_id=38;clients=50
1777331411663,PUT,113,4,benchKey_35_55,bytes=30;client_id=35;clients=50
1777331411664,PUT,113,4,benchKey_15_55,bytes=30;client_id=15;clients=50
1777331411665,PUT,113,4,benchKey_30_55,bytes=30;client_id=30;clients=50
1777331411665,PUT,115,4,benchKey_10_55,bytes=30;client_id=10;clients=50
1777331411673,PUT,118,4,benchKey_22_55,bytes=30;client_id=22;clients=50
1777331411676,PUT,109,4,benchKey_20_55,bytes=30;client_id=20;clients=50
1777331411680,PUT,113,4,benchKey_18_55,bytes=30;client_id=18;clients=50
1777331411680,PUT,107,4,benchKey_45_55,bytes=30;client_id=45;clients=50
1777331411682,PUT,113,4,benchKey_14_55,bytes=30;client_id=14;clients=50
1777331411682,PUT,105,4,benchKey_34_55,bytes=30;client_id=34;clients=50
1777331411683,PUT,108,4,benchKey_17_55,bytes=30;client_id=17;clients=50
1777331411684,PUT,106,4,benchKey_9_55,bytes=29;client_id=9;clients=50
1777331411686,PUT,100,4,benchKey_26_55,bytes=30;client_id=26;clients=50
1777331411686,PUT,108,4,benchKey_25_55,bytes=30;client_id=25;clients=50
1777331411689,PUT,116,4,benchKey_6_55,bytes=29;client_id=6;clients=50
1777331411694,PUT,103,4,benchKey_3_55,bytes=29;client_id=3;clients=50
1777331411698,PUT,105,4,benchKey_47_55,bytes=30;client_id=47;clients=50
1777331411700,PUT,107,4,benchKey_13_55,bytes=30;client_id=13;clients=50
1777331411704,PUT,110,4,benchKey_2_55,bytes=29;client_id=2;clients=50
1777331411706,PUT,111,4,benchKey_24_55,bytes=30;client_id=24;clients=50
1777331411706,PUT,112,4,benchKey_16_55,bytes=30;client_id=16;clients=50
1777331411707,PUT,112,4,benchKey_5_55,bytes=29;client_id=5;clients=50
1777331411707,PUT,111,4,benchKey_46_55,bytes=30;client_id=46;clients=50
1777331411707,PUT,110,4,benchKey_21_55,bytes=30;client_id=21;clients=50
1777331411717,PUT,119,4,benchKey_43_55,bytes=30;client_id=43;clients=50
1777331411719,PUT,110,4,benchKey_27_55,bytes=30;client_id=27;clients=50
1777331411725,PUT,115,4,benchKey_49_55,bytes=30;client_id=49;clients=50
1777331411725,PUT,112,4,benchKey_8_55,bytes=29;client_id=8;clients=50
1777331411727,PUT,107,4,benchKey_44_55,bytes=30;client_id=44;clients=50
1777331411728,PUT,110,4,benchKey_11_56,bytes=30;client_id=11;clients=50
1777331411730,PUT,108,4,benchKey_12_55,bytes=30;client_id=12;clients=50
1777331411730,PUT,108,4,benchKey_33_55,bytes=30;client_id=33;clients=50
1777331411731,PUT,112,4,benchKey_19_55,bytes=30;client_id=19;clients=50
1777331411731,PUT,109,4,benchKey_28_55,bytes=30;client_id=28;clients=50
1777331411734,PUT,105,4,benchKey_7_55,bytes=29;client_id=7;clients=50
1777331411737,PUT,102,4,benchKey_48_55,bytes=30;client_id=48;clients=50
1777331411742,PUT,106,4,benchKey_37_56,bytes=30;client_id=37;clients=50
1777331411743,PUT,105,4,benchKey_0_55,bytes=29;client_id=0;clients=50
1777331411747,PUT,109,4,benchKey_36_56,bytes=30;client_id=36;clients=50
1777331411749,PUT,110,4,benchKey_31_56,bytes=30;client_id=31;clients=50
1777331411749,PUT,109,4,benchKey_29_55,bytes=30;client_id=29;clients=50
1777331411750,PUT,111,4,benchKey_41_56,bytes=30;client_id=41;clients=50
1777331411751,PUT,109,4,benchKey_4_56,bytes=29;client_id=4;clients=50
1777331411752,PUT,110,4,benchKey_1_55,bytes=29;client_id=1;clients=50
1777331411760,PUT,116,4,benchKey_23_56,bytes=30;client_id=23;clients=50
1777331411761,PUT,109,4,benchKey_39_55,bytes=30;client_id=39;clients=50
1777331411768,PUT,111,4,benchKey_40_56,bytes=30;client_id=40;clients=50
1777331411771,PUT,108,4,benchKey_38_56,bytes=30;client_id=38;clients=50
1777331411771,PUT,116,4,benchKey_32_56,bytes=30;client_id=32;clients=50
1777331411771,PUT,111,4,benchKey_42_56,bytes=30;client_id=42;clients=50
1777331411773,PUT,109,4,benchKey_35_56,bytes=30;client_id=35;clients=50
1777331411773,PUT,108,4,benchKey_15_56,bytes=30;client_id=15;clients=50
1777331411774,PUT,108,4,benchKey_10_56,bytes=30;client_id=10;clients=50
1777331411775,PUT,110,4,benchKey_30_56,bytes=30;client_id=30;clients=50
1777331411777,PUT,103,4,benchKey_22_56,bytes=30;client_id=22;clients=50
1777331411779,PUT,102,4,benchKey_20_56,bytes=30;client_id=20;clients=50
1777331411784,PUT,103,4,benchKey_18_56,bytes=30;client_id=18;clients=50
1777331411786,PUT,105,4,benchKey_45_56,bytes=30;client_id=45;clients=50
1777331411789,PUT,106,4,benchKey_14_56,bytes=30;client_id=14;clients=50
1777331411792,PUT,109,4,benchKey_34_56,bytes=30;client_id=34;clients=50
1777331411793,PUT,108,4,benchKey_9_56,bytes=29;client_id=9;clients=50
1777331411793,PUT,109,4,benchKey_17_56,bytes=30;client_id=17;clients=50
1777331411793,PUT,106,4,benchKey_26_56,bytes=30;client_id=26;clients=50
1777331411794,PUT,107,4,benchKey_25_56,bytes=30;client_id=25;clients=50
1777331411802,PUT,108,4,benchKey_3_56,bytes=29;client_id=3;clients=50
1777331411802,PUT,112,4,benchKey_6_56,bytes=29;client_id=6;clients=50
1777331411810,PUT,112,4,benchKey_47_56,bytes=30;client_id=47;clients=50
1777331411813,PUT,113,4,benchKey_13_56,bytes=30;client_id=13;clients=50
1777331411813,PUT,106,4,benchKey_24_56,bytes=30;client_id=24;clients=50
1777331411813,PUT,109,4,benchKey_2_56,bytes=29;client_id=2;clients=50
1777331411815,PUT,107,4,benchKey_5_56,bytes=29;client_id=5;clients=50
1777331411815,PUT,108,4,benchKey_16_56,bytes=30;client_id=16;clients=50
1777331411815,PUT,107,4,benchKey_46_56,bytes=30;client_id=46;clients=50
1777331411816,PUT,108,4,benchKey_21_56,bytes=30;client_id=21;clients=50
1777331411818,PUT,101,4,benchKey_43_56,bytes=30;client_id=43;clients=50
1777331411821,PUT,101,4,benchKey_27_56,bytes=30;client_id=27;clients=50
1777331411825,PUT,99,4,benchKey_49_56,bytes=30;client_id=49;clients=50
1777331411827,PUT,101,4,benchKey_8_56,bytes=29;client_id=8;clients=50
1777331411830,PUT,102,4,benchKey_44_56,bytes=30;client_id=44;clients=50
1777331411833,PUT,104,4,benchKey_11_57,bytes=30;client_id=11;clients=50
1777331411835,PUT,102,4,benchKey_12_56,bytes=30;client_id=12;clients=50
1777331411835,PUT,102,4,benchKey_33_56,bytes=30;client_id=33;clients=50
1777331411835,PUT,102,4,benchKey_28_56,bytes=30;client_id=28;clients=50
1777331411836,PUT,103,4,benchKey_19_56,bytes=30;client_id=19;clients=50
1777331411844,PUT,109,4,benchKey_7_56,bytes=29;client_id=7;clients=50
1777331411844,PUT,107,4,benchKey_48_56,bytes=30;client_id=48;clients=50
1777331411852,PUT,110,4,benchKey_37_57,bytes=30;client_id=37;clients=50
1777331411855,PUT,108,4,benchKey_36_57,bytes=30;client_id=36;clients=50
1777331411855,PUT,105,4,benchKey_31_57,bytes=30;client_id=31;clients=50
1777331411855,PUT,112,4,benchKey_0_56,bytes=29;client_id=0;clients=50
1777331411856,PUT,105,4,benchKey_41_57,bytes=30;client_id=41;clients=50
1777331411856,PUT,106,4,benchKey_29_56,bytes=30;client_id=29;clients=50
1777331411856,PUT,104,4,benchKey_4_57,bytes=29;client_id=4;clients=50
1777331411858,PUT,106,4,benchKey_1_56,bytes=29;client_id=1;clients=50
1777331411859,PUT,99,4,benchKey_23_57,bytes=30;client_id=23;clients=50
1777331411863,PUT,101,4,benchKey_39_56,bytes=30;client_id=39;clients=50
1777331411866,PUT,98,4,benchKey_40_57,bytes=30;client_id=40;clients=50
1777331411869,PUT,97,4,benchKey_42_57,bytes=30;client_id=42;clients=50
1777331411872,PUT,100,4,benchKey_38_57,bytes=30;client_id=38;clients=50
1777331411874,PUT,102,4,benchKey_32_57,bytes=30;client_id=32;clients=50
1777331411876,PUT,102,4,benchKey_15_57,bytes=30;client_id=15;clients=50
1777331411876,PUT,102,4,benchKey_35_57,bytes=30;client_id=35;clients=50
1777331411877,PUT,102,4,benchKey_10_57,bytes=30;client_id=10;clients=50
1777331411877,PUT,102,4,benchKey_30_57,bytes=30;client_id=30;clients=50
1777331411886,PUT,107,4,benchKey_20_57,bytes=30;client_id=20;clients=50
1777331411887,PUT,109,4,benchKey_22_57,bytes=30;client_id=22;clients=50
1777331411894,PUT,110,4,benchKey_18_57,bytes=30;client_id=18;clients=50
1777331411896,PUT,109,4,benchKey_45_57,bytes=30;client_id=45;clients=50
1777331411898,PUT,104,4,benchKey_17_57,bytes=30;client_id=17;clients=50
1777331411898,PUT,106,4,benchKey_34_57,bytes=30;client_id=34;clients=50
1777331411898,PUT,105,4,benchKey_9_57,bytes=29;client_id=9;clients=50
1777331411899,PUT,105,4,benchKey_26_57,bytes=30;client_id=26;clients=50
1777331411899,PUT,109,4,benchKey_14_57,bytes=30;client_id=14;clients=50
1777331411900,PUT,97,4,benchKey_6_57,bytes=29;client_id=6;clients=50
1777331411900,PUT,106,4,benchKey_25_57,bytes=30;client_id=25;clients=50
1777331411906,PUT,103,4,benchKey_3_57,bytes=29;client_id=3;clients=50
1777331411908,PUT,97,4,benchKey_47_57,bytes=30;client_id=47;clients=50
1777331411910,PUT,96,4,benchKey_13_57,bytes=30;client_id=13;clients=50
1777331411913,PUT,99,4,benchKey_24_57,bytes=30;client_id=24;clients=50
1777331411915,PUT,101,4,benchKey_2_57,bytes=29;client_id=2;clients=50
1777331411917,PUT,102,4,benchKey_5_57,bytes=29;client_id=5;clients=50
1777331411917,PUT,102,4,benchKey_16_57,bytes=30;client_id=16;clients=50
1777331411919,PUT,102,4,benchKey_21_57,bytes=30;client_id=21;clients=50
1777331411920,PUT,104,4,benchKey_46_57,bytes=30;client_id=46;clients=50
1777331411928,PUT,109,4,benchKey_43_57,bytes=30;client_id=43;clients=50
1777331411928,PUT,107,4,benchKey_27_57,bytes=30;client_id=27;clients=50
1777331411935,PUT,110,4,benchKey_49_57,bytes=30;client_id=49;clients=50
1777331411938,PUT,110,4,benchKey_8_57,bytes=29;client_id=8;clients=50
1777331411940,PUT,105,4,benchKey_33_57,bytes=30;client_id=33;clients=50
1777331411940,PUT,105,4,benchKey_12_57,bytes=30;client_id=12;clients=50
1777331411940,PUT,104,4,benchKey_28_57,bytes=30;client_id=28;clients=50
1777331411940,PUT,110,4,benchKey_44_57,bytes=30;client_id=44;clients=50
1777331411941,PUT,107,4,benchKey_11_58,bytes=30;client_id=11;clients=50
1777331411942,PUT,105,4,benchKey_19_57,bytes=30;client_id=19;clients=50
1777331411942,PUT,97,4,benchKey_7_57,bytes=29;client_id=7;clients=50
1777331411949,PUT,105,4,benchKey_48_57,bytes=30;client_id=48;clients=50
1777331411949,PUT,97,4,benchKey_37_58,bytes=30;client_id=37;clients=50
1777331411952,PUT,96,4,benchKey_31_58,bytes=30;client_id=31;clients=50
1777331411954,PUT,98,4,benchKey_36_58,bytes=30;client_id=36;clients=50
1777331411956,PUT,100,4,benchKey_0_57,bytes=29;client_id=0;clients=50
1777331411959,PUT,102,4,benchKey_41_58,bytes=30;client_id=41;clients=50
1777331411960,PUT,103,4,benchKey_29_57,bytes=30;client_id=29;clients=50
1777331411960,PUT,103,4,benchKey_4_58,bytes=29;client_id=4;clients=50
1777331411962,PUT,103,4,benchKey_1_57,bytes=29;client_id=1;clients=50
1777331411970,PUT,107,4,benchKey_39_57,bytes=30;client_id=39;clients=50
1777331411971,PUT,111,4,benchKey_23_58,bytes=30;client_id=23;clients=50
1777331411978,PUT,111,4,benchKey_40_58,bytes=30;client_id=40;clients=50
1777331411979,PUT,109,4,benchKey_42_58,bytes=30;client_id=42;clients=50
1777331411982,PUT,110,4,benchKey_38_58,bytes=30;client_id=38;clients=50
1777331411982,PUT,106,4,benchKey_35_58,bytes=30;client_id=35;clients=50
1777331411982,PUT,107,4,benchKey_32_58,bytes=30;client_id=32;clients=50
1777331411983,PUT,107,4,benchKey_15_58,bytes=30;client_id=15;clients=50
1777331411983,PUT,106,4,benchKey_30_58,bytes=30;client_id=30;clients=50
1777331411983,PUT,97,4,benchKey_20_58,bytes=30;client_id=20;clients=50
1777331411983,PUT,106,4,benchKey_10_58,bytes=30;client_id=10;clients=50
1777331411991,PUT,104,4,benchKey_22_58,bytes=30;client_id=22;clients=50
1777331411991,PUT,97,4,benchKey_18_58,bytes=30;client_id=18;clients=50
1777331411993,PUT,96,4,benchKey_45_58,bytes=30;client_id=45;clients=50
1777331411995,PUT,96,4,benchKey_17_58,bytes=30;client_id=17;clients=50
1777331411997,PUT,98,4,benchKey_34_58,bytes=30;client_id=34;clients=50
1777331412000,PUT,101,4,benchKey_9_58,bytes=29;client_id=9;clients=50
1777331412001,PUT,101,4,benchKey_14_58,bytes=30;client_id=14;clients=50
1777331412002,PUT,102,4,benchKey_26_58,bytes=30;client_id=26;clients=50
1777331412003,PUT,103,4,benchKey_6_58,bytes=29;client_id=6;clients=50
1777331412012,PUT,106,4,benchKey_3_58,bytes=29;client_id=3;clients=50
1777331412012,PUT,112,4,benchKey_25_58,bytes=30;client_id=25;clients=50
1777331412021,PUT,113,4,benchKey_47_58,bytes=30;client_id=47;clients=50
1777331412021,PUT,111,4,benchKey_13_58,bytes=30;client_id=13;clients=50
1777331412024,PUT,106,4,benchKey_5_58,bytes=29;client_id=5;clients=50
1777331412024,PUT,111,4,benchKey_24_58,bytes=30;client_id=24;clients=50
1777331412024,PUT,109,4,benchKey_2_58,bytes=29;client_id=2;clients=50
1777331412025,PUT,105,4,benchKey_46_58,bytes=30;client_id=46;clients=50
1777331412025,PUT,108,4,benchKey_16_58,bytes=30;client_id=16;clients=50
1777331412025,PUT,97,4,benchKey_43_58,bytes=30;client_id=43;clients=50
1777331412026,PUT,107,4,benchKey_21_58,bytes=30;client_id=21;clients=50
1777331412034,PUT,98,4,benchKey_49_58,bytes=30;client_id=49;clients=50
1777331412034,PUT,105,4,benchKey_27_58,bytes=30;client_id=27;clients=50
1777331412035,PUT,96,4,benchKey_8_58,bytes=29;client_id=8;clients=50
1777331412036,PUT,95,4,benchKey_33_58,bytes=30;client_id=33;clients=50
1777331412038,PUT,97,4,benchKey_12_58,bytes=30;client_id=12;clients=50
1777331412043,PUT,101,4,benchKey_11_59,bytes=30;client_id=11;clients=50
1777331412043,PUT,102,4,benchKey_28_58,bytes=30;client_id=28;clients=50
1777331412043,PUT,102,4,benchKey_44_58,bytes=30;client_id=44;clients=50
1777331412044,PUT,102,4,benchKey_19_58,bytes=30;client_id=19;clients=50
1777331412054,PUT,104,4,benchKey_48_58,bytes=30;client_id=48;clients=50
1777331412054,PUT,112,4,benchKey_7_58,bytes=29;client_id=7;clients=50
1777331412063,PUT,111,4,benchKey_31_59,bytes=30;client_id=31;clients=50
1777331412063,PUT,113,4,benchKey_37_59,bytes=30;client_id=37;clients=50
1777331412066,PUT,110,4,benchKey_0_58,bytes=29;client_id=0;clients=50
1777331412067,PUT,106,4,benchKey_4_59,bytes=29;client_id=4;clients=50
1777331412067,PUT,105,4,benchKey_1_58,bytes=29;client_id=1;clients=50
1777331412067,PUT,108,4,benchKey_41_59,bytes=30;client_id=41;clients=50
1777331412068,PUT,107,4,benchKey_29_58,bytes=30;client_id=29;clients=50
1777331412068,PUT,97,4,benchKey_39_58,bytes=30;client_id=39;clients=50
1777331412068,PUT,114,4,benchKey_36_59,bytes=30;client_id=36;clients=50
1777331412076,PUT,98,4,benchKey_40_59,bytes=30;client_id=40;clients=50
1777331412076,PUT,97,4,benchKey_42_59,bytes=30;client_id=42;clients=50
1777331412076,PUT,105,4,benchKey_23_59,bytes=30;client_id=23;clients=50
1777331412077,PUT,95,4,benchKey_35_59,bytes=30;client_id=35;clients=50
1777331412079,PUT,97,4,benchKey_38_59,bytes=30;client_id=38;clients=50
1777331412085,PUT,101,4,benchKey_15_59,bytes=30;client_id=15;clients=50
1777331412086,PUT,102,4,benchKey_30_59,bytes=30;client_id=30;clients=50
1777331412086,PUT,103,4,benchKey_32_59,bytes=30;client_id=32;clients=50
1777331412086,PUT,102,4,benchKey_20_59,bytes=30;client_id=20;clients=50
1777331412096,PUT,104,4,benchKey_22_59,bytes=30;client_id=22;clients=50
1777331412097,PUT,113,4,benchKey_10_59,bytes=30;client_id=10;clients=50
1777331412106,PUT,113,4,benchKey_45_59,bytes=30;client_id=45;clients=50
1777331412106,PUT,115,4,benchKey_18_59,bytes=30;client_id=18;clients=50
1777331412107,PUT,111,4,benchKey_17_59,bytes=30;client_id=17;clients=50
1777331412108,PUT,107,4,benchKey_9_59,bytes=29;client_id=9;clients=50
1777331412108,PUT,107,4,benchKey_14_59,bytes=30;client_id=14;clients=50
1777331412109,PUT,112,4,benchKey_34_59,bytes=30;client_id=34;clients=50
1777331412110,PUT,106,4,benchKey_6_59,bytes=29;client_id=6;clients=50
1777331412111,PUT,109,4,benchKey_26_59,bytes=30;client_id=26;clients=50
1777331412111,PUT,98,4,benchKey_3_59,bytes=29;client_id=3;clients=50
1777331412118,PUT,96,4,benchKey_47_59,bytes=30;client_id=47;clients=50
1777331412119,PUT,97,4,benchKey_13_59,bytes=30;client_id=13;clients=50
1777331412119,PUT,106,4,benchKey_25_59,bytes=30;client_id=25;clients=50
1777331412119,PUT,95,4,benchKey_5_59,bytes=29;client_id=5;clients=50
1777331412121,PUT,96,4,benchKey_24_59,bytes=30;client_id=24;clients=50
1777331412127,PUT,102,4,benchKey_2_59,bytes=29;client_id=2;clients=50
1777331412128,PUT,102,4,benchKey_16_59,bytes=30;client_id=16;clients=50
1777331412128,PUT,102,4,benchKey_43_59,bytes=30;client_id=43;clients=50
1777331412128,PUT,102,4,benchKey_46_59,bytes=30;client_id=46;clients=50
1777331412137,PUT,110,4,benchKey_21_59,bytes=30;client_id=21;clients=50
1777331412138,PUT,103,4,benchKey_27_59,bytes=30;client_id=27;clients=50
1777331412148,PUT,112,4,benchKey_33_59,bytes=30;client_id=33;clients=50
1777331412148,PUT,114,4,benchKey_49_59,bytes=30;client_id=49;clients=50
1777331412148,PUT,113,4,benchKey_8_59,bytes=29;client_id=8;clients=50
1777331412149,PUT,110,4,benchKey_12_59,bytes=30;client_id=12;clients=50
1777331412151,PUT,107,4,benchKey_44_59,bytes=30;client_id=44;clients=50
1777331412152,PUT,108,4,benchKey_19_59,bytes=30;client_id=19;clients=50
1777331412152,PUT,108,4,benchKey_28_59,bytes=30;client_id=28;clients=50
1777331412152,PUT,108,4,benchKey_11_60,bytes=30;client_id=11;clients=50
1777331412153,PUT,98,4,benchKey_48_59,bytes=30;client_id=48;clients=50
1777331412160,PUT,105,4,benchKey_7_59,bytes=29;client_id=7;clients=50
1777331412161,PUT,94,4,benchKey_0_59,bytes=29;client_id=0;clients=50
1777331412161,PUT,97,4,benchKey_31_60,bytes=30;client_id=31;clients=50
1777331412161,PUT,97,4,benchKey_37_60,bytes=30;client_id=37;clients=50
1777331412163,PUT,95,4,benchKey_4_60,bytes=29;client_id=4;clients=50
1777331412168,PUT,100,4,benchKey_1_59,bytes=29;client_id=1;clients=50
1777331412169,PUT,101,4,benchKey_41_60,bytes=30;client_id=41;clients=50
1777331412169,PUT,100,4,benchKey_39_59,bytes=30;client_id=39;clients=50
1777331412170,PUT,101,4,benchKey_29_59,bytes=30;client_id=29;clients=50
1777331412179,PUT,102,4,benchKey_40_60,bytes=30;client_id=40;clients=50
1777331412180,PUT,111,4,benchKey_36_60,bytes=30;client_id=36;clients=50
1777331412190,PUT,113,4,benchKey_23_60,bytes=30;client_id=23;clients=50
1777331412190,PUT,112,4,benchKey_35_60,bytes=30;client_id=35;clients=50
1777331412191,PUT,111,4,benchKey_38_60,bytes=30;client_id=38;clients=50
1777331412191,PUT,114,4,benchKey_42_60,bytes=30;client_id=42;clients=50
1777331412193,PUT,107,4,benchKey_15_60,bytes=30;client_id=15;clients=50
1777331412193,PUT,106,4,benchKey_30_60,bytes=30;client_id=30;clients=50
1777331412193,PUT,107,4,benchKey_20_60,bytes=30;client_id=20;clients=50
1777331412194,PUT,107,4,benchKey_32_60,bytes=30;client_id=32;clients=50
1777331412195,PUT,98,4,benchKey_22_60,bytes=30;client_id=22;clients=50
1777331412202,PUT,95,4,benchKey_18_60,bytes=30;client_id=18;clients=50
1777331412202,PUT,105,4,benchKey_10_60,bytes=30;client_id=10;clients=50
1777331412202,PUT,95,4,benchKey_45_60,bytes=30;client_id=45;clients=50
1777331412203,PUT,96,4,benchKey_17_60,bytes=30;client_id=17;clients=50
1777331412204,PUT,95,4,benchKey_9_60,bytes=29;client_id=9;clients=50
1777331412210,PUT,102,4,benchKey_14_60,bytes=30;client_id=14;clients=50
1777331412210,PUT,100,4,benchKey_34_60,bytes=30;client_id=34;clients=50
1777331412211,PUT,101,4,benchKey_6_60,bytes=29;client_id=6;clients=50
1777331412212,PUT,100,4,benchKey_26_60,bytes=30;client_id=26;clients=50
1777331412220,PUT,109,4,benchKey_3_60,bytes=29;client_id=3;clients=50
1777331412222,PUT,103,4,benchKey_47_60,bytes=30;client_id=47;clients=50
1777331412232,PUT,112,4,benchKey_13_60,bytes=30;client_id=13;clients=50
1777331412232,PUT,111,4,benchKey_24_60,bytes=30;client_id=24;clients=50
1777331412233,PUT,113,4,benchKey_5_60,bytes=29;client_id=5;clients=50
1777331412233,PUT,113,4,benchKey_25_60,bytes=30;client_id=25;clients=50
1777331412235,PUT,107,4,benchKey_16_60,bytes=30;client_id=16;clients=50
1777331412235,PUT,107,4,benchKey_2_60,bytes=29;client_id=2;clients=50
1777331412235,PUT,106,4,benchKey_43_60,bytes=30;client_id=43;clients=50
1777331412236,PUT,98,4,benchKey_21_60,bytes=30;client_id=21;clients=50
1777331412236,PUT,107,4,benchKey_46_60,bytes=30;client_id=46;clients=50
1777331412244,PUT,106,4,benchKey_27_60,bytes=30;client_id=27;clients=50
1777331412244,PUT,95,4,benchKey_33_60,bytes=30;client_id=33;clients=50
1777331412245,PUT,96,4,benchKey_8_60,bytes=29;client_id=8;clients=50
1777331412244,PUT,95,4,benchKey_49_60,bytes=30;client_id=49;clients=50
1777331412245,PUT,96,4,benchKey_12_60,bytes=30;client_id=12;clients=50
1777331412252,PUT,101,4,benchKey_44_60,bytes=30;client_id=44;clients=50
1777331412252,PUT,100,4,benchKey_19_60,bytes=30;client_id=19;clients=50
1777331412252,PUT,100,4,benchKey_28_60,bytes=30;client_id=28;clients=50
1777331412253,PUT,101,4,benchKey_11_61,bytes=30;client_id=11;clients=50
1777331412262,PUT,109,4,benchKey_48_60,bytes=30;client_id=48;clients=50
1777331412264,PUT,103,4,benchKey_7_60,bytes=29;client_id=7;clients=50
1777331412274,PUT,111,4,benchKey_4_61,bytes=29;client_id=4;clients=50
1777331412275,PUT,114,4,benchKey_37_61,bytes=30;client_id=37;clients=50
1777331412276,PUT,114,4,benchKey_0_60,bytes=29;client_id=0;clients=50
1777331412277,PUT,108,4,benchKey_1_60,bytes=29;client_id=1;clients=50
1777331412277,PUT,115,4,benchKey_31_61,bytes=30;client_id=31;clients=50
1777331412277,PUT,108,4,benchKey_39_60,bytes=30;client_id=39;clients=50
1777331412278,PUT,108,4,benchKey_41_61,bytes=30;client_id=41;clients=50
1777331412278,PUT,108,4,benchKey_29_60,bytes=30;client_id=29;clients=50
1777331412278,PUT,99,4,benchKey_40_61,bytes=30;client_id=40;clients=50
1777331412286,PUT,96,4,benchKey_23_61,bytes=30;client_id=23;clients=50
1777331412287,PUT,95,4,benchKey_38_61,bytes=30;client_id=38;clients=50
1777331412287,PUT,107,4,benchKey_36_61,bytes=30;client_id=36;clients=50
1777331412288,PUT,96,4,benchKey_42_61,bytes=30;client_id=42;clients=50
1777331412288,PUT,98,4,benchKey_35_61,bytes=30;client_id=35;clients=50
1777331412294,PUT,101,4,benchKey_15_61,bytes=30;client_id=15;clients=50
1777331412294,PUT,101,4,benchKey_30_61,bytes=30;client_id=30;clients=50
1777331412294,PUT,100,4,benchKey_20_61,bytes=30;client_id=20;clients=50
1777331412295,PUT,101,4,benchKey_32_61,bytes=30;client_id=32;clients=50
1777331412306,PUT,110,4,benchKey_22_61,bytes=30;client_id=22;clients=50
1777331412306,PUT,104,4,benchKey_10_61,bytes=30;client_id=10;clients=50
1777331412317,PUT,114,4,benchKey_45_61,bytes=30;client_id=45;clients=50
1777331412318,PUT,116,4,benchKey_18_61,bytes=30;client_id=18;clients=50
1777331412319,PUT,115,4,benchKey_17_61,bytes=30;client_id=17;clients=50
1777331412320,PUT,115,4,benchKey_9_61,bytes=29;client_id=9;clients=50
1777331412320,PUT,108,4,benchKey_26_61,bytes=30;client_id=26;clients=50
1777331412321,PUT,110,4,benchKey_34_61,bytes=30;client_id=34;clients=50
1777331412321,PUT,101,4,benchKey_3_61,bytes=29;client_id=3;clients=50
1777331412322,PUT,111,4,benchKey_14_61,bytes=30;client_id=14;clients=50
1777331412322,PUT,110,4,benchKey_6_61,bytes=29;client_id=6;clients=50
1777331412328,PUT,106,4,benchKey_47_61,bytes=30;client_id=47;clients=50
1777331412329,PUT,96,4,benchKey_24_61,bytes=30;client_id=24;clients=50
1777331412330,PUT,98,4,benchKey_13_61,bytes=30;client_id=13;clients=50
1777331412330,PUT,97,4,benchKey_5_61,bytes=29;client_id=5;clients=50
1777331412330,PUT,97,4,benchKey_25_61,bytes=30;client_id=25;clients=50
1777331412336,PUT,101,4,benchKey_43_61,bytes=30;client_id=43;clients=50
1777331412336,PUT,101,4,benchKey_16_61,bytes=30;client_id=16;clients=50
1777331412337,PUT,102,4,benchKey_2_61,bytes=29;client_id=2;clients=50
1777331412338,PUT,102,4,benchKey_21_61,bytes=30;client_id=21;clients=50
1777331412347,PUT,111,4,benchKey_46_61,bytes=30;client_id=46;clients=50
1777331412348,PUT,104,4,benchKey_27_61,bytes=30;client_id=27;clients=50
1777331412360,PUT,115,4,benchKey_33_61,bytes=30;client_id=33;clients=50
1777331412361,PUT,115,4,benchKey_49_61,bytes=30;client_id=49;clients=50
1777331412362,PUT,116,4,benchKey_8_61,bytes=29;client_id=8;clients=50
1777331412364,PUT,111,4,benchKey_28_61,bytes=30;client_id=28;clients=50
1777331412365,PUT,112,4,benchKey_19_61,bytes=30;client_id=19;clients=50
1777331412365,PUT,112,4,benchKey_44_61,bytes=30;client_id=44;clients=50
1777331412366,PUT,120,4,benchKey_12_61,bytes=30;client_id=12;clients=50
1777331412366,PUT,112,4,benchKey_11_62,bytes=30;client_id=11;clients=50
1777331412366,PUT,103,4,benchKey_48_61,bytes=30;client_id=48;clients=50
1777331412370,PUT,106,4,benchKey_7_61,bytes=29;client_id=7;clients=50
1777331412371,PUT,96,4,benchKey_4_62,bytes=29;client_id=4;clients=50
1777331412373,PUT,96,4,benchKey_0_61,bytes=29;client_id=0;clients=50
1777331412373,PUT,95,4,benchKey_1_61,bytes=29;client_id=1;clients=50
1777331412374,PUT,97,4,benchKey_37_62,bytes=30;client_id=37;clients=50
1777331412378,PUT,101,4,benchKey_39_61,bytes=30;client_id=39;clients=50
1777331412379,PUT,101,4,benchKey_31_62,bytes=30;client_id=31;clients=50
1777331412380,PUT,101,4,benchKey_41_62,bytes=30;client_id=41;clients=50
1777331412381,PUT,103,4,benchKey_29_61,bytes=30;client_id=29;clients=50
1777331412389,PUT,110,4,benchKey_40_62,bytes=30;client_id=40;clients=50
1777331412390,PUT,103,4,benchKey_23_62,bytes=30;client_id=23;clients=50
1777331412403,PUT,116,4,benchKey_38_62,bytes=30;client_id=38;clients=50
1777331412405,PUT,117,4,benchKey_42_62,bytes=30;client_id=42;clients=50
1777331412405,PUT,118,4,benchKey_36_62,bytes=30;client_id=36;clients=50
1777331412409,PUT,114,4,benchKey_15_62,bytes=30;client_id=15;clients=50
1777331412409,PUT,103,4,benchKey_22_62,bytes=30;client_id=22;clients=50
1777331412409,PUT,114,4,benchKey_32_62,bytes=30;client_id=32;clients=50
1777331412409,PUT,115,4,benchKey_30_62,bytes=30;client_id=30;clients=50
1777331412409,PUT,115,4,benchKey_20_62,bytes=30;client_id=20;clients=50
1777331412410,PUT,121,4,benchKey_35_62,bytes=30;client_id=35;clients=50
1777331412413,PUT,106,4,benchKey_10_62,bytes=30;client_id=10;clients=50
1777331412415,PUT,96,4,benchKey_18_62,bytes=30;client_id=18;clients=50
1777331412415,PUT,95,4,benchKey_17_62,bytes=30;client_id=17;clients=50
1777331412415,PUT,98,4,benchKey_45_62,bytes=30;client_id=45;clients=50
1777331412416,PUT,95,4,benchKey_9_62,bytes=29;client_id=9;clients=50
1777331412422,PUT,100,4,benchKey_26_62,bytes=30;client_id=26;clients=50
1777331412422,PUT,100,4,benchKey_34_62,bytes=30;client_id=34;clients=50
1777331412423,PUT,101,4,benchKey_3_62,bytes=29;client_id=3;clients=50
1777331412424,PUT,102,4,benchKey_14_62,bytes=30;client_id=14;clients=50
1777331412432,PUT,109,4,benchKey_6_62,bytes=29;client_id=6;clients=50
1777331412433,PUT,105,4,benchKey_47_62,bytes=30;client_id=47;clients=50
1777331412446,PUT,116,4,benchKey_24_62,bytes=30;client_id=24;clients=50
1777331412448,PUT,117,4,benchKey_5_62,bytes=29;client_id=5;clients=50
1777331412449,PUT,118,4,benchKey_13_62,bytes=30;client_id=13;clients=50
1777331412453,PUT,105,4,benchKey_46_62,bytes=30;client_id=46;clients=50
1777331412453,PUT,117,4,benchKey_43_62,bytes=30;client_id=43;clients=50
1777331412453,PUT,117,4,benchKey_16_62,bytes=30;client_id=16;clients=50
1777331412454,PUT,116,4,benchKey_2_62,bytes=29;client_id=2;clients=50
1777331412455,PUT,116,4,benchKey_21_62,bytes=30;client_id=21;clients=50
1777331412457,PUT,126,4,benchKey_25_62,bytes=30;client_id=25;clients=50
1777331412458,PUT,98,4,benchKey_33_62,bytes=30;client_id=33;clients=50
1777331412460,PUT,111,4,benchKey_27_62,bytes=30;client_id=27;clients=50
1777331412461,PUT,97,4,benchKey_28_62,bytes=30;client_id=28;clients=50
1777331412460,PUT,99,4,benchKey_49_62,bytes=30;client_id=49;clients=50
1777331412461,PUT,98,4,benchKey_8_62,bytes=29;client_id=8;clients=50
1777331412466,PUT,100,4,benchKey_12_62,bytes=30;client_id=12;clients=50
1777331412466,PUT,101,4,benchKey_44_62,bytes=30;client_id=44;clients=50
1777331412466,PUT,101,4,benchKey_19_62,bytes=30;client_id=19;clients=50
1777331412468,PUT,101,4,benchKey_11_63,bytes=30;client_id=11;clients=50
1777331412476,PUT,109,4,benchKey_48_62,bytes=30;client_id=48;clients=50
1777331412476,PUT,105,4,benchKey_7_62,bytes=29;client_id=7;clients=50
1777331412489,PUT,117,4,benchKey_4_63,bytes=29;client_id=4;clients=50
1777331412490,PUT,116,4,benchKey_1_62,bytes=29;client_id=1;clients=50
1777331412490,PUT,117,4,benchKey_0_62,bytes=29;client_id=0;clients=50
1777331412497,PUT,117,4,benchKey_41_63,bytes=30;client_id=41;clients=50
1777331412497,PUT,116,4,benchKey_29_62,bytes=30;client_id=29;clients=50
1777331412498,PUT,124,4,benchKey_37_63,bytes=30;client_id=37;clients=50
1777331412499,PUT,120,4,benchKey_39_62,bytes=30;client_id=39;clients=50
1777331412499,PUT,119,4,benchKey_31_63,bytes=30;client_id=31;clients=50
1777331412500,PUT,109,4,benchKey_23_63,bytes=30;client_id=23;clients=50
1777331412500,PUT,110,4,benchKey_40_63,bytes=30;client_id=40;clients=50
1777331412503,PUT,98,4,benchKey_36_63,bytes=30;client_id=36;clients=50
1777331412504,PUT,95,4,benchKey_15_63,bytes=30;client_id=15;clients=50
1777331412505,PUT,101,4,benchKey_38_63,bytes=30;client_id=38;clients=50
1777331412506,PUT,101,4,benchKey_42_63,bytes=30;client_id=42;clients=50
1777331412509,PUT,100,4,benchKey_22_63,bytes=30;client_id=22;clients=50
1777331412509,PUT,99,4,benchKey_30_63,bytes=30;client_id=30;clients=50
1777331412510,PUT,100,4,benchKey_20_63,bytes=30;client_id=20;clients=50
1777331412511,PUT,101,4,benchKey_32_63,bytes=30;client_id=32;clients=50
1777331412519,PUT,105,4,benchKey_10_63,bytes=30;client_id=10;clients=50
1777331412519,PUT,109,4,benchKey_35_63,bytes=30;client_id=35;clients=50
1777331412531,PUT,116,4,benchKey_17_63,bytes=30;client_id=17;clients=50
1777331412531,PUT,116,4,benchKey_18_63,bytes=30;client_id=18;clients=50
1777331412533,PUT,117,4,benchKey_45_63,bytes=30;client_id=45;clients=50
1777331412540,PUT,118,4,benchKey_26_63,bytes=30;client_id=26;clients=50
1777331412540,PUT,124,4,benchKey_9_63,bytes=29;client_id=9;clients=50
1777331412540,PUT,118,4,benchKey_34_63,bytes=30;client_id=34;clients=50
1777331412541,PUT,116,4,benchKey_14_63,bytes=30;client_id=14;clients=50
1777331412541,PUT,118,4,benchKey_3_63,bytes=29;client_id=3;clients=50
1777331412543,PUT,109,4,benchKey_47_63,bytes=30;client_id=47;clients=50
1777331412543,PUT,111,4,benchKey_6_63,bytes=29;client_id=6;clients=50
1777331412546,PUT,99,4,benchKey_24_63,bytes=30;client_id=24;clients=50
1777331412546,PUT,98,4,benchKey_5_63,bytes=29;client_id=5;clients=50
1777331412547,PUT,98,4,benchKey_13_63,bytes=30;client_id=13;clients=50
1777331412548,PUT,94,4,benchKey_43_63,bytes=30;client_id=43;clients=50
1777331412551,PUT,97,4,benchKey_16_63,bytes=30;client_id=16;clients=50
1777331412552,PUT,97,4,benchKey_2_63,bytes=29;client_id=2;clients=50
1777331412552,PUT,98,4,benchKey_46_63,bytes=30;client_id=46;clients=50
1777331412553,PUT,97,4,benchKey_21_63,bytes=30;client_id=21;clients=50
1777331412562,PUT,104,4,benchKey_25_63,bytes=30;client_id=25;clients=50
1777331412562,PUT,103,4,benchKey_33_63,bytes=30;client_id=33;clients=50
1777331412573,PUT,112,4,benchKey_27_63,bytes=30;client_id=27;clients=50
1777331412573,PUT,112,4,benchKey_28_63,bytes=30;client_id=28;clients=50
1777331412575,PUT,114,4,benchKey_49_63,bytes=30;client_id=49;clients=50
1777331412583,PUT,116,4,benchKey_19_63,bytes=30;client_id=19;clients=50
1777331412583,PUT,115,4,benchKey_11_64,bytes=30;client_id=11;clients=50
1777331412583,PUT,117,4,benchKey_12_63,bytes=30;client_id=12;clients=50
1777331412583,PUT,122,4,benchKey_8_63,bytes=29;client_id=8;clients=50
1777331412583,PUT,116,4,benchKey_44_63,bytes=30;client_id=44;clients=50
1777331412584,PUT,108,4,benchKey_48_63,bytes=30;client_id=48;clients=50
1777331412585,PUT,109,4,benchKey_7_63,bytes=29;client_id=7;clients=50
1777331412587,PUT,97,4,benchKey_1_63,bytes=29;client_id=1;clients=50
1777331412587,PUT,98,4,benchKey_4_64,bytes=29;client_id=4;clients=50
1777331412588,PUT,97,4,benchKey_0_63,bytes=29;client_id=0;clients=50
1777331412590,PUT,92,4,benchKey_41_64,bytes=30;client_id=41;clients=50
1777331412594,PUT,95,4,benchKey_37_64,bytes=30;client_id=37;clients=50
1777331412594,PUT,95,4,benchKey_39_63,bytes=30;client_id=39;clients=50
1777331412594,PUT,96,4,benchKey_29_63,bytes=30;client_id=29;clients=50
1777331412597,PUT,98,4,benchKey_31_64,bytes=30;client_id=31;clients=50
1777331412605,PUT,104,4,benchKey_23_64,bytes=30;client_id=23;clients=50
1777331412606,PUT,105,4,benchKey_40_64,bytes=30;client_id=40;clients=50
1777331412616,PUT,111,4,benchKey_15_64,bytes=30;client_id=15;clients=50
1777331412616,PUT,112,4,benchKey_36_64,bytes=30;client_id=36;clients=50
1777331412617,PUT,112,4,benchKey_38_64,bytes=30;client_id=38;clients=50
1777331412625,PUT,116,4,benchKey_22_64,bytes=30;client_id=22;clients=50
1777331412626,PUT,107,4,benchKey_35_64,bytes=30;client_id=35;clients=50
1777331412627,PUT,116,4,benchKey_20_64,bytes=30;client_id=20;clients=50
1777331412627,PUT,108,4,benchKey_10_64,bytes=30;client_id=10;clients=50
1777331412628,PUT,116,4,benchKey_32_64,bytes=30;client_id=32;clients=50
1777331412628,PUT,122,4,benchKey_42_64,bytes=30;client_id=42;clients=50
1777331412629,PUT,97,4,benchKey_18_64,bytes=30;client_id=18;clients=50
1777331412629,PUT,97,4,benchKey_17_64,bytes=30;client_id=17;clients=50
1777331412630,PUT,97,4,benchKey_45_64,bytes=30;client_id=45;clients=50
1777331412630,PUT,121,4,benchKey_30_64,bytes=30;client_id=30;clients=50
1777331412631,PUT,91,4,benchKey_26_64,bytes=30;client_id=26;clients=50
1777331412637,PUT,96,4,benchKey_34_64,bytes=30;client_id=34;clients=50
1777331412637,PUT,95,4,benchKey_3_64,bytes=29;client_id=3;clients=50
1777331412637,PUT,96,4,benchKey_14_64,bytes=30;client_id=14;clients=50
1777331412638,PUT,97,4,benchKey_9_64,bytes=29;client_id=9;clients=50
1777331412647,PUT,104,4,benchKey_47_64,bytes=30;client_id=47;clients=50
1777331412649,PUT,105,4,benchKey_6_64,bytes=29;client_id=6;clients=50
1777331412658,PUT,112,4,benchKey_5_64,bytes=29;client_id=5;clients=50
1777331412658,PUT,112,4,benchKey_24_64,bytes=30;client_id=24;clients=50
1777331412659,PUT,112,4,benchKey_13_64,bytes=30;client_id=13;clients=50
1777331412667,PUT,118,4,benchKey_43_64,bytes=30;client_id=43;clients=50
1777331412669,PUT,117,4,benchKey_46_64,bytes=30;client_id=46;clients=50
1777331412671,PUT,97,4,benchKey_28_64,bytes=30;client_id=28;clients=50
1777331412671,PUT,119,4,benchKey_16_64,bytes=30;client_id=16;clients=50
1777331412672,PUT,109,4,benchKey_25_64,bytes=30;client_id=25;clients=50
1777331412672,PUT,120,4,benchKey_2_64,bytes=29;client_id=2;clients=50
1777331412672,PUT,119,4,benchKey_21_64,bytes=30;client_id=21;clients=50
1777331412673,PUT,110,4,benchKey_33_64,bytes=30;client_id=33;clients=50
1777331412673,PUT,99,4,benchKey_27_64,bytes=30;client_id=27;clients=50
1777331412673,PUT,97,4,benchKey_49_64,bytes=30;client_id=49;clients=50
1777331412673,PUT,89,4,benchKey_19_64,bytes=30;client_id=19;clients=50
1777331412680,PUT,96,4,benchKey_12_64,bytes=30;client_id=12;clients=50
1777331412680,PUT,96,4,benchKey_8_64,bytes=29;client_id=8;clients=50
1777331412680,PUT,96,4,benchKey_11_65,bytes=30;client_id=11;clients=50
1777331412681,PUT,97,4,benchKey_44_64,bytes=30;client_id=44;clients=50
1777331412690,PUT,105,4,benchKey_48_64,bytes=30;client_id=48;clients=50
1777331412691,PUT,105,4,benchKey_7_64,bytes=29;client_id=7;clients=50
1777331412700,PUT,112,4,benchKey_4_65,bytes=29;client_id=4;clients=50
1777331412700,PUT,111,4,benchKey_0_64,bytes=29;client_id=0;clients=50
1777331412701,PUT,113,4,benchKey_1_64,bytes=29;client_id=1;clients=50
1777331412708,PUT,117,4,benchKey_41_65,bytes=30;client_id=41;clients=50
1777331412711,PUT,117,4,benchKey_37_65,bytes=30;client_id=37;clients=50
1777331412712,PUT,117,4,benchKey_29_64,bytes=30;client_id=29;clients=50
1777331412712,PUT,118,4,benchKey_39_64,bytes=30;client_id=39;clients=50
1777331412713,PUT,116,4,benchKey_31_65,bytes=30;client_id=31;clients=50
1777331412714,PUT,108,4,benchKey_23_65,bytes=30;client_id=23;clients=50
1777331412714,PUT,98,4,benchKey_36_65,bytes=30;client_id=36;clients=50
1777331412714,PUT,108,4,benchKey_40_65,bytes=30;client_id=40;clients=50
1777331412714,PUT,98,4,benchKey_15_65,bytes=30;client_id=15;clients=50
1777331412715,PUT,89,4,benchKey_22_65,bytes=30;client_id=22;clients=50
1777331412716,PUT,98,4,benchKey_38_65,bytes=30;client_id=38;clients=50
1777331412722,PUT,94,4,benchKey_32_65,bytes=30;client_id=32;clients=50
1777331412723,PUT,96,4,benchKey_20_65,bytes=30;client_id=20;clients=50
1777331412723,PUT,95,4,benchKey_10_65,bytes=30;client_id=10;clients=50
1777331412723,PUT,96,4,benchKey_35_65,bytes=30;client_id=35;clients=50
1777331412732,PUT,103,4,benchKey_18_65,bytes=30;client_id=18;clients=50
1777331412733,PUT,104,4,benchKey_42_65,bytes=30;client_id=42;clients=50
1777331412741,PUT,110,4,benchKey_45_65,bytes=30;client_id=45;clients=50
1777331412741,PUT,112,4,benchKey_17_65,bytes=30;client_id=17;clients=50
1777331412742,PUT,111,4,benchKey_30_65,bytes=30;client_id=30;clients=50
1777331412749,PUT,117,4,benchKey_26_65,bytes=30;client_id=26;clients=50
1777331412753,PUT,115,4,benchKey_34_65,bytes=30;client_id=34;clients=50
1777331412753,PUT,115,4,benchKey_3_65,bytes=29;client_id=3;clients=50
1777331412754,PUT,116,4,benchKey_14_65,bytes=30;client_id=14;clients=50
1777331412754,PUT,116,4,benchKey_9_65,bytes=29;client_id=9;clients=50
1777331412756,PUT,106,4,benchKey_6_65,bytes=29;client_id=6;clients=50
1777331412756,PUT,108,4,benchKey_47_65,bytes=30;client_id=47;clients=50
1777331412756,PUT,97,4,benchKey_24_65,bytes=30;client_id=24;clients=50
1777331412756,PUT,98,4,benchKey_5_65,bytes=29;client_id=5;clients=50
1777331412756,PUT,97,4,benchKey_13_65,bytes=30;client_id=13;clients=50
1777331412757,PUT,89,4,benchKey_43_65,bytes=30;client_id=43;clients=50
1777331412765,PUT,94,4,benchKey_28_65,bytes=30;client_id=28;clients=50
1777331412765,PUT,93,4,benchKey_25_65,bytes=30;client_id=25;clients=50
1777331412765,PUT,96,4,benchKey_46_65,bytes=30;client_id=46;clients=50
1777331412766,PUT,94,4,benchKey_16_65,bytes=30;client_id=16;clients=50
1777331412774,PUT,102,4,benchKey_2_65,bytes=29;client_id=2;clients=50
1777331412775,PUT,102,4,benchKey_21_65,bytes=30;client_id=21;clients=50
1777331412783,PUT,110,4,benchKey_27_65,bytes=30;client_id=27;clients=50
1777331412784,PUT,110,4,benchKey_49_65,bytes=30;client_id=49;clients=50
1777331412784,PUT,111,4,benchKey_33_65,bytes=30;client_id=33;clients=50
1777331412791,PUT,117,4,benchKey_19_65,bytes=30;client_id=19;clients=50
1777331412796,PUT,115,4,benchKey_8_65,bytes=29;client_id=8;clients=50
1777331412796,PUT,115,4,benchKey_11_66,bytes=30;client_id=11;clients=50
1777331412796,PUT,116,4,benchKey_12_65,bytes=30;client_id=12;clients=50
1777331412797,PUT,116,4,benchKey_44_65,bytes=30;client_id=44;clients=50
1777331412797,PUT,107,4,benchKey_48_65,bytes=30;client_id=48;clients=50
1777331412798,PUT,106,4,benchKey_7_65,bytes=29;client_id=7;clients=50
1777331412798,PUT,98,4,benchKey_4_66,bytes=29;client_id=4;clients=50
1777331412799,PUT,99,4,benchKey_0_65,bytes=29;client_id=0;clients=50
1777331412799,PUT,91,4,benchKey_41_66,bytes=30;client_id=41;clients=50
1777331412799,PUT,98,4,benchKey_1_65,bytes=29;client_id=1;clients=50
1777331412807,PUT,95,4,benchKey_39_65,bytes=30;client_id=39;clients=50
1777331412808,PUT,96,4,benchKey_29_65,bytes=30;client_id=29;clients=50
1777331412808,PUT,95,4,benchKey_31_66,bytes=30;client_id=31;clients=50
1777331412808,PUT,97,4,benchKey_37_66,bytes=30;client_id=37;clients=50
1777331412816,PUT,101,4,benchKey_23_66,bytes=30;client_id=23;clients=50
1777331412817,PUT,102,4,benchKey_36_66,bytes=30;client_id=36;clients=50
1777331412825,PUT,110,4,benchKey_15_66,bytes=30;client_id=15;clients=50
1777331412825,PUT,111,4,benchKey_40_66,bytes=30;client_id=40;clients=50
1777331412825,PUT,110,4,benchKey_22_66,bytes=30;client_id=22;clients=50
1777331412833,PUT,117,4,benchKey_38_66,bytes=30;client_id=38;clients=50
1777331412838,PUT,115,4,benchKey_32_66,bytes=30;client_id=32;clients=50
1777331412838,PUT,114,4,benchKey_10_66,bytes=30;client_id=10;clients=50
1777331412839,PUT,106,4,benchKey_18_66,bytes=30;client_id=18;clients=50
1777331412839,PUT,115,4,benchKey_20_66,bytes=30;client_id=20;clients=50
1777331412840,PUT,116,4,benchKey_35_66,bytes=30;client_id=35;clients=50
1777331412840,PUT,107,4,benchKey_42_66,bytes=30;client_id=42;clients=50
1777331412841,PUT,99,4,benchKey_17_66,bytes=30;client_id=17;clients=50
1777331412841,PUT,91,4,benchKey_26_66,bytes=30;client_id=26;clients=50
1777331412841,PUT,99,4,benchKey_45_66,bytes=30;client_id=45;clients=50
1777331412842,PUT,100,4,benchKey_30_66,bytes=30;client_id=30;clients=50
1777331412849,PUT,95,4,benchKey_34_66,bytes=30;client_id=34;clients=50
1777331412850,PUT,95,4,benchKey_9_66,bytes=29;client_id=9;clients=50
1777331412850,PUT,96,4,benchKey_14_66,bytes=30;client_id=14;clients=50
1777331412851,PUT,97,4,benchKey_3_66,bytes=29;client_id=3;clients=50
1777331412858,PUT,102,4,benchKey_47_66,bytes=30;client_id=47;clients=50
1777331412859,PUT,103,4,benchKey_6_66,bytes=29;client_id=6;clients=50
1777331412867,PUT,111,4,benchKey_24_66,bytes=30;client_id=24;clients=50
1777331412867,PUT,111,4,benchKey_13_66,bytes=30;client_id=13;clients=50
1777331412868,PUT,112,4,benchKey_5_66,bytes=29;client_id=5;clients=50
1777331412876,PUT,119,4,benchKey_43_66,bytes=30;client_id=43;clients=50
1777331412881,PUT,115,4,benchKey_25_66,bytes=30;client_id=25;clients=50
1777331412881,PUT,115,4,benchKey_16_66,bytes=30;client_id=16;clients=50
1777331412881,PUT,115,4,benchKey_28_66,bytes=30;client_id=28;clients=50
1777331412881,PUT,115,4,benchKey_46_66,bytes=30;client_id=46;clients=50
1777331412882,PUT,107,4,benchKey_21_66,bytes=30;client_id=21;clients=50
1777331412883,PUT,98,4,benchKey_33_66,bytes=30;client_id=33;clients=50
1777331412883,PUT,91,4,benchKey_19_66,bytes=30;client_id=19;clients=50
1777331412883,PUT,98,4,benchKey_49_66,bytes=30;client_id=49;clients=50
1777331412883,PUT,109,4,benchKey_2_66,bytes=29;client_id=2;clients=50
1777331412884,PUT,100,4,benchKey_27_66,bytes=30;client_id=27;clients=50
1777331412891,PUT,95,4,benchKey_8_66,bytes=29;client_id=8;clients=50
1777331412892,PUT,95,4,benchKey_12_66,bytes=30;client_id=12;clients=50
1777331412892,PUT,96,4,benchKey_11_67,bytes=30;client_id=11;clients=50
1777331412894,PUT,96,4,benchKey_44_66,bytes=30;client_id=44;clients=50
1777331412901,PUT,103,4,benchKey_48_66,bytes=30;client_id=48;clients=50
1777331412901,PUT,103,4,benchKey_7_66,bytes=29;client_id=7;clients=50
1777331412909,PUT,109,4,benchKey_0_66,bytes=29;client_id=0;clients=50
1777331412909,PUT,110,4,benchKey_4_67,bytes=29;client_id=4;clients=50
1777331412911,PUT,111,4,benchKey_41_67,bytes=30;client_id=41;clients=50
1777331412918,PUT,118,4,benchKey_1_66,bytes=29;client_id=1;clients=50
1777331412923,PUT,115,4,benchKey_29_66,bytes=30;client_id=29;clients=50
1777331412923,PUT,114,4,benchKey_37_67,bytes=30;client_id=37;clients=50
1777331412924,PUT,108,4,benchKey_23_67,bytes=30;client_id=23;clients=50
1777331412924,PUT,115,4,benchKey_31_67,bytes=30;client_id=31;clients=50
1777331412924,PUT,116,4,benchKey_39_66,bytes=30;client_id=39;clients=50
1777331412925,PUT,91,4,benchKey_38_67,bytes=30;client_id=38;clients=50
1777331412925,PUT,108,4,benchKey_36_67,bytes=30;client_id=36;clients=50
1777331412925,PUT,99,4,benchKey_22_67,bytes=30;client_id=22;clients=50
1777331412925,PUT,99,4,benchKey_15_67,bytes=30;client_id=15;clients=50
1777331412925,PUT,99,4,benchKey_40_67,bytes=30;client_id=40;clients=50
1777331412934,PUT,95,4,benchKey_32_67,bytes=30;client_id=32;clients=50
1777331412934,PUT,95,4,benchKey_10_67,bytes=30;client_id=10;clients=50
1777331412934,PUT,95,4,benchKey_18_67,bytes=30;client_id=18;clients=50
1777331412936,PUT,96,4,benchKey_20_67,bytes=30;client_id=20;clients=50
1777331412943,PUT,102,4,benchKey_35_67,bytes=30;client_id=35;clients=50
1777331412945,PUT,104,4,benchKey_42_67,bytes=30;client_id=42;clients=50
1777331412951,PUT,109,4,benchKey_26_67,bytes=30;client_id=26;clients=50
1777331412952,PUT,110,4,benchKey_17_67,bytes=30;client_id=17;clients=50
1777331412953,PUT,111,4,benchKey_45_67,bytes=30;client_id=45;clients=50
1777331412959,PUT,117,4,benchKey_30_67,bytes=30;client_id=30;clients=50
1777331412966,PUT,115,4,benchKey_14_67,bytes=30;client_id=14;clients=50
1777331412966,PUT,116,4,benchKey_34_67,bytes=30;client_id=34;clients=50
1777331412966,PUT,115,4,benchKey_3_67,bytes=29;client_id=3;clients=50
1777331412966,PUT,116,4,benchKey_9_67,bytes=29;client_id=9;clients=50
1777331412967,PUT,107,4,benchKey_6_67,bytes=29;client_id=6;clients=50
1777331412967,PUT,99,4,benchKey_13_67,bytes=30;client_id=13;clients=50
1777331412967,PUT,108,4,benchKey_47_67,bytes=30;client_id=47;clients=50
1777331412968,PUT,99,4,benchKey_5_67,bytes=29;client_id=5;clients=50
1777331412968,PUT,100,4,benchKey_24_67,bytes=30;client_id=24;clients=50
1777331412968,PUT,92,4,benchKey_43_67,bytes=30;client_id=43;clients=50
1777331412976,PUT,94,4,benchKey_46_67,bytes=30;client_id=46;clients=50
1777331412976,PUT,94,4,benchKey_28_67,bytes=30;client_id=28;clients=50
1777331412977,PUT,95,4,benchKey_16_67,bytes=30;client_id=16;clients=50
1777331412977,PUT,95,4,benchKey_25_67,bytes=30;client_id=25;clients=50
1777331412986,PUT,103,4,benchKey_21_67,bytes=30;client_id=21;clients=50
1777331412986,PUT,102,4,benchKey_19_67,bytes=30;client_id=19;clients=50
1777331412993,PUT,110,4,benchKey_33_67,bytes=30;client_id=33;clients=50
1777331412993,PUT,110,4,benchKey_49_67,bytes=30;client_id=49;clients=50
1777331412994,PUT,110,4,benchKey_2_67,bytes=29;client_id=2;clients=50
1777331413001,PUT,117,4,benchKey_27_67,bytes=30;client_id=27;clients=50
1777331413008,PUT,116,4,benchKey_11_68,bytes=30;client_id=11;clients=50
1777331413008,PUT,116,4,benchKey_12_67,bytes=30;client_id=12;clients=50
1777331413008,PUT,107,4,benchKey_7_67,bytes=29;client_id=7;clients=50
1777331413008,PUT,114,4,benchKey_44_67,bytes=30;client_id=44;clients=50
1777331413010,PUT,92,4,benchKey_1_67,bytes=29;client_id=1;clients=50
1777331413010,PUT,99,4,benchKey_41_68,bytes=30;client_id=41;clients=50
1777331413010,PUT,100,4,benchKey_4_68,bytes=29;client_id=4;clients=50
1777331413009,PUT,100,4,benchKey_0_67,bytes=29;client_id=0;clients=50
1777331413009,PUT,117,4,benchKey_8_67,bytes=29;client_id=8;clients=50
1777331413009,PUT,108,4,benchKey_48_67,bytes=30;client_id=48;clients=50
1777331413017,PUT,93,4,benchKey_29_67,bytes=30;client_id=29;clients=50
1777331413018,PUT,94,4,benchKey_23_68,bytes=30;client_id=23;clients=50
1777331413018,PUT,94,4,benchKey_37_68,bytes=30;client_id=37;clients=50
1777331413018,PUT,94,4,benchKey_31_68,bytes=30;client_id=31;clients=50
1777331413028,PUT,103,4,benchKey_38_68,bytes=30;client_id=38;clients=50
1777331413028,PUT,103,4,benchKey_39_67,bytes=30;client_id=39;clients=50
1777331413035,PUT,110,4,benchKey_36_68,bytes=30;client_id=36;clients=50
1777331413036,PUT,110,4,benchKey_22_68,bytes=30;client_id=22;clients=50
1777331413036,PUT,110,4,benchKey_15_68,bytes=30;client_id=15;clients=50
1777331413043,PUT,117,4,benchKey_40_68,bytes=30;client_id=40;clients=50
1777331413050,PUT,115,4,benchKey_32_68,bytes=30;client_id=32;clients=50
1777331413050,PUT,115,4,benchKey_18_68,bytes=30;client_id=18;clients=50
1777331413051,PUT,116,4,benchKey_10_68,bytes=30;client_id=10;clients=50
1777331413051,PUT,115,4,benchKey_20_68,bytes=30;client_id=20;clients=50
1777331413052,PUT,99,4,benchKey_45_68,bytes=30;client_id=45;clients=50
1777331413052,PUT,93,4,benchKey_30_68,bytes=30;client_id=30;clients=50
1777331413052,PUT,109,4,benchKey_35_68,bytes=30;client_id=35;clients=50
1777331413053,PUT,101,4,benchKey_26_68,bytes=30;client_id=26;clients=50
1777331413053,PUT,108,4,benchKey_42_68,bytes=30;client_id=42;clients=50
1777331413054,PUT,101,4,benchKey_17_68,bytes=30;client_id=17;clients=50
1777331413054,PUT,60,4,benchKey_49_68,bytes=30;client_id=49;clients=50
1777331413059,PUT,92,4,benchKey_34_68,bytes=30;client_id=34;clients=50
1777331413061,PUT,94,4,benchKey_3_68,bytes=29;client_id=3;clients=50
1777331413061,PUT,94,4,benchKey_14_68,bytes=30;client_id=14;clients=50
1777331413062,PUT,95,4,benchKey_9_68,bytes=29;client_id=9;clients=50
1777331413070,PUT,103,4,benchKey_6_68,bytes=29;client_id=6;clients=50
1777331413070,PUT,102,4,benchKey_47_68,bytes=30;client_id=47;clients=50
1777331413077,PUT,108,4,benchKey_5_68,bytes=29;client_id=5;clients=50
1777331413077,PUT,108,4,benchKey_24_68,bytes=30;client_id=24;clients=50
1777331413078,PUT,110,4,benchKey_13_68,bytes=30;client_id=13;clients=50
1777331413084,PUT,115,4,benchKey_43_68,bytes=30;client_id=43;clients=50
1777331413092,PUT,115,4,benchKey_28_68,bytes=30;client_id=28;clients=50
1777331413092,PUT,116,4,benchKey_46_68,bytes=30;client_id=46;clients=50
1777331413093,PUT,116,4,benchKey_16_68,bytes=30;client_id=16;clients=50
1777331413094,PUT,107,4,benchKey_19_68,bytes=30;client_id=19;clients=50
1777331413094,PUT,117,4,benchKey_25_68,bytes=30;client_id=25;clients=50
1777331413094,PUT,108,4,benchKey_21_68,bytes=30;client_id=21;clients=50
1777331413095,PUT,93,4,benchKey_27_68,bytes=30;client_id=27;clients=50
1777331413095,PUT,101,4,benchKey_33_68,bytes=30;client_id=33;clients=50
1777331413096,PUT,101,4,benchKey_2_68,bytes=29;client_id=2;clients=50
1777331413096,PUT,87,4,benchKey_11_69,bytes=30;client_id=11;clients=50
1777331413100,PUT,88,4,benchKey_44_68,bytes=30;client_id=44;clients=50
1777331413103,PUT,91,4,benchKey_12_68,bytes=30;client_id=12;clients=50
1777331413103,PUT,92,4,benchKey_7_68,bytes=29;client_id=7;clients=50
1777331413104,PUT,92,4,benchKey_1_68,bytes=29;client_id=1;clients=50
1777331413112,PUT,100,4,benchKey_4_69,bytes=29;client_id=4;clients=50
1777331413112,PUT,100,4,benchKey_41_69,bytes=30;client_id=41;clients=50
1777331413119,PUT,107,4,benchKey_8_68,bytes=29;client_id=8;clients=50
1777331413120,PUT,108,4,benchKey_0_68,bytes=29;client_id=0;clients=50
1777331413120,PUT,108,4,benchKey_48_68,bytes=30;client_id=48;clients=50
1777331413125,PUT,107,4,benchKey_29_68,bytes=30;client_id=29;clients=50
1777331413134,PUT,115,4,benchKey_37_69,bytes=30;client_id=37;clients=50
1777331413134,PUT,115,4,benchKey_23_69,bytes=30;client_id=23;clients=50
1777331413135,PUT,116,4,benchKey_31_69,bytes=30;client_id=31;clients=50
1777331413136,PUT,100,4,benchKey_22_69,bytes=30;client_id=22;clients=50
1777331413136,PUT,100,4,benchKey_15_69,bytes=30;client_id=15;clients=50
1777331413136,PUT,108,4,benchKey_39_68,bytes=30;client_id=39;clients=50
1777331413137,PUT,93,4,benchKey_40_69,bytes=30;client_id=40;clients=50
1777331413137,PUT,86,4,benchKey_32_69,bytes=30;client_id=32;clients=50
1777331413137,PUT,109,4,benchKey_38_69,bytes=30;client_id=38;clients=50
1777331413138,PUT,102,4,benchKey_36_69,bytes=30;client_id=36;clients=50
1777331413141,PUT,90,4,benchKey_18_69,bytes=30;client_id=18;clients=50
1777331413145,PUT,93,4,benchKey_45_69,bytes=30;client_id=45;clients=50
1777331413145,PUT,94,4,benchKey_10_69,bytes=30;client_id=10;clients=50
1777331413145,PUT,94,4,benchKey_20_69,bytes=30;client_id=20;clients=50
1777331413155,PUT,102,4,benchKey_35_69,bytes=30;client_id=35;clients=50
1777331413155,PUT,102,4,benchKey_30_69,bytes=30;client_id=30;clients=50
1777331413160,PUT,106,4,benchKey_26_69,bytes=30;client_id=26;clients=50
1777331413161,PUT,107,4,benchKey_17_69,bytes=30;client_id=17;clients=50
1777331413162,PUT,108,4,benchKey_42_69,bytes=30;client_id=42;clients=50
1777331413167,PUT,112,4,benchKey_49_69,bytes=30;client_id=49;clients=50
1777331413176,PUT,117,4,benchKey_34_69,bytes=30;client_id=34;clients=50
1777331413176,PUT,115,4,benchKey_3_69,bytes=29;client_id=3;clients=50
1777331413177,PUT,115,4,benchKey_14_69,bytes=30;client_id=14;clients=50
1777331413177,PUT,115,4,benchKey_9_69,bytes=29;client_id=9;clients=50
1777331413178,PUT,107,4,benchKey_6_69,bytes=29;client_id=6;clients=50
1777331413179,PUT,101,4,benchKey_5_69,bytes=29;client_id=5;clients=50
1777331413180,PUT,109,4,benchKey_47_69,bytes=30;client_id=47;clients=50
1777331413180,PUT,102,4,benchKey_24_69,bytes=30;client_id=24;clients=50
1777331413180,PUT,101,4,benchKey_13_69,bytes=30;client_id=13;clients=50
1777331413181,PUT,96,4,benchKey_43_69,bytes=30;client_id=43;clients=50
1777331413183,PUT,90,4,benchKey_28_69,bytes=30;client_id=28;clients=50
1777331413187,PUT,94,4,benchKey_46_69,bytes=30;client_id=46;clients=50
1777331413187,PUT,94,4,benchKey_16_69,bytes=30;client_id=16;clients=50
1777331413187,PUT,93,4,benchKey_19_69,bytes=30;client_id=19;clients=50
1777331413197,PUT,102,4,benchKey_25_69,bytes=30;client_id=25;clients=50
1777331413197,PUT,103,4,benchKey_21_69,bytes=30;client_id=21;clients=50
1777331413202,PUT,107,4,benchKey_33_69,bytes=30;client_id=33;clients=50
1777331413202,PUT,107,4,benchKey_27_69,bytes=30;client_id=27;clients=50
1777331413203,PUT,107,4,benchKey_2_69,bytes=29;client_id=2;clients=50
1777331413209,PUT,112,4,benchKey_11_70,bytes=30;client_id=11;clients=50
1777331413218,PUT,114,4,benchKey_7_69,bytes=29;client_id=7;clients=50
1777331413218,PUT,118,4,benchKey_44_69,bytes=30;client_id=44;clients=50
1777331413218,PUT,115,4,benchKey_12_69,bytes=30;client_id=12;clients=50
1777331413220,PUT,107,4,benchKey_41_70,bytes=30;client_id=41;clients=50
1777331413220,PUT,108,4,benchKey_4_70,bytes=29;client_id=4;clients=50
1777331413220,PUT,116,4,benchKey_1_69,bytes=29;client_id=1;clients=50
1777331413221,PUT,100,4,benchKey_0_69,bytes=29;client_id=0;clients=50
1777331413222,PUT,96,4,benchKey_29_69,bytes=30;client_id=29;clients=50
1777331413222,PUT,101,4,benchKey_48_69,bytes=30;client_id=48;clients=50
1777331413222,PUT,102,4,benchKey_8_69,bytes=29;client_id=8;clients=50
1777331413225,PUT,90,4,benchKey_37_70,bytes=30;client_id=37;clients=50
1777331413229,PUT,93,4,benchKey_22_70,bytes=30;client_id=22;clients=50
1777331413229,PUT,94,4,benchKey_23_70,bytes=30;client_id=23;clients=50
1777331413229,PUT,93,4,benchKey_31_70,bytes=30;client_id=31;clients=50
1777331413239,PUT,103,4,benchKey_15_70,bytes=30;client_id=15;clients=50
1777331413240,PUT,103,4,benchKey_39_69,bytes=30;client_id=39;clients=50
1777331413244,PUT,106,4,benchKey_32_70,bytes=30;client_id=32;clients=50
1777331413245,PUT,107,4,benchKey_38_70,bytes=30;client_id=38;clients=50
1777331413245,PUT,107,4,benchKey_40_70,bytes=30;client_id=40;clients=50
1777331413251,PUT,113,4,benchKey_36_70,bytes=30;client_id=36;clients=50
1777331413260,PUT,115,4,benchKey_45_70,bytes=30;client_id=45;clients=50
1777331413262,PUT,116,4,benchKey_10_70,bytes=30;client_id=10;clients=50
1777331413262,PUT,120,4,benchKey_18_70,bytes=30;client_id=18;clients=50
1777331413262,PUT,107,4,benchKey_35_70,bytes=30;client_id=35;clients=50
1777331413263,PUT,103,4,benchKey_26_70,bytes=30;client_id=26;clients=50
1777331413264,PUT,102,4,benchKey_42_70,bytes=30;client_id=42;clients=50
1777331413265,PUT,109,4,benchKey_30_70,bytes=30;client_id=30;clients=50
1777331413265,PUT,97,4,benchKey_49_70,bytes=30;client_id=49;clients=50
1777331413264,PUT,118,4,benchKey_20_70,bytes=30;client_id=20;clients=50
1777331413263,PUT,102,4,benchKey_17_70,bytes=30;client_id=17;clients=50
1777331413267,PUT,90,4,benchKey_34_70,bytes=30;client_id=34;clients=50
1777331413271,PUT,94,4,benchKey_3_70,bytes=29;client_id=3;clients=50
1777331413271,PUT,94,4,benchKey_14_70,bytes=30;client_id=14;clients=50
1777331413272,PUT,94,4,benchKey_9_70,bytes=29;client_id=9;clients=50
1777331413281,PUT,102,4,benchKey_5_70,bytes=29;client_id=5;clients=50
1777331413282,PUT,104,4,benchKey_6_70,bytes=29;client_id=6;clients=50
1777331413285,PUT,105,4,benchKey_47_70,bytes=30;client_id=47;clients=50
1777331413286,PUT,106,4,benchKey_24_70,bytes=30;client_id=24;clients=50
1777331413287,PUT,107,4,benchKey_13_70,bytes=30;client_id=13;clients=50
1777331413294,PUT,113,4,benchKey_43_70,bytes=30;client_id=43;clients=50
1777331413302,PUT,119,4,benchKey_28_70,bytes=30;client_id=28;clients=50
1777331413303,PUT,116,4,benchKey_16_70,bytes=30;client_id=16;clients=50
1777331413304,PUT,116,4,benchKey_46_70,bytes=30;client_id=46;clients=50
1777331413306,PUT,103,4,benchKey_27_70,bytes=30;client_id=27;clients=50
1777331413306,PUT,108,4,benchKey_21_70,bytes=30;client_id=21;clients=50
1777331413306,PUT,118,4,benchKey_19_70,bytes=30;client_id=19;clients=50
1777331413306,PUT,109,4,benchKey_25_70,bytes=30;client_id=25;clients=50
1777331413307,PUT,97,4,benchKey_11_71,bytes=30;client_id=11;clients=50
1777331413308,PUT,104,4,benchKey_2_70,bytes=29;client_id=2;clients=50
1777331413308,PUT,106,4,benchKey_33_70,bytes=30;client_id=33;clients=50
1777331413310,PUT,91,4,benchKey_7_70,bytes=29;client_id=7;clients=50
1777331413313,PUT,94,4,benchKey_12_70,bytes=30;client_id=12;clients=50
1777331413313,PUT,94,4,benchKey_44_70,bytes=30;client_id=44;clients=50
1777331413314,PUT,94,4,benchKey_41_71,bytes=30;client_id=41;clients=50
1777331413324,PUT,103,4,benchKey_4_71,bytes=29;client_id=4;clients=50
1777331413325,PUT,104,4,benchKey_1_70,bytes=29;client_id=1;clients=50
1777331413327,PUT,105,4,benchKey_0_70,bytes=29;client_id=0;clients=50
1777331413328,PUT,105,4,benchKey_29_70,bytes=30;client_id=29;clients=50
1777331413329,PUT,106,4,benchKey_48_70,bytes=30;client_id=48;clients=50
1777331413336,PUT,114,4,benchKey_8_70,bytes=29;client_id=8;clients=50
1777331413345,PUT,116,4,benchKey_22_71,bytes=30;client_id=22;clients=50
1777331413345,PUT,116,4,benchKey_23_71,bytes=30;client_id=23;clients=50
1777331413346,PUT,120,4,benchKey_37_71,bytes=30;client_id=37;clients=50
1777331413348,PUT,108,4,benchKey_15_71,bytes=30;client_id=15;clients=50
1777331413349,PUT,105,4,benchKey_32_71,bytes=30;client_id=32;clients=50
1777331413349,PUT,109,4,benchKey_39_70,bytes=30;client_id=39;clients=50
1777331413350,PUT,105,4,benchKey_40_71,bytes=30;client_id=40;clients=50
1777331413351,PUT,121,4,benchKey_31_71,bytes=30;client_id=31;clients=50
1777331413351,PUT,90,4,benchKey_45_71,bytes=30;client_id=45;clients=50
1777331413351,PUT,106,4,benchKey_38_71,bytes=30;client_id=38;clients=50
1777331413352,PUT,100,4,benchKey_36_71,bytes=30;client_id=36;clients=50
1777331413356,PUT,94,4,benchKey_10_71,bytes=30;client_id=10;clients=50
1777331413357,PUT,94,4,benchKey_18_71,bytes=30;client_id=18;clients=50
1777331413357,PUT,94,4,benchKey_35_71,bytes=30;client_id=35;clients=50
1777331413366,PUT,102,4,benchKey_26_71,bytes=30;client_id=26;clients=50
1777331413366,PUT,101,4,benchKey_42_71,bytes=30;client_id=42;clients=50
1777331413368,PUT,103,4,benchKey_30_71,bytes=30;client_id=30;clients=50
1777331413369,PUT,104,4,benchKey_49_71,bytes=30;client_id=49;clients=50
1777331413370,PUT,105,4,benchKey_20_71,bytes=30;client_id=20;clients=50
1777331413379,PUT,114,4,benchKey_17_71,bytes=30;client_id=17;clients=50
1777331413387,PUT,120,4,benchKey_34_71,bytes=30;client_id=34;clients=50
1777331413388,PUT,116,4,benchKey_14_71,bytes=30;client_id=14;clients=50
1777331413388,PUT,116,4,benchKey_3_71,bytes=29;client_id=3;clients=50
1777331413392,PUT,110,4,benchKey_5_71,bytes=29;client_id=5;clients=50
1777331413392,PUT,119,4,benchKey_9_71,bytes=29;client_id=9;clients=50
1777331413392,PUT,109,4,benchKey_6_71,bytes=29;client_id=6;clients=50
1777331413394,PUT,100,4,benchKey_43_71,bytes=30;client_id=43;clients=50
1777331413394,PUT,107,4,benchKey_13_71,bytes=30;client_id=13;clients=50
1777331413394,PUT,108,4,benchKey_24_71,bytes=30;client_id=24;clients=50
1777331413395,PUT,109,4,benchKey_47_71,bytes=30;client_id=47;clients=50
1777331413395,PUT,92,4,benchKey_28_71,bytes=30;client_id=28;clients=50
1777331413398,PUT,94,4,benchKey_16_71,bytes=30;client_id=16;clients=50
1777331413398,PUT,94,4,benchKey_46_71,bytes=30;client_id=46;clients=50
1777331413399,PUT,93,4,benchKey_27_71,bytes=30;client_id=27;clients=50
1777331413408,PUT,101,4,benchKey_19_71,bytes=30;client_id=19;clients=50
1777331413409,PUT,102,4,benchKey_21_71,bytes=30;client_id=21;clients=50
1777331413409,PUT,102,4,benchKey_25_71,bytes=30;client_id=25;clients=50
1777331413410,PUT,103,4,benchKey_11_72,bytes=30;client_id=11;clients=50
1777331413413,PUT,105,4,benchKey_2_71,bytes=29;client_id=2;clients=50
1777331413421,PUT,112,4,benchKey_33_71,bytes=30;client_id=33;clients=50
1777331413429,PUT,119,4,benchKey_7_71,bytes=29;client_id=7;clients=50
1777331413430,PUT,117,4,benchKey_12_71,bytes=30;client_id=12;clients=50
1777331413430,PUT,116,4,benchKey_44_71,bytes=30;client_id=44;clients=50
1777331413433,PUT,118,4,benchKey_41_72,bytes=30;client_id=41;clients=50
1777331413434,PUT,109,4,benchKey_4_72,bytes=29;client_id=4;clients=50
1777331413434,PUT,109,4,benchKey_1_71,bytes=29;client_id=1;clients=50
1777331413437,PUT,101,4,benchKey_8_71,bytes=29;client_id=8;clients=50
1777331413437,PUT,92,4,benchKey_22_72,bytes=30;client_id=22;clients=50
1777331413438,PUT,109,4,benchKey_29_71,bytes=30;client_id=29;clients=50
1777331413438,PUT,110,4,benchKey_0_71,bytes=29;client_id=0;clients=50
1777331413438,PUT,108,4,benchKey_48_71,bytes=30;client_id=48;clients=50
1777331413440,PUT,94,4,benchKey_37_72,bytes=30;client_id=37;clients=50
1777331413441,PUT,96,4,benchKey_23_72,bytes=30;client_id=23;clients=50
1777331413441,PUT,93,4,benchKey_15_72,bytes=30;client_id=15;clients=50
1777331413450,PUT,100,4,benchKey_39_71,bytes=30;client_id=39;clients=50
1777331413450,PUT,100,4,benchKey_32_72,bytes=30;client_id=32;clients=50
1777331413451,PUT,99,4,benchKey_31_72,bytes=30;client_id=31;clients=50
1777331413452,PUT,101,4,benchKey_40_72,bytes=30;client_id=40;clients=50
1777331413455,PUT,103,4,benchKey_45_72,bytes=30;client_id=45;clients=50
1777331413463,PUT,111,4,benchKey_38_72,bytes=30;client_id=38;clients=50
1777331413471,PUT,119,4,benchKey_36_72,bytes=30;client_id=36;clients=50
1777331413472,PUT,115,4,benchKey_18_72,bytes=30;client_id=18;clients=50
1777331413472,PUT,115,4,benchKey_10_72,bytes=30;client_id=10;clients=50
1777331413476,PUT,118,4,benchKey_35_72,bytes=30;client_id=35;clients=50
1777331413477,PUT,110,4,benchKey_26_72,bytes=30;client_id=26;clients=50
1777331413477,PUT,110,4,benchKey_42_72,bytes=30;client_id=42;clients=50
1777331413479,PUT,110,4,benchKey_49_72,bytes=30;client_id=49;clients=50
1777331413480,PUT,109,4,benchKey_20_72,bytes=30;client_id=20;clients=50
1777331413480,PUT,101,4,benchKey_17_72,bytes=30;client_id=17;clients=50
1777331413480,PUT,112,4,benchKey_30_72,bytes=30;client_id=30;clients=50
1777331413480,PUT,93,4,benchKey_34_72,bytes=30;client_id=34;clients=50
1777331413482,PUT,93,4,benchKey_14_72,bytes=30;client_id=14;clients=50
1777331413483,PUT,91,4,benchKey_5_72,bytes=29;client_id=5;clients=50
1777331413484,PUT,95,4,benchKey_3_72,bytes=29;client_id=3;clients=50
1777331413491,PUT,99,4,benchKey_9_72,bytes=29;client_id=9;clients=50
1777331413493,PUT,98,4,benchKey_43_72,bytes=30;client_id=43;clients=50
1777331413493,PUT,101,4,benchKey_6_72,bytes=29;client_id=6;clients=50
1777331413493,PUT,98,4,benchKey_13_72,bytes=30;client_id=13;clients=50
1777331413498,PUT,103,4,benchKey_24_72,bytes=30;client_id=24;clients=50
1777331413505,PUT,109,4,benchKey_47_72,bytes=30;client_id=47;clients=50
1777331413513,PUT,117,4,benchKey_28_72,bytes=30;client_id=28;clients=50
1777331413513,PUT,114,4,benchKey_46_72,bytes=30;client_id=46;clients=50
1777331413515,PUT,116,4,benchKey_16_72,bytes=30;client_id=16;clients=50
1777331413518,PUT,109,4,benchKey_21_72,bytes=30;client_id=21;clients=50
1777331413518,PUT,109,4,benchKey_19_72,bytes=30;client_id=19;clients=50
1777331413518,PUT,118,4,benchKey_27_72,bytes=30;client_id=27;clients=50
1777331413521,PUT,111,4,benchKey_25_72,bytes=30;client_id=25;clients=50
1777331413522,PUT,111,4,benchKey_11_73,bytes=30;client_id=11;clients=50
1777331413523,PUT,109,4,benchKey_2_72,bytes=29;client_id=2;clients=50
1777331413523,PUT,101,4,benchKey_33_72,bytes=30;client_id=33;clients=50
1777331413523,PUT,93,4,benchKey_7_72,bytes=29;client_id=7;clients=50
1777331413525,PUT,91,4,benchKey_41_73,bytes=30;client_id=41;clients=50
1777331413525,PUT,94,4,benchKey_12_72,bytes=30;client_id=12;clients=50
1777331413525,PUT,94,4,benchKey_44_72,bytes=30;client_id=44;clients=50
1777331413532,PUT,98,4,benchKey_4_73,bytes=29;client_id=4;clients=50
1777331413534,PUT,96,4,benchKey_8_72,bytes=29;client_id=8;clients=50
1777331413535,PUT,97,4,benchKey_22_73,bytes=30;client_id=22;clients=50
1777331413535,PUT,100,4,benchKey_1_72,bytes=29;client_id=1;clients=50
1777331413539,PUT,100,4,benchKey_29_72,bytes=30;client_id=29;clients=50
1777331413547,PUT,108,4,benchKey_48_72,bytes=30;client_id=48;clients=50
1777331413556,PUT,117,4,benchKey_0_72,bytes=29;client_id=0;clients=50
1777331413556,PUT,115,4,benchKey_37_73,bytes=30;client_id=37;clients=50
1777331413557,PUT,115,4,benchKey_23_73,bytes=30;client_id=23;clients=50
1777331413560,PUT,109,4,benchKey_32_73,bytes=30;client_id=32;clients=50
1777331413560,PUT,118,4,benchKey_15_73,bytes=30;client_id=15;clients=50
1777331413561,PUT,110,4,benchKey_39_72,bytes=30;client_id=39;clients=50
1777331413563,PUT,111,4,benchKey_31_73,bytes=30;client_id=31;clients=50
1777331413564,PUT,111,4,benchKey_40_73,bytes=30;client_id=40;clients=50
1777331413565,PUT,101,4,benchKey_38_73,bytes=30;client_id=38;clients=50
1777331413565,PUT,93,4,benchKey_36_73,bytes=30;client_id=36;clients=50
1777331413565,PUT,110,4,benchKey_45_73,bytes=30;client_id=45;clients=50
1777331413567,PUT,94,4,benchKey_18_73,bytes=30;client_id=18;clients=50
1777331413567,PUT,94,4,benchKey_10_73,bytes=30;client_id=10;clients=50
1777331413568,PUT,91,4,benchKey_35_73,bytes=30;client_id=35;clients=50
1777331413574,PUT,97,4,benchKey_26_73,bytes=30;client_id=26;clients=50
1777331413576,PUT,99,4,benchKey_42_73,bytes=30;client_id=42;clients=50
1777331413578,PUT,97,4,benchKey_20_73,bytes=30;client_id=20;clients=50
1777331413578,PUT,98,4,benchKey_49_73,bytes=30;client_id=49;clients=50
1777331413580,PUT,99,4,benchKey_17_73,bytes=30;client_id=17;clients=50
1777331413588,PUT,107,4,benchKey_30_73,bytes=30;client_id=30;clients=50
1777331413597,PUT,116,4,benchKey_34_73,bytes=30;client_id=34;clients=50
1777331413597,PUT,114,4,benchKey_14_73,bytes=30;client_id=14;clients=50
1777331413598,PUT,114,4,benchKey_5_73,bytes=29;client_id=5;clients=50
1777331413602,PUT,118,4,benchKey_3_73,bytes=29;client_id=3;clients=50
1777331413602,PUT,111,4,benchKey_9_73,bytes=29;client_id=9;clients=50
1777331413603,PUT,109,4,benchKey_43_73,bytes=30;client_id=43;clients=50
1777331413604,PUT,110,4,benchKey_6_73,bytes=29;client_id=6;clients=50
1777331413605,PUT,111,4,benchKey_13_73,bytes=30;client_id=13;clients=50
1777331413607,PUT,108,4,benchKey_24_73,bytes=30;client_id=24;clients=50
1777331413607,PUT,101,4,benchKey_47_73,bytes=30;client_id=47;clients=50
1777331413608,PUT,94,4,benchKey_46_73,bytes=30;client_id=46;clients=50
1777331413608,PUT,93,4,benchKey_16_73,bytes=30;client_id=16;clients=50
1777331413608,PUT,94,4,benchKey_28_73,bytes=30;client_id=28;clients=50
1777331413610,PUT,91,4,benchKey_21_73,bytes=30;client_id=21;clients=50
1777331413615,PUT,96,4,benchKey_19_73,bytes=30;client_id=19;clients=50
1777331413618,PUT,99,4,benchKey_27_73,bytes=30;client_id=27;clients=50
1777331413619,PUT,96,4,benchKey_11_74,bytes=30;client_id=11;clients=50
1777331413619,PUT,97,4,benchKey_25_73,bytes=30;client_id=25;clients=50
1777331413622,PUT,98,4,benchKey_33_73,bytes=30;client_id=33;clients=50
1777331413629,PUT,106,4,benchKey_2_73,bytes=29;client_id=2;clients=50
1777331413639,PUT,113,4,benchKey_41_74,bytes=30;client_id=41;clients=50
1777331413639,PUT,115,4,benchKey_7_73,bytes=29;client_id=7;clients=50
1777331413639,PUT,114,4,benchKey_12_73,bytes=30;client_id=12;clients=50
1777331413645,PUT,111,4,benchKey_8_73,bytes=29;client_id=8;clients=50
1777331413645,PUT,119,4,benchKey_44_73,bytes=30;client_id=44;clients=50
1777331413645,PUT,110,4,benchKey_22_74,bytes=30;client_id=22;clients=50
1777331413645,PUT,113,4,benchKey_4_74,bytes=29;client_id=4;clients=50
1777331413646,PUT,110,4,benchKey_1_73,bytes=29;client_id=1;clients=50
1777331413648,PUT,100,4,benchKey_48_73,bytes=30;client_id=48;clients=50
1777331413648,PUT,108,4,benchKey_29_73,bytes=30;client_id=29;clients=50
1777331413649,PUT,92,4,benchKey_0_73,bytes=29;client_id=0;clients=50
1777331413649,PUT,92,4,benchKey_37_74,bytes=30;client_id=37;clients=50
1777331413650,PUT,93,4,benchKey_23_74,bytes=30;client_id=23;clients=50
1777331413651,PUT,90,4,benchKey_32_74,bytes=30;client_id=32;clients=50
1777331413657,PUT,96,4,benchKey_15_74,bytes=30;client_id=15;clients=50
1777331413659,PUT,97,4,benchKey_39_73,bytes=30;client_id=39;clients=50
1777331413661,PUT,97,4,benchKey_40_74,bytes=30;client_id=40;clients=50
1777331413661,PUT,97,4,benchKey_31_74,bytes=30;client_id=31;clients=50
1777331413663,PUT,97,4,benchKey_38_74,bytes=30;client_id=38;clients=50
1777331413671,PUT,105,4,benchKey_36_74,bytes=30;client_id=36;clients=50
1777331413681,PUT,114,4,benchKey_10_74,bytes=30;client_id=10;clients=50
1777331413682,PUT,115,4,benchKey_18_74,bytes=30;client_id=18;clients=50
1777331413682,PUT,116,4,benchKey_45_74,bytes=30;client_id=45;clients=50
1777331413687,PUT,119,4,benchKey_35_74,bytes=30;client_id=35;clients=50
1777331413687,PUT,111,4,benchKey_42_74,bytes=30;client_id=42;clients=50
1777331413687,PUT,109,4,benchKey_20_74,bytes=30;client_id=20;clients=50
1777331413687,PUT,109,4,benchKey_49_74,bytes=30;client_id=49;clients=50
1777331413687,PUT,113,4,benchKey_26_74,bytes=30;client_id=26;clients=50
1777331413689,PUT,100,4,benchKey_30_74,bytes=30;client_id=30;clients=50
1777331413690,PUT,110,4,benchKey_17_74,bytes=30;client_id=17;clients=50
1777331413690,PUT,92,4,benchKey_14_74,bytes=30;client_id=14;clients=50
1777331413691,PUT,93,4,benchKey_34_74,bytes=30;client_id=34;clients=50
1777331413692,PUT,94,4,benchKey_5_74,bytes=29;client_id=5;clients=50
1777331413693,PUT,90,4,benchKey_3_74,bytes=29;client_id=3;clients=50
1777331413699,PUT,96,4,benchKey_9_74,bytes=29;client_id=9;clients=50
1777331413700,PUT,97,4,benchKey_43_74,bytes=30;client_id=43;clients=50
1777331413702,PUT,97,4,benchKey_6_74,bytes=29;client_id=6;clients=50
1777331413703,PUT,97,4,benchKey_13_74,bytes=30;client_id=13;clients=50
1777331413704,PUT,96,4,benchKey_24_74,bytes=30;client_id=24;clients=50
1777331413713,PUT,106,4,benchKey_47_74,bytes=30;client_id=47;clients=50
1777331413723,PUT,115,4,benchKey_46_74,bytes=30;client_id=46;clients=50
1777331413723,PUT,114,4,benchKey_28_74,bytes=30;client_id=28;clients=50
1777331413724,PUT,116,4,benchKey_16_74,bytes=30;client_id=16;clients=50
1777331413729,PUT,110,4,benchKey_11_75,bytes=30;client_id=11;clients=50
1777331413729,PUT,119,4,benchKey_21_74,bytes=30;client_id=21;clients=50
1777331413729,PUT,110,4,benchKey_25_74,bytes=30;client_id=25;clients=50
1777331413729,PUT,111,4,benchKey_27_74,bytes=30;client_id=27;clients=50
1777331413729,PUT,114,4,benchKey_19_74,bytes=30;client_id=19;clients=50
1777331413730,PUT,107,4,benchKey_33_74,bytes=30;client_id=33;clients=50
1777331413732,PUT,102,4,benchKey_2_74,bytes=29;client_id=2;clients=50
1777331413732,PUT,92,4,benchKey_41_75,bytes=30;client_id=41;clients=50
1777331413733,PUT,93,4,benchKey_7_74,bytes=29;client_id=7;clients=50
1777331413734,PUT,94,4,benchKey_12_74,bytes=30;client_id=12;clients=50
1777331413734,PUT,88,4,benchKey_8_74,bytes=29;client_id=8;clients=50
1777331413741,PUT,95,4,benchKey_22_75,bytes=30;client_id=22;clients=50
1777331413741,PUT,95,4,benchKey_44_74,bytes=30;client_id=44;clients=50
1777331413744,PUT,98,4,benchKey_4_75,bytes=29;client_id=4;clients=50
1777331413744,PUT,98,4,benchKey_1_74,bytes=29;client_id=1;clients=50
1777331413745,PUT,96,4,benchKey_48_74,bytes=30;client_id=48;clients=50
1777331413754,PUT,106,4,benchKey_29_74,bytes=30;client_id=29;clients=50
1777331413765,PUT,115,4,benchKey_23_75,bytes=30;client_id=23;clients=50
1777331413766,PUT,117,4,benchKey_0_74,bytes=29;client_id=0;clients=50
1777331413766,PUT,117,4,benchKey_37_75,bytes=30;client_id=37;clients=50
1777331413771,PUT,112,4,benchKey_39_74,bytes=30;client_id=39;clients=50
1777331413771,PUT,120,4,benchKey_32_75,bytes=30;client_id=32;clients=50
1777331413771,PUT,114,4,benchKey_15_75,bytes=30;client_id=15;clients=50
1777331413772,PUT,108,4,benchKey_38_75,bytes=30;client_id=38;clients=50
1777331413772,PUT,111,4,benchKey_31_75,bytes=30;client_id=31;clients=50
1777331413772,PUT,111,4,benchKey_40_75,bytes=30;client_id=40;clients=50
1777331413774,PUT,93,4,benchKey_10_75,bytes=30;client_id=10;clients=50
1777331413774,PUT,92,4,benchKey_18_75,bytes=30;client_id=18;clients=50
1777331413774,PUT,102,4,benchKey_36_75,bytes=30;client_id=36;clients=50
1777331413775,PUT,92,4,benchKey_45_75,bytes=30;client_id=45;clients=50
1777331413776,PUT,88,4,benchKey_42_75,bytes=30;client_id=42;clients=50
1777331413782,PUT,94,4,benchKey_20_75,bytes=30;client_id=20;clients=50
1777331413783,PUT,95,4,benchKey_35_75,bytes=30;client_id=35;clients=50
1777331413785,PUT,97,4,benchKey_26_75,bytes=30;client_id=26;clients=50
1777331413785,PUT,97,4,benchKey_49_75,bytes=30;client_id=49;clients=50
1777331413787,PUT,98,4,benchKey_30_75,bytes=30;client_id=30;clients=50
1777331413796,PUT,106,4,benchKey_17_75,bytes=30;client_id=17;clients=50
1777331413807,PUT,116,4,benchKey_34_75,bytes=30;client_id=34;clients=50
1777331413808,PUT,115,4,benchKey_5_75,bytes=29;client_id=5;clients=50
1777331413808,PUT,117,4,benchKey_14_75,bytes=30;client_id=14;clients=50
1777331413814,PUT,112,4,benchKey_6_75,bytes=29;client_id=6;clients=50
1777331413814,PUT,115,4,benchKey_9_75,bytes=29;client_id=9;clients=50
1777331413814,PUT,111,4,benchKey_13_75,bytes=30;client_id=13;clients=50
1777331413814,PUT,121,4,benchKey_3_75,bytes=29;client_id=3;clients=50
1777331413814,PUT,110,4,benchKey_24_75,bytes=30;client_id=24;clients=50
1777331413815,PUT,115,4,benchKey_43_75,bytes=30;client_id=43;clients=50
1777331413816,PUT,91,4,benchKey_16_75,bytes=30;client_id=16;clients=50
1777331413816,PUT,93,4,benchKey_28_75,bytes=30;client_id=28;clients=50
1777331413816,PUT,93,4,benchKey_46_75,bytes=30;client_id=46;clients=50
1777331413817,PUT,87,4,benchKey_11_76,bytes=30;client_id=11;clients=50
1777331413817,PUT,103,4,benchKey_47_75,bytes=30;client_id=47;clients=50
1777331413823,PUT,93,4,benchKey_21_75,bytes=30;client_id=21;clients=50
1777331413825,PUT,95,4,benchKey_25_75,bytes=30;client_id=25;clients=50
1777331413826,PUT,96,4,benchKey_19_75,bytes=30;client_id=19;clients=50
1777331413826,PUT,96,4,benchKey_27_75,bytes=30;client_id=27;clients=50
1777331413828,PUT,98,4,benchKey_33_75,bytes=30;client_id=33;clients=50
1777331413837,PUT,105,4,benchKey_2_75,bytes=29;client_id=2;clients=50
1777331413849,PUT,115,4,benchKey_8_75,bytes=29;client_id=8;clients=50
1777331413849,PUT,116,4,benchKey_7_75,bytes=29;client_id=7;clients=50
1777331413850,PUT,118,4,benchKey_41_76,bytes=30;client_id=41;clients=50
1777331413857,PUT,113,4,benchKey_4_76,bytes=29;client_id=4;clients=50
1777331413857,PUT,123,4,benchKey_12_75,bytes=30;client_id=12;clients=50
1777331413857,PUT,113,4,benchKey_1_75,bytes=29;client_id=1;clients=50
1777331413857,PUT,112,4,benchKey_48_75,bytes=30;client_id=48;clients=50
1777331413857,PUT,116,4,benchKey_44_75,bytes=30;client_id=44;clients=50
1777331413858,PUT,86,4,benchKey_39_75,bytes=30;client_id=39;clients=50
1777331413858,PUT,117,4,benchKey_22_76,bytes=30;client_id=22;clients=50
1777331413858,PUT,104,4,benchKey_29_75,bytes=30;client_id=29;clients=50
1777331413859,PUT,92,4,benchKey_37_76,bytes=30;client_id=37;clients=50
1777331413859,PUT,94,4,benchKey_23_76,bytes=30;client_id=23;clients=50
1777331413860,PUT,93,4,benchKey_0_75,bytes=29;client_id=0;clients=50
1777331413864,PUT,92,4,benchKey_32_76,bytes=30;client_id=32;clients=50
1777331413866,PUT,94,4,benchKey_15_76,bytes=30;client_id=15;clients=50
1777331413867,PUT,95,4,benchKey_38_76,bytes=30;client_id=38;clients=50
1777331413868,PUT,95,4,benchKey_31_76,bytes=30;client_id=31;clients=50
1777331413869,PUT,96,4,benchKey_40_76,bytes=30;client_id=40;clients=50
1777331413880,PUT,105,4,benchKey_10_76,bytes=30;client_id=10;clients=50
1777331413891,PUT,116,4,benchKey_45_76,bytes=30;client_id=45;clients=50
1777331413891,PUT,117,4,benchKey_18_76,bytes=30;client_id=18;clients=50
1777331413891,PUT,117,4,benchKey_36_76,bytes=30;client_id=36;clients=50
1777331413899,PUT,116,4,benchKey_35_76,bytes=30;client_id=35;clients=50
1777331413899,PUT,102,4,benchKey_17_76,bytes=30;client_id=17;clients=50
1777331413900,PUT,114,4,benchKey_26_76,bytes=30;client_id=26;clients=50
1777331413900,PUT,93,4,benchKey_34_76,bytes=30;client_id=34;clients=50
1777331413900,PUT,118,4,benchKey_20_76,bytes=30;client_id=20;clients=50
1777331413900,PUT,115,4,benchKey_49_76,bytes=30;client_id=49;clients=50
1777331413900,PUT,112,4,benchKey_30_76,bytes=30;client_id=30;clients=50
1777331413901,PUT,93,4,benchKey_5_76,bytes=29;client_id=5;clients=50
1777331413902,PUT,87,4,benchKey_6_76,bytes=29;client_id=6;clients=50
1777331413902,PUT,125,4,benchKey_42_76,bytes=30;client_id=42;clients=50
1777331413902,PUT,94,4,benchKey_14_76,bytes=30;client_id=14;clients=50
1777331413905,PUT,90,4,benchKey_9_76,bytes=29;client_id=9;clients=50
1777331413908,PUT,93,4,benchKey_3_76,bytes=29;client_id=3;clients=50
1777331413908,PUT,93,4,benchKey_13_76,bytes=30;client_id=13;clients=50
1777331413909,PUT,94,4,benchKey_24_76,bytes=30;client_id=24;clients=50
1777331413910,PUT,94,4,benchKey_43_76,bytes=30;client_id=43;clients=50
1777331413922,PUT,106,4,benchKey_16_76,bytes=30;client_id=16;clients=50
1777331413934,PUT,117,4,benchKey_11_77,bytes=30;client_id=11;clients=50
1777331413934,PUT,117,4,benchKey_28_76,bytes=30;client_id=28;clients=50
1777331413934,PUT,117,4,benchKey_46_76,bytes=30;client_id=46;clients=50
1777331413940,PUT,123,4,benchKey_47_76,bytes=30;client_id=47;clients=50
1777331413940,PUT,116,4,benchKey_21_76,bytes=30;client_id=21;clients=50
1777331413942,PUT,104,4,benchKey_2_76,bytes=29;client_id=2;clients=50
1777331413942,PUT,116,4,benchKey_27_76,bytes=30;client_id=27;clients=50
1777331413943,PUT,117,4,benchKey_25_76,bytes=30;client_id=25;clients=50
1777331413943,PUT,117,4,benchKey_19_76,bytes=30;client_id=19;clients=50
1777331413943,PUT,114,4,benchKey_33_76,bytes=30;client_id=33;clients=50
1777331413944,PUT,86,4,benchKey_4_77,bytes=29;client_id=4;clients=50
1777331413944,PUT,95,4,benchKey_8_76,bytes=29;client_id=8;clients=50
1777331413944,PUT,95,4,benchKey_7_76,bytes=29;client_id=7;clients=50
1777331413945,PUT,94,4,benchKey_41_77,bytes=30;client_id=41;clients=50
1777331413946,PUT,88,4,benchKey_12_76,bytes=30;client_id=12;clients=50
1777331413949,PUT,91,4,benchKey_48_76,bytes=30;client_id=48;clients=50
1777331413949,PUT,91,4,benchKey_1_76,bytes=29;client_id=1;clients=50
1777331413951,PUT,93,4,benchKey_44_76,bytes=30;client_id=44;clients=50
1777331413952,PUT,93,4,benchKey_39_76,bytes=30;client_id=39;clients=50
1777331413963,PUT,104,4,benchKey_22_77,bytes=30;client_id=22;clients=50
1777331413976,PUT,117,4,benchKey_37_77,bytes=30;client_id=37;clients=50
1777331413976,PUT,117,4,benchKey_29_76,bytes=30;client_id=29;clients=50
1777331413976,PUT,116,4,benchKey_23_77,bytes=30;client_id=23;clients=50
1777331413981,PUT,116,4,benchKey_32_77,bytes=30;client_id=32;clients=50
1777331413981,PUT,121,4,benchKey_0_76,bytes=29;client_id=0;clients=50
1777331413983,PUT,116,4,benchKey_15_77,bytes=30;client_id=15;clients=50
1777331413983,PUT,116,4,benchKey_38_77,bytes=30;client_id=38;clients=50
1777331413984,PUT,116,4,benchKey_31_77,bytes=30;client_id=31;clients=50
1777331413984,PUT,103,4,benchKey_10_77,bytes=30;client_id=10;clients=50
1777331413985,PUT,116,4,benchKey_40_77,bytes=30;client_id=40;clients=50
1777331413985,PUT,93,4,benchKey_45_77,bytes=30;client_id=45;clients=50
1777331413986,PUT,87,4,benchKey_17_77,bytes=30;client_id=17;clients=50
1777331413987,PUT,87,4,benchKey_35_77,bytes=30;client_id=35;clients=50
1777331413987,PUT,95,4,benchKey_36_77,bytes=30;client_id=36;clients=50
1777331413987,PUT,95,4,benchKey_18_77,bytes=30;client_id=18;clients=50
1777331413992,PUT,91,4,benchKey_26_77,bytes=30;client_id=26;clients=50
1777331413992,PUT,91,4,benchKey_20_77,bytes=30;client_id=20;clients=50
1777331413992,PUT,91,4,benchKey_34_77,bytes=30;client_id=34;clients=50
1777331413993,PUT,92,4,benchKey_49_77,bytes=30;client_id=49;clients=50
1777331414005,PUT,104,4,benchKey_30_77,bytes=30;client_id=30;clients=50
1777331414019,PUT,117,4,benchKey_6_77,bytes=29;client_id=6;clients=50
1777331414019,PUT,117,4,benchKey_5_77,bytes=29;client_id=5;clients=50
1777331414019,PUT,117,4,benchKey_42_77,bytes=30;client_id=42;clients=50
1777331414022,PUT,120,4,benchKey_14_77,bytes=30;client_id=14;clients=50
1777331414023,PUT,117,4,benchKey_9_77,bytes=29;client_id=9;clients=50
1777331414024,PUT,115,4,benchKey_3_77,bytes=29;client_id=3;clients=50
1777331414025,PUT,116,4,benchKey_24_77,bytes=30;client_id=24;clients=50
1777331414025,PUT,116,4,benchKey_13_77,bytes=30;client_id=13;clients=50
1777331414026,PUT,116,4,benchKey_43_77,bytes=30;client_id=43;clients=50
1777331414026,PUT,103,4,benchKey_16_77,bytes=30;client_id=16;clients=50
1777331414027,PUT,92,4,benchKey_28_77,bytes=30;client_id=28;clients=50
1777331414029,PUT,89,4,benchKey_47_77,bytes=30;client_id=47;clients=50
1777331414029,PUT,94,4,benchKey_11_78,bytes=30;client_id=11;clients=50
1777331414029,PUT,95,4,benchKey_46_77,bytes=30;client_id=46;clients=50
1777331414029,PUT,89,4,benchKey_21_77,bytes=30;client_id=21;clients=50
1777331414035,PUT,92,4,benchKey_33_77,bytes=30;client_id=33;clients=50
1777331414035,PUT,93,4,benchKey_2_77,bytes=29;client_id=2;clients=50
1777331414035,PUT,93,4,benchKey_27_77,bytes=30;client_id=27;clients=50
1777331414035,PUT,92,4,benchKey_25_77,bytes=30;client_id=25;clients=50
1777331414047,PUT,104,4,benchKey_19_77,bytes=30;client_id=19;clients=50
1777331414062,PUT,117,4,benchKey_8_77,bytes=29;client_id=8;clients=50
1777331414062,PUT,117,4,benchKey_7_77,bytes=29;client_id=7;clients=50
1777331414062,PUT,118,4,benchKey_4_78,bytes=29;client_id=4;clients=50
1777331414063,PUT,118,4,benchKey_41_78,bytes=30;client_id=41;clients=50
1777331414065,PUT,118,4,benchKey_12_77,bytes=30;client_id=12;clients=50
1777331414066,PUT,116,4,benchKey_1_77,bytes=29;client_id=1;clients=50
1777331414066,PUT,116,4,benchKey_48_77,bytes=30;client_id=48;clients=50
1777331414067,PUT,103,4,benchKey_22_78,bytes=30;client_id=22;clients=50
1777331414067,PUT,116,4,benchKey_44_77,bytes=30;client_id=44;clients=50
1777331414067,PUT,115,4,benchKey_39_77,bytes=30;client_id=39;clients=50
1777331414068,PUT,91,4,benchKey_37_78,bytes=30;client_id=37;clients=50
1777331414071,PUT,89,4,benchKey_32_78,bytes=30;client_id=32;clients=50
1777331414072,PUT,95,4,benchKey_23_78,bytes=30;client_id=23;clients=50
1777331414072,PUT,95,4,benchKey_29_77,bytes=30;client_id=29;clients=50
1777331414073,PUT,91,4,benchKey_0_77,bytes=29;client_id=0;clients=50
1777331414077,PUT,93,4,benchKey_10_78,bytes=30;client_id=10;clients=50
1777331414078,PUT,94,4,benchKey_15_78,bytes=30;client_id=15;clients=50
1777331414078,PUT,94,4,benchKey_31_78,bytes=30;client_id=31;clients=50
1777331414078,PUT,95,4,benchKey_38_78,bytes=30;client_id=38;clients=50
1777331414089,PUT,104,4,benchKey_40_78,bytes=30;client_id=40;clients=50
1777331414106,PUT,118,4,benchKey_35_78,bytes=30;client_id=35;clients=50
1777331414106,PUT,118,4,benchKey_36_78,bytes=30;client_id=36;clients=50
1777331414106,PUT,119,4,benchKey_17_78,bytes=30;client_id=17;clients=50
1777331414106,PUT,121,4,benchKey_45_78,bytes=30;client_id=45;clients=50
1777331414107,PUT,120,4,benchKey_18_78,bytes=30;client_id=18;clients=50
1777331414109,PUT,116,4,benchKey_26_78,bytes=30;client_id=26;clients=50
1777331414109,PUT,117,4,benchKey_20_78,bytes=30;client_id=20;clients=50
1777331414111,PUT,105,4,benchKey_30_78,bytes=30;client_id=30;clients=50
1777331414111,PUT,91,4,benchKey_6_78,bytes=29;client_id=6;clients=50
1777331414111,PUT,118,4,benchKey_49_78,bytes=30;client_id=49;clients=50
1777331414111,PUT,119,4,benchKey_34_78,bytes=30;client_id=34;clients=50
1777331414112,PUT,92,4,benchKey_5_78,bytes=29;client_id=5;clients=50
1777331414113,PUT,93,4,benchKey_42_78,bytes=30;client_id=42;clients=50
1777331414114,PUT,92,4,benchKey_14_78,bytes=30;client_id=14;clients=50
1777331414114,PUT,91,4,benchKey_9_78,bytes=29;client_id=9;clients=50
1777331414119,PUT,95,4,benchKey_3_78,bytes=29;client_id=3;clients=50
1777331414120,PUT,95,4,benchKey_13_78,bytes=30;client_id=13;clients=50
1777331414120,PUT,94,4,benchKey_43_78,bytes=30;client_id=43;clients=50
1777331414121,PUT,95,4,benchKey_24_78,bytes=30;client_id=24;clients=50
1777331414131,PUT,105,4,benchKey_16_78,bytes=30;client_id=16;clients=50
1777331414148,PUT,119,4,benchKey_47_78,bytes=30;client_id=47;clients=50
1777331414148,PUT,118,4,benchKey_46_78,bytes=30;client_id=46;clients=50
1777331414148,PUT,119,4,benchKey_11_79,bytes=30;client_id=11;clients=50
1777331414149,PUT,122,4,benchKey_28_78,bytes=30;client_id=28;clients=50
1777331414150,PUT,120,4,benchKey_21_78,bytes=30;client_id=21;clients=50
1777331414152,PUT,116,4,benchKey_25_78,bytes=30;client_id=25;clients=50
1777331414153,PUT,90,4,benchKey_7_78,bytes=29;client_id=7;clients=50
1777331414153,PUT,117,4,benchKey_2_78,bytes=29;client_id=2;clients=50
1777331414154,PUT,118,4,benchKey_27_78,bytes=30;client_id=27;clients=50
1777331414153,PUT,118,4,benchKey_33_78,bytes=30;client_id=33;clients=50
1777331414153,PUT,105,4,benchKey_19_78,bytes=30;client_id=19;clients=50
1777331414155,PUT,92,4,benchKey_8_78,bytes=29;client_id=8;clients=50
1777331414156,PUT,93,4,benchKey_4_79,bytes=29;client_id=4;clients=50
1777331414157,PUT,92,4,benchKey_12_78,bytes=30;client_id=12;clients=50
1777331414157,PUT,93,4,benchKey_41_79,bytes=30;client_id=41;clients=50
1777331414160,PUT,94,4,benchKey_1_78,bytes=29;client_id=1;clients=50
1777331414162,PUT,95,4,benchKey_48_78,bytes=30;client_id=48;clients=50
1777331414163,PUT,96,4,benchKey_22_79,bytes=30;client_id=22;clients=50
1777331414163,PUT,96,4,benchKey_44_78,bytes=30;client_id=44;clients=50
1777331414173,PUT,105,4,benchKey_39_78,bytes=30;client_id=39;clients=50
1777331414190,PUT,119,4,benchKey_32_79,bytes=30;client_id=32;clients=50
1777331414190,PUT,118,4,benchKey_23_79,bytes=30;client_id=23;clients=50
1777331414191,PUT,122,4,benchKey_37_79,bytes=30;client_id=37;clients=50
1777331414192,PUT,119,4,benchKey_29_78,bytes=30;client_id=29;clients=50
1777331414192,PUT,118,4,benchKey_0_78,bytes=29;client_id=0;clients=50
1777331414195,PUT,118,4,benchKey_10_79,bytes=30;client_id=10;clients=50
1777331414195,PUT,117,4,benchKey_31_79,bytes=30;client_id=31;clients=50
1777331414195,PUT,117,4,benchKey_38_79,bytes=30;client_id=38;clients=50
1777331414195,PUT,89,4,benchKey_35_79,bytes=30;client_id=35;clients=50
1777331414195,PUT,106,4,benchKey_40_79,bytes=30;client_id=40;clients=50
1777331414196,PUT,117,4,benchKey_15_79,bytes=30;client_id=15;clients=50
1777331414197,PUT,91,4,benchKey_17_79,bytes=30;client_id=17;clients=50
1777331414197,PUT,91,4,benchKey_36_79,bytes=30;client_id=36;clients=50
1777331414198,PUT,91,4,benchKey_45_79,bytes=30;client_id=45;clients=50
1777331414198,PUT,90,4,benchKey_18_79,bytes=30;client_id=18;clients=50
1777331414202,PUT,93,4,benchKey_26_79,bytes=30;client_id=26;clients=50
1777331414204,PUT,94,4,benchKey_20_79,bytes=30;client_id=20;clients=50
1777331414205,PUT,93,4,benchKey_6_79,bytes=29;client_id=6;clients=50
1777331414205,PUT,94,4,benchKey_30_79,bytes=30;client_id=30;clients=50
1777331414216,PUT,104,4,benchKey_49_79,bytes=30;client_id=49;clients=50
1777331414232,PUT,118,4,benchKey_42_79,bytes=30;client_id=42;clients=50
1777331414232,PUT,120,4,benchKey_5_79,bytes=29;client_id=5;clients=50
1777331414233,PUT,119,4,benchKey_9_79,bytes=29;client_id=9;clients=50
1777331414234,PUT,119,4,benchKey_14_79,bytes=30;client_id=14;clients=50
1777331414234,PUT,122,4,benchKey_34_79,bytes=30;client_id=34;clients=50
1777331414237,PUT,88,4,benchKey_46_79,bytes=30;client_id=46;clients=50
1777331414237,PUT,117,4,benchKey_43_79,bytes=30;client_id=43;clients=50
1777331414237,PUT,118,4,benchKey_3_79,bytes=29;client_id=3;clients=50
1777331414238,PUT,117,4,benchKey_13_79,bytes=30;client_id=13;clients=50
1777331414239,PUT,107,4,benchKey_16_79,bytes=30;client_id=16;clients=50
1777331414239,PUT,118,4,benchKey_24_79,bytes=30;client_id=24;clients=50
1777331414240,PUT,91,4,benchKey_47_79,bytes=30;client_id=47;clients=50
1777331414240,PUT,91,4,benchKey_11_80,bytes=30;client_id=11;clients=50
1777331414241,PUT,91,4,benchKey_21_79,bytes=30;client_id=21;clients=50
1777331414241,PUT,92,4,benchKey_28_79,bytes=30;client_id=28;clients=50
1777331414244,PUT,92,4,benchKey_25_79,bytes=30;client_id=25;clients=50
1777331414245,PUT,92,4,benchKey_7_79,bytes=29;client_id=7;clients=50
1777331414246,PUT,92,4,benchKey_27_79,bytes=30;client_id=27;clients=50
1777331414247,PUT,93,4,benchKey_2_79,bytes=29;client_id=2;clients=50
1777331414260,PUT,105,4,benchKey_33_79,bytes=30;client_id=33;clients=50
1777331414275,PUT,120,4,benchKey_19_79,bytes=30;client_id=19;clients=50
1777331414275,PUT,119,4,benchKey_8_79,bytes=29;client_id=8;clients=50
1777331414276,PUT,119,4,benchKey_4_80,bytes=29;client_id=4;clients=50
1777331414276,PUT,119,4,benchKey_41_80,bytes=30;client_id=41;clients=50
1777331414278,PUT,120,4,benchKey_12_79,bytes=30;client_id=12;clients=50
1777331414280,PUT,119,4,benchKey_1_79,bytes=29;client_id=1;clients=50
1777331414280,PUT,117,4,benchKey_48_79,bytes=30;client_id=48;clients=50
1777331414281,PUT,117,4,benchKey_44_79,bytes=30;client_id=44;clients=50
1777331414282,PUT,91,4,benchKey_32_80,bytes=30;client_id=32;clients=50
1777331414282,PUT,119,4,benchKey_22_80,bytes=30;client_id=22;clients=50
1777331414283,PUT,109,4,benchKey_39_79,bytes=30;client_id=39;clients=50
1777331414284,PUT,92,4,benchKey_0_79,bytes=29;client_id=0;clients=50
1777331414284,PUT,92,4,benchKey_29_79,bytes=30;client_id=29;clients=50
1777331414286,PUT,95,4,benchKey_23_80,bytes=30;client_id=23;clients=50
1777331414287,PUT,91,4,benchKey_10_80,bytes=30;client_id=10;clients=50
1777331414288,PUT,92,4,benchKey_31_80,bytes=30;client_id=31;clients=50
1777331414289,PUT,93,4,benchKey_38_80,bytes=30;client_id=38;clients=50
1777331414290,PUT,98,4,benchKey_37_80,bytes=30;client_id=37;clients=50
1777331414290,PUT,95,4,benchKey_35_80,bytes=30;client_id=35;clients=50
1777331414302,PUT,106,4,benchKey_40_80,bytes=30;client_id=40;clients=50
1777331414319,PUT,123,4,benchKey_15_80,bytes=30;client_id=15;clients=50
1777331414319,PUT,121,4,benchKey_17_80,bytes=30;client_id=17;clients=50
1777331414320,PUT,122,4,benchKey_36_80,bytes=30;client_id=36;clients=50
1777331414320,PUT,122,4,benchKey_18_80,bytes=30;client_id=18;clients=50
1777331414321,PUT,122,4,benchKey_45_80,bytes=30;client_id=45;clients=50
1777331414322,PUT,117,4,benchKey_20_80,bytes=30;client_id=20;clients=50
1777331414324,PUT,121,4,benchKey_26_80,bytes=30;client_id=26;clients=50
1777331414326,PUT,121,4,benchKey_30_80,bytes=30;client_id=30;clients=50
1777331414326,PUT,121,4,benchKey_6_80,bytes=29;client_id=6;clients=50
1777331414326,PUT,110,4,benchKey_49_80,bytes=30;client_id=49;clients=50
1777331414328,PUT,94,4,benchKey_14_80,bytes=30;client_id=14;clients=50
1777331414329,PUT,95,4,benchKey_9_80,bytes=29;client_id=9;clients=50
1777331414329,PUT,97,4,benchKey_42_80,bytes=30;client_id=42;clients=50
1777331414330,PUT,95,4,benchKey_34_80,bytes=30;client_id=34;clients=50
1777331414330,PUT,92,4,benchKey_46_80,bytes=30;client_id=46;clients=50
1777331414332,PUT,94,4,benchKey_3_80,bytes=29;client_id=3;clients=50
1777331414332,PUT,99,4,benchKey_5_80,bytes=29;client_id=5;clients=50
1777331414333,PUT,95,4,benchKey_43_80,bytes=30;client_id=43;clients=50
1777331414334,PUT,96,4,benchKey_13_80,bytes=30;client_id=13;clients=50
1777331414346,PUT,106,4,benchKey_16_80,bytes=30;client_id=16;clients=50
1777331414362,PUT,122,4,benchKey_24_80,bytes=30;client_id=24;clients=50
1777331414363,PUT,123,4,benchKey_47_80,bytes=30;client_id=47;clients=50
1777331414363,PUT,123,4,benchKey_11_81,bytes=30;client_id=11;clients=50
1777331414364,PUT,123,4,benchKey_28_80,bytes=30;client_id=28;clients=50
1777331414364,PUT,123,4,benchKey_21_80,bytes=30;client_id=21;clients=50
1777331414365,PUT,120,4,benchKey_25_80,bytes=30;client_id=25;clients=50
1777331414367,PUT,121,4,benchKey_7_80,bytes=29;client_id=7;clients=50
1777331414368,PUT,122,4,benchKey_27_80,bytes=30;client_id=27;clients=50
1777331414370,PUT,122,4,benchKey_2_80,bytes=29;client_id=2;clients=50
1777331414371,PUT,110,4,benchKey_33_80,bytes=30;client_id=33;clients=50
1777331414373,PUT,97,4,benchKey_19_80,bytes=30;client_id=19;clients=50
1777331414373,PUT,97,4,benchKey_4_81,bytes=29;client_id=4;clients=50
1777331414373,PUT,97,4,benchKey_8_80,bytes=29;client_id=8;clients=50
1777331414375,PUT,98,4,benchKey_41_81,bytes=30;client_id=41;clients=50
1777331414375,PUT,95,4,benchKey_48_80,bytes=30;client_id=48;clients=50
1777331414375,PUT,95,4,benchKey_1_80,bytes=29;client_id=1;clients=50
1777331414375,PUT,97,4,benchKey_12_80,bytes=30;client_id=12;clients=50
1777331414377,PUT,94,4,benchKey_22_81,bytes=30;client_id=22;clients=50
1777331414378,PUT,96,4,benchKey_44_80,bytes=30;client_id=44;clients=50
1777331414389,PUT,106,4,benchKey_32_81,bytes=30;client_id=32;clients=50
1777331414407,PUT,122,4,benchKey_0_80,bytes=29;client_id=0;clients=50
1777331414407,PUT,122,4,benchKey_29_80,bytes=30;client_id=29;clients=50
1777331414407,PUT,124,4,benchKey_39_80,bytes=30;client_id=39;clients=50
1777331414408,PUT,121,4,benchKey_23_81,bytes=30;client_id=23;clients=50
1777331414408,PUT,121,4,benchKey_10_81,bytes=30;client_id=10;clients=50
1777331414409,PUT,120,4,benchKey_31_81,bytes=30;client_id=31;clients=50
1777331414409,PUT,120,4,benchKey_38_81,bytes=30;client_id=38;clients=50
1777331414412,PUT,121,4,benchKey_37_81,bytes=30;client_id=37;clients=50
1777331414412,PUT,121,4,benchKey_35_81,bytes=30;client_id=35;clients=50
1777331414413,PUT,111,4,benchKey_40_81,bytes=30;client_id=40;clients=50
1777331414417,PUT,97,4,benchKey_15_81,bytes=30;client_id=15;clients=50
1777331414417,PUT,97,4,benchKey_17_81,bytes=30;client_id=17;clients=50
1777331414417,PUT,96,4,benchKey_36_81,bytes=30;client_id=36;clients=50
1777331414418,PUT,97,4,benchKey_45_81,bytes=30;client_id=45;clients=50
1777331414420,PUT,93,4,benchKey_30_81,bytes=30;client_id=30;clients=50
1777331414418,PUT,97,4,benchKey_18_81,bytes=30;client_id=18;clients=50
1777331414423,PUT,96,4,benchKey_49_81,bytes=30;client_id=49;clients=50
1777331414423,PUT,99,4,benchKey_26_81,bytes=30;client_id=26;clients=50
1777331414423,PUT,101,4,benchKey_20_81,bytes=30;client_id=20;clients=50
1777331414432,PUT,105,4,benchKey_6_81,bytes=29;client_id=6;clients=50
1777331414451,PUT,121,4,benchKey_42_81,bytes=30;client_id=42;clients=50
1777331414453,PUT,123,4,benchKey_34_81,bytes=30;client_id=34;clients=50
1777331414453,PUT,124,4,benchKey_9_81,bytes=29;client_id=9;clients=50
1777331414453,PUT,123,4,benchKey_46_81,bytes=30;client_id=46;clients=50
1777331414453,PUT,121,4,benchKey_3_81,bytes=29;client_id=3;clients=50
1777331414455,PUT,123,4,benchKey_5_81,bytes=29;client_id=5;clients=50
1777331414454,PUT,125,4,benchKey_14_81,bytes=30;client_id=14;clients=50
1777331414456,PUT,110,4,benchKey_16_81,bytes=30;client_id=16;clients=50
1777331414456,PUT,123,4,benchKey_43_81,bytes=30;client_id=43;clients=50
1777331414456,PUT,121,4,benchKey_13_81,bytes=30;client_id=13;clients=50
1777331414460,PUT,97,4,benchKey_11_82,bytes=30;client_id=11;clients=50
1777331414462,PUT,99,4,benchKey_24_81,bytes=30;client_id=24;clients=50
1777331414462,PUT,99,4,benchKey_47_81,bytes=30;client_id=47;clients=50
1777331414463,PUT,98,4,benchKey_28_81,bytes=30;client_id=28;clients=50
1777331414464,PUT,99,4,benchKey_21_81,bytes=30;client_id=21;clients=50
1777331414465,PUT,99,4,benchKey_25_81,bytes=30;client_id=25;clients=50
1777331414465,PUT,98,4,benchKey_7_81,bytes=29;client_id=7;clients=50
1777331414466,PUT,97,4,benchKey_27_81,bytes=30;client_id=27;clients=50
1777331414467,PUT,97,4,benchKey_2_81,bytes=29;client_id=2;clients=50
1777331414476,PUT,105,4,benchKey_33_81,bytes=30;client_id=33;clients=50
1777331414495,PUT,122,4,benchKey_19_81,bytes=30;client_id=19;clients=50
1777331414497,PUT,122,4,benchKey_41_82,bytes=30;client_id=41;clients=50
1777331414497,PUT,123,4,benchKey_8_81,bytes=29;client_id=8;clients=50
1777331414497,PUT,120,4,benchKey_48_81,bytes=30;client_id=48;clients=50
1777331414499,PUT,122,4,benchKey_1_81,bytes=29;client_id=1;clients=50
1777331414499,PUT,122,4,benchKey_22_82,bytes=30;client_id=22;clients=50
1777331414501,PUT,124,4,benchKey_12_81,bytes=30;client_id=12;clients=50
1777331414501,PUT,112,4,benchKey_32_82,bytes=30;client_id=32;clients=50
1777331414501,PUT,123,4,benchKey_44_81,bytes=30;client_id=44;clients=50
1777331414502,PUT,128,4,benchKey_4_82,bytes=29;client_id=4;clients=50
1777331414505,PUT,97,4,benchKey_0_81,bytes=29;client_id=0;clients=50
1777331414505,PUT,97,4,benchKey_39_81,bytes=30;client_id=39;clients=50
1777331414506,PUT,99,4,benchKey_29_81,bytes=30;client_id=29;clients=50
1777331414507,PUT,98,4,benchKey_10_82,bytes=30;client_id=10;clients=50
1777331414507,PUT,98,4,benchKey_23_82,bytes=30;client_id=23;clients=50
1777331414508,PUT,98,4,benchKey_38_82,bytes=30;client_id=38;clients=50
1777331414510,PUT,97,4,benchKey_35_82,bytes=30;client_id=35;clients=50
1777331414511,PUT,99,4,benchKey_37_82,bytes=30;client_id=37;clients=50
1777331414511,PUT,102,4,benchKey_31_82,bytes=30;client_id=31;clients=50
1777331414518,PUT,104,4,benchKey_40_82,bytes=30;client_id=40;clients=50
1777331414537,PUT,119,4,benchKey_15_82,bytes=30;client_id=15;clients=50
1777331414540,PUT,121,4,benchKey_36_82,bytes=30;client_id=36;clients=50
1777331414541,PUT,121,4,benchKey_45_82,bytes=30;client_id=45;clients=50
1777331414541,PUT,121,4,benchKey_30_82,bytes=30;client_id=30;clients=50
1777331414541,PUT,122,4,benchKey_17_82,bytes=30;client_id=17;clients=50
1777331414542,PUT,120,4,benchKey_18_82,bytes=30;client_id=18;clients=50
1777331414543,PUT,119,4,benchKey_26_82,bytes=30;client_id=26;clients=50
1777331414543,PUT,119,4,benchKey_20_82,bytes=30;client_id=20;clients=50
1777331414544,PUT,111,4,benchKey_6_82,bytes=29;client_id=6;clients=50
1777331414545,PUT,121,4,benchKey_49_82,bytes=30;client_id=49;clients=50
1777331414548,PUT,96,4,benchKey_42_82,bytes=30;client_id=42;clients=50
1777331414548,PUT,94,4,benchKey_9_82,bytes=29;client_id=9;clients=50
1777331414549,PUT,95,4,benchKey_46_82,bytes=30;client_id=46;clients=50
1777331414549,PUT,94,4,benchKey_3_82,bytes=29;client_id=3;clients=50
1777331414549,PUT,96,4,benchKey_34_82,bytes=30;client_id=34;clients=50
1777331414550,PUT,93,4,benchKey_14_82,bytes=30;client_id=14;clients=50
1777331414554,PUT,96,4,benchKey_16_82,bytes=30;client_id=16;clients=50
1777331414555,PUT,96,4,benchKey_43_82,bytes=30;client_id=43;clients=50
1777331414555,PUT,97,4,benchKey_5_82,bytes=29;client_id=5;clients=50
1777331414561,PUT,102,4,benchKey_13_82,bytes=30;client_id=13;clients=50
1777331414580,PUT,119,4,benchKey_11_83,bytes=30;client_id=11;clients=50
1777331414583,PUT,120,4,benchKey_47_82,bytes=30;client_id=47;clients=50
1777331414583,PUT,118,4,benchKey_25_82,bytes=30;client_id=25;clients=50
1777331414583,PUT,121,4,benchKey_24_82,bytes=30;client_id=24;clients=50
1777331414583,PUT,119,4,benchKey_21_82,bytes=30;client_id=21;clients=50
1777331414583,PUT,119,4,benchKey_28_82,bytes=30;client_id=28;clients=50
1777331414584,PUT,117,4,benchKey_27_82,bytes=30;client_id=27;clients=50
1777331414584,PUT,119,4,benchKey_7_82,bytes=29;client_id=7;clients=50
1777331414585,PUT,117,4,benchKey_2_82,bytes=29;client_id=2;clients=50
1777331414587,PUT,111,4,benchKey_33_82,bytes=30;client_id=33;clients=50
1777331414589,PUT,94,4,benchKey_19_82,bytes=30;client_id=19;clients=50
1777331414589,PUT,92,4,benchKey_41_83,bytes=30;client_id=41;clients=50
1777331414592,PUT,95,4,benchKey_8_82,bytes=29;client_id=8;clients=50
1777331414592,PUT,94,4,benchKey_48_82,bytes=30;client_id=48;clients=50
1777331414592,PUT,93,4,benchKey_1_82,bytes=29;client_id=1;clients=50
1777331414592,PUT,92,4,benchKey_22_83,bytes=30;client_id=22;clients=50
1777331414596,PUT,94,4,benchKey_32_83,bytes=30;client_id=32;clients=50
1777331414596,PUT,94,4,benchKey_44_82,bytes=30;client_id=44;clients=50
1777331414596,PUT,95,4,benchKey_12_82,bytes=30;client_id=12;clients=50
1777331414603,PUT,101,4,benchKey_4_83,bytes=29;client_id=4;clients=50
1777331414623,PUT,118,4,benchKey_0_82,bytes=29;client_id=0;clients=50
1777331414625,PUT,118,4,benchKey_10_83,bytes=30;client_id=10;clients=50
1777331414625,PUT,118,4,benchKey_23_83,bytes=30;client_id=23;clients=50
1777331414625,PUT,118,4,benchKey_29_82,bytes=30;client_id=29;clients=50
1777331414626,PUT,121,4,benchKey_39_82,bytes=30;client_id=39;clients=50
1777331414626,PUT,116,4,benchKey_35_83,bytes=30;client_id=35;clients=50
1777331414626,PUT,114,4,benchKey_31_83,bytes=30;client_id=31;clients=50
1777331414626,PUT,115,4,benchKey_37_83,bytes=30;client_id=37;clients=50
1777331414627,PUT,118,4,benchKey_38_83,bytes=30;client_id=38;clients=50
1777331414628,PUT,109,4,benchKey_40_83,bytes=30;client_id=40;clients=50
1777331414630,PUT,92,4,benchKey_15_83,bytes=30;client_id=15;clients=50
1777331414631,PUT,90,4,benchKey_36_83,bytes=30;client_id=36;clients=50
1777331414634,PUT,93,4,benchKey_45_83,bytes=30;client_id=45;clients=50
1777331414634,PUT,92,4,benchKey_30_83,bytes=30;client_id=30;clients=50
1777331414635,PUT,92,4,benchKey_18_83,bytes=30;client_id=18;clients=50
1777331414635,PUT,93,4,benchKey_17_83,bytes=30;client_id=17;clients=50
1777331414637,PUT,92,4,benchKey_6_83,bytes=29;client_id=6;clients=50
1777331414637,PUT,93,4,benchKey_26_83,bytes=30;client_id=26;clients=50
1777331414638,PUT,94,4,benchKey_20_83,bytes=30;client_id=20;clients=50
1777331414646,PUT,101,4,benchKey_49_83,bytes=30;client_id=49;clients=50
1777331414666,PUT,118,4,benchKey_42_83,bytes=30;client_id=42;clients=50
1777331414666,PUT,118,4,benchKey_9_83,bytes=29;client_id=9;clients=50
1777331414667,PUT,117,4,benchKey_46_83,bytes=30;client_id=46;clients=50
1777331414667,PUT,117,4,benchKey_34_83,bytes=30;client_id=34;clients=50
1777331414668,PUT,113,4,benchKey_43_83,bytes=30;client_id=43;clients=50
1777331414668,PUT,114,4,benchKey_16_83,bytes=30;client_id=16;clients=50
1777331414668,PUT,119,4,benchKey_3_83,bytes=29;client_id=3;clients=50
1777331414668,PUT,113,4,benchKey_5_83,bytes=29;client_id=5;clients=50
1777331414669,PUT,108,4,benchKey_13_83,bytes=30;client_id=13;clients=50
1777331414669,PUT,119,4,benchKey_14_83,bytes=30;client_id=14;clients=50
1777331414671,PUT,90,4,benchKey_11_84,bytes=30;client_id=11;clients=50
1777331414672,PUT,88,4,benchKey_47_83,bytes=30;client_id=47;clients=50
1777331414675,PUT,91,4,benchKey_25_83,bytes=30;client_id=25;clients=50
1777331414676,PUT,92,4,benchKey_21_83,bytes=30;client_id=21;clients=50
1777331414677,PUT,93,4,benchKey_24_83,bytes=30;client_id=24;clients=50
1777331414677,PUT,93,4,benchKey_28_83,bytes=30;client_id=28;clients=50
1777331414678,PUT,93,4,benchKey_27_83,bytes=30;client_id=27;clients=50
1777331414679,PUT,94,4,benchKey_7_83,bytes=29;client_id=7;clients=50
1777331414680,PUT,94,4,benchKey_2_83,bytes=29;client_id=2;clients=50
1777331414689,PUT,102,4,benchKey_33_83,bytes=30;client_id=33;clients=50
1777331414708,PUT,119,4,benchKey_41_84,bytes=30;client_id=41;clients=50
1777331414708,PUT,116,4,benchKey_48_83,bytes=30;client_id=48;clients=50
1777331414708,PUT,119,4,benchKey_19_83,bytes=30;client_id=19;clients=50
1777331414708,PUT,116,4,benchKey_8_83,bytes=29;client_id=8;clients=50
1777331414710,PUT,113,4,benchKey_32_84,bytes=30;client_id=32;clients=50
1777331414710,PUT,117,4,benchKey_22_84,bytes=30;client_id=22;clients=50
1777331414710,PUT,114,4,benchKey_44_83,bytes=30;client_id=44;clients=50
1777331414711,PUT,114,4,benchKey_12_83,bytes=30;client_id=12;clients=50
1777331414711,PUT,118,4,benchKey_1_83,bytes=29;client_id=1;clients=50
1777331414712,PUT,108,4,benchKey_4_84,bytes=29;client_id=4;clients=50
1777331414712,PUT,88,4,benchKey_0_83,bytes=29;client_id=0;clients=50
1777331414714,PUT,88,4,benchKey_10_84,bytes=30;client_id=10;clients=50
1777331414717,PUT,91,4,benchKey_23_84,bytes=30;client_id=23;clients=50
1777331414717,PUT,92,4,benchKey_29_83,bytes=30;client_id=29;clients=50
1777331414718,PUT,91,4,benchKey_35_84,bytes=30;client_id=35;clients=50
1777331414719,PUT,92,4,benchKey_39_83,bytes=30;client_id=39;clients=50
1777331414719,PUT,92,4,benchKey_31_84,bytes=30;client_id=31;clients=50
1777331414721,PUT,94,4,benchKey_37_84,bytes=30;client_id=37;clients=50
1777331414721,PUT,94,4,benchKey_38_84,bytes=30;client_id=38;clients=50
1777331414731,PUT,103,4,benchKey_40_84,bytes=30;client_id=40;clients=50
1777331414750,PUT,116,4,benchKey_45_84,bytes=30;client_id=45;clients=50
1777331414750,PUT,119,4,benchKey_36_84,bytes=30;client_id=36;clients=50
1777331414750,PUT,120,4,benchKey_15_84,bytes=30;client_id=15;clients=50
1777331414750,PUT,116,4,benchKey_30_84,bytes=30;client_id=30;clients=50
1777331414751,PUT,116,4,benchKey_18_84,bytes=30;client_id=18;clients=50
1777331414751,PUT,115,4,benchKey_17_84,bytes=30;client_id=17;clients=50
1777331414752,PUT,114,4,benchKey_26_84,bytes=30;client_id=26;clients=50
1777331414753,PUT,116,4,benchKey_6_84,bytes=29;client_id=6;clients=50
1777331414753,PUT,114,4,benchKey_20_84,bytes=30;client_id=20;clients=50
1777331414753,PUT,106,4,benchKey_49_84,bytes=30;client_id=49;clients=50
1777331414754,PUT,87,4,benchKey_42_84,bytes=30;client_id=42;clients=50
1777331414755,PUT,88,4,benchKey_9_84,bytes=29;client_id=9;clients=50
1777331414758,PUT,90,4,benchKey_46_84,bytes=30;client_id=46;clients=50
1777331414759,PUT,91,4,benchKey_34_84,bytes=30;client_id=34;clients=50
1777331414759,PUT,90,4,benchKey_43_84,bytes=30;client_id=43;clients=50
1777331414760,PUT,91,4,benchKey_16_84,bytes=30;client_id=16;clients=50
1777331414761,PUT,92,4,benchKey_3_84,bytes=29;client_id=3;clients=50
1777331414764,PUT,94,4,benchKey_13_84,bytes=30;client_id=13;clients=50
1777331414764,PUT,95,4,benchKey_5_84,bytes=29;client_id=5;clients=50
1777331414773,PUT,103,4,benchKey_14_84,bytes=30;client_id=14;clients=50
1777331414792,PUT,115,4,benchKey_24_84,bytes=30;client_id=24;clients=50
1777331414793,PUT,117,4,benchKey_21_84,bytes=30;client_id=21;clients=50
1777331414793,PUT,116,4,benchKey_28_84,bytes=30;client_id=28;clients=50
1777331414793,PUT,121,4,benchKey_47_84,bytes=30;client_id=47;clients=50
1777331414793,PUT,115,4,benchKey_27_84,bytes=30;client_id=27;clients=50
1777331414793,PUT,118,4,benchKey_25_84,bytes=30;client_id=25;clients=50
1777331414794,PUT,115,4,benchKey_7_84,bytes=29;client_id=7;clients=50
1777331414794,PUT,105,4,benchKey_33_84,bytes=30;client_id=33;clients=50
1777331414794,PUT,114,4,benchKey_2_84,bytes=29;client_id=2;clients=50
1777331414794,PUT,123,4,benchKey_11_85,bytes=30;client_id=11;clients=50
1777331414795,PUT,86,4,benchKey_41_85,bytes=30;client_id=41;clients=50
1777331414797,PUT,88,4,benchKey_48_84,bytes=30;client_id=48;clients=50
1777331414800,PUT,90,4,benchKey_19_84,bytes=30;client_id=19;clients=50
1777331414801,PUT,91,4,benchKey_8_84,bytes=29;client_id=8;clients=50
1777331414801,PUT,91,4,benchKey_22_85,bytes=30;client_id=22;clients=50
1777331414801,PUT,91,4,benchKey_32_85,bytes=30;client_id=32;clients=50
1777331414803,PUT,92,4,benchKey_44_84,bytes=30;client_id=44;clients=50
1777331414805,PUT,94,4,benchKey_1_84,bytes=29;client_id=1;clients=50
1777331414806,PUT,95,4,benchKey_12_84,bytes=30;client_id=12;clients=50
1777331414815,PUT,103,4,benchKey_4_85,bytes=29;client_id=4;clients=50
1777331414834,PUT,122,4,benchKey_0_84,bytes=29;client_id=0;clients=50
1777331414835,PUT,117,4,benchKey_23_85,bytes=30;client_id=23;clients=50
1777331414836,PUT,117,4,benchKey_31_85,bytes=30;client_id=31;clients=50
1777331414836,PUT,118,4,benchKey_35_85,bytes=30;client_id=35;clients=50
1777331414836,PUT,86,4,benchKey_36_85,bytes=30;client_id=36;clients=50
1777331414836,PUT,122,4,benchKey_10_85,bytes=30;client_id=10;clients=50
1777331414836,PUT,105,4,benchKey_40_85,bytes=30;client_id=40;clients=50
1777331414836,PUT,117,4,benchKey_39_84,bytes=30;client_id=39;clients=50
1777331414837,PUT,119,4,benchKey_29_84,bytes=30;client_id=29;clients=50
1777331414837,PUT,115,4,benchKey_38_85,bytes=30;client_id=38;clients=50
1777331414837,PUT,115,4,benchKey_37_85,bytes=30;client_id=37;clients=50
1777331414839,PUT,88,4,benchKey_45_85,bytes=30;client_id=45;clients=50
1777331414841,PUT,90,4,benchKey_15_85,bytes=30;client_id=15;clients=50
1777331414843,PUT,91,4,benchKey_18_85,bytes=30;client_id=18;clients=50
1777331414843,PUT,92,4,benchKey_30_85,bytes=30;client_id=30;clients=50
1777331414844,PUT,92,4,benchKey_17_85,bytes=30;client_id=17;clients=50
1777331414845,PUT,92,4,benchKey_26_85,bytes=30;client_id=26;clients=50
1777331414847,PUT,94,4,benchKey_6_85,bytes=29;client_id=6;clients=50
1777331414847,PUT,94,4,benchKey_20_85,bytes=30;client_id=20;clients=50
1777331414856,PUT,103,4,benchKey_49_85,bytes=30;client_id=49;clients=50
1777331414876,PUT,121,4,benchKey_9_85,bytes=29;client_id=9;clients=50
1777331414876,PUT,122,4,benchKey_42_85,bytes=30;client_id=42;clients=50
1777331414878,PUT,119,4,benchKey_34_85,bytes=30;client_id=34;clients=50
1777331414878,PUT,105,4,benchKey_14_85,bytes=30;client_id=14;clients=50
1777331414878,PUT,118,4,benchKey_16_85,bytes=30;client_id=16;clients=50
1777331414879,PUT,86,4,benchKey_24_85,bytes=30;client_id=24;clients=50
1777331414878,PUT,119,4,benchKey_43_85,bytes=30;client_id=43;clients=50
1777331414878,PUT,117,4,benchKey_3_85,bytes=29;client_id=3;clients=50
1777331414878,PUT,120,4,benchKey_46_85,bytes=30;client_id=46;clients=50
1777331414878,PUT,114,4,benchKey_13_85,bytes=30;client_id=13;clients=50
1777331414878,PUT,114,4,benchKey_5_85,bytes=29;client_id=5;clients=50
1777331414880,PUT,87,4,benchKey_21_85,bytes=30;client_id=21;clients=50
1777331414882,PUT,88,4,benchKey_28_85,bytes=30;client_id=28;clients=50
1777331414885,PUT,90,4,benchKey_25_85,bytes=30;client_id=25;clients=50
1777331414885,PUT,91,4,benchKey_47_85,bytes=30;client_id=47;clients=50
1777331414885,PUT,90,4,benchKey_27_85,bytes=30;client_id=27;clients=50
1777331414886,PUT,91,4,benchKey_7_85,bytes=29;client_id=7;clients=50
1777331414889,PUT,94,4,benchKey_2_85,bytes=29;client_id=2;clients=50
1777331414889,PUT,94,4,benchKey_33_85,bytes=30;client_id=33;clients=50
1777331414898,PUT,103,4,benchKey_11_86,bytes=30;client_id=11;clients=50
1777331414918,PUT,123,4,benchKey_41_86,bytes=30;client_id=41;clients=50
1777331414918,PUT,121,4,benchKey_48_85,bytes=30;client_id=48;clients=50
1777331414921,PUT,114,4,benchKey_12_85,bytes=30;client_id=12;clients=50
1777331414921,PUT,86,4,benchKey_0_85,bytes=29;client_id=0;clients=50
1777331414921,PUT,120,4,benchKey_8_85,bytes=29;client_id=8;clients=50
1777331414921,PUT,106,4,benchKey_4_86,bytes=29;client_id=4;clients=50
1777331414923,PUT,121,4,benchKey_22_86,bytes=30;client_id=22;clients=50
1777331414923,PUT,88,4,benchKey_23_86,bytes=30;client_id=23;clients=50
1777331414924,PUT,118,4,benchKey_1_85,bytes=29;client_id=1;clients=50
1777331414924,PUT,87,4,benchKey_31_86,bytes=30;client_id=31;clients=50
1777331414925,PUT,125,4,benchKey_19_85,bytes=30;client_id=19;clients=50
1777331414925,PUT,124,4,benchKey_32_86,bytes=30;client_id=32;clients=50
1777331414925,PUT,122,4,benchKey_44_85,bytes=30;client_id=44;clients=50
1777331414927,PUT,90,4,benchKey_10_86,bytes=30;client_id=10;clients=50
1777331414928,PUT,91,4,benchKey_40_86,bytes=30;client_id=40;clients=50
1777331414928,PUT,91,4,benchKey_35_86,bytes=30;client_id=35;clients=50
1777331414928,PUT,91,4,benchKey_36_86,bytes=30;client_id=36;clients=50
1777331414930,PUT,93,4,benchKey_39_85,bytes=30;client_id=39;clients=50
1777331414931,PUT,94,4,benchKey_29_85,bytes=30;client_id=29;clients=50
1777331414940,PUT,102,4,benchKey_38_86,bytes=30;client_id=38;clients=50
1777331414961,PUT,121,4,benchKey_45_86,bytes=30;client_id=45;clients=50
1777331414961,PUT,123,4,benchKey_37_86,bytes=30;client_id=37;clients=50
1777331414963,PUT,120,4,benchKey_30_86,bytes=30;client_id=30;clients=50
1777331414964,PUT,117,4,benchKey_6_86,bytes=29;client_id=6;clients=50
1777331414964,PUT,123,4,benchKey_15_86,bytes=30;client_id=15;clients=50
1777331414965,PUT,120,4,benchKey_26_86,bytes=30;client_id=26;clients=50
1777331414966,PUT,122,4,benchKey_17_86,bytes=30;client_id=17;clients=50
1777331414966,PUT,90,4,benchKey_42_86,bytes=30;client_id=42;clients=50
1777331414966,PUT,119,4,benchKey_20_86,bytes=30;client_id=20;clients=50
1777331414967,PUT,89,4,benchKey_34_86,bytes=30;client_id=34;clients=50
1777331414967,PUT,111,4,benchKey_49_86,bytes=30;client_id=49;clients=50
1777331414967,PUT,91,4,benchKey_9_86,bytes=29;client_id=9;clients=50
1777331414968,PUT,125,4,benchKey_18_86,bytes=30;client_id=18;clients=50
1777331414969,PUT,89,4,benchKey_24_86,bytes=30;client_id=24;clients=50
1777331414969,PUT,90,4,benchKey_43_86,bytes=30;client_id=43;clients=50
1777331414969,PUT,90,4,benchKey_16_86,bytes=30;client_id=16;clients=50
1777331414969,PUT,91,4,benchKey_14_86,bytes=30;client_id=14;clients=50
1777331414971,PUT,91,4,benchKey_3_86,bytes=29;client_id=3;clients=50
1777331414972,PUT,92,4,benchKey_46_86,bytes=30;client_id=46;clients=50
1777331414982,PUT,102,4,benchKey_13_86,bytes=30;client_id=13;clients=50
1777331415003,PUT,122,4,benchKey_21_86,bytes=30;client_id=21;clients=50
1777331415004,PUT,124,4,benchKey_5_86,bytes=29;client_id=5;clients=50
1777331415005,PUT,122,4,benchKey_28_86,bytes=30;client_id=28;clients=50
1777331415006,PUT,120,4,benchKey_47_86,bytes=30;client_id=47;clients=50
1777331415006,PUT,121,4,benchKey_25_86,bytes=30;client_id=25;clients=50
1777331415007,PUT,121,4,benchKey_27_86,bytes=30;client_id=27;clients=50
1777331415008,PUT,118,4,benchKey_2_86,bytes=29;client_id=2;clients=50
1777331415009,PUT,110,4,benchKey_11_87,bytes=30;client_id=11;clients=50
1777331415009,PUT,122,4,benchKey_7_86,bytes=29;client_id=7;clients=50
1777331415009,PUT,90,4,benchKey_48_86,bytes=30;client_id=48;clients=50
1777331415010,PUT,91,4,benchKey_41_87,bytes=30;client_id=41;clients=50
1777331415010,PUT,89,4,benchKey_12_86,bytes=30;client_id=12;clients=50
1777331415010,PUT,120,4,benchKey_33_86,bytes=30;client_id=33;clients=50
1777331415011,PUT,87,4,benchKey_22_87,bytes=30;client_id=22;clients=50
1777331415012,PUT,90,4,benchKey_8_86,bytes=29;client_id=8;clients=50
1777331415012,PUT,90,4,benchKey_0_86,bytes=29;client_id=0;clients=50
1777331415012,PUT,90,4,benchKey_4_87,bytes=29;client_id=4;clients=50
1777331415012,PUT,89,4,benchKey_23_87,bytes=30;client_id=23;clients=50
1777331415013,PUT,89,4,benchKey_1_86,bytes=29;client_id=1;clients=50
1777331415025,PUT,101,4,benchKey_31_87,bytes=30;client_id=31;clients=50
1777331415046,PUT,120,4,benchKey_19_86,bytes=30;client_id=19;clients=50
1777331415046,PUT,120,4,benchKey_44_86,bytes=30;client_id=44;clients=50
1777331415046,PUT,120,4,benchKey_32_87,bytes=30;client_id=32;clients=50
1777331415048,PUT,120,4,benchKey_40_87,bytes=30;client_id=40;clients=50
1777331415048,PUT,120,4,benchKey_35_87,bytes=30;client_id=35;clients=50
1777331415048,PUT,120,4,benchKey_10_87,bytes=30;client_id=10;clients=50
1777331415050,PUT,119,4,benchKey_39_86,bytes=30;client_id=39;clients=50
1777331415050,PUT,109,4,benchKey_38_87,bytes=30;client_id=38;clients=50
1777331415050,PUT,122,4,benchKey_36_87,bytes=30;client_id=36;clients=50
1777331415050,PUT,119,4,benchKey_29_86,bytes=30;client_id=29;clients=50
1777331415051,PUT,90,4,benchKey_45_87,bytes=30;client_id=45;clients=50
1777331415051,PUT,87,4,benchKey_30_87,bytes=30;client_id=30;clients=50
1777331415051,PUT,90,4,benchKey_37_87,bytes=30;client_id=37;clients=50
1777331415052,PUT,87,4,benchKey_6_87,bytes=29;client_id=6;clients=50
1777331415053,PUT,88,4,benchKey_15_87,bytes=30;client_id=15;clients=50
1777331415053,PUT,88,4,benchKey_26_87,bytes=30;client_id=26;clients=50
1777331415054,PUT,87,4,benchKey_17_87,bytes=30;client_id=17;clients=50
1777331415054,PUT,87,4,benchKey_42_87,bytes=30;client_id=42;clients=50
1777331415056,PUT,88,4,benchKey_20_87,bytes=30;client_id=20;clients=50
1777331415067,PUT,99,4,benchKey_49_87,bytes=30;client_id=49;clients=50
1777331415088,PUT,120,4,benchKey_34_87,bytes=30;client_id=34;clients=50
1777331415088,PUT,119,4,benchKey_18_87,bytes=30;client_id=18;clients=50
1777331415089,PUT,119,4,benchKey_24_87,bytes=30;client_id=24;clients=50
1777331415089,PUT,119,4,benchKey_43_87,bytes=30;client_id=43;clients=50
1777331415089,PUT,121,4,benchKey_9_87,bytes=29;client_id=9;clients=50
1777331415090,PUT,120,4,benchKey_16_87,bytes=30;client_id=16;clients=50
1777331415093,PUT,88,4,benchKey_28_87,bytes=30;client_id=28;clients=50
1777331415094,PUT,89,4,benchKey_5_87,bytes=29;client_id=5;clients=50
1777331415094,PUT,122,4,benchKey_3_87,bytes=29;client_id=3;clients=50
1777331415094,PUT,124,4,benchKey_14_87,bytes=30;client_id=14;clients=50
1777331415093,PUT,121,4,benchKey_46_87,bytes=30;client_id=46;clients=50
1777331415093,PUT,87,4,benchKey_47_87,bytes=30;client_id=47;clients=50
1777331415094,PUT,87,4,benchKey_25_87,bytes=30;client_id=25;clients=50
1777331415094,PUT,112,4,benchKey_13_87,bytes=30;client_id=13;clients=50
1777331415095,PUT,91,4,benchKey_21_87,bytes=30;client_id=21;clients=50
1777331415096,PUT,88,4,benchKey_27_87,bytes=30;client_id=27;clients=50
1777331415096,PUT,87,4,benchKey_11_88,bytes=30;client_id=11;clients=50
1777331415096,PUT,88,4,benchKey_2_87,bytes=29;client_id=2;clients=50
1777331415098,PUT,88,4,benchKey_7_87,bytes=29;client_id=7;clients=50
1777331415110,PUT,101,4,benchKey_48_87,bytes=30;client_id=48;clients=50
1777331415130,PUT,120,4,benchKey_33_87,bytes=30;client_id=33;clients=50
1777331415131,PUT,120,4,benchKey_41_88,bytes=30;client_id=41;clients=50
1777331415131,PUT,118,4,benchKey_8_87,bytes=29;client_id=8;clients=50
1777331415131,PUT,118,4,benchKey_0_87,bytes=29;client_id=0;clients=50
1777331415131,PUT,120,4,benchKey_22_88,bytes=30;client_id=22;clients=50
1777331415131,PUT,121,4,benchKey_12_87,bytes=30;client_id=12;clients=50
1777331415135,PUT,110,4,benchKey_31_88,bytes=30;client_id=31;clients=50
1777331415135,PUT,88,4,benchKey_44_87,bytes=30;client_id=44;clients=50
1777331415135,PUT,122,4,benchKey_1_87,bytes=29;client_id=1;clients=50
1777331415136,PUT,88,4,benchKey_40_88,bytes=30;client_id=40;clients=50
1777331415136,PUT,123,4,benchKey_23_88,bytes=30;client_id=23;clients=50
1777331415136,PUT,88,4,benchKey_35_88,bytes=30;client_id=35;clients=50
1777331415136,PUT,124,4,benchKey_4_88,bytes=29;client_id=4;clients=50
1777331415136,PUT,90,4,benchKey_19_87,bytes=30;client_id=19;clients=50
1777331415137,PUT,90,4,benchKey_32_88,bytes=30;client_id=32;clients=50
1777331415137,PUT,87,4,benchKey_38_88,bytes=30;client_id=38;clients=50
1777331415137,PUT,89,4,benchKey_10_88,bytes=30;client_id=10;clients=50
1777331415137,PUT,87,4,benchKey_39_87,bytes=30;client_id=39;clients=50
1777331415140,PUT,89,4,benchKey_36_88,bytes=30;client_id=36;clients=50
1777331415152,PUT,101,4,benchKey_29_87,bytes=30;client_id=29;clients=50
1777331415173,PUT,121,4,benchKey_45_88,bytes=30;client_id=45;clients=50
1777331415173,PUT,121,4,benchKey_6_88,bytes=29;client_id=6;clients=50
1777331415174,PUT,122,4,benchKey_30_88,bytes=30;client_id=30;clients=50
1777331415174,PUT,121,4,benchKey_15_88,bytes=30;client_id=15;clients=50
1777331415175,PUT,121,4,benchKey_26_88,bytes=30;client_id=26;clients=50
1777331415175,PUT,124,4,benchKey_37_88,bytes=30;client_id=37;clients=50
1777331415178,PUT,89,4,benchKey_18_88,bytes=30;client_id=18;clients=50
1777331415179,PUT,124,4,benchKey_17_88,bytes=30;client_id=17;clients=50
1777331415179,PUT,122,4,benchKey_20_88,bytes=30;client_id=20;clients=50
1777331415180,PUT,90,4,benchKey_16_88,bytes=30;client_id=16;clients=50
1777331415180,PUT,92,4,benchKey_34_88,bytes=30;client_id=34;clients=50
1777331415181,PUT,91,4,benchKey_43_88,bytes=30;client_id=43;clients=50
1777331415181,PUT,86,4,benchKey_3_88,bytes=29;client_id=3;clients=50
1777331415181,PUT,87,4,benchKey_5_88,bytes=29;client_id=5;clients=50
1777331415179,PUT,125,4,benchKey_42_88,bytes=30;client_id=42;clients=50
1777331415179,PUT,111,4,benchKey_49_88,bytes=30;client_id=49;clients=50
1777331415182,PUT,92,4,benchKey_24_88,bytes=30;client_id=24;clients=50
1777331415182,PUT,92,4,benchKey_9_88,bytes=29;client_id=9;clients=50
1777331415182,PUT,87,4,benchKey_14_88,bytes=30;client_id=14;clients=50
1777331415194,PUT,100,4,benchKey_28_88,bytes=30;client_id=28;clients=50
1777331415216,PUT,121,4,benchKey_47_88,bytes=30;client_id=47;clients=50
1777331415216,PUT,122,4,benchKey_46_88,bytes=30;client_id=46;clients=50
1777331415217,PUT,122,4,benchKey_13_88,bytes=30;client_id=13;clients=50
1777331415217,PUT,122,4,benchKey_25_88,bytes=30;client_id=25;clients=50
1777331415219,PUT,123,4,benchKey_27_88,bytes=30;client_id=27;clients=50
1777331415220,PUT,125,4,benchKey_21_88,bytes=30;client_id=21;clients=50
1777331415222,PUT,124,4,benchKey_7_88,bytes=29;client_id=7;clients=50
1777331415222,PUT,111,4,benchKey_48_88,bytes=30;client_id=48;clients=50
1777331415222,PUT,90,4,benchKey_0_88,bytes=29;client_id=0;clients=50
1777331415222,PUT,125,4,benchKey_2_88,bytes=29;client_id=2;clients=50
1777331415222,PUT,92,4,benchKey_33_88,bytes=30;client_id=33;clients=50
1777331415223,PUT,87,4,benchKey_44_88,bytes=30;client_id=44;clients=50
1777331415224,PUT,88,4,benchKey_1_88,bytes=29;client_id=1;clients=50
1777331415224,PUT,93,4,benchKey_41_89,bytes=30;client_id=41;clients=50
1777331415224,PUT,93,4,benchKey_8_88,bytes=29;client_id=8;clients=50
1777331415224,PUT,93,4,benchKey_22_89,bytes=30;client_id=22;clients=50
1777331415224,PUT,88,4,benchKey_31_89,bytes=30;client_id=31;clients=50
1777331415224,PUT,93,4,benchKey_12_88,bytes=30;client_id=12;clients=50
1777331415224,PUT,128,4,benchKey_11_89,bytes=30;client_id=11;clients=50
1777331415237,PUT,101,4,benchKey_40_89,bytes=30;client_id=40;clients=50
1777331415260,PUT,123,4,benchKey_19_88,bytes=30;client_id=19;clients=50
1777331415260,PUT,124,4,benchKey_23_89,bytes=30;client_id=23;clients=50
1777331415260,PUT,123,4,benchKey_35_89,bytes=30;client_id=35;clients=50
1777331415261,PUT,124,4,benchKey_4_89,bytes=29;client_id=4;clients=50
1777331415262,PUT,124,4,benchKey_38_89,bytes=30;client_id=38;clients=50
1777331415263,PUT,126,4,benchKey_32_89,bytes=30;client_id=32;clients=50
1777331415265,PUT,91,4,benchKey_6_89,bytes=29;client_id=6;clients=50
1777331415265,PUT,128,4,benchKey_39_88,bytes=30;client_id=39;clients=50
1777331415267,PUT,94,4,benchKey_45_89,bytes=30;client_id=45;clients=50
1777331415266,PUT,128,4,benchKey_10_89,bytes=30;client_id=10;clients=50
1777331415268,PUT,88,4,benchKey_17_89,bytes=30;client_id=17;clients=50
1777331415268,PUT,116,4,benchKey_29_88,bytes=30;client_id=29;clients=50
1777331415269,PUT,94,4,benchKey_30_89,bytes=30;client_id=30;clients=50
1777331415269,PUT,93,4,benchKey_26_89,bytes=30;client_id=26;clients=50
1777331415270,PUT,94,4,benchKey_37_89,bytes=30;client_id=37;clients=50
1777331415270,PUT,129,4,benchKey_36_89,bytes=30;client_id=36;clients=50
1777331415271,PUT,90,4,benchKey_20_89,bytes=30;client_id=20;clients=50
1777331415272,PUT,97,4,benchKey_15_89,bytes=30;client_id=15;clients=50
1777331415273,PUT,95,4,benchKey_18_89,bytes=30;client_id=18;clients=50
1777331415279,PUT,99,4,benchKey_16_89,bytes=30;client_id=16;clients=50
1777331415303,PUT,122,4,benchKey_3_89,bytes=29;client_id=3;clients=50
1777331415304,PUT,123,4,benchKey_34_89,bytes=30;client_id=34;clients=50
1777331415305,PUT,124,4,benchKey_43_89,bytes=30;client_id=43;clients=50
1777331415305,PUT,123,4,benchKey_42_89,bytes=30;client_id=42;clients=50
1777331415305,PUT,124,4,benchKey_5_89,bytes=29;client_id=5;clients=50
1777331415306,PUT,124,4,benchKey_49_89,bytes=30;client_id=49;clients=50
1777331415311,PUT,128,4,benchKey_9_89,bytes=29;client_id=9;clients=50
1777331415311,PUT,129,4,benchKey_24_89,bytes=30;client_id=24;clients=50
1777331415311,PUT,93,4,benchKey_13_89,bytes=30;client_id=13;clients=50
1777331415313,PUT,92,4,benchKey_21_89,bytes=30;client_id=21;clients=50
1777331415313,PUT,118,4,benchKey_28_89,bytes=30;client_id=28;clients=50
1777331415314,PUT,97,4,benchKey_46_89,bytes=30;client_id=46;clients=50
1777331415314,PUT,132,4,benchKey_14_89,bytes=30;client_id=14;clients=50
1777331415315,PUT,99,4,benchKey_47_89,bytes=30;client_id=47;clients=50
1777331415315,PUT,93,4,benchKey_7_89,bytes=29;client_id=7;clients=50
1777331415316,PUT,98,4,benchKey_25_89,bytes=30;client_id=25;clients=50
1777331415314,PUT,92,4,benchKey_48_89,bytes=30;client_id=48;clients=50
1777331415316,PUT,97,4,benchKey_27_89,bytes=30;client_id=27;clients=50
1777331415317,PUT,95,4,benchKey_0_89,bytes=29;client_id=0;clients=50
1777331415322,PUT,99,4,benchKey_2_89,bytes=29;client_id=2;clients=50
1777331415345,PUT,122,4,benchKey_33_89,bytes=30;client_id=33;clients=50
1777331415346,PUT,122,4,benchKey_44_89,bytes=30;client_id=44;clients=50
1777331415348,PUT,123,4,benchKey_22_90,bytes=30;client_id=22;clients=50
1777331415348,PUT,123,4,benchKey_8_89,bytes=29;client_id=8;clients=50
1777331415348,PUT,124,4,benchKey_41_90,bytes=30;client_id=41;clients=50
1777331415348,PUT,124,4,benchKey_1_89,bytes=29;client_id=1;clients=50
1777331415353,PUT,128,4,benchKey_12_89,bytes=30;client_id=12;clients=50
1777331415353,PUT,128,4,benchKey_31_90,bytes=30;client_id=31;clients=50
1777331415353,PUT,128,4,benchKey_11_90,bytes=30;client_id=11;clients=50
1777331415356,PUT,118,4,benchKey_40_90,bytes=30;client_id=40;clients=50
1777331415356,PUT,95,4,benchKey_19_89,bytes=30;client_id=19;clients=50
1777331415356,PUT,95,4,benchKey_23_90,bytes=30;client_id=23;clients=50
1777331415357,PUT,94,4,benchKey_38_90,bytes=30;client_id=38;clients=50
1777331415358,PUT,91,4,benchKey_39_89,bytes=30;client_id=39;clients=50
1777331415358,PUT,97,4,benchKey_35_90,bytes=30;client_id=35;clients=50
1777331415358,PUT,97,4,benchKey_4_90,bytes=29;client_id=4;clients=50
1777331415360,PUT,97,4,benchKey_32_90,bytes=30;client_id=32;clients=50
1777331415360,PUT,92,4,benchKey_45_90,bytes=30;client_id=45;clients=50
1777331415360,PUT,95,4,benchKey_6_90,bytes=29;client_id=6;clients=50
1777331415363,PUT,95,4,benchKey_10_90,bytes=30;client_id=10;clients=50
1777331415387,PUT,119,4,benchKey_17_90,bytes=30;client_id=17;clients=50
1777331415388,PUT,119,4,benchKey_29_89,bytes=30;client_id=29;clients=50
1777331415390,PUT,120,4,benchKey_37_90,bytes=30;client_id=37;clients=50
1777331415390,PUT,121,4,benchKey_30_90,bytes=30;client_id=30;clients=50
1777331415391,PUT,121,4,benchKey_26_90,bytes=30;client_id=26;clients=50
1777331415391,PUT,120,4,benchKey_36_90,bytes=30;client_id=36;clients=50
1777331415395,PUT,122,4,benchKey_15_90,bytes=30;client_id=15;clients=50
1777331415395,PUT,121,4,benchKey_18_90,bytes=30;client_id=18;clients=50
1777331415395,PUT,123,4,benchKey_20_90,bytes=30;client_id=20;clients=50
1777331415397,PUT,117,4,benchKey_16_90,bytes=30;client_id=16;clients=50
1777331415397,PUT,93,4,benchKey_3_90,bytes=29;client_id=3;clients=50
1777331415399,PUT,95,4,benchKey_34_90,bytes=30;client_id=34;clients=50
1777331415399,PUT,94,4,benchKey_43_90,bytes=30;client_id=43;clients=50
1777331415400,PUT,94,4,benchKey_5_90,bytes=29;client_id=5;clients=50
1777331415401,PUT,94,4,benchKey_49_90,bytes=30;client_id=49;clients=50
1777331415401,PUT,95,4,benchKey_42_90,bytes=30;client_id=42;clients=50
1777331415402,PUT,90,4,benchKey_24_90,bytes=30;client_id=24;clients=50
1777331415403,PUT,92,4,benchKey_9_90,bytes=29;client_id=9;clients=50
1777331415403,PUT,92,4,benchKey_13_90,bytes=30;client_id=13;clients=50
1777331415405,PUT,91,4,benchKey_21_90,bytes=30;client_id=21;clients=50
1777331415430,PUT,116,4,benchKey_28_90,bytes=30;client_id=28;clients=50
1777331415431,PUT,116,4,benchKey_46_90,bytes=30;client_id=46;clients=50
1777331415432,PUT,117,4,benchKey_47_90,bytes=30;client_id=47;clients=50
1777331415432,PUT,117,4,benchKey_14_90,bytes=30;client_id=14;clients=50
1777331415433,PUT,117,4,benchKey_25_90,bytes=30;client_id=25;clients=50
1777331415433,PUT,117,4,benchKey_7_90,bytes=29;client_id=7;clients=50
1777331415436,PUT,119,4,benchKey_0_90,bytes=29;client_id=0;clients=50
1777331415436,PUT,120,4,benchKey_27_90,bytes=30;client_id=27;clients=50
1777331415436,PUT,120,4,benchKey_48_90,bytes=30;client_id=48;clients=50
1777331415438,PUT,92,4,benchKey_33_90,bytes=30;client_id=33;clients=50
1777331415438,PUT,116,4,benchKey_2_90,bytes=29;client_id=2;clients=50
1777331415441,PUT,95,4,benchKey_44_90,bytes=30;client_id=44;clients=50
1777331415441,PUT,93,4,benchKey_8_90,bytes=29;client_id=8;clients=50
1777331415441,PUT,93,4,benchKey_22_91,bytes=30;client_id=22;clients=50
1777331415442,PUT,94,4,benchKey_41_91,bytes=30;client_id=41;clients=50
1777331415443,PUT,94,4,benchKey_1_90,bytes=29;client_id=1;clients=50
1777331415443,PUT,90,4,benchKey_12_90,bytes=30;client_id=12;clients=50
1777331415444,PUT,91,4,benchKey_31_91,bytes=30;client_id=31;clients=50
1777331415444,PUT,91,4,benchKey_11_91,bytes=30;client_id=11;clients=50
1777331415446,PUT,90,4,benchKey_40_91,bytes=30;client_id=40;clients=50
1777331415473,PUT,116,4,benchKey_23_91,bytes=30;client_id=23;clients=50
1777331415474,PUT,118,4,benchKey_19_90,bytes=30;client_id=19;clients=50
1777331415474,PUT,117,4,benchKey_38_91,bytes=30;client_id=38;clients=50
1777331415475,PUT,117,4,benchKey_35_91,bytes=30;client_id=35;clients=50
1777331415476,PUT,118,4,benchKey_39_90,bytes=30;client_id=39;clients=50
1777331415476,PUT,118,4,benchKey_4_91,bytes=29;client_id=4;clients=50
1777331415478,PUT,118,4,benchKey_32_91,bytes=30;client_id=32;clients=50
1777331415479,PUT,118,4,benchKey_45_91,bytes=30;client_id=45;clients=50
1777331415478,PUT,118,4,benchKey_6_91,bytes=29;client_id=6;clients=50
1777331415480,PUT,117,4,benchKey_10_91,bytes=30;client_id=10;clients=50
1777331415481,PUT,93,4,benchKey_17_91,bytes=30;client_id=17;clients=50
1777331415483,PUT,93,4,benchKey_37_91,bytes=30;client_id=37;clients=50
1777331415483,PUT,93,4,benchKey_30_91,bytes=30;client_id=30;clients=50
1777331415483,PUT,95,4,benchKey_29_90,bytes=30;client_id=29;clients=50
1777331415484,PUT,93,4,benchKey_36_91,bytes=30;client_id=36;clients=50
1777331415485,PUT,93,4,benchKey_26_91,bytes=30;client_id=26;clients=50
1777331415485,PUT,90,4,benchKey_18_91,bytes=30;client_id=18;clients=50
1777331415486,PUT,91,4,benchKey_20_91,bytes=30;client_id=20;clients=50
1777331415487,PUT,92,4,benchKey_15_91,bytes=30;client_id=15;clients=50
1777331415488,PUT,91,4,benchKey_3_91,bytes=29;client_id=3;clients=50
1777331415517,PUT,119,4,benchKey_16_91,bytes=30;client_id=16;clients=50
1777331415518,PUT,118,4,benchKey_43_91,bytes=30;client_id=43;clients=50
1777331415518,PUT,118,4,benchKey_5_91,bytes=29;client_id=5;clients=50
1777331415518,PUT,118,4,benchKey_34_91,bytes=30;client_id=34;clients=50
1777331415519,PUT,118,4,benchKey_42_91,bytes=30;client_id=42;clients=50
1777331415519,PUT,118,4,benchKey_49_91,bytes=30;client_id=49;clients=50
1777331415521,PUT,119,4,benchKey_24_91,bytes=30;client_id=24;clients=50
1777331415521,PUT,118,4,benchKey_9_91,bytes=29;client_id=9;clients=50
1777331415523,PUT,120,4,benchKey_13_91,bytes=30;client_id=13;clients=50
1777331415524,PUT,93,4,benchKey_28_91,bytes=30;client_id=28;clients=50
1777331415524,PUT,119,4,benchKey_21_91,bytes=30;client_id=21;clients=50
1777331415526,PUT,93,4,benchKey_47_91,bytes=30;client_id=47;clients=50
1777331415526,PUT,93,4,benchKey_14_91,bytes=30;client_id=14;clients=50
1777331415527,PUT,94,4,benchKey_25_91,bytes=30;client_id=25;clients=50
1777331415528,PUT,97,4,benchKey_46_91,bytes=30;client_id=46;clients=50
1777331415528,PUT,94,4,benchKey_7_91,bytes=29;client_id=7;clients=50
1777331415529,PUT,92,4,benchKey_0_91,bytes=29;client_id=0;clients=50
1777331415529,PUT,92,4,benchKey_27_91,bytes=30;client_id=27;clients=50
1777331415530,PUT,93,4,benchKey_48_91,bytes=30;client_id=48;clients=50
1777331415531,PUT,92,4,benchKey_33_91,bytes=30;client_id=33;clients=50
1777331415560,PUT,121,4,benchKey_2_91,bytes=29;client_id=2;clients=50
1777331415562,PUT,120,4,benchKey_22_92,bytes=30;client_id=22;clients=50
1777331415562,PUT,120,4,benchKey_8_91,bytes=29;client_id=8;clients=50
1777331415563,PUT,120,4,benchKey_41_92,bytes=30;client_id=41;clients=50
1777331415564,PUT,122,4,benchKey_44_91,bytes=30;client_id=44;clients=50
1777331415564,PUT,120,4,benchKey_31_92,bytes=30;client_id=31;clients=50
1777331415565,PUT,122,4,benchKey_1_91,bytes=29;client_id=1;clients=50
1777331415565,PUT,122,4,benchKey_12_91,bytes=30;client_id=12;clients=50
1777331415567,PUT,122,4,benchKey_11_92,bytes=30;client_id=11;clients=50
1777331415568,PUT,122,4,benchKey_40_92,bytes=30;client_id=40;clients=50
1777331415569,PUT,96,4,benchKey_23_92,bytes=30;client_id=23;clients=50
1777331415570,PUT,94,4,benchKey_35_92,bytes=30;client_id=35;clients=50
1777331415570,PUT,95,4,benchKey_38_92,bytes=30;client_id=38;clients=50
1777331415572,PUT,92,4,benchKey_6_92,bytes=29;client_id=6;clients=50
1777331415572,PUT,95,4,benchKey_39_91,bytes=30;client_id=39;clients=50
1777331415573,PUT,94,4,benchKey_32_92,bytes=30;client_id=32;clients=50
1777331415574,PUT,95,4,benchKey_45_92,bytes=30;client_id=45;clients=50
1777331415574,PUT,97,4,benchKey_4_92,bytes=29;client_id=4;clients=50
1777331415574,PUT,93,4,benchKey_10_92,bytes=30;client_id=10;clients=50
1777331415574,PUT,99,4,benchKey_19_91,bytes=30;client_id=19;clients=50
1777331415603,PUT,121,4,benchKey_17_92,bytes=30;client_id=17;clients=50
1777331415605,PUT,121,4,benchKey_30_92,bytes=30;client_id=30;clients=50
1777331415605,PUT,121,4,benchKey_37_92,bytes=30;client_id=37;clients=50
1777331415608,PUT,122,4,benchKey_18_92,bytes=30;client_id=18;clients=50
1777331415608,PUT,124,4,benchKey_29_91,bytes=30;client_id=29;clients=50
1777331415608,PUT,123,4,benchKey_36_92,bytes=30;client_id=36;clients=50
1777331415609,PUT,122,4,benchKey_20_92,bytes=30;client_id=20;clients=50
1777331415610,PUT,124,4,benchKey_26_92,bytes=30;client_id=26;clients=50
1777331415611,PUT,122,4,benchKey_3_92,bytes=29;client_id=3;clients=50
1777331415611,PUT,123,4,benchKey_15_92,bytes=30;client_id=15;clients=50
1777331415613,PUT,94,4,benchKey_43_92,bytes=30;client_id=43;clients=50
1777331415614,PUT,96,4,benchKey_16_92,bytes=30;client_id=16;clients=50
1777331415615,PUT,94,4,benchKey_42_92,bytes=30;client_id=42;clients=50
1777331415617,PUT,96,4,benchKey_49_92,bytes=30;client_id=49;clients=50
1777331415617,PUT,98,4,benchKey_5_92,bytes=29;client_id=5;clients=50
1777331415620,PUT,96,4,benchKey_28_92,bytes=30;client_id=28;clients=50
1777331415620,PUT,99,4,benchKey_24_92,bytes=30;client_id=24;clients=50
1777331415622,PUT,100,4,benchKey_9_92,bytes=29;client_id=9;clients=50
1777331415622,PUT,103,4,benchKey_34_92,bytes=30;client_id=34;clients=50
1777331415622,PUT,98,4,benchKey_13_92,bytes=30;client_id=13;clients=50
1777331415647,PUT,122,4,benchKey_21_92,bytes=30;client_id=21;clients=50
1777331415648,PUT,122,4,benchKey_47_92,bytes=30;client_id=47;clients=50
1777331415649,PUT,122,4,benchKey_14_92,bytes=30;client_id=14;clients=50
1777331415652,PUT,123,4,benchKey_25_92,bytes=30;client_id=25;clients=50
1777331415652,PUT,123,4,benchKey_7_92,bytes=29;client_id=7;clients=50
1777331415652,PUT,123,4,benchKey_46_92,bytes=30;client_id=46;clients=50
1777331415653,PUT,123,4,benchKey_27_92,bytes=30;client_id=27;clients=50
1777331415653,PUT,124,4,benchKey_0_92,bytes=29;client_id=0;clients=50
1777331415654,PUT,123,4,benchKey_33_92,bytes=30;client_id=33;clients=50
1777331415656,PUT,125,4,benchKey_48_92,bytes=30;client_id=48;clients=50
1777331415656,PUT,94,4,benchKey_22_93,bytes=30;client_id=22;clients=50
1777331415657,PUT,96,4,benchKey_2_92,bytes=29;client_id=2;clients=50
1777331415658,PUT,95,4,benchKey_8_92,bytes=29;client_id=8;clients=50
1777331415659,PUT,95,4,benchKey_41_93,bytes=30;client_id=41;clients=50
1777331415662,PUT,98,4,benchKey_44_92,bytes=30;client_id=44;clients=50
1777331415663,PUT,96,4,benchKey_11_93,bytes=30;client_id=11;clients=50
1777331415664,PUT,95,4,benchKey_40_93,bytes=30;client_id=40;clients=50
1777331415664,PUT,98,4,benchKey_12_92,bytes=30;client_id=12;clients=50
1777331415664,PUT,99,4,benchKey_1_92,bytes=29;client_id=1;clients=50
1777331415665,PUT,100,4,benchKey_31_93,bytes=30;client_id=31;clients=50
1777331415689,PUT,119,4,benchKey_23_93,bytes=30;client_id=23;clients=50
1777331415690,PUT,119,4,benchKey_38_93,bytes=30;client_id=38;clients=50
1777331415690,PUT,119,4,benchKey_35_93,bytes=30;client_id=35;clients=50
1777331415693,PUT,121,4,benchKey_6_93,bytes=29;client_id=6;clients=50
1777331415694,PUT,121,4,benchKey_39_92,bytes=30;client_id=39;clients=50
1777331415695,PUT,121,4,benchKey_32_93,bytes=30;client_id=32;clients=50
1777331415696,PUT,121,4,benchKey_10_93,bytes=30;client_id=10;clients=50
1777331415696,PUT,121,4,benchKey_4_93,bytes=29;client_id=4;clients=50
1777331415698,PUT,94,4,benchKey_17_93,bytes=30;client_id=17;clients=50
1777331415698,PUT,123,4,benchKey_45_93,bytes=30;client_id=45;clients=50
1777331415699,PUT,93,4,benchKey_30_93,bytes=30;client_id=30;clients=50
1777331415699,PUT,124,4,benchKey_19_92,bytes=30;client_id=19;clients=50
1777331415700,PUT,94,4,benchKey_37_93,bytes=30;client_id=37;clients=50
1777331415702,PUT,94,4,benchKey_18_93,bytes=30;client_id=18;clients=50
1777331415704,PUT,96,4,benchKey_29_92,bytes=30;client_id=29;clients=50
1777331415706,PUT,95,4,benchKey_3_93,bytes=29;client_id=3;clients=50
1777331415707,PUT,96,4,benchKey_15_93,bytes=30;client_id=15;clients=50
1777331415706,PUT,98,4,benchKey_36_93,bytes=30;client_id=36;clients=50
1777331415706,PUT,96,4,benchKey_26_93,bytes=30;client_id=26;clients=50
1777331415706,PUT,97,4,benchKey_20_93,bytes=30;client_id=20;clients=50
1777331415731,PUT,117,4,benchKey_16_93,bytes=30;client_id=16;clients=50
1777331415731,PUT,116,4,benchKey_42_93,bytes=30;client_id=42;clients=50
1777331415731,PUT,118,4,benchKey_43_93,bytes=30;client_id=43;clients=50
1777331415735,PUT,118,4,benchKey_5_93,bytes=29;client_id=5;clients=50
1777331415736,PUT,118,4,benchKey_49_93,bytes=30;client_id=49;clients=50
1777331415737,PUT,115,4,benchKey_24_93,bytes=30;client_id=24;clients=50
1777331415738,PUT,116,4,benchKey_34_93,bytes=30;client_id=34;clients=50
1777331415738,PUT,116,4,benchKey_9_93,bytes=29;client_id=9;clients=50
1777331415740,PUT,92,4,benchKey_21_93,bytes=30;client_id=21;clients=50
1777331415740,PUT,117,4,benchKey_13_93,bytes=30;client_id=13;clients=50
1777331415740,PUT,118,4,benchKey_28_93,bytes=30;client_id=28;clients=50
1777331415740,PUT,92,4,benchKey_47_93,bytes=30;client_id=47;clients=50
1777331415741,PUT,92,4,benchKey_14_93,bytes=30;client_id=14;clients=50
1777331415744,PUT,92,4,benchKey_25_93,bytes=30;client_id=25;clients=50
1777331415745,PUT,93,4,benchKey_7_93,bytes=29;client_id=7;clients=50
1777331415748,PUT,94,4,benchKey_0_93,bytes=29;client_id=0;clients=50
1777331415748,PUT,95,4,benchKey_46_93,bytes=30;client_id=46;clients=50
1777331415748,PUT,92,4,benchKey_48_93,bytes=30;client_id=48;clients=50
1777331415748,PUT,94,4,benchKey_27_93,bytes=30;client_id=27;clients=50
1777331415749,PUT,94,4,benchKey_33_93,bytes=30;client_id=33;clients=50
1777331415773,PUT,116,4,benchKey_22_94,bytes=30;client_id=22;clients=50
1777331415773,PUT,115,4,benchKey_8_93,bytes=29;client_id=8;clients=50
1777331415773,PUT,116,4,benchKey_2_93,bytes=29;client_id=2;clients=50
1777331415778,PUT,115,4,benchKey_44_93,bytes=30;client_id=44;clients=50
1777331415779,PUT,115,4,benchKey_11_94,bytes=30;client_id=11;clients=50
1777331415779,PUT,119,4,benchKey_41_94,bytes=30;client_id=41;clients=50
1777331415780,PUT,115,4,benchKey_12_93,bytes=30;client_id=12;clients=50
1777331415780,PUT,116,4,benchKey_40_94,bytes=30;client_id=40;clients=50
1777331415781,PUT,116,4,benchKey_31_94,bytes=30;client_id=31;clients=50
1777331415782,PUT,117,4,benchKey_1_93,bytes=29;client_id=1;clients=50
1777331415782,PUT,92,4,benchKey_23_94,bytes=30;client_id=23;clients=50
1777331415783,PUT,93,4,benchKey_35_94,bytes=30;client_id=35;clients=50
1777331415784,PUT,93,4,benchKey_38_94,bytes=30;client_id=38;clients=50
1777331415785,PUT,92,4,benchKey_6_94,bytes=29;client_id=6;clients=50
1777331415787,PUT,92,4,benchKey_39_93,bytes=30;client_id=39;clients=50
1777331415791,PUT,95,4,benchKey_32_94,bytes=30;client_id=32;clients=50
1777331415792,PUT,96,4,benchKey_10_94,bytes=30;client_id=10;clients=50
1777331415793,PUT,95,4,benchKey_45_94,bytes=30;client_id=45;clients=50
1777331415793,PUT,97,4,benchKey_4_94,bytes=29;client_id=4;clients=50
1777331415794,PUT,95,4,benchKey_17_94,bytes=30;client_id=17;clients=50
1777331415816,PUT,116,4,benchKey_37_94,bytes=30;client_id=37;clients=50
1777331415816,PUT,117,4,benchKey_30_94,bytes=30;client_id=30;clients=50
1777331415817,PUT,118,4,benchKey_19_93,bytes=30;client_id=19;clients=50
1777331415821,PUT,116,4,benchKey_29_93,bytes=30;client_id=29;clients=50
1777331415821,PUT,118,4,benchKey_18_94,bytes=30;client_id=18;clients=50
1777331415822,PUT,115,4,benchKey_3_94,bytes=29;client_id=3;clients=50
1777331415822,PUT,115,4,benchKey_36_94,bytes=30;client_id=36;clients=50
1777331415823,PUT,116,4,benchKey_15_94,bytes=30;client_id=15;clients=50
1777331415825,PUT,117,4,benchKey_20_94,bytes=30;client_id=20;clients=50
1777331415825,PUT,93,4,benchKey_16_94,bytes=30;client_id=16;clients=50
1777331415825,PUT,117,4,benchKey_26_94,bytes=30;client_id=26;clients=50
1777331415826,PUT,95,4,benchKey_42_94,bytes=30;client_id=42;clients=50
1777331415827,PUT,95,4,benchKey_43_94,bytes=30;client_id=43;clients=50
1777331415829,PUT,93,4,benchKey_5_94,bytes=29;client_id=5;clients=50
1777331415831,PUT,94,4,benchKey_49_94,bytes=30;client_id=49;clients=50
1777331415835,PUT,97,4,benchKey_24_94,bytes=30;client_id=24;clients=50
1777331415836,PUT,97,4,benchKey_34_94,bytes=30;client_id=34;clients=50
1777331415836,PUT,95,4,benchKey_13_94,bytes=30;client_id=13;clients=50
1777331415837,PUT,98,4,benchKey_9_94,bytes=29;client_id=9;clients=50
1777331415838,PUT,97,4,benchKey_21_94,bytes=30;client_id=21;clients=50
1777331415859,PUT,118,4,benchKey_47_94,bytes=30;client_id=47;clients=50
1777331415859,PUT,118,4,benchKey_28_94,bytes=30;client_id=28;clients=50
1777331415861,PUT,120,4,benchKey_14_94,bytes=30;client_id=14;clients=50
1777331415863,PUT,119,4,benchKey_25_94,bytes=30;client_id=25;clients=50
1777331415863,PUT,118,4,benchKey_7_94,bytes=29;client_id=7;clients=50
1777331415865,PUT,116,4,benchKey_46_94,bytes=30;client_id=46;clients=50
1777331415866,PUT,117,4,benchKey_0_94,bytes=29;client_id=0;clients=50
1777331415867,PUT,118,4,benchKey_48_94,bytes=30;client_id=48;clients=50
1777331415869,PUT,120,4,benchKey_33_94,bytes=30;client_id=33;clients=50
1777331415869,PUT,120,4,benchKey_27_94,bytes=30;client_id=27;clients=50
1777331415869,PUT,96,4,benchKey_22_95,bytes=30;client_id=22;clients=50
1777331415871,PUT,97,4,benchKey_2_94,bytes=29;client_id=2;clients=50
1777331415871,PUT,93,4,benchKey_44_94,bytes=30;client_id=44;clients=50
1777331415871,PUT,98,4,benchKey_8_94,bytes=29;client_id=8;clients=50
1777331415874,PUT,95,4,benchKey_11_95,bytes=30;client_id=11;clients=50
1777331415877,PUT,98,4,benchKey_41_95,bytes=30;client_id=41;clients=50
1777331415880,PUT,100,4,benchKey_12_94,bytes=30;client_id=12;clients=50
1777331415880,PUT,98,4,benchKey_31_95,bytes=30;client_id=31;clients=50
1777331415880,PUT,99,4,benchKey_40_95,bytes=30;client_id=40;clients=50
1777331415880,PUT,98,4,benchKey_1_94,bytes=29;client_id=1;clients=50
1777331415901,PUT,117,4,benchKey_35_95,bytes=30;client_id=35;clients=50
1777331415901,PUT,119,4,benchKey_23_95,bytes=30;client_id=23;clients=50
1777331415904,PUT,120,4,benchKey_38_95,bytes=30;client_id=38;clients=50
1777331415905,PUT,117,4,benchKey_39_94,bytes=30;client_id=39;clients=50
1777331415905,PUT,119,4,benchKey_6_95,bytes=29;client_id=6;clients=50
1777331415907,PUT,116,4,benchKey_32_95,bytes=30;client_id=32;clients=50
1777331415909,PUT,116,4,benchKey_10_95,bytes=30;client_id=10;clients=50
1777331415909,PUT,115,4,benchKey_45_95,bytes=30;client_id=45;clients=50
1777331415911,PUT,115,4,benchKey_4_95,bytes=29;client_id=4;clients=50
1777331415913,PUT,96,4,benchKey_30_95,bytes=30;client_id=30;clients=50
1777331415914,PUT,97,4,benchKey_37_95,bytes=30;client_id=37;clients=50
1777331415914,PUT,118,4,benchKey_17_95,bytes=30;client_id=17;clients=50
1777331415914,PUT,96,4,benchKey_19_94,bytes=30;client_id=19;clients=50
1777331415914,PUT,93,4,benchKey_29_94,bytes=30;client_id=29;clients=50
1777331415916,PUT,94,4,benchKey_18_95,bytes=30;client_id=18;clients=50
1777331415919,PUT,96,4,benchKey_3_95,bytes=29;client_id=3;clients=50
1777331415923,PUT,100,4,benchKey_36_95,bytes=30;client_id=36;clients=50
1777331415923,PUT,98,4,benchKey_20_95,bytes=30;client_id=20;clients=50
1777331415923,PUT,98,4,benchKey_16_95,bytes=30;client_id=16;clients=50
1777331415923,PUT,99,4,benchKey_15_95,bytes=30;client_id=15;clients=50
1777331415943,PUT,116,4,benchKey_42_95,bytes=30;client_id=42;clients=50
1777331415944,PUT,119,4,benchKey_26_95,bytes=30;client_id=26;clients=50
1777331415945,PUT,117,4,benchKey_43_95,bytes=30;client_id=43;clients=50
1777331415946,PUT,117,4,benchKey_5_95,bytes=29;client_id=5;clients=50
1777331415946,PUT,115,4,benchKey_49_95,bytes=30;client_id=49;clients=50
1777331415948,PUT,113,4,benchKey_24_95,bytes=30;client_id=24;clients=50
1777331415950,PUT,114,4,benchKey_34_95,bytes=30;client_id=34;clients=50
1777331415951,PUT,115,4,benchKey_13_95,bytes=30;client_id=13;clients=50
1777331415953,PUT,116,4,benchKey_9_95,bytes=29;client_id=9;clients=50
1777331415955,PUT,117,4,benchKey_21_95,bytes=30;client_id=21;clients=50
1777331415956,PUT,92,4,benchKey_25_95,bytes=30;client_id=25;clients=50
1777331415956,PUT,95,4,benchKey_14_95,bytes=30;client_id=14;clients=50
1777331415956,PUT,96,4,benchKey_47_95,bytes=30;client_id=47;clients=50
1777331415957,PUT,97,4,benchKey_28_95,bytes=30;client_id=28;clients=50
1777331415957,PUT,93,4,benchKey_7_95,bytes=29;client_id=7;clients=50
1777331415961,PUT,96,4,benchKey_46_95,bytes=30;client_id=46;clients=50
1777331415965,PUT,95,4,benchKey_33_95,bytes=30;client_id=33;clients=50
1777331415966,PUT,99,4,benchKey_48_95,bytes=30;client_id=48;clients=50
1777331415966,PUT,96,4,benchKey_27_95,bytes=30;client_id=27;clients=50
1777331415966,PUT,100,4,benchKey_0_95,bytes=29;client_id=0;clients=50
1777331415985,PUT,115,4,benchKey_22_96,bytes=30;client_id=22;clients=50
1777331415986,PUT,114,4,benchKey_2_95,bytes=29;client_id=2;clients=50
1777331415986,PUT,114,4,benchKey_8_95,bytes=29;client_id=8;clients=50
1777331415987,PUT,115,4,benchKey_44_95,bytes=30;client_id=44;clients=50
1777331415988,PUT,114,4,benchKey_11_96,bytes=30;client_id=11;clients=50
1777331415989,PUT,111,4,benchKey_41_96,bytes=30;client_id=41;clients=50
1777331415991,PUT,110,4,benchKey_12_95,bytes=30;client_id=12;clients=50
1777331415993,PUT,112,4,benchKey_31_96,bytes=30;client_id=31;clients=50
1777331415995,PUT,114,4,benchKey_40_96,bytes=30;client_id=40;clients=50
1777331415997,PUT,92,4,benchKey_38_96,bytes=30;client_id=38;clients=50
1777331415997,PUT,116,4,benchKey_1_95,bytes=29;client_id=1;clients=50
1777331415997,PUT,95,4,benchKey_35_96,bytes=30;client_id=35;clients=50
1777331415997,PUT,96,4,benchKey_23_96,bytes=30;client_id=23;clients=50
1777331415998,PUT,92,4,benchKey_6_96,bytes=29;client_id=6;clients=50
1777331415999,PUT,93,4,benchKey_39_95,bytes=30;client_id=39;clients=50
1777331416003,PUT,96,4,benchKey_32_96,bytes=30;client_id=32;clients=50
1777331416007,PUT,97,4,benchKey_45_96,bytes=30;client_id=45;clients=50
1777331416008,PUT,98,4,benchKey_10_96,bytes=30;client_id=10;clients=50
1777331416009,PUT,95,4,benchKey_30_96,bytes=30;client_id=30;clients=50
1777331416009,PUT,98,4,benchKey_4_96,bytes=29;client_id=4;clients=50
1777331416027,PUT,113,4,benchKey_19_95,bytes=30;client_id=19;clients=50
1777331416028,PUT,113,4,benchKey_37_96,bytes=30;client_id=37;clients=50
1777331416028,PUT,113,4,benchKey_17_96,bytes=30;client_id=17;clients=50
1777331416029,PUT,114,4,benchKey_29_95,bytes=30;client_id=29;clients=50
1777331416029,PUT,113,4,benchKey_18_96,bytes=30;client_id=18;clients=50
1777331416030,PUT,110,4,benchKey_3_96,bytes=29;client_id=3;clients=50
1777331416032,PUT,108,4,benchKey_36_96,bytes=30;client_id=36;clients=50
1777331416035,PUT,111,4,benchKey_20_96,bytes=30;client_id=20;clients=50
1777331416037,PUT,113,4,benchKey_16_96,bytes=30;client_id=16;clients=50
1777331416038,PUT,93,4,benchKey_26_96,bytes=30;client_id=26;clients=50
1777331416039,PUT,95,4,benchKey_42_96,bytes=30;client_id=42;clients=50
1777331416039,PUT,94,4,benchKey_43_96,bytes=30;client_id=43;clients=50
1777331416040,PUT,116,4,benchKey_15_96,bytes=30;client_id=15;clients=50
1777331416040,PUT,94,4,benchKey_5_96,bytes=29;client_id=5;clients=50
1777331416041,PUT,94,4,benchKey_49_96,bytes=30;client_id=49;clients=50
1777331416045,PUT,96,4,benchKey_24_96,bytes=30;client_id=24;clients=50
1777331416049,PUT,98,4,benchKey_34_96,bytes=30;client_id=34;clients=50
1777331416050,PUT,99,4,benchKey_13_96,bytes=30;client_id=13;clients=50
1777331416051,PUT,95,4,benchKey_21_96,bytes=30;client_id=21;clients=50
1777331416051,PUT,97,4,benchKey_9_96,bytes=29;client_id=9;clients=50
1777331416069,PUT,113,4,benchKey_14_96,bytes=30;client_id=14;clients=50
1777331416069,PUT,113,4,benchKey_25_96,bytes=30;client_id=25;clients=50
1777331416070,PUT,112,4,benchKey_7_96,bytes=29;client_id=7;clients=50
1777331416071,PUT,114,4,benchKey_47_96,bytes=30;client_id=47;clients=50
1777331416071,PUT,109,4,benchKey_46_96,bytes=30;client_id=46;clients=50
1777331416071,PUT,114,4,benchKey_28_96,bytes=30;client_id=28;clients=50
1777331416074,PUT,108,4,benchKey_33_96,bytes=30;client_id=33;clients=50
1777331416076,PUT,109,4,benchKey_48_96,bytes=30;client_id=48;clients=50
1777331416079,PUT,112,4,benchKey_27_96,bytes=30;client_id=27;clients=50
1777331416080,PUT,94,4,benchKey_2_96,bytes=29;client_id=2;clients=50
1777331416080,PUT,113,4,benchKey_0_96,bytes=29;client_id=0;clients=50
1777331416080,PUT,94,4,benchKey_22_97,bytes=30;client_id=22;clients=50
1777331416081,PUT,94,4,benchKey_8_96,bytes=29;client_id=8;clients=50
1777331416081,PUT,93,4,benchKey_44_96,bytes=30;client_id=44;clients=50
1777331416082,PUT,93,4,benchKey_11_97,bytes=30;client_id=11;clients=50
1777331416086,PUT,96,4,benchKey_41_97,bytes=30;client_id=41;clients=50
1777331416091,PUT,97,4,benchKey_31_97,bytes=30;client_id=31;clients=50
1777331416091,PUT,100,4,benchKey_12_96,bytes=30;client_id=12;clients=50
1777331416092,PUT,96,4,benchKey_40_97,bytes=30;client_id=40;clients=50
1777331416092,PUT,94,4,benchKey_38_97,bytes=30;client_id=38;clients=50
1777331416111,PUT,113,4,benchKey_23_97,bytes=30;client_id=23;clients=50
1777331416112,PUT,108,4,benchKey_32_97,bytes=30;client_id=32;clients=50
1777331416112,PUT,114,4,benchKey_35_97,bytes=30;client_id=35;clients=50
1777331416112,PUT,113,4,benchKey_39_96,bytes=30;client_id=39;clients=50
1777331416112,PUT,115,4,benchKey_1_96,bytes=29;client_id=1;clients=50
1777331416112,PUT,114,4,benchKey_6_97,bytes=29;client_id=6;clients=50
1777331416115,PUT,107,4,benchKey_45_97,bytes=30;client_id=45;clients=50
1777331416117,PUT,108,4,benchKey_10_97,bytes=30;client_id=10;clients=50
1777331416121,PUT,112,4,benchKey_30_97,bytes=30;client_id=30;clients=50
1777331416122,PUT,93,4,benchKey_37_97,bytes=30;client_id=37;clients=50
1777331416122,PUT,94,4,benchKey_19_96,bytes=30;client_id=19;clients=50
1777331416122,PUT,113,4,benchKey_4_97,bytes=29;client_id=4;clients=50
1777331416123,PUT,93,4,benchKey_29_96,bytes=30;client_id=29;clients=50
1777331416123,PUT,94,4,benchKey_17_97,bytes=30;client_id=17;clients=50
1777331416123,PUT,93,4,benchKey_18_97,bytes=30;client_id=18;clients=50
1777331416128,PUT,98,4,benchKey_3_97,bytes=29;client_id=3;clients=50
1777331416132,PUT,100,4,benchKey_36_97,bytes=30;client_id=36;clients=50
1777331416133,PUT,96,4,benchKey_16_97,bytes=30;client_id=16;clients=50
1777331416133,PUT,95,4,benchKey_26_97,bytes=30;client_id=26;clients=50
1777331416133,PUT,98,4,benchKey_20_97,bytes=30;client_id=20;clients=50
1777331416153,PUT,114,4,benchKey_43_97,bytes=30;client_id=43;clients=50
1777331416153,PUT,114,4,benchKey_42_97,bytes=30;client_id=42;clients=50
1777331416154,PUT,113,4,benchKey_15_97,bytes=30;client_id=15;clients=50
1777331416154,PUT,113,4,benchKey_5_97,bytes=29;client_id=5;clients=50
1777331416155,PUT,109,4,benchKey_24_97,bytes=30;client_id=24;clients=50
1777331416156,PUT,106,4,benchKey_34_97,bytes=30;client_id=34;clients=50
1777331416156,PUT,115,4,benchKey_49_97,bytes=30;client_id=49;clients=50
1777331416159,PUT,108,4,benchKey_13_97,bytes=30;client_id=13;clients=50
1777331416162,PUT,111,4,benchKey_21_97,bytes=30;client_id=21;clients=50
1777331416164,PUT,113,4,benchKey_9_97,bytes=29;client_id=9;clients=50
1777331416164,PUT,93,4,benchKey_47_97,bytes=30;client_id=47;clients=50
1777331416164,PUT,94,4,benchKey_25_97,bytes=30;client_id=25;clients=50
1777331416164,PUT,93,4,benchKey_46_97,bytes=30;client_id=46;clients=50
1777331416164,PUT,95,4,benchKey_14_97,bytes=30;client_id=14;clients=50
1777331416165,PUT,95,4,benchKey_7_97,bytes=29;client_id=7;clients=50
1777331416169,PUT,97,4,benchKey_28_97,bytes=30;client_id=28;clients=50
1777331416173,PUT,98,4,benchKey_33_97,bytes=30;client_id=33;clients=50
1777331416174,PUT,94,4,benchKey_27_97,bytes=30;client_id=27;clients=50
1777331416175,PUT,94,4,benchKey_2_97,bytes=29;client_id=2;clients=50
1777331416175,PUT,98,4,benchKey_48_97,bytes=30;client_id=48;clients=50
1777331416195,PUT,114,4,benchKey_0_97,bytes=29;client_id=0;clients=50
1777331416195,PUT,114,4,benchKey_44_97,bytes=30;client_id=44;clients=50
1777331416195,PUT,114,4,benchKey_22_98,bytes=30;client_id=22;clients=50
1777331416196,PUT,114,4,benchKey_8_97,bytes=29;client_id=8;clients=50
1777331416197,PUT,114,4,benchKey_11_98,bytes=30;client_id=11;clients=50
1777331416197,PUT,105,4,benchKey_31_98,bytes=30;client_id=31;clients=50
1777331416198,PUT,111,4,benchKey_41_98,bytes=30;client_id=41;clients=50
1777331416201,PUT,109,4,benchKey_12_97,bytes=30;client_id=12;clients=50
1777331416203,PUT,111,4,benchKey_40_98,bytes=30;client_id=40;clients=50
1777331416206,PUT,93,4,benchKey_39_97,bytes=30;client_id=39;clients=50
1777331416206,PUT,93,4,benchKey_35_98,bytes=30;client_id=35;clients=50
1777331416206,PUT,95,4,benchKey_23_98,bytes=30;client_id=23;clients=50
1777331416206,PUT,94,4,benchKey_32_98,bytes=30;client_id=32;clients=50
1777331416207,PUT,94,4,benchKey_1_97,bytes=29;client_id=1;clients=50
1777331416207,PUT,115,4,benchKey_38_98,bytes=30;client_id=38;clients=50
1777331416210,PUT,97,4,benchKey_6_98,bytes=29;client_id=6;clients=50
1777331416214,PUT,98,4,benchKey_45_98,bytes=30;client_id=45;clients=50
1777331416215,PUT,97,4,benchKey_10_98,bytes=30;client_id=10;clients=50
1777331416216,PUT,94,4,benchKey_30_98,bytes=30;client_id=30;clients=50
1777331416216,PUT,93,4,benchKey_37_98,bytes=30;client_id=37;clients=50
1777331416236,PUT,113,4,benchKey_29_97,bytes=30;client_id=29;clients=50
1777331416236,PUT,113,4,benchKey_4_98,bytes=29;client_id=4;clients=50
1777331416237,PUT,113,4,benchKey_17_98,bytes=30;client_id=17;clients=50
1777331416237,PUT,114,4,benchKey_19_97,bytes=30;client_id=19;clients=50
1777331416238,PUT,114,4,benchKey_18_98,bytes=30;client_id=18;clients=50
1777331416238,PUT,109,4,benchKey_3_98,bytes=29;client_id=3;clients=50
1777331416240,PUT,107,4,benchKey_36_98,bytes=30;client_id=36;clients=50
1777331416242,PUT,108,4,benchKey_16_98,bytes=30;client_id=16;clients=50
1777331416244,PUT,110,4,benchKey_26_98,bytes=30;client_id=26;clients=50
1777331416249,PUT,95,4,benchKey_5_98,bytes=29;client_id=5;clients=50
1777331416249,PUT,94,4,benchKey_24_98,bytes=30;client_id=24;clients=50
1777331416249,PUT,95,4,benchKey_15_98,bytes=30;client_id=15;clients=50
1777331416249,PUT,96,4,benchKey_43_98,bytes=30;client_id=43;clients=50
1777331416249,PUT,116,4,benchKey_20_98,bytes=30;client_id=20;clients=50
1777331416249,PUT,96,4,benchKey_42_98,bytes=30;client_id=42;clients=50
1777331416252,PUT,95,4,benchKey_34_98,bytes=30;client_id=34;clients=50
1777331416255,PUT,99,4,benchKey_49_98,bytes=30;client_id=49;clients=50
1777331416256,PUT,97,4,benchKey_13_98,bytes=30;client_id=13;clients=50
1777331416257,PUT,93,4,benchKey_9_98,bytes=29;client_id=9;clients=50
1777331416258,PUT,96,4,benchKey_21_98,bytes=30;client_id=21;clients=50
1777331416279,PUT,114,4,benchKey_25_98,bytes=30;client_id=25;clients=50
1777331416279,PUT,114,4,benchKey_47_98,bytes=30;client_id=47;clients=50
1777331416279,PUT,114,4,benchKey_14_98,bytes=30;client_id=14;clients=50
1777331416280,PUT,115,4,benchKey_46_98,bytes=30;client_id=46;clients=50
1777331416281,PUT,115,4,benchKey_7_98,bytes=29;client_id=7;clients=50
1777331416280,PUT,111,4,benchKey_28_98,bytes=30;client_id=28;clients=50
1777331416282,PUT,109,4,benchKey_33_98,bytes=30;client_id=33;clients=50
1777331416283,PUT,109,4,benchKey_27_98,bytes=30;client_id=27;clients=50
1777331416286,PUT,111,4,benchKey_48_98,bytes=30;client_id=48;clients=50
1777331416291,PUT,116,4,benchKey_2_98,bytes=29;client_id=2;clients=50
1777331416291,PUT,96,4,benchKey_44_98,bytes=30;client_id=44;clients=50
1777331416292,PUT,95,4,benchKey_8_98,bytes=29;client_id=8;clients=50
1777331416293,PUT,95,4,benchKey_11_99,bytes=30;client_id=11;clients=50
1777331416293,PUT,98,4,benchKey_0_98,bytes=29;client_id=0;clients=50
1777331416293,PUT,98,4,benchKey_22_99,bytes=30;client_id=22;clients=50
1777331416294,PUT,96,4,benchKey_31_99,bytes=30;client_id=31;clients=50
1777331416297,PUT,99,4,benchKey_41_99,bytes=30;client_id=41;clients=50
1777331416298,PUT,97,4,benchKey_12_98,bytes=30;client_id=12;clients=50
1777331416299,PUT,96,4,benchKey_40_99,bytes=30;client_id=40;clients=50
1777331416300,PUT,94,4,benchKey_39_98,bytes=30;client_id=39;clients=50
1777331416322,PUT,115,4,benchKey_23_99,bytes=30;client_id=23;clients=50
1777331416323,PUT,116,4,benchKey_35_99,bytes=30;client_id=35;clients=50
1777331416323,PUT,115,4,benchKey_38_99,bytes=30;client_id=38;clients=50
1777331416323,PUT,116,4,benchKey_32_99,bytes=30;client_id=32;clients=50
1777331416324,PUT,117,4,benchKey_1_98,bytes=29;client_id=1;clients=50
1777331416326,PUT,110,4,benchKey_10_99,bytes=30;client_id=10;clients=50
1777331416326,PUT,111,4,benchKey_45_99,bytes=30;client_id=45;clients=50
1777331416327,PUT,117,4,benchKey_6_99,bytes=29;client_id=6;clients=50
1777331416329,PUT,112,4,benchKey_30_99,bytes=30;client_id=30;clients=50
1777331416333,PUT,117,4,benchKey_37_99,bytes=30;client_id=37;clients=50
1777331416333,PUT,97,4,benchKey_29_98,bytes=30;client_id=29;clients=50
1777331416336,PUT,99,4,benchKey_4_99,bytes=29;client_id=4;clients=50
1777331416336,PUT,98,4,benchKey_19_98,bytes=30;client_id=19;clients=50
1777331416336,PUT,99,4,benchKey_17_99,bytes=30;client_id=17;clients=50
1777331416337,PUT,99,4,benchKey_18_99,bytes=30;client_id=18;clients=50
1777331416338,PUT,99,4,benchKey_3_99,bytes=29;client_id=3;clients=50
1777331416340,PUT,99,4,benchKey_36_99,bytes=30;client_id=36;clients=50
1777331416341,PUT,98,4,benchKey_16_99,bytes=30;client_id=16;clients=50
1777331416342,PUT,97,4,benchKey_26_99,bytes=30;client_id=26;clients=50
1777331416343,PUT,93,4,benchKey_24_99,bytes=30;client_id=24;clients=50
1777331416365,PUT,115,4,benchKey_5_99,bytes=29;client_id=5;clients=50
1777331416366,PUT,116,4,benchKey_43_99,bytes=30;client_id=43;clients=50
1777331416366,PUT,116,4,benchKey_20_99,bytes=30;client_id=20;clients=50
1777331416368,PUT,118,4,benchKey_42_99,bytes=30;client_id=42;clients=50
1777331416369,PUT,119,4,benchKey_15_99,bytes=30;client_id=15;clients=50
1777331416369,PUT,117,4,benchKey_34_99,bytes=30;client_id=34;clients=50
1777331416370,PUT,115,4,benchKey_49_99,bytes=30;client_id=49;clients=50
1777331416370,PUT,114,4,benchKey_13_99,bytes=30;client_id=13;clients=50
1777331416372,PUT,114,4,benchKey_9_99,bytes=29;client_id=9;clients=50
1777331416375,PUT,117,4,benchKey_21_99,bytes=30;client_id=21;clients=50
1777331416376,PUT,97,4,benchKey_25_99,bytes=30;client_id=25;clients=50
1777331416379,PUT,98,4,benchKey_46_99,bytes=30;client_id=46;clients=50
1777331416379,PUT,99,4,benchKey_14_99,bytes=30;client_id=14;clients=50
1777331416380,PUT,99,4,benchKey_7_99,bytes=29;client_id=7;clients=50
1777331416380,PUT,100,4,benchKey_47_99,bytes=30;client_id=47;clients=50
1777331416381,PUT,99,4,benchKey_28_99,bytes=30;client_id=28;clients=50
1777331416383,PUT,96,4,benchKey_48_99,bytes=30;client_id=48;clients=50
1777331416384,PUT,100,4,benchKey_27_99,bytes=30;client_id=27;clients=50
1777331416384,PUT,101,4,benchKey_33_99,bytes=30;client_id=33;clients=50
1777331416384,PUT,92,4,benchKey_2_99,bytes=29;client_id=2;clients=50
1777331416408,PUT,116,4,benchKey_44_99,bytes=30;client_id=44;clients=50
1777331416409,PUT,115,4,benchKey_0_99,bytes=29;client_id=0;clients=50
1777331416409,PUT,117,4,benchKey_8_99,bytes=29;client_id=8;clients=50
1777331416410,PUT,112,4,benchKey_12_99,bytes=30;client_id=12;clients=50
1777331416411,PUT,111,4,benchKey_39_99,bytes=30;client_id=39;clients=50
1777331416413,PUT,88,4,benchKey_1_99,bytes=29;client_id=1;clients=50
1777331416454,PUT,120,4,benchKey_29_99,bytes=30;client_id=29;clients=50
1777331416454,PUT,117,4,benchKey_19_99,bytes=30;client_id=19;clients=50
1777331421586,DATA_SKEW_BEFORE,0,0,,node=8002;keys_count=360
1777331421634,DATA_SKEW_BEFORE,0,0,,node=8008;keys_count=320
1777331421683,DATA_SKEW_BEFORE,0,0,,node=8011;keys_count=308
1777331421728,DATA_SKEW_BEFORE,0,0,,node=8009;keys_count=314
1777331421773,DATA_SKEW_BEFORE,0,0,,node=8005;keys_count=347
1777331421818,DATA_SKEW_BEFORE,0,0,,node=8014;keys_count=332
1777331421862,DATA_SKEW_BEFORE,0,0,,node=8006;keys_count=338
1777331421908,DATA_SKEW_BEFORE,0,0,,node=8015;keys_count=344
1777331421957,DATA_SKEW_BEFORE,0,0,,node=8012;keys_count=312
1777331422008,DATA_SKEW_BEFORE,0,0,,node=8003;keys_count=359
1777331422055,DATA_SKEW_BEFORE,0,0,,node=8004;keys_count=354
1777331422108,DATA_SKEW_BEFORE,0,0,,node=8007;keys_count=328
1777331422152,DATA_SKEW_BEFORE,0,0,,node=8010;keys_count=309
1777331422197,DATA_SKEW_BEFORE,0,0,,node=8013;keys_count=321
1777331422244,DATA_SKEW_BEFORE,0,0,,node=8001;keys_count=354
1777331422267,LEAVE,0,0,,node=127.0.0.1:8015
1777331438275,TRANSFER_BATCH,0,1,,source=8014;dest=8013;keys=40;bytes=2560
1777331438371,TRANSFER_BATCH,0,1,,source=8014;dest=8012;keys=5;bytes=320
1777331438468,TRANSFER_BATCH,0,1,,source=8014;dest=8003;keys=42;bytes=2688
1777331438557,TRANSFER_BATCH,0,1,,source=8014;dest=8002;keys=6;bytes=384
1777331438643,TRANSFER_BATCH,0,1,,source=8014;dest=8001;keys=42;bytes=2688
1777331438732,TRANSFER_BATCH,0,1,,source=8014;dest=8007;keys=43;bytes=2752
1777331438819,TRANSFER_BATCH,0,1,,source=8014;dest=8006;keys=6;bytes=384
1777331438909,TRANSFER_BATCH,0,1,,source=8014;dest=8005;keys=42;bytes=2688
1777331439004,TRANSFER_BATCH,0,1,,source=8014;dest=8004;keys=6;bytes=384
1777331439098,TRANSFER_BATCH,0,1,,source=8014;dest=8011;keys=42;bytes=2688
1777331439194,TRANSFER_BATCH,0,1,,source=8014;dest=8010;keys=6;bytes=384
1777331439288,TRANSFER_BATCH,0,1,,source=8014;dest=8009;keys=40;bytes=2560
1777331439384,TRANSFER_BATCH,0,1,,source=8014;dest=8008;keys=6;bytes=384
1777331439493,TRANSFER_BATCH,0,1,,source=8013;dest=8014;keys=37;bytes=2368
1777331439582,TRANSFER_BATCH,0,1,,source=8013;dest=8012;keys=36;bytes=2304
1777331439667,TRANSFER_BATCH,0,1,,source=8013;dest=8003;keys=9;bytes=576
1777331439752,TRANSFER_BATCH,0,1,,source=8013;dest=8002;keys=38;bytes=2432
1777331439838,TRANSFER_BATCH,0,1,,source=8013;dest=8001;keys=8;bytes=512
1777331439926,TRANSFER_BATCH,0,1,,source=8013;dest=8007;keys=9;bytes=576
1777331440014,TRANSFER_BATCH,0,1,,source=8013;dest=8006;keys=39;bytes=2496
1777331440102,TRANSFER_BATCH,0,1,,source=8013;dest=8005;keys=8;bytes=512
1777331440191,TRANSFER_BATCH,0,1,,source=8013;dest=8004;keys=38;bytes=2432
1777331440279,TRANSFER_BATCH,0,1,,source=8013;dest=8011;keys=8;bytes=512
1777331440368,TRANSFER_BATCH,0,1,,source=8013;dest=8010;keys=37;bytes=2368
1777331440455,TRANSFER_BATCH,0,1,,source=8013;dest=8009;keys=8;bytes=512
1777331440544,TRANSFER_BATCH,0,1,,source=8013;dest=8008;keys=38;bytes=2432
1777331440643,TRANSFER_BATCH,0,1,,source=8012;dest=8014;keys=11;bytes=704
1777331440729,TRANSFER_BATCH,0,1,,source=8012;dest=8013;keys=32;bytes=2048
1777331440814,TRANSFER_BATCH,0,1,,source=8012;dest=8003;keys=34;bytes=2176
1777331440902,TRANSFER_BATCH,0,1,,source=8012;dest=8002;keys=12;bytes=768
1777331440989,TRANSFER_BATCH,0,1,,source=8012;dest=8001;keys=33;bytes=2112
1777331441074,TRANSFER_BATCH,0,1,,source=8012;dest=8007;keys=34;bytes=2176
1777331441161,TRANSFER_BATCH,0,1,,source=8012;dest=8006;keys=12;bytes=768
1777331441249,TRANSFER_BATCH,0,1,,source=8012;dest=8005;keys=34;bytes=2176
1777331441337,TRANSFER_BATCH,0,1,,source=8012;dest=8004;keys=11;bytes=704
1777331441424,TRANSFER_BATCH,0,1,,source=8012;dest=8011;keys=33;bytes=2112
1777331441510,TRANSFER_BATCH,0,1,,source=8012;dest=8010;keys=10;bytes=640
1777331441597,TRANSFER_BATCH,0,1,,source=8012;dest=8009;keys=33;bytes=2112
1777331441682,TRANSFER_BATCH,0,1,,source=8012;dest=8008;keys=12;bytes=768
1777331441775,TRANSFER_BATCH,0,1,,source=8003;dest=8014;keys=5;bytes=320
1777331441862,TRANSFER_BATCH,0,1,,source=8003;dest=8013;keys=48;bytes=3072
1777331441950,TRANSFER_BATCH,0,1,,source=8003;dest=8012;keys=5;bytes=320
1777331442037,TRANSFER_BATCH,0,1,,source=8003;dest=8002;keys=5;bytes=320
1777331442122,TRANSFER_BATCH,0,1,,source=8003;dest=8001;keys=48;bytes=3072
1777331442207,TRANSFER_BATCH,0,1,,source=8003;dest=8007;keys=45;bytes=2880
1777331442295,TRANSFER_BATCH,0,1,,source=8003;dest=8006;keys=4;bytes=256
1777331442382,TRANSFER_BATCH,0,1,,source=8003;dest=8005;keys=47;bytes=3008
1777331442469,TRANSFER_BATCH,0,1,,source=8003;dest=8004;keys=4;bytes=256
1777331442558,TRANSFER_BATCH,0,1,,source=8003;dest=8011;keys=49;bytes=3136
1777331442642,TRANSFER_BATCH,0,1,,source=8003;dest=8010;keys=3;bytes=192
1777331442728,TRANSFER_BATCH,0,1,,source=8003;dest=8009;keys=46;bytes=2944
1777331442814,TRANSFER_BATCH,0,1,,source=8003;dest=8008;keys=4;bytes=256
1777331442918,TRANSFER_BATCH,0,1,,source=8002;dest=8014;keys=49;bytes=3136
1777331443002,TRANSFER_BATCH,0,1,,source=8002;dest=8013;keys=5;bytes=320
1777331443086,TRANSFER_BATCH,0,1,,source=8002;dest=8012;keys=48;bytes=3072
1777331443172,TRANSFER_BATCH,0,1,,source=8002;dest=8003;keys=5;bytes=320
1777331443259,TRANSFER_BATCH,0,1,,source=8002;dest=8001;keys=4;bytes=256
1777331443347,TRANSFER_BATCH,0,1,,source=8002;dest=8007;keys=2;bytes=128
1777331443434,TRANSFER_BATCH,0,1,,source=8002;dest=8006;keys=46;bytes=2944
1777331443520,TRANSFER_BATCH,0,1,,source=8002;dest=8005;keys=3;bytes=192
1777331443607,TRANSFER_BATCH,0,1,,source=8002;dest=8004;keys=47;bytes=3008
1777331443692,TRANSFER_BATCH,0,1,,source=8002;dest=8011;keys=4;bytes=256
1777331443778,TRANSFER_BATCH,0,1,,source=8002;dest=8010;keys=49;bytes=3136
1777331443861,TRANSFER_BATCH,0,1,,source=8002;dest=8009;keys=3;bytes=192
1777331443947,TRANSFER_BATCH,0,1,,source=8002;dest=8008;keys=46;bytes=2944
1777331444042,TRANSFER_BATCH,0,1,,source=8001;dest=8014;keys=5;bytes=320
1777331444127,TRANSFER_BATCH,0,1,,source=8001;dest=8013;keys=49;bytes=3136
1777331444213,TRANSFER_BATCH,0,1,,source=8001;dest=8012;keys=4;bytes=256
1777331444301,TRANSFER_BATCH,0,1,,source=8001;dest=8003;keys=46;bytes=2944
1777331444389,TRANSFER_BATCH,0,1,,source=8001;dest=8002;keys=4;bytes=256
1777331444477,TRANSFER_BATCH,0,1,,source=8001;dest=8007;keys=46;bytes=2944
1777331444564,TRANSFER_BATCH,0,1,,source=8001;dest=8006;keys=3;bytes=192
1777331444651,TRANSFER_BATCH,0,1,,source=8001;dest=8005;keys=47;bytes=3008
1777331444735,TRANSFER_BATCH,0,1,,source=8001;dest=8004;keys=3;bytes=192
1777331444819,TRANSFER_BATCH,0,1,,source=8001;dest=8011;keys=46;bytes=2944
1777331444903,TRANSFER_BATCH,0,1,,source=8001;dest=8010;keys=4;bytes=256
1777331444989,TRANSFER_BATCH,0,1,,source=8001;dest=8009;keys=47;bytes=3008
1777331445075,TRANSFER_BATCH,0,1,,source=8001;dest=8008;keys=2;bytes=128
1777331445182,TRANSFER_BATCH,0,1,,source=8007;dest=8014;keys=12;bytes=768
1777331445269,TRANSFER_BATCH,0,1,,source=8007;dest=8013;keys=34;bytes=2176
1777331445355,TRANSFER_BATCH,0,1,,source=8007;dest=8012;keys=12;bytes=768
1777331445445,TRANSFER_BATCH,0,1,,source=8007;dest=8003;keys=35;bytes=2240
1777331445531,TRANSFER_BATCH,0,1,,source=8007;dest=8002;keys=13;bytes=832
1777331445615,TRANSFER_BATCH,0,1,,source=8007;dest=8001;keys=34;bytes=2176
1777331445701,TRANSFER_BATCH,0,1,,source=8007;dest=8006;keys=12;bytes=768
1777331445789,TRANSFER_BATCH,0,1,,source=8007;dest=8005;keys=34;bytes=2176
1777331445872,TRANSFER_BATCH,0,1,,source=8007;dest=8004;keys=12;bytes=768
1777331445958,TRANSFER_BATCH,0,1,,source=8007;dest=8011;keys=35;bytes=2240
1777331446045,TRANSFER_BATCH,0,1,,source=8007;dest=8010;keys=13;bytes=832
1777331446130,TRANSFER_BATCH,0,1,,source=8007;dest=8009;keys=35;bytes=2240
1777331446217,TRANSFER_BATCH,0,1,,source=8007;dest=8008;keys=13;bytes=832
1777331446324,TRANSFER_BATCH,0,1,,source=8006;dest=8014;keys=40;bytes=2560
1777331446411,TRANSFER_BATCH,0,1,,source=8006;dest=8013;keys=10;bytes=640
1777331446498,TRANSFER_BATCH,0,1,,source=8006;dest=8012;keys=39;bytes=2496
1777331446586,TRANSFER_BATCH,0,1,,source=8006;dest=8003;keys=8;bytes=512
1777331446670,TRANSFER_BATCH,0,1,,source=8006;dest=8002;keys=38;bytes=2432
1777331446755,TRANSFER_BATCH,0,1,,source=8006;dest=8001;keys=10;bytes=640
1777331446841,TRANSFER_BATCH,0,1,,source=8006;dest=8007;keys=10;bytes=640
1777331446927,TRANSFER_BATCH,0,1,,source=8006;dest=8005;keys=9;bytes=576
1777331447014,TRANSFER_BATCH,0,1,,source=8006;dest=8004;keys=38;bytes=2432
1777331447100,TRANSFER_BATCH,0,1,,source=8006;dest=8011;keys=10;bytes=640
1777331447187,TRANSFER_BATCH,0,1,,source=8006;dest=8010;keys=39;bytes=2496
1777331447271,TRANSFER_BATCH,0,1,,source=8006;dest=8009;keys=9;bytes=576
1777331447355,TRANSFER_BATCH,0,1,,source=8006;dest=8008;keys=40;bytes=2560
1777331447453,TRANSFER_BATCH,0,1,,source=8005;dest=8014;keys=7;bytes=448
1777331447541,TRANSFER_BATCH,0,1,,source=8005;dest=8013;keys=44;bytes=2816
1777331447626,TRANSFER_BATCH,0,1,,source=8005;dest=8012;keys=8;bytes=512
1777331447710,TRANSFER_BATCH,0,1,,source=8005;dest=8003;keys=42;bytes=2688
1777331447793,TRANSFER_BATCH,0,1,,source=8005;dest=8002;keys=7;bytes=448
1777331447881,TRANSFER_BATCH,0,1,,source=8005;dest=8001;keys=42;bytes=2688
1777331447967,TRANSFER_BATCH,0,1,,source=8005;dest=8007;keys=42;bytes=2688
1777331448053,TRANSFER_BATCH,0,1,,source=8005;dest=8006;keys=7;bytes=448
1777331448137,TRANSFER_BATCH,0,1,,source=8005;dest=8004;keys=7;bytes=448
1777331448222,TRANSFER_BATCH,0,1,,source=8005;dest=8011;keys=43;bytes=2752
1777331448310,TRANSFER_BATCH,0,1,,source=8005;dest=8010;keys=7;bytes=448
1777331448397,TRANSFER_BATCH,0,1,,source=8005;dest=8009;keys=43;bytes=2752
1777331448483,TRANSFER_BATCH,0,1,,source=8005;dest=8008;keys=7;bytes=448
1777331448579,TRANSFER_BATCH,0,1,,source=8004;dest=8014;keys=47;bytes=3008
1777331448665,TRANSFER_BATCH,0,1,,source=8004;dest=8013;keys=6;bytes=384
1777331448750,TRANSFER_BATCH,0,1,,source=8004;dest=8012;keys=46;bytes=2944
1777331448832,TRANSFER_BATCH,0,1,,source=8004;dest=8003;keys=6;bytes=384
1777331448918,TRANSFER_BATCH,0,1,,source=8004;dest=8002;keys=45;bytes=2880
1777331449006,TRANSFER_BATCH,0,1,,source=8004;dest=8001;keys=5;bytes=320
1777331449092,TRANSFER_BATCH,0,1,,source=8004;dest=8007;keys=6;bytes=384
1777331449177,TRANSFER_BATCH,0,1,,source=8004;dest=8006;keys=44;bytes=2816
1777331449261,TRANSFER_BATCH,0,1,,source=8004;dest=8005;keys=5;bytes=320
1777331449349,TRANSFER_BATCH,0,1,,source=8004;dest=8011;keys=5;bytes=320
1777331449438,TRANSFER_BATCH,0,1,,source=8004;dest=8010;keys=45;bytes=2880
1777331449525,TRANSFER_BATCH,0,1,,source=8004;dest=8009;keys=5;bytes=320
1777331449612,TRANSFER_BATCH,0,1,,source=8004;dest=8008;keys=45;bytes=2880
1777331449708,TRANSFER_BATCH,0,1,,source=8011;dest=8014;keys=29;bytes=1856
1777331449793,TRANSFER_BATCH,0,1,,source=8011;dest=8013;keys=15;bytes=960
1777331449879,TRANSFER_BATCH,0,1,,source=8011;dest=8012;keys=28;bytes=1792
1777331449966,TRANSFER_BATCH,0,1,,source=8011;dest=8003;keys=14;bytes=896
1777331450052,TRANSFER_BATCH,0,1,,source=8011;dest=8002;keys=28;bytes=1792
1777331450138,TRANSFER_BATCH,0,1,,source=8011;dest=8001;keys=14;bytes=896
1777331450223,TRANSFER_BATCH,0,1,,source=8011;dest=8007;keys=17;bytes=1088
1777331450311,TRANSFER_BATCH,0,1,,source=8011;dest=8006;keys=30;bytes=1920
1777331450399,TRANSFER_BATCH,0,1,,source=8011;dest=8005;keys=16;bytes=1024
1777331450487,TRANSFER_BATCH,0,1,,source=8011;dest=8004;keys=30;bytes=1920
1777331450575,TRANSFER_BATCH,0,1,,source=8011;dest=8010;keys=28;bytes=1792
1777331450660,TRANSFER_BATCH,0,1,,source=8011;dest=8009;keys=14;bytes=896
1777331450747,TRANSFER_BATCH,0,1,,source=8011;dest=8008;keys=30;bytes=1920
1777331450843,TRANSFER_BATCH,0,1,,source=8010;dest=8014;keys=18;bytes=1152
1777331450928,TRANSFER_BATCH,0,1,,source=8010;dest=8013;keys=24;bytes=1536
1777331451014,TRANSFER_BATCH,0,1,,source=8010;dest=8012;keys=19;bytes=1216
1777331451102,TRANSFER_BATCH,0,1,,source=8010;dest=8003;keys=24;bytes=1536
1777331451186,TRANSFER_BATCH,0,1,,source=8010;dest=8002;keys=18;bytes=1152
1777331451272,TRANSFER_BATCH,0,1,,source=8010;dest=8001;keys=23;bytes=1472
1777331451360,TRANSFER_BATCH,0,1,,source=8010;dest=8007;keys=25;bytes=1600
1777331451447,TRANSFER_BATCH,0,1,,source=8010;dest=8006;keys=20;bytes=1280
1777331451535,TRANSFER_BATCH,0,1,,source=8010;dest=8005;keys=27;bytes=1728
1777331451620,TRANSFER_BATCH,0,1,,source=8010;dest=8004;keys=21;bytes=1344
1777331451707,TRANSFER_BATCH,0,1,,source=8010;dest=8011;keys=24;bytes=1536
1777331451793,TRANSFER_BATCH,0,1,,source=8010;dest=8009;keys=26;bytes=1664
1777331451879,TRANSFER_BATCH,0,1,,source=8010;dest=8008;keys=20;bytes=1280
1777331451989,TRANSFER_BATCH,0,1,,source=8009;dest=8014;keys=19;bytes=1216
1777331452077,TRANSFER_BATCH,0,1,,source=8009;dest=8013;keys=23;bytes=1472
1777331452164,TRANSFER_BATCH,0,1,,source=8009;dest=8012;keys=20;bytes=1280
1777331452249,TRANSFER_BATCH,0,1,,source=8009;dest=8003;keys=25;bytes=1600
1777331452338,TRANSFER_BATCH,0,1,,source=8009;dest=8002;keys=20;bytes=1280
1777331452423,TRANSFER_BATCH,0,1,,source=8009;dest=8001;keys=23;bytes=1472
1777331452508,TRANSFER_BATCH,0,1,,source=8009;dest=8007;keys=25;bytes=1600
1777331452592,TRANSFER_BATCH,0,1,,source=8009;dest=8006;keys=22;bytes=1408
1777331452677,TRANSFER_BATCH,0,1,,source=8009;dest=8005;keys=26;bytes=1664
1777331452765,TRANSFER_BATCH,0,1,,source=8009;dest=8004;keys=20;bytes=1280
1777331452849,TRANSFER_BATCH,0,1,,source=8009;dest=8011;keys=23;bytes=1472
1777331452934,TRANSFER_BATCH,0,1,,source=8009;dest=8010;keys=21;bytes=1344
1777331453020,TRANSFER_BATCH,0,1,,source=8009;dest=8008;keys=21;bytes=1344
1777331453118,TRANSFER_BATCH,0,1,,source=8008;dest=8014;keys=28;bytes=1792
1777331453204,TRANSFER_BATCH,0,1,,source=8008;dest=8013;keys=15;bytes=960
1777331453291,TRANSFER_BATCH,0,1,,source=8008;dest=8012;keys=29;bytes=1856
1777331453377,TRANSFER_BATCH,0,1,,source=8008;dest=8003;keys=17;bytes=1088
1777331453464,TRANSFER_BATCH,0,1,,source=8008;dest=8002;keys=30;bytes=1920
1777331453550,TRANSFER_BATCH,0,1,,source=8008;dest=8001;keys=15;bytes=960
1777331453635,TRANSFER_BATCH,0,1,,source=8008;dest=8007;keys=17;bytes=1088
1777331453719,TRANSFER_BATCH,0,1,,source=8008;dest=8006;keys=31;bytes=1984
1777331453804,TRANSFER_BATCH,0,1,,source=8008;dest=8005;keys=16;bytes=1024
1777331453891,TRANSFER_BATCH,0,1,,source=8008;dest=8004;keys=29;bytes=1856
1777331453978,TRANSFER_BATCH,0,1,,source=8008;dest=8011;keys=17;bytes=1088
1777331454067,TRANSFER_BATCH,0,1,,source=8008;dest=8010;keys=29;bytes=1856
1777331454155,TRANSFER_BATCH,0,1,,source=8008;dest=8009;keys=16;bytes=1024
1777331454801,DATA_SKEW_AFTER,0,0,,node=8002;keys_count=358;active_nodes=14
1777331454845,DATA_SKEW_AFTER,0,0,,node=8008;keys_count=359;active_nodes=14
1777331454888,DATA_SKEW_AFTER,0,0,,node=8011;keys_count=359;active_nodes=14
1777331454933,DATA_SKEW_AFTER,0,0,,node=8009;keys_count=355;active_nodes=14
1777331454977,DATA_SKEW_AFTER,0,0,,node=8005;keys_count=360;active_nodes=14
1777331455025,DATA_SKEW_AFTER,0,0,,node=8014;keys_count=358;active_nodes=14
1777331455077,DATA_SKEW_AFTER,0,0,,node=8006;keys_count=359;active_nodes=14
1777331455122,DATA_SKEW_AFTER,0,0,,node=8012;keys_count=355;active_nodes=14
1777331455167,DATA_SKEW_AFTER,0,0,,node=8003;keys_count=357;active_nodes=14
1777331455214,DATA_SKEW_AFTER,0,0,,node=8004;keys_count=355;active_nodes=14
1777331455263,DATA_SKEW_AFTER,0,0,,node=8007;keys_count=358;active_nodes=14
1777331455307,DATA_SKEW_AFTER,0,0,,node=8010;keys_count=356;active_nodes=14
1777331455355,DATA_SKEW_AFTER,0,0,,node=8013;keys_count=357;active_nodes=14
1777331455400,DATA_SKEW_AFTER,0,0,,node=8001;keys_count=354;active_nodes=14
1777331455400,REBALANCE,33086,0,,keys_moved=4239;active_nodes=14
