timestamp_ms,operation,latency_ms,hop_count,key,extra
1778007842912,PUT,173,0,chordKey_4_0,clients=50
1778007842916,PUT,176,0,chordKey_33_0,clients=50
1778007842912,PUT,173,0,chordKey_6_0,clients=50
1778007842915,PUT,163,0,chordKey_20_0,clients=50
1778007842915,PUT,177,0,chordKey_8_0,clients=50
1778007842915,PUT,174,0,chordKey_31_0,clients=50
1778007842935,PUT,163,0,chordKey_35_0,clients=50
1778007842914,PUT,174,0,chordKey_40_0,clients=50
1778007842914,PUT,174,0,chordKey_27_0,clients=50
1778007842913,PUT,164,0,chordKey_19_0,clients=50
1778007842914,PUT,174,0,chordKey_48_0,clients=50
1778007842914,PUT,166,0,chordKey_39_0,clients=50
1778007842914,PUT,172,0,chordKey_23_0,clients=50
1778007842914,PUT,173,0,chordKey_24_0,clients=50
1778007842913,PUT,172,0,chordKey_46_0,clients=50
1778007842913,PUT,165,0,chordKey_21_0,clients=50
1778007842913,PUT,174,0,chordKey_5_0,clients=50
1778007842913,PUT,171,0,chordKey_38_0,clients=50
1778007842982,PUT_HOP,0,2,chordKey_4_0,
1778007842912,PUT,172,0,chordKey_37_0,clients=50
1778007843038,GET,0,0,chordKey_37_0,clients=50
1778007843041,PUT,0,0,chordKey_37_1,clients=50
1778007843046,GET,0,0,chordKey_37_1,clients=50
1778007842924,PUT,185,0,chordKey_11_0,clients=50
1778007842924,PUT,185,0,chordKey_1_0,clients=50
1778007843053,GET,0,0,chordKey_1_0,clients=50
1778007843056,PUT,1,0,chordKey_1_1,clients=50
1778007843057,GET,0,0,chordKey_1_1,clients=50
1778007843060,PUT,1,0,chordKey_1_2,clients=50
1778007843064,GET,0,0,chordKey_1_2,clients=50
1778007843067,PUT,0,0,chordKey_1_3,clients=50
1778007843069,GET,0,0,chordKey_1_3,clients=50
1778007842924,PUT,183,0,chordKey_29_0,clients=50
1778007842924,PUT,184,0,chordKey_45_0,clients=50
1778007842923,PUT,182,0,chordKey_22_0,clients=50
1778007842923,PUT,181,0,chordKey_47_0,clients=50
1778007842921,PUT,183,0,chordKey_7_0,clients=50
1778007842921,PUT,182,0,chordKey_25_0,clients=50
1778007842920,PUT,180,0,chordKey_36_0,clients=50
1778007842919,PUT,179,0,chordKey_9_0,clients=50
1778007842919,PUT,179,0,chordKey_3_0,clients=50
1778007842919,PUT,180,0,chordKey_44_0,clients=50
1778007842919,PUT,179,0,chordKey_41_0,clients=50
1778007842919,PUT,181,0,chordKey_2_0,clients=50
1778007843059,PUT_HOP,0,2,chordKey_5_0,
1778007842919,PUT,179,0,chordKey_43_0,clients=50
1778007842919,PUT,178,0,chordKey_16_0,clients=50
1778007842919,PUT,179,0,chordKey_34_0,clients=50
1778007842918,PUT,177,0,chordKey_0_0,clients=50
1778007842918,PUT,177,0,chordKey_17_0,clients=50
1778007843119,GET,0,0,chordKey_17_0,clients=50
1778007842918,PUT,179,0,chordKey_42_0,clients=50
1778007842918,PUT,180,0,chordKey_13_0,clients=50
1778007842918,PUT,177,0,chordKey_26_0,clients=50
1778007842918,PUT,177,0,chordKey_18_0,clients=50
1778007842918,PUT,179,0,chordKey_28_0,clients=50
1778007842918,PUT,161,0,chordKey_15_0,clients=50
1778007843130,GET,0,0,chordKey_15_0,clients=50
1778007842917,PUT,176,0,chordKey_14_0,clients=50
1778007842917,PUT,176,0,chordKey_49_0,clients=50
1778007842917,PUT,179,0,chordKey_10_0,clients=50
1778007842917,PUT,176,0,chordKey_12_0,clients=50
1778007842916,PUT,163,0,chordKey_30_0,clients=50
1778007842916,PUT,171,0,chordKey_32_0,clients=50
1778007843135,PUT,1,0,chordKey_15_1,clients=50
1778007843122,PUT,1,0,chordKey_17_1,clients=50
1778007843070,PUT_HOP,0,2,chordKey_19_0,
1778007843159,GET,0,0,chordKey_17_1,clients=50
1778007843083,PUT_HOP,0,2,chordKey_6_0,
1778007843109,GET,0,0,chordKey_41_0,clients=50
1778007843079,PUT,9,0,chordKey_1_4,clients=50
1778007843163,GET,0,0,chordKey_1_4,clients=50
1778007843167,PUT,0,0,chordKey_1_5,clients=50
1778007843168,GET,0,0,chordKey_1_5,clients=50
1778007843169,PUT,0,0,chordKey_1_6,clients=50
1778007843169,GET,0,0,chordKey_1_6,clients=50
1778007843051,PUT,2,0,chordKey_37_2,clients=50
1778007843176,GET,0,0,chordKey_37_2,clients=50
1778007843104,PUT_HOP,0,2,chordKey_2_0,
1778007843163,GET,247,2,chordKey_4_0,clients=50
1778007843166,PUT_HOP,0,2,chordKey_20_0,
1778007843163,GET,242,2,chordKey_6_0,clients=50
1778007843104,PUT_HOP,0,2,chordKey_42_0,
1778007843161,PUT,0,0,chordKey_17_2,clients=50
1778007843183,GET,0,0,chordKey_17_2,clients=50
1778007843156,GET,0,0,chordKey_15_1,clients=50
1778007843139,PUT_HOP,0,2,chordKey_22_0,
1778007843105,PUT_HOP,0,2,chordKey_46_0,
1778007843105,PUT_HOP,0,2,chordKey_48_0,
1778007843104,PUT_HOP,0,2,chordKey_23_0,
1778007843104,PUT_HOP,0,2,chordKey_3_0,
1778007843104,PUT_HOP,0,2,chordKey_0_0,
1778007843201,PUT_HOP,0,2,chordKey_29_0,
1778007843207,PUT_HOP,0,2,chordKey_44_0,
1778007843217,PUT_HOP,0,2,chordKey_27_0,
1778007843218,PUT_HOP,0,2,chordKey_26_0,
1778007843226,PUT_HOP,0,2,chordKey_28_0,
1778007843228,PUT_HOP,0,2,chordKey_41_0,
1778007843230,PUT_HOP,0,2,chordKey_40_0,
1778007843233,PUT_HOP,0,2,chordKey_43_0,
1778007843235,PUT_HOP,0,2,chordKey_49_0,
1778007843240,PUT_HOP,0,2,chordKey_47_0,
1778007843242,PUT_HOP,0,2,chordKey_1_2,
1778007843244,PUT_HOP,0,2,chordKey_1_0,
1778007843250,PUT_HOP,0,2,chordKey_45_0,
1778007843253,PUT_HOP,0,2,chordKey_25_0,
1778007843254,PUT_HOP,0,2,chordKey_24_0,
1778007843262,PUT_HOP,0,2,chordKey_21_0,
1778007843241,PUT_HOP,0,2,chordKey_18_0,
1778007843245,PUT_HOP,0,2,chordKey_7_0,
1778007843288,GET,323,2,chordKey_19_0,clients=50
1778007843292,PUT,1,0,chordKey_19_1,clients=50
1778007843271,PUT_HOP,0,2,chordKey_34_0,
1778007843320,GET,356,2,chordKey_27_0,clients=50
1778007843298,PUT_HOP,0,2,chordKey_35_0,
1778007843293,PUT_HOP,0,2,chordKey_15_0,
1778007843322,PUT,0,0,chordKey_27_1,clients=50
1778007843325,PUT_HOP,0,2,chordKey_30_0,
1778007843327,PUT_HOP,0,2,chordKey_13_0,
1778007843329,GET,301,2,chordKey_21_0,clients=50
1778007843275,PUT_HOP,0,2,chordKey_16_0,
1778007843337,PUT_HOP,0,2,chordKey_1_1,
1778007843272,PUT_HOP,0,2,chordKey_9_0,
1778007843272,PUT_HOP,0,2,chordKey_10_0,
1778007843331,PUT_HOP,0,2,chordKey_12_0,
1778007843331,PUT_HOP,0,2,chordKey_39_0,
1778007843347,GET,266,2,chordKey_45_0,clients=50
1778007843328,PUT_HOP,0,2,chordKey_33_0,
1778007843355,PUT_HOP,0,2,chordKey_1_5,
1778007843346,PUT_HOP,0,2,chordKey_14_0,
1778007843346,PUT_HOP,0,2,chordKey_32_0,
1778007843356,PUT,1,0,chordKey_45_1,clients=50
1778007843349,GET,248,2,chordKey_3_0,clients=50
1778007843358,PUT_HOP,0,2,chordKey_17_2,
1778007843348,PUT,4,0,chordKey_21_1,clients=50
1778007843361,PUT,2,0,chordKey_3_1,clients=50
1778007843348,GET,399,2,chordKey_40_0,clients=50
1778007843363,PUT,0,0,chordKey_40_1,clients=50
1778007843366,GET,331,2,chordKey_5_0,clients=50
1778007843371,PUT_HOP,0,2,chordKey_38_0,
1778007843373,PUT_HOP,0,2,chordKey_1_3,
1778007843375,PUT,2,0,chordKey_5_1,clients=50
1778007843379,PUT_HOP,0,2,chordKey_11_0,
1778007843381,GET,454,2,chordKey_31_0,clients=50
1778007843382,PUT_HOP,0,2,chordKey_36_0,
1778007843391,PUT_HOP,0,2,chordKey_31_0,
1778007843381,GET,299,2,chordKey_22_0,clients=50
1778007843384,GET,310,2,chordKey_29_0,clients=50
1778007843400,PUT,0,0,chordKey_22_1,clients=50
1778007843396,GET,295,2,chordKey_44_0,clients=50
1778007843406,PUT,0,0,chordKey_44_1,clients=50
1778007843388,GET,303,2,chordKey_25_0,clients=50
1778007843410,PUT_HOP,0,2,chordKey_19_1,
1778007843388,GET,462,2,chordKey_8_0,clients=50
1778007843386,PUT,0,0,chordKey_31_1,clients=50
1778007843418,PUT,0,0,chordKey_8_1,clients=50
1778007843414,GET,329,2,chordKey_7_0,clients=50
1778007843421,PUT,1,0,chordKey_7_1,clients=50
1778007843424,PUT_HOP,0,2,chordKey_1_6,
1778007843426,GET,309,2,chordKey_34_0,clients=50
1778007843413,PUT,2,0,chordKey_25_1,clients=50
1778007843428,PUT_HOP,0,2,chordKey_17_1,
1778007843412,GET,324,2,chordKey_36_0,clients=50
1778007843430,PUT,0,0,chordKey_36_1,clients=50
1778007843412,GET,315,2,chordKey_9_0,clients=50
1778007843408,GET,467,2,chordKey_35_0,clients=50
1778007843403,PUT,0,0,chordKey_29_1,clients=50
1778007843403,GET,289,2,chordKey_2_0,clients=50
1778007843445,GET,330,2,chordKey_43_0,clients=50
1778007843453,PUT,0,0,chordKey_43_1,clients=50
1778007843444,PUT,0,0,chordKey_35_1,clients=50
1778007843443,PUT,0,0,chordKey_9_1,clients=50
1778007843440,GET,323,2,chordKey_16_0,clients=50
1778007843459,PUT,0,0,chordKey_16_1,clients=50
1778007843428,PUT,0,0,chordKey_34_1,clients=50
1778007843426,GET,304,2,chordKey_26_0,clients=50
1778007843424,GET,504,2,chordKey_33_0,clients=50
1778007843468,PUT,0,0,chordKey_26_1,clients=50
1778007843422,GET,339,2,chordKey_47_0,clients=50
1778007843471,PUT_HOP,0,2,chordKey_17_0,
1778007843422,GET,293,2,chordKey_28_0,clients=50
1778007843479,PUT_HOP,0,2,chordKey_37_0,
1778007843482,PUT,1,0,chordKey_28_1,clients=50
1778007843482,PUT_HOP,0,2,chordKey_8_0,
1778007843479,PUT,2,0,chordKey_47_1,clients=50
1778007843475,GET,498,2,chordKey_39_0,clients=50
1778007843468,PUT,0,0,chordKey_33_1,clients=50
1778007843465,GET,540,2,chordKey_20_0,clients=50
1778007843460,GET,494,2,chordKey_48_0,clients=50
1778007843491,PUT,0,0,chordKey_48_1,clients=50
1778007843457,GET,163,2,chordKey_19_1,clients=50
1778007843494,PUT,0,0,chordKey_19_2,clients=50
1778007843452,PUT,0,0,chordKey_2_1,clients=50
1778007843490,PUT,0,0,chordKey_20_1,clients=50
1778007843487,PUT,0,0,chordKey_39_1,clients=50
1778007843501,PUT_HOP,0,2,chordKey_21_1,
1778007843500,PUT_HOP,0,2,chordKey_5_1,
1778007843505,PUT_HOP,0,2,chordKey_45_1,
1778007843507,PUT_HOP,0,2,chordKey_15_1,
1778007843519,GET,384,2,chordKey_14_0,clients=50
1778007843516,PUT_HOP,0,2,chordKey_2_1,
1778007843521,GET,145,2,chordKey_5_1,clients=50
1778007843523,PUT,0,0,chordKey_14_1,clients=50
1778007843529,GET,203,2,chordKey_27_1,clients=50
1778007843536,PUT,1,0,chordKey_27_2,clients=50
1778007843527,PUT,0,0,chordKey_5_2,clients=50
1778007843542,GET,180,2,chordKey_3_1,clients=50
1778007843547,PUT_HOP,0,2,chordKey_3_1,
1778007843547,PUT,1,0,chordKey_3_2,clients=50
1778007843552,PUT_HOP,0,2,chordKey_27_1,
1778007843555,PUT_HOP,0,2,chordKey_40_1,
1778007843556,GET,198,2,chordKey_45_1,clients=50
1778007843555,PUT_HOP,0,2,chordKey_29_1,
1778007843557,GET,195,2,chordKey_21_1,clients=50
1778007843557,GET,192,2,chordKey_40_1,clients=50
1778007843568,PUT,0,0,chordKey_40_2,clients=50
1778007843568,PUT_HOP,0,2,chordKey_22_1,
1778007843569,PUT,2,0,chordKey_21_2,clients=50
1778007843570,PUT,5,0,chordKey_45_2,clients=50
1778007843576,PUT_HOP,0,2,chordKey_7_1,
1778007843586,GET,176,2,chordKey_44_1,clients=50
1778007843584,PUT_HOP,0,2,chordKey_8_1,
1778007843588,PUT,0,0,chordKey_44_2,clients=50
1778007843587,GET,183,2,chordKey_22_1,clients=50
1778007843588,PUT_HOP,0,2,chordKey_44_1,
1778007843590,PUT,0,0,chordKey_22_2,clients=50
1778007843589,PUT_HOP,0,2,chordKey_25_1,
1778007843597,PUT_HOP,0,2,chordKey_31_1,
1778007843606,GET,187,2,chordKey_31_1,clients=50
1778007843607,PUT,0,0,chordKey_31_2,clients=50
1778007843610,GET,181,2,chordKey_25_1,clients=50
1778007843614,PUT,0,0,chordKey_25_2,clients=50
1778007843622,GET,202,2,chordKey_8_1,clients=50
1778007843624,GET,125,2,chordKey_2_1,clients=50
1778007843625,PUT,0,0,chordKey_2_2,clients=50
1778007843623,GET,177,2,chordKey_29_1,clients=50
1778007843636,PUT,0,0,chordKey_29_2,clients=50
1778007843637,PUT_HOP,0,2,chordKey_26_1,
1778007843629,GET,174,2,chordKey_43_1,clients=50
1778007843640,PUT_HOP,0,2,chordKey_43_1,
1778007843641,PUT,0,0,chordKey_43_2,clients=50
1778007843624,PUT,0,0,chordKey_8_2,clients=50
1778007843646,PUT_HOP,0,2,chordKey_34_1,
1778007843646,PUT_HOP,0,2,chordKey_36_1,
1778007843651,PUT_HOP,0,2,chordKey_20_1,
1778007843652,PUT_HOP,0,2,chordKey_28_1,
1778007843653,GET,184,2,chordKey_26_1,clients=50
1778007843654,PUT_HOP,0,2,chordKey_47_1,
1778007843656,GET,173,2,chordKey_28_1,clients=50
1778007843656,PUT_HOP,0,2,chordKey_39_1,
1778007843656,PUT,1,0,chordKey_26_2,clients=50
1778007843662,PUT,4,0,chordKey_28_2,clients=50
1778007843662,PUT_HOP,0,2,chordKey_16_1,
1778007843662,GET,235,2,chordKey_7_1,clients=50
1778007843669,PUT_HOP,0,2,chordKey_48_1,
1778007843668,PUT_HOP,0,2,chordKey_9_1,
1778007843670,PUT_HOP,0,2,chordKey_19_2,
1778007843677,GET,180,2,chordKey_19_2,clients=50
1778007843682,PUT_HOP,0,2,chordKey_3_2,
1778007843683,GET,223,2,chordKey_16_1,clients=50
1778007843685,PUT,0,0,chordKey_16_2,clients=50
1778007843677,PUT,0,0,chordKey_7_2,clients=50
1778007843689,GET,189,2,chordKey_39_1,clients=50
1778007843693,PUT,0,0,chordKey_39_2,clients=50
1778007843701,PUT_HOP,0,2,chordKey_35_1,
1778007843702,PUT,21,0,chordKey_19_3,clients=50
1778007843709,PUT_HOP,0,2,chordKey_5_2,
1778007843710,GET,221,2,chordKey_33_1,clients=50
1778007843710,GET,245,2,chordKey_34_1,clients=50
1778007843712,PUT,0,0,chordKey_33_2,clients=50
1778007843713,PUT,0,0,chordKey_34_2,clients=50
1778007843712,GET,182,2,chordKey_14_1,clients=50
1778007843717,GET,233,2,chordKey_47_1,clients=50
1778007843715,GET,222,2,chordKey_48_1,clients=50
1778007843715,GET,176,2,chordKey_5_2,clients=50
1778007843724,PUT_HOP,0,2,chordKey_33_1,
1778007843728,GET,270,2,chordKey_9_1,clients=50
1778007843730,PUT,2,0,chordKey_5_3,clients=50
1778007843721,PUT,1,0,chordKey_47_2,clients=50
1778007843720,PUT,0,0,chordKey_48_2,clients=50
1778007843720,GET,220,2,chordKey_20_1,clients=50
1778007843735,GET,186,2,chordKey_3_2,clients=50
1778007843717,GET,78,1,chordKey_29_2,clients=50
1778007843717,PUT,0,0,chordKey_14_2,clients=50
1778007843737,GET,199,2,chordKey_27_2,clients=50
1778007843741,PUT,1,0,chordKey_27_3,clients=50
1778007843737,PUT,0,0,chordKey_29_3,clients=50
1778007843736,PUT,0,0,chordKey_3_3,clients=50
1778007843743,PUT_HOP,0,2,chordKey_45_2,
1778007843735,PUT,0,0,chordKey_20_2,clients=50
1778007843731,GET,292,2,chordKey_36_1,clients=50
1778007843744,PUT_HOP,0,2,chordKey_44_2,
1778007843730,PUT,0,0,chordKey_9_2,clients=50
1778007843746,PUT,0,0,chordKey_36_2,clients=50
1778007843748,PUT_HOP,0,2,chordKey_27_2,
1778007843750,PUT_HOP,0,2,chordKey_14_1,
1778007843755,GET,299,2,chordKey_35_1,clients=50
1778007843758,PUT_HOP,0,2,chordKey_40_2,
1778007843762,PUT,0,0,chordKey_35_2,clients=50
1778007843780,GET,207,2,chordKey_45_2,clients=50
1778007843781,PUT_HOP,0,2,chordKey_21_2,
1778007843782,PUT,0,0,chordKey_45_3,clients=50
1778007843782,PUT_HOP,0,2,chordKey_22_2,
1778007843781,PUT_HOP,0,2,chordKey_19_3,
1778007843791,GET,222,2,chordKey_40_2,clients=50
1778007843797,PUT_HOP,0,2,chordKey_8_2,
1778007843799,PUT,1,0,chordKey_40_3,clients=50
1778007843793,GET,177,2,chordKey_25_2,clients=50
1778007843800,GET,210,2,chordKey_22_2,clients=50
1778007843809,PUT,0,0,chordKey_22_3,clients=50
1778007843801,PUT,0,0,chordKey_25_3,clients=50
1778007843813,GET,109,2,chordKey_19_3,clients=50
1778007843814,PUT,0,0,chordKey_19_4,clients=50
1778007843810,GET,201,2,chordKey_31_2,clients=50
1778007843816,PUT_HOP,0,2,chordKey_2_2,
1778007843817,PUT,0,0,chordKey_31_3,clients=50
1778007843732,PUT_HOP,0,1,chordKey_29_2,
1778007843822,GET,233,2,chordKey_44_2,clients=50
1778007843824,PUT,0,0,chordKey_44_3,clients=50
1778007843862,PUT_HOP,0,2,chordKey_31_2,
1778007843927,PUT_HOP,0,2,chordKey_16_2,
1778007843929,GET,295,2,chordKey_2_2,clients=50
1778007843930,PUT,0,0,chordKey_2_3,clients=50
1778007843947,GET,375,2,chordKey_21_2,clients=50
1778007843947,PUT_HOP,0,2,chordKey_43_2,
1778007843948,PUT,0,0,chordKey_21_3,clients=50
1778007843953,GET,258,2,chordKey_39_2,clients=50
1778007843958,PUT,1,0,chordKey_39_3,clients=50
1778007843958,PUT_HOP,0,2,chordKey_28_2,
1778007843972,GET,304,2,chordKey_28_2,clients=50
1778007843977,PUT_HOP,0,2,chordKey_26_2,
1778007843982,PUT_HOP,0,2,chordKey_39_2,
1778007844000,PUT,1,0,chordKey_28_3,clients=50
1778007844023,GET,337,2,chordKey_16_2,clients=50
1778007844024,PUT,0,0,chordKey_16_3,clients=50
1778007844039,GET,397,2,chordKey_43_2,clients=50
1778007844040,PUT,0,0,chordKey_43_3,clients=50
1778007844043,PUT_HOP,0,2,chordKey_25_2,
1778007844059,GET,399,2,chordKey_26_2,clients=50
1778007844075,PUT_HOP,0,2,chordKey_7_2,
1778007844086,PUT,0,0,chordKey_26_3,clients=50
1778007844087,GET,400,2,chordKey_7_2,clients=50
1778007844104,PUT,1,0,chordKey_7_3,clients=50
1778007844120,PUT_HOP,0,2,chordKey_3_3,
1778007844126,GET,381,2,chordKey_3_3,clients=50
1778007844137,PUT_HOP,0,2,chordKey_47_2,
1778007844154,PUT,0,0,chordKey_3_4,clients=50
1778007844155,PUT_HOP,0,2,chordKey_20_2,
1778007844159,GET,514,2,chordKey_8_2,clients=50
1778007844166,PUT,0,0,chordKey_8_3,clients=50
1778007844183,PUT_HOP,0,1,chordKey_28_3,
1778007844189,PUT_HOP,0,2,chordKey_33_2,
1778007844200,GET,197,1,chordKey_28_3,clients=50
1778007844217,PUT,0,0,chordKey_28_4,clients=50
1778007844221,PUT_HOP,0,2,chordKey_27_3,
1778007844225,PUT_HOP,0,2,chordKey_9_2,
1778007844231,GET,489,2,chordKey_27_3,clients=50
1778007844233,PUT_HOP,0,2,chordKey_14_2,
1778007844243,PUT,0,0,chordKey_27_4,clients=50
1778007844238,PUT_HOP,0,2,chordKey_34_2,
1778007844237,GET,494,2,chordKey_29_3,clients=50
1778007844237,PUT_HOP,0,2,chordKey_5_3,
1778007844252,PUT,0,0,chordKey_29_4,clients=50
1778007844253,PUT_HOP,0,2,chordKey_45_3,
1778007844253,PUT_HOP,0,2,chordKey_40_3,
1778007844242,PUT,1080,0,chordKey_41_1,clients=50
1778007844257,GET,0,0,chordKey_41_1,clients=50
1778007844258,PUT,0,0,chordKey_41_2,clients=50
1778007844259,GET,0,0,chordKey_41_2,clients=50
1778007844241,PUT,1067,0,chordKey_1_7,clients=50
1778007844241,PUT,1063,0,chordKey_37_3,clients=50
1778007844262,GET,0,0,chordKey_37_3,clients=50
1778007844241,PUT,1058,0,chordKey_6_1,clients=50
1778007844240,PUT,1057,0,chordKey_4_1,clients=50
1778007844240,PUT,1056,0,chordKey_17_3,clients=50
1778007844267,GET,0,0,chordKey_17_3,clients=50
1778007844240,PUT,1054,0,chordKey_15_2,clients=50
1778007844268,GET,0,0,chordKey_15_2,clients=50
1778007844269,PUT,0,0,chordKey_15_3,clients=50
1778007844269,GET,0,0,chordKey_15_3,clients=50
1778007844260,PUT,0,0,chordKey_41_3,clients=50
1778007844271,GET,0,0,chordKey_41_3,clients=50
1778007844252,GET,506,2,chordKey_20_2,clients=50
1778007844276,GET,560,2,chordKey_34_2,clients=50
1778007844280,GET,335,2,chordKey_2_3,clients=50
1778007844282,PUT,0,0,chordKey_34_3,clients=50
1778007844286,PUT_HOP,0,2,chordKey_2_3,
1778007844288,PUT_HOP,0,2,chordKey_25_3,
1778007844291,GET,558,2,chordKey_48_2,clients=50
1778007844291,GET,508,2,chordKey_45_3,clients=50
1778007844296,PUT_HOP,0,2,chordKey_19_4,
1778007844284,GET,484,2,chordKey_40_3,clients=50
1778007844299,PUT,1,0,chordKey_45_4,clients=50
1778007844303,GET,492,2,chordKey_22_3,clients=50
1778007844305,PUT_HOP,0,2,chordKey_35_2,
1778007844315,PUT,1,0,chordKey_22_4,clients=50
1778007844317,GET,579,2,chordKey_14_2,clients=50
1778007844295,GET,482,2,chordKey_25_3,clients=50
1778007844317,PUT_HOP,0,2,chordKey_39_3,
1778007844315,GET,347,2,chordKey_39_3,clients=50
1778007844320,GET,570,2,chordKey_36_2,clients=50
1778007844321,PUT_HOP,0,2,chordKey_22_3,
1778007844337,PUT,0,0,chordKey_36_3,clients=50
1778007844320,PUT,0,0,chordKey_25_4,clients=50
1778007844324,GET,561,2,chordKey_35_2,clients=50
1778007844321,PUT,0,0,chordKey_39_4,clients=50
1778007844346,PUT_HOP,0,2,chordKey_44_3,
1778007844351,GET,536,2,chordKey_19_4,clients=50
1778007844356,PUT,0,0,chordKey_19_5,clients=50
1778007844357,PUT_HOP,0,2,chordKey_21_3,
1778007844355,GET,608,2,chordKey_9_2,clients=50
1778007844359,PUT,0,0,chordKey_9_3,clients=50
1778007844359,PUT_HOP,0,2,chordKey_36_2,
1778007844355,GET,623,2,chordKey_5_3,clients=50
1778007844364,PUT,0,0,chordKey_5_4,clients=50
1778007844359,PUT_HOP,0,2,chordKey_31_3,
1778007844367,GET,634,2,chordKey_47_2,clients=50
1778007844368,PUT_HOP,0,2,chordKey_16_3,
1778007844369,PUT,0,0,chordKey_47_3,clients=50
1778007844373,PUT_HOP,0,2,chordKey_1_4,
1778007844384,PUT_HOP,0,1,chordKey_27_4,
1778007844387,GET,1407,2,chordKey_23_0,clients=50
1778007844388,PUT,0,0,chordKey_23_1,clients=50
1778007844389,GET,435,2,chordKey_21_3,clients=50
1778007844394,PUT,0,0,chordKey_21_4,clients=50
1778007844398,PUT_HOP,0,2,chordKey_43_3,
1778007844404,GET,1386,2,chordKey_46_0,clients=50
1778007844407,PUT,1,0,chordKey_46_1,clients=50
1778007844412,GET,1402,2,chordKey_24_0,clients=50
1778007844415,PUT,0,0,chordKey_24_1,clients=50
1778007844435,PUT_HOP,0,2,chordKey_37_2,
1778007844436,PUT_HOP,0,2,chordKey_37_1,
1778007844441,GET,1389,2,chordKey_11_0,clients=50
1778007844443,PUT,0,0,chordKey_11_1,clients=50
1778007844465,GET,363,2,chordKey_26_3,clients=50
1778007844467,GET,1430,2,chordKey_38_0,clients=50
1778007844478,PUT,0,0,chordKey_38_1,clients=50
1778007844478,PUT_HOP,0,2,chordKey_17_3,
1778007844475,GET,312,2,chordKey_3_4,clients=50
1778007844482,PUT,0,0,chordKey_3_5,clients=50
1778007844477,PUT,0,0,chordKey_26_4,clients=50
1778007844479,PUT_HOP,0,2,chordKey_4_1,
1778007844442,PUT_HOP,0,2,chordKey_29_3,
1778007844509,GET,1371,2,chordKey_49_0,clients=50
1778007844508,PUT_HOP,0,2,chordKey_37_3,
1778007844511,PUT,1,0,chordKey_49_1,clients=50
1778007844514,PUT_HOP,0,2,chordKey_41_1,
1778007844509,PUT_HOP,0,2,chordKey_6_1,
1778007844518,PUT_HOP,0,2,chordKey_7_3,
1778007844520,GET,353,2,chordKey_8_3,clients=50
1778007844522,PUT,0,0,chordKey_8_4,clients=50
1778007844525,PUT_HOP,0,2,chordKey_28_4,
1778007844525,GET,1402,2,chordKey_18_0,clients=50
1778007844540,PUT,1,0,chordKey_18_1,clients=50
1778007844545,GET,1391,2,chordKey_32_0,clients=50
1778007844548,PUT,0,0,chordKey_32_1,clients=50
1778007844556,GET,336,2,chordKey_28_4,clients=50
1778007844558,PUT,1,0,chordKey_28_5,clients=50
1778007844563,PUT_HOP,0,2,chordKey_41_2,
1778007844565,GET,1447,2,chordKey_0_0,clients=50
1778007844568,PUT_HOP,0,2,chordKey_1_7,
1778007844571,PUT,4,0,chordKey_0_1,clients=50
1778007844573,GET,1429,2,chordKey_12_0,clients=50
1778007844575,PUT,0,0,chordKey_12_1,clients=50
1778007844579,PUT_HOP,0,2,chordKey_15_3,
1778007844580,GET,1459,2,chordKey_42_0,clients=50
1778007844582,PUT_HOP,0,2,chordKey_41_3,
1778007844583,PUT,0,0,chordKey_42_1,clients=50
1778007844585,PUT_HOP,0,2,chordKey_15_2,
1778007844593,PUT_HOP,0,2,chordKey_39_4,
1778007844594,GET,1442,2,chordKey_30_0,clients=50
1778007844596,PUT,0,0,chordKey_30_1,clients=50
1778007844600,GET,1458,2,chordKey_10_0,clients=50
1778007844606,PUT,0,0,chordKey_10_1,clients=50
1778007844606,PUT_HOP,0,2,chordKey_22_4,
1778007844608,PUT_HOP,0,2,chordKey_19_5,
1778007844604,GET,302,2,chordKey_45_4,clients=50
1778007844615,PUT,0,0,chordKey_45_5,clients=50
1778007844630,GET,1508,2,chordKey_13_0,clients=50
1778007844632,PUT,0,0,chordKey_13_1,clients=50
1778007844640,PUT_HOP,0,2,chordKey_34_3,
1778007844643,GET,326,2,chordKey_22_4,clients=50
1778007844644,GET,305,2,chordKey_36_3,clients=50
1778007844645,PUT,0,0,chordKey_22_5,clients=50
1778007844646,PUT,0,0,chordKey_36_4,clients=50
1778007844648,PUT_HOP,0,2,chordKey_36_3,
1778007844609,PUT_HOP,0,2,chordKey_29_4,
1778007844659,PUT_HOP,0,2,chordKey_45_4,
1778007844663,PUT_HOP,0,2,chordKey_23_1,
1778007844682,PUT_HOP,0,2,chordKey_25_4,
1778007844683,PUT_HOP,0,2,chordKey_24_1,
1778007844693,GET,300,2,chordKey_23_1,clients=50
1778007844694,PUT,0,0,chordKey_23_2,clients=50
1778007844697,PUT_HOP,0,2,chordKey_46_1,
1778007844705,PUT_HOP,0,2,chordKey_9_3,
1778007844709,GET,299,2,chordKey_46_1,clients=50
1778007844710,PUT_HOP,0,2,chordKey_11_1,
1778007844711,PUT,0,0,chordKey_46_2,clients=50
1778007844729,GET,359,2,chordKey_47_3,clients=50
1778007844734,PUT,1,0,chordKey_47_4,clients=50
1778007844735,PUT_HOP,0,2,chordKey_47_3,
1778007844737,PUT_HOP,0,2,chordKey_21_4,
1778007844737,GET,376,2,chordKey_9_3,clients=50
1778007844735,PUT_HOP,0,2,chordKey_26_4,
1778007844746,PUT,0,0,chordKey_9_4,clients=50
1778007844747,GET,303,2,chordKey_11_1,clients=50
1778007844755,GET,397,2,chordKey_19_5,clients=50
1778007844757,PUT,0,0,chordKey_19_6,clients=50
1778007844769,PUT_HOP,0,2,chordKey_5_4,
1778007844750,GET,334,2,chordKey_24_1,clients=50
1778007844765,GET,397,2,chordKey_5_4,clients=50
1778007844775,PUT,0,0,chordKey_5_5,clients=50
1778007844756,PUT,0,0,chordKey_11_2,clients=50
1778007844774,PUT,0,0,chordKey_24_2,clients=50
1778007844784,GET,303,2,chordKey_38_1,clients=50
1778007844784,GET,389,2,chordKey_21_4,clients=50
1778007844785,PUT,0,0,chordKey_38_2,clients=50
1778007844785,PUT,0,0,chordKey_21_5,clients=50
1778007844790,PUT_HOP,0,2,chordKey_38_1,
1778007844791,PUT_HOP,0,2,chordKey_3_5,
1778007844804,PUT_HOP,0,2,chordKey_42_1,
1778007844808,GET,324,2,chordKey_26_4,clients=50
1778007844809,PUT,0,0,chordKey_26_5,clients=50
1778007844810,GET,327,2,chordKey_3_5,clients=50
1778007844818,PUT,0,0,chordKey_3_6,clients=50
1778007844824,PUT_HOP,0,2,chordKey_18_1,
1778007844826,GET,282,2,chordKey_18_1,clients=50
1778007844829,PUT_HOP,0,2,chordKey_49_1,
1778007844829,PUT,0,0,chordKey_18_2,clients=50
1778007844832,PUT_HOP,0,2,chordKey_28_5,
1778007844834,GET,274,2,chordKey_28_5,clients=50
1778007844835,PUT,0,0,chordKey_28_6,clients=50
1778007844840,PUT_HOP,0,2,chordKey_10_1,
1778007844841,GET,265,2,chordKey_12_1,clients=50
1778007844847,PUT,2,0,chordKey_12_2,clients=50
1778007844850,GET,266,2,chordKey_42_1,clients=50
1778007844855,PUT,0,0,chordKey_42_2,clients=50
1778007844856,GET,333,2,chordKey_8_4,clients=50
1778007844858,PUT,0,0,chordKey_8_5,clients=50
1778007844867,PUT_HOP,0,2,chordKey_32_1,
1778007844875,PUT_HOP,0,2,chordKey_36_4,
1778007844876,GET,303,2,chordKey_0_1,clients=50
1778007844881,PUT_HOP,0,2,chordKey_0_1,
1778007844882,PUT_HOP,0,2,chordKey_30_1,
1778007844879,PUT,2,0,chordKey_0_2,clients=50
1778007844885,GET,238,2,chordKey_36_4,clients=50
1778007844889,PUT,0,0,chordKey_36_5,clients=50
1778007844881,GET,369,2,chordKey_49_1,clients=50
1778007844883,GET,334,2,chordKey_32_1,clients=50
1778007844881,GET,264,2,chordKey_45_5,clients=50
1778007844893,PUT,0,0,chordKey_32_2,clients=50
1778007844892,PUT,1,0,chordKey_49_2,clients=50
1778007844901,PUT_HOP,0,2,chordKey_45_5,
1778007844906,PUT_HOP,0,2,chordKey_12_1,
1778007844894,PUT,0,0,chordKey_45_6,clients=50
1778007844907,GET,310,2,chordKey_30_1,clients=50
1778007844906,PUT_HOP,0,2,chordKey_13_1,
1778007844907,PUT_HOP,0,2,chordKey_22_5,
1778007844909,GET,263,2,chordKey_22_5,clients=50
1778007844911,PUT,2,0,chordKey_30_2,clients=50
1778007844913,GET,97,1,chordKey_26_5,clients=50
1778007844906,PUT_HOP,0,2,chordKey_8_4,
1778007844911,PUT,0,0,chordKey_22_6,clients=50
1778007844914,PUT,0,0,chordKey_26_6,clients=50
1778007844899,PUT_HOP,0,1,chordKey_26_5,
1778007844923,GET,289,2,chordKey_13_1,clients=50
1778007844923,PUT_HOP,0,2,chordKey_23_2,
1778007844924,PUT,0,0,chordKey_13_2,clients=50
1778007844939,GET,244,2,chordKey_23_2,clients=50
1778007844942,PUT,0,0,chordKey_23_3,clients=50
1778007844950,PUT_HOP,0,2,chordKey_46_2,
1778007844956,GET,237,2,chordKey_46_2,clients=50
1778007844957,PUT,0,0,chordKey_46_3,clients=50
1778007844963,GET,354,2,chordKey_10_1,clients=50
1778007844963,PUT_HOP,0,2,chordKey_47_4,
1778007844964,PUT,0,0,chordKey_10_2,clients=50
1778007844979,GET,244,2,chordKey_47_4,clients=50
1778007844981,PUT,0,0,chordKey_47_5,clients=50
1778007844982,PUT_HOP,0,2,chordKey_19_6,
1778007844985,PUT_HOP,0,2,chordKey_48_2,
1778007844993,PUT_HOP,0,2,chordKey_11_2,
1778007845003,GET,1289,2,chordKey_33_2,clients=50
1778007845004,PUT,0,0,chordKey_33_3,clients=50
1778007845007,GET,236,2,chordKey_19_6,clients=50
1778007845010,PUT,1,0,chordKey_19_7,clients=50
1778007845012,PUT_HOP,0,2,chordKey_9_4,
1778007845018,GET,271,2,chordKey_9_4,clients=50
1778007845018,GET,236,2,chordKey_24_2,clients=50
1778007845020,PUT_HOP,0,2,chordKey_24_2,
1778007845020,PUT,0,0,chordKey_9_5,clients=50
1778007845021,PUT,0,0,chordKey_24_3,clients=50
1778007845021,GET,233,2,chordKey_38_2,clients=50
1778007845022,PUT_HOP,0,2,chordKey_5_5,
1778007845025,PUT,0,0,chordKey_38_3,clients=50
1778007845026,PUT_HOP,0,2,chordKey_21_5,
1778007845037,GET,260,2,chordKey_5_5,clients=50
1778007845039,PUT,0,0,chordKey_5_6,clients=50
1778007845047,PUT_HOP,0,2,chordKey_18_2,
1778007845047,PUT_HOP,0,2,chordKey_38_2,
1778007845053,GET,275,2,chordKey_11_2,clients=50
1778007845055,PUT,0,0,chordKey_11_3,clients=50
1778007845060,GET,223,2,chordKey_28_6,clients=50
1778007845065,PUT,0,0,chordKey_28_7,clients=50
1778007845072,PUT_HOP,0,2,chordKey_42_2,
1778007845076,GET,188,2,chordKey_0_2,clients=50
1778007845074,PUT_HOP,0,2,chordKey_36_5,
1778007845078,PUT_HOP,0,2,chordKey_0_2,
1778007845079,PUT_HOP,0,2,chordKey_12_2,
1778007845079,PUT_HOP,0,2,chordKey_3_6,
1778007845081,PUT,0,0,chordKey_0_3,clients=50
1778007845083,GET,250,2,chordKey_18_2,clients=50
1778007845084,PUT,0,0,chordKey_18_3,clients=50
1778007845085,GET,194,2,chordKey_36_5,clients=50
1778007845087,PUT,1,0,chordKey_36_6,clients=50
1778007845091,PUT_HOP,0,2,chordKey_45_6,
1778007845093,PUT_HOP,0,2,chordKey_49_2,
1778007845100,GET,192,2,chordKey_45_6,clients=50
1778007845101,PUT,0,0,chordKey_45_7,clients=50
1778007845094,GET,1266,2,chordKey_44_3,clients=50
1778007845088,GET,235,2,chordKey_12_2,clients=50
1778007845108,PUT,0,0,chordKey_12_3,clients=50
1778007845107,GET,316,2,chordKey_21_5,clients=50
1778007845106,PUT,0,0,chordKey_44_4,clients=50
1778007845108,PUT_HOP,0,2,chordKey_22_6,
1778007845111,PUT,0,0,chordKey_21_6,clients=50
1778007845117,PUT_HOP,0,2,chordKey_8_5,
1778007845118,GET,258,2,chordKey_8_5,clients=50
1778007845120,PUT,0,0,chordKey_8_6,clients=50
1778007845131,PUT_HOP,0,2,chordKey_26_6,
1778007845134,PUT_HOP,0,2,chordKey_0_3,
1778007845135,GET,279,2,chordKey_42_2,clients=50
1778007845136,GET,55,2,chordKey_0_3,clients=50
1778007845137,PUT,0,0,chordKey_42_3,clients=50
1778007845141,GET,244,2,chordKey_32_2,clients=50
1778007845142,GET,235,2,chordKey_49_2,clients=50
1778007845144,PUT,1,0,chordKey_49_3,clients=50
1778007845138,PUT,0,0,chordKey_0_4,clients=50
1778007845142,PUT,0,0,chordKey_32_3,clients=50
1778007845141,GET,226,2,chordKey_22_6,clients=50
1778007845149,PUT,0,0,chordKey_22_7,clients=50
1778007845148,GET,329,2,chordKey_3_6,clients=50
1778007845151,GET,238,2,chordKey_30_2,clients=50
1778007845151,PUT,0,0,chordKey_3_7,clients=50
1778007845152,PUT,0,0,chordKey_30_3,clients=50
1778007845152,GET,1334,2,chordKey_31_3,clients=50
1778007845158,PUT,1,0,chordKey_31_4,clients=50
1778007845168,GET,252,2,chordKey_26_6,clients=50
1778007845177,PUT,0,0,chordKey_26_7,clients=50
1778007845178,PUT_HOP,0,2,chordKey_46_3,
1778007845183,PUT_HOP,0,2,chordKey_24_3,
1778007845183,GET,159,2,chordKey_24_3,clients=50
1778007845187,PUT,1,0,chordKey_24_4,clients=50
1778007845181,GET,198,2,chordKey_47_5,clients=50
1778007845196,PUT,0,0,chordKey_47_6,clients=50
1778007845200,PUT_HOP,0,2,chordKey_30_2,
1778007845208,GET,241,2,chordKey_10_2,clients=50
1778007845211,PUT,0,0,chordKey_10_3,clients=50
1778007845152,PUT_HOP,0,2,chordKey_28_6,
1778007845225,PUT_HOP,0,2,chordKey_32_2,
1778007845226,GET,298,2,chordKey_13_2,clients=50
1778007845227,PUT,0,0,chordKey_13_3,clients=50
1778007845249,PUT_HOP,0,2,chordKey_33_3,
1778007845287,PUT,1015,0,chordKey_20_3,clients=50
1778007845290,PUT_HOP,0,2,chordKey_5_6,
1778007845291,GET,0,0,chordKey_20_3,clients=50
1778007845292,PUT,0,0,chordKey_20_4,clients=50
1778007845295,GET,0,0,chordKey_20_4,clients=50
1778007845289,PUT,1018,0,chordKey_15_4,clients=50
1778007845288,PUT,1020,0,chordKey_17_4,clients=50
1778007845299,GET,0,0,chordKey_17_4,clients=50
1778007845300,PUT,0,0,chordKey_17_5,clients=50
1778007845300,GET,0,0,chordKey_17_5,clients=50
1778007845302,PUT,0,0,chordKey_17_6,clients=50
1778007845288,PUT,1025,0,chordKey_37_4,clients=50
1778007845303,GET,0,0,chordKey_37_4,clients=50
1778007845287,PUT,1016,0,chordKey_41_4,clients=50
1778007845305,GET,0,0,chordKey_41_4,clients=50
1778007845303,GET,0,0,chordKey_17_6,clients=50
1778007845298,GET,0,0,chordKey_15_4,clients=50
1778007845298,GET,276,2,chordKey_9_5,clients=50
1778007845308,PUT,0,0,chordKey_9_6,clients=50
1778007845297,PUT,0,0,chordKey_20_5,clients=50
1778007845310,PUT_HOP,0,2,chordKey_11_3,
1778007845311,GET,0,0,chordKey_20_5,clients=50
1778007845314,GET,309,2,chordKey_33_3,clients=50
1778007845317,PUT_HOP,0,2,chordKey_38_3,
1778007845324,PUT_HOP,0,2,chordKey_10_2,
1778007845328,GET,299,2,chordKey_38_3,clients=50
1778007845330,PUT,0,0,chordKey_38_4,clients=50
1778007845332,PUT_HOP,0,2,chordKey_18_3,
1778007845342,PUT_HOP,0,1,chordKey_47_6,
1778007845345,GET,148,1,chordKey_47_6,clients=50
1778007845347,PUT,0,0,chordKey_47_7,clients=50
1778007845347,PUT_HOP,0,2,chordKey_36_6,
1778007845357,PUT,1038,0,chordKey_14_3,clients=50
1778007845359,PUT,1076,0,chordKey_2_4,clients=50
1778007845359,PUT,1064,0,chordKey_48_3,clients=50
1778007845358,PUT,1059,0,chordKey_40_4,clients=50
1778007845358,PUT,1015,0,chordKey_35_3,clients=50
1778007845367,GET,310,2,chordKey_11_3,clients=50
1778007845371,GET,272,2,chordKey_36_6,clients=50
1778007845377,PUT_HOP,0,2,chordKey_13_2,
1778007845383,GET,342,2,chordKey_5_6,clients=50
1778007845388,GET,321,2,chordKey_28_7,clients=50
1778007845389,GET,305,2,chordKey_18_3,clients=50
1778007845394,PUT_HOP,0,2,chordKey_9_5,
1778007845431,GET,487,3,chordKey_23_3,clients=50
1778007845434,PUT,0,0,chordKey_23_4,clients=50
1778007845435,GET,283,2,chordKey_3_7,clients=50
1778007845436,PUT_HOP,0,2,chordKey_8_6,
1778007845441,PUT,0,0,chordKey_3_8,clients=50
1778007845440,GET,1195,1,chordKey_27_4,clients=50
1778007845443,PUT,0,0,chordKey_27_5,clients=50
1778007845445,PUT_HOP,0,2,chordKey_32_3,
1778007845445,PUT_HOP,0,2,chordKey_30_3,
1778007845446,GET,293,2,chordKey_30_3,clients=50
1778007845447,PUT,0,0,chordKey_30_4,clients=50
1778007845461,GET,1435,2,chordKey_16_3,clients=50
1778007845462,PUT,0,0,chordKey_16_4,clients=50
1778007845467,GET,356,2,chordKey_44_4,clients=50
1778007845467,PUT_HOP,0,2,chordKey_0_4,
1778007845471,PUT,0,0,chordKey_44_5,clients=50
1778007845412,PUT_HOP,0,2,chordKey_44_4,
1778007845468,PUT_HOP,0,2,chordKey_42_3,
1778007845477,GET,331,2,chordKey_0_4,clients=50
1778007845427,PUT_HOP,0,3,chordKey_23_3,
1778007845421,PUT_HOP,0,3,chordKey_19_7,
1778007845479,PUT_HOP,0,2,chordKey_17_6,
1778007845480,PUT,0,0,chordKey_0_5,clients=50
1778007845487,PUT_HOP,0,2,chordKey_3_4,
1778007845500,GET,314,2,chordKey_26_7,clients=50
1778007845501,PUT,0,0,chordKey_26_8,clients=50
1778007845506,PUT_HOP,0,2,chordKey_15_4,
1778007845507,GET,1242,2,chordKey_4_1,clients=50
1778007845511,PUT,0,0,chordKey_4_2,clients=50
1778007845512,GET,361,2,chordKey_22_7,clients=50
1778007845513,PUT_HOP,0,2,chordKey_17_4,
1778007845520,PUT_HOP,0,2,chordKey_37_4,
1778007845512,PUT_HOP,0,3,chordKey_47_5,
1778007845522,PUT,0,0,chordKey_22_8,clients=50
1778007845511,PUT_HOP,0,2,chordKey_22_7,
1778007845509,GET,362,2,chordKey_32_3,clients=50
1778007845524,PUT,0,0,chordKey_32_4,clients=50
1778007845528,PUT_HOP,0,2,chordKey_17_5,
1778007845536,GET,375,2,chordKey_31_4,clients=50
1778007845537,PUT,0,0,chordKey_31_5,clients=50
1778007845539,PUT_HOP,0,2,chordKey_3_7,
1778007845539,GET,209,2,chordKey_38_4,clients=50
1778007845540,PUT,0,0,chordKey_38_5,clients=50
1778007845543,GET,402,2,chordKey_42_3,clients=50
1778007845544,PUT,0,0,chordKey_42_4,clients=50
1778007845547,PUT_HOP,0,2,chordKey_8_3,
1778007845548,PUT_HOP,0,2,chordKey_38_4,
1778007845550,GET,404,2,chordKey_49_3,clients=50
1778007845551,PUT,0,0,chordKey_49_4,clients=50
1778007845557,GET,1302,2,chordKey_29_4,clients=50
1778007845558,PUT_HOP,0,2,chordKey_31_4,
1778007845558,PUT,0,0,chordKey_29_5,clients=50
1778007845567,GET,339,2,chordKey_13_3,clients=50
1778007845569,PUT,0,0,chordKey_13_4,clients=50
1778007845583,GET,1319,2,chordKey_6_1,clients=50
1778007845585,PUT,0,0,chordKey_6_2,clients=50
1778007845582,PUT_HOP,0,2,chordKey_47_7,
1778007845603,PUT_HOP,0,2,chordKey_35_3,
1778007845603,GET,1342,2,chordKey_1_7,clients=50
1778007845604,PUT_HOP,0,1,chordKey_49_4,
1778007845606,PUT,0,0,chordKey_1_8,clients=50
1778007845609,PUT_HOP,0,2,chordKey_0_5,
1778007845610,PUT_HOP,0,2,chordKey_24_4,
1778007845612,PUT_HOP,0,2,chordKey_4_2,
1778007845604,GET,51,1,chordKey_49_4,clients=50
1778007845609,PUT_HOP,0,2,chordKey_16_4,
1778007845619,GET,107,2,chordKey_4_2,clients=50
1778007845622,PUT,0,0,chordKey_4_3,clients=50
1778007845623,PUT_HOP,0,2,chordKey_41_4,
1778007845630,PUT_HOP,0,2,chordKey_27_5,
1778007845631,GET,187,2,chordKey_27_5,clients=50
1778007845632,PUT,0,0,chordKey_27_6,clients=50
1778007845632,PUT_HOP,0,2,chordKey_9_6,
1778007845618,GET,151,2,chordKey_16_4,clients=50
1778007845634,GET,1341,2,chordKey_34_3,clients=50
1778007845635,PUT,0,0,chordKey_34_4,clients=50
1778007845612,GET,131,2,chordKey_0_5,clients=50
1778007845636,PUT_HOP,0,2,chordKey_14_3,
1778007845609,GET,416,2,chordKey_24_4,clients=50
1778007845637,PUT,0,0,chordKey_24_5,clients=50
1778007845637,PUT,0,0,chordKey_0_6,clients=50
1778007845634,PUT,0,0,chordKey_16_5,clients=50
1778007845639,GET,192,2,chordKey_30_4,clients=50
1778007845639,PUT_HOP,0,2,chordKey_3_8,
1778007845621,PUT,0,0,chordKey_49_5,clients=50
1778007845640,PUT,0,0,chordKey_30_5,clients=50
1778007845641,PUT_HOP,0,2,chordKey_38_5,
1778007845656,GET,154,2,chordKey_26_8,clients=50
1778007845657,PUT,0,0,chordKey_26_9,clients=50
1778007845662,PUT_HOP,0,2,chordKey_20_3,
1778007845663,PUT_HOP,0,2,chordKey_20_4,
1778007845665,PUT_HOP,0,2,chordKey_26_8,
1778007845671,GET,1329,2,chordKey_25_4,clients=50
1778007845672,PUT,0,0,chordKey_25_5,clients=50
1778007845677,GET,314,2,chordKey_14_3,clients=50
1778007845677,PUT_HOP,0,2,chordKey_30_4,
1778007845678,GET,236,2,chordKey_3_8,clients=50
1778007845683,PUT,0,0,chordKey_3_9,clients=50
1778007845682,PUT,0,0,chordKey_14_4,clients=50
1778007845688,PUT_HOP,0,2,chordKey_20_5,
1778007845688,GET,147,2,chordKey_38_5,clients=50
1778007845691,PUT,0,0,chordKey_38_6,clients=50
1778007845687,PUT_HOP,0,2,chordKey_31_5,
1778007845700,PUT_HOP,0,2,chordKey_48_3,
1778007845706,PUT_HOP,0,2,chordKey_32_4,
1778007845714,GET,176,2,chordKey_31_5,clients=50
1778007845718,PUT,0,0,chordKey_31_6,clients=50
1778007845719,PUT_HOP,0,2,chordKey_13_4,
1778007845719,PUT_HOP,0,2,chordKey_40_4,
1778007845726,PUT_HOP,0,2,chordKey_2_4,
1778007845729,PUT_HOP,0,3,chordKey_26_3,
1778007845733,GET,369,2,chordKey_48_3,clients=50
1778007845735,PUT,0,0,chordKey_48_4,clients=50
1778007845733,GET,368,2,chordKey_40_4,clients=50
1778007845737,PUT,0,0,chordKey_40_5,clients=50
1778007845743,PUT_HOP,0,2,chordKey_44_5,
1778007845745,PUT_HOP,0,2,chordKey_23_4,
1778007845741,GET,216,2,chordKey_32_4,clients=50
1778007845751,PUT,1,0,chordKey_32_5,clients=50
1778007845754,GET,184,2,chordKey_13_4,clients=50
1778007845755,PUT,0,0,chordKey_13_5,clients=50
1778007845768,GET,333,2,chordKey_23_4,clients=50
1778007845769,PUT,0,0,chordKey_23_5,clients=50
1778007845772,PUT_HOP,0,2,chordKey_22_8,
1778007845781,GET,309,2,chordKey_44_5,clients=50
1778007845783,PUT,0,0,chordKey_44_6,clients=50
1778007845788,GET,229,2,chordKey_29_5,clients=50
1778007845789,PUT,0,0,chordKey_29_6,clients=50
1778007845801,PUT_HOP,0,2,chordKey_29_5,
1778007845803,PUT_HOP,0,2,chordKey_6_2,
1778007845814,GET,185,2,chordKey_4_3,clients=50
1778007845814,PUT_HOP,0,2,chordKey_42_4,
1778007845815,PUT,0,0,chordKey_4_4,clients=50
1778007845825,GET,238,2,chordKey_6_2,clients=50
1778007845827,PUT,0,0,chordKey_6_3,clients=50
1778007845830,PUT_HOP,0,2,chordKey_1_8,
1778007845834,GET,310,2,chordKey_22_8,clients=50
1778007845835,PUT,0,0,chordKey_22_9,clients=50
1778007845839,PUT_HOP,0,2,chordKey_34_4,
1778007845843,GET,224,2,chordKey_1_8,clients=50
1778007845843,PUT_HOP,0,2,chordKey_0_6,
1778007845849,PUT,1,0,chordKey_1_9,clients=50
1778007845849,PUT_HOP,0,2,chordKey_16_5,
1778007845846,GET,301,2,chordKey_42_4,clients=50
1778007845850,PUT_HOP,0,2,chordKey_24_5,
1778007845851,PUT,0,0,chordKey_42_5,clients=50
1778007845852,GET,213,2,chordKey_16_5,clients=50
1778007845853,PUT,0,0,chordKey_16_6,clients=50
1778007845854,GET,215,2,chordKey_0_6,clients=50
1778007845854,PUT,0,0,chordKey_0_7,clients=50
1778007845859,GET,220,2,chordKey_24_5,clients=50
1778007845861,PUT,0,0,chordKey_24_6,clients=50
1778007845878,PUT_HOP,0,2,chordKey_38_6,
1778007845888,PUT_HOP,0,2,chordKey_4_3,
1778007845895,GET,222,2,chordKey_25_5,clients=50
1778007845897,PUT,0,0,chordKey_25_6,clients=50
1778007845898,PUT_HOP,0,2,chordKey_30_5,
1778007845900,GET,206,2,chordKey_38_6,clients=50
1778007845901,PUT,0,0,chordKey_38_7,clients=50
1778007845902,PUT_HOP,0,2,chordKey_25_5,
1778007845904,PUT_HOP,0,1,chordKey_22_9,
1778007845911,GET,75,1,chordKey_22_9,clients=50
1778007845912,PUT,0,0,chordKey_22_10,clients=50
1778007845916,PUT_HOP,0,2,chordKey_14_4,
1778007845917,GET,259,2,chordKey_26_9,clients=50
1778007845918,PUT,0,0,chordKey_26_10,clients=50
1778007845918,GET,282,2,chordKey_34_4,clients=50
1778007845920,PUT,0,0,chordKey_34_5,clients=50
1778007845921,GET,288,2,chordKey_27_6,clients=50
1778007845924,PUT,1,0,chordKey_27_7,clients=50
1778007845930,PUT_HOP,0,2,chordKey_3_9,
1778007845931,GET,246,2,chordKey_3_9,clients=50
1778007845931,GET,290,2,chordKey_30_5,clients=50
1778007845932,PUT,0,0,chordKey_3_10,clients=50
1778007845932,PUT,0,0,chordKey_30_6,clients=50
1778007845962,PUT_HOP,0,1,chordKey_25_6,
1778007845962,PUT_HOP,0,2,chordKey_13_5,
1778007845969,PUT_HOP,0,2,chordKey_48_4,
1778007845978,PUT_HOP,0,2,chordKey_27_6,
1778007845985,GET,248,2,chordKey_48_4,clients=50
1778007845990,PUT_HOP,0,2,chordKey_40_5,
1778007845993,PUT_HOP,0,2,chordKey_49_5,
1778007845994,GET,96,1,chordKey_25_6,clients=50
1778007845995,PUT,0,0,chordKey_25_7,clients=50
1778007845987,GET,297,2,chordKey_14_4,clients=50
1778007845997,PUT,0,0,chordKey_14_5,clients=50
1778007845991,GET,207,2,chordKey_44_6,clients=50
1778007846000,PUT,0,0,chordKey_44_7,clients=50
1778007846000,PUT_HOP,0,2,chordKey_38_7,
1778007845991,GET,221,2,chordKey_23_5,clients=50
1778007846001,PUT,0,0,chordKey_23_6,clients=50
1778007845988,GET,239,2,chordKey_40_5,clients=50
1778007846002,PUT,0,0,chordKey_40_6,clients=50
1778007845987,GET,347,2,chordKey_49_5,clients=50
1778007846004,PUT,0,0,chordKey_49_6,clients=50
1778007845933,PUT_HOP,0,2,chordKey_26_9,
1778007846008,PUT_HOP,0,2,chordKey_32_5,
1778007846009,PUT_HOP,0,2,chordKey_44_6,
1778007846000,GET,98,2,chordKey_38_7,clients=50
1778007846010,PUT_HOP,0,2,chordKey_23_5,
1778007846012,PUT,0,0,chordKey_38_8,clients=50
1778007845996,GET,240,2,chordKey_13_5,clients=50
1778007846014,PUT,0,0,chordKey_13_6,clients=50
1778007845994,PUT,0,0,chordKey_48_5,clients=50
1778007846015,PUT_HOP,0,2,chordKey_29_6,
1778007846017,PUT_HOP,0,2,chordKey_31_6,
1778007846020,GET,265,2,chordKey_32_5,clients=50
1778007846021,PUT,0,0,chordKey_32_6,clients=50
1778007846022,GET,232,2,chordKey_29_6,clients=50
1778007846025,PUT,0,0,chordKey_29_7,clients=50
1778007846029,GET,309,2,chordKey_31_6,clients=50
1778007846030,PUT,0,0,chordKey_31_7,clients=50
1778007846033,PUT_HOP,0,2,chordKey_4_4,
1778007846040,GET,212,2,chordKey_6_3,clients=50
1778007846046,PUT,4,0,chordKey_6_4,clients=50
1778007846048,GET,193,2,chordKey_0_7,clients=50
1778007846049,PUT,0,0,chordKey_0_8,clients=50
1778007846051,PUT_HOP,0,2,chordKey_16_6,
1778007846054,GET,200,2,chordKey_16_6,clients=50
1778007846056,PUT,0,0,chordKey_16_7,clients=50
1778007846058,PUT_HOP,0,1,chordKey_48_5,
1778007846059,PUT_HOP,0,2,chordKey_6_3,
1778007846060,GET,244,2,chordKey_4_4,clients=50
1778007846061,PUT,0,0,chordKey_4_5,clients=50
1778007846069,GET,220,2,chordKey_1_9,clients=50
1778007846074,PUT,0,0,chordKey_1_10,clients=50
1778007846075,PUT_HOP,0,2,chordKey_0_7,
1778007846100,GET,237,2,chordKey_24_6,clients=50
1778007846102,PUT,0,0,chordKey_24_7,clients=50
1778007846104,PUT_HOP,0,2,chordKey_1_9,
1778007846110,PUT_HOP,0,2,chordKey_22_10,
1778007846122,GET,104,1,chordKey_48_5,clients=50
1778007846123,PUT,0,0,chordKey_48_6,clients=50
1778007846138,PUT_HOP,0,2,chordKey_27_7,
1778007846140,PUT_HOP,0,2,chordKey_42_5,
1778007846142,PUT_HOP,0,2,chordKey_24_6,
1778007846143,GET,230,2,chordKey_22_10,clients=50
1778007846144,PUT,0,0,chordKey_22_11,clients=50
1778007846151,PUT_HOP,0,2,chordKey_26_10,
1778007846152,GET,231,2,chordKey_34_5,clients=50
1778007846152,PUT_HOP,0,2,chordKey_30_6,
1778007846153,PUT,0,0,chordKey_34_6,clients=50
1778007846159,PUT_HOP,0,2,chordKey_34_5,
1778007846161,GET,309,2,chordKey_42_5,clients=50
1778007846161,PUT,0,0,chordKey_42_6,clients=50
1778007846173,GET,248,2,chordKey_27_7,clients=50
1778007846174,PUT,0,0,chordKey_27_8,clients=50
1778007846190,GET,271,2,chordKey_26_10,clients=50
1778007846193,PUT,0,0,chordKey_26_11,clients=50
1778007846197,PUT_HOP,0,2,chordKey_16_7,
1778007846198,PUT_HOP,0,1,chordKey_24_7,
1778007846198,GET,142,2,chordKey_16_7,clients=50
1778007846199,PUT,0,0,chordKey_16_8,clients=50
1778007846207,PUT_HOP,0,2,chordKey_14_5,
1778007846209,GET,106,1,chordKey_24_7,clients=50
1778007846210,PUT,0,0,chordKey_24_8,clients=50
1778007846215,PUT_HOP,0,2,chordKey_13_6,
1778007846220,GET,221,2,chordKey_14_5,clients=50
1778007846221,PUT,0,0,chordKey_14_6,clients=50
1778007846230,GET,216,2,chordKey_13_6,clients=50
1778007846232,PUT,0,0,chordKey_13_7,clients=50
1778007846239,PUT_HOP,0,2,chordKey_44_7,
1778007846240,PUT_HOP,0,2,chordKey_3_10,
1778007846240,PUT_HOP,0,2,chordKey_25_7,
1778007846248,GET,316,2,chordKey_30_6,clients=50
1778007846249,PUT,0,0,chordKey_30_7,clients=50
1778007846254,PUT_HOP,0,2,chordKey_23_6,
1778007846257,GET,261,2,chordKey_25_7,clients=50
1778007846257,PUT_HOP,0,2,chordKey_38_8,
1778007846259,PUT,0,0,chordKey_25_8,clients=50
1778007846272,GET,339,2,chordKey_3_10,clients=50
1778007846272,PUT_HOP,0,2,chordKey_28_7,
1778007846275,PUT,0,0,chordKey_3_11,clients=50
1778007846276,PUT_HOP,0,2,chordKey_32_6,
1778007846278,GET,251,2,chordKey_29_7,clients=50
1778007846278,PUT,0,0,chordKey_29_8,clients=50
1778007846282,PUT_HOP,0,2,chordKey_49_6,
1778007846284,GET,283,2,chordKey_44_7,clients=50
1778007846285,PUT,0,0,chordKey_44_8,clients=50
1778007846293,PUT_HOP,0,2,chordKey_31_7,
1778007846309,GET,304,2,chordKey_49_6,clients=50
1778007846310,PUT,0,0,chordKey_49_7,clients=50
1778007846314,PUT_HOP,0,2,chordKey_6_4,
1778007846318,GET,314,2,chordKey_40_6,clients=50
1778007846327,PUT,0,0,chordKey_40_7,clients=50
1778007846327,PUT,1021,0,chordKey_41_5,clients=50
1778007846328,PUT_HOP,0,2,chordKey_40_6,
1778007846329,GET,0,0,chordKey_41_5,clients=50
1778007846330,PUT,0,0,chordKey_41_6,clients=50
1778007846331,PUT_HOP,0,2,chordKey_1_10,
1778007846327,PUT,1022,0,chordKey_37_5,clients=50
1778007846337,GET,0,0,chordKey_37_5,clients=50
1778007846338,PUT,0,0,chordKey_37_6,clients=50
1778007846339,GET,0,0,chordKey_37_6,clients=50
1778007846340,PUT,0,0,chordKey_37_7,clients=50
1778007846340,GET,0,0,chordKey_37_7,clients=50
1778007846341,PUT,0,0,chordKey_37_8,clients=50
1778007846343,GET,0,0,chordKey_37_8,clients=50
1778007846344,PUT,0,0,chordKey_37_9,clients=50
1778007846327,PUT,1020,0,chordKey_17_7,clients=50
1778007846347,PUT_HOP,0,2,chordKey_12_3,
1778007846353,GET,0,0,chordKey_17_7,clients=50
1778007846354,PUT,0,0,chordKey_17_8,clients=50
1778007846354,GET,0,0,chordKey_17_8,clients=50
1778007846355,PUT,0,0,chordKey_17_9,clients=50
1778007846356,GET,0,0,chordKey_17_9,clients=50
1778007846356,PUT,0,0,chordKey_17_10,clients=50
1778007846357,GET,0,0,chordKey_17_10,clients=50
1778007846358,PUT,0,0,chordKey_17_11,clients=50
1778007846358,GET,0,0,chordKey_17_11,clients=50
1778007846359,PUT,0,0,chordKey_17_12,clients=50
1778007846360,GET,0,0,chordKey_17_12,clients=50
1778007846326,PUT,1013,0,chordKey_20_6,clients=50
1778007846326,PUT,1019,0,chordKey_15_5,clients=50
1778007846362,GET,0,0,chordKey_15_5,clients=50
1778007846363,PUT,0,0,chordKey_15_6,clients=50
1778007846364,GET,0,0,chordKey_15_6,clients=50
1778007846364,PUT,0,0,chordKey_15_7,clients=50
1778007846366,GET,0,0,chordKey_15_7,clients=50
1778007846371,PUT,0,0,chordKey_15_8,clients=50
1778007846373,GET,0,0,chordKey_15_8,clients=50
1778007846374,PUT,0,0,chordKey_15_9,clients=50
1778007846375,GET,0,0,chordKey_15_9,clients=50
1778007846308,PUT_HOP,0,2,chordKey_29_7,
1778007846376,PUT,0,0,chordKey_15_10,clients=50
1778007846376,GET,0,0,chordKey_15_10,clients=50
1778007846377,PUT,0,0,chordKey_15_11,clients=50
1778007846378,GET,0,0,chordKey_15_11,clients=50
1778007846379,PUT_HOP,0,2,chordKey_42_6,
1778007846361,PUT,0,0,chordKey_17_13,clients=50
1778007846380,GET,0,0,chordKey_17_13,clients=50
1778007846381,PUT,0,0,chordKey_17_14,clients=50
1778007846386,GET,0,0,chordKey_17_14,clients=50
1778007846387,PUT_HOP,0,2,chordKey_16_8,
1778007846387,GET,187,2,chordKey_16_8,clients=50
1778007846389,PUT,0,0,chordKey_16_9,clients=50
1778007846349,GET,346,2,chordKey_23_6,clients=50
1778007846394,PUT,0,0,chordKey_23_7,clients=50
1778007846345,GET,0,0,chordKey_37_9,clients=50
1778007846395,PUT,0,0,chordKey_37_10,clients=50
1778007846398,GET,0,0,chordKey_37_10,clients=50
1778007846401,PUT_HOP,0,2,chordKey_14_6,
1778007846342,GET,266,2,chordKey_1_10,clients=50
1778007846342,GET,179,2,chordKey_42_6,clients=50
1778007846404,PUT,1013,0,chordKey_18_4,clients=50
1778007846336,GET,4,0,chordKey_41_6,clients=50
1778007846331,GET,1229,2,chordKey_45_7,clients=50
1778007846329,GET,316,2,chordKey_38_8,clients=50
1778007846396,PUT,1076,0,chordKey_33_4,clients=50
1778007846396,PUT,1012,0,chordKey_5_7,clients=50
1778007846396,GET,348,2,chordKey_6_4,clients=50
1778007846387,PUT,0,0,chordKey_17_15,clients=50
1778007846410,GET,0,0,chordKey_17_15,clients=50
1778007846380,PUT,1,0,chordKey_15_12,clients=50
1778007846414,GET,0,0,chordKey_15_12,clients=50
1778007846409,GET,187,2,chordKey_14_6,clients=50
1778007846415,GET,183,2,chordKey_13_7,clients=50
1778007846425,PUT_HOP,0,2,chordKey_4_5,
1778007846427,PUT_HOP,0,2,chordKey_0_8,
1778007846428,GET,406,2,chordKey_32_6,clients=50
1778007846443,GET,1331,2,chordKey_21_6,clients=50
1778007846444,PUT,0,0,chordKey_21_7,clients=50
1778007846468,PUT_HOP,0,2,chordKey_13_7,
1778007846488,GET,457,2,chordKey_31_7,clients=50
1778007846492,GET,442,2,chordKey_0_8,clients=50
1778007846493,PUT,0,0,chordKey_0_9,clients=50
1778007846509,GET,436,2,chordKey_4_5,clients=50
1778007846524,PUT_HOP,0,2,chordKey_37_8,
1778007846550,PUT_HOP,0,2,chordKey_27_8,
1778007846555,GET,410,2,chordKey_22_11,clients=50
1778007846556,PUT,0,0,chordKey_22_12,clients=50
1778007846575,GET,380,2,chordKey_26_11,clients=50
1778007846576,PUT,0,0,chordKey_26_12,clients=50
1778007846538,PUT_HOP,0,2,chordKey_22_11,
1778007846583,PUT_HOP,0,2,chordKey_34_6,
1778007846609,PUT_HOP,0,2,chordKey_48_6,
1778007846610,PUT_HOP,0,2,chordKey_24_8,
1778007846610,PUT_HOP,0,2,chordKey_15_8,
1778007846620,GET,444,2,chordKey_27_8,clients=50
1778007846621,PUT,0,0,chordKey_27_9,clients=50
1778007846624,GET,470,2,chordKey_34_6,clients=50
1778007846625,PUT,0,0,chordKey_34_7,clients=50
1778007846640,PUT_HOP,0,2,chordKey_26_11,
1778007846660,PUT_HOP,0,2,chordKey_26_7,
1778007846668,GET,456,2,chordKey_24_8,clients=50
1778007846669,PUT,0,0,chordKey_24_9,clients=50
1778007846672,GET,395,2,chordKey_3_11,clients=50
1778007846678,PUT,1,0,chordKey_3_12,clients=50
1778007846681,PUT_HOP,0,2,chordKey_30_7,
1778007846682,GET,1572,2,chordKey_12_3,clients=50
1778007846683,GET,433,2,chordKey_30_7,clients=50
1778007846683,PUT,0,0,chordKey_12_4,clients=50
1778007846686,PUT_HOP,0,2,chordKey_10_3,
1778007846684,PUT,0,0,chordKey_30_8,clients=50
1778007846692,PUT_HOP,0,2,chordKey_44_8,
1778007846694,PUT_HOP,0,2,chordKey_25_8,
1778007846705,GET,1747,3,chordKey_46_3,clients=50
1778007846708,PUT,0,0,chordKey_46_4,clients=50
1778007846714,GET,1702,3,chordKey_19_7,clients=50
1778007846715,PUT,0,0,chordKey_19_8,clients=50
1778007846729,GET,418,2,chordKey_49_7,clients=50
1778007846732,PUT,0,0,chordKey_49_8,clients=50
1778007846733,PUT_HOP,0,3,chordKey_45_7,
1778007846734,GET,1613,2,chordKey_8_6,clients=50
1778007846741,PUT,0,0,chordKey_8_7,clients=50
1778007846744,PUT_HOP,0,2,chordKey_41_6,
1778007846752,PUT_HOP,0,2,chordKey_40_7,
1778007846755,GET,496,2,chordKey_25_8,clients=50
1778007846756,PUT,0,0,chordKey_25_9,clients=50
1778007846771,PUT_HOP,0,2,chordKey_37_9,
1778007846772,GET,1462,2,chordKey_9_6,clients=50
1778007846729,PUT_HOP,0,2,chordKey_29_8,
1778007846774,PUT,0,0,chordKey_9_7,clients=50
1778007846775,PUT_HOP,0,2,chordKey_15_6,
1778007846783,PUT_HOP,0,2,chordKey_15_7,
1778007846789,PUT_HOP,0,2,chordKey_17_8,
1778007846791,PUT_HOP,0,2,chordKey_17_11,
1778007846803,PUT_HOP,0,2,chordKey_17_9,
1778007846806,GET,445,2,chordKey_20_6,clients=50
1778007846803,PUT_HOP,0,2,chordKey_17_10,
1778007846808,PUT_HOP,0,2,chordKey_13_3,
1778007846808,PUT,0,0,chordKey_20_7,clients=50
1778007846809,PUT_HOP,0,2,chordKey_49_3,
1778007846811,PUT_HOP,0,2,chordKey_17_12,
1778007846813,PUT_HOP,0,2,chordKey_21_6,
1778007846831,PUT_HOP,0,2,chordKey_33_4,
1778007846835,PUT_HOP,0,2,chordKey_15_12,
1778007846843,PUT_HOP,0,2,chordKey_17_13,
1778007846847,PUT_HOP,0,2,chordKey_17_14,
1778007846852,PUT_HOP,0,2,chordKey_15_10,
1778007846852,PUT_HOP,0,2,chordKey_17_15,
1778007846875,PUT_HOP,0,2,chordKey_5_7,
1778007846881,PUT_HOP,0,2,chordKey_0_9,
1778007846883,PUT_HOP,0,2,chordKey_15_9,
1778007846884,GET,1536,2,chordKey_47_7,clients=50
1778007846885,PUT_HOP,0,2,chordKey_22_12,
1778007846886,PUT,0,0,chordKey_47_8,clients=50
1778007846890,PUT_HOP,0,2,chordKey_15_11,
1778007846893,GET,447,2,chordKey_21_7,clients=50
1778007846894,PUT_HOP,0,2,chordKey_23_7,
1778007846899,PUT,0,0,chordKey_21_8,clients=50
1778007846901,PUT_HOP,0,2,chordKey_21_7,
1778007846908,PUT_HOP,0,2,chordKey_37_10,
1778007846909,PUT_HOP,0,2,chordKey_16_9,
1778007846921,GET,364,2,chordKey_22_12,clients=50
1778007846922,PUT,0,0,chordKey_22_13,clients=50
1778007846928,PUT_HOP,0,2,chordKey_27_9,
1778007846931,PUT_HOP,0,2,chordKey_18_4,
1778007846934,GET,312,2,chordKey_27_9,clients=50
1778007846933,PUT_HOP,0,2,chordKey_34_7,
1778007846936,PUT,0,0,chordKey_27_10,clients=50
1778007846937,PUT_HOP,0,2,chordKey_3_12,
1778007846939,GET,1576,2,chordKey_2_4,clients=50
1778007846940,PUT,0,0,chordKey_2_5,clients=50
1778007846946,GET,320,2,chordKey_34_7,clients=50
1778007846950,PUT_HOP,0,2,chordKey_30_8,
1778007846953,PUT,0,0,chordKey_34_8,clients=50
1778007846952,GET,376,2,chordKey_26_12,clients=50
1778007846955,PUT,0,0,chordKey_26_13,clients=50
1778007846950,GET,280,2,chordKey_24_9,clients=50
1778007846956,PUT_HOP,0,2,chordKey_46_4,
1778007846957,PUT,0,0,chordKey_24_10,clients=50
1778007846961,GET,1596,2,chordKey_35_3,clients=50
1778007846963,PUT,0,0,chordKey_35_4,clients=50
1778007846946,GET,266,2,chordKey_3_12,clients=50
1778007846965,PUT_HOP,0,2,chordKey_24_9,
1778007846966,PUT,0,0,chordKey_3_13,clients=50
1778007846967,PUT_HOP,0,2,chordKey_26_12,
1778007846972,GET,284,2,chordKey_12_4,clients=50
1778007846974,PUT,0,0,chordKey_12_5,clients=50
1778007846978,PUT_HOP,0,2,chordKey_25_9,
1778007846980,GET,223,2,chordKey_25_9,clients=50
1778007846983,PUT,0,0,chordKey_25_10,clients=50
1778007846984,GET,276,2,chordKey_46_4,clients=50
1778007846985,PUT_HOP,0,2,chordKey_19_8,
1778007846987,PUT,0,0,chordKey_46_5,clients=50
1778007846988,GET,256,2,chordKey_49_8,clients=50
1778007846989,PUT_HOP,0,2,chordKey_20_7,
1778007846989,PUT,0,0,chordKey_49_9,clients=50
1778007846998,GET,280,2,chordKey_19_8,clients=50
1778007846999,PUT,0,0,chordKey_19_9,clients=50
1778007847004,PUT_HOP,0,2,chordKey_12_4,
1778007847006,GET,318,2,chordKey_30_8,clients=50
1778007847006,PUT,0,0,chordKey_30_9,clients=50
1778007846992,PUT_HOP,0,2,chordKey_49_8,
1778007847009,PUT_HOP,0,2,chordKey_8_7,
1778007847009,PUT_HOP,0,2,chordKey_47_8,
1778007847011,GET,267,2,chordKey_8_7,clients=50
1778007847013,PUT,0,0,chordKey_8_8,clients=50
1778007847023,GET,136,2,chordKey_47_8,clients=50
1778007847025,PUT,0,0,chordKey_47_9,clients=50
1778007847026,PUT_HOP,0,2,chordKey_9_7,
1778007847036,PUT_HOP,0,2,chordKey_34_8,
1778007847065,GET,165,2,chordKey_21_8,clients=50
1778007847066,PUT,0,0,chordKey_21_9,clients=50
1778007847070,GET,132,2,chordKey_27_10,clients=50
1778007847071,PUT,0,0,chordKey_27_11,clients=50
1778007847071,PUT_HOP,0,2,chordKey_27_10,
1778007847073,PUT_HOP,0,2,chordKey_21_8,
1778007847077,GET,267,2,chordKey_20_7,clients=50
1778007847081,PUT,0,0,chordKey_20_8,clients=50
1778007847079,GET,303,2,chordKey_9_7,clients=50
1778007847083,PUT_HOP,0,2,chordKey_2_5,
1778007847083,PUT,0,0,chordKey_9_8,clients=50
1778007847114,GET,172,2,chordKey_2_5,clients=50
1778007847115,PUT,0,0,chordKey_2_6,clients=50
1778007847115,GET,161,2,chordKey_34_8,clients=50
1778007847116,PUT,0,0,chordKey_34_9,clients=50
1778007847116,PUT_HOP,0,2,chordKey_26_13,
1778007847116,PUT_HOP,0,2,chordKey_22_13,
1778007847126,PUT_HOP,0,2,chordKey_35_4,
1778007847128,GET,164,2,chordKey_35_4,clients=50
1778007847129,PUT,0,0,chordKey_35_5,clients=50
1778007847133,GET,211,2,chordKey_22_13,clients=50
1778007847135,PUT,0,0,chordKey_22_14,clients=50
1778007847136,GET,167,2,chordKey_3_13,clients=50
1778007847137,PUT,0,0,chordKey_3_14,clients=50
1778007847144,PUT_HOP,0,2,chordKey_49_9,
1778007847161,PUT_HOP,0,2,chordKey_25_10,
1778007847183,GET,192,2,chordKey_49_9,clients=50
1778007847182,PUT_HOP,0,2,chordKey_47_9,
1778007847184,PUT,0,0,chordKey_49_10,clients=50
1778007847200,GET,174,2,chordKey_47_9,clients=50
1778007847202,PUT,0,0,chordKey_47_10,clients=50
1778007847205,PUT_HOP,0,2,chordKey_3_13,
1778007847213,GET,228,2,chordKey_25_10,clients=50
1778007847214,PUT_HOP,0,2,chordKey_19_9,
1778007847214,PUT,0,0,chordKey_25_11,clients=50
1778007847216,PUT_HOP,0,2,chordKey_46_5,
1778007847215,GET,215,2,chordKey_19_9,clients=50
1778007847221,PUT,1,0,chordKey_19_10,clients=50
1778007847226,PUT_HOP,0,2,chordKey_12_5,
1778007847228,GET,272,2,chordKey_26_13,clients=50
1778007847229,PUT,0,0,chordKey_26_14,clients=50
1778007847230,PUT_HOP,0,2,chordKey_27_11,
1778007847231,PUT_HOP,0,2,chordKey_21_9,
1778007847238,PUT_HOP,0,2,chordKey_34_9,
1778007847239,GET,264,2,chordKey_12_5,clients=50
1778007847239,PUT_HOP,0,2,chordKey_24_10,
1778007847241,PUT_HOP,0,2,chordKey_22_14,
1778007847241,GET,234,2,chordKey_30_9,clients=50
1778007847243,PUT,0,0,chordKey_30_10,clients=50
1778007847240,PUT_HOP,0,2,chordKey_30_9,
1778007847243,GET,285,2,chordKey_24_10,clients=50
1778007847245,PUT,0,0,chordKey_24_11,clients=50
1778007847242,PUT,0,0,chordKey_12_6,clients=50
1778007847247,GET,180,2,chordKey_21_9,clients=50
1778007847248,PUT,0,0,chordKey_21_10,clients=50
1778007847250,GET,120,2,chordKey_35_5,clients=50
1778007847247,GET,259,2,chordKey_46_5,clients=50
1778007847251,GET,134,2,chordKey_34_9,clients=50
1778007847252,PUT,0,0,chordKey_46_6,clients=50
1778007847251,GET,115,2,chordKey_22_14,clients=50
1778007847251,PUT,0,0,chordKey_35_6,clients=50
1778007847253,PUT,0,0,chordKey_22_15,clients=50
1778007847252,PUT,0,0,chordKey_34_10,clients=50
1778007847254,GET,170,2,chordKey_9_8,clients=50
1778007847257,PUT,0,0,chordKey_9_9,clients=50
1778007847256,PUT_HOP,0,2,chordKey_9_8,
1778007847261,GET,178,2,chordKey_20_8,clients=50
1778007847262,PUT_HOP,0,2,chordKey_20_8,
1778007847266,PUT_HOP,0,2,chordKey_35_5,
1778007847271,PUT,0,0,chordKey_20_9,clients=50
1778007847271,PUT_HOP,0,2,chordKey_8_8,
1778007847262,GET,190,2,chordKey_27_11,clients=50
1778007847272,PUT,0,0,chordKey_27_12,clients=50
1778007847273,GET,260,2,chordKey_8_8,clients=50
1778007847274,PUT,0,0,chordKey_8_9,clients=50
1778007847294,PUT_HOP,0,2,chordKey_3_14,
1778007847301,GET,163,2,chordKey_3_14,clients=50
1778007847303,PUT,0,0,chordKey_3_15,clients=50
1778007847305,GET,189,2,chordKey_2_6,clients=50
1778007847306,PUT,0,0,chordKey_2_7,clients=50
1778007847317,PUT_HOP,0,2,chordKey_2_6,
1778007847335,PUT_HOP,0,2,chordKey_35_6,
1778007847338,PUT_HOP,0,2,chordKey_26_14,
1778007847356,PUT_HOP,0,2,chordKey_12_6,
1778007847357,GET,172,2,chordKey_49_10,clients=50
1778007847358,PUT_HOP,0,2,chordKey_49_10,
1778007847360,PUT,0,0,chordKey_49_11,clients=50
1778007847359,GET,156,2,chordKey_47_10,clients=50
1778007847361,PUT,0,0,chordKey_47_11,clients=50
1778007847369,PUT_HOP,0,2,chordKey_25_11,
1778007847377,PUT_HOP,0,2,chordKey_46_6,
1778007847384,PUT_HOP,0,2,chordKey_21_10,
1778007847384,PUT_HOP,0,2,chordKey_47_10,
1778007847384,GET,131,2,chordKey_35_6,clients=50
1778007847387,GET,170,2,chordKey_25_11,clients=50
1778007847389,PUT,0,0,chordKey_25_12,clients=50
1778007847387,PUT,1,0,chordKey_35_7,clients=50
1778007847390,GET,159,2,chordKey_26_14,clients=50
1778007847391,PUT,0,0,chordKey_26_15,clients=50
1778007847397,PUT_HOP,0,2,chordKey_24_11,
1778007847398,GET,154,2,chordKey_30_10,clients=50
1778007847399,PUT,0,0,chordKey_30_11,clients=50
1778007847402,GET,154,2,chordKey_12_6,clients=50
1778007847403,PUT,0,0,chordKey_12_7,clients=50
1778007847404,GET,155,2,chordKey_21_10,clients=50
1778007847404,GET,152,2,chordKey_46_6,clients=50
1778007847408,PUT,0,0,chordKey_46_7,clients=50
1778007847409,PUT,0,0,chordKey_21_11,clients=50
1778007847411,PUT_HOP,0,2,chordKey_19_10,
1778007847415,GET,192,2,chordKey_19_10,clients=50
1778007847422,PUT_HOP,0,2,chordKey_20_9,
1778007847423,PUT,0,0,chordKey_19_11,clients=50
1778007847422,PUT_HOP,0,2,chordKey_30_10,
1778007847422,GET,177,2,chordKey_24_11,clients=50
1778007847429,PUT_HOP,0,2,chordKey_34_10,
1778007847429,PUT,0,0,chordKey_24_12,clients=50
1778007847430,PUT_HOP,0,2,chordKey_22_15,
1778007847433,GET,178,2,chordKey_22_15,clients=50
1778007847433,PUT,0,0,chordKey_22_16,clients=50
1778007847438,PUT,1014,0,chordKey_13_8,clients=50
1778007847438,PUT,1029,0,chordKey_6_5,clients=50
1778007847438,PUT,1027,0,chordKey_17_16,clients=50
1778007847440,PUT_HOP,0,2,chordKey_9_9,
1778007847440,GET,0,0,chordKey_17_16,clients=50
1778007847441,PUT,0,0,chordKey_17_17,clients=50
1778007847442,GET,0,0,chordKey_17_17,clients=50
1778007847443,PUT,0,0,chordKey_17_18,clients=50
1778007847443,PUT_HOP,0,2,chordKey_8_9,
1778007847448,GET,0,0,chordKey_17_18,clients=50
1778007847438,PUT,1018,0,chordKey_15_13,clients=50
1778007847449,GET,0,0,chordKey_15_13,clients=50
1778007847450,PUT,0,0,chordKey_15_14,clients=50
1778007847450,GET,0,0,chordKey_15_14,clients=50
1778007847452,PUT,0,0,chordKey_15_15,clients=50
1778007847455,GET,0,0,chordKey_15_15,clients=50
1778007847457,PUT,1,0,chordKey_15_16,clients=50
1778007847459,GET,0,0,chordKey_15_16,clients=50
1778007847460,PUT,0,0,chordKey_15_17,clients=50
1778007847460,GET,0,0,chordKey_15_17,clients=50
1778007847461,PUT,0,0,chordKey_15_18,clients=50
1778007847462,GET,0,0,chordKey_15_18,clients=50
1778007847462,GET,191,2,chordKey_20_9,clients=50
1778007847463,PUT,0,0,chordKey_20_10,clients=50
1778007847438,PUT,1018,0,chordKey_14_7,clients=50
1778007847462,PUT,0,0,chordKey_15_19,clients=50
1778007847467,GET,0,0,chordKey_15_19,clients=50
1778007847468,PUT,0,0,chordKey_15_20,clients=50
1778007847469,GET,0,0,chordKey_15_20,clients=50
1778007847470,PUT,0,0,chordKey_15_21,clients=50
1778007847470,GET,0,0,chordKey_15_21,clients=50
1778007847447,PUT,1044,0,chordKey_37_11,clients=50
1778007847471,GET,0,0,chordKey_37_11,clients=50
1778007847447,PUT,1043,0,chordKey_42_7,clients=50
1778007847447,PUT,1043,0,chordKey_1_11,clients=50
1778007847474,GET,0,0,chordKey_1_11,clients=50
1778007847447,PUT,1041,0,chordKey_41_7,clients=50
1778007847475,GET,0,0,chordKey_41_7,clients=50
1778007847447,PUT,1040,0,chordKey_45_8,clients=50
1778007847447,PUT,1018,0,chordKey_32_7,clients=50
1778007847446,PUT,1039,0,chordKey_38_9,clients=50
1778007847443,GET,170,2,chordKey_27_12,clients=50
1778007847478,PUT,0,0,chordKey_27_13,clients=50
1778007847468,GET,211,2,chordKey_9_9,clients=50
1778007847467,GET,211,2,chordKey_34_10,clients=50
1778007847483,PUT_HOP,0,2,chordKey_27_12,
1778007847491,PUT_HOP,0,1,chordKey_46_7,
1778007847495,GET,220,2,chordKey_8_9,clients=50
1778007847497,PUT,0,0,chordKey_8_10,clients=50
1778007847499,GET,90,1,chordKey_46_7,clients=50
1778007847500,PUT_HOP,0,2,chordKey_3_15,
1778007847500,PUT,0,0,chordKey_46_8,clients=50
1778007847501,GET,197,2,chordKey_3_15,clients=50
1778007847502,PUT,0,0,chordKey_3_16,clients=50
1778007847502,PUT_HOP,0,2,chordKey_2_7,
1778007847507,GET,194,2,chordKey_2_7,clients=50
1778007847509,PUT,0,0,chordKey_2_8,clients=50
1778007847516,PUT,1027,0,chordKey_31_8,clients=50
1778007847532,GET,2320,2,chordKey_10_3,clients=50
1778007847570,GET,1446,2,chordKey_48_6,clients=50
1778007847571,PUT,0,0,chordKey_48_7,clients=50
1778007847574,PUT_HOP,0,2,chordKey_49_11,
1778007847587,PUT_HOP,0,1,chordKey_45_8,
1778007847595,PUT_HOP,0,2,chordKey_35_7,
1778007847626,PUT_HOP,0,2,chordKey_15_19,
1778007847641,GET,248,2,chordKey_26_15,clients=50
1778007847642,PUT,0,0,chordKey_26_16,clients=50
1778007847659,PUT_HOP,0,2,chordKey_12_7,
1778007847660,GET,253,2,chordKey_12_7,clients=50
1778007847661,PUT,0,0,chordKey_12_8,clients=50
1778007847666,PUT_HOP,0,2,chordKey_30_11,
1778007847673,GET,1393,2,chordKey_29_8,clients=50
1778007847674,GET,274,2,chordKey_30_11,clients=50
1778007847674,PUT_HOP,0,2,chordKey_13_8,
1778007847675,PUT,0,0,chordKey_29_9,clients=50
1778007847675,PUT,0,0,chordKey_30_12,clients=50
1778007847684,PUT_HOP,0,2,chordKey_21_11,
1778007847697,PUT_HOP,0,2,chordKey_17_7,
1778007847702,GET,1415,2,chordKey_44_8,clients=50
1778007847703,PUT,0,0,chordKey_44_9,clients=50
1778007847703,PUT_HOP,0,2,chordKey_41_5,
1778007847704,GET,3360,2,chordKey_39_4,clients=50
1778007847702,GET,267,2,chordKey_22_16,clients=50
1778007847705,PUT_HOP,0,2,chordKey_19_11,
1778007847705,PUT,0,0,chordKey_39_5,clients=50
1778007847706,PUT,0,0,chordKey_22_17,clients=50
1778007847706,GET,266,2,chordKey_13_8,clients=50
1778007847707,PUT,0,0,chordKey_13_9,clients=50
1778007847708,PUT_HOP,0,2,chordKey_17_16,
1778007847709,PUT_HOP,0,2,chordKey_17_17,
1778007847709,PUT_HOP,0,2,chordKey_15_13,
1778007847712,PUT_HOP,0,2,chordKey_49_7,
1778007847710,PUT_HOP,0,2,chordKey_14_7,
1778007847722,GET,282,2,chordKey_6_5,clients=50
1778007847723,PUT_HOP,0,2,chordKey_17_18,
1778007847723,PUT,0,0,chordKey_6_6,clients=50
1778007847729,PUT_HOP,0,2,chordKey_20_10,
1778007847735,GET,271,2,chordKey_20_10,clients=50
1778007847736,PUT,0,0,chordKey_20_11,clients=50
1778007847740,PUT_HOP,0,2,chordKey_37_7,
1778007847756,GET,1428,2,chordKey_40_7,clients=50
1778007847757,PUT_HOP,0,2,chordKey_15_21,
1778007847758,PUT,0,0,chordKey_40_8,clients=50
1778007847762,PUT_HOP,0,2,chordKey_15_20,
1778007847769,PUT_HOP,0,2,chordKey_41_7,
1778007847772,GET,1366,2,chordKey_18_4,clients=50
1778007847769,PUT_HOP,0,2,chordKey_42_7,
1778007847773,PUT,0,0,chordKey_18_5,clients=50
1778007847775,PUT_HOP,0,1,chordKey_44_9,
1778007847777,PUT_HOP,0,2,chordKey_15_16,
1778007847778,GET,313,2,chordKey_14_7,clients=50
1778007847779,PUT,0,0,chordKey_14_8,clients=50
1778007847793,PUT_HOP,0,2,chordKey_46_8,
1778007847794,PUT_HOP,0,2,chordKey_2_8,
1778007847795,GET,297,2,chordKey_8_10,clients=50
1778007847796,PUT,0,0,chordKey_8_11,clients=50
1778007847800,GET,95,1,chordKey_44_9,clients=50
1778007847801,PUT,0,0,chordKey_44_10,clients=50
1778007847801,PUT_HOP,0,2,chordKey_31_8,
1778007847801,PUT_HOP,0,2,chordKey_8_10,
1778007847809,PUT_HOP,0,2,chordKey_15_17,
1778007847818,GET,1425,2,chordKey_16_9,clients=50
1778007847822,PUT,0,0,chordKey_16_10,clients=50
1778007847821,GET,304,2,chordKey_31_8,clients=50
1778007847820,GET,1411,2,chordKey_5_7,clients=50
1778007847825,PUT,0,0,chordKey_5_8,clients=50
1778007847824,PUT,0,0,chordKey_31_9,clients=50
1778007847841,PUT_HOP,0,2,chordKey_26_16,
1778007847843,PUT_HOP,0,2,chordKey_15_15,
1778007847857,PUT_HOP,0,2,chordKey_12_8,
1778007847863,GET,1467,2,chordKey_23_7,clients=50
1778007847864,PUT,0,0,chordKey_23_8,clients=50
1778007847870,PUT_HOP,0,2,chordKey_3_16,
1778007847870,PUT_HOP,0,2,chordKey_15_14,
1778007847871,PUT_HOP,0,2,chordKey_27_13,
1778007847873,PUT_HOP,0,2,chordKey_3_11,
1778007847874,PUT_HOP,0,2,chordKey_15_18,
1778007847874,GET,231,2,chordKey_26_16,clients=50
1778007847876,PUT,0,0,chordKey_26_17,clients=50
1778007847877,PUT_HOP,0,2,chordKey_48_7,
1778007847884,GET,312,2,chordKey_48_7,clients=50
1778007847885,PUT,0,0,chordKey_48_8,clients=50
1778007847890,GET,228,2,chordKey_12_8,clients=50
1778007847891,PUT,0,0,chordKey_12_9,clients=50
1778007847895,GET,219,2,chordKey_30_12,clients=50
1778007847896,PUT,0,0,chordKey_30_13,clients=50
1778007847898,PUT_HOP,0,2,chordKey_18_5,
1778007847904,PUT_HOP,0,2,chordKey_39_5,
1778007847905,GET,229,2,chordKey_29_9,clients=50
1778007847906,PUT,0,0,chordKey_29_10,clients=50
1778007847912,PUT_HOP,0,2,chordKey_32_7,
1778007847917,PUT_HOP,0,2,chordKey_29_9,
1778007847919,PUT_HOP,0,2,chordKey_30_12,
1778007847930,GET,224,2,chordKey_39_5,clients=50
1778007847932,PUT,0,0,chordKey_39_6,clients=50
1778007847934,PUT_HOP,0,2,chordKey_1_11,
1778007847935,PUT_HOP,0,2,chordKey_13_9,
1778007847942,PUT_HOP,0,2,chordKey_37_11,
1778007847943,GET,169,2,chordKey_18_5,clients=50
1778007847944,PUT,0,0,chordKey_18_6,clients=50
1778007847960,PUT_HOP,0,1,chordKey_23_8,
1778007847968,GET,259,2,chordKey_13_9,clients=50
1778007847969,PUT,0,0,chordKey_13_10,clients=50
1778007847971,GET,106,1,chordKey_23_8,clients=50
1778007847972,PUT,0,0,chordKey_23_9,clients=50
1778007847974,PUT_HOP,0,2,chordKey_6_6,
1778007847976,GET,269,2,chordKey_22_17,clients=50
1778007847977,PUT,0,0,chordKey_22_18,clients=50
1778007847977,PUT_HOP,0,2,chordKey_22_17,
1778007847983,PUT_HOP,0,2,chordKey_14_8,
1778007848007,PUT_HOP,0,2,chordKey_20_11,
1778007848009,GET,271,2,chordKey_20_11,clients=50
1778007848009,PUT,0,0,chordKey_20_12,clients=50
1778007848028,GET,304,2,chordKey_6_6,clients=50
1778007848032,PUT,0,0,chordKey_6_7,clients=50
1778007848033,PUT_HOP,0,2,chordKey_40_8,
1778007848038,PUT_HOP,0,2,chordKey_39_6,
1778007848056,GET,276,2,chordKey_14_8,clients=50
1778007848056,PUT_HOP,0,1,chordKey_22_18,
1778007848057,GET,79,1,chordKey_22_18,clients=50
1778007848057,PUT,0,0,chordKey_14_9,clients=50
1778007848058,PUT_HOP,0,2,chordKey_44_10,
1778007848061,GET,128,2,chordKey_39_6,clients=50
1778007848062,PUT,0,0,chordKey_39_7,clients=50
1778007848063,GET,237,2,chordKey_31_9,clients=50
1778007848059,GET,257,2,chordKey_44_10,clients=50
1778007848065,PUT,0,0,chordKey_44_11,clients=50
1778007848057,PUT,0,0,chordKey_22_19,clients=50
1778007848064,PUT,0,0,chordKey_31_10,clients=50
1778007848066,GET,306,2,chordKey_40_8,clients=50
1778007848068,PUT_HOP,0,2,chordKey_12_9,
1778007848070,PUT_HOP,0,2,chordKey_14_9,
1778007848072,PUT,0,0,chordKey_40_9,clients=50
1778007848070,GET,177,2,chordKey_12_9,clients=50
1778007848072,PUT_HOP,0,2,chordKey_48_8,
1778007848073,PUT,0,0,chordKey_12_10,clients=50
1778007848074,PUT_HOP,0,2,chordKey_30_13,
1778007848078,GET,201,2,chordKey_26_17,clients=50
1778007848079,GET,193,2,chordKey_48_8,clients=50
1778007848082,PUT_HOP,0,2,chordKey_31_9,
1778007848084,PUT,0,0,chordKey_48_9,clients=50
1778007848081,PUT,0,0,chordKey_26_18,clients=50
1778007848102,PUT_HOP,0,2,chordKey_26_17,
1778007848107,PUT_HOP,0,2,chordKey_29_10,
1778007848107,PUT_HOP,0,2,chordKey_8_11,
1778007848107,GET,200,2,chordKey_29_10,clients=50
1778007848110,PUT_HOP,0,2,chordKey_13_10,
1778007848111,PUT,0,0,chordKey_29_11,clients=50
1778007848121,GET,177,2,chordKey_18_6,clients=50
1778007848122,PUT,0,0,chordKey_18_7,clients=50
1778007848127,PUT_HOP,0,2,chordKey_18_6,
1778007848139,GET,241,2,chordKey_30_13,clients=50
1778007848140,PUT,0,0,chordKey_30_14,clients=50
1778007848151,GET,179,2,chordKey_23_9,clients=50
1778007848152,PUT,0,0,chordKey_23_10,clients=50
1778007848153,PUT_HOP,0,2,chordKey_16_10,
1778007848154,PUT_HOP,0,2,chordKey_44_11,
1778007848155,GET,329,2,chordKey_5_8,clients=50
1778007848156,PUT,0,0,chordKey_5_9,clients=50
1778007848157,GET,358,2,chordKey_8_11,clients=50
1778007848158,PUT,0,0,chordKey_8_12,clients=50
1778007848159,GET,97,2,chordKey_14_9,clients=50
1778007848159,GET,336,2,chordKey_16_10,clients=50
1778007848160,PUT,0,0,chordKey_14_10,clients=50
1778007848160,PUT,0,0,chordKey_16_11,clients=50
1778007848163,PUT_HOP,0,2,chordKey_23_9,
1778007848167,PUT_HOP,0,2,chordKey_5_8,
1778007848172,PUT_HOP,0,2,chordKey_6_7,
1778007848173,PUT_HOP,0,2,chordKey_22_19,
1778007848179,GET,210,2,chordKey_13_10,clients=50
1778007848180,PUT_HOP,0,2,chordKey_39_7,
1778007848181,PUT_HOP,0,2,chordKey_40_9,
1778007848181,PUT,0,0,chordKey_13_11,clients=50
1778007848190,PUT_HOP,0,2,chordKey_20_12,
1778007848192,PUT_HOP,0,2,chordKey_26_18,
1778007848196,PUT_HOP,0,2,chordKey_31_10,
1778007848199,GET,132,2,chordKey_31_10,clients=50
1778007848200,PUT,0,0,chordKey_31_11,clients=50
1778007848201,GET,135,2,chordKey_22_19,clients=50
1778007848202,PUT_HOP,0,2,chordKey_29_11,
1778007848203,PUT,0,0,chordKey_22_20,clients=50
1778007848204,GET,167,2,chordKey_6_7,clients=50
1778007848205,GET,141,2,chordKey_39_7,clients=50
1778007848205,PUT,0,0,chordKey_6_8,clients=50
1778007848206,PUT,0,0,chordKey_39_8,clients=50
1778007848211,PUT_HOP,0,2,chordKey_12_10,
1778007848212,GET,139,2,chordKey_12_10,clients=50
1778007848214,PUT,0,0,chordKey_12_11,clients=50
1778007848219,GET,154,2,chordKey_44_11,clients=50
1778007848222,PUT_HOP,0,2,chordKey_18_7,
1778007848223,GET,151,2,chordKey_40_9,clients=50
1778007848227,PUT,0,0,chordKey_40_10,clients=50
1778007848222,GET,109,2,chordKey_29_11,clients=50
1778007848228,PUT,0,0,chordKey_29_12,clients=50
1778007848227,PUT,0,0,chordKey_44_12,clients=50
1778007848247,GET,234,2,chordKey_20_12,clients=50
1778007848249,PUT_HOP,0,2,chordKey_48_9,
1778007848249,GET,162,2,chordKey_48_9,clients=50
1778007848249,PUT,0,0,chordKey_20_13,clients=50
1778007848250,PUT,0,0,chordKey_48_10,clients=50
1778007848254,PUT_HOP,0,2,chordKey_23_10,
1778007848263,GET,174,2,chordKey_26_18,clients=50
1778007848264,PUT,0,0,chordKey_26_19,clients=50
1778007848275,GET,152,2,chordKey_18_7,clients=50
1778007848277,PUT,0,0,chordKey_18_8,clients=50
1778007848281,GET,127,2,chordKey_23_10,clients=50
1778007848284,PUT,0,0,chordKey_23_11,clients=50
1778007848287,PUT_HOP,0,2,chordKey_30_14,
1778007848312,PUT_HOP,0,2,chordKey_13_11,
1778007848328,GET,146,2,chordKey_13_11,clients=50
1778007848333,PUT_HOP,0,2,chordKey_31_11,
1778007848334,PUT_HOP,0,2,chordKey_22_20,
1778007848336,PUT,0,0,chordKey_13_12,clients=50
1778007848334,GET,127,2,chordKey_39_8,clients=50
1778007848339,PUT,0,0,chordKey_39_9,clients=50
1778007848329,GET,129,2,chordKey_31_11,clients=50
1778007848344,PUT,0,0,chordKey_31_12,clients=50
1778007848337,GET,134,2,chordKey_22_20,clients=50
1778007848345,PUT,0,0,chordKey_22_21,clients=50
1778007848349,PUT_HOP,0,2,chordKey_29_12,
1778007848351,GET,210,2,chordKey_30_14,clients=50
1778007848352,PUT,0,0,chordKey_30_15,clients=50
1778007848357,PUT_HOP,0,2,chordKey_39_8,
1778007848357,GET,128,2,chordKey_29_12,clients=50
1778007848358,PUT,0,0,chordKey_29_13,clients=50
1778007848360,PUT_HOP,0,2,chordKey_44_12,
1778007848361,PUT_HOP,0,2,chordKey_40_10,
1778007848370,GET,140,2,chordKey_44_12,clients=50
1778007848371,PUT,0,0,chordKey_44_13,clients=50
1778007848378,PUT_HOP,0,2,chordKey_14_10,
1778007848383,GET,155,2,chordKey_40_10,clients=50
1778007848384,PUT,0,0,chordKey_40_11,clients=50
1778007848397,PUT_HOP,0,2,chordKey_8_12,
1778007848398,PUT_HOP,0,2,chordKey_12_11,
1778007848398,GET,240,2,chordKey_8_12,clients=50
1778007848399,PUT_HOP,0,2,chordKey_16_11,
1778007848399,PUT_HOP,0,2,chordKey_18_8,
1778007848399,PUT,0,0,chordKey_8_13,clients=50
1778007848399,GET,185,2,chordKey_12_11,clients=50
1778007848401,PUT,0,0,chordKey_12_12,clients=50
1778007848411,GET,249,2,chordKey_16_11,clients=50
1778007848412,PUT,0,0,chordKey_16_12,clients=50
1778007848412,PUT_HOP,0,2,chordKey_5_9,
1778007848414,GET,258,2,chordKey_5_9,clients=50
1778007848415,GET,254,2,chordKey_14_10,clients=50
1778007848416,PUT,0,0,chordKey_5_10,clients=50
1778007848423,PUT,0,0,chordKey_14_11,clients=50
1778007848426,PUT_HOP,0,1,chordKey_30_15,
1778007848431,GET,166,2,chordKey_26_19,clients=50
1778007848432,PUT,0,0,chordKey_26_20,clients=50
1778007848432,GET,182,2,chordKey_20_13,clients=50
1778007848433,PUT,0,0,chordKey_20_14,clients=50
1778007848437,PUT_HOP,0,2,chordKey_48_10,
1778007848437,PUT_HOP,0,2,chordKey_6_8,
1778007848439,GET,233,2,chordKey_6_8,clients=50
1778007848440,GET,189,2,chordKey_48_10,clients=50
1778007848441,PUT,0,0,chordKey_48_11,clients=50
1778007848441,PUT,0,0,chordKey_6_9,clients=50
1778007848452,GET,166,2,chordKey_23_11,clients=50
1778007848453,PUT,0,0,chordKey_23_12,clients=50
1778007848460,GET,108,1,chordKey_30_15,clients=50
1778007848461,PUT,0,0,chordKey_30_16,clients=50
1778007848472,PUT_HOP,0,2,chordKey_26_19,
1778007848485,GET,207,2,chordKey_18_8,clients=50
1778007848488,PUT_HOP,0,2,chordKey_20_13,
1778007848489,PUT_HOP,0,2,chordKey_23_11,
1778007848497,PUT,0,0,chordKey_18_9,clients=50
1778007848488,PUT,1040,0,chordKey_17_19,clients=50
1778007848499,GET,0,0,chordKey_17_19,clients=50
1778007848499,PUT,0,0,chordKey_17_20,clients=50
1778007848500,GET,0,0,chordKey_17_20,clients=50
1778007848501,PUT,0,0,chordKey_17_21,clients=50
1778007848501,GET,0,0,chordKey_17_21,clients=50
1778007848502,PUT,0,0,chordKey_17_22,clients=50
1778007848503,GET,0,0,chordKey_17_22,clients=50
1778007848503,PUT,0,0,chordKey_17_23,clients=50
1778007848504,GET,0,0,chordKey_17_23,clients=50
1778007848505,PUT,0,0,chordKey_17_24,clients=50
1778007848507,GET,0,0,chordKey_17_24,clients=50
1778007848509,PUT,0,0,chordKey_17_25,clients=50
1778007848510,GET,0,0,chordKey_17_25,clients=50
1778007848511,PUT,0,0,chordKey_17_26,clients=50
1778007848512,GET,0,0,chordKey_17_26,clients=50
1778007848513,PUT,0,0,chordKey_17_27,clients=50
1778007848514,GET,0,0,chordKey_17_27,clients=50
1778007848515,PUT,0,0,chordKey_17_28,clients=50
1778007848516,GET,0,0,chordKey_17_28,clients=50
1778007848488,PUT,1017,0,chordKey_15_22,clients=50
1778007848487,PUT,1015,0,chordKey_37_12,clients=50
1778007848523,GET,0,0,chordKey_37_12,clients=50
1778007848487,PUT,1012,0,chordKey_1_12,clients=50
1778007848526,PUT,1,0,chordKey_37_13,clients=50
1778007848527,GET,0,0,chordKey_37_13,clients=50
1778007848487,PUT,1011,0,chordKey_41_8,clients=50
1778007848528,GET,0,0,chordKey_41_8,clients=50
1778007848526,GET,0,0,chordKey_1_12,clients=50
1778007848522,GET,0,0,chordKey_15_22,clients=50
1778007848522,PUT,0,0,chordKey_17_29,clients=50
1778007848530,GET,0,0,chordKey_17_29,clients=50
1778007848531,PUT,0,0,chordKey_17_30,clients=50
1778007848532,GET,0,0,chordKey_17_30,clients=50
1778007848533,PUT,0,0,chordKey_17_31,clients=50
1778007848538,GET,0,0,chordKey_17_31,clients=50
1778007848539,PUT,0,0,chordKey_17_32,clients=50
1778007848541,PUT_HOP,0,2,chordKey_39_9,
1778007848542,GET,0,0,chordKey_17_32,clients=50
1778007848542,PUT_HOP,0,2,chordKey_13_12,
1778007848543,PUT,0,0,chordKey_17_33,clients=50
1778007848498,PUT,3109,0,chordKey_28_8,clients=50
1778007848497,PUT,3125,0,chordKey_36_7,clients=50
1778007848497,PUT,3128,0,chordKey_11_4,clients=50
1778007848544,GET,0,0,chordKey_17_33,clients=50
1778007848547,PUT,0,0,chordKey_17_34,clients=50
1778007848548,PUT_HOP,0,2,chordKey_22_21,
1778007848548,GET,0,0,chordKey_17_34,clients=50
1778007848549,PUT,0,0,chordKey_17_35,clients=50
1778007848550,GET,0,0,chordKey_17_35,clients=50
1778007848550,PUT,0,0,chordKey_17_36,clients=50
1778007848551,GET,0,0,chordKey_17_36,clients=50
1778007848552,PUT,0,0,chordKey_17_37,clients=50
1778007848552,GET,0,0,chordKey_17_37,clients=50
1778007848553,PUT,0,0,chordKey_17_38,clients=50
1778007848554,GET,0,0,chordKey_17_38,clients=50
1778007848555,PUT,0,0,chordKey_17_39,clients=50
1778007848557,GET,0,0,chordKey_17_39,clients=50
1778007848542,GET,197,2,chordKey_31_12,clients=50
1778007848535,GET,199,2,chordKey_13_12,clients=50
1778007848556,PUT,1023,0,chordKey_10_4,clients=50
1778007848556,PUT,1077,0,chordKey_9_10,clients=50
1778007848556,PUT,1076,0,chordKey_34_11,clients=50
1778007848548,GET,206,2,chordKey_39_9,clients=50
1778007848583,PUT_HOP,0,2,chordKey_31_12,
1778007848585,PUT_HOP,0,2,chordKey_29_13,
1778007848592,GET,246,2,chordKey_22_21,clients=50
1778007848594,PUT,0,0,chordKey_22_22,clients=50
1778007848595,PUT_HOP,0,2,chordKey_25_12,
1778007848598,GET,1208,2,chordKey_25_12,clients=50
1778007848600,PUT,0,0,chordKey_25_13,clients=50
1778007848601,GET,1210,2,chordKey_35_7,clients=50
1778007848600,GET,1238,2,chordKey_47_11,clients=50
1778007848602,PUT_HOP,0,2,chordKey_47_11,
1778007848606,GET,1245,2,chordKey_49_11,clients=50
1778007848622,PUT_HOP,0,2,chordKey_12_12,
1778007848630,PUT_HOP,0,2,chordKey_8_13,
1778007848635,PUT_HOP,0,2,chordKey_44_13,
1778007848649,GET,282,2,chordKey_29_13,clients=50
1778007848650,PUT,0,0,chordKey_29_14,clients=50
1778007848659,GET,259,2,chordKey_8_13,clients=50
1778007848661,PUT,0,0,chordKey_8_14,clients=50
1778007848662,GET,290,2,chordKey_44_13,clients=50
1778007848663,PUT,0,0,chordKey_44_14,clients=50
1778007848670,GET,285,2,chordKey_40_11,clients=50
1778007848692,GET,291,2,chordKey_12_12,clients=50
1778007848693,PUT,0,0,chordKey_12_13,clients=50
1778007848721,PUT_HOP,0,2,chordKey_24_12,
1778007848721,GET,1291,2,chordKey_24_12,clients=50
1778007848724,PUT,1,0,chordKey_24_13,clients=50
1778007848727,PUT_HOP,0,2,chordKey_22_16,
1778007848732,GET,1322,2,chordKey_21_11,clients=50
1778007848733,PUT,0,0,chordKey_21_12,clients=50
1778007848735,GET,303,2,chordKey_26_20,clients=50
1778007848736,PUT,0,0,chordKey_26_21,clients=50
1778007848741,GET,307,2,chordKey_20_14,clients=50
1778007848742,PUT,0,0,chordKey_20_15,clients=50
1778007848749,PUT_HOP,0,2,chordKey_20_14,
1778007848751,GET,299,2,chordKey_6_9,clients=50
1778007848752,PUT,0,0,chordKey_6_10,clients=50
1778007848755,GET,331,2,chordKey_5_10,clients=50
1778007848756,PUT,0,0,chordKey_5_11,clients=50
1778007848763,PUT_HOP,0,2,chordKey_41_8,
1778007848764,GET,310,2,chordKey_23_12,clients=50
1778007848764,PUT_HOP,0,2,chordKey_23_12,
1778007848765,PUT,0,0,chordKey_23_13,clients=50
1778007848766,PUT_HOP,0,2,chordKey_38_9,
1778007848766,PUT_HOP,0,2,chordKey_15_22,
1778007848766,PUT_HOP,0,2,chordKey_28_8,
1778007848768,PUT_HOP,0,2,chordKey_36_7,
1778007848771,PUT_HOP,0,2,chordKey_17_20,
1778007848779,GET,317,2,chordKey_30_16,clients=50
1778007848780,PUT,0,0,chordKey_30_17,clients=50
1778007848788,PUT_HOP,0,2,chordKey_17_29,
1778007848789,PUT_HOP,0,2,chordKey_17_23,
1778007848789,PUT_HOP,0,2,chordKey_17_22,
1778007848789,PUT_HOP,0,2,chordKey_17_21,
1778007848795,PUT_HOP,0,2,chordKey_17_27,
1778007848795,PUT_HOP,0,2,chordKey_6_5,
1778007848799,PUT_HOP,0,2,chordKey_17_32,
1778007848800,PUT_HOP,0,2,chordKey_17_30,
1778007848800,PUT_HOP,0,2,chordKey_17_31,
1778007848802,GET,257,2,chordKey_36_7,clients=50
1778007848804,PUT,0,0,chordKey_36_8,clients=50
1778007848805,PUT_HOP,0,2,chordKey_17_24,
1778007848806,PUT_HOP,0,2,chordKey_17_33,
1778007848814,PUT_HOP,0,2,chordKey_37_13,
1778007848817,GET,272,2,chordKey_28_8,clients=50
1778007848818,PUT,0,0,chordKey_28_9,clients=50
1778007848819,PUT_HOP,0,2,chordKey_17_35,
1778007848819,GET,252,2,chordKey_34_11,clients=50
1778007848820,PUT,0,0,chordKey_34_12,clients=50
1778007848825,PUT_HOP,0,2,chordKey_17_36,
1778007848825,PUT_HOP,0,2,chordKey_17_37,
1778007848830,PUT_HOP,0,2,chordKey_17_39,
1778007848833,PUT_HOP,0,2,chordKey_17_38,
1778007848835,GET,268,2,chordKey_9_10,clients=50
1778007848837,PUT,1,0,chordKey_9_11,clients=50
1778007848838,PUT_HOP,0,2,chordKey_17_34,
1778007848847,GET,245,2,chordKey_25_13,clients=50
1778007848848,PUT,0,0,chordKey_25_14,clients=50
1778007848856,GET,1380,1,chordKey_45_8,clients=50
1778007848858,PUT,0,0,chordKey_45_9,clients=50
1778007848860,PUT_HOP,0,2,chordKey_44_14,
1778007848870,PUT_HOP,0,2,chordKey_8_14,
1778007848870,GET,1393,2,chordKey_38_9,clients=50
1778007848872,PUT,0,0,chordKey_38_10,clients=50
1778007848872,GET,210,2,chordKey_8_14,clients=50
1778007848874,PUT,0,0,chordKey_8_15,clients=50
1778007848876,GET,281,2,chordKey_22_22,clients=50
1778007848877,PUT,0,0,chordKey_22_23,clients=50
1778007848877,GET,226,2,chordKey_29_14,clients=50
1778007848878,PUT,0,0,chordKey_29_15,clients=50
1778007848879,PUT_HOP,0,2,chordKey_29_14,
1778007848879,PUT_HOP,0,2,chordKey_22_22,
1778007848882,PUT_HOP,0,2,chordKey_25_13,
1778007848882,PUT_HOP,0,2,chordKey_12_13,
1778007848883,GET,1454,2,chordKey_19_11,clients=50
1778007848884,PUT,0,0,chordKey_19_12,clients=50
1778007848890,GET,194,2,chordKey_12_13,clients=50
1778007848891,PUT,0,0,chordKey_12_14,clients=50
1778007848892,GET,167,2,chordKey_24_13,clients=50
1778007848893,PUT,0,0,chordKey_24_14,clients=50
1778007848894,GET,1392,2,chordKey_46_8,clients=50
1778007848895,PUT,0,0,chordKey_46_9,clients=50
1778007848896,GET,162,2,chordKey_21_12,clients=50
1778007848897,PUT_HOP,0,2,chordKey_21_12,
1778007848898,PUT_HOP,0,2,chordKey_24_13,
1778007848897,GET,2489,2,chordKey_33_4,clients=50
1778007848900,PUT,0,0,chordKey_33_5,clients=50
1778007848897,GET,160,2,chordKey_26_21,clients=50
1778007848901,PUT,0,0,chordKey_26_22,clients=50
1778007848899,PUT,0,0,chordKey_21_13,clients=50
1778007848908,GET,164,2,chordKey_20_15,clients=50
1778007848909,PUT,0,0,chordKey_20_16,clients=50
1778007848910,PUT_HOP,0,2,chordKey_10_4,
1778007848915,PUT_HOP,0,2,chordKey_6_10,
1778007848916,PUT_HOP,0,2,chordKey_34_11,
1778007848917,GET,163,2,chordKey_6_10,clients=50
1778007848919,PUT,0,0,chordKey_6_11,clients=50
1778007848924,PUT_HOP,0,2,chordKey_36_8,
1778007848927,PUT_HOP,0,2,chordKey_20_15,
1778007848930,GET,123,2,chordKey_36_8,clients=50
1778007848931,PUT,0,0,chordKey_36_9,clients=50
1778007848934,PUT_HOP,0,2,chordKey_26_21,
1778007848938,PUT_HOP,0,2,chordKey_23_13,
1778007848939,GET,1462,2,chordKey_32_7,clients=50
1778007848939,PUT_HOP,0,1,chordKey_20_16,
1778007848940,PUT,0,0,chordKey_32_8,clients=50
1778007848940,PUT_HOP,0,2,chordKey_28_9,
1778007848944,PUT_HOP,0,2,chordKey_34_12,
1778007848944,GET,34,1,chordKey_20_16,clients=50
1778007848940,GET,120,2,chordKey_34_12,clients=50
1778007848947,PUT,0,0,chordKey_34_13,clients=50
1778007848946,PUT,0,0,chordKey_20_17,clients=50
1778007848950,PUT_HOP,0,2,chordKey_5_11,
1778007848955,GET,136,2,chordKey_28_9,clients=50
1778007848956,PUT,0,0,chordKey_28_10,clients=50
1778007848971,GET,205,2,chordKey_23_13,clients=50
1778007848972,PUT_HOP,0,2,chordKey_30_17,
1778007848973,PUT,0,0,chordKey_23_14,clients=50
1778007848975,GET,219,2,chordKey_5_11,clients=50
1778007848976,PUT,0,0,chordKey_5_12,clients=50
1778007848982,GET,201,2,chordKey_30_17,clients=50
1778007848984,PUT,0,0,chordKey_30_18,clients=50
1778007848986,GET,1513,2,chordKey_42_7,clients=50
1778007848986,PUT,0,0,chordKey_42_8,clients=50
1778007848988,GET,1478,2,chordKey_2_8,clients=50
1778007848989,PUT,0,0,chordKey_2_9,clients=50
1778007848992,PUT_HOP,0,2,chordKey_38_10,
1778007848993,GET,120,2,chordKey_38_10,clients=50
1778007848996,PUT,0,0,chordKey_38_11,clients=50
1778007848997,PUT_HOP,0,2,chordKey_9_10,
1778007848998,GET,1494,2,chordKey_3_16,clients=50
1778007848999,PUT,0,0,chordKey_3_17,clients=50
1778007849001,PUT_HOP,0,2,chordKey_36_9,
1778007849002,GET,1523,2,chordKey_27_13,clients=50
1778007849002,GET,162,2,chordKey_9_11,clients=50
1778007849004,PUT,0,0,chordKey_27_14,clients=50
1778007849006,PUT_HOP,0,2,chordKey_25_14,
1778007849007,PUT_HOP,0,2,chordKey_9_11,
1778007849006,GET,74,2,chordKey_36_9,clients=50
1778007849006,GET,157,2,chordKey_25_14,clients=50
1778007849009,PUT,0,0,chordKey_25_15,clients=50
1778007849005,PUT,0,0,chordKey_9_12,clients=50
1778007849008,PUT,0,0,chordKey_36_10,clients=50
1778007849012,PUT_HOP,0,2,chordKey_8_15,
1778007849014,GET,139,2,chordKey_8_15,clients=50
1778007849015,PUT,0,0,chordKey_8_16,clients=50
1778007849018,PUT_HOP,0,2,chordKey_22_23,
1778007849022,GET,163,2,chordKey_45_9,clients=50
1778007849023,PUT,0,0,chordKey_45_10,clients=50
1778007849023,PUT_HOP,0,2,chordKey_24_14,
1778007849026,GET,134,2,chordKey_12_14,clients=50
1778007849028,PUT,0,0,chordKey_12_15,clients=50
1778007849027,GET,126,2,chordKey_33_5,clients=50
1778007849029,PUT_HOP,0,2,chordKey_12_14,
1778007849029,PUT,0,0,chordKey_33_6,clients=50
1778007849038,PUT_HOP,0,2,chordKey_46_9,
1778007849040,GET,144,2,chordKey_46_9,clients=50
1778007849042,PUT,0,0,chordKey_46_10,clients=50
1778007849049,PUT_HOP,0,2,chordKey_33_5,
1778007849053,PUT_HOP,0,2,chordKey_6_11,
1778007849058,PUT_HOP,0,2,chordKey_19_12,
1778007849059,PUT_HOP,0,2,chordKey_26_22,
1778007849060,GET,182,2,chordKey_22_23,clients=50
1778007849060,GET,181,2,chordKey_29_15,clients=50
1778007849062,PUT,0,0,chordKey_29_16,clients=50
1778007849062,PUT,0,0,chordKey_22_24,clients=50
1778007849078,PUT_HOP,0,2,chordKey_21_13,
1778007849079,GET,194,2,chordKey_19_12,clients=50
1778007849080,PUT,0,0,chordKey_19_13,clients=50
1778007849080,GET,175,2,chordKey_21_13,clients=50
1778007849081,PUT_HOP,0,2,chordKey_29_15,
1778007849082,PUT,0,0,chordKey_21_14,clients=50
1778007849090,GET,187,2,chordKey_26_22,clients=50
1778007849091,PUT,0,0,chordKey_26_23,clients=50
1778007849093,GET,198,2,chordKey_24_14,clients=50
1778007849094,PUT,0,0,chordKey_24_15,clients=50
1778007849104,PUT_HOP,0,2,chordKey_45_9,
1778007849110,GET,161,2,chordKey_20_17,clients=50
1778007849112,PUT,0,0,chordKey_20_18,clients=50
1778007849123,PUT_HOP,0,2,chordKey_32_8,
1778007849123,GET,178,2,chordKey_32_8,clients=50
1778007849124,PUT,0,0,chordKey_32_9,clients=50
1778007849137,GET,214,2,chordKey_6_11,clients=50
1778007849138,PUT,0,0,chordKey_6_12,clients=50
1778007849139,GET,191,2,chordKey_34_13,clients=50
1778007849141,PUT,0,0,chordKey_34_14,clients=50
1778007849145,PUT_HOP,0,2,chordKey_20_17,
1778007849163,PUT_HOP,0,2,chordKey_28_10,
1778007849163,PUT_HOP,0,2,chordKey_34_13,
1778007849166,PUT_HOP,0,2,chordKey_23_14,
1778007849176,GET,218,2,chordKey_28_10,clients=50
1778007849177,PUT,0,0,chordKey_28_11,clients=50
1778007849185,PUT_HOP,0,2,chordKey_21_14,
1778007849186,GET,103,2,chordKey_21_14,clients=50
1778007849187,PUT,0,0,chordKey_21_15,clients=50
1778007849192,PUT_HOP,0,2,chordKey_30_18,
1778007849192,PUT_HOP,0,2,chordKey_42_8,
1778007849195,PUT_HOP,0,2,chordKey_5_12,
1778007849199,GET,222,2,chordKey_5_12,clients=50
1778007849202,PUT,0,0,chordKey_5_13,clients=50
1778007849205,PUT_HOP,0,2,chordKey_2_9,
1778007849207,PUT_HOP,0,2,chordKey_36_10,
1778007849224,PUT_HOP,0,2,chordKey_38_11,
1778007849224,PUT_HOP,0,2,chordKey_8_16,
1778007849225,GET,230,2,chordKey_2_9,clients=50
1778007849226,PUT,0,0,chordKey_2_10,clients=50
1778007849230,GET,242,2,chordKey_42_8,clients=50
1778007849230,PUT,0,0,chordKey_42_9,clients=50
1778007849233,GET,237,2,chordKey_38_11,clients=50
1778007849234,PUT,0,0,chordKey_38_12,clients=50
1778007849246,GET,234,2,chordKey_36_10,clients=50
1778007849247,PUT,0,0,chordKey_36_11,clients=50
1778007849248,PUT_HOP,0,2,chordKey_27_14,
1778007849249,PUT_HOP,0,2,chordKey_12_15,
1778007849261,GET,261,2,chordKey_3_17,clients=50
1778007849267,PUT,0,0,chordKey_3_18,clients=50
1778007849269,PUT_HOP,0,2,chordKey_9_12,
1778007849272,PUT_HOP,0,2,chordKey_32_9,
1778007849275,GET,290,2,chordKey_30_18,clients=50
1778007849276,PUT,0,0,chordKey_30_19,clients=50
1778007849279,GET,154,2,chordKey_32_9,clients=50
1778007849281,PUT,0,0,chordKey_32_10,clients=50
1778007849282,GET,308,2,chordKey_23_14,clients=50
1778007849284,PUT,0,0,chordKey_23_15,clients=50
1778007849284,PUT_HOP,0,2,chordKey_3_17,
1778007849287,GET,258,2,chordKey_12_15,clients=50
1778007849289,PUT,0,0,chordKey_12_16,clients=50
1778007849285,GET,277,2,chordKey_27_14,clients=50
1778007849290,PUT,0,0,chordKey_27_15,clients=50
1778007849292,PUT_HOP,0,2,chordKey_24_15,
1778007849294,GET,200,2,chordKey_24_15,clients=50
1778007849295,PUT,0,0,chordKey_24_16,clients=50
1778007849301,GET,289,2,chordKey_9_12,clients=50
1778007849303,PUT,0,0,chordKey_9_13,clients=50
1778007849305,GET,289,2,chordKey_8_16,clients=50
1778007849306,PUT,0,0,chordKey_8_17,clients=50
1778007849307,PUT_HOP,0,2,chordKey_25_15,
1778007849309,GET,298,2,chordKey_25_15,clients=50
1778007849309,PUT_HOP,0,2,chordKey_46_10,
1778007849309,PUT,0,0,chordKey_25_16,clients=50
1778007849312,GET,282,2,chordKey_33_6,clients=50
1778007849316,PUT,0,0,chordKey_33_7,clients=50
1778007849323,PUT_HOP,0,2,chordKey_21_15,
1778007849339,PUT_HOP,0,2,chordKey_45_10,
1778007849339,PUT_HOP,0,2,chordKey_33_6,
1778007849342,GET,299,2,chordKey_46_10,clients=50
1778007849343,PUT,0,0,chordKey_46_11,clients=50
1778007849343,PUT_HOP,0,2,chordKey_22_24,
1778007849344,GET,320,2,chordKey_45_10,clients=50
1778007849345,PUT,0,0,chordKey_45_11,clients=50
1778007849345,PUT_HOP,0,2,chordKey_29_16,
1778007849349,GET,160,2,chordKey_21_15,clients=50
1778007849350,PUT_HOP,0,2,chordKey_6_12,
1778007849351,PUT,0,0,chordKey_21_16,clients=50
1778007849355,GET,291,2,chordKey_22_24,clients=50
1778007849356,PUT,0,0,chordKey_22_25,clients=50
1778007849357,PUT_HOP,0,2,chordKey_28_11,
1778007849360,GET,221,2,chordKey_6_12,clients=50
1778007849361,PUT,0,0,chordKey_6_13,clients=50
1778007849368,PUT_HOP,0,2,chordKey_19_13,
1778007849371,GET,193,2,chordKey_28_11,clients=50
1778007849372,PUT,0,0,chordKey_28_12,clients=50
1778007849377,PUT_HOP,0,2,chordKey_20_18,
1778007849379,GET,298,2,chordKey_19_13,clients=50
1778007849380,PUT,0,0,chordKey_19_14,clients=50
1778007849381,PUT_HOP,0,2,chordKey_26_23,
1778007849382,GET,319,2,chordKey_29_16,clients=50
1778007849383,PUT,0,0,chordKey_29_17,clients=50
1778007849384,GET,292,2,chordKey_26_23,clients=50
1778007849385,PUT,0,0,chordKey_26_24,clients=50
1778007849389,GET,247,2,chordKey_34_14,clients=50
1778007849389,PUT_HOP,0,2,chordKey_34_14,
1778007849389,GET,276,2,chordKey_20_18,clients=50
1778007849391,PUT,0,0,chordKey_34_15,clients=50
1778007849391,PUT,0,0,chordKey_20_19,clients=50
1778007849407,GET,203,2,chordKey_5_13,clients=50
1778007849408,PUT,0,0,chordKey_5_14,clients=50
1778007849415,PUT_HOP,0,2,chordKey_5_13,
1778007849422,GET,195,2,chordKey_2_10,clients=50
1778007849423,PUT,0,0,chordKey_2_11,clients=50
1778007849424,GET,188,2,chordKey_38_12,clients=50
1778007849424,PUT_HOP,0,2,chordKey_2_10,
1778007849425,PUT,0,0,chordKey_38_13,clients=50
1778007849427,PUT_HOP,0,2,chordKey_36_11,
1778007849436,PUT_HOP,0,2,chordKey_32_10,
1778007849443,PUT_HOP,0,2,chordKey_38_12,
1778007849444,GET,195,2,chordKey_36_11,clients=50
1778007849445,PUT,0,0,chordKey_36_12,clients=50
1778007849451,PUT_HOP,0,2,chordKey_12_16,
1778007849463,PUT_HOP,0,2,chordKey_8_17,
1778007849464,PUT_HOP,0,2,chordKey_42_9,
1778007849467,GET,235,2,chordKey_42_9,clients=50
1778007849467,PUT_HOP,0,2,chordKey_3_18,
1778007849469,PUT,0,0,chordKey_42_10,clients=50
1778007849472,GET,165,2,chordKey_8_17,clients=50
1778007849473,PUT,0,0,chordKey_8_18,clients=50
1778007849477,PUT_HOP,0,2,chordKey_33_7,
1778007849478,PUT_HOP,0,2,chordKey_27_15,
1778007849483,GET,193,2,chordKey_12_16,clients=50
1778007849483,PUT_HOP,0,2,chordKey_24_16,
1778007849484,PUT,0,0,chordKey_12_17,clients=50
1778007849485,PUT_HOP,0,2,chordKey_25_16,
1778007849485,GET,169,2,chordKey_33_7,clients=50
1778007849487,PUT,0,0,chordKey_33_8,clients=50
1778007849490,GET,194,2,chordKey_24_16,clients=50
1778007849490,PUT_HOP,0,2,chordKey_46_11,
1778007849491,PUT,0,0,chordKey_24_17,clients=50
1778007849491,GET,147,2,chordKey_46_11,clients=50
1778007849492,PUT,0,0,chordKey_46_12,clients=50
1778007849493,PUT_HOP,0,2,chordKey_21_16,
1778007849495,GET,143,2,chordKey_21_16,clients=50
1778007849496,PUT,0,0,chordKey_21_17,clients=50
1778007849500,PUT_HOP,0,2,chordKey_23_15,
1778007849504,PUT_HOP,0,2,chordKey_9_13,
1778007849506,GET,195,2,chordKey_25_16,clients=50
1778007849505,PUT_HOP,0,2,chordKey_45_11,
1778007849508,PUT,0,0,chordKey_25_17,clients=50
1778007849509,PUT_HOP,0,2,chordKey_6_13,
1778007849508,GET,220,2,chordKey_23_15,clients=50
1778007849510,PUT,0,0,chordKey_23_16,clients=50
1778007849508,GET,231,2,chordKey_30_19,clients=50
1778007849508,GET,216,2,chordKey_27_15,clients=50
1778007849511,PUT_HOP,0,2,chordKey_30_19,
1778007849511,PUT,0,0,chordKey_30_20,clients=50
1778007849512,GET,230,2,chordKey_32_10,clients=50
1778007849512,PUT,0,0,chordKey_27_16,clients=50
1778007849514,PUT,0,0,chordKey_32_11,clients=50
1778007849518,GET,155,2,chordKey_6_13,clients=50
1778007849519,PUT,0,0,chordKey_6_14,clients=50
1778007849519,PUT_HOP,0,2,chordKey_22_25,
1778007849519,PUT_HOP,0,2,chordKey_19_14,
1778007849520,PUT_HOP,0,2,chordKey_28_12,
1778007849521,GET,175,2,chordKey_45_11,clients=50
1778007849522,PUT,0,0,chordKey_45_12,clients=50
1778007849521,GET,164,2,chordKey_22_25,clients=50
1778007849523,PUT,0,0,chordKey_22_26,clients=50
1778007849522,GET,218,2,chordKey_9_13,clients=50
1778007849524,PUT,0,0,chordKey_9_14,clients=50
1778007849525,PUT_HOP,0,2,chordKey_34_15,
1778007849527,GET,135,2,chordKey_34_15,clients=50
1778007849528,PUT,0,0,chordKey_34_16,clients=50
1778007849530,GET,262,2,chordKey_3_18,clients=50
1778007849531,PUT,0,0,chordKey_3_19,clients=50
1778007849537,PUT_HOP,0,2,chordKey_23_16,
1778007849543,PUT_HOP,0,2,chordKey_33_8,
1778007849545,GET,162,2,chordKey_29_17,clients=50
1778007849546,PUT,0,0,chordKey_29_18,clients=50
1778007849545,GET,34,2,chordKey_23_16,clients=50
1778007849548,PUT,0,0,chordKey_23_17,clients=50
1778007849548,PUT_HOP,0,2,chordKey_22_26,
1778007849549,GET,26,2,chordKey_22_26,clients=50
1778007849549,PUT_HOP,0,2,chordKey_42_10,
1778007849550,PUT,0,0,chordKey_22_27,clients=50
1778007849557,GET,146,2,chordKey_5_14,clients=50
1778007849557,PUT_HOP,0,2,chordKey_20_19,
1778007849559,PUT,0,0,chordKey_5_15,clients=50
1778007849559,GET,178,2,chordKey_19_14,clients=50
1778007849561,PUT,0,0,chordKey_19_15,clients=50
1778007849561,PUT_HOP,0,2,chordKey_26_24,
1778007849561,GET,74,2,chordKey_33_8,clients=50
1778007849562,GET,66,2,chordKey_21_17,clients=50
1778007849562,PUT_HOP,0,2,chordKey_21_17,
1778007849563,PUT,0,0,chordKey_21_18,clients=50
1778007849562,PUT,0,0,chordKey_33_9,clients=50
1778007849566,GET,193,2,chordKey_28_12,clients=50
1778007849567,PUT,0,0,chordKey_28_13,clients=50
1778007849587,GET,162,2,chordKey_2_11,clients=50
1778007849588,PUT,0,0,chordKey_2_12,clients=50
1778007849589,GET,197,2,chordKey_20_19,clients=50
1778007849590,PUT,0,0,chordKey_20_20,clients=50
1778007849590,GET,204,2,chordKey_26_24,clients=50
1778007849591,PUT,0,0,chordKey_26_25,clients=50
1778007849593,PUT_HOP,0,2,chordKey_29_17,
1778007849594,PUT_HOP,0,2,chordKey_5_14,
1778007849596,PUT_HOP,0,2,chordKey_2_11,
1778007849597,PUT,3087,0,chordKey_4_6,clients=50
1778007849599,PUT_HOP,0,2,chordKey_36_12,
1778007849599,GET,107,2,chordKey_24_17,clients=50
1778007849602,GET,176,2,chordKey_38_13,clients=50
1778007849602,PUT,0,0,chordKey_38_14,clients=50
1778007849602,PUT,0,0,chordKey_24_18,clients=50
1778007849604,PUT_HOP,0,2,chordKey_46_12,
1778007849607,PUT,1078,0,chordKey_41_9,clients=50
1778007849612,PUT_HOP,0,2,chordKey_8_18,
1778007849607,PUT,1039,0,chordKey_39_10,clients=50
1778007849613,PUT_HOP,0,2,chordKey_38_13,
1778007849614,GET,168,2,chordKey_36_12,clients=50
1778007849612,PUT_HOP,0,2,chordKey_6_14,
1778007849619,PUT_HOP,0,2,chordKey_27_16,
1778007849619,PUT,0,0,chordKey_36_13,clients=50
1778007849614,GET,93,2,chordKey_6_14,clients=50
1778007849621,PUT_HOP,0,2,chordKey_23_17,
1778007849611,GET,117,2,chordKey_46_12,clients=50
1778007849621,PUT,0,0,chordKey_6_15,clients=50
1778007849609,PUT,1079,0,chordKey_1_13,clients=50
1778007849622,GET,0,0,chordKey_1_13,clients=50
1778007849623,PUT,0,0,chordKey_1_14,clients=50
1778007849624,GET,0,0,chordKey_1_14,clients=50
1778007849625,PUT,0,0,chordKey_1_15,clients=50
1778007849625,PUT_HOP,0,2,chordKey_12_17,
1778007849626,GET,0,0,chordKey_1_15,clients=50
1778007849626,PUT,0,0,chordKey_1_16,clients=50
1778007849626,PUT_HOP,0,2,chordKey_33_9,
1778007849628,PUT_HOP,0,2,chordKey_21_18,
1778007849631,PUT_HOP,0,2,chordKey_30_20,
1778007849609,PUT,1078,0,chordKey_15_23,clients=50
1778007849639,GET,0,0,chordKey_15_23,clients=50
1778007849639,PUT,0,0,chordKey_15_24,clients=50
1778007849640,GET,0,0,chordKey_15_24,clients=50
1778007849640,PUT,0,0,chordKey_15_25,clients=50
1778007849641,GET,0,0,chordKey_15_25,clients=50
1778007849608,PUT,1050,0,chordKey_17_40,clients=50
1778007849642,PUT,0,0,chordKey_15_26,clients=50
1778007849642,GET,0,0,chordKey_15_26,clients=50
1778007849642,GET,118,2,chordKey_9_14,clients=50
1778007849608,PUT,1049,0,chordKey_31_13,clients=50
1778007849607,PUT,1048,0,chordKey_13_13,clients=50
1778007849607,PUT,1079,0,chordKey_37_14,clients=50
1778007849643,PUT,0,0,chordKey_9_15,clients=50
1778007849643,PUT,0,0,chordKey_15_27,clients=50
1778007849642,GET,0,0,chordKey_17_40,clients=50
1778007849647,PUT,0,0,chordKey_17_41,clients=50
1778007849648,PUT_HOP,0,2,chordKey_25_17,
1778007849638,GET,0,0,chordKey_1_16,clients=50
1778007849649,GET,0,0,chordKey_17_41,clients=50
1778007849631,GET,160,2,chordKey_42_10,clients=50
1778007849650,PUT,0,0,chordKey_17_42,clients=50
1778007849650,PUT_HOP,0,2,chordKey_9_14,
1778007849627,GET,112,2,chordKey_32_11,clients=50
1778007849623,GET,148,2,chordKey_8_18,clients=50
1778007849651,PUT_HOP,0,2,chordKey_45_12,
1778007849622,PUT,0,0,chordKey_46_13,clients=50
1778007849620,GET,105,2,chordKey_27_16,clients=50
1778007849619,GET,110,2,chordKey_25_17,clients=50
1778007849616,GET,0,0,chordKey_41_9,clients=50
1778007849651,GET,0,0,chordKey_17_42,clients=50
1778007849650,PUT,0,0,chordKey_42_11,clients=50
1778007849649,PUT,0,0,chordKey_1_17,clients=50
1778007849646,GET,0,0,chordKey_15_27,clients=50
1778007849645,GET,0,0,chordKey_37_14,clients=50
1778007849655,GET,0,0,chordKey_1_17,clients=50
1778007849658,GET,109,2,chordKey_23_17,clients=50
1778007849658,PUT,0,0,chordKey_23_18,clients=50
1778007849660,PUT_HOP,0,2,chordKey_3_19,
1778007849661,GET,175,2,chordKey_12_17,clients=50
1778007849662,PUT,0,0,chordKey_12_18,clients=50
1778007849664,PUT_HOP,0,2,chordKey_24_17,
1778007849666,GET,143,2,chordKey_45_12,clients=50
1778007849668,PUT,0,0,chordKey_45_13,clients=50
1778007849668,PUT_HOP,0,2,chordKey_22_27,
1778007849668,PUT_HOP,0,2,chordKey_14_11,
1778007849671,PUT_HOP,0,2,chordKey_31_13,
1778007849675,PUT_HOP,0,2,chordKey_40_11,
1778007849671,GET,158,2,chordKey_30_20,clients=50
1778007849671,PUT_HOP,0,2,chordKey_26_20,
1778007849679,PUT,0,0,chordKey_30_21,clients=50
1778007849679,PUT_HOP,0,2,chordKey_32_11,
1778007849679,PUT_HOP,0,2,chordKey_5_10,
1778007849678,PUT,1075,0,chordKey_35_8,clients=50
1778007849677,PUT,1070,0,chordKey_49_12,clients=50
1778007849677,PUT,1005,0,chordKey_40_12,clients=50
1778007849687,PUT,1084,0,chordKey_47_12,clients=50
1778007849687,PUT_HOP,0,2,chordKey_28_13,
1778007849689,GET,125,2,chordKey_21_18,clients=50
1778007849688,GET,137,2,chordKey_22_27,clients=50
1778007849691,PUT,0,0,chordKey_21_19,clients=50
1778007849691,PUT,0,0,chordKey_22_28,clients=50
1778007849691,PUT_HOP,0,2,chordKey_48_11,
1778007849702,PUT_HOP,0,2,chordKey_29_18,
1778007849707,GET,147,2,chordKey_5_15,clients=50
1778007849708,PUT,0,0,chordKey_5_16,clients=50
1778007849707,GET,161,2,chordKey_29_18,clients=50
1778007849713,GET,149,2,chordKey_33_9,clients=50
1778007849714,PUT,0,0,chordKey_33_10,clients=50
1778007849714,GET,1263,2,chordKey_48_11,clients=50
1778007849716,PUT,0,0,chordKey_48_12,clients=50
1778007849718,GET,1294,2,chordKey_14_11,clients=50
1778007849718,PUT_HOP,0,2,chordKey_5_15,
1778007849719,PUT,0,0,chordKey_14_12,clients=50
1778007849720,PUT_HOP,0,2,chordKey_19_15,
1778007849721,GET,189,2,chordKey_3_19,clients=50
1778007849722,PUT,0,0,chordKey_3_20,clients=50
1778007849726,PUT_HOP,0,2,chordKey_16_12,
1778007849726,GET,82,2,chordKey_31_13,clients=50
1778007849726,PUT_HOP,0,2,chordKey_6_9,
1778007849727,PUT,0,0,chordKey_31_14,clients=50
1778007849728,PUT_HOP,0,2,chordKey_2_12,
1778007849732,GET,1320,2,chordKey_16_12,clients=50
1778007849741,GET,180,2,chordKey_19_15,clients=50
1778007849742,PUT,0,0,chordKey_19_16,clients=50
1778007849753,PUT_HOP,0,2,chordKey_18_9,
1778007849753,PUT_HOP,0,2,chordKey_37_12,
1778007849754,PUT_HOP,0,2,chordKey_1_12,
1778007849757,PUT_HOP,0,2,chordKey_20_20,
1778007849758,PUT_HOP,0,2,chordKey_17_19,
1778007849768,PUT_HOP,0,2,chordKey_30_16,
1778007849778,PUT_HOP,0,2,chordKey_17_28,
1778007849783,GET,192,2,chordKey_20_20,clients=50
1778007849784,PUT,0,0,chordKey_20_21,clients=50
1778007849794,PUT_HOP,0,2,chordKey_13_13,
1778007849794,GET,1235,2,chordKey_10_4,clients=50
1778007849794,PUT_HOP,0,2,chordKey_11_4,
1778007849797,PUT_HOP,0,2,chordKey_41_9,
1778007849800,GET,208,2,chordKey_26_25,clients=50
1778007849801,PUT,0,0,chordKey_26_26,clients=50
1778007849809,PUT_HOP,0,2,chordKey_17_25,
1778007849828,GET,3334,2,chordKey_0_9,clients=50
1778007849829,PUT,0,0,chordKey_0_10,clients=50
1778007849839,GET,221,2,chordKey_39_10,clients=50
1778007849840,PUT,0,0,chordKey_39_11,clients=50
1778007849848,PUT_HOP,0,2,chordKey_1_13,
1778007849850,PUT_HOP,0,2,chordKey_1_14,
1778007849850,PUT_HOP,0,2,chordKey_36_13,
1778007849851,GET,262,2,chordKey_2_12,clients=50
1778007849852,PUT,0,0,chordKey_2_13,clients=50
1778007849872,PUT_HOP,0,2,chordKey_15_26,
1778007849876,PUT_HOP,0,2,chordKey_1_16,
1778007849886,GET,227,2,chordKey_23_18,clients=50
1778007849887,PUT,0,0,chordKey_23_19,clients=50
1778007849887,PUT_HOP,0,2,chordKey_22_28,
1778007849891,GET,1227,2,chordKey_44_14,clients=50
1778007849892,PUT,0,0,chordKey_44_15,clients=50
1778007849897,PUT_HOP,0,2,chordKey_35_8,
1778007849898,GET,218,2,chordKey_35_8,clients=50
1778007849900,PUT,0,0,chordKey_35_9,clients=50
1778007849904,GET,242,2,chordKey_12_18,clients=50
1778007849906,PUT,0,0,chordKey_12_19,clients=50
1778007849907,PUT_HOP,0,2,chordKey_1_17,
1778007849908,GET,263,2,chordKey_13_13,clients=50
1778007849908,PUT,0,0,chordKey_13_14,clients=50
1778007849911,PUT_HOP,0,2,chordKey_15_23,
1778007849911,PUT_HOP,0,2,chordKey_30_21,
1778007849912,PUT_HOP,0,2,chordKey_17_40,
1778007849912,GET,235,2,chordKey_45_13,clients=50
1778007849913,PUT_HOP,0,2,chordKey_40_12,
1778007849914,PUT_HOP,0,2,chordKey_49_12,
1778007849913,GET,1415,2,chordKey_18_9,clients=50
1778007849914,PUT,0,0,chordKey_45_14,clients=50
1778007849914,PUT_HOP,0,2,chordKey_9_15,
1778007849916,GET,312,2,chordKey_38_14,clients=50
1778007849916,PUT_HOP,0,2,chordKey_21_19,
1778007849917,PUT,0,0,chordKey_38_15,clients=50
1778007849914,PUT,0,0,chordKey_18_10,clients=50
1778007849919,PUT_HOP,0,2,chordKey_45_13,
1778007849919,PUT_HOP,0,2,chordKey_47_12,
1778007849931,PUT_HOP,0,2,chordKey_6_15,
1778007849937,GET,245,2,chordKey_22_28,clients=50
1778007849933,PUT_HOP,0,2,chordKey_17_42,
1778007849938,GET,258,2,chordKey_30_21,clients=50
1778007849938,PUT,0,0,chordKey_22_29,clients=50
1778007849939,PUT_HOP,0,2,chordKey_17_41,
1778007849940,GET,248,2,chordKey_21_19,clients=50
1778007849942,PUT,0,0,chordKey_21_20,clients=50
1778007849939,PUT,0,0,chordKey_30_22,clients=50
1778007849944,GET,321,2,chordKey_6_15,clients=50
1778007849944,PUT_HOP,0,2,chordKey_17_26,
1778007849946,GET,345,2,chordKey_4_6,clients=50
1778007849946,PUT,0,0,chordKey_6_16,clients=50
1778007849947,PUT,0,0,chordKey_4_7,clients=50
1778007849949,PUT_HOP,0,2,chordKey_14_12,
1778007849951,PUT_HOP,0,2,chordKey_5_16,
1778007849952,GET,262,2,chordKey_47_12,clients=50
1778007849953,PUT_HOP,0,2,chordKey_48_12,
1778007849953,PUT,0,0,chordKey_47_13,clients=50
1778007849958,GET,243,2,chordKey_33_10,clients=50
1778007849958,PUT_HOP,0,2,chordKey_33_10,
1778007849959,PUT,0,0,chordKey_33_11,clients=50
1778007849960,GET,217,2,chordKey_19_16,clients=50
1778007849960,PUT_HOP,0,2,chordKey_31_14,
1778007849961,PUT,0,0,chordKey_19_17,clients=50
1778007849962,PUT_HOP,0,1,chordKey_12_19,
1778007849966,PUT_HOP,0,2,chordKey_19_16,
1778007849968,GET,62,1,chordKey_12_19,clients=50
1778007849970,PUT,0,0,chordKey_12_20,clients=50
1778007849972,GET,187,2,chordKey_20_21,clients=50
1778007849974,PUT,0,0,chordKey_20_22,clients=50
1778007849977,GET,257,2,chordKey_14_12,clients=50
1778007849978,PUT,0,0,chordKey_14_13,clients=50
1778007849978,PUT_HOP,0,2,chordKey_3_20,
1778007849979,GET,256,2,chordKey_3_20,clients=50
1778007849980,PUT,0,0,chordKey_3_21,clients=50
1778007849986,PUT_HOP,0,2,chordKey_20_21,
1778007849989,PUT_HOP,0,2,chordKey_26_26,
1778007849997,PUT_HOP,0,2,chordKey_35_9,
1778007850003,PUT_HOP,0,2,chordKey_23_19,
1778007850004,GET,101,2,chordKey_35_9,clients=50
1778007850004,PUT_HOP,0,2,chordKey_0_10,
1778007850004,PUT_HOP,0,2,chordKey_2_13,
1778007850005,GET,174,2,chordKey_0_10,clients=50
1778007850006,PUT,0,0,chordKey_35_10,clients=50
1778007850006,PUT,0,0,chordKey_0_11,clients=50
1778007850007,GET,119,2,chordKey_23_19,clients=50
1778007850007,PUT,0,0,chordKey_23_20,clients=50
1778007850015,PUT_HOP,0,2,chordKey_44_15,
1778007850018,PUT_HOP,0,2,chordKey_38_15,
1778007850019,PUT_HOP,0,2,chordKey_22_29,
1778007850024,GET,83,2,chordKey_22_29,clients=50
1778007850025,PUT,0,0,chordKey_22_30,clients=50
1778007850024,GET,106,2,chordKey_38_15,clients=50
1778007850026,GET,133,2,chordKey_44_15,clients=50
1778007850030,PUT,0,0,chordKey_44_16,clients=50
1778007850030,PUT_HOP,0,2,chordKey_21_20,
1778007850028,PUT,0,0,chordKey_38_16,clients=50
1778007850033,PUT_HOP,0,2,chordKey_18_10,
1778007850034,GET,91,2,chordKey_21_20,clients=50
1778007850035,PUT,0,0,chordKey_21_21,clients=50
1778007850036,GET,195,2,chordKey_39_11,clients=50
1778007850037,PUT,0,0,chordKey_39_12,clients=50
1778007850038,PUT_HOP,0,2,chordKey_45_14,
1778007850038,PUT_HOP,0,2,chordKey_39_11,
1778007850040,GET,121,2,chordKey_18_10,clients=50
1778007850041,PUT,0,0,chordKey_18_11,clients=50
1778007850043,PUT_HOP,0,2,chordKey_13_14,
1778007850046,PUT_HOP,0,2,chordKey_30_22,
1778007850046,GET,137,2,chordKey_13_14,clients=50
1778007850047,GET,104,2,chordKey_30_22,clients=50
1778007850048,PUT,0,0,chordKey_30_23,clients=50
1778007850047,GET,130,2,chordKey_45_14,clients=50
1778007850049,PUT,0,0,chordKey_45_15,clients=50
1778007850047,PUT,0,0,chordKey_13_15,clients=50
1778007850051,PUT_HOP,0,2,chordKey_6_16,
1778007850052,PUT_HOP,0,2,chordKey_4_7,
1778007850052,GET,104,2,chordKey_4_7,clients=50
1778007850052,PUT_HOP,0,2,chordKey_33_11,
1778007850053,PUT,0,0,chordKey_4_8,clients=50
1778007850063,PUT_HOP,0,2,chordKey_47_13,
1778007850063,PUT_HOP,0,2,chordKey_19_17,
1778007850065,GET,105,2,chordKey_33_11,clients=50
1778007850066,PUT,0,0,chordKey_33_12,clients=50
1778007850068,GET,121,2,chordKey_6_16,clients=50
1778007850069,PUT,0,0,chordKey_6_17,clients=50
1778007850080,PUT_HOP,0,2,chordKey_14_13,
1778007850082,GET,103,2,chordKey_14_13,clients=50
1778007850083,PUT,0,0,chordKey_14_14,clients=50
1778007850089,PUT_HOP,0,2,chordKey_3_21,
1778007850091,GET,121,2,chordKey_12_20,clients=50
1778007850092,GET,130,2,chordKey_19_17,clients=50
1778007850093,PUT,0,0,chordKey_19_18,clients=50
1778007850092,PUT,0,0,chordKey_12_21,clients=50
1778007850107,PUT_HOP,0,2,chordKey_20_22,
1778007850109,GET,155,2,chordKey_47_13,clients=50
1778007850110,PUT,0,0,chordKey_47_14,clients=50
1778007850110,PUT_HOP,0,2,chordKey_12_20,
1778007850111,GET,130,2,chordKey_3_21,clients=50
1778007850112,PUT,0,0,chordKey_3_22,clients=50
1778007850112,GET,136,2,chordKey_20_22,clients=50
1778007850112,PUT_HOP,0,2,chordKey_35_10,
1778007850113,PUT,0,0,chordKey_20_23,clients=50
1778007850114,PUT_HOP,0,2,chordKey_23_20,
1778007850119,PUT_HOP,0,2,chordKey_0_11,
1778007850120,PUT_HOP,0,2,chordKey_30_23,
1778007850121,GET,72,2,chordKey_30_23,clients=50
1778007850124,GET,117,2,chordKey_0_11,clients=50
1778007850123,GET,116,2,chordKey_35_10,clients=50
1778007850127,PUT,0,0,chordKey_0_12,clients=50
1778007850127,PUT,0,0,chordKey_30_24,clients=50
1778007850127,PUT,0,0,chordKey_35_11,clients=50
1778007850138,GET,130,2,chordKey_23_20,clients=50
1778007850139,PUT,0,0,chordKey_23_21,clients=50
1778007850142,PUT_HOP,0,2,chordKey_38_16,
1778007850145,PUT_HOP,0,2,chordKey_44_16,
1778007850147,GET,115,2,chordKey_44_16,clients=50
1778007850148,PUT,0,0,chordKey_44_17,clients=50
1778007850149,PUT_HOP,0,2,chordKey_22_30,
1778007850153,GET,127,2,chordKey_22_30,clients=50
1778007850154,PUT,0,0,chordKey_22_31,clients=50
1778007850158,PUT_HOP,0,2,chordKey_13_15,
1778007850159,PUT_HOP,0,2,chordKey_18_11,
1778007850160,GET,118,2,chordKey_18_11,clients=50
1778007850162,PUT,0,0,chordKey_18_12,clients=50
1778007850163,PUT_HOP,0,2,chordKey_21_21,
1778007850165,GET,133,2,chordKey_38_16,clients=50
1778007850166,PUT,0,0,chordKey_38_17,clients=50
1778007850167,GET,130,2,chordKey_21_21,clients=50
1778007850167,PUT_HOP,0,2,chordKey_39_12,
1778007850167,PUT,0,0,chordKey_21_22,clients=50
1778007850170,GET,132,2,chordKey_39_12,clients=50
1778007850171,PUT,0,0,chordKey_39_13,clients=50
1778007850172,GET,118,2,chordKey_4_8,clients=50
1778007850173,PUT,0,0,chordKey_4_9,clients=50
1778007850174,PUT_HOP,0,2,chordKey_45_15,
1778007850174,GET,123,2,chordKey_13_15,clients=50
1778007850174,GET,124,2,chordKey_45_15,clients=50
1778007850175,PUT,0,0,chordKey_13_16,clients=50
1778007850175,PUT,0,0,chordKey_45_16,clients=50
1778007850177,PUT_HOP,0,2,chordKey_4_8,
1778007850191,PUT_HOP,0,2,chordKey_14_14,
1778007850195,GET,111,2,chordKey_14_14,clients=50
1778007850197,PUT,0,0,chordKey_14_15,clients=50
1778007850200,GET,132,2,chordKey_33_12,clients=50
1778007850200,PUT_HOP,0,2,chordKey_12_21,
1778007850200,PUT,0,0,chordKey_33_13,clients=50
1778007850208,GET,138,2,chordKey_6_17,clients=50
1778007850208,PUT_HOP,0,2,chordKey_19_18,
1778007850208,PUT_HOP,0,2,chordKey_6_17,
1778007850209,PUT_HOP,0,2,chordKey_3_22,
1778007850208,GET,114,2,chordKey_19_18,clients=50
1778007850210,PUT,0,0,chordKey_6_18,clients=50
1778007850210,PUT,0,0,chordKey_19_19,clients=50
1778007850212,PUT_HOP,0,2,chordKey_30_24,
1778007850213,GET,100,2,chordKey_3_22,clients=50
1778007850214,GET,85,2,chordKey_30_24,clients=50
1778007850214,PUT,0,0,chordKey_30_25,clients=50
1778007850214,PUT,0,0,chordKey_3_23,clients=50
1778007850216,PUT_HOP,0,2,chordKey_33_12,
1778007850227,PUT_HOP,0,2,chordKey_47_14,
1778007850234,GET,139,2,chordKey_12_21,clients=50
1778007850235,PUT,0,0,chordKey_12_22,clients=50
1778007850236,GET,125,2,chordKey_47_14,clients=50
1778007850236,PUT,0,0,chordKey_47_15,clients=50
1778007850237,PUT_HOP,0,2,chordKey_45_16,
1778007850238,GET,123,2,chordKey_20_23,clients=50
1778007850238,PUT_HOP,0,2,chordKey_35_11,
1778007850238,PUT,0,0,chordKey_20_24,clients=50
1778007850239,PUT_HOP,0,2,chordKey_20_23,
1778007850242,GET,66,2,chordKey_45_16,clients=50
1778007850243,PUT,0,0,chordKey_45_17,clients=50
1778007850266,GET,136,2,chordKey_35_11,clients=50
1778007850267,PUT,0,0,chordKey_35_12,clients=50
1778007850272,GET,105,2,chordKey_38_17,clients=50
1778007850273,PUT,0,0,chordKey_38_18,clients=50
1778007850278,PUT_HOP,0,2,chordKey_0_12,
1778007850278,GET,139,2,chordKey_23_21,clients=50
1778007850278,PUT_HOP,0,2,chordKey_23_21,
1778007850279,PUT_HOP,0,2,chordKey_20_24,
1778007850280,PUT,0,0,chordKey_23_22,clients=50
1778007850280,PUT_HOP,0,2,chordKey_30_25,
1778007850283,PUT_HOP,0,2,chordKey_22_31,
1778007850285,GET,130,2,chordKey_22_31,clients=50
1778007850287,PUT,0,0,chordKey_22_32,clients=50
1778007850287,GET,159,2,chordKey_0_12,clients=50
1778007850288,GET,114,2,chordKey_4_9,clients=50
1778007850288,PUT,0,0,chordKey_0_13,clients=50
1778007850289,PUT_HOP,0,2,chordKey_4_9,
1778007850289,PUT,0,0,chordKey_4_10,clients=50
1778007850289,PUT_HOP,0,2,chordKey_18_12,
1778007850289,GET,140,2,chordKey_44_17,clients=50
1778007850289,GET,127,2,chordKey_18_12,clients=50
1778007850291,PUT,0,0,chordKey_18_13,clients=50
1778007850292,GET,120,2,chordKey_39_13,clients=50
1778007850290,PUT,0,0,chordKey_44_18,clients=50
1778007850292,PUT,0,0,chordKey_39_14,clients=50
1778007850292,PUT_HOP,0,2,chordKey_39_13,
1778007850286,PUT_HOP,0,2,chordKey_38_17,
1778007850300,PUT_HOP,0,2,chordKey_21_22,
1778007850301,GET,132,2,chordKey_21_22,clients=50
1778007850303,PUT,0,0,chordKey_21_23,clients=50
1778007850305,GET,90,2,chordKey_30_25,clients=50
1778007850306,PUT,0,0,chordKey_30_26,clients=50
1778007850307,PUT_HOP,0,2,chordKey_3_23,
1778007850308,PUT_HOP,0,2,chordKey_44_17,
1778007850311,PUT_HOP,0,2,chordKey_45_17,
1778007850311,GET,112,2,chordKey_14_15,clients=50
1778007850307,PUT_HOP,0,2,chordKey_6_18,
1778007850312,PUT,0,0,chordKey_14_16,clients=50
1778007850312,PUT_HOP,0,2,chordKey_13_16,
1778007850307,GET,95,2,chordKey_6_18,clients=50
1778007850314,PUT,0,0,chordKey_6_19,clients=50
1778007850306,GET,131,2,chordKey_13_16,clients=50
1778007850312,GET,72,2,chordKey_20_24,clients=50
1778007850316,PUT,0,0,chordKey_13_17,clients=50
1778007850316,PUT,0,0,chordKey_20_25,clients=50
1778007850322,PUT_HOP,0,2,chordKey_14_15,
1778007850337,PUT_HOP,0,2,chordKey_19_19,
1778007850338,GET,126,2,chordKey_19_19,clients=50
1778007850339,PUT,0,0,chordKey_19_20,clients=50
1778007850340,GET,139,2,chordKey_33_13,clients=50
1778007850341,PUT,0,0,chordKey_33_14,clients=50
1778007850343,GET,126,2,chordKey_3_23,clients=50
1778007850343,PUT_HOP,0,1,chordKey_44_18,
1778007850344,PUT,0,0,chordKey_3_24,clients=50
1778007850347,PUT_HOP,0,2,chordKey_12_22,
1778007850348,GET,113,2,chordKey_12_22,clients=50
1778007850349,PUT_HOP,0,2,chordKey_47_15,
1778007850349,PUT,0,0,chordKey_12_23,clients=50
1778007850354,GET,61,1,chordKey_44_18,clients=50
1778007850354,PUT,0,0,chordKey_44_19,clients=50
1778007850363,GET,119,2,chordKey_45_17,clients=50
1778007850367,PUT,0,0,chordKey_45_18,clients=50
1778007850373,PUT_HOP,0,2,chordKey_33_13,
1778007850377,PUT_HOP,0,2,chordKey_13_17,
1778007850381,PUT_HOP,0,2,chordKey_35_12,
1778007850385,GET,68,2,chordKey_13_17,clients=50
1778007850386,PUT,0,0,chordKey_13_18,clients=50
1778007850386,PUT_HOP,0,2,chordKey_23_22,
1778007850389,PUT_HOP,0,2,chordKey_38_18,
1778007850391,PUT_HOP,0,2,chordKey_22_32,
1778007850391,GET,154,2,chordKey_47_15,clients=50
1778007850392,PUT,0,0,chordKey_47_16,clients=50
1778007850393,GET,118,2,chordKey_38_18,clients=50
1778007850395,PUT,1,0,chordKey_38_19,clients=50
1778007850392,GET,111,2,chordKey_23_22,clients=50
1778007850397,PUT,0,0,chordKey_23_23,clients=50
1778007850393,GET,105,2,chordKey_22_32,clients=50
1778007850399,PUT,0,0,chordKey_22_33,clients=50
1778007850411,PUT_HOP,0,2,chordKey_0_13,
1778007850415,PUT_HOP,0,2,chordKey_30_26,
1778007850417,PUT_HOP,0,2,chordKey_4_10,
1778007850419,PUT_HOP,0,2,chordKey_21_23,
1778007850422,GET,117,2,chordKey_21_23,clients=50
1778007850422,PUT,0,0,chordKey_21_24,clients=50
1778007850424,PUT_HOP,0,2,chordKey_39_14,
1778007850426,GET,132,2,chordKey_39_14,clients=50
1778007850427,PUT,0,0,chordKey_39_15,clients=50
1778007850429,GET,161,2,chordKey_35_12,clients=50
1778007850430,PUT,0,0,chordKey_35_13,clients=50
1778007850433,PUT_HOP,0,2,chordKey_14_16,
1778007850439,GET,127,2,chordKey_30_26,clients=50
1778007850440,PUT,0,0,chordKey_30_27,clients=50
1778007850445,GET,131,2,chordKey_14_16,clients=50
1778007850446,PUT,0,0,chordKey_14_17,clients=50
1778007850457,PUT_HOP,0,2,chordKey_20_25,
1778007850464,GET,114,2,chordKey_12_23,clients=50
1778007850465,PUT,0,0,chordKey_12_24,clients=50
1778007850469,GET,127,2,chordKey_33_14,clients=50
1778007850469,PUT_HOP,0,2,chordKey_45_18,
1778007850470,PUT_HOP,0,2,chordKey_12_23,
1778007850471,PUT,0,0,chordKey_33_15,clients=50
1778007850472,PUT_HOP,0,2,chordKey_33_14,
1778007850475,PUT_HOP,0,2,chordKey_13_18,
1778007850469,GET,152,2,chordKey_20_25,clients=50
1778007850476,GET,186,2,chordKey_4_10,clients=50
1778007850477,PUT_HOP,0,2,chordKey_44_19,
1778007850478,PUT,0,0,chordKey_20_26,clients=50
1778007850476,GET,108,2,chordKey_45_18,clients=50
1778007850479,PUT,0,0,chordKey_45_19,clients=50
1778007850474,GET,87,2,chordKey_13_18,clients=50
1778007850480,GET,125,2,chordKey_44_19,clients=50
1778007850478,PUT,0,0,chordKey_4_11,clients=50
1778007850481,PUT_HOP,0,2,chordKey_23_23,
1778007850481,PUT,0,0,chordKey_44_20,clients=50
1778007850480,PUT,0,0,chordKey_13_19,clients=50
1778007850484,GET,84,2,chordKey_22_33,clients=50
1778007850487,PUT,0,0,chordKey_22_34,clients=50
1778007850488,GET,90,2,chordKey_23_23,clients=50
1778007850488,PUT_HOP,0,2,chordKey_30_27,
1778007850488,PUT_HOP,0,2,chordKey_22_33,
1778007850489,PUT,0,0,chordKey_23_24,clients=50
1778007850489,GET,49,2,chordKey_30_27,clients=50
1778007850491,PUT,0,0,chordKey_30_28,clients=50
1778007850496,PUT_HOP,0,2,chordKey_33_15,
1778007850498,GET,105,2,chordKey_47_16,clients=50
1778007850497,PUT_HOP,0,2,chordKey_47_16,
1778007850499,PUT,0,0,chordKey_47_17,clients=50
1778007850501,GET,209,2,chordKey_18_13,clients=50
1778007850502,PUT,0,0,chordKey_18_14,clients=50
1778007850507,GET,76,2,chordKey_35_13,clients=50
1778007850508,PUT,0,0,chordKey_35_14,clients=50
1778007850509,GET,32,2,chordKey_33_15,clients=50
1778007850509,PUT_HOP,0,2,chordKey_38_19,
1778007850510,PUT,0,0,chordKey_33_16,clients=50
1778007850510,GET,221,2,chordKey_0_13,clients=50
1778007850511,PUT_HOP,0,2,chordKey_35_13,
1778007850512,PUT,0,0,chordKey_0_14,clients=50
1778007850513,GET,116,2,chordKey_38_19,clients=50
1778007850514,PUT,0,0,chordKey_38_20,clients=50
1778007850517,PUT_HOP,0,2,chordKey_21_24,
1778007850522,PUT_HOP,0,2,chordKey_39_15,
1778007850528,PUT_HOP,0,2,chordKey_6_19,
1778007850530,PUT_HOP,0,2,chordKey_19_20,
1778007850530,GET,215,2,chordKey_6_19,clients=50
1778007850531,PUT_HOP,0,2,chordKey_18_13,
1778007850531,PUT,0,0,chordKey_6_20,clients=50
1778007850536,PUT_HOP,0,2,chordKey_12_24,
1778007850546,GET,118,2,chordKey_39_15,clients=50
1778007850547,PUT_HOP,0,2,chordKey_3_24,
1778007850547,PUT,0,0,chordKey_39_16,clients=50
1778007850549,PUT_HOP,0,2,chordKey_45_19,
1778007850549,GET,205,2,chordKey_3_24,clients=50
1778007850551,PUT_HOP,0,2,chordKey_20_26,
1778007850552,PUT,0,0,chordKey_3_25,clients=50
1778007850549,GET,209,2,chordKey_19_20,clients=50
1778007850554,PUT,0,0,chordKey_19_21,clients=50
1778007850554,GET,130,2,chordKey_21_24,clients=50
1778007850556,PUT,0,0,chordKey_21_25,clients=50
1778007850558,GET,92,2,chordKey_12_24,clients=50
1778007850559,PUT,0,0,chordKey_12_25,clients=50
1778007850567,PUT_HOP,0,2,chordKey_4_11,
1778007850570,GET,90,2,chordKey_45_19,clients=50
1778007850571,PUT,0,0,chordKey_45_20,clients=50
1778007850571,PUT_HOP,0,2,chordKey_13_19,
1778007850584,GET,100,2,chordKey_13_19,clients=50
1778007850584,GET,106,2,chordKey_20_26,clients=50
1778007850585,PUT,0,0,chordKey_13_20,clients=50
1778007850585,PUT,0,0,chordKey_20_27,clients=50
1778007850587,GET,105,2,chordKey_4_11,clients=50
1778007850588,PUT,0,0,chordKey_4_12,clients=50
1778007850589,GET,107,2,chordKey_44_20,clients=50
1778007850590,PUT,0,0,chordKey_44_21,clients=50
1778007850600,PUT_HOP,0,2,chordKey_44_20,
1778007850600,PUT_HOP,0,2,chordKey_30_28,
1778007850603,PUT_HOP,0,2,chordKey_14_17,
1778007850607,GET,160,2,chordKey_14_17,clients=50
1778007850608,PUT,0,0,chordKey_14_18,clients=50
1778007850608,GET,116,2,chordKey_30_28,clients=50
1778007850609,PUT,0,0,chordKey_30_29,clients=50
1778007850611,PUT_HOP,0,2,chordKey_23_24,
1778007850614,PUT_HOP,0,2,chordKey_18_14,
1778007850615,PUT_HOP,0,2,chordKey_22_34,
1778007850619,GET,129,2,chordKey_23_24,clients=50
1778007850620,PUT,0,0,chordKey_23_25,clients=50
1778007850624,GET,123,2,chordKey_47_17,clients=50
1778007850625,PUT,0,0,chordKey_47_18,clients=50
1778007850626,PUT_HOP,0,2,chordKey_33_16,
1778007850630,PUT_HOP,0,2,chordKey_47_17,
1778007850631,PUT_HOP,0,2,chordKey_35_14,
1778007850634,GET,123,2,chordKey_33_16,clients=50
1778007850635,PUT,0,0,chordKey_33_17,clients=50
1778007850651,GET,162,2,chordKey_22_34,clients=50
1778007850652,PUT,0,0,chordKey_22_35,clients=50
1778007850655,PUT_HOP,0,2,chordKey_0_14,
1778007850658,GET,155,2,chordKey_18_14,clients=50
1778007850659,PUT,0,0,chordKey_18_15,clients=50
1778007850663,GET,150,2,chordKey_0_14,clients=50
1778007850664,PUT,0,0,chordKey_0_15,clients=50
1778007850688,PUT_HOP,0,2,chordKey_47_18,
1778007850689,GET,174,2,chordKey_38_20,clients=50
1778007850691,PUT,0,0,chordKey_38_21,clients=50
1778007850706,PUT_HOP,0,2,chordKey_34_16,
1778007850712,GET,84,2,chordKey_47_18,clients=50
1778007850713,GET,203,2,chordKey_35_14,clients=50
1778007850713,PUT_HOP,0,2,chordKey_6_20,
1778007850713,PUT,0,0,chordKey_47_19,clients=50
1778007850714,PUT,0,0,chordKey_35_15,clients=50
1778007850714,PUT_HOP,0,2,chordKey_20_27,
1778007850715,GET,164,2,chordKey_39_16,clients=50
1778007850715,PUT_HOP,0,2,chordKey_38_20,
1778007850716,PUT,0,0,chordKey_39_17,clients=50
1778007850718,PUT,1066,0,chordKey_32_12,clients=50
1778007850718,PUT_HOP,0,2,chordKey_23_25,
1778007850717,PUT,1062,0,chordKey_15_28,clients=50
1778007850717,GET,131,2,chordKey_20_27,clients=50
1778007850720,PUT_HOP,0,2,chordKey_33_17,
1778007850721,PUT,0,0,chordKey_20_28,clients=50
1778007850722,PUT_HOP,0,2,chordKey_3_25,
1778007850717,PUT,1061,0,chordKey_37_15,clients=50
1778007850717,PUT,1065,0,chordKey_8_19,clients=50
1778007850717,PUT,1060,0,chordKey_1_18,clients=50
1778007850724,GET,0,0,chordKey_1_18,clients=50
1778007850725,PUT_HOP,0,2,chordKey_39_16,
1778007850725,PUT_HOP,0,2,chordKey_21_25,
1778007850727,PUT,0,0,chordKey_1_19,clients=50
1778007850728,GET,0,0,chordKey_1_19,clients=50
1778007850732,PUT,0,0,chordKey_1_20,clients=50
1778007850733,GET,0,0,chordKey_1_20,clients=50
1778007850734,PUT,0,0,chordKey_1_21,clients=50
1778007850734,GET,0,0,chordKey_1_21,clients=50
1778007850734,GET,202,2,chordKey_6_20,clients=50
1778007850735,PUT,0,0,chordKey_6_21,clients=50
1778007850717,PUT,1063,0,chordKey_17_43,clients=50
1778007850737,GET,0,0,chordKey_17_43,clients=50
1778007850741,PUT,0,0,chordKey_17_44,clients=50
1778007850742,GET,0,0,chordKey_17_44,clients=50
1778007850743,PUT,0,0,chordKey_17_45,clients=50
1778007850743,GET,0,0,chordKey_17_45,clients=50
1778007850744,PUT,0,0,chordKey_17_46,clients=50
1778007850745,GET,0,0,chordKey_17_46,clients=50
1778007850746,PUT,0,0,chordKey_17_47,clients=50
1778007850746,GET,0,0,chordKey_17_47,clients=50
1778007850747,PUT_HOP,0,2,chordKey_19_21,
1778007850747,PUT,0,0,chordKey_17_48,clients=50
1778007850748,GET,0,0,chordKey_17_48,clients=50
1778007850748,GET,191,2,chordKey_21_25,clients=50
1778007850748,PUT_HOP,0,2,chordKey_12_25,
1778007850749,PUT,0,0,chordKey_21_26,clients=50
1778007850749,PUT_HOP,0,2,chordKey_44_21,
1778007850716,PUT,1007,0,chordKey_29_19,clients=50
1778007850716,PUT,1063,0,chordKey_25_18,clients=50
1778007850716,PUT,1063,0,chordKey_41_10,clients=50
1778007850716,PUT,1063,0,chordKey_27_17,clients=50
1778007850752,GET,0,0,chordKey_41_10,clients=50
1778007850754,PUT,0,0,chordKey_41_11,clients=50
1778007850754,GET,0,0,chordKey_41_11,clients=50
1778007850755,PUT,0,0,chordKey_41_12,clients=50
1778007850755,GET,0,0,chordKey_41_12,clients=50
1778007850756,PUT,0,0,chordKey_41_13,clients=50
1778007850759,PUT_HOP,0,2,chordKey_14_18,
1778007850761,GET,0,0,chordKey_41_13,clients=50
1778007850762,PUT,0,0,chordKey_41_14,clients=50
1778007850763,GET,0,0,chordKey_41_14,clients=50
1778007850764,PUT,0,0,chordKey_41_15,clients=50
1778007850765,GET,0,0,chordKey_41_15,clients=50
1778007850766,PUT,0,0,chordKey_41_16,clients=50
1778007850766,GET,0,0,chordKey_41_16,clients=50
1778007850767,PUT,0,0,chordKey_41_17,clients=50
1778007850768,GET,0,0,chordKey_41_17,clients=50
1778007850769,PUT,0,0,chordKey_41_18,clients=50
1778007850769,PUT_HOP,0,2,chordKey_25_18,
1778007850770,GET,0,0,chordKey_41_18,clients=50
1778007850770,PUT,0,0,chordKey_41_19,clients=50
1778007850771,GET,0,0,chordKey_41_19,clients=50
1778007850772,PUT,0,0,chordKey_41_20,clients=50
1778007850772,GET,0,0,chordKey_41_20,clients=50
1778007850773,PUT,0,0,chordKey_41_21,clients=50
1778007850777,PUT_HOP,0,2,chordKey_4_12,
1778007850778,GET,0,0,chordKey_41_21,clients=50
1778007850779,PUT,0,0,chordKey_41_22,clients=50
1778007850779,GET,0,0,chordKey_41_22,clients=50
1778007850781,PUT,0,0,chordKey_41_23,clients=50
1778007850781,PUT_HOP,0,2,chordKey_47_19,
1778007850781,GET,0,0,chordKey_41_23,clients=50
1778007850782,PUT,0,0,chordKey_41_24,clients=50
1778007850783,GET,0,0,chordKey_41_24,clients=50
1778007850783,PUT,0,0,chordKey_41_25,clients=50
1778007850783,PUT_HOP,0,2,chordKey_13_20,
1778007850784,GET,0,0,chordKey_41_25,clients=50
1778007850785,PUT,0,0,chordKey_41_26,clients=50
1778007850785,PUT_HOP,0,2,chordKey_37_14,
1778007850785,GET,0,0,chordKey_41_26,clients=50
1778007850786,PUT,0,0,chordKey_41_27,clients=50
1778007850786,GET,0,0,chordKey_41_27,clients=50
1778007850787,PUT,0,0,chordKey_41_28,clients=50
1778007850787,GET,0,0,chordKey_41_28,clients=50
1778007850788,PUT,0,0,chordKey_41_29,clients=50
1778007850788,GET,0,0,chordKey_41_29,clients=50
1778007850789,PUT,0,0,chordKey_41_30,clients=50
1778007850789,GET,0,0,chordKey_41_30,clients=50
1778007850790,PUT,0,0,chordKey_41_31,clients=50
1778007850790,GET,0,0,chordKey_41_31,clients=50
1778007850748,GET,196,2,chordKey_3_25,clients=50
1778007850748,PUT,0,0,chordKey_17_49,clients=50
1778007850792,GET,0,0,chordKey_17_49,clients=50
1778007850734,PUT,0,0,chordKey_1_22,clients=50
1778007850794,GET,0,0,chordKey_1_22,clients=50
1778007850795,PUT_HOP,0,2,chordKey_45_20,
1778007850795,PUT,0,0,chordKey_1_23,clients=50
1778007850796,GET,0,0,chordKey_1_23,clients=50
1778007850725,GET,1196,2,chordKey_34_16,clients=50
1778007850723,GET,0,0,chordKey_37_15,clients=50
1778007850797,GET,209,2,chordKey_4_12,clients=50
1778007850720,GET,99,2,chordKey_23_25,clients=50
1778007850719,GET,0,0,chordKey_15_28,clients=50
1778007850798,GET,222,2,chordKey_45_20,clients=50
1778007850797,GET,211,2,chordKey_13_20,clients=50
1778007850769,GET,178,2,chordKey_44_21,clients=50
1778007850758,GET,149,2,chordKey_14_18,clients=50
1778007850753,GET,199,2,chordKey_19_21,clients=50
1778007850753,GET,194,2,chordKey_12_25,clients=50
1778007850809,PUT_HOP,0,2,chordKey_39_10,
1778007850809,PUT_HOP,0,2,chordKey_1_15,
1778007850811,PUT_HOP,0,2,chordKey_30_29,
1778007850820,PUT_HOP,0,2,chordKey_26_25,
1778007850830,GET,1262,2,chordKey_28_13,clients=50
1778007850831,GET,2285,2,chordKey_11_4,clients=50
1778007850836,PUT_HOP,0,2,chordKey_4_6,
1778007850865,PUT_HOP,0,2,chordKey_0_15,
1778007850868,GET,205,2,chordKey_18_15,clients=50
1778007850868,PUT,0,0,chordKey_18_16,clients=50
1778007850869,GET,204,2,chordKey_0_15,clients=50
1778007850870,PUT,0,0,chordKey_0_16,clients=50
1778007850873,PUT_HOP,0,2,chordKey_17_43,
1778007850877,GET,267,2,chordKey_30_29,clients=50
1778007850877,PUT_HOP,0,2,chordKey_18_15,
1778007850878,PUT,0,0,chordKey_30_30,clients=50
1778007850881,GET,130,2,chordKey_25_18,clients=50
1778007850882,PUT,0,0,chordKey_25_19,clients=50
1778007850888,GET,173,2,chordKey_47_19,clients=50
1778007850888,PUT,0,0,chordKey_47_20,clients=50
1778007850900,GET,264,2,chordKey_33_17,clients=50
1778007850902,PUT,1,0,chordKey_33_18,clients=50
1778007850903,PUT_HOP,0,2,chordKey_41_12,
1778007850907,PUT_HOP,0,2,chordKey_35_15,
1778007850908,PUT_HOP,0,2,chordKey_38_21,
1778007850910,GET,215,2,chordKey_38_21,clients=50
1778007850912,PUT_HOP,0,2,chordKey_41_10,
1778007850912,PUT,0,0,chordKey_38_22,clients=50
1778007850917,PUT_HOP,0,2,chordKey_22_35,
1778007850922,PUT_HOP,0,1,chordKey_41_26,
1778007850936,PUT_HOP,0,2,chordKey_39_17,
1778007850945,PUT_HOP,0,2,chordKey_27_17,
1778007850945,PUT_HOP,0,2,chordKey_37_15,
1778007850945,PUT_HOP,0,2,chordKey_29_19,
1778007850946,PUT_HOP,0,2,chordKey_1_19,
1778007850948,GET,212,2,chordKey_6_21,clients=50
1778007850948,GET,230,2,chordKey_39_17,clients=50
1778007850949,PUT,0,0,chordKey_6_22,clients=50
1778007850949,PUT,0,0,chordKey_39_18,clients=50
1778007850957,PUT_HOP,0,2,chordKey_8_19,
1778007850958,PUT_HOP,0,2,chordKey_15_24,
1778007850962,GET,1308,2,chordKey_42_11,clients=50
1778007850963,PUT,0,0,chordKey_42_12,clients=50
1778007850970,GET,251,2,chordKey_32_12,clients=50
1778007850971,PUT,0,0,chordKey_32_13,clients=50
1778007850973,PUT_HOP,0,2,chordKey_17_49,
1778007850977,PUT_HOP,0,2,chordKey_15_28,
1778007850980,PUT_HOP,0,2,chordKey_17_48,
1778007850985,GET,235,2,chordKey_21_26,clients=50
1778007850986,PUT,0,0,chordKey_21_27,clients=50
1778007850987,PUT_HOP,0,2,chordKey_17_47,
1778007850990,PUT_HOP,0,2,chordKey_21_26,
1778007850991,PUT_HOP,0,2,chordKey_41_15,
1778007850996,PUT_HOP,0,2,chordKey_17_44,
1778007850997,PUT_HOP,0,2,chordKey_41_13,
1778007850997,PUT_HOP,0,2,chordKey_41_16,
1778007850998,GET,248,2,chordKey_29_19,clients=50
1778007850999,PUT,0,0,chordKey_29_20,clients=50
1778007851004,PUT_HOP,0,2,chordKey_41_11,
1778007851005,GET,252,2,chordKey_27_17,clients=50
1778007851005,PUT,0,0,chordKey_27_18,clients=50
1778007851005,PUT_HOP,0,2,chordKey_41_14,
1778007851008,PUT_HOP,0,2,chordKey_41_18,
1778007851013,PUT_HOP,0,2,chordKey_41_17,
1778007851016,PUT_HOP,0,2,chordKey_1_23,
1778007851020,PUT_HOP,0,2,chordKey_41_20,
1778007851022,GET,139,2,chordKey_25_19,clients=50
1778007851023,PUT,0,0,chordKey_25_20,clients=50
1778007851024,PUT_HOP,0,2,chordKey_30_30,
1778007851029,GET,150,2,chordKey_30_30,clients=50
1778007851030,PUT,0,0,chordKey_30_31,clients=50
1778007851032,PUT_HOP,0,2,chordKey_25_19,
1778007851037,PUT_HOP,0,2,chordKey_18_16,
1778007851038,PUT_HOP,0,2,chordKey_41_24,
1778007851040,PUT_HOP,0,2,chordKey_47_20,
1778007851041,PUT_HOP,0,2,chordKey_41_25,
1778007851041,PUT_HOP,0,2,chordKey_41_22,
1778007851033,PUT_HOP,0,2,chordKey_41_21,
1778007851037,PUT_HOP,0,2,chordKey_41_23,
1778007851044,GET,155,2,chordKey_47_20,clients=50
1778007851044,PUT_HOP,0,2,chordKey_0_16,
1778007851045,PUT_HOP,0,2,chordKey_41_29,
1778007851046,PUT,0,0,chordKey_47_21,clients=50
1778007851046,PUT_HOP,0,2,chordKey_33_18,
1778007851044,GET,142,2,chordKey_33_18,clients=50
1778007851046,PUT_HOP,0,2,chordKey_41_28,
1778007851047,PUT,0,0,chordKey_33_19,clients=50
1778007851049,PUT_HOP,0,2,chordKey_41_31,
1778007851049,PUT_HOP,0,2,chordKey_41_30,
1778007851050,PUT_HOP,0,2,chordKey_41_27,
1778007851051,PUT_HOP,0,2,chordKey_39_18,
1778007851052,PUT_HOP,0,2,chordKey_41_19,
1778007851053,PUT_HOP,0,2,chordKey_23_18,
1778007851061,PUT_HOP,0,2,chordKey_38_14,
1778007851062,PUT_HOP,0,2,chordKey_6_22,
1778007851063,GET,76,2,chordKey_21_27,clients=50
1778007851063,PUT,0,0,chordKey_21_28,clients=50
1778007851064,PUT_HOP,0,1,chordKey_21_28,
1778007851064,GET,152,2,chordKey_38_22,clients=50
1778007851065,PUT,0,0,chordKey_38_23,clients=50
1778007851067,GET,2,1,chordKey_21_28,clients=50
1778007851067,PUT,0,0,chordKey_21_29,clients=50
1778007851083,PUT_HOP,0,2,chordKey_32_13,
1778007851084,GET,36,2,chordKey_33_19,clients=50
1778007851084,GET,111,2,chordKey_32_13,clients=50
1778007851086,PUT,0,0,chordKey_32_14,clients=50
1778007851088,GET,60,2,chordKey_25_20,clients=50
1778007851086,PUT,0,0,chordKey_33_20,clients=50
1778007851089,PUT,0,0,chordKey_25_21,clients=50
1778007851088,GET,88,2,chordKey_29_20,clients=50
1778007851092,PUT,0,0,chordKey_29_21,clients=50
1778007851098,PUT_HOP,0,2,chordKey_33_19,
1778007851100,GET,148,2,chordKey_39_18,clients=50
1778007851100,PUT_HOP,0,2,chordKey_38_22,
1778007851101,PUT,0,0,chordKey_39_19,clients=50
1778007851102,PUT_HOP,0,2,chordKey_27_18,
1778007851102,GET,151,2,chordKey_6_22,clients=50
1778007851103,PUT_HOP,0,2,chordKey_42_12,
1778007851104,PUT,0,0,chordKey_6_23,clients=50
1778007851105,GET,99,2,chordKey_27_18,clients=50
1778007851106,PUT,0,0,chordKey_27_19,clients=50
1778007851099,PUT_HOP,0,2,chordKey_30_31,
1778007851111,PUT_HOP,0,2,chordKey_38_23,
1778007851121,GET,90,2,chordKey_30_31,clients=50
1778007851121,GET,55,2,chordKey_38_23,clients=50
1778007851122,PUT,0,0,chordKey_30_32,clients=50
1778007851122,PUT_HOP,0,2,chordKey_29_20,
1778007851122,PUT,0,0,chordKey_38_24,clients=50
1778007851123,GET,159,2,chordKey_42_12,clients=50
1778007851124,PUT,0,0,chordKey_42_13,clients=50
1778007851129,PUT_HOP,0,2,chordKey_21_27,
1778007851137,GET,1420,2,chordKey_48_12,clients=50
1778007851137,PUT_HOP,0,2,chordKey_25_20,
1778007851138,PUT,0,0,chordKey_48_13,clients=50
1778007851140,GET,93,2,chordKey_47_21,clients=50
1778007851140,PUT_HOP,0,2,chordKey_47_21,
1778007851142,PUT,0,0,chordKey_47_22,clients=50
1778007851154,PUT_HOP,0,2,chordKey_21_29,
1778007851155,GET,86,2,chordKey_21_29,clients=50
1778007851156,PUT,0,0,chordKey_21_30,clients=50
1778007851164,PUT_HOP,0,2,chordKey_32_14,
1778007851181,PUT_HOP,0,2,chordKey_25_21,
1778007851181,PUT_HOP,0,2,chordKey_30_32,
1778007851182,PUT_HOP,0,2,chordKey_29_21,
1778007851182,GET,59,2,chordKey_30_32,clients=50
1778007851183,PUT,0,0,chordKey_30_33,clients=50
1778007851186,GET,98,2,chordKey_32_14,clients=50
1778007851187,PUT_HOP,0,2,chordKey_42_13,
1778007851187,PUT,0,0,chordKey_32_15,clients=50
1778007851188,PUT_HOP,0,2,chordKey_39_19,
1778007851189,GET,86,2,chordKey_39_19,clients=50
1778007851190,PUT_HOP,0,2,chordKey_6_23,
1778007851193,PUT,0,0,chordKey_39_20,clients=50
1778007851189,GET,84,2,chordKey_6_23,clients=50
1778007851195,PUT,0,0,chordKey_6_24,clients=50
1778007851196,GET,71,2,chordKey_42_13,clients=50
1778007851197,PUT,0,0,chordKey_42_14,clients=50
1778007851197,PUT_HOP,0,2,chordKey_38_24,
1778007851198,GET,108,2,chordKey_25_21,clients=50
1778007851198,GET,75,2,chordKey_38_24,clients=50
1778007851199,PUT,0,0,chordKey_25_22,clients=50
1778007851199,PUT,0,0,chordKey_38_25,clients=50
1778007851204,GET,96,2,chordKey_27_19,clients=50
1778007851204,PUT_HOP,0,2,chordKey_30_33,
1778007851204,PUT_HOP,0,2,chordKey_27_19,
1778007851205,PUT,0,0,chordKey_27_20,clients=50
1778007851207,PUT_HOP,0,2,chordKey_21_30,
1778007851216,PUT_HOP,0,2,chordKey_48_13,
1778007851217,GET,123,2,chordKey_29_21,clients=50
1778007851218,PUT,0,0,chordKey_29_22,clients=50
1778007851222,GET,65,2,chordKey_21_30,clients=50
1778007851223,PUT,0,0,chordKey_21_31,clients=50
1778007851229,GET,139,2,chordKey_33_20,clients=50
1778007851230,PUT,0,0,chordKey_33_21,clients=50
1778007851231,PUT_HOP,0,2,chordKey_33_20,
1778007851247,PUT_HOP,0,2,chordKey_38_25,
1778007851254,GET,111,2,chordKey_47_22,clients=50
1778007851255,PUT,0,0,chordKey_47_23,clients=50
1778007851261,PUT_HOP,0,2,chordKey_6_24,
1778007851273,PUT_HOP,0,2,chordKey_32_15,
1778007851277,PUT_HOP,0,2,chordKey_47_22,
1778007851281,PUT_HOP,0,2,chordKey_39_20,
1778007851281,GET,142,2,chordKey_48_13,clients=50
1778007851282,GET,86,2,chordKey_6_24,clients=50
1778007851283,PUT,0,0,chordKey_6_25,clients=50
1778007851282,PUT,0,0,chordKey_48_14,clients=50
1778007851284,GET,84,2,chordKey_38_25,clients=50
1778007851285,PUT,0,0,chordKey_38_26,clients=50
1778007851285,GET,61,2,chordKey_21_31,clients=50
1778007851286,PUT,0,0,chordKey_21_32,clients=50
1778007851290,PUT_HOP,0,2,chordKey_21_31,
1778007851299,GET,104,2,chordKey_39_20,clients=50
1778007851299,PUT_HOP,0,2,chordKey_25_22,
1778007851300,PUT,0,0,chordKey_39_21,clients=50
1778007851300,PUT_HOP,0,2,chordKey_27_20,
1778007851302,GET,114,2,chordKey_32_15,clients=50
1778007851303,PUT,0,0,chordKey_32_16,clients=50
1778007851303,GET,120,2,chordKey_30_33,clients=50
1778007851304,PUT,0,0,chordKey_30_34,clients=50
1778007851318,PUT_HOP,0,2,chordKey_33_21,
1778007851323,PUT_HOP,0,2,chordKey_29_22,
1778007851324,GET,124,2,chordKey_25_22,clients=50
1778007851324,GET,118,2,chordKey_27_20,clients=50
1778007851325,PUT,0,0,chordKey_25_23,clients=50
1778007851325,PUT,0,0,chordKey_27_21,clients=50
1778007851331,GET,112,2,chordKey_29_22,clients=50
1778007851332,PUT,0,0,chordKey_29_23,clients=50
1778007851337,PUT_HOP,0,2,chordKey_47_23,
1778007851338,PUT_HOP,0,2,chordKey_6_25,
1778007851337,PUT_HOP,0,2,chordKey_48_14,
1778007851340,GET,109,2,chordKey_33_21,clients=50
1778007851340,GET,143,2,chordKey_42_14,clients=50
1778007851341,PUT,0,0,chordKey_33_22,clients=50
1778007851341,GET,85,2,chordKey_47_23,clients=50
1778007851341,PUT,0,0,chordKey_47_24,clients=50
1778007851341,PUT,0,0,chordKey_42_15,clients=50
1778007851347,PUT_HOP,0,2,chordKey_42_14,
1778007851350,GET,66,2,chordKey_48_14,clients=50
1778007851351,PUT,0,0,chordKey_48_15,clients=50
1778007851360,PUT_HOP,0,2,chordKey_38_26,
1778007851364,GET,78,2,chordKey_38_26,clients=50
1778007851365,PUT,0,0,chordKey_38_27,clients=50
1778007851364,GET,80,2,chordKey_6_25,clients=50
1778007851366,PUT,0,0,chordKey_6_26,clients=50
1778007851377,PUT_HOP,0,2,chordKey_30_34,
1778007851377,GET,72,2,chordKey_30_34,clients=50
1778007851378,PUT_HOP,0,2,chordKey_21_32,
1778007851378,GET,74,2,chordKey_32_16,clients=50
1778007851378,PUT,0,0,chordKey_30_35,clients=50
1778007851378,GET,91,2,chordKey_21_32,clients=50
1778007851380,PUT,1,0,chordKey_32_17,clients=50
1778007851380,GET,79,2,chordKey_39_21,clients=50
1778007851381,PUT_HOP,0,1,chordKey_32_17,
1778007851382,PUT,0,0,chordKey_39_22,clients=50
1778007851381,PUT,0,0,chordKey_21_33,clients=50
1778007851397,PUT_HOP,0,2,chordKey_39_21,
1778007851403,GET,76,2,chordKey_27_21,clients=50
1778007851405,PUT,0,0,chordKey_27_22,clients=50
1778007851403,PUT_HOP,0,2,chordKey_33_22,
1778007851408,GET,26,1,chordKey_32_17,clients=50
1778007851408,PUT_HOP,0,2,chordKey_47_24,
1778007851411,PUT,0,0,chordKey_32_18,clients=50
1778007851411,PUT_HOP,0,2,chordKey_25_23,
1778007851412,GET,86,2,chordKey_25_23,clients=50
1778007851412,GET,70,2,chordKey_47_24,clients=50
1778007851414,PUT,0,0,chordKey_47_25,clients=50
1778007851413,PUT,0,0,chordKey_25_24,clients=50
1778007851414,GET,73,2,chordKey_33_22,clients=50
1778007851416,PUT,0,0,chordKey_33_23,clients=50
1778007851416,PUT_HOP,0,2,chordKey_27_21,
1778007851417,GET,85,2,chordKey_29_23,clients=50
1778007851418,PUT_HOP,0,2,chordKey_29_23,
1778007851418,PUT,0,0,chordKey_29_24,clients=50
1778007851416,PUT_HOP,0,2,chordKey_32_16,
1778007851423,PUT_HOP,0,2,chordKey_48_15,
1778007851427,GET,74,2,chordKey_48_15,clients=50
1778007851428,PUT,0,0,chordKey_48_16,clients=50
1778007851431,GET,65,2,chordKey_38_27,clients=50
1778007851432,PUT,0,0,chordKey_38_28,clients=50
1778007851432,PUT_HOP,0,2,chordKey_6_26,
1778007851433,PUT_HOP,0,2,chordKey_38_27,
1778007851431,PUT_HOP,0,2,chordKey_42_15,
1778007851435,PUT_HOP,0,2,chordKey_30_35,
1778007851438,GET,92,2,chordKey_42_15,clients=50
1778007851444,PUT,0,0,chordKey_42_16,clients=50
1778007851446,GET,79,2,chordKey_6_26,clients=50
1778007851447,PUT,0,0,chordKey_6_27,clients=50
1778007851448,PUT_HOP,0,2,chordKey_39_22,
1778007851463,GET,78,2,chordKey_21_33,clients=50
1778007851464,PUT,0,0,chordKey_21_34,clients=50
1778007851468,PUT_HOP,0,1,chordKey_42_16,
1778007851486,GET,40,1,chordKey_42_16,clients=50
1778007851487,PUT,0,0,chordKey_42_17,clients=50
1778007851488,GET,107,2,chordKey_30_35,clients=50
1778007851490,PUT_HOP,0,2,chordKey_21_33,
1778007851492,PUT,0,0,chordKey_30_36,clients=50
1778007851492,PUT_HOP,0,2,chordKey_47_25,
1778007851492,PUT_HOP,0,2,chordKey_32_18,
1778007851490,GET,107,2,chordKey_39_22,clients=50
1778007851495,PUT,0,0,chordKey_39_23,clients=50
1778007851499,GET,87,2,chordKey_32_18,clients=50
1778007851500,PUT,0,0,chordKey_32_19,clients=50
1778007851501,GET,95,2,chordKey_27_22,clients=50
1778007851501,PUT,0,0,chordKey_27_23,clients=50
1778007851505,PUT_HOP,0,2,chordKey_33_23,
1778007851519,PUT_HOP,0,2,chordKey_25_24,
1778007851520,PUT_HOP,0,2,chordKey_27_22,
1778007851523,PUT_HOP,0,2,chordKey_48_16,
1778007851533,GET,118,2,chordKey_47_25,clients=50
1778007851535,PUT_HOP,0,2,chordKey_38_28,
1778007851536,PUT,0,0,chordKey_47_26,clients=50
1778007851537,GET,120,2,chordKey_33_23,clients=50
1778007851536,GET,103,2,chordKey_38_28,clients=50
1778007851539,PUT_HOP,0,2,chordKey_6_27,
1778007851540,GET,92,2,chordKey_6_27,clients=50
1778007851542,PUT,0,0,chordKey_6_28,clients=50
1778007851539,PUT,0,0,chordKey_33_24,clients=50
1778007851541,PUT,0,0,chordKey_38_29,clients=50
1778007851549,GET,77,2,chordKey_21_34,clients=50
1778007851550,PUT,0,0,chordKey_21_35,clients=50
1778007851554,GET,138,2,chordKey_25_24,clients=50
1778007851555,PUT,0,0,chordKey_25_25,clients=50
1778007851573,PUT_HOP,0,2,chordKey_29_24,
1778007851590,PUT_HOP,0,2,chordKey_33_24,
1778007851592,GET,54,2,chordKey_47_26,clients=50
1778007851593,PUT,0,0,chordKey_47_27,clients=50
1778007851599,PUT_HOP,0,2,chordKey_42_17,
1778007851599,PUT_HOP,0,2,chordKey_30_36,
1778007851601,PUT_HOP,0,2,chordKey_47_26,
1778007851603,PUT_HOP,0,2,chordKey_25_25,
1778007851603,GET,171,2,chordKey_48_16,clients=50
1778007851603,PUT_HOP,0,2,chordKey_32_19,
1778007851604,GET,110,2,chordKey_30_36,clients=50
1778007851601,PUT_HOP,0,2,chordKey_21_34,
1778007851603,GET,59,2,chordKey_33_24,clients=50
1778007851605,PUT,0,0,chordKey_30_37,clients=50
1778007851606,PUT,0,0,chordKey_33_25,clients=50
1778007851604,PUT,0,0,chordKey_48_17,clients=50
1778007851604,GET,48,2,chordKey_25_25,clients=50
1778007851612,PUT_HOP,0,1,chordKey_30_37,
1778007851613,PUT,0,0,chordKey_25_26,clients=50
1778007851613,GET,6,1,chordKey_30_37,clients=50
1778007851616,PUT,0,0,chordKey_30_38,clients=50
1778007851617,PUT_HOP,0,2,chordKey_47_27,
1778007851622,PUT_HOP,0,2,chordKey_38_29,
1778007851610,GET,122,2,chordKey_42_17,clients=50
1778007851622,GET,121,2,chordKey_32_19,clients=50
1778007851628,PUT,0,0,chordKey_32_20,clients=50
1778007851627,PUT,0,0,chordKey_42_18,clients=50
1778007851635,GET,216,2,chordKey_29_24,clients=50
1778007851637,PUT,1,0,chordKey_29_25,clients=50
1778007851645,GET,102,2,chordKey_6_28,clients=50
1778007851645,PUT_HOP,0,2,chordKey_48_17,
1778007851646,PUT_HOP,0,2,chordKey_6_28,
1778007851647,PUT_HOP,0,2,chordKey_33_25,
1778007851648,PUT,0,0,chordKey_6_29,clients=50
1778007851651,GET,106,2,chordKey_38_29,clients=50
1778007851652,PUT,0,0,chordKey_38_30,clients=50
1778007851656,PUT_HOP,0,2,chordKey_39_23,
1778007851659,GET,65,2,chordKey_47_27,clients=50
1778007851660,PUT,0,0,chordKey_47_28,clients=50
1778007851662,PUT_HOP,0,2,chordKey_21_35,
1778007851665,GET,113,2,chordKey_21_35,clients=50
1778007851665,PUT_HOP,0,2,chordKey_27_23,
1778007851666,PUT,0,0,chordKey_21_36,clients=50
1778007851667,GET,55,2,chordKey_48_17,clients=50
1778007851668,PUT,0,0,chordKey_48_18,clients=50
1778007851667,GET,57,2,chordKey_33_25,clients=50
1778007851669,PUT_HOP,0,2,chordKey_42_18,
1778007851670,PUT,0,0,chordKey_33_26,clients=50
1778007851675,PUT_HOP,0,2,chordKey_30_38,
1778007851676,PUT_HOP,0,2,chordKey_25_26,
1778007851677,PUT_HOP,0,2,chordKey_21_36,
1778007851677,GET,53,2,chordKey_30_38,clients=50
1778007851678,PUT,0,0,chordKey_30_39,clients=50
1778007851676,GET,174,2,chordKey_27_23,clients=50
1778007851680,PUT,0,0,chordKey_27_24,clients=50
1778007851676,GET,61,2,chordKey_25_26,clients=50
1778007851685,PUT,0,0,chordKey_25_27,clients=50
1778007851678,GET,182,2,chordKey_39_23,clients=50
1778007851687,PUT_HOP,0,2,chordKey_47_28,
1778007851687,PUT,0,0,chordKey_39_24,clients=50
1778007851678,GET,11,2,chordKey_21_36,clients=50
1778007851688,PUT,0,0,chordKey_21_37,clients=50
1778007851686,GET,24,2,chordKey_47_28,clients=50
1778007851691,PUT,0,0,chordKey_47_29,clients=50
1778007851692,GET,61,2,chordKey_32_20,clients=50
1778007851693,PUT,0,0,chordKey_32_21,clients=50
1778007851694,PUT_HOP,0,2,chordKey_32_20,
1778007851697,GET,65,2,chordKey_42_18,clients=50
1778007851699,PUT,0,0,chordKey_42_19,clients=50
1778007851712,GET,59,2,chordKey_38_30,clients=50
1778007851711,PUT_HOP,0,2,chordKey_48_18,
1778007851712,GET,62,2,chordKey_6_29,clients=50
1778007851713,PUT,0,0,chordKey_6_30,clients=50
1778007851714,PUT_HOP,0,2,chordKey_21_37,
1778007851714,PUT_HOP,0,2,chordKey_6_29,
1778007851713,PUT,0,0,chordKey_38_31,clients=50
1778007851714,PUT_HOP,0,2,chordKey_30_39,
1778007851716,GET,26,2,chordKey_21_37,clients=50
1778007851715,GET,36,2,chordKey_30_39,clients=50
1778007851716,PUT,0,0,chordKey_21_38,clients=50
1778007851717,PUT,0,0,chordKey_30_40,clients=50
1778007851718,GET,79,2,chordKey_29_25,clients=50
1778007851718,PUT_HOP,0,2,chordKey_38_30,
1778007851719,PUT,0,0,chordKey_29_26,clients=50
1778007851733,PUT_HOP,0,2,chordKey_32_21,
1778007851740,PUT_HOP,0,2,chordKey_33_26,
1778007851741,GET,72,2,chordKey_48_18,clients=50
1778007851742,PUT,0,0,chordKey_48_19,clients=50
1778007851744,GET,66,2,chordKey_33_26,clients=50
1778007851744,PUT,0,0,chordKey_33_27,clients=50
1778007851746,PUT_HOP,0,2,chordKey_29_25,
1778007851748,PUT_HOP,0,2,chordKey_25_27,
1778007851752,GET,65,2,chordKey_25_27,clients=50
1778007851752,PUT_HOP,0,2,chordKey_42_19,
1778007851753,PUT,0,0,chordKey_25_28,clients=50
1778007851752,GET,52,2,chordKey_42_19,clients=50
1778007851754,PUT,0,0,chordKey_42_20,clients=50
1778007851753,GET,60,2,chordKey_32_21,clients=50
1778007851756,PUT_HOP,0,2,chordKey_27_24,
1778007851756,PUT,0,0,chordKey_32_22,clients=50
1778007851757,PUT_HOP,0,2,chordKey_47_29,
1778007851764,GET,72,2,chordKey_47_29,clients=50
1778007851765,PUT,0,0,chordKey_47_30,clients=50
1778007851768,GET,83,2,chordKey_27_24,clients=50
1778007851770,PUT,0,0,chordKey_27_25,clients=50
1778007851770,PUT_HOP,0,2,chordKey_21_38,
1778007851781,PUT_HOP,0,2,chordKey_6_30,
1778007851782,PUT_HOP,0,2,chordKey_30_40,
1778007851782,GET,65,2,chordKey_21_38,clients=50
1778007851783,PUT,0,0,chordKey_21_39,clients=50
1778007851794,PUT_HOP,0,2,chordKey_48_19,
1778007851799,PUT_HOP,0,2,chordKey_39_24,
1778007851800,GET,112,2,chordKey_39_24,clients=50
1778007851801,PUT,0,0,chordKey_39_25,clients=50
1778007851802,PUT_HOP,0,2,chordKey_38_31,
1778007851804,PUT_HOP,0,2,chordKey_29_26,
1778007851806,GET,90,2,chordKey_38_31,clients=50
1778007851807,PUT,0,0,chordKey_38_32,clients=50
1778007851807,GET,87,2,chordKey_29_26,clients=50
1778007851809,PUT_HOP,0,2,chordKey_32_22,
1778007851807,GET,88,2,chordKey_30_40,clients=50
1778007851810,GET,56,2,chordKey_25_28,clients=50
1778007851810,PUT,0,0,chordKey_29_27,clients=50
1778007851811,PUT_HOP,0,2,chordKey_21_39,
1778007851816,GET,70,2,chordKey_33_27,clients=50
1778007851811,PUT,0,0,chordKey_25_29,clients=50
1778007851821,GET,63,2,chordKey_32_22,clients=50
1778007851821,PUT_HOP,0,2,chordKey_33_27,
1778007851822,PUT_HOP,0,2,chordKey_47_30,
1778007851823,PUT_HOP,0,2,chordKey_25_28,
1778007851824,PUT,0,0,chordKey_32_23,clients=50
1778007851811,GET,27,2,chordKey_21_39,clients=50
1778007851810,PUT,0,0,chordKey_30_41,clients=50
1778007851827,GET,72,2,chordKey_42_20,clients=50
1778007851828,PUT,0,0,chordKey_42_21,clients=50
1778007851826,GET,61,2,chordKey_47_30,clients=50
1778007851832,PUT_HOP,0,2,chordKey_42_20,
1778007851835,PUT,0,0,chordKey_47_31,clients=50
1778007851837,PUT,1004,0,chordKey_28_14,clients=50
1778007851826,PUT,0,0,chordKey_21_40,clients=50
1778007851821,PUT,0,0,chordKey_33_28,clients=50
1778007851817,GET,74,2,chordKey_48_19,clients=50
1778007851842,PUT,0,0,chordKey_48_20,clients=50
1778007851840,PUT,1046,0,chordKey_17_50,clients=50
1778007851842,GET,0,0,chordKey_17_50,clients=50
1778007851843,PUT,0,0,chordKey_17_51,clients=50
1778007851850,GET,0,0,chordKey_17_51,clients=50
1778007851851,PUT,0,0,chordKey_17_52,clients=50
1778007851853,GET,0,0,chordKey_17_52,clients=50
1778007851853,PUT,0,0,chordKey_17_53,clients=50
1778007851855,GET,0,0,chordKey_17_53,clients=50
1778007851856,PUT,0,0,chordKey_17_54,clients=50
1778007851859,GET,0,0,chordKey_17_54,clients=50
1778007851860,PUT,0,0,chordKey_17_55,clients=50
1778007851861,GET,0,0,chordKey_17_55,clients=50
1778007851862,GET,1209,2,chordKey_22_35,clients=50
1778007851863,PUT,0,0,chordKey_22_36,clients=50
1778007851864,PUT_HOP,0,2,chordKey_39_25,
1778007851839,PUT,1042,0,chordKey_1_24,clients=50
1778007851839,PUT,1042,0,chordKey_34_17,clients=50
1778007851839,PUT,1041,0,chordKey_37_16,clients=50
1778007851865,PUT_HOP,0,2,chordKey_27_25,
1778007851866,GET,0,0,chordKey_37_16,clients=50
1778007851866,PUT_HOP,0,2,chordKey_1_18,
1778007851866,PUT,0,0,chordKey_37_17,clients=50
1778007851866,PUT_HOP,0,2,chordKey_20_28,
1778007851839,PUT,1040,0,chordKey_4_13,clients=50
1778007851838,PUT,1039,0,chordKey_23_26,clients=50
1778007851867,PUT_HOP,0,2,chordKey_6_21,
1778007851838,PUT,1047,0,chordKey_41_32,clients=50
1778007851838,PUT,1038,0,chordKey_15_29,clients=50
1778007851838,PUT,1046,0,chordKey_3_26,clients=50
1778007851838,PUT,1037,0,chordKey_45_21,clients=50
1778007851838,PUT,1036,0,chordKey_44_22,clients=50
1778007851871,PUT_HOP,0,2,chordKey_1_20,
1778007851838,PUT,1036,0,chordKey_14_19,clients=50
1778007851838,PUT,1036,0,chordKey_13_21,clients=50
1778007851871,PUT_HOP,0,2,chordKey_38_32,
1778007851837,PUT,1035,0,chordKey_19_22,clients=50
1778007851837,PUT,1034,0,chordKey_12_26,clients=50
1778007851836,PUT,1002,0,chordKey_11_5,clients=50
1778007851833,GET,118,2,chordKey_6_30,clients=50
1778007851873,PUT,0,0,chordKey_6_31,clients=50
1778007851870,GET,0,0,chordKey_15_29,clients=50
1778007851875,PUT,0,0,chordKey_15_30,clients=50
1778007851876,GET,0,0,chordKey_15_30,clients=50
1778007851876,PUT,0,0,chordKey_15_31,clients=50
1778007851877,GET,0,0,chordKey_15_31,clients=50
1778007851878,PUT,0,0,chordKey_15_32,clients=50
1778007851878,GET,0,0,chordKey_15_32,clients=50
1778007851879,PUT,0,0,chordKey_15_33,clients=50
1778007851879,GET,0,0,chordKey_15_33,clients=50
1778007851880,PUT,0,0,chordKey_15_34,clients=50
1778007851880,GET,0,0,chordKey_15_34,clients=50
1778007851881,PUT,0,0,chordKey_15_35,clients=50
1778007851882,GET,0,0,chordKey_15_35,clients=50
1778007851884,PUT,0,0,chordKey_15_36,clients=50
1778007851884,GET,0,0,chordKey_15_36,clients=50
1778007851888,PUT,0,0,chordKey_15_37,clients=50
1778007851890,GET,0,0,chordKey_15_37,clients=50
1778007851891,PUT,0,0,chordKey_15_38,clients=50
1778007851893,GET,0,0,chordKey_15_38,clients=50
1778007851894,PUT,0,0,chordKey_15_39,clients=50
1778007851895,GET,0,0,chordKey_15_39,clients=50
1778007851895,PUT,0,0,chordKey_15_40,clients=50
1778007851896,GET,0,0,chordKey_15_40,clients=50
1778007851897,PUT,0,0,chordKey_15_41,clients=50
1778007851898,GET,0,0,chordKey_15_41,clients=50
1778007851899,PUT,0,0,chordKey_15_42,clients=50
1778007851900,GET,0,0,chordKey_15_42,clients=50
1778007851900,PUT,0,0,chordKey_15_43,clients=50
1778007851901,GET,0,0,chordKey_15_43,clients=50
1778007851902,PUT,0,0,chordKey_15_44,clients=50
1778007851903,GET,0,0,chordKey_15_44,clients=50
1778007851904,PUT,0,0,chordKey_15_45,clients=50
1778007851904,GET,0,0,chordKey_15_45,clients=50
1778007851906,PUT,0,0,chordKey_15_46,clients=50
1778007851907,GET,0,0,chordKey_15_46,clients=50
1778007851907,PUT,0,0,chordKey_15_47,clients=50
1778007851908,GET,0,0,chordKey_15_47,clients=50
1778007851910,PUT,0,0,chordKey_15_48,clients=50
1778007851910,GET,0,0,chordKey_15_48,clients=50
1778007851914,PUT,0,0,chordKey_15_49,clients=50
1778007851915,GET,0,0,chordKey_15_49,clients=50
1778007851916,PUT,0,0,chordKey_15_50,clients=50
1778007851916,GET,0,0,chordKey_15_50,clients=50
1778007851870,GET,0,0,chordKey_41_32,clients=50
1778007851867,GET,0,0,chordKey_37_17,clients=50
1778007851863,PUT,0,0,chordKey_17_56,clients=50
1778007851854,GET,1131,2,chordKey_20_28,clients=50
1778007851851,GET,81,2,chordKey_27_25,clients=50
1778007851918,GET,0,0,chordKey_17_56,clients=50
1778007851905,GET,2196,2,chordKey_5_16,clients=50
1778007851880,GET,2228,2,chordKey_46_13,clients=50
1778007851879,GET,2275,2,chordKey_24_18,clients=50
1778007851929,GET,1214,2,chordKey_35_15,clients=50
1778007851930,PUT,0,0,chordKey_35_16,clients=50
1778007851932,PUT_HOP,0,2,chordKey_30_41,
1778007851934,PUT_HOP,0,2,chordKey_32_23,
1778007851935,GET,110,2,chordKey_32_23,clients=50
1778007851936,GET,108,2,chordKey_30_41,clients=50
1778007851936,PUT,0,0,chordKey_32_24,clients=50
1778007851937,PUT,0,0,chordKey_30_42,clients=50
1778007851938,GET,116,2,chordKey_25_29,clients=50
1778007851941,PUT_HOP,0,2,chordKey_25_29,
1778007851942,PUT_HOP,0,2,chordKey_29_27,
1778007851944,GET,142,2,chordKey_39_25,clients=50
1778007851943,PUT_HOP,0,2,chordKey_33_28,
1778007851945,GET,129,2,chordKey_29_27,clients=50
1778007851945,PUT,0,0,chordKey_39_26,clients=50
1778007851947,PUT_HOP,0,2,chordKey_42_21,
1778007851947,GET,139,2,chordKey_38_32,clients=50
1778007851949,PUT_HOP,0,2,chordKey_47_31,
1778007851950,PUT,0,0,chordKey_38_33,clients=50
1778007851950,PUT_HOP,0,2,chordKey_21_40,
1778007851959,GET,130,2,chordKey_42_21,clients=50
1778007851961,PUT,0,0,chordKey_42_22,clients=50
1778007851961,PUT_HOP,0,2,chordKey_23_26,
1778007851964,PUT_HOP,0,2,chordKey_41_32,
1778007851964,PUT_HOP,0,2,chordKey_44_22,
1778007851968,GET,1244,2,chordKey_8_19,clients=50
1778007851971,PUT,1,0,chordKey_8_20,clients=50
1778007851973,PUT_HOP,0,2,chordKey_37_16,
1778007851969,PUT_HOP,0,2,chordKey_15_29,
1778007851978,PUT_HOP,0,2,chordKey_17_50,
1778007851979,PUT_HOP,0,2,chordKey_48_20,
1778007851983,PUT_HOP,0,2,chordKey_32_12,
1778007851984,PUT_HOP,0,2,chordKey_17_54,
1778007851984,PUT_HOP,0,2,chordKey_17_52,
1778007851986,PUT_HOP,0,2,chordKey_17_55,
1778007851986,GET,149,2,chordKey_47_31,clients=50
1778007851987,PUT,0,0,chordKey_47_32,clients=50
1778007851988,PUT_HOP,0,2,chordKey_12_26,
1778007851992,PUT_HOP,0,2,chordKey_17_51,
1778007851993,PUT_HOP,0,2,chordKey_34_17,
1778007851993,PUT_HOP,0,2,chordKey_22_36,
1778007851995,GET,131,2,chordKey_22_36,clients=50
1778007851996,PUT,0,0,chordKey_22_37,clients=50
1778007851999,GET,134,2,chordKey_34_17,clients=50
1778007852000,PUT,0,0,chordKey_34_18,clients=50
1778007852005,GET,163,2,chordKey_33_28,clients=50
1778007852006,PUT,0,0,chordKey_33_29,clients=50
1778007852021,PUT_HOP,0,2,chordKey_3_26,
1778007852025,PUT_HOP,0,1,chordKey_33_29,
1778007852026,PUT_HOP,0,2,chordKey_15_48,
1778007852027,GET,155,2,chordKey_14_19,clients=50
1778007852028,PUT,0,0,chordKey_14_20,clients=50
1778007852029,GET,22,1,chordKey_33_29,clients=50
1778007852031,PUT,0,0,chordKey_33_30,clients=50
1778007852034,PUT_HOP,0,2,chordKey_17_56,
1778007852035,PUT_HOP,0,2,chordKey_15_47,
1778007852036,PUT_HOP,0,2,chordKey_15_49,
1778007852036,PUT_HOP,0,2,chordKey_11_5,
1778007852038,PUT_HOP,0,2,chordKey_19_22,
1778007852044,PUT_HOP,0,2,chordKey_37_17,
1778007852050,PUT_HOP,0,2,chordKey_28_14,
1778007852052,PUT_HOP,0,2,chordKey_22_37,
1778007852059,PUT_HOP,0,2,chordKey_17_53,
1778007852060,GET,63,2,chordKey_22_37,clients=50
1778007852060,GET,189,2,chordKey_44_22,clients=50
1778007852061,PUT,0,0,chordKey_22_38,clients=50
1778007852061,PUT,0,0,chordKey_44_23,clients=50
1778007852062,GET,189,2,chordKey_12_26,clients=50
1778007852063,PUT,0,0,chordKey_12_27,clients=50
1778007852065,PUT_HOP,0,2,chordKey_15_30,
1778007852066,GET,65,2,chordKey_34_18,clients=50
1778007852067,PUT,0,0,chordKey_34_19,clients=50
1778007852066,PUT_HOP,0,2,chordKey_34_18,
1778007852070,PUT_HOP,0,2,chordKey_15_34,
1778007852071,PUT_HOP,0,2,chordKey_15_33,
1778007852071,GET,230,2,chordKey_21_40,clients=50
1778007852072,PUT,0,0,chordKey_21_41,clients=50
1778007852073,GET,233,2,chordKey_28_14,clients=50
1778007852073,PUT_HOP,0,2,chordKey_15_31,
1778007852074,PUT_HOP,0,2,chordKey_4_13,
1778007852074,PUT,0,0,chordKey_28_15,clients=50
1778007852075,PUT_HOP,0,2,chordKey_15_32,
1778007852073,PUT_HOP,0,2,chordKey_15_36,
1778007852075,PUT_HOP,0,2,chordKey_15_38,
1778007852076,PUT_HOP,0,2,chordKey_45_21,
1778007852076,PUT_HOP,0,2,chordKey_15_37,
1778007852076,PUT_HOP,0,1,chordKey_34_19,
1778007852076,PUT_HOP,0,2,chordKey_15_39,
1778007852077,PUT_HOP,0,2,chordKey_15_50,
1778007852078,GET,11,1,chordKey_34_19,clients=50
1778007852079,PUT,0,0,chordKey_34_20,clients=50
1778007852091,PUT_HOP,0,2,chordKey_15_35,
1778007852092,PUT_HOP,0,2,chordKey_1_22,
1778007852094,PUT_HOP,0,2,chordKey_22_38,
1778007852098,PUT_HOP,0,2,chordKey_35_16,
1778007852099,GET,37,2,chordKey_22_38,clients=50
1778007852100,PUT,0,0,chordKey_22_39,clients=50
1778007852103,PUT_HOP,0,2,chordKey_13_21,
1778007852104,GET,239,2,chordKey_1_24,clients=50
1778007852105,PUT_HOP,0,2,chordKey_17_46,
1778007852105,PUT_HOP,0,2,chordKey_1_21,
1778007852105,PUT_HOP,0,2,chordKey_1_24,
1778007852106,PUT,0,0,chordKey_1_25,clients=50
1778007852106,PUT_HOP,0,2,chordKey_30_42,
1778007852110,PUT_HOP,0,2,chordKey_6_31,
1778007852109,PUT_HOP,0,2,chordKey_42_22,
1778007852110,PUT_HOP,0,2,chordKey_12_27,
1778007852112,PUT_HOP,0,2,chordKey_15_40,
1778007852112,GET,239,2,chordKey_11_5,clients=50
1778007852113,GET,49,2,chordKey_12_27,clients=50
1778007852114,GET,240,2,chordKey_6_31,clients=50
1778007852115,PUT_HOP,0,2,chordKey_15_43,
1778007852115,PUT,0,0,chordKey_12_28,clients=50
1778007852118,PUT_HOP,0,2,chordKey_15_46,
1778007852118,PUT_HOP,0,2,chordKey_15_41,
1778007852114,PUT,0,0,chordKey_11_6,clients=50
1778007852121,PUT,0,0,chordKey_6_32,clients=50
1778007852126,PUT_HOP,0,2,chordKey_32_24,
1778007852127,PUT_HOP,0,2,chordKey_8_20,
1778007852129,GET,139,2,chordKey_47_32,clients=50
1778007852131,PUT_HOP,0,2,chordKey_47_32,
1778007852131,PUT_HOP,0,2,chordKey_15_45,
1778007852133,PUT,0,0,chordKey_47_33,clients=50
1778007852133,PUT_HOP,0,2,chordKey_33_30,
1778007852131,GET,160,2,chordKey_8_20,clients=50
1778007852130,GET,167,2,chordKey_42_22,clients=50
1778007852134,PUT_HOP,0,2,chordKey_15_42,
1778007852135,PUT_HOP,0,2,chordKey_14_20,
1778007852135,PUT,0,0,chordKey_8_21,clients=50
1778007852133,GET,103,2,chordKey_14_20,clients=50
1778007852135,PUT,0,0,chordKey_42_23,clients=50
1778007852136,PUT,0,0,chordKey_14_21,clients=50
1778007852139,PUT_HOP,0,2,chordKey_22_39,
1778007852140,PUT_HOP,0,2,chordKey_15_44,
1778007852140,GET,38,2,chordKey_22_39,clients=50
1778007852141,PUT,0,0,chordKey_22_40,clients=50
1778007852141,GET,190,2,chordKey_38_33,clients=50
1778007852142,PUT_HOP,0,2,chordKey_38_33,
1778007852143,PUT,0,0,chordKey_38_34,clients=50
1778007852144,PUT_HOP,0,2,chordKey_39_26,
1778007852145,PUT_HOP,0,2,chordKey_21_41,
1778007852146,GET,74,2,chordKey_21_41,clients=50
1778007852147,PUT,0,0,chordKey_21_42,clients=50
1778007852148,PUT_HOP,0,2,chordKey_28_15,
1778007852149,GET,117,2,chordKey_33_30,clients=50
1778007852150,PUT_HOP,0,2,chordKey_1_25,
1778007852150,PUT,0,0,chordKey_33_31,clients=50
1778007852150,PUT_HOP,0,2,chordKey_11_6,
1778007852151,GET,75,2,chordKey_28_15,clients=50
1778007852151,PUT_HOP,0,2,chordKey_6_32,
1778007852151,PUT,0,0,chordKey_28_16,clients=50
1778007852152,GET,45,2,chordKey_1_25,clients=50
1778007852152,PUT,0,0,chordKey_1_26,clients=50
1778007852159,GET,37,2,chordKey_11_6,clients=50
1778007852160,PUT,0,0,chordKey_11_7,clients=50
1778007852162,PUT_HOP,0,2,chordKey_12_28,
1778007852163,GET,83,2,chordKey_34_20,clients=50
1778007852163,PUT_HOP,0,2,chordKey_44_23,
1778007852164,PUT,0,0,chordKey_34_21,clients=50
1778007852166,GET,44,2,chordKey_12_28,clients=50
1778007852167,GET,104,2,chordKey_44_23,clients=50
1778007852167,PUT,0,0,chordKey_12_29,clients=50
1778007852167,PUT,0,0,chordKey_44_24,clients=50
1778007852171,GET,48,2,chordKey_6_32,clients=50
1778007852172,PUT_HOP,0,2,chordKey_47_33,
1778007852172,PUT_HOP,0,2,chordKey_8_21,
1778007852172,PUT,0,0,chordKey_6_33,clients=50
1778007852174,GET,40,2,chordKey_47_33,clients=50
1778007852175,PUT,0,0,chordKey_47_34,clients=50
1778007852176,PUT_HOP,0,2,chordKey_34_20,
1778007852183,PUT_HOP,0,2,chordKey_21_42,
1778007852185,GET,37,2,chordKey_21_42,clients=50
1778007852186,PUT,0,0,chordKey_21_43,clients=50
1778007852186,PUT_HOP,0,2,chordKey_28_16,
1778007852190,GET,37,2,chordKey_28_16,clients=50
1778007852191,PUT,0,0,chordKey_28_17,clients=50
1778007852192,PUT_HOP,0,2,chordKey_11_7,
1778007852193,GET,31,2,chordKey_11_7,clients=50
1778007852193,PUT,0,0,chordKey_11_8,clients=50
1778007852197,GET,61,2,chordKey_8_21,clients=50
1778007852197,PUT_HOP,0,2,chordKey_42_23,
1778007852198,PUT,0,0,chordKey_8_22,clients=50
1778007852199,PUT_HOP,0,2,chordKey_14_21,
1778007852201,GET,15,2,chordKey_21_43,clients=50
1778007852202,PUT,0,0,chordKey_21_44,clients=50
1778007852204,PUT_HOP,0,2,chordKey_21_43,
1778007852204,GET,12,2,chordKey_28_17,clients=50
1778007852205,PUT,0,0,chordKey_28_18,clients=50
1778007852205,GET,11,2,chordKey_11_8,clients=50
1778007852208,PUT,0,0,chordKey_11_9,clients=50
1778007852208,GET,71,2,chordKey_14_21,clients=50
1778007852208,GET,67,2,chordKey_22_40,clients=50
1778007852210,PUT,0,0,chordKey_22_41,clients=50
1778007852209,PUT,0,0,chordKey_14_22,clients=50
1778007852211,PUT_HOP,0,2,chordKey_11_8,
1778007852209,GET,73,2,chordKey_42_23,clients=50
1778007852213,PUT,0,0,chordKey_42_24,clients=50
1778007852213,PUT_HOP,0,2,chordKey_22_40,
1778007852217,PUT_HOP,0,2,chordKey_33_31,
1778007852219,GET,16,2,chordKey_21_44,clients=50
1778007852219,GET,68,2,chordKey_33_31,clients=50
1778007852220,PUT_HOP,0,2,chordKey_28_18,
1778007852220,PUT,0,0,chordKey_33_32,clients=50
1778007852222,PUT_HOP,0,2,chordKey_21_44,
1778007852225,PUT_HOP,0,2,chordKey_11_9,
1778007852226,PUT_HOP,0,2,chordKey_28_17,
1778007852219,PUT,0,0,chordKey_21_45,clients=50
1778007852231,PUT_HOP,0,2,chordKey_34_21,
1778007852232,GET,67,2,chordKey_34_21,clients=50
1778007852233,GET,302,2,chordKey_35_16,clients=50
1778007852234,PUT,0,0,chordKey_34_22,clients=50
1778007852232,GET,24,2,chordKey_28_18,clients=50
1778007852234,PUT,0,0,chordKey_35_17,clients=50
1778007852235,PUT,0,0,chordKey_28_19,clients=50
1778007852237,PUT_HOP,0,2,chordKey_42_24,
1778007852241,GET,72,2,chordKey_44_24,clients=50
1778007852241,PUT_HOP,0,2,chordKey_47_34,
1778007852241,GET,28,2,chordKey_42_24,clients=50
1778007852242,PUT,0,0,chordKey_44_25,clients=50
1778007852242,PUT,0,0,chordKey_42_25,clients=50
1778007852243,PUT_HOP,0,2,chordKey_12_29,
1778007852244,PUT_HOP,0,2,chordKey_44_24,
1778007852245,GET,69,2,chordKey_47_34,clients=50
1778007852245,PUT_HOP,0,2,chordKey_8_22,
1778007852246,PUT,0,0,chordKey_47_35,clients=50
1778007852246,PUT_HOP,0,2,chordKey_35_17,
1778007852247,PUT_HOP,0,2,chordKey_14_22,
1778007852249,GET,13,2,chordKey_35_17,clients=50
1778007852250,PUT,0,0,chordKey_35_18,clients=50
1778007852251,GET,83,2,chordKey_12_29,clients=50
1778007852252,PUT,0,0,chordKey_12_30,clients=50
1778007852253,GET,40,2,chordKey_14_22,clients=50
1778007852254,GET,55,2,chordKey_8_22,clients=50
1778007852253,GET,45,2,chordKey_11_9,clients=50
1778007852254,PUT,0,0,chordKey_8_23,clients=50
1778007852254,PUT_HOP,0,2,chordKey_22_41,
1778007852255,PUT,0,0,chordKey_11_10,clients=50
1778007852254,PUT,0,0,chordKey_14_23,clients=50
1778007852260,PUT_HOP,0,2,chordKey_17_45,
1778007852261,GET,1392,2,chordKey_18_16,clients=50
1778007852262,PUT,0,0,chordKey_18_17,clients=50
1778007852263,GET,52,2,chordKey_22_41,clients=50
1778007852264,PUT,0,0,chordKey_22_42,clients=50
1778007852271,PUT_HOP,0,2,chordKey_33_32,
1778007852278,PUT_HOP,0,2,chordKey_38_34,
1778007852278,GET,1407,2,chordKey_0_16,clients=50
1778007852279,GET,136,2,chordKey_38_34,clients=50
1778007852280,PUT,0,0,chordKey_38_35,clients=50
1778007852279,GET,126,2,chordKey_1_26,clients=50
1778007852281,PUT,0,0,chordKey_1_27,clients=50
1778007852279,PUT,0,0,chordKey_0_17,clients=50
1778007852286,PUT_HOP,0,2,chordKey_34_22,
1778007852287,GET,60,2,chordKey_33_32,clients=50
1778007852287,PUT_HOP,0,2,chordKey_1_26,
1778007852290,PUT_HOP,0,2,chordKey_42_25,
1778007852289,PUT_HOP,0,2,chordKey_6_33,
1778007852292,GET,48,2,chordKey_42_25,clients=50
1778007852290,GET,116,2,chordKey_6_33,clients=50
1778007852295,PUT,0,0,chordKey_42_26,clients=50
1778007852294,PUT,0,0,chordKey_33_33,clients=50
1778007852295,PUT,0,0,chordKey_6_34,clients=50
1778007852299,GET,64,2,chordKey_34_22,clients=50
1778007852300,PUT,0,0,chordKey_34_23,clients=50
1778007852302,GET,59,2,chordKey_44_25,clients=50
1778007852302,GET,51,2,chordKey_35_18,clients=50
1778007852303,PUT,0,0,chordKey_44_26,clients=50
1778007852299,PUT_HOP,0,2,chordKey_47_35,
1778007852303,PUT,0,0,chordKey_35_19,clients=50
1778007852301,PUT_HOP,0,2,chordKey_44_25,
1778007852305,PUT_HOP,0,2,chordKey_35_18,
1778007852308,PUT_HOP,0,2,chordKey_21_45,
1778007852309,PUT_HOP,0,2,chordKey_18_17,
1778007852310,GET,63,2,chordKey_47_35,clients=50
1778007852310,GET,82,2,chordKey_21_45,clients=50
1778007852311,PUT,0,0,chordKey_47_36,clients=50
1778007852311,PUT,0,0,chordKey_21_46,clients=50
1778007852314,PUT_HOP,0,2,chordKey_28_19,
1778007852315,GET,78,2,chordKey_28_19,clients=50
1778007852315,PUT_HOP,0,2,chordKey_44_26,
1778007852316,PUT,0,0,chordKey_28_20,clients=50
1778007852316,GET,53,2,chordKey_18_17,clients=50
1778007852318,PUT,0,0,chordKey_18_18,clients=50
1778007852321,GET,17,2,chordKey_44_26,clients=50
1778007852322,PUT,0,0,chordKey_44_27,clients=50
1778007852328,PUT_HOP,0,2,chordKey_14_23,
1778007852330,GET,73,2,chordKey_14_23,clients=50
1778007852331,PUT,0,0,chordKey_14_24,clients=50
1778007852331,PUT_HOP,0,2,chordKey_22_42,
1778007852332,PUT_HOP,0,2,chordKey_11_10,
1778007852333,PUT_HOP,0,2,chordKey_42_26,
1778007852336,GET,81,2,chordKey_11_10,clients=50
1778007852337,PUT,0,0,chordKey_11_11,clients=50
1778007852337,PUT_HOP,0,2,chordKey_8_23,
1778007852338,GET,83,2,chordKey_8_23,clients=50
1778007852339,PUT_HOP,0,2,chordKey_34_23,
1778007852340,PUT,0,0,chordKey_8_24,clients=50
1778007852339,PUT_HOP,0,2,chordKey_33_33,
1778007852340,GET,43,2,chordKey_42_26,clients=50
1778007852341,GET,88,2,chordKey_12_30,clients=50
1778007852342,PUT,0,0,chordKey_12_31,clients=50
1778007852341,PUT,0,0,chordKey_42_27,clients=50
1778007852342,GET,43,2,chordKey_33_33,clients=50
1778007852343,PUT_HOP,0,2,chordKey_35_19,
1778007852343,PUT,0,0,chordKey_33_34,clients=50
1778007852345,GET,80,2,chordKey_22_42,clients=50
1778007852346,PUT,0,0,chordKey_22_43,clients=50
1778007852348,PUT_HOP,0,2,chordKey_44_27,
1778007852349,PUT_HOP,0,2,chordKey_12_30,
1778007852350,GET,45,2,chordKey_35_19,clients=50
1778007852351,PUT,0,0,chordKey_35_20,clients=50
1778007852355,GET,54,2,chordKey_34_23,clients=50
1778007852357,PUT,0,0,chordKey_34_24,clients=50
1778007852361,PUT_HOP,0,2,chordKey_21_46,
1778007852363,PUT_HOP,0,2,chordKey_18_18,
1778007852368,PUT_HOP,0,2,chordKey_28_20,
1778007852368,PUT_HOP,0,2,chordKey_47_36,
1778007852369,GET,57,2,chordKey_47_36,clients=50
1778007852369,PUT_HOP,0,2,chordKey_42_27,
1778007852370,PUT,0,0,chordKey_47_37,clients=50
1778007852372,PUT_HOP,0,2,chordKey_0_17,
1778007852374,GET,62,2,chordKey_21_46,clients=50
1778007852375,PUT,0,0,chordKey_21_47,clients=50
1778007852378,GET,59,2,chordKey_18_18,clients=50
1778007852379,GET,35,2,chordKey_42_27,clients=50
1778007852379,PUT,0,0,chordKey_18_19,clients=50
1778007852379,PUT,0,0,chordKey_42_28,clients=50
1778007852385,GET,4,2,chordKey_42_28,clients=50
1778007852385,PUT,0,0,chordKey_42_29,clients=50
1778007852386,GET,62,2,chordKey_44_27,clients=50
1778007852387,PUT,0,0,chordKey_44_28,clients=50
1778007852389,GET,71,2,chordKey_28_20,clients=50
1778007852386,PUT_HOP,0,2,chordKey_42_28,
1778007852391,PUT,0,0,chordKey_28_21,clients=50
1778007852386,PUT_HOP,0,2,chordKey_21_47,
1778007852396,PUT_HOP,0,2,chordKey_38_35,
1778007852399,PUT_HOP,0,2,chordKey_1_27,
1778007852399,GET,23,2,chordKey_21_47,clients=50
1778007852400,GET,117,2,chordKey_0_17,clients=50
1778007852400,PUT,0,0,chordKey_21_48,clients=50
1778007852400,GET,120,2,chordKey_38_35,clients=50
1778007852400,PUT_HOP,0,2,chordKey_14_24,
1778007852400,PUT_HOP,0,2,chordKey_42_29,
1778007852402,PUT_HOP,0,2,chordKey_11_11,
1778007852400,PUT,0,0,chordKey_0_18,clients=50
1778007852402,PUT_HOP,0,2,chordKey_8_24,
1778007852403,PUT,0,0,chordKey_38_36,clients=50
1778007852402,GET,120,2,chordKey_1_27,clients=50
1778007852404,PUT,0,0,chordKey_1_28,clients=50
1778007852401,GET,22,2,chordKey_18_19,clients=50
1778007852405,PUT,0,0,chordKey_18_20,clients=50
1778007852406,GET,20,2,chordKey_42_29,clients=50
1778007852407,PUT,0,0,chordKey_42_30,clients=50
1778007852407,GET,67,2,chordKey_8_24,clients=50
1778007852408,PUT,0,0,chordKey_8_25,clients=50
1778007852410,PUT_HOP,0,2,chordKey_18_19,
1778007852414,PUT_HOP,0,2,chordKey_6_34,
1778007852410,PUT_HOP,0,2,chordKey_33_34,
1778007852417,GET,78,2,chordKey_11_11,clients=50
1778007852426,PUT_HOP,0,2,chordKey_12_31,
1778007852426,PUT,0,0,chordKey_11_12,clients=50
1778007852426,PUT_HOP,0,2,chordKey_35_20,
1778007852425,GET,83,2,chordKey_12_31,clients=50
1778007852419,GET,87,2,chordKey_14_24,clients=50
1778007852428,PUT,0,0,chordKey_12_32,clients=50
1778007852429,PUT_HOP,0,2,chordKey_22_43,
1778007852430,PUT,0,0,chordKey_14_25,clients=50
1778007852427,GET,39,2,chordKey_44_28,clients=50
1778007852431,PUT,0,0,chordKey_44_29,clients=50
1778007852426,PUT_HOP,0,2,chordKey_44_28,
1778007852433,GET,81,2,chordKey_35_20,clients=50
1778007852433,PUT_HOP,0,2,chordKey_34_24,
1778007852433,GET,133,2,chordKey_6_34,clients=50
1778007852434,PUT,0,0,chordKey_35_21,clients=50
1778007852434,PUT,0,0,chordKey_6_35,clients=50
1778007852435,GET,91,2,chordKey_33_34,clients=50
1778007852435,GET,77,2,chordKey_34_24,clients=50
1778007852435,PUT,0,0,chordKey_33_35,clients=50
1778007852435,GET,88,2,chordKey_22_43,clients=50
1778007852437,PUT_HOP,0,2,chordKey_42_30,
1778007852437,PUT,0,0,chordKey_22_44,clients=50
1778007852439,PUT_HOP,0,2,chordKey_21_48,
1778007852440,PUT_HOP,0,2,chordKey_44_29,
1778007852435,PUT,0,0,chordKey_34_25,clients=50
1778007852451,PUT_HOP,0,2,chordKey_38_36,
1778007852453,PUT_HOP,0,2,chordKey_1_28,
1778007852455,PUT_HOP,0,2,chordKey_28_21,
1778007852457,PUT_HOP,0,2,chordKey_0_18,
1778007852459,PUT_HOP,0,2,chordKey_47_37,
1778007852459,GET,67,2,chordKey_28_21,clients=50
1778007852458,GET,54,2,chordKey_38_36,clients=50
1778007852460,PUT,0,0,chordKey_28_22,clients=50
1778007852460,PUT,0,0,chordKey_38_37,clients=50
1778007852460,PUT_HOP,0,2,chordKey_8_25,
1778007852461,PUT_HOP,0,2,chordKey_18_20,
1778007852461,GET,58,2,chordKey_0_18,clients=50
1778007852462,PUT,0,0,chordKey_0_19,clients=50
1778007852457,GET,86,2,chordKey_47_37,clients=50
1778007852471,PUT,0,0,chordKey_47_38,clients=50
1778007852451,GET,46,2,chordKey_1_28,clients=50
1778007852473,PUT,0,0,chordKey_1_29,clients=50
1778007852449,GET,17,2,chordKey_44_29,clients=50
1778007852475,PUT,0,0,chordKey_44_30,clients=50
1778007852440,GET,32,2,chordKey_42_30,clients=50
1778007852479,PUT,0,0,chordKey_42_31,clients=50
1778007852472,GET,63,2,chordKey_8_25,clients=50
1778007852472,GET,66,2,chordKey_18_20,clients=50
1778007852481,PUT,0,0,chordKey_8_26,clients=50
1778007852481,PUT,0,0,chordKey_18_21,clients=50
1778007852480,GET,49,2,chordKey_14_25,clients=50
1778007852482,PUT,0,0,chordKey_14_26,clients=50
1778007852482,GET,52,2,chordKey_12_32,clients=50
1778007852483,PUT,0,0,chordKey_12_33,clients=50
1778007852483,GET,83,2,chordKey_21_48,clients=50
1778007852486,PUT,0,0,chordKey_21_49,clients=50
1778007852489,PUT_HOP,0,2,chordKey_11_12,
1778007852491,PUT_HOP,0,2,chordKey_14_25,
1778007852491,GET,30,2,chordKey_38_37,clients=50
1778007852492,PUT,0,0,chordKey_38_38,clients=50
1778007852492,PUT_HOP,0,2,chordKey_34_25,
1778007852493,GET,65,2,chordKey_11_12,clients=50
1778007852495,PUT,0,0,chordKey_11_13,clients=50
1778007852499,PUT_HOP,0,2,chordKey_33_35,
1778007852500,PUT_HOP,0,2,chordKey_22_44,
1778007852501,GET,65,2,chordKey_33_35,clients=50
1778007852502,PUT,0,0,chordKey_33_36,clients=50
1778007852508,PUT_HOP,0,2,chordKey_35_21,
1778007852514,PUT_HOP,0,2,chordKey_12_32,
1778007852514,GET,79,2,chordKey_6_35,clients=50
1778007852515,PUT,0,0,chordKey_6_36,clients=50
1778007852515,PUT_HOP,0,2,chordKey_6_35,
1778007852515,GET,81,2,chordKey_35_21,clients=50
1778007852516,PUT,0,0,chordKey_35_22,clients=50
1778007852516,PUT_HOP,0,2,chordKey_38_37,
1778007852516,PUT_HOP,0,2,chordKey_28_22,
1778007852518,PUT_HOP,0,2,chordKey_0_19,
1778007852519,GET,56,2,chordKey_0_19,clients=50
1778007852520,PUT,0,0,chordKey_0_20,clients=50
1778007852521,GET,74,2,chordKey_22_44,clients=50
1778007852525,PUT,0,0,chordKey_22_45,clients=50
1778007852540,GET,79,2,chordKey_28_22,clients=50
1778007852540,PUT_HOP,0,2,chordKey_1_29,
1778007852541,GET,64,2,chordKey_44_30,clients=50
1778007852541,PUT,0,0,chordKey_44_31,clients=50
1778007852541,PUT,0,0,chordKey_28_23,clients=50
1778007852545,GET,70,2,chordKey_1_29,clients=50
1778007852545,PUT_HOP,0,2,chordKey_42_31,
1778007852547,GET,67,2,chordKey_42_31,clients=50
1778007852549,PUT,0,0,chordKey_42_32,clients=50
1778007852549,PUT,1,0,chordKey_1_30,clients=50
1778007852551,PUT_HOP,0,2,chordKey_38_38,
1778007852552,GET,67,2,chordKey_12_33,clients=50
1778007852552,PUT_HOP,0,2,chordKey_12_33,
1778007852553,PUT,0,0,chordKey_12_34,clients=50
1778007852560,GET,66,2,chordKey_38_38,clients=50
1778007852561,PUT,0,0,chordKey_38_39,clients=50
1778007852561,PUT_HOP,0,2,chordKey_44_30,
1778007852564,GET,76,2,chordKey_21_49,clients=50
1778007852565,PUT,0,0,chordKey_21_50,clients=50
1778007852565,PUT_HOP,0,2,chordKey_21_49,
1778007852570,GET,111,2,chordKey_34_25,clients=50
1778007852572,PUT_HOP,0,2,chordKey_47_38,
1778007852572,PUT,0,0,chordKey_34_26,clients=50
1778007852584,PUT_HOP,0,2,chordKey_12_34,
1778007852585,GET,104,2,chordKey_8_26,clients=50
1778007852586,PUT_HOP,0,2,chordKey_8_26,
1778007852586,PUT,0,0,chordKey_8_27,clients=50
1778007852586,PUT_HOP,0,2,chordKey_18_21,
1778007852587,GET,104,2,chordKey_14_26,clients=50
1778007852587,PUT_HOP,0,2,chordKey_42_32,
1778007852591,PUT,0,0,chordKey_14_27,clients=50
1778007852590,PUT_HOP,0,2,chordKey_38_39,
1778007852593,GET,77,2,chordKey_6_36,clients=50
1778007852594,GET,77,2,chordKey_35_22,clients=50
1778007852593,PUT_HOP,0,2,chordKey_6_36,
1778007852588,GET,106,2,chordKey_18_21,clients=50
1778007852595,PUT,0,0,chordKey_18_22,clients=50
1778007852595,PUT,0,0,chordKey_35_23,clients=50
1778007852594,PUT,0,0,chordKey_6_37,clients=50
1778007852591,GET,119,2,chordKey_47_38,clients=50
1778007852599,GET,46,2,chordKey_12_34,clients=50
1778007852599,PUT_HOP,0,2,chordKey_14_26,
1778007852599,PUT_HOP,0,2,chordKey_11_13,
1778007852600,PUT,0,0,chordKey_12_35,clients=50
1778007852599,GET,49,2,chordKey_42_32,clients=50
1778007852599,PUT,0,0,chordKey_47_39,clients=50
1778007852601,PUT,0,0,chordKey_42_33,clients=50
1778007852601,GET,40,2,chordKey_38_39,clients=50
1778007852602,PUT_HOP,0,2,chordKey_33_36,
1778007852602,PUT,0,0,chordKey_38_40,clients=50
1778007852603,GET,101,2,chordKey_33_36,clients=50
1778007852604,PUT,0,0,chordKey_33_37,clients=50
1778007852606,PUT_HOP,0,2,chordKey_22_45,
1778007852606,GET,109,2,chordKey_11_13,clients=50
1778007852607,PUT_HOP,0,2,chordKey_0_20,
1778007852607,PUT,0,0,chordKey_11_14,clients=50
1778007852607,GET,83,2,chordKey_0_20,clients=50
1778007852608,PUT,0,0,chordKey_0_21,clients=50
1778007852609,PUT_HOP,0,2,chordKey_28_23,
1778007852610,GET,67,2,chordKey_28_23,clients=50
1778007852610,PUT_HOP,0,2,chordKey_35_22,
1778007852611,PUT_HOP,0,2,chordKey_1_30,
1778007852611,GET,85,2,chordKey_22_45,clients=50
1778007852612,PUT,0,0,chordKey_28_24,clients=50
1778007852612,PUT,0,0,chordKey_22_46,clients=50
1778007852616,GET,65,2,chordKey_1_30,clients=50
1778007852617,GET,75,2,chordKey_44_31,clients=50
1778007852617,PUT_HOP,0,2,chordKey_44_31,
1778007852618,PUT,0,0,chordKey_44_32,clients=50
1778007852617,PUT,0,0,chordKey_1_31,clients=50
1778007852634,GET,37,2,chordKey_35_23,clients=50
1778007852634,PUT_HOP,0,2,chordKey_35_23,
1778007852635,GET,16,2,chordKey_44_32,clients=50
1778007852636,PUT,0,0,chordKey_44_33,clients=50
1778007852635,GET,34,2,chordKey_12_35,clients=50
1778007852635,PUT,0,0,chordKey_35_24,clients=50
1778007852639,PUT,0,0,chordKey_12_36,clients=50
1778007852639,PUT_HOP,0,2,chordKey_42_33,
1778007852642,PUT_HOP,0,2,chordKey_44_32,
1778007852649,PUT_HOP,0,2,chordKey_33_37,
1778007852651,PUT_HOP,0,2,chordKey_21_50,
1778007852653,PUT_HOP,0,2,chordKey_34_26,
1778007852658,GET,52,2,chordKey_33_37,clients=50
1778007852658,PUT_HOP,0,2,chordKey_8_27,
1778007852659,PUT_HOP,0,2,chordKey_14_27,
1778007852659,GET,85,2,chordKey_34_26,clients=50
1778007852659,PUT,0,0,chordKey_33_38,clients=50
1778007852661,GET,74,2,chordKey_8_27,clients=50
1778007852662,PUT,0,0,chordKey_8_28,clients=50
1778007852661,GET,95,2,chordKey_21_50,clients=50
1778007852663,PUT,0,0,chordKey_21_51,clients=50
1778007852660,PUT,0,0,chordKey_34_27,clients=50
1778007852660,GET,68,2,chordKey_14_27,clients=50
1778007852665,PUT,0,0,chordKey_14_28,clients=50
1778007852665,GET,67,2,chordKey_6_37,clients=50
1778007852666,PUT,0,0,chordKey_6_38,clients=50
1778007852667,PUT_HOP,0,2,chordKey_34_27,
1778007852668,GET,66,2,chordKey_42_33,clients=50
1778007852668,PUT_HOP,0,2,chordKey_35_24,
1778007852669,PUT,0,0,chordKey_42_34,clients=50
1778007852672,PUT_HOP,0,2,chordKey_44_33,
1778007852673,PUT_HOP,0,2,chordKey_33_38,
1778007852678,GET,81,2,chordKey_18_22,clients=50
1778007852679,PUT_HOP,0,2,chordKey_6_37,
1778007852679,PUT,0,0,chordKey_18_23,clients=50
1778007852679,PUT_HOP,0,2,chordKey_47_39,
1778007852680,PUT_HOP,0,2,chordKey_38_40,
1778007852681,GET,79,2,chordKey_47_39,clients=50
1778007852681,PUT_HOP,0,2,chordKey_22_46,
1778007852682,PUT,0,0,chordKey_47_40,clients=50
1778007852681,GET,42,2,chordKey_35_24,clients=50
1778007852681,GET,44,2,chordKey_44_33,clients=50
1778007852684,PUT,0,0,chordKey_44_34,clients=50
1778007852684,PUT,0,0,chordKey_35_25,clients=50
1778007852686,PUT_HOP,0,2,chordKey_28_24,
1778007852686,GET,78,2,chordKey_11_14,clients=50
1778007852687,PUT,0,0,chordKey_11_15,clients=50
1778007852687,PUT_HOP,0,2,chordKey_18_22,
1778007852687,GET,74,2,chordKey_28_24,clients=50
1778007852689,GET,66,2,chordKey_1_31,clients=50
1778007852688,GET,79,2,chordKey_0_21,clients=50
1778007852692,PUT_HOP,0,2,chordKey_1_31,
1778007852687,GET,84,2,chordKey_38_40,clients=50
1778007852692,PUT_HOP,0,2,chordKey_0_21,
1778007852692,PUT,0,0,chordKey_0_22,clients=50
1778007852692,PUT_HOP,0,2,chordKey_12_35,
1778007852692,PUT,0,0,chordKey_1_32,clients=50
1778007852691,PUT,0,0,chordKey_28_25,clients=50
1778007852693,PUT,0,0,chordKey_38_41,clients=50
1778007852695,PUT_HOP,0,2,chordKey_11_14,
1778007852696,GET,83,2,chordKey_22_46,clients=50
1778007852697,PUT,0,0,chordKey_22_47,clients=50
1778007852697,PUT_HOP,0,2,chordKey_12_36,
1778007852698,GET,33,2,chordKey_34_27,clients=50
1778007852700,PUT,0,0,chordKey_34_28,clients=50
1778007852705,GET,65,2,chordKey_12_36,clients=50
1778007852706,PUT,0,0,chordKey_12_37,clients=50
1778007852707,PUT_HOP,0,2,chordKey_11_15,
1778007852710,GET,21,2,chordKey_11_15,clients=50
1778007852711,PUT,0,0,chordKey_11_16,clients=50
1778007852711,GET,50,2,chordKey_33_38,clients=50
1778007852712,PUT,0,0,chordKey_33_39,clients=50
1778007852717,PUT_HOP,0,2,chordKey_6_38,
1778007852723,PUT_HOP,0,2,chordKey_42_34,
1778007852736,PUT_HOP,0,2,chordKey_14_28,
1778007852740,PUT_HOP,0,2,chordKey_44_34,
1778007852740,PUT_HOP,0,2,chordKey_35_25,
1778007852742,PUT_HOP,0,2,chordKey_34_28,
1778007852743,GET,42,2,chordKey_34_28,clients=50
1778007852744,PUT,0,0,chordKey_34_29,clients=50
1778007852744,GET,32,2,chordKey_33_39,clients=50
1778007852745,PUT,0,0,chordKey_33_40,clients=50
1778007852746,PUT_HOP,0,2,chordKey_11_16,
1778007852746,GET,76,2,chordKey_42_34,clients=50
1778007852746,GET,61,2,chordKey_44_34,clients=50
1778007852749,PUT,0,0,chordKey_44_35,clients=50
1778007852746,GET,60,2,chordKey_35_25,clients=50
1778007852750,PUT,0,0,chordKey_35_26,clients=50
1778007852746,GET,34,2,chordKey_11_16,clients=50
1778007852751,PUT,0,0,chordKey_11_17,clients=50
1778007852748,PUT,0,0,chordKey_42_35,clients=50
1778007852753,PUT_HOP,0,2,chordKey_21_51,
1778007852753,GET,89,2,chordKey_21_51,clients=50
1778007852754,PUT_HOP,0,2,chordKey_8_28,
1778007852754,PUT,0,0,chordKey_21_52,clients=50
1778007852754,GET,91,2,chordKey_8_28,clients=50
1778007852757,PUT,1,0,chordKey_8_29,clients=50
1778007852758,GET,92,2,chordKey_14_28,clients=50
1778007852759,PUT_HOP,0,2,chordKey_18_23,
1778007852760,PUT,0,0,chordKey_14_29,clients=50
1778007852759,PUT_HOP,0,2,chordKey_12_37,
1778007852759,PUT_HOP,0,2,chordKey_1_32,
1778007852766,PUT_HOP,0,2,chordKey_33_39,
1778007852769,PUT_HOP,0,2,chordKey_0_22,
1778007852769,GET,90,2,chordKey_18_23,clients=50
1778007852770,PUT_HOP,0,2,chordKey_38_41,
1778007852771,PUT,0,0,chordKey_18_24,clients=50
1778007852771,PUT_HOP,0,2,chordKey_28_25,
1778007852772,GET,65,2,chordKey_12_37,clients=50
1778007852772,PUT,0,0,chordKey_12_38,clients=50
1778007852771,GET,77,2,chordKey_0_22,clients=50
1778007852774,PUT,0,0,chordKey_0_23,clients=50
1778007852775,PUT_HOP,0,2,chordKey_47_40,
1778007852775,GET,108,2,chordKey_6_38,clients=50
1778007852784,PUT_HOP,0,2,chordKey_34_29,
1778007852786,GET,32,2,chordKey_42_35,clients=50
1778007852790,PUT_HOP,0,2,chordKey_42_35,
1778007852784,GET,34,2,chordKey_44_35,clients=50
1778007852794,PUT,0,0,chordKey_44_36,clients=50
1778007852796,PUT_HOP,0,2,chordKey_44_35,
1778007852794,PUT,0,0,chordKey_42_36,clients=50
1778007852786,PUT,0,0,chordKey_6_39,clients=50
1778007852798,GET,47,2,chordKey_35_26,clients=50
1778007852800,PUT,0,0,chordKey_35_27,clients=50
1778007852800,GET,117,2,chordKey_47_40,clients=50
1778007852801,PUT,0,0,chordKey_47_41,clients=50
1778007852803,GET,58,2,chordKey_34_29,clients=50
1778007852805,PUT,0,0,chordKey_34_30,clients=50
1778007852808,GET,112,2,chordKey_28_25,clients=50
1778007852809,GET,113,2,chordKey_38_41,clients=50
1778007852809,PUT,0,0,chordKey_38_42,clients=50
1778007852809,PUT,0,0,chordKey_28_26,clients=50
1778007852810,PUT_HOP,0,2,chordKey_35_26,
1778007852811,GET,115,2,chordKey_1_32,clients=50
1778007852811,PUT,0,0,chordKey_1_33,clients=50
1778007852812,GET,51,2,chordKey_14_29,clients=50
1778007852813,PUT,0,0,chordKey_14_30,clients=50
1778007852813,PUT_HOP,0,2,chordKey_14_29,
1778007852828,PUT_HOP,0,2,chordKey_22_47,
1778007852830,GET,130,2,chordKey_22_47,clients=50
1778007852831,PUT,0,0,chordKey_22_48,clients=50
1778007852858,PUT_HOP,0,2,chordKey_33_40,
1778007852864,PUT_HOP,0,2,chordKey_12_38,
1778007852866,GET,93,2,chordKey_12_38,clients=50
1778007852867,PUT,0,0,chordKey_12_39,clients=50
1778007852876,PUT_HOP,0,2,chordKey_42_36,
1778007852878,PUT,3144,0,chordKey_16_13,clients=50
1778007852878,PUT_HOP,0,2,chordKey_35_27,
1778007852880,GET,84,2,chordKey_44_36,clients=50
1778007852880,PUT,0,0,chordKey_44_37,clients=50
1778007852881,GET,84,2,chordKey_42_36,clients=50
1778007852881,PUT_HOP,0,2,chordKey_44_36,
1778007852882,PUT_HOP,0,2,chordKey_6_39,
1778007852882,PUT,0,0,chordKey_42_37,clients=50
1778007852883,GET,82,2,chordKey_35_27,clients=50
1778007852883,GET,136,2,chordKey_33_40,clients=50
1778007852884,GET,131,2,chordKey_11_17,clients=50
1778007852884,PUT,0,0,chordKey_35_28,clients=50
1778007852885,PUT,0,0,chordKey_11_18,clients=50
1778007852884,PUT,0,0,chordKey_33_41,clients=50
1778007852888,PUT,3093,0,chordKey_10_5,clients=50
1778007852899,PUT_HOP,0,2,chordKey_11_17,
1778007852899,PUT_HOP,0,2,chordKey_22_48,
1778007852901,PUT_HOP,0,2,chordKey_21_52,
1778007852901,PUT_HOP,0,2,chordKey_8_29,
1778007852901,GET,142,2,chordKey_8_29,clients=50
1778007852902,PUT,0,0,chordKey_8_30,clients=50
1778007852915,GET,47,2,chordKey_12_39,clients=50
1778007852916,PUT,0,0,chordKey_12_40,clients=50
1778007852927,PUT_HOP,0,2,chordKey_18_24,
1778007852929,GET,97,2,chordKey_22_48,clients=50
1778007852929,PUT_HOP,0,2,chordKey_0_23,
1778007852929,PUT_HOP,0,2,chordKey_12_39,
1778007852930,GET,175,2,chordKey_21_52,clients=50
1778007852931,PUT,0,0,chordKey_21_53,clients=50
1778007852932,GET,160,2,chordKey_18_24,clients=50
1778007852930,PUT,0,0,chordKey_22_49,clients=50
1778007852932,PUT,0,0,chordKey_18_25,clients=50
1778007852935,PUT_HOP,0,2,chordKey_1_33,
1778007852935,GET,161,2,chordKey_0_23,clients=50
1778007852936,PUT_HOP,0,2,chordKey_38_42,
1778007852936,PUT_HOP,0,2,chordKey_28_26,
1778007852937,PUT_HOP,0,2,chordKey_11_18,
1778007852939,GET,129,2,chordKey_38_42,clients=50
1778007852938,GET,127,2,chordKey_28_26,clients=50
1778007852942,PUT,0,0,chordKey_28_27,clients=50
1778007852942,PUT,0,0,chordKey_38_43,clients=50
1778007852942,PUT,0,0,chordKey_0_24,clients=50
1778007852949,GET,63,2,chordKey_11_18,clients=50
1778007852950,PUT,0,0,chordKey_11_19,clients=50
1778007852950,GET,138,2,chordKey_1_33,clients=50
1778007852952,PUT,0,0,chordKey_1_34,clients=50
1778007852958,PUT,1039,0,chordKey_20_29,clients=50
1778007852959,GET,0,0,chordKey_20_29,clients=50
1778007852960,PUT,0,0,chordKey_20_30,clients=50
1778007852961,GET,0,0,chordKey_20_30,clients=50
1778007852961,PUT_HOP,0,2,chordKey_34_30,
1778007852962,PUT,0,0,chordKey_20_31,clients=50
1778007852962,GET,0,0,chordKey_20_31,clients=50
1778007852963,PUT,0,0,chordKey_20_32,clients=50
1778007852964,GET,0,0,chordKey_20_32,clients=50
1778007852965,PUT,0,0,chordKey_20_33,clients=50
1778007852965,GET,0,0,chordKey_20_33,clients=50
1778007852966,PUT,1047,0,chordKey_27_26,clients=50
1778007852966,PUT,1044,0,chordKey_24_19,clients=50
1778007852967,PUT,1047,0,chordKey_17_57,clients=50
1778007852967,PUT_HOP,0,2,chordKey_47_41,
1778007852968,GET,0,0,chordKey_17_57,clients=50
1778007852969,PUT,0,0,chordKey_17_58,clients=50
1778007852971,GET,0,0,chordKey_17_58,clients=50
1778007852973,PUT,0,0,chordKey_17_59,clients=50
1778007852974,GET,0,0,chordKey_17_59,clients=50
1778007852975,PUT,0,0,chordKey_17_60,clients=50
1778007852975,GET,0,0,chordKey_17_60,clients=50
1778007852976,PUT,0,0,chordKey_17_61,clients=50
1778007852977,GET,0,0,chordKey_17_61,clients=50
1778007852967,PUT,1046,0,chordKey_5_17,clients=50
1778007852966,PUT,1045,0,chordKey_46_14,clients=50
1778007852978,PUT,0,0,chordKey_17_62,clients=50
1778007852977,GET,3249,2,chordKey_31_14,clients=50
1778007852980,GET,0,0,chordKey_17_62,clients=50
1778007852980,PUT,0,0,chordKey_31_15,clients=50
1778007852988,PUT_HOP,0,2,chordKey_44_37,
1778007852991,GET,106,2,chordKey_35_28,clients=50
1778007852992,PUT,0,0,chordKey_35_29,clients=50
1778007852991,GET,177,2,chordKey_14_30,clients=50
1778007852994,PUT,0,0,chordKey_14_31,clients=50
1778007852994,PUT_HOP,0,2,chordKey_14_30,
1778007852995,GET,193,2,chordKey_47_41,clients=50
1778007852997,GET,118,2,chordKey_16_13,clients=50
1778007852998,PUT,0,0,chordKey_16_14,clients=50
1778007852997,GET,199,2,chordKey_6_39,clients=50
1778007852999,PUT,0,0,chordKey_6_40,clients=50
1778007853000,GET,119,2,chordKey_44_37,clients=50
1778007853000,PUT_HOP,0,2,chordKey_22_49,
1778007853001,PUT,0,0,chordKey_44_38,clients=50
1778007853012,PUT_HOP,0,2,chordKey_14_19,
1778007853014,PUT_HOP,0,2,chordKey_16_13,
1778007853021,GET,104,2,chordKey_12_40,clients=50
1778007853023,PUT,0,0,chordKey_12_41,clients=50
1778007853025,PUT_HOP,0,2,chordKey_12_40,
1778007853027,GET,144,2,chordKey_42_37,clients=50
1778007853028,PUT_HOP,0,2,chordKey_42_37,
1778007853028,PUT_HOP,0,2,chordKey_21_53,
1778007853013,PUT_HOP,0,2,chordKey_35_28,
1778007853028,GET,1160,2,chordKey_23_26,clients=50
1778007853030,PUT,0,0,chordKey_23_27,clients=50
1778007853030,PUT,0,0,chordKey_42_38,clients=50
1778007853034,GET,228,2,chordKey_34_30,clients=50
1778007853034,PUT,0,0,chordKey_34_31,clients=50
1778007853045,PUT_HOP,0,2,chordKey_33_41,
1778007853067,GET,181,2,chordKey_33_41,clients=50
1778007853067,PUT,0,0,chordKey_33_42,clients=50
1778007853069,GET,1227,2,chordKey_48_20,clients=50
1778007853070,PUT,0,0,chordKey_48_21,clients=50
1778007853071,GET,182,2,chordKey_10_5,clients=50
1778007853072,PUT,0,0,chordKey_10_6,clients=50
1778007853078,PUT_HOP,0,1,chordKey_42_38,
1778007853078,GET,144,2,chordKey_22_49,clients=50
1778007853079,PUT,0,0,chordKey_22_50,clients=50
1778007853082,GET,50,1,chordKey_42_38,clients=50
1778007853083,PUT,0,0,chordKey_42_39,clients=50
1778007853084,PUT_HOP,0,2,chordKey_20_30,
1778007853086,PUT_HOP,0,2,chordKey_11_19,
1778007853087,PUT_HOP,0,2,chordKey_20_29,
1778007853093,GET,141,2,chordKey_11_19,clients=50
1778007853093,PUT,0,0,chordKey_11_20,clients=50
1778007853099,PUT_HOP,0,2,chordKey_8_30,
1778007853099,PUT_HOP,0,2,chordKey_10_5,
1778007853101,GET,1234,2,chordKey_4_13,clients=50
1778007853102,PUT,0,0,chordKey_4_14,clients=50
1778007853103,GET,200,2,chordKey_8_30,clients=50
1778007853104,PUT,0,0,chordKey_8_31,clients=50
1778007853105,GET,1234,2,chordKey_3_26,clients=50
1778007853101,GET,1230,2,chordKey_45_21,clients=50
1778007853106,PUT_HOP,0,2,chordKey_27_26,
1778007853106,PUT_HOP,0,2,chordKey_20_31,
1778007853106,PUT,0,0,chordKey_45_22,clients=50
1778007853106,PUT,0,0,chordKey_3_27,clients=50
1778007853114,PUT_HOP,0,2,chordKey_0_24,
1778007853115,PUT_HOP,0,2,chordKey_31_15,
1778007853103,GET,1230,2,chordKey_13_21,clients=50
1778007853114,PUT_HOP,0,2,chordKey_38_43,
1778007853117,PUT,0,0,chordKey_13_22,clients=50
1778007853107,GET,1235,2,chordKey_19_22,clients=50
1778007853119,PUT,0,0,chordKey_19_23,clients=50
1778007853137,GET,1191,2,chordKey_39_26,clients=50
1778007853139,PUT,0,0,chordKey_39_27,clients=50
1778007853147,GET,204,2,chordKey_28_27,clients=50
1778007853148,PUT,0,0,chordKey_28_28,clients=50
1778007853150,GET,216,2,chordKey_18_25,clients=50
1778007853151,PUT,0,0,chordKey_18_26,clients=50
1778007853162,GET,216,2,chordKey_0_24,clients=50
1778007853163,GET,220,2,chordKey_38_43,clients=50
1778007853163,PUT,0,0,chordKey_0_25,clients=50
1778007853164,PUT,0,0,chordKey_38_44,clients=50
1778007853205,PUT_HOP,0,2,chordKey_17_57,
1778007853206,GET,253,2,chordKey_1_34,clients=50
1778007853206,PUT_HOP,0,2,chordKey_28_27,
1778007853207,PUT,0,0,chordKey_1_35,clients=50
1778007853206,GET,1268,2,chordKey_32_24,clients=50
1778007853217,PUT,0,0,chordKey_32_25,clients=50
1778007853217,PUT_HOP,0,2,chordKey_1_34,
1778007853225,PUT_HOP,0,2,chordKey_5_17,
1778007853225,GET,3423,2,chordKey_26_26,clients=50
1778007853225,GET,1287,2,chordKey_30_42,clients=50
1778007853226,PUT_HOP,0,2,chordKey_17_58,
1778007853226,PUT,0,0,chordKey_26_27,clients=50
1778007853227,PUT,0,0,chordKey_30_43,clients=50
1778007853227,PUT_HOP,0,2,chordKey_12_41,
1778007853231,PUT_HOP,0,2,chordKey_17_59,
1778007853231,PUT_HOP,0,2,chordKey_6_40,
1778007853238,GET,214,2,chordKey_12_41,clients=50
1778007853239,PUT,0,0,chordKey_12_42,clients=50
1778007853239,PUT_HOP,0,2,chordKey_24_19,
1778007853241,GET,262,2,chordKey_5_17,clients=50
1778007853241,GET,241,2,chordKey_6_40,clients=50
1778007853241,PUT,0,0,chordKey_5_18,clients=50
1778007853242,PUT,0,0,chordKey_6_41,clients=50
1778007853244,PUT_HOP,0,2,chordKey_48_21,
1778007853249,GET,3396,2,chordKey_2_13,clients=50
1778007853250,PUT,0,0,chordKey_2_14,clients=50
1778007853253,PUT_HOP,0,2,chordKey_46_14,
1778007853256,GET,289,2,chordKey_27_26,clients=50
1778007853258,PUT,0,0,chordKey_27_27,clients=50
1778007853261,GET,293,2,chordKey_24_19,clients=50
1778007853262,PUT_HOP,0,2,chordKey_20_33,
1778007853262,PUT,0,0,chordKey_24_20,clients=50
1778007853264,PUT_HOP,0,2,chordKey_20_32,
1778007853275,GET,204,2,chordKey_48_21,clients=50
1778007853275,PUT,0,0,chordKey_48_22,clients=50
1778007853284,PUT_HOP,0,2,chordKey_32_25,
1778007853286,GET,306,2,chordKey_46_14,clients=50
1778007853286,PUT,0,0,chordKey_46_15,clients=50
1778007853286,GET,68,2,chordKey_32_25,clients=50
1778007853288,PUT,0,0,chordKey_32_26,clients=50
1778007853292,PUT_HOP,0,2,chordKey_17_61,
1778007853292,PUT_HOP,0,2,chordKey_17_60,
1778007853292,PUT_HOP,0,2,chordKey_35_29,
1778007853299,PUT_HOP,0,2,chordKey_42_39,
1778007853300,GET,306,2,chordKey_35_29,clients=50
1778007853316,GET,313,2,chordKey_44_38,clients=50
1778007853316,PUT_HOP,0,2,chordKey_23_27,
1778007853317,PUT,0,0,chordKey_44_39,clients=50
1778007853320,GET,288,2,chordKey_23_27,clients=50
1778007853315,PUT_HOP,0,2,chordKey_44_38,
1778007853321,PUT,0,0,chordKey_23_28,clients=50
1778007853327,PUT_HOP,0,2,chordKey_17_62,
1778007853332,PUT_HOP,0,2,chordKey_14_31,
1778007853332,GET,248,2,chordKey_42_39,clients=50
1778007853332,PUT_HOP,0,2,chordKey_16_14,
1778007853336,PUT,0,0,chordKey_42_40,clients=50
1778007853332,GET,334,2,chordKey_16_14,clients=50
1778007853337,PUT,0,0,chordKey_16_15,clients=50
1778007853367,PUT_HOP,0,2,chordKey_28_28,
1778007853368,GET,219,2,chordKey_28_28,clients=50
1778007853369,PUT,0,0,chordKey_28_29,clients=50
1778007853368,GET,217,2,chordKey_18_26,clients=50
1778007853371,PUT,0,0,chordKey_18_27,clients=50
1778007853378,PUT_HOP,0,2,chordKey_18_26,
1778007853381,GET,217,2,chordKey_0_25,clients=50
1778007853382,GET,218,2,chordKey_38_44,clients=50
1778007853383,PUT,0,0,chordKey_0_26,clients=50
1778007853384,PUT,0,0,chordKey_38_45,clients=50
1778007853390,PUT_HOP,0,2,chordKey_1_35,
1778007853400,PUT_HOP,0,2,chordKey_34_31,
1778007853406,GET,371,2,chordKey_34_31,clients=50
1778007853407,PUT,0,0,chordKey_34_32,clients=50
1778007853410,PUT_HOP,0,2,chordKey_27_27,
1778007853413,GET,154,2,chordKey_27_27,clients=50
1778007853414,PUT,0,0,chordKey_27_28,clients=50
1778007853416,PUT_HOP,0,2,chordKey_32_26,
1778007853417,PUT_HOP,0,2,chordKey_46_15,
1778007853419,PUT_HOP,0,2,chordKey_0_25,
1778007853419,GET,130,2,chordKey_32_26,clients=50
1778007853420,PUT,1,0,chordKey_32_27,clients=50
1778007853429,GET,212,2,chordKey_1_35,clients=50
1778007853430,PUT,0,0,chordKey_1_36,clients=50
1778007853435,PUT_HOP,0,2,chordKey_44_39,
1778007853436,GET,441,2,chordKey_14_31,clients=50
1778007853436,PUT_HOP,0,2,chordKey_16_15,
1778007853437,PUT,0,0,chordKey_14_32,clients=50
1778007853438,PUT_HOP,0,2,chordKey_38_44,
1778007853439,PUT_HOP,0,2,chordKey_33_42,
1778007853441,GET,123,2,chordKey_44_39,clients=50
1778007853442,PUT,0,0,chordKey_44_40,clients=50
1778007853444,GET,375,2,chordKey_33_42,clients=50
1778007853445,PUT,0,0,chordKey_33_43,clients=50
1778007853445,GET,107,2,chordKey_16_15,clients=50
1778007853446,PUT,0,0,chordKey_16_16,clients=50
1778007853447,PUT_HOP,0,2,chordKey_26_27,
1778007853450,GET,163,2,chordKey_46_15,clients=50
1778007853451,PUT_HOP,0,2,chordKey_23_28,
1778007853451,PUT,0,0,chordKey_46_16,clients=50
1778007853452,GET,130,2,chordKey_23_28,clients=50
1778007853452,PUT,0,0,chordKey_23_29,clients=50
1778007853454,PUT_HOP,0,2,chordKey_10_6,
1778007853459,GET,44,2,chordKey_27_28,clients=50
1778007853458,PUT_HOP,0,2,chordKey_27_28,
1778007853460,PUT,0,0,chordKey_27_29,clients=50
1778007853461,PUT_HOP,0,2,chordKey_11_20,
1778007853463,GET,235,2,chordKey_26_27,clients=50
1778007853465,PUT_HOP,0,2,chordKey_22_50,
1778007853467,PUT,0,0,chordKey_26_28,clients=50
1778007853465,GET,393,2,chordKey_10_6,clients=50
1778007853469,PUT,0,0,chordKey_10_7,clients=50
1778007853490,PUT_HOP,0,2,chordKey_5_18,
1778007853491,PUT_HOP,0,2,chordKey_12_42,
1778007853490,PUT_HOP,0,2,chordKey_30_43,
1778007853492,GET,252,2,chordKey_12_42,clients=50
1778007853493,PUT_HOP,0,2,chordKey_6_41,
1778007853493,PUT,0,0,chordKey_12_43,clients=50
1778007853495,PUT_HOP,0,2,chordKey_16_16,
1778007853498,GET,256,2,chordKey_5_18,clients=50
1778007853499,PUT,0,0,chordKey_5_19,clients=50
1778007853499,PUT_HOP,0,2,chordKey_33_43,
1778007853502,GET,56,2,chordKey_33_43,clients=50
1778007853503,PUT_HOP,0,2,chordKey_8_31,
1778007853503,PUT_HOP,0,2,chordKey_48_22,
1778007853503,PUT,0,0,chordKey_33_44,clients=50
1778007853503,PUT_HOP,0,2,chordKey_46_16,
1778007853503,GET,383,2,chordKey_19_23,clients=50
1778007853502,GET,50,2,chordKey_46_16,clients=50
1778007853505,PUT,0,0,chordKey_19_24,clients=50
1778007853505,PUT,0,0,chordKey_46_17,clients=50
1778007853508,GET,55,2,chordKey_23_29,clients=50
1778007853508,PUT_HOP,0,2,chordKey_24_20,
1778007853509,PUT,0,0,chordKey_23_30,clients=50
1778007853510,GET,64,2,chordKey_16_16,clients=50
1778007853511,GET,431,2,chordKey_22_50,clients=50
1778007853511,PUT_HOP,0,2,chordKey_27_29,
1778007853512,PUT,0,0,chordKey_22_51,clients=50
1778007853511,PUT,0,0,chordKey_16_17,clients=50
1778007853514,PUT_HOP,0,2,chordKey_23_29,
1778007853518,PUT_HOP,0,2,chordKey_4_14,
1778007853519,PUT_HOP,0,2,chordKey_19_23,
1778007853521,GET,59,2,chordKey_27_29,clients=50
1778007853522,PUT,0,0,chordKey_27_30,clients=50
1778007853527,GET,299,2,chordKey_30_43,clients=50
1778007853529,PUT,0,0,chordKey_30_44,clients=50
1778007853530,GET,436,2,chordKey_11_20,clients=50
1778007853531,GET,267,2,chordKey_24_20,clients=50
1778007853532,PUT,0,0,chordKey_24_21,clients=50
1778007853531,GET,288,2,chordKey_6_41,clients=50
1778007853533,PUT_HOP,0,2,chordKey_42_40,
1778007853534,PUT_HOP,0,2,chordKey_33_44,
1778007853531,PUT,0,0,chordKey_11_21,clients=50
1778007853533,PUT_HOP,0,2,chordKey_28_29,
1778007853535,PUT,0,0,chordKey_6_42,clients=50
1778007853536,PUT_HOP,0,2,chordKey_18_27,
1778007853533,GET,257,2,chordKey_48_22,clients=50
1778007853539,PUT,0,0,chordKey_48_23,clients=50
1778007853533,GET,196,2,chordKey_42_40,clients=50
1778007853539,PUT_HOP,0,2,chordKey_38_45,
1778007853541,GET,156,2,chordKey_0_26,clients=50
1778007853537,GET,167,2,chordKey_28_29,clients=50
1778007853542,PUT,0,0,chordKey_0_27,clients=50
1778007853542,PUT_HOP,0,2,chordKey_0_26,
1778007853541,GET,37,2,chordKey_33_44,clients=50
1778007853542,PUT_HOP,0,2,chordKey_46_17,
1778007853543,GET,157,2,chordKey_38_45,clients=50
1778007853543,PUT,0,0,chordKey_38_46,clients=50
1778007853541,PUT,0,0,chordKey_42_41,clients=50
1778007853545,GET,173,2,chordKey_18_27,clients=50
1778007853543,PUT,0,0,chordKey_33_45,clients=50
1778007853542,PUT,0,0,chordKey_28_30,clients=50
1778007853546,PUT,0,0,chordKey_18_28,clients=50
1778007853548,PUT_HOP,0,2,chordKey_2_14,
1778007853551,GET,299,2,chordKey_2_14,clients=50
1778007853551,PUT,0,0,chordKey_2_15,clients=50
1778007853552,PUT_HOP,0,2,chordKey_1_36,
1778007853554,GET,146,2,chordKey_34_32,clients=50
1778007853557,PUT_HOP,0,2,chordKey_34_32,
1778007853559,PUT,0,0,chordKey_34_33,clients=50
1778007853560,PUT_HOP,0,2,chordKey_44_40,
1778007853563,GET,132,2,chordKey_1_36,clients=50
1778007853564,PUT,0,0,chordKey_1_37,clients=50
1778007853566,PUT_HOP,0,2,chordKey_14_32,
1778007853566,PUT_HOP,0,2,chordKey_32_27,
1778007853567,GET,129,2,chordKey_14_32,clients=50
1778007853568,GET,97,2,chordKey_10_7,clients=50
1778007853568,PUT_HOP,0,2,chordKey_10_7,
1778007853568,PUT,0,0,chordKey_14_33,clients=50
1778007853569,PUT,0,0,chordKey_10_8,clients=50
1778007853570,PUT_HOP,0,2,chordKey_19_24,
1778007853572,GET,150,2,chordKey_32_27,clients=50
1778007853572,PUT,0,0,chordKey_32_28,clients=50
1778007853578,GET,135,2,chordKey_44_40,clients=50
1778007853579,PUT,0,0,chordKey_44_41,clients=50
1778007853591,GET,78,2,chordKey_16_17,clients=50
1778007853592,PUT,0,0,chordKey_16_18,clients=50
1778007853594,PUT_HOP,0,2,chordKey_16_17,
1778007853600,GET,94,2,chordKey_19_24,clients=50
1778007853600,PUT,0,0,chordKey_19_25,clients=50
1778007853603,GET,91,2,chordKey_22_51,clients=50
1778007853604,PUT,0,0,chordKey_22_52,clients=50
1778007853609,PUT_HOP,0,2,chordKey_11_21,
1778007853613,GET,107,2,chordKey_46_17,clients=50
1778007853614,PUT,0,0,chordKey_46_18,clients=50
1778007853617,GET,80,2,chordKey_11_21,clients=50
1778007853618,PUT,0,0,chordKey_11_22,clients=50
1778007853625,PUT_HOP,0,2,chordKey_34_33,
1778007853626,GET,80,2,chordKey_33_45,clients=50
1778007853626,PUT_HOP,0,2,chordKey_33_45,
1778007853627,PUT,0,0,chordKey_33_46,clients=50
1778007853638,PUT_HOP,0,2,chordKey_22_51,
1778007853639,GET,78,2,chordKey_34_33,clients=50
1778007853640,PUT,0,0,chordKey_34_34,clients=50
1778007853649,GET,181,2,chordKey_26_28,clients=50
1778007853649,PUT_HOP,0,2,chordKey_5_19,
1778007853650,PUT_HOP,0,2,chordKey_12_43,
1778007853651,PUT,0,0,chordKey_26_29,clients=50
1778007853650,PUT_HOP,0,2,chordKey_27_30,
1778007853649,GET,149,2,chordKey_5_19,clients=50
1778007853650,PUT_HOP,0,2,chordKey_26_28,
1778007853651,PUT_HOP,0,2,chordKey_23_30,
1778007853652,PUT,0,0,chordKey_5_20,clients=50
1778007853651,GET,157,2,chordKey_12_43,clients=50
1778007853653,PUT,0,0,chordKey_12_44,clients=50
1778007853652,GET,142,2,chordKey_23_30,clients=50
1778007853654,PUT_HOP,0,2,chordKey_6_42,
1778007853656,PUT,0,0,chordKey_23_31,clients=50
1778007853657,PUT_HOP,0,2,chordKey_48_23,
1778007853657,PUT_HOP,0,2,chordKey_10_8,
1778007853659,GET,136,2,chordKey_27_30,clients=50
1778007853661,PUT_HOP,0,2,chordKey_32_28,
1778007853657,PUT_HOP,0,2,chordKey_24_21,
1778007853667,PUT,1,0,chordKey_27_31,clients=50
1778007853654,GET,121,2,chordKey_24_21,clients=50
1778007853670,PUT,0,0,chordKey_24_22,clients=50
1778007853666,GET,92,2,chordKey_32_28,clients=50
1778007853662,GET,91,2,chordKey_10_8,clients=50
1778007853674,PUT,0,0,chordKey_10_9,clients=50
1778007853674,PUT_HOP,0,2,chordKey_30_44,
1778007853673,GET,143,2,chordKey_30_44,clients=50
1778007853672,PUT,0,0,chordKey_32_29,clients=50
1778007853675,PUT,0,0,chordKey_30_45,clients=50
1778007853677,PUT_HOP,0,2,chordKey_16_18,
1778007853678,PUT_HOP,0,2,chordKey_28_30,
1778007853689,GET,96,2,chordKey_16_18,clients=50
1778007853691,PUT,0,0,chordKey_16_19,clients=50
1778007853692,GET,154,2,chordKey_6_42,clients=50
1778007853693,PUT,0,0,chordKey_6_43,clients=50
1778007853694,PUT_HOP,0,2,chordKey_2_15,
1778007853695,PUT_HOP,0,2,chordKey_42_41,
1778007853695,GET,143,2,chordKey_2_15,clients=50
1778007853696,PUT_HOP,0,2,chordKey_11_22,
1778007853696,PUT,0,0,chordKey_2_16,clients=50
1778007853697,GET,150,2,chordKey_28_30,clients=50
1778007853699,PUT,0,0,chordKey_28_31,clients=50
1778007853699,GET,80,2,chordKey_11_22,clients=50
1778007853700,PUT,0,0,chordKey_11_23,clients=50
1778007853702,PUT_HOP,0,2,chordKey_46_18,
1778007853703,GET,88,2,chordKey_46_18,clients=50
1778007853703,PUT,0,0,chordKey_46_19,clients=50
1778007853704,PUT_HOP,0,2,chordKey_34_34,
1778007853705,GET,64,2,chordKey_34_34,clients=50
1778007853706,PUT,0,0,chordKey_34_35,clients=50
1778007853710,PUT_HOP,0,2,chordKey_32_29,
1778007853711,GET,36,2,chordKey_10_9,clients=50
1778007853710,PUT_HOP,0,2,chordKey_10_9,
1778007853712,PUT,0,0,chordKey_10_10,clients=50
1778007853712,GET,36,2,chordKey_32_29,clients=50
1778007853712,GET,170,2,chordKey_0_27,clients=50
1778007853712,PUT,0,0,chordKey_32_30,clients=50
1778007853713,PUT,0,0,chordKey_0_28,clients=50
1778007853712,GET,172,2,chordKey_48_23,clients=50
1778007853713,PUT_HOP,0,2,chordKey_38_46,
1778007853714,PUT,0,0,chordKey_48_24,clients=50
1778007853714,PUT_HOP,0,2,chordKey_1_37,
1778007853714,GET,170,2,chordKey_38_46,clients=50
1778007853715,PUT,0,0,chordKey_38_47,clients=50
1778007853717,PUT_HOP,0,2,chordKey_33_46,
1778007853718,GET,89,2,chordKey_33_46,clients=50
1778007853718,PUT_HOP,0,2,chordKey_18_28,
1778007853719,PUT,0,0,chordKey_33_47,clients=50
1778007853718,GET,171,2,chordKey_18_28,clients=50
1778007853718,GET,148,2,chordKey_14_33,clients=50
1778007853722,PUT,0,0,chordKey_14_34,clients=50
1778007853721,PUT,0,0,chordKey_18_29,clients=50
1778007853726,PUT_HOP,0,2,chordKey_16_19,
1778007853732,GET,167,2,chordKey_1_37,clients=50
1778007853733,PUT,0,0,chordKey_1_38,clients=50
1778007853741,PUT_HOP,0,2,chordKey_34_35,
1778007853742,PUT_HOP,0,2,chordKey_11_23,
1778007853744,GET,40,2,chordKey_46_19,clients=50
1778007853744,PUT_HOP,0,2,chordKey_10_10,
1778007853745,GET,53,2,chordKey_16_19,clients=50
1778007853751,PUT,0,0,chordKey_16_20,clients=50
1778007853749,PUT,0,0,chordKey_46_20,clients=50
1778007853753,GET,52,2,chordKey_11_23,clients=50
1778007853754,PUT,0,0,chordKey_11_24,clients=50
1778007853756,PUT_HOP,0,2,chordKey_0_27,
1778007853759,GET,52,2,chordKey_34_35,clients=50
1778007853762,PUT,1,0,chordKey_34_36,clients=50
1778007853765,GET,220,2,chordKey_42_41,clients=50
1778007853766,PUT,0,0,chordKey_42_42,clients=50
1778007853770,PUT_HOP,0,2,chordKey_14_33,
1778007853770,GET,57,2,chordKey_10_10,clients=50
1778007853771,PUT,0,0,chordKey_10_11,clients=50
1778007853781,PUT_HOP,0,2,chordKey_30_45,
1778007853783,GET,106,2,chordKey_30_45,clients=50
1778007853783,PUT,0,0,chordKey_30_46,clients=50
1778007853785,PUT_HOP,0,2,chordKey_19_25,
1778007853788,GET,186,2,chordKey_19_25,clients=50
1778007853790,PUT,2,0,chordKey_19_26,clients=50
1778007853792,GET,72,2,chordKey_33_47,clients=50
1778007853797,PUT_HOP,0,2,chordKey_33_47,
1778007853803,PUT_HOP,0,2,chordKey_26_29,
1778007853805,PUT_HOP,0,2,chordKey_44_41,
1778007853805,PUT_HOP,0,2,chordKey_46_19,
1778007853807,PUT,0,0,chordKey_33_48,clients=50
1778007853806,GET,155,2,chordKey_26_29,clients=50
1778007853802,GET,222,2,chordKey_44_41,clients=50
1778007853808,GET,53,2,chordKey_11_24,clients=50
1778007853808,PUT,0,0,chordKey_26_30,clients=50
1778007853810,PUT,0,0,chordKey_11_25,clients=50
1778007853802,PUT_HOP,0,2,chordKey_11_24,
1778007853810,PUT,0,0,chordKey_44_42,clients=50
1778007853812,PUT_HOP,0,2,chordKey_10_11,
1778007853814,GET,42,2,chordKey_10_11,clients=50
1778007853815,PUT,0,0,chordKey_10_12,clients=50
1778007853808,PUT_HOP,0,2,chordKey_34_36,
1778007853822,PUT_HOP,0,2,chordKey_12_44,
1778007853823,GET,169,2,chordKey_12_44,clients=50
1778007853824,PUT,0,0,chordKey_12_45,clients=50
1778007853826,PUT_HOP,0,2,chordKey_23_31,
1778007853826,GET,169,2,chordKey_23_31,clients=50
1778007853827,PUT,0,0,chordKey_23_32,clients=50
1778007853830,GET,226,2,chordKey_22_52,clients=50
1778007853831,PUT,0,0,chordKey_22_53,clients=50
1778007853840,GET,172,2,chordKey_27_31,clients=50
1778007853841,PUT,0,0,chordKey_27_32,clients=50
1778007853841,PUT_HOP,0,2,chordKey_22_52,
1778007853843,PUT_HOP,0,2,chordKey_5_20,
1778007853843,PUT_HOP,0,2,chordKey_27_31,
1778007853843,GET,190,2,chordKey_5_20,clients=50
1778007853844,PUT_HOP,0,2,chordKey_24_22,
1778007853844,PUT,0,0,chordKey_5_21,clients=50
1778007853845,PUT_HOP,0,2,chordKey_2_16,
1778007853845,GET,174,2,chordKey_24_22,clients=50
1778007853846,PUT,0,0,chordKey_24_23,clients=50
1778007853860,GET,166,2,chordKey_6_43,clients=50
1778007853860,PUT_HOP,0,2,chordKey_6_43,
1778007853861,PUT,0,0,chordKey_6_44,clients=50
1778007853861,PUT_HOP,0,2,chordKey_38_47,
1778007853861,PUT_HOP,0,2,chordKey_0_28,
1778007853862,GET,148,2,chordKey_0_28,clients=50
1778007853863,PUT,0,0,chordKey_0_29,clients=50
1778007853864,GET,149,2,chordKey_48_24,clients=50
1778007853866,PUT,0,0,chordKey_48_25,clients=50
1778007853877,PUT_HOP,0,2,chordKey_30_46,
1778007853880,GET,72,2,chordKey_33_48,clients=50
1778007853881,PUT,0,0,chordKey_33_49,clients=50
1778007853882,GET,182,2,chordKey_28_31,clients=50
1778007853883,PUT,0,0,chordKey_28_32,clients=50
1778007853884,GET,100,2,chordKey_30_46,clients=50
1778007853884,PUT_HOP,0,2,chordKey_14_34,
1778007853885,GET,171,2,chordKey_32_30,clients=50
1778007853885,PUT,0,0,chordKey_30_47,clients=50
1778007853885,PUT,0,0,chordKey_32_31,clients=50
1778007853891,GET,127,2,chordKey_34_36,clients=50
1778007853892,PUT,0,0,chordKey_34_37,clients=50
1778007853895,PUT_HOP,0,2,chordKey_11_25,
1778007853898,PUT_HOP,0,2,chordKey_33_48,
1778007853899,PUT_HOP,0,2,chordKey_28_31,
1778007853900,GET,202,2,chordKey_2_16,clients=50
1778007853900,GET,177,2,chordKey_14_34,clients=50
1778007853901,PUT_HOP,0,2,chordKey_32_30,
1778007853902,PUT,0,0,chordKey_14_35,clients=50
1778007853901,PUT_HOP,0,2,chordKey_19_26,
1778007853901,PUT,0,0,chordKey_2_17,clients=50
1778007853902,GET,110,2,chordKey_19_26,clients=50
1778007853904,PUT,0,0,chordKey_19_27,clients=50
1778007853910,PUT_HOP,0,2,chordKey_48_24,
1778007853913,GET,102,2,chordKey_11_25,clients=50
1778007853913,PUT_HOP,0,2,chordKey_10_12,
1778007853915,PUT,0,0,chordKey_11_26,clients=50
1778007853916,GET,101,2,chordKey_10_12,clients=50
1778007853917,PUT,0,0,chordKey_10_13,clients=50
1778007853928,GET,204,2,chordKey_18_29,clients=50
1778007853930,PUT,0,0,chordKey_18_30,clients=50
1778007853931,GET,215,2,chordKey_38_47,clients=50
1778007853931,PUT_HOP,0,2,chordKey_46_20,
1778007853932,PUT,0,0,chordKey_38_48,clients=50
1778007853932,PUT_HOP,0,2,chordKey_16_20,
1778007853933,PUT_HOP,0,2,chordKey_42_42,
1778007853933,PUT_HOP,0,2,chordKey_1_38,
1778007853934,PUT_HOP,0,2,chordKey_44_42,
1778007853936,GET,201,2,chordKey_1_38,clients=50
1778007853937,PUT,0,0,chordKey_1_39,clients=50
1778007853948,PUT_HOP,0,2,chordKey_26_30,
1778007853952,PUT_HOP,0,2,chordKey_32_31,
1778007853956,PUT_HOP,0,2,chordKey_33_49,
1778007853958,GET,72,2,chordKey_32_31,clients=50
1778007853960,PUT,0,0,chordKey_32_32,clients=50
1778007853962,GET,152,2,chordKey_26_30,clients=50
1778007853964,PUT,0,0,chordKey_26_31,clients=50
1778007853966,PUT_HOP,0,2,chordKey_14_35,
1778007853968,GET,86,2,chordKey_33_49,clients=50
1778007853969,PUT,0,0,chordKey_33_50,clients=50
1778007853970,PUT_HOP,0,2,chordKey_34_37,
1778007853971,GET,218,2,chordKey_46_20,clients=50
1778007853972,PUT,0,0,chordKey_46_21,clients=50
1778007853974,GET,162,2,chordKey_44_42,clients=50
1778007853975,PUT_HOP,0,2,chordKey_18_29,
1778007853975,PUT,0,0,chordKey_44_43,clients=50
1778007853975,PUT_HOP,0,2,chordKey_12_45,
1778007853975,GET,222,2,chordKey_16_20,clients=50
1778007853976,PUT_HOP,0,2,chordKey_23_32,
1778007853976,GET,206,2,chordKey_42_42,clients=50
1778007853977,PUT,0,0,chordKey_16_21,clients=50
1778007853980,GET,148,2,chordKey_22_53,clients=50
1778007853981,PUT,0,0,chordKey_22_54,clients=50
1778007853977,GET,150,2,chordKey_23_32,clients=50
1778007853983,PUT_HOP,0,2,chordKey_22_53,
1778007853984,PUT,0,0,chordKey_23_33,clients=50
1778007853979,PUT,0,0,chordKey_42_43,clients=50
1778007853988,PUT_HOP,0,2,chordKey_24_23,
1778007853989,GET,164,2,chordKey_12_45,clients=50
1778007853990,PUT,0,0,chordKey_12_46,clients=50
1778007853991,PUT_HOP,0,2,chordKey_6_44,
1778007853991,GET,144,2,chordKey_24_23,clients=50
1778007853993,PUT,0,0,chordKey_24_24,clients=50
1778007853994,PUT_HOP,0,2,chordKey_27_32,
1778007853996,PUT,1030,0,chordKey_20_34,clients=50
1778007853996,PUT,1001,0,chordKey_47_42,clients=50
1778007853997,GET,0,0,chordKey_20_34,clients=50
1778007853998,PUT,0,0,chordKey_20_35,clients=50
1778007853999,GET,0,0,chordKey_20_35,clients=50
1778007854000,PUT,0,0,chordKey_20_36,clients=50
1778007854001,GET,159,2,chordKey_27_32,clients=50
1778007853998,GET,153,2,chordKey_5_21,clients=50
1778007854002,PUT,0,0,chordKey_27_33,clients=50
1778007854002,PUT_HOP,0,2,chordKey_30_47,
1778007854001,GET,0,0,chordKey_20_36,clients=50
1778007854003,GET,141,2,chordKey_6_44,clients=50
1778007854002,PUT,0,0,chordKey_5_22,clients=50
1778007854004,PUT,0,0,chordKey_6_45,clients=50
1778007854003,PUT,0,0,chordKey_20_37,clients=50
1778007854005,GET,0,0,chordKey_20_37,clients=50
1778007854007,PUT,0,0,chordKey_20_38,clients=50
1778007854007,PUT,1026,0,chordKey_17_63,clients=50
1778007854011,PUT_HOP,0,2,chordKey_11_26,
1778007854012,GET,0,0,chordKey_17_63,clients=50
1778007854013,PUT,0,0,chordKey_17_64,clients=50
1778007854013,GET,0,0,chordKey_17_64,clients=50
1778007854014,PUT,0,0,chordKey_17_65,clients=50
1778007854014,GET,0,0,chordKey_17_65,clients=50
1778007854014,PUT_HOP,0,2,chordKey_2_17,
1778007854015,PUT,0,0,chordKey_17_66,clients=50
1778007854015,GET,0,0,chordKey_17_66,clients=50
1778007854014,PUT_HOP,0,2,chordKey_19_27,
1778007854015,GET,130,2,chordKey_30_47,clients=50
1778007854015,PUT_HOP,0,2,chordKey_5_21,
1778007854007,GET,0,0,chordKey_20_38,clients=50
1778007854016,PUT,0,0,chordKey_30_48,clients=50
1778007854016,PUT,0,0,chordKey_17_67,clients=50
1778007854017,GET,0,0,chordKey_17_67,clients=50
1778007854018,PUT,0,0,chordKey_17_68,clients=50
1778007854018,GET,0,0,chordKey_17_68,clients=50
1778007854020,PUT_HOP,0,2,chordKey_0_29,
1778007854021,PUT_HOP,0,2,chordKey_48_25,
1778007854027,PUT,0,0,chordKey_17_69,clients=50
1778007854028,GET,0,0,chordKey_17_69,clients=50
1778007854029,PUT,0,0,chordKey_17_70,clients=50
1778007854030,GET,0,0,chordKey_17_70,clients=50
1778007854031,PUT,0,0,chordKey_17_71,clients=50
1778007854032,GET,0,0,chordKey_17_71,clients=50
1778007854033,PUT,0,0,chordKey_17_72,clients=50
1778007854015,GET,112,2,chordKey_14_35,clients=50
1778007854038,PUT_HOP,0,2,chordKey_28_32,
1778007854038,PUT,0,0,chordKey_14_36,clients=50
1778007854012,GET,119,2,chordKey_34_37,clients=50
1778007854033,GET,0,0,chordKey_17_72,clients=50
1778007854040,PUT,0,0,chordKey_34_38,clients=50
1778007854027,GET,143,2,chordKey_28_32,clients=50
1778007854041,GET,176,2,chordKey_0_29,clients=50
1778007854022,GET,155,2,chordKey_48_25,clients=50
1778007854043,PUT_HOP,0,2,chordKey_38_48,
1778007854043,PUT,0,0,chordKey_48_26,clients=50
1778007854017,PUT,0,0,chordKey_20_39,clients=50
1778007854044,GET,0,0,chordKey_20_39,clients=50
1778007854045,GET,84,2,chordKey_32_32,clients=50
1778007854042,PUT,0,0,chordKey_0_30,clients=50
1778007854042,GET,109,2,chordKey_38_48,clients=50
1778007854047,PUT,0,0,chordKey_38_49,clients=50
1778007854042,PUT,0,0,chordKey_28_33,clients=50
1778007854040,PUT,0,0,chordKey_17_73,clients=50
1778007854048,GET,0,0,chordKey_17_73,clients=50
1778007854049,PUT,0,0,chordKey_17_74,clients=50
1778007854049,GET,0,0,chordKey_17_74,clients=50
1778007854050,PUT,0,0,chordKey_17_75,clients=50
1778007854051,GET,0,0,chordKey_17_75,clients=50
1778007854051,PUT,0,0,chordKey_17_76,clients=50
1778007854051,GET,0,0,chordKey_17_76,clients=50
1778007854046,PUT,0,0,chordKey_32_33,clients=50
1778007854045,PUT,0,0,chordKey_20_40,clients=50
1778007854052,GET,0,0,chordKey_20_40,clients=50
1778007854044,GET,129,2,chordKey_11_26,clients=50
1778007854054,PUT,0,0,chordKey_11_27,clients=50
1778007854056,PUT_HOP,0,1,chordKey_20_38,
1778007854056,GET,10015,0,chordKey_43_3,clients=50
1778007854059,PUT,0,0,chordKey_43_4,clients=50
1778007854061,PUT_HOP,0,2,chordKey_32_32,
1778007854067,PUT_HOP,0,2,chordKey_18_25,
1778007854074,GET,156,2,chordKey_10_13,clients=50
1778007854075,PUT,0,0,chordKey_10_14,clients=50
1778007854077,GET,174,2,chordKey_2_17,clients=50
1778007854078,PUT,0,0,chordKey_2_18,clients=50
1778007854079,GET,1147,2,chordKey_21_53,clients=50
1778007854080,PUT,0,0,chordKey_21_54,clients=50
1778007854081,PUT_HOP,0,2,chordKey_22_54,
1778007854090,GET,152,2,chordKey_1_39,clients=50
1778007854091,PUT_HOP,0,2,chordKey_1_39,
1778007854092,PUT,0,0,chordKey_1_40,clients=50
1778007854093,PUT_HOP,0,2,chordKey_33_50,
1778007854097,PUT_HOP,0,2,chordKey_10_13,
1778007854113,GET,130,2,chordKey_22_54,clients=50
1778007854114,PUT,0,0,chordKey_22_55,clients=50
1778007854116,GET,10010,0,chordKey_7_3,clients=50
1778007854117,PUT,0,0,chordKey_7_4,clients=50
1778007854122,PUT_HOP,0,2,chordKey_20_34,
1778007854123,PUT_HOP,0,2,chordKey_20_35,
1778007854130,PUT_HOP,0,2,chordKey_44_43,
1778007854133,PUT_HOP,0,2,chordKey_18_30,
1778007854133,GET,168,2,chordKey_26_31,clients=50
1778007854134,PUT,0,0,chordKey_26_32,clients=50
1778007854133,GET,203,2,chordKey_18_30,clients=50
1778007854135,PUT,0,0,chordKey_18_31,clients=50
1778007854135,GET,230,2,chordKey_19_27,clients=50
1778007854136,PUT_HOP,0,2,chordKey_30_48,
1778007854136,PUT,0,0,chordKey_19_28,clients=50
1778007854141,GET,1160,2,chordKey_31_15,clients=50
1778007854142,PUT,0,0,chordKey_31_16,clients=50
1778007854143,PUT_HOP,0,2,chordKey_26_31,
1778007854153,GET,136,2,chordKey_30_48,clients=50
1778007854154,PUT,0,0,chordKey_30_49,clients=50
1778007854157,PUT_HOP,0,2,chordKey_46_21,
1778007854158,PUT_HOP,0,2,chordKey_16_21,
1778007854170,PUT_HOP,0,2,chordKey_20_36,
1778007854172,PUT_HOP,0,2,chordKey_14_36,
1778007854176,GET,199,2,chordKey_44_43,clients=50
1778007854176,PUT,0,0,chordKey_44_44,clients=50
1778007854183,PUT_HOP,0,2,chordKey_20_37,
1778007854184,PUT_HOP,0,2,chordKey_32_33,
1778007854185,GET,146,2,chordKey_14_36,clients=50
1778007854185,PUT,0,0,chordKey_14_37,clients=50
1778007854186,GET,188,2,chordKey_47_42,clients=50
1778007854187,PUT,0,0,chordKey_47_43,clients=50
1778007854190,GET,136,2,chordKey_11_27,clients=50
1778007854191,PUT,0,0,chordKey_11_28,clients=50
1778007854197,GET,213,2,chordKey_23_33,clients=50
1778007854197,PUT_HOP,0,2,chordKey_12_46,
1778007854198,PUT,0,0,chordKey_23_34,clients=50
1778007854198,PUT_HOP,0,2,chordKey_47_42,
1778007854199,PUT_HOP,0,2,chordKey_11_27,
1778007854199,GET,207,2,chordKey_12_46,clients=50
1778007854201,PUT,0,0,chordKey_12_47,clients=50
1778007854199,GET,225,2,chordKey_46_21,clients=50
1778007854202,PUT,0,0,chordKey_46_22,clients=50
1778007854202,PUT_HOP,0,2,chordKey_22_55,
1778007854203,PUT_HOP,0,2,chordKey_5_22,
1778007854202,GET,232,2,chordKey_33_50,clients=50
1778007854204,PUT,0,0,chordKey_33_51,clients=50
1778007854206,PUT_HOP,0,2,chordKey_42_43,
1778007854207,PUT_HOP,0,2,chordKey_23_33,
1778007854207,PUT_HOP,0,2,chordKey_27_33,
1778007854208,GET,228,2,chordKey_16_21,clients=50
1778007854208,PUT_HOP,0,2,chordKey_24_24,
1778007854209,PUT,0,0,chordKey_16_22,clients=50
1778007854210,GET,225,2,chordKey_42_43,clients=50
1778007854211,PUT,0,0,chordKey_42_44,clients=50
1778007854213,GET,210,2,chordKey_27_33,clients=50
1778007854213,PUT_HOP,0,2,chordKey_6_45,
1778007854214,PUT,0,0,chordKey_27_34,clients=50
1778007854214,PUT_HOP,0,2,chordKey_17_64,
1778007854213,GET,219,2,chordKey_24_24,clients=50
1778007854216,GET,101,2,chordKey_22_55,clients=50
1778007854216,PUT,0,0,chordKey_22_56,clients=50
1778007854216,PUT,0,0,chordKey_24_25,clients=50
1778007854219,GET,143,2,chordKey_10_14,clients=50
1778007854220,PUT,0,0,chordKey_10_15,clients=50
1778007854220,PUT_HOP,0,2,chordKey_17_63,
1778007854222,GET,181,2,chordKey_34_38,clients=50
1778007854223,PUT_HOP,0,2,chordKey_10_14,
1778007854223,PUT,0,0,chordKey_34_39,clients=50
1778007854226,PUT_HOP,0,2,chordKey_34_38,
1778007854234,PUT_HOP,0,2,chordKey_20_40,
1778007854236,PUT_HOP,0,2,chordKey_48_26,
1778007854236,PUT_HOP,0,2,chordKey_20_39,
1778007854238,PUT_HOP,0,2,chordKey_17_70,
1778007854241,PUT_HOP,0,2,chordKey_17_73,
1778007854243,GET,238,2,chordKey_6_45,clients=50
1778007854244,PUT,0,0,chordKey_6_46,clients=50
1778007854247,PUT_HOP,0,2,chordKey_17_67,
1778007854249,PUT_HOP,0,2,chordKey_17_72,
1778007854250,PUT_HOP,0,2,chordKey_17_68,
1778007854254,GET,210,2,chordKey_48_26,clients=50
1778007854255,PUT,0,0,chordKey_48_27,clients=50
1778007854255,GET,208,2,chordKey_38_49,clients=50
1778007854258,PUT,0,0,chordKey_38_50,clients=50
1778007854268,PUT_HOP,0,2,chordKey_31_16,
1778007854269,PUT_HOP,0,2,chordKey_17_71,
1778007854269,PUT_HOP,0,2,chordKey_17_74,
1778007854270,GET,127,2,chordKey_31_16,clients=50
1778007854270,PUT,0,0,chordKey_31_17,clients=50
1778007854272,PUT_HOP,0,2,chordKey_38_49,
1778007854272,PUT_HOP,0,2,chordKey_30_49,
1778007854274,PUT_HOP,0,2,chordKey_17_69,
1778007854275,GET,120,2,chordKey_30_49,clients=50
1778007854276,PUT,0,0,chordKey_30_50,clients=50
1778007854278,PUT_HOP,0,2,chordKey_17_66,
1778007854282,PUT_HOP,0,2,chordKey_43_4,
1778007854283,GET,222,2,chordKey_43_4,clients=50
1778007854284,PUT,0,0,chordKey_43_5,clients=50
1778007854284,PUT_HOP,0,2,chordKey_17_75,
1778007854288,PUT_HOP,0,2,chordKey_17_76,
1778007854288,PUT_HOP,0,2,chordKey_21_54,
1778007854294,GET,247,2,chordKey_0_30,clients=50
1778007854294,PUT_HOP,0,2,chordKey_17_65,
1778007854295,PUT,0,0,chordKey_0_31,clients=50
1778007854294,PUT_HOP,0,2,chordKey_28_33,
1778007854300,GET,295,2,chordKey_5_22,clients=50
1778007854301,PUT_HOP,0,2,chordKey_0_30,
1778007854301,GET,182,2,chordKey_7_4,clients=50
1778007854301,PUT_HOP,0,2,chordKey_2_18,
1778007854302,PUT,0,0,chordKey_5_23,clients=50
1778007854300,GET,220,2,chordKey_2_18,clients=50
1778007854302,PUT,0,0,chordKey_2_19,clients=50
1778007854302,PUT,0,0,chordKey_7_5,clients=50
1778007854307,PUT_HOP,0,2,chordKey_1_40,
1778007854314,GET,266,2,chordKey_28_33,clients=50
1778007854315,PUT,0,0,chordKey_28_34,clients=50
1778007854314,GET,220,2,chordKey_1_40,clients=50
1778007854316,PUT,0,0,chordKey_1_41,clients=50
1778007854316,PUT,1015,0,chordKey_35_30,clients=50
1778007854317,PUT_HOP,0,2,chordKey_7_4,
1778007854319,PUT_HOP,0,2,chordKey_11_28,
1778007854320,GET,128,2,chordKey_11_28,clients=50
1778007854321,PUT,0,0,chordKey_11_29,clients=50
1778007854327,GET,246,2,chordKey_21_54,clients=50
1778007854331,GET,144,2,chordKey_14_37,clients=50
1778007854333,PUT_HOP,0,2,chordKey_14_37,
1778007854334,PUT,0,0,chordKey_14_38,clients=50
1778007854333,PUT,0,0,chordKey_21_55,clients=50
1778007854346,PUT_HOP,0,2,chordKey_22_56,
1778007854357,PUT_HOP,0,2,chordKey_26_32,
1778007854363,GET,227,2,chordKey_18_31,clients=50
1778007854364,PUT,0,0,chordKey_18_32,clients=50
1778007854363,GET,226,2,chordKey_19_28,clients=50
1778007854365,PUT,0,0,chordKey_19_29,clients=50
1778007854377,PUT_HOP,0,2,chordKey_12_47,
1778007854378,PUT_HOP,0,2,chordKey_19_28,
1778007854378,PUT_HOP,0,2,chordKey_44_44,
1778007854378,PUT_HOP,0,2,chordKey_33_51,
1778007854379,PUT_HOP,0,2,chordKey_23_34,
1778007854381,GET,202,2,chordKey_44_44,clients=50
1778007854381,PUT_HOP,0,2,chordKey_31_17,
1778007854381,PUT,0,0,chordKey_44_45,clients=50
1778007854381,PUT_HOP,0,2,chordKey_46_22,
1778007854382,GET,110,2,chordKey_31_17,clients=50
1778007854385,PUT,0,0,chordKey_31_18,clients=50
1778007854389,PUT_HOP,0,1,chordKey_11_29,
1778007854395,PUT_HOP,0,2,chordKey_39_27,
1778007854397,GET,74,1,chordKey_11_29,clients=50
1778007854397,PUT_HOP,0,2,chordKey_10_15,
1778007854408,PUT_HOP,0,2,chordKey_47_43,
1778007854398,PUT_HOP,0,2,chordKey_34_39,
1778007854409,PUT,0,0,chordKey_11_30,clients=50
1778007854402,GET,184,2,chordKey_22_56,clients=50
1778007854411,PUT_HOP,0,2,chordKey_45_22,
1778007854412,PUT,0,0,chordKey_22_57,clients=50
1778007854412,PUT_HOP,0,2,chordKey_18_31,
1778007854398,GET,263,2,chordKey_26_32,clients=50
1778007854413,PUT,0,0,chordKey_26_33,clients=50
1778007854413,GET,188,2,chordKey_34_39,clients=50
1778007854413,GET,191,2,chordKey_10_15,clients=50
1778007854414,PUT_HOP,0,2,chordKey_38_50,
1778007854414,PUT,0,0,chordKey_10_16,clients=50
1778007854414,GET,226,2,chordKey_47_43,clients=50
1778007854414,PUT,0,0,chordKey_34_40,clients=50
1778007854415,PUT,0,0,chordKey_47_44,clients=50
1778007854417,GET,1310,2,chordKey_45_22,clients=50
1778007854417,PUT,0,0,chordKey_45_23,clients=50
1778007854418,GET,1278,2,chordKey_39_27,clients=50
1778007854425,GET,221,2,chordKey_46_22,clients=50
1778007854427,PUT,0,0,chordKey_46_23,clients=50
1778007854424,GET,223,2,chordKey_23_34,clients=50
1778007854424,GET,219,2,chordKey_33_51,clients=50
1778007854425,PUT,1,0,chordKey_39_28,clients=50
1778007854429,PUT,0,0,chordKey_33_52,clients=50
1778007854428,PUT,0,0,chordKey_23_35,clients=50
1778007854431,GET,229,2,chordKey_12_47,clients=50
1778007854432,PUT,0,0,chordKey_12_48,clients=50
1778007854436,GET,1331,2,chordKey_8_31,clients=50
1778007854437,PUT_HOP,0,2,chordKey_24_25,
1778007854437,PUT,0,0,chordKey_8_32,clients=50
1778007854437,PUT_HOP,0,2,chordKey_16_22,
1778007854438,PUT_HOP,0,2,chordKey_42_44,
1778007854439,GET,227,2,chordKey_42_44,clients=50
1778007854438,PUT_HOP,0,2,chordKey_27_34,
1778007854441,PUT_HOP,0,2,chordKey_6_46,
1778007854444,PUT_HOP,0,2,chordKey_48_27,
1778007854446,GET,161,2,chordKey_43_5,clients=50
1778007854445,GET,188,2,chordKey_48_27,clients=50
1778007854444,GET,200,2,chordKey_6_46,clients=50
1778007854448,PUT,0,0,chordKey_6_47,clients=50
1778007854443,GET,234,2,chordKey_16_22,clients=50
1778007854449,PUT,0,0,chordKey_16_23,clients=50
1778007854442,GET,227,2,chordKey_27_34,clients=50
1778007854451,PUT,0,0,chordKey_27_35,clients=50
1778007854441,GET,222,2,chordKey_24_25,clients=50
1778007854448,GET,189,2,chordKey_38_50,clients=50
1778007854448,PUT,0,0,chordKey_48_28,clients=50
1778007854447,PUT,0,0,chordKey_43_6,clients=50
1778007854446,PUT,0,0,chordKey_42_45,clients=50
1778007854453,GET,1337,2,chordKey_3_27,clients=50
1778007854452,PUT,0,0,chordKey_38_51,clients=50
1778007854452,PUT,0,0,chordKey_24_26,clients=50
1778007854454,PUT,0,0,chordKey_3_28,clients=50
1778007854456,PUT_HOP,0,2,chordKey_13_22,
1778007854467,PUT_HOP,0,2,chordKey_43_5,
1778007854480,PUT_HOP,0,2,chordKey_14_38,
1778007854498,PUT_HOP,0,2,chordKey_19_29,
1778007854501,GET,135,2,chordKey_19_29,clients=50
1778007854502,PUT,0,0,chordKey_19_30,clients=50
1778007854513,PUT_HOP,0,2,chordKey_35_30,
1778007854518,PUT_HOP,0,2,chordKey_22_57,
1778007854523,GET,246,2,chordKey_30_50,clients=50
1778007854524,GET,1420,2,chordKey_4_14,clients=50
1778007854526,PUT,1,0,chordKey_30_51,clients=50
1778007854526,PUT,0,0,chordKey_4_15,clients=50
1778007854527,GET,112,2,chordKey_10_16,clients=50
1778007854527,PUT_HOP,0,2,chordKey_0_31,
1778007854527,PUT_HOP,0,2,chordKey_10_16,
1778007854528,PUT,0,0,chordKey_10_17,clients=50
1778007854530,GET,144,2,chordKey_31_18,clients=50
1778007854531,PUT,0,0,chordKey_31_19,clients=50
1778007854531,PUT_HOP,0,2,chordKey_31_18,
1778007854532,PUT_HOP,0,2,chordKey_45_23,
1778007854533,PUT_HOP,0,2,chordKey_39_28,
1778007854536,GET,116,2,chordKey_45_23,clients=50
1778007854537,PUT,0,0,chordKey_45_24,clients=50
1778007854537,PUT_HOP,0,1,chordKey_10_17,
1778007854537,GET,1419,2,chordKey_13_22,clients=50
1778007854538,PUT,0,0,chordKey_13_23,clients=50
1778007854541,GET,128,2,chordKey_22_57,clients=50
1778007854541,PUT_HOP,0,2,chordKey_3_27,
1778007854542,PUT,0,0,chordKey_22_58,clients=50
1778007854540,GET,11,1,chordKey_10_17,clients=50
1778007854543,PUT,0,0,chordKey_10_18,clients=50
1778007854548,PUT_HOP,0,2,chordKey_21_55,
1778007854550,GET,168,2,chordKey_44_45,clients=50
1778007854551,PUT,0,0,chordKey_44_46,clients=50
1778007854553,GET,236,2,chordKey_35_30,clients=50
1778007854555,PUT,0,0,chordKey_35_31,clients=50
1778007854553,GET,124,2,chordKey_39_28,clients=50
1778007854556,PUT,0,0,chordKey_39_29,clients=50
1778007854563,PUT_HOP,0,2,chordKey_44_45,
1778007854566,PUT_HOP,0,2,chordKey_30_50,
1778007854567,PUT_HOP,0,2,chordKey_34_40,
1778007854567,PUT_HOP,0,2,chordKey_5_23,
1778007854576,PUT_HOP,0,2,chordKey_2_19,
1778007854576,PUT_HOP,0,2,chordKey_7_5,
1778007854578,GET,282,2,chordKey_0_31,clients=50
1778007854578,PUT,0,0,chordKey_0_32,clients=50
1778007854587,GET,283,2,chordKey_2_19,clients=50
1778007854587,PUT,0,0,chordKey_2_20,clients=50
1778007854587,GET,285,2,chordKey_5_23,clients=50
1778007854588,PUT,0,0,chordKey_5_24,clients=50
1778007854601,PUT_HOP,0,2,chordKey_11_30,
1778007854603,GET,287,2,chordKey_28_34,clients=50
1778007854603,GET,286,2,chordKey_1_41,clients=50
1778007854604,PUT,0,0,chordKey_1_42,clients=50
1778007854604,PUT_HOP,0,2,chordKey_28_34,
1778007854604,PUT,0,0,chordKey_28_35,clients=50
1778007854604,GET,301,2,chordKey_7_5,clients=50
1778007854606,PUT,0,0,chordKey_7_6,clients=50
1778007854608,GET,192,2,chordKey_34_40,clients=50
1778007854609,PUT,0,0,chordKey_34_41,clients=50
1778007854609,PUT_HOP,0,2,chordKey_46_23,
1778007854612,GET,201,2,chordKey_11_30,clients=50
1778007854613,PUT,0,0,chordKey_11_31,clients=50
1778007854618,PUT_HOP,0,2,chordKey_1_41,
1778007854620,GET,192,2,chordKey_46_23,clients=50
1778007854621,PUT_HOP,0,2,chordKey_12_48,
1778007854621,PUT,0,0,chordKey_46_24,clients=50
1778007854624,PUT_HOP,0,2,chordKey_42_45,
1778007854625,PUT_HOP,0,2,chordKey_33_52,
1778007854626,GET,196,2,chordKey_33_52,clients=50
1778007854628,PUT,0,0,chordKey_33_53,clients=50
1778007854628,GET,264,2,chordKey_18_32,clients=50
1778007854629,PUT,0,0,chordKey_18_33,clients=50
1778007854631,PUT_HOP,0,2,chordKey_26_33,
1778007854632,PUT_HOP,0,2,chordKey_18_32,
1778007854634,PUT_HOP,0,2,chordKey_8_32,
1778007854634,GET,220,2,chordKey_26_33,clients=50
1778007854635,PUT,0,0,chordKey_26_34,clients=50
1778007854639,PUT_HOP,0,2,chordKey_48_28,
1778007854640,GET,210,2,chordKey_23_35,clients=50
1778007854641,PUT_HOP,0,2,chordKey_43_6,
1778007854641,PUT,0,0,chordKey_23_36,clients=50
1778007854641,PUT_HOP,0,2,chordKey_6_47,
1778007854643,PUT_HOP,0,2,chordKey_27_35,
1778007854643,PUT_HOP,0,2,chordKey_47_44,
1778007854644,PUT_HOP,0,2,chordKey_38_51,
1778007854644,PUT_HOP,0,2,chordKey_24_26,
1778007854645,PUT_HOP,0,2,chordKey_16_23,
1778007854645,GET,228,2,chordKey_47_44,clients=50
1778007854645,PUT_HOP,0,2,chordKey_23_35,
1778007854648,PUT_HOP,0,2,chordKey_30_51,
1778007854647,PUT,1,0,chordKey_47_45,clients=50
1778007854658,GET,225,2,chordKey_12_48,clients=50
1778007854660,PUT,0,0,chordKey_12_49,clients=50
1778007854658,GET,207,2,chordKey_27_35,clients=50
1778007854662,PUT,0,0,chordKey_27_36,clients=50
1778007854662,PUT_HOP,0,2,chordKey_22_58,
1778007854662,GET,207,2,chordKey_24_26,clients=50
1778007854664,PUT_HOP,0,2,chordKey_13_23,
1778007854664,GET,137,2,chordKey_30_51,clients=50
1778007854664,GET,214,2,chordKey_16_23,clients=50
1778007854665,PUT,0,0,chordKey_30_52,clients=50
1778007854665,PUT,0,0,chordKey_16_24,clients=50
1778007854664,PUT,0,0,chordKey_24_27,clients=50
1778007854667,GET,214,2,chordKey_43_6,clients=50
1778007854669,PUT,0,0,chordKey_43_7,clients=50
1778007854666,GET,213,2,chordKey_42_45,clients=50
1778007854671,PUT,0,0,chordKey_42_46,clients=50
1778007854665,GET,216,2,chordKey_6_47,clients=50
1778007854672,PUT,0,0,chordKey_6_48,clients=50
1778007854671,GET,114,2,chordKey_39_29,clients=50
1778007854673,PUT,0,0,chordKey_39_30,clients=50
1778007854667,GET,214,2,chordKey_48_28,clients=50
1778007854674,PUT,0,0,chordKey_48_29,clients=50
1778007854672,GET,134,2,chordKey_45_24,clients=50
1778007854675,PUT,0,0,chordKey_45_25,clients=50
1778007854677,PUT_HOP,0,2,chordKey_45_24,
1778007854678,GET,223,2,chordKey_38_51,clients=50
1778007854679,PUT,0,0,chordKey_38_52,clients=50
1778007854680,GET,138,2,chordKey_13_23,clients=50
1778007854681,PUT_HOP,0,2,chordKey_19_30,
1778007854681,PUT,0,0,chordKey_13_24,clients=50
1778007854681,GET,178,2,chordKey_19_30,clients=50
1778007854682,PUT,0,0,chordKey_19_31,clients=50
1778007854690,PUT_HOP,0,2,chordKey_35_31,
1778007854691,PUT_HOP,0,2,chordKey_44_46,
1778007854692,GET,148,2,chordKey_10_18,clients=50
1778007854699,PUT_HOP,0,2,chordKey_39_29,
1778007854702,PUT_HOP,0,2,chordKey_31_19,
1778007854703,PUT_HOP,0,2,chordKey_4_15,
1778007854703,GET,176,2,chordKey_4_15,clients=50
1778007854704,PUT_HOP,0,2,chordKey_3_28,
1778007854704,PUT,0,0,chordKey_4_16,clients=50
1778007854703,PUT_HOP,0,2,chordKey_0_32,
1778007854704,GET,125,2,chordKey_0_32,clients=50
1778007854706,PUT,0,0,chordKey_0_33,clients=50
1778007854704,GET,171,2,chordKey_31_19,clients=50
1778007854705,GET,250,2,chordKey_3_28,clients=50
1778007854705,GET,267,2,chordKey_8_32,clients=50
1778007854707,PUT,0,0,chordKey_31_20,clients=50
1778007854707,PUT,0,0,chordKey_8_33,clients=50
1778007854707,PUT,0,0,chordKey_3_29,clients=50
1778007854707,GET,164,2,chordKey_22_58,clients=50
1778007854710,PUT,0,0,chordKey_22_59,clients=50
1778007854713,PUT_HOP,0,2,chordKey_12_49,
1778007854714,GET,162,2,chordKey_44_46,clients=50
1778007854715,GET,54,2,chordKey_12_49,clients=50
1778007854715,PUT,0,0,chordKey_44_47,clients=50
1778007854715,PUT,0,0,chordKey_12_50,clients=50
1778007854717,PUT_HOP,0,2,chordKey_10_18,
1778007854732,PUT_HOP,0,2,chordKey_42_46,
1778007854737,GET,66,2,chordKey_42_46,clients=50
1778007854738,PUT,0,0,chordKey_42_47,clients=50
1778007854743,GET,188,2,chordKey_35_31,clients=50
1778007854744,PUT_HOP,0,2,chordKey_2_20,
1778007854744,PUT,0,0,chordKey_35_32,clients=50
1778007854744,GET,156,2,chordKey_2_20,clients=50
1778007854746,PUT_HOP,0,2,chordKey_34_41,
1778007854748,PUT,0,0,chordKey_2_21,clients=50
1778007854746,GET,136,2,chordKey_34_41,clients=50
1778007854749,PUT,0,0,chordKey_34_42,clients=50
1778007854758,PUT_HOP,0,2,chordKey_11_31,
1778007854763,GET,134,2,chordKey_33_53,clients=50
1778007854761,PUT_HOP,0,2,chordKey_46_24,
1778007854765,PUT,0,0,chordKey_33_54,clients=50
1778007854781,GET,192,2,chordKey_5_24,clients=50
1778007854782,PUT,0,0,chordKey_5_25,clients=50
1778007854786,PUT_HOP,0,2,chordKey_1_42,
1778007854787,GET,181,2,chordKey_28_35,clients=50
1778007854787,PUT,0,0,chordKey_28_36,clients=50
1778007854788,PUT_HOP,0,2,chordKey_7_6,
1778007854796,PUT_HOP,0,2,chordKey_5_24,
1778007854798,PUT_HOP,0,2,chordKey_26_34,
1778007854799,GET,167,2,chordKey_18_33,clients=50
1778007854797,PUT_HOP,0,2,chordKey_47_45,
1778007854800,PUT,0,0,chordKey_18_34,clients=50
1778007854804,GET,155,2,chordKey_47_45,clients=50
1778007854804,PUT_HOP,0,2,chordKey_23_36,
1778007854805,PUT,0,0,chordKey_47_46,clients=50
1778007854805,PUT_HOP,0,2,chordKey_30_52,
1778007854806,GET,140,2,chordKey_30_52,clients=50
1778007854812,PUT_HOP,0,2,chordKey_24_27,
1778007854814,GET,148,2,chordKey_16_24,clients=50
1778007854815,PUT,0,0,chordKey_16_25,clients=50
1778007854816,PUT_HOP,0,2,chordKey_13_24,
1778007854817,GET,175,2,chordKey_23_36,clients=50
1778007854817,PUT,0,0,chordKey_23_37,clients=50
1778007854818,PUT_HOP,0,2,chordKey_27_36,
1778007854819,GET,137,2,chordKey_13_24,clients=50
1778007854819,PUT_HOP,0,2,chordKey_45_25,
1778007854819,PUT,0,0,chordKey_13_25,clients=50
1778007854820,GET,144,2,chordKey_45_25,clients=50
1778007854821,PUT,0,0,chordKey_45_26,clients=50
1778007854825,GET,162,2,chordKey_27_36,clients=50
1778007854826,PUT_HOP,0,2,chordKey_16_24,
1778007854828,PUT,0,0,chordKey_27_37,clients=50
1778007854831,PUT_HOP,0,2,chordKey_43_7,
1778007854832,GET,165,2,chordKey_24_27,clients=50
1778007854833,GET,164,2,chordKey_43_7,clients=50
1778007854834,PUT,0,0,chordKey_43_8,clients=50
1778007854835,PUT,2,0,chordKey_24_28,clients=50
1778007854841,PUT_HOP,0,2,chordKey_6_48,
1778007854844,PUT_HOP,0,2,chordKey_39_30,
1778007854844,PUT_HOP,0,2,chordKey_31_20,
1778007854846,GET,138,2,chordKey_31_20,clients=50
1778007854847,PUT,0,0,chordKey_31_21,clients=50
1778007854847,PUT_HOP,0,2,chordKey_22_59,
1778007854860,GET,149,2,chordKey_22_59,clients=50
1778007854861,PUT,0,0,chordKey_22_60,clients=50
1778007854863,PUT_HOP,0,2,chordKey_42_47,
1778007854869,GET,130,2,chordKey_42_47,clients=50
1778007854871,PUT,0,0,chordKey_42_48,clients=50
1778007854887,GET,213,2,chordKey_39_30,clients=50
1778007854888,PUT,0,0,chordKey_39_31,clients=50
1778007854889,GET,68,2,chordKey_45_26,clients=50
1778007854890,GET,215,2,chordKey_48_29,clients=50
1778007854891,PUT,0,0,chordKey_45_27,clients=50
1778007854894,PUT,0,0,chordKey_48_30,clients=50
1778007854903,PUT_HOP,0,2,chordKey_48_29,
1778007854904,PUT_HOP,0,2,chordKey_44_47,
1778007854904,GET,231,2,chordKey_6_48,clients=50
1778007854903,PUT_HOP,0,2,chordKey_19_31,
1778007854904,GET,99,2,chordKey_47_46,clients=50
1778007854905,PUT_HOP,0,2,chordKey_38_52,
1778007854905,PUT,0,0,chordKey_6_49,clients=50
1778007854906,PUT,0,0,chordKey_47_47,clients=50
1778007854906,GET,223,2,chordKey_19_31,clients=50
1778007854907,PUT,0,0,chordKey_19_32,clients=50
1778007854907,GET,271,2,chordKey_26_34,clients=50
1778007854908,PUT_HOP,0,2,chordKey_35_32,
1778007854909,PUT,0,0,chordKey_26_35,clients=50
1778007854909,PUT_HOP,0,2,chordKey_24_28,
1778007854909,GET,193,2,chordKey_44_47,clients=50
1778007854910,PUT,0,0,chordKey_44_48,clients=50
1778007854917,GET,82,2,chordKey_24_28,clients=50
1778007854917,PUT_HOP,0,2,chordKey_45_26,
1778007854919,PUT_HOP,0,2,chordKey_13_25,
1778007854922,PUT,0,0,chordKey_24_29,clients=50
1778007854928,PUT_HOP,0,2,chordKey_47_46,
1778007854928,PUT_HOP,0,2,chordKey_0_33,
1778007854934,GET,254,2,chordKey_38_52,clients=50
1778007854935,PUT,0,0,chordKey_38_53,clients=50
1778007854940,GET,235,2,chordKey_4_16,clients=50
1778007854941,PUT,0,0,chordKey_4_17,clients=50
1778007854940,GET,234,2,chordKey_0_33,clients=50
1778007854942,PUT,0,0,chordKey_0_34,clients=50
1778007854943,PUT_HOP,0,2,chordKey_4_16,
1778007854946,PUT_HOP,0,2,chordKey_2_21,
1778007854954,GET,205,2,chordKey_2_21,clients=50
1778007854955,PUT,0,0,chordKey_2_22,clients=50
1778007854955,PUT_HOP,0,2,chordKey_31_21,
1778007854955,PUT_HOP,0,2,chordKey_34_42,
1778007854956,GET,189,2,chordKey_33_54,clients=50
1778007854955,PUT_HOP,0,2,chordKey_33_54,
1778007854957,PUT,0,0,chordKey_33_55,clients=50
1778007854958,GET,212,2,chordKey_35_32,clients=50
1778007854962,PUT,0,0,chordKey_35_33,clients=50
1778007854958,GET,207,2,chordKey_34_42,clients=50
1778007854963,PUT,0,0,chordKey_34_43,clients=50
1778007854966,PUT_HOP,0,2,chordKey_8_33,
1778007854967,GET,257,2,chordKey_3_29,clients=50
1778007854966,PUT_HOP,0,2,chordKey_12_50,
1778007854968,PUT,0,0,chordKey_3_30,clients=50
1778007854970,GET,254,2,chordKey_12_50,clients=50
1778007854970,PUT_HOP,0,2,chordKey_3_29,
1778007854971,PUT,0,0,chordKey_12_51,clients=50
1778007854970,GET,261,2,chordKey_8_33,clients=50
1778007854973,PUT,0,0,chordKey_8_34,clients=50
1778007854975,GET,191,2,chordKey_5_25,clients=50
1778007854975,PUT,0,0,chordKey_5_26,clients=50
1778007854977,GET,161,2,chordKey_16_25,clients=50
1778007854978,PUT,0,0,chordKey_16_26,clients=50
1778007854980,PUT_HOP,0,2,chordKey_45_27,
1778007854982,GET,87,2,chordKey_45_27,clients=50
1778007854984,GET,136,2,chordKey_31_21,clients=50
1778007854985,PUT,0,0,chordKey_31_22,clients=50
1778007854983,GET,163,2,chordKey_13_25,clients=50
1778007854986,PUT,0,0,chordKey_13_26,clients=50
1778007854984,PUT,0,0,chordKey_45_28,clients=50
1778007854988,GET,76,2,chordKey_44_48,clients=50
1778007854988,PUT,0,0,chordKey_44_49,clients=50
1778007854989,PUT_HOP,0,2,chordKey_47_47,
1778007854998,GET,91,2,chordKey_47_47,clients=50
1778007854999,PUT,0,0,chordKey_47_48,clients=50
1778007854999,PUT_HOP,0,2,chordKey_23_37,
1778007855000,PUT_HOP,0,2,chordKey_16_25,
1778007855001,PUT_HOP,0,2,chordKey_27_37,
1778007855002,PUT_HOP,0,2,chordKey_44_48,
1778007855004,GET,175,2,chordKey_27_37,clients=50
1778007855004,PUT,0,0,chordKey_27_38,clients=50
1778007855005,GET,186,2,chordKey_23_37,clients=50
1778007855005,PUT_HOP,0,2,chordKey_43_8,
1778007855005,PUT,0,0,chordKey_23_38,clients=50
1778007855006,PUT_HOP,0,2,chordKey_39_31,
1778007855005,GET,170,2,chordKey_43_8,clients=50
1778007855007,PUT_HOP,0,2,chordKey_22_60,
1778007855007,PUT,0,0,chordKey_43_9,clients=50
1778007855006,GET,143,2,chordKey_22_60,clients=50
1778007855009,PUT,0,0,chordKey_22_61,clients=50
1778007855010,GET,120,2,chordKey_39_31,clients=50
1778007855011,PUT,0,0,chordKey_39_32,clients=50
1778007855014,GET,142,2,chordKey_42_48,clients=50
1778007855017,PUT,0,0,chordKey_42_49,clients=50
1778007855025,PUT_HOP,0,2,chordKey_28_36,
1778007855027,GET,238,2,chordKey_28_36,clients=50
1778007855029,PUT,0,0,chordKey_28_37,clients=50
1778007855029,PUT_HOP,0,2,chordKey_5_25,
1778007855029,PUT_HOP,0,2,chordKey_6_49,
1778007855030,PUT_HOP,0,2,chordKey_24_29,
1778007855031,PUT_HOP,0,2,chordKey_48_30,
1778007855032,GET,110,2,chordKey_24_29,clients=50
1778007855033,PUT,0,0,chordKey_24_30,clients=50
1778007855035,PUT_HOP,0,2,chordKey_18_34,
1778007855035,PUT_HOP,0,2,chordKey_42_48,
1778007855036,PUT,3097,0,chordKey_25_30,clients=50
1778007855037,PUT,3091,0,chordKey_29_28,clients=50
1778007855036,GET,236,2,chordKey_18_34,clients=50
1778007855038,PUT,0,0,chordKey_18_35,clients=50
1778007855037,PUT,3118,0,chordKey_37_18,clients=50
1778007855036,PUT,3119,0,chordKey_41_33,clients=50
1778007855040,GET,0,0,chordKey_41_33,clients=50
1778007855040,PUT,0,0,chordKey_41_34,clients=50
1778007855041,GET,0,0,chordKey_41_34,clients=50
1778007855042,PUT,0,0,chordKey_41_35,clients=50
1778007855042,GET,0,0,chordKey_41_35,clients=50
1778007855043,PUT,0,0,chordKey_41_36,clients=50
1778007855044,GET,0,0,chordKey_41_36,clients=50
1778007855044,PUT,0,0,chordKey_41_37,clients=50
1778007855045,GET,0,0,chordKey_41_37,clients=50
1778007855045,PUT_HOP,0,2,chordKey_23_38,
1778007855046,PUT,0,0,chordKey_41_38,clients=50
1778007855046,GET,0,0,chordKey_41_38,clients=50
1778007855047,PUT,0,0,chordKey_41_39,clients=50
1778007855048,GET,0,0,chordKey_41_39,clients=50
1778007855049,PUT,0,0,chordKey_41_40,clients=50
1778007855049,GET,0,0,chordKey_41_40,clients=50
1778007855050,PUT,0,0,chordKey_41_41,clients=50
1778007855050,GET,0,0,chordKey_41_41,clients=50
1778007855051,PUT,0,0,chordKey_41_42,clients=50
1778007855051,GET,0,0,chordKey_41_42,clients=50
1778007855052,PUT,0,0,chordKey_41_43,clients=50
1778007855053,GET,0,0,chordKey_41_43,clients=50
1778007855053,PUT,0,0,chordKey_41_44,clients=50
1778007855054,GET,0,0,chordKey_41_44,clients=50
1778007855054,PUT,0,0,chordKey_41_45,clients=50
1778007855055,GET,0,0,chordKey_41_45,clients=50
1778007855055,PUT,0,0,chordKey_41_46,clients=50
1778007855056,GET,0,0,chordKey_41_46,clients=50
1778007855057,PUT,0,0,chordKey_41_47,clients=50
1778007855057,GET,0,0,chordKey_41_47,clients=50
1778007855058,PUT,0,0,chordKey_41_48,clients=50
1778007855058,GET,0,0,chordKey_41_48,clients=50
1778007855060,PUT,0,0,chordKey_41_49,clients=50
1778007855036,PUT,3119,0,chordKey_15_51,clients=50
1778007855062,GET,0,0,chordKey_15_51,clients=50
1778007855063,PUT,0,0,chordKey_15_52,clients=50
1778007855064,GET,0,0,chordKey_15_52,clients=50
1778007855064,PUT,0,0,chordKey_15_53,clients=50
1778007855065,GET,0,0,chordKey_15_53,clients=50
1778007855065,PUT,0,0,chordKey_15_54,clients=50
1778007855074,GET,2,0,chordKey_15_54,clients=50
1778007855076,PUT,0,0,chordKey_15_55,clients=50
1778007855076,GET,0,0,chordKey_15_55,clients=50
1778007855077,PUT_HOP,0,2,chordKey_44_49,
1778007855077,PUT,0,0,chordKey_15_56,clients=50
1778007855077,GET,0,0,chordKey_15_56,clients=50
1778007855078,PUT,0,0,chordKey_15_57,clients=50
1778007855079,GET,0,0,chordKey_15_57,clients=50
1778007855079,PUT,0,0,chordKey_15_58,clients=50
1778007855079,PUT_HOP,0,2,chordKey_19_32,
1778007855061,GET,0,0,chordKey_41_49,clients=50
1778007855080,GET,172,2,chordKey_19_32,clients=50
1778007855080,PUT,0,0,chordKey_19_33,clients=50
1778007855081,PUT_HOP,0,2,chordKey_42_49,
1778007855061,GET,54,2,chordKey_23_38,clients=50
1778007855039,GET,0,0,chordKey_37_18,clients=50
1778007855083,PUT,0,0,chordKey_23_39,clients=50
1778007855080,GET,0,0,chordKey_15_58,clients=50
1778007855084,PUT,0,0,chordKey_15_59,clients=50
1778007855080,PUT,0,0,chordKey_41_50,clients=50
1778007855085,GET,0,0,chordKey_41_50,clients=50
1778007855085,PUT,0,0,chordKey_41_51,clients=50
1778007855086,GET,0,0,chordKey_41_51,clients=50
1778007855078,GET,89,2,chordKey_44_49,clients=50
1778007855088,PUT,0,0,chordKey_44_50,clients=50
1778007855087,PUT,0,0,chordKey_41_52,clients=50
1778007855089,GET,0,0,chordKey_41_52,clients=50
1778007855092,PUT,1,0,chordKey_41_53,clients=50
1778007855093,GET,0,0,chordKey_41_53,clients=50
1778007855094,PUT,0,0,chordKey_41_54,clients=50
1778007855094,PUT_HOP,0,2,chordKey_41_34,
1778007855095,GET,0,0,chordKey_41_54,clients=50
1778007855097,PUT,0,0,chordKey_41_55,clients=50
1778007855098,GET,0,0,chordKey_41_55,clients=50
1778007855099,PUT,0,0,chordKey_41_56,clients=50
1778007855100,GET,0,0,chordKey_41_56,clients=50
1778007855101,PUT,0,0,chordKey_41_57,clients=50
1778007855102,GET,196,2,chordKey_6_49,clients=50
1778007855103,PUT,0,0,chordKey_6_50,clients=50
1778007855085,GET,0,0,chordKey_15_59,clients=50
1778007855104,PUT_HOP,0,2,chordKey_2_22,
1778007855105,PUT,0,0,chordKey_15_60,clients=50
1778007855105,GET,0,0,chordKey_15_60,clients=50
1778007855084,GET,65,2,chordKey_42_49,clients=50
1778007855083,PUT,0,0,chordKey_37_19,clients=50
1778007855107,GET,0,0,chordKey_37_19,clients=50
1778007855102,GET,0,0,chordKey_41_57,clients=50
1778007855110,PUT_HOP,0,2,chordKey_34_43,
1778007855110,GET,150,2,chordKey_33_55,clients=50
1778007855111,PUT,0,0,chordKey_33_56,clients=50
1778007855111,GET,147,2,chordKey_34_43,clients=50
1778007855111,PUT_HOP,0,1,chordKey_41_48,
1778007855113,PUT,0,0,chordKey_34_44,clients=50
1778007855113,PUT_HOP,0,2,chordKey_35_33,
1778007855115,PUT_HOP,0,2,chordKey_47_48,
1778007855115,PUT_HOP,0,2,chordKey_38_53,
1778007855116,PUT,1063,0,chordKey_20_41,clients=50
1778007855117,GET,0,0,chordKey_20_41,clients=50
1778007855117,PUT,0,0,chordKey_20_42,clients=50
1778007855118,GET,0,0,chordKey_20_42,clients=50
1778007855118,PUT,0,0,chordKey_20_43,clients=50
1778007855119,GET,0,0,chordKey_20_43,clients=50
1778007855119,PUT,0,0,chordKey_20_44,clients=50
1778007855119,GET,0,0,chordKey_20_44,clients=50
1778007855117,PUT_HOP,0,2,chordKey_41_37,
1778007855120,PUT,0,0,chordKey_20_45,clients=50
1778007855120,GET,0,0,chordKey_20_45,clients=50
1778007855121,GET,222,2,chordKey_48_30,clients=50
1778007855122,PUT_HOP,0,2,chordKey_26_35,
1778007855124,PUT_HOP,0,2,chordKey_0_34,
1778007855125,PUT_HOP,0,2,chordKey_4_17,
1778007855127,PUT,0,0,chordKey_48_31,clients=50
1778007855127,PUT_HOP,0,2,chordKey_12_51,
1778007855116,PUT,1064,0,chordKey_17_77,clients=50
1778007855128,GET,0,0,chordKey_17_77,clients=50
1778007855129,PUT_HOP,0,2,chordKey_41_38,
1778007855129,PUT_HOP,0,2,chordKey_8_34,
1778007855129,PUT,0,0,chordKey_17_78,clients=50
1778007855130,GET,0,0,chordKey_17_78,clients=50
1778007855131,PUT,0,0,chordKey_17_79,clients=50
1778007855132,GET,0,0,chordKey_17_79,clients=50
1778007855133,PUT,0,0,chordKey_17_80,clients=50
1778007855133,GET,0,0,chordKey_17_80,clients=50
1778007855128,GET,155,2,chordKey_12_51,clients=50
1778007855126,GET,217,2,chordKey_26_35,clients=50
1778007855126,GET,183,2,chordKey_0_34,clients=50
1778007855125,GET,183,2,chordKey_4_17,clients=50
1778007855125,GET,189,2,chordKey_38_53,clients=50
1778007855135,PUT_HOP,0,2,chordKey_41_39,
1778007855121,PUT,0,0,chordKey_20_46,clients=50
1778007855136,GET,0,0,chordKey_20_46,clients=50
1778007855149,GET,193,2,chordKey_2_22,clients=50
1778007855151,PUT,0,0,chordKey_2_23,clients=50
1778007855153,PUT_HOP,0,2,chordKey_29_28,
1778007855154,PUT_HOP,0,2,chordKey_45_28,
1778007855159,GET,190,2,chordKey_3_30,clients=50
1778007855159,PUT_HOP,0,2,chordKey_31_22,
1778007855161,PUT,0,0,chordKey_3_31,clients=50
1778007855165,PUT_HOP,0,2,chordKey_41_36,
1778007855166,PUT_HOP,0,2,chordKey_41_35,
1778007855167,PUT_HOP,0,2,chordKey_33_55,
1778007855178,PUT_HOP,0,2,chordKey_13_26,
1778007855178,PUT_HOP,0,2,chordKey_3_30,
1778007855190,PUT_HOP,0,2,chordKey_41_40,
1778007855191,GET,153,2,chordKey_29_28,clients=50
1778007855192,PUT,0,0,chordKey_29_29,clients=50
1778007855195,PUT_HOP,0,2,chordKey_37_19,
1778007855201,GET,214,2,chordKey_45_28,clients=50
1778007855202,PUT,0,0,chordKey_45_29,clients=50
1778007855203,PUT_HOP,0,2,chordKey_41_45,
1778007855201,GET,216,2,chordKey_31_22,clients=50
1778007855203,PUT_HOP,0,2,chordKey_41_42,
1778007855204,PUT,0,0,chordKey_31_23,clients=50
1778007855204,PUT_HOP,0,2,chordKey_41_41,
1778007855207,PUT_HOP,0,2,chordKey_41_44,
1778007855209,PUT_HOP,0,2,chordKey_41_56,
1778007855218,PUT_HOP,0,2,chordKey_41_43,
1778007855220,PUT_HOP,0,2,chordKey_43_9,
1778007855221,GET,242,2,chordKey_16_26,clients=50
1778007855221,GET,258,2,chordKey_35_33,clients=50
1778007855222,PUT,0,0,chordKey_16_27,clients=50
1778007855222,PUT,0,0,chordKey_35_34,clients=50
1778007855225,PUT_HOP,0,2,chordKey_27_38,
1778007855226,PUT_HOP,0,2,chordKey_23_39,
1778007855227,PUT_HOP,0,2,chordKey_5_26,
1778007855228,GET,215,2,chordKey_39_32,clients=50
1778007855228,PUT_HOP,0,2,chordKey_22_61,
1778007855228,PUT_HOP,0,2,chordKey_16_26,
1778007855229,PUT,0,0,chordKey_39_33,clients=50
1778007855230,GET,225,2,chordKey_27_38,clients=50
1778007855231,PUT,0,0,chordKey_27_39,clients=50
1778007855232,GET,256,2,chordKey_5_26,clients=50
1778007855234,PUT_HOP,0,2,chordKey_28_37,
1778007855234,PUT,0,0,chordKey_5_27,clients=50
1778007855235,PUT_HOP,0,2,chordKey_24_30,
1778007855235,GET,201,2,chordKey_24_30,clients=50
1778007855236,PUT,0,0,chordKey_24_31,clients=50
1778007855236,GET,205,2,chordKey_28_37,clients=50
1778007855237,PUT,0,0,chordKey_28_38,clients=50
1778007855238,GET,1185,2,chordKey_32_33,clients=50
1778007855239,PUT,0,0,chordKey_32_34,clients=50
1778007855238,GET,264,2,chordKey_8_34,clients=50
1778007855240,PUT,0,0,chordKey_8_35,clients=50
1778007855245,PUT_HOP,0,2,chordKey_20_46,
1778007855248,PUT_HOP,0,2,chordKey_18_35,
1778007855249,PUT_HOP,0,2,chordKey_41_49,
1778007855252,PUT_HOP,0,2,chordKey_15_54,
1778007855252,PUT_HOP,0,2,chordKey_15_52,
1778007855254,PUT_HOP,0,2,chordKey_15_53,
1778007855253,PUT_HOP,0,2,chordKey_15_55,
1778007855255,GET,216,2,chordKey_18_35,clients=50
1778007855255,PUT_HOP,0,2,chordKey_15_56,
1778007855255,PUT,0,0,chordKey_18_36,clients=50
1778007855257,PUT_HOP,0,2,chordKey_41_50,
1778007855258,PUT_HOP,0,2,chordKey_15_58,
1778007855259,PUT_HOP,0,2,chordKey_41_57,
1778007855263,PUT_HOP,0,2,chordKey_15_57,
1778007855264,PUT_HOP,0,2,chordKey_44_50,
1778007855264,PUT_HOP,0,2,chordKey_15_59,
1778007855266,PUT_HOP,0,2,chordKey_19_33,
1778007855267,PUT_HOP,0,2,chordKey_48_31,
1778007855267,PUT_HOP,0,2,chordKey_17_80,
1778007855271,PUT_HOP,0,2,chordKey_6_50,
1778007855272,PUT_HOP,0,2,chordKey_41_53,
1778007855274,GET,186,2,chordKey_44_50,clients=50
1778007855275,PUT_HOP,0,2,chordKey_41_54,
1778007855274,GET,146,2,chordKey_48_31,clients=50
1778007855275,PUT_HOP,0,2,chordKey_41_55,
1778007855274,GET,190,2,chordKey_23_39,clients=50
1778007855275,PUT,0,0,chordKey_48_32,clients=50
1778007855275,PUT,0,0,chordKey_44_51,clients=50
1778007855276,PUT,0,0,chordKey_23_40,clients=50
1778007855281,GET,200,2,chordKey_19_33,clients=50
1778007855282,PUT,0,0,chordKey_19_34,clients=50
1778007855287,GET,92,2,chordKey_29_29,clients=50
1778007855287,PUT,0,0,chordKey_29_30,clients=50
1778007855289,PUT_HOP,0,2,chordKey_41_52,
1778007855289,PUT_HOP,0,2,chordKey_45_29,
1778007855289,PUT_HOP,0,2,chordKey_29_29,
1778007855294,GET,190,2,chordKey_6_50,clients=50
1778007855295,PUT_HOP,0,2,chordKey_41_51,
1778007855296,PUT,0,0,chordKey_6_51,clients=50
1778007855296,GET,92,2,chordKey_45_29,clients=50
1778007855297,PUT,0,0,chordKey_45_30,clients=50
1778007855298,PUT_HOP,0,2,chordKey_34_44,
1778007855300,PUT_HOP,0,2,chordKey_20_42,
1778007855300,GET,96,2,chordKey_31_23,clients=50
1778007855301,PUT_HOP,0,2,chordKey_20_44,
1778007855303,PUT_HOP,0,2,chordKey_17_78,
1778007855303,PUT,0,0,chordKey_31_24,clients=50
1778007855306,PUT_HOP,0,2,chordKey_31_23,
1778007855307,PUT_HOP,0,2,chordKey_17_77,
1778007855308,PUT_HOP,0,2,chordKey_20_41,
1778007855309,PUT_HOP,0,2,chordKey_15_60,
1778007855310,PUT_HOP,0,2,chordKey_17_79,
1778007855311,GET,149,2,chordKey_3_31,clients=50
1778007855313,PUT_HOP,0,2,chordKey_20_43,
1778007855311,PUT_HOP,0,2,chordKey_3_31,
1778007855314,PUT,0,0,chordKey_3_32,clients=50
1778007855310,PUT_HOP,0,2,chordKey_33_56,
1778007855313,PUT_HOP,0,2,chordKey_20_45,
1778007855315,PUT_HOP,0,2,chordKey_16_27,
1778007855316,GET,162,2,chordKey_2_23,clients=50
1778007855316,PUT,0,0,chordKey_2_24,clients=50
1778007855317,PUT_HOP,0,2,chordKey_35_34,
1778007855317,PUT_HOP,0,2,chordKey_2_23,
1778007855318,GET,206,2,chordKey_33_56,clients=50
1778007855320,PUT,0,0,chordKey_33_57,clients=50
1778007855319,GET,96,2,chordKey_16_27,clients=50
1778007855321,PUT,0,0,chordKey_16_28,clients=50
1778007855322,PUT_HOP,0,2,chordKey_28_38,
1778007855324,GET,85,2,chordKey_28_38,clients=50
1778007855325,PUT,0,0,chordKey_28_39,clients=50
1778007855331,PUT_HOP,0,2,chordKey_5_27,
1778007855332,GET,98,2,chordKey_5_27,clients=50
1778007855334,PUT_HOP,0,2,chordKey_39_33,
1778007855334,PUT,0,0,chordKey_5_28,clients=50
1778007855336,GET,105,2,chordKey_39_33,clients=50
1778007855336,PUT,0,0,chordKey_39_34,clients=50
1778007855337,PUT_HOP,0,2,chordKey_32_34,
1778007855346,PUT_HOP,0,2,chordKey_27_39,
1778007855348,GET,116,2,chordKey_27_39,clients=50
1778007855349,GET,125,2,chordKey_35_34,clients=50
1778007855350,PUT,0,0,chordKey_27_40,clients=50
1778007855351,PUT,0,0,chordKey_35_35,clients=50
1778007855358,PUT_HOP,0,2,chordKey_8_35,
1778007855358,GET,117,2,chordKey_8_35,clients=50
1778007855358,GET,122,2,chordKey_24_31,clients=50
1778007855359,PUT,0,0,chordKey_8_36,clients=50
1778007855360,PUT,0,0,chordKey_24_32,clients=50
1778007855362,PUT_HOP,0,2,chordKey_24_31,
1778007855364,PUT_HOP,0,2,chordKey_29_30,
1778007855372,PUT_HOP,0,2,chordKey_28_39,
1778007855374,GET,134,2,chordKey_32_34,clients=50
1778007855375,PUT,0,0,chordKey_32_35,clients=50
1778007855382,GET,56,2,chordKey_28_39,clients=50
1778007855383,PUT,0,0,chordKey_28_40,clients=50
1778007855392,PUT_HOP,0,2,chordKey_31_24,
1778007855394,GET,90,2,chordKey_31_24,clients=50
1778007855395,PUT,0,0,chordKey_31_25,clients=50
1778007855401,PUT_HOP,0,2,chordKey_18_36,
1778007855405,GET,121,2,chordKey_19_34,clients=50
1778007855406,PUT,0,0,chordKey_19_35,clients=50
1778007855406,PUT_HOP,0,2,chordKey_44_51,
1778007855409,GET,153,2,chordKey_18_36,clients=50
1778007855414,GET,138,2,chordKey_44_51,clients=50
1778007855416,PUT,0,0,chordKey_44_52,clients=50
1778007855415,PUT,0,0,chordKey_18_37,clients=50
1778007855421,PUT_HOP,0,2,chordKey_45_30,
1778007855421,GET,132,2,chordKey_29_30,clients=50
1778007855421,PUT_HOP,0,2,chordKey_19_34,
1778007855422,PUT,0,0,chordKey_29_31,clients=50
1778007855422,PUT_HOP,0,2,chordKey_3_32,
1778007855422,PUT_HOP,0,2,chordKey_2_24,
1778007855425,PUT_HOP,0,2,chordKey_16_28,
1778007855426,PUT_HOP,0,2,chordKey_33_57,
1778007855426,PUT_HOP,0,2,chordKey_32_35,
1778007855435,GET,114,2,chordKey_33_57,clients=50
1778007855436,GET,137,2,chordKey_45_30,clients=50
1778007855437,PUT,0,0,chordKey_45_31,clients=50
1778007855436,PUT,0,0,chordKey_33_58,clients=50
1778007855437,GET,100,2,chordKey_39_34,clients=50
1778007855437,GET,122,2,chordKey_3_32,clients=50
1778007855440,PUT,0,0,chordKey_39_35,clients=50
1778007855441,PUT,0,0,chordKey_3_33,clients=50
1778007855445,PUT_HOP,0,2,chordKey_35_35,
1778007855445,GET,124,2,chordKey_16_28,clients=50
1778007855446,PUT,0,0,chordKey_16_29,clients=50
1778007855447,PUT_HOP,0,2,chordKey_48_32,
1778007855448,PUT_HOP,0,2,chordKey_23_40,
1778007855448,PUT_HOP,0,2,chordKey_6_51,
1778007855449,PUT_HOP,0,2,chordKey_39_34,
1778007855449,GET,1114,2,chordKey_21_55,clients=50
1778007855450,PUT,0,0,chordKey_21_56,clients=50
1778007855449,GET,132,2,chordKey_2_24,clients=50
1778007855451,PUT,0,0,chordKey_2_25,clients=50
1778007855480,GET,104,2,chordKey_32_35,clients=50
1778007855481,PUT,0,0,chordKey_32_36,clients=50
1778007855484,PUT_HOP,0,2,chordKey_5_28,
1778007855485,GET,188,2,chordKey_6_51,clients=50
1778007855486,PUT,0,0,chordKey_6_52,clients=50
1778007855489,GET,212,2,chordKey_48_32,clients=50
1778007855489,PUT_HOP,0,2,chordKey_24_32,
1778007855489,GET,154,2,chordKey_5_28,clients=50
1778007855490,PUT,0,0,chordKey_48_33,clients=50
1778007855490,PUT,0,0,chordKey_5_29,clients=50
1778007855493,PUT_HOP,0,2,chordKey_31_25,
1778007855496,GET,1161,2,chordKey_14_38,clients=50
1778007855497,PUT,0,0,chordKey_14_39,clients=50
1778007855509,GET,158,2,chordKey_27_40,clients=50
1778007855509,GET,232,2,chordKey_23_40,clients=50
1778007855510,GET,159,2,chordKey_35_35,clients=50
1778007855510,PUT,0,0,chordKey_27_41,clients=50
1778007855511,PUT,0,0,chordKey_35_36,clients=50
1778007855510,PUT,0,0,chordKey_23_41,clients=50
1778007855517,GET,121,2,chordKey_31_25,clients=50
1778007855518,PUT_HOP,0,2,chordKey_28_40,
1778007855518,PUT,0,0,chordKey_31_26,clients=50
1778007855518,GET,135,2,chordKey_28_40,clients=50
1778007855519,PUT,0,0,chordKey_28_41,clients=50
1778007855521,PUT_HOP,0,2,chordKey_27_40,
1778007855521,GET,159,2,chordKey_24_32,clients=50
1778007855521,PUT_HOP,0,2,chordKey_8_36,
1778007855522,PUT,0,0,chordKey_24_33,clients=50
1778007855523,GET,163,2,chordKey_8_36,clients=50
1778007855523,PUT,0,0,chordKey_8_37,clients=50
1778007855530,PUT_HOP,0,2,chordKey_18_37,
1778007855530,PUT_HOP,0,2,chordKey_44_52,
1778007855533,GET,116,2,chordKey_44_52,clients=50
1778007855534,PUT,0,0,chordKey_44_53,clients=50
1778007855537,GET,119,2,chordKey_18_37,clients=50
1778007855538,GET,131,2,chordKey_19_35,clients=50
1778007855538,PUT,0,0,chordKey_18_38,clients=50
1778007855539,PUT,0,0,chordKey_19_36,clients=50
1778007855542,PUT_HOP,0,2,chordKey_29_31,
1778007855543,GET,103,2,chordKey_33_58,clients=50
1778007855542,PUT_HOP,0,2,chordKey_33_58,
1778007855544,PUT,0,0,chordKey_33_59,clients=50
1778007855547,PUT_HOP,0,2,chordKey_3_33,
1778007855548,GET,125,2,chordKey_29_31,clients=50
1778007855548,PUT_HOP,0,2,chordKey_19_35,
1778007855550,PUT,0,0,chordKey_29_32,clients=50
1778007855555,PUT_HOP,0,2,chordKey_39_35,
1778007855555,GET,116,2,chordKey_45_31,clients=50
1778007855556,PUT_HOP,0,2,chordKey_21_56,
1778007855557,PUT,0,0,chordKey_45_32,clients=50
1778007855556,GET,109,2,chordKey_16_29,clients=50
1778007855558,PUT,0,0,chordKey_16_30,clients=50
1778007855558,GET,116,2,chordKey_39_35,clients=50
1778007855559,PUT_HOP,0,2,chordKey_45_31,
1778007855559,PUT_HOP,0,2,chordKey_16_29,
1778007855559,PUT,0,0,chordKey_39_36,clients=50
1778007855558,GET,107,2,chordKey_21_56,clients=50
1778007855561,PUT,0,0,chordKey_21_57,clients=50
1778007855559,GET,116,2,chordKey_3_33,clients=50
1778007855563,PUT,0,0,chordKey_3_34,clients=50
1778007855565,GET,113,2,chordKey_2_25,clients=50
1778007855566,PUT,0,0,chordKey_2_26,clients=50
1778007855576,PUT_HOP,0,2,chordKey_6_52,
1778007855577,PUT_HOP,0,2,chordKey_2_25,
1778007855582,PUT_HOP,0,2,chordKey_33_59,
1778007855582,PUT_HOP,0,2,chordKey_32_36,
1778007855585,GET,103,2,chordKey_32_36,clients=50
1778007855586,PUT,0,0,chordKey_32_37,clients=50
1778007855587,GET,41,2,chordKey_33_59,clients=50
1778007855587,PUT,0,0,chordKey_33_60,clients=50
1778007855593,GET,106,2,chordKey_6_52,clients=50
1778007855594,PUT,0,0,chordKey_6_53,clients=50
1778007855597,GET,106,2,chordKey_48_33,clients=50
1778007855598,PUT,0,0,chordKey_48_34,clients=50
1778007855599,GET,102,2,chordKey_14_39,clients=50
1778007855601,PUT_HOP,0,2,chordKey_14_39,
1778007855607,PUT,0,0,chordKey_14_40,clients=50
1778007855621,PUT_HOP,0,2,chordKey_35_36,
1778007855621,PUT_HOP,0,2,chordKey_48_33,
1778007855629,PUT_HOP,0,2,chordKey_28_41,
1778007855630,GET,118,2,chordKey_35_36,clients=50
1778007855631,PUT,0,0,chordKey_35_37,clients=50
1778007855639,PUT_HOP,0,2,chordKey_5_29,
1778007855639,GET,148,2,chordKey_5_29,clients=50
1778007855640,PUT,0,0,chordKey_5_30,clients=50
1778007855640,PUT_HOP,0,2,chordKey_31_26,
1778007855647,PUT_HOP,0,2,chordKey_27_41,
1778007855648,GET,129,2,chordKey_28_41,clients=50
1778007855648,PUT_HOP,0,2,chordKey_23_41,
1778007855649,PUT,0,0,chordKey_28_42,clients=50
1778007855650,GET,110,2,chordKey_19_36,clients=50
1778007855650,PUT,0,0,chordKey_19_37,clients=50
1778007855651,PUT_HOP,0,2,chordKey_19_36,
1778007855658,PUT_HOP,0,2,chordKey_24_33,
1778007855659,GET,146,2,chordKey_23_41,clients=50
1778007855660,PUT,0,0,chordKey_23_42,clients=50
1778007855648,GET,137,2,chordKey_27_41,clients=50
1778007855663,PUT,0,0,chordKey_27_42,clients=50
1778007855671,GET,152,2,chordKey_31_26,clients=50
1778007855672,PUT,0,0,chordKey_31_27,clients=50
1778007855695,PUT_HOP,0,2,chordKey_8_37,
1778007855696,PUT_HOP,0,2,chordKey_39_36,
1778007855697,PUT_HOP,0,2,chordKey_45_32,
1778007855698,PUT_HOP,0,2,chordKey_18_38,
1778007855699,PUT_HOP,0,2,chordKey_21_57,
1778007855704,GET,146,2,chordKey_45_32,clients=50
1778007855704,PUT_HOP,0,2,chordKey_44_53,
1778007855706,PUT_HOP,0,2,chordKey_29_32,
1778007855708,PUT_HOP,0,2,chordKey_32_37,
1778007855710,PUT,0,0,chordKey_45_33,clients=50
1778007855709,GET,122,2,chordKey_32_37,clients=50
1778007855711,PUT,0,0,chordKey_32_38,clients=50
1778007855708,GET,185,2,chordKey_24_33,clients=50
1778007855712,PUT,0,0,chordKey_24_34,clients=50
1778007855706,GET,171,2,chordKey_44_53,clients=50
1778007855714,PUT,0,0,chordKey_44_54,clients=50
1778007855711,GET,187,2,chordKey_8_37,clients=50
1778007855716,PUT,0,0,chordKey_8_38,clients=50
1778007855726,GET,175,2,chordKey_29_32,clients=50
1778007855727,PUT_HOP,0,2,chordKey_16_30,
1778007855727,PUT_HOP,0,1,chordKey_31_27,
1778007855728,PUT,0,0,chordKey_29_33,clients=50
1778007855726,GET,159,2,chordKey_2_26,clients=50
1778007855726,GET,165,2,chordKey_39_36,clients=50
1778007855730,GET,43,1,chordKey_31_27,clients=50
1778007855732,PUT,0,0,chordKey_31_28,clients=50
1778007855732,PUT,0,0,chordKey_39_37,clients=50
1778007855731,PUT,0,0,chordKey_2_27,clients=50
1778007855736,GET,174,2,chordKey_21_57,clients=50
1778007855737,PUT,0,0,chordKey_21_58,clients=50
1778007855738,PUT_HOP,0,2,chordKey_2_26,
1778007855739,GET,175,2,chordKey_3_34,clients=50
1778007855740,PUT,0,0,chordKey_3_35,clients=50
1778007855743,PUT_HOP,0,2,chordKey_3_34,
1778007855749,PUT_HOP,0,2,chordKey_21_58,
1778007855766,PUT,1073,0,chordKey_10_19,clients=50
1778007855768,GET,229,2,chordKey_18_38,clients=50
1778007855769,PUT,0,0,chordKey_18_39,clients=50
1778007855777,PUT_HOP,0,2,chordKey_33_60,
1778007855777,PUT_HOP,0,2,chordKey_14_40,
1778007855777,GET,219,2,chordKey_16_30,clients=50
1778007855779,PUT,0,0,chordKey_16_31,clients=50
1778007855780,PUT_HOP,0,2,chordKey_48_34,
1778007855780,GET,185,2,chordKey_6_53,clients=50
1778007855780,PUT,0,0,chordKey_6_54,clients=50
1778007855780,GET,192,2,chordKey_33_60,clients=50
1778007855781,PUT_HOP,0,2,chordKey_6_53,
1778007855781,PUT,0,0,chordKey_33_61,clients=50
1778007855781,GET,183,2,chordKey_48_34,clients=50
1778007855782,PUT_HOP,0,2,chordKey_35_37,
1778007855783,PUT,0,0,chordKey_48_35,clients=50
1778007855783,PUT_HOP,0,2,chordKey_19_37,
1778007855782,GET,150,2,chordKey_35_37,clients=50
1778007855783,PUT_HOP,0,2,chordKey_24_34,
1778007855784,PUT_HOP,0,2,chordKey_28_42,
1778007855784,GET,45,2,chordKey_21_58,clients=50
1778007855785,PUT,0,0,chordKey_21_59,clients=50
1778007855784,GET,177,2,chordKey_14_40,clients=50
1778007855786,PUT_HOP,0,2,chordKey_5_30,
1778007855787,PUT_HOP,0,2,chordKey_44_54,
1778007855787,PUT,0,0,chordKey_14_41,clients=50
1778007855788,GET,1173,2,chordKey_11_31,clients=50
1778007855784,PUT,0,0,chordKey_35_38,clients=50
1778007855788,PUT,0,0,chordKey_11_32,clients=50
1778007855787,GET,146,2,chordKey_5_30,clients=50
1778007855790,PUT,0,0,chordKey_5_31,clients=50
1778007855787,GET,137,2,chordKey_28_42,clients=50
1778007855791,PUT,0,0,chordKey_28_43,clients=50
1778007855806,GET,91,2,chordKey_44_54,clients=50
1778007855807,GET,94,2,chordKey_24_34,clients=50
1778007855807,PUT,0,0,chordKey_44_55,clients=50
1778007855808,PUT,0,0,chordKey_24_35,clients=50
1778007855813,PUT_HOP,0,2,chordKey_23_42,
1778007855813,GET,1191,2,chordKey_46_24,clients=50
1778007855814,PUT_HOP,0,2,chordKey_33_53,
1778007855819,PUT,0,0,chordKey_46_25,clients=50
1778007855818,PUT_HOP,0,2,chordKey_45_33,
1778007855817,PUT_HOP,0,2,chordKey_2_27,
1778007855819,GET,82,2,chordKey_39_37,clients=50
1778007855817,PUT_HOP,0,2,chordKey_29_33,
1778007855820,PUT,0,0,chordKey_39_38,clients=50
1778007855817,PUT_HOP,0,2,chordKey_39_37,
1778007855818,GET,88,2,chordKey_29_33,clients=50
1778007855821,PUT,0,0,chordKey_29_34,clients=50
1778007855818,GET,107,2,chordKey_45_33,clients=50
1778007855822,PUT_HOP,0,2,chordKey_31_28,
1778007855822,PUT,0,0,chordKey_45_34,clients=50
1778007855817,GET,156,2,chordKey_23_42,clients=50
1778007855824,PUT,0,0,chordKey_23_43,clients=50
1778007855825,PUT_HOP,0,2,chordKey_8_38,
1778007855822,GET,171,2,chordKey_19_37,clients=50
1778007855828,PUT,0,0,chordKey_19_38,clients=50
1778007855819,GET,84,2,chordKey_31_28,clients=50
1778007855831,GET,89,2,chordKey_3_35,clients=50
1778007855832,PUT,0,0,chordKey_3_36,clients=50
1778007855828,GET,91,2,chordKey_2_27,clients=50
1778007855834,PUT,0,0,chordKey_2_28,clients=50
1778007855833,GET,169,2,chordKey_27_42,clients=50
1778007855835,PUT_HOP,0,2,chordKey_27_42,
1778007855831,PUT,0,0,chordKey_31_29,clients=50
1778007855836,PUT,0,0,chordKey_27_43,clients=50
1778007855836,PUT,1030,0,chordKey_30_53,clients=50
1778007855837,GET,121,2,chordKey_8_38,clients=50
1778007855838,GET,1233,2,chordKey_1_42,clients=50
1778007855840,PUT_HOP,0,2,chordKey_32_38,
1778007855838,PUT,0,0,chordKey_8_39,clients=50
1778007855838,GET,126,2,chordKey_32_38,clients=50
1778007855841,PUT,0,0,chordKey_32_39,clients=50
1778007855840,PUT,0,0,chordKey_1_43,clients=50
1778007855847,PUT_HOP,0,2,chordKey_18_33,
1778007855848,GET,1241,2,chordKey_7_6,clients=50
1778007855848,PUT_HOP,0,2,chordKey_28_35,
1778007855849,PUT,0,0,chordKey_7_7,clients=50
1778007855856,PUT_HOP,0,2,chordKey_10_19,
1778007855857,PUT_HOP,0,2,chordKey_3_35,
1778007855877,PUT_HOP,0,2,chordKey_18_39,
1778007855879,GET,111,2,chordKey_10_19,clients=50
1778007855880,PUT,0,0,chordKey_10_20,clients=50
1778007855882,PUT_HOP,0,2,chordKey_21_59,
1778007855887,GET,118,2,chordKey_18_39,clients=50
1778007855888,PUT,0,0,chordKey_18_40,clients=50
1778007855892,PUT_HOP,0,1,chordKey_32_39,
1778007855898,GET,56,1,chordKey_32_39,clients=50
1778007855905,PUT_HOP,0,2,chordKey_35_38,
1778007855905,PUT,0,0,chordKey_32_40,clients=50
1778007855901,GET,115,2,chordKey_21_59,clients=50
1778007855906,PUT_HOP,0,2,chordKey_5_31,
1778007855907,PUT,0,0,chordKey_21_60,clients=50
1778007855907,PUT_HOP,0,2,chordKey_14_41,
1778007855908,GET,119,2,chordKey_35_38,clients=50
1778007855908,PUT,0,0,chordKey_35_39,clients=50
1778007855919,PUT_HOP,0,2,chordKey_11_32,
1778007855921,PUT_HOP,0,2,chordKey_44_55,
1778007855923,GET,113,2,chordKey_44_55,clients=50
1778007855926,PUT,0,0,chordKey_44_56,clients=50
1778007855928,GET,139,2,chordKey_14_41,clients=50
1778007855930,PUT,0,0,chordKey_14_42,clients=50
1778007855931,GET,122,2,chordKey_24_35,clients=50
1778007855932,PUT,0,0,chordKey_24_36,clients=50
1778007855933,PUT_HOP,0,2,chordKey_16_31,
1778007855937,PUT_HOP,0,2,chordKey_24_35,
1778007855937,GET,157,2,chordKey_16_31,clients=50
1778007855938,PUT,0,0,chordKey_16_32,clients=50
1778007855947,PUT_HOP,0,2,chordKey_28_43,
1778007855947,PUT_HOP,0,2,chordKey_39_38,
1778007855949,GET,159,2,chordKey_11_32,clients=50
1778007855949,PUT_HOP,0,2,chordKey_35_39,
1778007855950,PUT,0,0,chordKey_11_33,clients=50
1778007855950,PUT_HOP,0,2,chordKey_46_25,
1778007855951,PUT_HOP,0,2,chordKey_30_53,
1778007855954,PUT_HOP,0,2,chordKey_29_34,
1778007855955,GET,135,2,chordKey_46_25,clients=50
1778007855955,PUT_HOP,0,2,chordKey_45_34,
1778007855958,PUT,0,0,chordKey_46_26,clients=50
1778007855958,PUT_HOP,0,2,chordKey_2_28,
1778007855957,GET,122,2,chordKey_2_28,clients=50
1778007855960,PUT,0,0,chordKey_2_29,clients=50
1778007855956,GET,134,2,chordKey_29_34,clients=50
1778007855963,PUT_HOP,0,2,chordKey_3_36,
1778007855963,PUT,0,0,chordKey_29_35,clients=50
1778007855964,PUT_HOP,0,2,chordKey_19_38,
1778007855956,GET,135,2,chordKey_39_38,clients=50
1778007855965,PUT,0,0,chordKey_39_39,clients=50
1778007855960,GET,136,2,chordKey_45_34,clients=50
1778007855959,GET,129,2,chordKey_19_38,clients=50
1778007855967,PUT,0,0,chordKey_19_39,clients=50
1778007855967,PUT_HOP,0,2,chordKey_6_54,
1778007855967,GET,177,2,chordKey_5_31,clients=50
1778007855967,PUT_HOP,0,2,chordKey_33_61,
1778007855968,PUT,0,0,chordKey_5_32,clients=50
1778007855966,PUT,0,0,chordKey_45_35,clients=50
1778007855966,GET,129,2,chordKey_31_29,clients=50
1778007855970,GET,42,2,chordKey_44_56,clients=50
1778007855971,GET,179,2,chordKey_28_43,clients=50
1778007855971,PUT,0,0,chordKey_28_44,clients=50
1778007855971,PUT_HOP,0,2,chordKey_44_56,
1778007855965,GET,128,2,chordKey_30_53,clients=50
1778007855973,PUT,0,0,chordKey_30_54,clients=50
1778007855971,PUT,0,0,chordKey_44_57,clients=50
1778007855974,PUT_HOP,0,2,chordKey_31_29,
1778007855970,PUT,0,0,chordKey_31_30,clients=50
1778007855970,GET,60,2,chordKey_35_39,clients=50
1778007855977,PUT,0,0,chordKey_35_40,clients=50
1778007855968,GET,135,2,chordKey_3_36,clients=50
1778007855979,PUT,0,0,chordKey_3_37,clients=50
1778007855982,GET,200,2,chordKey_33_61,clients=50
1778007855983,GET,202,2,chordKey_6_54,clients=50
1778007855983,PUT,0,0,chordKey_6_55,clients=50
1778007855983,PUT,0,0,chordKey_33_62,clients=50
1778007855984,GET,201,2,chordKey_48_35,clients=50
1778007855985,PUT,0,0,chordKey_48_36,clients=50
1778007855985,GET,96,2,chordKey_18_40,clients=50
1778007855986,GET,105,2,chordKey_10_20,clients=50
1778007855986,PUT,0,0,chordKey_10_21,clients=50
1778007855986,PUT,0,0,chordKey_18_41,clients=50
1778007855993,PUT_HOP,0,2,chordKey_48_35,
1778007855997,PUT_HOP,0,2,chordKey_18_40,
1778007855998,PUT_HOP,0,2,chordKey_10_20,
1778007856000,PUT_HOP,0,2,chordKey_32_40,
1778007856001,PUT_HOP,0,2,chordKey_23_43,
1778007856006,GET,163,2,chordKey_1_43,clients=50
1778007856007,PUT,0,0,chordKey_1_44,clients=50
1778007856007,PUT_HOP,0,2,chordKey_8_39,
1778007856008,PUT_HOP,0,2,chordKey_7_7,
1778007856008,GET,167,2,chordKey_8_39,clients=50
1778007856008,GET,158,2,chordKey_7_7,clients=50
1778007856009,PUT_HOP,0,2,chordKey_27_43,
1778007856009,PUT,0,0,chordKey_7_8,clients=50
1778007856007,GET,101,2,chordKey_32_40,clients=50
1778007856012,PUT,0,0,chordKey_32_41,clients=50
1778007856009,PUT,0,0,chordKey_8_40,clients=50
1778007856013,PUT_HOP,0,2,chordKey_21_60,
1778007856014,PUT_HOP,0,2,chordKey_1_43,
1778007856015,GET,107,2,chordKey_21_60,clients=50
1778007856016,PUT,0,0,chordKey_21_61,clients=50
1778007856017,PUT_HOP,0,2,chordKey_16_32,
1778007856017,GET,192,2,chordKey_23_43,clients=50
1778007856019,PUT,0,0,chordKey_23_44,clients=50
1778007856017,GET,76,2,chordKey_16_32,clients=50
1778007856017,GET,180,2,chordKey_27_43,clients=50
1778007856021,PUT,0,0,chordKey_16_33,clients=50
1778007856021,PUT,0,0,chordKey_27_44,clients=50
1778007856028,PUT_HOP,0,2,chordKey_14_42,
1778007856029,GET,78,2,chordKey_11_33,clients=50
1778007856031,PUT,0,0,chordKey_11_34,clients=50
1778007856032,PUT_HOP,0,2,chordKey_44_57,
1778007856036,PUT_HOP,0,2,chordKey_46_26,
1778007856036,GET,105,2,chordKey_14_42,clients=50
1778007856038,PUT_HOP,0,2,chordKey_30_54,
1778007856037,GET,101,2,chordKey_24_36,clients=50
1778007856038,PUT,0,0,chordKey_14_43,clients=50
1778007856039,PUT,0,0,chordKey_24_37,clients=50
1778007856040,GET,81,2,chordKey_46_26,clients=50
1778007856039,PUT_HOP,0,2,chordKey_24_36,
1778007856041,PUT,0,0,chordKey_46_27,clients=50
1778007856041,PUT_HOP,0,2,chordKey_19_39,
1778007856042,GET,76,2,chordKey_39_39,clients=50
1778007856043,PUT,0,0,chordKey_39_40,clients=50
1778007856043,PUT_HOP,0,2,chordKey_39_39,
1778007856046,PUT_HOP,0,2,chordKey_2_29,
1778007856046,GET,77,2,chordKey_5_32,clients=50
1778007856047,GET,68,2,chordKey_35_40,clients=50
1778007856047,GET,79,2,chordKey_19_39,clients=50
1778007856046,GET,85,2,chordKey_2_29,clients=50
1778007856048,PUT_HOP,0,2,chordKey_29_35,
1778007856049,PUT,0,0,chordKey_2_30,clients=50
1778007856049,PUT_HOP,0,2,chordKey_11_33,
1778007856048,PUT,0,0,chordKey_19_40,clients=50
1778007856047,PUT,0,0,chordKey_35_41,clients=50
1778007856050,PUT_HOP,0,2,chordKey_35_40,
1778007856047,PUT,0,0,chordKey_5_33,clients=50
1778007856052,PUT_HOP,0,2,chordKey_5_32,
1778007856047,GET,74,2,chordKey_30_54,clients=50
1778007856055,PUT,0,0,chordKey_30_55,clients=50
1778007856056,GET,92,2,chordKey_29_35,clients=50
1778007856057,PUT,0,0,chordKey_29_36,clients=50
1778007856058,PUT_HOP,0,2,chordKey_33_62,
1778007856059,PUT_HOP,0,2,chordKey_45_35,
1778007856061,GET,84,2,chordKey_44_57,clients=50
1778007856061,PUT,0,0,chordKey_44_58,clients=50
1778007856064,PUT_HOP,0,2,chordKey_31_30,
1778007856068,GET,98,2,chordKey_45_35,clients=50
1778007856068,PUT_HOP,0,2,chordKey_3_37,
1778007856068,PUT,0,0,chordKey_45_36,clients=50
1778007856068,PUT_HOP,0,2,chordKey_10_21,
1778007856069,GET,89,2,chordKey_3_37,clients=50
1778007856070,PUT_HOP,0,2,chordKey_28_44,
1778007856070,GET,98,2,chordKey_28_44,clients=50
1778007856069,GET,93,2,chordKey_31_30,clients=50
1778007856071,PUT_HOP,0,2,chordKey_32_41,
1778007856072,PUT,0,0,chordKey_31_31,clients=50
1778007856071,PUT,0,0,chordKey_28_45,clients=50
1778007856070,PUT,0,0,chordKey_3_38,clients=50
1778007856074,PUT_HOP,0,2,chordKey_48_36,
1778007856075,PUT_HOP,0,2,chordKey_6_55,
1778007856077,PUT_HOP,0,2,chordKey_18_41,
1778007856078,GET,94,2,chordKey_6_55,clients=50
1778007856079,GET,59,2,chordKey_23_44,clients=50
1778007856079,PUT,0,0,chordKey_6_56,clients=50
1778007856080,PUT,0,0,chordKey_23_45,clients=50
1778007856080,GET,96,2,chordKey_33_62,clients=50
1778007856081,PUT_HOP,0,2,chordKey_23_44,
1778007856081,GET,94,2,chordKey_10_21,clients=50
1778007856082,PUT,0,0,chordKey_10_22,clients=50
1778007856081,GET,94,2,chordKey_18_41,clients=50
1778007856083,PUT,0,0,chordKey_18_42,clients=50
1778007856082,GET,96,2,chordKey_48_36,clients=50
1778007856085,PUT,0,0,chordKey_48_37,clients=50
1778007856082,PUT,0,0,chordKey_33_63,clients=50
1778007856085,GET,73,2,chordKey_32_41,clients=50
1778007856087,PUT,0,0,chordKey_32_42,clients=50
1778007856088,PUT_HOP,0,2,chordKey_8_40,
1778007856091,GET,78,2,chordKey_8_40,clients=50
1778007856092,PUT,0,0,chordKey_8_41,clients=50
1778007856093,GET,84,2,chordKey_1_44,clients=50
1778007856094,PUT,0,0,chordKey_1_45,clients=50
1778007856104,PUT_HOP,0,2,chordKey_11_34,
1778007856105,GET,94,2,chordKey_7_8,clients=50
1778007856106,PUT,0,0,chordKey_7_9,clients=50
1778007856110,PUT_HOP,0,2,chordKey_21_61,
1778007856117,GET,84,2,chordKey_11_34,clients=50
1778007856117,PUT_HOP,0,2,chordKey_14_43,
1778007856118,PUT,0,0,chordKey_11_35,clients=50
1778007856119,PUT_HOP,0,2,chordKey_1_44,
1778007856120,GET,80,2,chordKey_14_43,clients=50
1778007856120,PUT_HOP,0,2,chordKey_16_33,
1778007856120,PUT_HOP,0,2,chordKey_46_27,
1778007856120,PUT,0,0,chordKey_14_44,clients=50
1778007856121,PUT_HOP,0,2,chordKey_7_8,
1778007856120,GET,101,2,chordKey_21_61,clients=50
1778007856121,PUT_HOP,0,2,chordKey_29_36,
1778007856121,GET,79,2,chordKey_46_27,clients=50
1778007856121,PUT,0,0,chordKey_21_62,clients=50
1778007856121,PUT_HOP,0,2,chordKey_5_33,
1778007856122,PUT,0,0,chordKey_46_28,clients=50
1778007856124,PUT_HOP,0,2,chordKey_27_44,
1778007856124,GET,103,2,chordKey_16_33,clients=50
1778007856126,PUT,0,0,chordKey_16_34,clients=50
1778007856127,PUT_HOP,0,2,chordKey_45_36,
1778007856127,GET,75,2,chordKey_5_33,clients=50
1778007856125,GET,103,2,chordKey_27_44,clients=50
1778007856128,PUT,0,0,chordKey_27_45,clients=50
1778007856128,PUT,0,0,chordKey_5_34,clients=50
1778007856131,PUT_HOP,0,2,chordKey_3_38,
1778007856131,PUT_HOP,0,2,chordKey_24_37,
1778007856133,GET,93,2,chordKey_24_37,clients=50
1778007856134,PUT,0,0,chordKey_24_38,clients=50
1778007856134,GET,76,2,chordKey_29_36,clients=50
1778007856135,PUT,0,0,chordKey_29_37,clients=50
1778007856135,PUT_HOP,0,2,chordKey_28_45,
1778007856136,GET,67,2,chordKey_45_36,clients=50
1778007856138,PUT,0,0,chordKey_45_37,clients=50
1778007856143,PUT_HOP,0,2,chordKey_44_58,
1778007856145,GET,83,2,chordKey_44_58,clients=50
1778007856145,GET,89,2,chordKey_30_55,clients=50
1778007856144,PUT_HOP,0,2,chordKey_30_55,
1778007856147,PUT,0,0,chordKey_30_56,clients=50
1778007856147,PUT_HOP,0,2,chordKey_23_45,
1778007856146,PUT,0,0,chordKey_44_59,clients=50
1778007856148,GET,68,2,chordKey_23_45,clients=50
1778007856149,PUT,0,0,chordKey_23_46,clients=50
1778007856151,PUT_HOP,0,2,chordKey_31_31,
1778007856157,PUT,1021,0,chordKey_38_54,clients=50
1778007856158,PUT_HOP,0,2,chordKey_19_40,
1778007856159,GET,109,2,chordKey_19_40,clients=50
1778007856159,PUT,0,0,chordKey_19_41,clients=50
1778007856161,GET,75,2,chordKey_48_37,clients=50
1778007856160,PUT_HOP,0,2,chordKey_48_37,
1778007856164,PUT,2,0,chordKey_48_38,clients=50
1778007856166,PUT,1031,0,chordKey_4_18,clients=50
1778007856168,PUT,1061,0,chordKey_15_61,clients=50
1778007856171,GET,0,0,chordKey_15_61,clients=50
1778007856171,PUT,0,0,chordKey_15_62,clients=50
1778007856173,PUT_HOP,0,2,chordKey_46_28,
1778007856175,GET,0,0,chordKey_15_62,clients=50
1778007856176,PUT,0,0,chordKey_15_63,clients=50
1778007856177,GET,104,2,chordKey_31_31,clients=50
1778007856178,PUT_HOP,0,2,chordKey_39_40,
1778007856178,PUT_HOP,0,2,chordKey_10_22,
1778007856178,PUT,0,0,chordKey_31_32,clients=50
1778007856180,GET,95,2,chordKey_18_42,clients=50
1778007856180,PUT_HOP,0,2,chordKey_18_42,
1778007856181,PUT_HOP,0,2,chordKey_8_41,
1778007856168,PUT,1033,0,chordKey_26_36,clients=50
1778007856168,PUT,1061,0,chordKey_42_50,clients=50
1778007856167,PUT,1059,0,chordKey_37_20,clients=50
1778007856187,GET,0,0,chordKey_37_20,clients=50
1778007856187,PUT_HOP,0,2,chordKey_32_42,
1778007856188,PUT,0,0,chordKey_37_21,clients=50
1778007856190,GET,0,0,chordKey_37_21,clients=50
1778007856190,PUT_HOP,0,2,chordKey_41_46,
1778007856191,PUT,0,0,chordKey_37_22,clients=50
1778007856199,GET,0,0,chordKey_37_22,clients=50
1778007856200,PUT,0,0,chordKey_37_23,clients=50
1778007856204,PUT_HOP,0,2,chordKey_41_47,
1778007856209,PUT_HOP,0,2,chordKey_2_30,
1778007856210,PUT_HOP,0,2,chordKey_35_41,
1778007856210,PUT_HOP,0,2,chordKey_6_56,
1778007856213,GET,0,0,chordKey_37_23,clients=50
1778007856217,PUT,0,0,chordKey_37_24,clients=50
1778007856219,GET,0,0,chordKey_37_24,clients=50
1778007856219,PUT_HOP,0,2,chordKey_39_32,
1778007856220,PUT_HOP,0,2,chordKey_37_18,
1778007856221,PUT,0,0,chordKey_37_25,clients=50
1778007856221,GET,0,0,chordKey_37_25,clients=50
1778007856221,PUT_HOP,0,2,chordKey_41_33,
1778007856221,PUT_HOP,0,2,chordKey_25_30,
1778007856223,PUT,0,0,chordKey_37_26,clients=50
1778007856224,GET,0,0,chordKey_37_26,clients=50
1778007856225,PUT,0,0,chordKey_37_27,clients=50
1778007856225,GET,0,0,chordKey_37_27,clients=50
1778007856226,PUT,0,0,chordKey_37_28,clients=50
1778007856226,PUT_HOP,0,2,chordKey_33_63,
1778007856226,GET,0,0,chordKey_37_28,clients=50
1778007856167,PUT,1032,0,chordKey_0_35,clients=50
1778007856167,PUT,1059,0,chordKey_41_58,clients=50
1778007856228,GET,0,0,chordKey_41_58,clients=50
1778007856228,PUT,0,0,chordKey_41_59,clients=50
1778007856229,GET,0,0,chordKey_41_59,clients=50
1778007856230,PUT,0,0,chordKey_41_60,clients=50
1778007856231,GET,0,0,chordKey_41_60,clients=50
1778007856232,PUT,0,0,chordKey_41_61,clients=50
1778007856232,PUT_HOP,0,2,chordKey_44_59,
1778007856233,GET,0,0,chordKey_41_61,clients=50
1778007856234,PUT,0,0,chordKey_41_62,clients=50
1778007856234,PUT_HOP,0,2,chordKey_15_51,
1778007856234,GET,0,0,chordKey_41_62,clients=50
1778007856235,PUT,0,0,chordKey_41_63,clients=50
1778007856236,GET,0,0,chordKey_41_63,clients=50
1778007856167,PUT,1033,0,chordKey_17_81,clients=50
1778007856237,GET,0,0,chordKey_17_81,clients=50
1778007856237,PUT_HOP,0,2,chordKey_30_56,
1778007856237,PUT_HOP,0,2,chordKey_20_47,
1778007856238,PUT,0,0,chordKey_17_82,clients=50
1778007856238,GET,0,0,chordKey_17_82,clients=50
1778007856239,GET,120,2,chordKey_11_35,clients=50
1778007856167,PUT,1032,0,chordKey_12_52,clients=50
1778007856239,PUT,0,0,chordKey_11_36,clients=50
1778007856167,PUT,1030,0,chordKey_20_47,clients=50
1778007856240,GET,0,0,chordKey_20_47,clients=50
1778007856241,PUT,0,0,chordKey_20_48,clients=50
1778007856241,GET,0,0,chordKey_20_48,clients=50
1778007856241,PUT_HOP,0,2,chordKey_29_37,
1778007856241,PUT_HOP,0,2,chordKey_5_34,
1778007856242,PUT,0,0,chordKey_20_49,clients=50
1778007856242,GET,0,0,chordKey_20_49,clients=50
1778007856243,GET,122,2,chordKey_14_44,clients=50
1778007856239,PUT,0,0,chordKey_17_83,clients=50
1778007856244,GET,0,0,chordKey_17_83,clients=50
1778007856244,PUT,0,0,chordKey_17_84,clients=50
1778007856245,GET,0,0,chordKey_17_84,clients=50
1778007856245,PUT,0,0,chordKey_17_85,clients=50
1778007856246,GET,0,0,chordKey_17_85,clients=50
1778007856246,PUT,0,0,chordKey_17_86,clients=50
1778007856247,GET,0,0,chordKey_17_86,clients=50
1778007856248,PUT,0,0,chordKey_17_87,clients=50
1778007856248,GET,0,0,chordKey_17_87,clients=50
1778007856249,PUT,0,0,chordKey_17_88,clients=50
1778007856249,GET,0,0,chordKey_17_88,clients=50
1778007856250,PUT,0,0,chordKey_17_89,clients=50
1778007856251,GET,0,0,chordKey_17_89,clients=50
1778007856251,PUT,0,0,chordKey_17_90,clients=50
1778007856237,PUT,0,0,chordKey_41_64,clients=50
1778007856253,GET,0,0,chordKey_41_64,clients=50
1778007856253,PUT,0,0,chordKey_41_65,clients=50
1778007856254,GET,0,0,chordKey_41_65,clients=50
1778007856254,PUT,0,0,chordKey_41_66,clients=50
1778007856254,GET,0,0,chordKey_41_66,clients=50
1778007856227,PUT,0,0,chordKey_37_29,clients=50
1778007856226,GET,1217,2,chordKey_22_61,clients=50
1778007856256,PUT_HOP,0,2,chordKey_11_35,
1778007856256,PUT,1,0,chordKey_41_67,clients=50
1778007856225,GET,174,2,chordKey_35_41,clients=50
1778007856220,GET,85,2,chordKey_24_38,clients=50
1778007856212,GET,1212,2,chordKey_47_48,clients=50
1778007856211,GET,131,2,chordKey_6_56,clients=50
1778007856210,GET,166,2,chordKey_39_40,clients=50
1778007856256,PUT_HOP,0,2,chordKey_24_38,
1778007856206,GET,1198,2,chordKey_43_9,clients=50
1778007856259,PUT_HOP,0,2,chordKey_45_37,
1778007856204,GET,1167,2,chordKey_25_30,clients=50
1778007856260,PUT_HOP,0,2,chordKey_14_44,
1778007856201,GET,1214,2,chordKey_13_26,clients=50
1778007856192,GET,100,2,chordKey_8_41,clients=50
1778007856261,PUT_HOP,0,2,chordKey_7_9,
1778007856192,GET,104,2,chordKey_32_42,clients=50
1778007856261,GET,125,2,chordKey_29_37,clients=50
1778007856262,PUT_HOP,0,2,chordKey_1_45,
1778007856192,GET,109,2,chordKey_10_22,clients=50
1778007856265,PUT_HOP,0,2,chordKey_21_62,
1778007856266,PUT,0,0,chordKey_10_23,clients=50
1778007856185,PUT,0,0,chordKey_18_43,clients=50
1778007856179,GET,105,2,chordKey_3_38,clients=50
1778007856177,GET,55,2,chordKey_46_28,clients=50
1778007856269,PUT,0,0,chordKey_46_29,clients=50
1778007856270,PUT_HOP,0,2,chordKey_16_34,
1778007856177,GET,0,0,chordKey_15_63,clients=50
1778007856271,PUT,0,0,chordKey_15_64,clients=50
1778007856271,GET,0,0,chordKey_15_64,clients=50
1778007856272,GET,144,2,chordKey_16_34,clients=50
1778007856176,GET,127,2,chordKey_2_30,clients=50
1778007856272,PUT,0,0,chordKey_16_35,clients=50
1778007856175,GET,102,2,chordKey_28_45,clients=50
1778007856273,PUT,0,0,chordKey_28_46,clients=50
1778007856274,PUT_HOP,0,2,chordKey_23_46,
1778007856273,PUT,0,0,chordKey_2_31,clients=50
1778007856275,PUT_HOP,0,2,chordKey_27_45,
1778007856272,PUT,0,0,chordKey_15_65,clients=50
1778007856275,GET,0,0,chordKey_15_65,clients=50
1778007856270,GET,111,2,chordKey_38_54,clients=50
1778007856278,PUT,0,0,chordKey_38_55,clients=50
1778007856269,GET,173,2,chordKey_1_45,clients=50
1778007856267,GET,139,2,chordKey_27_45,clients=50
1778007856280,PUT_HOP,0,2,chordKey_18_43,
1778007856280,PUT_HOP,0,2,chordKey_12_52,
1778007856280,PUT_HOP,0,2,chordKey_19_41,
1778007856265,GET,179,2,chordKey_33_63,clients=50
1778007856261,GET,1147,2,chordKey_34_44,clients=50
1778007856281,PUT_HOP,0,2,chordKey_26_36,
1778007856258,GET,1,0,chordKey_41_67,clients=50
1778007856257,GET,119,2,chordKey_45_37,clients=50
1778007856282,PUT_HOP,0,2,chordKey_48_38,
1778007856283,GET,161,2,chordKey_21_62,clients=50
1778007856284,PUT_HOP,0,2,chordKey_4_18,
1778007856284,PUT_HOP,0,2,chordKey_15_61,
1778007856256,PUT,0,0,chordKey_22_62,clients=50
1778007856255,GET,0,0,chordKey_37_29,clients=50
1778007856252,GET,0,0,chordKey_17_90,clients=50
1778007856286,PUT_HOP,0,2,chordKey_38_54,
1778007856250,GET,102,2,chordKey_30_56,clients=50
1778007856247,GET,116,2,chordKey_5_34,clients=50
1778007856287,PUT_HOP,0,2,chordKey_42_50,
1778007856287,PUT_HOP,0,2,chordKey_37_20,
1778007856288,PUT,0,0,chordKey_5_35,clients=50
1778007856243,PUT,0,0,chordKey_14_45,clients=50
1778007856288,PUT_HOP,0,2,chordKey_17_81,
1778007856243,PUT,0,0,chordKey_20_50,clients=50
1778007856240,GET,92,2,chordKey_44_59,clients=50
1778007856287,PUT,0,0,chordKey_17_91,clients=50
1778007856281,GET,131,2,chordKey_23_46,clients=50
1778007856280,PUT,0,0,chordKey_27_46,clients=50
1778007856280,GET,100,2,chordKey_31_32,clients=50
1778007856279,PUT,0,0,chordKey_1_46,clients=50
1778007856278,GET,118,2,chordKey_19_41,clients=50
1778007856274,GET,167,2,chordKey_7_9,clients=50
1778007856292,GET,0,0,chordKey_1_46,clients=50
1778007856292,PUT,0,0,chordKey_31_33,clients=50
1778007856294,PUT_HOP,0,2,chordKey_37_25,
1778007856291,PUT,0,0,chordKey_23_47,clients=50
1778007856290,GET,0,0,chordKey_17_91,clients=50
1778007856295,PUT_HOP,0,2,chordKey_37_27,
1778007856293,PUT,0,0,chordKey_1_47,clients=50
1778007856300,GET,0,0,chordKey_1_47,clients=50
1778007856301,PUT_HOP,0,2,chordKey_31_32,
1778007856293,GET,108,2,chordKey_26_36,clients=50
1778007856301,PUT_HOP,0,2,chordKey_37_29,
1778007856293,PUT,0,0,chordKey_7_10,clients=50
1778007856302,PUT_HOP,0,2,chordKey_37_28,
1778007856292,PUT,0,0,chordKey_19_42,clients=50
1778007856302,PUT,0,0,chordKey_26_37,clients=50
1778007856301,PUT,0,0,chordKey_1_48,clients=50
1778007856303,PUT_HOP,0,2,chordKey_41_59,
1778007856300,PUT,0,0,chordKey_17_92,clients=50
1778007856304,GET,0,0,chordKey_1_48,clients=50
1778007856305,GET,0,0,chordKey_17_92,clients=50
1778007856306,PUT,0,0,chordKey_17_93,clients=50
1778007856306,PUT,0,0,chordKey_1_49,clients=50
1778007856307,GET,0,0,chordKey_17_93,clients=50
1778007856307,GET,0,0,chordKey_1_49,clients=50
1778007856307,PUT_HOP,0,2,chordKey_41_58,
1778007856308,PUT,0,0,chordKey_17_94,clients=50
1778007856308,PUT,0,0,chordKey_1_50,clients=50
1778007856309,GET,0,0,chordKey_17_94,clients=50
1778007856309,GET,0,0,chordKey_1_50,clients=50
1778007856309,PUT,0,0,chordKey_17_95,clients=50
1778007856310,PUT,0,0,chordKey_1_51,clients=50
1778007856310,GET,0,0,chordKey_1_51,clients=50
1778007856310,GET,0,0,chordKey_17_95,clients=50
1778007856311,PUT,0,0,chordKey_1_52,clients=50
1778007856312,PUT,0,0,chordKey_17_96,clients=50
1778007856312,GET,0,0,chordKey_17_96,clients=50
1778007856312,GET,0,0,chordKey_1_52,clients=50
1778007856313,PUT,0,0,chordKey_17_97,clients=50
1778007856314,PUT,0,0,chordKey_1_53,clients=50
1778007856314,GET,0,0,chordKey_1_53,clients=50
1778007856315,PUT,0,0,chordKey_1_54,clients=50
1778007856314,GET,0,0,chordKey_17_97,clients=50
1778007856305,PUT_HOP,0,2,chordKey_37_26,
1778007856317,PUT,0,0,chordKey_17_98,clients=50
1778007856317,PUT_HOP,0,2,chordKey_11_36,
1778007856316,GET,0,0,chordKey_1_54,clients=50
1778007856317,GET,0,0,chordKey_17_98,clients=50
1778007856318,PUT,0,0,chordKey_1_55,clients=50
1778007856319,PUT,0,0,chordKey_17_99,clients=50
1778007856319,GET,0,0,chordKey_1_55,clients=50
1778007856319,GET,0,0,chordKey_17_99,clients=50
1778007856320,PUT,0,0,chordKey_1_56,clients=50
1778007856320,PUT_HOP,0,2,chordKey_41_63,
1778007856320,GET,0,0,chordKey_1_56,clients=50
1778007856320,PUT_HOP,0,2,chordKey_41_62,
1778007856321,PUT,0,0,chordKey_1_57,clients=50
1778007856321,PUT_HOP,0,2,chordKey_0_35,
1778007856322,GET,0,0,chordKey_1_57,clients=50
1778007856322,GET,82,2,chordKey_11_36,clients=50
1778007856322,PUT,0,0,chordKey_1_58,clients=50
1778007856323,GET,0,0,chordKey_1_58,clients=50
1778007856324,PUT,0,0,chordKey_1_59,clients=50
1778007856324,GET,0,0,chordKey_1_59,clients=50
1778007856325,PUT,0,0,chordKey_1_60,clients=50
1778007856325,GET,0,0,chordKey_1_60,clients=50
1778007856326,PUT,0,0,chordKey_1_61,clients=50
1778007856327,GET,0,0,chordKey_1_61,clients=50
1778007856327,PUT,0,0,chordKey_1_62,clients=50
1778007856328,GET,0,0,chordKey_1_62,clients=50
1778007856323,PUT,0,0,chordKey_11_37,clients=50
1778007856338,PUT_HOP,0,2,chordKey_15_63,
1778007856339,PUT_HOP,0,2,chordKey_41_64,
1778007856334,PUT_HOP,0,2,chordKey_20_49,
1778007856360,GET,174,2,chordKey_42_50,clients=50
1778007856360,PUT_HOP,0,2,chordKey_46_29,
1778007856361,PUT_HOP,0,2,chordKey_37_21,
1778007856368,PUT_HOP,0,2,chordKey_15_62,
1778007856369,PUT,0,0,chordKey_42_51,clients=50
1778007856363,PUT_HOP,0,2,chordKey_37_23,
1778007856361,GET,191,2,chordKey_4_18,clients=50
1778007856368,PUT_HOP,0,2,chordKey_37_24,
1778007856370,PUT,0,0,chordKey_4_19,clients=50
1778007856361,GET,90,2,chordKey_46_29,clients=50
1778007856371,PUT,0,0,chordKey_46_30,clients=50
1778007856377,GET,149,2,chordKey_0_35,clients=50
1778007856380,PUT_HOP,0,2,chordKey_37_22,
1778007856393,PUT_HOP,0,2,chordKey_10_23,
1778007856393,PUT_HOP,0,2,chordKey_22_62,
1778007856395,GET,128,2,chordKey_10_23,clients=50
1778007856394,PUT_HOP,0,2,chordKey_14_45,
1778007856395,PUT,0,0,chordKey_10_24,clients=50
1778007856396,PUT_HOP,0,2,chordKey_17_90,
1778007856397,PUT_HOP,0,2,chordKey_17_83,
1778007856400,PUT_HOP,0,2,chordKey_28_46,
1778007856401,PUT_HOP,0,2,chordKey_11_37,
1778007856403,GET,128,2,chordKey_28_46,clients=50
1778007856404,PUT_HOP,0,2,chordKey_17_91,
1778007856404,PUT,0,0,chordKey_28_47,clients=50
1778007856405,GET,117,2,chordKey_5_35,clients=50
1778007856406,PUT_HOP,0,2,chordKey_5_35,
1778007856408,GET,119,2,chordKey_14_45,clients=50
1778007856410,PUT,0,0,chordKey_14_46,clients=50
1778007856411,PUT_HOP,0,2,chordKey_41_67,
1778007856412,PUT_HOP,0,2,chordKey_41_65,
1778007856411,PUT_HOP,0,2,chordKey_41_66,
1778007856424,PUT_HOP,0,2,chordKey_31_33,
1778007856425,PUT_HOP,0,2,chordKey_26_37,
1778007856427,GET,131,2,chordKey_31_33,clients=50
1778007856428,PUT,0,0,chordKey_31_34,clients=50
1778007856428,GET,125,2,chordKey_26_37,clients=50
1778007856429,PUT,0,0,chordKey_26_38,clients=50
1778007856432,GET,135,2,chordKey_23_47,clients=50
1778007856434,PUT,0,0,chordKey_23_48,clients=50
1778007856430,PUT_HOP,0,2,chordKey_23_47,
1778007856436,PUT_HOP,0,2,chordKey_7_10,
1778007856436,PUT_HOP,0,2,chordKey_17_93,
1778007856439,PUT_HOP,0,2,chordKey_17_92,
1778007856439,GET,136,2,chordKey_7_10,clients=50
1778007856440,PUT,0,0,chordKey_7_11,clients=50
1778007856440,PUT_HOP,0,2,chordKey_1_51,
1778007856448,PUT_HOP,0,2,chordKey_20_50,
1778007856449,PUT_HOP,0,2,chordKey_17_84,
1778007856456,PUT_HOP,0,2,chordKey_15_64,
1778007856457,PUT_HOP,0,2,chordKey_17_85,
1778007856458,PUT_HOP,0,2,chordKey_17_86,
1778007856458,PUT_HOP,0,2,chordKey_17_94,
1778007856458,PUT_HOP,0,2,chordKey_17_95,
1778007856459,PUT_HOP,0,2,chordKey_17_97,
1778007856459,PUT_HOP,0,2,chordKey_1_52,
1778007856459,PUT_HOP,0,2,chordKey_1_53,
1778007856460,PUT_HOP,0,2,chordKey_1_54,
1778007856463,PUT_HOP,0,2,chordKey_17_98,
1778007856466,PUT_HOP,0,2,chordKey_17_99,
1778007856468,PUT_HOP,0,2,chordKey_1_55,
1778007856470,PUT_HOP,0,2,chordKey_1_57,
1778007856479,PUT_HOP,0,2,chordKey_26_38,
1778007856483,GET,48,2,chordKey_23_48,clients=50
1778007856483,PUT,0,0,chordKey_23_49,clients=50
1778007856485,PUT_HOP,0,2,chordKey_1_56,
1778007856486,PUT_HOP,0,2,chordKey_23_48,
1778007856488,PUT_HOP,0,2,chordKey_10_24,
1778007856488,PUT_HOP,0,2,chordKey_1_58,
1778007856489,GET,78,2,chordKey_14_46,clients=50
1778007856490,PUT_HOP,0,2,chordKey_2_31,
1778007856490,PUT_HOP,0,2,chordKey_14_46,
1778007856489,GET,216,2,chordKey_16_35,clients=50
1778007856490,PUT_HOP,0,2,chordKey_28_47,
1778007856490,PUT,0,0,chordKey_16_36,clients=50
1778007856490,PUT,0,0,chordKey_14_47,clients=50
1778007856491,PUT_HOP,0,2,chordKey_31_34,
1778007856491,GET,62,2,chordKey_31_34,clients=50
1778007856492,PUT,0,0,chordKey_31_35,clients=50
1778007856490,GET,93,2,chordKey_10_24,clients=50
1778007856493,PUT,0,0,chordKey_10_25,clients=50
1778007856501,PUT_HOP,0,2,chordKey_23_49,
1778007856505,GET,21,2,chordKey_23_49,clients=50
1778007856506,PUT,0,0,chordKey_23_50,clients=50
1778007856507,GET,76,2,chordKey_26_38,clients=50
1778007856507,PUT,0,0,chordKey_26_39,clients=50
1778007856508,GET,68,2,chordKey_7_11,clients=50
1778007856509,PUT_HOP,0,2,chordKey_1_46,
1778007856509,PUT,0,0,chordKey_7_12,clients=50
1778007856510,PUT_HOP,0,2,chordKey_16_35,
1778007856510,GET,235,2,chordKey_2_31,clients=50
1778007856511,PUT,0,0,chordKey_2_32,clients=50
1778007856512,GET,222,2,chordKey_20_50,clients=50
1778007856512,GET,221,2,chordKey_27_46,clients=50
1778007856513,PUT_HOP,0,2,chordKey_1_49,
1778007856512,PUT,0,0,chordKey_20_51,clients=50
1778007856513,PUT_HOP,0,2,chordKey_38_55,
1778007856513,PUT,0,0,chordKey_27_47,clients=50
1778007856514,PUT_HOP,0,2,chordKey_1_47,
1778007856515,PUT_HOP,0,2,chordKey_19_42,
1778007856518,PUT_HOP,0,2,chordKey_27_46,
1778007856519,PUT_HOP,0,2,chordKey_1_62,
1778007856519,PUT_HOP,0,2,chordKey_7_11,
1778007856519,GET,240,2,chordKey_38_55,clients=50
1778007856520,PUT,0,0,chordKey_38_56,clients=50
1778007856521,PUT_HOP,0,2,chordKey_1_60,
1778007856521,GET,28,2,chordKey_31_35,clients=50
1778007856521,PUT_HOP,0,2,chordKey_10_25,
1778007856521,PUT_HOP,0,2,chordKey_4_19,
1778007856521,PUT,0,0,chordKey_31_36,clients=50
1778007856522,PUT_HOP,0,2,chordKey_31_35,
1778007856522,GET,28,2,chordKey_10_25,clients=50
1778007856522,PUT,0,0,chordKey_10_26,clients=50
1778007856522,GET,153,2,chordKey_42_51,clients=50
1778007856523,GET,151,2,chordKey_46_30,clients=50
1778007856523,PUT,0,0,chordKey_42_52,clients=50
1778007856524,PUT,0,0,chordKey_46_31,clients=50
1778007856528,PUT_HOP,0,2,chordKey_1_61,
1778007856530,PUT_HOP,0,2,chordKey_42_51,
1778007856532,PUT_HOP,0,2,chordKey_14_47,
1778007856538,GET,29,2,chordKey_26_39,clients=50
1778007856539,PUT,0,0,chordKey_26_40,clients=50
1778007856539,GET,47,2,chordKey_14_47,clients=50
1778007856540,PUT,0,0,chordKey_14_48,clients=50
1778007856547,PUT_HOP,0,2,chordKey_46_30,
1778007856548,PUT_HOP,0,2,chordKey_16_36,
1778007856549,PUT_HOP,0,2,chordKey_31_36,
1778007856549,PUT_HOP,0,2,chordKey_2_32,
1778007856550,GET,58,2,chordKey_16_36,clients=50
1778007856550,PUT_HOP,0,2,chordKey_26_39,
1778007856551,GET,29,2,chordKey_31_36,clients=50
1778007856553,PUT,0,0,chordKey_31_37,clients=50
1778007856554,GET,47,2,chordKey_23_50,clients=50
1778007856551,PUT,0,0,chordKey_16_37,clients=50
1778007856555,PUT,0,0,chordKey_23_51,clients=50
1778007856554,GET,43,2,chordKey_7_12,clients=50
1778007856555,PUT_HOP,0,2,chordKey_10_26,
1778007856555,PUT,0,0,chordKey_7_13,clients=50
1778007856555,PUT_HOP,0,2,chordKey_42_52,
1778007856556,PUT_HOP,0,2,chordKey_7_12,
1778007856557,GET,33,2,chordKey_42_52,clients=50
1778007856558,PUT,0,0,chordKey_42_53,clients=50
1778007856560,GET,37,2,chordKey_10_26,clients=50
1778007856560,PUT,0,0,chordKey_10_27,clients=50
1778007856567,GET,55,2,chordKey_2_32,clients=50
1778007856567,PUT_HOP,0,2,chordKey_20_51,
1778007856568,GET,54,2,chordKey_20_51,clients=50
1778007856569,PUT,0,0,chordKey_2_33,clients=50
1778007856569,PUT,0,0,chordKey_20_52,clients=50
1778007856577,PUT_HOP,0,2,chordKey_23_50,
1778007856587,PUT_HOP,0,2,chordKey_46_31,
1778007856587,PUT_HOP,0,2,chordKey_16_37,
1778007856589,GET,34,2,chordKey_16_37,clients=50
1778007856590,PUT_HOP,0,2,chordKey_27_47,
1778007856590,PUT,0,0,chordKey_16_38,clients=50
1778007856590,GET,65,2,chordKey_46_31,clients=50
1778007856590,PUT_HOP,0,2,chordKey_20_52,
1778007856591,PUT,0,0,chordKey_46_32,clients=50
1778007856592,GET,52,2,chordKey_14_48,clients=50
1778007856593,PUT,0,0,chordKey_14_49,clients=50
1778007856593,PUT_HOP,0,2,chordKey_14_48,
1778007856594,PUT_HOP,0,2,chordKey_23_51,
1778007856596,GET,37,2,chordKey_42_53,clients=50
1778007856596,PUT,0,0,chordKey_42_54,clients=50
1778007856599,PUT_HOP,0,2,chordKey_26_40,
1778007856601,GET,61,2,chordKey_26_40,clients=50
1778007856601,PUT,0,0,chordKey_26_41,clients=50
1778007856603,GET,47,2,chordKey_7_13,clients=50
1778007856604,PUT,0,0,chordKey_7_14,clients=50
1778007856608,PUT_HOP,0,2,chordKey_7_13,
1778007856608,PUT_HOP,0,2,chordKey_38_56,
1778007856609,GET,54,2,chordKey_23_51,clients=50
1778007856610,PUT,0,0,chordKey_23_52,clients=50
1778007856610,GET,40,2,chordKey_20_52,clients=50
1778007856610,PUT_HOP,0,2,chordKey_42_53,
1778007856610,GET,96,2,chordKey_27_47,clients=50
1778007856611,PUT_HOP,0,2,chordKey_31_37,
1778007856612,PUT,0,0,chordKey_27_48,clients=50
1778007856610,GET,89,2,chordKey_38_56,clients=50
1778007856612,PUT_HOP,0,2,chordKey_2_33,
1778007856613,PUT,0,0,chordKey_38_57,clients=50
1778007856612,GET,42,2,chordKey_2_33,clients=50
1778007856615,PUT,0,0,chordKey_2_34,clients=50
1778007856615,PUT_HOP,0,2,chordKey_10_27,
1778007856611,PUT,0,0,chordKey_20_53,clients=50
1778007856615,GET,61,2,chordKey_31_37,clients=50
1778007856619,GET,57,2,chordKey_10_27,clients=50
1778007856620,PUT_HOP,0,2,chordKey_16_38,
1778007856619,PUT,0,0,chordKey_31_38,clients=50
1778007856621,PUT,0,0,chordKey_10_28,clients=50
1778007856622,PUT_HOP,0,2,chordKey_46_32,
1778007856626,GET,32,2,chordKey_14_49,clients=50
1778007856627,PUT,0,0,chordKey_14_50,clients=50
1778007856628,PUT_HOP,0,2,chordKey_26_41,
1778007856632,GET,41,2,chordKey_16_38,clients=50
1778007856633,PUT,0,0,chordKey_16_39,clients=50
1778007856640,GET,48,2,chordKey_46_32,clients=50
1778007856640,PUT_HOP,0,2,chordKey_7_14,
1778007856641,PUT,0,0,chordKey_46_33,clients=50
1778007856641,GET,36,2,chordKey_7_14,clients=50
1778007856642,GET,44,2,chordKey_42_54,clients=50
1778007856643,PUT,0,0,chordKey_42_55,clients=50
1778007856642,GET,40,2,chordKey_26_41,clients=50
1778007856643,PUT_HOP,0,2,chordKey_23_52,
1778007856644,PUT,0,0,chordKey_26_42,clients=50
1778007856644,GET,33,2,chordKey_23_52,clients=50
1778007856642,PUT,0,0,chordKey_7_15,clients=50
1778007856645,PUT,0,0,chordKey_23_53,clients=50
1778007856646,PUT_HOP,0,2,chordKey_14_49,
1778007856647,PUT_HOP,0,2,chordKey_42_54,
1778007856656,PUT_HOP,0,2,chordKey_27_48,
1778007856660,PUT_HOP,0,2,chordKey_20_53,
1778007856665,PUT_HOP,0,2,chordKey_7_15,
1778007856666,PUT_HOP,0,2,chordKey_26_42,
1778007856667,GET,21,2,chordKey_23_53,clients=50
1778007856668,GET,23,2,chordKey_26_42,clients=50
1778007856668,PUT_HOP,0,2,chordKey_23_53,
1778007856669,PUT,0,0,chordKey_23_54,clients=50
1778007856668,GET,23,2,chordKey_7_15,clients=50
1778007856669,PUT,0,0,chordKey_26_43,clients=50
1778007856671,PUT,0,0,chordKey_7_16,clients=50
1778007856680,PUT_HOP,0,2,chordKey_31_38,
1778007856682,GET,58,2,chordKey_10_28,clients=50
1778007856681,PUT_HOP,0,2,chordKey_10_28,
1778007856683,PUT,0,0,chordKey_10_29,clients=50
1778007856684,GET,71,2,chordKey_27_48,clients=50
1778007856683,GET,61,2,chordKey_31_38,clients=50
1778007856685,PUT,0,0,chordKey_27_49,clients=50
1778007856685,PUT,0,0,chordKey_31_39,clients=50
1778007856689,PUT_HOP,0,2,chordKey_16_39,
1778007856698,GET,79,2,chordKey_20_53,clients=50
1778007856699,PUT,0,0,chordKey_20_54,clients=50
1778007856700,PUT_HOP,0,2,chordKey_26_43,
1778007856702,GET,32,2,chordKey_23_54,clients=50
1778007856702,PUT,0,0,chordKey_23_55,clients=50
1778007856703,PUT_HOP,0,2,chordKey_23_54,
1778007856704,PUT_HOP,0,2,chordKey_38_57,
1778007856704,PUT_HOP,0,2,chordKey_7_16,
1778007856706,PUT_HOP,0,2,chordKey_42_55,
1778007856708,GET,36,2,chordKey_7_16,clients=50
1778007856708,PUT_HOP,0,2,chordKey_10_29,
1778007856708,PUT,0,0,chordKey_7_17,clients=50
1778007856709,GET,75,2,chordKey_16_39,clients=50
1778007856709,GET,65,2,chordKey_42_55,clients=50
1778007856709,PUT,0,0,chordKey_16_40,clients=50
1778007856710,GET,26,2,chordKey_10_29,clients=50
1778007856710,PUT_HOP,0,2,chordKey_31_39,
1778007856710,PUT,0,0,chordKey_42_56,clients=50
1778007856711,PUT,0,0,chordKey_10_30,clients=50
1778007856711,GET,24,2,chordKey_31_39,clients=50
1778007856713,PUT,0,0,chordKey_31_40,clients=50
1778007856717,GET,46,2,chordKey_26_43,clients=50
1778007856718,PUT_HOP,0,2,chordKey_2_34,
1778007856717,GET,103,2,chordKey_38_57,clients=50
1778007856718,PUT_HOP,0,2,chordKey_14_50,
1778007856719,PUT,0,0,chordKey_38_58,clients=50
1778007856718,PUT,0,0,chordKey_26_44,clients=50
1778007856719,GET,91,2,chordKey_14_50,clients=50
1778007856721,PUT,0,0,chordKey_14_51,clients=50
1778007856723,GET,107,2,chordKey_2_34,clients=50
1778007856723,PUT,0,0,chordKey_2_35,clients=50
1778007856724,GET,82,2,chordKey_46_33,clients=50
1778007856725,PUT,0,0,chordKey_46_34,clients=50
1778007856729,PUT_HOP,0,2,chordKey_27_49,
1778007856732,GET,30,2,chordKey_20_54,clients=50
1778007856732,PUT_HOP,0,2,chordKey_20_54,
1778007856735,PUT,0,0,chordKey_20_55,clients=50
1778007856735,GET,23,2,chordKey_42_56,clients=50
1778007856736,PUT,0,0,chordKey_42_57,clients=50
1778007856739,GET,13,2,chordKey_46_34,clients=50
1778007856740,PUT,0,0,chordKey_46_35,clients=50
1778007856741,GET,38,2,chordKey_23_55,clients=50
1778007856741,PUT_HOP,0,2,chordKey_7_17,
1778007856741,PUT_HOP,0,2,chordKey_46_34,
1778007856741,PUT_HOP,0,2,chordKey_23_55,
1778007856741,PUT_HOP,0,2,chordKey_46_33,
1778007856742,PUT,0,0,chordKey_23_56,clients=50
1778007856743,GET,57,2,chordKey_27_49,clients=50
1778007856744,PUT,0,0,chordKey_27_50,clients=50
1778007856751,PUT_HOP,0,2,chordKey_38_58,
1778007856753,PUT_HOP,0,2,chordKey_10_30,
1778007856753,GET,39,2,chordKey_31_40,clients=50
1778007856753,PUT_HOP,0,2,chordKey_31_40,
1778007856754,PUT,0,0,chordKey_31_41,clients=50
1778007856754,GET,41,2,chordKey_10_30,clients=50
1778007856755,PUT,0,0,chordKey_10_31,clients=50
1778007856759,PUT_HOP,0,2,chordKey_42_56,
1778007856779,PUT_HOP,0,2,chordKey_26_44,
1778007856780,GET,71,2,chordKey_7_17,clients=50
1778007856781,PUT_HOP,0,2,chordKey_16_40,
1778007856782,PUT,0,0,chordKey_7_18,clients=50
1778007856783,PUT_HOP,0,2,chordKey_14_51,
1778007856788,PUT_HOP,0,2,chordKey_31_41,
1778007856789,PUT_HOP,0,2,chordKey_46_35,
1778007856790,PUT_HOP,0,2,chordKey_20_55,
1778007856790,GET,80,2,chordKey_16_40,clients=50
1778007856792,PUT,0,0,chordKey_16_41,clients=50
1778007856792,GET,72,2,chordKey_26_44,clients=50
1778007856793,PUT_HOP,0,2,chordKey_23_56,
1778007856793,PUT,0,0,chordKey_26_45,clients=50
1778007856795,PUT_HOP,0,2,chordKey_27_50,
1778007856795,GET,40,2,chordKey_31_41,clients=50
1778007856796,PUT,0,0,chordKey_31_42,clients=50
1778007856795,GET,52,2,chordKey_23_56,clients=50
1778007856796,GET,55,2,chordKey_46_35,clients=50
1778007856798,PUT_HOP,0,2,chordKey_10_31,
1778007856802,PUT,0,0,chordKey_46_36,clients=50
1778007856802,PUT_HOP,0,2,chordKey_2_35,
1778007856803,GET,78,2,chordKey_2_35,clients=50
1778007856795,GET,59,2,chordKey_20_55,clients=50
1778007856804,PUT_HOP,0,2,chordKey_42_57,
1778007856803,PUT,0,0,chordKey_2_36,clients=50
1778007856801,GET,81,2,chordKey_38_58,clients=50
1778007856801,GET,79,2,chordKey_14_51,clients=50
1778007856799,GET,44,2,chordKey_10_31,clients=50
1778007856797,PUT,0,0,chordKey_23_57,clients=50
1778007856797,GET,52,2,chordKey_27_50,clients=50
1778007856808,PUT,0,0,chordKey_27_51,clients=50
1778007856807,PUT,0,0,chordKey_14_52,clients=50
1778007856807,PUT,0,0,chordKey_10_32,clients=50
1778007856806,PUT,0,0,chordKey_38_59,clients=50
1778007856805,GET,67,2,chordKey_42_57,clients=50
1778007856811,PUT_HOP,0,2,chordKey_31_42,
1778007856804,PUT,0,0,chordKey_20_56,clients=50
1778007856811,PUT,0,0,chordKey_42_58,clients=50
1778007856810,GET,27,2,chordKey_7_18,clients=50
1778007856812,PUT,0,0,chordKey_7_19,clients=50
1778007856813,PUT_HOP,0,2,chordKey_7_18,
1778007856813,GET,17,2,chordKey_31_42,clients=50
1778007856814,PUT,0,0,chordKey_31_43,clients=50
1778007856819,GET,25,2,chordKey_26_45,clients=50
1778007856820,PUT,0,0,chordKey_26_46,clients=50
1778007856822,PUT_HOP,0,2,chordKey_16_41,
1778007856824,PUT_HOP,0,2,chordKey_46_36,
1778007856825,GET,32,2,chordKey_16_41,clients=50
1778007856825,PUT_HOP,0,2,chordKey_23_57,
1778007856827,PUT_HOP,0,2,chordKey_20_56,
1778007856836,PUT_HOP,0,2,chordKey_38_59,
1778007856828,GET,25,2,chordKey_46_36,clients=50
1778007856837,PUT_HOP,0,2,chordKey_27_51,
1778007856838,PUT_HOP,0,2,chordKey_2_36,
1778007856838,PUT,0,0,chordKey_46_37,clients=50
1778007856838,PUT_HOP,0,2,chordKey_26_45,
1778007856837,PUT,0,0,chordKey_16_42,clients=50
1778007856843,GET,35,2,chordKey_23_57,clients=50
1778007856844,PUT,0,0,chordKey_23_58,clients=50
1778007856844,PUT_HOP,0,2,chordKey_7_19,
1778007856845,GET,40,2,chordKey_2_36,clients=50
1778007856845,GET,35,2,chordKey_27_51,clients=50
1778007856846,PUT,0,0,chordKey_2_37,clients=50
1778007856847,PUT,0,0,chordKey_27_52,clients=50
1778007856847,GET,37,2,chordKey_14_52,clients=50
1778007856848,PUT_HOP,0,2,chordKey_14_52,
1778007856849,PUT_HOP,0,2,chordKey_26_46,
1778007856848,GET,35,2,chordKey_7_19,clients=50
1778007856849,PUT,0,0,chordKey_14_53,clients=50
1778007856849,PUT,0,0,chordKey_7_20,clients=50
1778007856848,GET,27,2,chordKey_26_46,clients=50
1778007856851,PUT,0,0,chordKey_26_47,clients=50
1778007856853,PUT_HOP,0,2,chordKey_16_42,
1778007856860,GET,50,2,chordKey_10_32,clients=50
1778007856861,PUT,0,0,chordKey_10_33,clients=50
1778007856861,PUT_HOP,0,2,chordKey_10_32,
1778007856862,GET,51,2,chordKey_38_59,clients=50
1778007856862,PUT,0,0,chordKey_38_60,clients=50
1778007856863,PUT_HOP,0,2,chordKey_42_58,
1778007856869,PUT_HOP,0,2,chordKey_23_58,
1778007856871,GET,31,2,chordKey_16_42,clients=50
1778007856872,PUT_HOP,0,2,chordKey_27_52,
1778007856872,GET,28,2,chordKey_23_58,clients=50
1778007856873,PUT,0,0,chordKey_16_43,clients=50
1778007856873,PUT,0,0,chordKey_23_59,clients=50
1778007856874,GET,26,2,chordKey_27_52,clients=50
1778007856875,PUT,0,0,chordKey_27_53,clients=50
1778007856877,PUT_HOP,0,2,chordKey_26_47,
1778007856878,PUT_HOP,0,2,chordKey_38_60,
1778007856881,GET,70,2,chordKey_20_56,clients=50
1778007856883,PUT,0,0,chordKey_20_57,clients=50
1778007856885,GET,73,2,chordKey_42_58,clients=50
1778007856885,PUT_HOP,0,2,chordKey_31_43,
1778007856886,PUT,0,0,chordKey_42_59,clients=50
1778007856888,GET,36,2,chordKey_26_47,clients=50
1778007856889,PUT,0,0,chordKey_26_48,clients=50
1778007856891,GET,76,2,chordKey_31_43,clients=50
1778007856892,PUT,0,0,chordKey_31_44,clients=50
1778007856894,GET,54,2,chordKey_46_37,clients=50
1778007856894,PUT_HOP,0,2,chordKey_46_37,
1778007856894,GET,31,2,chordKey_38_60,clients=50
1778007856894,PUT,0,0,chordKey_46_38,clients=50
1778007856895,PUT,0,0,chordKey_38_61,clients=50
1778007856898,PUT_HOP,0,2,chordKey_10_33,
1778007856904,GET,42,2,chordKey_10_33,clients=50
1778007856905,PUT,0,0,chordKey_10_34,clients=50
1778007856908,GET,34,2,chordKey_23_59,clients=50
1778007856909,PUT,0,0,chordKey_23_60,clients=50
1778007856910,PUT_HOP,0,2,chordKey_27_53,
1778007856912,PUT_HOP,0,2,chordKey_20_57,
1778007856913,PUT_HOP,0,2,chordKey_23_59,
1778007856914,GET,38,2,chordKey_27_53,clients=50
1778007856915,PUT,0,0,chordKey_27_54,clients=50
1778007856915,GET,41,2,chordKey_16_43,clients=50
1778007856914,GET,31,2,chordKey_20_57,clients=50
1778007856917,PUT,0,0,chordKey_20_58,clients=50
1778007856916,PUT,0,0,chordKey_16_44,clients=50
1778007856919,GET,33,2,chordKey_42_59,clients=50
1778007856920,PUT_HOP,0,2,chordKey_42_59,
1778007856921,PUT,0,0,chordKey_42_60,clients=50
1778007856922,PUT_HOP,0,2,chordKey_16_43,
1778007856925,PUT_HOP,0,2,chordKey_26_48,
1778007856927,GET,32,2,chordKey_46_38,clients=50
1778007856928,PUT,0,0,chordKey_46_39,clients=50
1778007856928,GET,33,2,chordKey_38_61,clients=50
1778007856930,PUT,0,0,chordKey_38_62,clients=50
1778007856930,GET,40,2,chordKey_26_48,clients=50
1778007856933,PUT_HOP,0,2,chordKey_2_37,
1778007856933,PUT,0,0,chordKey_26_49,clients=50
1778007856933,GET,83,2,chordKey_14_53,clients=50
1778007856935,PUT,0,0,chordKey_14_54,clients=50
1778007856935,GET,88,2,chordKey_2_37,clients=50
1778007856937,PUT_HOP,0,2,chordKey_7_20,
1778007856937,PUT,0,0,chordKey_2_38,clients=50
1778007856938,GET,87,2,chordKey_7_20,clients=50
1778007856938,PUT_HOP,0,2,chordKey_38_61,
1778007856939,PUT,0,0,chordKey_7_21,clients=50
1778007856940,PUT_HOP,0,2,chordKey_46_38,
1778007856940,PUT_HOP,0,2,chordKey_14_53,
1778007856942,PUT_HOP,0,2,chordKey_10_34,
1778007856944,PUT_HOP,0,2,chordKey_23_60,
1778007856945,GET,52,2,chordKey_31_44,clients=50
1778007856944,PUT_HOP,0,2,chordKey_31_44,
1778007856945,PUT_HOP,0,2,chordKey_20_58,
1778007856946,PUT,0,0,chordKey_31_45,clients=50
1778007856947,GET,41,2,chordKey_10_34,clients=50
1778007856949,PUT,0,0,chordKey_10_35,clients=50
1778007856951,GET,41,2,chordKey_23_60,clients=50
1778007856952,PUT,0,0,chordKey_23_61,clients=50
1778007856956,GET,34,2,chordKey_42_60,clients=50
1778007856956,GET,38,2,chordKey_16_44,clients=50
1778007856957,PUT,0,0,chordKey_42_61,clients=50
1778007856956,GET,40,2,chordKey_27_54,clients=50
1778007856957,PUT,0,0,chordKey_16_45,clients=50
1778007856958,PUT,0,0,chordKey_27_55,clients=50
1778007856960,GET,31,2,chordKey_46_39,clients=50
1778007856962,PUT_HOP,0,2,chordKey_16_44,
1778007856962,PUT,0,0,chordKey_46_40,clients=50
1778007856963,PUT_HOP,0,2,chordKey_27_54,
1778007856964,PUT_HOP,0,2,chordKey_26_49,
1778007856965,PUT_HOP,0,2,chordKey_42_60,
1778007856966,GET,48,2,chordKey_20_58,clients=50
1778007856966,PUT_HOP,0,2,chordKey_46_39,
1778007856970,PUT,0,0,chordKey_20_59,clients=50
1778007856971,PUT_HOP,0,2,chordKey_38_62,
1778007856970,GET,38,2,chordKey_38_62,clients=50
1778007856971,GET,37,2,chordKey_26_49,clients=50
1778007856973,PUT,0,0,chordKey_38_63,clients=50
1778007856973,PUT,0,0,chordKey_26_50,clients=50
1778007856984,PUT_HOP,0,2,chordKey_14_54,
1778007856985,PUT_HOP,0,2,chordKey_31_45,
1778007856991,GET,42,2,chordKey_31_45,clients=50
1778007856991,PUT_HOP,0,2,chordKey_10_35,
1778007856992,PUT,0,0,chordKey_31_46,clients=50
1778007856993,GET,57,2,chordKey_14_54,clients=50
1778007856994,PUT,0,0,chordKey_14_55,clients=50
1778007856995,PUT_HOP,0,2,chordKey_7_21,
1778007856995,PUT_HOP,0,2,chordKey_2_38,
1778007856996,GET,55,2,chordKey_7_21,clients=50
1778007856996,GET,58,2,chordKey_2_38,clients=50
1778007856996,PUT_HOP,0,2,chordKey_23_61,
1778007856997,PUT,0,0,chordKey_7_22,clients=50
1778007856997,PUT,0,0,chordKey_2_39,clients=50
1778007857002,GET,51,2,chordKey_10_35,clients=50
1778007857002,PUT_HOP,0,2,chordKey_42_61,
1778007857003,PUT,0,0,chordKey_10_36,clients=50
1778007857005,GET,46,2,chordKey_16_45,clients=50
1778007857006,PUT,0,0,chordKey_16_46,clients=50
1778007857006,PUT_HOP,0,2,chordKey_27_55,
1778007857014,GET,56,2,chordKey_42_61,clients=50
1778007857015,PUT_HOP,0,2,chordKey_16_45,
1778007857016,PUT_HOP,0,2,chordKey_38_63,
1778007857017,PUT,0,0,chordKey_42_62,clients=50
1778007857015,GET,50,2,chordKey_46_40,clients=50
1778007857019,PUT,0,0,chordKey_46_41,clients=50
1778007857020,GET,47,2,chordKey_38_63,clients=50
1778007857021,PUT,0,0,chordKey_38_64,clients=50
1778007857022,GET,69,2,chordKey_23_61,clients=50
1778007857022,PUT_HOP,0,2,chordKey_20_59,
1778007857023,PUT,0,0,chordKey_23_62,clients=50
1778007857023,PUT_HOP,0,2,chordKey_26_50,
1778007857025,PUT_HOP,0,2,chordKey_46_40,
1778007857028,GET,55,2,chordKey_26_50,clients=50
1778007857030,GET,71,2,chordKey_27_55,clients=50
1778007857030,PUT,0,0,chordKey_26_51,clients=50
1778007857031,PUT,0,0,chordKey_27_56,clients=50
1778007857036,GET,64,2,chordKey_20_59,clients=50
1778007857036,PUT_HOP,0,2,chordKey_31_46,
1778007857037,PUT,0,0,chordKey_20_60,clients=50
1778007857039,GET,46,2,chordKey_31_46,clients=50
1778007857040,PUT,0,0,chordKey_31_47,clients=50
1778007857044,PUT_HOP,0,2,chordKey_16_46,
1778007857046,PUT_HOP,0,2,chordKey_10_36,
1778007857048,PUT_HOP,0,2,chordKey_14_55,
1778007857049,GET,45,2,chordKey_10_36,clients=50
1778007857050,PUT,0,0,chordKey_10_37,clients=50
1778007857050,PUT_HOP,0,2,chordKey_42_62,
1778007857050,GET,37,2,chordKey_16_46,clients=50
1778007857051,PUT,0,0,chordKey_16_47,clients=50
1778007857055,GET,37,2,chordKey_42_62,clients=50
1778007857056,PUT_HOP,0,2,chordKey_46_41,
1778007857057,PUT_HOP,0,2,chordKey_38_64,
1778007857057,GET,62,2,chordKey_14_55,clients=50
1778007857057,GET,35,2,chordKey_38_64,clients=50
1778007857060,GET,39,2,chordKey_46_41,clients=50
1778007857059,PUT,0,0,chordKey_14_56,clients=50
1778007857061,PUT_HOP,0,2,chordKey_2_39,
1778007857058,PUT,0,0,chordKey_42_63,clients=50
1778007857061,PUT,0,0,chordKey_46_42,clients=50
1778007857062,PUT_HOP,0,2,chordKey_7_22,
1778007857060,PUT,0,0,chordKey_38_65,clients=50
1778007857067,PUT_HOP,0,2,chordKey_27_56,
1778007857071,PUT_HOP,0,2,chordKey_20_60,
1778007857072,GET,74,2,chordKey_7_22,clients=50
1778007857073,PUT,0,0,chordKey_7_23,clients=50
1778007857074,PUT_HOP,0,2,chordKey_16_47,
1778007857073,GET,40,2,chordKey_27_56,clients=50
1778007857073,GET,74,2,chordKey_2_39,clients=50
1778007857077,PUT,0,0,chordKey_2_40,clients=50
1778007857076,GET,38,2,chordKey_20_60,clients=50
1778007857078,PUT,0,0,chordKey_20_61,clients=50
1778007857076,PUT,0,0,chordKey_27_57,clients=50
1778007857081,GET,30,2,chordKey_10_37,clients=50
1778007857082,PUT,0,0,chordKey_10_38,clients=50
1778007857083,GET,42,2,chordKey_31_47,clients=50
1778007857084,PUT,0,0,chordKey_31_48,clients=50
1778007857087,PUT_HOP,0,2,chordKey_42_63,
1778007857088,GET,64,2,chordKey_23_62,clients=50
1778007857088,PUT_HOP,0,2,chordKey_23_62,
1778007857089,PUT_HOP,0,2,chordKey_38_65,
1778007857089,PUT_HOP,0,2,chordKey_26_51,
1778007857089,GET,58,2,chordKey_26_51,clients=50
1778007857089,PUT,0,0,chordKey_23_63,clients=50
1778007857090,PUT,0,0,chordKey_26_52,clients=50
1778007857090,PUT_HOP,0,2,chordKey_46_42,
1778007857092,GET,39,2,chordKey_16_47,clients=50
1778007857092,PUT,0,0,chordKey_16_48,clients=50
1778007857092,GET,29,2,chordKey_46_42,clients=50
1778007857093,PUT,0,0,chordKey_46_43,clients=50
1778007857094,GET,32,2,chordKey_42_63,clients=50
1778007857095,PUT,0,0,chordKey_42_64,clients=50
1778007857095,PUT_HOP,0,2,chordKey_20_61,
1778007857094,GET,31,2,chordKey_38_65,clients=50
1778007857096,PUT,0,0,chordKey_38_66,clients=50
1778007857098,PUT_HOP,0,2,chordKey_2_40,
1778007857104,PUT_HOP,0,2,chordKey_14_56,
1778007857106,PUT_HOP,0,2,chordKey_27_57,
1778007857108,PUT_HOP,0,2,chordKey_10_37,
1778007857109,PUT_HOP,0,2,chordKey_31_47,
1778007857110,GET,30,2,chordKey_20_61,clients=50
1778007857111,PUT,0,0,chordKey_20_62,clients=50
1778007857116,PUT_HOP,0,2,chordKey_10_38,
1778007857117,GET,34,2,chordKey_10_38,clients=50
1778007857118,PUT,0,0,chordKey_10_39,clients=50
1778007857118,GET,38,2,chordKey_27_57,clients=50
1778007857121,PUT,0,0,chordKey_27_58,clients=50
1778007857117,GET,39,2,chordKey_2_40,clients=50
1778007857121,PUT_HOP,0,2,chordKey_31_48,
1778007857121,PUT_HOP,0,1,chordKey_10_39,
1778007857122,PUT,0,0,chordKey_2_41,clients=50
1778007857122,GET,37,2,chordKey_31_48,clients=50
1778007857123,PUT,0,0,chordKey_31_49,clients=50
1778007857124,GET,5,1,chordKey_10_39,clients=50
1778007857124,PUT,0,0,chordKey_10_40,clients=50
1778007857126,PUT_HOP,0,1,chordKey_31_49,
1778007857127,GET,3,1,chordKey_31_49,clients=50
1778007857128,PUT,0,0,chordKey_31_50,clients=50
1778007857128,PUT_HOP,0,2,chordKey_16_48,
1778007857129,GET,35,2,chordKey_46_43,clients=50
1778007857130,PUT,0,0,chordKey_46_44,clients=50
1778007857147,PUT_HOP,0,2,chordKey_46_43,
1778007857148,PUT_HOP,0,2,chordKey_38_66,
1778007857148,PUT_HOP,0,2,chordKey_42_64,
1778007857149,GET,53,2,chordKey_42_64,clients=50
1778007857150,PUT,0,0,chordKey_42_65,clients=50
1778007857150,GET,54,2,chordKey_38_66,clients=50
1778007857151,GET,89,2,chordKey_14_56,clients=50
1778007857152,PUT,0,0,chordKey_38_67,clients=50
1778007857152,PUT,0,0,chordKey_14_57,clients=50
1778007857153,GET,60,2,chordKey_16_48,clients=50
1778007857154,PUT,0,0,chordKey_16_49,clients=50
1778007857157,PUT_HOP,0,2,chordKey_7_23,
1778007857157,GET,46,2,chordKey_20_62,clients=50
1778007857158,PUT,0,0,chordKey_20_63,clients=50
1778007857158,PUT_HOP,0,2,chordKey_26_52,
1778007857158,PUT_HOP,0,2,chordKey_20_62,
1778007857158,PUT_HOP,0,2,chordKey_23_63,
1778007857158,GET,83,2,chordKey_7_23,clients=50
1778007857159,PUT_HOP,0,2,chordKey_27_58,
1778007857159,PUT,0,0,chordKey_7_24,clients=50
1778007857160,GET,69,2,chordKey_23_63,clients=50
1778007857160,PUT_HOP,0,2,chordKey_2_41,
1778007857161,PUT,0,0,chordKey_23_64,clients=50
1778007857161,GET,69,2,chordKey_26_52,clients=50
1778007857162,PUT,0,0,chordKey_26_53,clients=50
1778007857162,GET,40,2,chordKey_27_58,clients=50
1778007857163,PUT,0,0,chordKey_27_59,clients=50
1778007857170,PUT_HOP,0,2,chordKey_10_40,
1778007857170,GET,47,2,chordKey_2_41,clients=50
1778007857170,GET,45,2,chordKey_10_40,clients=50
1778007857171,PUT,0,0,chordKey_2_42,clients=50
1778007857171,PUT,0,0,chordKey_10_41,clients=50
1778007857173,PUT_HOP,0,2,chordKey_14_57,
1778007857182,GET,28,2,chordKey_14_57,clients=50
1778007857182,GET,51,2,chordKey_46_44,clients=50
1778007857182,PUT,0,0,chordKey_14_58,clients=50
1778007857183,PUT_HOP,0,2,chordKey_31_50,
1778007857182,PUT,0,0,chordKey_46_45,clients=50
1778007857184,PUT_HOP,0,2,chordKey_46_44,
1778007857186,GET,56,2,chordKey_31_50,clients=50
1778007857187,PUT,0,0,chordKey_31_51,clients=50
1778007857188,PUT_HOP,0,2,chordKey_38_67,
1778007857188,PUT_HOP,0,2,chordKey_42_65,
1778007857189,GET,38,2,chordKey_42_65,clients=50
1778007857190,PUT_HOP,0,2,chordKey_16_49,
1778007857191,PUT,0,0,chordKey_42_66,clients=50
1778007857190,GET,38,2,chordKey_38_67,clients=50
1778007857192,PUT,0,0,chordKey_38_68,clients=50
1778007857195,PUT_HOP,0,2,chordKey_20_63,
1778007857197,GET,38,2,chordKey_20_63,clients=50
1778007857198,PUT_HOP,0,2,chordKey_7_24,
1778007857198,GET,42,2,chordKey_16_49,clients=50
1778007857199,GET,36,2,chordKey_26_53,clients=50
1778007857200,PUT,0,0,chordKey_26_54,clients=50
1778007857199,PUT_HOP,0,2,chordKey_23_64,
1778007857198,PUT,0,0,chordKey_20_64,clients=50
1778007857199,PUT,0,0,chordKey_16_50,clients=50
1778007857203,PUT_HOP,0,2,chordKey_26_53,
1778007857205,GET,22,2,chordKey_14_58,clients=50
1778007857205,PUT_HOP,0,2,chordKey_14_58,
1778007857206,PUT_HOP,0,2,chordKey_2_42,
1778007857206,PUT,0,0,chordKey_14_59,clients=50
1778007857206,GET,45,2,chordKey_7_24,clients=50
1778007857207,GET,46,2,chordKey_23_64,clients=50
1778007857208,PUT,0,0,chordKey_23_65,clients=50
1778007857208,PUT,0,0,chordKey_7_25,clients=50
1778007857226,GET,54,2,chordKey_2_42,clients=50
1778007857226,PUT_HOP,0,2,chordKey_10_41,
1778007857227,PUT_HOP,0,2,chordKey_31_51,
1778007857227,PUT,0,0,chordKey_2_43,clients=50
1778007857228,PUT_HOP,0,2,chordKey_46_45,
1778007857228,PUT_HOP,0,2,chordKey_27_59,
1778007857226,GET,63,2,chordKey_27_59,clients=50
1778007857228,PUT_HOP,0,2,chordKey_38_68,
1778007857228,PUT_HOP,0,2,chordKey_16_50,
1778007857229,PUT,0,0,chordKey_27_60,clients=50
1778007857229,PUT_HOP,0,2,chordKey_42_66,
1778007857226,GET,54,2,chordKey_10_41,clients=50
1778007857230,PUT,0,0,chordKey_10_42,clients=50
1778007857229,GET,41,2,chordKey_31_51,clients=50
1778007857231,GET,38,2,chordKey_38_68,clients=50
1778007857231,PUT,0,0,chordKey_38_69,clients=50
1778007857228,GET,36,2,chordKey_42_66,clients=50
1778007857232,PUT,0,0,chordKey_42_67,clients=50
1778007857231,PUT,0,0,chordKey_31_52,clients=50
1778007857230,GET,47,2,chordKey_46_45,clients=50
1778007857234,PUT,0,0,chordKey_46_46,clients=50
1778007857242,GET,34,2,chordKey_14_59,clients=50
1778007857241,PUT_HOP,0,2,chordKey_14_59,
1778007857243,PUT,0,0,chordKey_14_60,clients=50
1778007857244,GET,40,2,chordKey_20_64,clients=50
1778007857245,PUT,0,0,chordKey_20_65,clients=50
1778007857245,PUT_HOP,0,2,chordKey_20_64,
1778007857257,PUT_HOP,0,2,chordKey_2_43,
1778007857269,PUT_HOP,0,2,chordKey_10_42,
1778007857270,PUT_HOP,0,2,chordKey_7_25,
1778007857272,GET,42,2,chordKey_10_42,clients=50
1778007857272,PUT_HOP,0,2,chordKey_38_69,
1778007857273,GET,38,2,chordKey_46_46,clients=50
1778007857273,PUT,0,0,chordKey_10_43,clients=50
1778007857273,PUT,0,0,chordKey_46_47,clients=50
1778007857276,PUT_HOP,0,2,chordKey_26_54,
1778007857282,GET,53,2,chordKey_2_43,clients=50
1778007857283,GET,80,2,chordKey_26_54,clients=50
1778007857283,PUT_HOP,0,2,chordKey_46_46,
1778007857283,PUT,0,0,chordKey_2_44,clients=50
1778007857283,PUT,0,0,chordKey_26_55,clients=50
1778007857283,PUT_HOP,0,2,chordKey_42_67,
1778007857283,GET,74,2,chordKey_23_65,clients=50
1778007857284,PUT_HOP,0,2,chordKey_31_52,
1778007857284,GET,52,2,chordKey_38_69,clients=50
1778007857285,PUT_HOP,0,2,chordKey_14_60,
1778007857285,GET,52,2,chordKey_42_67,clients=50
1778007857285,PUT,0,0,chordKey_23_66,clients=50
1778007857286,GET,52,2,chordKey_31_52,clients=50
1778007857286,PUT,0,0,chordKey_42_68,clients=50
1778007857285,PUT,0,0,chordKey_38_70,clients=50
1778007857288,PUT,1027,0,chordKey_13_27,clients=50
1778007857288,PUT_HOP,0,2,chordKey_20_65,
1778007857287,PUT,1026,0,chordKey_8_42,clients=50
1778007857287,PUT,1025,0,chordKey_32_43,clients=50
1778007857287,PUT,0,0,chordKey_31_53,clients=50
1778007857287,PUT,1022,0,chordKey_29_38,clients=50
1778007857287,PUT,1028,0,chordKey_35_42,clients=50
1778007857286,PUT,1027,0,chordKey_6_57,clients=50
1778007857286,PUT,1028,0,chordKey_24_39,clients=50
1778007857286,PUT,1018,0,chordKey_3_39,clients=50
1778007857286,PUT,1027,0,chordKey_39_41,clients=50
1778007857286,PUT,1026,0,chordKey_43_10,clients=50
1778007857286,PUT,1027,0,chordKey_47_49,clients=50
1778007857293,GET,47,2,chordKey_20_65,clients=50
1778007857289,GET,46,2,chordKey_14_60,clients=50
1778007857293,PUT_HOP,0,2,chordKey_42_68,
1778007857294,PUT,0,0,chordKey_14_61,clients=50
1778007857288,PUT,1028,0,chordKey_25_31,clients=50
1778007857294,PUT,0,0,chordKey_20_66,clients=50
1778007857296,GET,1131,2,chordKey_48_38,clients=50
1778007857297,PUT,0,0,chordKey_48_39,clients=50
1778007857303,GET,15,2,chordKey_42_68,clients=50
1778007857304,PUT,0,0,chordKey_42_69,clients=50
1778007857308,GET,34,2,chordKey_10_43,clients=50
1778007857309,PUT_HOP,0,2,chordKey_46_47,
1778007857309,PUT,0,0,chordKey_10_44,clients=50
1778007857309,PUT_HOP,0,2,chordKey_10_43,
1778007857316,PUT_HOP,0,2,chordKey_2_44,
1778007857317,PUT_HOP,0,2,chordKey_27_60,
1778007857317,GET,112,2,chordKey_16_50,clients=50
1778007857321,PUT_HOP,0,2,chordKey_29_38,
1778007857323,GET,48,2,chordKey_46_47,clients=50
1778007857318,GET,34,2,chordKey_2_44,clients=50
1778007857318,GET,108,2,chordKey_7_25,clients=50
1778007857324,PUT,0,0,chordKey_2_45,clients=50
1778007857324,PUT,0,0,chordKey_46_48,clients=50
1778007857324,PUT,0,0,chordKey_16_51,clients=50
1778007857325,PUT,0,0,chordKey_7_26,clients=50
1778007857327,PUT_HOP,0,2,chordKey_23_65,
1778007857328,GET,99,2,chordKey_27_60,clients=50
1778007857329,PUT,0,0,chordKey_27_61,clients=50
1778007857330,PUT_HOP,0,2,chordKey_3_39,
1778007857331,GET,1063,2,chordKey_18_43,clients=50
1778007857331,PUT_HOP,0,2,chordKey_32_43,
1778007857331,PUT_HOP,0,2,chordKey_43_10,
1778007857332,PUT,0,0,chordKey_18_44,clients=50
1778007857333,PUT_HOP,0,2,chordKey_25_31,
1778007857335,PUT_HOP,0,2,chordKey_20_66,
1778007857335,GET,46,2,chordKey_8_42,clients=50
1778007857335,PUT_HOP,0,2,chordKey_8_42,
1778007857335,PUT_HOP,0,2,chordKey_31_53,
1778007857336,PUT,0,0,chordKey_8_43,clients=50
1778007857337,GET,47,2,chordKey_31_53,clients=50
1778007857338,PUT,0,0,chordKey_31_54,clients=50
1778007857338,PUT_HOP,0,2,chordKey_41_60,
1778007857338,PUT_HOP,0,2,chordKey_23_66,
1778007857341,PUT_HOP,0,2,chordKey_42_69,
1778007857342,GET,37,2,chordKey_42_69,clients=50
1778007857343,PUT,0,0,chordKey_42_70,clients=50
1778007857346,GET,56,2,chordKey_29_38,clients=50
1778007857347,PUT,0,0,chordKey_29_39,clients=50
1778007857349,GET,56,2,chordKey_3_39,clients=50
1778007857351,PUT,0,0,chordKey_3_40,clients=50
1778007857350,GET,61,2,chordKey_32_43,clients=50
1778007857353,PUT_HOP,0,2,chordKey_14_61,
1778007857354,PUT,0,0,chordKey_32_44,clients=50
1778007857353,GET,67,2,chordKey_23_66,clients=50
1778007857355,PUT_HOP,0,2,chordKey_47_49,
1778007857354,GET,61,2,chordKey_43_10,clients=50
1778007857355,PUT,0,0,chordKey_23_67,clients=50
1778007857356,PUT_HOP,0,2,chordKey_24_39,
1778007857358,GET,74,2,chordKey_26_55,clients=50
1778007857359,PUT,0,0,chordKey_26_56,clients=50
1778007857360,PUT_HOP,0,2,chordKey_38_70,
1778007857357,PUT,1076,0,chordKey_33_64,clients=50
1778007857357,PUT,1075,0,chordKey_34_45,clients=50
1778007857356,PUT,1075,0,chordKey_41_68,clients=50
1778007857362,PUT_HOP,0,2,chordKey_26_55,
1778007857363,GET,0,0,chordKey_41_68,clients=50
1778007857363,PUT,0,0,chordKey_41_69,clients=50
1778007857364,GET,0,0,chordKey_41_69,clients=50
1778007857356,PUT,1074,0,chordKey_45_38,clients=50
1778007857364,PUT_HOP,0,2,chordKey_13_27,
1778007857356,GET,61,2,chordKey_25_31,clients=50
1778007857356,PUT,0,0,chordKey_43_11,clients=50
1778007857365,GET,74,2,chordKey_24_39,clients=50
1778007857367,PUT,1083,0,chordKey_21_63,clients=50
1778007857365,PUT,0,0,chordKey_25_32,clients=50
1778007857365,GET,70,2,chordKey_14_61,clients=50
1778007857373,PUT,0,0,chordKey_14_62,clients=50
1778007857364,PUT,0,0,chordKey_41_70,clients=50
1778007857374,GET,0,0,chordKey_41_70,clients=50
1778007857374,PUT,0,0,chordKey_41_71,clients=50
1778007857374,PUT_HOP,0,2,chordKey_48_39,
1778007857373,GET,84,2,chordKey_13_27,clients=50
1778007857370,GET,72,2,chordKey_48_39,clients=50
1778007857375,PUT_HOP,0,2,chordKey_6_57,
1778007857376,PUT,0,0,chordKey_48_40,clients=50
1778007857368,GET,74,2,chordKey_47_49,clients=50
1778007857377,PUT,0,0,chordKey_47_50,clients=50
1778007857367,PUT,0,0,chordKey_24_40,clients=50
1778007857367,PUT,1090,0,chordKey_15_66,clients=50
1778007857366,PUT,1079,0,chordKey_30_57,clients=50
1778007857366,PUT,1038,0,chordKey_1_63,clients=50
1778007857366,PUT,1080,0,chordKey_37_30,clients=50
1778007857366,PUT,1077,0,chordKey_44_60,clients=50
1778007857381,PUT_HOP,0,2,chordKey_39_41,
1778007857380,GET,0,0,chordKey_37_30,clients=50
1778007857380,GET,0,0,chordKey_1_63,clients=50
1778007857382,PUT,0,0,chordKey_37_31,clients=50
1778007857379,GET,0,0,chordKey_15_66,clients=50
1778007857375,PUT,0,0,chordKey_13_28,clients=50
1778007857375,GET,0,0,chordKey_41_71,clients=50
1778007857384,PUT,0,0,chordKey_15_67,clients=50
1778007857383,GET,0,0,chordKey_37_31,clients=50
1778007857386,PUT,0,0,chordKey_37_32,clients=50
1778007857387,PUT_HOP,0,2,chordKey_46_48,
1778007857387,GET,0,0,chordKey_37_32,clients=50
1778007857387,PUT_HOP,0,2,chordKey_10_44,
1778007857388,PUT,0,0,chordKey_37_33,clients=50
1778007857388,GET,0,0,chordKey_37_33,clients=50
1778007857389,PUT,0,0,chordKey_37_34,clients=50
1778007857389,PUT_HOP,0,2,chordKey_45_38,
1778007857383,PUT,0,0,chordKey_1_64,clients=50
1778007857389,GET,0,0,chordKey_37_34,clients=50
1778007857385,GET,0,0,chordKey_15_67,clients=50
1778007857385,GET,90,2,chordKey_20_66,clients=50
1778007857385,PUT,0,0,chordKey_41_72,clients=50
1778007857391,GET,0,0,chordKey_41_72,clients=50
1778007857392,PUT_HOP,0,2,chordKey_2_45,
1778007857392,GET,67,2,chordKey_2_45,clients=50
1778007857392,GET,82,2,chordKey_10_44,clients=50
1778007857393,GET,28,2,chordKey_45_38,clients=50
1778007857394,GET,1064,2,chordKey_11_37,clients=50
1778007857395,GET,69,2,chordKey_46_48,clients=50
1778007857399,PUT_HOP,0,2,chordKey_20_48,
1778007857404,GET,112,2,chordKey_6_57,clients=50
1778007857404,PUT_HOP,0,2,chordKey_35_42,
1778007857405,PUT,0,0,chordKey_6_58,clients=50
1778007857406,PUT_HOP,0,2,chordKey_16_51,
1778007857404,GET,113,2,chordKey_35_42,clients=50
1778007857407,PUT,0,0,chordKey_35_43,clients=50
1778007857408,PUT_HOP,0,2,chordKey_7_26,
1778007857408,PUT_HOP,0,2,chordKey_42_70,
1778007857404,GET,116,2,chordKey_38_70,clients=50
1778007857408,GET,115,2,chordKey_39_41,clients=50
1778007857409,GET,79,2,chordKey_27_61,clients=50
1778007857409,GET,83,2,chordKey_7_26,clients=50
1778007857411,PUT_HOP,0,2,chordKey_27_61,
1778007857411,GET,85,2,chordKey_16_51,clients=50
1778007857416,PUT_HOP,0,2,chordKey_17_89,
1778007857416,PUT_HOP,0,2,chordKey_41_61,
1778007857417,PUT_HOP,0,2,chordKey_17_87,
1778007857417,GET,73,2,chordKey_42_70,clients=50
1778007857417,GET,1177,2,chordKey_12_52,clients=50
1778007857417,PUT,0,0,chordKey_42_71,clients=50
1778007857418,PUT,0,0,chordKey_12_53,clients=50
1778007857425,PUT_HOP,0,2,chordKey_18_44,
1778007857426,PUT_HOP,0,2,chordKey_15_65,
1778007857426,PUT_HOP,0,2,chordKey_17_88,
1778007857427,PUT_HOP,0,2,chordKey_17_82,
1778007857435,GET,82,2,chordKey_3_40,clients=50
1778007857435,PUT_HOP,0,2,chordKey_3_40,
1778007857436,PUT,0,0,chordKey_3_41,clients=50
1778007857437,PUT,1031,0,chordKey_5_36,clients=50
1778007857440,GET,107,2,chordKey_18_44,clients=50
1778007857447,PUT,1069,0,chordKey_0_36,clients=50
1778007857450,PUT_HOP,0,2,chordKey_23_67,
1778007857452,PUT_HOP,0,2,chordKey_8_43,
1778007857457,PUT_HOP,0,2,chordKey_33_64,
1778007857478,PUT_HOP,0,2,chordKey_31_54,
1778007857480,PUT_HOP,0,2,chordKey_29_39,
1778007857480,GET,143,2,chordKey_8_43,clients=50
1778007857481,GET,142,2,chordKey_31_54,clients=50
1778007857481,PUT,0,0,chordKey_31_55,clients=50
1778007857481,PUT,0,0,chordKey_8_44,clients=50
1778007857483,PUT_HOP,0,2,chordKey_32_44,
1778007857484,GET,135,2,chordKey_29_39,clients=50
1778007857484,PUT_HOP,0,2,chordKey_43_11,
1778007857484,PUT,0,0,chordKey_29_40,clients=50
1778007857485,GET,126,2,chordKey_23_67,clients=50
1778007857486,PUT_HOP,0,2,chordKey_41_68,
1778007857486,PUT,0,0,chordKey_23_68,clients=50
1778007857488,PUT_HOP,0,2,chordKey_26_56,
1778007857489,GET,127,2,chordKey_33_64,clients=50
1778007857490,PUT,0,0,chordKey_33_65,clients=50
1778007857489,GET,128,2,chordKey_26_56,clients=50
1778007857491,PUT,0,0,chordKey_26_57,clients=50
1778007857498,PUT_HOP,0,2,chordKey_24_40,
1778007857498,GET,132,2,chordKey_43_11,clients=50
1778007857499,PUT,0,0,chordKey_43_12,clients=50
1778007857499,PUT_HOP,0,2,chordKey_44_60,
1778007857508,GET,1222,2,chordKey_22_62,clients=50
1778007857509,PUT,0,0,chordKey_22_63,clients=50
1778007857509,PUT_HOP,0,2,chordKey_17_96,
1778007857517,PUT_HOP,0,2,chordKey_1_59,
1778007857518,GET,148,2,chordKey_25_32,clients=50
1778007857519,PUT,0,0,chordKey_25_33,clients=50
1778007857523,GET,143,2,chordKey_30_57,clients=50
1778007857524,PUT,0,0,chordKey_30_58,clients=50
1778007857525,GET,141,2,chordKey_13_28,clients=50
1778007857526,PUT,0,0,chordKey_13_29,clients=50
1778007857527,PUT_HOP,0,2,chordKey_14_62,
1778007857528,GET,151,2,chordKey_48_40,clients=50
1778007857527,PUT_HOP,0,2,chordKey_47_50,
1778007857529,PUT_HOP,0,2,chordKey_21_63,
1778007857530,PUT,0,0,chordKey_48_41,clients=50
1778007857530,PUT_HOP,0,2,chordKey_15_66,
1778007857531,GET,163,2,chordKey_21_63,clients=50
1778007857531,PUT,0,0,chordKey_21_64,clients=50
1778007857529,GET,150,2,chordKey_47_50,clients=50
1778007857534,PUT,0,0,chordKey_47_51,clients=50
1778007857538,GET,159,2,chordKey_24_40,clients=50
1778007857539,PUT,0,0,chordKey_24_41,clients=50
1778007857539,PUT_HOP,0,2,chordKey_37_32,
1778007857539,PUT_HOP,0,2,chordKey_37_31,
1778007857540,PUT_HOP,0,2,chordKey_41_72,
1778007857540,PUT_HOP,0,2,chordKey_37_34,
1778007857543,GET,1240,2,chordKey_19_42,clients=50
1778007857544,PUT,0,0,chordKey_19_43,clients=50
1778007857553,GET,171,2,chordKey_44_60,clients=50
1778007857553,PUT_HOP,0,2,chordKey_37_33,
1778007857554,PUT,0,0,chordKey_44_61,clients=50
1778007857555,PUT_HOP,0,2,chordKey_5_36,
1778007857555,GET,118,2,chordKey_5_36,clients=50
1778007857556,PUT,0,0,chordKey_5_37,clients=50
1778007857558,PUT_HOP,0,2,chordKey_15_67,
1778007857559,PUT_HOP,0,2,chordKey_1_64,
1778007857568,PUT_HOP,0,2,chordKey_6_58,
1778007857568,PUT_HOP,0,2,chordKey_12_53,
1778007857574,PUT_HOP,0,2,chordKey_35_43,
1778007857575,PUT_HOP,0,2,chordKey_42_71,
1778007857577,PUT_HOP,0,2,chordKey_33_65,
1778007857578,GET,88,2,chordKey_33_65,clients=50
1778007857579,PUT,0,0,chordKey_33_66,clients=50
1778007857582,PUT_HOP,0,2,chordKey_31_55,
1778007857583,PUT_HOP,0,2,chordKey_8_44,
1778007857584,GET,166,2,chordKey_12_53,clients=50
1778007857585,PUT,0,0,chordKey_12_54,clients=50
1778007857585,PUT_HOP,0,2,chordKey_3_41,
1778007857585,GET,166,2,chordKey_42_71,clients=50
1778007857586,PUT,0,0,chordKey_42_72,clients=50
1778007857587,PUT_HOP,0,2,chordKey_23_68,
1778007857590,PUT_HOP,0,2,chordKey_21_64,
1778007857590,GET,103,2,chordKey_23_68,clients=50
1778007857591,PUT,0,0,chordKey_23_69,clients=50
1778007857593,GET,65,2,chordKey_13_29,clients=50
1778007857593,PUT_HOP,0,2,chordKey_13_29,
1778007857594,PUT,0,0,chordKey_13_30,clients=50
1778007857595,GET,63,2,chordKey_21_64,clients=50
1778007857596,PUT_HOP,0,2,chordKey_43_12,
1778007857596,GET,113,2,chordKey_31_55,clients=50
1778007857597,PUT,0,0,chordKey_31_56,clients=50
1778007857596,GET,113,2,chordKey_8_44,clients=50
1778007857596,PUT,0,0,chordKey_21_65,clients=50
1778007857598,PUT,0,0,chordKey_8_45,clients=50
1778007857599,PUT_HOP,0,2,chordKey_22_63,
1778007857599,GET,89,2,chordKey_22_63,clients=50
1778007857600,PUT,0,0,chordKey_22_64,clients=50
1778007857605,PUT_HOP,0,2,chordKey_29_40,
1778007857605,GET,1234,2,chordKey_4_19,clients=50
1778007857605,PUT_HOP,0,2,chordKey_0_36,
1778007857607,PUT,0,0,chordKey_4_20,clients=50
1778007857606,GET,114,2,chordKey_26_57,clients=50
1778007857609,PUT,0,0,chordKey_26_58,clients=50
1778007857609,PUT_HOP,0,2,chordKey_25_33,
1778007857610,PUT_HOP,0,2,chordKey_33_66,
1778007857606,GET,120,2,chordKey_29_40,clients=50
1778007857612,PUT,0,0,chordKey_29_41,clients=50
1778007857606,GET,158,2,chordKey_0_36,clients=50
1778007857614,PUT,0,0,chordKey_0_37,clients=50
1778007857610,GET,111,2,chordKey_43_12,clients=50
1778007857615,PUT,0,0,chordKey_43_13,clients=50
1778007857615,GET,90,2,chordKey_30_58,clients=50
1778007857615,PUT_HOP,0,2,chordKey_30_58,
1778007857615,PUT,0,0,chordKey_30_59,clients=50
1778007857617,GET,98,2,chordKey_25_33,clients=50
1778007857618,PUT_HOP,0,2,chordKey_24_41,
1778007857618,GET,87,2,chordKey_48_41,clients=50
1778007857619,PUT,0,0,chordKey_25_34,clients=50
1778007857619,GET,83,2,chordKey_47_51,clients=50
1778007857619,PUT_HOP,0,2,chordKey_47_51,
1778007857620,PUT,0,0,chordKey_47_52,clients=50
1778007857619,PUT,0,0,chordKey_48_42,clients=50
1778007857620,PUT_HOP,0,2,chordKey_26_57,
1778007857621,PUT_HOP,0,2,chordKey_48_41,
1778007857622,GET,77,2,chordKey_19_43,clients=50
1778007857622,PUT_HOP,0,2,chordKey_19_43,
1778007857623,PUT,0,0,chordKey_19_44,clients=50
1778007857625,PUT_HOP,0,2,chordKey_12_54,
1778007857626,PUT_HOP,0,2,chordKey_42_72,
1778007857627,GET,41,2,chordKey_12_54,clients=50
1778007857628,PUT,0,0,chordKey_12_55,clients=50
1778007857627,PUT_HOP,0,2,chordKey_21_65,
1778007857628,GET,48,2,chordKey_33_66,clients=50
1778007857629,PUT,0,0,chordKey_33_67,clients=50
1778007857632,PUT_HOP,0,2,chordKey_44_61,
1778007857634,GET,77,2,chordKey_5_37,clients=50
1778007857634,PUT_HOP,0,2,chordKey_5_37,
1778007857634,PUT,0,0,chordKey_5_38,clients=50
1778007857634,PUT_HOP,0,1,chordKey_30_59,
1778007857635,GET,95,2,chordKey_24_41,clients=50
1778007857635,GET,19,1,chordKey_30_59,clients=50
1778007857638,GET,43,2,chordKey_13_30,clients=50
1778007857636,PUT,0,0,chordKey_24_42,clients=50
1778007857639,PUT_HOP,0,2,chordKey_13_30,
1778007857639,GET,41,2,chordKey_21_65,clients=50
1778007857640,PUT,0,0,chordKey_21_66,clients=50
1778007857639,PUT,0,0,chordKey_13_31,clients=50
1778007857639,GET,51,2,chordKey_42_72,clients=50
1778007857638,PUT,0,0,chordKey_30_60,clients=50
1778007857638,GET,84,2,chordKey_44_61,clients=50
1778007857643,PUT,0,0,chordKey_44_62,clients=50
1778007857644,PUT_HOP,0,2,chordKey_31_56,
1778007857642,PUT,0,0,chordKey_42_73,clients=50
1778007857644,GET,46,2,chordKey_31_56,clients=50
1778007857645,PUT,0,0,chordKey_31_57,clients=50
1778007857646,PUT_HOP,0,2,chordKey_22_64,
1778007857646,GET,47,2,chordKey_8_45,clients=50
1778007857647,PUT,0,0,chordKey_8_46,clients=50
1778007857647,GET,55,2,chordKey_23_69,clients=50
1778007857648,PUT,0,0,chordKey_23_70,clients=50
1778007857649,PUT_HOP,0,2,chordKey_23_69,
1778007857650,PUT_HOP,0,2,chordKey_8_45,
1778007857652,GET,52,2,chordKey_22_64,clients=50
1778007857653,PUT,0,0,chordKey_22_65,clients=50
1778007857653,GET,42,2,chordKey_26_58,clients=50
1778007857654,PUT,0,0,chordKey_26_59,clients=50
1778007857655,PUT_HOP,0,2,chordKey_26_58,
1778007857656,GET,48,2,chordKey_4_20,clients=50
1778007857656,PUT,0,0,chordKey_4_21,clients=50
1778007857657,PUT_HOP,0,2,chordKey_4_20,
1778007857664,GET,48,2,chordKey_43_13,clients=50
1778007857667,PUT,0,0,chordKey_43_14,clients=50
1778007857667,PUT_HOP,0,2,chordKey_31_57,
1778007857671,GET,25,2,chordKey_31_57,clients=50
1778007857676,PUT,0,0,chordKey_31_58,clients=50
1778007857678,PUT_HOP,0,2,chordKey_29_41,
1778007857678,GET,65,2,chordKey_29_41,clients=50
1778007857678,PUT_HOP,0,2,chordKey_12_55,
1778007857679,PUT,0,0,chordKey_29_42,clients=50
1778007857681,PUT_HOP,0,2,chordKey_0_37,
1778007857684,PUT_HOP,0,2,chordKey_43_13,
1778007857684,GET,56,2,chordKey_12_55,clients=50
1778007857685,PUT,0,0,chordKey_12_56,clients=50
1778007857685,PUT_HOP,0,2,chordKey_25_34,
1778007857686,PUT_HOP,0,2,chordKey_33_67,
1778007857687,GET,72,2,chordKey_0_37,clients=50
1778007857687,PUT_HOP,0,2,chordKey_43_14,
1778007857688,PUT,0,0,chordKey_0_38,clients=50
1778007857688,GET,59,2,chordKey_33_67,clients=50
1778007857689,PUT,0,0,chordKey_33_68,clients=50
1778007857691,GET,50,2,chordKey_21_66,clients=50
1778007857691,PUT,0,0,chordKey_21_67,clients=50
1778007857691,GET,17,2,chordKey_43_14,clients=50
1778007857692,PUT,0,0,chordKey_43_15,clients=50
1778007857693,PUT_HOP,0,2,chordKey_21_66,
1778007857694,PUT_HOP,0,2,chordKey_19_44,
1778007857695,GET,71,2,chordKey_19_44,clients=50
1778007857695,PUT_HOP,0,2,chordKey_47_52,
1778007857696,PUT,0,0,chordKey_19_45,clients=50
1778007857696,PUT_HOP,0,2,chordKey_48_42,
1778007857696,PUT_HOP,0,2,chordKey_26_59,
1778007857696,GET,77,2,chordKey_25_34,clients=50
1778007857697,PUT,0,0,chordKey_25_35,clients=50
1778007857698,PUT_HOP,0,2,chordKey_5_38,
1778007857699,GET,63,2,chordKey_5_38,clients=50
1778007857699,GET,79,2,chordKey_48_42,clients=50
1778007857699,GET,78,2,chordKey_47_52,clients=50
1778007857701,PUT_HOP,0,2,chordKey_24_42,
1778007857702,PUT,0,0,chordKey_47_53,clients=50
1778007857700,PUT,0,0,chordKey_48_43,clients=50
1778007857704,PUT_HOP,0,2,chordKey_42_73,
1778007857705,PUT_HOP,0,2,chordKey_44_62,
1778007857699,PUT,0,0,chordKey_5_39,clients=50
1778007857705,GET,63,2,chordKey_30_60,clients=50
1778007857706,GET,66,2,chordKey_24_42,clients=50
1778007857707,PUT,0,0,chordKey_30_61,clients=50
1778007857704,GET,63,2,chordKey_13_31,clients=50
1778007857708,PUT_HOP,0,2,chordKey_13_31,
1778007857708,PUT_HOP,0,2,chordKey_30_60,
1778007857708,PUT,0,0,chordKey_13_32,clients=50
1778007857707,PUT,0,0,chordKey_24_43,clients=50
1778007857706,GET,51,2,chordKey_26_59,clients=50
1778007857709,GET,62,2,chordKey_8_46,clients=50
1778007857710,PUT,0,0,chordKey_26_60,clients=50
1778007857710,PUT,0,0,chordKey_8_47,clients=50
1778007857713,PUT_HOP,0,2,chordKey_23_70,
1778007857714,PUT_HOP,0,2,chordKey_31_58,
1778007857715,GET,38,2,chordKey_31_58,clients=50
1778007857718,PUT,0,0,chordKey_31_59,clients=50
1778007857719,GET,75,2,chordKey_42_73,clients=50
1778007857720,PUT_HOP,0,2,chordKey_8_46,
1778007857723,PUT,1,0,chordKey_42_74,clients=50
1778007857717,GET,68,2,chordKey_23_70,clients=50
1778007857724,PUT_HOP,0,2,chordKey_4_21,
1778007857725,PUT,0,0,chordKey_23_71,clients=50
1778007857720,GET,66,2,chordKey_22_65,clients=50
1778007857726,PUT_HOP,0,2,chordKey_22_65,
1778007857726,PUT,0,0,chordKey_22_66,clients=50
1778007857719,GET,75,2,chordKey_44_62,clients=50
1778007857727,PUT,0,0,chordKey_44_63,clients=50
1778007857728,PUT_HOP,0,2,chordKey_12_56,
1778007857729,PUT_HOP,0,2,chordKey_29_42,
1778007857730,GET,73,2,chordKey_4_21,clients=50
1778007857731,PUT,0,0,chordKey_4_22,clients=50
1778007857737,GET,57,2,chordKey_29_42,clients=50
1778007857738,GET,52,2,chordKey_12_56,clients=50
1778007857739,PUT,0,0,chordKey_29_43,clients=50
1778007857739,PUT,0,0,chordKey_12_57,clients=50
1778007857740,PUT_HOP,0,2,chordKey_33_68,
1778007857743,PUT_HOP,0,2,chordKey_43_15,
1778007857743,GET,51,2,chordKey_21_67,clients=50
1778007857744,PUT,0,0,chordKey_21_68,clients=50
1778007857746,PUT_HOP,0,2,chordKey_21_67,
1778007857751,GET,61,2,chordKey_33_68,clients=50
1778007857752,PUT,0,0,chordKey_33_69,clients=50
1778007857755,PUT_HOP,0,2,chordKey_42_74,
1778007857756,PUT_HOP,0,2,chordKey_31_59,
1778007857762,PUT_HOP,0,2,chordKey_25_35,
1778007857762,PUT_HOP,0,2,chordKey_0_38,
1778007857763,GET,64,2,chordKey_25_35,clients=50
1778007857762,PUT_HOP,0,2,chordKey_5_39,
1778007857768,PUT,0,0,chordKey_25_36,clients=50
1778007857769,PUT_HOP,0,2,chordKey_47_53,
1778007857767,GET,74,2,chordKey_43_15,clients=50
1778007857770,PUT,0,0,chordKey_43_16,clients=50
1778007857769,PUT_HOP,0,2,chordKey_30_61,
1778007857767,GET,47,2,chordKey_31_59,clients=50
1778007857771,PUT,0,0,chordKey_31_60,clients=50
1778007857773,PUT_HOP,0,2,chordKey_26_60,
1778007857773,GET,68,2,chordKey_48_43,clients=50
1778007857773,PUT_HOP,0,2,chordKey_19_45,
1778007857763,GET,75,2,chordKey_0_38,clients=50
1778007857774,PUT_HOP,0,2,chordKey_8_47,
1778007857775,GET,66,2,chordKey_24_43,clients=50
1778007857775,PUT_HOP,0,2,chordKey_13_32,
1778007857774,PUT,0,0,chordKey_48_44,clients=50
1778007857777,PUT,0,0,chordKey_24_44,clients=50
1778007857773,GET,68,2,chordKey_5_39,clients=50
1778007857778,PUT_HOP,0,2,chordKey_48_43,
1778007857778,PUT,0,0,chordKey_5_40,clients=50
1778007857771,GET,67,2,chordKey_47_53,clients=50
1778007857776,GET,67,2,chordKey_13_32,clients=50
1778007857780,PUT,0,0,chordKey_13_33,clients=50
1778007857776,GET,65,2,chordKey_26_60,clients=50
1778007857775,GET,78,2,chordKey_19_45,clients=50
1778007857775,PUT,0,0,chordKey_0_39,clients=50
1778007857782,PUT,0,0,chordKey_19_46,clients=50
1778007857781,PUT,0,0,chordKey_26_61,clients=50
1778007857780,PUT,0,0,chordKey_47_54,clients=50
1778007857779,GET,68,2,chordKey_8_47,clients=50
1778007857787,PUT_HOP,0,2,chordKey_21_68,
1778007857787,PUT,0,0,chordKey_8_48,clients=50
1778007857787,GET,79,2,chordKey_30_61,clients=50
1778007857788,PUT_HOP,0,2,chordKey_24_43,
1778007857788,PUT,0,0,chordKey_30_62,clients=50
1778007857790,GET,65,2,chordKey_42_74,clients=50
1778007857791,PUT,0,0,chordKey_42_75,clients=50
1778007857792,PUT_HOP,0,2,chordKey_33_69,
1778007857793,PUT_HOP,0,2,chordKey_22_66,
1778007857793,GET,68,2,chordKey_23_71,clients=50
1778007857794,PUT,0,0,chordKey_23_72,clients=50
1778007857794,PUT_HOP,0,2,chordKey_23_71,
1778007857801,PUT_HOP,0,2,chordKey_44_63,
1778007857802,PUT_HOP,0,2,chordKey_29_43,
1778007857802,GET,62,2,chordKey_29_43,clients=50
1778007857803,PUT,0,0,chordKey_29_44,clients=50
1778007857808,GET,63,2,chordKey_21_68,clients=50
1778007857809,PUT_HOP,0,2,chordKey_12_57,
1778007857809,PUT,0,0,chordKey_21_69,clients=50
1778007857809,GET,68,2,chordKey_12_57,clients=50
1778007857810,PUT,0,0,chordKey_12_58,clients=50
1778007857811,GET,83,2,chordKey_44_63,clients=50
1778007857812,PUT_HOP,0,2,chordKey_43_16,
1778007857812,PUT,0,0,chordKey_44_64,clients=50
1778007857816,GET,89,2,chordKey_22_66,clients=50
1778007857816,GET,63,2,chordKey_33_69,clients=50
1778007857817,PUT,0,0,chordKey_22_67,clients=50
1778007857817,GET,85,2,chordKey_4_22,clients=50
1778007857817,PUT,0,0,chordKey_33_70,clients=50
1778007857818,PUT,0,0,chordKey_4_23,clients=50
1778007857819,PUT_HOP,0,2,chordKey_4_22,
1778007857820,GET,49,2,chordKey_43_16,clients=50
1778007857820,PUT_HOP,0,2,chordKey_25_36,
1778007857821,PUT,0,0,chordKey_43_17,clients=50
1778007857822,GET,45,2,chordKey_48_44,clients=50
1778007857822,PUT,0,0,chordKey_48_45,clients=50
1778007857823,PUT_HOP,0,2,chordKey_31_60,
1778007857822,GET,52,2,chordKey_25_36,clients=50
1778007857824,PUT,0,0,chordKey_25_37,clients=50
1778007857827,PUT_HOP,0,2,chordKey_48_44,
1778007857828,PUT_HOP,0,2,chordKey_24_44,
1778007857829,GET,51,2,chordKey_24_44,clients=50
1778007857830,PUT,0,0,chordKey_24_45,clients=50
1778007857831,PUT_HOP,0,2,chordKey_26_61,
1778007857832,PUT_HOP,0,2,chordKey_13_33,
1778007857832,GET,51,2,chordKey_13_33,clients=50
1778007857833,PUT,0,0,chordKey_13_34,clients=50
1778007857833,PUT_HOP,0,2,chordKey_47_54,
1778007857841,GET,55,2,chordKey_47_54,clients=50
1778007857843,PUT,0,0,chordKey_47_55,clients=50
1778007857843,PUT_HOP,0,2,chordKey_19_46,
1778007857843,GET,52,2,chordKey_42_75,clients=50
1778007857845,GET,72,2,chordKey_31_60,clients=50
1778007857846,PUT,0,0,chordKey_31_61,clients=50
1778007857846,PUT_HOP,0,2,chordKey_42_75,
1778007857845,PUT,0,0,chordKey_42_76,clients=50
1778007857850,GET,71,2,chordKey_5_40,clients=50
1778007857850,PUT,0,0,chordKey_5_41,clients=50
1778007857850,PUT_HOP,0,2,chordKey_0_39,
1778007857850,GET,64,2,chordKey_26_61,clients=50
1778007857851,PUT_HOP,0,2,chordKey_30_62,
1778007857852,PUT,0,0,chordKey_26_62,clients=50
1778007857853,GET,65,2,chordKey_8_48,clients=50
1778007857853,GET,64,2,chordKey_30_62,clients=50
1778007857854,PUT_HOP,0,2,chordKey_5_40,
1778007857854,PUT_HOP,0,2,chordKey_8_48,
1778007857854,PUT,0,0,chordKey_8_49,clients=50
1778007857854,PUT,0,0,chordKey_30_63,clients=50
1778007857855,PUT_HOP,0,2,chordKey_23_72,
1778007857855,GET,70,2,chordKey_0_39,clients=50
1778007857855,PUT,0,0,chordKey_0_40,clients=50
1778007857856,GET,71,2,chordKey_19_46,clients=50
1778007857857,PUT,0,0,chordKey_19_47,clients=50
1778007857858,PUT_HOP,0,2,chordKey_12_58,
1778007857861,GET,66,2,chordKey_23_72,clients=50
1778007857861,PUT_HOP,0,2,chordKey_21_69,
1778007857862,GET,51,2,chordKey_12_58,clients=50
1778007857862,PUT,0,0,chordKey_23_73,clients=50
1778007857864,PUT,0,0,chordKey_12_59,clients=50
1778007857864,GET,55,2,chordKey_21_69,clients=50
1778007857865,PUT,0,0,chordKey_21_70,clients=50
1778007857866,GET,43,2,chordKey_43_17,clients=50
1778007857866,PUT_HOP,0,2,chordKey_43_17,
1778007857866,PUT,0,0,chordKey_43_18,clients=50
1778007857869,GET,65,2,chordKey_29_44,clients=50
1778007857870,PUT,0,0,chordKey_29_45,clients=50
1778007857870,PUT_HOP,0,2,chordKey_44_64,
1778007857873,PUT_HOP,0,2,chordKey_29_44,
1778007857873,GET,60,2,chordKey_44_64,clients=50
1778007857874,PUT_HOP,0,2,chordKey_22_67,
1778007857874,PUT,0,0,chordKey_44_65,clients=50
1778007857884,PUT_HOP,0,2,chordKey_25_37,
1778007857885,PUT_HOP,0,2,chordKey_33_70,
1778007857886,GET,68,2,chordKey_22_67,clients=50
1778007857886,PUT_HOP,0,2,chordKey_48_45,
1778007857886,PUT,0,0,chordKey_22_68,clients=50
1778007857887,PUT_HOP,0,2,chordKey_4_23,
1778007857895,PUT_HOP,0,2,chordKey_13_34,
1778007857896,GET,77,2,chordKey_33_70,clients=50
1778007857896,GET,72,2,chordKey_48_45,clients=50
1778007857896,PUT,0,0,chordKey_33_71,clients=50
1778007857897,PUT,0,0,chordKey_48_46,clients=50
1778007857898,GET,79,2,chordKey_4_23,clients=50
1778007857898,PUT,0,0,chordKey_4_24,clients=50
1778007857899,PUT_HOP,0,2,chordKey_24_45,
1778007857900,GET,52,2,chordKey_42_76,clients=50
1778007857900,GET,69,2,chordKey_24_45,clients=50
1778007857902,PUT,0,0,chordKey_24_46,clients=50
1778007857900,PUT_HOP,0,2,chordKey_42_76,
1778007857899,GET,74,2,chordKey_25_37,clients=50
1778007857902,GET,57,2,chordKey_47_55,clients=50
1778007857901,PUT,0,0,chordKey_42_77,clients=50
1778007857906,PUT,0,0,chordKey_47_56,clients=50
1778007857907,PUT_HOP,0,2,chordKey_26_62,
1778007857901,GET,67,2,chordKey_13_34,clients=50
1778007857907,PUT,1,0,chordKey_25_38,clients=50
1778007857907,PUT,0,0,chordKey_13_35,clients=50
1778007857908,PUT_HOP,0,2,chordKey_47_55,
1778007857908,PUT_HOP,0,2,chordKey_30_63,
1778007857910,PUT_HOP,0,2,chordKey_12_59,
1778007857910,PUT_HOP,0,2,chordKey_0_40,
1778007857911,GET,46,2,chordKey_12_59,clients=50
1778007857911,GET,58,2,chordKey_26_62,clients=50
1778007857911,PUT,0,0,chordKey_12_60,clients=50
1778007857912,GET,58,2,chordKey_8_49,clients=50
1778007857912,PUT,0,0,chordKey_26_63,clients=50
1778007857913,PUT,0,0,chordKey_8_50,clients=50
1778007857914,PUT_HOP,0,2,chordKey_31_61,
1778007857915,PUT_HOP,0,2,chordKey_43_18,
1778007857915,GET,59,2,chordKey_0_40,clients=50
1778007857915,GET,48,2,chordKey_43_18,clients=50
1778007857916,PUT,0,0,chordKey_0_41,clients=50
1778007857916,PUT,0,0,chordKey_43_19,clients=50
1778007857919,PUT_HOP,0,2,chordKey_8_49,
1778007857921,GET,57,2,chordKey_23_73,clients=50
1778007857922,PUT,0,0,chordKey_23_74,clients=50
1778007857922,PUT_HOP,0,2,chordKey_23_73,
1778007857922,GET,67,2,chordKey_30_63,clients=50
1778007857924,PUT,0,0,chordKey_30_64,clients=50
1778007857927,PUT_HOP,0,2,chordKey_5_41,
1778007857929,GET,82,2,chordKey_31_61,clients=50
1778007857929,PUT,0,0,chordKey_31_62,clients=50
1778007857930,PUT_HOP,0,2,chordKey_19_47,
1778007857930,GET,73,2,chordKey_19_47,clients=50
1778007857931,PUT_HOP,0,2,chordKey_21_70,
1778007857931,PUT,0,0,chordKey_19_48,clients=50
1778007857931,PUT_HOP,0,2,chordKey_44_65,
1778007857932,GET,66,2,chordKey_21_70,clients=50
1778007857932,PUT,0,0,chordKey_21_71,clients=50
1778007857932,GET,57,2,chordKey_44_65,clients=50
1778007857933,GET,82,2,chordKey_5_41,clients=50
1778007857933,GET,62,2,chordKey_29_45,clients=50
1778007857933,PUT,0,0,chordKey_44_66,clients=50
1778007857934,PUT,0,0,chordKey_29_46,clients=50
1778007857934,PUT,0,0,chordKey_5_42,clients=50
1778007857935,PUT_HOP,0,2,chordKey_29_45,
1778007857941,PUT_HOP,0,2,chordKey_22_68,
1778007857942,GET,55,2,chordKey_22_68,clients=50
1778007857943,PUT,0,0,chordKey_22_69,clients=50
1778007857943,PUT_HOP,0,2,chordKey_42_77,
1778007857946,PUT_HOP,0,2,chordKey_8_50,
1778007857946,GET,40,2,chordKey_42_77,clients=50
1778007857947,PUT,0,0,chordKey_42_78,clients=50
1778007857955,PUT_HOP,0,2,chordKey_33_71,
1778007857955,PUT_HOP,0,2,chordKey_48_46,
1778007857956,PUT_HOP,0,2,chordKey_4_24,
1778007857956,GET,59,2,chordKey_33_71,clients=50
1778007857957,PUT,0,0,chordKey_33_72,clients=50
1778007857958,GET,58,2,chordKey_4_24,clients=50
1778007857959,PUT_HOP,0,2,chordKey_25_38,
1778007857959,PUT,0,0,chordKey_4_25,clients=50
1778007857959,PUT_HOP,0,2,chordKey_13_35,
1778007857960,GET,62,2,chordKey_48_46,clients=50
1778007857960,PUT_HOP,0,2,chordKey_24_46,
1778007857960,PUT,0,0,chordKey_48_47,clients=50
1778007857960,GET,57,2,chordKey_24_46,clients=50
1778007857961,PUT,0,0,chordKey_24_47,clients=50
1778007857963,GET,55,2,chordKey_25_38,clients=50
1778007857963,PUT_HOP,0,2,chordKey_47_56,
1778007857963,GET,56,2,chordKey_47_56,clients=50
1778007857964,PUT,0,0,chordKey_47_57,clients=50
1778007857963,PUT,0,0,chordKey_25_39,clients=50
1778007857969,GET,61,2,chordKey_13_35,clients=50
1778007857970,PUT_HOP,0,2,chordKey_26_63,
1778007857970,PUT,0,0,chordKey_13_36,clients=50
1778007857973,GET,59,2,chordKey_26_63,clients=50
1778007857975,PUT,0,0,chordKey_26_64,clients=50
1778007857975,GET,62,2,chordKey_12_60,clients=50
1778007857977,GET,62,2,chordKey_8_50,clients=50
1778007857977,PUT_HOP,0,2,chordKey_12_60,
1778007857978,PUT,0,0,chordKey_8_51,clients=50
1778007857978,PUT_HOP,0,2,chordKey_0_41,
1778007857977,PUT,0,0,chordKey_12_61,clients=50
1778007857979,GET,62,2,chordKey_43_19,clients=50
1778007857980,PUT,0,0,chordKey_43_20,clients=50
1778007857981,PUT_HOP,0,2,chordKey_43_19,
1778007857983,PUT_HOP,0,2,chordKey_23_74,
1778007857983,PUT_HOP,0,2,chordKey_31_62,
1778007857985,GET,68,2,chordKey_0_41,clients=50
1778007857985,PUT,0,0,chordKey_0_42,clients=50
1778007857989,GET,58,2,chordKey_31_62,clients=50
1778007857990,PUT,0,0,chordKey_31_63,clients=50
1778007857990,PUT_HOP,0,2,chordKey_30_64,
1778007857991,GET,66,2,chordKey_30_64,clients=50
1778007857991,GET,68,2,chordKey_23_74,clients=50
1778007857993,PUT,0,0,chordKey_23_75,clients=50
1778007857992,GET,60,2,chordKey_19_48,clients=50
1778007857994,PUT,0,0,chordKey_19_49,clients=50
1778007857993,PUT,0,0,chordKey_30_65,clients=50
1778007857995,PUT_HOP,0,2,chordKey_19_48,
1778007857998,PUT_HOP,0,2,chordKey_22_69,
1778007857999,PUT_HOP,0,2,chordKey_21_71,
1778007858002,GET,68,2,chordKey_21_71,clients=50
1778007858003,PUT,0,0,chordKey_21_72,clients=50
1778007858003,PUT_HOP,0,2,chordKey_44_66,
1778007858002,GET,66,2,chordKey_44_66,clients=50
1778007858007,PUT,0,0,chordKey_44_67,clients=50
1778007858006,GET,58,2,chordKey_42_78,clients=50
1778007858009,PUT,0,0,chordKey_42_79,clients=50
1778007858012,PUT_HOP,0,2,chordKey_42_78,
1778007858014,PUT_HOP,0,2,chordKey_29_46,
1778007858014,PUT_HOP,0,2,chordKey_5_42,
1778007858015,GET,79,2,chordKey_5_42,clients=50
1778007858016,PUT,0,0,chordKey_5_43,clients=50
1778007858018,GET,83,2,chordKey_29_46,clients=50
1778007858019,PUT,0,0,chordKey_29_47,clients=50
1778007858020,PUT_HOP,0,2,chordKey_43_20,
1778007858019,GET,76,2,chordKey_22_69,clients=50
1778007858020,PUT,0,0,chordKey_22_70,clients=50
1778007858022,GET,41,2,chordKey_43_20,clients=50
1778007858023,GET,31,2,chordKey_31_63,clients=50
1778007858024,PUT,0,0,chordKey_31_64,clients=50
1778007858023,PUT,0,0,chordKey_43_21,clients=50
1778007858025,PUT_HOP,0,2,chordKey_8_51,
1778007858027,PUT_HOP,0,2,chordKey_31_63,
1778007858030,PUT_HOP,0,2,chordKey_33_72,
1778007858031,GET,51,2,chordKey_8_51,clients=50
1778007858031,PUT,0,0,chordKey_8_52,clients=50
1778007858031,PUT_HOP,0,2,chordKey_42_79,
1778007858036,PUT_HOP,0,2,chordKey_48_47,
1778007858036,GET,78,2,chordKey_33_72,clients=50
1778007858037,PUT_HOP,0,2,chordKey_4_25,
1778007858038,GET,76,2,chordKey_24_47,clients=50
1778007858037,GET,76,2,chordKey_48_47,clients=50
1778007858040,PUT,0,0,chordKey_48_48,clients=50
1778007858041,PUT_HOP,0,2,chordKey_25_39,
1778007858038,GET,78,2,chordKey_4_25,clients=50
1778007858042,PUT,0,0,chordKey_4_26,clients=50
1778007858042,PUT_HOP,0,2,chordKey_24_47,
1778007858042,PUT_HOP,0,2,chordKey_47_57,
1778007858039,PUT,0,0,chordKey_24_48,clients=50
1778007858038,PUT,0,0,chordKey_33_73,clients=50
1778007858043,GET,72,2,chordKey_13_36,clients=50
1778007858046,PUT_HOP,0,2,chordKey_12_61,
1778007858046,PUT,0,0,chordKey_13_37,clients=50
1778007858047,GET,82,2,chordKey_47_57,clients=50
1778007858048,PUT_HOP,0,2,chordKey_19_49,
1778007858049,PUT,0,0,chordKey_47_58,clients=50
1778007858049,GET,69,2,chordKey_12_61,clients=50
1778007858050,PUT,0,0,chordKey_12_62,clients=50
1778007858050,GET,63,2,chordKey_0_42,clients=50
1778007858051,PUT_HOP,0,2,chordKey_13_36,
1778007858051,PUT_HOP,0,2,chordKey_5_43,
1778007858051,PUT,0,0,chordKey_0_43,clients=50
1778007858053,PUT_HOP,0,2,chordKey_30_65,
1778007858050,GET,55,2,chordKey_19_49,clients=50
1778007858053,GET,88,2,chordKey_25_39,clients=50
1778007858058,PUT,0,0,chordKey_19_50,clients=50
1778007858058,PUT,0,0,chordKey_25_40,clients=50
1778007858061,PUT_HOP,0,2,chordKey_23_75,
1778007858062,GET,86,2,chordKey_26_64,clients=50
1778007858063,PUT_HOP,0,2,chordKey_44_67,
1778007858063,GET,68,2,chordKey_30_65,clients=50
1778007858064,PUT_HOP,0,2,chordKey_21_72,
1778007858064,GET,60,2,chordKey_21_72,clients=50
1778007858065,GET,56,2,chordKey_44_67,clients=50
1778007858065,PUT_HOP,0,2,chordKey_26_64,
1778007858064,PUT,0,0,chordKey_26_65,clients=50
1778007858065,PUT,0,0,chordKey_44_68,clients=50
1778007858066,GET,72,2,chordKey_23_75,clients=50
1778007858065,PUT,0,0,chordKey_21_73,clients=50
1778007858065,PUT,0,0,chordKey_30_66,clients=50
1778007858068,PUT_HOP,0,2,chordKey_0_42,
1778007858067,PUT,0,0,chordKey_23_76,clients=50
1778007858066,GET,56,2,chordKey_42_79,clients=50
1778007858068,GET,52,2,chordKey_5_43,clients=50
1778007858069,PUT,0,0,chordKey_42_80,clients=50
1778007858069,PUT,0,0,chordKey_5_44,clients=50
1778007858078,GET,54,2,chordKey_31_64,clients=50
1778007858079,PUT_HOP,0,2,chordKey_43_21,
1778007858086,PUT,0,0,chordKey_31_65,clients=50
1778007858087,PUT_HOP,0,2,chordKey_31_64,
1778007858091,PUT_HOP,0,2,chordKey_33_73,
1778007858092,PUT_HOP,0,2,chordKey_22_70,
1778007858093,GET,67,2,chordKey_43_21,clients=50
1778007858094,PUT,0,0,chordKey_43_22,clients=50
1778007858094,PUT_HOP,0,2,chordKey_29_47,
1778007858097,PUT_HOP,0,2,chordKey_4_26,
1778007858101,GET,60,2,chordKey_48_48,clients=50
1778007858102,PUT,0,0,chordKey_48_49,clients=50
1778007858103,PUT_HOP,0,2,chordKey_31_65,
1778007858106,PUT_HOP,0,2,chordKey_43_22,
1778007858108,GET,20,2,chordKey_31_65,clients=50
1778007858109,PUT,0,0,chordKey_31_66,clients=50
1778007858110,GET,15,2,chordKey_43_22,clients=50
1778007858111,PUT_HOP,0,2,chordKey_8_52,
1778007858111,PUT,0,0,chordKey_43_23,clients=50
1778007858110,GET,89,2,chordKey_22_70,clients=50
1778007858112,PUT,0,0,chordKey_22_71,clients=50
1778007858118,GET,98,2,chordKey_29_47,clients=50
1778007858118,PUT,0,0,chordKey_29_48,clients=50
1778007858119,PUT_HOP,0,2,chordKey_48_48,
1778007858119,GET,87,2,chordKey_8_52,clients=50
1778007858122,PUT_HOP,0,2,chordKey_25_40,
1778007858122,PUT,0,0,chordKey_8_53,clients=50
1778007858125,PUT_HOP,0,2,chordKey_43_23,
1778007858129,GET,18,2,chordKey_31_66,clients=50
1778007858130,PUT_HOP,0,2,chordKey_12_62,
1778007858130,PUT,0,0,chordKey_31_67,clients=50
1778007858129,GET,82,2,chordKey_13_37,clients=50
1778007858131,PUT_HOP,0,2,chordKey_5_44,
1778007858131,PUT_HOP,0,2,chordKey_24_48,
1778007858131,PUT,0,0,chordKey_13_38,clients=50
1778007858131,PUT_HOP,0,2,chordKey_47_58,
1778007858130,GET,87,2,chordKey_24_48,clients=50
1778007858132,PUT,0,0,chordKey_24_49,clients=50
1778007858131,GET,88,2,chordKey_4_26,clients=50
1778007858133,PUT,0,0,chordKey_4_27,clients=50
1778007858133,GET,74,2,chordKey_25_40,clients=50
1778007858134,PUT,0,0,chordKey_25_41,clients=50
1778007858137,PUT_HOP,0,2,chordKey_13_37,
1778007858138,PUT_HOP,0,2,chordKey_31_66,
1778007858138,GET,88,2,chordKey_47_58,clients=50
1778007858138,GET,26,2,chordKey_43_23,clients=50
1778007858139,PUT,0,0,chordKey_47_59,clients=50
1778007858141,PUT,0,0,chordKey_43_24,clients=50
1778007858142,GET,96,2,chordKey_33_73,clients=50
1778007858143,PUT,0,0,chordKey_33_74,clients=50
1778007858145,PUT_HOP,0,2,chordKey_0_43,
1778007858147,GET,96,2,chordKey_12_62,clients=50
1778007858147,PUT_HOP,0,2,chordKey_31_67,
1778007858148,PUT,0,0,chordKey_12_63,clients=50
1778007858148,GET,78,2,chordKey_5_44,clients=50
1778007858149,PUT,0,0,chordKey_5_45,clients=50
1778007858156,PUT_HOP,0,2,chordKey_19_50,
1778007858159,PUT_HOP,0,2,chordKey_30_66,
1778007858161,GET,102,2,chordKey_19_50,clients=50
1778007858162,PUT,0,0,chordKey_19_51,clients=50
1778007858162,GET,104,2,chordKey_0_43,clients=50
1778007858163,PUT,0,0,chordKey_0_44,clients=50
1778007858164,GET,96,2,chordKey_30_66,clients=50
1778007858165,PUT,0,0,chordKey_30_67,clients=50
1778007858164,GET,95,2,chordKey_42_80,clients=50
1778007858166,PUT_HOP,0,2,chordKey_21_73,
1778007858166,PUT_HOP,0,2,chordKey_42_80,
1778007858166,PUT,0,0,chordKey_42_81,clients=50
1778007858167,GET,101,2,chordKey_44_68,clients=50
1778007858168,PUT,0,0,chordKey_44_69,clients=50
1778007858168,GET,100,2,chordKey_21_73,clients=50
1778007858169,PUT_HOP,0,2,chordKey_26_65,
1778007858169,GET,56,2,chordKey_22_71,clients=50
1778007858169,PUT_HOP,0,2,chordKey_8_53,
1778007858169,GET,47,2,chordKey_29_48,clients=50
1778007858169,PUT_HOP,0,2,chordKey_22_71,
1778007858170,PUT,0,0,chordKey_22_72,clients=50
1778007858170,PUT,0,0,chordKey_29_49,clients=50
1778007858171,PUT_HOP,0,2,chordKey_44_68,
1778007858169,PUT,0,0,chordKey_21_74,clients=50
1778007858176,GET,109,2,chordKey_26_65,clients=50
1778007858177,PUT,0,0,chordKey_26_66,clients=50
1778007858177,GET,109,2,chordKey_23_76,clients=50
1778007858178,GET,76,2,chordKey_48_49,clients=50
1778007858178,PUT,0,0,chordKey_23_77,clients=50
1778007858179,PUT_HOP,0,2,chordKey_23_76,
1778007858179,PUT,0,0,chordKey_48_50,clients=50
1778007858180,PUT_HOP,0,2,chordKey_30_67,
1778007858183,GET,17,2,chordKey_30_67,clients=50
1778007858183,PUT_HOP,0,2,chordKey_48_49,
1778007858183,PUT,0,0,chordKey_30_68,clients=50
1778007858190,PUT_HOP,0,2,chordKey_29_48,
1778007858190,PUT_HOP,0,2,chordKey_25_41,
1778007858194,GET,64,2,chordKey_31_67,clients=50
1778007858195,PUT,0,0,chordKey_31_68,clients=50
1778007858196,GET,53,2,chordKey_43_24,clients=50
1778007858196,PUT,0,0,chordKey_43_25,clients=50
1778007858197,PUT_HOP,0,2,chordKey_43_24,
1778007858209,PUT_HOP,0,2,chordKey_4_27,
1778007858217,PUT_HOP,0,2,chordKey_13_38,
1778007858217,PUT_HOP,0,2,chordKey_24_49,
1778007858218,PUT_HOP,0,2,chordKey_47_59,
1778007858219,GET,87,2,chordKey_24_49,clients=50
1778007858220,PUT,0,0,chordKey_24_50,clients=50
1778007858220,GET,88,2,chordKey_13_38,clients=50
1778007858221,PUT_HOP,0,2,chordKey_12_63,
1778007858221,PUT,0,0,chordKey_13_39,clients=50
1778007858223,PUT_HOP,0,2,chordKey_31_68,
1778007858225,GET,29,2,chordKey_31_68,clients=50
1778007858225,GET,81,2,chordKey_33_74,clients=50
1778007858226,PUT,0,0,chordKey_31_69,clients=50
1778007858225,GET,83,2,chordKey_47_59,clients=50
1778007858227,GET,94,2,chordKey_4_27,clients=50
1778007858228,PUT_HOP,0,2,chordKey_33_74,
1778007858228,PUT,0,0,chordKey_4_28,clients=50
1778007858229,PUT_HOP,0,2,chordKey_19_51,
1778007858227,GET,78,2,chordKey_12_63,clients=50
1778007858226,PUT,0,0,chordKey_33_75,clients=50
1778007858230,PUT,0,0,chordKey_12_64,clients=50
1778007858230,PUT_HOP,0,2,chordKey_0_44,
1778007858228,PUT,0,0,chordKey_47_60,clients=50
1778007858231,PUT_HOP,0,2,chordKey_42_81,
1778007858231,GET,68,2,chordKey_0_44,clients=50
1778007858231,PUT_HOP,0,2,chordKey_44_69,
1778007858232,GET,65,2,chordKey_42_81,clients=50
1778007858232,PUT,0,0,chordKey_0_45,clients=50
1778007858232,PUT,0,0,chordKey_42_82,clients=50
1778007858233,GET,64,2,chordKey_44_69,clients=50
1778007858233,PUT_HOP,0,2,chordKey_26_66,
1778007858234,PUT_HOP,0,2,chordKey_43_25,
1778007858234,GET,37,2,chordKey_43_25,clients=50
1778007858234,GET,56,2,chordKey_26_66,clients=50
1778007858234,PUT,0,0,chordKey_44_70,clients=50
1778007858235,PUT,0,0,chordKey_26_67,clients=50
1778007858235,PUT_HOP,0,2,chordKey_21_74,
1778007858234,PUT,0,0,chordKey_43_26,clients=50
1778007858236,GET,64,2,chordKey_21_74,clients=50
1778007858237,PUT,0,0,chordKey_21_75,clients=50
1778007858237,PUT_HOP,0,2,chordKey_23_77,
1778007858237,GET,87,2,chordKey_5_45,clients=50
1778007858238,GET,75,2,chordKey_19_51,clients=50
1778007858239,PUT_HOP,0,2,chordKey_22_72,
1778007858239,PUT,0,0,chordKey_19_52,clients=50
1778007858238,PUT,0,0,chordKey_5_46,clients=50
1778007858240,PUT_HOP,0,2,chordKey_5_45,
1778007858238,GET,103,2,chordKey_25_41,clients=50
1778007858240,GET,69,2,chordKey_29_49,clients=50
1778007858240,GET,69,2,chordKey_22_72,clients=50
1778007858242,PUT_HOP,0,2,chordKey_29_49,
1778007858242,GET,119,2,chordKey_8_53,clients=50
1778007858243,PUT,0,0,chordKey_22_73,clients=50
1778007858242,PUT,0,0,chordKey_29_50,clients=50
1778007858242,PUT,0,0,chordKey_25_42,clients=50
1778007858243,PUT,0,0,chordKey_8_54,clients=50
1778007858249,PUT_HOP,0,2,chordKey_30_68,
1778007858249,PUT_HOP,0,2,chordKey_13_39,
1778007858251,GET,28,2,chordKey_13_39,clients=50
1778007858251,PUT,0,0,chordKey_13_40,clients=50
1778007858252,PUT_HOP,0,2,chordKey_48_50,
1778007858252,GET,67,2,chordKey_30_68,clients=50
1778007858253,PUT,0,0,chordKey_30_69,clients=50
1778007858263,GET,83,2,chordKey_48_50,clients=50
1778007858263,GET,84,2,chordKey_23_77,clients=50
1778007858264,PUT,0,0,chordKey_48_51,clients=50
1778007858265,PUT,0,0,chordKey_23_78,clients=50
1778007858283,PUT_HOP,0,2,chordKey_31_69,
1778007858284,GET,57,2,chordKey_31_69,clients=50
1778007858285,PUT,0,0,chordKey_31_70,clients=50
1778007858296,PUT_HOP,0,2,chordKey_33_75,
1778007858297,PUT_HOP,0,2,chordKey_12_64,
1778007858298,GET,68,2,chordKey_4_28,clients=50
1778007858298,PUT_HOP,0,2,chordKey_42_82,
1778007858299,PUT,0,0,chordKey_4_29,clients=50
1778007858299,PUT_HOP,0,2,chordKey_0_45,
1778007858300,PUT_HOP,0,2,chordKey_24_50,
1778007858300,GET,79,2,chordKey_24_50,clients=50
1778007858301,PUT_HOP,0,2,chordKey_44_70,
1778007858301,GET,70,2,chordKey_47_60,clients=50
1778007858301,PUT_HOP,0,2,chordKey_47_60,
1778007858301,PUT,0,0,chordKey_47_61,clients=50
1778007858301,PUT,0,0,chordKey_24_51,clients=50
1778007858304,PUT_HOP,0,2,chordKey_25_42,
1778007858307,GET,72,2,chordKey_44_70,clients=50
1778007858309,PUT_HOP,0,2,chordKey_8_54,
1778007858309,PUT,0,0,chordKey_44_71,clients=50
1778007858308,GET,78,2,chordKey_33_75,clients=50
1778007858311,PUT,0,0,chordKey_33_76,clients=50
1778007858307,GET,74,2,chordKey_0_45,clients=50
1778007858313,GET,79,2,chordKey_42_82,clients=50
1778007858309,GET,68,2,chordKey_5_46,clients=50
1778007858313,PUT_HOP,0,2,chordKey_43_26,
1778007858313,PUT,0,0,chordKey_42_83,clients=50
1778007858321,PUT_HOP,0,2,chordKey_26_67,
1778007858313,PUT,0,0,chordKey_0_46,clients=50
1778007858326,GET,89,2,chordKey_43_26,clients=50
1778007858328,PUT,0,0,chordKey_43_27,clients=50
1778007858328,PUT_HOP,0,2,chordKey_30_69,
1778007858324,PUT,7,0,chordKey_5_47,clients=50
1778007858331,GET,87,2,chordKey_22_73,clients=50
1778007858332,PUT,0,0,chordKey_22_74,clients=50
1778007858333,PUT_HOP,0,2,chordKey_22_73,
1778007858333,GET,80,2,chordKey_30_69,clients=50
1778007858333,PUT_HOP,0,2,chordKey_5_46,
1778007858334,PUT,0,0,chordKey_30_70,clients=50
1778007858336,GET,92,2,chordKey_25_42,clients=50
1778007858337,PUT,0,0,chordKey_25_43,clients=50
1778007858340,PUT_HOP,0,2,chordKey_4_28,
1778007858348,GET,117,2,chordKey_12_64,clients=50
1778007858349,PUT,0,0,chordKey_12_65,clients=50
1778007858350,PUT_HOP,0,2,chordKey_21_75,
1778007858351,GET,115,2,chordKey_26_67,clients=50
1778007858351,PUT_HOP,0,2,chordKey_29_50,
1778007858352,PUT,0,0,chordKey_26_68,clients=50
1778007858353,PUT_HOP,0,2,chordKey_23_78,
1778007858353,GET,109,2,chordKey_29_50,clients=50
1778007858353,PUT,0,0,chordKey_29_51,clients=50
1778007858353,GET,112,2,chordKey_19_52,clients=50
1778007858355,PUT_HOP,0,2,chordKey_19_52,
1778007858355,PUT,0,0,chordKey_19_53,clients=50
1778007858357,GET,119,2,chordKey_21_75,clients=50
1778007858357,GET,105,2,chordKey_13_40,clients=50
1778007858358,PUT,0,0,chordKey_21_76,clients=50
1778007858358,PUT,0,0,chordKey_13_41,clients=50
1778007858358,GET,93,2,chordKey_48_51,clients=50
1778007858359,GET,114,2,chordKey_8_54,clients=50
1778007858359,PUT,0,0,chordKey_48_52,clients=50
1778007858359,PUT,0,0,chordKey_8_55,clients=50
1778007858360,PUT_HOP,0,2,chordKey_48_51,
1778007858360,PUT_HOP,0,2,chordKey_13_40,
1778007858368,GET,103,2,chordKey_23_78,clients=50
1778007858369,PUT,0,0,chordKey_23_79,clients=50
1778007858379,PUT_HOP,0,2,chordKey_31_70,
1778007858382,GET,96,2,chordKey_31_70,clients=50
1778007858383,PUT,0,0,chordKey_31_71,clients=50
1778007858383,PUT_HOP,0,2,chordKey_4_29,
1778007858385,GET,85,2,chordKey_4_29,clients=50
1778007858386,PUT,0,0,chordKey_4_30,clients=50
1778007858389,PUT_HOP,0,2,chordKey_33_76,
1778007858397,PUT,1002,0,chordKey_11_38,clients=50
1778007858397,PUT,1006,0,chordKey_37_35,clients=50
1778007858397,PUT,1003,0,chordKey_2_46,clients=50
1778007858397,PUT,1006,0,chordKey_15_68,clients=50
1778007858397,PUT,1003,0,chordKey_45_39,clients=50
1778007858397,PUT,1004,0,chordKey_41_73,clients=50
1778007858397,PUT,1005,0,chordKey_20_67,clients=50
1778007858400,GET,0,0,chordKey_20_67,clients=50
1778007858397,PUT,1003,0,chordKey_10_45,clients=50
1778007858400,PUT_HOP,0,2,chordKey_0_46,
1778007858400,PUT,0,0,chordKey_20_68,clients=50
1778007858401,GET,0,0,chordKey_20_68,clients=50
1778007858402,PUT_HOP,0,2,chordKey_42_83,
1778007858399,GET,0,0,chordKey_41_73,clients=50
1778007858398,GET,0,0,chordKey_15_68,clients=50
1778007858398,GET,0,0,chordKey_37_35,clients=50
1778007858405,PUT,0,0,chordKey_37_36,clients=50
1778007858404,PUT,0,0,chordKey_15_69,clients=50
1778007858404,PUT,0,0,chordKey_41_74,clients=50
1778007858403,PUT,0,0,chordKey_20_69,clients=50
1778007858408,GET,0,0,chordKey_20_69,clients=50
1778007858410,PUT,0,0,chordKey_20_70,clients=50
1778007858407,PUT,1012,0,chordKey_46_49,clients=50
1778007858407,GET,0,0,chordKey_41_74,clients=50
1778007858406,GET,94,2,chordKey_33_76,clients=50
1778007858412,PUT,0,0,chordKey_41_75,clients=50
1778007858412,PUT_HOP,0,2,chordKey_43_27,
1778007858412,GET,0,0,chordKey_41_75,clients=50
1778007858406,GET,0,0,chordKey_15_69,clients=50
1778007858405,GET,0,0,chordKey_37_36,clients=50
1778007858413,PUT,0,0,chordKey_41_76,clients=50
1778007858413,GET,83,2,chordKey_43_27,clients=50
1778007858412,PUT,0,0,chordKey_33_77,clients=50
1778007858411,GET,0,0,chordKey_20_70,clients=50
1778007858414,GET,0,0,chordKey_41_76,clients=50
1778007858415,PUT,0,0,chordKey_41_77,clients=50
1778007858416,GET,0,0,chordKey_41_77,clients=50
1778007858417,PUT,0,0,chordKey_41_78,clients=50
1778007858416,GET,92,2,chordKey_42_83,clients=50
1778007858418,PUT,0,0,chordKey_42_84,clients=50
1778007858418,GET,0,0,chordKey_41_78,clients=50
1778007858419,PUT,0,0,chordKey_41_79,clients=50
1778007858418,GET,91,2,chordKey_0_46,clients=50
1778007858420,GET,0,0,chordKey_41_79,clients=50
1778007858420,PUT,0,0,chordKey_0_47,clients=50
1778007858420,PUT,0,0,chordKey_41_80,clients=50
1778007858421,GET,0,0,chordKey_41_80,clients=50
1778007858422,PUT,0,0,chordKey_41_81,clients=50
1778007858422,GET,0,0,chordKey_41_81,clients=50
1778007858423,PUT,0,0,chordKey_41_82,clients=50
1778007858423,GET,0,0,chordKey_41_82,clients=50
1778007858424,PUT,0,0,chordKey_41_83,clients=50
1778007858424,GET,0,0,chordKey_41_83,clients=50
1778007858425,PUT,0,0,chordKey_41_84,clients=50
1778007858426,GET,0,0,chordKey_41_84,clients=50
1778007858429,PUT,0,0,chordKey_41_85,clients=50
1778007858432,GET,0,0,chordKey_41_85,clients=50
1778007858433,PUT,0,0,chordKey_41_86,clients=50
1778007858433,GET,0,0,chordKey_41_86,clients=50
1778007858434,PUT,0,0,chordKey_41_87,clients=50
1778007858434,GET,0,0,chordKey_41_87,clients=50
1778007858435,PUT,0,0,chordKey_41_88,clients=50
1778007858435,GET,0,0,chordKey_41_88,clients=50
1778007858436,PUT,0,0,chordKey_41_89,clients=50
1778007858436,GET,0,0,chordKey_41_89,clients=50
1778007858437,PUT,0,0,chordKey_41_90,clients=50
1778007858437,GET,0,0,chordKey_41_90,clients=50
1778007858438,PUT,0,0,chordKey_41_91,clients=50
1778007858438,GET,0,0,chordKey_41_91,clients=50
1778007858439,PUT,0,0,chordKey_41_92,clients=50
1778007858439,GET,0,0,chordKey_41_92,clients=50
1778007858440,PUT,0,0,chordKey_41_93,clients=50
1778007858440,PUT_HOP,0,2,chordKey_29_51,
1778007858440,GET,0,0,chordKey_41_93,clients=50
1778007858441,PUT_HOP,0,2,chordKey_12_65,
1778007858441,PUT,0,0,chordKey_41_94,clients=50
1778007858441,GET,0,0,chordKey_41_94,clients=50
1778007858442,PUT,0,0,chordKey_41_95,clients=50
1778007858443,GET,0,0,chordKey_41_95,clients=50
1778007858443,PUT_HOP,0,2,chordKey_25_32,
1778007858444,PUT,0,0,chordKey_41_96,clients=50
1778007858444,GET,0,0,chordKey_41_96,clients=50
1778007858446,PUT,0,0,chordKey_41_97,clients=50
1778007858446,PUT_HOP,0,2,chordKey_47_61,
1778007858446,PUT_HOP,0,2,chordKey_19_53,
1778007858448,PUT_HOP,0,2,chordKey_26_68,
1778007858449,GET,0,0,chordKey_41_97,clients=50
1778007858449,PUT,0,0,chordKey_41_98,clients=50
1778007858448,PUT_HOP,0,2,chordKey_20_68,
1778007858450,GET,0,0,chordKey_41_98,clients=50
1778007858450,PUT,0,0,chordKey_41_99,clients=50
1778007858451,GET,0,0,chordKey_41_99,clients=50
1778007858445,GET,142,2,chordKey_24_51,clients=50
1778007858452,PUT,0,0,chordKey_24_52,clients=50
1778007858472,PUT_HOP,0,2,chordKey_22_74,
1778007858473,GET,171,2,chordKey_47_61,clients=50
1778007858474,PUT,0,0,chordKey_47_62,clients=50
1778007858474,PUT_HOP,0,2,chordKey_11_38,
1778007858474,PUT_HOP,0,2,chordKey_45_39,
1778007858476,GET,79,2,chordKey_11_38,clients=50
1778007858477,PUT,0,0,chordKey_11_39,clients=50
1778007858478,PUT,1037,0,chordKey_18_45,clients=50
1778007858484,PUT_HOP,0,2,chordKey_20_69,
1778007858484,GET,85,2,chordKey_45_39,clients=50
1778007858485,PUT,0,0,chordKey_45_40,clients=50
1778007858485,PUT_HOP,0,2,chordKey_24_51,
1778007858486,GET,156,2,chordKey_5_47,clients=50
1778007858489,PUT,0,0,chordKey_5_48,clients=50
1778007858488,PUT,1078,0,chordKey_38_71,clients=50
1778007858488,PUT,1078,0,chordKey_39_42,clients=50
1778007858487,PUT,1077,0,chordKey_27_62,clients=50
1778007858487,PUT,1076,0,chordKey_7_27,clients=50
1778007858492,PUT_HOP,0,2,chordKey_21_76,
1778007858487,PUT,1075,0,chordKey_16_52,clients=50
1778007858486,GET,176,2,chordKey_44_71,clients=50
1778007858493,PUT,0,0,chordKey_44_72,clients=50
1778007858494,PUT_HOP,0,2,chordKey_30_70,
1778007858492,GET,1129,2,chordKey_34_45,clients=50
1778007858495,PUT_HOP,0,2,chordKey_41_78,
1778007858495,PUT_HOP,0,2,chordKey_44_71,
1778007858496,PUT,0,0,chordKey_34_46,clients=50
1778007858497,GET,162,2,chordKey_30_70,clients=50
1778007858498,PUT,0,0,chordKey_30_71,clients=50
1778007858498,PUT_HOP,0,2,chordKey_5_47,
1778007858499,GET,166,2,chordKey_22_74,clients=50
1778007858500,PUT,0,0,chordKey_22_75,clients=50
1778007858500,PUT_HOP,0,2,chordKey_15_69,
1778007858501,GET,1146,2,chordKey_32_44,clients=50
1778007858501,PUT,0,0,chordKey_32_45,clients=50
1778007858502,GET,163,2,chordKey_25_43,clients=50
1778007858503,PUT_HOP,0,2,chordKey_41_70,
1778007858506,PUT_HOP,0,2,chordKey_34_45,
1778007858509,GET,159,2,chordKey_12_65,clients=50
1778007858510,PUT,0,0,chordKey_12_66,clients=50
1778007858509,PUT_HOP,0,2,chordKey_41_69,
1778007858513,PUT_HOP,0,2,chordKey_13_28,
1778007858517,PUT_HOP,0,2,chordKey_25_43,
1778007858518,PUT_HOP,0,2,chordKey_13_41,
1778007858519,PUT_HOP,0,2,chordKey_8_55,
1778007858520,GET,164,2,chordKey_19_53,clients=50
1778007858520,GET,151,2,chordKey_23_79,clients=50
1778007858521,PUT_HOP,0,2,chordKey_41_73,
1778007858522,PUT_HOP,0,2,chordKey_2_46,
1778007858523,PUT_HOP,0,2,chordKey_31_71,
1778007858523,GET,170,2,chordKey_26_68,clients=50
1778007858523,GET,169,2,chordKey_29_51,clients=50
1778007858524,GET,139,2,chordKey_31_71,clients=50
1778007858525,PUT_HOP,0,2,chordKey_20_67,
1778007858526,PUT_HOP,0,2,chordKey_1_63,
1778007858527,GET,129,2,chordKey_2_46,clients=50
1778007858528,PUT_HOP,0,2,chordKey_37_36,
1778007858528,PUT,0,0,chordKey_2_47,clients=50
1778007858528,PUT_HOP,0,2,chordKey_41_74,
1778007858529,PUT_HOP,0,2,chordKey_48_52,
1778007858528,PUT_HOP,0,2,chordKey_41_84,
1778007858530,PUT_HOP,0,2,chordKey_10_45,
1778007858533,PUT_HOP,0,2,chordKey_4_30,
1778007858534,PUT_HOP,0,2,chordKey_48_40,
1778007858534,PUT_HOP,0,2,chordKey_37_30,
1778007858534,PUT_HOP,0,2,chordKey_30_57,
1778007858536,PUT_HOP,0,2,chordKey_41_71,
1778007858544,GET,184,2,chordKey_8_55,clients=50
1778007858545,GET,159,2,chordKey_4_30,clients=50
1778007858546,GET,186,2,chordKey_48_52,clients=50
1778007858550,GET,1176,2,chordKey_14_62,clients=50
1778007858551,PUT,0,0,chordKey_14_63,clients=50
1778007858551,PUT_HOP,0,2,chordKey_41_80,
1778007858553,PUT_HOP,0,2,chordKey_15_68,
1778007858558,PUT_HOP,0,2,chordKey_41_85,
1778007858559,PUT_HOP,0,2,chordKey_20_70,
1778007858560,GET,1171,2,chordKey_1_64,clients=50
1778007858562,PUT_HOP,0,2,chordKey_41_82,
1778007858568,PUT_HOP,0,2,chordKey_41_83,
1778007858568,GET,167,2,chordKey_10_45,clients=50
1778007858568,PUT_HOP,0,2,chordKey_41_81,
1778007858569,PUT,0,0,chordKey_10_46,clients=50
1778007858573,GET,162,2,chordKey_46_49,clients=50
1778007858575,PUT,0,0,chordKey_46_50,clients=50
1778007858581,PUT_HOP,0,2,chordKey_41_86,
1778007858584,PUT_HOP,0,2,chordKey_41_76,
1778007858584,PUT_HOP,0,2,chordKey_41_75,
1778007858585,PUT_HOP,0,2,chordKey_33_77,
1778007858586,PUT_HOP,0,2,chordKey_41_88,
1778007858587,PUT_HOP,0,2,chordKey_41_79,
1778007858592,PUT_HOP,0,2,chordKey_41_89,
1778007858593,PUT_HOP,0,2,chordKey_41_77,
1778007858595,PUT_HOP,0,2,chordKey_41_92,
1778007858597,PUT_HOP,0,2,chordKey_41_97,
1778007858599,PUT_HOP,0,2,chordKey_41_93,
1778007858598,PUT_HOP,0,2,chordKey_18_45,
1778007858601,GET,122,2,chordKey_18_45,clients=50
1778007858601,PUT,0,0,chordKey_18_46,clients=50
1778007858601,GET,148,2,chordKey_24_52,clients=50
1778007858603,PUT,0,0,chordKey_24_53,clients=50
1778007858606,PUT_HOP,0,2,chordKey_41_96,
1778007858606,PUT_HOP,0,2,chordKey_24_52,
1778007858607,GET,122,2,chordKey_45_40,clients=50
1778007858610,PUT_HOP,0,2,chordKey_16_52,
1778007858611,PUT,0,0,chordKey_45_41,clients=50
1778007858611,GET,136,2,chordKey_47_62,clients=50
1778007858613,PUT,0,0,chordKey_47_63,clients=50
1778007858613,PUT_HOP,0,2,chordKey_45_40,
1778007858613,GET,135,2,chordKey_11_39,clients=50
1778007858614,PUT_HOP,0,2,chordKey_47_62,
1778007858614,PUT,0,0,chordKey_11_40,clients=50
1778007858615,GET,1178,2,chordKey_3_41,clients=50
1778007858615,PUT,0,0,chordKey_3_42,clients=50
1778007858631,PUT_HOP,0,2,chordKey_39_42,
1778007858632,PUT_HOP,0,2,chordKey_38_71,
1778007858646,PUT_HOP,0,2,chordKey_34_46,
1778007858648,GET,151,2,chordKey_34_46,clients=50
1778007858649,PUT,0,0,chordKey_34_47,clients=50
1778007858651,PUT_HOP,0,2,chordKey_32_45,
1778007858653,GET,151,2,chordKey_32_45,clients=50
1778007858654,PUT,0,0,chordKey_32_46,clients=50
1778007858653,GET,142,2,chordKey_12_66,clients=50
1778007858655,PUT,0,0,chordKey_12_67,clients=50
1778007858657,PUT_HOP,0,2,chordKey_2_47,
1778007858658,PUT_HOP,0,2,chordKey_12_66,
1778007858659,PUT_HOP,0,2,chordKey_14_63,
1778007858659,GET,131,2,chordKey_2_47,clients=50
1778007858659,GET,108,2,chordKey_14_63,clients=50
1778007858660,PUT,0,0,chordKey_2_48,clients=50
1778007858660,PUT,0,0,chordKey_14_64,clients=50
1778007858661,PUT_HOP,0,2,chordKey_7_27,
1778007858667,PUT_HOP,0,2,chordKey_10_46,
1778007858682,PUT_HOP,0,2,chordKey_27_62,
1778007858682,GET,189,2,chordKey_7_27,clients=50
1778007858682,PUT,0,0,chordKey_7_28,clients=50
1778007858686,GET,116,2,chordKey_10_46,clients=50
1778007858688,PUT,0,0,chordKey_10_47,clients=50
1778007858690,GET,87,2,chordKey_18_46,clients=50
1778007858690,PUT,0,0,chordKey_18_47,clients=50
1778007858694,PUT_HOP,0,2,chordKey_18_46,
1778007858696,PUT_HOP,0,2,chordKey_37_35,
1778007858699,PUT_HOP,0,2,chordKey_34_47,
1778007858699,GET,208,2,chordKey_39_42,clients=50
1778007858700,PUT_HOP,0,2,chordKey_5_48,
1778007858700,PUT_HOP,0,2,chordKey_22_75,
1778007858700,GET,206,2,chordKey_16_52,clients=50
1778007858700,GET,208,2,chordKey_27_62,clients=50
1778007858700,GET,209,2,chordKey_38_71,clients=50
1778007858702,PUT_HOP,0,2,chordKey_44_72,
1778007858700,GET,199,2,chordKey_22_75,clients=50
1778007858702,PUT,0,0,chordKey_38_72,clients=50
1778007858702,GET,207,2,chordKey_44_72,clients=50
1778007858703,PUT,0,0,chordKey_44_73,clients=50
1778007858702,PUT,0,0,chordKey_27_63,clients=50
1778007858704,PUT_HOP,0,2,chordKey_46_50,
1778007858702,PUT,0,0,chordKey_16_53,clients=50
1778007858704,PUT_HOP,0,2,chordKey_30_71,
1778007858701,GET,201,2,chordKey_30_71,clients=50
1778007858701,PUT,0,0,chordKey_39_43,clients=50
1778007858706,GET,94,2,chordKey_45_41,clients=50
1778007858706,PUT_HOP,0,2,chordKey_24_53,
1778007858706,PUT,0,0,chordKey_30_72,clients=50
1778007858704,GET,1298,2,chordKey_6_58,clients=50
1778007858708,PUT_HOP,0,2,chordKey_45_41,
1778007858708,PUT,0,0,chordKey_6_59,clients=50
1778007858708,PUT_HOP,0,2,chordKey_47_63,
1778007858703,PUT,0,0,chordKey_22_76,clients=50
1778007858708,PUT_HOP,0,2,chordKey_11_40,
1778007858711,GET,98,2,chordKey_47_63,clients=50
1778007858711,GET,106,2,chordKey_24_53,clients=50
1778007858712,PUT,0,0,chordKey_24_54,clients=50
1778007858712,PUT_HOP,0,2,chordKey_3_42,
1778007858709,GET,134,2,chordKey_46_50,clients=50
1778007858706,PUT,0,0,chordKey_45_42,clients=50
1778007858714,PUT,0,0,chordKey_46_51,clients=50
1778007858712,GET,96,2,chordKey_3_42,clients=50
1778007858712,PUT,0,0,chordKey_47_64,clients=50
1778007858715,PUT,0,0,chordKey_3_43,clients=50
1778007858724,PUT_HOP,0,2,chordKey_10_47,
1778007858725,PUT_HOP,0,2,chordKey_32_46,
1778007858726,GET,74,2,chordKey_34_47,clients=50
1778007858726,PUT,0,0,chordKey_34_48,clients=50
1778007858727,PUT_HOP,0,2,chordKey_12_67,
1778007858727,GET,72,2,chordKey_32_46,clients=50
1778007858728,GET,72,2,chordKey_12_67,clients=50
1778007858729,PUT_HOP,0,2,chordKey_2_48,
1778007858728,PUT,0,0,chordKey_32_47,clients=50
1778007858729,PUT,0,0,chordKey_12_68,clients=50
1778007858730,GET,41,2,chordKey_10_47,clients=50
1778007858731,PUT,0,0,chordKey_10_48,clients=50
1778007858731,GET,70,2,chordKey_2_48,clients=50
1778007858732,PUT,0,0,chordKey_2_49,clients=50
1778007858732,PUT_HOP,0,2,chordKey_14_64,
1778007858734,GET,119,2,chordKey_11_40,clients=50
1778007858734,PUT,0,0,chordKey_11_41,clients=50
1778007858735,GET,74,2,chordKey_14_64,clients=50
1778007858737,PUT_HOP,0,2,chordKey_32_47,
1778007858739,GET,9,2,chordKey_32_47,clients=50
1778007858742,PUT,0,0,chordKey_32_48,clients=50
1778007858743,PUT_HOP,0,2,chordKey_10_48,
1778007858742,GET,51,2,chordKey_18_47,clients=50
1778007858745,PUT_HOP,0,2,chordKey_18_47,
1778007858746,PUT,0,0,chordKey_18_48,clients=50
1778007858747,PUT_HOP,0,2,chordKey_7_28,
1778007858742,PUT,0,0,chordKey_14_65,clients=50
1778007858750,PUT_HOP,0,2,chordKey_12_68,
1778007858751,PUT_HOP,0,2,chordKey_34_48,
1778007858751,GET,67,2,chordKey_7_28,clients=50
1778007858751,PUT,0,0,chordKey_7_29,clients=50
1778007858751,GET,19,2,chordKey_10_48,clients=50
1778007858753,PUT,0,0,chordKey_10_49,clients=50
1778007858754,GET,27,2,chordKey_34_48,clients=50
1778007858755,PUT,0,0,chordKey_34_49,clients=50
1778007858755,PUT_HOP,0,2,chordKey_39_43,
1778007858759,PUT_HOP,0,2,chordKey_16_53,
1778007858759,PUT_HOP,0,2,chordKey_27_63,
1778007858761,PUT_HOP,0,2,chordKey_32_48,
1778007858761,PUT_HOP,0,2,chordKey_38_72,
1778007858762,PUT_HOP,0,2,chordKey_2_49,
1778007858763,GET,30,2,chordKey_2_49,clients=50
1778007858763,GET,33,2,chordKey_12_68,clients=50
1778007858764,PUT_HOP,0,2,chordKey_14_65,
1778007858764,PUT_HOP,0,2,chordKey_22_76,
1778007858764,PUT,0,0,chordKey_2_50,clients=50
1778007858765,PUT,0,0,chordKey_12_69,clients=50
1778007858767,PUT_HOP,0,2,chordKey_34_49,
1778007858773,GET,61,2,chordKey_22_76,clients=50
1778007858773,GET,17,2,chordKey_34_49,clients=50
1778007858773,PUT,0,0,chordKey_22_77,clients=50
1778007858774,PUT,0,0,chordKey_34_50,clients=50
1778007858777,GET,72,2,chordKey_27_63,clients=50
1778007858778,GET,73,2,chordKey_16_53,clients=50
1778007858779,PUT,0,0,chordKey_16_54,clients=50
1778007858779,PUT,0,0,chordKey_27_64,clients=50
1778007858780,GET,77,2,chordKey_38_72,clients=50
1778007858781,PUT,0,0,chordKey_38_73,clients=50
1778007858783,PUT_HOP,0,2,chordKey_18_48,
1778007858784,GET,78,2,chordKey_39_43,clients=50
1778007858784,PUT_HOP,0,2,chordKey_6_59,
1778007858785,PUT,0,0,chordKey_39_44,clients=50
1778007858785,GET,78,2,chordKey_30_72,clients=50
1778007858786,PUT,0,0,chordKey_30_73,clients=50
1778007858787,PUT_HOP,0,2,chordKey_45_42,
1778007858788,PUT_HOP,0,2,chordKey_30_72,
1778007858790,PUT_HOP,0,2,chordKey_44_73,
1778007858791,GET,86,2,chordKey_44_73,clients=50
1778007858791,PUT,0,0,chordKey_44_74,clients=50
1778007858792,GET,45,2,chordKey_18_48,clients=50
1778007858793,PUT,0,0,chordKey_18_49,clients=50
1778007858796,GET,83,2,chordKey_24_54,clients=50
1778007858797,PUT,0,0,chordKey_24_55,clients=50
1778007858799,GET,55,2,chordKey_32_48,clients=50
1778007858800,GET,85,2,chordKey_46_51,clients=50
1778007858800,PUT_HOP,0,2,chordKey_47_64,
1778007858801,PUT,0,0,chordKey_46_52,clients=50
1778007858800,PUT,0,0,chordKey_32_49,clients=50
1778007858801,GET,50,2,chordKey_14_65,clients=50
1778007858802,PUT,0,0,chordKey_14_66,clients=50
1778007858802,PUT_HOP,0,2,chordKey_3_43,
1778007858803,GET,88,2,chordKey_45_42,clients=50
1778007858803,PUT_HOP,0,2,chordKey_24_54,
1778007858804,PUT,0,0,chordKey_45_43,clients=50
1778007858806,GET,90,2,chordKey_47_64,clients=50
1778007858806,PUT,0,0,chordKey_47_65,clients=50
1778007858808,PUT_HOP,0,2,chordKey_10_49,
1778007858811,PUT_HOP,0,2,chordKey_12_69,
1778007858814,GET,61,2,chordKey_10_49,clients=50
1778007858810,GET,93,2,chordKey_3_43,clients=50
1778007858808,GET,98,2,chordKey_6_59,clients=50
1778007858819,PUT,0,0,chordKey_6_60,clients=50
1778007858818,PUT,0,0,chordKey_3_44,clients=50
1778007858818,PUT,0,0,chordKey_10_50,clients=50
1778007858819,GET,53,2,chordKey_12_69,clients=50
1778007858821,PUT,0,0,chordKey_12_70,clients=50
1778007858824,PUT_HOP,0,2,chordKey_46_51,
1778007858824,GET,89,2,chordKey_11_41,clients=50
1778007858825,PUT,0,0,chordKey_11_42,clients=50
1778007858829,GET,76,2,chordKey_7_29,clients=50
1778007858833,PUT,0,0,chordKey_7_30,clients=50
1778007858838,PUT_HOP,0,2,chordKey_22_77,
1778007858840,PUT_HOP,0,2,chordKey_30_73,
1778007858842,GET,67,2,chordKey_22_77,clients=50
1778007858842,PUT,0,0,chordKey_22_78,clients=50
1778007858845,GET,80,2,chordKey_2_50,clients=50
1778007858845,PUT_HOP,0,2,chordKey_2_50,
1778007858840,PUT_HOP,0,2,chordKey_7_29,
1778007858846,PUT,0,0,chordKey_2_51,clients=50
1778007858847,GET,61,2,chordKey_30_73,clients=50
1778007858848,PUT,0,0,chordKey_30_74,clients=50
1778007858849,PUT_HOP,0,2,chordKey_14_66,
1778007858850,PUT_HOP,0,2,chordKey_32_49,
1778007858852,GET,50,2,chordKey_32_49,clients=50
1778007858852,PUT_HOP,0,2,chordKey_18_49,
1778007858853,PUT,0,0,chordKey_32_50,clients=50
1778007858857,GET,63,2,chordKey_18_49,clients=50
1778007858859,PUT,0,0,chordKey_18_50,clients=50
1778007858859,PUT_HOP,0,2,chordKey_11_41,
1778007858860,PUT_HOP,0,2,chordKey_34_50,
1778007858861,PUT_HOP,0,2,chordKey_27_64,
1778007858864,PUT_HOP,0,2,chordKey_16_54,
1778007858865,GET,62,2,chordKey_14_66,clients=50
1778007858865,GET,90,2,chordKey_34_50,clients=50
1778007858865,GET,85,2,chordKey_16_54,clients=50
1778007858866,PUT,0,0,chordKey_16_55,clients=50
1778007858865,PUT,0,0,chordKey_14_67,clients=50
1778007858865,GET,84,2,chordKey_27_64,clients=50
1778007858867,PUT,0,0,chordKey_27_65,clients=50
1778007858868,PUT_HOP,0,2,chordKey_38_73,
1778007858866,PUT,0,0,chordKey_34_51,clients=50
1778007858869,PUT_HOP,0,2,chordKey_44_74,
1778007858870,PUT_HOP,0,2,chordKey_6_60,
1778007858870,PUT_HOP,0,2,chordKey_24_55,
1778007858869,PUT_HOP,0,2,chordKey_39_44,
1778007858871,GET,51,2,chordKey_6_60,clients=50
1778007858872,GET,90,2,chordKey_38_73,clients=50
1778007858872,PUT,0,0,chordKey_6_61,clients=50
1778007858872,PUT,0,0,chordKey_38_74,clients=50
1778007858876,GET,41,2,chordKey_7_30,clients=50
1778007858878,PUT_HOP,0,2,chordKey_45_43,
1778007858878,GET,74,2,chordKey_45_43,clients=50
1778007858878,PUT,0,0,chordKey_7_31,clients=50
1778007858879,PUT_HOP,0,2,chordKey_46_52,
1778007858880,PUT,0,0,chordKey_45_44,clients=50
1778007858884,GET,86,2,chordKey_24_55,clients=50
1778007858885,GET,99,2,chordKey_39_44,clients=50
1778007858885,PUT_HOP,0,2,chordKey_7_30,
1778007858886,PUT,0,0,chordKey_39_45,clients=50
1778007858885,PUT,0,0,chordKey_24_56,clients=50
1778007858890,PUT_HOP,0,2,chordKey_47_65,
1778007858891,GET,99,2,chordKey_44_74,clients=50
1778007858892,PUT,0,0,chordKey_44_75,clients=50
1778007858899,PUT_HOP,0,2,chordKey_30_74,
1778007858899,GET,55,2,chordKey_22_78,clients=50
1778007858900,PUT,0,0,chordKey_22_79,clients=50
1778007858901,PUT_HOP,0,2,chordKey_22_78,
1778007858906,GET,56,2,chordKey_30_74,clients=50
1778007858907,PUT,0,0,chordKey_30_75,clients=50
1778007858916,PUT_HOP,0,2,chordKey_14_67,
1778007858918,GET,101,2,chordKey_47_65,clients=50
1778007858919,PUT,0,0,chordKey_47_66,clients=50
1778007858919,GET,98,2,chordKey_10_50,clients=50
1778007858920,PUT,0,0,chordKey_10_51,clients=50
1778007858920,GET,100,2,chordKey_3_44,clients=50
1778007858921,PUT,0,0,chordKey_3_45,clients=50
1778007858922,PUT_HOP,0,2,chordKey_12_70,
1778007858922,PUT_HOP,0,2,chordKey_11_42,
1778007858923,PUT_HOP,0,2,chordKey_10_50,
1778007858924,GET,56,2,chordKey_14_67,clients=50
1778007858924,PUT,0,0,chordKey_14_68,clients=50
1778007858925,GET,124,2,chordKey_46_52,clients=50
1778007858925,PUT_HOP,0,2,chordKey_3_44,
1778007858926,PUT_HOP,0,2,chordKey_6_61,
1778007858926,PUT,0,0,chordKey_46_53,clients=50
1778007858926,PUT_HOP,0,2,chordKey_18_50,
1778007858927,GET,105,2,chordKey_12_70,clients=50
1778007858928,PUT,0,0,chordKey_12_71,clients=50
1778007858929,PUT_HOP,0,2,chordKey_2_51,
1778007858931,PUT_HOP,0,2,chordKey_7_31,
1778007858931,GET,58,2,chordKey_6_61,clients=50
1778007858931,GET,51,2,chordKey_7_31,clients=50
1778007858928,GET,81,2,chordKey_2_51,clients=50
1778007858932,PUT,0,0,chordKey_7_32,clients=50
1778007858933,PUT_HOP,0,2,chordKey_32_50,
1778007858932,PUT,0,0,chordKey_6_62,clients=50
1778007858934,GET,107,2,chordKey_11_42,clients=50
1778007858935,PUT,0,0,chordKey_11_43,clients=50
1778007858933,PUT,0,0,chordKey_2_52,clients=50
1778007858949,GET,89,2,chordKey_18_50,clients=50
1778007858952,PUT,0,0,chordKey_18_51,clients=50
1778007858953,GET,95,2,chordKey_32_50,clients=50
1778007858954,PUT,0,0,chordKey_32_51,clients=50
1778007858955,PUT_HOP,0,2,chordKey_34_51,
1778007858956,PUT_HOP,0,2,chordKey_16_55,
1778007858957,GET,90,2,chordKey_16_55,clients=50
1778007858957,PUT,0,0,chordKey_16_56,clients=50
1778007858959,PUT_HOP,0,2,chordKey_27_65,
1778007858960,GET,73,2,chordKey_24_56,clients=50
1778007858961,PUT,0,0,chordKey_24_57,clients=50
1778007858962,GET,81,2,chordKey_45_44,clients=50
1778007858962,PUT_HOP,0,2,chordKey_45_44,
1778007858962,PUT,0,0,chordKey_45_45,clients=50
1778007858964,PUT_HOP,0,2,chordKey_38_74,
1778007858965,GET,96,2,chordKey_27_65,clients=50
1778007858965,PUT,0,0,chordKey_27_66,clients=50
1778007858968,GET,95,2,chordKey_38_74,clients=50
1778007858969,PUT_HOP,0,2,chordKey_24_56,
1778007858970,GET,83,2,chordKey_39_45,clients=50
1778007858970,PUT_HOP,0,2,chordKey_39_45,
1778007858970,PUT,0,0,chordKey_38_75,clients=50
1778007858971,PUT,0,0,chordKey_39_46,clients=50
1778007858973,GET,104,2,chordKey_34_51,clients=50
1778007858973,GET,81,2,chordKey_44_75,clients=50
1778007858973,PUT,0,0,chordKey_34_52,clients=50
1778007858974,PUT,0,0,chordKey_44_76,clients=50
1778007858981,PUT_HOP,0,2,chordKey_22_79,
1778007858983,GET,82,2,chordKey_22_79,clients=50
1778007858983,PUT,0,0,chordKey_22_80,clients=50
1778007858987,PUT_HOP,0,2,chordKey_44_75,
1778007858987,PUT_HOP,0,2,chordKey_14_68,
1778007858989,PUT_HOP,0,2,chordKey_30_75,
1778007858989,GET,81,2,chordKey_30_75,clients=50
1778007858992,PUT,0,0,chordKey_30_76,clients=50
1778007858998,GET,72,2,chordKey_14_68,clients=50
1778007858999,PUT,0,0,chordKey_14_69,clients=50
1778007859000,PUT_HOP,0,2,chordKey_6_62,
1778007859001,GET,68,2,chordKey_7_32,clients=50
1778007859002,PUT_HOP,0,2,chordKey_7_32,
1778007859003,GET,69,2,chordKey_6_62,clients=50
1778007859004,PUT,0,0,chordKey_7_33,clients=50
1778007859004,PUT,0,0,chordKey_6_63,clients=50
1778007859008,PUT_HOP,0,2,chordKey_3_45,
1778007859008,PUT_HOP,0,2,chordKey_47_66,
1778007859009,GET,89,2,chordKey_47_66,clients=50
1778007859010,PUT_HOP,0,2,chordKey_10_51,
1778007859010,PUT,0,0,chordKey_47_67,clients=50
1778007859011,GET,90,2,chordKey_10_51,clients=50
1778007859012,PUT,0,0,chordKey_10_52,clients=50
1778007859013,GET,91,2,chordKey_3_45,clients=50
1778007859015,PUT,0,0,chordKey_3_46,clients=50
1778007859015,PUT_HOP,0,2,chordKey_12_71,
1778007859016,GET,89,2,chordKey_46_53,clients=50
1778007859015,PUT_HOP,0,2,chordKey_46_53,
1778007859017,PUT,0,0,chordKey_46_54,clients=50
1778007859019,GET,87,2,chordKey_12_71,clients=50
1778007859020,PUT,0,0,chordKey_12_72,clients=50
1778007859020,PUT_HOP,0,2,chordKey_11_43,
1778007859021,GET,85,2,chordKey_11_43,clients=50
1778007859021,PUT,0,0,chordKey_11_44,clients=50
1778007859026,PUT_HOP,0,2,chordKey_45_45,
1778007859027,GET,66,2,chordKey_24_57,clients=50
1778007859028,PUT,0,0,chordKey_24_58,clients=50
1778007859029,GET,65,2,chordKey_45_45,clients=50
1778007859029,PUT_HOP,0,2,chordKey_24_57,
1778007859030,PUT,0,0,chordKey_45_46,clients=50
1778007859036,PUT_HOP,0,2,chordKey_2_52,
1778007859037,PUT_HOP,0,2,chordKey_16_56,
1778007859041,PUT_HOP,0,2,chordKey_44_76,
1778007859041,GET,67,2,chordKey_44_76,clients=50
1778007859042,PUT,0,0,chordKey_44_77,clients=50
1778007859044,PUT_HOP,0,2,chordKey_30_76,
1778007859044,GET,50,2,chordKey_30_76,clients=50
1778007859045,PUT,0,0,chordKey_30_77,clients=50
1778007859055,PUT_HOP,0,2,chordKey_32_51,
1778007859055,GET,118,2,chordKey_2_52,clients=50
1778007859056,PUT_HOP,0,2,chordKey_22_80,
1778007859056,PUT,0,0,chordKey_2_53,clients=50
1778007859057,GET,57,2,chordKey_14_69,clients=50
1778007859057,PUT_HOP,0,2,chordKey_18_51,
1778007859057,PUT_HOP,0,2,chordKey_7_33,
1778007859057,PUT,0,0,chordKey_14_70,clients=50
1778007859058,GET,53,2,chordKey_7_33,clients=50
1778007859058,PUT_HOP,0,2,chordKey_6_63,
1778007859059,PUT,0,0,chordKey_7_34,clients=50
1778007859060,GET,105,2,chordKey_32_51,clients=50
1778007859060,GET,76,2,chordKey_22_80,clients=50
1778007859061,PUT,0,0,chordKey_32_52,clients=50
1778007859061,PUT,0,0,chordKey_22_81,clients=50
1778007859068,GET,62,2,chordKey_6_63,clients=50
1778007859069,PUT,0,0,chordKey_6_64,clients=50
1778007859069,GET,111,2,chordKey_16_56,clients=50
1778007859070,PUT,0,0,chordKey_16_57,clients=50
1778007859072,PUT_HOP,0,2,chordKey_14_69,
1778007859073,PUT_HOP,0,2,chordKey_34_52,
1778007859074,PUT_HOP,0,2,chordKey_7_34,
1778007859074,PUT_HOP,0,2,chordKey_22_81,
1778007859075,GET,16,2,chordKey_7_34,clients=50
1778007859076,PUT_HOP,0,2,chordKey_39_46,
1778007859076,GET,104,2,chordKey_39_46,clients=50
1778007859077,PUT_HOP,0,2,chordKey_38_75,
1778007859077,PUT_HOP,0,2,chordKey_6_64,
1778007859077,GET,106,2,chordKey_38_75,clients=50
1778007859077,PUT,0,0,chordKey_7_35,clients=50
1778007859081,PUT_HOP,0,2,chordKey_27_66,
1778007859081,PUT,0,0,chordKey_38_76,clients=50
1778007859078,PUT,0,0,chordKey_39_47,clients=50
1778007859083,GET,21,2,chordKey_22_81,clients=50
1778007859084,PUT,0,0,chordKey_22_82,clients=50
1778007859086,GET,111,2,chordKey_34_52,clients=50
1778007859086,GET,120,2,chordKey_27_66,clients=50
1778007859087,PUT,0,0,chordKey_34_53,clients=50
1778007859087,GET,134,2,chordKey_18_51,clients=50
1778007859088,PUT,0,0,chordKey_18_52,clients=50
1778007859087,PUT,0,0,chordKey_27_67,clients=50
1778007859097,PUT_HOP,0,2,chordKey_47_67,
1778007859101,PUT_HOP,0,2,chordKey_11_44,
1778007859101,GET,32,2,chordKey_6_64,clients=50
1778007859102,PUT,0,0,chordKey_6_65,clients=50
1778007859103,GET,81,2,chordKey_11_44,clients=50
1778007859104,PUT,0,0,chordKey_11_45,clients=50
1778007859104,PUT_HOP,0,2,chordKey_7_35,
1778007859117,PUT_HOP,0,2,chordKey_3_46,
1778007859119,GET,106,2,chordKey_10_52,clients=50
1778007859119,PUT_HOP,0,2,chordKey_10_52,
1778007859120,PUT,0,0,chordKey_10_53,clients=50
1778007859121,GET,104,2,chordKey_3_46,clients=50
1778007859121,GET,109,2,chordKey_47_67,clients=50
1778007859121,PUT,0,0,chordKey_3_47,clients=50
1778007859122,PUT_HOP,0,2,chordKey_46_54,
1778007859122,PUT,0,0,chordKey_47_68,clients=50
1778007859123,GET,104,2,chordKey_46_54,clients=50
1778007859123,PUT,0,0,chordKey_46_55,clients=50
1778007859124,PUT_HOP,0,2,chordKey_12_72,
1778007859126,GET,97,2,chordKey_24_58,clients=50
1778007859127,PUT,0,0,chordKey_24_59,clients=50
1778007859127,PUT_HOP,0,2,chordKey_45_46,
1778007859129,PUT_HOP,0,2,chordKey_44_77,
1778007859130,GET,98,2,chordKey_45_46,clients=50
1778007859130,PUT_HOP,0,2,chordKey_24_58,
1778007859131,PUT,0,0,chordKey_45_47,clients=50
1778007859132,PUT_HOP,0,2,chordKey_22_82,
1778007859135,GET,114,2,chordKey_12_72,clients=50
1778007859139,PUT_HOP,0,2,chordKey_14_70,
1778007859135,GET,53,2,chordKey_7_35,clients=50
1778007859135,GET,92,2,chordKey_44_77,clients=50
1778007859134,GET,88,2,chordKey_30_77,clients=50
1778007859140,PUT,0,0,chordKey_44_78,clients=50
1778007859140,PUT,0,0,chordKey_7_36,clients=50
1778007859140,PUT,0,0,chordKey_12_73,clients=50
1778007859141,PUT,0,0,chordKey_30_78,clients=50
1778007859144,PUT_HOP,0,2,chordKey_30_77,
1778007859152,GET,95,2,chordKey_2_53,clients=50
1778007859153,PUT,0,0,chordKey_2_54,clients=50
1778007859165,GET,80,2,chordKey_22_82,clients=50
1778007859166,PUT,0,0,chordKey_22_83,clients=50
1778007859166,GET,61,2,chordKey_11_45,clients=50
1778007859167,PUT,0,0,chordKey_11_46,clients=50
1778007859168,GET,65,2,chordKey_6_65,clients=50
1778007859168,PUT_HOP,0,2,chordKey_11_45,
1778007859168,PUT_HOP,0,2,chordKey_6_65,
1778007859169,PUT,0,0,chordKey_6_66,clients=50
1778007859175,PUT_HOP,0,2,chordKey_7_36,
1778007859177,PUT_HOP,0,2,chordKey_2_53,
1778007859177,GET,36,2,chordKey_7_36,clients=50
1778007859178,PUT,0,0,chordKey_7_37,clients=50
1778007859181,GET,122,2,chordKey_14_70,clients=50
1778007859182,PUT,0,0,chordKey_14_71,clients=50
1778007859182,PUT_HOP,0,2,chordKey_22_83,
1778007859183,PUT_HOP,0,2,chordKey_27_67,
1778007859189,GET,22,2,chordKey_22_83,clients=50
1778007859190,PUT,0,0,chordKey_22_84,clients=50
1778007859197,PUT_HOP,0,2,chordKey_10_53,
1778007859198,GET,77,2,chordKey_10_53,clients=50
1778007859198,PUT,0,0,chordKey_10_54,clients=50
1778007859199,PUT_HOP,0,2,chordKey_47_68,
1778007859200,PUT_HOP,0,2,chordKey_6_66,
1778007859200,GET,30,2,chordKey_6_66,clients=50
1778007859201,PUT,0,0,chordKey_6_67,clients=50
1778007859207,PUT_HOP,0,2,chordKey_7_37,
1778007859207,GET,85,2,chordKey_47_68,clients=50
1778007859208,GET,29,2,chordKey_7_37,clients=50
1778007859208,PUT,0,0,chordKey_47_69,clients=50
1778007859209,PUT,0,0,chordKey_7_38,clients=50
1778007859212,PUT_HOP,0,2,chordKey_22_84,
1778007859213,GET,22,2,chordKey_22_84,clients=50
1778007859214,PUT,0,0,chordKey_22_85,clients=50
1778007859215,PUT_HOP,0,2,chordKey_32_52,
1778007859215,GET,144,2,chordKey_16_57,clients=50
1778007859215,PUT_HOP,0,2,chordKey_39_47,
1778007859217,PUT,0,0,chordKey_16_58,clients=50
1778007859217,GET,155,2,chordKey_32_52,clients=50
1778007859218,PUT,0,0,chordKey_32_53,clients=50
1778007859227,PUT_HOP,0,2,chordKey_16_57,
1778007859228,PUT_HOP,0,2,chordKey_34_53,
1778007859230,PUT_HOP,0,2,chordKey_44_78,
1778007859230,PUT_HOP,0,2,chordKey_24_59,
1778007859232,PUT_HOP,0,2,chordKey_45_47,
1778007859235,GET,106,2,chordKey_24_59,clients=50
1778007859235,GET,95,2,chordKey_45_47,clients=50
1778007859236,PUT,0,0,chordKey_45_48,clients=50
1778007859235,PUT,0,0,chordKey_24_60,clients=50
1778007859237,PUT_HOP,0,2,chordKey_30_78,
1778007859238,GET,37,2,chordKey_6_67,clients=50
1778007859239,PUT,0,0,chordKey_6_68,clients=50
1778007859238,GET,96,2,chordKey_30_78,clients=50
1778007859241,PUT,0,0,chordKey_30_79,clients=50
1778007859241,PUT_HOP,0,2,chordKey_6_67,
1778007859237,GET,96,2,chordKey_44_78,clients=50
1778007859242,PUT_HOP,0,2,chordKey_7_38,
1778007859242,PUT,0,0,chordKey_44_79,clients=50
1778007859240,GET,157,2,chordKey_38_76,clients=50
1778007859243,PUT,0,0,chordKey_38_77,clients=50
1778007859243,GET,160,2,chordKey_39_47,clients=50
1778007859245,PUT,0,0,chordKey_39_48,clients=50
1778007859248,PUT_HOP,0,2,chordKey_38_76,
1778007859250,GET,162,2,chordKey_34_53,clients=50
1778007859251,PUT_HOP,0,2,chordKey_3_47,
1778007859252,GET,163,2,chordKey_18_52,clients=50
1778007859252,PUT_HOP,0,2,chordKey_46_55,
1778007859252,GET,130,2,chordKey_3_47,clients=50
1778007859252,GET,163,2,chordKey_27_67,clients=50
1778007859252,PUT,0,0,chordKey_34_54,clients=50
1778007859256,PUT,0,0,chordKey_27_68,clients=50
1778007859258,PUT_HOP,0,2,chordKey_11_46,
1778007859266,PUT_HOP,0,2,chordKey_18_52,
1778007859255,GET,40,2,chordKey_22_85,clients=50
1778007859254,GET,130,2,chordKey_46_55,clients=50
1778007859267,PUT_HOP,0,2,chordKey_10_54,
1778007859268,PUT,0,0,chordKey_46_56,clients=50
1778007859268,PUT_HOP,0,2,chordKey_2_54,
1778007859269,PUT_HOP,0,2,chordKey_22_85,
1778007859269,PUT_HOP,0,2,chordKey_24_60,
1778007859273,PUT_HOP,0,2,chordKey_14_71,
1778007859253,PUT,0,0,chordKey_3_48,clients=50
1778007859270,PUT_HOP,0,2,chordKey_12_73,
1778007859253,PUT,0,0,chordKey_18_53,clients=50
1778007859276,GET,93,2,chordKey_14_71,clients=50
1778007859274,GET,120,2,chordKey_2_54,clients=50
1778007859278,PUT,0,0,chordKey_14_72,clients=50
1778007859271,GET,72,2,chordKey_10_54,clients=50
1778007859270,GET,128,2,chordKey_12_73,clients=50
1778007859279,PUT,0,0,chordKey_10_55,clients=50
1778007859269,GET,101,2,chordKey_11_46,clients=50
1778007859283,PUT,0,0,chordKey_11_47,clients=50
1778007859268,GET,57,2,chordKey_7_38,clients=50
1778007859284,PUT,0,0,chordKey_7_39,clients=50
1778007859267,PUT,0,0,chordKey_22_86,clients=50
1778007859282,GET,73,2,chordKey_47_69,clients=50
1778007859280,PUT,0,0,chordKey_12_74,clients=50
1778007859279,PUT,0,0,chordKey_2_55,clients=50
1778007859285,PUT,0,0,chordKey_47_70,clients=50
1778007859286,PUT_HOP,0,2,chordKey_47_69,
1778007859297,PUT_HOP,0,2,chordKey_32_53,
1778007859298,GET,79,2,chordKey_32_53,clients=50
1778007859299,PUT,0,0,chordKey_32_54,clients=50
1778007859299,PUT_HOP,0,2,chordKey_16_58,
1778007859319,GET,101,2,chordKey_16_58,clients=50
1778007859320,PUT,0,0,chordKey_16_59,clients=50
1778007859328,GET,84,2,chordKey_38_77,clients=50
1778007859329,PUT,0,0,chordKey_38_78,clients=50
1778007859341,PUT_HOP,0,2,chordKey_6_68,
1778007859342,GET,101,2,chordKey_6_68,clients=50
1778007859343,PUT,0,0,chordKey_6_69,clients=50
1778007859346,PUT_HOP,0,2,chordKey_46_56,
1778007859347,GET,110,2,chordKey_45_48,clients=50
1778007859347,PUT_HOP,0,2,chordKey_30_79,
1778007859347,PUT,0,0,chordKey_45_49,clients=50
1778007859350,PUT_HOP,0,2,chordKey_22_86,
1778007859350,PUT_HOP,0,2,chordKey_45_48,
1778007859352,PUT_HOP,0,2,chordKey_44_79,
1778007859355,GET,113,2,chordKey_30_79,clients=50
1778007859356,PUT,0,0,chordKey_30_80,clients=50
1778007859360,GET,121,2,chordKey_24_60,clients=50
1778007859361,PUT,0,0,chordKey_24_61,clients=50
1778007859361,PUT_HOP,0,2,chordKey_39_48,
1778007859362,PUT_HOP,0,2,chordKey_38_77,
1778007859368,PUT_HOP,0,2,chordKey_18_53,
1778007859369,PUT_HOP,0,2,chordKey_34_54,
1778007859369,PUT_HOP,0,2,chordKey_27_68,
1778007859369,GET,92,2,chordKey_46_56,clients=50
1778007859370,GET,124,2,chordKey_39_48,clients=50
1778007859371,PUT_HOP,0,2,chordKey_3_48,
1778007859371,PUT,0,0,chordKey_39_49,clients=50
1778007859371,PUT,0,0,chordKey_46_57,clients=50
1778007859371,GET,105,2,chordKey_27_68,clients=50
1778007859373,PUT_HOP,0,2,chordKey_10_55,
1778007859374,PUT,0,0,chordKey_27_69,clients=50
1778007859374,PUT_HOP,0,2,chordKey_11_47,
1778007859374,GET,94,2,chordKey_10_55,clients=50
1778007859375,GET,118,2,chordKey_34_54,clients=50
1778007859375,PUT,0,0,chordKey_10_56,clients=50
1778007859376,PUT,0,0,chordKey_34_55,clients=50
1778007859376,PUT_HOP,0,2,chordKey_14_72,
1778007859378,GET,135,2,chordKey_44_79,clients=50
1778007859378,PUT,0,0,chordKey_44_80,clients=50
1778007859380,PUT_HOP,0,2,chordKey_2_55,
1778007859380,GET,102,2,chordKey_3_48,clients=50
1778007859381,PUT,0,0,chordKey_3_49,clients=50
1778007859386,GET,102,2,chordKey_11_47,clients=50
1778007859388,PUT,0,0,chordKey_11_48,clients=50
1778007859388,PUT_HOP,0,2,chordKey_7_39,
1778007859388,PUT_HOP,0,2,chordKey_47_70,
1778007859391,GET,111,2,chordKey_14_72,clients=50
1778007859391,PUT,0,0,chordKey_14_73,clients=50
1778007859394,GET,116,2,chordKey_18_53,clients=50
1778007859394,PUT_HOP,0,2,chordKey_32_54,
1778007859395,PUT_HOP,0,2,chordKey_12_74,
1778007859395,PUT,0,0,chordKey_18_54,clients=50
1778007859396,GET,111,2,chordKey_22_86,clients=50
1778007859394,GET,95,2,chordKey_32_54,clients=50
1778007859397,PUT,0,0,chordKey_22_87,clients=50
1778007859397,GET,112,2,chordKey_7_39,clients=50
1778007859398,PUT,0,0,chordKey_7_40,clients=50
1778007859397,GET,109,2,chordKey_47_70,clients=50
1778007859399,PUT,0,0,chordKey_47_71,clients=50
1778007859397,PUT,0,0,chordKey_32_55,clients=50
1778007859407,GET,121,2,chordKey_12_74,clients=50
1778007859408,PUT,0,0,chordKey_12_75,clients=50
1778007859416,PUT_HOP,0,2,chordKey_16_59,
1778007859418,GET,131,2,chordKey_2_55,clients=50
1778007859418,PUT,0,0,chordKey_2_56,clients=50
1778007859420,GET,99,2,chordKey_16_59,clients=50
1778007859421,PUT,0,0,chordKey_16_60,clients=50
1778007859424,PUT_HOP,0,2,chordKey_6_69,
1778007859425,PUT_HOP,0,2,chordKey_38_78,
1778007859426,GET,82,2,chordKey_6_69,clients=50
1778007859427,PUT,0,0,chordKey_6_70,clients=50
1778007859434,GET,103,2,chordKey_38_78,clients=50
1778007859434,PUT,0,0,chordKey_38_79,clients=50
1778007859435,GET,87,2,chordKey_45_49,clients=50
1778007859436,PUT,0,0,chordKey_45_50,clients=50
1778007859437,PUT,1022,0,chordKey_43_28,clients=50
1778007859436,PUT,1021,0,chordKey_20_71,clients=50
1778007859437,PUT,1024,0,chordKey_15_70,clients=50
1778007859437,PUT,1023,0,chordKey_37_37,clients=50
1778007859438,GET,0,0,chordKey_15_70,clients=50
1778007859438,GET,0,0,chordKey_37_37,clients=50
1778007859439,PUT,0,0,chordKey_15_71,clients=50
1778007859439,PUT,0,0,chordKey_37_38,clients=50
1778007859440,GET,0,0,chordKey_15_71,clients=50
1778007859440,GET,0,0,chordKey_37_38,clients=50
1778007859441,PUT,0,0,chordKey_15_72,clients=50
1778007859441,PUT,0,0,chordKey_37_39,clients=50
1778007859442,PUT_HOP,0,2,chordKey_45_49,
1778007859441,GET,0,0,chordKey_15_72,clients=50
1778007859443,PUT,0,0,chordKey_15_73,clients=50
1778007859444,PUT_HOP,0,1,chordKey_43_28,
1778007859445,GET,0,0,chordKey_15_73,clients=50
1778007859447,PUT,0,0,chordKey_15_74,clients=50
1778007859449,GET,0,0,chordKey_15_74,clients=50
1778007859450,PUT,0,0,chordKey_15_75,clients=50
1778007859450,GET,0,0,chordKey_15_75,clients=50
1778007859442,GET,0,0,chordKey_37_39,clients=50
1778007859451,PUT,0,0,chordKey_15_76,clients=50
1778007859448,GET,11,1,chordKey_43_28,clients=50
1778007859454,PUT,0,0,chordKey_43_29,clients=50
1778007859452,GET,0,0,chordKey_15_76,clients=50
1778007859455,PUT,0,0,chordKey_15_77,clients=50
1778007859456,GET,0,0,chordKey_15_77,clients=50
1778007859456,PUT,0,0,chordKey_15_78,clients=50
1778007859457,GET,0,0,chordKey_15_78,clients=50
1778007859457,PUT,0,0,chordKey_15_79,clients=50
1778007859458,GET,0,0,chordKey_15_79,clients=50
1778007859458,PUT,0,0,chordKey_15_80,clients=50
1778007859459,GET,0,0,chordKey_15_80,clients=50
1778007859460,PUT,0,0,chordKey_15_81,clients=50
1778007859461,GET,0,0,chordKey_15_81,clients=50
1778007859461,PUT_HOP,0,2,chordKey_24_61,
1778007859462,PUT,0,0,chordKey_15_82,clients=50
1778007859462,PUT_HOP,0,2,chordKey_46_57,
1778007859463,GET,0,0,chordKey_15_82,clients=50
1778007859464,PUT,0,0,chordKey_15_83,clients=50
1778007859464,PUT_HOP,0,2,chordKey_30_80,
1778007859464,GET,0,0,chordKey_15_83,clients=50
1778007859465,PUT,0,0,chordKey_15_84,clients=50
1778007859466,GET,0,0,chordKey_15_84,clients=50
1778007859466,PUT,0,0,chordKey_15_85,clients=50
1778007859467,GET,0,0,chordKey_15_85,clients=50
1778007859467,PUT,0,0,chordKey_15_86,clients=50
1778007859468,GET,0,0,chordKey_15_86,clients=50
1778007859469,PUT,0,0,chordKey_15_87,clients=50
1778007859469,GET,0,0,chordKey_15_87,clients=50
1778007859470,PUT,0,0,chordKey_15_88,clients=50
1778007859470,GET,0,0,chordKey_15_88,clients=50
1778007859471,PUT,0,0,chordKey_15_89,clients=50
1778007859471,PUT_HOP,0,2,chordKey_23_79,
1778007859472,PUT_HOP,0,2,chordKey_47_71,
1778007859472,GET,0,0,chordKey_15_89,clients=50
1778007859472,PUT,0,0,chordKey_15_90,clients=50
1778007859472,PUT_HOP,0,2,chordKey_16_60,
1778007859473,GET,0,0,chordKey_15_90,clients=50
1778007859474,PUT,0,0,chordKey_15_91,clients=50
1778007859475,GET,0,0,chordKey_15_91,clients=50
1778007859475,PUT,0,0,chordKey_15_92,clients=50
1778007859475,GET,0,0,chordKey_15_92,clients=50
1778007859476,PUT_HOP,0,2,chordKey_44_80,
1778007859476,PUT,0,0,chordKey_15_93,clients=50
1778007859452,PUT,0,0,chordKey_37_40,clients=50
1778007859477,GET,0,0,chordKey_37_40,clients=50
1778007859477,PUT,0,0,chordKey_37_41,clients=50
1778007859477,GET,0,0,chordKey_37_41,clients=50
1778007859477,PUT_HOP,0,2,chordKey_10_56,
1778007859478,PUT_HOP,0,2,chordKey_22_87,
1778007859478,PUT,0,0,chordKey_37_42,clients=50
1778007859479,GET,0,0,chordKey_37_42,clients=50
1778007859479,PUT,0,0,chordKey_37_43,clients=50
1778007859479,GET,0,0,chordKey_37_43,clients=50
1778007859480,GET,108,2,chordKey_39_49,clients=50
1778007859481,PUT,0,0,chordKey_39_50,clients=50
1778007859476,GET,0,0,chordKey_15_93,clients=50
1778007859484,PUT,0,0,chordKey_15_94,clients=50
1778007859475,GET,1116,2,chordKey_21_76,clients=50
1778007859485,PUT,0,0,chordKey_21_77,clients=50
1778007859485,PUT_HOP,0,2,chordKey_39_49,
1778007859473,GET,73,2,chordKey_47_71,clients=50
1778007859470,GET,72,2,chordKey_22_87,clients=50
1778007859487,PUT,0,0,chordKey_22_88,clients=50
1778007859463,GET,100,2,chordKey_24_61,clients=50
1778007859488,PUT,0,0,chordKey_24_62,clients=50
1778007859460,GET,81,2,chordKey_44_80,clients=50
1778007859459,GET,103,2,chordKey_30_80,clients=50
1778007859490,PUT,0,0,chordKey_30_81,clients=50
1778007859490,PUT,0,0,chordKey_44_81,clients=50
1778007859489,GET,115,2,chordKey_46_57,clients=50
1778007859492,PUT,0,0,chordKey_46_58,clients=50
1778007859487,PUT,0,0,chordKey_47_72,clients=50
1778007859484,GET,0,0,chordKey_15_94,clients=50
1778007859494,PUT,0,0,chordKey_15_95,clients=50
1778007859494,GET,0,0,chordKey_15_95,clients=50
1778007859495,PUT,0,0,chordKey_15_96,clients=50
1778007859496,GET,0,0,chordKey_15_96,clients=50
1778007859496,PUT,0,0,chordKey_15_97,clients=50
1778007859497,GET,0,0,chordKey_15_97,clients=50
1778007859497,GET,1138,2,chordKey_13_41,clients=50
1778007859480,PUT,0,0,chordKey_37_44,clients=50
1778007859498,GET,0,0,chordKey_37_44,clients=50
1778007859499,PUT,0,0,chordKey_37_45,clients=50
1778007859500,GET,0,0,chordKey_37_45,clients=50
1778007859502,PUT,0,0,chordKey_37_46,clients=50
1778007859503,GET,0,0,chordKey_37_46,clients=50
1778007859497,PUT,0,0,chordKey_15_98,clients=50
1778007859505,GET,0,0,chordKey_15_98,clients=50
1778007859498,PUT,0,0,chordKey_13_42,clients=50
1778007859508,GET,132,2,chordKey_10_56,clients=50
1778007859510,PUT_HOP,0,2,chordKey_37_37,
1778007859511,GET,88,2,chordKey_16_60,clients=50
1778007859511,PUT,0,0,chordKey_16_61,clients=50
1778007859515,PUT_HOP,0,2,chordKey_11_48,
1778007859517,PUT,1013,0,chordKey_25_44,clients=50
1778007859514,PUT_HOP,0,2,chordKey_32_55,
1778007859527,GET,151,2,chordKey_34_55,clients=50
1778007859528,PUT_HOP,0,2,chordKey_27_69,
1778007859528,PUT,0,0,chordKey_34_56,clients=50
1778007859528,GET,100,2,chordKey_6_70,clients=50
1778007859530,PUT_HOP,0,2,chordKey_34_55,
1778007859530,PUT,0,0,chordKey_6_71,clients=50
1778007859536,GET,147,2,chordKey_11_48,clients=50
1778007859536,PUT_HOP,0,2,chordKey_6_70,
1778007859537,PUT,0,0,chordKey_11_49,clients=50
1778007859541,GET,141,2,chordKey_32_55,clients=50
1778007859542,PUT,0,0,chordKey_32_56,clients=50
1778007859566,PUT_HOP,0,2,chordKey_3_49,
1778007859573,GET,198,2,chordKey_27_69,clients=50
1778007859579,PUT,0,0,chordKey_27_70,clients=50
1778007859587,PUT_HOP,0,2,chordKey_14_73,
1778007859587,PUT_HOP,0,2,chordKey_18_54,
1778007859588,PUT_HOP,0,2,chordKey_7_40,
1778007859589,GET,192,2,chordKey_18_54,clients=50
1778007859589,GET,207,2,chordKey_3_49,clients=50
1778007859590,PUT,0,0,chordKey_18_55,clients=50
1778007859590,PUT_HOP,0,2,chordKey_15_84,
1778007859590,GET,170,2,chordKey_2_56,clients=50
1778007859591,PUT,0,0,chordKey_2_57,clients=50
1778007859590,PUT,0,0,chordKey_3_50,clients=50
1778007859590,GET,191,2,chordKey_7_40,clients=50
1778007859592,PUT_HOP,0,2,chordKey_12_75,
1778007859593,GET,157,2,chordKey_38_79,clients=50
1778007859593,PUT,0,0,chordKey_7_41,clients=50
1778007859594,PUT_HOP,0,2,chordKey_15_86,
1778007859594,PUT,0,0,chordKey_38_80,clients=50
1778007859596,PUT_HOP,0,2,chordKey_15_88,
1778007859596,PUT,1035,0,chordKey_1_65,clients=50
1778007859598,GET,0,0,chordKey_1_65,clients=50
1778007859598,PUT_HOP,0,2,chordKey_15_70,
1778007859598,PUT_HOP,0,2,chordKey_15_89,
1778007859599,PUT,0,0,chordKey_1_66,clients=50
1778007859599,GET,0,0,chordKey_1_66,clients=50
1778007859600,PUT,0,0,chordKey_1_67,clients=50
1778007859600,GET,0,0,chordKey_1_67,clients=50
1778007859601,PUT,0,0,chordKey_1_68,clients=50
1778007859601,GET,0,0,chordKey_1_68,clients=50
1778007859601,PUT_HOP,0,2,chordKey_2_56,
1778007859602,PUT,0,0,chordKey_1_69,clients=50
1778007859602,GET,0,0,chordKey_1_69,clients=50
1778007859603,PUT,0,0,chordKey_1_70,clients=50
1778007859604,GET,0,0,chordKey_1_70,clients=50
1778007859604,PUT,0,0,chordKey_1_71,clients=50
1778007859605,GET,0,0,chordKey_1_71,clients=50
1778007859605,PUT,0,0,chordKey_1_72,clients=50
1778007859606,GET,0,0,chordKey_1_72,clients=50
1778007859606,PUT,1060,0,chordKey_48_53,clients=50
1778007859597,PUT,1073,0,chordKey_26_69,clients=50
1778007859597,PUT,1072,0,chordKey_29_52,clients=50
1778007859606,PUT,1061,0,chordKey_8_56,clients=50
1778007859606,PUT,1082,0,chordKey_31_72,clients=50
1778007859606,PUT,1085,0,chordKey_19_54,clients=50
1778007859602,GET,194,2,chordKey_12_75,clients=50
1778007859599,GET,162,2,chordKey_45_50,clients=50
1778007859598,GET,206,2,chordKey_14_73,clients=50
1778007859619,PUT_HOP,0,2,chordKey_37_39,
1778007859620,PUT_HOP,0,2,chordKey_15_92,
1778007859621,PUT_HOP,0,2,chordKey_46_58,
1778007859623,GET,130,2,chordKey_46_58,clients=50
1778007859623,PUT,0,0,chordKey_46_59,clients=50
1778007859624,PUT_HOP,0,2,chordKey_15_91,
1778007859625,PUT_HOP,0,2,chordKey_15_79,
1778007859625,PUT_HOP,0,2,chordKey_39_50,
1778007859625,PUT_HOP,0,2,chordKey_21_77,
1778007859626,GET,10006,0,chordKey_36_13,clients=50
1778007859626,PUT_HOP,0,2,chordKey_15_87,
1778007859627,PUT_HOP,0,2,chordKey_15_94,
1778007859627,PUT,0,0,chordKey_36_14,clients=50
1778007859628,PUT_HOP,0,2,chordKey_37_43,
1778007859628,PUT_HOP,0,2,chordKey_37_42,
1778007859631,PUT_HOP,0,2,chordKey_37_44,
1778007859637,PUT_HOP,0,2,chordKey_37_45,
1778007859638,PUT_HOP,0,2,chordKey_37_41,
1778007859638,PUT_HOP,0,2,chordKey_25_44,
1778007859638,PUT_HOP,0,2,chordKey_13_42,
1778007859639,PUT_HOP,0,2,chordKey_41_87,
1778007859640,PUT_HOP,0,2,chordKey_37_46,
1778007859642,GET,159,2,chordKey_39_50,clients=50
1778007859643,PUT,0,0,chordKey_39_51,clients=50
1778007859645,GET,157,2,chordKey_22_88,clients=50
1778007859646,PUT,0,0,chordKey_22_89,clients=50
1778007859646,PUT_HOP,0,2,chordKey_44_81,
1778007859647,PUT_HOP,0,2,chordKey_22_88,
1778007859651,PUT_HOP,0,2,chordKey_24_62,
1778007859653,GET,164,2,chordKey_24_62,clients=50
1778007859655,PUT_HOP,0,2,chordKey_47_72,
1778007859656,PUT,0,0,chordKey_24_63,clients=50
1778007859657,GET,165,2,chordKey_44_81,clients=50
1778007859663,PUT_HOP,0,2,chordKey_34_56,
1778007859656,GET,10011,0,chordKey_9_15,clients=50
1778007859666,PUT_HOP,0,2,chordKey_42_84,
1778007859667,PUT,0,0,chordKey_44_82,clients=50
1778007859666,PUT_HOP,0,2,chordKey_15_96,
1778007859663,GET,172,2,chordKey_30_81,clients=50
1778007859665,PUT_HOP,0,2,chordKey_41_94,
1778007859668,PUT,0,0,chordKey_30_82,clients=50
1778007859665,PUT_HOP,0,2,chordKey_30_81,
1778007859663,GET,177,2,chordKey_21_77,clients=50
1778007859665,PUT_HOP,0,2,chordKey_15_95,
1778007859669,PUT,0,0,chordKey_21_78,clients=50
1778007859664,PUT_HOP,0,2,chordKey_41_98,
1778007859659,GET,2250,2,chordKey_35_43,clients=50
1778007859666,PUT_HOP,0,2,chordKey_0_47,
1778007859670,PUT,0,0,chordKey_35_44,clients=50
1778007859658,GET,1168,2,chordKey_5_48,clients=50
1778007859667,PUT,0,0,chordKey_9_16,clients=50
1778007859667,GET,1246,2,chordKey_0_47,clients=50
1778007859672,PUT,0,0,chordKey_0_48,clients=50
1778007859671,PUT,0,0,chordKey_5_49,clients=50
1778007859674,GET,131,2,chordKey_32_56,clients=50
1778007859675,GET,145,2,chordKey_34_56,clients=50
1778007859681,PUT_HOP,0,2,chordKey_41_95,
1778007859681,GET,1262,2,chordKey_42_84,clients=50
1778007859681,PUT_HOP,0,2,chordKey_41_99,
1778007859683,PUT_HOP,0,2,chordKey_41_90,
1778007859685,PUT_HOP,0,2,chordKey_46_49,
1778007859687,PUT_HOP,0,2,chordKey_6_71,
1778007859688,PUT_HOP,0,2,chordKey_18_55,
1778007859689,PUT_HOP,0,2,chordKey_7_41,
1778007859697,PUT_HOP,0,2,chordKey_2_57,
1778007859697,GET,10016,0,chordKey_49_12,clients=50
1778007859698,GET,159,2,chordKey_11_49,clients=50
1778007859698,PUT,0,0,chordKey_49_13,clients=50
1778007859698,PUT,0,0,chordKey_11_50,clients=50
1778007859696,PUT_HOP,0,2,chordKey_11_49,
1778007859701,PUT_HOP,0,2,chordKey_3_50,
1778007859702,GET,189,2,chordKey_16_61,clients=50
1778007859702,PUT,0,0,chordKey_16_62,clients=50
1778007859704,PUT_HOP,0,2,chordKey_16_61,
1778007859706,PUT_HOP,0,2,chordKey_38_80,
1778007859706,GET,10025,0,chordKey_40_12,clients=50
1778007859706,GET,126,2,chordKey_27_70,clients=50
1778007859707,PUT,0,0,chordKey_40_13,clients=50
1778007859707,PUT_HOP,0,2,chordKey_27_70,
1778007859707,PUT,0,0,chordKey_27_71,clients=50
1778007859708,GET,3303,2,chordKey_28_47,clients=50
1778007859708,PUT,0,0,chordKey_28_48,clients=50
1778007859710,GET,118,2,chordKey_2_57,clients=50
1778007859710,PUT,0,0,chordKey_2_58,clients=50
1778007859733,PUT_HOP,0,2,chordKey_36_14,
1778007859735,GET,107,2,chordKey_36_14,clients=50
1778007859736,PUT,0,0,chordKey_36_15,clients=50
1778007859741,GET,116,2,chordKey_46_59,clients=50
1778007859741,PUT_HOP,0,2,chordKey_46_59,
1778007859742,PUT,0,0,chordKey_46_60,clients=50
1778007859746,GET,152,2,chordKey_7_41,clients=50
1778007859746,PUT_HOP,0,2,chordKey_29_52,
1778007859746,PUT_HOP,0,2,chordKey_1_65,
1778007859747,PUT,0,0,chordKey_7_42,clients=50
1778007859748,PUT_HOP,0,2,chordKey_1_66,
1778007859778,GET,183,2,chordKey_38_80,clients=50
1778007859778,PUT,0,0,chordKey_38_81,clients=50
1778007859780,PUT_HOP,0,2,chordKey_40_13,
1778007859781,PUT_HOP,0,2,chordKey_1_68,
1778007859784,PUT_HOP,0,2,chordKey_1_69,
1778007859788,GET,80,2,chordKey_40_13,clients=50
1778007859788,GET,50,2,chordKey_36_15,clients=50
1778007859788,PUT_HOP,0,2,chordKey_36_15,
1778007859788,PUT,0,0,chordKey_40_14,clients=50
1778007859789,PUT,0,0,chordKey_36_16,clients=50
1778007859789,PUT_HOP,0,1,chordKey_40_14,
1778007859791,GET,1,1,chordKey_40_14,clients=50
1778007859791,PUT,0,0,chordKey_40_15,clients=50
1778007859797,PUT_HOP,0,2,chordKey_36_16,
1778007859797,PUT_HOP,0,2,chordKey_1_72,
1778007859798,PUT_HOP,0,2,chordKey_19_54,
1778007859798,GET,8,2,chordKey_36_16,clients=50
1778007859797,PUT_HOP,0,2,chordKey_1_70,
1778007859799,PUT,0,0,chordKey_36_17,clients=50
1778007859799,GET,191,2,chordKey_29_52,clients=50
1778007859799,PUT_HOP,0,2,chordKey_31_72,
1778007859800,PUT,0,0,chordKey_29_53,clients=50
1778007859803,PUT_HOP,0,2,chordKey_39_51,
1778007859809,GET,165,2,chordKey_39_51,clients=50
1778007859810,PUT,0,0,chordKey_39_52,clients=50
1778007859810,PUT_HOP,0,2,chordKey_36_17,
1778007859811,GET,164,2,chordKey_22_89,clients=50
1778007859811,PUT,0,0,chordKey_22_90,clients=50
1778007859812,GET,12,2,chordKey_36_17,clients=50
1778007859812,PUT,0,0,chordKey_36_18,clients=50
1778007859815,PUT_HOP,0,2,chordKey_44_82,
1778007859816,PUT_HOP,0,2,chordKey_1_67,
1778007859816,PUT_HOP,0,2,chordKey_24_63,
1778007859819,PUT_HOP,0,2,chordKey_22_89,
1778007859819,GET,162,2,chordKey_24_63,clients=50
1778007859820,PUT_HOP,0,2,chordKey_21_78,
1778007859820,PUT_HOP,0,2,chordKey_9_16,
1778007859820,PUT,0,0,chordKey_24_64,clients=50
1778007859821,GET,149,2,chordKey_9_16,clients=50
1778007859821,PUT_HOP,0,2,chordKey_30_82,
1778007859822,PUT,0,0,chordKey_9_17,clients=50
1778007859824,GET,156,2,chordKey_30_82,clients=50
1778007859825,PUT,0,0,chordKey_30_83,clients=50
1778007859824,GET,155,2,chordKey_21_78,clients=50
1778007859826,PUT,0,0,chordKey_21_79,clients=50
1778007859824,GET,157,2,chordKey_44_82,clients=50
1778007859827,PUT_HOP,0,2,chordKey_0_48,
1778007859827,PUT,0,0,chordKey_44_83,clients=50
1778007859827,GET,154,2,chordKey_0_48,clients=50
1778007859828,PUT,0,0,chordKey_0_49,clients=50
1778007859840,GET,231,2,chordKey_8_56,clients=50
1778007859840,PUT,0,0,chordKey_8_57,clients=50
1778007859841,GET,138,2,chordKey_16_62,clients=50
1778007859841,PUT_HOP,0,2,chordKey_16_62,
1778007859841,PUT,0,0,chordKey_16_63,clients=50
1778007859841,PUT_HOP,0,2,chordKey_11_50,
1778007859842,PUT_HOP,0,2,chordKey_35_44,
1778007859842,GET,131,2,chordKey_2_58,clients=50
1778007859843,PUT_HOP,0,2,chordKey_5_49,
1778007859843,PUT,0,0,chordKey_2_59,clients=50
1778007859844,PUT_HOP,0,2,chordKey_49_13,
1778007859844,GET,146,2,chordKey_49_13,clients=50
1778007859845,PUT_HOP,0,2,chordKey_27_71,
1778007859845,PUT,0,0,chordKey_49_14,clients=50
1778007859848,PUT_HOP,0,2,chordKey_7_42,
1778007859848,PUT_HOP,0,2,chordKey_11_39,
1778007859848,GET,178,2,chordKey_35_44,clients=50
1778007859849,PUT,0,0,chordKey_35_45,clients=50
1778007859846,GET,146,2,chordKey_11_50,clients=50
1778007859850,PUT,0,0,chordKey_11_51,clients=50
1778007859853,PUT_HOP,0,2,chordKey_36_18,
1778007859862,GET,49,2,chordKey_36_18,clients=50
1778007859863,PUT,0,0,chordKey_36_19,clients=50
1778007859868,PUT_HOP,0,2,chordKey_2_58,
1778007859871,GET,121,2,chordKey_7_42,clients=50
1778007859872,PUT,0,0,chordKey_7_43,clients=50
1778007859874,GET,24,2,chordKey_35_45,clients=50
1778007859875,PUT,0,0,chordKey_35_46,clients=50
1778007859875,PUT_HOP,0,2,chordKey_35_45,
1778007859875,GET,167,2,chordKey_27_71,clients=50
1778007859876,PUT,0,0,chordKey_27_72,clients=50
1778007859889,GET,180,2,chordKey_28_48,clients=50
1778007859890,PUT,0,0,chordKey_28_49,clients=50
1778007859890,PUT_HOP,0,2,chordKey_28_48,
1778007859891,PUT_HOP,0,2,chordKey_38_81,
1778007859892,PUT_HOP,0,2,chordKey_46_60,
1778007859893,GET,150,2,chordKey_46_60,clients=50
1778007859894,PUT,0,0,chordKey_46_61,clients=50
1778007859894,PUT_HOP,0,2,chordKey_41_91,
1778007859898,PUT_HOP,0,2,chordKey_22_90,
1778007859898,PUT_HOP,0,2,chordKey_40_15,
1778007859899,GET,120,2,chordKey_38_81,clients=50
1778007859900,PUT,0,0,chordKey_38_82,clients=50
1778007859905,PUT_HOP,0,2,chordKey_35_46,
1778007859906,PUT_HOP,0,2,chordKey_36_19,
1778007859908,GET,108,2,chordKey_29_53,clients=50
1778007859909,PUT_HOP,0,2,chordKey_29_53,
1778007859909,PUT_HOP,0,2,chordKey_39_52,
1778007859909,PUT,0,0,chordKey_29_54,clients=50
1778007859910,GET,47,2,chordKey_36_19,clients=50
1778007859911,PUT,0,0,chordKey_36_20,clients=50
1778007859911,GET,99,2,chordKey_22_90,clients=50
1778007859912,PUT,0,0,chordKey_22_91,clients=50
1778007859913,GET,102,2,chordKey_39_52,clients=50
1778007859911,GET,35,2,chordKey_35_46,clients=50
1778007859914,PUT_HOP,0,2,chordKey_9_17,
1778007859914,PUT,0,0,chordKey_35_47,clients=50
1778007859914,PUT,0,0,chordKey_39_53,clients=50
1778007859916,PUT_HOP,0,2,chordKey_24_64,
1778007859923,GET,131,2,chordKey_40_15,clients=50
1778007859924,PUT,0,0,chordKey_40_16,clients=50
1778007859927,PUT_HOP,0,2,chordKey_21_79,
1778007859935,PUT_HOP,0,2,chordKey_35_47,
1778007859937,GET,21,2,chordKey_35_47,clients=50
1778007859937,PUT,0,0,chordKey_35_48,clients=50
1778007859950,GET,130,2,chordKey_24_64,clients=50
1778007859950,PUT_HOP,0,2,chordKey_48_53,
1778007859951,PUT_HOP,0,2,chordKey_0_49,
1778007859953,PUT,0,0,chordKey_24_65,clients=50
1778007859953,PUT_HOP,0,2,chordKey_8_57,
1778007859953,PUT_HOP,0,2,chordKey_44_83,
1778007859953,GET,131,2,chordKey_9_17,clients=50
1778007859952,PUT_HOP,0,2,chordKey_16_63,
1778007859954,GET,111,2,chordKey_2_59,clients=50
1778007859955,PUT_HOP,0,2,chordKey_2_59,
1778007859952,PUT_HOP,0,2,chordKey_30_83,
1778007859958,PUT,0,0,chordKey_2_60,clients=50
1778007859955,PUT,0,0,chordKey_9_18,clients=50
1778007859960,GET,21,2,chordKey_35_48,clients=50
1778007859960,PUT,0,0,chordKey_35_49,clients=50
1778007859969,PUT_HOP,0,2,chordKey_8_56,
1778007859969,GET,128,2,chordKey_8_57,clients=50
1778007859970,PUT,0,0,chordKey_8_58,clients=50
1778007859971,PUT_HOP,0,2,chordKey_35_48,
1778007859979,GET,152,2,chordKey_21_79,clients=50
1778007859980,PUT,0,0,chordKey_21_80,clients=50
1778007859981,PUT_HOP,0,2,chordKey_49_14,
1778007859981,PUT_HOP,0,2,chordKey_35_49,
1778007859982,GET,155,2,chordKey_30_83,clients=50
1778007859982,PUT_HOP,0,2,chordKey_11_51,
1778007859982,PUT,0,0,chordKey_30_84,clients=50
1778007859983,GET,134,2,chordKey_49_14,clients=50
1778007859984,PUT,0,0,chordKey_49_15,clients=50
1778007859985,GET,24,2,chordKey_35_49,clients=50
1778007859987,PUT,0,0,chordKey_35_50,clients=50
1778007859986,GET,157,2,chordKey_0_49,clients=50
1778007859990,PUT,0,0,chordKey_0_50,clients=50
1778007859991,GET,140,2,chordKey_11_51,clients=50
1778007859992,GET,115,2,chordKey_27_72,clients=50
1778007859992,PUT_HOP,0,2,chordKey_27_72,
1778007859992,GET,149,2,chordKey_16_63,clients=50
1778007859992,PUT_HOP,0,2,chordKey_7_43,
1778007859992,PUT,0,0,chordKey_11_52,clients=50
1778007859993,PUT,0,0,chordKey_27_73,clients=50
1778007859993,PUT,0,0,chordKey_16_64,clients=50
1778007859994,GET,166,2,chordKey_44_83,clients=50
1778007859994,PUT,0,0,chordKey_44_84,clients=50
1778007859995,PUT_HOP,0,2,chordKey_28_49,
1778007859994,GET,121,2,chordKey_7_43,clients=50
1778007859996,PUT,0,0,chordKey_7_44,clients=50
1778007859999,PUT_HOP,0,2,chordKey_46_61,
1778007859999,GET,108,2,chordKey_28_49,clients=50
1778007860000,PUT,0,0,chordKey_28_50,clients=50
1778007859999,GET,104,2,chordKey_46_61,clients=50
1778007860002,PUT,0,0,chordKey_46_62,clients=50
1778007860002,GET,92,2,chordKey_29_54,clients=50
1778007860002,PUT,0,0,chordKey_29_55,clients=50
1778007860002,PUT_HOP,0,2,chordKey_39_53,
1778007860001,GET,100,2,chordKey_38_82,clients=50
1778007860003,PUT_HOP,0,2,chordKey_29_54,
1778007860003,PUT,0,0,chordKey_38_83,clients=50
1778007860004,PUT_HOP,0,2,chordKey_36_20,
1778007860005,PUT_HOP,0,2,chordKey_38_82,
1778007860007,GET,96,2,chordKey_36_20,clients=50
1778007860008,PUT,0,0,chordKey_36_21,clients=50
1778007860017,GET,93,2,chordKey_40_16,clients=50
1778007860019,PUT_HOP,0,2,chordKey_40_16,
1778007860020,PUT,0,0,chordKey_40_17,clients=50
1778007860023,GET,106,2,chordKey_39_53,clients=50
1778007860024,PUT,0,0,chordKey_39_54,clients=50
1778007860025,GET,71,2,chordKey_24_65,clients=50
1778007860026,PUT_HOP,0,2,chordKey_24_65,
1778007860027,PUT,0,0,chordKey_24_66,clients=50
1778007860028,PUT_HOP,0,2,chordKey_22_91,
1778007860028,PUT_HOP,0,2,chordKey_9_18,
1778007860028,GET,115,2,chordKey_22_91,clients=50
1778007860028,PUT_HOP,0,2,chordKey_2_60,
1778007860029,PUT,0,0,chordKey_22_92,clients=50
1778007860029,GET,70,2,chordKey_2_60,clients=50
1778007860030,PUT,0,0,chordKey_2_61,clients=50
1778007860030,PUT_HOP,0,2,chordKey_8_58,
1778007860033,PUT_HOP,0,2,chordKey_21_80,
1778007860033,GET,74,2,chordKey_9_18,clients=50
1778007860034,GET,62,2,chordKey_8_58,clients=50
1778007860034,PUT,0,0,chordKey_8_59,clients=50
1778007860034,PUT_HOP,0,2,chordKey_0_50,
1778007860034,PUT,0,0,chordKey_9_19,clients=50
1778007860036,GET,54,2,chordKey_21_80,clients=50
1778007860036,PUT,0,0,chordKey_21_81,clients=50
1778007860037,GET,46,2,chordKey_0_50,clients=50
1778007860038,PUT,0,0,chordKey_0_51,clients=50
1778007860042,PUT_HOP,0,2,chordKey_7_44,
1778007860046,PUT_HOP,0,2,chordKey_30_84,
1778007860046,PUT_HOP,0,2,chordKey_35_50,
1778007860047,GET,62,2,chordKey_49_15,clients=50
1778007860048,PUT,0,0,chordKey_49_16,clients=50
1778007860049,PUT_HOP,0,2,chordKey_49_15,
1778007860049,GET,51,2,chordKey_7_44,clients=50
1778007860049,PUT_HOP,0,2,chordKey_27_73,
1778007860050,PUT,0,0,chordKey_7_45,clients=50
1778007860053,GET,52,2,chordKey_28_50,clients=50
1778007860055,PUT,0,0,chordKey_28_51,clients=50
1778007860055,PUT_HOP,0,2,chordKey_11_52,
1778007860055,PUT_HOP,0,2,chordKey_16_64,
1778007860057,GET,74,2,chordKey_30_84,clients=50
1778007860058,GET,69,2,chordKey_35_50,clients=50
1778007860058,PUT,0,0,chordKey_30_85,clients=50
1778007860059,GET,65,2,chordKey_11_52,clients=50
1778007860059,PUT,0,0,chordKey_35_51,clients=50
1778007860059,PUT_HOP,0,2,chordKey_28_50,
1778007860060,PUT,0,0,chordKey_11_53,clients=50
1778007860061,PUT_HOP,0,2,chordKey_22_92,
1778007860062,GET,32,2,chordKey_22_92,clients=50
1778007860062,PUT,0,0,chordKey_22_93,clients=50
1778007860065,PUT_HOP,0,2,chordKey_8_59,
1778007860065,PUT_HOP,0,2,chordKey_38_83,
1778007860066,GET,70,2,chordKey_44_84,clients=50
1778007860066,PUT_HOP,0,2,chordKey_29_55,
1778007860066,PUT_HOP,0,2,chordKey_46_62,
1778007860067,PUT,0,0,chordKey_44_85,clients=50
1778007860067,PUT_HOP,0,2,chordKey_44_84,
1778007860067,GET,74,2,chordKey_27_73,clients=50
1778007860068,PUT,0,0,chordKey_27_74,clients=50
1778007860066,GET,72,2,chordKey_16_64,clients=50
1778007860069,PUT,0,0,chordKey_16_65,clients=50
1778007860069,PUT_HOP,0,2,chordKey_36_21,
1778007860069,GET,66,2,chordKey_29_55,clients=50
1778007860070,PUT,0,0,chordKey_29_56,clients=50
1778007860071,PUT_HOP,0,2,chordKey_21_81,
1778007860071,GET,69,2,chordKey_46_62,clients=50
1778007860072,PUT,0,0,chordKey_46_63,clients=50
1778007860071,GET,61,2,chordKey_36_21,clients=50
1778007860073,PUT,0,0,chordKey_36_22,clients=50
1778007860073,GET,69,2,chordKey_38_83,clients=50
1778007860074,PUT,0,0,chordKey_38_84,clients=50
1778007860084,PUT_HOP,0,2,chordKey_0_51,
1778007860084,PUT_HOP,0,2,chordKey_7_45,
1778007860087,GET,48,2,chordKey_0_51,clients=50
1778007860088,PUT,0,0,chordKey_0_52,clients=50
1778007860102,GET,46,2,chordKey_28_51,clients=50
1778007860103,PUT,0,0,chordKey_28_52,clients=50
1778007860103,GET,68,2,chordKey_8_59,clients=50
1778007860103,GET,52,2,chordKey_7_45,clients=50
1778007860108,PUT,0,0,chordKey_7_46,clients=50
1778007860104,PUT,0,0,chordKey_8_60,clients=50
1778007860110,GET,89,2,chordKey_40_17,clients=50
1778007860110,PUT_HOP,0,2,chordKey_40_17,
1778007860110,PUT,0,0,chordKey_40_18,clients=50
1778007860111,GET,73,2,chordKey_21_81,clients=50
1778007860112,PUT,0,0,chordKey_21_82,clients=50
1778007860112,PUT_HOP,0,2,chordKey_39_54,
1778007860113,PUT_HOP,0,2,chordKey_2_61,
1778007860113,PUT_HOP,0,2,chordKey_28_51,
1778007860115,GET,90,2,chordKey_39_54,clients=50
1778007860116,PUT,0,0,chordKey_39_55,clients=50
1778007860120,PUT_HOP,0,2,chordKey_24_66,
1778007860121,GET,93,2,chordKey_24_66,clients=50
1778007860122,GET,91,2,chordKey_2_61,clients=50
1778007860122,PUT,0,0,chordKey_24_67,clients=50
1778007860122,PUT,0,0,chordKey_2_62,clients=50
1778007860128,PUT_HOP,0,2,chordKey_9_19,
1778007860129,GET,94,2,chordKey_9_19,clients=50
1778007860130,PUT,0,0,chordKey_9_20,clients=50
1778007860129,GET,80,2,chordKey_49_16,clients=50
1778007860130,PUT_HOP,0,2,chordKey_49_16,
1778007860131,PUT,0,0,chordKey_49_17,clients=50
1778007860132,PUT_HOP,0,2,chordKey_30_85,
1778007860134,PUT_HOP,0,2,chordKey_35_51,
1778007860135,GET,76,2,chordKey_30_85,clients=50
1778007860136,PUT,0,0,chordKey_30_86,clients=50
1778007860137,PUT_HOP,0,2,chordKey_44_85,
1778007860138,PUT_HOP,0,2,chordKey_16_65,
1778007860138,PUT_HOP,0,2,chordKey_22_93,
1778007860137,GET,77,2,chordKey_11_53,clients=50
1778007860137,PUT_HOP,0,2,chordKey_11_53,
1778007860137,GET,69,2,chordKey_44_85,clients=50
1778007860139,PUT,0,0,chordKey_11_54,clients=50
1778007860139,PUT_HOP,0,2,chordKey_27_74,
1778007860139,PUT_HOP,0,2,chordKey_29_56,
1778007860136,GET,76,2,chordKey_35_51,clients=50
1778007860140,PUT,0,0,chordKey_35_52,clients=50
1778007860139,GET,76,2,chordKey_22_93,clients=50
1778007860139,PUT,0,0,chordKey_44_86,clients=50
1778007860141,GET,72,2,chordKey_16_65,clients=50
1778007860141,PUT,0,0,chordKey_22_94,clients=50
1778007860140,GET,72,2,chordKey_27_74,clients=50
1778007860143,PUT,0,0,chordKey_27_75,clients=50
1778007860142,PUT,0,0,chordKey_16_66,clients=50
1778007860147,GET,37,2,chordKey_7_46,clients=50
1778007860148,PUT,0,0,chordKey_7_47,clients=50
1778007860148,GET,59,2,chordKey_0_52,clients=50
1778007860150,PUT,0,0,chordKey_0_53,clients=50
1778007860152,GET,81,2,chordKey_29_56,clients=50
1778007860153,PUT,0,0,chordKey_29_57,clients=50
1778007860156,PUT_HOP,0,2,chordKey_7_46,
1778007860164,PUT_HOP,0,2,chordKey_38_84,
1778007860175,PUT_HOP,0,2,chordKey_0_52,
1778007860172,PUT_HOP,0,2,chordKey_36_22,
1778007860169,GET,94,2,chordKey_38_84,clients=50
1778007860166,PUT_HOP,0,2,chordKey_28_52,
1778007860177,PUT,0,0,chordKey_38_85,clients=50
1778007860177,PUT_HOP,0,2,chordKey_40_18,
1778007860166,PUT_HOP,0,2,chordKey_21_82,
1778007860166,GET,63,2,chordKey_28_52,clients=50
1778007860177,PUT_HOP,0,2,chordKey_8_60,
1778007860165,GET,92,2,chordKey_46_63,clients=50
1778007860178,PUT,0,0,chordKey_46_64,clients=50
1778007860181,PUT_HOP,0,2,chordKey_46_63,
1778007860193,PUT_HOP,0,2,chordKey_2_62,
1778007860164,GET,91,2,chordKey_36_22,clients=50
1778007860200,GET,90,2,chordKey_8_60,clients=50
1778007860201,PUT_HOP,0,2,chordKey_39_55,
1778007860202,PUT,0,0,chordKey_8_61,clients=50
1778007860183,GET,71,2,chordKey_21_82,clients=50
1778007860181,GET,65,2,chordKey_39_55,clients=50
1778007860212,PUT_HOP,0,2,chordKey_9_20,
1778007860214,PUT,0,0,chordKey_39_56,clients=50
1778007860178,PUT,0,0,chordKey_28_53,clients=50
1778007860229,PUT_HOP,0,2,chordKey_11_54,
1778007860176,GET,65,2,chordKey_40_18,clients=50
1778007860210,PUT,0,0,chordKey_21_83,clients=50
1778007860201,PUT,0,0,chordKey_36_23,clients=50
1778007860233,PUT,1,0,chordKey_40_19,clients=50
1778007860233,GET,110,2,chordKey_24_67,clients=50
1778007860235,PUT,0,0,chordKey_24_68,clients=50
1778007860235,PUT_HOP,0,2,chordKey_49_17,
1778007860235,GET,104,2,chordKey_9_20,clients=50
1778007860236,PUT,0,0,chordKey_9_21,clients=50
1778007860236,GET,113,2,chordKey_2_62,clients=50
1778007860237,PUT_HOP,0,2,chordKey_24_67,
1778007860237,PUT,0,0,chordKey_2_63,clients=50
1778007860239,GET,100,2,chordKey_30_86,clients=50
1778007860240,PUT,0,0,chordKey_30_87,clients=50
1778007860241,PUT_HOP,0,2,chordKey_44_86,
1778007860242,PUT_HOP,0,2,chordKey_30_86,
1778007860244,PUT_HOP,0,2,chordKey_35_52,
1778007860244,GET,113,2,chordKey_49_17,clients=50
1778007860245,GET,101,2,chordKey_27_75,clients=50
1778007860245,PUT,0,0,chordKey_27_76,clients=50
1778007860245,PUT,0,0,chordKey_49_18,clients=50
1778007860247,GET,105,2,chordKey_44_86,clients=50
1778007860248,PUT,0,0,chordKey_44_87,clients=50
1778007860247,GET,107,2,chordKey_11_54,clients=50
1778007860250,PUT,0,0,chordKey_11_55,clients=50
1778007860249,GET,105,2,chordKey_16_66,clients=50
1778007860251,PUT,0,0,chordKey_16_67,clients=50
1778007860261,PUT_HOP,0,2,chordKey_29_57,
1778007860261,PUT_HOP,0,2,chordKey_27_75,
1778007860270,PUT_HOP,0,2,chordKey_22_94,
1778007860272,GET,131,2,chordKey_35_52,clients=50
1778007860261,PUT_HOP,0,2,chordKey_16_66,
1778007860272,PUT_HOP,0,2,chordKey_46_64,
1778007860274,PUT,0,0,chordKey_35_53,clients=50
1778007860280,PUT_HOP,0,2,chordKey_0_53,
1778007860280,GET,104,2,chordKey_29_57,clients=50
1778007860281,PUT,0,0,chordKey_29_58,clients=50
1778007860282,GET,140,2,chordKey_22_94,clients=50
1778007860283,PUT,0,0,chordKey_22_95,clients=50
1778007860283,GET,105,2,chordKey_38_85,clients=50
1778007860284,PUT,0,0,chordKey_38_86,clients=50
1778007860285,GET,136,2,chordKey_7_47,clients=50
1778007860287,PUT,0,0,chordKey_7_48,clients=50
1778007860287,PUT_HOP,0,2,chordKey_7_47,
1778007860289,PUT_HOP,0,2,chordKey_38_85,
1778007860289,PUT_HOP,0,2,chordKey_36_23,
1778007860293,GET,99,2,chordKey_46_64,clients=50
1778007860294,PUT,0,0,chordKey_46_65,clients=50
1778007860298,PUT_HOP,0,2,chordKey_28_53,
1778007860298,PUT_HOP,0,2,chordKey_8_61,
1778007860299,GET,148,2,chordKey_0_53,clients=50
1778007860299,GET,96,2,chordKey_8_61,clients=50
1778007860300,PUT,0,0,chordKey_0_54,clients=50
1778007860300,PUT_HOP,0,2,chordKey_21_83,
1778007860300,PUT,0,0,chordKey_8_62,clients=50
1778007860302,PUT_HOP,0,2,chordKey_39_56,
1778007860318,GET,94,2,chordKey_39_56,clients=50
1778007860321,GET,87,2,chordKey_40_19,clients=50
1778007860322,PUT_HOP,0,2,chordKey_24_68,
1778007860322,PUT,0,0,chordKey_39_57,clients=50
1778007860323,GET,92,2,chordKey_28_53,clients=50
1778007860324,PUT,0,0,chordKey_28_54,clients=50
1778007860324,PUT_HOP,0,2,chordKey_40_19,
1778007860322,PUT,0,0,chordKey_40_20,clients=50
1778007860324,GET,91,2,chordKey_36_23,clients=50
1778007860325,PUT,0,0,chordKey_36_24,clients=50
1778007860327,GET,93,2,chordKey_21_83,clients=50
1778007860327,PUT,0,0,chordKey_21_84,clients=50
1778007860328,PUT_HOP,0,2,chordKey_2_63,
1778007860328,GET,92,2,chordKey_24_68,clients=50
1778007860335,PUT,0,0,chordKey_24_69,clients=50
1778007860336,PUT_HOP,0,2,chordKey_30_87,
1778007860337,GET,99,2,chordKey_2_63,clients=50
1778007860337,PUT_HOP,0,2,chordKey_27_76,
1778007860337,PUT,0,0,chordKey_2_64,clients=50
1778007860338,PUT_HOP,0,2,chordKey_49_18,
1778007860339,PUT_HOP,0,2,chordKey_9_21,
1778007860340,GET,99,2,chordKey_30_87,clients=50
1778007860340,PUT,0,0,chordKey_30_88,clients=50
1778007860341,PUT_HOP,0,2,chordKey_44_87,
1778007860342,GET,105,2,chordKey_9_21,clients=50
1778007860343,PUT,0,0,chordKey_9_22,clients=50
1778007860342,GET,95,2,chordKey_49_18,clients=50
1778007860344,GET,97,2,chordKey_27_76,clients=50
1778007860344,PUT,0,0,chordKey_49_19,clients=50
1778007860345,PUT,0,0,chordKey_27_77,clients=50
1778007860347,GET,98,2,chordKey_44_87,clients=50
1778007860348,PUT,0,0,chordKey_44_88,clients=50
1778007860349,PUT_HOP,0,2,chordKey_11_55,
1778007860350,GET,99,2,chordKey_11_55,clients=50
1778007860351,PUT,0,0,chordKey_11_56,clients=50
1778007860358,GET,74,2,chordKey_22_95,clients=50
1778007860359,GET,84,2,chordKey_35_53,clients=50
1778007860360,PUT,0,0,chordKey_35_54,clients=50
1778007860361,PUT_HOP,0,2,chordKey_22_95,
1778007860359,GET,107,2,chordKey_16_67,clients=50
1778007860360,PUT,0,0,chordKey_22_96,clients=50
1778007860361,PUT_HOP,0,2,chordKey_7_48,
1778007860362,PUT,0,0,chordKey_16_68,clients=50
1778007860365,PUT_HOP,0,2,chordKey_29_58,
1778007860366,PUT_HOP,0,2,chordKey_35_53,
1778007860370,GET,88,2,chordKey_29_58,clients=50
1778007860371,PUT,0,0,chordKey_29_59,clients=50
1778007860373,PUT_HOP,0,2,chordKey_38_86,
1778007860374,PUT_HOP,0,2,chordKey_16_67,
1778007860379,GET,94,2,chordKey_38_86,clients=50
1778007860380,PUT_HOP,0,2,chordKey_46_65,
1778007860382,PUT_HOP,0,2,chordKey_0_54,
1778007860381,PUT_HOP,0,2,chordKey_8_62,
1778007860383,GET,82,2,chordKey_8_62,clients=50
1778007860382,PUT_HOP,0,2,chordKey_40_20,
1778007860383,PUT,0,0,chordKey_8_63,clients=50
1778007860383,PUT_HOP,0,2,chordKey_30_88,
1778007860384,PUT_HOP,0,2,chordKey_24_69,
1778007860380,GET,92,2,chordKey_7_48,clients=50
1778007860380,GET,85,2,chordKey_46_65,clients=50
1778007860385,PUT,0,0,chordKey_46_66,clients=50
1778007860385,PUT,0,0,chordKey_7_49,clients=50
1778007860384,GET,60,2,chordKey_39_57,clients=50
1778007860387,PUT_HOP,0,2,chordKey_36_24,
1778007860387,PUT,0,0,chordKey_39_58,clients=50
1778007860383,GET,57,2,chordKey_36_24,clients=50
1778007860390,PUT,0,0,chordKey_36_25,clients=50
1778007860383,PUT,0,0,chordKey_38_87,clients=50
1778007860392,GET,68,2,chordKey_28_54,clients=50
1778007860393,PUT,0,0,chordKey_28_55,clients=50
1778007860395,GET,95,2,chordKey_0_54,clients=50
1778007860396,PUT,0,0,chordKey_0_55,clients=50
1778007860399,GET,55,2,chordKey_9_22,clients=50
1778007860399,PUT_HOP,0,2,chordKey_9_22,
1778007860400,PUT_HOP,0,2,chordKey_28_54,
1778007860400,PUT,0,0,chordKey_9_23,clients=50
1778007860400,GET,38,2,chordKey_22_96,clients=50
1778007860401,PUT,0,0,chordKey_22_97,clients=50
1778007860404,PUT_HOP,0,2,chordKey_21_84,
1778007860406,PUT_HOP,0,2,chordKey_22_96,
1778007860407,GET,79,2,chordKey_21_84,clients=50
1778007860408,PUT,0,0,chordKey_21_85,clients=50
1778007860417,GET,92,2,chordKey_40_20,clients=50
1778007860418,GET,79,2,chordKey_2_64,clients=50
1778007860419,PUT_HOP,0,2,chordKey_39_57,
1778007860419,PUT,0,0,chordKey_2_65,clients=50
1778007860420,PUT_HOP,0,2,chordKey_2_64,
1778007860418,PUT,0,0,chordKey_40_21,clients=50
1778007860420,GET,84,2,chordKey_24_69,clients=50
1778007860423,PUT,0,0,chordKey_24_70,clients=50
1778007860423,PUT_HOP,0,2,chordKey_49_19,
1778007860423,PUT_HOP,0,2,chordKey_27_77,
1778007860423,PUT_HOP,0,2,chordKey_44_88,
1778007860425,GET,84,2,chordKey_30_88,clients=50
1778007860425,PUT,0,0,chordKey_30_89,clients=50
1778007860428,PUT_HOP,0,2,chordKey_11_56,
1778007860428,GET,81,2,chordKey_27_77,clients=50
1778007860429,PUT,0,0,chordKey_27_78,clients=50
1778007860430,GET,84,2,chordKey_49_19,clients=50
1778007860429,GET,80,2,chordKey_44_88,clients=50
1778007860430,PUT_HOP,0,2,chordKey_7_49,
1778007860430,PUT,0,0,chordKey_49_20,clients=50
1778007860431,PUT_HOP,0,2,chordKey_35_54,
1778007860431,PUT_HOP,0,2,chordKey_16_68,
1778007860431,GET,80,2,chordKey_11_56,clients=50
1778007860432,GET,69,2,chordKey_16_68,clients=50
1778007860432,PUT_HOP,0,2,chordKey_29_59,
1778007860431,PUT,0,0,chordKey_44_89,clients=50
1778007860433,PUT,0,0,chordKey_16_69,clients=50
1778007860432,GET,61,2,chordKey_29_59,clients=50
1778007860434,PUT_HOP,0,2,chordKey_8_63,
1778007860434,GET,72,2,chordKey_35_54,clients=50
1778007860432,PUT,0,0,chordKey_11_57,clients=50
1778007860435,PUT,0,0,chordKey_35_55,clients=50
1778007860434,PUT,0,0,chordKey_29_60,clients=50
1778007860436,PUT_HOP,0,2,chordKey_28_55,
1778007860438,GET,49,2,chordKey_39_58,clients=50
1778007860438,PUT_HOP,0,2,chordKey_46_66,
1778007860438,PUT,0,0,chordKey_39_59,clients=50
1778007860438,PUT_HOP,0,2,chordKey_38_87,
1778007860440,GET,53,2,chordKey_7_49,clients=50
1778007860440,PUT_HOP,0,2,chordKey_39_58,
1778007860438,GET,53,2,chordKey_8_63,clients=50
1778007860441,PUT_HOP,0,2,chordKey_36_25,
1778007860441,GET,55,2,chordKey_46_66,clients=50
1778007860440,PUT,0,0,chordKey_7_50,clients=50
1778007860439,GET,45,2,chordKey_28_55,clients=50
1778007860442,PUT,0,0,chordKey_28_56,clients=50
1778007860443,PUT_HOP,0,2,chordKey_30_89,
1778007860442,GET,50,2,chordKey_38_87,clients=50
1778007860444,PUT,0,0,chordKey_38_88,clients=50
1778007860442,PUT,0,0,chordKey_46_67,clients=50
1778007860441,PUT,0,0,chordKey_8_64,clients=50
1778007860444,GET,17,2,chordKey_30_89,clients=50
1778007860446,PUT,0,0,chordKey_30_90,clients=50
1778007860442,GET,51,2,chordKey_36_25,clients=50
1778007860447,PUT,0,0,chordKey_36_26,clients=50
1778007860456,PUT_HOP,0,2,chordKey_2_65,
1778007860457,GET,36,2,chordKey_2_65,clients=50
1778007860458,PUT,0,0,chordKey_2_66,clients=50
1778007860459,GET,37,2,chordKey_40_21,clients=50
1778007860460,PUT_HOP,0,2,chordKey_22_97,
1778007860460,PUT,0,0,chordKey_40_22,clients=50
1778007860467,PUT_HOP,0,2,chordKey_44_89,
1778007860469,PUT_HOP,0,2,chordKey_40_21,
1778007860470,PUT_HOP,0,2,chordKey_9_23,
1778007860472,PUT_HOP,0,2,chordKey_0_55,
1778007860472,GET,72,2,chordKey_9_23,clients=50
1778007860472,PUT_HOP,0,2,chordKey_21_85,
1778007860472,GET,71,2,chordKey_22_97,clients=50
1778007860473,PUT_HOP,0,2,chordKey_11_57,
1778007860474,PUT,0,0,chordKey_22_98,clients=50
1778007860473,GET,64,2,chordKey_21_85,clients=50
1778007860474,PUT,0,0,chordKey_21_86,clients=50
1778007860475,PUT_HOP,0,2,chordKey_27_78,
1778007860475,GET,78,2,chordKey_0_55,clients=50
1778007860473,PUT,0,0,chordKey_9_24,clients=50
1778007860476,PUT,0,0,chordKey_0_56,clients=50
1778007860474,GET,44,2,chordKey_27_78,clients=50
1778007860478,PUT,0,0,chordKey_27_79,clients=50
1778007860488,GET,55,2,chordKey_44_89,clients=50
1778007860489,PUT_HOP,0,2,chordKey_16_69,
1778007860489,GET,53,2,chordKey_35_55,clients=50
1778007860490,PUT,0,0,chordKey_35_56,clients=50
1778007860488,GET,53,2,chordKey_11_57,clients=50
1778007860492,PUT,0,0,chordKey_11_58,clients=50
1778007860492,PUT_HOP,0,2,chordKey_39_59,
1778007860493,PUT_HOP,0,2,chordKey_7_50,
1778007860488,GET,55,2,chordKey_16_69,clients=50
1778007860493,PUT_HOP,0,2,chordKey_35_55,
1778007860493,PUT,0,0,chordKey_16_70,clients=50
1778007860489,PUT,0,0,chordKey_44_90,clients=50
1778007860495,PUT_HOP,0,2,chordKey_40_22,
1778007860495,PUT_HOP,0,2,chordKey_22_98,
1778007860496,PUT_HOP,0,2,chordKey_46_67,
1778007860496,GET,22,2,chordKey_22_98,clients=50
1778007860496,PUT_HOP,0,2,chordKey_8_64,
1778007860497,PUT,0,0,chordKey_22_99,clients=50
1778007860497,GET,55,2,chordKey_7_50,clients=50
1778007860500,PUT_HOP,0,2,chordKey_38_88,
1778007860500,PUT_HOP,0,2,chordKey_21_86,
1778007860506,GET,57,2,chordKey_36_26,clients=50
1778007860507,PUT,0,0,chordKey_7_51,clients=50
1778007860503,GET,57,2,chordKey_8_64,clients=50
1778007860505,PUT_HOP,0,2,chordKey_36_26,
1778007860508,PUT,0,0,chordKey_8_65,clients=50
1778007860502,GET,57,2,chordKey_46_67,clients=50
1778007860509,PUT,0,0,chordKey_46_68,clients=50
1778007860501,GET,40,2,chordKey_40_22,clients=50
1778007860511,PUT,0,0,chordKey_40_23,clients=50
1778007860499,GET,24,2,chordKey_21_86,clients=50
1778007860498,GET,58,2,chordKey_39_59,clients=50
1778007860513,PUT_HOP,0,2,chordKey_2_66,
1778007860514,PUT,0,0,chordKey_39_60,clients=50
1778007860498,GET,53,2,chordKey_38_88,clients=50
1778007860513,PUT,0,0,chordKey_21_87,clients=50
1778007860508,PUT,0,0,chordKey_36_27,clients=50
1778007860516,GET,85,2,chordKey_49_20,clients=50
1778007860516,PUT,0,0,chordKey_38_89,clients=50
1778007860517,PUT,0,0,chordKey_49_21,clients=50
1778007860520,PUT_HOP,0,2,chordKey_22_99,
1778007860521,GET,63,2,chordKey_2_66,clients=50
1778007860523,GET,99,2,chordKey_24_70,clients=50
1778007860524,PUT,0,0,chordKey_24_71,clients=50
1778007860523,PUT,0,0,chordKey_2_67,clients=50
1778007860525,GET,27,2,chordKey_22_99,clients=50
1778007860526,GET,89,2,chordKey_29_60,clients=50
1778007860527,PUT_HOP,0,2,chordKey_29_60,
1778007860527,PUT,0,0,chordKey_29_61,clients=50
1778007860527,PUT_HOP,0,2,chordKey_28_56,
1778007860529,PUT_HOP,0,2,chordKey_21_87,
1778007860530,PUT_HOP,0,2,chordKey_30_90,
1778007860531,PUT_HOP,0,2,chordKey_49_20,
1778007860532,GET,16,2,chordKey_21_87,clients=50
1778007860533,PUT,0,0,chordKey_21_88,clients=50
1778007860538,GET,91,2,chordKey_30_90,clients=50
1778007860538,PUT_HOP,0,2,chordKey_24_70,
1778007860538,PUT_HOP,0,2,chordKey_27_79,
1778007860539,PUT,0,0,chordKey_30_91,clients=50
1778007860544,GET,53,2,chordKey_35_56,clients=50
1778007860540,PUT_HOP,0,2,chordKey_35_56,
1778007860542,GET,98,2,chordKey_28_56,clients=50
1778007860546,PUT_HOP,0,2,chordKey_40_23,
1778007860547,PUT,0,0,chordKey_28_57,clients=50
1778007860546,PUT,0,0,chordKey_35_57,clients=50
1778007860546,GET,53,2,chordKey_11_58,clients=50
1778007860548,PUT_HOP,0,2,chordKey_9_24,
1778007860548,PUT,0,0,chordKey_11_59,clients=50
1778007860546,GET,67,2,chordKey_27_79,clients=50
1778007860549,PUT,0,0,chordKey_27_80,clients=50
1778007860557,PUT_HOP,0,2,chordKey_11_58,
1778007860561,PUT_HOP,0,2,chordKey_7_51,
1778007860561,GET,83,2,chordKey_0_56,clients=50
1778007860565,PUT_HOP,0,2,chordKey_0_56,
1778007860567,PUT_HOP,0,2,chordKey_21_88,
1778007860568,PUT,0,0,chordKey_0_57,clients=50
1778007860567,PUT,1057,0,chordKey_10_57,clients=50
1778007860566,PUT,1063,0,chordKey_37_47,clients=50
1778007860570,PUT_HOP,0,2,chordKey_8_65,
1778007860566,PUT,1061,0,chordKey_15_99,clients=50
1778007860571,GET,0,0,chordKey_15_99,clients=50
1778007860564,GET,51,2,chordKey_40_23,clients=50
1778007860570,GET,36,2,chordKey_21_88,clients=50
1778007860572,PUT,0,0,chordKey_40_24,clients=50
1778007860573,PUT,0,0,chordKey_21_89,clients=50
1778007860572,GET,61,2,chordKey_46_68,clients=50
1778007860574,PUT,0,0,chordKey_46_69,clients=50
1778007860575,GET,98,2,chordKey_9_24,clients=50
1778007860576,PUT_HOP,0,2,chordKey_36_27,
1778007860576,GET,67,2,chordKey_8_65,clients=50
1778007860577,PUT,0,0,chordKey_9_25,clients=50
1778007860577,PUT,0,0,chordKey_8_66,clients=50
1778007860577,GET,69,2,chordKey_7_51,clients=50
1778007860578,PUT_HOP,0,2,chordKey_46_68,
1778007860578,PUT,0,0,chordKey_7_52,clients=50
1778007860578,PUT_HOP,0,2,chordKey_16_70,
1778007860582,PUT_HOP,0,2,chordKey_44_90,
1778007860583,GET,88,2,chordKey_16_70,clients=50
1778007860583,GET,88,2,chordKey_44_90,clients=50
1778007860587,PUT_HOP,0,2,chordKey_38_89,
1778007860583,PUT,0,0,chordKey_16_71,clients=50
1778007860590,PUT,0,0,chordKey_44_91,clients=50
1778007860597,PUT_HOP,0,2,chordKey_11_59,
1778007860598,GET,81,2,chordKey_36_27,clients=50
1778007860598,GET,80,2,chordKey_38_89,clients=50
1778007860598,GET,48,2,chordKey_11_59,clients=50
1778007860599,PUT_HOP,0,2,chordKey_39_60,
1778007860599,PUT,0,0,chordKey_38_90,clients=50
1778007860599,PUT,0,0,chordKey_36_28,clients=50
1778007860600,PUT,0,0,chordKey_11_60,clients=50
1778007860609,PUT_HOP,0,2,chordKey_15_93,
1778007860609,PUT_HOP,0,2,chordKey_49_21,
1778007860609,GET,94,2,chordKey_39_60,clients=50
1778007860610,PUT,0,0,chordKey_39_61,clients=50
1778007860618,PUT_HOP,0,2,chordKey_15_90,
1778007860618,PUT_HOP,0,2,chordKey_15_74,
1778007860619,PUT_HOP,0,2,chordKey_2_67,
1778007860626,PUT_HOP,0,2,chordKey_15_76,
1778007860626,GET,101,2,chordKey_2_67,clients=50
1778007860627,PUT,0,0,chordKey_2_68,clients=50
1778007860627,PUT_HOP,0,2,chordKey_15_77,
1778007860627,PUT_HOP,0,2,chordKey_43_29,
1778007860628,PUT_HOP,0,2,chordKey_15_71,
1778007860629,GET,2214,2,chordKey_33_77,clients=50
1778007860628,PUT_HOP,0,2,chordKey_45_50,
1778007860629,PUT_HOP,0,2,chordKey_15_78,
1778007860630,PUT,0,0,chordKey_33_78,clients=50
1778007860630,PUT_HOP,0,2,chordKey_15_72,
1778007860630,GET,1175,2,chordKey_43_29,clients=50
1778007860630,PUT_HOP,0,2,chordKey_15_75,
1778007860631,PUT_HOP,0,2,chordKey_37_38,
1778007860631,PUT,0,0,chordKey_43_30,clients=50
1778007860631,PUT_HOP,0,2,chordKey_15_73,
1778007860637,PUT_HOP,0,2,chordKey_24_71,
1778007860639,GET,121,2,chordKey_49_21,clients=50
1778007860640,PUT,0,0,chordKey_49_22,clients=50
1778007860643,PUT_HOP,0,2,chordKey_29_61,
1778007860644,GET,116,2,chordKey_29_61,clients=50
1778007860646,PUT_HOP,0,2,chordKey_15_81,
1778007860646,PUT,1036,0,chordKey_14_74,clients=50
1778007860647,PUT_HOP,0,2,chordKey_37_40,
1778007860645,GET,1207,2,chordKey_20_71,clients=50
1778007860646,PUT_HOP,0,2,chordKey_20_71,
1778007860645,GET,100,2,chordKey_30_91,clients=50
1778007860646,PUT_HOP,0,2,chordKey_15_85,
1778007860644,GET,120,2,chordKey_24_71,clients=50
1778007860645,PUT_HOP,0,2,chordKey_38_79,
1778007860644,PUT_HOP,0,2,chordKey_30_91,
1778007860648,PUT_HOP,0,2,chordKey_15_82,
1778007860647,PUT_HOP,0,2,chordKey_15_80,
1778007860647,PUT_HOP,0,2,chordKey_15_83,
1778007860673,PUT_HOP,0,2,chordKey_37_47,
1778007860674,PUT_HOP,0,2,chordKey_28_57,
1778007860676,PUT_HOP,0,2,chordKey_35_57,
1778007860678,GET,131,2,chordKey_28_57,clients=50
1778007860679,PUT,0,0,chordKey_28_58,clients=50
1778007860685,GET,1179,2,chordKey_13_42,clients=50
1778007860685,PUT,0,0,chordKey_13_43,clients=50
1778007860686,GET,138,2,chordKey_35_57,clients=50
1778007860686,PUT,0,0,chordKey_35_58,clients=50
1778007860686,PUT_HOP,0,2,chordKey_10_57,
1778007860689,GET,1158,2,chordKey_6_71,clients=50
1778007860692,PUT,0,0,chordKey_6_72,clients=50
1778007860702,PUT_HOP,0,2,chordKey_40_24,
1778007860703,GET,133,2,chordKey_10_57,clients=50
1778007860704,PUT,0,0,chordKey_10_58,clients=50
1778007860704,PUT_HOP,0,2,chordKey_15_99,
1778007860704,GET,154,2,chordKey_27_80,clients=50
1778007860705,PUT,0,0,chordKey_27_81,clients=50
1778007860710,GET,140,2,chordKey_37_47,clients=50
1778007860710,PUT_HOP,0,2,chordKey_27_80,
1778007860711,PUT,0,0,chordKey_37_48,clients=50
1778007860711,PUT_HOP,0,2,chordKey_32_56,
1778007860714,GET,141,2,chordKey_40_24,clients=50
1778007860715,PUT,0,0,chordKey_40_25,clients=50
1778007860716,PUT,1033,0,chordKey_42_85,clients=50
1778007860716,PUT_HOP,0,2,chordKey_46_69,
1778007860717,GET,1223,2,chordKey_47_72,clients=50
1778007860717,PUT_HOP,0,2,chordKey_0_57,
1778007860718,PUT,0,0,chordKey_47_73,clients=50
1778007860716,PUT,1040,0,chordKey_34_57,clients=50
1778007860720,GET,1202,2,chordKey_25_44,clients=50
1778007860721,GET,152,2,chordKey_0_57,clients=50
1778007860723,PUT,1,0,chordKey_25_45,clients=50
1778007860723,PUT,0,0,chordKey_0_58,clients=50
1778007860726,PUT,1051,0,chordKey_32_57,clients=50
1778007860728,PUT_HOP,0,2,chordKey_9_25,
1778007860736,PUT_HOP,0,2,chordKey_15_97,
1778007860737,PUT_HOP,0,2,chordKey_7_52,
1778007860738,GET,164,2,chordKey_21_89,clients=50
1778007860739,PUT,0,0,chordKey_21_90,clients=50
1778007860739,PUT_HOP,0,2,chordKey_8_66,
1778007860745,PUT_HOP,0,2,chordKey_16_71,
1778007860750,GET,172,2,chordKey_9_25,clients=50
1778007860759,GET,183,2,chordKey_46_69,clients=50
1778007860760,PUT_HOP,0,2,chordKey_15_98,
1778007860761,PUT,0,0,chordKey_46_70,clients=50
1778007860761,GET,183,2,chordKey_8_66,clients=50
1778007860762,PUT,0,0,chordKey_8_67,clients=50
1778007860762,PUT_HOP,0,2,chordKey_2_68,
1778007860763,GET,184,2,chordKey_7_52,clients=50
1778007860763,PUT,0,0,chordKey_7_53,clients=50
1778007860765,PUT_HOP,0,2,chordKey_36_28,
1778007860766,GET,165,2,chordKey_36_28,clients=50
1778007860767,PUT,0,0,chordKey_36_29,clients=50
1778007860767,GET,139,2,chordKey_2_68,clients=50
1778007860768,PUT_HOP,0,2,chordKey_1_71,
1778007860768,GET,1159,2,chordKey_19_54,clients=50
1778007860769,GET,1176,2,chordKey_3_50,clients=50
1778007860775,PUT_HOP,0,2,chordKey_26_69,
1778007860775,GET,1166,2,chordKey_31_72,clients=50
1778007860782,PUT_HOP,0,2,chordKey_33_78,
1778007860796,PUT_HOP,0,2,chordKey_10_58,
1778007860798,PUT_HOP,0,2,chordKey_35_58,
1778007860798,PUT_HOP,0,2,chordKey_43_30,
1778007860799,GET,166,2,chordKey_43_30,clients=50
1778007860799,PUT,0,0,chordKey_43_31,clients=50
1778007860799,GET,87,2,chordKey_37_48,clients=50
1778007860801,PUT,0,0,chordKey_37_49,clients=50
1778007860801,PUT_HOP,0,2,chordKey_37_48,
1778007860807,PUT_HOP,0,2,chordKey_44_91,
1778007860810,PUT_HOP,0,2,chordKey_40_25,
1778007860812,GET,181,2,chordKey_33_78,clients=50
1778007860813,GET,222,2,chordKey_16_71,clients=50
1778007860813,PUT,0,0,chordKey_16_72,clients=50
1778007860813,PUT,0,0,chordKey_33_79,clients=50
1778007860813,GET,108,2,chordKey_10_58,clients=50
1778007860816,PUT,0,0,chordKey_10_59,clients=50
1778007860817,PUT_HOP,0,2,chordKey_38_90,
1778007860818,PUT_HOP,0,2,chordKey_11_60,
1778007860819,PUT_HOP,0,2,chordKey_49_22,
1778007860819,GET,218,2,chordKey_11_60,clients=50
1778007860820,PUT,0,0,chordKey_11_61,clients=50
1778007860820,GET,228,2,chordKey_44_91,clients=50
1778007860819,GET,219,2,chordKey_38_90,clients=50
1778007860821,PUT,0,0,chordKey_44_92,clients=50
1778007860822,PUT,0,0,chordKey_38_91,clients=50
1778007860822,GET,106,2,chordKey_40_25,clients=50
1778007860824,PUT,0,0,chordKey_40_26,clients=50
1778007860831,PUT_HOP,0,2,chordKey_39_61,
1778007860831,GET,112,2,chordKey_34_57,clients=50
1778007860831,GET,220,2,chordKey_39_61,clients=50
1778007860832,PUT,0,0,chordKey_39_62,clients=50
1778007860832,PUT,0,0,chordKey_34_58,clients=50
1778007860835,PUT_HOP,0,2,chordKey_36_29,
1778007860835,GET,194,2,chordKey_49_22,clients=50
1778007860835,PUT_HOP,0,2,chordKey_13_43,
1778007860835,PUT_HOP,0,2,chordKey_14_74,
1778007860836,PUT,0,0,chordKey_49_23,clients=50
1778007860836,PUT_HOP,0,2,chordKey_28_58,
1778007860836,GET,156,2,chordKey_28_58,clients=50
1778007860838,PUT,0,0,chordKey_28_59,clients=50
1778007860835,GET,149,2,chordKey_13_43,clients=50
1778007860840,PUT,0,0,chordKey_13_44,clients=50
1778007860835,GET,148,2,chordKey_35_58,clients=50
1778007860839,GET,121,2,chordKey_42_85,clients=50
1778007860841,PUT,0,0,chordKey_42_86,clients=50
1778007860837,GET,143,2,chordKey_6_72,clients=50
1778007860842,PUT,0,0,chordKey_6_73,clients=50
1778007860836,GET,1229,2,chordKey_48_53,clients=50
1778007860844,PUT_HOP,0,2,chordKey_27_81,
1778007860844,PUT,0,0,chordKey_48_54,clients=50
1778007860844,GET,126,2,chordKey_47_73,clients=50
1778007860845,PUT,0,0,chordKey_47_74,clients=50
1778007860841,PUT,0,0,chordKey_35_59,clients=50
1778007860848,PUT_HOP,0,2,chordKey_21_90,
1778007860849,PUT_HOP,0,2,chordKey_32_57,
1778007860850,PUT_HOP,0,2,chordKey_25_45,
1778007860850,GET,123,2,chordKey_32_57,clients=50
1778007860851,GET,111,2,chordKey_21_90,clients=50
1778007860852,PUT_HOP,0,2,chordKey_0_58,
1778007860853,PUT,0,0,chordKey_21_91,clients=50
1778007860852,GET,146,2,chordKey_27_81,clients=50
1778007860851,GET,127,2,chordKey_25_45,clients=50
1778007860855,PUT,0,0,chordKey_27_82,clients=50
1778007860852,PUT,0,0,chordKey_32_58,clients=50
1778007860856,PUT,0,0,chordKey_25_46,clients=50
1778007860875,PUT_HOP,0,2,chordKey_40_26,
1778007860878,PUT_HOP,0,2,chordKey_7_53,
1778007860878,PUT_HOP,0,2,chordKey_8_67,
1778007860880,GET,117,2,chordKey_8_67,clients=50
1778007860881,GET,157,2,chordKey_0_58,clients=50
1778007860882,GET,57,2,chordKey_40_26,clients=50
1778007860882,PUT,0,0,chordKey_40_27,clients=50
1778007860883,PUT_HOP,0,2,chordKey_46_70,
1778007860881,PUT,0,0,chordKey_8_68,clients=50
1778007860883,GET,82,2,chordKey_37_49,clients=50
1778007860884,PUT_HOP,0,2,chordKey_37_49,
1778007860884,PUT,0,0,chordKey_37_50,clients=50
1778007860882,PUT,0,0,chordKey_0_59,clients=50
1778007860887,GET,1213,2,chordKey_5_49,clients=50
1778007860888,PUT,0,0,chordKey_5_50,clients=50
1778007860887,GET,126,2,chordKey_46_70,clients=50
1778007860889,PUT,0,0,chordKey_46_71,clients=50
1778007860890,GET,74,2,chordKey_10_59,clients=50
1778007860892,PUT,1,0,chordKey_10_60,clients=50
1778007860893,GET,129,2,chordKey_7_53,clients=50
1778007860894,PUT,0,0,chordKey_7_54,clients=50
1778007860894,PUT_HOP,0,2,chordKey_33_79,
1778007860895,PUT_HOP,0,2,chordKey_10_59,
1778007860897,PUT_HOP,0,2,chordKey_43_31,
1778007860898,PUT_HOP,0,2,chordKey_34_58,
1778007860900,GET,85,2,chordKey_33_79,clients=50
1778007860901,PUT,0,0,chordKey_33_80,clients=50
1778007860902,GET,102,2,chordKey_43_31,clients=50
1778007860904,PUT,0,0,chordKey_43_32,clients=50
1778007860911,GET,77,2,chordKey_34_58,clients=50
1778007860912,PUT,0,0,chordKey_34_59,clients=50
1778007860919,PUT_HOP,0,2,chordKey_38_91,
1778007860919,GET,77,2,chordKey_42_86,clients=50
1778007860919,PUT_HOP,0,2,chordKey_42_86,
1778007860920,PUT_HOP,0,2,chordKey_16_72,
1778007860920,PUT,0,0,chordKey_42_87,clients=50
1778007860920,GET,105,2,chordKey_16_72,clients=50
1778007860919,GET,97,2,chordKey_44_92,clients=50
1778007860922,PUT,0,0,chordKey_16_73,clients=50
1778007860922,PUT_HOP,0,2,chordKey_39_62,
1778007860924,GET,90,2,chordKey_39_62,clients=50
1778007860924,PUT_HOP,0,2,chordKey_44_92,
1778007860923,GET,102,2,chordKey_11_61,clients=50
1778007860922,PUT,0,0,chordKey_44_93,clients=50
1778007860926,PUT,0,0,chordKey_11_62,clients=50
1778007860925,PUT,0,0,chordKey_39_63,clients=50
1778007860927,GET,1336,2,chordKey_18_55,clients=50
1778007860928,PUT,0,0,chordKey_18_56,clients=50
1778007860928,PUT_HOP,0,2,chordKey_35_59,
1778007860938,GET,115,2,chordKey_38_91,clients=50
1778007860938,PUT_HOP,0,2,chordKey_11_61,
1778007860939,PUT,0,0,chordKey_38_92,clients=50
1778007860939,PUT_HOP,0,2,chordKey_28_59,
1778007860940,PUT_HOP,0,2,chordKey_47_74,
1778007860947,GET,88,2,chordKey_25_46,clients=50
1778007860948,PUT,0,0,chordKey_25_47,clients=50
1778007860951,PUT_HOP,0,2,chordKey_32_58,
1778007860955,GET,98,2,chordKey_32_58,clients=50
1778007860956,PUT,0,0,chordKey_32_59,clients=50
1778007860958,GET,120,2,chordKey_49_23,clients=50
1778007860959,PUT,0,0,chordKey_49_24,clients=50
1778007860962,PUT_HOP,0,2,chordKey_21_91,
1778007860965,GET,119,2,chordKey_47_74,clients=50
1778007860966,PUT,0,0,chordKey_47_75,clients=50
1778007860966,GET,119,2,chordKey_35_59,clients=50
1778007860967,PUT,0,0,chordKey_35_60,clients=50
1778007860966,GET,111,2,chordKey_21_91,clients=50
1778007860968,PUT,0,0,chordKey_21_92,clients=50
1778007860968,GET,128,2,chordKey_28_59,clients=50
1778007860969,PUT_HOP,0,2,chordKey_40_27,
1778007860969,PUT,0,0,chordKey_28_60,clients=50
1778007860969,GET,86,2,chordKey_40_27,clients=50
1778007860970,PUT_HOP,0,2,chordKey_25_46,
1778007860970,PUT,0,0,chordKey_40_28,clients=50
1778007860975,PUT_HOP,0,2,chordKey_8_68,
1778007860977,PUT_HOP,0,2,chordKey_13_44,
1778007860978,PUT_HOP,0,2,chordKey_49_23,
1778007860978,GET,137,2,chordKey_13_44,clients=50
1778007860979,PUT,0,0,chordKey_13_45,clients=50
1778007860984,PUT_HOP,0,2,chordKey_6_73,
1778007860986,GET,1378,2,chordKey_26_69,clients=50
1778007860988,PUT,0,0,chordKey_26_70,clients=50
1778007860994,PUT_HOP,0,2,chordKey_37_50,
1778007860995,GET,111,2,chordKey_8_68,clients=50
1778007860996,PUT,0,0,chordKey_8_69,clients=50
1778007860996,GET,111,2,chordKey_37_50,clients=50
1778007860997,PUT_HOP,0,2,chordKey_10_60,
1778007860999,PUT,1,0,chordKey_37_51,clients=50
1778007861009,PUT_HOP,0,2,chordKey_7_54,
1778007861012,PUT_HOP,0,2,chordKey_27_82,
1778007861012,PUT_HOP,0,2,chordKey_5_50,
1778007861015,PUT_HOP,0,2,chordKey_48_54,
1778007861016,GET,121,2,chordKey_7_54,clients=50
1778007861017,GET,112,2,chordKey_43_32,clients=50
1778007861018,PUT,0,0,chordKey_7_55,clients=50
1778007861018,PUT,0,0,chordKey_43_33,clients=50
1778007861023,GET,102,2,chordKey_42_87,clients=50
1778007861024,PUT_HOP,0,2,chordKey_34_59,
1778007861025,PUT,0,0,chordKey_42_88,clients=50
1778007861027,GET,133,2,chordKey_10_60,clients=50
1778007861027,PUT_HOP,0,2,chordKey_42_87,
1778007861028,PUT,0,0,chordKey_10_61,clients=50
1778007861028,GET,115,2,chordKey_34_59,clients=50
1778007861028,PUT_HOP,0,2,chordKey_0_59,
1778007861029,PUT,0,0,chordKey_34_60,clients=50
1778007861028,GET,184,2,chordKey_6_73,clients=50
1778007861029,GET,172,2,chordKey_27_82,clients=50
1778007861029,GET,183,2,chordKey_48_54,clients=50
1778007861032,PUT,0,0,chordKey_27_83,clients=50
1778007861032,PUT,0,0,chordKey_6_74,clients=50
1778007861034,PUT,0,0,chordKey_48_55,clients=50
1778007861037,PUT_HOP,0,2,chordKey_43_32,
1778007861038,GET,152,2,chordKey_0_59,clients=50
1778007861038,PUT,0,0,chordKey_0_60,clients=50
1778007861041,GET,93,2,chordKey_25_47,clients=50
1778007861042,PUT,0,0,chordKey_25_48,clients=50
1778007861043,GET,154,2,chordKey_46_71,clients=50
1778007861044,PUT_HOP,0,2,chordKey_33_80,
1778007861045,PUT,0,0,chordKey_46_72,clients=50
1778007861045,PUT_HOP,0,2,chordKey_46_71,
1778007861046,GET,144,2,chordKey_33_80,clients=50
1778007861046,PUT,0,0,chordKey_33_81,clients=50
1778007861047,PUT_HOP,0,2,chordKey_25_47,
1778007861048,GET,159,2,chordKey_5_50,clients=50
1778007861048,PUT,0,0,chordKey_5_51,clients=50
1778007861052,PUT_HOP,0,2,chordKey_16_73,
1778007861053,GET,130,2,chordKey_16_73,clients=50
1778007861054,GET,128,2,chordKey_44_93,clients=50
1778007861055,PUT,0,0,chordKey_44_94,clients=50
1778007861056,PUT_HOP,0,2,chordKey_44_93,
1778007861054,PUT,0,0,chordKey_16_74,clients=50
1778007861057,PUT_HOP,0,2,chordKey_11_62,
1778007861057,GET,130,2,chordKey_11_62,clients=50
1778007861058,PUT,0,0,chordKey_11_63,clients=50
1778007861061,PUT_HOP,0,2,chordKey_47_75,
1778007861061,GET,94,2,chordKey_47_75,clients=50
1778007861061,PUT_HOP,0,2,chordKey_21_92,
1778007861061,PUT,0,0,chordKey_47_76,clients=50
1778007861063,PUT_HOP,0,2,chordKey_28_60,
1778007861065,PUT_HOP,0,2,chordKey_18_56,
1778007861065,GET,96,2,chordKey_21_92,clients=50
1778007861066,PUT,0,0,chordKey_21_93,clients=50
1778007861068,GET,112,2,chordKey_32_59,clients=50
1778007861069,PUT,0,0,chordKey_32_60,clients=50
1778007861080,PUT_HOP,0,2,chordKey_39_63,
1778007861080,GET,153,2,chordKey_39_63,clients=50
1778007861081,PUT,0,0,chordKey_39_64,clients=50
1778007861081,PUT_HOP,0,2,chordKey_38_92,
1778007861082,GET,142,2,chordKey_38_92,clients=50
1778007861082,PUT,0,0,chordKey_38_93,clients=50
1778007861083,GET,115,2,chordKey_35_60,clients=50
1778007861083,PUT_HOP,0,2,chordKey_40_28,
1778007861084,GET,123,2,chordKey_49_24,clients=50
1778007861084,PUT,0,0,chordKey_49_25,clients=50
1778007861084,PUT,0,0,chordKey_35_61,clients=50
1778007861085,GET,156,2,chordKey_18_56,clients=50
1778007861086,PUT,0,0,chordKey_18_57,clients=50
1778007861087,PUT_HOP,0,2,chordKey_32_59,
1778007861088,GET,118,2,chordKey_28_60,clients=50
1778007861089,PUT,0,0,chordKey_28_61,clients=50
1778007861097,PUT_HOP,0,2,chordKey_35_60,
1778007861098,PUT_HOP,0,2,chordKey_49_24,
1778007861099,PUT_HOP,0,2,chordKey_13_45,
1778007861101,GET,121,2,chordKey_13_45,clients=50
1778007861106,PUT,0,0,chordKey_13_46,clients=50
1778007861108,PUT_HOP,0,2,chordKey_8_69,
1778007861111,PUT_HOP,0,2,chordKey_26_70,
1778007861112,GET,141,2,chordKey_40_28,clients=50
1778007861113,PUT,0,0,chordKey_40_29,clients=50
1778007861113,PUT_HOP,0,2,chordKey_7_55,
1778007861113,GET,106,2,chordKey_37_51,clients=50
1778007861114,PUT_HOP,0,2,chordKey_43_33,
1778007861114,PUT,0,0,chordKey_37_52,clients=50
1778007861115,PUT_HOP,0,2,chordKey_10_61,
1778007861114,GET,95,2,chordKey_7_55,clients=50
1778007861115,PUT_HOP,0,2,chordKey_42_88,
1778007861116,PUT,0,0,chordKey_7_56,clients=50
1778007861120,GET,131,2,chordKey_26_70,clients=50
1778007861121,PUT,0,0,chordKey_26_71,clients=50
1778007861123,PUT_HOP,0,2,chordKey_6_74,
1778007861123,PUT_HOP,0,2,chordKey_25_48,
1778007861124,PUT_HOP,0,2,chordKey_27_83,
1778007861124,GET,81,2,chordKey_25_48,clients=50
1778007861124,PUT_HOP,0,2,chordKey_48_55,
1778007861127,PUT,1,0,chordKey_25_49,clients=50
1778007861133,PUT_HOP,0,2,chordKey_33_81,
1778007861134,PUT_HOP,0,2,chordKey_37_51,
1778007861136,GET,117,2,chordKey_43_33,clients=50
1778007861137,PUT,0,0,chordKey_43_34,clients=50
1778007861137,GET,111,2,chordKey_42_88,clients=50
1778007861138,PUT,0,0,chordKey_42_89,clients=50
1778007861139,GET,108,2,chordKey_34_60,clients=50
1778007861139,PUT_HOP,0,2,chordKey_34_60,
1778007861140,PUT,0,0,chordKey_34_61,clients=50
1778007861141,GET,106,2,chordKey_27_83,clients=50
1778007861142,PUT,0,0,chordKey_27_84,clients=50
1778007861142,GET,95,2,chordKey_33_81,clients=50
1778007861143,PUT,0,0,chordKey_33_82,clients=50
1778007861144,GET,147,2,chordKey_8_69,clients=50
1778007861146,PUT,0,0,chordKey_8_70,clients=50
1778007861149,PUT_HOP,0,2,chordKey_13_46,
1778007861148,GET,120,2,chordKey_10_61,clients=50
1778007861150,PUT,0,0,chordKey_10_62,clients=50
1778007861150,PUT_HOP,0,2,chordKey_16_74,
1778007861147,GET,112,2,chordKey_6_74,clients=50
1778007861152,PUT,0,0,chordKey_6_75,clients=50
1778007861147,GET,111,2,chordKey_48_55,clients=50
1778007861153,PUT,0,0,chordKey_48_56,clients=50
1778007861154,GET,48,2,chordKey_13_46,clients=50
1778007861155,PUT_HOP,0,2,chordKey_46_72,
1778007861156,PUT,0,0,chordKey_13_47,clients=50
1778007861156,PUT_HOP,0,2,chordKey_0_60,
1778007861156,GET,28,2,chordKey_25_49,clients=50
1778007861157,PUT,0,0,chordKey_25_50,clients=50
1778007861158,GET,102,2,chordKey_44_94,clients=50
1778007861159,PUT_HOP,0,2,chordKey_5_51,
1778007861159,PUT,0,0,chordKey_44_95,clients=50
1778007861161,PUT_HOP,0,2,chordKey_44_94,
1778007861162,PUT_HOP,0,2,chordKey_25_49,
1778007861164,GET,124,2,chordKey_0_60,clients=50
1778007861166,PUT,0,0,chordKey_0_61,clients=50
1778007861165,GET,119,2,chordKey_46_72,clients=50
1778007861167,PUT,0,0,chordKey_46_73,clients=50
1778007861170,GET,113,2,chordKey_16_74,clients=50
1778007861170,GET,108,2,chordKey_47_76,clients=50
1778007861170,PUT_HOP,0,2,chordKey_11_63,
1778007861171,PUT,0,0,chordKey_47_77,clients=50
1778007861171,PUT,0,0,chordKey_16_75,clients=50
1778007861172,GET,113,2,chordKey_11_63,clients=50
1778007861173,PUT,0,0,chordKey_11_64,clients=50
1778007861176,GET,127,2,chordKey_5_51,clients=50
1778007861177,PUT,0,0,chordKey_5_52,clients=50
1778007861177,PUT_HOP,0,2,chordKey_47_76,
1778007861179,PUT_HOP,0,2,chordKey_38_93,
1778007861179,GET,112,2,chordKey_21_93,clients=50
1778007861180,PUT_HOP,0,2,chordKey_21_93,
1778007861180,PUT_HOP,0,2,chordKey_49_25,
1778007861181,PUT,0,0,chordKey_21_94,clients=50
1778007861182,GET,99,2,chordKey_38_93,clients=50
1778007861183,PUT,0,0,chordKey_38_94,clients=50
1778007861184,PUT_HOP,0,2,chordKey_35_61,
1778007861185,GET,99,2,chordKey_35_61,clients=50
1778007861186,PUT_HOP,0,2,chordKey_8_70,
1778007861186,PUT_HOP,0,2,chordKey_32_60,
1778007861187,PUT_HOP,0,2,chordKey_28_61,
1778007861187,PUT,0,0,chordKey_35_62,clients=50
1778007861186,GET,97,2,chordKey_28_61,clients=50
1778007861188,PUT,0,0,chordKey_28_62,clients=50
1778007861186,GET,101,2,chordKey_49_25,clients=50
1778007861191,GET,121,2,chordKey_32_60,clients=50
1778007861188,GET,106,2,chordKey_39_64,clients=50
1778007861192,PUT,0,0,chordKey_32_61,clients=50
1778007861191,GET,75,2,chordKey_7_56,clients=50
1778007861191,PUT,0,0,chordKey_49_26,clients=50
1778007861194,PUT_HOP,0,2,chordKey_37_52,
1778007861193,PUT,0,0,chordKey_7_57,clients=50
1778007861192,PUT,0,0,chordKey_39_65,clients=50
1778007861197,PUT_HOP,0,2,chordKey_7_56,
1778007861192,GET,76,2,chordKey_37_52,clients=50
1778007861197,PUT_HOP,0,2,chordKey_43_34,
1778007861197,PUT,0,0,chordKey_37_53,clients=50
1778007861198,GET,48,2,chordKey_8_70,clients=50
1778007861198,PUT_HOP,0,2,chordKey_13_47,
1778007861199,PUT,0,0,chordKey_8_71,clients=50
1778007861202,PUT_HOP,0,2,chordKey_34_61,
1778007861206,PUT_HOP,0,2,chordKey_40_29,
1778007861207,PUT_HOP,0,2,chordKey_26_71,
1778007861208,GET,52,2,chordKey_13_47,clients=50
1778007861209,PUT,0,0,chordKey_13_48,clients=50
1778007861209,PUT_HOP,0,2,chordKey_39_64,
1778007861208,GET,70,2,chordKey_43_34,clients=50
1778007861210,GET,70,2,chordKey_42_89,clients=50
1778007861209,PUT_HOP,0,2,chordKey_18_57,
1778007861211,PUT,0,0,chordKey_42_90,clients=50
1778007861210,PUT,0,0,chordKey_43_35,clients=50
1778007861210,GET,70,2,chordKey_34_61,clients=50
1778007861212,PUT,0,0,chordKey_34_62,clients=50
1778007861215,PUT_HOP,0,2,chordKey_42_89,
1778007861218,PUT_HOP,0,2,chordKey_10_62,
1778007861220,GET,98,2,chordKey_26_71,clients=50
1778007861221,PUT,0,0,chordKey_26_72,clients=50
1778007861222,PUT_HOP,0,2,chordKey_33_82,
1778007861220,GET,133,2,chordKey_18_57,clients=50
1778007861229,PUT_HOP,0,2,chordKey_25_50,
1778007861230,PUT,0,0,chordKey_18_58,clients=50
1778007861222,GET,108,2,chordKey_40_29,clients=50
1778007861231,PUT_HOP,0,2,chordKey_49_26,
1778007861231,PUT,0,0,chordKey_40_30,clients=50
1778007861234,PUT_HOP,0,2,chordKey_27_84,
1778007861234,GET,83,2,chordKey_10_62,clients=50
1778007861235,PUT,0,0,chordKey_10_63,clients=50
1778007861236,GET,93,2,chordKey_27_84,clients=50
1778007861237,PUT,0,0,chordKey_27_85,clients=50
1778007861240,GET,40,2,chordKey_8_71,clients=50
1778007861240,PUT,0,0,chordKey_8_72,clients=50
1778007861240,PUT_HOP,0,2,chordKey_8_71,
1778007861242,PUT_HOP,0,2,chordKey_13_48,
1778007861242,GET,70,2,chordKey_47_77,clients=50
1778007861242,GET,98,2,chordKey_33_82,clients=50
1778007861243,PUT,0,0,chordKey_47_78,clients=50
1778007861243,GET,84,2,chordKey_25_50,clients=50
1778007861244,PUT_HOP,0,2,chordKey_6_75,
1778007861244,PUT,0,0,chordKey_25_51,clients=50
1778007861243,PUT,0,0,chordKey_33_83,clients=50
1778007861243,GET,48,2,chordKey_49_26,clients=50
1778007861246,PUT,0,0,chordKey_49_27,clients=50
1778007861250,PUT_HOP,0,2,chordKey_0_61,
1778007861251,GET,41,2,chordKey_13_48,clients=50
1778007861251,GET,84,2,chordKey_0_61,clients=50
1778007861251,PUT,0,0,chordKey_13_49,clients=50
1778007861252,PUT,0,0,chordKey_0_62,clients=50
1778007861254,GET,102,2,chordKey_6_75,clients=50
1778007861255,PUT,0,0,chordKey_6_76,clients=50
1778007861258,PUT_HOP,0,2,chordKey_47_77,
1778007861258,GET,104,2,chordKey_48_56,clients=50
1778007861259,PUT,0,0,chordKey_48_57,clients=50
1778007861268,PUT_HOP,0,2,chordKey_5_52,
1778007861269,GET,91,2,chordKey_5_52,clients=50
1778007861269,PUT,0,0,chordKey_5_53,clients=50
1778007861270,PUT_HOP,0,2,chordKey_21_94,
1778007861271,GET,82,2,chordKey_28_62,clients=50
1778007861272,PUT,0,0,chordKey_28_63,clients=50
1778007861273,PUT_HOP,0,2,chordKey_28_62,
1778007861273,GET,91,2,chordKey_21_94,clients=50
1778007861274,PUT,0,0,chordKey_21_95,clients=50
1778007861279,PUT_HOP,0,2,chordKey_48_56,
1778007861279,GET,118,2,chordKey_44_95,clients=50
1778007861280,PUT,0,0,chordKey_44_96,clients=50
1778007861282,PUT_HOP,0,2,chordKey_40_30,
1778007861283,GET,50,2,chordKey_40_30,clients=50
1778007861283,GET,110,2,chordKey_16_75,clients=50
1778007861284,PUT,0,0,chordKey_40_31,clients=50
1778007861285,PUT,0,0,chordKey_16_76,clients=50
1778007861289,PUT_HOP,0,2,chordKey_46_73,
1778007861289,PUT_HOP,0,2,chordKey_16_75,
1778007861291,GET,118,2,chordKey_11_64,clients=50
1778007861292,PUT,0,0,chordKey_11_65,clients=50
1778007861292,PUT_HOP,0,2,chordKey_11_64,
1778007861293,PUT_HOP,0,2,chordKey_44_95,
1778007861296,GET,112,2,chordKey_38_94,clients=50
1778007861294,PUT_HOP,0,2,chordKey_8_72,
1778007861298,PUT,0,0,chordKey_38_95,clients=50
1778007861301,PUT_HOP,0,2,chordKey_32_61,
1778007861303,PUT_HOP,0,2,chordKey_7_57,
1778007861303,GET,107,2,chordKey_7_57,clients=50
1778007861304,PUT_HOP,0,2,chordKey_37_53,
1778007861304,PUT,0,0,chordKey_7_58,clients=50
1778007861305,GET,107,2,chordKey_37_53,clients=50
1778007861306,PUT,0,0,chordKey_37_54,clients=50
1778007861305,GET,113,2,chordKey_32_61,clients=50
1778007861307,PUT_HOP,0,2,chordKey_43_35,
1778007861307,PUT_HOP,0,2,chordKey_35_62,
1778007861305,GET,137,2,chordKey_46_73,clients=50
1778007861308,GET,120,2,chordKey_35_62,clients=50
1778007861309,GET,73,2,chordKey_10_63,clients=50
1778007861309,PUT_HOP,0,2,chordKey_49_27,
1778007861309,GET,63,2,chordKey_49_27,clients=50
1778007861308,PUT,0,0,chordKey_32_62,clients=50
1778007861306,GET,65,2,chordKey_8_72,clients=50
1778007861310,PUT_HOP,0,2,chordKey_47_78,
1778007861311,PUT_HOP,0,2,chordKey_10_63,
1778007861311,PUT,0,0,chordKey_8_73,clients=50
1778007861310,PUT,0,0,chordKey_49_28,clients=50
1778007861309,PUT,0,0,chordKey_10_64,clients=50
1778007861309,GET,57,2,chordKey_13_49,clients=50
1778007861313,PUT,0,0,chordKey_13_50,clients=50
1778007861313,PUT_HOP,0,2,chordKey_38_94,
1778007861309,PUT,0,0,chordKey_35_63,clients=50
1778007861309,GET,95,2,chordKey_34_62,clients=50
1778007861308,PUT,0,0,chordKey_46_74,clients=50
1778007861315,PUT,0,0,chordKey_34_63,clients=50
1778007861314,GET,116,2,chordKey_39_65,clients=50
1778007861312,GET,67,2,chordKey_25_51,clients=50
1778007861316,PUT,0,0,chordKey_39_66,clients=50
1778007861312,GET,100,2,chordKey_43_35,clients=50
1778007861317,PUT,0,0,chordKey_43_36,clients=50
1778007861318,PUT_HOP,0,2,chordKey_39_65,
1778007861318,PUT_HOP,0,2,chordKey_13_49,
1778007861319,PUT_HOP,0,2,chordKey_25_51,
1778007861319,PUT_HOP,0,2,chordKey_34_62,
1778007861320,PUT_HOP,0,2,chordKey_26_72,
1778007861322,PUT_HOP,0,2,chordKey_42_90,
1778007861324,PUT_HOP,0,2,chordKey_27_85,
1778007861316,PUT,0,0,chordKey_25_52,clients=50
1778007861327,PUT_HOP,0,2,chordKey_18_58,
1778007861329,GET,117,2,chordKey_42_90,clients=50
1778007861330,PUT,0,0,chordKey_42_91,clients=50
1778007861338,GET,85,2,chordKey_0_62,clients=50
1778007861338,GET,94,2,chordKey_47_78,clients=50
1778007861338,PUT_HOP,0,2,chordKey_0_62,
1778007861338,PUT,0,0,chordKey_0_63,clients=50
1778007861338,PUT_HOP,0,2,chordKey_5_53,
1778007861339,PUT,0,0,chordKey_47_79,clients=50
1778007861340,GET,70,2,chordKey_5_53,clients=50
1778007861341,PUT,0,0,chordKey_5_54,clients=50
1778007861344,GET,71,2,chordKey_28_63,clients=50
1778007861344,PUT_HOP,0,2,chordKey_28_63,
1778007861352,PUT,0,0,chordKey_28_64,clients=50
1778007861351,GET,77,2,chordKey_21_95,clients=50
1778007861349,PUT_HOP,0,2,chordKey_21_95,
1778007861352,GET,121,2,chordKey_18_58,clients=50
1778007861354,PUT,0,0,chordKey_18_59,clients=50
1778007861354,GET,125,2,chordKey_26_72,clients=50
1778007861354,PUT,0,0,chordKey_21_96,clients=50
1778007861355,PUT,0,0,chordKey_26_73,clients=50
1778007861356,GET,111,2,chordKey_33_83,clients=50
1778007861357,PUT,0,0,chordKey_33_84,clients=50
1778007861358,PUT_HOP,0,2,chordKey_6_76,
1778007861358,GET,102,2,chordKey_6_76,clients=50
1778007861358,PUT_HOP,0,2,chordKey_33_83,
1778007861358,GET,120,2,chordKey_27_85,clients=50
1778007861359,PUT,0,0,chordKey_6_77,clients=50
1778007861359,PUT,0,0,chordKey_27_86,clients=50
1778007861368,GET,108,2,chordKey_48_57,clients=50
1778007861368,PUT,0,0,chordKey_48_58,clients=50
1778007861370,PUT_HOP,0,2,chordKey_40_31,
1778007861379,PUT_HOP,0,2,chordKey_44_96,
1778007861380,GET,99,2,chordKey_44_96,clients=50
1778007861389,PUT_HOP,0,2,chordKey_48_57,
1778007861389,PUT_HOP,0,2,chordKey_16_76,
1778007861390,GET,105,2,chordKey_40_31,clients=50
1778007861390,PUT,0,0,chordKey_40_32,clients=50
1778007861391,PUT_HOP,0,2,chordKey_43_36,
1778007861394,GET,101,2,chordKey_11_65,clients=50
1778007861394,PUT,0,0,chordKey_11_66,clients=50
1778007861396,PUT_HOP,0,2,chordKey_11_65,
1778007861401,GET,115,2,chordKey_16_76,clients=50
1778007861406,PUT,0,0,chordKey_16_77,clients=50
1778007861409,GET,111,2,chordKey_38_95,clients=50
1778007861410,PUT,0,0,chordKey_38_96,clients=50
1778007861419,PUT_HOP,0,2,chordKey_7_58,
1778007861419,PUT_HOP,0,2,chordKey_37_54,
1778007861420,PUT_HOP,0,2,chordKey_32_62,
1778007861421,GET,114,2,chordKey_37_54,clients=50
1778007861422,PUT,0,0,chordKey_37_55,clients=50
1778007861424,PUT_HOP,0,2,chordKey_35_63,
1778007861424,PUT_HOP,0,2,chordKey_46_74,
1778007861425,GET,113,2,chordKey_8_73,clients=50
1778007861425,PUT_HOP,0,2,chordKey_8_73,
1778007861429,GET,124,2,chordKey_7_58,clients=50
1778007861425,PUT_HOP,0,2,chordKey_38_95,
1778007861429,PUT,4,0,chordKey_8_74,clients=50
1778007861431,PUT_HOP,0,2,chordKey_10_64,
1778007861432,PUT_HOP,0,2,chordKey_49_28,
1778007861432,PUT,0,0,chordKey_7_59,clients=50
1778007861433,GET,121,2,chordKey_49_28,clients=50
1778007861434,PUT,0,0,chordKey_49_29,clients=50
1778007861435,GET,124,2,chordKey_32_62,clients=50
1778007861437,PUT,0,0,chordKey_32_63,clients=50
1778007861441,GET,126,2,chordKey_35_63,clients=50
1778007861443,PUT,0,0,chordKey_35_64,clients=50
1778007861447,PUT_HOP,0,2,chordKey_34_63,
1778007861447,PUT_HOP,0,2,chordKey_13_50,
1778007861452,PUT_HOP,0,2,chordKey_0_63,
1778007861454,PUT_HOP,0,2,chordKey_47_79,
1778007861464,PUT_HOP,0,2,chordKey_48_58,
1778007861466,PUT_HOP,0,2,chordKey_11_66,
1778007861470,PUT_HOP,0,2,chordKey_25_52,
1778007861470,GET,101,2,chordKey_48_58,clients=50
1778007861471,GET,155,2,chordKey_34_63,clients=50
1778007861471,PUT,0,0,chordKey_48_59,clients=50
1778007861471,PUT_HOP,0,2,chordKey_5_54,
1778007861472,PUT,0,0,chordKey_34_64,clients=50
1778007861475,GET,135,2,chordKey_0_63,clients=50
1778007861475,PUT,0,0,chordKey_0_64,clients=50
1778007861479,GET,148,2,chordKey_42_91,clients=50
1778007861479,PUT_HOP,0,2,chordKey_39_66,
1778007861480,PUT_HOP,0,2,chordKey_40_32,
1778007861480,PUT,0,0,chordKey_42_92,clients=50
1778007861480,GET,163,2,chordKey_39_66,clients=50
1778007861481,PUT,0,0,chordKey_39_67,clients=50
1778007861481,GET,90,2,chordKey_40_32,clients=50
1778007861482,PUT,0,0,chordKey_40_33,clients=50
1778007861496,PUT_HOP,0,2,chordKey_48_59,
1778007861497,GET,62,2,chordKey_49_29,clients=50
1778007861498,PUT,0,0,chordKey_49_30,clients=50
1778007861499,GET,104,2,chordKey_11_66,clients=50
1778007861499,PUT_HOP,0,2,chordKey_49_29,
1778007861500,PUT,0,0,chordKey_11_67,clients=50
1778007861499,GET,27,2,chordKey_48_59,clients=50
1778007861501,GET,159,2,chordKey_5_54,clients=50
1778007861502,PUT,0,0,chordKey_48_60,clients=50
1778007861503,PUT,0,0,chordKey_5_55,clients=50
1778007861503,GET,187,2,chordKey_46_74,clients=50
1778007861504,PUT,0,0,chordKey_46_75,clients=50
1778007861508,PUT_HOP,0,2,chordKey_21_96,
1778007861509,GET,156,2,chordKey_28_64,clients=50
1778007861510,PUT_HOP,0,2,chordKey_18_59,
1778007861511,PUT,0,0,chordKey_28_65,clients=50
1778007861512,GET,30,2,chordKey_40_33,clients=50
1778007861513,PUT,0,0,chordKey_40_34,clients=50
1778007861513,PUT_HOP,0,2,chordKey_40_33,
1778007861517,PUT_HOP,0,2,chordKey_28_64,
1778007861518,GET,163,2,chordKey_21_96,clients=50
1778007861519,PUT,0,0,chordKey_21_97,clients=50
1778007861522,PUT_HOP,0,2,chordKey_26_73,
1778007861525,GET,185,2,chordKey_47_79,clients=50
1778007861525,PUT,0,0,chordKey_47_80,clients=50
1778007861535,PUT_HOP,0,2,chordKey_42_91,
1778007861537,PUT_HOP,0,2,chordKey_33_84,
1778007861537,GET,181,2,chordKey_26_73,clients=50
1778007861538,PUT,0,0,chordKey_26_74,clients=50
1778007861537,GET,182,2,chordKey_18_59,clients=50
1778007861540,PUT,0,0,chordKey_18_60,clients=50
1778007861546,GET,44,2,chordKey_11_67,clients=50
1778007861547,PUT,0,0,chordKey_11_68,clients=50
1778007861553,PUT_HOP,0,2,chordKey_11_67,
1778007861566,GET,144,2,chordKey_37_55,clients=50
1778007861567,PUT,0,0,chordKey_37_56,clients=50
1778007861569,PUT_HOP,0,2,chordKey_37_55,
1778007861573,GET,60,2,chordKey_40_34,clients=50
1778007861574,PUT,0,0,chordKey_40_35,clients=50
1778007861580,PUT_HOP,0,2,chordKey_40_34,
1778007861595,PUT_HOP,0,2,chordKey_11_68,
1778007861599,GET,51,2,chordKey_11_68,clients=50
1778007861601,PUT,0,0,chordKey_11_69,clients=50
1778007861601,PUT_HOP,0,2,chordKey_40_35,
1778007861602,GET,27,2,chordKey_40_35,clients=50
1778007861603,PUT,0,0,chordKey_40_36,clients=50
1778007861605,PUT_HOP,0,1,chordKey_40_36,
1778007861607,GET,4,1,chordKey_40_36,clients=50
1778007861608,PUT,0,0,chordKey_40_37,clients=50
1778007861616,PUT_HOP,0,2,chordKey_6_77,
1778007861616,PUT_HOP,0,2,chordKey_11_69,
1778007861617,GET,258,2,chordKey_33_84,clients=50
1778007861617,GET,15,2,chordKey_11_69,clients=50
1778007861618,PUT,0,0,chordKey_11_70,clients=50
1778007861618,PUT,0,0,chordKey_33_85,clients=50
1778007861619,GET,259,2,chordKey_27_86,clients=50
1778007861620,PUT,0,0,chordKey_27_87,clients=50
1778007861619,GET,259,2,chordKey_6_77,clients=50
1778007861621,PUT,0,0,chordKey_6_78,clients=50
1778007861622,PUT_HOP,0,2,chordKey_38_96,
1778007861622,PUT_HOP,0,2,chordKey_27_86,
1778007861623,PUT_HOP,0,2,chordKey_16_77,
1778007861624,GET,218,2,chordKey_16_77,clients=50
1778007861625,PUT,0,0,chordKey_16_78,clients=50
1778007861638,PUT_HOP,0,2,chordKey_32_63,
1778007861639,PUT_HOP,0,2,chordKey_34_64,
1778007861639,PUT_HOP,0,2,chordKey_7_59,
1778007861640,GET,207,2,chordKey_7_59,clients=50
1778007861640,GET,202,2,chordKey_32_63,clients=50
1778007861641,PUT,0,0,chordKey_7_60,clients=50
1778007861641,PUT,0,0,chordKey_32_64,clients=50
1778007861641,GET,168,2,chordKey_34_64,clients=50
1778007861643,PUT,0,0,chordKey_34_65,clients=50
1778007861643,GET,232,2,chordKey_38_96,clients=50
1778007861645,GET,201,2,chordKey_35_64,clients=50
1778007861645,PUT,0,0,chordKey_38_97,clients=50
1778007861646,PUT,0,0,chordKey_35_65,clients=50
1778007861647,PUT_HOP,0,2,chordKey_8_74,
1778007861647,GET,216,2,chordKey_8_74,clients=50
1778007861648,PUT,0,0,chordKey_8_75,clients=50
1778007861659,PUT_HOP,0,2,chordKey_7_60,
1778007861676,PUT,1028,0,chordKey_30_92,clients=50
1778007861677,PUT,1029,0,chordKey_20_72,clients=50
1778007861677,PUT,3131,0,chordKey_4_31,clients=50
1778007861676,PUT,1028,0,chordKey_24_72,clients=50
1778007861679,PUT_HOP,0,2,chordKey_48_60,
1778007861676,PUT,1029,0,chordKey_29_62,clients=50
1778007861679,PUT_HOP,0,2,chordKey_0_64,
1778007861680,GET,204,2,chordKey_0_64,clients=50
1778007861677,PUT,3155,0,chordKey_23_80,clients=50
1778007861682,PUT,0,0,chordKey_0_65,clients=50
1778007861683,PUT_HOP,0,2,chordKey_21_89,
1778007861689,GET,186,2,chordKey_48_60,clients=50
1778007861690,PUT_HOP,0,2,chordKey_5_55,
1778007861696,PUT,0,0,chordKey_48_61,clients=50
1778007861691,GET,179,2,chordKey_28_65,clients=50
1778007861697,PUT,0,0,chordKey_28_66,clients=50
1778007861691,PUT_HOP,0,2,chordKey_28_65,
1778007861691,GET,191,2,chordKey_49_30,clients=50
1778007861700,PUT,0,0,chordKey_49_31,clients=50
1778007861701,GET,197,2,chordKey_5_55,clients=50
1778007861702,PUT,0,0,chordKey_5_56,clients=50
1778007861704,PUT_HOP,0,2,chordKey_35_64,
1778007861705,GET,224,2,chordKey_42_92,clients=50
1778007861705,PUT_HOP,0,2,chordKey_49_30,
1778007861706,PUT_HOP,0,2,chordKey_39_67,
1778007861708,PUT,1,0,chordKey_42_93,clients=50
1778007861703,GET,183,2,chordKey_21_97,clients=50
1778007861712,PUT,0,0,chordKey_21_98,clients=50
1778007861711,GET,69,2,chordKey_7_60,clients=50
1778007861708,GET,227,2,chordKey_39_67,clients=50
1778007861714,PUT,0,0,chordKey_39_68,clients=50
1778007861713,PUT,0,0,chordKey_7_61,clients=50
1778007861715,PUT_HOP,0,2,chordKey_46_75,
1778007861715,PUT_HOP,0,2,chordKey_42_92,
1778007861715,GET,210,2,chordKey_46_75,clients=50
1778007861718,PUT,0,0,chordKey_46_76,clients=50
1778007861726,GET,199,2,chordKey_47_80,clients=50
1778007861726,PUT,0,0,chordKey_47_81,clients=50
1778007861728,PUT_HOP,0,2,chordKey_21_97,
1778007861728,GET,189,2,chordKey_26_74,clients=50
1778007861728,PUT,0,0,chordKey_26_75,clients=50
1778007861729,PUT_HOP,0,2,chordKey_18_60,
1778007861730,PUT_HOP,0,2,chordKey_37_56,
1778007861729,GET,188,2,chordKey_18_60,clients=50
1778007861729,GET,160,2,chordKey_37_56,clients=50
1778007861733,PUT,0,0,chordKey_37_57,clients=50
1778007861733,GET,114,2,chordKey_11_70,clients=50
1778007861733,PUT_HOP,0,2,chordKey_47_80,
1778007861733,PUT_HOP,0,2,chordKey_11_70,
1778007861731,PUT,0,0,chordKey_18_61,clients=50
1778007861734,PUT_HOP,0,2,chordKey_26_74,
1778007861734,PUT,0,0,chordKey_11_71,clients=50
1778007861739,PUT_HOP,0,2,chordKey_27_87,
1778007861757,PUT,1006,0,chordKey_9_26,clients=50
1778007861759,GET,138,2,chordKey_27_87,clients=50
1778007861760,PUT,0,0,chordKey_27_88,clients=50
1778007861762,PUT_HOP,0,2,chordKey_33_85,
1778007861764,PUT_HOP,0,2,chordKey_40_37,
1778007861766,GET,146,2,chordKey_33_85,clients=50
1778007861766,PUT_HOP,0,2,chordKey_6_78,
1778007861766,GET,144,2,chordKey_6_78,clients=50
1778007861767,PUT,0,0,chordKey_33_86,clients=50
1778007861767,GET,157,2,chordKey_40_37,clients=50
1778007861769,PUT,0,0,chordKey_40_38,clients=50
1778007861768,PUT,0,0,chordKey_6_79,clients=50
1778007861773,PUT_HOP,0,2,chordKey_34_65,
1778007861774,GET,132,2,chordKey_32_64,clients=50
1778007861774,PUT,0,0,chordKey_32_65,clients=50
1778007861776,PUT_HOP,0,2,chordKey_16_78,
1778007861778,PUT_HOP,0,2,chordKey_35_65,
1778007861778,GET,152,2,chordKey_16_78,clients=50
1778007861779,PUT,0,0,chordKey_16_79,clients=50
1778007861779,GET,132,2,chordKey_35_65,clients=50
1778007861780,PUT,0,0,chordKey_35_66,clients=50
1778007861782,GET,135,2,chordKey_38_97,clients=50
1778007861782,PUT,0,0,chordKey_38_98,clients=50
1778007861783,PUT_HOP,0,2,chordKey_24_72,
1778007861788,PUT_HOP,0,2,chordKey_20_72,
1778007861801,GET,1154,2,chordKey_14_74,clients=50
1778007861802,PUT,0,0,chordKey_14_75,clients=50
1778007861803,PUT_HOP,0,2,chordKey_29_62,
1778007861804,GET,155,2,chordKey_8_75,clients=50
1778007861805,PUT,0,0,chordKey_8_76,clients=50
1778007861806,PUT_HOP,0,2,chordKey_30_92,
1778007861808,GET,130,2,chordKey_20_72,clients=50
1778007861809,PUT,0,0,chordKey_20_73,clients=50
1778007861810,PUT_HOP,0,2,chordKey_8_75,
1778007861813,PUT_HOP,0,2,chordKey_0_65,
1778007861827,PUT_HOP,0,2,chordKey_38_97,
1778007861828,GET,149,2,chordKey_4_31,clients=50
1778007861828,PUT_HOP,0,2,chordKey_23_80,
1778007861829,PUT_HOP,0,2,chordKey_32_64,
1778007861829,PUT_HOP,0,2,chordKey_4_31,
1778007861829,PUT,0,0,chordKey_4_32,clients=50
1778007861831,PUT_HOP,0,2,chordKey_42_93,
1778007861831,GET,149,2,chordKey_29_62,clients=50
1778007861829,GET,185,2,chordKey_34_65,clients=50
1778007861833,PUT,0,0,chordKey_34_66,clients=50
1778007861834,GET,151,2,chordKey_0_65,clients=50
1778007861833,PUT,0,0,chordKey_29_63,clients=50
1778007861834,PUT,0,0,chordKey_0_66,clients=50
1778007861835,PUT_HOP,0,2,chordKey_28_66,
1778007861832,GET,154,2,chordKey_30_92,clients=50
1778007861835,PUT,0,0,chordKey_30_93,clients=50
1778007861836,GET,156,2,chordKey_24_72,clients=50
1778007861837,GET,124,2,chordKey_21_98,clients=50
1778007861837,PUT_HOP,0,2,chordKey_39_68,
1778007861837,GET,140,2,chordKey_48_61,clients=50
1778007861839,PUT,0,0,chordKey_48_62,clients=50
1778007861838,PUT,0,0,chordKey_21_99,clients=50
1778007861841,PUT_HOP,0,2,chordKey_21_98,
1778007861837,PUT,0,0,chordKey_24_73,clients=50
1778007861842,GET,141,2,chordKey_49_31,clients=50
1778007861842,PUT_HOP,0,2,chordKey_49_31,
1778007861843,PUT_HOP,0,2,chordKey_34_57,
1778007861843,PUT,0,0,chordKey_49_32,clients=50
1778007861843,GET,144,2,chordKey_28_66,clients=50
1778007861844,GET,161,2,chordKey_23_80,clients=50
1778007861844,PUT,0,0,chordKey_28_67,clients=50
1778007861844,GET,139,2,chordKey_5_56,clients=50
1778007861845,PUT,0,0,chordKey_5_57,clients=50
1778007861845,PUT,0,0,chordKey_23_81,clients=50
1778007861846,PUT_HOP,0,2,chordKey_5_56,
1778007861846,PUT_HOP,0,2,chordKey_48_61,
1778007861853,GET,142,2,chordKey_42_93,clients=50
1778007861854,PUT,0,0,chordKey_42_94,clients=50
1778007861845,GET,114,2,chordKey_26_75,clients=50
1778007861854,GET,139,2,chordKey_39_68,clients=50
1778007861855,PUT,0,0,chordKey_26_76,clients=50
1778007861855,PUT,0,0,chordKey_39_69,clients=50
1778007861847,PUT,1077,0,chordKey_3_51,clients=50
1778007861856,PUT_HOP,0,2,chordKey_11_71,
1778007861856,PUT_HOP,0,2,chordKey_47_81,
1778007861847,GET,113,2,chordKey_37_57,clients=50
1778007861847,PUT,1078,0,chordKey_2_69,clients=50
1778007861846,PUT,1077,0,chordKey_19_55,clients=50
1778007861857,PUT_HOP,0,2,chordKey_6_72,
1778007861858,PUT,0,0,chordKey_37_58,clients=50
1778007861846,PUT,1070,0,chordKey_31_73,clients=50
1778007861859,GET,143,2,chordKey_7_61,clients=50
1778007861860,PUT,0,0,chordKey_7_62,clients=50
1778007861859,GET,140,2,chordKey_46_76,clients=50
1778007861861,PUT,0,0,chordKey_46_77,clients=50
1778007861869,PUT_HOP,0,2,chordKey_7_61,
1778007861879,GET,151,2,chordKey_47_81,clients=50
1778007861879,PUT,0,0,chordKey_47_82,clients=50
1778007861888,PUT_HOP,0,2,chordKey_46_76,
1778007861889,PUT_HOP,0,2,chordKey_18_61,
1778007861889,PUT_HOP,0,2,chordKey_26_75,
1778007861892,PUT_HOP,0,2,chordKey_37_57,
1778007861900,GET,164,2,chordKey_18_61,clients=50
1778007861903,PUT,0,0,chordKey_18_62,clients=50
1778007861912,GET,177,2,chordKey_11_71,clients=50
1778007861913,PUT,0,0,chordKey_11_72,clients=50
1778007861915,PUT_HOP,0,2,chordKey_47_73,
1778007861936,GET,1168,2,chordKey_36_29,clients=50
1778007861937,PUT_HOP,0,2,chordKey_42_85,
1778007861937,PUT,0,0,chordKey_36_30,clients=50
1778007861937,PUT_HOP,0,2,chordKey_40_38,
1778007861942,GET,171,2,chordKey_40_38,clients=50
1778007861942,PUT_HOP,0,2,chordKey_32_65,
1778007861943,PUT,0,0,chordKey_40_39,clients=50
1778007861942,GET,167,2,chordKey_32_65,clients=50
1778007861944,PUT,0,0,chordKey_32_66,clients=50
1778007861946,GET,185,2,chordKey_27_88,clients=50
1778007861947,PUT,0,0,chordKey_27_89,clients=50
1778007861948,PUT_HOP,0,2,chordKey_34_66,
1778007861948,PUT_HOP,0,2,chordKey_27_88,
1778007861948,PUT_HOP,0,2,chordKey_9_26,
1778007861949,GET,192,2,chordKey_9_26,clients=50
1778007861950,GET,116,2,chordKey_34_66,clients=50
1778007861950,PUT_HOP,0,2,chordKey_0_66,
1778007861950,PUT,0,0,chordKey_9_27,clients=50
1778007861952,PUT,0,0,chordKey_34_67,clients=50
1778007861950,PUT_HOP,0,2,chordKey_21_99,
1778007861954,PUT_HOP,0,2,chordKey_48_62,
1778007861957,GET,121,2,chordKey_0_66,clients=50
1778007861957,PUT_HOP,0,2,chordKey_49_32,
1778007861958,PUT,0,0,chordKey_0_67,clients=50
1778007861975,PUT_HOP,0,2,chordKey_5_57,
1778007861975,GET,133,2,chordKey_21_99,clients=50
1778007861977,PUT_HOP,0,2,chordKey_33_86,
1778007861987,PUT_HOP,0,2,chordKey_28_67,
1778007861988,GET,144,2,chordKey_49_32,clients=50
1778007861990,PUT,0,0,chordKey_49_33,clients=50
1778007861997,PUT_HOP,0,2,chordKey_2_69,
1778007862000,PUT_HOP,0,2,chordKey_3_51,
1778007862008,PUT_HOP,0,2,chordKey_31_73,
1778007862026,GET,185,2,chordKey_48_62,clients=50
1778007862027,PUT,0,0,chordKey_48_63,clients=50
1778007862027,PUT_HOP,0,2,chordKey_19_55,
1778007862053,GET,208,2,chordKey_28_67,clients=50
1778007862056,PUT,1,0,chordKey_28_68,clients=50
1778007862053,GET,281,2,chordKey_6_79,clients=50
1778007862059,PUT_HOP,0,2,chordKey_6_79,
1778007862060,PUT,0,0,chordKey_6_80,clients=50
1778007862059,GET,291,2,chordKey_33_86,clients=50
1778007862062,PUT,0,0,chordKey_33_87,clients=50
1778007862061,GET,215,2,chordKey_5_57,clients=50
1778007862065,PUT,0,0,chordKey_5_58,clients=50
1778007862065,PUT_HOP,0,2,chordKey_37_58,
1778007862079,GET,220,2,chordKey_31_73,clients=50
1778007862080,PUT,0,0,chordKey_31_74,clients=50
1778007862083,GET,226,2,chordKey_3_51,clients=50
1778007862087,PUT,0,0,chordKey_3_52,clients=50
1778007862089,GET,231,2,chordKey_37_58,clients=50
1778007862090,PUT,0,0,chordKey_37_59,clients=50
1778007862090,PUT_HOP,0,2,chordKey_16_79,
1778007862090,GET,232,2,chordKey_2_69,clients=50
1778007862091,PUT_HOP,0,2,chordKey_18_62,
1778007862093,PUT,0,0,chordKey_2_70,clients=50
1778007862092,GET,187,2,chordKey_18_62,clients=50
1778007862094,GET,236,2,chordKey_19_55,clients=50
1778007862095,PUT,0,0,chordKey_18_63,clients=50
1778007862095,PUT,0,0,chordKey_19_56,clients=50
1778007862101,PUT_HOP,0,2,chordKey_11_72,
1778007862108,PUT_HOP,0,2,chordKey_35_66,
1778007862121,PUT_HOP,0,2,chordKey_40_39,
1778007862121,GET,342,2,chordKey_16_79,clients=50
1778007862122,GET,208,2,chordKey_11_72,clients=50
1778007862123,PUT,0,0,chordKey_16_80,clients=50
1778007862123,PUT,0,0,chordKey_11_73,clients=50
1778007862126,GET,182,2,chordKey_32_66,clients=50
1778007862127,PUT,0,0,chordKey_32_67,clients=50
1778007862137,PUT_HOP,0,2,chordKey_32_66,
1778007862140,GET,187,2,chordKey_34_67,clients=50
1778007862141,PUT,0,0,chordKey_34_68,clients=50
1778007862144,GET,200,2,chordKey_40_39,clients=50
1778007862145,PUT,0,0,chordKey_40_40,clients=50
1778007862148,PUT_HOP,0,2,chordKey_0_67,
1778007862150,GET,192,2,chordKey_0_67,clients=50
1778007862154,PUT,2,0,chordKey_0_68,clients=50
1778007862155,PUT_HOP,0,2,chordKey_34_67,
1778007862174,PUT_HOP,0,2,chordKey_14_75,
1778007862175,PUT_HOP,0,2,chordKey_8_76,
1778007862176,GET,372,2,chordKey_14_75,clients=50
1778007862176,GET,395,2,chordKey_35_66,clients=50
1778007862177,PUT,0,0,chordKey_14_76,clients=50
1778007862176,GET,363,2,chordKey_20_73,clients=50
1778007862178,PUT,0,0,chordKey_20_74,clients=50
1778007862177,PUT,0,0,chordKey_35_67,clients=50
1778007862184,PUT_HOP,0,2,chordKey_38_98,
1778007862184,GET,400,2,chordKey_38_98,clients=50
1778007862185,PUT,0,0,chordKey_38_99,clients=50
1778007862187,PUT_HOP,0,2,chordKey_4_32,
1778007862189,GET,383,2,chordKey_8_76,clients=50
1778007862190,PUT_HOP,0,2,chordKey_30_93,
1778007862190,GET,355,2,chordKey_29_63,clients=50
1778007862190,PUT,0,0,chordKey_8_77,clients=50
1778007862190,PUT_HOP,0,2,chordKey_33_87,
1778007862191,GET,126,2,chordKey_33_87,clients=50
1778007862190,PUT,0,0,chordKey_29_64,clients=50
1778007862192,PUT,0,0,chordKey_33_88,clients=50
1778007862200,PUT_HOP,0,2,chordKey_20_73,
1778007862201,GET,210,2,chordKey_49_33,clients=50
1778007862202,PUT_HOP,0,2,chordKey_49_33,
1778007862202,PUT,0,0,chordKey_49_34,clients=50
1778007862200,PUT_HOP,0,2,chordKey_29_63,
1778007862205,PUT_HOP,0,2,chordKey_28_68,
1778007862205,PUT_HOP,0,2,chordKey_23_81,
1778007862206,GET,369,2,chordKey_30_93,clients=50
1778007862206,PUT,0,0,chordKey_30_94,clients=50
1778007862207,PUT_HOP,0,2,chordKey_42_94,
1778007862208,PUT_HOP,0,2,chordKey_24_73,
1778007862209,GET,378,2,chordKey_4_32,clients=50
1778007862212,PUT,0,0,chordKey_4_33,clients=50
1778007862228,PUT_HOP,0,2,chordKey_48_63,
1778007862229,PUT_HOP,0,2,chordKey_6_80,
1778007862232,GET,376,2,chordKey_39_69,clients=50
1778007862238,GET,210,2,chordKey_48_63,clients=50
1778007862239,PUT_HOP,0,2,chordKey_39_69,
1778007862239,PUT,0,0,chordKey_48_64,clients=50
1778007862239,PUT_HOP,0,2,chordKey_26_76,
1778007862237,GET,176,2,chordKey_6_80,clients=50
1778007862240,PUT,0,0,chordKey_6_81,clients=50
1778007862241,GET,386,2,chordKey_42_94,clients=50
1778007862245,PUT,0,0,chordKey_42_95,clients=50
1778007862243,GET,387,2,chordKey_26_76,clients=50
1778007862241,PUT,2,0,chordKey_39_70,clients=50
1778007862246,PUT,0,0,chordKey_26_77,clients=50
1778007862250,GET,370,2,chordKey_47_82,clients=50
1778007862251,GET,408,2,chordKey_24_73,clients=50
1778007862251,PUT,0,0,chordKey_47_83,clients=50
1778007862251,PUT_HOP,0,2,chordKey_46_77,
1778007862250,GET,397,2,chordKey_23_81,clients=50
1778007862254,PUT,0,0,chordKey_23_82,clients=50
1778007862251,PUT,0,0,chordKey_24_74,clients=50
1778007862258,PUT_HOP,0,2,chordKey_47_82,
1778007862277,PUT_HOP,0,2,chordKey_7_62,
1778007862280,GET,418,2,chordKey_46_77,clients=50
1778007862280,PUT_HOP,0,2,chordKey_5_58,
1778007862281,PUT,0,0,chordKey_46_78,clients=50
1778007862281,GET,420,2,chordKey_7_62,clients=50
1778007862284,PUT,0,0,chordKey_7_63,clients=50
1778007862284,GET,215,2,chordKey_5_58,clients=50
1778007862286,PUT_HOP,0,2,chordKey_9_27,
1778007862286,PUT,0,0,chordKey_5_59,clients=50
1778007862288,GET,204,2,chordKey_31_74,clients=50
1778007862289,PUT_HOP,0,2,chordKey_31_74,
1778007862289,GET,337,2,chordKey_9_27,clients=50
1778007862290,PUT_HOP,0,2,chordKey_36_30,
1778007862292,PUT_HOP,0,2,chordKey_2_70,
1778007862292,GET,204,2,chordKey_3_52,clients=50
1778007862291,PUT_HOP,0,2,chordKey_27_89,
1778007862291,GET,200,2,chordKey_37_59,clients=50
1778007862296,PUT_HOP,0,2,chordKey_3_52,
1778007862298,PUT,2,0,chordKey_3_53,clients=50
1778007862298,PUT_HOP,0,2,chordKey_37_59,
1778007862298,PUT_HOP,0,2,chordKey_16_80,
1778007862298,PUT_HOP,0,2,chordKey_19_56,
1778007862289,GET,230,2,chordKey_28_68,clients=50
1778007862306,PUT,0,0,chordKey_28_69,clients=50
1778007862289,PUT,0,0,chordKey_31_75,clients=50
1778007862307,GET,213,2,chordKey_2_70,clients=50
1778007862311,PUT,0,0,chordKey_2_71,clients=50
1778007862311,PUT_HOP,0,2,chordKey_32_67,
1778007862305,GET,209,2,chordKey_18_63,clients=50
1778007862301,PUT,3,0,chordKey_37_60,clients=50
1778007862296,GET,347,2,chordKey_27_89,clients=50
1778007862315,PUT_HOP,0,2,chordKey_18_63,
1778007862315,PUT,0,0,chordKey_27_90,clients=50
1778007862294,GET,356,2,chordKey_36_30,clients=50
1778007862293,PUT,0,0,chordKey_9_28,clients=50
1778007862317,PUT,0,0,chordKey_36_31,clients=50
1778007862316,GET,188,2,chordKey_32_67,clients=50
1778007862315,GET,191,2,chordKey_16_80,clients=50
1778007862314,PUT,1,0,chordKey_18_64,clients=50
1778007862319,GET,223,2,chordKey_19_56,clients=50
1778007862320,PUT_HOP,0,2,chordKey_34_68,
1778007862319,PUT,0,0,chordKey_16_81,clients=50
1778007862322,PUT,0,0,chordKey_19_57,clients=50
1778007862322,PUT_HOP,0,2,chordKey_11_73,
1778007862318,PUT,0,0,chordKey_32_68,clients=50
1778007862323,GET,199,2,chordKey_11_73,clients=50
1778007862325,PUT,0,0,chordKey_11_74,clients=50
1778007862327,GET,184,2,chordKey_34_68,clients=50
1778007862327,PUT,0,0,chordKey_34_69,clients=50
1778007862328,GET,182,2,chordKey_40_40,clients=50
1778007862328,PUT,0,0,chordKey_40_41,clients=50
1778007862342,PUT_HOP,0,2,chordKey_40_40,
1778007862343,GET,186,2,chordKey_0_68,clients=50
1778007862344,PUT,0,0,chordKey_0_69,clients=50
1778007862345,PUT_HOP,0,2,chordKey_0_68,
1778007862348,PUT_HOP,0,2,chordKey_35_67,
1778007862364,PUT_HOP,0,2,chordKey_14_76,
1778007862367,GET,189,2,chordKey_14_76,clients=50
1778007862372,PUT,0,0,chordKey_14_77,clients=50
1778007862376,PUT_HOP,0,2,chordKey_20_74,
1778007862379,PUT_HOP,0,2,chordKey_29_64,
1778007862389,GET,210,2,chordKey_20_74,clients=50
1778007862388,PUT_HOP,0,2,chordKey_8_77,
1778007862393,PUT,0,0,chordKey_20_75,clients=50
1778007862396,GET,216,2,chordKey_35_67,clients=50
1778007862397,PUT,0,0,chordKey_35_68,clients=50
1778007862396,PUT,1016,0,chordKey_44_97,clients=50
1778007862399,PUT_HOP,0,2,chordKey_49_34,
1778007862400,GET,205,2,chordKey_33_88,clients=50
1778007862400,PUT,0,0,chordKey_33_89,clients=50
1778007862406,PUT_HOP,0,2,chordKey_33_88,
1778007862418,GET,215,2,chordKey_49_34,clients=50
1778007862419,PUT,0,0,chordKey_49_35,clients=50
1778007862420,PUT_HOP,0,2,chordKey_46_78,
1778007862424,GET,1097,2,chordKey_43_36,clients=50
1778007862424,PUT,0,0,chordKey_43_37,clients=50
1778007862426,GET,186,2,chordKey_48_64,clients=50
1778007862427,PUT_HOP,0,2,chordKey_39_70,
1778007862435,PUT_HOP,0,2,chordKey_38_99,
1778007862428,PUT_HOP,0,2,chordKey_28_69,
1778007862438,GET,156,2,chordKey_46_78,clients=50
1778007862427,PUT_HOP,0,2,chordKey_6_81,
1778007862427,PUT_HOP,0,2,chordKey_5_59,
1778007862436,GET,243,2,chordKey_29_64,clients=50
1778007862441,PUT_HOP,0,2,chordKey_47_83,
1778007862445,PUT,0,0,chordKey_29_65,clients=50
1778007862446,PUT_HOP,0,2,chordKey_31_75,
1778007862453,PUT_HOP,0,2,chordKey_27_90,
1778007862426,GET,179,2,chordKey_39_70,clients=50
1778007862456,GET,146,2,chordKey_31_75,clients=50
1778007862453,PUT_HOP,0,2,chordKey_18_64,
1778007862456,PUT,0,0,chordKey_31_76,clients=50
1778007862448,PUT_HOP,0,2,chordKey_3_53,
1778007862426,GET,185,2,chordKey_6_81,clients=50
1778007862457,PUT_HOP,0,2,chordKey_20_75,
1778007862458,PUT,0,0,chordKey_6_82,clients=50
1778007862456,PUT,0,0,chordKey_39_71,clients=50
1778007862450,GET,1137,2,chordKey_10_64,clients=50
1778007862459,PUT,0,0,chordKey_10_65,clients=50
1778007862450,GET,1136,2,chordKey_13_50,clients=50
1778007862460,PUT,0,0,chordKey_13_51,clients=50
1778007862460,PUT_HOP,0,2,chordKey_33_89,
1778007862450,GET,142,2,chordKey_28_69,clients=50
1778007862461,PUT,0,0,chordKey_28_70,clients=50
1778007862450,GET,145,2,chordKey_3_53,clients=50
1778007862462,PUT_HOP,0,2,chordKey_32_68,
1778007862462,PUT,0,0,chordKey_3_54,clients=50
1778007862444,GET,157,2,chordKey_5_59,clients=50
1778007862463,PUT_HOP,0,2,chordKey_19_57,
1778007862463,PUT,0,0,chordKey_5_60,clients=50
1778007862441,GET,250,2,chordKey_8_77,clients=50
1778007862464,PUT,0,0,chordKey_8_78,clients=50
1778007862464,PUT_HOP,0,2,chordKey_34_69,
1778007862440,PUT,0,0,chordKey_46_79,clients=50
1778007862465,PUT_HOP,0,2,chordKey_35_68,
1778007862438,PUT,0,0,chordKey_48_65,clients=50
1778007862466,PUT_HOP,0,2,chordKey_43_37,
1778007862438,GET,252,2,chordKey_38_99,clients=50
1778007862466,GET,209,2,chordKey_23_82,clients=50
1778007862467,PUT_HOP,0,2,chordKey_46_79,
1778007862467,PUT,0,0,chordKey_23_83,clients=50
1778007862466,GET,68,2,chordKey_35_68,clients=50
1778007862468,PUT_HOP,0,2,chordKey_16_81,
1778007862469,PUT,0,0,chordKey_35_69,clients=50
1778007862470,GET,69,2,chordKey_33_89,clients=50
1778007862471,PUT_HOP,0,2,chordKey_2_71,
1778007862471,PUT,0,0,chordKey_33_90,clients=50
1778007862470,GET,76,2,chordKey_20_75,clients=50
1778007862472,PUT,0,0,chordKey_20_76,clients=50
1778007862475,GET,50,2,chordKey_43_37,clients=50
1778007862476,PUT,0,0,chordKey_43_38,clients=50
1778007862482,PUT_HOP,0,2,chordKey_23_82,
1778007862482,GET,230,2,chordKey_47_83,clients=50
1778007862483,PUT,0,0,chordKey_47_84,clients=50
1778007862485,PUT_HOP,0,2,chordKey_37_60,
1778007862489,GET,24,2,chordKey_46_79,clients=50
1778007862490,PUT,0,0,chordKey_46_80,clients=50
1778007862493,GET,236,2,chordKey_24_74,clients=50
1778007862493,GET,208,2,chordKey_7_63,clients=50
1778007862494,PUT_HOP,0,2,chordKey_9_28,
1778007862494,PUT,0,0,chordKey_7_64,clients=50
1778007862494,PUT_HOP,0,2,chordKey_7_63,
1778007862494,PUT,0,0,chordKey_24_75,clients=50
1778007862508,GET,178,2,chordKey_40_41,clients=50
1778007862509,GET,186,2,chordKey_16_81,clients=50
1778007862509,PUT,0,0,chordKey_16_82,clients=50
1778007862510,PUT_HOP,0,2,chordKey_0_69,
1778007862509,PUT,0,0,chordKey_40_42,clients=50
1778007862514,PUT_HOP,0,2,chordKey_11_74,
1778007862515,GET,1187,2,chordKey_25_52,clients=50
1778007862516,PUT_HOP,0,2,chordKey_40_41,
1778007862515,GET,199,2,chordKey_27_90,clients=50
1778007862517,PUT,0,0,chordKey_25_53,clients=50
1778007862517,PUT,0,0,chordKey_27_91,clients=50
1778007862518,GET,173,2,chordKey_0_69,clients=50
1778007862518,PUT,0,0,chordKey_0_70,clients=50
1778007862519,GET,191,2,chordKey_34_69,clients=50
1778007862520,PUT,0,0,chordKey_34_70,clients=50
1778007862521,GET,198,2,chordKey_19_57,clients=50
1778007862522,PUT,0,0,chordKey_19_58,clients=50
1778007862523,PUT_HOP,0,2,chordKey_49_35,
1778007862525,GET,105,2,chordKey_49_35,clients=50
1778007862526,PUT,0,0,chordKey_49_36,clients=50
1778007862527,PUT_HOP,0,2,chordKey_14_77,
1778007862527,GET,215,2,chordKey_2_71,clients=50
1778007862527,GET,209,2,chordKey_36_31,clients=50
1778007862527,PUT,0,0,chordKey_2_72,clients=50
1778007862527,PUT_HOP,0,2,chordKey_36_31,
1778007862528,PUT,0,0,chordKey_36_32,clients=50
1778007862529,PUT_HOP,0,2,chordKey_44_97,
1778007862529,GET,215,2,chordKey_37_60,clients=50
1778007862530,PUT,0,0,chordKey_37_61,clients=50
1778007862530,PUT_HOP,0,2,chordKey_29_65,
1778007862538,GET,140,2,chordKey_44_97,clients=50
1778007862541,PUT,0,0,chordKey_44_98,clients=50
1778007862542,PUT_HOP,0,2,chordKey_35_69,
1778007862542,GET,87,2,chordKey_29_65,clients=50
1778007862542,GET,69,2,chordKey_20_76,clients=50
1778007862543,PUT,0,0,chordKey_20_77,clients=50
1778007862543,PUT,0,0,chordKey_29_66,clients=50
1778007862545,GET,171,2,chordKey_14_77,clients=50
1778007862545,PUT,0,0,chordKey_14_78,clients=50
1778007862546,GET,84,2,chordKey_28_70,clients=50
1778007862547,PUT_HOP,0,2,chordKey_28_70,
1778007862547,PUT,0,0,chordKey_28_71,clients=50
1778007862547,GET,77,2,chordKey_35_69,clients=50
1778007862548,PUT,0,0,chordKey_35_70,clients=50
1778007862549,PUT_HOP,0,2,chordKey_20_76,
1778007862550,PUT_HOP,0,2,chordKey_48_65,
1778007862557,GET,80,2,chordKey_43_38,clients=50
1778007862558,PUT,0,0,chordKey_43_39,clients=50
1778007862556,PUT_HOP,0,2,chordKey_43_38,
1778007862562,PUT_HOP,0,2,chordKey_5_60,
1778007862563,GET,99,2,chordKey_5_60,clients=50
1778007862564,PUT,0,0,chordKey_5_61,clients=50
1778007862580,PUT_HOP,0,2,chordKey_39_71,
1778007862580,GET,122,2,chordKey_39_71,clients=50
1778007862581,PUT,0,0,chordKey_39_72,clients=50
1778007862582,GET,125,2,chordKey_31_76,clients=50
1778007862583,PUT,0,0,chordKey_31_77,clients=50
1778007862583,GET,123,2,chordKey_10_65,clients=50
1778007862584,PUT_HOP,0,2,chordKey_31_76,
1778007862584,PUT,0,0,chordKey_10_66,clients=50
1778007862584,PUT_HOP,0,2,chordKey_3_54,
1778007862584,GET,119,2,chordKey_8_78,clients=50
1778007862587,PUT,0,0,chordKey_8_79,clients=50
1778007862588,GET,120,2,chordKey_23_83,clients=50
1778007862589,PUT_HOP,0,2,chordKey_10_65,
1778007862589,PUT_HOP,0,2,chordKey_23_83,
1778007862589,GET,126,2,chordKey_3_54,clients=50
1778007862590,PUT,0,0,chordKey_23_84,clients=50
1778007862590,PUT_HOP,0,2,chordKey_47_84,
1778007862589,GET,105,2,chordKey_47_84,clients=50
1778007862591,PUT_HOP,0,2,chordKey_8_78,
1778007862591,GET,133,2,chordKey_6_82,clients=50
1778007862591,PUT,0,0,chordKey_3_55,clients=50
1778007862592,PUT,0,0,chordKey_6_83,clients=50
1778007862592,PUT,0,0,chordKey_47_85,clients=50
1778007862594,GET,133,2,chordKey_13_51,clients=50
1778007862594,PUT_HOP,0,2,chordKey_13_51,
1778007862594,PUT,0,0,chordKey_13_52,clients=50
1778007862596,PUT_HOP,0,2,chordKey_6_82,
1778007862608,PUT_HOP,0,2,chordKey_46_80,
1778007862618,GET,127,2,chordKey_46_80,clients=50
1778007862619,PUT,0,0,chordKey_46_81,clients=50
1778007862624,PUT_HOP,0,2,chordKey_24_75,
1778007862626,GET,130,2,chordKey_24_75,clients=50
1778007862628,PUT,0,0,chordKey_24_76,clients=50
1778007862630,PUT_HOP,0,2,chordKey_25_53,
1778007862630,PUT_HOP,0,2,chordKey_16_82,
1778007862630,PUT_HOP,0,2,chordKey_44_98,
1778007862630,PUT_HOP,0,2,chordKey_19_58,
1778007862630,PUT_HOP,0,2,chordKey_49_36,
1778007862631,GET,90,2,chordKey_44_98,clients=50
1778007862632,PUT,0,0,chordKey_44_99,clients=50
1778007862632,GET,137,2,chordKey_7_64,clients=50
1778007862635,PUT,0,0,chordKey_7_65,clients=50
1778007862645,GET,127,2,chordKey_25_53,clients=50
1778007862646,PUT,0,0,chordKey_25_54,clients=50
1778007862648,GET,136,2,chordKey_40_42,clients=50
1778007862649,PUT,0,0,chordKey_40_43,clients=50
1778007862650,PUT_HOP,0,2,chordKey_20_77,
1778007862651,GET,133,2,chordKey_27_91,clients=50
1778007862652,PUT,0,0,chordKey_27_92,clients=50
1778007862653,PUT_HOP,0,2,chordKey_43_39,
1778007862654,GET,95,2,chordKey_43_39,clients=50
1778007862654,PUT_HOP,0,2,chordKey_40_42,
1778007862654,PUT,0,0,chordKey_43_40,clients=50
1778007862657,GET,130,2,chordKey_49_36,clients=50
1778007862658,PUT,0,0,chordKey_49_37,clients=50
1778007862658,PUT_HOP,0,2,chordKey_27_91,
1778007862660,PUT_HOP,0,2,chordKey_2_72,
1778007862660,GET,116,2,chordKey_20_77,clients=50
1778007862661,PUT,0,0,chordKey_20_78,clients=50
1778007862664,PUT_HOP,0,2,chordKey_7_64,
1778007862665,GET,154,2,chordKey_16_82,clients=50
1778007862665,GET,137,2,chordKey_36_32,clients=50
1778007862666,PUT_HOP,0,2,chordKey_35_70,
1778007862666,PUT,0,0,chordKey_16_83,clients=50
1778007862667,PUT_HOP,0,2,chordKey_34_70,
1778007862668,GET,145,2,chordKey_19_58,clients=50
1778007862667,PUT,0,0,chordKey_36_33,clients=50
1778007862668,PUT,0,0,chordKey_19_59,clients=50
1778007862670,GET,151,2,chordKey_0_70,clients=50
1778007862671,PUT_HOP,0,2,chordKey_37_61,
1778007862671,GET,143,2,chordKey_2_72,clients=50
1778007862671,PUT,0,0,chordKey_0_71,clients=50
1778007862672,PUT_HOP,0,2,chordKey_36_32,
1778007862672,PUT,0,0,chordKey_2_73,clients=50
1778007862673,PUT_HOP,0,2,chordKey_0_70,
1778007862673,PUT_HOP,0,2,chordKey_29_66,
1778007862676,GET,156,2,chordKey_34_70,clients=50
1778007862678,PUT,0,0,chordKey_34_71,clients=50
1778007862690,GET,160,2,chordKey_37_61,clients=50
1778007862691,PUT,0,0,chordKey_37_62,clients=50
1778007862695,PUT_HOP,0,2,chordKey_14_78,
1778007862698,GET,149,2,chordKey_35_70,clients=50
1778007862699,GET,154,2,chordKey_29_66,clients=50
1778007862699,PUT,0,0,chordKey_35_71,clients=50
1778007862699,PUT,0,0,chordKey_29_67,clients=50
1778007862701,GET,154,2,chordKey_14_78,clients=50
1778007862701,GET,136,2,chordKey_5_61,clients=50
1778007862701,PUT_HOP,0,2,chordKey_28_71,
1778007862702,PUT,0,0,chordKey_5_62,clients=50
1778007862703,PUT_HOP,0,2,chordKey_10_66,
1778007862701,PUT,0,0,chordKey_14_79,clients=50
1778007862705,PUT_HOP,0,2,chordKey_31_77,
1778007862713,GET,164,2,chordKey_28_71,clients=50
1778007862713,PUT,0,0,chordKey_28_72,clients=50
1778007862717,PUT,3110,0,chordKey_1_73,clients=50
1778007862718,PUT_HOP,0,2,chordKey_5_61,
1778007862718,GET,0,0,chordKey_1_73,clients=50
1778007862720,PUT,0,0,chordKey_1_74,clients=50
1778007862719,PUT_HOP,0,2,chordKey_23_84,
1778007862721,GET,0,0,chordKey_1_74,clients=50
1778007862721,PUT,0,0,chordKey_1_75,clients=50
1778007862722,GET,0,0,chordKey_1_75,clients=50
1778007862722,PUT,0,0,chordKey_1_76,clients=50
1778007862723,GET,0,0,chordKey_1_76,clients=50
1778007862723,PUT,0,0,chordKey_1_77,clients=50
1778007862724,GET,0,0,chordKey_1_77,clients=50
1778007862724,PUT,0,0,chordKey_1_78,clients=50
1778007862725,GET,0,0,chordKey_1_78,clients=50
1778007862725,PUT,0,0,chordKey_1_79,clients=50
1778007862726,GET,0,0,chordKey_1_79,clients=50
1778007862726,PUT,0,0,chordKey_1_80,clients=50
1778007862727,PUT,3117,0,chordKey_45_51,clients=50
1778007862727,PUT,3117,0,chordKey_12_76,clients=50
1778007862728,PUT_HOP,0,2,chordKey_44_99,
1778007862727,GET,0,0,chordKey_1_80,clients=50
1778007862729,PUT_HOP,0,2,chordKey_3_55,
1778007862729,PUT_HOP,0,2,chordKey_8_79,
1778007862729,PUT,0,0,chordKey_1_81,clients=50
1778007862729,GET,0,0,chordKey_1_81,clients=50
1778007862729,PUT_HOP,0,2,chordKey_47_85,
1778007862730,PUT,0,0,chordKey_1_82,clients=50
1778007862730,GET,0,0,chordKey_1_82,clients=50
1778007862731,PUT,0,0,chordKey_1_83,clients=50
1778007862731,GET,0,0,chordKey_1_83,clients=50
1778007862732,PUT,0,0,chordKey_1_84,clients=50
1778007862732,GET,0,0,chordKey_1_84,clients=50
1778007862733,PUT,0,0,chordKey_1_85,clients=50
1778007862733,GET,0,0,chordKey_1_85,clients=50
1778007862734,PUT,0,0,chordKey_1_86,clients=50
1778007862734,GET,0,0,chordKey_1_86,clients=50
1778007862735,PUT,0,0,chordKey_1_87,clients=50
1778007862736,GET,0,0,chordKey_1_87,clients=50
1778007862737,PUT,0,0,chordKey_1_88,clients=50
1778007862740,GET,0,0,chordKey_1_88,clients=50
1778007862741,PUT,0,0,chordKey_1_89,clients=50
1778007862741,GET,0,0,chordKey_1_89,clients=50
1778007862742,PUT,0,0,chordKey_1_90,clients=50
1778007862742,GET,0,0,chordKey_1_90,clients=50
1778007862743,PUT_HOP,0,2,chordKey_46_81,
1778007862743,PUT,0,0,chordKey_1_91,clients=50
1778007862744,GET,0,0,chordKey_1_91,clients=50
1778007862745,PUT,0,0,chordKey_1_92,clients=50
1778007862745,GET,0,0,chordKey_1_92,clients=50
1778007862745,GET,150,2,chordKey_13_52,clients=50
1778007862746,GET,162,2,chordKey_31_77,clients=50
1778007862731,GET,98,2,chordKey_44_99,clients=50
1778007862747,PUT,0,0,chordKey_31_78,clients=50
1778007862746,PUT,0,0,chordKey_13_53,clients=50
1778007862746,PUT,0,0,chordKey_1_93,clients=50
1778007862749,GET,0,0,chordKey_1_93,clients=50
1778007862750,PUT,0,0,chordKey_1_94,clients=50
1778007862750,GET,0,0,chordKey_1_94,clients=50
1778007862751,PUT,0,0,chordKey_1_95,clients=50
1778007862751,GET,0,0,chordKey_1_95,clients=50
1778007862752,PUT,0,0,chordKey_1_96,clients=50
1778007862752,GET,0,0,chordKey_1_96,clients=50
1778007862752,PUT,0,0,chordKey_1_97,clients=50
1778007862753,GET,0,0,chordKey_1_97,clients=50
1778007862754,PUT,0,0,chordKey_1_98,clients=50
1778007862754,GET,0,0,chordKey_1_98,clients=50
1778007862755,PUT,0,0,chordKey_1_99,clients=50
1778007862756,GET,0,0,chordKey_1_99,clients=50
1778007862756,PUT_HOP,0,2,chordKey_13_52,
1778007862745,GET,160,2,chordKey_10_66,clients=50
1778007862758,PUT,0,0,chordKey_10_67,clients=50
1778007862741,GET,159,2,chordKey_39_72,clients=50
1778007862758,PUT_HOP,0,2,chordKey_20_78,
1778007862741,GET,147,2,chordKey_47_85,clients=50
1778007862760,PUT,0,0,chordKey_39_73,clients=50
1778007862759,GET,97,2,chordKey_20_78,clients=50
1778007862761,PUT,0,0,chordKey_20_79,clients=50
1778007862760,PUT,0,0,chordKey_47_86,clients=50
1778007862767,GET,174,2,chordKey_6_83,clients=50
1778007862767,PUT_HOP,0,2,chordKey_14_79,
1778007862768,PUT,0,0,chordKey_6_84,clients=50
1778007862781,GET,76,2,chordKey_14_79,clients=50
1778007862782,PUT,0,0,chordKey_14_80,clients=50
1778007862783,GET,155,2,chordKey_24_76,clients=50
1778007862784,PUT_HOP,0,2,chordKey_39_72,
1778007862784,PUT,0,0,chordKey_24_77,clients=50
1778007862784,GET,192,2,chordKey_23_84,clients=50
1778007862786,PUT,0,0,chordKey_23_85,clients=50
1778007862783,GET,195,2,chordKey_8_79,clients=50
1778007862788,PUT,0,0,chordKey_8_80,clients=50
1778007862790,GET,197,2,chordKey_3_55,clients=50
1778007862791,PUT,0,0,chordKey_3_56,clients=50
1778007862791,GET,171,2,chordKey_46_81,clients=50
1778007862793,PUT,0,0,chordKey_46_82,clients=50
1778007862795,PUT_HOP,0,2,chordKey_6_83,
1778007862796,PUT_HOP,0,2,chordKey_25_54,
1778007862797,GET,150,2,chordKey_25_54,clients=50
1778007862797,GET,161,2,chordKey_7_65,clients=50
1778007862798,PUT_HOP,0,2,chordKey_40_43,
1778007862798,PUT,0,0,chordKey_7_66,clients=50
1778007862798,PUT,0,0,chordKey_25_55,clients=50
1778007862799,PUT_HOP,0,2,chordKey_27_92,
1778007862799,PUT_HOP,0,2,chordKey_16_83,
1778007862801,PUT_HOP,0,2,chordKey_49_37,
1778007862803,GET,144,2,chordKey_49_37,clients=50
1778007862804,PUT,0,0,chordKey_49_38,clients=50
1778007862805,GET,152,2,chordKey_27_92,clients=50
1778007862807,PUT,0,0,chordKey_27_93,clients=50
1778007862810,GET,160,2,chordKey_40_43,clients=50
1778007862811,GET,141,2,chordKey_19_59,clients=50
1778007862811,PUT,0,0,chordKey_40_44,clients=50
1778007862812,PUT,0,0,chordKey_19_60,clients=50
1778007862816,PUT_HOP,0,2,chordKey_19_59,
1778007862816,PUT_HOP,0,2,chordKey_7_65,
1778007862821,GET,153,2,chordKey_16_83,clients=50
1778007862822,PUT,0,0,chordKey_16_84,clients=50
1778007862829,PUT_HOP,0,2,chordKey_24_76,
1778007862829,PUT_HOP,0,2,chordKey_43_40,
1778007862830,PUT_HOP,0,2,chordKey_36_33,
1778007862830,GET,175,2,chordKey_43_40,clients=50
1778007862831,PUT,0,0,chordKey_43_41,clients=50
1778007862831,PUT_HOP,0,2,chordKey_34_71,
1778007862831,GET,158,2,chordKey_2_73,clients=50
1778007862831,PUT_HOP,0,2,chordKey_0_71,
1778007862832,PUT_HOP,0,2,chordKey_5_62,
1778007862832,PUT,0,0,chordKey_2_74,clients=50
1778007862833,PUT_HOP,0,2,chordKey_1_73,
1778007862835,GET,142,2,chordKey_37_62,clients=50
1778007862835,GET,162,2,chordKey_0_71,clients=50
1778007862834,PUT_HOP,0,2,chordKey_35_71,
1778007862835,PUT,0,0,chordKey_37_63,clients=50
1778007862836,PUT,0,0,chordKey_0_72,clients=50
1778007862840,PUT_HOP,0,2,chordKey_1_75,
1778007862838,GET,138,2,chordKey_35_71,clients=50
1778007862841,PUT_HOP,0,2,chordKey_2_73,
1778007862842,GET,128,2,chordKey_28_72,clients=50
1778007862843,PUT,0,0,chordKey_28_73,clients=50
1778007862842,GET,164,2,chordKey_34_71,clients=50
1778007862844,PUT_HOP,0,2,chordKey_1_74,
1778007862845,PUT_HOP,0,2,chordKey_28_72,
1778007862845,PUT,0,0,chordKey_34_72,clients=50
1778007862846,PUT_HOP,0,2,chordKey_12_76,
1778007862846,PUT_HOP,0,2,chordKey_1_80,
1778007862848,PUT_HOP,0,2,chordKey_1_83,
1778007862848,PUT_HOP,0,2,chordKey_29_67,
1778007862849,PUT_HOP,0,2,chordKey_37_62,
1778007862850,PUT_HOP,0,2,chordKey_1_81,
1778007862851,GET,148,2,chordKey_5_62,clients=50
1778007862851,PUT_HOP,0,2,chordKey_1_77,
1778007862851,PUT,0,0,chordKey_5_63,clients=50
1778007862852,PUT_HOP,0,2,chordKey_1_78,
1778007862853,GET,152,2,chordKey_29_67,clients=50
1778007862854,PUT,0,0,chordKey_29_68,clients=50
1778007862854,PUT_HOP,0,2,chordKey_1_84,
1778007862855,PUT_HOP,0,2,chordKey_1_86,
1778007862856,GET,128,2,chordKey_12_76,clients=50
1778007862857,PUT,0,0,chordKey_12_77,clients=50
1778007862857,PUT_HOP,0,2,chordKey_1_89,
1778007862861,PUT_HOP,0,2,chordKey_1_88,
1778007862861,GET,192,2,chordKey_36_33,clients=50
1778007862861,PUT_HOP,0,2,chordKey_1_76,
1778007862861,PUT,0,0,chordKey_36_34,clients=50
1778007862862,PUT_HOP,0,2,chordKey_1_85,
1778007862867,PUT_HOP,0,2,chordKey_45_51,
1778007862869,PUT_HOP,0,2,chordKey_1_87,
1778007862869,PUT_HOP,0,2,chordKey_1_82,
1778007862870,PUT_HOP,0,2,chordKey_40_44,
1778007862871,PUT_HOP,0,2,chordKey_1_92,
1778007862872,GET,59,2,chordKey_40_44,clients=50
1778007862873,PUT_HOP,0,2,chordKey_1_91,
1778007862873,GET,145,2,chordKey_45_51,clients=50
1778007862873,PUT_HOP,0,2,chordKey_1_79,
1778007862874,PUT_HOP,0,2,chordKey_1_93,
1778007862875,PUT,0,0,chordKey_45_52,clients=50
1778007862874,PUT_HOP,0,2,chordKey_1_90,
1778007862873,PUT,0,0,chordKey_40_45,clients=50
1778007862882,PUT_HOP,0,2,chordKey_1_98,
1778007862882,PUT_HOP,0,2,chordKey_1_94,
1778007862882,GET,134,2,chordKey_31_78,clients=50
1778007862883,PUT_HOP,0,2,chordKey_13_53,
1778007862883,PUT_HOP,0,2,chordKey_1_95,
1778007862883,PUT,0,0,chordKey_31_79,clients=50
1778007862884,PUT_HOP,0,2,chordKey_47_86,
1778007862885,PUT_HOP,0,2,chordKey_1_96,
1778007862886,GET,137,2,chordKey_13_53,clients=50
1778007862886,PUT_HOP,0,2,chordKey_31_78,
1778007862887,PUT,0,0,chordKey_13_54,clients=50
1778007862891,GET,132,2,chordKey_10_67,clients=50
1778007862892,PUT,0,0,chordKey_10_68,clients=50
1778007862893,PUT_HOP,0,2,chordKey_10_67,
1778007862893,PUT_HOP,0,2,chordKey_1_99,
1778007862894,PUT_HOP,0,2,chordKey_39_73,
1778007862893,PUT_HOP,0,2,chordKey_1_97,
1778007862895,GET,125,2,chordKey_6_84,clients=50
1778007862894,PUT_HOP,0,2,chordKey_6_84,
1778007862895,GET,134,2,chordKey_39_73,clients=50
1778007862895,PUT_HOP,0,2,chordKey_14_80,
1778007862896,PUT,0,0,chordKey_6_85,clients=50
1778007862896,PUT,0,0,chordKey_39_74,clients=50
1778007862900,PUT_HOP,0,2,chordKey_20_79,
1778007862903,PUT_HOP,0,2,chordKey_3_56,
1778007862905,GET,113,2,chordKey_3_56,clients=50
1778007862906,PUT,0,0,chordKey_3_57,clients=50
1778007862906,PUT_HOP,0,2,chordKey_46_82,
1778007862914,GET,152,2,chordKey_20_79,clients=50
1778007862915,PUT,0,0,chordKey_20_80,clients=50
1778007862919,PUT_HOP,0,2,chordKey_8_80,
1778007862921,GET,127,2,chordKey_46_82,clients=50
1778007862921,PUT_HOP,0,2,chordKey_25_55,
1778007862922,PUT,0,0,chordKey_46_83,clients=50
1778007862924,GET,135,2,chordKey_8_80,clients=50
1778007862925,PUT,0,0,chordKey_8_81,clients=50
1778007862929,PUT_HOP,0,2,chordKey_31_79,
1778007862930,GET,46,2,chordKey_31_79,clients=50
1778007862931,PUT,0,0,chordKey_31_80,clients=50
1778007862939,GET,139,2,chordKey_25_55,clients=50
1778007862941,PUT_HOP,0,2,chordKey_49_38,
1778007862941,PUT,0,0,chordKey_25_56,clients=50
1778007862947,GET,184,2,chordKey_47_86,clients=50
1778007862948,PUT_HOP,0,2,chordKey_27_93,
1778007862950,GET,146,2,chordKey_49_38,clients=50
1778007862952,PUT,0,0,chordKey_49_39,clients=50
1778007862952,GET,167,2,chordKey_24_77,clients=50
1778007862954,PUT,0,0,chordKey_24_78,clients=50
1778007862955,PUT_HOP,0,2,chordKey_24_77,
1778007862951,PUT,0,0,chordKey_47_87,clients=50
1778007862957,PUT_HOP,0,2,chordKey_7_66,
1778007862957,GET,158,2,chordKey_7_66,clients=50
1778007862957,PUT_HOP,0,2,chordKey_16_84,
1778007862955,PUT_HOP,0,2,chordKey_23_85,
1778007862958,PUT,0,0,chordKey_7_67,clients=50
1778007862958,GET,171,2,chordKey_23_85,clients=50
1778007862960,PUT,0,0,chordKey_23_86,clients=50
1778007862959,GET,150,2,chordKey_27_93,clients=50
1778007862961,PUT,0,0,chordKey_27_94,clients=50
1778007862959,GET,136,2,chordKey_16_84,clients=50
1778007862962,PUT,0,0,chordKey_16_85,clients=50
1778007862963,PUT_HOP,0,2,chordKey_19_60,
1778007862963,GET,151,2,chordKey_19_60,clients=50
1778007862964,PUT,0,0,chordKey_19_61,clients=50
1778007862968,GET,110,2,chordKey_12_77,clients=50
1778007862969,PUT,0,0,chordKey_12_78,clients=50
1778007862977,PUT_HOP,0,2,chordKey_12_77,
1778007862980,PUT_HOP,0,2,chordKey_40_45,
1778007862982,PUT_HOP,0,2,chordKey_43_41,
1778007862984,GET,151,2,chordKey_2_74,clients=50
1778007862985,PUT,0,0,chordKey_2_75,clients=50
1778007862986,GET,154,2,chordKey_43_41,clients=50
1778007862987,PUT_HOP,0,2,chordKey_37_63,
1778007862989,PUT_HOP,0,2,chordKey_2_74,
1778007862990,PUT,0,0,chordKey_43_42,clients=50
1778007862989,GET,152,2,chordKey_37_63,clients=50
1778007862992,PUT,0,0,chordKey_37_64,clients=50
1778007862986,GET,110,2,chordKey_40_45,clients=50
1778007862993,PUT,0,0,chordKey_40_46,clients=50
1778007862998,PUT_HOP,0,2,chordKey_34_72,
1778007863001,PUT_HOP,0,2,chordKey_0_72,
1778007863002,GET,161,2,chordKey_0_72,clients=50
1778007863002,PUT_HOP,0,2,chordKey_28_73,
1778007863003,PUT_HOP,0,2,chordKey_45_52,
1778007863003,PUT,0,0,chordKey_0_73,clients=50
1778007863004,GET,160,2,chordKey_28_73,clients=50
1778007863010,PUT_HOP,0,2,chordKey_13_54,
1778007863005,GET,128,2,chordKey_45_52,clients=50
1778007863013,PUT,0,0,chordKey_45_53,clients=50
1778007863013,PUT,1,0,chordKey_28_74,clients=50
1778007863014,PUT_HOP,0,2,chordKey_29_68,
1778007863015,GET,163,2,chordKey_5_63,clients=50
1778007863016,GET,128,2,chordKey_13_54,clients=50
1778007863016,PUT,0,0,chordKey_5_64,clients=50
1778007863017,PUT_HOP,0,2,chordKey_5_63,
1778007863018,PUT,1,0,chordKey_13_55,clients=50
1778007863019,PUT_HOP,0,2,chordKey_10_68,
1778007863023,GET,176,2,chordKey_34_72,clients=50
1778007863024,PUT,0,0,chordKey_34_73,clients=50
1778007863024,PUT_HOP,0,2,chordKey_36_34,
1778007863023,GET,168,2,chordKey_29_68,clients=50
1778007863025,PUT,0,0,chordKey_29_69,clients=50
1778007863045,GET,148,2,chordKey_39_74,clients=50
1778007863045,GET,183,2,chordKey_36_34,clients=50
1778007863047,PUT,0,0,chordKey_36_35,clients=50
1778007863046,GET,153,2,chordKey_10_68,clients=50
1778007863049,PUT,0,0,chordKey_10_69,clients=50
1778007863049,GET,153,2,chordKey_6_85,clients=50
1778007863050,PUT,0,0,chordKey_6_86,clients=50
1778007863046,PUT,0,0,chordKey_39_75,clients=50
1778007863061,PUT_HOP,0,2,chordKey_39_74,
1778007863073,PUT_HOP,0,2,chordKey_24_78,
1778007863079,PUT_HOP,0,2,chordKey_6_85,
1778007863080,GET,124,2,chordKey_24_78,clients=50
1778007863082,PUT,0,0,chordKey_24_79,clients=50
1778007863083,GET,176,2,chordKey_3_57,clients=50
1778007863083,PUT_HOP,0,2,chordKey_46_83,
1778007863084,PUT_HOP,0,2,chordKey_20_80,
1778007863084,PUT,0,0,chordKey_3_58,clients=50
1778007863084,PUT_HOP,0,2,chordKey_3_57,
1778007863085,GET,162,2,chordKey_46_83,clients=50
1778007863086,PUT,0,0,chordKey_46_84,clients=50
1778007863087,GET,172,2,chordKey_20_80,clients=50
1778007863087,PUT_HOP,0,2,chordKey_25_56,
1778007863088,PUT,0,0,chordKey_20_81,clients=50
1778007863087,PUT_HOP,0,2,chordKey_8_81,
1778007863089,GET,147,2,chordKey_25_56,clients=50
1778007863088,GET,161,2,chordKey_8_81,clients=50
1778007863091,PUT,0,0,chordKey_8_82,clients=50
1778007863090,PUT,0,0,chordKey_25_57,clients=50
1778007863103,PUT_HOP,0,2,chordKey_31_80,
1778007863104,GET,172,2,chordKey_31_80,clients=50
1778007863104,PUT,0,0,chordKey_31_81,clients=50
1778007863105,PUT_HOP,0,2,chordKey_7_67,
1778007863113,GET,156,2,chordKey_47_87,clients=50
1778007863114,PUT_HOP,0,2,chordKey_47_87,
1778007863116,GET,157,2,chordKey_7_67,clients=50
1778007863117,PUT,0,0,chordKey_7_68,clients=50
1778007863127,PUT_HOP,0,2,chordKey_43_42,
1778007863128,GET,136,2,chordKey_43_42,clients=50
1778007863129,PUT,0,0,chordKey_43_43,clients=50
1778007863133,GET,164,2,chordKey_12_78,clients=50
1778007863134,PUT_HOP,0,2,chordKey_12_78,
1778007863134,PUT,0,0,chordKey_12_79,clients=50
1778007863138,PUT_HOP,0,2,chordKey_49_39,
1778007863144,GET,149,2,chordKey_40_46,clients=50
1778007863146,PUT,0,0,chordKey_40_47,clients=50
1778007863147,PUT_HOP,0,2,chordKey_27_94,
1778007863149,GET,186,2,chordKey_16_85,clients=50
1778007863149,PUT_HOP,0,2,chordKey_10_69,
1778007863150,PUT,0,0,chordKey_16_86,clients=50
1778007863154,GET,104,2,chordKey_10_69,clients=50
1778007863155,PUT,0,0,chordKey_10_70,clients=50
1778007863156,PUT_HOP,0,2,chordKey_23_86,
1778007863159,GET,198,2,chordKey_23_86,clients=50
1778007863160,PUT,0,0,chordKey_23_87,clients=50
1778007863164,PUT_HOP,0,2,chordKey_24_79,
1778007863165,PUT_HOP,0,2,chordKey_36_35,
1778007863166,GET,83,2,chordKey_24_79,clients=50
1778007863166,PUT,0,0,chordKey_24_80,clients=50
1778007863168,GET,120,2,chordKey_36_35,clients=50
1778007863169,PUT,0,0,chordKey_36_36,clients=50
1778007863171,GET,209,2,chordKey_27_94,clients=50
1778007863174,PUT_HOP,0,2,chordKey_12_79,
1778007863175,GET,45,2,chordKey_43_43,clients=50
1778007863175,PUT,0,0,chordKey_27_95,clients=50
1778007863177,GET,224,2,chordKey_49_39,clients=50
1778007863177,PUT_HOP,0,2,chordKey_16_85,
1778007863175,PUT,0,0,chordKey_43_44,clients=50
1778007863179,PUT_HOP,0,2,chordKey_43_43,
1778007863179,PUT,0,0,chordKey_49_40,clients=50
1778007863177,GET,42,2,chordKey_12_79,clients=50
1778007863182,PUT,0,0,chordKey_12_80,clients=50
1778007863184,GET,37,2,chordKey_40_47,clients=50
1778007863185,PUT,0,0,chordKey_40_48,clients=50
1778007863183,PUT_HOP,0,2,chordKey_40_47,
1778007863193,PUT_HOP,0,2,chordKey_45_53,
1778007863193,GET,179,2,chordKey_45_53,clients=50
1778007863194,PUT,0,0,chordKey_45_54,clients=50
1778007863197,GET,178,2,chordKey_13_55,clients=50
1778007863198,PUT,0,0,chordKey_13_56,clients=50
1778007863208,PUT_HOP,0,2,chordKey_13_55,
1778007863214,PUT_HOP,0,2,chordKey_19_61,
1778007863215,GET,250,2,chordKey_19_61,clients=50
1778007863216,PUT_HOP,0,2,chordKey_43_44,
1778007863218,PUT,0,0,chordKey_19_62,clients=50
1778007863218,PUT_HOP,0,2,chordKey_39_75,
1778007863219,PUT_HOP,0,2,chordKey_40_48,
1778007863219,PUT_HOP,0,2,chordKey_36_36,
1778007863221,PUT_HOP,0,2,chordKey_6_86,
1778007863221,PUT_HOP,0,2,chordKey_37_64,
1778007863223,GET,236,2,chordKey_2_75,clients=50
1778007863224,PUT_HOP,0,2,chordKey_2_75,
1778007863224,PUT_HOP,0,2,chordKey_0_73,
1778007863225,PUT,0,0,chordKey_2_76,clients=50
1778007863226,GET,39,2,chordKey_40_48,clients=50
1778007863224,GET,231,2,chordKey_37_64,clients=50
1778007863227,PUT,0,0,chordKey_37_65,clients=50
1778007863227,PUT,0,0,chordKey_40_49,clients=50
1778007863226,GET,54,2,chordKey_36_36,clients=50
1778007863229,GET,225,2,chordKey_0_73,clients=50
1778007863229,PUT,0,0,chordKey_36_37,clients=50
1778007863230,PUT,0,0,chordKey_0_74,clients=50
1778007863232,GET,180,2,chordKey_39_75,clients=50
1778007863233,PUT,0,0,chordKey_39_76,clients=50
1778007863235,GET,183,2,chordKey_6_86,clients=50
1778007863235,PUT,0,0,chordKey_6_87,clients=50
1778007863236,GET,55,2,chordKey_43_44,clients=50
1778007863236,PUT_HOP,0,2,chordKey_28_74,
1778007863236,PUT,0,0,chordKey_43_45,clients=50
1778007863236,GET,222,2,chordKey_28_74,clients=50
1778007863237,PUT,0,0,chordKey_28_75,clients=50
1778007863238,PUT_HOP,0,2,chordKey_5_64,
1778007863238,PUT_HOP,0,2,chordKey_46_84,
1778007863238,GET,153,2,chordKey_3_58,clients=50
1778007863239,PUT,0,0,chordKey_3_59,clients=50
1778007863239,PUT_HOP,0,2,chordKey_3_58,
1778007863239,PUT_HOP,0,2,chordKey_8_82,
1778007863240,GET,153,2,chordKey_46_84,clients=50
1778007863240,PUT,0,0,chordKey_46_85,clients=50
1778007863249,PUT_HOP,0,2,chordKey_20_81,
1778007863250,GET,232,2,chordKey_5_64,clients=50
1778007863250,PUT_HOP,0,2,chordKey_34_73,
1778007863252,PUT_HOP,0,2,chordKey_40_49,
1778007863255,PUT_HOP,0,2,chordKey_29_69,
1778007863257,PUT,0,0,chordKey_5_65,clients=50
1778007863257,PUT_HOP,0,2,chordKey_25_57,
1778007863257,GET,168,2,chordKey_20_81,clients=50
1778007863259,PUT,0,0,chordKey_20_82,clients=50
1778007863260,GET,235,2,chordKey_34_73,clients=50
1778007863260,PUT_HOP,0,2,chordKey_16_86,
1778007863260,GET,235,2,chordKey_29_69,clients=50
1778007863261,PUT,0,0,chordKey_34_74,clients=50
1778007863264,PUT_HOP,0,2,chordKey_31_81,
1778007863264,PUT_HOP,0,2,chordKey_24_80,
1778007863263,GET,113,2,chordKey_16_86,clients=50
1778007863263,PUT,0,0,chordKey_29_70,clients=50
1778007863268,PUT,0,0,chordKey_16_87,clients=50
1778007863268,GET,100,2,chordKey_24_80,clients=50
1778007863269,PUT,0,0,chordKey_24_81,clients=50
1778007863272,PUT_HOP,0,2,chordKey_7_68,
1778007863275,PUT_HOP,0,2,chordKey_36_37,
1778007863279,GET,101,2,chordKey_27_95,clients=50
1778007863282,PUT_HOP,0,2,chordKey_27_95,
1778007863283,GET,165,2,chordKey_7_68,clients=50
1778007863285,PUT,0,0,chordKey_7_69,clients=50
1778007863284,GET,54,2,chordKey_36_37,clients=50
1778007863287,PUT,0,0,chordKey_36_38,clients=50
1778007863288,PUT_HOP,0,2,chordKey_12_80,
1778007863284,GET,99,2,chordKey_12_80,clients=50
1778007863289,PUT_HOP,0,2,chordKey_43_45,
1778007863289,PUT,0,0,chordKey_12_81,clients=50
1778007863289,PUT_HOP,0,2,chordKey_45_54,
1778007863283,PUT,0,0,chordKey_27_96,clients=50
1778007863286,GET,57,2,chordKey_40_49,clients=50
1778007863293,PUT_HOP,0,2,chordKey_13_56,
1778007863295,PUT,0,0,chordKey_40_50,clients=50
1778007863295,GET,96,2,chordKey_13_56,clients=50
1778007863297,GET,136,2,chordKey_23_87,clients=50
1778007863297,PUT,0,0,chordKey_23_88,clients=50
1778007863297,PUT,0,0,chordKey_13_57,clients=50
1778007863298,PUT_HOP,0,2,chordKey_10_70,
1778007863299,PUT_HOP,0,2,chordKey_23_87,
1778007863302,GET,107,2,chordKey_45_54,clients=50
1778007863303,PUT,0,0,chordKey_45_55,clients=50
1778007863302,GET,146,2,chordKey_10_70,clients=50
1778007863304,PUT,0,0,chordKey_10_71,clients=50
1778007863304,GET,67,2,chordKey_43_45,clients=50
1778007863305,PUT,0,0,chordKey_43_46,clients=50
1778007863305,PUT_HOP,0,2,chordKey_49_40,
1778007863306,GET,125,2,chordKey_49_40,clients=50
1778007863307,PUT_HOP,0,2,chordKey_39_76,
1778007863307,PUT_HOP,0,2,chordKey_19_62,
1778007863307,PUT_HOP,0,2,chordKey_6_87,
1778007863307,PUT,0,0,chordKey_49_41,clients=50
1778007863308,GET,75,2,chordKey_39_76,clients=50
1778007863308,PUT_HOP,0,2,chordKey_3_59,
1778007863309,PUT,0,0,chordKey_39_77,clients=50
1778007863312,GET,76,2,chordKey_6_87,clients=50
1778007863313,PUT,0,0,chordKey_6_88,clients=50
1778007863316,GET,96,2,chordKey_19_62,clients=50
1778007863318,PUT,0,0,chordKey_19_63,clients=50
1778007863319,PUT_HOP,0,2,chordKey_37_65,
1778007863319,PUT_HOP,0,2,chordKey_46_85,
1778007863319,GET,93,2,chordKey_2_76,clients=50
1778007863320,PUT,0,0,chordKey_2_77,clients=50
1778007863320,GET,79,2,chordKey_46_85,clients=50
1778007863320,PUT_HOP,0,2,chordKey_28_75,
1778007863321,PUT,0,0,chordKey_46_86,clients=50
1778007863323,GET,85,2,chordKey_28_75,clients=50
1778007863323,PUT_HOP,0,2,chordKey_0_74,
1778007863324,PUT,0,0,chordKey_28_76,clients=50
1778007863324,PUT_HOP,0,2,chordKey_5_65,
1778007863324,GET,94,2,chordKey_0_74,clients=50
1778007863325,PUT_HOP,0,2,chordKey_2_76,
1778007863325,GET,67,2,chordKey_5_65,clients=50
1778007863326,PUT_HOP,0,2,chordKey_29_70,
1778007863326,PUT,0,0,chordKey_0_75,clients=50
1778007863327,PUT,0,0,chordKey_5_66,clients=50
1778007863328,GET,89,2,chordKey_3_59,clients=50
1778007863329,PUT,0,0,chordKey_3_60,clients=50
1778007863329,GET,100,2,chordKey_37_65,clients=50
1778007863331,PUT,0,0,chordKey_37_66,clients=50
1778007863335,PUT_HOP,0,2,chordKey_34_74,
1778007863336,PUT_HOP,0,2,chordKey_20_82,
1778007863338,GET,71,2,chordKey_34_74,clients=50
1778007863339,GET,53,2,chordKey_7_69,clients=50
1778007863338,GET,79,2,chordKey_20_82,clients=50
1778007863340,PUT,0,0,chordKey_20_83,clients=50
1778007863340,PUT,0,0,chordKey_7_70,clients=50
1778007863339,PUT,0,0,chordKey_34_75,clients=50
1778007863350,PUT_HOP,0,2,chordKey_36_38,
1778007863352,PUT_HOP,0,2,chordKey_40_50,
1778007863354,PUT_HOP,0,2,chordKey_16_87,
1778007863355,GET,85,2,chordKey_24_81,clients=50
1778007863356,PUT,0,0,chordKey_24_82,clients=50
1778007863356,PUT_HOP,0,2,chordKey_24_81,
1778007863360,PUT_HOP,0,2,chordKey_27_96,
1778007863360,GET,91,2,chordKey_16_87,clients=50
1778007863361,PUT,0,0,chordKey_16_88,clients=50
1778007863362,PUT_HOP,0,2,chordKey_7_69,
1778007863363,GET,74,2,chordKey_36_38,clients=50
1778007863363,PUT_HOP,0,2,chordKey_23_88,
1778007863363,PUT,0,0,chordKey_36_39,clients=50
1778007863364,GET,74,2,chordKey_12_81,clients=50
1778007863364,PUT_HOP,0,2,chordKey_12_81,
1778007863365,PUT,0,0,chordKey_12_82,clients=50
1778007863365,GET,68,2,chordKey_40_50,clients=50
1778007863366,PUT,0,0,chordKey_40_51,clients=50
1778007863366,PUT_HOP,0,2,chordKey_13_57,
1778007863367,PUT_HOP,0,2,chordKey_45_55,
1778007863367,PUT_HOP,0,2,chordKey_39_77,
1778007863366,GET,63,2,chordKey_45_55,clients=50
1778007863368,GET,99,2,chordKey_29_70,clients=50
1778007863369,PUT,0,0,chordKey_29_71,clients=50
1778007863367,GET,76,2,chordKey_27_96,clients=50
1778007863370,PUT,0,0,chordKey_27_97,clients=50
1778007863367,GET,69,2,chordKey_23_88,clients=50
1778007863371,PUT,0,0,chordKey_23_89,clients=50
1778007863367,GET,68,2,chordKey_13_57,clients=50
1778007863372,PUT,0,0,chordKey_13_58,clients=50
1778007863368,PUT,0,0,chordKey_45_56,clients=50
1778007863375,PUT_HOP,0,2,chordKey_49_41,
1778007863376,GET,70,2,chordKey_43_46,clients=50
1778007863377,PUT,0,0,chordKey_43_47,clients=50
1778007863374,GET,60,2,chordKey_6_88,clients=50
1778007863380,PUT,0,0,chordKey_6_89,clients=50
1778007863394,PUT_HOP,0,2,chordKey_43_46,
1778007863403,PUT_HOP,0,2,chordKey_48_64,
1778007863405,GET,95,2,chordKey_39_77,clients=50
1778007863406,PUT,0,0,chordKey_39_78,clients=50
1778007863414,PUT_HOP,0,2,chordKey_6_88,
1778007863414,PUT_HOP,0,2,chordKey_46_86,
1778007863416,GET,93,2,chordKey_46_86,clients=50
1778007863416,PUT,0,0,chordKey_46_87,clients=50
1778007863426,GET,118,2,chordKey_49_41,clients=50
1778007863427,PUT,0,0,chordKey_49_42,clients=50
1778007863428,PUT_HOP,0,2,chordKey_20_83,
1778007863428,PUT_HOP,0,2,chordKey_7_70,
1778007863432,PUT_HOP,0,2,chordKey_24_82,
1778007863432,GET,87,2,chordKey_7_70,clients=50
1778007863432,GET,64,2,chordKey_40_51,clients=50
1778007863432,PUT,0,0,chordKey_7_71,clients=50
1778007863433,PUT_HOP,0,2,chordKey_23_89,
1778007863433,GET,90,2,chordKey_20_83,clients=50
1778007863433,PUT,0,0,chordKey_40_52,clients=50
1778007863433,GET,62,2,chordKey_23_89,clients=50
1778007863435,PUT,0,0,chordKey_23_90,clients=50
1778007863434,PUT,0,0,chordKey_20_84,clients=50
1778007863437,PUT_HOP,0,2,chordKey_40_51,
1778007863442,GET,78,2,chordKey_36_39,clients=50
1778007863441,PUT_HOP,0,2,chordKey_36_39,
1778007863445,PUT,0,0,chordKey_36_40,clients=50
1778007863448,PUT_HOP,0,2,chordKey_24_74,
1778007863447,PUT_HOP,0,2,chordKey_43_47,
1778007863449,PUT_HOP,0,2,chordKey_42_95,
1778007863449,GET,1123,2,chordKey_11_74,clients=50
1778007863450,GET,72,2,chordKey_43_47,clients=50
1778007863451,PUT,0,0,chordKey_43_48,clients=50
1778007863451,PUT_HOP,0,2,chordKey_19_63,
1778007863450,PUT,0,0,chordKey_11_75,clients=50
1778007863448,PUT_HOP,0,2,chordKey_40_52,
1778007863453,GET,1128,2,chordKey_32_68,clients=50
1778007863454,PUT,0,0,chordKey_32_69,clients=50
1778007863455,GET,1245,2,chordKey_30_94,clients=50
1778007863456,PUT,0,0,chordKey_30_95,clients=50
1778007863456,PUT_HOP,0,2,chordKey_26_77,
1778007863455,GET,1210,2,chordKey_42_95,clients=50
1778007863458,GET,153,2,chordKey_10_71,clients=50
1778007863459,PUT,0,0,chordKey_10_72,clients=50
1778007863457,GET,1242,2,chordKey_4_33,clients=50
1778007863458,PUT,0,0,chordKey_42_96,clients=50
1778007863460,PUT,0,0,chordKey_4_34,clients=50
1778007863465,GET,31,2,chordKey_40_52,clients=50
1778007863466,PUT,0,0,chordKey_40_53,clients=50
1778007863469,PUT_HOP,0,2,chordKey_30_94,
1778007863469,PUT_HOP,0,2,chordKey_43_48,
1778007863471,PUT_HOP,0,2,chordKey_4_33,
1778007863471,PUT_HOP,0,2,chordKey_30_95,
1778007863474,GET,16,2,chordKey_30_95,clients=50
1778007863474,PUT,0,0,chordKey_30_96,clients=50
1778007863475,GET,23,2,chordKey_43_48,clients=50
1778007863476,PUT,0,0,chordKey_43_49,clients=50
1778007863476,GET,15,2,chordKey_42_96,clients=50
1778007863476,GET,1229,2,chordKey_26_77,clients=50
1778007863478,PUT,0,0,chordKey_26_78,clients=50
1778007863478,PUT,1,0,chordKey_42_97,clients=50
1778007863480,PUT_HOP,0,2,chordKey_42_96,
1778007863482,GET,125,2,chordKey_24_82,clients=50
1778007863483,PUT_HOP,0,2,chordKey_40_53,
1778007863486,GET,20,2,chordKey_40_53,clients=50
1778007863487,PUT_HOP,0,2,chordKey_16_88,
1778007863482,GET,117,2,chordKey_12_82,clients=50
1778007863488,PUT_HOP,0,2,chordKey_45_56,
1778007863488,PUT,0,0,chordKey_12_83,clients=50
1778007863488,PUT_HOP,0,2,chordKey_12_82,
1778007863489,PUT_HOP,0,2,chordKey_30_96,
1778007863489,PUT_HOP,0,2,chordKey_29_71,
1778007863488,PUT,0,0,chordKey_40_54,clients=50
1778007863487,PUT,0,0,chordKey_24_83,clients=50
1778007863489,GET,127,2,chordKey_16_88,clients=50
1778007863493,PUT,0,0,chordKey_16_89,clients=50
1778007863494,GET,1175,2,chordKey_18_64,clients=50
1778007863496,PUT,0,0,chordKey_18_65,clients=50
1778007863498,GET,127,2,chordKey_27_97,clients=50
1778007863498,PUT_HOP,0,2,chordKey_6_89,
1778007863499,PUT,0,0,chordKey_27_98,clients=50
1778007863498,GET,121,2,chordKey_45_56,clients=50
1778007863500,PUT,0,0,chordKey_45_57,clients=50
1778007863501,GET,131,2,chordKey_29_71,clients=50
1778007863501,PUT_HOP,0,2,chordKey_27_97,
1778007863501,PUT_HOP,0,2,chordKey_2_77,
1778007863502,PUT,0,0,chordKey_29_72,clients=50
1778007863502,GET,130,2,chordKey_13_58,clients=50
1778007863504,PUT_HOP,0,2,chordKey_32_69,
1778007863509,PUT_HOP,0,2,chordKey_43_49,
1778007863512,GET,32,2,chordKey_42_97,clients=50
1778007863509,PUT_HOP,0,2,chordKey_13_58,
1778007863511,GET,192,2,chordKey_19_63,clients=50
1778007863514,PUT,0,0,chordKey_19_64,clients=50
1778007863510,GET,189,2,chordKey_2_77,clients=50
1778007863508,GET,127,2,chordKey_6_89,clients=50
1778007863506,GET,51,2,chordKey_32_69,clients=50
1778007863505,GET,30,2,chordKey_30_96,clients=50
1778007863516,PUT,0,0,chordKey_32_70,clients=50
1778007863515,PUT,0,0,chordKey_6_90,clients=50
1778007863515,PUT,0,0,chordKey_2_78,clients=50
1778007863513,PUT,0,0,chordKey_42_98,clients=50
1778007863513,PUT,0,0,chordKey_13_59,clients=50
1778007863516,PUT,0,0,chordKey_30_97,clients=50
1778007863518,PUT_HOP,0,2,chordKey_39_78,
1778007863520,GET,113,2,chordKey_39_78,clients=50
1778007863520,PUT_HOP,0,2,chordKey_10_71,
1778007863520,GET,193,2,chordKey_0_75,clients=50
1778007863521,PUT,0,0,chordKey_0_76,clients=50
1778007863521,PUT_HOP,0,2,chordKey_0_75,
1778007863520,PUT,0,0,chordKey_39_79,clients=50
1778007863522,GET,190,2,chordKey_37_66,clients=50
1778007863522,PUT_HOP,0,2,chordKey_5_66,
1778007863523,PUT,0,0,chordKey_37_67,clients=50
1778007863524,GET,47,2,chordKey_43_49,clients=50
1778007863524,PUT_HOP,0,2,chordKey_46_87,
1778007863524,GET,177,2,chordKey_34_75,clients=50
1778007863524,PUT_HOP,0,2,chordKey_3_60,
1778007863524,PUT,0,0,chordKey_43_50,clients=50
1778007863525,GET,197,2,chordKey_5_66,clients=50
1778007863525,GET,195,2,chordKey_3_60,clients=50
1778007863525,GET,108,2,chordKey_46_87,clients=50
1778007863527,GET,1209,2,chordKey_9_28,clients=50
1778007863527,PUT_HOP,0,2,chordKey_34_75,
1778007863527,GET,100,2,chordKey_49_42,clients=50
1778007863528,GET,203,2,chordKey_28_76,clients=50
1778007863528,PUT_HOP,0,2,chordKey_20_84,
1778007863528,GET,93,2,chordKey_23_90,clients=50
1778007863525,PUT,0,0,chordKey_34_76,clients=50
1778007863529,GET,95,2,chordKey_7_71,clients=50
1778007863529,PUT_HOP,0,2,chordKey_49_42,
1778007863529,PUT,0,0,chordKey_28_77,clients=50
1778007863530,PUT_HOP,0,2,chordKey_28_76,
1778007863528,PUT,0,0,chordKey_49_43,clients=50
1778007863530,PUT_HOP,0,2,chordKey_37_66,
1778007863528,PUT,0,0,chordKey_9_29,clients=50
1778007863527,PUT,0,0,chordKey_46_88,clients=50
1778007863527,PUT,0,0,chordKey_3_61,clients=50
1778007863526,PUT,0,0,chordKey_5_67,clients=50
1778007863530,PUT,0,0,chordKey_7_72,clients=50
1778007863529,PUT,0,0,chordKey_23_91,clients=50
1778007863537,PUT_HOP,0,2,chordKey_7_71,
1778007863538,PUT_HOP,0,2,chordKey_40_54,
1778007863538,PUT_HOP,0,2,chordKey_23_90,
1778007863539,PUT_HOP,0,2,chordKey_42_97,
1778007863543,GET,107,2,chordKey_20_84,clients=50
1778007863545,PUT_HOP,0,2,chordKey_36_40,
1778007863546,PUT,0,0,chordKey_20_85,clients=50
1778007863549,GET,56,2,chordKey_40_54,clients=50
1778007863549,PUT,0,0,chordKey_40_55,clients=50
1778007863555,PUT_HOP,0,2,chordKey_11_75,
1778007863556,GET,108,2,chordKey_36_40,clients=50
1778007863557,PUT,0,0,chordKey_36_41,clients=50
1778007863559,PUT_HOP,0,2,chordKey_24_83,
1778007863561,GET,109,2,chordKey_11_75,clients=50
1778007863561,PUT_HOP,0,2,chordKey_4_34,
1778007863563,PUT,0,0,chordKey_11_76,clients=50
1778007863565,GET,103,2,chordKey_4_34,clients=50
1778007863566,PUT,0,0,chordKey_4_35,clients=50
1778007863567,GET,108,2,chordKey_10_72,clients=50
1778007863568,PUT,0,0,chordKey_10_73,clients=50
1778007863570,PUT_HOP,0,2,chordKey_12_83,
1778007863571,PUT_HOP,0,2,chordKey_10_72,
1778007863572,PUT_HOP,0,2,chordKey_16_89,
1778007863572,GET,81,2,chordKey_12_83,clients=50
1778007863572,PUT_HOP,0,2,chordKey_26_78,
1778007863573,PUT,0,0,chordKey_12_84,clients=50
1778007863575,PUT_HOP,0,2,chordKey_18_65,
1778007863576,GET,82,2,chordKey_24_83,clients=50
1778007863576,PUT_HOP,0,2,chordKey_27_98,
1778007863577,PUT,0,0,chordKey_24_84,clients=50
1778007863577,GET,98,2,chordKey_26_78,clients=50
1778007863578,GET,82,2,chordKey_18_65,clients=50
1778007863579,PUT,0,0,chordKey_18_66,clients=50
1778007863578,PUT,0,0,chordKey_26_79,clients=50
1778007863583,GET,82,2,chordKey_45_57,clients=50
1778007863584,PUT_HOP,0,2,chordKey_45_57,
1778007863584,GET,80,2,chordKey_29_72,clients=50
1778007863585,PUT,0,0,chordKey_29_73,clients=50
1778007863584,GET,89,2,chordKey_16_89,clients=50
1778007863586,PUT_HOP,0,2,chordKey_29_72,
1778007863587,PUT,0,0,chordKey_16_90,clients=50
1778007863584,PUT,0,0,chordKey_45_58,clients=50
1778007863586,GET,86,2,chordKey_27_98,clients=50
1778007863589,PUT_HOP,0,2,chordKey_2_78,
1778007863595,PUT_HOP,0,2,chordKey_42_98,
1778007863598,GET,81,2,chordKey_6_90,clients=50
1778007863599,PUT_HOP,0,2,chordKey_13_59,
1778007863600,PUT_HOP,0,2,chordKey_43_50,
1778007863602,PUT,0,0,chordKey_6_91,clients=50
1778007863602,PUT_HOP,0,2,chordKey_39_79,
1778007863601,GET,76,2,chordKey_43_50,clients=50
1778007863603,PUT,0,0,chordKey_43_51,clients=50
1778007863603,GET,84,2,chordKey_13_59,clients=50
1778007863604,PUT_HOP,0,2,chordKey_6_90,
1778007863604,PUT_HOP,0,2,chordKey_30_97,
1778007863612,PUT_HOP,0,2,chordKey_23_91,
1778007863616,PUT_HOP,0,2,chordKey_46_88,
1778007863615,GET,83,2,chordKey_46_88,clients=50
1778007863606,GET,84,2,chordKey_39_79,clients=50
1778007863619,PUT,0,0,chordKey_39_80,clients=50
1778007863605,GET,87,2,chordKey_42_98,clients=50
1778007863621,PUT,0,0,chordKey_42_99,clients=50
1778007863621,GET,101,2,chordKey_30_97,clients=50
1778007863622,GET,89,2,chordKey_23_91,clients=50
1778007863620,GET,88,2,chordKey_7_72,clients=50
1778007863619,PUT,0,0,chordKey_46_89,clients=50
1778007863623,PUT_HOP,0,2,chordKey_7_72,
1778007863617,PUT,0,0,chordKey_13_60,clients=50
1778007863623,PUT_HOP,0,2,chordKey_20_85,
1778007863623,PUT,0,0,chordKey_7_73,clients=50
1778007863622,PUT,0,0,chordKey_23_92,clients=50
1778007863622,GET,75,2,chordKey_20_85,clients=50
1778007863624,PUT_HOP,0,2,chordKey_32_70,
1778007863622,PUT,0,0,chordKey_30_98,clients=50
1778007863625,PUT,0,0,chordKey_20_86,clients=50
1778007863624,PUT_HOP,0,2,chordKey_19_64,
1778007863627,GET,112,2,chordKey_19_64,clients=50
1778007863628,PUT,0,0,chordKey_19_65,clients=50
1778007863650,GET,133,2,chordKey_2_78,clients=50
1778007863651,PUT,0,0,chordKey_2_79,clients=50
1778007863651,GET,1179,2,chordKey_33_90,clients=50
1778007863658,PUT_HOP,0,2,chordKey_37_67,
1778007863658,PUT,0,0,chordKey_33_91,clients=50
1778007863650,GET,1185,2,chordKey_48_65,clients=50
1778007863659,PUT_HOP,0,2,chordKey_5_67,
1778007863659,PUT,0,0,chordKey_48_66,clients=50
1778007863659,PUT_HOP,0,2,chordKey_12_84,
1778007863652,GET,135,2,chordKey_32_70,clients=50
1778007863660,PUT,0,0,chordKey_32_71,clients=50
1778007863660,GET,97,2,chordKey_11_76,clients=50
1778007863661,PUT,0,0,chordKey_11_77,clients=50
1778007863662,PUT_HOP,0,2,chordKey_11_76,
1778007863662,PUT_HOP,0,2,chordKey_36_41,
1778007863662,GET,104,2,chordKey_36_41,clients=50
1778007863663,PUT_HOP,0,2,chordKey_18_66,
1778007863663,GET,85,2,chordKey_24_84,clients=50
1778007863663,PUT,0,0,chordKey_36_42,clients=50
1778007863663,PUT,0,0,chordKey_24_85,clients=50
1778007863664,PUT_HOP,0,2,chordKey_33_90,
1778007863664,PUT_HOP,0,2,chordKey_24_84,
1778007863665,GET,90,2,chordKey_12_84,clients=50
1778007863666,PUT,0,0,chordKey_12_85,clients=50
1778007863667,PUT_HOP,0,2,chordKey_45_58,
1778007863669,GET,145,2,chordKey_37_67,clients=50
1778007863669,PUT,0,0,chordKey_37_68,clients=50
1778007863669,PUT_HOP,0,2,chordKey_40_55,
1778007863670,PUT_HOP,0,2,chordKey_34_76,
1778007863671,GET,90,2,chordKey_18_66,clients=50
1778007863671,PUT_HOP,0,2,chordKey_3_61,
1778007863671,GET,85,2,chordKey_29_73,clients=50
1778007863671,PUT,0,0,chordKey_18_67,clients=50
1778007863672,PUT,0,0,chordKey_29_74,clients=50
1778007863675,PUT_HOP,0,2,chordKey_29_73,
1778007863677,PUT_HOP,0,2,chordKey_28_77,
1778007863678,GET,127,2,chordKey_40_55,clients=50
1778007863679,PUT,0,0,chordKey_40_56,clients=50
1778007863679,PUT_HOP,0,2,chordKey_0_76,
1778007863679,GET,150,2,chordKey_34_76,clients=50
1778007863680,PUT,0,0,chordKey_34_77,clients=50
1778007863687,GET,156,2,chordKey_49_43,clients=50
1778007863688,PUT_HOP,0,2,chordKey_49_43,
1778007863687,GET,155,2,chordKey_3_61,clients=50
1778007863697,GET,166,2,chordKey_9_29,clients=50
1778007863698,PUT,0,0,chordKey_9_30,clients=50
1778007863691,PUT,0,0,chordKey_49_44,clients=50
1778007863699,GET,177,2,chordKey_0_76,clients=50
1778007863700,PUT,0,0,chordKey_0_77,clients=50
1778007863697,PUT,0,0,chordKey_3_62,clients=50
1778007863701,PUT_HOP,0,2,chordKey_10_73,
1778007863702,GET,170,2,chordKey_5_67,clients=50
1778007863703,PUT,0,0,chordKey_5_68,clients=50
1778007863703,GET,136,2,chordKey_4_35,clients=50
1778007863702,GET,172,2,chordKey_28_77,clients=50
1778007863704,PUT,0,0,chordKey_4_36,clients=50
1778007863711,PUT_HOP,0,2,chordKey_4_35,
1778007863709,GET,106,2,chordKey_43_51,clients=50
1778007863715,PUT,0,0,chordKey_43_52,clients=50
1778007863706,PUT,0,0,chordKey_28_78,clients=50
1778007863724,PUT_HOP,0,2,chordKey_46_89,
1778007863727,PUT_HOP,0,2,chordKey_23_92,
1778007863737,GET,113,2,chordKey_7_73,clients=50
1778007863737,PUT_HOP,0,2,chordKey_43_51,
1778007863737,GET,113,2,chordKey_23_92,clients=50
1778007863738,PUT_HOP,0,2,chordKey_7_73,
1778007863738,PUT,0,0,chordKey_23_93,clients=50
1778007863738,PUT,0,0,chordKey_7_74,clients=50
1778007863739,PUT_HOP,0,2,chordKey_33_91,
1778007863740,GET,116,2,chordKey_46_89,clients=50
1778007863740,PUT_HOP,0,2,chordKey_48_66,
1778007863740,PUT,0,0,chordKey_46_90,clients=50
1778007863742,PUT_HOP,0,2,chordKey_20_86,
1778007863742,GET,117,2,chordKey_20_86,clients=50
1778007863743,PUT,0,0,chordKey_20_87,clients=50
1778007863743,PUT_HOP,0,2,chordKey_6_91,
1778007863743,GET,83,2,chordKey_48_66,clients=50
1778007863744,PUT,0,0,chordKey_48_67,clients=50
1778007863745,GET,86,2,chordKey_33_91,clients=50
1778007863745,GET,142,2,chordKey_6_91,clients=50
1778007863746,PUT,0,0,chordKey_6_92,clients=50
1778007863746,PUT,1,0,chordKey_33_92,clients=50
1778007863750,GET,88,2,chordKey_11_77,clients=50
1778007863750,PUT_HOP,0,2,chordKey_36_42,
1778007863752,GET,85,2,chordKey_12_85,clients=50
1778007863751,PUT_HOP,0,2,chordKey_11_77,
1778007863753,GET,88,2,chordKey_36_42,clients=50
1778007863752,PUT_HOP,0,2,chordKey_24_85,
1778007863752,PUT,0,0,chordKey_11_78,clients=50
1778007863753,PUT,0,0,chordKey_36_43,clients=50
1778007863753,PUT,0,0,chordKey_12_86,clients=50
1778007863758,GET,176,2,chordKey_26_79,clients=50
1778007863758,PUT_HOP,0,2,chordKey_18_67,
1778007863758,PUT,0,0,chordKey_26_80,clients=50
1778007863758,GET,189,2,chordKey_10_73,clients=50
1778007863760,PUT,0,0,chordKey_10_74,clients=50
1778007863760,PUT_HOP,0,2,chordKey_26_79,
1778007863760,GET,96,2,chordKey_24_85,clients=50
1778007863761,GET,89,2,chordKey_18_67,clients=50
1778007863762,GET,141,2,chordKey_42_99,clients=50
1778007863763,PUT,0,0,chordKey_18_68,clients=50
1778007863763,PUT_HOP,0,2,chordKey_12_85,
1778007863762,PUT,0,0,chordKey_24_86,clients=50
1778007863763,GET,90,2,chordKey_29_74,clients=50
1778007863764,PUT_HOP,0,2,chordKey_29_74,
1778007863764,PUT,0,0,chordKey_29_75,clients=50
1778007863769,PUT_HOP,0,2,chordKey_30_98,
1778007863771,PUT_HOP,0,2,chordKey_16_90,
1778007863772,GET,147,2,chordKey_30_98,clients=50
1778007863773,PUT,0,0,chordKey_30_99,clients=50
1778007863775,PUT_HOP,0,2,chordKey_13_60,
1778007863775,GET,155,2,chordKey_39_80,clients=50
1778007863776,PUT,0,0,chordKey_39_81,clients=50
1778007863779,PUT_HOP,0,2,chordKey_42_99,
1778007863779,PUT_HOP,0,2,chordKey_39_80,
1778007863783,GET,159,2,chordKey_13_60,clients=50
1778007863785,PUT,0,0,chordKey_13_61,clients=50
1778007863786,GET,129,2,chordKey_2_79,clients=50
1778007863787,PUT_HOP,0,2,chordKey_19_65,
1778007863788,PUT_HOP,0,2,chordKey_34_77,
1778007863788,PUT,0,0,chordKey_2_80,clients=50
1778007863793,PUT_HOP,0,2,chordKey_9_30,
1778007863796,GET,97,2,chordKey_9_30,clients=50
1778007863797,PUT,0,0,chordKey_9_31,clients=50
1778007863797,PUT_HOP,0,2,chordKey_32_71,
1778007863798,GET,117,2,chordKey_34_77,clients=50
1778007863799,PUT,0,0,chordKey_34_78,clients=50
1778007863802,PUT_HOP,0,2,chordKey_2_79,
1778007863802,GET,132,2,chordKey_37_68,clients=50
1778007863803,PUT_HOP,0,2,chordKey_37_68,
1778007863803,PUT,0,0,chordKey_37_69,clients=50
1778007863804,GET,143,2,chordKey_32_71,clients=50
1778007863807,PUT,1,0,chordKey_32_72,clients=50
1778007863803,GET,168,2,chordKey_19_65,clients=50
1778007863808,PUT_HOP,0,2,chordKey_43_52,
1778007863809,PUT,0,0,chordKey_19_66,clients=50
1778007863810,GET,110,2,chordKey_49_44,clients=50
1778007863810,PUT_HOP,0,2,chordKey_40_56,
1778007863810,PUT_HOP,0,2,chordKey_49_44,
1778007863811,PUT,0,0,chordKey_49_45,clients=50
1778007863812,GET,96,2,chordKey_43_52,clients=50
1778007863813,PUT,0,0,chordKey_43_53,clients=50
1778007863813,PUT_HOP,0,2,chordKey_0_77,
1778007863825,PUT_HOP,0,2,chordKey_6_92,
1778007863826,GET,78,2,chordKey_6_92,clients=50
1778007863827,PUT,0,0,chordKey_6_93,clients=50
1778007863829,GET,149,2,chordKey_40_56,clients=50
1778007863830,PUT,0,0,chordKey_40_57,clients=50
1778007863850,GET,149,2,chordKey_3_62,clients=50
1778007863853,PUT,0,0,chordKey_3_63,clients=50
1778007863858,PUT_HOP,0,2,chordKey_3_62,
1778007863858,PUT_HOP,0,2,chordKey_4_36,
1778007863869,GET,169,2,chordKey_0_77,clients=50
1778007863870,PUT,0,0,chordKey_0_78,clients=50
1778007863871,PUT_HOP,0,2,chordKey_23_93,
1778007863872,PUT_HOP,0,2,chordKey_5_68,
1778007863873,PUT_HOP,0,2,chordKey_30_99,
1778007863879,GET,105,2,chordKey_30_99,clients=50
1778007863880,PUT_HOP,0,2,chordKey_34_78,
1778007863881,PUT_HOP,0,2,chordKey_37_69,
1778007863882,GET,82,2,chordKey_34_78,clients=50
1778007863883,PUT,0,0,chordKey_34_79,clients=50
1778007863889,GET,150,2,chordKey_7_74,clients=50
1778007863890,PUT,0,0,chordKey_7_75,clients=50
1778007863890,GET,144,2,chordKey_48_67,clients=50
1778007863892,PUT,0,0,chordKey_48_68,clients=50
1778007863891,GET,151,2,chordKey_23_93,clients=50
1778007863893,PUT,0,0,chordKey_23_94,clients=50
1778007863893,GET,88,2,chordKey_37_69,clients=50
1778007863894,PUT,0,0,chordKey_37_70,clients=50
1778007863897,PUT_HOP,0,2,chordKey_20_87,
1778007863898,PUT_HOP,0,2,chordKey_7_74,
1778007863900,PUT_HOP,0,2,chordKey_48_67,
1778007863900,PUT_HOP,0,2,chordKey_33_92,
1778007863902,GET,189,2,chordKey_4_36,clients=50
1778007863902,PUT_HOP,0,2,chordKey_28_78,
1778007863903,PUT,0,0,chordKey_4_37,clients=50
1778007863904,GET,200,2,chordKey_5_68,clients=50
1778007863905,PUT,0,0,chordKey_5_69,clients=50
1778007863912,PUT_HOP,0,2,chordKey_12_86,
1778007863914,PUT_HOP,0,2,chordKey_36_43,
1778007863917,PUT,1076,0,chordKey_35_72,clients=50
1778007863917,PUT_HOP,0,2,chordKey_18_68,
1778007863918,PUT_HOP,0,2,chordKey_29_75,
1778007863919,GET,175,2,chordKey_20_87,clients=50
1778007863920,PUT_HOP,0,2,chordKey_11_78,
1778007863920,PUT,0,0,chordKey_20_88,clients=50
1778007863921,GET,171,2,chordKey_33_92,clients=50
1778007863921,PUT_HOP,0,2,chordKey_26_80,
1778007863921,PUT,0,0,chordKey_33_93,clients=50
1778007863923,GET,206,2,chordKey_28_78,clients=50
1778007863923,PUT,0,0,chordKey_28_79,clients=50
1778007863924,PUT_HOP,0,2,chordKey_46_90,
1778007863925,GET,184,2,chordKey_46_90,clients=50
1778007863925,PUT,0,0,chordKey_46_91,clients=50
1778007863929,PUT_HOP,0,2,chordKey_39_81,
1778007863929,GET,175,2,chordKey_36_43,clients=50
1778007863930,PUT,0,0,chordKey_36_44,clients=50
1778007863931,GET,167,2,chordKey_24_86,clients=50
1778007863932,PUT,0,0,chordKey_24_87,clients=50
1778007863937,PUT_HOP,0,2,chordKey_40_57,
1778007863937,GET,107,2,chordKey_40_57,clients=50
1778007863938,PUT,0,0,chordKey_40_58,clients=50
1778007863939,GET,55,2,chordKey_34_79,clients=50
1778007863940,PUT,0,0,chordKey_34_80,clients=50
1778007863941,PUT_HOP,0,2,chordKey_34_79,
1778007863946,PUT_HOP,0,1,chordKey_40_58,
1778007863958,GET,194,2,chordKey_18_68,clients=50
1778007863959,PUT,0,0,chordKey_18_69,clients=50
1778007863958,GET,204,2,chordKey_11_78,clients=50
1778007863959,GET,20,1,chordKey_40_58,clients=50
1778007863960,PUT_HOP,0,2,chordKey_24_86,
1778007863960,PUT,0,0,chordKey_11_79,clients=50
1778007863960,PUT_HOP,0,2,chordKey_2_80,
1778007863960,GET,205,2,chordKey_12_86,clients=50
1778007863961,PUT,0,0,chordKey_12_87,clients=50
1778007863960,GET,171,2,chordKey_2_80,clients=50
1778007863960,PUT,0,0,chordKey_40_59,clients=50
1778007863962,PUT,0,0,chordKey_2_81,clients=50
1778007863966,GET,200,2,chordKey_29_75,clients=50
1778007863967,PUT,0,0,chordKey_29_76,clients=50
1778007863970,PUT_HOP,0,2,chordKey_32_72,
1778007863978,PUT_HOP,0,2,chordKey_10_74,
1778007863978,GET,180,2,chordKey_9_31,clients=50
1778007863978,PUT_HOP,0,2,chordKey_13_61,
1778007863979,PUT,0,0,chordKey_9_32,clients=50
1778007863982,GET,168,2,chordKey_43_53,clients=50
1778007863982,GET,1199,2,chordKey_14_80,clients=50
1778007863985,PUT,0,0,chordKey_14_81,clients=50
1778007863985,PUT_HOP,0,2,chordKey_43_53,
1778007863985,PUT_HOP,0,2,chordKey_9_31,
1778007863983,PUT,0,0,chordKey_43_54,clients=50
1778007863988,GET,211,2,chordKey_39_81,clients=50
1778007863988,PUT_HOP,0,2,chordKey_19_66,
1778007863988,PUT_HOP,0,2,chordKey_49_45,
1778007863990,PUT,0,0,chordKey_39_82,clients=50
1778007863991,GET,181,2,chordKey_19_66,clients=50
1778007863991,GET,204,2,chordKey_13_61,clients=50
1778007863992,PUT_HOP,0,2,chordKey_6_93,
1778007863992,PUT,0,0,chordKey_13_62,clients=50
1778007863992,GET,180,2,chordKey_49_45,clients=50
1778007863993,PUT_HOP,0,2,chordKey_7_75,
1778007863993,GET,185,2,chordKey_32_72,clients=50
1778007863994,PUT,0,0,chordKey_32_73,clients=50
1778007863992,PUT,0,0,chordKey_19_67,clients=50
1778007863994,GET,103,2,chordKey_7_75,clients=50
1778007863994,PUT,0,0,chordKey_49_46,clients=50
1778007863992,GET,164,2,chordKey_6_93,clients=50
1778007863996,PUT,0,0,chordKey_6_94,clients=50
1778007863997,PUT_HOP,0,2,chordKey_48_68,
1778007863995,PUT,0,0,chordKey_7_76,clients=50
1778007863999,PUT_HOP,0,2,chordKey_23_94,
1778007864002,GET,109,2,chordKey_23_94,clients=50
1778007864003,PUT,0,0,chordKey_23_95,clients=50
1778007864004,PUT_HOP,0,2,chordKey_3_63,
1778007864004,GET,109,2,chordKey_37_70,clients=50
1778007864005,PUT,0,0,chordKey_37_71,clients=50
1778007864005,GET,151,2,chordKey_3_63,clients=50
1778007864006,PUT,0,0,chordKey_3_64,clients=50
1778007864007,PUT_HOP,0,2,chordKey_37_70,
1778007864009,PUT_HOP,0,2,chordKey_35_72,
1778007864010,PUT_HOP,0,2,chordKey_20_88,
1778007864020,GET,149,2,chordKey_0_78,clients=50
1778007864020,PUT,0,0,chordKey_0_79,clients=50
1778007864020,GET,99,2,chordKey_20_88,clients=50
1778007864022,GET,91,2,chordKey_36_44,clients=50
1778007864022,PUT_HOP,0,2,chordKey_36_44,
1778007864023,PUT_HOP,0,2,chordKey_33_93,
1778007864023,PUT,0,0,chordKey_36_45,clients=50
1778007864023,PUT_HOP,0,2,chordKey_0_78,
1778007864021,GET,102,2,chordKey_35_72,clients=50
1778007864024,PUT,0,0,chordKey_35_73,clients=50
1778007864023,GET,100,2,chordKey_33_93,clients=50
1778007864025,PUT,0,0,chordKey_33_94,clients=50
1778007864022,PUT,0,0,chordKey_20_89,clients=50
1778007864027,GET,122,2,chordKey_4_37,clients=50
1778007864028,PUT,0,0,chordKey_4_38,clients=50
1778007864031,GET,121,2,chordKey_5_69,clients=50
1778007864031,PUT,0,0,chordKey_5_70,clients=50
1778007864032,PUT_HOP,0,2,chordKey_4_37,
1778007864032,PUT_HOP,0,2,chordKey_5_69,
1778007864032,GET,108,2,chordKey_28_79,clients=50
1778007864032,PUT_HOP,0,2,chordKey_28_79,
1778007864033,PUT,0,0,chordKey_28_80,clients=50
1778007864043,PUT_HOP,0,2,chordKey_24_87,
1778007864044,PUT_HOP,0,2,chordKey_18_69,
1778007864045,PUT_HOP,0,2,chordKey_34_80,
1778007864047,GET,114,2,chordKey_24_87,clients=50
1778007864047,PUT_HOP,0,2,chordKey_11_79,
1778007864048,PUT_HOP,0,2,chordKey_40_59,
1778007864052,PUT,0,0,chordKey_24_88,clients=50
1778007864053,PUT_HOP,0,2,chordKey_12_87,
1778007864054,GET,92,2,chordKey_12_87,clients=50
1778007864054,GET,94,2,chordKey_18_69,clients=50
1778007864055,PUT,0,0,chordKey_18_70,clients=50
1778007864055,PUT,0,0,chordKey_12_88,clients=50
1778007864058,PUT_HOP,0,2,chordKey_2_81,
1778007864058,GET,118,2,chordKey_34_80,clients=50
1778007864059,PUT,0,0,chordKey_34_81,clients=50
1778007864060,GET,99,2,chordKey_11_79,clients=50
1778007864060,GET,97,2,chordKey_40_59,clients=50
1778007864061,PUT,0,0,chordKey_40_60,clients=50
1778007864059,GET,95,2,chordKey_2_81,clients=50
1778007864060,PUT,0,0,chordKey_11_80,clients=50
1778007864062,PUT,0,0,chordKey_2_82,clients=50
1778007864068,GET,100,2,chordKey_29_76,clients=50
1778007864068,PUT_HOP,0,2,chordKey_29_76,
1778007864069,PUT,0,0,chordKey_29_77,clients=50
1778007864069,PUT_HOP,0,2,chordKey_9_32,
1778007864071,GET,90,2,chordKey_9_32,clients=50
1778007864072,PUT,0,0,chordKey_9_33,clients=50
1778007864072,PUT_HOP,0,2,chordKey_14_81,
1778007864073,PUT_HOP,0,2,chordKey_43_54,
1778007864074,GET,87,2,chordKey_14_81,clients=50
1778007864074,PUT,0,0,chordKey_14_82,clients=50
1778007864075,PUT_HOP,0,2,chordKey_39_82,
1778007864075,GET,88,2,chordKey_43_54,clients=50
1778007864076,PUT,0,0,chordKey_43_55,clients=50
1778007864076,PUT_HOP,0,2,chordKey_7_76,
1778007864078,PUT_HOP,0,2,chordKey_13_62,
1778007864096,PUT_HOP,0,2,chordKey_49_46,
1778007864096,PUT_HOP,0,2,chordKey_19_67,
1778007864097,GET,104,2,chordKey_13_62,clients=50
1778007864098,PUT,0,0,chordKey_13_63,clients=50
1778007864099,GET,100,2,chordKey_7_76,clients=50
1778007864100,PUT,0,0,chordKey_7_77,clients=50
1778007864102,GET,110,2,chordKey_39_82,clients=50
1778007864103,PUT,0,0,chordKey_39_83,clients=50
1778007864105,GET,100,2,chordKey_23_95,clients=50
1778007864106,PUT,0,0,chordKey_23_96,clients=50
1778007864108,GET,113,2,chordKey_32_73,clients=50
1778007864109,PUT,0,0,chordKey_32_74,clients=50
1778007864111,PUT_HOP,0,2,chordKey_23_95,
1778007864119,PUT_HOP,0,2,chordKey_37_71,
1778007864123,GET,117,2,chordKey_37_71,clients=50
1778007864123,GET,98,2,chordKey_35_73,clients=50
1778007864124,PUT,0,0,chordKey_37_72,clients=50
1778007864124,PUT,0,0,chordKey_35_74,clients=50
1778007864125,PUT_HOP,0,2,chordKey_20_89,
1778007864126,PUT_HOP,0,2,chordKey_32_73,
1778007864139,PUT_HOP,0,2,chordKey_6_94,
1778007864140,PUT_HOP,0,2,chordKey_3_64,
1778007864140,GET,119,2,chordKey_0_79,clients=50
1778007864141,PUT,0,0,chordKey_0_80,clients=50
1778007864141,GET,146,2,chordKey_19_67,clients=50
1778007864142,PUT,0,0,chordKey_19_68,clients=50
1778007864142,GET,116,2,chordKey_33_94,clients=50
1778007864143,PUT_HOP,0,2,chordKey_35_73,
1778007864144,PUT_HOP,0,2,chordKey_33_94,
1778007864144,PUT,0,0,chordKey_33_95,clients=50
1778007864145,GET,118,2,chordKey_20_89,clients=50
1778007864145,PUT_HOP,0,2,chordKey_36_45,
1778007864145,GET,121,2,chordKey_36_45,clients=50
1778007864146,PUT_HOP,0,2,chordKey_5_70,
1778007864146,PUT,0,0,chordKey_36_46,clients=50
1778007864145,PUT,0,0,chordKey_20_90,clients=50
1778007864146,PUT_HOP,0,2,chordKey_0_79,
1778007864149,GET,151,2,chordKey_6_94,clients=50
1778007864149,PUT_HOP,0,2,chordKey_28_80,
1778007864149,GET,117,2,chordKey_5_70,clients=50
1778007864149,PUT,0,0,chordKey_6_95,clients=50
1778007864151,PUT,0,0,chordKey_5_71,clients=50
1778007864152,GET,118,2,chordKey_28_80,clients=50
1778007864152,PUT_HOP,0,2,chordKey_24_88,
1778007864153,PUT,0,0,chordKey_28_81,clients=50
1778007864154,PUT_HOP,0,2,chordKey_12_88,
1778007864154,GET,158,2,chordKey_49_46,clients=50
1778007864155,PUT,0,0,chordKey_49_47,clients=50
1778007864156,GET,149,2,chordKey_3_64,clients=50
1778007864156,PUT,0,0,chordKey_3_65,clients=50
1778007864156,GET,103,2,chordKey_24_88,clients=50
1778007864158,PUT,0,0,chordKey_24_89,clients=50
1778007864167,PUT,1052,0,chordKey_47_88,clients=50
1778007864167,PUT_HOP,0,2,chordKey_34_81,
1778007864168,GET,112,2,chordKey_12_88,clients=50
1778007864168,PUT_HOP,0,2,chordKey_40_60,
1778007864169,PUT_HOP,0,2,chordKey_40_46,
1778007864170,PUT_HOP,0,2,chordKey_2_82,
1778007864177,GET,115,2,chordKey_40_60,clients=50
1778007864169,GET,106,2,chordKey_2_82,clients=50
1778007864168,GET,108,2,chordKey_34_81,clients=50
1778007864178,PUT,0,0,chordKey_2_83,clients=50
1778007864179,PUT,0,0,chordKey_34_82,clients=50
1778007864178,PUT,0,0,chordKey_40_61,clients=50
1778007864177,PUT,0,0,chordKey_12_89,clients=50
1778007864196,PUT_HOP,0,2,chordKey_4_38,
1778007864198,GET,142,2,chordKey_18_70,clients=50
1778007864200,PUT_HOP,0,2,chordKey_13_63,
1778007864208,PUT,0,0,chordKey_18_71,clients=50
1778007864198,PUT_HOP,0,2,chordKey_11_80,
1778007864202,GET,173,2,chordKey_4_38,clients=50
1778007864196,PUT_HOP,0,2,chordKey_18_70,
1778007864209,PUT,0,0,chordKey_4_39,clients=50
1778007864201,GET,138,2,chordKey_11_80,clients=50
1778007864210,PUT,0,0,chordKey_11_81,clients=50
1778007864210,PUT_HOP,0,2,chordKey_29_77,
1778007864210,GET,141,2,chordKey_29_77,clients=50
1778007864211,PUT_HOP,0,2,chordKey_43_55,
1778007864211,PUT,0,0,chordKey_29_78,clients=50
1778007864211,PUT_HOP,0,2,chordKey_14_82,
1778007864212,PUT_HOP,0,2,chordKey_39_83,
1778007864212,PUT_HOP,0,2,chordKey_9_33,
1778007864216,GET,143,2,chordKey_9_33,clients=50
1778007864216,GET,118,2,chordKey_13_63,clients=50
1778007864217,PUT,0,0,chordKey_13_64,clients=50
1778007864219,PUT_HOP,0,2,chordKey_19_68,
1778007864217,PUT,0,0,chordKey_9_34,clients=50
1778007864220,GET,110,2,chordKey_32_74,clients=50
1778007864221,PUT,0,0,chordKey_32_75,clients=50
1778007864222,PUT_HOP,0,2,chordKey_32_74,
1778007864222,GET,147,2,chordKey_14_82,clients=50
1778007864222,GET,119,2,chordKey_39_83,clients=50
1778007864223,PUT,0,0,chordKey_14_83,clients=50
1778007864223,PUT,0,0,chordKey_39_84,clients=50
1778007864224,PUT_HOP,0,2,chordKey_7_77,
1778007864225,PUT_HOP,0,2,chordKey_23_96,
1778007864226,GET,149,2,chordKey_43_55,clients=50
1778007864226,PUT_HOP,0,2,chordKey_6_95,
1778007864227,PUT,0,0,chordKey_43_56,clients=50
1778007864227,PUT_HOP,0,2,chordKey_20_90,
1778007864228,GET,85,2,chordKey_19_68,clients=50
1778007864229,PUT,0,0,chordKey_19_69,clients=50
1778007864231,PUT_HOP,0,2,chordKey_35_74,
1778007864231,GET,83,2,chordKey_20_90,clients=50
1778007864232,PUT_HOP,0,2,chordKey_3_65,
1778007864232,GET,82,2,chordKey_6_95,clients=50
1778007864232,PUT_HOP,0,2,chordKey_49_47,
1778007864233,PUT,0,0,chordKey_6_96,clients=50
1778007864232,PUT,0,0,chordKey_20_91,clients=50
1778007864234,GET,78,2,chordKey_49_47,clients=50
1778007864235,PUT,0,0,chordKey_49_48,clients=50
1778007864237,PUT_HOP,0,2,chordKey_47_88,
1778007864237,GET,69,2,chordKey_47_88,clients=50
1778007864238,PUT,0,0,chordKey_47_89,clients=50
1778007864238,GET,80,2,chordKey_3_65,clients=50
1778007864239,PUT,0,0,chordKey_3_66,clients=50
1778007864254,GET,147,2,chordKey_23_96,clients=50
1778007864254,PUT_HOP,0,2,chordKey_33_95,
1778007864255,GET,130,2,chordKey_37_72,clients=50
1778007864255,PUT_HOP,0,2,chordKey_37_72,
1778007864256,PUT,0,0,chordKey_37_73,clients=50
1778007864257,PUT_HOP,0,2,chordKey_0_80,
1778007864255,PUT,0,0,chordKey_23_97,clients=50
1778007864256,GET,155,2,chordKey_7_77,clients=50
1778007864258,PUT_HOP,0,2,chordKey_5_71,
1778007864259,PUT,0,0,chordKey_7_78,clients=50
1778007864259,GET,118,2,chordKey_0_80,clients=50
1778007864260,PUT_HOP,0,2,chordKey_36_46,
1778007864261,PUT,0,0,chordKey_0_81,clients=50
1778007864259,GET,1154,2,chordKey_31_81,clients=50
1778007864261,GET,114,2,chordKey_36_46,clients=50
1778007864262,PUT_HOP,0,2,chordKey_28_81,
1778007864262,PUT,0,0,chordKey_36_47,clients=50
1778007864262,PUT_HOP,0,2,chordKey_24_89,
1778007864261,GET,109,2,chordKey_5_71,clients=50
1778007864260,GET,101,2,chordKey_24_89,clients=50
1778007864264,PUT,0,0,chordKey_5_72,clients=50
1778007864263,GET,138,2,chordKey_35_74,clients=50
1778007864262,GET,117,2,chordKey_33_95,clients=50
1778007864262,PUT,0,0,chordKey_31_82,clients=50
1778007864262,GET,107,2,chordKey_28_81,clients=50
1778007864265,PUT,0,0,chordKey_33_96,clients=50
1778007864265,PUT,0,0,chordKey_35_75,clients=50
1778007864264,PUT,0,0,chordKey_24_90,clients=50
1778007864266,PUT,0,0,chordKey_28_82,clients=50
1778007864281,GET,1189,2,chordKey_8_82,clients=50
1778007864281,PUT,0,0,chordKey_8_83,clients=50
1778007864292,PUT_HOP,0,2,chordKey_32_75,
1778007864304,PUT_HOP,0,2,chordKey_49_48,
1778007864306,GET,84,2,chordKey_32_75,clients=50
1778007864306,GET,70,2,chordKey_49_48,clients=50
1778007864307,PUT_HOP,0,2,chordKey_11_81,
1778007864307,PUT,0,0,chordKey_32_76,clients=50
1778007864308,GET,99,2,chordKey_18_71,clients=50
1778007864308,PUT,0,0,chordKey_18_72,clients=50
1778007864307,PUT,0,0,chordKey_49_49,clients=50
1778007864309,PUT_HOP,0,2,chordKey_4_39,
1778007864312,PUT_HOP,0,2,chordKey_18_71,
1778007864314,PUT_HOP,0,2,chordKey_13_64,
1778007864316,GET,105,2,chordKey_11_81,clients=50
1778007864317,GET,138,2,chordKey_34_82,clients=50
1778007864318,PUT,0,0,chordKey_34_83,clients=50
1778007864318,PUT,0,0,chordKey_11_82,clients=50
1778007864321,GET,112,2,chordKey_4_39,clients=50
1778007864323,PUT,0,0,chordKey_4_40,clients=50
1778007864324,GET,1232,2,chordKey_25_57,clients=50
1778007864325,PUT,0,0,chordKey_25_58,clients=50
1778007864328,GET,149,2,chordKey_2_83,clients=50
1778007864328,PUT_HOP,0,2,chordKey_12_89,
1778007864329,PUT,0,0,chordKey_2_84,clients=50
1778007864330,GET,112,2,chordKey_13_64,clients=50
1778007864331,PUT,0,0,chordKey_13_65,clients=50
1778007864338,GET,158,2,chordKey_12_89,clients=50
1778007864339,PUT,0,0,chordKey_12_90,clients=50
1778007864342,PUT_HOP,0,2,chordKey_40_61,
1778007864342,PUT_HOP,0,2,chordKey_39_84,
1778007864343,GET,131,2,chordKey_29_78,clients=50
1778007864344,PUT,0,0,chordKey_29_79,clients=50
1778007864344,GET,124,2,chordKey_9_34,clients=50
1778007864345,PUT,0,0,chordKey_9_35,clients=50
1778007864345,GET,121,2,chordKey_39_84,clients=50
1778007864346,PUT,0,0,chordKey_39_85,clients=50
1778007864346,PUT_HOP,0,2,chordKey_34_82,
1778007864347,PUT_HOP,0,2,chordKey_43_56,
1778007864347,PUT_HOP,0,2,chordKey_19_69,
1778007864348,PUT_HOP,0,2,chordKey_2_83,
1778007864349,PUT_HOP,0,2,chordKey_29_78,
1778007864349,GET,169,2,chordKey_40_61,clients=50
1778007864350,PUT,0,0,chordKey_40_62,clients=50
1778007864350,PUT_HOP,0,2,chordKey_9_34,
1778007864350,GET,126,2,chordKey_14_83,clients=50
1778007864351,PUT,0,0,chordKey_14_84,clients=50
1778007864352,PUT_HOP,0,2,chordKey_14_83,
1778007864354,GET,126,2,chordKey_43_56,clients=50
1778007864354,PUT_HOP,0,2,chordKey_37_73,
1778007864354,PUT_HOP,0,2,chordKey_20_91,
1778007864355,PUT,0,0,chordKey_43_57,clients=50
1778007864354,PUT_HOP,0,2,chordKey_47_89,
1778007864354,PUT_HOP,0,2,chordKey_6_96,
1778007864356,PUT_HOP,0,2,chordKey_24_90,
1778007864356,PUT_HOP,0,2,chordKey_31_82,
1778007864357,GET,126,2,chordKey_19_69,clients=50
1778007864358,PUT,0,0,chordKey_19_70,clients=50
1778007864358,GET,117,2,chordKey_3_66,clients=50
1778007864359,PUT,0,0,chordKey_3_67,clients=50
1778007864360,PUT_HOP,0,2,chordKey_0_81,
1778007864361,GET,101,2,chordKey_7_78,clients=50
1778007864361,PUT_HOP,0,2,chordKey_49_49,
1778007864361,PUT,0,0,chordKey_7_79,clients=50
1778007864362,PUT_HOP,0,2,chordKey_23_97,
1778007864362,GET,104,2,chordKey_23_97,clients=50
1778007864362,GET,100,2,chordKey_0_81,clients=50
1778007864363,PUT,0,0,chordKey_0_82,clients=50
1778007864363,PUT,0,0,chordKey_23_98,clients=50
1778007864377,PUT_HOP,0,2,chordKey_7_78,
1778007864380,GET,122,2,chordKey_37_73,clients=50
1778007864381,PUT,0,0,chordKey_37_74,clients=50
1778007864380,GET,72,2,chordKey_32_76,clients=50
1778007864381,GET,142,2,chordKey_47_89,clients=50
1778007864382,PUT,0,0,chordKey_32_77,clients=50
1778007864363,PUT_HOP,0,2,chordKey_32_76,
1778007864391,GET,157,2,chordKey_6_96,clients=50
1778007864395,GET,128,2,chordKey_24_90,clients=50
1778007864397,PUT,0,0,chordKey_24_91,clients=50
1778007864390,GET,124,2,chordKey_31_82,clients=50
1778007864398,PUT,0,0,chordKey_31_83,clients=50
1778007864387,GET,153,2,chordKey_20_91,clients=50
1778007864399,PUT,0,0,chordKey_20_92,clients=50
1778007864400,PUT_HOP,0,2,chordKey_3_66,
1778007864382,PUT,0,0,chordKey_47_90,clients=50
1778007864395,PUT,0,0,chordKey_6_97,clients=50
1778007864404,PUT_HOP,0,2,chordKey_35_75,
1778007864404,PUT_HOP,0,2,chordKey_33_96,
1778007864405,PUT_HOP,0,2,chordKey_36_47,
1778007864406,PUT_HOP,0,2,chordKey_5_72,
1778007864408,PUT_HOP,0,2,chordKey_28_82,
1778007864408,GET,98,2,chordKey_49_49,clients=50
1778007864408,PUT,0,0,chordKey_49_50,clients=50
1778007864410,GET,145,2,chordKey_5_72,clients=50
1778007864410,GET,142,2,chordKey_28_82,clients=50
1778007864412,PUT,0,0,chordKey_28_83,clients=50
1778007864411,PUT,0,0,chordKey_5_73,clients=50
1778007864417,GET,154,2,chordKey_36_47,clients=50
1778007864418,PUT,0,0,chordKey_36_48,clients=50
1778007864419,PUT_HOP,0,2,chordKey_8_83,
1778007864418,GET,136,2,chordKey_8_83,clients=50
1778007864418,GET,152,2,chordKey_35_75,clients=50
1778007864421,PUT,0,0,chordKey_35_76,clients=50
1778007864420,PUT,0,0,chordKey_8_84,clients=50
1778007864423,PUT_HOP,0,2,chordKey_34_83,
1778007864425,PUT_HOP,0,2,chordKey_25_58,
1778007864452,GET,143,2,chordKey_18_72,clients=50
1778007864453,PUT,0,0,chordKey_18_73,clients=50
1778007864455,GET,124,2,chordKey_13_65,clients=50
1778007864455,PUT_HOP,0,2,chordKey_13_65,
1778007864457,PUT,0,0,chordKey_13_66,clients=50
1778007864457,PUT_HOP,0,2,chordKey_18_72,
1778007864460,GET,120,2,chordKey_12_90,clients=50
1778007864460,PUT,0,0,chordKey_12_91,clients=50
1778007864463,PUT_HOP,0,2,chordKey_11_82,
1778007864464,GET,145,2,chordKey_11_82,clients=50
1778007864465,PUT,0,0,chordKey_11_83,clients=50
1778007864468,PUT_HOP,0,2,chordKey_12_90,
1778007864473,PUT_HOP,0,2,chordKey_2_84,
1778007864474,GET,155,2,chordKey_34_83,clients=50
1778007864475,PUT,0,0,chordKey_34_84,clients=50
1778007864475,PUT_HOP,0,2,chordKey_4_40,
1778007864476,GET,152,2,chordKey_4_40,clients=50
1778007864477,PUT,0,0,chordKey_4_41,clients=50
1778007864495,PUT_HOP,0,2,chordKey_32_77,
1778007864497,PUT_HOP,0,2,chordKey_29_79,
1778007864497,GET,172,2,chordKey_25_58,clients=50
1778007864498,GET,106,2,chordKey_32_77,clients=50
1778007864498,PUT,0,0,chordKey_25_59,clients=50
1778007864498,PUT,0,0,chordKey_32_78,clients=50
1778007864499,GET,154,2,chordKey_29_79,clients=50
1778007864499,PUT,0,0,chordKey_29_80,clients=50
1778007864500,GET,170,2,chordKey_2_84,clients=50
1778007864500,PUT_HOP,0,2,chordKey_9_35,
1778007864501,PUT,0,0,chordKey_2_85,clients=50
1778007864502,GET,156,2,chordKey_9_35,clients=50
1778007864503,PUT_HOP,0,2,chordKey_39_85,
1778007864504,PUT,0,0,chordKey_9_36,clients=50
1778007864504,GET,157,2,chordKey_39_85,clients=50
1778007864506,PUT,0,0,chordKey_39_86,clients=50
1778007864508,GET,157,2,chordKey_40_62,clients=50
1778007864509,PUT_HOP,0,2,chordKey_14_84,
1778007864509,PUT,0,0,chordKey_40_63,clients=50
1778007864510,GET,158,2,chordKey_14_84,clients=50
1778007864511,PUT,0,0,chordKey_14_85,clients=50
1778007864514,PUT_HOP,0,2,chordKey_43_57,
1778007864515,PUT_HOP,0,2,chordKey_7_79,
1778007864521,GET,156,2,chordKey_23_98,clients=50
1778007864521,PUT_HOP,0,2,chordKey_23_98,
1778007864522,PUT,0,0,chordKey_23_99,clients=50
1778007864523,GET,142,2,chordKey_37_74,clients=50
1778007864523,PUT_HOP,0,2,chordKey_0_82,
1778007864524,PUT,0,0,chordKey_37_75,clients=50
1778007864527,PUT_HOP,0,2,chordKey_47_90,
1778007864528,GET,164,2,chordKey_0_82,clients=50
1778007864529,GET,166,2,chordKey_7_79,clients=50
1778007864529,PUT_HOP,0,2,chordKey_37_74,
1778007864530,PUT,0,0,chordKey_0_83,clients=50
1778007864530,PUT,0,0,chordKey_7_80,clients=50
1778007864531,GET,130,2,chordKey_47_90,clients=50
1778007864531,PUT,0,0,chordKey_47_91,clients=50
1778007864534,GET,121,2,chordKey_28_83,clients=50
1778007864535,PUT_HOP,0,2,chordKey_5_73,
1778007864535,PUT,0,0,chordKey_28_84,clients=50
1778007864535,PUT_HOP,0,2,chordKey_28_83,
1778007864535,PUT_HOP,0,2,chordKey_49_50,
1778007864537,GET,128,2,chordKey_49_50,clients=50
1778007864538,PUT_HOP,0,2,chordKey_36_48,
1778007864538,PUT,0,0,chordKey_49_51,clients=50
1778007864539,GET,125,2,chordKey_5_73,clients=50
1778007864540,PUT,0,0,chordKey_5_74,clients=50
1778007864543,PUT_HOP,0,2,chordKey_3_67,
1778007864545,GET,185,2,chordKey_3_67,clients=50
1778007864545,PUT_HOP,0,2,chordKey_24_91,
1778007864545,PUT,0,0,chordKey_3_68,clients=50
1778007864545,PUT_HOP,0,2,chordKey_20_92,
1778007864546,PUT_HOP,0,2,chordKey_6_97,
1778007864545,PUT_HOP,0,2,chordKey_31_83,
1778007864547,PUT_HOP,0,2,chordKey_32_78,
1778007864549,GET,50,2,chordKey_32_78,clients=50
1778007864557,PUT,0,0,chordKey_32_79,clients=50
1778007864559,PUT_HOP,0,2,chordKey_7_80,
1778007864561,GET,29,2,chordKey_7_80,clients=50
1778007864561,PUT,0,0,chordKey_7_81,clients=50
1778007864564,GET,164,2,chordKey_20_92,clients=50
1778007864565,PUT_HOP,0,2,chordKey_35_76,
1778007864565,PUT_HOP,0,2,chordKey_8_84,
1778007864567,PUT,0,0,chordKey_20_93,clients=50
1778007864567,GET,91,2,chordKey_34_84,clients=50
1778007864568,PUT,0,0,chordKey_34_85,clients=50
1778007864566,GET,165,2,chordKey_6_97,clients=50
1778007864569,PUT,0,0,chordKey_6_98,clients=50
1778007864566,GET,168,2,chordKey_24_91,clients=50
1778007864570,PUT_HOP,0,2,chordKey_34_84,
1778007864570,PUT,0,0,chordKey_24_92,clients=50
1778007864566,GET,167,2,chordKey_31_83,clients=50
1778007864564,GET,145,2,chordKey_36_48,clients=50
1778007864573,PUT,0,0,chordKey_36_49,clients=50
1778007864574,PUT_HOP,0,2,chordKey_4_41,
1778007864572,PUT,0,0,chordKey_31_84,clients=50
1778007864571,GET,93,2,chordKey_4_41,clients=50
1778007864575,PUT,0,0,chordKey_4_42,clients=50
1778007864568,GET,146,2,chordKey_8_84,clients=50
1778007864576,PUT,0,0,chordKey_8_85,clients=50
1778007864579,PUT_HOP,0,2,chordKey_25_59,
1778007864579,PUT_HOP,0,2,chordKey_18_73,
1778007864580,GET,82,2,chordKey_25_59,clients=50
1778007864581,PUT,0,0,chordKey_25_60,clients=50
1778007864582,GET,125,2,chordKey_13_66,clients=50
1778007864583,PUT,0,0,chordKey_13_67,clients=50
1778007864585,PUT_HOP,0,2,chordKey_11_83,
1778007864588,PUT_HOP,0,2,chordKey_12_91,
1778007864589,PUT_HOP,0,2,chordKey_14_85,
1778007864590,GET,123,2,chordKey_11_83,clients=50
1778007864589,PUT_HOP,0,2,chordKey_13_66,
1778007864590,PUT,0,0,chordKey_11_84,clients=50
1778007864591,PUT_HOP,0,2,chordKey_9_36,
1778007864591,GET,128,2,chordKey_12_91,clients=50
1778007864593,PUT,0,0,chordKey_12_92,clients=50
1778007864594,GET,82,2,chordKey_14_85,clients=50
1778007864594,PUT_HOP,0,2,chordKey_40_63,
1778007864595,PUT,0,0,chordKey_14_86,clients=50
1778007864594,GET,140,2,chordKey_18_73,clients=50
1778007864596,GET,90,2,chordKey_9_36,clients=50
1778007864596,PUT,0,0,chordKey_18_74,clients=50
1778007864597,GET,94,2,chordKey_2_85,clients=50
1778007864598,PUT,0,0,chordKey_2_86,clients=50
1778007864597,PUT,0,0,chordKey_9_37,clients=50
1778007864601,PUT_HOP,0,2,chordKey_29_80,
1778007864601,PUT_HOP,0,2,chordKey_39_86,
1778007864602,GET,102,2,chordKey_29_80,clients=50
1778007864603,PUT_HOP,0,2,chordKey_2_85,
1778007864603,GET,93,2,chordKey_40_63,clients=50
1778007864604,PUT,0,0,chordKey_29_81,clients=50
1778007864604,PUT,0,0,chordKey_40_64,clients=50
1778007864610,GET,87,2,chordKey_23_99,clients=50
1778007864611,PUT_HOP,0,2,chordKey_37_75,
1778007864611,PUT_HOP,0,2,chordKey_23_99,
1778007864611,PUT_HOP,0,2,chordKey_0_83,
1778007864613,GET,80,2,chordKey_47_91,clients=50
1778007864613,GET,87,2,chordKey_37_75,clients=50
1778007864613,PUT,0,0,chordKey_47_92,clients=50
1778007864614,PUT,0,0,chordKey_37_76,clients=50
1778007864615,PUT_HOP,0,2,chordKey_28_84,
1778007864617,GET,87,2,chordKey_0_83,clients=50
1778007864618,PUT,0,0,chordKey_0_84,clients=50
1778007864625,GET,88,2,chordKey_28_84,clients=50
1778007864628,PUT,0,0,chordKey_28_85,clients=50
1778007864630,GET,83,2,chordKey_3_68,clients=50
1778007864630,PUT,0,0,chordKey_3_69,clients=50
1778007864630,PUT_HOP,0,2,chordKey_3_68,
1778007864634,GET,127,2,chordKey_39_86,clients=50
1778007864635,PUT,0,0,chordKey_39_87,clients=50
1778007864635,PUT_HOP,0,2,chordKey_32_79,
1778007864636,PUT,1048,0,chordKey_27_99,clients=50
1778007864639,GET,77,2,chordKey_7_81,clients=50
1778007864639,PUT,0,0,chordKey_7_82,clients=50
1778007864641,PUT_HOP,0,2,chordKey_13_67,
1778007864642,GET,59,2,chordKey_13_67,clients=50
1778007864641,PUT_HOP,0,2,chordKey_7_81,
1778007864642,GET,84,2,chordKey_32_79,clients=50
1778007864643,PUT,0,0,chordKey_32_80,clients=50
1778007864643,PUT,0,0,chordKey_13_68,clients=50
1778007864668,PUT_HOP,0,2,chordKey_5_74,
1778007864670,GET,131,2,chordKey_49_51,clients=50
1778007864671,PUT,0,0,chordKey_49_52,clients=50
1778007864688,PUT_HOP,0,2,chordKey_34_85,
1778007864690,PUT_HOP,0,2,chordKey_49_51,
1778007864693,GET,116,2,chordKey_8_85,clients=50
1778007864694,GET,118,2,chordKey_4_42,clients=50
1778007864693,GET,151,2,chordKey_5_74,clients=50
1778007864696,PUT,0,0,chordKey_4_43,clients=50
1778007864696,PUT,0,0,chordKey_5_75,clients=50
1778007864694,PUT,0,0,chordKey_8_86,clients=50
1778007864698,PUT_HOP,0,2,chordKey_7_82,
1778007864699,PUT_HOP,0,2,chordKey_13_68,
1778007864703,GET,63,2,chordKey_7_82,clients=50
1778007864705,PUT,0,0,chordKey_7_83,clients=50
1778007864707,GET,49,2,chordKey_13_68,clients=50
1778007864708,PUT,0,0,chordKey_13_69,clients=50
1778007864717,GET,144,2,chordKey_36_49,clients=50
1778007864718,PUT,0,0,chordKey_36_50,clients=50
1778007864718,PUT_HOP,0,2,chordKey_36_49,
1778007864719,PUT_HOP,0,2,chordKey_47_91,
1778007864720,GET,151,2,chordKey_34_85,clients=50
1778007864720,PUT_HOP,0,2,chordKey_14_86,
1778007864720,PUT,0,0,chordKey_34_86,clients=50
1778007864720,PUT_HOP,0,2,chordKey_13_69,
1778007864724,PUT_HOP,0,2,chordKey_9_37,
1778007864727,PUT_HOP,0,2,chordKey_2_86,
1778007864727,PUT_HOP,0,2,chordKey_8_85,
1778007864729,PUT_HOP,0,2,chordKey_4_42,
1778007864729,GET,130,2,chordKey_2_86,clients=50
1778007864730,PUT,0,0,chordKey_2_87,clients=50
1778007864731,GET,135,2,chordKey_14_86,clients=50
1778007864733,PUT,0,0,chordKey_14_87,clients=50
1778007864732,GET,133,2,chordKey_9_37,clients=50
1778007864734,PUT,0,0,chordKey_9_38,clients=50
1778007864735,PUT_HOP,0,2,chordKey_6_98,
1778007864737,GET,169,2,chordKey_20_93,clients=50
1778007864738,PUT,0,0,chordKey_20_94,clients=50
1778007864739,GET,169,2,chordKey_6_98,clients=50
1778007864739,PUT,0,0,chordKey_6_99,clients=50
1778007864746,PUT_HOP,0,2,chordKey_24_92,
1778007864746,GET,37,2,chordKey_13_69,clients=50
1778007864747,PUT,0,0,chordKey_13_70,clients=50
1778007864759,PUT_HOP,0,2,chordKey_20_93,
1778007864762,PUT_HOP,0,2,chordKey_47_92,
1778007864762,GET,157,2,chordKey_40_64,clients=50
1778007864763,PUT,0,0,chordKey_40_65,clients=50
1778007864763,PUT_HOP,0,2,chordKey_37_76,
1778007864765,PUT_HOP,0,2,chordKey_28_85,
1778007864765,GET,147,2,chordKey_0_84,clients=50
1778007864765,GET,150,2,chordKey_47_92,clients=50
1778007864766,PUT,0,0,chordKey_0_85,clients=50
1778007864766,PUT_HOP,0,2,chordKey_0_84,
1778007864766,PUT,0,0,chordKey_47_93,clients=50
1778007864767,GET,151,2,chordKey_37_76,clients=50
1778007864768,PUT,0,0,chordKey_37_77,clients=50
1778007864768,GET,197,2,chordKey_24_92,clients=50
1778007864769,GET,194,2,chordKey_31_84,clients=50
1778007864769,PUT,0,0,chordKey_24_93,clients=50
1778007864770,PUT,0,0,chordKey_31_85,clients=50
1778007864769,GET,140,2,chordKey_28_85,clients=50
1778007864771,PUT_HOP,0,2,chordKey_11_84,
1778007864772,PUT,0,0,chordKey_28_86,clients=50
1778007864772,PUT_HOP,0,2,chordKey_27_99,
1778007864773,PUT_HOP,0,2,chordKey_12_92,
1778007864774,GET,192,2,chordKey_25_60,clients=50
1778007864775,PUT,0,0,chordKey_25_61,clients=50
1778007864776,PUT_HOP,0,2,chordKey_31_84,
1778007864777,GET,179,2,chordKey_18_74,clients=50
1778007864778,PUT,0,0,chordKey_18_75,clients=50
1778007864784,GET,190,2,chordKey_12_92,clients=50
1778007864784,GET,147,2,chordKey_27_99,clients=50
1778007864785,PUT,0,0,chordKey_12_93,clients=50
1778007864787,GET,1198,2,chordKey_45_58,clients=50
1778007864787,PUT_HOP,0,2,chordKey_18_74,
1778007864787,PUT,0,0,chordKey_45_59,clients=50
1778007864787,PUT_HOP,0,2,chordKey_9_29,
1778007864788,GET,131,2,chordKey_32_80,clients=50
1778007864787,PUT_HOP,0,2,chordKey_25_60,
1778007864788,PUT_HOP,0,2,chordKey_29_81,
1778007864788,PUT,0,0,chordKey_32_81,clients=50
1778007864789,PUT_HOP,0,2,chordKey_32_80,
1778007864790,GET,197,2,chordKey_11_84,clients=50
1778007864791,PUT,0,0,chordKey_11_85,clients=50
1778007864792,GET,120,2,chordKey_49_52,clients=50
1778007864793,PUT,0,0,chordKey_49_53,clients=50
1778007864793,PUT_HOP,0,2,chordKey_49_52,
1778007864794,GET,188,2,chordKey_29_81,clients=50
1778007864794,PUT_HOP,0,2,chordKey_3_69,
1778007864795,PUT_HOP,0,2,chordKey_5_75,
1778007864795,PUT_HOP,0,2,chordKey_4_43,
1778007864795,GET,164,2,chordKey_3_69,clients=50
1778007864795,PUT_HOP,0,2,chordKey_8_86,
1778007864795,PUT,0,0,chordKey_29_82,clients=50
1778007864797,PUT,0,0,chordKey_3_70,clients=50
1778007864813,GET,116,2,chordKey_5_75,clients=50
1778007864814,PUT,0,0,chordKey_5_76,clients=50
1778007864814,PUT_HOP,0,2,chordKey_34_86,
1778007864814,PUT_HOP,0,2,chordKey_39_87,
1778007864816,GET,180,2,chordKey_39_87,clients=50
1778007864816,GET,119,2,chordKey_4_43,clients=50
1778007864817,PUT_HOP,0,2,chordKey_14_87,
1778007864817,PUT_HOP,0,2,chordKey_2_87,
1778007864818,PUT,0,0,chordKey_4_44,clients=50
1778007864814,GET,1226,2,chordKey_16_90,clients=50
1778007864819,PUT_HOP,0,2,chordKey_7_83,
1778007864819,PUT,0,0,chordKey_16_91,clients=50
1778007864818,GET,85,2,chordKey_14_87,clients=50
1778007864820,PUT_HOP,0,2,chordKey_36_50,
1778007864821,GET,86,2,chordKey_9_38,clients=50
1778007864823,PUT,0,0,chordKey_9_39,clients=50
1778007864817,PUT,0,0,chordKey_39_88,clients=50
1778007864817,GET,119,2,chordKey_8_86,clients=50
1778007864826,PUT_HOP,0,2,chordKey_9_38,
1778007864827,PUT_HOP,0,2,chordKey_31_85,
1778007864827,PUT_HOP,0,2,chordKey_13_70,
1778007864817,GET,95,2,chordKey_34_86,clients=50
1778007864828,PUT,0,0,chordKey_8_87,clients=50
1778007864824,GET,92,2,chordKey_2_87,clients=50
1778007864829,PUT,0,0,chordKey_2_88,clients=50
1778007864821,GET,102,2,chordKey_36_50,clients=50
1778007864821,PUT,0,0,chordKey_14_88,clients=50
1778007864831,PUT,0,0,chordKey_36_51,clients=50
1778007864829,GET,80,2,chordKey_13_70,clients=50
1778007864832,PUT_HOP,0,2,chordKey_37_77,
1778007864833,PUT,0,0,chordKey_13_71,clients=50
1778007864833,PUT_HOP,0,2,chordKey_40_65,
1778007864828,PUT,0,0,chordKey_34_87,clients=50
1778007864836,GET,95,2,chordKey_6_99,clients=50
1778007864839,GET,71,2,chordKey_47_93,clients=50
1778007864840,PUT,0,0,chordKey_47_94,clients=50
1778007864842,PUT_HOP,0,2,chordKey_28_86,
1778007864842,GET,76,2,chordKey_0_85,clients=50
1778007864843,PUT_HOP,0,2,chordKey_6_99,
1778007864843,PUT,0,0,chordKey_0_86,clients=50
1778007864844,GET,73,2,chordKey_31_85,clients=50
1778007864845,PUT,0,0,chordKey_31_86,clients=50
1778007864858,GET,93,2,chordKey_40_65,clients=50
1778007864859,GET,121,2,chordKey_20_94,clients=50
1778007864860,PUT,0,0,chordKey_40_66,clients=50
1778007864861,PUT,0,0,chordKey_20_95,clients=50
1778007864892,PUT_HOP,0,2,chordKey_47_93,
1778007864893,GET,125,2,chordKey_37_77,clients=50
1778007864894,GET,121,2,chordKey_28_86,clients=50
1778007864894,PUT_HOP,0,2,chordKey_20_94,
1778007864894,PUT_HOP,0,2,chordKey_31_86,
1778007864895,GET,50,2,chordKey_31_86,clients=50
1778007864895,PUT_HOP,0,2,chordKey_24_93,
1778007864896,PUT_HOP,0,2,chordKey_45_59,
1778007864897,PUT_HOP,0,2,chordKey_25_61,
1778007864897,GET,191,2,chordKey_7_83,clients=50
1778007864897,PUT_HOP,0,2,chordKey_0_85,
1778007864898,PUT,0,0,chordKey_7_84,clients=50
1778007864894,PUT,0,0,chordKey_37_78,clients=50
1778007864897,PUT,0,0,chordKey_31_87,clients=50
1778007864897,GET,108,2,chordKey_32_81,clients=50
1778007864900,PUT,0,0,chordKey_32_82,clients=50
1778007864896,PUT,0,0,chordKey_28_87,clients=50
1778007864902,PUT_HOP,0,2,chordKey_32_81,
1778007864907,PUT_HOP,0,2,chordKey_3_70,
1778007864907,PUT_HOP,0,2,chordKey_31_87,
1778007864908,GET,120,2,chordKey_45_59,clients=50
1778007864909,PUT,0,0,chordKey_45_60,clients=50
1778007864909,GET,116,2,chordKey_49_53,clients=50
1778007864910,PUT,0,0,chordKey_49_54,clients=50
1778007864910,PUT_HOP,0,2,chordKey_49_53,
1778007864909,GET,1150,2,chordKey_26_80,clients=50
1778007864911,PUT,0,0,chordKey_26_81,clients=50
1778007864911,GET,112,2,chordKey_3_70,clients=50
1778007864912,PUT,0,0,chordKey_3_71,clients=50
1778007864912,PUT_HOP,0,2,chordKey_5_76,
1778007864913,PUT_HOP,0,2,chordKey_40_66,
1778007864915,GET,15,2,chordKey_31_87,clients=50
1778007864916,PUT,0,0,chordKey_31_88,clients=50
1778007864924,PUT_HOP,0,2,chordKey_9_39,
1778007864925,GET,108,2,chordKey_5_76,clients=50
1778007864926,GET,64,2,chordKey_40_66,clients=50
1778007864926,PUT,0,0,chordKey_5_77,clients=50
1778007864928,PUT_HOP,0,2,chordKey_4_44,
1778007864928,PUT,0,0,chordKey_40_67,clients=50
1778007864931,PUT_HOP,0,2,chordKey_14_88,
1778007864932,GET,156,2,chordKey_25_61,clients=50
1778007864932,PUT_HOP,0,2,chordKey_18_75,
1778007864932,PUT,0,0,chordKey_25_62,clients=50
1778007864933,GET,163,2,chordKey_24_93,clients=50
1778007864933,PUT_HOP,0,2,chordKey_12_93,
1778007864934,PUT,0,0,chordKey_24_94,clients=50
1778007864934,GET,104,2,chordKey_2_88,clients=50
1778007864935,PUT,0,0,chordKey_2_89,clients=50
1778007864933,GET,142,2,chordKey_11_85,clients=50
1778007864937,PUT_HOP,0,2,chordKey_47_94,
1778007864937,GET,108,2,chordKey_8_87,clients=50
1778007864939,PUT,0,0,chordKey_8_88,clients=50
1778007864939,GET,160,2,chordKey_18_75,clients=50
1778007864940,PUT,0,0,chordKey_18_76,clients=50
1778007864938,GET,106,2,chordKey_14_88,clients=50
1778007864938,PUT,0,0,chordKey_11_86,clients=50
1778007864941,PUT,0,0,chordKey_14_89,clients=50
1778007864942,PUT_HOP,0,2,chordKey_31_88,
1778007864942,GET,25,2,chordKey_31_88,clients=50
1778007864942,PUT,0,0,chordKey_31_89,clients=50
1778007864943,PUT_HOP,0,2,chordKey_29_82,
1778007864943,GET,145,2,chordKey_29_82,clients=50
1778007864944,PUT,0,0,chordKey_29_83,clients=50
1778007864944,GET,158,2,chordKey_12_93,clients=50
1778007864945,GET,111,2,chordKey_34_87,clients=50
1778007864945,PUT,0,0,chordKey_12_94,clients=50
1778007864946,PUT,0,0,chordKey_34_88,clients=50
1778007864950,PUT_HOP,0,2,chordKey_0_86,
1778007864950,GET,117,2,chordKey_13_71,clients=50
1778007864950,GET,106,2,chordKey_0_86,clients=50
1778007864951,PUT,0,0,chordKey_0_87,clients=50
1778007864951,PUT,0,0,chordKey_13_72,clients=50
1778007864953,GET,112,2,chordKey_47_94,clients=50
1778007864954,PUT,0,0,chordKey_47_95,clients=50
1778007864955,PUT_HOP,0,2,chordKey_36_51,
1778007864961,PUT_HOP,0,2,chordKey_39_88,
1778007864963,PUT_HOP,0,2,chordKey_16_91,
1778007864963,GET,63,2,chordKey_37_78,clients=50
1778007864963,PUT,0,0,chordKey_37_79,clients=50
1778007864963,PUT_HOP,0,2,chordKey_32_82,
1778007864964,GET,138,2,chordKey_39_88,clients=50
1778007864965,PUT,0,0,chordKey_39_89,clients=50
1778007864964,GET,144,2,chordKey_16_91,clients=50
1778007864967,PUT,0,0,chordKey_16_92,clients=50
1778007864966,GET,134,2,chordKey_36_51,clients=50
1778007864968,PUT_HOP,0,2,chordKey_11_85,
1778007864968,GET,67,2,chordKey_32_82,clients=50
1778007864968,PUT,0,0,chordKey_32_83,clients=50
1778007864968,GET,1207,2,chordKey_10_74,clients=50
1778007864969,PUT_HOP,0,2,chordKey_37_78,
1778007864969,PUT_HOP,0,2,chordKey_31_89,
1778007864970,PUT,0,0,chordKey_10_75,clients=50
1778007864968,PUT,0,0,chordKey_36_52,clients=50
1778007864970,PUT_HOP,0,2,chordKey_40_67,
1778007864968,GET,38,2,chordKey_40_67,clients=50
1778007864971,PUT,0,0,chordKey_40_68,clients=50
1778007864971,GET,69,2,chordKey_28_87,clients=50
1778007864973,PUT,0,0,chordKey_28_88,clients=50
1778007864973,GET,30,2,chordKey_31_89,clients=50
1778007864974,PUT,0,0,chordKey_31_90,clients=50
1778007864974,GET,75,2,chordKey_7_84,clients=50
1778007864975,PUT_HOP,0,2,chordKey_7_84,
1778007864975,PUT,0,0,chordKey_7_85,clients=50
1778007864976,PUT_HOP,0,2,chordKey_28_87,
1778007864978,GET,115,2,chordKey_20_95,clients=50
1778007864979,PUT,0,0,chordKey_20_96,clients=50
1778007864978,PUT_HOP,0,2,chordKey_49_54,
1778007864982,PUT_HOP,0,2,chordKey_3_71,
1778007864983,PUT_HOP,0,2,chordKey_26_81,
1778007864984,GET,71,2,chordKey_3_71,clients=50
1778007864985,PUT,0,0,chordKey_3_72,clients=50
1778007864989,GET,78,2,chordKey_49_54,clients=50
1778007864989,PUT,0,0,chordKey_49_55,clients=50
1778007864994,PUT_HOP,0,2,chordKey_10_75,
1778007864996,GET,1104,2,chordKey_48_68,clients=50
1778007864998,PUT,0,0,chordKey_48_69,clients=50
1778007865000,GET,30,2,chordKey_10_75,clients=50
1778007865001,PUT_HOP,0,2,chordKey_5_77,
1778007865001,PUT,0,0,chordKey_10_76,clients=50
1778007865003,GET,92,2,chordKey_26_81,clients=50
1778007865004,PUT,0,0,chordKey_26_82,clients=50
1778007865006,GET,78,2,chordKey_5_77,clients=50
1778007865007,PUT,0,0,chordKey_5_78,clients=50
1778007865007,PUT_HOP,0,2,chordKey_45_60,
1778007865008,PUT_HOP,0,2,chordKey_20_96,
1778007865008,GET,98,2,chordKey_45_60,clients=50
1778007865009,PUT,0,0,chordKey_45_61,clients=50
1778007865009,GET,29,2,chordKey_20_96,clients=50
1778007865010,PUT,0,0,chordKey_20_97,clients=50
1778007865015,PUT_HOP,0,2,chordKey_2_89,
1778007865015,GET,78,2,chordKey_2_89,clients=50
1778007865016,PUT,0,0,chordKey_2_90,clients=50
1778007865019,PUT_HOP,0,2,chordKey_14_89,
1778007865021,PUT_HOP,0,2,chordKey_13_72,
1778007865022,PUT_HOP,0,2,chordKey_8_88,
1778007865022,GET,80,2,chordKey_14_89,clients=50
1778007865023,PUT,0,0,chordKey_14_90,clients=50
1778007865026,PUT_HOP,0,2,chordKey_34_88,
1778007865027,GET,88,2,chordKey_8_88,clients=50
1778007865029,PUT_HOP,0,2,chordKey_25_62,
1778007865028,GET,81,2,chordKey_34_88,clients=50
1778007865029,GET,94,2,chordKey_24_94,clients=50
1778007865030,PUT_HOP,0,2,chordKey_11_86,
1778007865031,PUT,0,0,chordKey_24_95,clients=50
1778007865034,PUT_HOP,0,2,chordKey_46_91,
1778007865041,PUT_HOP,0,2,chordKey_29_83,
1778007865043,PUT_HOP,0,2,chordKey_18_76,
1778007865030,PUT,0,0,chordKey_34_89,clients=50
1778007865045,GET,104,2,chordKey_11_86,clients=50
1778007865036,PUT_HOP,0,2,chordKey_24_94,
1778007865042,PUT_HOP,0,2,chordKey_12_94,
1778007865047,PUT,0,0,chordKey_11_87,clients=50
1778007865047,PUT_HOP,0,2,chordKey_39_89,
1778007865048,GET,80,2,chordKey_16_92,clients=50
1778007865049,PUT,0,0,chordKey_16_93,clients=50
1778007865049,PUT_HOP,0,2,chordKey_16_92,
1778007865049,PUT_HOP,0,2,chordKey_37_79,
1778007865030,PUT,0,0,chordKey_8_89,clients=50
1778007865050,PUT_HOP,0,2,chordKey_36_52,
1778007865050,GET,79,2,chordKey_36_52,clients=50
1778007865051,PUT_HOP,0,2,chordKey_7_85,
1778007865048,GET,94,2,chordKey_13_72,clients=50
1778007865051,PUT_HOP,0,2,chordKey_47_95,
1778007865051,GET,75,2,chordKey_7_85,clients=50
1778007865047,GET,103,2,chordKey_29_83,clients=50
1778007865044,GET,103,2,chordKey_18_76,clients=50
1778007865055,PUT,0,0,chordKey_18_77,clients=50
1778007865044,GET,1118,2,chordKey_46_91,clients=50
1778007865058,PUT_HOP,0,2,chordKey_0_87,
1778007865058,PUT,0,0,chordKey_46_92,clients=50
1778007865042,GET,96,2,chordKey_12_94,clients=50
1778007865061,PUT,0,0,chordKey_12_95,clients=50
1778007865039,GET,106,2,chordKey_25_62,clients=50
1778007865063,PUT,0,0,chordKey_25_63,clients=50
1778007865037,GET,85,2,chordKey_0_87,clients=50
1778007865064,GET,98,2,chordKey_39_89,clients=50
1778007865065,PUT,0,0,chordKey_0_88,clients=50
1778007865058,GET,93,2,chordKey_37_79,clients=50
1778007865055,PUT,0,0,chordKey_29_84,clients=50
1778007865054,PUT,0,0,chordKey_7_86,clients=50
1778007865067,PUT_HOP,0,2,chordKey_32_83,
1778007865052,GET,97,2,chordKey_47_95,clients=50
1778007865051,PUT,0,0,chordKey_13_73,clients=50
1778007865051,PUT,0,0,chordKey_36_53,clients=50
1778007865068,GET,94,2,chordKey_31_90,clients=50
1778007865069,PUT_HOP,0,2,chordKey_28_88,
1778007865068,PUT,0,0,chordKey_47_96,clients=50
1778007865067,GET,94,2,chordKey_28_88,clients=50
1778007865067,GET,98,2,chordKey_32_83,clients=50
1778007865071,PUT,0,0,chordKey_32_84,clients=50
1778007865066,PUT,0,0,chordKey_37_80,clients=50
1778007865065,PUT,0,0,chordKey_39_90,clients=50
1778007865076,PUT_HOP,0,2,chordKey_48_69,
1778007865076,GET,91,2,chordKey_3_72,clients=50
1778007865077,PUT,0,0,chordKey_3_73,clients=50
1778007865078,PUT_HOP,0,2,chordKey_49_55,
1778007865078,GET,87,2,chordKey_49_55,clients=50
1778007865078,PUT_HOP,0,2,chordKey_31_90,
1778007865079,PUT_HOP,0,2,chordKey_3_72,
1778007865082,PUT_HOP,0,2,chordKey_10_76,
1778007865082,GET,80,2,chordKey_10_76,clients=50
1778007865083,PUT,0,0,chordKey_10_77,clients=50
1778007865083,PUT_HOP,0,2,chordKey_40_68,
1778007865084,GET,112,2,chordKey_40_68,clients=50
1778007865084,PUT,0,0,chordKey_40_69,clients=50
1778007865085,GET,86,2,chordKey_48_69,clients=50
1778007865086,PUT,0,0,chordKey_48_70,clients=50
1778007865101,PUT_HOP,0,2,chordKey_5_78,
1778007865103,PUT_HOP,0,2,chordKey_26_82,
1778007865104,GET,99,2,chordKey_26_82,clients=50
1778007865105,PUT_HOP,0,2,chordKey_45_61,
1778007865110,GET,100,2,chordKey_45_61,clients=50
1778007865110,PUT,0,0,chordKey_26_83,clients=50
1778007865111,PUT,0,0,chordKey_45_62,clients=50
1778007865120,PUT_HOP,0,2,chordKey_20_97,
1778007865122,GET,111,2,chordKey_20_97,clients=50
1778007865125,GET,116,2,chordKey_5_78,clients=50
1778007865127,PUT,0,0,chordKey_5_79,clients=50
1778007865126,PUT,0,0,chordKey_20_98,clients=50
1778007865132,PUT_HOP,0,2,chordKey_2_90,
1778007865133,GET,115,2,chordKey_2_90,clients=50
1778007865133,PUT_HOP,0,2,chordKey_14_90,
1778007865133,PUT,0,0,chordKey_2_91,clients=50
1778007865150,PUT_HOP,0,2,chordKey_11_87,
1778007865150,GET,102,2,chordKey_11_87,clients=50
1778007865151,PUT,0,0,chordKey_11_88,clients=50
1778007865151,PUT_HOP,0,2,chordKey_34_89,
1778007865151,PUT_HOP,0,2,chordKey_8_89,
1778007865152,GET,106,2,chordKey_34_89,clients=50
1778007865153,PUT,0,0,chordKey_34_90,clients=50
1778007865154,PUT_HOP,0,2,chordKey_0_88,
1778007865156,PUT_HOP,0,2,chordKey_13_73,
1778007865156,GET,91,2,chordKey_0_88,clients=50
1778007865157,PUT,0,0,chordKey_0_89,clients=50
1778007865156,GET,105,2,chordKey_8_89,clients=50
1778007865159,PUT,0,0,chordKey_8_90,clients=50
1778007865163,PUT_HOP,0,2,chordKey_39_90,
1778007865163,PUT_HOP,0,2,chordKey_3_73,
1778007865163,PUT_HOP,0,2,chordKey_47_96,
1778007865167,GET,94,2,chordKey_39_90,clients=50
1778007865167,PUT,0,0,chordKey_39_91,clients=50
1778007865170,PUT_HOP,0,2,chordKey_24_95,
1778007865170,GET,147,2,chordKey_14_90,clients=50
1778007865171,PUT,0,0,chordKey_14_91,clients=50
1778007865173,PUT_HOP,0,2,chordKey_16_93,
1778007865174,GET,125,2,chordKey_16_93,clients=50
1778007865175,PUT_HOP,0,2,chordKey_36_53,
1778007865175,PUT,0,0,chordKey_16_94,clients=50
1778007865175,GET,103,2,chordKey_32_84,clients=50
1778007865176,GET,131,2,chordKey_24_95,clients=50
1778007865177,PUT_HOP,0,2,chordKey_32_84,
1778007865175,GET,98,2,chordKey_3_73,clients=50
1778007865178,PUT,0,0,chordKey_3_74,clients=50
1778007865178,PUT_HOP,0,2,chordKey_7_86,
1778007865177,PUT,0,0,chordKey_24_96,clients=50
1778007865177,PUT,0,0,chordKey_32_85,clients=50
1778007865181,PUT_HOP,0,2,chordKey_29_84,
1778007865182,PUT_HOP,0,2,chordKey_40_69,
1778007865183,GET,97,2,chordKey_40_69,clients=50
1778007865184,PUT_HOP,0,2,chordKey_10_77,
1778007865184,PUT,0,0,chordKey_40_70,clients=50
1778007865184,GET,120,2,chordKey_25_63,clients=50
1778007865185,PUT,0,0,chordKey_25_64,clients=50
1778007865185,GET,124,2,chordKey_46_92,clients=50
1778007865186,PUT,0,0,chordKey_46_93,clients=50
1778007865188,GET,125,2,chordKey_12_95,clients=50
1778007865189,PUT,0,0,chordKey_12_96,clients=50
1778007865191,GET,134,2,chordKey_18_77,clients=50
1778007865191,PUT_HOP,0,2,chordKey_25_63,
1778007865192,PUT,0,0,chordKey_18_78,clients=50
1778007865194,PUT_HOP,0,2,chordKey_46_92,
1778007865194,PUT_HOP,0,2,chordKey_18_77,
1778007865196,PUT_HOP,0,2,chordKey_37_80,
1778007865196,GET,129,2,chordKey_29_84,clients=50
1778007865196,PUT_HOP,0,2,chordKey_12_95,
1778007865197,PUT,0,0,chordKey_29_85,clients=50
1778007865196,GET,125,2,chordKey_37_80,clients=50
1778007865200,PUT_HOP,0,2,chordKey_48_70,
1778007865199,GET,112,2,chordKey_48_70,clients=50
1778007865201,PUT,0,0,chordKey_48_71,clients=50
1778007865202,PUT_HOP,0,2,chordKey_26_83,
1778007865198,GET,129,2,chordKey_36_53,clients=50
1778007865201,PUT,0,0,chordKey_37_81,clients=50
1778007865203,PUT,0,0,chordKey_36_54,clients=50
1778007865205,GET,94,2,chordKey_26_83,clients=50
1778007865206,PUT,0,0,chordKey_26_84,clients=50
1778007865207,PUT_HOP,0,2,chordKey_5_79,
1778007865209,GET,126,2,chordKey_10_77,clients=50
1778007865210,PUT,0,0,chordKey_10_78,clients=50
1778007865211,PUT_HOP,0,2,chordKey_20_98,
1778007865211,GET,83,2,chordKey_5_79,clients=50
1778007865211,PUT,0,0,chordKey_5_80,clients=50
1778007865213,GET,83,2,chordKey_20_98,clients=50
1778007865214,PUT,0,0,chordKey_20_99,clients=50
1778007865213,PUT_HOP,0,2,chordKey_11_88,
1778007865216,GET,65,2,chordKey_11_88,clients=50
1778007865217,PUT,0,0,chordKey_11_89,clients=50
1778007865221,PUT_HOP,0,2,chordKey_45_62,
1778007865222,GET,110,2,chordKey_45_62,clients=50
1778007865223,PUT,0,0,chordKey_45_63,clients=50
1778007865232,PUT_HOP,0,2,chordKey_0_89,
1778007865234,GET,76,2,chordKey_0_89,clients=50
1778007865235,PUT,0,0,chordKey_0_90,clients=50
1778007865235,GET,65,2,chordKey_39_91,clients=50
1778007865236,PUT,0,0,chordKey_39_92,clients=50
1778007865237,PUT_HOP,0,2,chordKey_34_90,
1778007865237,GET,103,2,chordKey_2_91,clients=50
1778007865237,PUT,0,0,chordKey_2_92,clients=50
1778007865238,GET,84,2,chordKey_34_90,clients=50
1778007865238,PUT_HOP,0,2,chordKey_2_91,
1778007865239,PUT,0,0,chordKey_34_91,clients=50
1778007865239,PUT_HOP,0,2,chordKey_8_90,
1778007865244,PUT_HOP,0,2,chordKey_39_91,
1778007865244,GET,64,2,chordKey_32_85,clients=50
1778007865245,GET,84,2,chordKey_8_90,clients=50
1778007865247,PUT,0,0,chordKey_8_91,clients=50
1778007865245,PUT,0,0,chordKey_32_86,clients=50
1778007865248,PUT_HOP,0,2,chordKey_3_74,
1778007865247,GET,68,2,chordKey_3_74,clients=50
1778007865247,GET,39,2,chordKey_26_84,clients=50
1778007865249,PUT,0,0,chordKey_26_85,clients=50
1778007865249,PUT,0,0,chordKey_3_75,clients=50
1778007865252,PUT_HOP,0,2,chordKey_14_91,
1778007865253,GET,81,2,chordKey_14_91,clients=50
1778007865253,PUT,0,0,chordKey_14_92,clients=50
1778007865256,PUT_HOP,0,2,chordKey_32_85,
1778007865259,PUT_HOP,0,2,chordKey_26_84,
1778007865270,GET,94,2,chordKey_16_94,clients=50
1778007865271,PUT,0,0,chordKey_16_95,clients=50
1778007865277,PUT_HOP,0,2,chordKey_24_96,
1778007865277,PUT_HOP,0,2,chordKey_40_70,
1778007865279,PUT_HOP,0,2,chordKey_16_94,
1778007865280,GET,100,2,chordKey_24_96,clients=50
1778007865280,GET,95,2,chordKey_40_70,clients=50
1778007865281,PUT,0,0,chordKey_24_97,clients=50
1778007865282,GET,96,2,chordKey_25_64,clients=50
1778007865281,PUT,0,0,chordKey_40_71,clients=50
1778007865283,PUT_HOP,0,2,chordKey_46_93,
1778007865282,PUT,0,0,chordKey_25_65,clients=50
1778007865284,PUT_HOP,0,2,chordKey_25_64,
1778007865285,GET,48,2,chordKey_39_92,clients=50
1778007865285,PUT_HOP,0,2,chordKey_12_96,
1778007865285,PUT,0,0,chordKey_39_93,clients=50
1778007865286,PUT_HOP,0,2,chordKey_39_92,
1778007865288,GET,98,2,chordKey_12_96,clients=50
1778007865290,PUT,0,0,chordKey_12_97,clients=50
1778007865290,GET,91,2,chordKey_29_85,clients=50
1778007865291,PUT_HOP,0,2,chordKey_5_80,
1778007865292,PUT,0,0,chordKey_29_86,clients=50
1778007865290,GET,103,2,chordKey_46_93,clients=50
1778007865293,PUT,0,0,chordKey_46_94,clients=50
1778007865301,PUT_HOP,0,2,chordKey_10_78,
1778007865302,PUT_HOP,0,2,chordKey_29_85,
1778007865302,GET,91,2,chordKey_10_78,clients=50
1778007865302,GET,88,2,chordKey_20_99,clients=50
1778007865303,PUT,0,0,chordKey_10_79,clients=50
1778007865304,PUT_HOP,0,2,chordKey_32_86,
1778007865304,GET,92,2,chordKey_5_80,clients=50
1778007865305,PUT_HOP,0,2,chordKey_37_81,
1778007865305,PUT,0,0,chordKey_5_81,clients=50
1778007865306,PUT_HOP,0,2,chordKey_18_78,
1778007865306,GET,103,2,chordKey_48_71,clients=50
1778007865307,PUT,0,0,chordKey_48_72,clients=50
1778007865307,PUT_HOP,0,2,chordKey_48_71,
1778007865308,PUT_HOP,0,2,chordKey_20_99,
1778007865309,PUT_HOP,0,2,chordKey_11_89,
1778007865312,GET,108,2,chordKey_37_81,clients=50
1778007865312,GET,107,2,chordKey_36_54,clients=50
1778007865313,PUT,0,0,chordKey_37_82,clients=50
1778007865314,PUT,0,0,chordKey_36_55,clients=50
1778007865314,GET,66,2,chordKey_32_86,clients=50
1778007865315,PUT_HOP,0,2,chordKey_3_75,
1778007865315,GET,97,2,chordKey_11_89,clients=50
1778007865316,PUT,0,0,chordKey_11_90,clients=50
1778007865317,PUT_HOP,0,2,chordKey_36_54,
1778007865315,PUT,0,0,chordKey_32_87,clients=50
1778007865318,PUT_HOP,0,2,chordKey_26_85,
1778007865318,PUT_HOP,0,2,chordKey_45_63,
1778007865320,GET,69,2,chordKey_3_75,clients=50
1778007865320,GET,127,2,chordKey_18_78,clients=50
1778007865321,PUT,0,0,chordKey_18_79,clients=50
1778007865321,GET,71,2,chordKey_26_85,clients=50
1778007865321,PUT,0,0,chordKey_3_76,clients=50
1778007865322,PUT,0,0,chordKey_26_86,clients=50
1778007865322,GET,98,2,chordKey_45_63,clients=50
1778007865324,PUT,0,0,chordKey_45_64,clients=50
1778007865326,PUT_HOP,0,2,chordKey_8_91,
1778007865331,PUT_HOP,0,2,chordKey_0_90,
1778007865332,GET,85,2,chordKey_8_91,clients=50
1778007865332,PUT_HOP,0,2,chordKey_34_91,
1778007865333,PUT,0,0,chordKey_8_92,clients=50
1778007865361,PUT_HOP,0,2,chordKey_39_93,
1778007865365,GET,79,2,chordKey_39_93,clients=50
1778007865365,GET,1099,2,chordKey_33_96,clients=50
1778007865366,PUT,0,0,chordKey_39_94,clients=50
1778007865367,PUT,0,0,chordKey_33_97,clients=50
1778007865374,PUT_HOP,0,2,chordKey_2_92,
1778007865375,GET,58,2,chordKey_11_90,clients=50
1778007865376,PUT,0,0,chordKey_11_91,clients=50
1778007865378,GET,140,2,chordKey_2_92,clients=50
1778007865379,GET,125,2,chordKey_14_92,clients=50
1778007865381,PUT_HOP,0,2,chordKey_14_92,
1778007865379,GET,143,2,chordKey_0_90,clients=50
1778007865383,PUT,0,0,chordKey_0_91,clients=50
1778007865382,PUT,0,0,chordKey_14_93,clients=50
1778007865382,GET,141,2,chordKey_34_91,clients=50
1778007865382,GET,63,2,chordKey_32_87,clients=50
1778007865384,PUT_HOP,0,2,chordKey_32_87,
1778007865384,PUT_HOP,0,2,chordKey_40_71,
1778007865380,PUT,0,0,chordKey_2_93,clients=50
1778007865385,PUT,0,0,chordKey_32_88,clients=50
1778007865384,PUT,0,0,chordKey_34_92,clients=50
1778007865386,PUT_HOP,0,2,chordKey_16_95,
1778007865388,PUT_HOP,0,2,chordKey_24_97,
1778007865389,GET,116,2,chordKey_16_95,clients=50
1778007865389,PUT,0,0,chordKey_16_96,clients=50
1778007865398,PUT_HOP,0,2,chordKey_25_65,
1778007865404,GET,100,2,chordKey_10_79,clients=50
1778007865405,PUT,0,0,chordKey_10_80,clients=50
1778007865406,GET,122,2,chordKey_40_71,clients=50
1778007865406,GET,124,2,chordKey_24_97,clients=50
1778007865406,PUT,0,0,chordKey_40_72,clients=50
1778007865407,GET,123,2,chordKey_25_65,clients=50
1778007865408,PUT_HOP,0,2,chordKey_3_76,
1778007865407,PUT,0,0,chordKey_24_98,clients=50
1778007865409,PUT,0,0,chordKey_25_66,clients=50
1778007865412,GET,120,2,chordKey_12_97,clients=50
1778007865412,PUT,0,0,chordKey_12_98,clients=50
1778007865413,GET,90,2,chordKey_3_76,clients=50
1778007865413,PUT_HOP,0,2,chordKey_5_81,
1778007865414,PUT,0,0,chordKey_3_77,clients=50
1778007865418,PUT_HOP,0,2,chordKey_26_86,
1778007865419,GET,51,2,chordKey_33_97,clients=50
1778007865419,PUT_HOP,0,2,chordKey_11_90,
1778007865420,PUT,0,0,chordKey_33_98,clients=50
1778007865421,PUT_HOP,0,2,chordKey_33_97,
1778007865422,GET,54,2,chordKey_39_94,clients=50
1778007865423,PUT,0,0,chordKey_39_95,clients=50
1778007865423,PUT_HOP,0,2,chordKey_10_79,
1778007865424,GET,100,2,chordKey_26_86,clients=50
1778007865424,PUT_HOP,0,2,chordKey_12_97,
1778007865425,PUT,0,0,chordKey_26_87,clients=50
1778007865424,GET,132,2,chordKey_29_86,clients=50
1778007865427,PUT,0,0,chordKey_29_87,clients=50
1778007865427,PUT_HOP,0,2,chordKey_48_72,
1778007865428,GET,122,2,chordKey_5_81,clients=50
1778007865431,PUT,0,0,chordKey_5_82,clients=50
1778007865433,PUT_HOP,0,2,chordKey_29_86,
1778007865433,GET,126,2,chordKey_48_72,clients=50
1778007865434,PUT,0,0,chordKey_48_73,clients=50
1778007865435,PUT_HOP,0,2,chordKey_39_94,
1778007865436,PUT_HOP,0,2,chordKey_11_91,
1778007865437,PUT_HOP,0,2,chordKey_37_82,
1778007865440,GET,54,2,chordKey_32_88,clients=50
1778007865440,PUT_HOP,0,2,chordKey_32_88,
1778007865440,GET,63,2,chordKey_11_91,clients=50
1778007865442,PUT,0,0,chordKey_32_89,clients=50
1778007865442,PUT,0,0,chordKey_11_92,clients=50
1778007865447,GET,114,2,chordKey_8_92,clients=50
1778007865448,PUT,0,0,chordKey_8_93,clients=50
1778007865450,PUT_HOP,0,2,chordKey_8_92,
1778007865454,PUT_HOP,0,2,chordKey_10_80,
1778007865456,PUT_HOP,0,2,chordKey_40_62,
1778007865456,GET,50,2,chordKey_10_80,clients=50
1778007865457,PUT_HOP,0,2,chordKey_3_77,
1778007865457,PUT,0,0,chordKey_10_81,clients=50
1778007865457,PUT_HOP,0,2,chordKey_40_72,
1778007865468,GET,61,2,chordKey_40_72,clients=50
1778007865470,PUT,0,0,chordKey_40_73,clients=50
1778007865482,PUT_HOP,0,2,chordKey_36_55,
1778007865484,PUT_HOP,0,2,chordKey_39_95,
1778007865485,GET,1126,2,chordKey_19_70,clients=50
1778007865485,PUT_HOP,0,2,chordKey_18_79,
1778007865486,PUT,0,0,chordKey_19_71,clients=50
1778007865486,GET,71,2,chordKey_3_77,clients=50
1778007865487,PUT,0,0,chordKey_3_78,clients=50
1778007865489,PUT_HOP,0,2,chordKey_40_73,
1778007865490,PUT_HOP,0,2,chordKey_8_93,
1778007865492,GET,43,2,chordKey_8_93,clients=50
1778007865492,GET,22,2,chordKey_40_73,clients=50
1778007865493,PUT_HOP,0,2,chordKey_45_64,
1778007865494,GET,179,2,chordKey_37_82,clients=50
1778007865494,PUT,0,0,chordKey_37_83,clients=50
1778007865493,PUT,0,0,chordKey_8_94,clients=50
1778007865496,GET,171,2,chordKey_45_64,clients=50
1778007865499,GET,184,2,chordKey_36_55,clients=50
1778007865494,PUT,0,0,chordKey_40_74,clients=50
1778007865500,PUT,0,0,chordKey_36_56,clients=50
1778007865499,PUT,0,0,chordKey_45_65,clients=50
1778007865501,GET,178,2,chordKey_18_79,clients=50
1778007865501,PUT_HOP,0,2,chordKey_0_91,
1778007865504,PUT,0,0,chordKey_18_80,clients=50
1778007865500,GET,206,2,chordKey_46_94,clients=50
1778007865506,PUT_HOP,0,2,chordKey_2_93,
1778007865506,PUT,0,0,chordKey_46_95,clients=50
1778007865507,PUT_HOP,0,2,chordKey_46_94,
1778007865505,GET,122,2,chordKey_14_93,clients=50
1778007865507,PUT,0,0,chordKey_14_94,clients=50
1778007865509,GET,88,2,chordKey_33_98,clients=50
1778007865510,PUT,0,0,chordKey_33_99,clients=50
1778007865510,PUT_HOP,0,2,chordKey_19_70,
1778007865515,GET,89,2,chordKey_26_87,clients=50
1778007865515,PUT,0,0,chordKey_26_88,clients=50
1778007865517,PUT_HOP,0,2,chordKey_34_92,
1778007865519,PUT_HOP,0,2,chordKey_14_93,
1778007865520,GET,134,2,chordKey_2_93,clients=50
1778007865520,PUT_HOP,0,2,chordKey_24_98,
1778007865520,GET,129,2,chordKey_16_96,clients=50
1778007865521,PUT,0,0,chordKey_16_97,clients=50
1778007865520,PUT,0,0,chordKey_2_94,clients=50
1778007865523,GET,113,2,chordKey_24_98,clients=50
1778007865524,PUT,0,0,chordKey_24_99,clients=50
1778007865525,GET,142,2,chordKey_0_91,clients=50
1778007865525,GET,115,2,chordKey_25_66,clients=50
1778007865526,PUT_HOP,0,2,chordKey_33_98,
1778007865526,GET,140,2,chordKey_34_92,clients=50
1778007865527,PUT_HOP,0,2,chordKey_26_87,
1778007865527,PUT,0,0,chordKey_34_93,clients=50
1778007865526,PUT,0,0,chordKey_0_92,clients=50
1778007865527,PUT,0,0,chordKey_25_67,clients=50
1778007865530,PUT_HOP,0,2,chordKey_16_96,
1778007865530,PUT_HOP,0,2,chordKey_12_98,
1778007865533,GET,100,2,chordKey_5_82,clients=50
1778007865533,PUT_HOP,0,2,chordKey_8_94,
1778007865534,PUT,0,0,chordKey_5_83,clients=50
1778007865535,GET,37,2,chordKey_8_94,clients=50
1778007865536,PUT,0,0,chordKey_8_95,clients=50
1778007865541,PUT_HOP,0,2,chordKey_40_74,
1778007865542,GET,42,2,chordKey_40_74,clients=50
1778007865547,PUT,0,0,chordKey_40_75,clients=50
1778007865550,PUT_HOP,0,2,chordKey_48_73,
1778007865550,GET,126,2,chordKey_39_95,clients=50
1778007865551,PUT_HOP,0,2,chordKey_32_89,
1778007865551,GET,1195,2,chordKey_43_57,clients=50
1778007865551,PUT_HOP,0,2,chordKey_11_92,
1778007865552,PUT,0,0,chordKey_43_58,clients=50
1778007865551,PUT,0,0,chordKey_39_96,clients=50
1778007865552,GET,124,2,chordKey_29_87,clients=50
1778007865554,PUT,0,0,chordKey_29_88,clients=50
1778007865554,PUT_HOP,0,2,chordKey_25_66,
1778007865555,PUT_HOP,0,2,chordKey_5_82,
1778007865556,PUT_HOP,0,2,chordKey_29_87,
1778007865557,GET,113,2,chordKey_11_92,clients=50
1778007865558,GET,115,2,chordKey_32_89,clients=50
1778007865558,PUT,0,0,chordKey_32_90,clients=50
1778007865558,PUT,0,0,chordKey_11_93,clients=50
1778007865559,PUT_HOP,0,2,chordKey_10_81,
1778007865559,GET,146,2,chordKey_12_98,clients=50
1778007865560,PUT_HOP,0,2,chordKey_19_71,
1778007865561,PUT,0,0,chordKey_12_99,clients=50
1778007865561,GET,73,2,chordKey_3_78,clients=50
1778007865565,PUT,0,0,chordKey_3_79,clients=50
1778007865566,GET,131,2,chordKey_48_73,clients=50
1778007865567,PUT,0,0,chordKey_48_74,clients=50
1778007865568,PUT_HOP,0,2,chordKey_3_78,
1778007865569,GET,111,2,chordKey_10_81,clients=50
1778007865570,PUT,0,0,chordKey_10_82,clients=50
1778007865570,GET,83,2,chordKey_19_71,clients=50
1778007865571,PUT,0,0,chordKey_19_72,clients=50
1778007865576,GET,70,2,chordKey_18_80,clients=50
1778007865577,PUT,0,0,chordKey_18_81,clients=50
1778007865578,PUT_HOP,0,2,chordKey_43_58,
1778007865579,GET,27,2,chordKey_43_58,clients=50
1778007865580,PUT_HOP,0,2,chordKey_40_75,
1778007865580,PUT,0,0,chordKey_43_59,clients=50
1778007865586,PUT_HOP,0,2,chordKey_45_65,
1778007865586,PUT_HOP,0,2,chordKey_33_99,
1778007865586,PUT_HOP,0,2,chordKey_18_80,
1778007865586,PUT_HOP,0,2,chordKey_36_56,
1778007865587,PUT_HOP,0,2,chordKey_26_88,
1778007865588,GET,77,2,chordKey_33_99,clients=50
1778007865589,PUT_HOP,0,2,chordKey_39_96,
1778007865589,GET,73,2,chordKey_26_88,clients=50
1778007865590,PUT,0,0,chordKey_26_89,clients=50
1778007865590,GET,1168,2,chordKey_35_76,clients=50
1778007865590,GET,95,2,chordKey_37_83,clients=50
1778007865591,PUT,0,0,chordKey_37_84,clients=50
1778007865591,PUT,0,0,chordKey_35_77,clients=50
1778007865592,GET,39,2,chordKey_39_96,clients=50
1778007865592,PUT_HOP,0,2,chordKey_37_83,
1778007865593,PUT,0,0,chordKey_39_97,clients=50
1778007865593,PUT_HOP,0,2,chordKey_11_93,
1778007865594,GET,27,2,chordKey_3_79,clients=50
1778007865594,PUT_HOP,0,2,chordKey_3_79,
1778007865595,PUT,0,0,chordKey_3_80,clients=50
1778007865594,GET,34,2,chordKey_11_93,clients=50
1778007865596,PUT,0,0,chordKey_11_94,clients=50
1778007865600,PUT_HOP,0,2,chordKey_43_59,
1778007865601,GET,19,2,chordKey_43_59,clients=50
1778007865601,PUT,0,0,chordKey_43_60,clients=50
1778007865606,GET,84,2,chordKey_16_97,clients=50
1778007865607,PUT,0,0,chordKey_16_98,clients=50
1778007865607,PUT_HOP,0,2,chordKey_19_72,
1778007865608,GET,100,2,chordKey_14_94,clients=50
1778007865608,PUT,0,0,chordKey_14_95,clients=50
1778007865607,GET,107,2,chordKey_36_56,clients=50
1778007865609,PUT,0,0,chordKey_36_57,clients=50
1778007865612,PUT_HOP,0,2,chordKey_18_81,
1778007865613,PUT_HOP,0,2,chordKey_12_99,
1778007865613,GET,65,2,chordKey_40_75,clients=50
1778007865614,PUT,0,0,chordKey_40_76,clients=50
1778007865618,PUT_HOP,0,2,chordKey_10_82,
1778007865621,GET,50,2,chordKey_10_82,clients=50
1778007865623,PUT,0,0,chordKey_10_83,clients=50
1778007865623,PUT_HOP,0,2,chordKey_26_89,
1778007865621,GET,43,2,chordKey_18_81,clients=50
1778007865624,PUT,0,0,chordKey_18_82,clients=50
1778007865626,PUT_HOP,0,2,chordKey_39_97,
1778007865628,GET,56,2,chordKey_19_72,clients=50
1778007865629,PUT,0,0,chordKey_19_73,clients=50
1778007865639,GET,46,2,chordKey_35_77,clients=50
1778007865640,PUT,0,0,chordKey_35_78,clients=50
1778007865639,GET,40,2,chordKey_11_94,clients=50
1778007865641,PUT,0,0,chordKey_11_95,clients=50
1778007865641,GET,78,2,chordKey_12_99,clients=50
1778007865642,PUT_HOP,0,2,chordKey_35_77,
1778007865645,PUT_HOP,0,2,chordKey_0_92,
1778007865645,PUT_HOP,0,2,chordKey_25_67,
1778007865646,PUT_HOP,0,2,chordKey_16_97,
1778007865648,PUT_HOP,0,2,chordKey_5_83,
1778007865648,GET,146,2,chordKey_45_65,clients=50
1778007865648,PUT,0,0,chordKey_45_66,clients=50
1778007865649,PUT_HOP,0,2,chordKey_8_95,
1778007865649,GET,55,2,chordKey_39_97,clients=50
1778007865649,PUT_HOP,0,2,chordKey_46_95,
1778007865650,PUT,0,0,chordKey_39_98,clients=50
1778007865649,GET,142,2,chordKey_46_95,clients=50
1778007865651,PUT,0,0,chordKey_46_96,clients=50
1778007865651,PUT_HOP,0,2,chordKey_34_93,
1778007865652,PUT_HOP,0,2,chordKey_10_83,
1778007865652,GET,128,2,chordKey_24_99,clients=50
1778007865652,PUT_HOP,0,2,chordKey_14_94,
1778007865653,PUT_HOP,0,2,chordKey_11_94,
1778007865653,GET,63,2,chordKey_26_89,clients=50
1778007865654,PUT_HOP,0,2,chordKey_18_82,
1778007865654,PUT_HOP,0,2,chordKey_2_94,
1778007865654,PUT,0,0,chordKey_26_90,clients=50
1778007865654,PUT_HOP,0,2,chordKey_24_99,
1778007865655,GET,118,2,chordKey_8_95,clients=50
1778007865655,PUT,0,0,chordKey_8_96,clients=50
1778007865656,GET,127,2,chordKey_0_92,clients=50
1778007865657,PUT,0,0,chordKey_0_93,clients=50
1778007865666,GET,135,2,chordKey_25_67,clients=50
1778007865667,PUT,0,0,chordKey_25_68,clients=50
1778007865668,PUT_HOP,0,2,chordKey_19_73,
1778007865669,GET,44,2,chordKey_18_82,clients=50
1778007865670,PUT,0,0,chordKey_18_83,clients=50
1778007865673,GET,63,2,chordKey_36_57,clients=50
1778007865673,GET,144,2,chordKey_34_93,clients=50
1778007865674,PUT,0,0,chordKey_34_94,clients=50
1778007865673,PUT,0,0,chordKey_36_58,clients=50
1778007865678,GET,63,2,chordKey_40_76,clients=50
1778007865678,PUT,0,0,chordKey_40_77,clients=50
1778007865678,PUT_HOP,0,2,chordKey_36_57,
1778007865680,PUT_HOP,0,2,chordKey_40_76,
1778007865681,PUT_HOP,0,2,chordKey_45_66,
1778007865688,GET,64,2,chordKey_10_83,clients=50
1778007865689,GET,58,2,chordKey_19_73,clients=50
1778007865689,PUT,0,0,chordKey_10_84,clients=50
1778007865690,PUT,0,0,chordKey_19_74,clients=50
1778007865690,GET,156,2,chordKey_5_83,clients=50
1778007865691,GET,42,2,chordKey_45_66,clients=50
1778007865692,PUT,0,0,chordKey_45_67,clients=50
1778007865691,PUT,0,0,chordKey_5_84,clients=50
1778007865693,GET,139,2,chordKey_29_88,clients=50
1778007865694,PUT_HOP,0,2,chordKey_29_88,
1778007865694,PUT,0,0,chordKey_29_89,clients=50
1778007865696,GET,137,2,chordKey_32_90,clients=50
1778007865697,GET,174,2,chordKey_2_94,clients=50
1778007865698,PUT,0,0,chordKey_2_95,clients=50
1778007865697,PUT,0,0,chordKey_32_91,clients=50
1778007865701,PUT_HOP,0,2,chordKey_37_84,
1778007865701,PUT_HOP,0,2,chordKey_32_90,
1778007865702,GET,107,2,chordKey_3_80,clients=50
1778007865702,PUT_HOP,0,2,chordKey_11_95,
1778007865703,GET,112,2,chordKey_37_84,clients=50
1778007865703,GET,62,2,chordKey_35_78,clients=50
1778007865705,PUT_HOP,0,2,chordKey_48_74,
1778007865705,PUT,0,0,chordKey_37_85,clients=50
1778007865704,PUT,0,0,chordKey_3_81,clients=50
1778007865708,PUT,2,0,chordKey_35_79,clients=50
1778007865720,PUT_HOP,0,2,chordKey_25_68,
1778007865721,GET,152,2,chordKey_48_74,clients=50
1778007865721,PUT_HOP,0,2,chordKey_35_78,
1778007865722,PUT,0,0,chordKey_48_75,clients=50
1778007865723,GET,81,2,chordKey_11_95,clients=50
1778007865725,PUT,0,0,chordKey_11_96,clients=50
1778007865727,PUT_HOP,0,2,chordKey_39_98,
1778007865728,PUT_HOP,0,2,chordKey_36_58,
1778007865730,GET,62,2,chordKey_25_68,clients=50
1778007865732,PUT,0,0,chordKey_25_69,clients=50
1778007865739,GET,68,2,chordKey_18_83,clients=50
1778007865741,PUT,0,0,chordKey_18_84,clients=50
1778007865745,PUT_HOP,0,2,chordKey_45_67,
1778007865747,GET,72,2,chordKey_36_58,clients=50
1778007865748,PUT,0,0,chordKey_36_59,clients=50
1778007865750,GET,57,2,chordKey_45_67,clients=50
1778007865751,PUT,0,0,chordKey_45_68,clients=50
1778007865751,PUT_HOP,0,2,chordKey_40_77,
1778007865752,PUT_HOP,0,2,chordKey_3_80,
1778007865752,PUT_HOP,0,2,chordKey_43_60,
1778007865753,GET,74,2,chordKey_40_77,clients=50
1778007865755,PUT,0,0,chordKey_40_78,clients=50
1778007865756,GET,105,2,chordKey_39_98,clients=50
1778007865756,PUT,0,0,chordKey_39_99,clients=50
1778007865758,PUT_HOP,0,2,chordKey_18_83,
1778007865767,GET,158,2,chordKey_14_95,clients=50
1778007865767,GET,164,2,chordKey_43_60,clients=50
1778007865769,PUT,0,0,chordKey_43_61,clients=50
1778007865769,PUT_HOP,0,2,chordKey_16_98,
1778007865767,GET,159,2,chordKey_16_98,clients=50
1778007865770,PUT_HOP,0,2,chordKey_40_64,
1778007865770,PUT,0,0,chordKey_16_99,clients=50
1778007865770,PUT_HOP,0,2,chordKey_14_95,
1778007865768,PUT,0,0,chordKey_14_96,clients=50
1778007865773,PUT_HOP,0,2,chordKey_10_84,
1778007865785,GET,94,2,chordKey_10_84,clients=50
1778007865786,PUT,0,0,chordKey_10_85,clients=50
1778007865786,PUT_HOP,0,2,chordKey_26_90,
1778007865787,GET,96,2,chordKey_19_74,clients=50
1778007865788,PUT_HOP,0,2,chordKey_8_96,
1778007865788,PUT,0,0,chordKey_19_75,clients=50
1778007865788,PUT_HOP,0,2,chordKey_46_96,
1778007865790,GET,138,2,chordKey_46_96,clients=50
1778007865791,PUT_HOP,0,2,chordKey_0_93,
1778007865791,PUT_HOP,0,2,chordKey_34_94,
1778007865791,PUT,0,0,chordKey_46_97,clients=50
1778007865791,GET,134,2,chordKey_8_96,clients=50
1778007865791,GET,136,2,chordKey_26_90,clients=50
1778007865792,PUT,0,0,chordKey_8_97,clients=50
1778007865793,PUT,0,0,chordKey_26_91,clients=50
1778007865793,PUT_HOP,0,2,chordKey_35_79,
1778007865795,PUT_HOP,0,2,chordKey_19_74,
1778007865797,GET,140,2,chordKey_0_93,clients=50
1778007865798,PUT,0,0,chordKey_0_94,clients=50
1778007865802,GET,127,2,chordKey_34_94,clients=50
1778007865804,PUT,0,0,chordKey_34_95,clients=50
1778007865806,PUT_HOP,0,2,chordKey_5_84,
1778007865808,GET,92,2,chordKey_35_79,clients=50
1778007865808,PUT,0,0,chordKey_35_80,clients=50
1778007865809,PUT_HOP,0,2,chordKey_37_85,
1778007865809,PUT_HOP,0,2,chordKey_2_95,
1778007865809,PUT_HOP,0,2,chordKey_25_69,
1778007865811,GET,79,2,chordKey_25_69,clients=50
1778007865812,PUT,0,0,chordKey_25_70,clients=50
1778007865813,PUT_HOP,0,2,chordKey_36_59,
1778007865813,GET,65,2,chordKey_36_59,clients=50
1778007865814,PUT,0,0,chordKey_36_60,clients=50
1778007865816,PUT_HOP,0,2,chordKey_45_68,
1778007865816,GET,64,2,chordKey_45_68,clients=50
1778007865817,GET,74,2,chordKey_18_84,clients=50
1778007865817,PUT,0,0,chordKey_45_69,clients=50
1778007865817,PUT,0,0,chordKey_18_85,clients=50
1778007865819,GET,63,2,chordKey_40_78,clients=50
1778007865819,PUT,0,0,chordKey_40_79,clients=50
1778007865821,PUT_HOP,0,2,chordKey_29_89,
1778007865821,PUT_HOP,0,2,chordKey_18_84,
1778007865824,PUT_HOP,0,2,chordKey_11_96,
1778007865824,GET,99,2,chordKey_11_96,clients=50
1778007865825,PUT,0,0,chordKey_11_97,clients=50
1778007865825,GET,130,2,chordKey_29_89,clients=50
1778007865827,PUT,0,0,chordKey_29_90,clients=50
1778007865827,GET,127,2,chordKey_2_95,clients=50
1778007865827,GET,70,2,chordKey_39_99,clients=50
1778007865829,PUT_HOP,0,2,chordKey_3_81,
1778007865828,PUT,0,0,chordKey_2_96,clients=50
1778007865831,GET,130,2,chordKey_32_91,clients=50
1778007865832,PUT,0,0,chordKey_32_92,clients=50
1778007865842,PUT_HOP,0,2,chordKey_32_91,
1778007865845,GET,132,2,chordKey_37_85,clients=50
1778007865846,PUT,0,0,chordKey_37_86,clients=50
1778007865846,PUT_HOP,0,2,chordKey_39_99,
1778007865848,GET,154,2,chordKey_5_84,clients=50
1778007865848,PUT,0,0,chordKey_5_85,clients=50
1778007865850,GET,134,2,chordKey_3_81,clients=50
1778007865851,PUT,0,0,chordKey_3_82,clients=50
1778007865855,GET,131,2,chordKey_48_75,clients=50
1778007865856,PUT,0,0,chordKey_48_76,clients=50
1778007865856,PUT_HOP,0,2,chordKey_40_78,
1778007865857,GET,69,2,chordKey_19_75,clients=50
1778007865858,PUT_HOP,0,2,chordKey_19_75,
1778007865858,PUT,0,0,chordKey_19_76,clients=50
1778007865858,GET,71,2,chordKey_10_85,clients=50
1778007865859,PUT,0,0,chordKey_10_86,clients=50
1778007865859,PUT_HOP,0,2,chordKey_10_85,
1778007865860,GET,47,2,chordKey_25_70,clients=50
1778007865860,PUT_HOP,0,2,chordKey_48_75,
1778007865860,PUT,0,0,chordKey_25_71,clients=50
1778007865861,PUT_HOP,0,2,chordKey_25_70,
1778007865862,PUT_HOP,0,2,chordKey_14_96,
1778007865862,PUT_HOP,0,2,chordKey_45_69,
1778007865862,PUT_HOP,0,2,chordKey_43_61,
1778007865865,PUT_HOP,0,2,chordKey_16_99,
1778007865869,GET,97,2,chordKey_14_96,clients=50
1778007865870,PUT,0,0,chordKey_14_97,clients=50
1778007865870,GET,100,2,chordKey_43_61,clients=50
1778007865871,PUT,0,0,chordKey_43_62,clients=50
1778007865873,GET,102,2,chordKey_16_99,clients=50
1778007865873,PUT_HOP,0,2,chordKey_18_85,
1778007865874,PUT_HOP,0,2,chordKey_8_97,
1778007865874,GET,55,2,chordKey_18_85,clients=50
1778007865875,PUT_HOP,0,2,chordKey_11_97,
1778007865875,PUT,0,0,chordKey_18_86,clients=50
1778007865875,GET,60,2,chordKey_36_60,clients=50
1778007865876,PUT_HOP,0,2,chordKey_29_90,
1778007865877,PUT_HOP,0,2,chordKey_36_60,
1778007865877,PUT,0,0,chordKey_36_61,clients=50
1778007865877,GET,84,2,chordKey_8_97,clients=50
1778007865878,PUT,0,0,chordKey_8_98,clients=50
1778007865875,GET,49,2,chordKey_11_97,clients=50
1778007865879,PUT,0,0,chordKey_11_98,clients=50
1778007865879,PUT_HOP,0,2,chordKey_46_97,
1778007865883,GET,55,2,chordKey_29_90,clients=50
1778007865884,PUT,0,0,chordKey_29_91,clients=50
1778007865889,GET,69,2,chordKey_40_79,clients=50
1778007865901,PUT_HOP,0,2,chordKey_40_79,
1778007865899,GET,81,2,chordKey_45_69,clients=50
1778007865903,PUT,0,0,chordKey_40_80,clients=50
1778007865906,PUT_HOP,0,2,chordKey_0_94,
1778007865905,GET,113,2,chordKey_46_97,clients=50
1778007865905,PUT,0,0,chordKey_45_70,clients=50
1778007865908,PUT_HOP,0,2,chordKey_26_91,
1778007865908,PUT,0,0,chordKey_46_98,clients=50
1778007865910,GET,111,2,chordKey_0_94,clients=50
1778007865910,PUT_HOP,0,2,chordKey_10_86,
1778007865910,PUT,0,0,chordKey_0_95,clients=50
1778007865910,GET,116,2,chordKey_26_91,clients=50
1778007865911,PUT,0,0,chordKey_26_92,clients=50
1778007865913,PUT_HOP,0,2,chordKey_19_76,
1778007865914,GET,55,2,chordKey_19_76,clients=50
1778007865914,PUT,0,0,chordKey_19_77,clients=50
1778007865914,GET,52,2,chordKey_25_71,clients=50
1778007865915,GET,56,2,chordKey_10_86,clients=50
1778007865916,PUT,0,0,chordKey_25_72,clients=50
1778007865916,PUT,0,0,chordKey_10_87,clients=50
1778007865917,GET,41,2,chordKey_18_86,clients=50
1778007865918,PUT_HOP,0,2,chordKey_35_80,
1778007865918,PUT_HOP,0,2,chordKey_34_95,
1778007865918,PUT,0,0,chordKey_18_87,clients=50
1778007865920,GET,1096,2,chordKey_9_39,clients=50
1778007865920,PUT_HOP,0,2,chordKey_13_71,
1778007865921,PUT,0,0,chordKey_9_40,clients=50
1778007865921,PUT_HOP,0,2,chordKey_2_88,
1778007865922,GET,1103,2,chordKey_4_44,clients=50
1778007865922,PUT,0,0,chordKey_4_45,clients=50
1778007865923,PUT_HOP,0,2,chordKey_18_86,
1778007865923,PUT_HOP,0,2,chordKey_34_87,
1778007865924,PUT_HOP,0,2,chordKey_8_87,
1778007865924,PUT_HOP,0,2,chordKey_25_71,
1778007865924,PUT_HOP,0,2,chordKey_36_61,
1778007865948,PUT_HOP,0,2,chordKey_48_76,
1778007865949,GET,139,2,chordKey_35_80,clients=50
1778007865949,GET,144,2,chordKey_34_95,clients=50
1778007865950,PUT,0,0,chordKey_34_96,clients=50
1778007865949,PUT,0,0,chordKey_35_81,clients=50
1778007865957,PUT_HOP,0,2,chordKey_2_96,
1778007865958,GET,127,2,chordKey_2_96,clients=50
1778007865958,GET,108,2,chordKey_5_85,clients=50
1778007865958,PUT,0,0,chordKey_2_97,clients=50
1778007865958,PUT_HOP,0,2,chordKey_11_98,
1778007865959,PUT,0,0,chordKey_5_86,clients=50
1778007865959,GET,80,2,chordKey_11_98,clients=50
1778007865960,PUT,0,0,chordKey_11_99,clients=50
1778007865961,GET,113,2,chordKey_37_86,clients=50
1778007865961,PUT,0,0,chordKey_37_87,clients=50
1778007865968,GET,82,2,chordKey_29_91,clients=50
1778007865969,PUT,0,0,chordKey_29_92,clients=50
1778007865970,PUT_HOP,0,2,chordKey_29_91,
1778007865977,PUT_HOP,0,2,chordKey_32_92,
1778007865978,PUT_HOP,0,2,chordKey_40_80,
1778007865979,GET,102,2,chordKey_36_61,clients=50
1778007865980,GET,73,2,chordKey_40_80,clients=50
1778007865981,PUT,0,0,chordKey_40_81,clients=50
1778007865980,PUT,0,0,chordKey_36_62,clients=50
1778007865987,PUT_HOP,0,2,chordKey_45_70,
1778007865987,PUT_HOP,0,2,chordKey_37_86,
1778007865990,PUT_HOP,0,2,chordKey_14_97,
1778007865990,GET,158,2,chordKey_32_92,clients=50
1778007865991,PUT,0,0,chordKey_32_93,clients=50
1778007865992,PUT_HOP,0,2,chordKey_5_85,
1778007865992,GET,135,2,chordKey_48_76,clients=50
1778007865993,PUT,0,0,chordKey_48_77,clients=50
1778007865993,PUT_HOP,0,2,chordKey_20_95,
1778007865994,PUT_HOP,0,2,chordKey_43_62,
1778007865995,GET,123,2,chordKey_43_62,clients=50
1778007865997,PUT_HOP,0,2,chordKey_8_98,
1778007865997,GET,126,2,chordKey_14_97,clients=50
1778007865996,PUT_HOP,0,2,chordKey_9_40,
1778007866003,PUT,0,0,chordKey_43_63,clients=50
1778007866003,PUT,0,0,chordKey_14_98,clients=50
1778007866008,PUT_HOP,0,2,chordKey_3_82,
1778007866008,GET,130,2,chordKey_8_98,clients=50
1778007866009,PUT_HOP,0,2,chordKey_46_98,
1778007866010,PUT_HOP,0,2,chordKey_26_92,
1778007866010,PUT_HOP,0,2,chordKey_0_95,
1778007866011,PUT,1,0,chordKey_8_99,clients=50
1778007866009,GET,157,2,chordKey_3_82,clients=50
1778007866012,GET,96,2,chordKey_19_77,clients=50
1778007866013,PUT,0,0,chordKey_19_78,clients=50
1778007866011,GET,99,2,chordKey_26_92,clients=50
1778007866011,GET,102,2,chordKey_46_98,clients=50
1778007866014,PUT,0,0,chordKey_26_93,clients=50
1778007866014,PUT,0,0,chordKey_46_99,clients=50
1778007866012,GET,101,2,chordKey_0_95,clients=50
1778007866016,PUT,0,0,chordKey_0_96,clients=50
1778007866012,PUT,0,0,chordKey_3_83,clients=50
1778007866017,GET,95,2,chordKey_9_40,clients=50
1778007866018,PUT_HOP,0,2,chordKey_10_87,
1778007866018,PUT,0,0,chordKey_9_41,clients=50
1778007866018,GET,109,2,chordKey_45_70,clients=50
1778007866019,GET,102,2,chordKey_25_72,clients=50
1778007866020,PUT,0,0,chordKey_25_73,clients=50
1778007866019,PUT,0,0,chordKey_45_71,clients=50
1778007866026,PUT_HOP,0,2,chordKey_34_96,
1778007866026,PUT_HOP,0,2,chordKey_35_81,
1778007866026,PUT_HOP,0,2,chordKey_2_97,
1778007866029,PUT_HOP,0,2,chordKey_5_86,
1778007866039,GET,121,2,chordKey_10_87,clients=50
1778007866040,PUT_HOP,0,2,chordKey_19_77,
1778007866041,PUT,0,0,chordKey_10_88,clients=50
1778007866041,PUT_HOP,0,2,chordKey_4_45,
1778007866042,PUT_HOP,0,2,chordKey_18_87,
1778007866042,PUT_HOP,0,2,chordKey_25_72,
1778007866043,GET,124,2,chordKey_18_87,clients=50
1778007866044,PUT,0,0,chordKey_18_88,clients=50
1778007866057,GET,134,2,chordKey_4_45,clients=50
1778007866058,PUT,0,0,chordKey_4_46,clients=50
1778007866068,GET,107,2,chordKey_11_99,clients=50
1778007866069,GET,110,2,chordKey_2_97,clients=50
1778007866070,PUT_HOP,0,2,chordKey_11_99,
1778007866070,GET,110,2,chordKey_5_86,clients=50
1778007866070,PUT_HOP,0,2,chordKey_29_92,
1778007866072,PUT,0,0,chordKey_5_87,clients=50
1778007866071,PUT,0,0,chordKey_2_98,clients=50
1778007866074,PUT_HOP,0,2,chordKey_37_87,
1778007866074,GET,124,2,chordKey_34_96,clients=50
1778007866075,PUT,0,0,chordKey_34_97,clients=50
1778007866077,PUT,1006,0,chordKey_28_89,clients=50
1778007866077,PUT,1007,0,chordKey_31_91,clients=50
1778007866090,GET,120,2,chordKey_29_92,clients=50
1778007866090,PUT_HOP,0,2,chordKey_36_62,
1778007866091,PUT,0,0,chordKey_29_93,clients=50
1778007866092,PUT_HOP,0,2,chordKey_40_81,
1778007866092,GET,142,2,chordKey_35_81,clients=50
1778007866093,PUT,0,0,chordKey_35_82,clients=50
1778007866095,GET,113,2,chordKey_36_62,clients=50
1778007866095,PUT,0,0,chordKey_36_63,clients=50
1778007866096,GET,114,2,chordKey_40_81,clients=50
1778007866097,PUT,0,0,chordKey_40_82,clients=50
1778007866109,GET,95,2,chordKey_19_78,clients=50
1778007866109,PUT,0,0,chordKey_19_79,clients=50
1778007866110,GET,89,2,chordKey_25_73,clients=50
1778007866111,PUT,0,0,chordKey_25_74,clients=50
1778007866112,PUT_HOP,0,2,chordKey_45_71,
1778007866112,GET,92,2,chordKey_45_71,clients=50
1778007866113,PUT,0,0,chordKey_45_72,clients=50
1778007866116,PUT_HOP,0,2,chordKey_19_78,
1778007866121,PUT_HOP,0,2,chordKey_25_73,
1778007866123,GET,78,2,chordKey_18_88,clients=50
1778007866126,PUT,0,0,chordKey_18_89,clients=50
1778007866123,PUT_HOP,0,2,chordKey_4_46,
1778007866129,PUT_HOP,0,2,chordKey_48_77,
1778007866130,GET,89,2,chordKey_10_88,clients=50
1778007866131,PUT,0,0,chordKey_10_89,clients=50
1778007866131,PUT_HOP,0,2,chordKey_14_98,
1778007866132,GET,128,2,chordKey_14_98,clients=50
1778007866133,PUT,0,0,chordKey_14_99,clients=50
1778007866134,PUT_HOP,0,2,chordKey_32_93,
1778007866139,GET,146,2,chordKey_48_77,clients=50
1778007866140,PUT_HOP,0,2,chordKey_3_83,
1778007866140,PUT_HOP,0,2,chordKey_18_88,
1778007866142,PUT,0,0,chordKey_48_78,clients=50
1778007866141,GET,79,2,chordKey_4_46,clients=50
1778007866144,PUT,0,0,chordKey_4_47,clients=50
1778007866146,GET,142,2,chordKey_43_63,clients=50
1778007866148,PUT,0,0,chordKey_43_64,clients=50
1778007866149,PUT_HOP,0,2,chordKey_10_88,
1778007866150,PUT_HOP,0,2,chordKey_43_63,
1778007866155,PUT_HOP,0,2,chordKey_8_99,
1778007866157,PUT,1078,0,chordKey_49_56,clients=50
1778007866158,PUT_HOP,0,2,chordKey_26_93,
1778007866161,PUT_HOP,0,2,chordKey_46_99,
1778007866162,GET,151,2,chordKey_8_99,clients=50
1778007866163,GET,148,2,chordKey_26_93,clients=50
1778007866164,PUT,0,0,chordKey_26_94,clients=50
1778007866163,GET,171,2,chordKey_32_93,clients=50
1778007866164,GET,202,2,chordKey_37_87,clients=50
1778007866165,PUT,0,0,chordKey_32_94,clients=50
1778007866166,PUT,0,0,chordKey_37_88,clients=50
1778007866166,PUT_HOP,0,2,chordKey_43_64,
1778007866166,PUT_HOP,0,2,chordKey_0_96,
1778007866172,GET,1102,2,chordKey_47_96,clients=50
1778007866175,GET,159,2,chordKey_46_99,clients=50
1778007866174,GET,25,2,chordKey_43_64,clients=50
1778007866178,PUT,0,0,chordKey_43_65,clients=50
1778007866177,PUT,0,0,chordKey_47_97,clients=50
1778007866189,GET,110,2,chordKey_28_89,clients=50
1778007866190,PUT_HOP,0,2,chordKey_28_89,
1778007866189,GET,110,2,chordKey_31_91,clients=50
1778007866190,PUT_HOP,0,2,chordKey_31_91,
1778007866190,PUT,0,0,chordKey_28_90,clients=50
1778007866191,PUT,0,0,chordKey_31_92,clients=50
1778007866190,GET,98,2,chordKey_29_93,clients=50
1778007866192,PUT,0,0,chordKey_29_94,clients=50
1778007866193,PUT_HOP,0,2,chordKey_43_65,
1778007866193,GET,97,2,chordKey_36_63,clients=50
1778007866194,PUT,0,0,chordKey_36_64,clients=50
1778007866194,PUT_HOP,0,2,chordKey_19_79,
1778007866194,GET,1125,2,chordKey_13_73,clients=50
1778007866195,PUT,0,0,chordKey_13_74,clients=50
1778007866195,PUT_HOP,0,2,chordKey_29_93,
1778007866196,PUT_HOP,0,2,chordKey_36_63,
1778007866197,PUT_HOP,0,2,chordKey_45_72,
1778007866198,GET,99,2,chordKey_40_82,clients=50
1778007866198,PUT,0,0,chordKey_40_83,clients=50
1778007866201,GET,22,2,chordKey_43_65,clients=50
1778007866202,PUT,0,0,chordKey_43_66,clients=50
1778007866210,PUT_HOP,0,2,chordKey_40_82,
1778007866212,PUT_HOP,0,2,chordKey_43_66,
1778007866213,GET,11,2,chordKey_43_66,clients=50
1778007866214,PUT,0,0,chordKey_43_67,clients=50
1778007866217,GET,105,2,chordKey_25_74,clients=50
1778007866218,PUT_HOP,0,2,chordKey_9_41,
1778007866219,GET,202,2,chordKey_0_96,clients=50
1778007866219,PUT,0,0,chordKey_25_75,clients=50
1778007866220,PUT,0,0,chordKey_0_97,clients=50
1778007866222,GET,204,2,chordKey_3_83,clients=50
1778007866223,PUT,0,0,chordKey_3_84,clients=50
1778007866223,PUT_HOP,0,2,chordKey_34_97,
1778007866223,PUT_HOP,0,2,chordKey_2_98,
1778007866224,GET,205,2,chordKey_9_41,clients=50
1778007866225,PUT,0,0,chordKey_9_42,clients=50
1778007866237,PUT_HOP,0,2,chordKey_43_67,
1778007866248,GET,33,2,chordKey_43_67,clients=50
1778007866249,PUT,0,0,chordKey_43_68,clients=50
1778007866249,PUT_HOP,0,2,chordKey_25_74,
1778007866250,GET,138,2,chordKey_19_79,clients=50
1778007866250,PUT,0,0,chordKey_19_80,clients=50
1778007866251,GET,137,2,chordKey_45_72,clients=50
1778007866252,PUT,0,0,chordKey_45_73,clients=50
1778007866251,GET,122,2,chordKey_18_89,clients=50
1778007866253,PUT,0,0,chordKey_18_90,clients=50
1778007866253,PUT_HOP,0,2,chordKey_4_47,
1778007866254,PUT_HOP,0,2,chordKey_49_56,
1778007866254,PUT_HOP,0,2,chordKey_18_89,
1778007866254,PUT_HOP,0,2,chordKey_10_89,
1778007866255,GET,110,2,chordKey_4_47,clients=50
1778007866256,PUT,0,0,chordKey_4_48,clients=50
1778007866257,GET,1189,2,chordKey_7_86,clients=50
1778007866258,PUT,0,0,chordKey_7_87,clients=50
1778007866258,PUT_HOP,0,2,chordKey_5_87,
1778007866259,PUT_HOP,0,2,chordKey_35_82,
1778007866258,GET,185,2,chordKey_2_98,clients=50
1778007866260,PUT,0,0,chordKey_2_99,clients=50
1778007866260,GET,187,2,chordKey_5_87,clients=50
1778007866261,PUT,0,0,chordKey_5_88,clients=50
1778007866262,PUT_HOP,0,2,chordKey_14_99,
1778007866263,GET,169,2,chordKey_35_82,clients=50
1778007866264,PUT,0,0,chordKey_35_83,clients=50
1778007866271,GET,139,2,chordKey_10_89,clients=50
1778007866273,PUT_HOP,0,2,chordKey_48_78,
1778007866272,GET,114,2,chordKey_49_56,clients=50
1778007866272,GET,129,2,chordKey_48_78,clients=50
1778007866275,PUT_HOP,0,2,chordKey_26_94,
1778007866275,PUT,0,0,chordKey_48_79,clients=50
1778007866275,PUT_HOP,0,2,chordKey_32_94,
1778007866274,PUT,0,0,chordKey_49_57,clients=50
1778007866277,PUT_HOP,0,2,chordKey_37_88,
1778007866274,GET,140,2,chordKey_14_99,clients=50
1778007866273,PUT,0,0,chordKey_10_90,clients=50
1778007866276,GET,200,2,chordKey_34_97,clients=50
1778007866279,PUT,0,0,chordKey_34_98,clients=50
1778007866278,GET,113,2,chordKey_26_94,clients=50
1778007866280,PUT,0,0,chordKey_26_95,clients=50
1778007866280,GET,113,2,chordKey_37_88,clients=50
1778007866281,PUT_HOP,0,2,chordKey_47_97,
1778007866281,PUT_HOP,0,2,chordKey_31_92,
1778007866281,PUT,0,0,chordKey_37_89,clients=50
1778007866281,GET,101,2,chordKey_47_97,clients=50
1778007866282,PUT,0,0,chordKey_47_98,clients=50
1778007866283,GET,116,2,chordKey_32_94,clients=50
1778007866284,PUT,0,0,chordKey_32_95,clients=50
1778007866290,PUT_HOP,0,2,chordKey_43_68,
1778007866298,PUT_HOP,0,2,chordKey_36_64,
1778007866299,GET,108,2,chordKey_31_92,clients=50
1778007866300,PUT,0,0,chordKey_31_93,clients=50
1778007866302,GET,52,2,chordKey_43_68,clients=50
1778007866303,PUT,0,0,chordKey_43_69,clients=50
1778007866314,PUT_HOP,0,2,chordKey_29_94,
1778007866316,GET,123,2,chordKey_29_94,clients=50
1778007866316,PUT_HOP,0,2,chordKey_28_90,
1778007866316,GET,125,2,chordKey_28_90,clients=50
1778007866317,PUT,0,0,chordKey_29_95,clients=50
1778007866317,PUT_HOP,0,2,chordKey_13_74,
1778007866317,PUT,0,0,chordKey_28_91,clients=50
1778007866319,GET,124,2,chordKey_36_64,clients=50
1778007866320,PUT,0,0,chordKey_36_65,clients=50
1778007866320,GET,125,2,chordKey_13_74,clients=50
1778007866321,PUT,0,0,chordKey_13_75,clients=50
1778007866324,PUT_HOP,0,2,chordKey_40_83,
1778007866325,PUT_HOP,0,2,chordKey_25_75,
1778007866327,GET,127,2,chordKey_40_83,clients=50
1778007866329,PUT,0,0,chordKey_40_84,clients=50
1778007866335,GET,115,2,chordKey_25_75,clients=50
1778007866335,PUT_HOP,0,2,chordKey_45_73,
1778007866337,PUT,0,0,chordKey_25_76,clients=50
1778007866336,GET,83,2,chordKey_45_73,clients=50
1778007866338,PUT,0,0,chordKey_45_74,clients=50
1778007866341,PUT_HOP,0,2,chordKey_0_97,
1778007866343,PUT_HOP,0,2,chordKey_3_84,
1778007866344,GET,123,2,chordKey_0_97,clients=50
1778007866345,PUT,0,0,chordKey_0_98,clients=50
1778007866348,PUT_HOP,0,2,chordKey_43_69,
1778007866353,PUT_HOP,0,2,chordKey_4_48,
1778007866354,GET,96,2,chordKey_4_48,clients=50
1778007866354,PUT,0,0,chordKey_4_49,clients=50
1778007866356,PUT_HOP,0,2,chordKey_49_57,
1778007866356,GET,79,2,chordKey_49_57,clients=50
1778007866361,GET,59,2,chordKey_31_93,clients=50
1778007866362,PUT_HOP,0,2,chordKey_47_98,
1778007866359,PUT_HOP,0,2,chordKey_31_93,
1778007866363,PUT,0,0,chordKey_31_94,clients=50
1778007866358,GET,75,2,chordKey_47_98,clients=50
1778007866364,PUT,0,0,chordKey_47_99,clients=50
1778007866364,PUT_HOP,0,2,chordKey_29_95,
1778007866362,PUT,0,0,chordKey_49_58,clients=50
1778007866365,PUT_HOP,0,2,chordKey_9_42,
1778007866364,PUT_HOP,0,2,chordKey_36_65,
1778007866365,PUT_HOP,0,2,chordKey_13_75,
1778007866367,GET,48,2,chordKey_29_95,clients=50
1778007866367,PUT,0,0,chordKey_29_96,clients=50
1778007866367,GET,143,2,chordKey_3_84,clients=50
1778007866369,PUT_HOP,0,2,chordKey_19_80,
1778007866369,PUT,0,0,chordKey_3_85,clients=50
1778007866372,PUT_HOP,0,2,chordKey_7_87,
1778007866371,GET,145,2,chordKey_9_42,clients=50
1778007866371,PUT_HOP,0,2,chordKey_18_90,
1778007866370,GET,119,2,chordKey_19_80,clients=50
1778007866373,PUT,0,0,chordKey_9_43,clients=50
1778007866372,GET,113,2,chordKey_7_87,clients=50
1778007866374,PUT,0,0,chordKey_7_88,clients=50
1778007866372,GET,119,2,chordKey_18_90,clients=50
1778007866376,PUT,0,0,chordKey_18_91,clients=50
1778007866374,PUT,0,0,chordKey_19_81,clients=50
1778007866378,GET,117,2,chordKey_5_88,clients=50
1778007866379,PUT,0,0,chordKey_5_89,clients=50
1778007866386,GET,66,2,chordKey_36_65,clients=50
1778007866387,PUT,0,0,chordKey_36_66,clients=50
1778007866387,PUT_HOP,0,2,chordKey_2_99,
1778007866388,GET,128,2,chordKey_2_99,clients=50
1778007866389,PUT_HOP,0,2,chordKey_10_90,
1778007866389,PUT_HOP,0,2,chordKey_26_95,
1778007866392,PUT_HOP,0,2,chordKey_48_79,
1778007866391,GET,109,2,chordKey_37_89,clients=50
1778007866390,PUT_HOP,0,2,chordKey_32_95,
1778007866398,PUT_HOP,0,2,chordKey_35_83,
1778007866403,PUT,0,0,chordKey_37_90,clients=50
1778007866398,PUT_HOP,0,2,chordKey_34_98,
1778007866391,GET,112,2,chordKey_10_90,clients=50
1778007866389,GET,125,2,chordKey_35_83,clients=50
1778007866395,PUT_HOP,0,2,chordKey_5_88,
1778007866406,PUT,0,0,chordKey_10_91,clients=50
1778007866405,GET,100,2,chordKey_43_69,clients=50
1778007866408,PUT,0,0,chordKey_43_70,clients=50
1778007866404,GET,128,2,chordKey_48_79,clients=50
1778007866402,GET,122,2,chordKey_34_98,clients=50
1778007866412,PUT,0,0,chordKey_34_99,clients=50
1778007866411,PUT,0,0,chordKey_48_80,clients=50
1778007866407,PUT,0,0,chordKey_35_84,clients=50
1778007866421,PUT_HOP,0,2,chordKey_40_84,
1778007866422,PUT_HOP,0,2,chordKey_25_76,
1778007866422,GET,92,2,chordKey_40_84,clients=50
1778007866422,PUT_HOP,0,2,chordKey_45_74,
1778007866423,PUT,0,0,chordKey_40_85,clients=50
1778007866423,GET,101,2,chordKey_13_75,clients=50
1778007866424,PUT,0,0,chordKey_13_76,clients=50
1778007866431,GET,93,2,chordKey_25_76,clients=50
1778007866431,PUT,0,0,chordKey_25_77,clients=50
1778007866432,GET,147,2,chordKey_32_95,clients=50
1778007866432,PUT_HOP,0,2,chordKey_37_89,
1778007866432,PUT,0,0,chordKey_32_96,clients=50
1778007866433,PUT_HOP,0,2,chordKey_28_91,
1778007866432,GET,151,2,chordKey_26_95,clients=50
1778007866433,PUT,0,0,chordKey_26_96,clients=50
1778007866434,GET,94,2,chordKey_45_74,clients=50
1778007866434,PUT,0,0,chordKey_45_75,clients=50
1778007866435,GET,117,2,chordKey_28_91,clients=50
1778007866437,PUT_HOP,0,2,chordKey_49_58,
1778007866439,PUT_HOP,0,2,chordKey_4_49,
1778007866444,PUT,0,0,chordKey_28_92,clients=50
1778007866443,GET,88,2,chordKey_4_49,clients=50
1778007866445,GET,99,2,chordKey_0_98,clients=50
1778007866446,PUT,0,0,chordKey_4_50,clients=50
1778007866446,PUT,0,0,chordKey_0_99,clients=50
1778007866458,PUT_HOP,0,2,chordKey_3_85,
1778007866464,PUT_HOP,0,2,chordKey_31_94,
1778007866465,GET,101,2,chordKey_47_99,clients=50
1778007866466,GET,103,2,chordKey_31_94,clients=50
1778007866467,PUT,0,0,chordKey_31_95,clients=50
1778007866470,PUT_HOP,0,2,chordKey_0_98,
1778007866471,GET,99,2,chordKey_3_85,clients=50
1778007866472,PUT,0,0,chordKey_3_86,clients=50
1778007866475,GET,110,2,chordKey_49_58,clients=50
1778007866476,PUT,0,0,chordKey_49_59,clients=50
1778007866477,PUT_HOP,0,2,chordKey_9_43,
1778007866482,PUT_HOP,0,2,chordKey_34_99,
1778007866483,GET,114,2,chordKey_29_96,clients=50
1778007866483,PUT,0,0,chordKey_29_97,clients=50
1778007866490,GET,77,2,chordKey_34_99,clients=50
1778007866491,PUT_HOP,0,2,chordKey_19_81,
1778007866493,PUT_HOP,0,2,chordKey_29_96,
1778007866494,PUT_HOP,0,2,chordKey_47_99,
1778007866494,PUT_HOP,0,2,chordKey_7_88,
1778007866494,PUT_HOP,0,2,chordKey_36_66,
1778007866495,GET,120,2,chordKey_9_43,clients=50
1778007866495,GET,118,2,chordKey_19_81,clients=50
1778007866495,PUT_HOP,0,2,chordKey_37_90,
1778007866495,PUT_HOP,0,2,chordKey_18_91,
1778007866495,GET,120,2,chordKey_7_88,clients=50
1778007866495,PUT,0,0,chordKey_9_44,clients=50
1778007866496,PUT,0,0,chordKey_7_89,clients=50
1778007866496,PUT,0,0,chordKey_19_82,clients=50
1778007866497,GET,109,2,chordKey_36_66,clients=50
1778007866498,GET,93,2,chordKey_37_90,clients=50
1778007866498,PUT,0,0,chordKey_36_67,clients=50
1778007866499,PUT,0,0,chordKey_37_91,clients=50
1778007866509,PUT_HOP,0,2,chordKey_48_80,
1778007866511,PUT_HOP,0,2,chordKey_43_70,
1778007866514,GET,101,2,chordKey_48_80,clients=50
1778007866514,GET,104,2,chordKey_43_70,clients=50
1778007866515,PUT,0,0,chordKey_48_81,clients=50
1778007866515,PUT,0,0,chordKey_43_71,clients=50
1778007866521,GET,97,2,chordKey_13_76,clients=50
1778007866522,PUT_HOP,0,2,chordKey_25_77,
1778007866522,PUT,0,0,chordKey_13_77,clients=50
1778007866523,GET,100,2,chordKey_40_85,clients=50
1778007866524,PUT,0,0,chordKey_40_86,clients=50
1778007866524,PUT_HOP,0,2,chordKey_13_76,
1778007866525,PUT_HOP,0,2,chordKey_40_85,
1778007866535,GET,102,2,chordKey_25_77,clients=50
1778007866536,PUT,0,0,chordKey_25_78,clients=50
1778007866543,PUT_HOP,0,2,chordKey_31_95,
1778007866544,GET,109,2,chordKey_45_75,clients=50
1778007866544,PUT_HOP,0,2,chordKey_45_75,
1778007866544,PUT,0,0,chordKey_45_76,clients=50
1778007866545,GET,164,2,chordKey_5_89,clients=50
1778007866545,PUT_HOP,0,2,chordKey_10_91,
1778007866545,PUT,0,0,chordKey_5_90,clients=50
1778007866544,GET,168,2,chordKey_18_91,clients=50
1778007866546,PUT_HOP,0,2,chordKey_32_96,
1778007866547,PUT,0,0,chordKey_18_92,clients=50
1778007866546,GET,138,2,chordKey_10_91,clients=50
1778007866548,PUT_HOP,0,2,chordKey_49_59,
1778007866548,GET,70,2,chordKey_49_59,clients=50
1778007866547,GET,63,2,chordKey_29_97,clients=50
1778007866548,GET,80,2,chordKey_31_95,clients=50
1778007866549,PUT,0,0,chordKey_29_98,clients=50
1778007866548,PUT,0,0,chordKey_10_92,clients=50
1778007866549,PUT,0,0,chordKey_31_96,clients=50
1778007866549,PUT,0,0,chordKey_49_60,clients=50
1778007866551,PUT_HOP,0,2,chordKey_29_97,
1778007866552,GET,53,2,chordKey_36_67,clients=50
1778007866553,PUT,0,0,chordKey_36_68,clients=50
1778007866561,GET,128,2,chordKey_32_96,clients=50
1778007866562,PUT,0,0,chordKey_32_97,clients=50
1778007866563,GET,149,2,chordKey_35_84,clients=50
1778007866564,PUT,0,0,chordKey_35_85,clients=50
1778007866572,PUT_HOP,0,2,chordKey_26_96,
1778007866572,PUT_HOP,0,2,chordKey_5_89,
1778007866572,GET,138,2,chordKey_26_96,clients=50
1778007866573,PUT,0,0,chordKey_26_97,clients=50
1778007866574,PUT_HOP,0,2,chordKey_35_84,
1778007866575,PUT_HOP,0,2,chordKey_4_50,
1778007866574,PUT_HOP,0,2,chordKey_28_92,
1778007866575,GET,130,2,chordKey_28_92,clients=50
1778007866576,PUT,0,0,chordKey_28_93,clients=50
1778007866576,PUT_HOP,0,2,chordKey_37_91,
1778007866576,PUT_HOP,0,2,chordKey_36_67,
1778007866576,GET,53,2,chordKey_13_77,clients=50
1778007866578,GET,62,2,chordKey_43_71,clients=50
1778007866579,PUT,0,0,chordKey_43_72,clients=50
1778007866578,PUT,0,0,chordKey_13_78,clients=50
1778007866580,PUT_HOP,0,2,chordKey_3_86,
1778007866581,GET,80,2,chordKey_37_91,clients=50
1778007866581,GET,135,2,chordKey_4_50,clients=50
1778007866582,PUT,0,0,chordKey_4_51,clients=50
1778007866582,PUT_HOP,0,2,chordKey_0_99,
1778007866581,PUT,0,0,chordKey_37_92,clients=50
1778007866584,GET,110,2,chordKey_3_86,clients=50
1778007866584,GET,137,2,chordKey_0_99,clients=50
1778007866585,PUT,0,0,chordKey_3_87,clients=50
1778007866585,PUT_HOP,0,2,chordKey_7_89,
1778007866589,PUT_HOP,0,2,chordKey_43_71,
1778007866589,PUT_HOP,0,2,chordKey_48_81,
1778007866590,GET,74,2,chordKey_48_81,clients=50
1778007866590,PUT_HOP,0,2,chordKey_13_77,
1778007866591,PUT,0,0,chordKey_48_82,clients=50
1778007866594,GET,69,2,chordKey_40_86,clients=50
1778007866594,GET,57,2,chordKey_25_78,clients=50
1778007866594,GET,49,2,chordKey_45_76,clients=50
1778007866594,PUT,0,0,chordKey_40_87,clients=50
1778007866595,PUT,0,0,chordKey_45_77,clients=50
1778007866595,PUT,0,0,chordKey_25_79,clients=50
1778007866601,PUT_HOP,0,2,chordKey_5_90,
1778007866601,PUT_HOP,0,2,chordKey_9_44,
1778007866601,GET,104,2,chordKey_9_44,clients=50
1778007866601,PUT_HOP,0,2,chordKey_19_82,
1778007866602,PUT,0,0,chordKey_9_45,clients=50
1778007866603,GET,105,2,chordKey_19_82,clients=50
1778007866604,PUT,0,0,chordKey_19_83,clients=50
1778007866605,GET,59,2,chordKey_5_90,clients=50
1778007866607,PUT,1,0,chordKey_5_91,clients=50
1778007866608,PUT_HOP,0,2,chordKey_45_76,
1778007866608,PUT_HOP,0,2,chordKey_40_86,
1778007866608,PUT_HOP,0,2,chordKey_25_78,
1778007866610,PUT_HOP,0,2,chordKey_29_98,
1778007866610,PUT_HOP,0,2,chordKey_36_68,
1778007866611,GET,113,2,chordKey_7_89,clients=50
1778007866612,PUT,0,0,chordKey_7_90,clients=50
1778007866619,GET,71,2,chordKey_18_92,clients=50
1778007866620,PUT,0,0,chordKey_18_93,clients=50
1778007866625,GET,74,2,chordKey_31_96,clients=50
1778007866625,PUT_HOP,0,2,chordKey_10_92,
1778007866625,PUT_HOP,0,2,chordKey_31_96,
1778007866625,GET,76,2,chordKey_29_98,clients=50
1778007866626,PUT,0,0,chordKey_31_97,clients=50
1778007866626,PUT_HOP,0,2,chordKey_18_92,
1778007866626,PUT,0,0,chordKey_29_99,clients=50
1778007866630,PUT_HOP,0,2,chordKey_13_78,
1778007866631,PUT_HOP,0,2,chordKey_35_85,
1778007866632,GET,67,2,chordKey_35_85,clients=50
1778007866633,PUT,0,0,chordKey_35_86,clients=50
1778007866635,GET,85,2,chordKey_10_92,clients=50
1778007866636,PUT_HOP,0,2,chordKey_32_97,
1778007866636,PUT,0,0,chordKey_10_93,clients=50
1778007866636,GET,73,2,chordKey_32_97,clients=50
1778007866636,GET,82,2,chordKey_36_68,clients=50
1778007866637,PUT,0,0,chordKey_36_69,clients=50
1778007866637,PUT,0,0,chordKey_32_98,clients=50
1778007866639,GET,88,2,chordKey_49_60,clients=50
1778007866640,PUT_HOP,0,2,chordKey_49_60,
1778007866640,PUT,0,0,chordKey_49_61,clients=50
1778007866645,GET,61,2,chordKey_37_92,clients=50
1778007866646,PUT,0,0,chordKey_37_93,clients=50
1778007866646,PUT_HOP,0,2,chordKey_43_72,
1778007866645,GET,64,2,chordKey_13_78,clients=50
1778007866648,PUT,0,0,chordKey_13_79,clients=50
1778007866645,GET,65,2,chordKey_43_72,clients=50
1778007866648,PUT_HOP,0,2,chordKey_37_92,
1778007866649,PUT,0,0,chordKey_43_73,clients=50
1778007866661,PUT_HOP,0,2,chordKey_25_79,
1778007866665,PUT_HOP,0,2,chordKey_26_97,
1778007866666,PUT_HOP,0,2,chordKey_40_87,
1778007866666,PUT_HOP,0,2,chordKey_48_82,
1778007866668,PUT_HOP,0,2,chordKey_45_77,
1778007866669,GET,77,2,chordKey_48_82,clients=50
1778007866670,GET,73,2,chordKey_25_79,clients=50
1778007866670,GET,73,2,chordKey_45_77,clients=50
1778007866671,PUT_HOP,0,2,chordKey_5_91,
1778007866671,PUT,0,0,chordKey_45_78,clients=50
1778007866671,PUT,0,0,chordKey_25_80,clients=50
1778007866670,GET,74,2,chordKey_40_87,clients=50
1778007866674,PUT,0,0,chordKey_40_88,clients=50
1778007866670,PUT,0,0,chordKey_48_83,clients=50
1778007866679,GET,4,2,chordKey_40_88,clients=50
1778007866679,PUT_HOP,0,2,chordKey_40_88,
1778007866680,PUT,0,0,chordKey_40_89,clients=50
1778007866682,PUT_HOP,0,2,chordKey_32_98,
1778007866683,GET,44,2,chordKey_32_98,clients=50
1778007866683,PUT_HOP,0,2,chordKey_40_89,
1778007866683,PUT,0,0,chordKey_32_99,clients=50
1778007866686,GET,5,2,chordKey_40_89,clients=50
1778007866686,PUT,0,0,chordKey_40_90,clients=50
1778007866688,GET,113,2,chordKey_26_97,clients=50
1778007866688,PUT_HOP,0,2,chordKey_3_87,
1778007866688,PUT,0,0,chordKey_26_98,clients=50
1778007866689,PUT_HOP,0,2,chordKey_7_90,
1778007866691,GET,83,2,chordKey_5_91,clients=50
1778007866692,PUT,0,0,chordKey_5_92,clients=50
1778007866695,GET,82,2,chordKey_7_90,clients=50
1778007866696,PUT_HOP,0,2,chordKey_31_97,
1778007866696,PUT,0,0,chordKey_7_91,clients=50
1778007866695,GET,112,2,chordKey_4_51,clients=50
1778007866697,PUT,0,0,chordKey_4_52,clients=50
1778007866697,PUT_HOP,0,2,chordKey_29_99,
1778007866708,PUT_HOP,0,2,chordKey_4_51,
1778007866710,GET,124,2,chordKey_3_87,clients=50
1778007866710,PUT,0,0,chordKey_3_88,clients=50
1778007866709,PUT_HOP,0,2,chordKey_28_93,
1778007866710,GET,132,2,chordKey_28_93,clients=50
1778007866708,PUT_HOP,0,2,chordKey_9_45,
1778007866711,GET,90,2,chordKey_18_93,clients=50
1778007866714,PUT,0,0,chordKey_18_94,clients=50
1778007866714,PUT_HOP,0,2,chordKey_36_69,
1778007866711,GET,106,2,chordKey_19_83,clients=50
1778007866714,GET,80,2,chordKey_35_86,clients=50
1778007866714,PUT_HOP,0,2,chordKey_43_73,
1778007866715,PUT,0,0,chordKey_19_84,clients=50
1778007866713,PUT,0,0,chordKey_28_94,clients=50
1778007866716,GET,79,2,chordKey_10_93,clients=50
1778007866715,PUT,0,0,chordKey_35_87,clients=50
1778007866717,PUT_HOP,0,2,chordKey_10_93,
1778007866717,PUT_HOP,0,2,chordKey_18_93,
1778007866717,PUT,0,0,chordKey_10_94,clients=50
1778007866717,PUT_HOP,0,2,chordKey_35_86,
1778007866717,GET,115,2,chordKey_9_45,clients=50
1778007866717,PUT_HOP,0,2,chordKey_19_83,
1778007866718,PUT,0,0,chordKey_9_46,clients=50
1778007866731,GET,92,2,chordKey_36_69,clients=50
1778007866731,PUT_HOP,0,2,chordKey_13_79,
1778007866731,GET,103,2,chordKey_29_99,clients=50
1778007866732,PUT,0,0,chordKey_36_70,clients=50
1778007866734,GET,62,2,chordKey_45_78,clients=50
1778007866735,GET,85,2,chordKey_43_73,clients=50
1778007866735,GET,87,2,chordKey_13_79,clients=50
1778007866736,PUT_HOP,0,2,chordKey_45_78,
1778007866736,PUT,0,0,chordKey_13_80,clients=50
1778007866735,PUT,0,0,chordKey_45_79,clients=50
1778007866736,PUT,0,0,chordKey_43_74,clients=50
1778007866737,GET,90,2,chordKey_37_93,clients=50
1778007866738,PUT,0,0,chordKey_37_94,clients=50
1778007866738,PUT_HOP,0,2,chordKey_37_93,
1778007866738,GET,62,2,chordKey_48_83,clients=50
1778007866739,PUT,0,0,chordKey_48_84,clients=50
1778007866740,PUT_HOP,0,2,chordKey_48_83,
1778007866740,GET,113,2,chordKey_31_97,clients=50
1778007866741,PUT,0,0,chordKey_31_98,clients=50
1778007866756,PUT_HOP,0,2,chordKey_32_99,
1778007866757,PUT_HOP,0,2,chordKey_5_92,
1778007866758,GET,73,2,chordKey_32_99,clients=50
1778007866759,GET,85,2,chordKey_25_80,clients=50
1778007866759,PUT,0,0,chordKey_25_81,clients=50
1778007866760,PUT_HOP,0,2,chordKey_7_91,
1778007866761,PUT_HOP,0,2,chordKey_25_80,
1778007866761,PUT_HOP,0,2,chordKey_26_98,
1778007866762,PUT_HOP,0,2,chordKey_40_90,
1778007866764,GET,123,2,chordKey_49_61,clients=50
1778007866765,PUT,0,0,chordKey_49_62,clients=50
1778007866766,PUT_HOP,0,2,chordKey_49_61,
1778007866767,GET,78,2,chordKey_26_98,clients=50
1778007866768,PUT,0,0,chordKey_26_99,clients=50
1778007866769,GET,71,2,chordKey_4_52,clients=50
1778007866770,PUT,0,0,chordKey_4_53,clients=50
1778007866772,PUT_HOP,0,2,chordKey_4_52,
1778007866778,GET,91,2,chordKey_40_90,clients=50
1778007866779,PUT_HOP,0,2,chordKey_3_88,
1778007866779,PUT,0,0,chordKey_40_91,clients=50
1778007866781,GET,84,2,chordKey_7_91,clients=50
1778007866782,PUT,0,0,chordKey_7_92,clients=50
1778007866783,GET,90,2,chordKey_5_92,clients=50
1778007866783,PUT,0,0,chordKey_5_93,clients=50
1778007866784,GET,73,2,chordKey_3_88,clients=50
1778007866784,PUT,0,0,chordKey_3_89,clients=50
1778007866785,PUT_HOP,0,2,chordKey_35_87,
1778007866785,PUT_HOP,0,2,chordKey_28_94,
1778007866785,PUT_HOP,0,2,chordKey_18_94,
1778007866786,GET,70,2,chordKey_19_84,clients=50
1778007866786,GET,71,2,chordKey_18_94,clients=50
1778007866786,PUT,0,0,chordKey_19_85,clients=50
1778007866786,PUT,0,0,chordKey_18_95,clients=50
1778007866788,PUT_HOP,0,2,chordKey_19_84,
1778007866788,GET,72,2,chordKey_28_94,clients=50
1778007866789,PUT,0,0,chordKey_28_95,clients=50
1778007866790,PUT_HOP,0,2,chordKey_45_79,
1778007866791,PUT_HOP,0,2,chordKey_43_74,
1778007866792,PUT_HOP,0,2,chordKey_37_94,
1778007866796,PUT_HOP,0,2,chordKey_31_98,
1778007866797,PUT_HOP,0,2,chordKey_48_84,
1778007866803,GET,66,2,chordKey_43_74,clients=50
1778007866804,PUT,0,0,chordKey_43_75,clients=50
1778007866804,GET,67,2,chordKey_45_79,clients=50
1778007866806,PUT,0,0,chordKey_45_80,clients=50
1778007866806,GET,89,2,chordKey_35_87,clients=50
1778007866807,PUT,0,0,chordKey_35_88,clients=50
1778007866809,GET,70,2,chordKey_37_94,clients=50
1778007866810,PUT,0,0,chordKey_37_95,clients=50
1778007866811,GET,69,2,chordKey_31_98,clients=50
1778007866812,PUT,0,0,chordKey_31_99,clients=50
1778007866813,PUT_HOP,0,2,chordKey_9_46,
1778007866817,GET,78,2,chordKey_48_84,clients=50
1778007866818,PUT,0,0,chordKey_48_85,clients=50
1778007866820,PUT_HOP,0,2,chordKey_10_94,
1778007866829,PUT_HOP,0,2,chordKey_7_92,
1778007866830,PUT_HOP,0,2,chordKey_36_70,
1778007866831,GET,113,2,chordKey_10_94,clients=50
1778007866832,PUT,0,0,chordKey_10_95,clients=50
1778007866833,GET,98,2,chordKey_36_70,clients=50
1778007866833,GET,114,2,chordKey_9_46,clients=50
1778007866834,PUT,0,0,chordKey_9_47,clients=50
1778007866835,PUT_HOP,0,2,chordKey_5_93,
1778007866834,PUT,0,0,chordKey_36_71,clients=50
1778007866835,PUT_HOP,0,2,chordKey_13_80,
1778007866835,GET,98,2,chordKey_13_80,clients=50
1778007866836,PUT,0,0,chordKey_13_81,clients=50
1778007866837,GET,54,2,chordKey_7_92,clients=50
1778007866838,PUT,0,0,chordKey_7_93,clients=50
1778007866840,PUT_HOP,0,2,chordKey_25_81,
1778007866842,PUT_HOP,0,2,chordKey_26_99,
1778007866843,PUT_HOP,0,2,chordKey_43_75,
1778007866843,GET,59,2,chordKey_5_93,clients=50
1778007866844,PUT,0,0,chordKey_5_94,clients=50
1778007866844,PUT_HOP,0,2,chordKey_49_62,
1778007866845,PUT_HOP,0,2,chordKey_4_53,
1778007866845,GET,85,2,chordKey_25_81,clients=50
1778007866846,PUT,0,0,chordKey_25_82,clients=50
1778007866846,PUT_HOP,0,2,chordKey_40_91,
1778007866850,GET,84,2,chordKey_49_62,clients=50
1778007866850,PUT_HOP,0,2,chordKey_37_95,
1778007866851,PUT,0,0,chordKey_49_63,clients=50
1778007866852,GET,47,2,chordKey_43_75,clients=50
1778007866853,PUT_HOP,0,2,chordKey_31_99,
1778007866853,PUT,0,0,chordKey_43_76,clients=50
1778007866853,PUT_HOP,0,2,chordKey_3_89,
1778007866852,GET,40,2,chordKey_37_95,clients=50
1778007866852,GET,82,2,chordKey_4_53,clients=50
1778007866854,PUT,0,0,chordKey_37_96,clients=50
1778007866855,PUT,0,0,chordKey_4_54,clients=50
1778007866853,GET,74,2,chordKey_40_91,clients=50
1778007866856,PUT,0,0,chordKey_40_92,clients=50
1778007866857,GET,43,2,chordKey_31_99,clients=50
1778007866860,GET,91,2,chordKey_26_99,clients=50
1778007866861,GET,42,2,chordKey_48_85,clients=50
1778007866862,PUT_HOP,0,2,chordKey_48_85,
1778007866862,PUT,0,0,chordKey_48_86,clients=50
1778007866862,GET,75,2,chordKey_19_85,clients=50
1778007866863,PUT,0,0,chordKey_19_86,clients=50
1778007866865,GET,80,2,chordKey_3_89,clients=50
1778007866865,PUT,0,0,chordKey_3_90,clients=50
1778007866866,PUT_HOP,0,2,chordKey_19_85,
1778007866870,PUT_HOP,0,2,chordKey_18_95,
1778007866872,PUT_HOP,0,2,chordKey_28_95,
1778007866872,GET,83,2,chordKey_28_95,clients=50
1778007866873,PUT,0,0,chordKey_28_96,clients=50
1778007866876,GET,36,2,chordKey_7_93,clients=50
1778007866873,GET,86,2,chordKey_18_95,clients=50
1778007866877,PUT,0,0,chordKey_7_94,clients=50
1778007866878,PUT_HOP,0,2,chordKey_45_80,
1778007866878,PUT,0,0,chordKey_18_96,clients=50
1778007866880,PUT_HOP,0,2,chordKey_7_93,
1778007866881,PUT_HOP,0,2,chordKey_5_94,
1778007866881,GET,35,2,chordKey_5_94,clients=50
1778007866882,PUT,0,0,chordKey_5_95,clients=50
1778007866886,PUT_HOP,0,2,chordKey_37_96,
1778007866887,PUT_HOP,0,2,chordKey_43_76,
1778007866888,GET,33,2,chordKey_37_96,clients=50
1778007866888,PUT,0,0,chordKey_37_97,clients=50
1778007866890,PUT_HOP,0,2,chordKey_48_86,
1778007866891,PUT_HOP,0,2,chordKey_3_90,
1778007866891,GET,37,2,chordKey_43_76,clients=50
1778007866892,PUT,0,0,chordKey_43_77,clients=50
1778007866893,GET,58,2,chordKey_9_47,clients=50
1778007866894,GET,86,2,chordKey_35_88,clients=50
1778007866894,PUT,0,0,chordKey_9_48,clients=50
1778007866895,PUT,0,0,chordKey_35_89,clients=50
1778007866896,GET,34,2,chordKey_48_86,clients=50
1778007866897,PUT,0,0,chordKey_48_87,clients=50
1778007866897,PUT_HOP,0,2,chordKey_35_88,
1778007866898,PUT_HOP,0,2,chordKey_9_47,
1778007866900,PUT_HOP,0,2,chordKey_10_95,
1778007866900,GET,67,2,chordKey_10_95,clients=50
1778007866901,PUT,0,0,chordKey_10_96,clients=50
1778007866902,GET,36,2,chordKey_3_90,clients=50
1778007866903,PUT,0,0,chordKey_3_91,clients=50
1778007866906,PUT_HOP,0,2,chordKey_5_95,
1778007866906,PUT_HOP,0,2,chordKey_36_71,
1778007866906,PUT_HOP,0,2,chordKey_7_94,
1778007866907,GET,11,2,chordKey_35_89,clients=50
1778007866907,GET,29,2,chordKey_7_94,clients=50
1778007866908,GET,101,2,chordKey_45_80,clients=50
1778007866908,PUT_HOP,0,2,chordKey_13_81,
1778007866909,PUT,0,0,chordKey_45_81,clients=50
1778007866909,PUT_HOP,0,2,chordKey_35_89,
1778007866908,PUT,0,0,chordKey_35_90,clients=50
1778007866908,PUT,0,0,chordKey_7_95,clients=50
1778007866913,GET,30,2,chordKey_5_95,clients=50
1778007866914,PUT,0,0,chordKey_5_96,clients=50
1778007866916,GET,80,2,chordKey_36_71,clients=50
1778007866916,GET,79,2,chordKey_13_81,clients=50
1778007866917,PUT,0,0,chordKey_36_72,clients=50
1778007866917,PUT,0,0,chordKey_13_82,clients=50
1778007866918,GET,71,2,chordKey_25_82,clients=50
1778007866919,GET,29,2,chordKey_37_97,clients=50
1778007866919,PUT,0,0,chordKey_37_98,clients=50
1778007866919,PUT,0,0,chordKey_25_83,clients=50
1778007866921,PUT_HOP,0,2,chordKey_49_63,
1778007866922,PUT_HOP,0,2,chordKey_25_82,
1778007866922,GET,71,2,chordKey_49_63,clients=50
1778007866923,PUT,0,0,chordKey_49_64,clients=50
1778007866924,GET,31,2,chordKey_43_77,clients=50
1778007866925,PUT_HOP,0,2,chordKey_4_54,
1778007866926,PUT,0,0,chordKey_43_78,clients=50
1778007866929,GET,72,2,chordKey_40_92,clients=50
1778007866929,PUT,0,0,chordKey_40_93,clients=50
1778007866930,PUT_HOP,0,2,chordKey_43_77,
1778007866932,GET,57,2,chordKey_28_96,clients=50
1778007866932,PUT,0,0,chordKey_28_97,clients=50
1778007866933,PUT_HOP,0,2,chordKey_18_96,
1778007866934,GET,55,2,chordKey_18_96,clients=50
1778007866934,PUT_HOP,0,2,chordKey_40_92,
1778007866934,PUT_HOP,0,2,chordKey_37_97,
1778007866933,GET,69,2,chordKey_19_86,clients=50
1778007866936,PUT,0,0,chordKey_19_87,clients=50
1778007866935,PUT,0,0,chordKey_18_97,clients=50
1778007866934,GET,79,2,chordKey_4_54,clients=50
1778007866937,PUT_HOP,0,2,chordKey_19_86,
1778007866937,PUT,0,0,chordKey_4_55,clients=50
1778007866938,GET,40,2,chordKey_48_87,clients=50
1778007866939,PUT_HOP,0,2,chordKey_48_87,
1778007866939,PUT,0,0,chordKey_48_88,clients=50
1778007866939,PUT_HOP,0,2,chordKey_3_91,
1778007866940,GET,36,2,chordKey_3_91,clients=50
1778007866940,PUT,0,0,chordKey_3_92,clients=50
1778007866942,PUT_HOP,0,2,chordKey_28_96,
1778007866942,PUT_HOP,0,2,chordKey_35_90,
1778007866943,GET,48,2,chordKey_9_48,clients=50
1778007866942,PUT_HOP,0,2,chordKey_9_48,
1778007866945,PUT,0,0,chordKey_9_49,clients=50
1778007866953,PUT_HOP,0,2,chordKey_10_96,
1778007866955,PUT_HOP,0,2,chordKey_7_95,
1778007866958,GET,46,2,chordKey_35_90,clients=50
1778007866958,PUT,0,0,chordKey_35_91,clients=50
1778007866959,GET,46,2,chordKey_7_95,clients=50
1778007866960,PUT,0,0,chordKey_7_96,clients=50
1778007866960,GET,58,2,chordKey_10_96,clients=50
1778007866960,PUT_HOP,0,2,chordKey_45_81,
1778007866961,PUT,0,0,chordKey_10_97,clients=50
1778007866961,PUT_HOP,0,2,chordKey_13_82,
1778007866964,GET,44,2,chordKey_37_98,clients=50
1778007866964,GET,54,2,chordKey_45_81,clients=50
1778007866965,PUT_HOP,0,2,chordKey_37_98,
1778007866965,PUT,0,0,chordKey_45_82,clients=50
1778007866965,PUT_HOP,0,2,chordKey_5_96,
1778007866964,PUT,0,0,chordKey_37_99,clients=50
1778007866966,GET,47,2,chordKey_13_82,clients=50
1778007866966,PUT,0,0,chordKey_13_83,clients=50
1778007866967,GET,52,2,chordKey_5_96,clients=50
1778007866967,PUT,0,0,chordKey_5_97,clients=50
1778007866969,PUT_HOP,0,2,chordKey_25_83,
1778007866969,PUT_HOP,0,2,chordKey_36_72,
1778007866971,GET,45,2,chordKey_43_78,clients=50
1778007866971,GET,47,2,chordKey_49_64,clients=50
1778007866972,PUT,0,0,chordKey_49_65,clients=50
1778007866972,GET,54,2,chordKey_36_72,clients=50
1778007866973,PUT_HOP,0,2,chordKey_43_78,
1778007866972,PUT,0,0,chordKey_43_79,clients=50
1778007866974,PUT,0,0,chordKey_36_73,clients=50
1778007866973,GET,52,2,chordKey_25_83,clients=50
1778007866975,PUT,0,0,chordKey_25_84,clients=50
1778007866977,PUT_HOP,0,2,chordKey_49_64,
1778007866978,PUT_HOP,0,2,chordKey_28_97,
1778007866982,GET,44,2,chordKey_4_55,clients=50
1778007866982,PUT_HOP,0,2,chordKey_40_93,
1778007866983,PUT,0,0,chordKey_4_56,clients=50
1778007866983,PUT_HOP,0,2,chordKey_4_55,
1778007866983,GET,49,2,chordKey_28_97,clients=50
1778007866984,GET,44,2,chordKey_48_88,clients=50
1778007866985,PUT_HOP,0,2,chordKey_3_92,
1778007866983,GET,47,2,chordKey_19_87,clients=50
1778007866986,PUT,0,0,chordKey_19_88,clients=50
1778007866987,PUT_HOP,0,2,chordKey_48_88,
1778007866986,GET,45,2,chordKey_3_92,clients=50
1778007866987,PUT_HOP,0,2,chordKey_19_87,
1778007866986,GET,56,2,chordKey_40_93,clients=50
1778007866985,PUT,0,0,chordKey_48_89,clients=50
1778007866985,PUT,0,0,chordKey_28_98,clients=50
1778007866988,PUT,0,0,chordKey_40_94,clients=50
1778007866987,PUT,0,0,chordKey_3_93,clients=50
1778007866989,GET,27,2,chordKey_10_97,clients=50
1778007866990,GET,53,2,chordKey_18_97,clients=50
1778007866990,PUT,0,0,chordKey_10_98,clients=50
1778007866991,PUT,0,0,chordKey_18_98,clients=50
1778007866992,PUT_HOP,0,2,chordKey_10_97,
1778007866993,PUT_HOP,0,2,chordKey_7_96,
1778007866993,GET,34,2,chordKey_35_91,clients=50
1778007866995,PUT,0,0,chordKey_35_92,clients=50
1778007866995,PUT_HOP,0,2,chordKey_18_97,
1778007866995,PUT_HOP,0,2,chordKey_9_49,
1778007866996,PUT_HOP,0,2,chordKey_35_91,
1778007866997,GET,36,2,chordKey_7_96,clients=50
1778007866998,PUT,0,0,chordKey_7_97,clients=50
1778007866998,GET,52,2,chordKey_9_49,clients=50
1778007866999,PUT,0,0,chordKey_9_50,clients=50
1778007867001,PUT_HOP,0,2,chordKey_37_99,
1778007867005,GET,39,2,chordKey_37_99,clients=50
1778007867008,PUT_HOP,0,2,chordKey_5_97,
1778007867009,GET,40,2,chordKey_5_97,clients=50
1778007867010,PUT,0,0,chordKey_5_98,clients=50
1778007867013,PUT_HOP,0,2,chordKey_43_79,
1778007867017,GET,43,2,chordKey_43_79,clients=50
1778007867017,PUT_HOP,0,2,chordKey_40_94,
1778007867017,PUT,0,0,chordKey_43_80,clients=50
1778007867019,GET,53,2,chordKey_45_82,clients=50
1778007867019,PUT,0,0,chordKey_45_83,clients=50
1778007867019,PUT_HOP,0,2,chordKey_48_89,
1778007867019,PUT_HOP,0,2,chordKey_10_98,
1778007867021,GET,32,2,chordKey_48_89,clients=50
1778007867021,PUT_HOP,0,2,chordKey_3_93,
1778007867021,PUT,0,0,chordKey_48_90,clients=50
1778007867023,PUT_HOP,0,2,chordKey_13_83,
1778007867025,GET,35,2,chordKey_3_93,clients=50
1778007867025,PUT,0,0,chordKey_3_94,clients=50
1778007867027,GET,36,2,chordKey_10_98,clients=50
1778007867028,PUT_HOP,0,2,chordKey_49_65,
1778007867028,PUT,0,0,chordKey_10_99,clients=50
1778007867028,GET,39,2,chordKey_40_94,clients=50
1778007867029,PUT_HOP,0,2,chordKey_35_92,
1778007867029,GET,62,2,chordKey_13_83,clients=50
1778007867029,PUT_HOP,0,2,chordKey_45_82,
1778007867029,PUT,0,0,chordKey_40_95,clients=50
1778007867030,PUT,0,0,chordKey_13_84,clients=50
1778007867031,GET,58,2,chordKey_49_65,clients=50
1778007867032,PUT_HOP,0,2,chordKey_25_84,
1778007867032,PUT,0,0,chordKey_49_66,clients=50
1778007867033,GET,48,2,chordKey_4_56,clients=50
1778007867034,PUT,0,0,chordKey_4_57,clients=50
1778007867041,PUT_HOP,0,2,chordKey_7_97,
1778007867041,GET,41,2,chordKey_9_50,clients=50
1778007867042,PUT,0,0,chordKey_9_51,clients=50
1778007867046,GET,71,2,chordKey_36_73,clients=50
1778007867047,PUT,0,0,chordKey_36_74,clients=50
1778007867046,GET,48,2,chordKey_7_97,clients=50
1778007867048,PUT,0,0,chordKey_7_98,clients=50
1778007867049,PUT_HOP,0,2,chordKey_28_98,
1778007867049,GET,53,2,chordKey_35_92,clients=50
1778007867049,PUT_HOP,0,2,chordKey_9_50,
1778007867049,PUT_HOP,0,2,chordKey_5_98,
1778007867050,PUT_HOP,0,2,chordKey_40_95,
1778007867050,PUT,0,0,chordKey_35_93,clients=50
1778007867052,GET,41,2,chordKey_5_98,clients=50
1778007867053,PUT,0,0,chordKey_5_99,clients=50
1778007867053,GET,27,2,chordKey_3_94,clients=50
1778007867054,PUT,0,0,chordKey_3_95,clients=50
1778007867059,PUT_HOP,0,2,chordKey_3_94,
1778007867061,GET,31,2,chordKey_40_95,clients=50
1778007867062,PUT,0,0,chordKey_40_96,clients=50
1778007867064,PUT_HOP,0,2,chordKey_9_51,
1778007867064,PUT_HOP,0,2,chordKey_19_88,
1778007867067,PUT_HOP,0,2,chordKey_4_56,
1778007867068,PUT_HOP,0,2,chordKey_36_73,
1778007867068,GET,80,2,chordKey_19_88,clients=50
1778007867068,PUT_HOP,0,2,chordKey_18_98,
1778007867068,GET,25,2,chordKey_9_51,clients=50
1778007867069,GET,80,2,chordKey_28_98,clients=50
1778007867070,PUT,0,0,chordKey_28_99,clients=50
1778007867069,GET,76,2,chordKey_18_98,clients=50
1778007867071,GET,53,2,chordKey_43_80,clients=50
1778007867071,PUT_HOP,0,2,chordKey_35_93,
1778007867071,PUT_HOP,0,2,chordKey_43_80,
1778007867072,PUT,0,0,chordKey_43_81,clients=50
1778007867072,PUT_HOP,0,2,chordKey_7_98,
1778007867068,GET,92,2,chordKey_25_84,clients=50
1778007867072,PUT_HOP,0,2,chordKey_5_99,
1778007867071,PUT,0,0,chordKey_18_99,clients=50
1778007867072,PUT_HOP,0,2,chordKey_48_90,
1778007867070,PUT,0,0,chordKey_9_52,clients=50
1778007867073,GET,20,2,chordKey_5_99,clients=50
1778007867074,PUT_HOP,0,2,chordKey_13_84,
1778007867070,GET,20,2,chordKey_7_98,clients=50
1778007867069,PUT,0,0,chordKey_19_89,clients=50
1778007867075,PUT_HOP,0,2,chordKey_10_99,
1778007867076,PUT_HOP,0,2,chordKey_45_83,
1778007867075,GET,24,2,chordKey_35_93,clients=50
1778007867077,PUT,0,0,chordKey_35_94,clients=50
1778007867075,PUT,0,0,chordKey_7_99,clients=50
1778007867079,PUT_HOP,0,2,chordKey_4_57,
1778007867074,GET,52,2,chordKey_48_90,clients=50
1778007867080,GET,25,2,chordKey_3_95,clients=50
1778007867073,PUT,0,0,chordKey_25_85,clients=50
1778007867081,PUT,0,0,chordKey_3_96,clients=50
1778007867081,PUT,0,0,chordKey_48_91,clients=50
1778007867083,PUT_HOP,0,2,chordKey_3_95,
1778007867077,GET,48,2,chordKey_10_99,clients=50
1778007867083,PUT_HOP,0,2,chordKey_49_66,
1778007867084,GET,50,2,chordKey_4_57,clients=50
1778007867091,GET,43,2,chordKey_36_74,clients=50
1778007867092,PUT,0,0,chordKey_36_75,clients=50
1778007867085,GET,65,2,chordKey_45_83,clients=50
1778007867094,GET,60,2,chordKey_49_66,clients=50
1778007867095,PUT,0,0,chordKey_49_67,clients=50
1778007867093,GET,63,2,chordKey_13_84,clients=50
1778007867092,PUT,0,0,chordKey_4_58,clients=50
1778007867096,PUT,0,0,chordKey_13_85,clients=50
1778007867094,PUT,0,0,chordKey_45_84,clients=50
1778007867101,PUT_HOP,0,2,chordKey_40_96,
1778007867102,PUT_HOP,0,2,chordKey_9_52,
1778007867113,PUT_HOP,0,2,chordKey_36_74,
1778007867113,GET,39,2,chordKey_9_52,clients=50
1778007867114,PUT_HOP,0,2,chordKey_19_89,
1778007867113,GET,51,2,chordKey_40_96,clients=50
1778007867115,PUT,0,0,chordKey_40_97,clients=50
1778007867114,PUT,0,0,chordKey_9_53,clients=50
1778007867116,PUT_HOP,0,2,chordKey_7_99,
1778007867117,PUT_HOP,0,2,chordKey_35_94,
1778007867118,PUT_HOP,0,2,chordKey_3_96,
1778007867120,GET,42,2,chordKey_35_94,clients=50
1778007867122,PUT,0,0,chordKey_35_95,clients=50
1778007867121,GET,38,2,chordKey_3_96,clients=50
1778007867123,PUT,0,0,chordKey_3_97,clients=50
1778007867123,PUT_HOP,0,2,chordKey_28_99,
1778007867125,PUT_HOP,0,2,chordKey_43_81,
1778007867127,GET,53,2,chordKey_18_99,clients=50
1778007867127,GET,47,2,chordKey_7_99,clients=50
1778007867128,PUT_HOP,0,2,chordKey_18_99,
1778007867137,GET,66,2,chordKey_28_99,clients=50
1778007867139,PUT_HOP,0,2,chordKey_25_85,
1778007867142,PUT_HOP,0,2,chordKey_3_97,
1778007867142,PUT_HOP,0,2,chordKey_9_53,
1778007867142,PUT_HOP,0,2,chordKey_4_58,
1778007867142,GET,70,2,chordKey_43_81,clients=50
1778007867143,PUT_HOP,0,2,chordKey_48_91,
1778007867142,PUT_HOP,0,2,chordKey_35_95,
1778007867144,GET,25,2,chordKey_9_53,clients=50
1778007867146,PUT,0,0,chordKey_9_54,clients=50
1778007867145,PUT,0,0,chordKey_43_82,clients=50
1778007867147,GET,65,2,chordKey_25_85,clients=50
1778007867148,GET,71,2,chordKey_19_89,clients=50
1778007867146,GET,63,2,chordKey_48_91,clients=50
1778007867148,PUT,0,0,chordKey_19_90,clients=50
1778007867148,PUT,0,0,chordKey_25_86,clients=50
1778007867147,GET,24,2,chordKey_35_95,clients=50
1778007867150,PUT_HOP,0,2,chordKey_36_75,
1778007867150,PUT,0,0,chordKey_35_96,clients=50
1778007867150,PUT_HOP,0,2,chordKey_49_67,
1778007867149,PUT,0,0,chordKey_48_92,clients=50
1778007867152,GET,59,2,chordKey_36_75,clients=50
1778007867153,PUT,0,0,chordKey_36_76,clients=50
1778007867153,GET,57,2,chordKey_49_67,clients=50
1778007867155,PUT,0,0,chordKey_49_68,clients=50
1778007867159,GET,35,2,chordKey_3_97,clients=50
1778007867159,PUT_HOP,0,2,chordKey_40_97,
1778007867160,GET,44,2,chordKey_40_97,clients=50
1778007867160,PUT,0,0,chordKey_3_98,clients=50
1778007867161,PUT,0,0,chordKey_40_98,clients=50
1778007867161,PUT_HOP,0,2,chordKey_45_84,
1778007867164,PUT_HOP,0,2,chordKey_13_85,
1778007867164,PUT_HOP,0,2,chordKey_9_54,
1778007867165,GET,68,2,chordKey_13_85,clients=50
1778007867166,GET,69,2,chordKey_4_58,clients=50
1778007867166,PUT,0,0,chordKey_13_86,clients=50
1778007867167,PUT,0,0,chordKey_4_59,clients=50
1778007867169,GET,71,2,chordKey_45_84,clients=50
1778007867170,PUT,0,0,chordKey_45_85,clients=50
1778007867172,PUT_HOP,0,2,chordKey_19_90,
1778007867175,PUT_HOP,0,2,chordKey_35_96,
1778007867177,GET,28,2,chordKey_19_90,clients=50
1778007867178,PUT_HOP,0,2,chordKey_40_98,
1778007867177,GET,26,2,chordKey_35_96,clients=50
1778007867179,PUT,0,0,chordKey_19_91,clients=50
1778007867180,PUT,0,0,chordKey_35_97,clients=50
1778007867180,GET,18,2,chordKey_40_98,clients=50
1778007867181,PUT,0,0,chordKey_40_99,clients=50
1778007867181,PUT_HOP,0,2,chordKey_3_98,
1778007867183,GET,21,2,chordKey_3_98,clients=50
1778007867183,GET,36,2,chordKey_9_54,clients=50
1778007867183,PUT,0,0,chordKey_3_99,clients=50
1778007867184,PUT,0,0,chordKey_9_55,clients=50
1778007867189,PUT_HOP,0,2,chordKey_19_91,
1778007867190,PUT_HOP,0,2,chordKey_40_99,
1778007867191,PUT_HOP,0,2,chordKey_35_97,
1778007867192,PUT_HOP,0,2,chordKey_43_82,
1778007867192,PUT_HOP,0,2,chordKey_25_86,
1778007867194,GET,47,2,chordKey_43_82,clients=50
1778007867195,PUT,0,0,chordKey_43_83,clients=50
1778007867196,GET,43,2,chordKey_48_92,clients=50
1778007867197,PUT,0,0,chordKey_48_93,clients=50
1778007867199,GET,49,2,chordKey_25_86,clients=50
1778007867200,PUT,0,0,chordKey_25_87,clients=50
1778007867201,PUT_HOP,0,2,chordKey_36_76,
1778007867201,PUT_HOP,0,2,chordKey_48_92,
1778007867201,PUT_HOP,0,2,chordKey_49_68,
1778007867202,PUT_HOP,0,2,chordKey_3_99,
1778007867205,PUT_HOP,0,2,chordKey_9_55,
1778007867205,PUT_HOP,0,2,chordKey_4_59,
1778007867206,GET,51,2,chordKey_36_76,clients=50
1778007867207,PUT,0,0,chordKey_36_77,clients=50
1778007867211,GET,30,2,chordKey_35_97,clients=50
1778007867211,GET,31,2,chordKey_19_91,clients=50
1778007867212,GET,27,2,chordKey_9_55,clients=50
1778007867212,PUT,0,0,chordKey_19_92,clients=50
1778007867212,PUT,0,0,chordKey_35_98,clients=50
1778007867213,PUT,0,0,chordKey_9_56,clients=50
1778007867214,GET,29,2,chordKey_3_99,clients=50
1778007867221,GET,64,2,chordKey_49_68,clients=50
1778007867221,PUT,0,0,chordKey_49_69,clients=50
1778007867238,PUT_HOP,0,2,chordKey_35_98,
1778007867238,PUT_HOP,0,2,chordKey_19_92,
1778007867239,GET,25,2,chordKey_19_92,clients=50
1778007867239,PUT_HOP,0,2,chordKey_13_86,
1778007867239,PUT_HOP,0,2,chordKey_9_56,
1778007867240,PUT_HOP,0,2,chordKey_45_85,
1778007867240,PUT,0,0,chordKey_19_93,clients=50
1778007867241,GET,73,2,chordKey_4_59,clients=50
1778007867241,PUT_HOP,0,2,chordKey_43_83,
1778007867241,GET,74,2,chordKey_13_86,clients=50
1778007867242,PUT,0,0,chordKey_4_60,clients=50
1778007867242,PUT,0,0,chordKey_13_87,clients=50
1778007867242,GET,71,2,chordKey_45_85,clients=50
1778007867243,PUT_HOP,0,2,chordKey_48_93,
1778007867243,PUT,0,0,chordKey_45_86,clients=50
1778007867244,GET,47,2,chordKey_43_83,clients=50
1778007867244,PUT,0,0,chordKey_43_84,clients=50
1778007867249,GET,68,2,chordKey_40_99,clients=50
1778007867251,GET,37,2,chordKey_35_98,clients=50
1778007867252,PUT,0,0,chordKey_35_99,clients=50
1778007867253,GET,39,2,chordKey_9_56,clients=50
1778007867254,PUT,0,0,chordKey_9_57,clients=50
1778007867268,PUT_HOP,0,2,chordKey_25_87,
1778007867269,GET,61,2,chordKey_36_77,clients=50
1778007867269,GET,70,2,chordKey_48_93,clients=50
1778007867269,PUT,0,0,chordKey_36_78,clients=50
1778007867269,PUT,0,0,chordKey_48_94,clients=50
1778007867273,PUT_HOP,0,2,chordKey_36_77,
1778007867273,GET,73,2,chordKey_25_87,clients=50
1778007867274,PUT_HOP,0,2,chordKey_4_60,
1778007867274,PUT,0,0,chordKey_25_88,clients=50
1778007867274,PUT_HOP,0,2,chordKey_19_93,
1778007867274,GET,34,2,chordKey_19_93,clients=50
1778007867275,PUT,0,0,chordKey_19_94,clients=50
1778007867275,GET,53,2,chordKey_49_69,clients=50
1778007867276,PUT,0,0,chordKey_49_70,clients=50
1778007867277,PUT_HOP,0,2,chordKey_35_99,
1778007867279,PUT_HOP,0,2,chordKey_49_69,
1778007867279,GET,35,2,chordKey_45_86,clients=50
1778007867280,PUT_HOP,0,2,chordKey_13_87,
1778007867277,GET,35,2,chordKey_4_60,clients=50
1778007867281,PUT,0,0,chordKey_45_87,clients=50
1778007867280,GET,37,2,chordKey_13_87,clients=50
1778007867281,PUT,0,0,chordKey_4_61,clients=50
1778007867281,PUT_HOP,0,2,chordKey_43_84,
1778007867282,PUT_HOP,0,2,chordKey_45_86,
1778007867282,PUT,0,0,chordKey_13_88,clients=50
1778007867282,GET,37,2,chordKey_43_84,clients=50
1778007867283,PUT,0,0,chordKey_43_85,clients=50
1778007867291,GET,39,2,chordKey_35_99,clients=50
1778007867291,PUT_HOP,0,2,chordKey_9_57,
1778007867292,GET,38,2,chordKey_9_57,clients=50
1778007867292,PUT,0,0,chordKey_9_58,clients=50
1778007867298,PUT_HOP,0,2,chordKey_36_78,
1778007867299,GET,29,2,chordKey_36_78,clients=50
1778007867299,PUT,0,0,chordKey_36_79,clients=50
1778007867300,PUT_HOP,0,2,chordKey_48_94,
1778007867302,GET,32,2,chordKey_48_94,clients=50
1778007867303,PUT,0,0,chordKey_48_95,clients=50
1778007867308,PUT_HOP,0,2,chordKey_49_70,
1778007867308,GET,32,2,chordKey_19_94,clients=50
1778007867309,PUT,0,0,chordKey_19_95,clients=50
1778007867310,PUT_HOP,0,2,chordKey_19_94,
1778007867312,PUT_HOP,0,2,chordKey_25_88,
1778007867315,GET,40,2,chordKey_25_88,clients=50
1778007867315,GET,36,2,chordKey_49_70,clients=50
1778007867316,PUT,0,0,chordKey_25_89,clients=50
1778007867316,PUT,0,0,chordKey_49_71,clients=50
1778007867318,PUT_HOP,0,2,chordKey_13_88,
1778007867318,PUT_HOP,0,2,chordKey_45_87,
1778007867320,PUT_HOP,0,2,chordKey_4_61,
1778007867321,GET,39,2,chordKey_4_61,clients=50
1778007867321,PUT_HOP,0,2,chordKey_36_79,
1778007867322,GET,28,2,chordKey_9_58,clients=50
1778007867322,PUT_HOP,0,2,chordKey_9_58,
1778007867322,PUT,0,0,chordKey_4_62,clients=50
1778007867322,PUT,0,0,chordKey_9_59,clients=50
1778007867324,GET,41,2,chordKey_13_88,clients=50
1778007867325,PUT_HOP,0,2,chordKey_43_85,
1778007867325,PUT,0,0,chordKey_13_89,clients=50
1778007867324,GET,21,2,chordKey_36_79,clients=50
1778007867326,PUT,0,0,chordKey_36_80,clients=50
1778007867324,GET,43,2,chordKey_45_87,clients=50
1778007867327,PUT_HOP,0,2,chordKey_19_95,
1778007867327,PUT,0,0,chordKey_45_88,clients=50
1778007867325,GET,42,2,chordKey_43_85,clients=50
1778007867328,GET,18,2,chordKey_19_95,clients=50
1778007867329,PUT,0,0,chordKey_43_86,clients=50
1778007867329,PUT,0,0,chordKey_19_96,clients=50
1778007867331,PUT_HOP,0,2,chordKey_48_95,
1778007867332,PUT_HOP,0,2,chordKey_25_89,
1778007867333,PUT_HOP,0,2,chordKey_49_71,
1778007867333,GET,29,2,chordKey_48_95,clients=50
1778007867334,PUT,0,0,chordKey_48_96,clients=50
1778007867337,PUT_HOP,0,2,chordKey_9_59,
1778007867337,GET,17,2,chordKey_49_71,clients=50
1778007867337,PUT,0,0,chordKey_49_72,clients=50
1778007867338,PUT_HOP,0,2,chordKey_4_62,
1778007867339,GET,16,2,chordKey_4_62,clients=50
1778007867339,GET,14,2,chordKey_13_89,clients=50
1778007867339,PUT,0,0,chordKey_4_63,clients=50
1778007867340,PUT,0,0,chordKey_13_90,clients=50
1778007867340,GET,17,2,chordKey_9_59,clients=50
1778007867342,GET,14,2,chordKey_36_80,clients=50
1778007867342,PUT_HOP,0,2,chordKey_36_80,
1778007867342,PUT,0,0,chordKey_36_81,clients=50
1778007867342,PUT_HOP,0,2,chordKey_13_89,
1778007867341,GET,24,2,chordKey_25_89,clients=50
1778007867342,PUT,0,0,chordKey_9_60,clients=50
1778007867343,PUT_HOP,0,2,chordKey_19_96,
1778007867343,PUT,0,0,chordKey_25_90,clients=50
1778007867344,PUT_HOP,0,2,chordKey_45_88,
1778007867344,GET,14,2,chordKey_19_96,clients=50
1778007867345,GET,16,2,chordKey_45_88,clients=50
1778007867345,PUT,0,0,chordKey_19_97,clients=50
1778007867346,PUT,0,0,chordKey_45_89,clients=50
1778007867347,PUT_HOP,0,2,chordKey_43_86,
1778007867350,GET,21,2,chordKey_43_86,clients=50
1778007867351,PUT,0,0,chordKey_43_87,clients=50
1778007867355,PUT_HOP,0,2,chordKey_49_72,
1778007867359,GET,21,2,chordKey_49_72,clients=50
1778007867360,PUT_HOP,0,2,chordKey_48_96,
1778007867360,PUT_HOP,0,2,chordKey_4_63,
1778007867360,PUT_HOP,0,2,chordKey_13_90,
1778007867361,PUT,0,0,chordKey_49_73,clients=50
1778007867361,GET,20,2,chordKey_13_90,clients=50
1778007867362,PUT_HOP,0,2,chordKey_9_60,
1778007867362,GET,27,2,chordKey_48_96,clients=50
1778007867362,PUT,0,0,chordKey_13_91,clients=50
1778007867362,PUT_HOP,0,2,chordKey_45_89,
1778007867362,PUT,0,0,chordKey_48_97,clients=50
1778007867362,GET,18,2,chordKey_9_60,clients=50
1778007867364,PUT,0,0,chordKey_9_61,clients=50
1778007867364,PUT_HOP,0,2,chordKey_36_81,
1778007867363,GET,16,2,chordKey_45_89,clients=50
1778007867365,PUT,0,0,chordKey_45_90,clients=50
1778007867365,PUT_HOP,0,2,chordKey_25_90,
1778007867365,GET,24,2,chordKey_4_63,clients=50
1778007867367,PUT,0,0,chordKey_4_64,clients=50
1778007867367,PUT_HOP,0,2,chordKey_19_97,
1778007867368,GET,22,2,chordKey_19_97,clients=50
1778007867368,GET,16,2,chordKey_43_87,clients=50
1778007867369,PUT,0,0,chordKey_43_88,clients=50
1778007867369,PUT,0,0,chordKey_19_98,clients=50
1778007867374,PUT_HOP,0,2,chordKey_9_61,
1778007867375,GET,31,2,chordKey_36_81,clients=50
1778007867378,PUT_HOP,0,2,chordKey_48_97,
1778007867378,PUT_HOP,0,2,chordKey_43_88,
1778007867364,PUT_HOP,0,2,chordKey_43_87,
1778007867380,GET,16,2,chordKey_48_97,clients=50
1778007867376,GET,11,2,chordKey_9_61,clients=50
1778007867376,GET,31,2,chordKey_25_90,clients=50
1778007867381,PUT,0,0,chordKey_9_62,clients=50
1778007867381,PUT,0,0,chordKey_48_98,clients=50
1778007867381,GET,10,2,chordKey_43_88,clients=50
1778007867380,PUT,0,0,chordKey_36_82,clients=50
1778007867383,PUT,0,0,chordKey_43_89,clients=50
1778007867382,PUT,0,0,chordKey_25_91,clients=50
1778007867385,PUT_HOP,0,2,chordKey_49_73,
1778007867386,GET,24,2,chordKey_49_73,clients=50
1778007867387,PUT,0,0,chordKey_49_74,clients=50
1778007867387,PUT_HOP,0,2,chordKey_13_91,
1778007867389,GET,26,2,chordKey_13_91,clients=50
1778007867390,PUT,0,0,chordKey_13_92,clients=50
1778007867390,PUT_HOP,0,2,chordKey_45_90,
1778007867391,PUT_HOP,0,2,chordKey_4_64,
1778007867401,GET,35,2,chordKey_45_90,clients=50
1778007867401,PUT_HOP,0,2,chordKey_19_98,
1778007867402,PUT,0,0,chordKey_45_91,clients=50
1778007867402,PUT_HOP,0,2,chordKey_36_82,
1778007867401,GET,33,2,chordKey_4_64,clients=50
1778007867403,GET,32,2,chordKey_19_98,clients=50
1778007867403,PUT,0,0,chordKey_4_65,clients=50
1778007867404,PUT_HOP,0,2,chordKey_9_62,
1778007867403,PUT,0,0,chordKey_19_99,clients=50
1778007867407,PUT_HOP,0,2,chordKey_25_91,
1778007867408,GET,25,2,chordKey_9_62,clients=50
1778007867409,PUT,0,0,chordKey_9_63,clients=50
1778007867411,PUT_HOP,0,2,chordKey_48_98,
1778007867412,PUT_HOP,0,2,chordKey_43_89,
1778007867413,GET,28,2,chordKey_25_91,clients=50
1778007867414,PUT,0,0,chordKey_25_92,clients=50
1778007867415,PUT_HOP,0,2,chordKey_49_74,
1778007867415,GET,31,2,chordKey_36_82,clients=50
1778007867416,PUT,0,0,chordKey_36_83,clients=50
1778007867417,GET,32,2,chordKey_43_89,clients=50
1778007867418,PUT,0,0,chordKey_43_90,clients=50
1778007867417,GET,29,2,chordKey_49_74,clients=50
1778007867419,PUT,0,0,chordKey_49_75,clients=50
1778007867420,PUT_HOP,0,2,chordKey_13_92,
1778007867421,PUT_HOP,0,2,chordKey_45_91,
1778007867422,PUT_HOP,0,2,chordKey_4_65,
1778007867421,GET,30,2,chordKey_13_92,clients=50
1778007867422,PUT_HOP,0,2,chordKey_19_99,
1778007867422,PUT,0,0,chordKey_13_93,clients=50
1778007867421,GET,38,2,chordKey_48_98,clients=50
1778007867423,GET,20,2,chordKey_45_91,clients=50
1778007867424,PUT,0,0,chordKey_45_92,clients=50
1778007867423,PUT,0,0,chordKey_48_99,clients=50
1778007867425,GET,21,2,chordKey_4_65,clients=50
1778007867426,PUT,0,0,chordKey_4_66,clients=50
1778007867426,GET,22,2,chordKey_19_99,clients=50
1778007867433,PUT_HOP,0,2,chordKey_9_63,
1778007867434,GET,24,2,chordKey_9_63,clients=50
1778007867435,PUT,0,0,chordKey_9_64,clients=50
1778007867438,PUT_HOP,0,2,chordKey_25_92,
1778007867442,GET,25,2,chordKey_36_83,clients=50
1778007867442,PUT_HOP,0,2,chordKey_36_83,
1778007867442,GET,26,2,chordKey_25_92,clients=50
1778007867443,PUT,0,0,chordKey_36_84,clients=50
1778007867443,GET,17,2,chordKey_48_99,clients=50
1778007867443,PUT,0,0,chordKey_25_93,clients=50
1778007867444,PUT_HOP,0,2,chordKey_48_99,
1778007867444,GET,26,2,chordKey_43_90,clients=50
1778007867444,PUT_HOP,0,2,chordKey_43_90,
1778007867445,PUT_HOP,0,2,chordKey_13_93,
1778007867445,PUT,0,0,chordKey_43_91,clients=50
1778007867446,PUT_HOP,0,2,chordKey_45_92,
1778007867446,GET,24,2,chordKey_49_75,clients=50
1778007867447,PUT_HOP,0,2,chordKey_4_66,
1778007867447,PUT_HOP,0,2,chordKey_49_75,
1778007867447,PUT,0,0,chordKey_49_76,clients=50
1778007867448,GET,25,2,chordKey_13_93,clients=50
1778007867450,GET,23,2,chordKey_4_66,clients=50
1778007867450,PUT,0,0,chordKey_13_94,clients=50
1778007867450,GET,24,2,chordKey_45_92,clients=50
1778007867450,PUT,0,0,chordKey_4_67,clients=50
1778007867451,PUT,0,0,chordKey_45_93,clients=50
1778007867453,PUT_HOP,0,2,chordKey_9_64,
1778007867454,PUT_HOP,0,2,chordKey_25_93,
1778007867457,PUT_HOP,0,2,chordKey_36_84,
1778007867458,GET,14,2,chordKey_36_84,clients=50
1778007867459,PUT,0,0,chordKey_36_85,clients=50
1778007867460,PUT_HOP,0,2,chordKey_43_91,
1778007867460,GET,14,2,chordKey_43_91,clients=50
1778007867461,PUT,0,0,chordKey_43_92,clients=50
1778007867463,PUT_HOP,0,2,chordKey_49_76,
1778007867463,GET,18,2,chordKey_25_93,clients=50
1778007867464,GET,15,2,chordKey_49_76,clients=50
1778007867464,PUT,0,0,chordKey_25_94,clients=50
1778007867464,GET,28,2,chordKey_9_64,clients=50
1778007867465,GET,13,2,chordKey_4_67,clients=50
1778007867465,GET,13,2,chordKey_45_93,clients=50
1778007867464,PUT,0,0,chordKey_49_77,clients=50
1778007867466,PUT,0,0,chordKey_45_94,clients=50
1778007867466,GET,15,2,chordKey_13_94,clients=50
1778007867466,PUT,0,0,chordKey_4_68,clients=50
1778007867465,PUT,0,0,chordKey_9_65,clients=50
1778007867467,PUT,0,0,chordKey_13_95,clients=50
1778007867475,PUT_HOP,0,2,chordKey_45_93,
1778007867475,PUT_HOP,0,2,chordKey_4_67,
1778007867476,PUT_HOP,0,2,chordKey_9_65,
1778007867476,PUT_HOP,0,2,chordKey_13_94,
1778007867481,GET,12,2,chordKey_9_65,clients=50
1778007867482,PUT,0,0,chordKey_9_66,clients=50
1778007867483,PUT_HOP,0,2,chordKey_36_85,
1778007867483,PUT_HOP,0,2,chordKey_43_92,
1778007867485,GET,23,2,chordKey_43_92,clients=50
1778007867486,PUT,0,0,chordKey_43_93,clients=50
1778007867487,GET,27,2,chordKey_36_85,clients=50
1778007867487,PUT,0,0,chordKey_36_86,clients=50
1778007867489,PUT_HOP,0,2,chordKey_25_94,
1778007867492,PUT_HOP,0,2,chordKey_49_77,
1778007867493,GET,27,2,chordKey_25_94,clients=50
1778007867493,PUT_HOP,0,2,chordKey_4_68,
1778007867493,PUT,0,0,chordKey_25_95,clients=50
1778007867493,PUT_HOP,0,2,chordKey_45_94,
1778007867494,GET,27,2,chordKey_45_94,clients=50
1778007867493,PUT_HOP,0,2,chordKey_13_95,
1778007867495,PUT,0,0,chordKey_45_95,clients=50
1778007867495,PUT_HOP,0,2,chordKey_9_66,
1778007867494,GET,27,2,chordKey_49_77,clients=50
1778007867497,PUT,0,0,chordKey_49_78,clients=50
1778007867496,GET,27,2,chordKey_13_95,clients=50
1778007867498,PUT_HOP,0,2,chordKey_43_93,
1778007867498,PUT,0,0,chordKey_13_96,clients=50
1778007867495,GET,27,2,chordKey_4_68,clients=50
1778007867497,GET,14,2,chordKey_9_66,clients=50
1778007867499,PUT_HOP,0,2,chordKey_36_86,
1778007867499,GET,12,2,chordKey_43_93,clients=50
1778007867501,PUT,0,0,chordKey_43_94,clients=50
1778007867499,PUT,0,0,chordKey_4_69,clients=50
1778007867500,PUT,0,0,chordKey_9_67,clients=50
1778007867503,GET,15,2,chordKey_36_86,clients=50
1778007867504,PUT,0,0,chordKey_36_87,clients=50
1778007867504,PUT_HOP,0,2,chordKey_25_95,
1778007867506,PUT_HOP,0,2,chordKey_45_95,
1778007867508,GET,13,2,chordKey_25_95,clients=50
1778007867509,PUT,0,0,chordKey_25_96,clients=50
1778007867510,PUT_HOP,0,2,chordKey_49_78,
1778007867510,GET,12,2,chordKey_49_78,clients=50
1778007867511,PUT,0,0,chordKey_49_79,clients=50
1778007867511,GET,15,2,chordKey_45_95,clients=50
1778007867512,PUT_HOP,0,2,chordKey_13_96,
1778007867512,PUT,0,0,chordKey_45_96,clients=50
1778007867512,PUT_HOP,0,2,chordKey_4_69,
1778007867513,PUT_HOP,0,2,chordKey_43_94,
1778007867513,GET,15,2,chordKey_13_96,clients=50
1778007867514,PUT,0,0,chordKey_13_97,clients=50
1778007867514,GET,13,2,chordKey_4_69,clients=50
1778007867516,PUT_HOP,0,2,chordKey_36_87,
1778007867517,PUT,0,0,chordKey_4_70,clients=50
1778007867517,GET,16,2,chordKey_43_94,clients=50
1778007867518,PUT,0,0,chordKey_43_95,clients=50
1778007867522,GET,20,2,chordKey_9_67,clients=50
1778007867522,PUT_HOP,0,2,chordKey_25_96,
1778007867523,PUT,0,0,chordKey_9_68,clients=50
1778007867523,PUT_HOP,0,2,chordKey_9_67,
1778007867523,GET,18,2,chordKey_36_87,clients=50
1778007867524,PUT,0,0,chordKey_36_88,clients=50
1778007867526,PUT_HOP,0,2,chordKey_45_96,
1778007867526,GET,15,2,chordKey_49_79,clients=50
1778007867526,PUT_HOP,0,2,chordKey_49_79,
1778007867527,PUT,0,0,chordKey_49_80,clients=50
1778007867527,GET,18,2,chordKey_25_96,clients=50
1778007867528,PUT,0,0,chordKey_25_97,clients=50
1778007867529,PUT_HOP,0,2,chordKey_13_97,
1778007867529,GET,13,2,chordKey_13_97,clients=50
1778007867530,PUT,0,0,chordKey_13_98,clients=50
1778007867530,GET,17,2,chordKey_45_96,clients=50
1778007867531,PUT,0,0,chordKey_45_97,clients=50
1778007867531,PUT_HOP,0,2,chordKey_43_95,
1778007867532,GET,13,2,chordKey_43_95,clients=50
1778007867533,PUT,0,0,chordKey_43_96,clients=50
1778007867535,PUT_HOP,0,2,chordKey_4_70,
1778007867537,GET,20,2,chordKey_4_70,clients=50
1778007867538,PUT,0,0,chordKey_4_71,clients=50
1778007867538,PUT_HOP,0,2,chordKey_9_68,
1778007867538,PUT_HOP,0,2,chordKey_36_88,
1778007867539,GET,16,2,chordKey_9_68,clients=50
1778007867540,PUT,0,0,chordKey_9_69,clients=50
1778007867542,GET,17,2,chordKey_36_88,clients=50
1778007867543,PUT_HOP,0,2,chordKey_13_98,
1778007867543,PUT,0,0,chordKey_36_89,clients=50
1778007867544,PUT_HOP,0,2,chordKey_49_80,
1778007867544,PUT_HOP,0,2,chordKey_25_97,
1778007867546,GET,15,2,chordKey_13_98,clients=50
1778007867547,PUT,0,0,chordKey_13_99,clients=50
1778007867547,PUT_HOP,0,2,chordKey_43_96,
1778007867549,PUT_HOP,0,2,chordKey_45_97,
1778007867546,GET,17,2,chordKey_25_97,clients=50
1778007867550,GET,16,2,chordKey_43_96,clients=50
1778007867547,GET,20,2,chordKey_49_80,clients=50
1778007867551,PUT,0,0,chordKey_43_97,clients=50
1778007867550,PUT,0,0,chordKey_25_98,clients=50
1778007867552,GET,20,2,chordKey_45_97,clients=50
1778007867553,PUT,0,0,chordKey_45_98,clients=50
1778007867551,PUT,0,0,chordKey_49_81,clients=50
1778007867556,PUT_HOP,0,2,chordKey_4_71,
1778007867557,GET,18,2,chordKey_4_71,clients=50
1778007867557,PUT_HOP,0,2,chordKey_36_89,
1778007867557,PUT,0,0,chordKey_4_72,clients=50
1778007867557,PUT_HOP,0,2,chordKey_9_69,
1778007867558,GET,14,2,chordKey_36_89,clients=50
1778007867559,PUT,0,0,chordKey_36_90,clients=50
1778007867561,GET,20,2,chordKey_9_69,clients=50
1778007867561,PUT_HOP,0,2,chordKey_13_99,
1778007867562,PUT,0,0,chordKey_9_70,clients=50
1778007867564,PUT_HOP,0,2,chordKey_25_98,
1778007867564,PUT_HOP,0,2,chordKey_43_97,
1778007867565,PUT_HOP,0,2,chordKey_49_81,
1778007867567,GET,18,2,chordKey_13_99,clients=50
1778007867568,GET,15,2,chordKey_25_98,clients=50
1778007867569,PUT,0,0,chordKey_25_99,clients=50
1778007867568,GET,16,2,chordKey_43_97,clients=50
1778007867569,GET,16,2,chordKey_45_98,clients=50
1778007867570,PUT,0,0,chordKey_43_98,clients=50
1778007867570,PUT_HOP,0,2,chordKey_45_98,
1778007867570,PUT,0,0,chordKey_45_99,clients=50
1778007867571,GET,17,2,chordKey_49_81,clients=50
1778007867572,PUT,0,0,chordKey_49_82,clients=50
1778007867575,PUT_HOP,0,2,chordKey_36_90,
1778007867576,PUT_HOP,0,2,chordKey_9_70,
1778007867576,PUT_HOP,0,2,chordKey_4_72,
1778007867578,PUT_HOP,0,2,chordKey_25_99,
1778007867579,GET,16,2,chordKey_9_70,clients=50
1778007867579,PUT_HOP,0,2,chordKey_45_99,
1778007867580,PUT,0,0,chordKey_9_71,clients=50
1778007867580,PUT_HOP,0,2,chordKey_43_98,
1778007867579,GET,9,2,chordKey_25_99,clients=50
1778007867581,GET,10,2,chordKey_43_98,clients=50
1778007867580,GET,21,2,chordKey_36_90,clients=50
1778007867580,GET,22,2,chordKey_4_72,clients=50
1778007867583,PUT,0,0,chordKey_36_91,clients=50
1778007867582,PUT,0,0,chordKey_43_99,clients=50
1778007867584,GET,13,2,chordKey_45_99,clients=50
1778007867584,PUT,0,0,chordKey_4_73,clients=50
1778007867590,PUT_HOP,0,2,chordKey_49_82,
1778007867591,GET,18,2,chordKey_49_82,clients=50
1778007867591,PUT,0,0,chordKey_49_83,clients=50
1778007867594,PUT_HOP,0,2,chordKey_9_71,
1778007867595,PUT_HOP,0,2,chordKey_43_99,
1778007867595,GET,15,2,chordKey_9_71,clients=50
1778007867596,PUT,0,0,chordKey_9_72,clients=50
1778007867597,GET,12,2,chordKey_43_99,clients=50
1778007867601,PUT_HOP,0,2,chordKey_4_73,
1778007867601,PUT_HOP,0,2,chordKey_36_91,
1778007867603,GET,17,2,chordKey_4_73,clients=50
1778007867604,PUT_HOP,0,2,chordKey_9_72,
1778007867604,PUT_HOP,0,2,chordKey_49_83,
1778007867604,GET,7,2,chordKey_9_72,clients=50
1778007867604,GET,20,2,chordKey_36_91,clients=50
1778007867605,PUT,0,0,chordKey_9_73,clients=50
1778007867604,PUT,0,0,chordKey_4_74,clients=50
1778007867605,PUT,0,0,chordKey_36_92,clients=50
1778007867607,GET,15,2,chordKey_49_83,clients=50
1778007867608,PUT,0,0,chordKey_49_84,clients=50
1778007867612,PUT_HOP,0,2,chordKey_9_73,
1778007867613,GET,8,2,chordKey_9_73,clients=50
1778007867614,PUT,0,0,chordKey_9_74,clients=50
1778007867615,PUT_HOP,0,2,chordKey_36_92,
1778007867618,PUT_HOP,0,2,chordKey_4_74,
1778007867620,GET,14,2,chordKey_36_92,clients=50
1778007867620,GET,14,2,chordKey_4_74,clients=50
1778007867621,PUT,0,0,chordKey_36_93,clients=50
1778007867622,PUT,0,0,chordKey_4_75,clients=50
1778007867624,PUT_HOP,0,2,chordKey_9_74,
1778007867624,PUT_HOP,0,2,chordKey_49_84,
1778007867625,GET,10,2,chordKey_9_74,clients=50
1778007867625,GET,16,2,chordKey_49_84,clients=50
1778007867625,PUT,0,0,chordKey_9_75,clients=50
1778007867626,PUT,0,0,chordKey_49_85,clients=50
1778007867632,PUT_HOP,0,2,chordKey_9_75,
1778007867632,PUT_HOP,0,2,chordKey_4_75,
1778007867634,PUT_HOP,0,2,chordKey_36_93,
1778007867634,GET,12,2,chordKey_36_93,clients=50
1778007867635,PUT,0,0,chordKey_36_94,clients=50
1778007867635,GET,9,2,chordKey_9_75,clients=50
1778007867636,PUT,0,0,chordKey_9_76,clients=50
1778007867636,GET,13,2,chordKey_4_75,clients=50
1778007867637,PUT_HOP,0,2,chordKey_49_85,
1778007867638,PUT,0,0,chordKey_4_76,clients=50
1778007867639,GET,13,2,chordKey_49_85,clients=50
1778007867640,PUT,0,0,chordKey_49_86,clients=50
1778007867642,PUT_HOP,0,2,chordKey_9_76,
1778007867645,GET,9,2,chordKey_9_76,clients=50
1778007867646,PUT,0,0,chordKey_9_77,clients=50
1778007867652,GET,17,2,chordKey_36_94,clients=50
1778007867653,PUT_HOP,0,2,chordKey_36_94,
1778007867653,GET,14,2,chordKey_4_76,clients=50
1778007867653,PUT,0,0,chordKey_36_95,clients=50
1778007867654,PUT_HOP,0,2,chordKey_4_76,
1778007867654,PUT,0,0,chordKey_4_77,clients=50
1778007867655,PUT_HOP,0,2,chordKey_49_86,
1778007867655,GET,15,2,chordKey_49_86,clients=50
1778007867656,PUT,0,0,chordKey_49_87,clients=50
1778007867660,PUT_HOP,0,2,chordKey_9_77,
1778007867662,GET,15,2,chordKey_9_77,clients=50
1778007867663,PUT,0,0,chordKey_9_78,clients=50
1778007867670,PUT_HOP,0,2,chordKey_36_95,
1778007867671,PUT_HOP,0,2,chordKey_4_77,
1778007867672,PUT_HOP,0,2,chordKey_9_78,
1778007867673,GET,18,2,chordKey_4_77,clients=50
1778007867673,GET,9,2,chordKey_9_78,clients=50
1778007867674,PUT_HOP,0,2,chordKey_49_87,
1778007867674,PUT,0,0,chordKey_4_78,clients=50
1778007867674,GET,19,2,chordKey_36_95,clients=50
1778007867675,GET,18,2,chordKey_49_87,clients=50
1778007867675,PUT,0,0,chordKey_36_96,clients=50
1778007867674,PUT,0,0,chordKey_9_79,clients=50
1778007867675,PUT,0,0,chordKey_49_88,clients=50
1778007867682,PUT_HOP,0,2,chordKey_9_79,
1778007867687,PUT_HOP,0,2,chordKey_36_96,
1778007867688,GET,11,2,chordKey_9_79,clients=50
1778007867688,PUT,0,0,chordKey_9_80,clients=50
1778007867688,PUT_HOP,0,2,chordKey_4_78,
1778007867689,GET,14,2,chordKey_4_78,clients=50
1778007867689,PUT_HOP,0,2,chordKey_49_88,
1778007867690,PUT,0,0,chordKey_4_79,clients=50
1778007867691,GET,15,2,chordKey_36_96,clients=50
1778007867692,PUT,0,0,chordKey_36_97,clients=50
1778007867693,GET,16,2,chordKey_49_88,clients=50
1778007867693,PUT,0,0,chordKey_49_89,clients=50
1778007867698,GET,9,2,chordKey_9_80,clients=50
1778007867699,PUT,0,0,chordKey_9_81,clients=50
1778007867699,PUT_HOP,0,2,chordKey_9_80,
1778007867703,PUT_HOP,0,2,chordKey_4_79,
1778007867704,GET,13,2,chordKey_4_79,clients=50
1778007867705,PUT,0,0,chordKey_4_80,clients=50
1778007867706,PUT_HOP,0,2,chordKey_36_97,
1778007867707,GET,14,2,chordKey_36_97,clients=50
1778007867707,PUT_HOP,0,2,chordKey_9_81,
1778007867708,GET,14,2,chordKey_49_89,clients=50
1778007867708,PUT,0,0,chordKey_36_98,clients=50
1778007867708,PUT,0,0,chordKey_49_90,clients=50
1778007867709,PUT_HOP,0,2,chordKey_49_89,
1778007867709,GET,10,2,chordKey_9_81,clients=50
1778007867713,PUT,0,0,chordKey_9_82,clients=50
1778007867714,PUT_HOP,0,2,chordKey_4_80,
1778007867715,GET,9,2,chordKey_4_80,clients=50
1778007867715,PUT,0,0,chordKey_4_81,clients=50
1778007867715,PUT_HOP,0,2,chordKey_49_90,
1778007867723,PUT_HOP,0,2,chordKey_9_82,
1778007867723,PUT_HOP,0,2,chordKey_36_98,
1778007867724,PUT_HOP,0,2,chordKey_4_81,
1778007867724,GET,15,2,chordKey_36_98,clients=50
1778007867724,GET,12,2,chordKey_49_90,clients=50
1778007867725,GET,9,2,chordKey_4_81,clients=50
1778007867725,PUT,0,0,chordKey_49_91,clients=50
1778007867725,PUT,0,0,chordKey_36_99,clients=50
1778007867726,PUT,0,0,chordKey_4_82,clients=50
1778007867725,GET,11,2,chordKey_9_82,clients=50
1778007867727,PUT,0,0,chordKey_9_83,clients=50
1778007867732,PUT_HOP,0,2,chordKey_49_91,
1778007867733,PUT_HOP,0,2,chordKey_4_82,
1778007867734,PUT_HOP,0,2,chordKey_9_83,
1778007867735,GET,7,2,chordKey_9_83,clients=50
1778007867735,PUT,0,0,chordKey_9_84,clients=50
1778007867737,PUT_HOP,0,2,chordKey_36_99,
1778007867738,GET,11,2,chordKey_4_82,clients=50
1778007867738,GET,12,2,chordKey_49_91,clients=50
1778007867739,PUT,0,0,chordKey_4_83,clients=50
1778007867740,PUT,0,0,chordKey_49_92,clients=50
1778007867739,GET,12,2,chordKey_36_99,clients=50
1778007867740,PUT_HOP,0,2,chordKey_9_84,
1778007867742,GET,5,2,chordKey_9_84,clients=50
1778007867742,PUT,0,0,chordKey_9_85,clients=50
1778007867748,PUT_HOP,0,2,chordKey_4_83,
1778007867748,PUT_HOP,0,2,chordKey_49_92,
1778007867750,GET,9,2,chordKey_49_92,clients=50
1778007867750,GET,10,2,chordKey_4_83,clients=50
1778007867751,PUT,0,0,chordKey_49_93,clients=50
1778007867751,PUT,0,0,chordKey_4_84,clients=50
1778007867756,PUT_HOP,0,2,chordKey_9_85,
1778007867757,GET,14,2,chordKey_9_85,clients=50
1778007867758,PUT,0,0,chordKey_9_86,clients=50
1778007867760,PUT_HOP,0,2,chordKey_49_93,
1778007867761,PUT_HOP,0,2,chordKey_4_84,
1778007867762,GET,11,2,chordKey_49_93,clients=50
1778007867763,PUT,0,0,chordKey_49_94,clients=50
1778007867763,GET,11,2,chordKey_4_84,clients=50
1778007867765,PUT,0,0,chordKey_4_85,clients=50
1778007867770,PUT_HOP,0,2,chordKey_9_86,
1778007867771,PUT_HOP,0,2,chordKey_49_94,
1778007867775,PUT_HOP,0,2,chordKey_4_85,
1778007867776,GET,11,2,chordKey_4_85,clients=50
1778007867776,GET,18,2,chordKey_9_86,clients=50
1778007867778,GET,14,2,chordKey_49_94,clients=50
1778007867777,PUT,0,0,chordKey_4_86,clients=50
1778007867779,PUT,0,0,chordKey_49_95,clients=50
1778007867779,PUT,0,0,chordKey_9_87,clients=50
1778007867788,PUT_HOP,0,2,chordKey_4_86,
1778007867789,PUT_HOP,0,2,chordKey_49_95,
1778007867793,GET,13,2,chordKey_4_86,clients=50
1778007867794,PUT,0,0,chordKey_4_87,clients=50
1778007867796,GET,14,2,chordKey_49_95,clients=50
1778007867796,PUT,0,0,chordKey_49_96,clients=50
1778007867798,PUT_HOP,0,2,chordKey_9_87,
1778007867801,PUT_HOP,0,2,chordKey_4_87,
1778007867801,GET,19,2,chordKey_9_87,clients=50
1778007867802,PUT,0,0,chordKey_9_88,clients=50
1778007867802,GET,7,2,chordKey_4_87,clients=50
1778007867803,PUT,0,0,chordKey_4_88,clients=50
1778007867804,PUT_HOP,0,2,chordKey_49_96,
1778007867805,GET,8,2,chordKey_49_96,clients=50
1778007867806,PUT,0,0,chordKey_49_97,clients=50
1778007867810,PUT_HOP,0,2,chordKey_4_88,
1778007867811,GET,7,2,chordKey_4_88,clients=50
1778007867812,PUT,0,0,chordKey_4_89,clients=50
1778007867813,PUT_HOP,0,2,chordKey_9_88,
1778007867813,PUT_HOP,0,2,chordKey_49_97,
1778007867815,GET,8,2,chordKey_49_97,clients=50
1778007867815,GET,12,2,chordKey_9_88,clients=50
1778007867815,PUT,0,0,chordKey_49_98,clients=50
1778007867815,PUT,0,0,chordKey_9_89,clients=50
1778007867822,GET,8,2,chordKey_4_89,clients=50
1778007867823,PUT_HOP,0,2,chordKey_4_89,
1778007867823,PUT,0,0,chordKey_4_90,clients=50
1778007867825,PUT_HOP,0,2,chordKey_49_98,
1778007867827,GET,11,2,chordKey_49_98,clients=50
1778007867828,PUT,0,0,chordKey_49_99,clients=50
1778007867828,PUT_HOP,0,2,chordKey_4_90,
1778007867830,PUT_HOP,0,2,chordKey_9_89,
1778007867830,GET,6,2,chordKey_4_90,clients=50
1778007867831,GET,14,2,chordKey_9_89,clients=50
1778007867831,PUT,0,0,chordKey_4_91,clients=50
1778007867831,PUT,0,0,chordKey_9_90,clients=50
1778007867833,PUT_HOP,0,2,chordKey_9_90,
1778007867835,PUT_HOP,0,2,chordKey_49_99,
1778007867836,GET,3,2,chordKey_9_90,clients=50
1778007867836,PUT,0,0,chordKey_9_91,clients=50
1778007867837,GET,8,2,chordKey_49_99,clients=50
1778007867842,PUT_HOP,0,2,chordKey_4_91,
1778007867843,PUT_HOP,0,2,chordKey_9_91,
1778007867843,GET,11,2,chordKey_4_91,clients=50
1778007867844,GET,6,2,chordKey_9_91,clients=50
1778007867844,PUT,0,0,chordKey_4_92,clients=50
1778007867844,PUT,0,0,chordKey_9_92,clients=50
1778007867851,PUT_HOP,0,2,chordKey_9_92,
1778007867853,GET,8,2,chordKey_9_92,clients=50
1778007867854,PUT,0,0,chordKey_9_93,clients=50
1778007867856,PUT_HOP,0,2,chordKey_4_92,
1778007867858,GET,13,2,chordKey_4_92,clients=50
1778007867858,PUT,0,0,chordKey_4_93,clients=50
1778007867861,PUT_HOP,0,2,chordKey_9_93,
1778007867862,GET,7,2,chordKey_9_93,clients=50
1778007867862,PUT,0,0,chordKey_9_94,clients=50
1778007867869,PUT_HOP,0,2,chordKey_4_93,
1778007867869,GET,10,2,chordKey_4_93,clients=50
1778007867870,PUT_HOP,0,2,chordKey_9_94,
1778007867870,PUT,0,0,chordKey_4_94,clients=50
1778007867870,GET,7,2,chordKey_9_94,clients=50
1778007867871,PUT,0,0,chordKey_9_95,clients=50
1778007867877,PUT_HOP,0,2,chordKey_9_95,
1778007867878,GET,6,2,chordKey_9_95,clients=50
1778007867879,PUT,0,0,chordKey_9_96,clients=50
1778007867880,PUT_HOP,0,2,chordKey_4_94,
1778007867881,GET,10,2,chordKey_4_94,clients=50
1778007867881,PUT,0,0,chordKey_4_95,clients=50
1778007867886,PUT_HOP,0,2,chordKey_9_96,
1778007867889,GET,9,2,chordKey_9_96,clients=50
1778007867889,PUT,0,0,chordKey_9_97,clients=50
1778007867893,PUT_HOP,0,2,chordKey_4_95,
1778007867893,GET,11,2,chordKey_4_95,clients=50
1778007867894,PUT,0,0,chordKey_4_96,clients=50
1778007867896,PUT_HOP,0,2,chordKey_9_97,
1778007867896,GET,6,2,chordKey_9_97,clients=50
1778007867897,PUT,0,0,chordKey_9_98,clients=50
1778007867904,PUT_HOP,0,2,chordKey_4_96,
1778007867904,PUT_HOP,0,2,chordKey_9_98,
1778007867905,GET,10,2,chordKey_4_96,clients=50
1778007867905,GET,7,2,chordKey_9_98,clients=50
1778007867906,PUT,0,0,chordKey_4_97,clients=50
1778007867906,PUT,0,0,chordKey_9_99,clients=50
1778007867912,PUT_HOP,0,2,chordKey_9_99,
1778007867914,GET,7,2,chordKey_9_99,clients=50
1778007867916,PUT_HOP,0,2,chordKey_4_97,
1778007867918,GET,11,2,chordKey_4_97,clients=50
1778007867918,PUT,0,0,chordKey_4_98,clients=50
1778007867930,PUT_HOP,0,2,chordKey_4_98,
1778007867930,GET,11,2,chordKey_4_98,clients=50
1778007867931,PUT,0,0,chordKey_4_99,clients=50
1778007867942,PUT_HOP,0,2,chordKey_4_99,
1778007867942,GET,11,2,chordKey_4_99,clients=50
1778007873165,DATA_SKEW_BEFORE,0,0,,node=42;keys_count=40;active_nodes=15
1778007873180,DATA_SKEW_BEFORE,0,0,,node=41;keys_count=49;active_nodes=15
1778007873182,DATA_SKEW_BEFORE,0,0,,node=40;keys_count=59;active_nodes=15
1778007873182,DATA_SKEW_BEFORE,0,0,,node=39;keys_count=74;active_nodes=15
1778007873183,DATA_SKEW_BEFORE,0,0,,node=38;keys_count=90;active_nodes=15
1778007873185,DATA_SKEW_BEFORE,0,0,,node=37;keys_count=103;active_nodes=15
1778007873193,DATA_SKEW_BEFORE,0,0,,node=36;keys_count=121;active_nodes=15
1778007873193,DATA_SKEW_BEFORE,0,0,,node=35;keys_count=129;active_nodes=15
1778007873195,DATA_SKEW_BEFORE,0,0,,node=34;keys_count=1758;active_nodes=15
1778007873199,DATA_SKEW_BEFORE,0,0,,node=12;keys_count=36;active_nodes=15
1778007873202,DATA_SKEW_BEFORE,0,0,,node=11;keys_count=41;active_nodes=15
1778007873208,DATA_SKEW_BEFORE,0,0,,node=10;keys_count=46;active_nodes=15
1778007873212,DATA_SKEW_BEFORE,0,0,,node=8;keys_count=157;active_nodes=15
1778007873213,DATA_SKEW_BEFORE,0,0,,node=9;keys_count=54;active_nodes=15
1778007873215,DATA_SKEW_BEFORE,0,0,,node=7;keys_count=2230;active_nodes=15
1778007905429,DATA_SKEW_AFTER,0,0,,node=42;keys_count=40;active_nodes=14
1778007905445,DATA_SKEW_AFTER,0,0,,node=41;keys_count=49;active_nodes=14
1778007905446,DATA_SKEW_AFTER,0,0,,node=40;keys_count=59;active_nodes=14
1778007905448,DATA_SKEW_AFTER,0,0,,node=39;keys_count=74;active_nodes=14
1778007905451,DATA_SKEW_AFTER,0,0,,node=38;keys_count=90;active_nodes=14
1778007905453,DATA_SKEW_AFTER,0,0,,node=37;keys_count=103;active_nodes=14
1778007905454,DATA_SKEW_AFTER,0,0,,node=36;keys_count=121;active_nodes=14
1778007905455,DATA_SKEW_AFTER,0,0,,node=35;keys_count=129;active_nodes=14
1778007905457,DATA_SKEW_AFTER,0,0,,node=34;keys_count=1758;active_nodes=14
1778007905459,DATA_SKEW_AFTER,0,0,,node=12;keys_count=36;active_nodes=14
1778007905461,DATA_SKEW_AFTER,0,0,,node=11;keys_count=41;active_nodes=14
1778007905462,DATA_SKEW_AFTER,0,0,,node=10;keys_count=46;active_nodes=14
1778007905465,DATA_SKEW_AFTER,0,0,,node=9;keys_count=54;active_nodes=14
1778007905467,DATA_SKEW_AFTER,0,0,,node=8;keys_count=2387;active_nodes=14
