timestamp_ms,operation,latency_ms,hop_count,key,extra
1778007303685,PUT,150,0,chordKey_31_0,clients=50
1778007303688,PUT,147,0,chordKey_46_0,clients=50
1778007303688,PUT,153,0,chordKey_0_0,clients=50
1778007303689,PUT,158,0,chordKey_49_0,clients=50
1778007303687,PUT,155,0,chordKey_44_0,clients=50
1778007303687,PUT,154,0,chordKey_25_0,clients=50
1778007303686,PUT,148,0,chordKey_37_0,clients=50
1778007303686,PUT,146,0,chordKey_42_0,clients=50
1778007303686,PUT,147,0,chordKey_35_0,clients=50
1778007303686,PUT,149,0,chordKey_8_0,clients=50
1778007303686,PUT,146,0,chordKey_48_0,clients=50
1778007303686,PUT,149,0,chordKey_24_0,clients=50
1778007303686,PUT,148,0,chordKey_22_0,clients=50
1778007303686,PUT,149,0,chordKey_39_0,clients=50
1778007303686,PUT,147,0,chordKey_2_0,clients=50
1778007303686,PUT,148,0,chordKey_21_0,clients=50
1778007303686,PUT,146,0,chordKey_11_0,clients=50
1778007303686,PUT,149,0,chordKey_36_0,clients=50
1778007303686,PUT,144,0,chordKey_23_0,clients=50
1778007303686,PUT,150,0,chordKey_6_0,clients=50
1778007303686,PUT,148,0,chordKey_45_0,clients=50
1778007303686,PUT,147,0,chordKey_12_0,clients=50
1778007303686,PUT,144,0,chordKey_16_0,clients=50
1778007303686,PUT,149,0,chordKey_29_0,clients=50
1778007303686,PUT,146,0,chordKey_13_0,clients=50
1778007303686,PUT,146,0,chordKey_33_0,clients=50
1778007303686,PUT,148,0,chordKey_32_0,clients=50
1778007303685,PUT,149,0,chordKey_30_0,clients=50
1778007303685,PUT,149,0,chordKey_17_0,clients=50
1778007303685,PUT,147,0,chordKey_10_0,clients=50
1778007303685,PUT,145,0,chordKey_18_0,clients=50
1778007303685,PUT,144,0,chordKey_5_0,clients=50
1778007303685,PUT,149,0,chordKey_20_0,clients=50
1778007303685,PUT,149,0,chordKey_4_0,clients=50
1778007303740,GET,0,0,chordKey_20_0,clients=50
1778007303692,PUT,159,0,chordKey_14_0,clients=50
1778007303692,PUT,158,0,chordKey_34_0,clients=50
1778007303692,PUT,160,0,chordKey_3_0,clients=50
1778007303691,PUT,157,0,chordKey_38_0,clients=50
1778007303691,PUT,156,0,chordKey_41_0,clients=50
1778007303689,PUT,155,0,chordKey_7_0,clients=50
1778007303689,PUT,157,0,chordKey_47_0,clients=50
1778007303689,PUT,155,0,chordKey_19_0,clients=50
1778007303689,PUT,156,0,chordKey_27_0,clients=50
1778007303689,PUT,156,0,chordKey_28_0,clients=50
1778007303689,PUT,157,0,chordKey_9_0,clients=50
1778007303689,PUT,155,0,chordKey_26_0,clients=50
1778007303689,PUT,155,0,chordKey_40_0,clients=50
1778007303689,PUT,154,0,chordKey_15_0,clients=50
1778007303688,PUT,154,0,chordKey_1_0,clients=50
1778007303688,PUT,151,0,chordKey_43_0,clients=50
1778007303742,PUT,0,0,chordKey_20_1,clients=50
1778007303755,GET,0,0,chordKey_20_1,clients=50
1778007303756,PUT,0,0,chordKey_20_2,clients=50
1778007303757,GET,0,0,chordKey_20_2,clients=50
1778007303758,PUT,0,0,chordKey_20_3,clients=50
1778007303760,GET,0,0,chordKey_20_3,clients=50
1778007303764,PUT,0,0,chordKey_20_4,clients=50
1778007303766,GET,0,0,chordKey_20_4,clients=50
1778007303768,PUT,1,0,chordKey_20_5,clients=50
1778007303769,GET,0,0,chordKey_20_5,clients=50
1778007303770,PUT,0,0,chordKey_20_6,clients=50
1778007303771,GET,0,0,chordKey_20_6,clients=50
1778007303772,PUT,0,0,chordKey_20_7,clients=50
1778007303775,GET,0,0,chordKey_20_7,clients=50
1778007303776,PUT,0,0,chordKey_20_8,clients=50
1778007303777,GET,0,0,chordKey_20_8,clients=50
1778007303778,PUT,0,0,chordKey_20_9,clients=50
1778007303779,GET,0,0,chordKey_20_9,clients=50
1778007303780,PUT,0,0,chordKey_20_10,clients=50
1778007303780,GET,0,0,chordKey_20_10,clients=50
1778007303787,PUT,5,0,chordKey_20_11,clients=50
1778007303788,GET,0,0,chordKey_20_11,clients=50
1778007303789,PUT,0,0,chordKey_20_12,clients=50
1778007303790,GET,0,0,chordKey_20_12,clients=50
1778007303791,PUT,0,0,chordKey_20_13,clients=50
1778007303791,GET,0,0,chordKey_20_13,clients=50
1778007303792,PUT,0,0,chordKey_20_14,clients=50
1778007303793,GET,0,0,chordKey_20_14,clients=50
1778007303794,PUT,1,0,chordKey_20_15,clients=50
1778007303795,GET,0,0,chordKey_20_15,clients=50
1778007303797,PUT,0,0,chordKey_20_16,clients=50
1778007303797,GET,0,0,chordKey_20_16,clients=50
1778007303800,PUT,0,0,chordKey_20_17,clients=50
1778007303801,GET,0,0,chordKey_20_17,clients=50
1778007303803,PUT,1,0,chordKey_20_18,clients=50
1778007303805,GET,0,0,chordKey_20_18,clients=50
1778007303807,PUT,1,0,chordKey_20_19,clients=50
1778007303808,GET,0,0,chordKey_20_19,clients=50
1778007303809,PUT,0,0,chordKey_20_20,clients=50
1778007303810,GET,0,0,chordKey_20_20,clients=50
1778007303775,PUT_HOP,0,2,chordKey_29_0,
1778007303811,PUT,0,0,chordKey_20_21,clients=50
1778007303807,PUT_HOP,0,2,chordKey_33_0,
1778007303807,PUT_HOP,0,2,chordKey_20_0,
1778007303812,GET,0,0,chordKey_20_21,clients=50
1778007303804,PUT_HOP,0,2,chordKey_10_0,
1778007303804,PUT_HOP,0,2,chordKey_30_0,
1778007303791,PUT_HOP,0,2,chordKey_6_0,
1778007303815,PUT,2,0,chordKey_20_22,clients=50
1778007303818,GET,1,0,chordKey_20_22,clients=50
1778007303821,PUT,2,0,chordKey_20_23,clients=50
1778007303823,GET,0,0,chordKey_20_23,clients=50
1778007303825,PUT,1,0,chordKey_20_24,clients=50
1778007303827,GET,0,0,chordKey_20_24,clients=50
1778007303833,PUT,0,0,chordKey_20_25,clients=50
1778007303835,GET,0,0,chordKey_20_25,clients=50
1778007303836,PUT,0,0,chordKey_20_26,clients=50
1778007303837,GET,0,0,chordKey_20_26,clients=50
1778007303839,PUT,1,0,chordKey_20_27,clients=50
1778007303841,GET,0,0,chordKey_20_27,clients=50
1778007303841,PUT_HOP,0,2,chordKey_0_0,
1778007303842,PUT,0,0,chordKey_20_28,clients=50
1778007303842,GET,0,0,chordKey_20_28,clients=50
1778007303843,PUT_HOP,0,2,chordKey_17_0,
1778007303844,PUT,0,0,chordKey_20_29,clients=50
1778007303844,GET,0,0,chordKey_20_29,clients=50
1778007303845,PUT_HOP,0,2,chordKey_43_0,
1778007303847,PUT,1,0,chordKey_20_30,clients=50
1778007303848,GET,0,0,chordKey_20_30,clients=50
1778007303848,PUT_HOP,0,2,chordKey_7_0,
1778007303849,PUT,0,0,chordKey_20_31,clients=50
1778007303850,GET,0,0,chordKey_20_31,clients=50
1778007303851,PUT_HOP,0,2,chordKey_47_0,
1778007303852,PUT_HOP,0,2,chordKey_39_0,
1778007303852,PUT,0,0,chordKey_20_32,clients=50
1778007303855,GET,0,0,chordKey_20_32,clients=50
1778007303856,PUT,0,0,chordKey_20_33,clients=50
1778007303857,PUT_HOP,0,2,chordKey_13_0,
1778007303857,GET,0,0,chordKey_20_33,clients=50
1778007303858,PUT,0,0,chordKey_20_34,clients=50
1778007303865,PUT_HOP,0,2,chordKey_36_0,
1778007303866,PUT_HOP,0,2,chordKey_35_0,
1778007303865,PUT_HOP,0,2,chordKey_37_0,
1778007303865,PUT_HOP,0,2,chordKey_40_0,
1778007303867,PUT_HOP,0,2,chordKey_20_12,
1778007303867,GET,0,0,chordKey_20_34,clients=50
1778007303866,PUT_HOP,0,2,chordKey_34_0,
1778007303869,PUT,0,0,chordKey_20_35,clients=50
1778007303870,GET,0,0,chordKey_20_35,clients=50
1778007303871,PUT,0,0,chordKey_20_36,clients=50
1778007303872,GET,0,0,chordKey_20_36,clients=50
1778007303824,PUT_HOP,0,1,chordKey_20_16,
1778007303873,PUT,0,0,chordKey_20_37,clients=50
1778007303874,GET,0,0,chordKey_20_37,clients=50
1778007303875,PUT,0,0,chordKey_20_38,clients=50
1778007303869,PUT_HOP,0,2,chordKey_48_0,
1778007303876,GET,0,0,chordKey_20_38,clients=50
1778007303877,PUT,0,0,chordKey_20_39,clients=50
1778007303878,GET,0,0,chordKey_20_39,clients=50
1778007303879,PUT_HOP,0,2,chordKey_38_0,
1778007303880,PUT,0,0,chordKey_20_40,clients=50
1778007303880,PUT_HOP,0,2,chordKey_14_0,
1778007303880,PUT_HOP,0,2,chordKey_42_0,
1778007303881,GET,0,0,chordKey_20_40,clients=50
1778007303882,PUT_HOP,0,2,chordKey_16_0,
1778007303882,PUT_HOP,0,2,chordKey_24_0,
1778007303883,PUT,0,0,chordKey_20_41,clients=50
1778007303884,GET,0,0,chordKey_20_41,clients=50
1778007303885,PUT,0,0,chordKey_20_42,clients=50
1778007303885,GET,0,0,chordKey_20_42,clients=50
1778007303887,PUT,0,0,chordKey_20_43,clients=50
1778007303888,GET,0,0,chordKey_20_43,clients=50
1778007303889,PUT_HOP,0,1,chordKey_20_38,
1778007303889,PUT,0,0,chordKey_20_44,clients=50
1778007303890,GET,0,0,chordKey_20_44,clients=50
1778007303891,PUT,0,0,chordKey_20_45,clients=50
1778007303892,GET,0,0,chordKey_20_45,clients=50
1778007303893,PUT,0,0,chordKey_20_46,clients=50
1778007303893,GET,0,0,chordKey_20_46,clients=50
1778007303894,PUT,0,0,chordKey_20_47,clients=50
1778007303895,GET,0,0,chordKey_20_47,clients=50
1778007303895,PUT_HOP,0,2,chordKey_12_0,
1778007303896,PUT_HOP,0,2,chordKey_45_0,
1778007303897,PUT,1,0,chordKey_20_48,clients=50
1778007303897,PUT_HOP,0,2,chordKey_1_0,
1778007303898,GET,0,0,chordKey_20_48,clients=50
1778007303897,PUT_HOP,0,2,chordKey_8_0,
1778007303899,PUT_HOP,0,2,chordKey_31_0,
1778007303900,PUT,0,0,chordKey_20_49,clients=50
1778007303902,PUT_HOP,0,2,chordKey_32_0,
1778007303903,GET,214,2,chordKey_46_0,clients=50
1778007303902,GET,209,2,chordKey_49_0,clients=50
1778007303904,GET,0,0,chordKey_20_49,clients=50
1778007303905,PUT,0,0,chordKey_49_1,clients=50
1778007303906,PUT_HOP,0,2,chordKey_11_0,
1778007303907,PUT_HOP,0,2,chordKey_2_0,
1778007303908,PUT,3,0,chordKey_46_1,clients=50
1778007303907,PUT_HOP,0,2,chordKey_49_0,
1778007303909,PUT,3,0,chordKey_20_50,clients=50
1778007303910,GET,0,0,chordKey_20_50,clients=50
1778007303911,PUT,0,0,chordKey_20_51,clients=50
1778007303911,GET,0,0,chordKey_20_51,clients=50
1778007303911,PUT_HOP,0,2,chordKey_4_0,
1778007303912,PUT,0,0,chordKey_20_52,clients=50
1778007303913,PUT_HOP,0,2,chordKey_25_0,
1778007303913,GET,0,0,chordKey_20_52,clients=50
1778007303914,GET,218,2,chordKey_35_0,clients=50
1778007303914,PUT,0,0,chordKey_20_53,clients=50
1778007303915,PUT_HOP,0,2,chordKey_5_0,
1778007303916,GET,0,0,chordKey_20_53,clients=50
1778007303917,GET,224,2,chordKey_44_0,clients=50
1778007303915,PUT,0,0,chordKey_35_1,clients=50
1778007303919,PUT,2,0,chordKey_20_54,clients=50
1778007303920,PUT,2,0,chordKey_44_1,clients=50
1778007303920,GET,0,0,chordKey_20_54,clients=50
1778007303921,GET,225,2,chordKey_42_0,clients=50
1778007303922,PUT,0,0,chordKey_20_55,clients=50
1778007303922,PUT,0,0,chordKey_42_1,clients=50
1778007303922,GET,0,0,chordKey_20_55,clients=50
1778007303924,PUT,0,0,chordKey_20_56,clients=50
1778007303926,GET,219,2,chordKey_24_0,clients=50
1778007303927,PUT,0,0,chordKey_24_1,clients=50
1778007303926,GET,1,0,chordKey_20_56,clients=50
1778007303929,PUT_HOP,0,2,chordKey_20_34,
1778007303930,GET,217,2,chordKey_36_0,clients=50
1778007303932,GET,217,2,chordKey_6_0,clients=50
1778007303933,PUT,0,0,chordKey_36_1,clients=50
1778007303936,GET,198,2,chordKey_5_0,clients=50
1778007303940,GET,194,2,chordKey_38_0,clients=50
1778007303941,PUT,0,0,chordKey_38_1,clients=50
1778007303940,PUT_HOP,0,2,chordKey_20_3,
1778007303932,GET,218,2,chordKey_23_0,clients=50
1778007303931,PUT,1,0,chordKey_20_57,clients=50
1778007303948,GET,0,0,chordKey_20_57,clients=50
1778007303946,PUT,0,0,chordKey_23_1,clients=50
1778007303893,PUT_HOP,0,2,chordKey_20_13,
1778007303941,PUT,1,0,chordKey_5_1,clients=50
1778007303940,GET,223,2,chordKey_29_0,clients=50
1778007303954,PUT,0,0,chordKey_29_1,clients=50
1778007303938,GET,195,2,chordKey_34_0,clients=50
1778007303957,PUT,0,0,chordKey_34_1,clients=50
1778007303938,GET,221,2,chordKey_16_0,clients=50
1778007303938,GET,191,2,chordKey_41_0,clients=50
1778007303937,GET,188,2,chordKey_27_0,clients=50
1778007303933,PUT,0,0,chordKey_6_1,clients=50
1778007303961,PUT_HOP,0,2,chordKey_20_11,
1778007303960,PUT,0,0,chordKey_41_1,clients=50
1778007303965,PUT_HOP,0,2,chordKey_20_17,
1778007303959,PUT,0,0,chordKey_16_1,clients=50
1778007303967,PUT_HOP,0,2,chordKey_20_19,
1778007303958,GET,242,2,chordKey_45_0,clients=50
1778007303973,PUT,0,0,chordKey_45_1,clients=50
1778007303965,PUT_HOP,0,2,chordKey_20_20,
1778007303955,GET,234,2,chordKey_32_0,clients=50
1778007303972,PUT_HOP,0,2,chordKey_20_21,
1778007303976,PUT,0,0,chordKey_32_1,clients=50
1778007303952,PUT,2,0,chordKey_20_58,clients=50
1778007303964,PUT,3,0,chordKey_27_1,clients=50
1778007303978,PUT_HOP,0,2,chordKey_20_18,
1778007303979,GET,0,0,chordKey_20_58,clients=50
1778007303979,PUT_HOP,0,2,chordKey_20_22,
1778007303979,PUT_HOP,0,2,chordKey_20_23,
1778007303983,PUT,2,0,chordKey_20_59,clients=50
1778007303983,PUT_HOP,0,2,chordKey_20_35,
1778007303985,GET,0,0,chordKey_20_59,clients=50
1778007303988,PUT,1,0,chordKey_20_60,clients=50
1778007303989,GET,0,0,chordKey_20_60,clients=50
1778007303993,PUT,1,0,chordKey_20_61,clients=50
1778007303993,PUT_HOP,0,2,chordKey_20_24,
1778007303994,GET,0,0,chordKey_20_61,clients=50
1778007303997,PUT,2,0,chordKey_20_62,clients=50
1778007304002,GET,1,0,chordKey_20_62,clients=50
1778007304003,PUT_HOP,0,2,chordKey_20_27,
1778007304006,PUT_HOP,0,2,chordKey_20_25,
1778007304008,PUT_HOP,0,2,chordKey_20_26,
1778007304009,PUT_HOP,0,2,chordKey_20_28,
1778007304011,PUT_HOP,0,2,chordKey_20_29,
1778007304012,PUT,4,0,chordKey_20_63,clients=50
1778007304015,GET,2,0,chordKey_20_63,clients=50
1778007304018,PUT,0,0,chordKey_20_64,clients=50
1778007304019,GET,0,0,chordKey_20_64,clients=50
1778007304023,PUT,0,0,chordKey_20_65,clients=50
1778007304027,GET,1,0,chordKey_20_65,clients=50
1778007304028,PUT_HOP,0,2,chordKey_20_30,
1778007304030,PUT,0,0,chordKey_20_66,clients=50
1778007304032,GET,0,0,chordKey_20_66,clients=50
1778007304033,PUT,0,0,chordKey_20_67,clients=50
1778007304034,PUT_HOP,0,2,chordKey_20_32,
1778007304035,GET,0,0,chordKey_20_67,clients=50
1778007304036,PUT,0,0,chordKey_20_68,clients=50
1778007304037,GET,0,0,chordKey_20_68,clients=50
1778007304034,PUT_HOP,0,2,chordKey_20_56,
1778007304040,PUT,0,0,chordKey_20_69,clients=50
1778007304038,PUT_HOP,0,2,chordKey_20_31,
1778007304041,GET,0,0,chordKey_20_69,clients=50
1778007304042,PUT_HOP,0,2,chordKey_20_33,
1778007304042,PUT,0,0,chordKey_20_70,clients=50
1778007304043,GET,0,0,chordKey_20_70,clients=50
1778007304044,PUT,0,0,chordKey_20_71,clients=50
1778007304045,GET,0,0,chordKey_20_71,clients=50
1778007304045,PUT,0,0,chordKey_20_72,clients=50
1778007304046,GET,0,0,chordKey_20_72,clients=50
1778007303997,PUT_HOP,0,2,chordKey_20_15,
1778007304048,PUT,0,0,chordKey_20_73,clients=50
1778007304048,GET,0,0,chordKey_20_73,clients=50
1778007304049,PUT,0,0,chordKey_20_74,clients=50
1778007304049,GET,0,0,chordKey_20_74,clients=50
1778007304050,PUT,0,0,chordKey_20_75,clients=50
1778007304051,GET,0,0,chordKey_20_75,clients=50
1778007304052,PUT,0,0,chordKey_20_76,clients=50
1778007304053,GET,0,0,chordKey_20_76,clients=50
1778007304054,PUT_HOP,0,2,chordKey_20_43,
1778007304055,PUT,0,0,chordKey_20_77,clients=50
1778007304054,PUT_HOP,0,2,chordKey_20_41,
1778007304055,GET,0,0,chordKey_20_77,clients=50
1778007304057,PUT,0,0,chordKey_20_78,clients=50
1778007304057,GET,0,0,chordKey_20_78,clients=50
1778007304059,PUT,1,0,chordKey_20_79,clients=50
1778007304060,GET,0,0,chordKey_20_79,clients=50
1778007304061,PUT,0,0,chordKey_20_80,clients=50
1778007304061,GET,0,0,chordKey_20_80,clients=50
1778007304063,PUT,0,0,chordKey_20_81,clients=50
1778007304063,PUT_HOP,0,2,chordKey_20_40,
1778007304063,GET,0,0,chordKey_20_81,clients=50
1778007304064,PUT_HOP,0,2,chordKey_20_44,
1778007304064,PUT,0,0,chordKey_20_82,clients=50
1778007304063,PUT_HOP,0,2,chordKey_20_39,
1778007304065,GET,0,0,chordKey_20_82,clients=50
1778007304064,PUT_HOP,0,2,chordKey_20_46,
1778007304066,PUT,0,0,chordKey_20_83,clients=50
1778007304066,GET,0,0,chordKey_20_83,clients=50
1778007304067,PUT_HOP,0,2,chordKey_20_45,
1778007304068,PUT,0,0,chordKey_20_84,clients=50
1778007304069,GET,0,0,chordKey_20_84,clients=50
1778007304069,PUT_HOP,0,2,chordKey_20_37,
1778007304070,PUT,0,0,chordKey_20_85,clients=50
1778007304071,GET,0,0,chordKey_20_85,clients=50
1778007304072,PUT,0,0,chordKey_20_86,clients=50
1778007304072,GET,0,0,chordKey_20_86,clients=50
1778007304073,PUT_HOP,0,2,chordKey_20_48,
1778007304073,PUT,0,0,chordKey_20_87,clients=50
1778007304028,PUT_HOP,0,2,chordKey_20_14,
1778007304074,GET,0,0,chordKey_20_87,clients=50
1778007304074,PUT_HOP,0,2,chordKey_20_42,
1778007304070,PUT_HOP,0,2,chordKey_20_36,
1778007304075,PUT,0,0,chordKey_20_88,clients=50
1778007304075,PUT_HOP,0,2,chordKey_20_47,
1778007304076,GET,0,0,chordKey_20_88,clients=50
1778007304076,PUT_HOP,0,2,chordKey_49_1,
1778007304077,PUT,0,0,chordKey_20_89,clients=50
1778007304077,GET,0,0,chordKey_20_89,clients=50
1778007304077,PUT_HOP,0,2,chordKey_20_57,
1778007304078,PUT,0,0,chordKey_20_90,clients=50
1778007304079,GET,0,0,chordKey_20_90,clients=50
1778007304080,PUT,0,0,chordKey_20_91,clients=50
1778007304081,GET,0,0,chordKey_20_91,clients=50
1778007304081,PUT_HOP,0,2,chordKey_20_49,
1778007304081,PUT_HOP,0,2,chordKey_46_1,
1778007304082,PUT_HOP,0,2,chordKey_20_54,
1778007304082,PUT,1,0,chordKey_20_92,clients=50
1778007304082,PUT_HOP,0,2,chordKey_20_52,
1778007304083,GET,0,0,chordKey_20_92,clients=50
1778007304083,PUT_HOP,0,2,chordKey_20_53,
1778007304083,PUT_HOP,0,2,chordKey_20_50,
1778007304085,PUT,1,0,chordKey_20_93,clients=50
1778007304085,GET,178,2,chordKey_49_1,clients=50
1778007304085,PUT_HOP,0,2,chordKey_35_1,
1778007304086,GET,177,2,chordKey_46_1,clients=50
1778007304086,PUT_HOP,0,2,chordKey_44_1,
1778007304085,GET,0,0,chordKey_20_93,clients=50
1778007304087,PUT,0,0,chordKey_46_2,clients=50
1778007304088,PUT_HOP,0,2,chordKey_20_51,
1778007304087,PUT,0,0,chordKey_49_2,clients=50
1778007304089,GET,170,2,chordKey_35_1,clients=50
1778007304090,PUT,0,0,chordKey_35_2,clients=50
1778007304090,PUT_HOP,0,2,chordKey_42_1,
1778007304091,GET,170,2,chordKey_44_1,clients=50
1778007304092,PUT_HOP,0,2,chordKey_20_55,
1778007304093,PUT,0,0,chordKey_44_2,clients=50
1778007304094,PUT_HOP,0,2,chordKey_24_1,
1778007304095,PUT_HOP,0,2,chordKey_36_1,
1778007304096,PUT_HOP,0,2,chordKey_5_1,
1778007304096,PUT_HOP,0,2,chordKey_38_1,
1778007304088,PUT,0,0,chordKey_20_94,clients=50
1778007304097,PUT_HOP,0,2,chordKey_6_1,
1778007304097,GET,0,0,chordKey_20_94,clients=50
1778007304098,PUT,0,0,chordKey_20_95,clients=50
1778007304098,GET,0,0,chordKey_20_95,clients=50
1778007304098,PUT,0,0,chordKey_20_96,clients=50
1778007304099,GET,176,2,chordKey_42_1,clients=50
1778007304099,GET,0,0,chordKey_20_96,clients=50
1778007304100,PUT,0,0,chordKey_42_2,clients=50
1778007304102,PUT,0,0,chordKey_20_97,clients=50
1778007304102,GET,0,0,chordKey_20_97,clients=50
1778007304103,PUT,0,0,chordKey_20_98,clients=50
1778007304104,PUT_HOP,0,2,chordKey_23_1,
1778007304106,GET,0,0,chordKey_20_98,clients=50
1778007304106,PUT_HOP,0,2,chordKey_34_1,
1778007304106,GET,356,2,chordKey_28_0,clients=50
1778007304105,PUT_HOP,0,2,chordKey_20_78,
1778007304107,GET,151,2,chordKey_29_1,clients=50
1778007304105,GET,153,2,chordKey_5_1,clients=50
1778007304113,PUT,0,0,chordKey_29_2,clients=50
1778007304110,GET,152,2,chordKey_34_1,clients=50
1778007304115,PUT,0,0,chordKey_34_2,clients=50
1778007304110,GET,167,2,chordKey_38_1,clients=50
1778007304116,PUT,0,0,chordKey_38_2,clients=50
1778007304108,GET,172,2,chordKey_36_1,clients=50
1778007304104,PUT_HOP,0,2,chordKey_41_1,
1778007304107,PUT,0,0,chordKey_28_1,clients=50
1778007304107,PUT,0,0,chordKey_20_99,clients=50
1778007304119,GET,169,2,chordKey_23_1,clients=50
1778007304119,PUT,0,0,chordKey_36_2,clients=50
1778007304120,PUT_HOP,0,2,chordKey_29_1,
1778007304114,PUT,0,0,chordKey_5_2,clients=50
1778007304120,PUT,0,0,chordKey_23_2,clients=50
1778007304119,GET,0,0,chordKey_20_99,clients=50
1778007304122,GET,159,2,chordKey_6_1,clients=50
1778007304123,GET,195,2,chordKey_24_1,clients=50
1778007304124,PUT_HOP,0,2,chordKey_16_1,
1778007304124,PUT,0,0,chordKey_6_2,clients=50
1778007304125,PUT,0,0,chordKey_24_2,clients=50
1778007304125,PUT_HOP,0,2,chordKey_45_1,
1778007304126,PUT_HOP,0,2,chordKey_27_1,
1778007304127,PUT_HOP,0,2,chordKey_32_1,
1778007304128,GET,161,2,chordKey_41_1,clients=50
1778007304128,PUT,0,0,chordKey_41_2,clients=50
1778007304131,GET,162,2,chordKey_16_1,clients=50
1778007304132,PUT,0,0,chordKey_16_2,clients=50
1778007304132,PUT_HOP,0,2,chordKey_20_58,
1778007304135,PUT_HOP,0,2,chordKey_20_61,
1778007304137,GET,160,2,chordKey_32_1,clients=50
1778007304137,GET,163,2,chordKey_45_1,clients=50
1778007304138,PUT,0,0,chordKey_32_2,clients=50
1778007304137,GET,157,2,chordKey_27_1,clients=50
1778007304138,PUT,0,0,chordKey_45_2,clients=50
1778007304139,PUT,0,0,chordKey_27_2,clients=50
1778007304146,PUT_HOP,0,2,chordKey_20_59,
1778007304148,PUT_HOP,0,2,chordKey_20_63,
1778007304148,PUT_HOP,0,2,chordKey_20_64,
1778007304150,PUT_HOP,0,1,chordKey_29_2,
1778007304151,PUT_HOP,0,2,chordKey_20_62,
1778007304151,PUT_HOP,0,2,chordKey_20_66,
1778007304151,PUT_HOP,0,2,chordKey_20_69,
1778007304153,PUT_HOP,0,2,chordKey_20_65,
1778007304154,PUT_HOP,0,2,chordKey_20_68,
1778007304154,PUT_HOP,0,2,chordKey_20_79,
1778007304155,PUT_HOP,0,2,chordKey_20_67,
1778007304156,PUT_HOP,0,2,chordKey_20_70,
1778007304157,PUT_HOP,0,2,chordKey_20_76,
1778007304157,PUT_HOP,0,2,chordKey_20_60,
1778007304158,PUT_HOP,0,2,chordKey_20_74,
1778007304162,PUT_HOP,0,2,chordKey_20_77,
1778007304162,PUT_HOP,0,2,chordKey_20_72,
1778007304164,GET,50,1,chordKey_29_2,clients=50
1778007304166,PUT,0,0,chordKey_29_3,clients=50
1778007304166,PUT_HOP,0,2,chordKey_20_75,
1778007304167,PUT_HOP,0,2,chordKey_20_73,
1778007304167,PUT_HOP,0,2,chordKey_20_82,
1778007304187,PUT_HOP,0,2,chordKey_20_80,
1778007304187,PUT_HOP,0,2,chordKey_20_71,
1778007304196,PUT_HOP,0,2,chordKey_20_88,
1778007304201,PUT_HOP,0,2,chordKey_20_90,
1778007304200,PUT_HOP,0,2,chordKey_20_92,
1778007304198,PUT_HOP,0,2,chordKey_20_87,
1778007304197,PUT_HOP,0,2,chordKey_20_86,
1778007304202,PUT_HOP,0,2,chordKey_20_85,
1778007304205,PUT_HOP,0,2,chordKey_20_94,
1778007304205,PUT_HOP,0,2,chordKey_20_84,
1778007304205,PUT_HOP,0,2,chordKey_20_81,
1778007304209,PUT_HOP,0,2,chordKey_20_93,
1778007304209,PUT_HOP,0,2,chordKey_20_83,
1778007304210,PUT_HOP,0,2,chordKey_20_89,
1778007304210,PUT_HOP,0,2,chordKey_20_91,
1778007304212,GET,123,2,chordKey_46_2,clients=50
1778007304213,PUT,0,0,chordKey_46_3,clients=50
1778007304213,PUT_HOP,0,2,chordKey_44_2,
1778007304216,GET,125,2,chordKey_35_2,clients=50
1778007304222,GET,106,2,chordKey_34_2,clients=50
1778007304225,PUT,0,0,chordKey_34_3,clients=50
1778007304217,GET,121,2,chordKey_44_2,clients=50
1778007304220,PUT_HOP,0,2,chordKey_28_1,
1778007304220,GET,118,2,chordKey_42_2,clients=50
1778007304228,PUT,0,0,chordKey_44_3,clients=50
1778007304219,PUT_HOP,0,2,chordKey_20_96,
1778007304227,GET,110,2,chordKey_38_2,clients=50
1778007304219,PUT_HOP,0,2,chordKey_38_2,
1778007304218,PUT_HOP,0,2,chordKey_20_97,
1778007304229,PUT,0,0,chordKey_38_3,clients=50
1778007304218,PUT_HOP,0,2,chordKey_42_2,
1778007304227,GET,108,2,chordKey_28_1,clients=50
1778007304216,PUT_HOP,0,2,chordKey_5_2,
1778007304223,PUT,0,0,chordKey_35_3,clients=50
1778007304215,PUT_HOP,0,2,chordKey_49_2,
1778007304230,PUT,0,0,chordKey_28_2,clients=50
1778007304215,PUT_HOP,0,2,chordKey_35_2,
1778007304228,PUT,0,0,chordKey_42_3,clients=50
1778007304215,PUT_HOP,0,2,chordKey_46_2,
1778007304227,PUT_HOP,0,2,chordKey_24_2,
1778007304226,PUT_HOP,0,2,chordKey_36_2,
1778007304235,PUT_HOP,0,2,chordKey_20_98,
1778007304236,GET,114,2,chordKey_23_2,clients=50
1778007304237,GET,112,2,chordKey_6_2,clients=50
1778007304238,PUT_HOP,0,2,chordKey_29_3,
1778007304238,GET,149,2,chordKey_49_2,clients=50
1778007304240,PUT,0,0,chordKey_49_3,clients=50
1778007304240,PUT_HOP,0,2,chordKey_32_2,
1778007304239,GET,110,2,chordKey_41_2,clients=50
1778007304239,PUT,0,0,chordKey_6_3,clients=50
1778007304241,PUT_HOP,0,2,chordKey_16_2,
1778007304238,PUT,0,0,chordKey_23_3,clients=50
1778007304242,PUT_HOP,0,2,chordKey_23_2,
1778007304244,PUT_HOP,0,2,chordKey_27_2,
1778007304242,PUT,0,0,chordKey_41_3,clients=50
1778007304245,PUT_HOP,0,2,chordKey_45_2,
1778007304241,GET,115,2,chordKey_24_2,clients=50
1778007304247,PUT,0,0,chordKey_24_3,clients=50
1778007304248,PUT_HOP,0,2,chordKey_6_2,
1778007304246,GET,126,2,chordKey_36_2,clients=50
1778007304245,GET,124,2,chordKey_5_2,clients=50
1778007304251,PUT,0,0,chordKey_36_3,clients=50
1778007304249,GET,110,2,chordKey_32_2,clients=50
1778007304251,PUT,0,0,chordKey_5_3,clients=50
1778007304252,PUT,0,0,chordKey_32_3,clients=50
1778007304263,GET,130,2,chordKey_16_2,clients=50
1778007304263,GET,50,2,chordKey_46_3,clients=50
1778007304264,PUT_HOP,0,2,chordKey_46_3,
1778007304265,PUT,0,0,chordKey_16_3,clients=50
1778007304264,PUT_HOP,0,2,chordKey_44_3,
1778007304265,PUT,0,0,chordKey_46_4,clients=50
1778007304265,PUT_HOP,0,2,chordKey_41_2,
1778007304267,PUT_HOP,0,2,chordKey_38_3,
1778007304267,GET,41,2,chordKey_34_3,clients=50
1778007304268,GET,39,2,chordKey_44_3,clients=50
1778007304268,PUT,0,0,chordKey_34_4,clients=50
1778007304269,PUT,0,0,chordKey_44_4,clients=50
1778007304273,PUT_HOP,0,2,chordKey_34_3,
1778007304274,GET,44,2,chordKey_38_3,clients=50
1778007304275,PUT,0,0,chordKey_38_4,clients=50
1778007304283,PUT_HOP,0,2,chordKey_42_3,
1778007304283,GET,52,2,chordKey_28_2,clients=50
1778007304283,PUT_HOP,0,2,chordKey_23_3,
1778007304283,GET,52,2,chordKey_42_3,clients=50
1778007304285,PUT,0,0,chordKey_28_3,clients=50
1778007304283,PUT_HOP,0,2,chordKey_49_3,
1778007304284,GET,43,2,chordKey_49_3,clients=50
1778007304287,PUT,0,0,chordKey_49_4,clients=50
1778007304285,PUT,0,0,chordKey_42_4,clients=50
1778007304287,GET,56,2,chordKey_35_3,clients=50
1778007304288,PUT,0,0,chordKey_35_4,clients=50
1778007304289,PUT_HOP,0,2,chordKey_35_3,
1778007304289,PUT_HOP,0,2,chordKey_24_3,
1778007304296,PUT_HOP,0,2,chordKey_41_3,
1778007304301,PUT_HOP,0,2,chordKey_5_3,
1778007304304,PUT_HOP,0,2,chordKey_6_3,
1778007304304,PUT_HOP,0,2,chordKey_28_2,
1778007304305,PUT_HOP,0,1,chordKey_28_3,
1778007304307,PUT_HOP,0,2,chordKey_32_3,
1778007304308,PUT_HOP,0,2,chordKey_36_3,
1778007304314,GET,61,2,chordKey_5_3,clients=50
1778007304315,PUT_HOP,0,2,chordKey_16_3,
1778007304317,PUT,0,0,chordKey_5_4,clients=50
1778007304317,GET,64,2,chordKey_32_3,clients=50
1778007304316,GET,72,2,chordKey_6_3,clients=50
1778007304318,PUT,0,0,chordKey_32_4,clients=50
1778007304318,PUT_HOP,0,1,chordKey_49_4,
1778007304315,GET,63,2,chordKey_36_3,clients=50
1778007304315,GET,69,2,chordKey_41_3,clients=50
1778007304321,PUT,0,0,chordKey_41_4,clients=50
1778007304314,GET,70,2,chordKey_23_3,clients=50
1778007304321,PUT,0,0,chordKey_36_4,clients=50
1778007304319,GET,32,1,chordKey_49_4,clients=50
1778007304319,GET,33,1,chordKey_28_3,clients=50
1778007304319,PUT,0,0,chordKey_6_4,clients=50
1778007304318,GET,68,2,chordKey_24_3,clients=50
1778007304325,PUT,0,0,chordKey_24_4,clients=50
1778007304324,PUT,0,0,chordKey_28_4,clients=50
1778007304324,PUT,0,0,chordKey_49_5,clients=50
1778007304323,PUT,0,0,chordKey_23_4,clients=50
1778007304330,PUT_HOP,0,2,chordKey_46_4,
1778007304331,GET,65,2,chordKey_16_3,clients=50
1778007304332,PUT,0,0,chordKey_16_4,clients=50
1778007304336,GET,71,2,chordKey_46_4,clients=50
1778007304339,PUT_HOP,0,2,chordKey_38_4,
1778007304340,GET,70,2,chordKey_44_4,clients=50
1778007304340,PUT_HOP,0,2,chordKey_44_4,
1778007304340,PUT_HOP,0,2,chordKey_34_4,
1778007304342,PUT,0,0,chordKey_44_5,clients=50
1778007304339,GET,70,2,chordKey_34_4,clients=50
1778007304342,GET,67,2,chordKey_38_4,clients=50
1778007304344,PUT,0,0,chordKey_34_5,clients=50
1778007304341,PUT,0,0,chordKey_46_5,clients=50
1778007304344,PUT,0,0,chordKey_38_5,clients=50
1778007304359,PUT_HOP,0,2,chordKey_42_4,
1778007304388,PUT_HOP,0,2,chordKey_35_4,
1778007304391,GET,103,2,chordKey_42_4,clients=50
1778007304391,GET,102,2,chordKey_35_4,clients=50
1778007304392,PUT_HOP,0,2,chordKey_5_4,
1778007304392,PUT,0,0,chordKey_42_5,clients=50
1778007304392,PUT,0,0,chordKey_35_5,clients=50
1778007304394,PUT_HOP,0,2,chordKey_6_4,
1778007304399,PUT_HOP,0,2,chordKey_41_4,
1778007304400,GET,80,2,chordKey_32_4,clients=50
1778007304399,PUT_HOP,0,2,chordKey_32_4,
1778007304400,PUT_HOP,0,2,chordKey_36_4,
1778007304402,PUT,0,0,chordKey_32_5,clients=50
1778007304403,GET,85,2,chordKey_5_4,clients=50
1778007304404,GET,81,2,chordKey_41_4,clients=50
1778007304405,PUT,0,0,chordKey_5_5,clients=50
1778007304405,PUT,0,0,chordKey_41_5,clients=50
1778007304409,PUT_HOP,0,2,chordKey_23_4,
1778007304414,PUT_HOP,0,2,chordKey_28_4,
1778007304415,PUT_HOP,0,2,chordKey_16_4,
1778007304414,PUT_HOP,0,2,chordKey_49_5,
1778007304416,GET,88,2,chordKey_23_4,clients=50
1778007304416,GET,83,2,chordKey_16_4,clients=50
1778007304416,GET,90,2,chordKey_24_4,clients=50
1778007304416,GET,93,2,chordKey_36_4,clients=50
1778007304418,PUT,0,0,chordKey_24_5,clients=50
1778007304419,PUT,0,0,chordKey_36_5,clients=50
1778007304418,PUT,0,0,chordKey_23_5,clients=50
1778007304420,PUT_HOP,0,2,chordKey_24_4,
1778007304417,PUT,0,0,chordKey_16_5,clients=50
1778007304417,GET,92,2,chordKey_6_4,clients=50
1778007304422,PUT,0,0,chordKey_6_5,clients=50
1778007304426,PUT_HOP,0,2,chordKey_44_5,
1778007304430,PUT_HOP,0,2,chordKey_34_5,
1778007304431,PUT_HOP,0,2,chordKey_46_5,
1778007304432,GET,90,2,chordKey_44_5,clients=50
1778007304432,PUT_HOP,0,2,chordKey_38_5,
1778007304433,GET,88,2,chordKey_46_5,clients=50
1778007304433,PUT,0,0,chordKey_44_6,clients=50
1778007304434,PUT,0,0,chordKey_46_6,clients=50
1778007304436,GET,91,2,chordKey_38_5,clients=50
1778007304437,PUT,0,0,chordKey_38_6,clients=50
1778007304439,GET,94,2,chordKey_34_5,clients=50
1778007304440,GET,113,2,chordKey_28_4,clients=50
1778007304440,GET,112,2,chordKey_49_5,clients=50
1778007304442,PUT,0,0,chordKey_28_5,clients=50
1778007304442,PUT,0,0,chordKey_49_6,clients=50
1778007304441,PUT,0,0,chordKey_34_6,clients=50
1778007304456,PUT_HOP,0,2,chordKey_42_5,
1778007304458,GET,64,2,chordKey_42_5,clients=50
1778007304459,GET,65,2,chordKey_35_5,clients=50
1778007304457,PUT_HOP,0,2,chordKey_35_5,
1778007304459,PUT,0,0,chordKey_42_6,clients=50
1778007304460,PUT,0,0,chordKey_35_6,clients=50
1778007304460,PUT_HOP,0,2,chordKey_32_5,
1778007304461,PUT_HOP,0,2,chordKey_5_5,
1778007304462,GET,59,2,chordKey_32_5,clients=50
1778007304463,PUT,0,0,chordKey_32_6,clients=50
1778007304471,PUT_HOP,0,2,chordKey_41_5,
1778007304471,GET,65,2,chordKey_5_5,clients=50
1778007304472,PUT,0,0,chordKey_5_6,clients=50
1778007304473,PUT_HOP,0,2,chordKey_23_5,
1778007304477,GET,70,2,chordKey_41_5,clients=50
1778007304478,PUT,0,0,chordKey_41_6,clients=50
1778007304481,PUT_HOP,0,2,chordKey_24_5,
1778007304484,GET,64,2,chordKey_36_5,clients=50
1778007304485,PUT_HOP,0,2,chordKey_36_5,
1778007304486,GET,66,2,chordKey_24_5,clients=50
1778007304487,PUT,0,0,chordKey_24_6,clients=50
1778007304486,GET,63,2,chordKey_6_5,clients=50
1778007304488,PUT_HOP,0,2,chordKey_6_5,
1778007304488,PUT,0,0,chordKey_6_6,clients=50
1778007304486,PUT,0,0,chordKey_36_6,clients=50
1778007304489,GET,68,2,chordKey_16_5,clients=50
1778007304490,PUT,0,0,chordKey_16_6,clients=50
1778007304493,PUT_HOP,0,2,chordKey_16_5,
1778007304494,GET,73,2,chordKey_23_5,clients=50
1778007304496,PUT,0,0,chordKey_23_6,clients=50
1778007304496,PUT_HOP,0,2,chordKey_44_6,
1778007304499,PUT_HOP,0,2,chordKey_38_6,
1778007304501,GET,66,2,chordKey_44_6,clients=50
1778007304502,PUT,0,0,chordKey_44_7,clients=50
1778007304501,GET,61,2,chordKey_38_6,clients=50
1778007304505,PUT,0,0,chordKey_38_7,clients=50
1778007304505,PUT_HOP,0,2,chordKey_28_5,
1778007304508,GET,73,2,chordKey_46_6,clients=50
1778007304506,GET,63,2,chordKey_28_5,clients=50
1778007304511,PUT,0,0,chordKey_28_6,clients=50
1778007304511,PUT_HOP,0,2,chordKey_46_6,
1778007304510,PUT,0,0,chordKey_46_7,clients=50
1778007304515,PUT_HOP,0,2,chordKey_34_6,
1778007304521,GET,77,2,chordKey_34_6,clients=50
1778007304523,PUT,0,0,chordKey_34_7,clients=50
1778007304524,GET,80,2,chordKey_49_6,clients=50
1778007304525,PUT,0,0,chordKey_49_7,clients=50
1778007304524,GET,64,2,chordKey_35_6,clients=50
1778007304535,PUT,1,0,chordKey_35_7,clients=50
1778007304536,PUT_HOP,0,2,chordKey_42_6,
1778007304537,GET,77,2,chordKey_42_6,clients=50
1778007304538,PUT_HOP,0,1,chordKey_46_7,
1778007304538,PUT_HOP,0,2,chordKey_49_6,
1778007304540,PUT,1,0,chordKey_42_7,clients=50
1778007304544,GET,32,1,chordKey_46_7,clients=50
1778007304546,PUT,0,0,chordKey_46_8,clients=50
1778007304546,PUT_HOP,0,2,chordKey_35_6,
1778007304549,GET,70,2,chordKey_41_6,clients=50
1778007304550,PUT,0,0,chordKey_41_7,clients=50
1778007304551,PUT_HOP,0,2,chordKey_41_6,
1778007304553,PUT_HOP,0,2,chordKey_36_6,
1778007304555,GET,91,2,chordKey_32_6,clients=50
1778007304556,PUT,0,0,chordKey_32_7,clients=50
1778007304568,PUT_HOP,0,2,chordKey_24_6,
1778007304569,PUT_HOP,0,2,chordKey_16_6,
1778007304568,PUT_HOP,0,2,chordKey_32_6,
1778007304569,PUT_HOP,0,2,chordKey_5_6,
1778007304570,PUT_HOP,0,2,chordKey_6_6,
1778007304571,GET,97,2,chordKey_5_6,clients=50
1778007304571,GET,84,2,chordKey_24_6,clients=50
1778007304572,GET,63,2,chordKey_38_7,clients=50
1778007304572,PUT,0,0,chordKey_5_7,clients=50
1778007304573,PUT,0,0,chordKey_38_8,clients=50
1778007304574,PUT_HOP,0,1,chordKey_24_7,
1778007304573,PUT,0,0,chordKey_24_7,clients=50
1778007304574,GET,70,2,chordKey_44_7,clients=50
1778007304576,PUT,0,0,chordKey_44_8,clients=50
1778007304578,GET,87,2,chordKey_16_6,clients=50
1778007304578,GET,37,2,chordKey_42_7,clients=50
1778007304579,PUT,0,0,chordKey_16_7,clients=50
1778007304579,PUT_HOP,0,2,chordKey_34_7,
1778007304579,PUT,0,0,chordKey_42_8,clients=50
1778007304580,PUT_HOP,0,2,chordKey_44_7,
1778007304584,PUT_HOP,0,2,chordKey_23_6,
1778007304585,GET,88,2,chordKey_23_6,clients=50
1778007304585,PUT_HOP,0,2,chordKey_38_7,
1778007304586,GET,97,2,chordKey_6_6,clients=50
1778007304586,PUT,0,0,chordKey_23_7,clients=50
1778007304586,GET,97,2,chordKey_36_6,clients=50
1778007304588,PUT,0,0,chordKey_36_7,clients=50
1778007304587,PUT,0,0,chordKey_6_7,clients=50
1778007304589,PUT_HOP,0,2,chordKey_28_6,
1778007304591,PUT_HOP,0,2,chordKey_35_7,
1778007304594,GET,18,1,chordKey_24_7,clients=50
1778007304597,PUT_HOP,0,2,chordKey_49_7,
1778007304603,PUT,0,0,chordKey_24_8,clients=50
1778007304602,GET,75,2,chordKey_49_7,clients=50
1778007304602,GET,90,2,chordKey_28_6,clients=50
1778007304605,PUT,0,0,chordKey_49_8,clients=50
1778007304605,PUT_HOP,0,2,chordKey_41_7,
1778007304605,GET,30,2,chordKey_38_8,clients=50
1778007304606,PUT,0,0,chordKey_38_9,clients=50
1778007304602,GET,50,2,chordKey_41_7,clients=50
1778007304607,PUT,0,0,chordKey_41_8,clients=50
1778007304605,PUT,0,0,chordKey_28_7,clients=50
1778007304610,GET,85,2,chordKey_34_7,clients=50
1778007304610,PUT,0,0,chordKey_34_8,clients=50
1778007304611,PUT_HOP,0,2,chordKey_5_7,
1778007304612,PUT_HOP,0,2,chordKey_46_8,
1778007304613,GET,56,2,chordKey_32_7,clients=50
1778007304615,PUT,0,0,chordKey_32_8,clients=50
1778007304615,PUT_HOP,0,2,chordKey_44_8,
1778007304624,PUT_HOP,0,2,chordKey_16_7,
1778007304626,GET,89,2,chordKey_35_7,clients=50
1778007304615,GET,69,2,chordKey_46_8,clients=50
1778007304628,GET,51,2,chordKey_44_8,clients=50
1778007304628,PUT,0,0,chordKey_46_9,clients=50
1778007304621,PUT_HOP,0,2,chordKey_42_8,
1778007304627,PUT_HOP,0,2,chordKey_42_7,
1778007304627,PUT,0,0,chordKey_35_8,clients=50
1778007304627,PUT_HOP,0,2,chordKey_38_8,
1778007304627,GET,53,2,chordKey_5_7,clients=50
1778007304627,PUT_HOP,0,2,chordKey_23_7,
1778007304631,PUT,0,0,chordKey_5_8,clients=50
1778007304627,PUT_HOP,0,2,chordKey_32_7,
1778007304630,GET,49,2,chordKey_42_8,clients=50
1778007304632,PUT_HOP,0,2,chordKey_49_8,
1778007304632,PUT,0,0,chordKey_42_9,clients=50
1778007304629,PUT,0,0,chordKey_44_9,clients=50
1778007304636,PUT_HOP,0,1,chordKey_44_9,
1778007304639,GET,33,2,chordKey_49_8,clients=50
1778007304639,GET,33,2,chordKey_38_9,clients=50
1778007304641,PUT,0,0,chordKey_49_9,clients=50
1778007304641,PUT,0,0,chordKey_38_10,clients=50
1778007304643,GET,7,1,chordKey_44_9,clients=50
1778007304644,PUT,0,0,chordKey_44_10,clients=50
1778007304649,GET,61,2,chordKey_23_7,clients=50
1778007304650,PUT_HOP,0,2,chordKey_36_7,
1778007304650,GET,42,2,chordKey_28_7,clients=50
1778007304650,PUT_HOP,0,2,chordKey_6_7,
1778007304652,GET,72,2,chordKey_16_7,clients=50
1778007304651,PUT_HOP,0,2,chordKey_34_8,
1778007304653,PUT,0,0,chordKey_16_8,clients=50
1778007304650,PUT,0,0,chordKey_23_8,clients=50
1778007304652,GET,63,2,chordKey_36_7,clients=50
1778007304657,PUT,0,0,chordKey_36_8,clients=50
1778007304652,PUT,0,0,chordKey_28_8,clients=50
1778007304659,PUT_HOP,0,1,chordKey_23_8,
1778007304662,PUT_HOP,0,2,chordKey_28_7,
1778007304663,GET,7,1,chordKey_23_8,clients=50
1778007304664,PUT,0,0,chordKey_23_9,clients=50
1778007304666,PUT_HOP,0,2,chordKey_24_8,
1778007304669,GET,79,2,chordKey_6_7,clients=50
1778007304669,PUT_HOP,0,2,chordKey_5_8,
1778007304670,PUT,0,0,chordKey_6_8,clients=50
1778007304671,PUT_HOP,0,2,chordKey_38_9,
1778007304669,GET,61,2,chordKey_41_8,clients=50
1778007304672,PUT,0,0,chordKey_41_9,clients=50
1778007304671,PUT_HOP,0,2,chordKey_41_8,
1778007304671,GET,36,2,chordKey_42_9,clients=50
1778007304673,PUT,0,0,chordKey_42_10,clients=50
1778007304676,PUT_HOP,0,2,chordKey_42_9,
1778007304676,GET,46,2,chordKey_35_8,clients=50
1778007304677,GET,50,2,chordKey_32_8,clients=50
1778007304678,PUT,0,0,chordKey_35_9,clients=50
1778007304678,PUT_HOP,0,2,chordKey_32_8,
1778007304679,GET,68,2,chordKey_34_8,clients=50
1778007304678,GET,47,2,chordKey_5_8,clients=50
1778007304678,PUT,0,0,chordKey_32_9,clients=50
1778007304681,PUT,0,0,chordKey_5_9,clients=50
1778007304681,PUT,0,0,chordKey_34_9,clients=50
1778007304681,GET,38,2,chordKey_49_9,clients=50
1778007304682,PUT,0,0,chordKey_49_10,clients=50
1778007304683,GET,38,2,chordKey_44_10,clients=50
1778007304683,GET,79,2,chordKey_24_8,clients=50
1778007304684,PUT,0,0,chordKey_44_11,clients=50
1778007304684,PUT,0,0,chordKey_24_9,clients=50
1778007304683,PUT_HOP,0,2,chordKey_38_10,
1778007304683,PUT_HOP,0,2,chordKey_44_10,
1778007304682,PUT_HOP,0,2,chordKey_49_9,
1778007304689,PUT_HOP,0,2,chordKey_35_8,
1778007304691,GET,47,2,chordKey_38_10,clients=50
1778007304691,PUT_HOP,0,2,chordKey_46_9,
1778007304692,PUT,0,0,chordKey_38_11,clients=50
1778007304694,GET,65,2,chordKey_46_9,clients=50
1778007304695,PUT,0,0,chordKey_46_10,clients=50
1778007304700,PUT_HOP,0,2,chordKey_28_8,
1778007304702,PUT_HOP,0,2,chordKey_36_8,
1778007304705,PUT_HOP,0,2,chordKey_16_8,
1778007304705,GET,51,2,chordKey_16_8,clients=50
1778007304706,PUT,0,0,chordKey_16_9,clients=50
1778007304707,GET,49,2,chordKey_36_8,clients=50
1778007304708,PUT,0,0,chordKey_36_9,clients=50
1778007304715,GET,56,2,chordKey_28_8,clients=50
1778007304716,PUT_HOP,0,2,chordKey_41_9,
1778007304717,PUT,0,0,chordKey_28_9,clients=50
1778007304734,GET,63,2,chordKey_6_8,clients=50
1778007304736,PUT_HOP,0,2,chordKey_6_8,
1778007304736,PUT_HOP,0,2,chordKey_23_9,
1778007304737,PUT,1,0,chordKey_6_9,clients=50
1778007304738,GET,64,2,chordKey_42_10,clients=50
1778007304740,PUT,0,0,chordKey_42_11,clients=50
1778007304738,GET,74,2,chordKey_23_9,clients=50
1778007304741,PUT_HOP,0,2,chordKey_42_10,
1778007304742,PUT,0,0,chordKey_23_10,clients=50
1778007304746,PUT_HOP,0,2,chordKey_32_9,
1778007304748,GET,75,2,chordKey_41_9,clients=50
1778007304747,PUT_HOP,0,2,chordKey_35_9,
1778007304749,PUT,0,0,chordKey_41_10,clients=50
1778007304751,PUT_HOP,0,2,chordKey_5_9,
1778007304754,PUT_HOP,0,2,chordKey_49_10,
1778007304754,GET,74,2,chordKey_35_9,clients=50
1778007304754,PUT_HOP,0,2,chordKey_34_9,
1778007304755,PUT,0,0,chordKey_35_10,clients=50
1778007304760,PUT_HOP,0,2,chordKey_44_11,
1778007304761,GET,79,2,chordKey_5_9,clients=50
1778007304762,PUT,0,0,chordKey_5_10,clients=50
1778007304768,GET,86,2,chordKey_34_9,clients=50
1778007304769,GET,86,2,chordKey_49_10,clients=50
1778007304771,PUT_HOP,0,2,chordKey_24_9,
1778007304771,PUT_HOP,0,2,chordKey_38_11,
1778007304770,GET,85,2,chordKey_44_11,clients=50
1778007304772,PUT_HOP,0,2,chordKey_16_9,
1778007304773,PUT,0,0,chordKey_44_12,clients=50
1778007304770,GET,89,2,chordKey_32_9,clients=50
1778007304775,PUT,0,0,chordKey_32_10,clients=50
1778007304776,GET,80,2,chordKey_46_10,clients=50
1778007304777,PUT_HOP,0,2,chordKey_46_10,
1778007304777,PUT,0,0,chordKey_46_11,clients=50
1778007304769,GET,84,2,chordKey_24_9,clients=50
1778007304779,GET,70,2,chordKey_36_9,clients=50
1778007304779,PUT,0,0,chordKey_36_10,clients=50
1778007304779,PUT_HOP,0,2,chordKey_36_9,
1778007304776,GET,69,2,chordKey_16_9,clients=50
1778007304772,PUT,0,0,chordKey_49_11,clients=50
1778007304781,PUT,0,0,chordKey_16_10,clients=50
1778007304781,PUT_HOP,0,2,chordKey_28_9,
1778007304772,GET,79,2,chordKey_38_11,clients=50
1778007304771,PUT,0,0,chordKey_34_10,clients=50
1778007304779,PUT,0,0,chordKey_24_10,clients=50
1778007304782,PUT,0,0,chordKey_38_12,clients=50
1778007304783,GET,65,2,chordKey_28_9,clients=50
1778007304798,PUT,0,0,chordKey_28_10,clients=50
1778007304799,PUT_HOP,0,2,chordKey_23_10,
1778007304800,PUT_HOP,0,2,chordKey_41_10,
1778007304801,PUT_HOP,0,2,chordKey_35_10,
1778007304800,PUT_HOP,0,2,chordKey_6_9,
1778007304805,GET,62,2,chordKey_23_10,clients=50
1778007304805,GET,64,2,chordKey_42_11,clients=50
1778007304806,PUT_HOP,0,2,chordKey_42_11,
1778007304805,GET,66,2,chordKey_6_9,clients=50
1778007304807,PUT,0,0,chordKey_6_10,clients=50
1778007304805,GET,55,2,chordKey_41_10,clients=50
1778007304807,PUT,0,0,chordKey_42_12,clients=50
1778007304810,PUT,0,0,chordKey_41_11,clients=50
1778007304806,PUT,0,0,chordKey_23_11,clients=50
1778007304824,PUT_HOP,0,2,chordKey_21_0,
1778007304827,PUT_HOP,0,2,chordKey_23_0,
1778007304830,PUT_HOP,0,2,chordKey_26_0,
1778007304848,PUT_HOP,0,2,chordKey_27_0,
1778007304849,PUT_HOP,0,2,chordKey_22_0,
1778007304850,PUT_HOP,0,2,chordKey_5_10,
1778007304853,GET,1163,2,chordKey_0_0,clients=50
1778007304854,PUT_HOP,0,2,chordKey_44_0,
1778007304853,GET,90,2,chordKey_5_10,clients=50
1778007304854,PUT_HOP,0,2,chordKey_41_0,
1778007304855,PUT,0,0,chordKey_0_1,clients=50
1778007304855,PUT,0,0,chordKey_5_11,clients=50
1778007304866,GET,110,2,chordKey_35_10,clients=50
1778007304867,PUT_HOP,0,2,chordKey_49_11,
1778007304867,PUT,0,0,chordKey_35_11,clients=50
1778007304871,PUT_HOP,0,2,chordKey_46_0,
1778007304872,PUT_HOP,0,2,chordKey_15_0,
1778007304872,PUT_HOP,0,2,chordKey_18_0,
1778007304874,PUT_HOP,0,2,chordKey_32_10,
1778007304880,PUT_HOP,0,2,chordKey_42_12,
1778007304882,GET,108,2,chordKey_44_12,clients=50
1778007304882,GET,71,2,chordKey_42_12,clients=50
1778007304883,PUT,0,0,chordKey_44_13,clients=50
1778007304883,GET,106,2,chordKey_32_10,clients=50
1778007304884,PUT,0,0,chordKey_32_11,clients=50
1778007304884,PUT_HOP,0,2,chordKey_36_10,
1778007304883,PUT,0,0,chordKey_42_13,clients=50
1778007304886,PUT_HOP,0,2,chordKey_20_7,
1778007304886,GET,108,2,chordKey_46_11,clients=50
1778007304887,GET,1146,2,chordKey_4_0,clients=50
1778007304887,PUT,0,0,chordKey_46_12,clients=50
1778007304888,PUT_HOP,0,2,chordKey_20_2,
1778007304888,PUT,0,0,chordKey_4_1,clients=50
1778007304889,GET,1179,2,chordKey_11_0,clients=50
1778007304888,PUT_HOP,0,2,chordKey_20_10,
1778007304890,GET,1181,2,chordKey_2_0,clients=50
1778007304891,PUT,0,0,chordKey_2_1,clients=50
1778007304889,GET,1168,2,chordKey_30_0,clients=50
1778007304889,GET,1181,2,chordKey_22_0,clients=50
1778007304892,PUT,0,0,chordKey_30_1,clients=50
1778007304890,PUT,0,0,chordKey_11_1,clients=50
1778007304892,PUT,0,0,chordKey_22_1,clients=50
1778007304899,GET,1147,2,chordKey_26_0,clients=50
1778007304900,PUT,0,0,chordKey_26_1,clients=50
1778007304902,PUT_HOP,0,2,chordKey_16_10,
1778007304902,GET,1207,2,chordKey_37_0,clients=50
1778007304903,PUT,0,0,chordKey_37_1,clients=50
1778007304907,PUT_HOP,0,2,chordKey_20_8,
1778007304907,GET,1156,2,chordKey_9_0,clients=50
1778007304909,GET,1172,2,chordKey_18_0,clients=50
1778007304910,PUT,0,0,chordKey_9_1,clients=50
1778007304910,PUT,0,0,chordKey_18_1,clients=50
1778007304911,GET,1188,2,chordKey_10_0,clients=50
1778007304912,PUT,0,0,chordKey_10_1,clients=50
1778007304912,GET,1196,2,chordKey_12_0,clients=50
1778007304913,PUT_HOP,0,2,chordKey_20_9,
1778007304914,PUT,0,0,chordKey_12_1,clients=50
1778007304915,PUT_HOP,0,2,chordKey_23_11,
1778007304917,GET,1173,2,chordKey_3_0,clients=50
1778007304918,PUT_HOP,0,2,chordKey_38_12,
1778007304918,GET,110,2,chordKey_6_10,clients=50
1778007304918,GET,137,2,chordKey_16_10,clients=50
1778007304918,GET,1230,2,chordKey_31_0,clients=50
1778007304920,PUT,0,0,chordKey_6_11,clients=50
1778007304921,PUT,0,0,chordKey_31_1,clients=50
1778007304919,PUT,0,0,chordKey_3_1,clients=50
1778007304921,PUT,1,0,chordKey_16_11,clients=50
1778007304928,PUT_HOP,0,2,chordKey_41_11,
1778007304929,GET,146,2,chordKey_24_10,clients=50
1778007304931,PUT_HOP,0,2,chordKey_20_6,
1778007304939,PUT,0,0,chordKey_24_11,clients=50
1778007304939,PUT_HOP,0,2,chordKey_6_10,
1778007304937,GET,155,2,chordKey_34_10,clients=50
1778007304941,PUT,0,0,chordKey_34_11,clients=50
1778007304935,GET,1182,2,chordKey_15_0,clients=50
1778007304942,PUT,0,0,chordKey_15_1,clients=50
1778007304934,GET,123,2,chordKey_41_11,clients=50
1778007304943,PUT,0,0,chordKey_41_12,clients=50
1778007304933,GET,47,2,chordKey_42_13,clients=50
1778007304932,GET,152,2,chordKey_36_10,clients=50
1778007304944,PUT,0,0,chordKey_42_14,clients=50
1778007304945,PUT,0,0,chordKey_36_11,clients=50
1778007304932,GET,135,2,chordKey_38_12,clients=50
1778007304940,GET,128,2,chordKey_23_11,clients=50
1778007304946,PUT,0,0,chordKey_38_13,clients=50
1778007304946,PUT,0,0,chordKey_23_12,clients=50
1778007304948,PUT_HOP,0,2,chordKey_5_11,
1778007304951,PUT_HOP,0,2,chordKey_0_1,
1778007304953,PUT_HOP,0,2,chordKey_42_13,
1778007304956,PUT_HOP,0,2,chordKey_35_11,
1778007304957,GET,88,2,chordKey_35_11,clients=50
1778007304958,PUT,0,0,chordKey_35_12,clients=50
1778007304971,PUT_HOP,0,2,chordKey_32_11,
1778007304975,PUT_HOP,0,2,chordKey_44_13,
1778007304977,PUT_HOP,0,2,chordKey_46_12,
1778007304979,GET,95,2,chordKey_44_13,clients=50
1778007304980,PUT_HOP,0,2,chordKey_11_1,
1778007304980,PUT,0,0,chordKey_44_14,clients=50
1778007304980,PUT_HOP,0,2,chordKey_4_1,
1778007304980,GET,95,2,chordKey_32_11,clients=50
1778007304982,PUT,0,0,chordKey_32_12,clients=50
1778007304984,PUT_HOP,0,2,chordKey_2_1,
1778007304987,GET,98,2,chordKey_4_1,clients=50
1778007304988,PUT_HOP,0,2,chordKey_30_1,
1778007304988,PUT,0,0,chordKey_4_2,clients=50
1778007304987,GET,98,2,chordKey_46_12,clients=50
1778007304990,PUT,0,0,chordKey_46_13,clients=50
1778007304991,PUT_HOP,0,2,chordKey_22_1,
1778007304992,GET,99,2,chordKey_11_1,clients=50
1778007304992,PUT,0,0,chordKey_11_2,clients=50
1778007304998,PUT_HOP,0,2,chordKey_26_1,
1778007304999,GET,106,2,chordKey_30_1,clients=50
1778007304999,GET,98,2,chordKey_26_1,clients=50
1778007304999,PUT_HOP,0,2,chordKey_37_1,
1778007305000,PUT,0,0,chordKey_26_2,clients=50
1778007305000,PUT,0,0,chordKey_30_2,clients=50
1778007304999,GET,108,2,chordKey_2_1,clients=50
1778007305003,PUT,0,0,chordKey_2_2,clients=50
1778007305004,GET,99,2,chordKey_37_1,clients=50
1778007305004,PUT,0,0,chordKey_37_2,clients=50
1778007305005,PUT_HOP,0,2,chordKey_9_1,
1778007305006,GET,113,2,chordKey_22_1,clients=50
1778007305007,PUT,0,0,chordKey_22_2,clients=50
1778007305007,PUT_HOP,0,2,chordKey_18_1,
1778007305010,PUT_HOP,0,2,chordKey_3_1,
1778007305011,PUT_HOP,0,2,chordKey_10_1,
1778007305019,PUT_HOP,0,2,chordKey_31_1,
1778007305019,GET,108,2,chordKey_18_1,clients=50
1778007305020,PUT_HOP,0,2,chordKey_6_11,
1778007305019,PUT_HOP,0,2,chordKey_16_11,
1778007305021,PUT,0,0,chordKey_18_2,clients=50
1778007305020,GET,107,2,chordKey_10_1,clients=50
1778007305022,GET,100,2,chordKey_6_11,clients=50
1778007305022,GET,111,2,chordKey_9_1,clients=50
1778007305021,GET,97,2,chordKey_16_11,clients=50
1778007305027,PUT,0,0,chordKey_10_2,clients=50
1778007305028,PUT_HOP,0,2,chordKey_44_14,
1778007305028,GET,105,2,chordKey_3_1,clients=50
1778007305029,PUT,0,0,chordKey_9_2,clients=50
1778007305029,PUT,0,0,chordKey_3_2,clients=50
1778007305031,GET,109,2,chordKey_31_1,clients=50
1778007305032,PUT,0,0,chordKey_31_2,clients=50
1778007305033,PUT_HOP,0,2,chordKey_24_11,
1778007305034,PUT_HOP,0,2,chordKey_34_11,
1778007305035,GET,95,2,chordKey_24_11,clients=50
1778007305027,PUT,0,0,chordKey_6_12,clients=50
1778007305037,PUT_HOP,0,2,chordKey_15_1,
1778007305027,PUT,0,0,chordKey_16_12,clients=50
1778007305036,PUT,0,0,chordKey_24_12,clients=50
1778007305032,GET,51,2,chordKey_44_14,clients=50
1778007305041,PUT,0,0,chordKey_44_15,clients=50
1778007305028,GET,114,2,chordKey_12_1,clients=50
1778007305041,GET,99,2,chordKey_34_11,clients=50
1778007305042,PUT,0,0,chordKey_12_2,clients=50
1778007305043,GET,99,2,chordKey_41_12,clients=50
1778007305044,PUT,0,0,chordKey_41_13,clients=50
1778007305044,PUT_HOP,0,2,chordKey_41_12,
1778007305041,GET,98,2,chordKey_15_1,clients=50
1778007305045,PUT_HOP,0,2,chordKey_23_12,
1778007305045,PUT,0,0,chordKey_15_2,clients=50
1778007305045,PUT_HOP,0,2,chordKey_36_11,
1778007305043,PUT,0,0,chordKey_34_12,clients=50
1778007305046,PUT_HOP,0,2,chordKey_38_13,
1778007305047,PUT_HOP,0,2,chordKey_9_0,
1778007305047,PUT_HOP,0,2,chordKey_19_0,
1778007305050,GET,104,2,chordKey_36_11,clients=50
1778007305051,PUT,0,0,chordKey_36_12,clients=50
1778007305050,GET,103,2,chordKey_38_13,clients=50
1778007305053,PUT,0,0,chordKey_38_14,clients=50
1778007305054,PUT_HOP,0,2,chordKey_35_12,
1778007305052,GET,105,2,chordKey_23_12,clients=50
1778007305055,PUT,0,0,chordKey_23_13,clients=50
1778007305056,PUT_HOP,0,2,chordKey_3_0,
1778007305067,PUT_HOP,0,2,chordKey_28_0,
1778007305072,GET,89,2,chordKey_32_12,clients=50
1778007305073,PUT,0,0,chordKey_32_13,clients=50
1778007305077,PUT_HOP,0,2,chordKey_42_14,
1778007305082,PUT_HOP,0,2,chordKey_32_12,
1778007305083,PUT_HOP,0,2,chordKey_11_2,
1778007305083,PUT_HOP,0,2,chordKey_46_13,
1778007305084,GET,91,2,chordKey_11_2,clients=50
1778007305085,GET,1333,2,chordKey_40_0,clients=50
1778007305086,PUT_HOP,0,2,chordKey_4_2,
1778007305087,PUT,0,0,chordKey_40_1,clients=50
1778007305087,PUT_HOP,0,2,chordKey_30_2,
1778007305085,GET,1337,2,chordKey_19_0,clients=50
1778007305086,GET,95,2,chordKey_46_13,clients=50
1778007305089,PUT,0,0,chordKey_46_14,clients=50
1778007305086,PUT,0,0,chordKey_11_3,clients=50
1778007305089,GET,88,2,chordKey_26_2,clients=50
1778007305090,PUT,0,0,chordKey_26_3,clients=50
1778007305088,PUT,0,0,chordKey_19_1,clients=50
1778007305088,GET,98,2,chordKey_4_2,clients=50
1778007305092,PUT,0,0,chordKey_4_3,clients=50
1778007305090,GET,145,2,chordKey_42_14,clients=50
1778007305093,PUT,0,0,chordKey_42_15,clients=50
1778007305094,PUT_HOP,0,2,chordKey_26_2,
1778007305094,GET,1374,2,chordKey_33_0,clients=50
1778007305095,PUT,0,0,chordKey_33_1,clients=50
1778007305096,PUT_HOP,0,2,chordKey_2_2,
1778007305099,GET,95,2,chordKey_2_2,clients=50
1778007305100,PUT,0,0,chordKey_2_3,clients=50
1778007305099,GET,76,2,chordKey_18_2,clients=50
1778007305101,GET,99,2,chordKey_30_2,clients=50
1778007305102,PUT,0,0,chordKey_30_3,clients=50
1778007305101,PUT,0,0,chordKey_18_3,clients=50
1778007305103,GET,1349,2,chordKey_43_0,clients=50
1778007305104,PUT,0,0,chordKey_43_1,clients=50
1778007305104,GET,1397,2,chordKey_39_0,clients=50
1778007305105,PUT,0,0,chordKey_39_1,clients=50
1778007305106,GET,1352,2,chordKey_1_0,clients=50
1778007305107,PUT,0,0,chordKey_1_1,clients=50
1778007305107,GET,99,2,chordKey_22_2,clients=50
1778007305109,PUT_HOP,0,2,chordKey_37_2,
1778007305108,GET,80,2,chordKey_10_2,clients=50
1778007305109,PUT,0,0,chordKey_22_3,clients=50
1778007305116,PUT_HOP,0,2,chordKey_32_13,
1778007305107,GET,1364,2,chordKey_14_0,clients=50
1778007305117,GET,1423,2,chordKey_25_0,clients=50
1778007305118,PUT_HOP,0,2,chordKey_9_2,
1778007305119,PUT,0,0,chordKey_25_1,clients=50
1778007305119,PUT_HOP,0,2,chordKey_15_2,
1778007305116,GET,111,2,chordKey_37_2,clients=50
1778007305120,PUT_HOP,0,2,chordKey_20_5,
1778007305120,PUT,0,0,chordKey_37_3,clients=50
1778007305114,GET,72,2,chordKey_44_15,clients=50
1778007305110,PUT,0,0,chordKey_10_3,clients=50
1778007305118,PUT_HOP,0,2,chordKey_18_2,
1778007305122,PUT,0,0,chordKey_44_16,clients=50
1778007305121,GET,1423,2,chordKey_8_0,clients=50
1778007305118,PUT,0,0,chordKey_14_1,clients=50
1778007305117,GET,85,2,chordKey_31_2,clients=50
1778007305125,GET,87,2,chordKey_6_12,clients=50
1778007305125,PUT,0,0,chordKey_31_3,clients=50
1778007305124,PUT,0,0,chordKey_8_1,clients=50
1778007305124,GET,84,2,chordKey_24_12,clients=50
1778007305120,PUT_HOP,0,2,chordKey_20_4,
1778007305127,PUT,0,0,chordKey_24_13,clients=50
1778007305126,PUT,0,0,chordKey_6_13,clients=50
1778007305130,PUT_HOP,0,2,chordKey_6_12,
1778007305131,GET,100,2,chordKey_3_2,clients=50
1778007305132,PUT,0,0,chordKey_3_3,clients=50
1778007305132,GET,56,2,chordKey_32_13,clients=50
1778007305133,PUT_HOP,0,2,chordKey_41_13,
1778007305133,PUT,0,0,chordKey_32_14,clients=50
1778007305133,PUT_HOP,0,2,chordKey_16_12,
1778007305134,GET,96,2,chordKey_16_12,clients=50
1778007305133,PUT_HOP,0,2,chordKey_22_2,
1778007305135,PUT,0,0,chordKey_16_13,clients=50
1778007305136,PUT_HOP,0,2,chordKey_44_15,
1778007305140,GET,94,2,chordKey_15_2,clients=50
1778007305141,GET,95,2,chordKey_34_12,clients=50
1778007305141,GET,98,2,chordKey_12_2,clients=50
1778007305142,PUT,0,0,chordKey_34_13,clients=50
1778007305142,PUT,0,0,chordKey_15_3,clients=50
1778007305143,GET,90,2,chordKey_36_12,clients=50
1778007305144,PUT,0,0,chordKey_36_13,clients=50
1778007305142,PUT,0,0,chordKey_12_3,clients=50
1778007305149,GET,95,2,chordKey_38_14,clients=50
1778007305150,PUT,0,0,chordKey_38_15,clients=50
1778007305161,GET,73,2,chordKey_40_1,clients=50
1778007305162,PUT,0,0,chordKey_40_2,clients=50
1778007305163,GET,107,2,chordKey_23_13,clients=50
1778007305163,PUT_HOP,0,2,chordKey_10_2,
1778007305163,GET,118,2,chordKey_41_13,clients=50
1778007305164,PUT_HOP,0,2,chordKey_12_2,
1778007305165,PUT,0,0,chordKey_41_14,clients=50
1778007305164,PUT_HOP,0,2,chordKey_36_12,
1778007305164,PUT,0,0,chordKey_23_14,clients=50
1778007305164,PUT_HOP,0,2,chordKey_31_2,
1778007305164,PUT_HOP,0,2,chordKey_24_12,
1778007305164,PUT_HOP,0,2,chordKey_34_12,
1778007305164,PUT_HOP,0,2,chordKey_23_13,
1778007305164,PUT_HOP,0,2,chordKey_38_14,
1778007305168,PUT_HOP,0,2,chordKey_46_14,
1778007305169,PUT_HOP,0,2,chordKey_11_3,
1778007305170,PUT_HOP,0,2,chordKey_30_3,
1778007305169,PUT_HOP,0,2,chordKey_40_1,
1778007305173,GET,82,2,chordKey_11_3,clients=50
1778007305173,PUT_HOP,0,2,chordKey_18_3,
1778007305174,PUT,0,0,chordKey_11_4,clients=50
1778007305174,GET,78,2,chordKey_33_1,clients=50
1778007305175,GET,84,2,chordKey_26_3,clients=50
1778007305174,GET,84,2,chordKey_46_14,clients=50
1778007305176,GET,83,2,chordKey_4_3,clients=50
1778007305175,PUT,0,0,chordKey_33_2,clients=50
1778007305180,PUT,0,0,chordKey_4_4,clients=50
1778007305179,PUT,0,0,chordKey_46_15,clients=50
1778007305179,PUT,0,0,chordKey_26_4,clients=50
1778007305182,PUT_HOP,0,2,chordKey_33_1,
1778007305183,PUT_HOP,0,2,chordKey_1_1,
1778007305182,PUT_HOP,0,2,chordKey_19_1,
1778007305191,PUT_HOP,0,2,chordKey_2_3,
1778007305191,GET,86,2,chordKey_43_1,clients=50
1778007305192,PUT_HOP,0,2,chordKey_4_3,
1778007305192,PUT,0,0,chordKey_43_2,clients=50
1778007305191,GET,99,2,chordKey_19_1,clients=50
1778007305193,GET,87,2,chordKey_39_1,clients=50
1778007305193,PUT,0,0,chordKey_19_2,clients=50
1778007305194,PUT,0,0,chordKey_39_2,clients=50
1778007305202,GET,108,2,chordKey_42_15,clients=50
1778007305204,PUT,0,0,chordKey_42_16,clients=50
1778007305208,GET,73,2,chordKey_32_14,clients=50
1778007305209,PUT_HOP,0,2,chordKey_42_15,
1778007305210,PUT,0,0,chordKey_32_15,clients=50
1778007305211,PUT_HOP,0,2,chordKey_22_3,
1778007305212,PUT_HOP,0,2,chordKey_26_3,
1778007305212,GET,112,2,chordKey_2_3,clients=50
1778007305213,GET,105,2,chordKey_1_1,clients=50
1778007305212,GET,95,2,chordKey_22_3,clients=50
1778007305219,PUT,1,0,chordKey_1_2,clients=50
1778007305220,PUT_HOP,0,2,chordKey_14_1,
1778007305218,GET,115,2,chordKey_18_3,clients=50
1778007305221,PUT,0,0,chordKey_18_4,clients=50
1778007305221,PUT_HOP,0,2,chordKey_43_1,
1778007305214,PUT,0,0,chordKey_2_4,clients=50
1778007305221,PUT_HOP,0,1,chordKey_42_16,
1778007305220,PUT,0,0,chordKey_22_4,clients=50
1778007305223,PUT_HOP,0,2,chordKey_39_1,
1778007305223,PUT_HOP,0,2,chordKey_10_3,
1778007305224,GET,103,2,chordKey_37_3,clients=50
1778007305225,PUT_HOP,0,2,chordKey_31_3,
1778007305226,PUT,0,0,chordKey_37_4,clients=50
1778007305226,PUT_HOP,0,2,chordKey_32_14,
1778007305228,GET,103,2,chordKey_14_1,clients=50
1778007305230,PUT,0,0,chordKey_14_2,clients=50
1778007305236,GET,109,2,chordKey_8_1,clients=50
1778007305237,GET,117,2,chordKey_25_1,clients=50
1778007305238,PUT,0,0,chordKey_25_2,clients=50
1778007305237,GET,134,2,chordKey_30_3,clients=50
1778007305240,PUT,0,0,chordKey_30_4,clients=50
1778007305239,GET,33,1,chordKey_42_16,clients=50
1778007305238,PUT,0,0,chordKey_8_2,clients=50
1778007305242,PUT,0,0,chordKey_42_17,clients=50
1778007305249,GET,126,2,chordKey_10_3,clients=50
1778007305249,GET,117,2,chordKey_3_3,clients=50
1778007305251,GET,123,2,chordKey_24_13,clients=50
1778007305252,PUT,0,0,chordKey_24_14,clients=50
1778007305254,PUT_HOP,0,2,chordKey_44_16,
1778007305260,PUT_HOP,0,2,chordKey_6_13,
1778007305250,GET,113,2,chordKey_16_13,clients=50
1778007305260,PUT_HOP,0,2,chordKey_8_1,
1778007305261,PUT,0,0,chordKey_16_14,clients=50
1778007305260,PUT_HOP,0,2,chordKey_25_1,
1778007305250,GET,122,2,chordKey_6_13,clients=50
1778007305260,PUT_HOP,0,2,chordKey_12_3,
1778007305260,PUT_HOP,0,2,chordKey_15_3,
1778007305263,PUT,0,0,chordKey_6_14,clients=50
1778007305260,PUT_HOP,0,2,chordKey_16_13,
1778007305250,PUT,0,0,chordKey_10_4,clients=50
1778007305260,PUT_HOP,0,2,chordKey_24_13,
1778007305260,PUT_HOP,0,2,chordKey_37_3,
1778007305257,GET,131,2,chordKey_31_3,clients=50
1778007305252,PUT,0,0,chordKey_3_4,clients=50
1778007305264,PUT,0,0,chordKey_31_4,clients=50
1778007305252,GET,106,2,chordKey_12_3,clients=50
1778007305265,PUT,0,0,chordKey_12_4,clients=50
1778007305267,PUT_HOP,0,2,chordKey_34_13,
1778007305268,GET,124,2,chordKey_15_3,clients=50
1778007305269,PUT,0,0,chordKey_15_4,clients=50
1778007305277,GET,133,2,chordKey_34_13,clients=50
1778007305278,PUT,0,0,chordKey_34_14,clients=50
1778007305278,PUT_HOP,0,2,chordKey_20_99,
1778007305278,GET,133,2,chordKey_36_13,clients=50
1778007305279,PUT_HOP,0,2,chordKey_34_2,
1778007305279,PUT,0,0,chordKey_36_14,clients=50
1778007305281,PUT_HOP,0,2,chordKey_20_95,
1778007305295,GET,143,2,chordKey_38_15,clients=50
1778007305296,PUT,0,0,chordKey_38_16,clients=50
1778007305296,GET,133,2,chordKey_40_2,clients=50
1778007305297,PUT,0,0,chordKey_40_3,clients=50
1778007305298,PUT_HOP,0,2,chordKey_40_2,
1778007305299,PUT_HOP,0,2,chordKey_41_14,
1778007305300,PUT_HOP,0,2,chordKey_23_14,
1778007305299,PUT_HOP,0,2,chordKey_38_15,
1778007305300,GET,134,2,chordKey_23_14,clients=50
1778007305300,PUT_HOP,0,2,chordKey_11_4,
1778007305301,PUT,0,0,chordKey_23_15,clients=50
1778007305302,PUT_HOP,0,2,chordKey_33_2,
1778007305303,PUT_HOP,0,2,chordKey_46_15,
1778007305304,PUT_HOP,0,2,chordKey_26_4,
1778007305304,GET,181,2,chordKey_44_16,clients=50
1778007305304,GET,129,2,chordKey_11_4,clients=50
1778007305306,PUT,0,0,chordKey_11_5,clients=50
1778007305305,PUT,0,0,chordKey_44_17,clients=50
1778007305315,PUT_HOP,0,2,chordKey_4_4,
1778007305316,GET,135,2,chordKey_33_2,clients=50
1778007305317,GET,136,2,chordKey_4_4,clients=50
1778007305317,PUT,0,0,chordKey_4_5,clients=50
1778007305317,GET,135,2,chordKey_46_15,clients=50
1778007305318,PUT,0,0,chordKey_46_16,clients=50
1778007305317,PUT,0,0,chordKey_33_3,clients=50
1778007305332,GET,148,2,chordKey_26_4,clients=50
1778007305333,PUT,0,0,chordKey_26_5,clients=50
1778007305333,PUT_HOP,0,2,chordKey_19_2,
1778007305337,GET,172,2,chordKey_41_14,clients=50
1778007305338,PUT,0,0,chordKey_41_15,clients=50
1778007305341,GET,146,2,chordKey_19_2,clients=50
1778007305341,PUT_HOP,0,2,chordKey_2_4,
1778007305341,PUT,0,0,chordKey_19_3,clients=50
1778007305342,GET,1203,2,chordKey_45_2,clients=50
1778007305343,PUT_HOP,0,2,chordKey_22_4,
1778007305343,PUT_HOP,0,2,chordKey_1_2,
1778007305343,GET,150,2,chordKey_43_2,clients=50
1778007305344,PUT,0,0,chordKey_45_3,clients=50
1778007305344,PUT,0,0,chordKey_43_3,clients=50
1778007305346,PUT_HOP,0,2,chordKey_18_4,
1778007305346,PUT_HOP,0,1,chordKey_26_5,
1778007305348,GET,121,2,chordKey_37_4,clients=50
1778007305348,PUT_HOP,0,2,chordKey_37_4,
1778007305349,PUT,0,0,chordKey_37_5,clients=50
1778007305349,GET,139,2,chordKey_32_15,clients=50
1778007305349,GET,126,2,chordKey_22_4,clients=50
1778007305350,PUT_HOP,0,2,chordKey_14_2,
1778007305351,PUT,0,0,chordKey_32_16,clients=50
1778007305351,PUT_HOP,0,2,chordKey_8_2,
1778007305352,GET,121,2,chordKey_14_2,clients=50
1778007305353,PUT,0,0,chordKey_14_3,clients=50
1778007305351,GET,18,1,chordKey_26_5,clients=50
1778007305351,PUT,0,0,chordKey_22_5,clients=50
1778007305351,GET,129,2,chordKey_2_4,clients=50
1778007305355,PUT,0,0,chordKey_2_5,clients=50
1778007305355,PUT_HOP,0,2,chordKey_42_17,
1778007305355,GET,115,2,chordKey_25_2,clients=50
1778007305357,PUT,0,0,chordKey_25_3,clients=50
1778007305354,PUT,0,0,chordKey_26_6,clients=50
1778007305357,PUT_HOP,0,2,chordKey_32_15,
1778007305359,GET,139,2,chordKey_1_2,clients=50
1778007305360,PUT,0,0,chordKey_1_3,clients=50
1778007305364,PUT_HOP,0,2,chordKey_30_4,
1778007305365,GET,123,2,chordKey_30_4,clients=50
1778007305366,PUT,0,0,chordKey_30_5,clients=50
1778007305366,PUT_HOP,0,2,chordKey_16_14,
1778007305366,GET,144,2,chordKey_18_4,clients=50
1778007305366,PUT_HOP,0,2,chordKey_24_14,
1778007305366,PUT,0,0,chordKey_18_5,clients=50
1778007305368,GET,126,2,chordKey_8_2,clients=50
1778007305367,PUT_HOP,0,2,chordKey_10_4,
1778007305369,PUT,0,0,chordKey_8_3,clients=50
1778007305369,GET,109,2,chordKey_24_14,clients=50
1778007305368,PUT_HOP,0,2,chordKey_3_4,
1778007305369,GET,107,2,chordKey_16_14,clients=50
1778007305367,PUT_HOP,0,2,chordKey_25_2,
1778007305370,PUT,0,0,chordKey_24_15,clients=50
1778007305370,PUT,0,0,chordKey_16_15,clients=50
1778007305372,PUT_HOP,0,2,chordKey_31_4,
1778007305374,GET,131,2,chordKey_42_17,clients=50
1778007305374,PUT_HOP,0,2,chordKey_6_14,
1778007305374,GET,55,2,chordKey_46_16,clients=50
1778007305375,PUT,0,0,chordKey_42_18,clients=50
1778007305375,PUT,0,0,chordKey_46_17,clients=50
1778007305374,PUT_HOP,0,2,chordKey_46_16,
1778007305376,GET,112,2,chordKey_10_4,clients=50
1778007305377,GET,111,2,chordKey_12_4,clients=50
1778007305378,PUT,0,0,chordKey_12_5,clients=50
1778007305379,PUT_HOP,0,2,chordKey_15_4,
1778007305377,PUT,0,0,chordKey_10_5,clients=50
1778007305379,PUT_HOP,0,2,chordKey_12_4,
1778007305380,GET,115,2,chordKey_3_4,clients=50
1778007305380,PUT_HOP,0,2,chordKey_36_14,
1778007305381,GET,116,2,chordKey_31_4,clients=50
1778007305381,GET,118,2,chordKey_6_14,clients=50
1778007305381,PUT,0,0,chordKey_3_5,clients=50
1778007305382,PUT,0,0,chordKey_6_15,clients=50
1778007305382,PUT,0,0,chordKey_31_5,clients=50
1778007305386,PUT_HOP,0,2,chordKey_34_14,
1778007305388,GET,109,2,chordKey_34_14,clients=50
1778007305388,GET,108,2,chordKey_36_14,clients=50
1778007305389,GET,118,2,chordKey_15_4,clients=50
1778007305394,PUT,0,0,chordKey_36_15,clients=50
1778007305389,PUT,0,0,chordKey_34_15,clients=50
1778007305394,PUT,0,0,chordKey_15_5,clients=50
1778007305406,PUT_HOP,0,2,chordKey_38_16,
1778007305407,PUT_HOP,0,2,chordKey_40_3,
1778007305410,GET,108,2,chordKey_23_15,clients=50
1778007305412,PUT,0,0,chordKey_23_16,clients=50
1778007305414,GET,116,2,chordKey_40_3,clients=50
1778007305415,PUT,0,0,chordKey_40_4,clients=50
1778007305417,GET,120,2,chordKey_38_16,clients=50
1778007305417,PUT_HOP,0,2,chordKey_11_5,
1778007305418,PUT,0,0,chordKey_38_17,clients=50
1778007305419,PUT_HOP,0,2,chordKey_23_15,
1778007305420,GET,114,2,chordKey_11_5,clients=50
1778007305421,PUT,0,0,chordKey_11_6,clients=50
1778007305423,PUT_HOP,0,2,chordKey_33_3,
1778007305426,PUT_HOP,0,2,chordKey_4_5,
1778007305426,GET,108,2,chordKey_4_5,clients=50
1778007305427,PUT,0,0,chordKey_4_6,clients=50
1778007305428,GET,100,2,chordKey_33_3,clients=50
1778007305428,PUT,0,0,chordKey_33_4,clients=50
1778007305430,PUT_HOP,0,2,chordKey_34_15,
1778007305432,PUT_HOP,0,2,chordKey_41_15,
1778007305433,PUT_HOP,0,2,chordKey_19_3,
1778007305435,GET,90,2,chordKey_45_3,clients=50
1778007305437,PUT,0,0,chordKey_45_4,clients=50
1778007305438,PUT_HOP,0,2,chordKey_37_5,
1778007305438,GET,99,2,chordKey_41_15,clients=50
1778007305439,PUT_HOP,0,2,chordKey_14_3,
1778007305439,PUT,0,0,chordKey_41_16,clients=50
1778007305439,PUT_HOP,0,2,chordKey_44_17,
1778007305447,GET,51,2,chordKey_34_15,clients=50
1778007305448,PUT_HOP,0,2,chordKey_43_3,
1778007305449,GET,106,2,chordKey_19_3,clients=50
1778007305448,PUT_HOP,0,2,chordKey_2_5,
1778007305448,GET,94,2,chordKey_14_3,clients=50
1778007305450,PUT,0,0,chordKey_14_4,clients=50
1778007305448,GET,98,2,chordKey_37_5,clients=50
1778007305450,PUT_HOP,0,2,chordKey_45_3,
1778007305451,GET,144,2,chordKey_44_17,clients=50
1778007305451,PUT_HOP,0,2,chordKey_25_3,
1778007305449,PUT,0,0,chordKey_19_4,clients=50
1778007305449,PUT,0,0,chordKey_34_16,clients=50
1778007305452,PUT,0,0,chordKey_44_18,clients=50
1778007305454,PUT_HOP,0,2,chordKey_1_3,
1778007305455,GET,100,2,chordKey_22_5,clients=50
1778007305457,PUT,0,0,chordKey_22_6,clients=50
1778007305451,PUT,0,0,chordKey_37_6,clients=50
1778007305459,PUT_HOP,0,2,chordKey_18_5,
1778007305458,GET,101,2,chordKey_25_3,clients=50
1778007305456,GET,85,2,chordKey_24_15,clients=50
1778007305460,PUT,0,0,chordKey_24_16,clients=50
1778007305456,GET,95,2,chordKey_1_3,clients=50
1778007305454,GET,98,2,chordKey_2_5,clients=50
1778007305462,PUT_HOP,0,2,chordKey_8_3,
1778007305463,GET,97,2,chordKey_30_5,clients=50
1778007305463,PUT_HOP,0,2,chordKey_16_15,
1778007305464,PUT,0,0,chordKey_30_6,clients=50
1778007305454,GET,87,2,chordKey_18_5,clients=50
1778007305467,PUT,0,0,chordKey_18_6,clients=50
1778007305461,PUT,0,0,chordKey_1_4,clients=50
1778007305460,GET,91,2,chordKey_8_3,clients=50
1778007305468,PUT_HOP,0,2,chordKey_30_5,
1778007305469,PUT,0,0,chordKey_8_4,clients=50
1778007305468,PUT_HOP,0,2,chordKey_24_15,
1778007305460,PUT,0,0,chordKey_25_4,clients=50
1778007305473,GET,102,2,chordKey_16_15,clients=50
1778007305474,PUT,0,0,chordKey_16_16,clients=50
1778007305478,GET,102,2,chordKey_46_17,clients=50
1778007305479,PUT,0,0,chordKey_46_18,clients=50
1778007305483,PUT_HOP,0,2,chordKey_42_18,
1778007305485,GET,109,2,chordKey_42_18,clients=50
1778007305483,PUT_HOP,0,2,chordKey_12_5,
1778007305486,GET,106,2,chordKey_10_5,clients=50
1778007305485,PUT_HOP,0,2,chordKey_10_5,
1778007305487,PUT,0,0,chordKey_10_6,clients=50
1778007305488,PUT_HOP,0,2,chordKey_31_5,
1778007305486,PUT,0,0,chordKey_42_19,clients=50
1778007305487,PUT_HOP,0,2,chordKey_6_15,
1778007305488,GET,106,2,chordKey_3_5,clients=50
1778007305489,PUT_HOP,0,2,chordKey_3_5,
1778007305491,PUT,0,0,chordKey_3_6,clients=50
1778007305488,GET,105,2,chordKey_6_15,clients=50
1778007305494,GET,111,2,chordKey_31_5,clients=50
1778007305495,PUT,0,0,chordKey_31_6,clients=50
1778007305492,GET,113,2,chordKey_12_5,clients=50
1778007305496,PUT_HOP,0,2,chordKey_26_6,
1778007305497,GET,102,2,chordKey_36_15,clients=50
1778007305497,PUT_HOP,0,2,chordKey_46_17,
1778007305497,PUT,0,0,chordKey_36_16,clients=50
1778007305494,PUT,0,0,chordKey_6_16,clients=50
1778007305504,PUT_HOP,0,1,chordKey_44_18,
1778007305499,GET,147,2,chordKey_32_16,clients=50
1778007305508,GET,53,1,chordKey_44_18,clients=50
1778007305508,PUT_HOP,0,2,chordKey_36_15,
1778007305497,PUT,0,0,chordKey_12_6,clients=50
1778007305508,PUT,0,0,chordKey_32_17,clients=50
1778007305509,PUT,0,0,chordKey_44_19,clients=50
1778007305513,GET,155,2,chordKey_26_6,clients=50
1778007305514,PUT,0,0,chordKey_26_7,clients=50
1778007305522,PUT_HOP,0,2,chordKey_15_5,
1778007305523,GET,127,2,chordKey_15_5,clients=50
1778007305524,PUT,0,0,chordKey_15_6,clients=50
1778007305526,PUT_HOP,0,1,chordKey_32_17,
1778007305527,PUT_HOP,0,2,chordKey_38_17,
1778007305529,GET,19,1,chordKey_32_17,clients=50
1778007305530,GET,114,2,chordKey_40_4,clients=50
1778007305530,PUT,0,0,chordKey_32_18,clients=50
1778007305530,GET,117,2,chordKey_23_16,clients=50
1778007305530,PUT_HOP,0,2,chordKey_40_4,
1778007305531,PUT,0,0,chordKey_23_17,clients=50
1778007305531,PUT,0,0,chordKey_40_5,clients=50
1778007305534,PUT_HOP,0,2,chordKey_34_16,
1778007305535,PUT_HOP,0,2,chordKey_24_16,
1778007305535,PUT_HOP,0,2,chordKey_11_6,
1778007305537,GET,118,2,chordKey_38_17,clients=50
1778007305539,PUT,0,0,chordKey_38_18,clients=50
1778007305542,GET,88,2,chordKey_34_16,clients=50
1778007305543,PUT,0,0,chordKey_34_17,clients=50
1778007305547,GET,119,2,chordKey_4_6,clients=50
1778007305547,GET,118,2,chordKey_33_4,clients=50
1778007305549,PUT,0,0,chordKey_33_5,clients=50
1778007305549,PUT,0,0,chordKey_4_7,clients=50
1778007305548,PUT_HOP,0,2,chordKey_4_6,
1778007305548,PUT_HOP,0,2,chordKey_33_4,
1778007305553,PUT_HOP,0,2,chordKey_45_4,
1778007305554,PUT_HOP,0,2,chordKey_41_16,
1778007305568,PUT_HOP,0,2,chordKey_19_4,
1778007305568,PUT_HOP,0,2,chordKey_37_6,
1778007305572,GET,121,2,chordKey_14_4,clients=50
1778007305573,PUT,0,0,chordKey_14_5,clients=50
1778007305575,GET,134,2,chordKey_41_16,clients=50
1778007305575,PUT,0,0,chordKey_41_17,clients=50
1778007305575,GET,137,2,chordKey_45_4,clients=50
1778007305577,PUT,0,0,chordKey_45_5,clients=50
1778007305578,PUT_HOP,0,2,chordKey_22_6,
1778007305579,GET,126,2,chordKey_19_4,clients=50
1778007305579,PUT_HOP,0,2,chordKey_14_4,
1778007305580,PUT,0,0,chordKey_19_5,clients=50
1778007305587,PUT_HOP,0,2,chordKey_30_6,
1778007305588,GET,129,2,chordKey_37_6,clients=50
1778007305589,PUT,0,0,chordKey_37_7,clients=50
1778007305589,GET,131,2,chordKey_22_6,clients=50
1778007305590,PUT,0,0,chordKey_22_7,clients=50
1778007305595,PUT_HOP,0,2,chordKey_42_19,
1778007305595,PUT_HOP,0,2,chordKey_16_16,
1778007305597,GET,121,2,chordKey_16_16,clients=50
1778007305597,PUT_HOP,0,2,chordKey_8_4,
1778007305597,GET,129,2,chordKey_1_4,clients=50
1778007305596,PUT_HOP,0,2,chordKey_18_6,
1778007305599,PUT,0,0,chordKey_16_17,clients=50
1778007305600,PUT,0,0,chordKey_1_5,clients=50
1778007305609,PUT_HOP,0,2,chordKey_31_6,
1778007305611,GET,122,2,chordKey_10_6,clients=50
1778007305612,PUT_HOP,0,2,chordKey_3_6,
1778007305613,PUT_HOP,0,2,chordKey_46_18,
1778007305608,PUT_HOP,0,2,chordKey_25_4,
1778007305612,PUT_HOP,0,2,chordKey_10_6,
1778007305614,PUT_HOP,0,2,chordKey_1_4,
1778007305615,GET,135,2,chordKey_46_18,clients=50
1778007305616,GET,118,2,chordKey_36_16,clients=50
1778007305614,GET,142,2,chordKey_8_4,clients=50
1778007305613,GET,145,2,chordKey_18_6,clients=50
1778007305617,PUT_HOP,0,2,chordKey_36_16,
1778007305613,GET,117,2,chordKey_31_6,clients=50
1778007305616,PUT_HOP,0,2,chordKey_6_16,
1778007305619,PUT,0,0,chordKey_31_7,clients=50
1778007305620,GET,110,2,chordKey_44_19,clients=50
1778007305621,PUT,0,0,chordKey_44_20,clients=50
1778007305612,GET,120,2,chordKey_3_6,clients=50
1778007305621,PUT_HOP,0,2,chordKey_44_19,
1778007305619,GET,128,2,chordKey_42_19,clients=50
1778007305619,GET,109,2,chordKey_12_6,clients=50
1778007305618,PUT,0,0,chordKey_18_7,clients=50
1778007305623,PUT,0,0,chordKey_12_7,clients=50
1778007305618,PUT_HOP,0,2,chordKey_12_6,
1778007305618,PUT,0,0,chordKey_8_5,clients=50
1778007305625,PUT_HOP,0,2,chordKey_15_6,
1778007305617,PUT,0,0,chordKey_36_17,clients=50
1778007305617,GET,143,2,chordKey_25_4,clients=50
1778007305617,GET,109,2,chordKey_6_16,clients=50
1778007305626,PUT_HOP,0,2,chordKey_32_18,
1778007305626,PUT,0,0,chordKey_25_5,clients=50
1778007305617,PUT,0,0,chordKey_46_19,clients=50
1778007305627,PUT_HOP,0,2,chordKey_40_5,
1778007305616,PUT,0,0,chordKey_10_7,clients=50
1778007305628,GET,97,2,chordKey_32_18,clients=50
1778007305629,PUT_HOP,0,2,chordKey_23_17,
1778007305629,GET,97,2,chordKey_23_17,clients=50
1778007305627,PUT,0,0,chordKey_6_17,clients=50
1778007305624,GET,99,2,chordKey_15_6,clients=50
1778007305631,PUT,0,0,chordKey_15_7,clients=50
1778007305631,PUT_HOP,0,2,chordKey_26_7,
1778007305623,PUT,0,0,chordKey_42_20,clients=50
1778007305622,PUT,0,0,chordKey_3_7,clients=50
1778007305630,PUT,0,0,chordKey_23_18,clients=50
1778007305629,PUT,0,0,chordKey_32_19,clients=50
1778007305634,GET,119,2,chordKey_26_7,clients=50
1778007305635,PUT,0,0,chordKey_26_8,clients=50
1778007305641,GET,109,2,chordKey_40_5,clients=50
1778007305642,PUT_HOP,0,2,chordKey_38_18,
1778007305643,PUT,0,0,chordKey_40_6,clients=50
1778007305643,GET,104,2,chordKey_38_18,clients=50
1778007305644,PUT,0,0,chordKey_38_19,clients=50
1778007305648,PUT_HOP,0,2,chordKey_4_7,
1778007305655,GET,110,2,chordKey_34_17,clients=50
1778007305656,PUT,0,0,chordKey_34_18,clients=50
1778007305657,PUT_HOP,0,2,chordKey_34_17,
1778007305659,PUT_HOP,0,2,chordKey_33_5,
1778007305660,PUT_HOP,0,2,chordKey_36_17,
1778007305660,GET,110,2,chordKey_33_5,clients=50
1778007305661,PUT,0,0,chordKey_33_6,clients=50
1778007305663,PUT_HOP,0,2,chordKey_14_5,
1778007305667,PUT_HOP,0,2,chordKey_41_17,
1778007305668,GET,117,2,chordKey_4_7,clients=50
1778007305668,PUT_HOP,0,2,chordKey_45_5,
1778007305668,PUT,0,0,chordKey_4_8,clients=50
1778007305673,GET,97,2,chordKey_41_17,clients=50
1778007305675,PUT,0,0,chordKey_41_18,clients=50
1778007305680,GET,54,2,chordKey_36_17,clients=50
1778007305681,PUT,0,0,chordKey_36_18,clients=50
1778007305681,GET,108,2,chordKey_14_5,clients=50
1778007305682,PUT_HOP,0,2,chordKey_19_5,
1778007305682,PUT,0,0,chordKey_14_6,clients=50
1778007305686,GET,105,2,chordKey_19_5,clients=50
1778007305687,PUT,0,0,chordKey_19_6,clients=50
1778007305693,GET,103,2,chordKey_37_7,clients=50
1778007305694,PUT,0,0,chordKey_37_8,clients=50
1778007305697,PUT_HOP,0,2,chordKey_37_7,
1778007305699,GET,121,2,chordKey_45_5,clients=50
1778007305699,PUT,0,0,chordKey_45_6,clients=50
1778007305700,PUT_HOP,0,2,chordKey_22_7,
1778007305701,GET,109,2,chordKey_22_7,clients=50
1778007305702,PUT,0,0,chordKey_22_8,clients=50
1778007305702,GET,102,2,chordKey_1_5,clients=50
1778007305703,PUT,0,0,chordKey_1_6,clients=50
1778007305706,GET,62,2,chordKey_38_19,clients=50
1778007305708,PUT,0,0,chordKey_38_20,clients=50
1778007305707,GET,107,2,chordKey_16_17,clients=50
1778007305709,PUT,0,0,chordKey_16_18,clients=50
1778007305710,PUT_HOP,0,2,chordKey_31_7,
1778007305701,PUT_HOP,0,2,chordKey_1_5,
1778007305712,GET,91,2,chordKey_31_7,clients=50
1778007305701,PUT_HOP,0,2,chordKey_16_17,
1778007305713,PUT,0,0,chordKey_31_8,clients=50
1778007305713,PUT_HOP,0,2,chordKey_42_20,
1778007305713,PUT_HOP,0,2,chordKey_46_19,
1778007305715,PUT_HOP,0,2,chordKey_44_20,
1778007305716,GET,94,2,chordKey_44_20,clients=50
1778007305716,PUT,0,0,chordKey_44_21,clients=50
1778007305716,GET,92,2,chordKey_12_7,clients=50
1778007305717,GET,93,2,chordKey_18_7,clients=50
1778007305720,PUT,0,0,chordKey_18_8,clients=50
1778007305701,PUT_HOP,0,2,chordKey_38_19,
1778007305721,GET,95,2,chordKey_8_5,clients=50
1778007305707,PUT_HOP,0,2,chordKey_10_7,
1778007305717,PUT_HOP,0,2,chordKey_25_5,
1778007305722,PUT,0,0,chordKey_8_6,clients=50
1778007305717,PUT_HOP,0,2,chordKey_12_7,
1778007305712,PUT_HOP,0,2,chordKey_18_7,
1778007305718,PUT,0,0,chordKey_12_8,clients=50
1778007305714,PUT_HOP,0,2,chordKey_6_17,
1778007305725,PUT_HOP,0,2,chordKey_26_8,
1778007305738,GET,105,2,chordKey_42_20,clients=50
1778007305714,PUT_HOP,0,2,chordKey_3_7,
1778007305739,PUT,0,0,chordKey_42_21,clients=50
1778007305710,PUT_HOP,0,2,chordKey_8_5,
1778007305737,GET,110,2,chordKey_25_5,clients=50
1778007305740,PUT,0,0,chordKey_25_6,clients=50
1778007305730,GET,94,2,chordKey_26_8,clients=50
1778007305729,GET,98,2,chordKey_6_17,clients=50
1778007305741,GET,114,2,chordKey_46_19,clients=50
1778007305738,PUT_HOP,0,2,chordKey_32_19,
1778007305741,PUT_HOP,0,2,chordKey_40_6,
1778007305742,PUT,0,0,chordKey_46_20,clients=50
1778007305728,GET,95,2,chordKey_3_7,clients=50
1778007305728,GET,95,2,chordKey_23_18,clients=50
1778007305744,PUT,0,0,chordKey_23_19,clients=50
1778007305724,GET,95,2,chordKey_10_7,clients=50
1778007305745,PUT,0,0,chordKey_10_8,clients=50
1778007305744,PUT,0,0,chordKey_3_8,clients=50
1778007305744,GET,100,2,chordKey_40_6,clients=50
1778007305747,GET,115,2,chordKey_15_7,clients=50
1778007305742,PUT,0,0,chordKey_6_18,clients=50
1778007305748,PUT,0,0,chordKey_15_8,clients=50
1778007305741,PUT,0,0,chordKey_26_9,clients=50
1778007305747,PUT,0,0,chordKey_40_7,clients=50
1778007305746,GET,112,2,chordKey_32_19,clients=50
1778007305750,PUT,0,0,chordKey_32_20,clients=50
1778007305758,PUT_HOP,0,2,chordKey_33_6,
1778007305760,PUT_HOP,0,2,chordKey_4_8,
1778007305761,GET,99,2,chordKey_33_6,clients=50
1778007305761,PUT_HOP,0,2,chordKey_41_18,
1778007305762,PUT,0,0,chordKey_33_7,clients=50
1778007305765,GET,83,2,chordKey_36_18,clients=50
1778007305765,PUT,0,0,chordKey_36_19,clients=50
1778007305768,GET,99,2,chordKey_4_8,clients=50
1778007305768,GET,92,2,chordKey_41_18,clients=50
1778007305770,PUT_HOP,0,2,chordKey_19_6,
1778007305770,PUT_HOP,0,1,chordKey_25_6,
1778007305770,PUT,0,0,chordKey_41_19,clients=50
1778007305769,PUT_HOP,0,2,chordKey_14_6,
1778007305770,PUT,0,0,chordKey_4_9,clients=50
1778007305772,PUT_HOP,0,2,chordKey_37_8,
1778007305772,GET,115,2,chordKey_34_18,clients=50
1778007305774,PUT,0,0,chordKey_34_19,clients=50
1778007305775,GET,91,2,chordKey_14_6,clients=50
1778007305776,PUT_HOP,0,2,chordKey_26_9,
1778007305778,GET,37,1,chordKey_25_6,clients=50
1778007305778,PUT_HOP,0,2,chordKey_36_18,
1778007305779,PUT,0,0,chordKey_25_7,clients=50
1778007305788,PUT_HOP,0,2,chordKey_45_6,
1778007305791,GET,95,2,chordKey_37_8,clients=50
1778007305791,PUT,0,0,chordKey_37_9,clients=50
1778007305794,GET,92,2,chordKey_22_8,clients=50
1778007305795,PUT_HOP,0,2,chordKey_22_8,
1778007305795,PUT,0,0,chordKey_22_9,clients=50
1778007305796,PUT_HOP,0,2,chordKey_38_20,
1778007305796,GET,92,2,chordKey_1_6,clients=50
1778007305797,PUT,0,0,chordKey_1_7,clients=50
1778007305798,PUT_HOP,0,2,chordKey_1_6,
1778007305799,GET,111,2,chordKey_19_6,clients=50
1778007305799,PUT,0,0,chordKey_19_7,clients=50
1778007305808,PUT_HOP,0,2,chordKey_16_18,
1778007305809,GET,108,2,chordKey_45_6,clients=50
1778007305810,GET,60,2,chordKey_26_9,clients=50
1778007305811,PUT,0,0,chordKey_26_10,clients=50
1778007305810,PUT,0,0,chordKey_45_7,clients=50
1778007305814,GET,105,2,chordKey_38_20,clients=50
1778007305814,PUT_HOP,0,2,chordKey_31_8,
1778007305815,PUT,0,0,chordKey_38_21,clients=50
1778007305816,GET,98,2,chordKey_44_21,clients=50
1778007305816,PUT,0,0,chordKey_44_22,clients=50
1778007305816,PUT_HOP,0,2,chordKey_12_8,
1778007305815,PUT_HOP,0,2,chordKey_44_21,
1778007305815,GET,105,2,chordKey_16_18,clients=50
1778007305819,PUT,0,0,chordKey_16_19,clients=50
1778007305821,PUT_HOP,0,2,chordKey_8_6,
1778007305821,GET,100,2,chordKey_18_8,clients=50
1778007305822,PUT,0,0,chordKey_18_9,clients=50
1778007305822,GET,108,2,chordKey_31_8,clients=50
1778007305824,PUT,0,0,chordKey_31_9,clients=50
1778007305824,PUT_HOP,0,1,chordKey_34_19,
1778007305825,PUT_HOP,0,2,chordKey_18_8,
1778007305828,GET,53,1,chordKey_34_19,clients=50
1778007305829,PUT,0,0,chordKey_34_20,clients=50
1778007305830,PUT_HOP,0,2,chordKey_34_18,
1778007305832,GET,93,2,chordKey_42_21,clients=50
1778007305833,PUT,0,0,chordKey_42_22,clients=50
1778007305835,PUT_HOP,0,2,chordKey_42_21,
1778007305835,PUT_HOP,0,1,chordKey_22_9,
1778007305837,GET,113,2,chordKey_8_6,clients=50
1778007305838,GET,42,1,chordKey_22_9,clients=50
1778007305839,GET,101,2,chordKey_12_8,clients=50
1778007305840,PUT,0,0,chordKey_12_9,clients=50
1778007305838,PUT,0,0,chordKey_8_7,clients=50
1778007305842,PUT_HOP,0,2,chordKey_6_18,
1778007305840,PUT,0,0,chordKey_22_10,clients=50
1778007305844,PUT_HOP,0,2,chordKey_46_20,
1778007305845,GET,102,2,chordKey_46_20,clients=50
1778007305845,PUT_HOP,0,2,chordKey_23_19,
1778007305847,PUT,0,0,chordKey_46_21,clients=50
1778007305846,PUT_HOP,0,2,chordKey_3_8,
1778007305848,PUT_HOP,0,2,chordKey_10_8,
1778007305849,PUT_HOP,0,2,chordKey_24_10,
1778007305851,GET,105,2,chordKey_10_8,clients=50
1778007305851,GET,2153,2,chordKey_48_0,clients=50
1778007305853,PUT,0,0,chordKey_10_9,clients=50
1778007305854,GET,109,2,chordKey_23_19,clients=50
1778007305854,GET,107,2,chordKey_3_8,clients=50
1778007305853,PUT,0,0,chordKey_48_1,clients=50
1778007305856,PUT_HOP,0,2,chordKey_46_11,
1778007305856,PUT,0,0,chordKey_3_9,clients=50
1778007305857,PUT_HOP,0,2,chordKey_44_12,
1778007305857,PUT_HOP,0,2,chordKey_15_8,
1778007305858,PUT_HOP,0,2,chordKey_34_10,
1778007305856,PUT,0,0,chordKey_23_20,clients=50
1778007305861,PUT_HOP,0,2,chordKey_40_7,
1778007305861,PUT_HOP,0,2,chordKey_32_20,
1778007305862,GET,111,2,chordKey_32_20,clients=50
1778007305863,PUT,0,0,chordKey_32_21,clients=50
1778007305864,GET,116,2,chordKey_15_8,clients=50
1778007305865,PUT,0,0,chordKey_15_9,clients=50
1778007305864,GET,115,2,chordKey_40_7,clients=50
1778007305867,PUT,0,0,chordKey_40_8,clients=50
1778007305867,GET,119,2,chordKey_6_18,clients=50
1778007305868,PUT_HOP,0,2,chordKey_33_7,
1778007305868,PUT_HOP,0,2,chordKey_4_9,
1778007305869,PUT,0,0,chordKey_6_19,clients=50
1778007305870,GET,108,2,chordKey_33_7,clients=50
1778007305870,PUT_HOP,0,2,chordKey_36_19,
1778007305872,PUT_HOP,0,2,chordKey_16_19,
1778007305872,PUT,0,0,chordKey_33_8,clients=50
1778007305871,GET,52,2,chordKey_16_19,clients=50
1778007305873,PUT,0,0,chordKey_16_20,clients=50
1778007305877,PUT_HOP,0,2,chordKey_41_19,
1778007305882,GET,115,2,chordKey_36_19,clients=50
1778007305883,PUT,0,0,chordKey_36_20,clients=50
1778007305890,PUT_HOP,0,2,chordKey_25_7,
1778007305892,GET,121,2,chordKey_41_19,clients=50
1778007305893,PUT,0,0,chordKey_41_20,clients=50
1778007305900,GET,127,2,chordKey_4_9,clients=50
1778007305901,PUT_HOP,0,2,chordKey_37_9,
1778007305902,PUT,0,0,chordKey_4_10,clients=50
1778007305901,PUT_HOP,0,2,chordKey_28_10,
1778007305903,PUT_HOP,0,2,chordKey_1_7,
1778007305904,GET,1122,2,chordKey_49_11,clients=50
1778007305905,PUT,0,0,chordKey_49_12,clients=50
1778007305909,GET,109,2,chordKey_19_7,clients=50
1778007305910,PUT_HOP,0,2,chordKey_26_10,
1778007305910,PUT_HOP,0,2,chordKey_45_7,
1778007305910,PUT,0,0,chordKey_19_8,clients=50
1778007305911,GET,131,2,chordKey_25_7,clients=50
1778007305912,PUT_HOP,0,2,chordKey_38_21,
1778007305912,PUT,0,0,chordKey_25_8,clients=50
1778007305912,GET,100,2,chordKey_26_10,clients=50
1778007305913,PUT,0,0,chordKey_26_11,clients=50
1778007305913,GET,101,2,chordKey_45_7,clients=50
1778007305914,PUT_HOP,0,2,chordKey_19_7,
1778007305914,PUT,0,0,chordKey_45_8,clients=50
1778007305915,GET,123,2,chordKey_37_9,clients=50
1778007305916,PUT,0,0,chordKey_37_10,clients=50
1778007305917,GET,119,2,chordKey_1_7,clients=50
1778007305918,PUT,0,0,chordKey_1_8,clients=50
1778007305918,GET,1119,2,chordKey_28_10,clients=50
1778007305919,PUT,0,0,chordKey_28_11,clients=50
1778007305919,GET,103,2,chordKey_38_21,clients=50
1778007305921,PUT,0,0,chordKey_38_22,clients=50
1778007305928,PUT_HOP,0,2,chordKey_31_9,
1778007305929,GET,111,2,chordKey_44_22,clients=50
1778007305930,PUT,0,0,chordKey_44_23,clients=50
1778007305938,PUT_HOP,0,2,chordKey_44_22,
1778007305938,PUT_HOP,0,2,chordKey_18_9,
1778007305939,GET,116,2,chordKey_18_9,clients=50
1778007305940,PUT,0,0,chordKey_18_10,clients=50
1778007305940,GET,110,2,chordKey_34_20,clients=50
1778007305942,PUT,0,0,chordKey_34_21,clients=50
1778007305941,GET,2192,2,chordKey_47_0,clients=50
1778007305943,PUT,0,0,chordKey_47_1,clients=50
1778007305945,PUT_HOP,0,1,chordKey_45_8,
1778007305948,GET,2201,2,chordKey_7_0,clients=50
1778007305948,GET,2229,2,chordKey_13_0,clients=50
1778007305949,PUT,0,0,chordKey_7_1,clients=50
1778007305949,GET,33,1,chordKey_45_8,clients=50
1778007305950,PUT,0,0,chordKey_45_9,clients=50
1778007305949,PUT,0,0,chordKey_13_1,clients=50
1778007305951,GET,2242,2,chordKey_21_0,clients=50
1778007305952,PUT,0,0,chordKey_21_1,clients=50
1778007305952,PUT_HOP,0,2,chordKey_34_20,
1778007305953,GET,119,2,chordKey_42_22,clients=50
1778007305955,PUT,0,0,chordKey_42_23,clients=50
1778007305954,GET,129,2,chordKey_31_9,clients=50
1778007305957,PUT,0,0,chordKey_31_10,clients=50
1778007305961,PUT_HOP,0,2,chordKey_20_1,
1778007305963,GET,2241,2,chordKey_17_0,clients=50
1778007305963,PUT_HOP,0,2,chordKey_42_22,
1778007305964,PUT,0,0,chordKey_17_1,clients=50
1778007305964,GET,122,2,chordKey_12_9,clients=50
1778007305966,PUT,0,0,chordKey_12_10,clients=50
1778007305961,PUT_HOP,0,2,chordKey_8_7,
1778007305979,GET,124,2,chordKey_10_9,clients=50
1778007305979,PUT_HOP,0,2,chordKey_46_21,
1778007305981,PUT,0,0,chordKey_10_10,clients=50
1778007305980,PUT_HOP,0,2,chordKey_23_20,
1778007305979,PUT_HOP,0,2,chordKey_48_1,
1778007305980,GET,137,2,chordKey_22_10,clients=50
1778007305979,PUT_HOP,0,2,chordKey_12_9,
1778007305981,GET,124,2,chordKey_48_1,clients=50
1778007305979,PUT_HOP,0,2,chordKey_10_9,
1778007305982,PUT,0,0,chordKey_22_11,clients=50
1778007305979,PUT_HOP,0,2,chordKey_22_10,
1778007305983,PUT,0,0,chordKey_48_2,clients=50
1778007305985,GET,126,2,chordKey_3_9,clients=50
1778007305985,GET,137,2,chordKey_46_21,clients=50
1778007305986,PUT,0,0,chordKey_3_10,clients=50
1778007305987,PUT,0,0,chordKey_46_22,clients=50
1778007305987,PUT_HOP,0,2,chordKey_15_9,
1778007305990,GET,148,2,chordKey_8_7,clients=50
1778007305991,PUT,0,0,chordKey_8_8,clients=50
1778007305998,PUT_HOP,0,2,chordKey_3_9,
1778007306000,PUT_HOP,0,2,chordKey_32_21,
1778007306004,PUT_HOP,0,2,chordKey_40_8,
1778007306006,PUT_HOP,0,2,chordKey_33_8,
1778007306008,PUT_HOP,0,2,chordKey_6_19,
1778007306010,PUT_HOP,0,2,chordKey_16_20,
1778007306010,PUT_HOP,0,2,chordKey_36_20,
1778007306019,GET,154,2,chordKey_32_21,clients=50
1778007306019,GET,152,2,chordKey_40_8,clients=50
1778007306020,PUT,0,0,chordKey_40_9,clients=50
1778007306019,GET,159,2,chordKey_23_20,clients=50
1778007306022,PUT,0,0,chordKey_23_21,clients=50
1778007306020,GET,1163,2,chordKey_5_11,clients=50
1778007306020,PUT,0,0,chordKey_32_22,clients=50
1778007306024,PUT,0,0,chordKey_5_12,clients=50
1778007306033,PUT_HOP,0,2,chordKey_41_20,
1778007306033,GET,163,2,chordKey_6_19,clients=50
1778007306034,PUT_HOP,0,2,chordKey_49_12,
1778007306034,PUT,0,0,chordKey_6_20,clients=50
1778007306035,PUT_HOP,0,2,chordKey_4_10,
1778007306035,GET,161,2,chordKey_16_20,clients=50
1778007306035,PUT_HOP,0,2,chordKey_19_8,
1778007306036,GET,169,2,chordKey_15_9,clients=50
1778007306037,PUT,0,0,chordKey_15_10,clients=50
1778007306036,PUT,0,0,chordKey_16_21,clients=50
1778007306036,GET,152,2,chordKey_36_20,clients=50
1778007306039,PUT,0,0,chordKey_36_21,clients=50
1778007306041,GET,138,2,chordKey_4_10,clients=50
1778007306043,PUT,0,0,chordKey_4_11,clients=50
1778007306039,GET,145,2,chordKey_41_20,clients=50
1778007306044,PUT,0,0,chordKey_41_21,clients=50
1778007306046,PUT_HOP,0,2,chordKey_37_10,
1778007306047,GET,130,2,chordKey_37_10,clients=50
1778007306048,GET,129,2,chordKey_1_8,clients=50
1778007306047,GET,133,2,chordKey_26_11,clients=50
1778007306048,PUT_HOP,0,2,chordKey_1_8,
1778007306048,PUT,0,0,chordKey_1_9,clients=50
1778007306048,PUT,0,0,chordKey_37_11,clients=50
1778007306049,PUT_HOP,0,2,chordKey_28_11,
1778007306049,PUT,0,0,chordKey_26_12,clients=50
1778007306051,PUT_HOP,0,2,chordKey_38_22,
1778007306051,GET,129,2,chordKey_38_22,clients=50
1778007306052,PUT,0,0,chordKey_38_23,clients=50
1778007306053,PUT_HOP,0,2,chordKey_34_21,
1778007306052,GET,131,2,chordKey_28_11,clients=50
1778007306054,PUT_HOP,0,2,chordKey_44_23,
1778007306054,PUT_HOP,0,2,chordKey_47_1,
1778007306055,PUT,0,0,chordKey_28_12,clients=50
1778007306055,PUT_HOP,0,2,chordKey_7_1,
1778007306055,GET,124,2,chordKey_44_23,clients=50
1778007306058,PUT,0,0,chordKey_44_24,clients=50
1778007306058,GET,114,2,chordKey_47_1,clients=50
1778007306058,PUT_HOP,0,2,chordKey_13_1,
1778007306058,PUT_HOP,0,2,chordKey_31_10,
1778007306059,PUT,0,0,chordKey_47_2,clients=50
1778007306059,PUT_HOP,0,2,chordKey_22_11,
1778007306060,GET,148,2,chordKey_19_8,clients=50
1778007306060,PUT,0,0,chordKey_19_9,clients=50
1778007306060,GET,155,2,chordKey_49_12,clients=50
1778007306062,PUT,0,0,chordKey_49_13,clients=50
1778007306061,GET,104,2,chordKey_31_10,clients=50
1778007306063,PUT,0,0,chordKey_31_11,clients=50
1778007306063,PUT_HOP,0,2,chordKey_48_2,
1778007306061,GET,105,2,chordKey_42_23,clients=50
1778007306064,PUT_HOP,0,2,chordKey_10_10,
1778007306064,PUT,0,0,chordKey_42_24,clients=50
1778007306061,GET,111,2,chordKey_7_1,clients=50
1778007306065,GET,83,2,chordKey_10_10,clients=50
1778007306065,PUT,0,0,chordKey_7_2,clients=50
1778007306066,PUT,0,0,chordKey_10_11,clients=50
1778007306065,GET,81,2,chordKey_22_11,clients=50
1778007306064,GET,78,2,chordKey_48_2,clients=50
1778007306067,PUT,0,0,chordKey_22_12,clients=50
1778007306067,PUT,0,0,chordKey_48_3,clients=50
1778007306083,GET,1123,2,chordKey_35_12,clients=50
1778007306084,PUT,0,0,chordKey_35_13,clients=50
1778007306084,GET,171,2,chordKey_25_8,clients=50
1778007306085,PUT,0,0,chordKey_25_9,clients=50
1778007306093,GET,71,2,chordKey_40_9,clients=50
1778007306093,PUT_HOP,0,2,chordKey_32_22,
1778007306094,PUT,0,0,chordKey_40_10,clients=50
1778007306094,PUT_HOP,0,2,chordKey_5_12,
1778007306094,GET,143,2,chordKey_45_9,clients=50
1778007306095,PUT_HOP,0,2,chordKey_23_21,
1778007306095,PUT,0,0,chordKey_45_10,clients=50
1778007306096,PUT_HOP,0,2,chordKey_40_9,
1778007306096,PUT_HOP,0,2,chordKey_45_9,
1778007306102,GET,71,2,chordKey_5_12,clients=50
1778007306103,GET,79,2,chordKey_32_22,clients=50
1778007306103,PUT,0,0,chordKey_5_13,clients=50
1778007306104,PUT,0,0,chordKey_32_23,clients=50
1778007306104,GET,81,2,chordKey_23_21,clients=50
1778007306106,PUT,0,0,chordKey_23_22,clients=50
1778007306108,PUT_HOP,0,2,chordKey_6_20,
1778007306119,PUT_HOP,0,2,chordKey_15_10,
1778007306120,PUT_HOP,0,2,chordKey_16_21,
1778007306121,GET,87,2,chordKey_6_20,clients=50
1778007306122,PUT,0,0,chordKey_6_21,clients=50
1778007306129,PUT_HOP,0,2,chordKey_36_21,
1778007306131,GET,87,2,chordKey_4_11,clients=50
1778007306132,PUT_HOP,0,2,chordKey_4_11,
1778007306132,PUT,0,0,chordKey_4_12,clients=50
1778007306134,GET,88,2,chordKey_41_21,clients=50
1778007306136,PUT_HOP,0,2,chordKey_1_9,
1778007306138,PUT_HOP,0,2,chordKey_38_23,
1778007306140,PUT,0,0,chordKey_41_22,clients=50
1778007306136,PUT_HOP,0,2,chordKey_26_12,
1778007306140,GET,90,2,chordKey_37_11,clients=50
1778007306136,PUT_HOP,0,2,chordKey_37_11,
1778007306139,GET,90,2,chordKey_1_9,clients=50
1778007306136,PUT_HOP,0,2,chordKey_41_21,
1778007306137,GET,96,2,chordKey_36_21,clients=50
1778007306142,PUT,0,0,chordKey_1_10,clients=50
1778007306141,PUT,0,0,chordKey_37_12,clients=50
1778007306142,PUT,0,0,chordKey_36_22,clients=50
1778007306149,PUT_HOP,0,2,chordKey_40_10,
1778007306150,GET,96,2,chordKey_38_23,clients=50
1778007306149,PUT_HOP,0,2,chordKey_28_12,
1778007306150,PUT,0,0,chordKey_38_24,clients=50
1778007306151,GET,56,2,chordKey_40_10,clients=50
1778007306152,PUT,0,0,chordKey_40_11,clients=50
1778007306155,GET,116,2,chordKey_16_21,clients=50
1778007306155,GET,99,2,chordKey_28_12,clients=50
1778007306156,PUT,0,0,chordKey_16_22,clients=50
1778007306156,PUT,0,0,chordKey_28_13,clients=50
1778007306158,GET,120,2,chordKey_15_10,clients=50
1778007306159,PUT,0,0,chordKey_15_11,clients=50
1778007306159,PUT_HOP,0,2,chordKey_47_2,
1778007306159,PUT_HOP,0,2,chordKey_44_24,
1778007306161,GET,102,2,chordKey_44_24,clients=50
1778007306161,GET,102,2,chordKey_47_2,clients=50
1778007306162,PUT,0,0,chordKey_44_25,clients=50
1778007306162,PUT,0,0,chordKey_47_3,clients=50
1778007306164,GET,113,2,chordKey_26_12,clients=50
1778007306164,PUT,0,0,chordKey_26_13,clients=50
1778007306165,GET,103,2,chordKey_19_9,clients=50
1778007306166,PUT,0,0,chordKey_19_10,clients=50
1778007306167,PUT_HOP,0,2,chordKey_49_13,
1778007306169,GET,106,2,chordKey_49_13,clients=50
1778007306169,PUT_HOP,0,2,chordKey_31_11,
1778007306170,PUT,0,0,chordKey_49_14,clients=50
1778007306171,GET,107,2,chordKey_31_11,clients=50
1778007306171,PUT_HOP,0,2,chordKey_42_24,
1778007306172,PUT,0,0,chordKey_31_12,clients=50
1778007306174,GET,108,2,chordKey_42_24,clients=50
1778007306174,PUT_HOP,0,2,chordKey_19_9,
1778007306175,GET,108,2,chordKey_7_2,clients=50
1778007306175,PUT,0,0,chordKey_7_3,clients=50
1778007306175,PUT,0,0,chordKey_42_25,clients=50
1778007306178,GET,111,2,chordKey_10_11,clients=50
1778007306179,PUT,0,0,chordKey_10_12,clients=50
1778007306179,PUT_HOP,0,2,chordKey_10_11,
1778007306181,PUT_HOP,0,2,chordKey_7_2,
1778007306180,PUT_HOP,0,2,chordKey_25_9,
1778007306181,PUT_HOP,0,2,chordKey_48_3,
1778007306181,GET,96,2,chordKey_25_9,clients=50
1778007306182,PUT_HOP,0,2,chordKey_22_12,
1778007306183,PUT,0,0,chordKey_25_10,clients=50
1778007306183,PUT_HOP,0,2,chordKey_41_22,
1778007306183,PUT_HOP,0,2,chordKey_35_13,
1778007306184,GET,99,2,chordKey_35_13,clients=50
1778007306184,PUT,0,0,chordKey_35_14,clients=50
1778007306186,GET,45,2,chordKey_41_22,clients=50
1778007306187,PUT,0,0,chordKey_41_23,clients=50
1778007306191,PUT_HOP,0,2,chordKey_45_10,
1778007306192,GET,96,2,chordKey_45_10,clients=50
1778007306193,PUT,0,0,chordKey_45_11,clients=50
1778007306199,PUT_HOP,0,2,chordKey_5_13,
1778007306200,PUT_HOP,0,2,chordKey_32_23,
1778007306201,GET,95,2,chordKey_32_23,clients=50
1778007306202,PUT,0,0,chordKey_32_24,clients=50
1778007306202,PUT_HOP,0,2,chordKey_23_22,
1778007306201,GET,96,2,chordKey_5_13,clients=50
1778007306203,PUT,0,0,chordKey_5_14,clients=50
1778007306208,GET,101,2,chordKey_23_22,clients=50
1778007306209,PUT,0,0,chordKey_23_23,clients=50
1778007306210,GET,87,2,chordKey_6_21,clients=50
1778007306210,PUT_HOP,0,2,chordKey_6_21,
1778007306210,PUT,0,0,chordKey_6_22,clients=50
1778007306226,PUT_HOP,0,2,chordKey_4_12,
1778007306228,PUT_HOP,0,2,chordKey_37_12,
1778007306228,GET,95,2,chordKey_4_12,clients=50
1778007306228,PUT_HOP,0,2,chordKey_40_11,
1778007306229,PUT,0,0,chordKey_4_13,clients=50
1778007306231,GET,88,2,chordKey_1_10,clients=50
1778007306231,PUT_HOP,0,2,chordKey_36_22,
1778007306231,GET,88,2,chordKey_37_12,clients=50
1778007306232,PUT,0,0,chordKey_37_13,clients=50
1778007306232,PUT_HOP,0,2,chordKey_1_10,
1778007306232,PUT,0,0,chordKey_1_11,clients=50
1778007306238,PUT_HOP,0,2,chordKey_38_24,
1778007306238,GET,95,2,chordKey_36_22,clients=50
1778007306239,PUT,0,0,chordKey_36_23,clients=50
1778007306241,GET,90,2,chordKey_38_24,clients=50
1778007306243,PUT_HOP,0,2,chordKey_28_13,
1778007306243,GET,85,2,chordKey_28_13,clients=50
1778007306242,GET,85,2,chordKey_16_22,clients=50
1778007306244,PUT_HOP,0,2,chordKey_15_11,
1778007306242,GET,89,2,chordKey_40_11,clients=50
1778007306244,PUT,0,0,chordKey_28_14,clients=50
1778007306244,PUT,0,0,chordKey_38_25,clients=50
1778007306244,GET,84,2,chordKey_15_11,clients=50
1778007306245,PUT_HOP,0,2,chordKey_47_3,
1778007306246,PUT_HOP,0,2,chordKey_19_10,
1778007306246,PUT,0,0,chordKey_15_12,clients=50
1778007306245,PUT,0,0,chordKey_40_12,clients=50
1778007306245,PUT,0,0,chordKey_16_23,clients=50
1778007306247,PUT_HOP,0,2,chordKey_26_13,
1778007306248,PUT_HOP,0,2,chordKey_16_22,
1778007306250,PUT_HOP,0,2,chordKey_36_13,
1778007306250,GET,85,2,chordKey_26_13,clients=50
1778007306250,PUT_HOP,0,2,chordKey_31_12,
1778007306251,PUT,0,0,chordKey_26_14,clients=50
1778007306250,GET,87,2,chordKey_44_25,clients=50
1778007306251,PUT_HOP,0,2,chordKey_3_3,
1778007306252,PUT_HOP,0,2,chordKey_42_25,
1778007306252,PUT,0,0,chordKey_44_26,clients=50
1778007306251,PUT_HOP,0,2,chordKey_25_10,
1778007306251,PUT_HOP,0,2,chordKey_7_3,
1778007306255,PUT_HOP,0,2,chordKey_44_25,
1778007306256,GET,92,2,chordKey_47_3,clients=50
1778007306255,PUT_HOP,0,2,chordKey_49_14,
1778007306257,PUT,0,0,chordKey_47_4,clients=50
1778007306257,GET,86,2,chordKey_49_14,clients=50
1778007306257,GET,91,2,chordKey_19_10,clients=50
1778007306258,PUT,0,0,chordKey_19_11,clients=50
1778007306256,GET,80,2,chordKey_7_3,clients=50
1778007306259,PUT,0,0,chordKey_7_4,clients=50
1778007306259,PUT_HOP,0,2,chordKey_41_23,
1778007306258,PUT,0,0,chordKey_49_15,clients=50
1778007306267,PUT_HOP,0,2,chordKey_35_14,
1778007306268,PUT_HOP,0,2,chordKey_10_12,
1778007306272,GET,92,2,chordKey_10_12,clients=50
1778007306272,PUT,0,0,chordKey_10_13,clients=50
1778007306274,PUT_HOP,0,2,chordKey_45_11,
1778007306274,GET,90,2,chordKey_25_10,clients=50
1778007306274,PUT,0,0,chordKey_25_11,clients=50
1778007306274,GET,89,2,chordKey_35_14,clients=50
1778007306274,GET,97,2,chordKey_42_25,clients=50
1778007306276,PUT,0,0,chordKey_42_26,clients=50
1778007306275,PUT,0,0,chordKey_35_15,clients=50
1778007306276,GET,88,2,chordKey_41_23,clients=50
1778007306277,PUT,0,0,chordKey_41_24,clients=50
1778007306279,GET,85,2,chordKey_45_11,clients=50
1778007306280,PUT,0,0,chordKey_45_12,clients=50
1778007306287,PUT_HOP,0,2,chordKey_6_22,
1778007306289,PUT_HOP,0,2,chordKey_23_23,
1778007306292,PUT_HOP,0,2,chordKey_32_24,
1778007306292,GET,81,2,chordKey_6_22,clients=50
1778007306293,PUT_HOP,0,2,chordKey_4_13,
1778007306293,GET,120,2,chordKey_31_12,clients=50
1778007306294,PUT,0,0,chordKey_31_13,clients=50
1778007306292,GET,83,2,chordKey_23_23,clients=50
1778007306295,PUT,0,0,chordKey_23_24,clients=50
1778007306293,PUT,0,0,chordKey_6_23,clients=50
1778007306301,GET,67,2,chordKey_1_11,clients=50
1778007306302,PUT,0,0,chordKey_1_12,clients=50
1778007306302,PUT_HOP,0,2,chordKey_36_23,
1778007306303,PUT_HOP,0,2,chordKey_5_14,
1778007306303,GET,70,2,chordKey_37_13,clients=50
1778007306303,PUT_HOP,0,2,chordKey_43_2,
1778007306303,PUT,0,0,chordKey_37_14,clients=50
1778007306304,PUT_HOP,0,2,chordKey_37_13,
1778007306308,PUT_HOP,0,2,chordKey_38_25,
1778007306315,GET,112,2,chordKey_32_24,clients=50
1778007306316,PUT,0,0,chordKey_32_25,clients=50
1778007306318,PUT_HOP,0,2,chordKey_15_12,
1778007306318,GET,71,2,chordKey_15_12,clients=50
1778007306319,PUT,0,0,chordKey_15_13,clients=50
1778007306320,GET,90,2,chordKey_4_13,clients=50
1778007306320,GET,74,2,chordKey_38_25,clients=50
1778007306321,PUT,0,0,chordKey_4_14,clients=50
1778007306321,GET,117,2,chordKey_5_14,clients=50
1778007306322,PUT,0,0,chordKey_5_15,clients=50
1778007306322,PUT_HOP,0,2,chordKey_16_23,
1778007306321,PUT,0,0,chordKey_38_26,clients=50
1778007306321,GET,81,2,chordKey_36_23,clients=50
1778007306324,PUT,0,0,chordKey_36_24,clients=50
1778007306324,PUT_HOP,0,2,chordKey_10_13,
1778007306324,PUT_HOP,0,2,chordKey_28_14,
1778007306326,PUT_HOP,0,2,chordKey_39_2,
1778007306326,GET,1131,2,chordKey_39_2,clients=50
1778007306327,GET,79,2,chordKey_16_23,clients=50
1778007306327,PUT_HOP,0,2,chordKey_1_11,
1778007306326,GET,53,2,chordKey_10_13,clients=50
1778007306328,PUT,0,0,chordKey_16_24,clients=50
1778007306328,PUT,0,0,chordKey_10_14,clients=50
1778007306327,PUT,0,0,chordKey_39_3,clients=50
1778007306331,GET,84,2,chordKey_40_12,clients=50
1778007306332,PUT,0,0,chordKey_40_13,clients=50
1778007306338,PUT_HOP,0,2,chordKey_40_12,
1778007306340,PUT_HOP,0,2,chordKey_47_4,
1778007306340,PUT_HOP,0,2,chordKey_49_15,
1778007306343,GET,2203,2,chordKey_27_2,clients=50
1778007306344,PUT,0,0,chordKey_27_3,clients=50
1778007306344,GET,85,2,chordKey_19_11,clients=50
1778007306345,GET,93,2,chordKey_26_14,clients=50
1778007306346,PUT,0,0,chordKey_19_12,clients=50
1778007306347,PUT_HOP,0,2,chordKey_26_14,
1778007306345,GET,67,2,chordKey_41_24,clients=50
1778007306347,PUT_HOP,0,2,chordKey_19_11,
1778007306348,PUT,0,0,chordKey_41_25,clients=50
1778007306346,PUT,0,0,chordKey_26_15,clients=50
1778007306349,PUT_HOP,0,2,chordKey_44_26,
1778007306349,GET,89,2,chordKey_7_4,clients=50
1778007306350,PUT_HOP,0,2,chordKey_25_11,
1778007306350,PUT,0,0,chordKey_7_5,clients=50
1778007306350,PUT_HOP,0,2,chordKey_7_4,
1778007306350,GET,92,2,chordKey_47_4,clients=50
1778007306351,PUT,0,0,chordKey_47_5,clients=50
1778007306352,GET,77,2,chordKey_25_11,clients=50
1778007306353,PUT,0,0,chordKey_25_12,clients=50
1778007306353,GET,100,2,chordKey_44_26,clients=50
1778007306354,PUT,0,0,chordKey_44_27,clients=50
1778007306354,PUT_HOP,0,2,chordKey_45_12,
1778007306356,PUT_HOP,0,2,chordKey_42_26,
1778007306356,PUT_HOP,0,2,chordKey_6_23,
1778007306358,GET,98,2,chordKey_49_15,clients=50
1778007306359,PUT,0,0,chordKey_49_16,clients=50
1778007306361,GET,81,2,chordKey_45_12,clients=50
1778007306362,PUT,0,0,chordKey_45_13,clients=50
1778007306369,GET,92,2,chordKey_42_26,clients=50
1778007306370,PUT,0,0,chordKey_42_27,clients=50
1778007306370,GET,93,2,chordKey_35_15,clients=50
1778007306371,PUT,0,0,chordKey_35_16,clients=50
1778007306372,GET,127,2,chordKey_28_14,clients=50
1778007306373,PUT_HOP,0,2,chordKey_35_15,
1778007306377,PUT_HOP,0,2,chordKey_31_13,
1778007306382,GET,2215,2,chordKey_29_3,clients=50
1778007306382,PUT_HOP,0,2,chordKey_41_24,
1778007306383,PUT,0,0,chordKey_29_4,clients=50
1778007306394,PUT_HOP,0,2,chordKey_1_12,
1778007306395,GET,101,2,chordKey_31_13,clients=50
1778007306395,PUT_HOP,0,2,chordKey_23_24,
1778007306397,PUT,0,0,chordKey_31_14,clients=50
1778007306399,PUT_HOP,0,2,chordKey_37_14,
1778007306401,GET,105,2,chordKey_6_23,clients=50
1778007306402,PUT,0,0,chordKey_6_24,clients=50
1778007306407,PUT_HOP,0,2,chordKey_32_25,
1778007306409,PUT_HOP,0,2,chordKey_15_13,
1778007306413,PUT_HOP,0,2,chordKey_38_26,
1778007306413,PUT_HOP,0,2,chordKey_4_14,
1778007306414,GET,93,2,chordKey_4_14,clients=50
1778007306414,GET,119,2,chordKey_23_24,clients=50
1778007306415,PUT,0,0,chordKey_23_25,clients=50
1778007306415,PUT,0,0,chordKey_4_15,clients=50
1778007306420,GET,103,2,chordKey_32_25,clients=50
1778007306421,PUT,0,0,chordKey_32_26,clients=50
1778007306421,PUT_HOP,0,2,chordKey_5_15,
1778007306422,GET,120,2,chordKey_1_12,clients=50
1778007306422,PUT_HOP,0,2,chordKey_36_24,
1778007306422,GET,117,2,chordKey_37_14,clients=50
1778007306423,PUT,0,0,chordKey_1_13,clients=50
1778007306424,GET,101,2,chordKey_5_15,clients=50
1778007306424,PUT,0,0,chordKey_5_16,clients=50
1778007306423,PUT,0,0,chordKey_37_15,clients=50
1778007306425,GET,92,2,chordKey_40_13,clients=50
1778007306426,PUT,0,0,chordKey_40_14,clients=50
1778007306424,PUT_HOP,0,2,chordKey_40_13,
1778007306428,GET,108,2,chordKey_15_13,clients=50
1778007306429,GET,104,2,chordKey_36_24,clients=50
1778007306429,PUT_HOP,0,2,chordKey_39_3,
1778007306429,GET,105,2,chordKey_38_26,clients=50
1778007306430,PUT_HOP,0,2,chordKey_16_24,
1778007306430,PUT,0,0,chordKey_38_27,clients=50
1778007306430,PUT,0,0,chordKey_36_25,clients=50
1778007306429,PUT,0,0,chordKey_15_14,clients=50
1778007306432,GET,102,2,chordKey_39_3,clients=50
1778007306431,GET,103,2,chordKey_16_24,clients=50
1778007306432,PUT,0,0,chordKey_39_4,clients=50
1778007306433,PUT,0,0,chordKey_16_25,clients=50
1778007306436,PUT_HOP,0,2,chordKey_27_3,
1778007306438,GET,88,2,chordKey_26_15,clients=50
1778007306439,PUT_HOP,0,2,chordKey_26_15,
1778007306439,GET,92,2,chordKey_19_12,clients=50
1778007306440,PUT_HOP,0,2,chordKey_19_12,
1778007306440,PUT,0,0,chordKey_19_13,clients=50
1778007306439,GET,94,2,chordKey_27_3,clients=50
1778007306441,PUT,0,0,chordKey_27_4,clients=50
1778007306439,PUT,0,0,chordKey_26_16,clients=50
1778007306441,GET,93,2,chordKey_41_25,clients=50
1778007306443,PUT,0,0,chordKey_41_26,clients=50
1778007306448,PUT_HOP,0,2,chordKey_41_25,
1778007306448,PUT_HOP,0,2,chordKey_7_5,
1778007306450,PUT_HOP,0,2,chordKey_22_5,
1778007306450,GET,98,2,chordKey_47_5,clients=50
1778007306451,PUT,0,0,chordKey_47_6,clients=50
1778007306451,PUT_HOP,0,2,chordKey_47_5,
1778007306452,GET,99,2,chordKey_25_12,clients=50
1778007306452,PUT_HOP,0,2,chordKey_25_12,
1778007306453,PUT,0,0,chordKey_25_13,clients=50
1778007306453,PUT_HOP,0,2,chordKey_44_27,
1778007306453,GET,101,2,chordKey_7_5,clients=50
1778007306455,PUT,0,0,chordKey_7_6,clients=50
1778007306456,GET,1110,2,chordKey_43_3,clients=50
1778007306457,PUT,0,0,chordKey_43_4,clients=50
1778007306456,GET,101,2,chordKey_44_27,clients=50
1778007306458,GET,98,2,chordKey_49_16,clients=50
1778007306458,PUT_HOP,0,2,chordKey_45_13,
1778007306459,PUT,0,0,chordKey_49_17,clients=50
1778007306458,PUT,0,0,chordKey_44_28,clients=50
1778007306458,PUT_HOP,0,2,chordKey_32_16,
1778007306460,GET,98,2,chordKey_45_13,clients=50
1778007306461,PUT,0,0,chordKey_45_14,clients=50
1778007306463,PUT_HOP,0,1,chordKey_40_14,
1778007306465,GET,38,1,chordKey_40_14,clients=50
1778007306466,PUT_HOP,0,2,chordKey_35_16,
1778007306466,PUT,0,0,chordKey_40_15,clients=50
1778007306467,PUT_HOP,0,2,chordKey_42_27,
1778007306467,GET,97,2,chordKey_42_27,clients=50
1778007306467,PUT_HOP,0,2,chordKey_49_16,
1778007306468,PUT,0,0,chordKey_42_28,clients=50
1778007306468,GET,96,2,chordKey_35_16,clients=50
1778007306469,PUT,0,0,chordKey_35_17,clients=50
1778007306477,PUT,1015,0,chordKey_2_6,clients=50
1778007306479,PUT_HOP,0,1,chordKey_41_26,
1778007306480,GET,38,1,chordKey_27_4,clients=50
1778007306480,GET,36,1,chordKey_41_26,clients=50
1778007306480,PUT_HOP,0,1,chordKey_47_6,
1778007306481,PUT,0,0,chordKey_41_27,clients=50
1778007306479,PUT_HOP,0,1,chordKey_27_4,
1778007306480,PUT,0,0,chordKey_27_5,clients=50
1778007306481,GET,97,2,chordKey_29_4,clients=50
1778007306482,PUT,0,0,chordKey_29_5,clients=50
1778007306483,PUT_HOP,0,2,chordKey_29_4,
1778007306485,PUT_HOP,0,2,chordKey_31_14,
1778007306487,GET,35,1,chordKey_47_6,clients=50
1778007306487,PUT,0,0,chordKey_47_7,clients=50
1778007306488,GET,85,2,chordKey_6_24,clients=50
1778007306489,PUT_HOP,0,2,chordKey_6_24,
1778007306489,GET,91,2,chordKey_31_14,clients=50
1778007306490,PUT,0,0,chordKey_31_15,clients=50
1778007306491,PUT_HOP,0,2,chordKey_23_25,
1778007306492,GET,76,2,chordKey_23_25,clients=50
1778007306493,PUT,0,0,chordKey_23_26,clients=50
1778007306494,GET,77,2,chordKey_4_15,clients=50
1778007306494,PUT,0,0,chordKey_4_16,clients=50
1778007306495,PUT_HOP,0,2,chordKey_4_15,
1778007306496,GET,73,2,chordKey_32_26,clients=50
1778007306497,PUT_HOP,0,2,chordKey_1_13,
1778007306497,PUT,0,0,chordKey_32_27,clients=50
1778007306501,PUT_HOP,0,2,chordKey_32_26,
1778007306501,PUT_HOP,0,2,chordKey_37_15,
1778007306502,PUT_HOP,0,2,chordKey_5_16,
1778007306504,GET,80,2,chordKey_1_13,clients=50
1778007306504,PUT,0,0,chordKey_1_14,clients=50
1778007306504,PUT_HOP,0,2,chordKey_15_14,
1778007306505,GET,79,2,chordKey_37_15,clients=50
1778007306506,PUT,0,0,chordKey_37_16,clients=50
1778007306507,PUT_HOP,0,2,chordKey_36_25,
1778007306508,GET,1086,2,chordKey_11_6,clients=50
1778007306509,PUT,0,0,chordKey_11_7,clients=50
1778007306508,GET,1047,2,chordKey_24_16,clients=50
1778007306510,PUT_HOP,0,2,chordKey_23_16,
1778007306510,PUT,0,0,chordKey_24_17,clients=50
1778007306511,PUT_HOP,0,2,chordKey_38_27,
1778007306512,GET,79,2,chordKey_39_4,clients=50
1778007306512,PUT,0,0,chordKey_39_5,clients=50
1778007306512,GET,81,2,chordKey_38_27,clients=50
1778007306513,GET,81,2,chordKey_36_25,clients=50
1778007306514,PUT,0,0,chordKey_38_28,clients=50
1778007306514,PUT_HOP,0,2,chordKey_19_13,
1778007306514,PUT,0,0,chordKey_36_26,clients=50
1778007306519,PUT_HOP,0,2,chordKey_16_25,
1778007306519,GET,78,2,chordKey_19_13,clients=50
1778007306520,PUT,0,0,chordKey_19_14,clients=50
1778007306520,PUT_HOP,0,2,chordKey_39_4,
1778007306523,PUT_HOP,0,2,chordKey_25_13,
1778007306524,PUT_HOP,0,2,chordKey_7_6,
1778007306525,PUT_HOP,0,2,chordKey_26_16,
1778007306526,GET,93,2,chordKey_15_14,clients=50
1778007306525,PUT_HOP,0,2,chordKey_23_26,
1778007306526,PUT,0,0,chordKey_15_15,clients=50
1778007306528,PUT_HOP,0,2,chordKey_43_4,
1778007306529,PUT_HOP,0,2,chordKey_44_28,
1778007306529,GET,86,2,chordKey_26_16,clients=50
1778007306529,GET,71,2,chordKey_43_4,clients=50
1778007306530,PUT,0,0,chordKey_26_17,clients=50
1778007306529,GET,73,2,chordKey_7_6,clients=50
1778007306529,GET,35,2,chordKey_23_26,clients=50
1778007306531,PUT,0,0,chordKey_7_7,clients=50
1778007306530,GET,63,2,chordKey_40_15,clients=50
1778007306532,PUT_HOP,0,2,chordKey_40_15,
1778007306530,PUT,0,0,chordKey_43_5,clients=50
1778007306532,PUT_HOP,0,2,chordKey_45_14,
1778007306532,PUT,0,0,chordKey_40_16,clients=50
1778007306531,PUT,0,0,chordKey_23_27,clients=50
1778007306532,PUT_HOP,0,2,chordKey_42_28,
1778007306534,PUT_HOP,0,2,chordKey_2_6,
1778007306535,GET,1070,2,chordKey_30_6,clients=50
1778007306536,PUT,0,0,chordKey_30_7,clients=50
1778007306536,GET,82,2,chordKey_25_13,clients=50
1778007306537,PUT,0,0,chordKey_25_14,clients=50
1778007306538,PUT_HOP,0,2,chordKey_35_17,
1778007306539,GET,77,2,chordKey_45_14,clients=50
1778007306540,PUT,0,0,chordKey_45_15,clients=50
1778007306544,PUT_HOP,0,2,chordKey_29_5,
1778007306545,GET,63,2,chordKey_29_5,clients=50
1778007306546,GET,77,2,chordKey_42_28,clients=50
1778007306548,PUT,0,0,chordKey_42_29,clients=50
1778007306546,PUT,0,0,chordKey_29_6,clients=50
1778007306549,GET,71,2,chordKey_2_6,clients=50
1778007306546,PUT_HOP,0,2,chordKey_27_5,
1778007306550,PUT,0,0,chordKey_2_7,clients=50
1778007306552,PUT_HOP,0,2,chordKey_47_7,
1778007306553,PUT_HOP,0,2,chordKey_31_15,
1778007306553,PUT_HOP,0,2,chordKey_24_17,
1778007306554,GET,72,2,chordKey_27_5,clients=50
1778007306554,PUT_HOP,0,2,chordKey_32_27,
1778007306554,PUT,0,0,chordKey_27_6,clients=50
1778007306555,PUT_HOP,0,2,chordKey_41_27,
1778007306556,GET,74,2,chordKey_41_27,clients=50
1778007306556,PUT_HOP,0,2,chordKey_4_16,
1778007306556,GET,65,2,chordKey_31_15,clients=50
1778007306556,PUT_HOP,0,2,chordKey_1_14,
1778007306557,PUT,0,0,chordKey_41_28,clients=50
1778007306558,PUT_HOP,0,2,chordKey_11_7,
1778007306557,PUT,0,0,chordKey_31_16,clients=50
1778007306558,GET,47,2,chordKey_24_17,clients=50
1778007306560,PUT,0,0,chordKey_24_18,clients=50
1778007306560,GET,72,2,chordKey_47_7,clients=50
1778007306559,GET,49,2,chordKey_11_7,clients=50
1778007306561,PUT,0,0,chordKey_47_8,clients=50
1778007306560,GET,53,2,chordKey_37_16,clients=50
1778007306561,GET,56,2,chordKey_1_14,clients=50
1778007306561,PUT,0,0,chordKey_11_8,clients=50
1778007306562,PUT,0,0,chordKey_1_15,clients=50
1778007306562,PUT,0,0,chordKey_37_17,clients=50
1778007306567,PUT_HOP,0,2,chordKey_36_26,
1778007306568,GET,53,2,chordKey_38_28,clients=50
1778007306568,PUT_HOP,0,2,chordKey_38_28,
1778007306568,PUT,0,0,chordKey_38_29,clients=50
1778007306569,GET,19,2,chordKey_29_6,clients=50
1778007306569,PUT_HOP,0,2,chordKey_29_6,
1778007306570,PUT,0,0,chordKey_29_7,clients=50
1778007306569,PUT_HOP,0,2,chordKey_37_16,
1778007306569,GET,36,2,chordKey_43_5,clients=50
1778007306570,GET,37,2,chordKey_40_16,clients=50
1778007306571,PUT,0,0,chordKey_40_17,clients=50
1778007306571,GET,50,2,chordKey_19_14,clients=50
1778007306572,PUT,0,0,chordKey_19_15,clients=50
1778007306571,PUT,0,0,chordKey_43_6,clients=50
1778007306577,GET,62,2,chordKey_36_26,clients=50
1778007306577,PUT,0,0,chordKey_36_27,clients=50
1778007306578,PUT_HOP,0,2,chordKey_39_5,
1778007306579,GET,66,2,chordKey_39_5,clients=50
1778007306580,PUT_HOP,0,2,chordKey_26_17,
1778007306580,PUT,0,0,chordKey_39_6,clients=50
1778007306581,PUT_HOP,0,2,chordKey_23_27,
1778007306583,GET,52,2,chordKey_26_17,clients=50
1778007306583,PUT_HOP,0,2,chordKey_40_16,
1778007306590,PUT_HOP,0,2,chordKey_45_15,
1778007306590,PUT_HOP,0,2,chordKey_30_7,
1778007306590,GET,51,2,chordKey_25_14,clients=50
1778007306589,PUT_HOP,0,2,chordKey_7_7,
1778007306587,PUT_HOP,0,2,chordKey_43_5,
1778007306591,PUT,0,0,chordKey_25_15,clients=50
1778007306585,PUT_HOP,0,2,chordKey_15_15,
1778007306590,GET,58,2,chordKey_7_7,clients=50
1778007306584,PUT_HOP,0,2,chordKey_25_14,
1778007306592,PUT,0,0,chordKey_7_8,clients=50
1778007306590,PUT_HOP,0,2,chordKey_19_14,
1778007306586,GET,53,2,chordKey_23_27,clients=50
1778007306593,PUT,0,0,chordKey_23_28,clients=50
1778007306584,GET,57,2,chordKey_15_15,clients=50
1778007306594,GET,54,2,chordKey_45_15,clients=50
1778007306583,GET,46,2,chordKey_30_7,clients=50
1778007306595,PUT,0,0,chordKey_45_16,clients=50
1778007306594,PUT,0,0,chordKey_15_16,clients=50
1778007306591,PUT,0,0,chordKey_26_18,clients=50
1778007306596,PUT_HOP,0,2,chordKey_42_29,
1778007306595,PUT,0,0,chordKey_30_8,clients=50
1778007306598,PUT_HOP,0,2,chordKey_2_7,
1778007306599,GET,48,2,chordKey_2_7,clients=50
1778007306599,PUT,0,0,chordKey_2_8,clients=50
1778007306610,GET,61,2,chordKey_42_29,clients=50
1778007306611,PUT,0,0,chordKey_42_30,clients=50
1778007306615,PUT_HOP,0,2,chordKey_27_6,
1778007306620,PUT_HOP,0,2,chordKey_41_28,
1778007306620,PUT_HOP,0,2,chordKey_31_16,
1778007306621,PUT_HOP,0,2,chordKey_26_18,
1778007306621,GET,62,2,chordKey_31_16,clients=50
1778007306622,PUT,0,0,chordKey_31_17,clients=50
1778007306623,GET,67,2,chordKey_27_6,clients=50
1778007306623,PUT_HOP,0,2,chordKey_24_18,
1778007306624,PUT,0,0,chordKey_27_7,clients=50
1778007306625,GET,67,2,chordKey_41_28,clients=50
1778007306626,PUT,0,0,chordKey_41_29,clients=50
1778007306631,PUT_HOP,0,2,chordKey_37_17,
1778007306631,PUT_HOP,0,2,chordKey_11_8,
1778007306634,GET,73,2,chordKey_24_18,clients=50
1778007306635,PUT,0,0,chordKey_24_19,clients=50
1778007306635,GET,73,2,chordKey_47_8,clients=50
1778007306635,GET,72,2,chordKey_1_15,clients=50
1778007306636,PUT,0,0,chordKey_1_16,clients=50
1778007306636,PUT_HOP,0,2,chordKey_47_8,
1778007306636,PUT,0,0,chordKey_47_9,clients=50
1778007306638,PUT_HOP,0,2,chordKey_1_15,
1778007306640,PUT_HOP,0,2,chordKey_29_7,
1778007306640,GET,77,2,chordKey_37_17,clients=50
1778007306641,PUT_HOP,0,2,chordKey_38_29,
1778007306641,PUT,0,0,chordKey_37_18,clients=50
1778007306642,GET,79,2,chordKey_11_8,clients=50
1778007306641,GET,44,2,chordKey_26_18,clients=50
1778007306642,PUT,0,0,chordKey_11_9,clients=50
1778007306642,PUT,0,0,chordKey_26_19,clients=50
1778007306644,PUT_HOP,0,2,chordKey_40_17,
1778007306645,GET,76,2,chordKey_38_29,clients=50
1778007306645,PUT,0,0,chordKey_38_30,clients=50
1778007306646,GET,74,2,chordKey_40_17,clients=50
1778007306646,PUT,0,0,chordKey_40_18,clients=50
1778007306648,PUT_HOP,0,2,chordKey_36_27,
1778007306649,GET,69,2,chordKey_39_6,clients=50
1778007306650,GET,76,2,chordKey_43_6,clients=50
1778007306650,PUT,0,0,chordKey_39_7,clients=50
1778007306650,PUT,0,0,chordKey_43_7,clients=50
1778007306649,PUT_HOP,0,2,chordKey_25_15,
1778007306657,PUT_HOP,0,2,chordKey_30_8,
1778007306660,PUT_HOP,0,2,chordKey_7_8,
1778007306661,PUT_HOP,0,2,chordKey_43_6,
1778007306662,GET,70,2,chordKey_25_15,clients=50
1778007306663,PUT_HOP,0,2,chordKey_39_6,
1778007306663,PUT,0,0,chordKey_25_16,clients=50
1778007306662,GET,67,2,chordKey_45_16,clients=50
1778007306664,PUT,0,0,chordKey_45_17,clients=50
1778007306666,GET,93,2,chordKey_19_15,clients=50
1778007306667,PUT,0,0,chordKey_19_16,clients=50
1778007306667,PUT_HOP,0,2,chordKey_45_16,
1778007306667,GET,96,2,chordKey_29_7,clients=50
1778007306669,PUT,0,0,chordKey_29_8,clients=50
1778007306669,PUT_HOP,0,2,chordKey_23_28,
1778007306665,PUT_HOP,0,2,chordKey_47_9,
1778007306666,GET,88,2,chordKey_36_27,clients=50
1778007306671,PUT,0,0,chordKey_36_28,clients=50
1778007306670,GET,74,2,chordKey_15_16,clients=50
1778007306672,PUT_HOP,0,2,chordKey_19_15,
1778007306672,PUT,0,0,chordKey_15_17,clients=50
1778007306673,PUT_HOP,0,2,chordKey_15_16,
1778007306668,GET,71,2,chordKey_30_8,clients=50
1778007306673,GET,73,2,chordKey_2_8,clients=50
1778007306674,PUT,0,0,chordKey_2_9,clients=50
1778007306671,GET,77,2,chordKey_23_28,clients=50
1778007306676,PUT,0,0,chordKey_23_29,clients=50
1778007306675,GET,39,2,chordKey_24_19,clients=50
1778007306677,PUT,0,0,chordKey_24_20,clients=50
1778007306674,PUT,0,0,chordKey_30_9,clients=50
1778007306678,PUT_HOP,0,2,chordKey_27_7,
1778007306679,PUT_HOP,0,2,chordKey_2_8,
1778007306681,GET,88,2,chordKey_7_8,clients=50
1778007306682,PUT,0,0,chordKey_7_9,clients=50
1778007306683,GET,46,2,chordKey_1_16,clients=50
1778007306683,PUT,0,0,chordKey_1_17,clients=50
1778007306684,GET,72,2,chordKey_42_30,clients=50
1778007306684,PUT,0,0,chordKey_42_31,clients=50
1778007306685,PUT_HOP,0,2,chordKey_37_18,
1778007306687,GET,45,2,chordKey_37_18,clients=50
1778007306688,PUT,0,0,chordKey_37_19,clients=50
1778007306688,GET,44,2,chordKey_11_9,clients=50
1778007306689,PUT_HOP,0,2,chordKey_26_19,
1778007306689,PUT,0,0,chordKey_11_10,clients=50
1778007306690,PUT_HOP,0,2,chordKey_41_29,
1778007306692,PUT_HOP,0,2,chordKey_24_19,
1778007306696,PUT_HOP,0,2,chordKey_43_7,
1778007306692,GET,66,2,chordKey_41_29,clients=50
1778007306695,PUT_HOP,0,2,chordKey_39_7,
1778007306697,GET,46,2,chordKey_39_7,clients=50
1778007306698,PUT,0,0,chordKey_39_8,clients=50
1778007306694,PUT_HOP,0,2,chordKey_42_30,
1778007306691,GET,66,2,chordKey_27_7,clients=50
1778007306694,PUT_HOP,0,2,chordKey_38_30,
1778007306689,GET,52,2,chordKey_47_9,clients=50
1778007306699,PUT,0,0,chordKey_47_10,clients=50
1778007306692,PUT_HOP,0,2,chordKey_31_17,
1778007306690,GET,67,2,chordKey_31_17,clients=50
1778007306692,PUT_HOP,0,2,chordKey_1_16,
1778007306700,GET,49,2,chordKey_43_7,clients=50
1778007306700,PUT,0,0,chordKey_31_18,clients=50
1778007306692,PUT_HOP,0,2,chordKey_11_9,
1778007306699,PUT,0,0,chordKey_27_8,clients=50
1778007306698,PUT_HOP,0,2,chordKey_40_18,
1778007306698,GET,55,2,chordKey_26_19,clients=50
1778007306701,PUT_HOP,0,2,chordKey_25_16,
1778007306701,PUT,0,0,chordKey_26_20,clients=50
1778007306698,GET,50,2,chordKey_40_18,clients=50
1778007306703,PUT,0,0,chordKey_40_19,clients=50
1778007306703,PUT_HOP,0,2,chordKey_45_17,
1778007306697,PUT,0,0,chordKey_41_30,clients=50
1778007306703,GET,57,2,chordKey_38_30,clients=50
1778007306704,PUT,0,0,chordKey_38_31,clients=50
1778007306702,GET,38,2,chordKey_25_16,clients=50
1778007306705,PUT,0,0,chordKey_25_17,clients=50
1778007306700,PUT,0,0,chordKey_43_8,clients=50
1778007306704,PUT_HOP,0,2,chordKey_19_16,
1778007306707,GET,42,2,chordKey_45_17,clients=50
1778007306707,PUT_HOP,0,2,chordKey_29_8,
1778007306711,PUT,0,0,chordKey_45_18,clients=50
1778007306712,PUT_HOP,0,2,chordKey_2_9,
1778007306712,PUT_HOP,0,2,chordKey_15_17,
1778007306712,PUT_HOP,0,2,chordKey_30_9,
1778007306714,GET,45,2,chordKey_19_16,clients=50
1778007306712,PUT_HOP,0,2,chordKey_36_28,
1778007306714,PUT_HOP,0,2,chordKey_23_29,
1778007306715,PUT,0,0,chordKey_19_17,clients=50
1778007306714,GET,41,2,chordKey_15_17,clients=50
1778007306716,PUT,0,0,chordKey_15_18,clients=50
1778007306714,GET,43,2,chordKey_29_8,clients=50
1778007306717,PUT_HOP,0,2,chordKey_7_9,
1778007306717,PUT,0,0,chordKey_29_9,clients=50
1778007306717,PUT_HOP,0,2,chordKey_24_20,
1778007306721,PUT_HOP,0,2,chordKey_1_17,
1778007306722,PUT_HOP,0,2,chordKey_42_31,
1778007306722,GET,45,2,chordKey_23_29,clients=50
1778007306723,GET,51,2,chordKey_36_28,clients=50
1778007306723,PUT,0,0,chordKey_23_30,clients=50
1778007306723,PUT_HOP,0,2,chordKey_27_8,
1778007306723,PUT,0,0,chordKey_36_29,clients=50
1778007306727,GET,51,2,chordKey_2_9,clients=50
1778007306728,GET,45,2,chordKey_7_9,clients=50
1778007306728,PUT,0,0,chordKey_7_10,clients=50
1778007306728,PUT,0,0,chordKey_2_10,clients=50
1778007306732,GET,47,2,chordKey_42_31,clients=50
1778007306732,GET,54,2,chordKey_30_9,clients=50
1778007306733,PUT,0,0,chordKey_42_32,clients=50
1778007306733,PUT_HOP,0,2,chordKey_37_19,
1778007306733,PUT,0,0,chordKey_30_10,clients=50
1778007306734,GET,49,2,chordKey_1_17,clients=50
1778007306734,GET,33,2,chordKey_27_8,clients=50
1778007306734,PUT,0,0,chordKey_1_18,clients=50
1778007306735,PUT,0,0,chordKey_27_9,clients=50
1778007306736,PUT_HOP,0,2,chordKey_11_10,
1778007306736,GET,59,2,chordKey_24_20,clients=50
1778007306739,GET,51,2,chordKey_37_19,clients=50
1778007306740,PUT_HOP,0,2,chordKey_41_30,
1778007306740,PUT,0,0,chordKey_24_21,clients=50
1778007306741,PUT_HOP,0,2,chordKey_39_8,
1778007306741,PUT,0,0,chordKey_37_20,clients=50
1778007306742,GET,45,2,chordKey_11_10,clients=50
1778007306742,PUT_HOP,0,2,chordKey_47_10,
1778007306743,PUT,0,0,chordKey_11_11,clients=50
1778007306748,PUT_HOP,0,2,chordKey_43_8,
1778007306749,PUT_HOP,0,2,chordKey_15_7,
1778007306749,PUT_HOP,0,2,chordKey_23_18,
1778007306750,GET,51,2,chordKey_39_8,clients=50
1778007306750,PUT_HOP,0,2,chordKey_31_18,
1778007306750,GET,49,2,chordKey_31_18,clients=50
1778007306749,PUT_HOP,0,2,chordKey_26_20,
1778007306751,PUT,0,0,chordKey_31_19,clients=50
1778007306750,PUT,0,0,chordKey_39_9,clients=50
1778007306750,GET,50,2,chordKey_47_10,clients=50
1778007306751,PUT_HOP,0,2,chordKey_40_19,
1778007306752,GET,50,2,chordKey_26_20,clients=50
1778007306753,PUT,0,0,chordKey_26_21,clients=50
1778007306752,PUT,0,0,chordKey_47_11,clients=50
1778007306753,PUT_HOP,0,2,chordKey_38_31,
1778007306754,GET,50,2,chordKey_41_30,clients=50
1778007306755,PUT,0,0,chordKey_41_31,clients=50
1778007306755,GET,50,2,chordKey_38_31,clients=50
1778007306756,PUT,0,0,chordKey_38_32,clients=50
1778007306757,PUT_HOP,0,2,chordKey_25_17,
1778007306755,GET,51,2,chordKey_40_19,clients=50
1778007306758,PUT,0,0,chordKey_40_20,clients=50
1778007306757,GET,51,2,chordKey_25_17,clients=50
1778007306759,PUT,0,0,chordKey_25_18,clients=50
1778007306764,GET,57,2,chordKey_43_8,clients=50
1778007306765,PUT_HOP,0,2,chordKey_45_18,
1778007306766,PUT,0,0,chordKey_43_9,clients=50
1778007306765,GET,53,2,chordKey_45_18,clients=50
1778007306765,PUT_HOP,0,2,chordKey_19_17,
1778007306768,PUT,0,0,chordKey_45_19,clients=50
1778007306766,GET,51,2,chordKey_19_17,clients=50
1778007306768,GET,52,2,chordKey_15_18,clients=50
1778007306768,PUT,0,0,chordKey_19_18,clients=50
1778007306769,PUT,0,0,chordKey_15_19,clients=50
1778007306770,PUT_HOP,0,2,chordKey_29_9,
1778007306771,GET,54,2,chordKey_29_9,clients=50
1778007306772,PUT_HOP,0,2,chordKey_15_18,
1778007306772,PUT,0,0,chordKey_29_10,clients=50
1778007306772,PUT_HOP,0,2,chordKey_23_30,
1778007306773,PUT_HOP,0,2,chordKey_36_29,
1778007306774,GET,50,2,chordKey_23_30,clients=50
1778007306775,GET,50,2,chordKey_36_29,clients=50
1778007306775,PUT,0,0,chordKey_23_31,clients=50
1778007306775,PUT,0,0,chordKey_36_30,clients=50
1778007306776,PUT_HOP,0,2,chordKey_2_10,
1778007306786,GET,57,2,chordKey_7_10,clients=50
1778007306786,PUT_HOP,0,2,chordKey_7_10,
1778007306787,PUT,0,0,chordKey_7_11,clients=50
1778007306786,PUT_HOP,0,2,chordKey_42_32,
1778007306788,PUT_HOP,0,2,chordKey_30_10,
1778007306787,GET,57,2,chordKey_2_10,clients=50
1778007306788,PUT_HOP,0,2,chordKey_1_18,
1778007306788,PUT,0,0,chordKey_2_11,clients=50
1778007306789,GET,55,2,chordKey_30_10,clients=50
1778007306790,PUT,0,0,chordKey_30_11,clients=50
1778007306791,GET,56,2,chordKey_1_18,clients=50
1778007306791,PUT,0,0,chordKey_1_19,clients=50
1778007306792,PUT_HOP,0,2,chordKey_27_9,
1778007306793,GET,59,2,chordKey_42_32,clients=50
1778007306793,PUT,0,0,chordKey_42_33,clients=50
1778007306798,GET,62,2,chordKey_27_9,clients=50
1778007306799,PUT,0,0,chordKey_27_10,clients=50
1778007306804,PUT_HOP,0,2,chordKey_37_20,
1778007306805,PUT_HOP,0,2,chordKey_24_21,
1778007306807,PUT,1031,0,chordKey_14_7,clients=50
1778007306822,PUT_HOP,0,2,chordKey_11_11,
1778007306823,GET,82,2,chordKey_24_21,clients=50
1778007306823,PUT_HOP,0,2,chordKey_39_9,
1778007306824,GET,82,2,chordKey_37_20,clients=50
1778007306824,PUT,0,0,chordKey_24_22,clients=50
1778007306824,PUT_HOP,0,2,chordKey_31_19,
1778007306824,PUT,0,0,chordKey_37_21,clients=50
1778007306827,PUT_HOP,0,2,chordKey_26_21,
1778007306827,PUT_HOP,0,2,chordKey_47_11,
1778007306827,PUT_HOP,0,2,chordKey_41_31,
1778007306828,PUT_HOP,0,2,chordKey_38_32,
1778007306829,PUT_HOP,0,2,chordKey_30_11,
1778007306830,PUT_HOP,0,2,chordKey_40_20,
1778007306830,GET,40,2,chordKey_30_11,clients=50
1778007306830,PUT_HOP,0,2,chordKey_25_18,
1778007306831,PUT,0,0,chordKey_30_12,clients=50
1778007306832,GET,88,2,chordKey_11_11,clients=50
1778007306832,GET,81,2,chordKey_31_19,clients=50
1778007306833,PUT,0,0,chordKey_31_20,clients=50
1778007306833,PUT_HOP,0,2,chordKey_19_18,
1778007306832,GET,80,2,chordKey_39_9,clients=50
1778007306834,PUT_HOP,0,2,chordKey_45_19,
1778007306833,PUT,0,0,chordKey_11_12,clients=50
1778007306834,PUT_HOP,0,2,chordKey_43_9,
1778007306833,GET,79,2,chordKey_26_21,clients=50
1778007306835,PUT,0,0,chordKey_26_22,clients=50
1778007306836,PUT_HOP,0,2,chordKey_15_19,
1778007306835,GET,79,2,chordKey_41_31,clients=50
1778007306834,GET,81,2,chordKey_47_11,clients=50
1778007306834,PUT,0,0,chordKey_39_10,clients=50
1778007306837,PUT,0,0,chordKey_47_12,clients=50
1778007306837,GET,77,2,chordKey_25_18,clients=50
1778007306836,GET,77,2,chordKey_40_20,clients=50
1778007306838,PUT_HOP,0,2,chordKey_29_10,
1778007306838,PUT,0,0,chordKey_25_19,clients=50
1778007306838,PUT,0,0,chordKey_40_21,clients=50
1778007306836,PUT,0,0,chordKey_41_32,clients=50
1778007306838,GET,71,2,chordKey_43_9,clients=50
1778007306840,PUT,0,0,chordKey_43_10,clients=50
1778007306837,GET,79,2,chordKey_38_32,clients=50
1778007306842,PUT_HOP,0,2,chordKey_23_31,
1778007306844,GET,68,2,chordKey_36_30,clients=50
1778007306844,PUT_HOP,0,2,chordKey_7_11,
1778007306843,GET,67,2,chordKey_23_31,clients=50
1778007306844,PUT_HOP,0,2,chordKey_36_30,
1778007306847,PUT_HOP,0,2,chordKey_2_11,
1778007306848,GET,60,2,chordKey_7_11,clients=50
1778007306848,PUT_HOP,0,2,chordKey_42_33,
1778007306842,GET,72,2,chordKey_19_18,clients=50
1778007306849,PUT,0,0,chordKey_7_12,clients=50
1778007306849,GET,60,2,chordKey_2_11,clients=50
1778007306842,GET,72,2,chordKey_15_19,clients=50
1778007306850,PUT,0,0,chordKey_2_12,clients=50
1778007306840,GET,67,2,chordKey_29_10,clients=50
1778007306850,PUT_HOP,0,2,chordKey_1_19,
1778007306851,GET,56,2,chordKey_42_33,clients=50
1778007306840,GET,71,2,chordKey_45_19,clients=50
1778007306852,PUT,0,0,chordKey_45_20,clients=50
1778007306851,PUT,0,0,chordKey_42_34,clients=50
1778007306851,PUT,0,0,chordKey_29_11,clients=50
1778007306850,PUT,0,0,chordKey_15_20,clients=50
1778007306849,PUT,0,0,chordKey_19_19,clients=50
1778007306853,PUT_HOP,0,2,chordKey_27_10,
1778007306849,GET,56,2,chordKey_1_19,clients=50
1778007306848,PUT,0,0,chordKey_23_32,clients=50
1778007306847,PUT,0,0,chordKey_36_31,clients=50
1778007306847,PUT,0,0,chordKey_38_33,clients=50
1778007306855,PUT,0,0,chordKey_1_20,clients=50
1778007306853,GET,21,2,chordKey_30_12,clients=50
1778007306857,PUT,0,0,chordKey_30_13,clients=50
1778007306856,GET,56,2,chordKey_27_10,clients=50
1778007306857,PUT_HOP,0,2,chordKey_30_12,
1778007306858,PUT,0,0,chordKey_27_11,clients=50
1778007306860,GET,52,2,chordKey_14_7,clients=50
1778007306860,PUT_HOP,0,2,chordKey_14_7,
1778007306860,PUT,0,0,chordKey_14_8,clients=50
1778007306861,PUT_HOP,0,2,chordKey_24_22,
1778007306862,PUT_HOP,0,2,chordKey_37_21,
1778007306862,GET,37,2,chordKey_24_22,clients=50
1778007306862,GET,37,2,chordKey_37_21,clients=50
1778007306863,PUT,0,0,chordKey_24_23,clients=50
1778007306863,PUT,0,0,chordKey_37_22,clients=50
1778007306866,PUT_HOP,0,2,chordKey_11_12,
1778007306867,PUT_HOP,0,2,chordKey_31_20,
1778007306868,PUT_HOP,0,2,chordKey_42_34,
1778007306869,GET,16,2,chordKey_42_34,clients=50
1778007306869,GET,35,2,chordKey_31_20,clients=50
1778007306869,PUT,0,0,chordKey_42_35,clients=50
1778007306870,PUT,0,0,chordKey_31_21,clients=50
1778007306870,PUT_HOP,0,2,chordKey_39_10,
1778007306870,GET,35,2,chordKey_11_12,clients=50
1778007306871,PUT_HOP,0,2,chordKey_26_22,
1778007306871,PUT,0,0,chordKey_11_13,clients=50
1778007306872,PUT_HOP,0,2,chordKey_47_12,
1778007306874,PUT_HOP,0,2,chordKey_25_19,
1778007306874,PUT_HOP,0,2,chordKey_41_32,
1778007306876,PUT_HOP,0,2,chordKey_43_10,
1778007306876,GET,37,2,chordKey_25_19,clients=50
1778007306877,PUT,0,0,chordKey_25_20,clients=50
1778007306878,PUT_HOP,0,2,chordKey_40_21,
1778007306874,GET,36,2,chordKey_39_10,clients=50
1778007306879,PUT,0,0,chordKey_39_11,clients=50
1778007306879,PUT_HOP,0,2,chordKey_38_33,
1778007306873,GET,36,2,chordKey_47_12,clients=50
1778007306879,PUT_HOP,0,2,chordKey_36_31,
1778007306872,GET,35,2,chordKey_26_22,clients=50
1778007306880,PUT_HOP,0,2,chordKey_23_32,
1778007306880,PUT,0,0,chordKey_47_13,clients=50
1778007306878,GET,37,2,chordKey_43_10,clients=50
1778007306877,GET,38,2,chordKey_41_32,clients=50
1778007306877,GET,38,2,chordKey_40_21,clients=50
1778007306881,PUT,0,0,chordKey_41_33,clients=50
1778007306881,PUT_HOP,0,2,chordKey_7_12,
1778007306881,PUT,0,0,chordKey_40_22,clients=50
1778007306881,PUT,0,0,chordKey_43_11,clients=50
1778007306882,PUT_HOP,0,2,chordKey_15_20,
1778007306882,PUT_HOP,0,2,chordKey_2_12,
1778007306880,PUT,0,0,chordKey_26_23,clients=50
1778007306882,PUT_HOP,0,2,chordKey_29_11,
1778007306882,PUT_HOP,0,2,chordKey_19_19,
1778007306884,PUT_HOP,0,2,chordKey_45_20,
1778007306884,GET,35,2,chordKey_7_12,clients=50
1778007306885,PUT,0,0,chordKey_7_13,clients=50
1778007306887,GET,36,2,chordKey_2_12,clients=50
1778007306887,PUT,0,0,chordKey_2_13,clients=50
1778007306889,GET,35,2,chordKey_29_11,clients=50
1778007306889,GET,36,2,chordKey_45_20,clients=50
1778007306889,PUT,0,0,chordKey_29_12,clients=50
1778007306890,PUT,0,0,chordKey_45_21,clients=50
1778007306892,GET,38,2,chordKey_15_20,clients=50
1778007306892,PUT,0,0,chordKey_15_21,clients=50
1778007306892,GET,38,2,chordKey_19_19,clients=50
1778007306893,GET,38,2,chordKey_23_32,clients=50
1778007306894,PUT,0,0,chordKey_19_20,clients=50
1778007306894,GET,39,2,chordKey_36_31,clients=50
1778007306895,PUT,0,0,chordKey_36_32,clients=50
1778007306895,PUT_HOP,0,2,chordKey_1_20,
1778007306895,GET,39,2,chordKey_1_20,clients=50
1778007306896,PUT_HOP,0,2,chordKey_27_11,
1778007306894,PUT,0,0,chordKey_23_33,clients=50
1778007306896,PUT,0,0,chordKey_1_21,clients=50
1778007306895,GET,39,2,chordKey_38_33,clients=50
1778007306897,GET,39,2,chordKey_27_11,clients=50
1778007306897,PUT_HOP,0,2,chordKey_14_8,
1778007306898,PUT,0,0,chordKey_27_12,clients=50
1778007306897,PUT,0,0,chordKey_38_34,clients=50
1778007306900,GET,38,2,chordKey_14_8,clients=50
1778007306900,PUT,0,0,chordKey_14_9,clients=50
1778007306900,PUT_HOP,0,2,chordKey_24_23,
1778007306900,PUT_HOP,0,2,chordKey_37_22,
1778007306902,GET,39,2,chordKey_24_23,clients=50
1778007306903,PUT,0,0,chordKey_24_24,clients=50
1778007306905,GET,47,2,chordKey_30_13,clients=50
1778007306904,PUT_HOP,0,2,chordKey_30_13,
1778007306905,GET,41,2,chordKey_37_22,clients=50
1778007306906,PUT,0,0,chordKey_30_14,clients=50
1778007306906,PUT,0,0,chordKey_37_23,clients=50
1778007306910,PUT_HOP,0,2,chordKey_42_35,
1778007306911,GET,41,2,chordKey_42_35,clients=50
1778007306912,PUT,0,0,chordKey_42_36,clients=50
1778007306918,PUT_HOP,0,2,chordKey_31_21,
1778007306918,PUT_HOP,0,2,chordKey_11_13,
1778007306931,GET,60,2,chordKey_31_21,clients=50
1778007306932,PUT,0,0,chordKey_31_22,clients=50
1778007306940,PUT_HOP,0,2,chordKey_25_20,
1778007306941,GET,64,2,chordKey_11_13,clients=50
1778007306941,PUT_HOP,0,2,chordKey_39_11,
1778007306941,GET,63,2,chordKey_25_20,clients=50
1778007306942,GET,62,2,chordKey_39_11,clients=50
1778007306942,PUT,0,0,chordKey_11_14,clients=50
1778007306943,PUT_HOP,0,2,chordKey_47_13,
1778007306943,PUT,0,0,chordKey_39_12,clients=50
1778007306942,PUT,0,0,chordKey_25_21,clients=50
1778007306944,PUT_HOP,0,2,chordKey_43_11,
1778007306944,GET,64,2,chordKey_47_13,clients=50
1778007306945,PUT,0,0,chordKey_47_14,clients=50
1778007306947,PUT_HOP,0,2,chordKey_26_23,
1778007306947,PUT_HOP,0,2,chordKey_41_33,
1778007306948,PUT_HOP,0,2,chordKey_40_22,
1778007306959,GET,77,2,chordKey_40_22,clients=50
1778007306960,PUT_HOP,0,2,chordKey_7_13,
1778007306961,GET,78,2,chordKey_26_23,clients=50
1778007306960,GET,78,2,chordKey_41_33,clients=50
1778007306962,GET,76,2,chordKey_7_13,clients=50
1778007306962,PUT_HOP,0,2,chordKey_2_13,
1778007306962,PUT,0,0,chordKey_41_34,clients=50
1778007306963,PUT_HOP,0,2,chordKey_29_12,
1778007306959,GET,77,2,chordKey_43_11,clients=50
1778007306963,GET,75,2,chordKey_2_13,clients=50
1778007306963,PUT_HOP,0,2,chordKey_45_21,
1778007306963,PUT,0,0,chordKey_7_14,clients=50
1778007306964,PUT,0,0,chordKey_2_14,clients=50
1778007306962,PUT,0,0,chordKey_26_24,clients=50
1778007306961,PUT,0,0,chordKey_40_23,clients=50
1778007306963,PUT,0,0,chordKey_43_12,clients=50
1778007306970,GET,80,2,chordKey_45_21,clients=50
1778007306972,PUT,0,0,chordKey_45_22,clients=50
1778007306977,PUT_HOP,0,2,chordKey_15_21,
1778007306978,GET,84,2,chordKey_15_21,clients=50
1778007306978,PUT_HOP,0,2,chordKey_23_33,
1778007306978,PUT_HOP,0,2,chordKey_36_32,
1778007306979,PUT,0,0,chordKey_15_22,clients=50
1778007306979,GET,84,2,chordKey_19_20,clients=50
1778007306979,PUT_HOP,0,2,chordKey_1_21,
1778007306980,GET,83,2,chordKey_23_33,clients=50
1778007306980,PUT,0,0,chordKey_19_21,clients=50
1778007306980,PUT,0,0,chordKey_23_34,clients=50
1778007306980,PUT_HOP,0,2,chordKey_30_14,
1778007306983,PUT_HOP,0,2,chordKey_19_20,
1778007306985,GET,89,2,chordKey_36_32,clients=50
1778007306985,PUT_HOP,0,2,chordKey_27_12,
1778007306985,GET,88,2,chordKey_1_21,clients=50
1778007306986,PUT_HOP,0,2,chordKey_14_9,
1778007306986,PUT,0,0,chordKey_36_33,clients=50
1778007306985,PUT_HOP,0,2,chordKey_38_34,
1778007306986,PUT,0,0,chordKey_1_22,clients=50
1778007306986,GET,88,2,chordKey_27_12,clients=50
1778007306987,PUT,0,0,chordKey_27_13,clients=50
1778007306990,GET,91,2,chordKey_38_34,clients=50
1778007306990,PUT_HOP,0,2,chordKey_24_24,
1778007306991,PUT,0,0,chordKey_38_35,clients=50
1778007306992,GET,91,2,chordKey_14_9,clients=50
1778007306992,PUT_HOP,0,2,chordKey_37_23,
1778007306993,PUT,0,0,chordKey_14_10,clients=50
1778007306993,GET,89,2,chordKey_24_24,clients=50
1778007306994,PUT,0,0,chordKey_24_25,clients=50
1778007306993,GET,103,2,chordKey_29_12,clients=50
1778007306994,GET,87,2,chordKey_37_23,clients=50
1778007306994,PUT,0,0,chordKey_29_13,clients=50
1778007306995,PUT,0,0,chordKey_37_24,clients=50
1778007306995,GET,88,2,chordKey_30_14,clients=50
1778007306996,PUT,0,0,chordKey_30_15,clients=50
1778007306999,PUT_HOP,0,2,chordKey_31_22,
1778007307000,PUT_HOP,0,2,chordKey_42_36,
1778007307000,GET,67,2,chordKey_31_22,clients=50
1778007307000,PUT_HOP,0,2,chordKey_11_14,
1778007307001,PUT,0,0,chordKey_31_23,clients=50
1778007307001,GET,88,2,chordKey_42_36,clients=50
1778007307002,PUT,0,0,chordKey_42_37,clients=50
1778007307002,GET,58,2,chordKey_39_12,clients=50
1778007307003,PUT,0,0,chordKey_39_13,clients=50
1778007307003,GET,59,2,chordKey_25_21,clients=50
1778007307004,GET,60,2,chordKey_11_14,clients=50
1778007307004,PUT_HOP,0,2,chordKey_25_21,
1778007307004,PUT,0,0,chordKey_25_22,clients=50
1778007307004,PUT_HOP,0,2,chordKey_39_12,
1778007307005,GET,59,2,chordKey_47_14,clients=50
1778007307005,PUT_HOP,0,2,chordKey_47_14,
1778007307005,PUT,0,0,chordKey_47_15,clients=50
1778007307005,PUT,0,0,chordKey_11_15,clients=50
1778007307007,PUT_HOP,0,2,chordKey_40_23,
1778007307007,PUT_HOP,0,2,chordKey_41_34,
1778007307009,GET,45,2,chordKey_41_34,clients=50
1778007307009,PUT_HOP,0,2,chordKey_26_24,
1778007307009,PUT,0,0,chordKey_41_35,clients=50
1778007307009,PUT_HOP,0,2,chordKey_7_14,
1778007307010,PUT_HOP,0,1,chordKey_30_15,
1778007307010,PUT_HOP,0,2,chordKey_43_12,
1778007307011,PUT_HOP,0,2,chordKey_2_14,
1778007307012,GET,47,2,chordKey_7_14,clients=50
1778007307012,PUT,0,0,chordKey_7_15,clients=50
1778007307012,GET,47,2,chordKey_26_24,clients=50
1778007307013,GET,47,2,chordKey_40_23,clients=50
1778007307013,PUT,0,0,chordKey_26_25,clients=50
1778007307013,PUT,0,0,chordKey_40_24,clients=50
1778007307014,GET,48,2,chordKey_43_12,clients=50
1778007307014,PUT,0,0,chordKey_43_13,clients=50
1778007307016,GET,19,1,chordKey_30_15,clients=50
1778007307016,PUT,0,0,chordKey_30_16,clients=50
1778007307017,PUT_HOP,0,2,chordKey_45_22,
1778007307018,GET,53,2,chordKey_2_14,clients=50
1778007307018,GET,45,2,chordKey_45_22,clients=50
1778007307018,PUT_HOP,0,2,chordKey_19_21,
1778007307018,PUT_HOP,0,2,chordKey_23_34,
1778007307019,PUT,0,0,chordKey_45_23,clients=50
1778007307018,PUT_HOP,0,2,chordKey_15_22,
1778007307018,PUT,0,0,chordKey_2_15,clients=50
1778007307019,GET,40,2,chordKey_15_22,clients=50
1778007307020,GET,39,2,chordKey_19_21,clients=50
1778007307020,GET,39,2,chordKey_23_34,clients=50
1778007307020,PUT_HOP,0,2,chordKey_36_33,
1778007307020,PUT,0,0,chordKey_15_23,clients=50
1778007307021,PUT,0,0,chordKey_23_35,clients=50
1778007307021,PUT_HOP,0,2,chordKey_31_23,
1778007307021,PUT,0,0,chordKey_19_22,clients=50
1778007307022,PUT_HOP,0,2,chordKey_1_22,
1778007307022,PUT_HOP,0,2,chordKey_27_13,
1778007307025,GET,37,2,chordKey_27_13,clients=50
1778007307023,GET,36,2,chordKey_36_33,clients=50
1778007307023,GET,21,2,chordKey_31_23,clients=50
1778007307027,PUT,0,0,chordKey_36_34,clients=50
1778007307027,PUT,0,0,chordKey_27_14,clients=50
1778007307028,GET,40,2,chordKey_1_22,clients=50
1778007307028,PUT_HOP,0,2,chordKey_38_35,
1778007307029,PUT,0,0,chordKey_1_23,clients=50
1778007307028,PUT,0,0,chordKey_31_24,clients=50
1778007307030,GET,38,2,chordKey_38_35,clients=50
1778007307030,PUT,0,0,chordKey_38_36,clients=50
1778007307031,PUT_HOP,0,2,chordKey_14_10,
1778007307031,PUT_HOP,0,2,chordKey_24_25,
1778007307032,GET,38,2,chordKey_14_10,clients=50
1778007307032,PUT_HOP,0,2,chordKey_29_13,
1778007307032,PUT,0,0,chordKey_14_11,clients=50
1778007307033,GET,39,2,chordKey_24_25,clients=50
1778007307033,PUT_HOP,0,2,chordKey_37_24,
1778007307034,PUT,0,0,chordKey_24_26,clients=50
1778007307035,GET,39,2,chordKey_29_13,clients=50
1778007307035,GET,39,2,chordKey_37_24,clients=50
1778007307035,PUT,0,0,chordKey_29_14,clients=50
1778007307035,PUT,0,0,chordKey_37_25,clients=50
1778007307039,PUT_HOP,0,2,chordKey_26_11,
1778007307040,GET,1167,2,chordKey_33_8,clients=50
1778007307041,PUT,0,0,chordKey_33_9,clients=50
1778007307042,GET,2186,2,chordKey_0_1,clients=50
1778007307043,PUT,0,0,chordKey_0_2,clients=50
1778007307045,PUT_HOP,0,2,chordKey_39_13,
1778007307045,GET,42,2,chordKey_39_13,clients=50
1778007307046,PUT_HOP,0,2,chordKey_25_22,
1778007307046,PUT,0,0,chordKey_39_14,clients=50
1778007307047,PUT_HOP,0,2,chordKey_11_15,
1778007307047,PUT_HOP,0,2,chordKey_47_15,
1778007307049,PUT_HOP,0,2,chordKey_42_37,
1778007307049,GET,44,2,chordKey_25_22,clients=50
1778007307051,GET,44,2,chordKey_11_15,clients=50
1778007307051,GET,49,2,chordKey_42_37,clients=50
1778007307051,GET,44,2,chordKey_47_15,clients=50
1778007307052,PUT,0,0,chordKey_42_38,clients=50
1778007307052,PUT,0,0,chordKey_11_16,clients=50
1778007307052,PUT,0,0,chordKey_47_16,clients=50
1778007307056,PUT_HOP,0,2,chordKey_25_8,
1778007307058,PUT_HOP,0,2,chordKey_41_35,
1778007307059,PUT_HOP,0,2,chordKey_7_15,
1778007307059,GET,49,2,chordKey_41_35,clients=50
1778007307059,PUT_HOP,0,2,chordKey_26_25,
1778007307060,PUT,0,0,chordKey_41_36,clients=50
1778007307061,GET,48,2,chordKey_7_15,clients=50
1778007307061,PUT,0,0,chordKey_7_16,clients=50
1778007307062,GET,48,2,chordKey_40_24,clients=50
1778007307062,PUT,0,0,chordKey_40_25,clients=50
1778007307066,GET,13,1,chordKey_42_38,clients=50
1778007307067,PUT,0,0,chordKey_42_39,clients=50
1778007307067,GET,51,2,chordKey_43_13,clients=50
1778007307067,PUT,0,0,chordKey_43_14,clients=50
1778007307070,PUT_HOP,0,2,chordKey_43_13,
1778007307071,GET,1128,2,chordKey_34_21,clients=50
1778007307071,GET,1084,2,chordKey_3_10,clients=50
1778007307071,GET,1105,2,chordKey_12_10,clients=50
1778007307072,PUT_HOP,0,2,chordKey_42_23,
1778007307072,PUT,0,0,chordKey_3_11,clients=50
1778007307072,PUT_HOP,0,2,chordKey_40_24,
1778007307071,GET,1083,2,chordKey_46_22,clients=50
1778007307074,PUT,0,0,chordKey_46_23,clients=50
1778007307071,GET,1119,2,chordKey_13_1,clients=50
1778007307075,PUT_HOP,0,2,chordKey_21_1,
1778007307075,PUT,0,0,chordKey_13_2,clients=50
1778007307076,GET,1122,2,chordKey_21_1,clients=50
1778007307076,PUT_HOP,0,2,chordKey_30_16,
1778007307076,PUT,0,0,chordKey_21_2,clients=50
1778007307072,PUT,0,0,chordKey_12_11,clients=50
1778007307076,PUT_HOP,0,2,chordKey_8_8,
1778007307076,PUT_HOP,0,2,chordKey_3_10,
1778007307072,PUT,0,0,chordKey_34_22,clients=50
1778007307077,PUT_HOP,0,2,chordKey_38_36,
1778007307077,GET,1085,2,chordKey_8_8,clients=50
1778007307078,PUT,0,0,chordKey_8_9,clients=50
1778007307078,PUT_HOP,0,2,chordKey_2_15,
1778007307076,GET,63,2,chordKey_26_25,clients=50
1778007307079,GET,61,2,chordKey_30_16,clients=50
1778007307080,PUT,0,0,chordKey_26_26,clients=50
1778007307080,PUT_HOP,0,2,chordKey_19_22,
1778007307080,PUT,0,0,chordKey_30_17,clients=50
1778007307080,PUT_HOP,0,1,chordKey_42_38,
1778007307080,PUT_HOP,0,2,chordKey_15_23,
1778007307082,PUT_HOP,0,2,chordKey_23_35,
1778007307082,PUT_HOP,0,2,chordKey_31_24,
1778007307082,GET,60,2,chordKey_15_23,clients=50
1778007307082,PUT_HOP,0,2,chordKey_36_34,
1778007307082,PUT_HOP,0,2,chordKey_24_26,
1778007307083,PUT,0,0,chordKey_15_24,clients=50
1778007307082,PUT_HOP,0,2,chordKey_14_11,
1778007307083,PUT_HOP,0,2,chordKey_29_14,
1778007307083,GET,52,2,chordKey_38_36,clients=50
1778007307084,PUT_HOP,0,2,chordKey_18_10,
1778007307083,GET,53,2,chordKey_31_24,clients=50
1778007307084,PUT_HOP,0,2,chordKey_17_1,
1778007307084,PUT,0,0,chordKey_38_37,clients=50
1778007307085,GET,65,2,chordKey_2_15,clients=50
1778007307085,GET,59,2,chordKey_19_22,clients=50
1778007307086,PUT,0,0,chordKey_19_23,clients=50
1778007307086,GET,58,2,chordKey_27_14,clients=50
1778007307086,PUT_HOP,0,2,chordKey_27_14,
1778007307091,PUT,0,0,chordKey_27_15,clients=50
1778007307088,PUT_HOP,0,2,chordKey_1_23,
1778007307085,PUT,0,0,chordKey_31_25,clients=50
1778007307092,PUT_HOP,0,2,chordKey_37_25,
1778007307091,GET,69,2,chordKey_23_35,clients=50
1778007307087,PUT_HOP,0,2,chordKey_12_10,
1778007307090,GET,55,2,chordKey_24_26,clients=50
1778007307092,PUT_HOP,0,2,chordKey_45_23,
1778007307093,PUT,0,0,chordKey_24_27,clients=50
1778007307091,PUT_HOP,0,2,chordKey_33_9,
1778007307087,GET,51,2,chordKey_37_25,clients=50
1778007307094,PUT,0,0,chordKey_37_26,clients=50
1778007307095,PUT_HOP,0,2,chordKey_47_16,
1778007307096,PUT_HOP,0,2,chordKey_11_16,
1778007307087,GET,54,2,chordKey_14_11,clients=50
1778007307097,PUT,0,0,chordKey_14_12,clients=50
1778007307087,GET,50,2,chordKey_29_14,clients=50
1778007307098,PUT,0,0,chordKey_29_15,clients=50
1778007307085,PUT,0,0,chordKey_2_16,clients=50
1778007307096,GET,43,2,chordKey_11_16,clients=50
1778007307096,GET,43,2,chordKey_47_16,clients=50
1778007307099,PUT,0,0,chordKey_47_17,clients=50
1778007307092,PUT,0,0,chordKey_23_36,clients=50
1778007307099,PUT,0,0,chordKey_11_17,clients=50
1778007307107,PUT_HOP,0,2,chordKey_39_14,
1778007307108,PUT_HOP,0,2,chordKey_7_16,
1778007307109,GET,48,2,chordKey_41_36,clients=50
1778007307109,PUT,0,0,chordKey_41_37,clients=50
1778007307111,PUT_HOP,0,2,chordKey_42_39,
1778007307111,GET,44,2,chordKey_42_39,clients=50
1778007307111,GET,49,2,chordKey_7_16,clients=50
1778007307111,PUT_HOP,0,2,chordKey_43_14,
1778007307111,PUT,0,0,chordKey_42_40,clients=50
1778007307111,PUT_HOP,0,2,chordKey_40_25,
1778007307112,PUT,0,0,chordKey_7_17,clients=50
1778007307113,PUT_HOP,0,2,chordKey_46_23,
1778007307114,GET,39,2,chordKey_46_23,clients=50
1778007307114,PUT_HOP,0,2,chordKey_12_11,
1778007307114,GET,41,2,chordKey_3_11,clients=50
1778007307114,GET,51,2,chordKey_40_25,clients=50
1778007307115,PUT,0,0,chordKey_3_12,clients=50
1778007307115,PUT,0,0,chordKey_40_26,clients=50
1778007307116,PUT_HOP,0,2,chordKey_3_11,
1778007307115,PUT,0,0,chordKey_46_24,clients=50
1778007307116,PUT_HOP,0,2,chordKey_34_22,
1778007307117,GET,48,2,chordKey_43_14,clients=50
1778007307118,PUT,0,0,chordKey_43_15,clients=50
1778007307118,PUT_HOP,0,2,chordKey_0_2,
1778007307118,PUT_HOP,0,2,chordKey_41_36,
1778007307119,PUT_HOP,0,2,chordKey_13_2,
1778007307122,GET,47,2,chordKey_13_2,clients=50
1778007307123,PUT_HOP,0,2,chordKey_21_2,
1778007307123,GET,46,2,chordKey_21_2,clients=50
1778007307124,PUT,0,0,chordKey_13_3,clients=50
1778007307124,GET,46,2,chordKey_34_22,clients=50
1778007307124,PUT_HOP,0,2,chordKey_8_9,
1778007307124,PUT,0,0,chordKey_21_3,clients=50
1778007307125,PUT,0,0,chordKey_34_23,clients=50
1778007307125,PUT_HOP,0,2,chordKey_26_26,
1778007307125,GET,46,2,chordKey_8_9,clients=50
1778007307126,PUT,0,0,chordKey_8_10,clients=50
1778007307124,GET,47,2,chordKey_12_11,clients=50
1778007307126,PUT_HOP,0,2,chordKey_30_17,
1778007307127,PUT,0,0,chordKey_12_12,clients=50
1778007307127,GET,46,2,chordKey_26_26,clients=50
1778007307128,PUT,0,0,chordKey_26_27,clients=50
1778007307129,GET,48,2,chordKey_30_17,clients=50
1778007307130,PUT,0,0,chordKey_30_18,clients=50
1778007307130,PUT_HOP,0,2,chordKey_15_24,
1778007307130,PUT_HOP,0,2,chordKey_31_25,
1778007307130,PUT_HOP,0,2,chordKey_38_37,
1778007307131,GET,47,2,chordKey_15_24,clients=50
1778007307132,PUT,0,0,chordKey_15_25,clients=50
1778007307134,PUT_HOP,0,2,chordKey_2_16,
1778007307135,PUT_HOP,0,2,chordKey_19_23,
1778007307135,GET,50,2,chordKey_38_37,clients=50
1778007307136,PUT,0,0,chordKey_38_38,clients=50
1778007307137,GET,50,2,chordKey_19_23,clients=50
1778007307137,PUT_HOP,0,2,chordKey_27_15,
1778007307137,PUT,0,0,chordKey_19_24,clients=50
1778007307138,PUT_HOP,0,2,chordKey_23_36,
1778007307138,GET,46,2,chordKey_27_15,clients=50
1778007307138,GET,46,2,chordKey_31_25,clients=50
1778007307139,PUT_HOP,0,2,chordKey_24_27,
1778007307139,PUT,0,0,chordKey_31_26,clients=50
1778007307139,PUT_HOP,0,2,chordKey_37_26,
1778007307139,PUT,0,0,chordKey_27_16,clients=50
1778007307140,GET,47,2,chordKey_24_27,clients=50
1778007307141,PUT,0,0,chordKey_24_28,clients=50
1778007307141,GET,47,2,chordKey_37_26,clients=50
1778007307142,PUT_HOP,0,2,chordKey_14_12,
1778007307142,PUT,0,0,chordKey_37_27,clients=50
1778007307144,GET,46,2,chordKey_14_12,clients=50
1778007307144,PUT,0,0,chordKey_14_13,clients=50
1778007307145,PUT_HOP,0,2,chordKey_11_17,
1778007307145,PUT_HOP,0,2,chordKey_29_15,
1778007307146,GET,47,2,chordKey_29_15,clients=50
1778007307147,PUT,0,0,chordKey_29_16,clients=50
1778007307147,PUT_HOP,0,2,chordKey_47_17,
1778007307147,GET,48,2,chordKey_2_16,clients=50
1778007307147,PUT,0,0,chordKey_2_17,clients=50
1778007307149,GET,48,2,chordKey_47_17,clients=50
1778007307149,PUT,0,0,chordKey_47_18,clients=50
1778007307150,PUT_HOP,0,2,chordKey_41_37,
1778007307149,GET,46,2,chordKey_23_36,clients=50
1778007307150,GET,46,2,chordKey_11_17,clients=50
1778007307151,PUT_HOP,0,2,chordKey_42_40,
1778007307151,PUT,0,0,chordKey_11_18,clients=50
1778007307151,PUT_HOP,0,2,chordKey_7_17,
1778007307150,PUT,0,0,chordKey_23_37,clients=50
1778007307152,GET,39,2,chordKey_42_40,clients=50
1778007307152,PUT_HOP,0,2,chordKey_46_24,
1778007307152,PUT,0,0,chordKey_42_41,clients=50
1778007307152,PUT_HOP,0,2,chordKey_40_26,
1778007307153,PUT_HOP,0,2,chordKey_3_12,
1778007307151,GET,41,2,chordKey_41_37,clients=50
1778007307152,GET,39,2,chordKey_7_17,clients=50
1778007307154,GET,37,2,chordKey_46_24,clients=50
1778007307154,GET,38,2,chordKey_3_12,clients=50
1778007307154,PUT,0,0,chordKey_41_38,clients=50
1778007307155,PUT,0,0,chordKey_3_13,clients=50
1778007307155,PUT_HOP,0,2,chordKey_43_15,
1778007307154,PUT,0,0,chordKey_46_25,clients=50
1778007307154,PUT,0,0,chordKey_7_18,clients=50
1778007307155,PUT_HOP,0,2,chordKey_13_3,
1778007307156,PUT_HOP,0,2,chordKey_21_3,
1778007307155,GET,39,2,chordKey_40_26,clients=50
1778007307157,PUT,0,0,chordKey_40_27,clients=50
1778007307161,GET,37,2,chordKey_13_3,clients=50
1778007307162,PUT,0,0,chordKey_13_4,clients=50
1778007307163,GET,45,2,chordKey_43_15,clients=50
1778007307164,PUT_HOP,0,2,chordKey_34_23,
1778007307164,PUT,0,0,chordKey_43_16,clients=50
1778007307165,PUT_HOP,0,2,chordKey_8_10,
1778007307165,GET,39,2,chordKey_34_23,clients=50
1778007307167,PUT_HOP,0,2,chordKey_12_12,
1778007307168,GET,41,2,chordKey_8_10,clients=50
1778007307167,GET,1099,2,chordKey_22_12,clients=50
1778007307169,PUT,0,0,chordKey_8_11,clients=50
1778007307169,PUT_HOP,0,2,chordKey_26_27,
1778007307167,GET,1099,2,chordKey_48_3,clients=50
1778007307169,PUT_HOP,0,2,chordKey_30_18,
1778007307165,GET,40,2,chordKey_21_3,clients=50
1778007307170,GET,41,2,chordKey_26_27,clients=50
1778007307170,GET,41,2,chordKey_12_12,clients=50
1778007307171,GET,40,2,chordKey_30_18,clients=50
1778007307169,PUT,0,0,chordKey_22_13,clients=50
1778007307168,PUT,0,0,chordKey_34_24,clients=50
1778007307172,PUT,0,0,chordKey_30_19,clients=50
1778007307171,PUT,0,0,chordKey_12_13,clients=50
1778007307171,PUT,0,0,chordKey_26_28,clients=50
1778007307173,PUT_HOP,0,2,chordKey_15_25,
1778007307171,PUT,0,0,chordKey_21_4,clients=50
1778007307170,PUT,0,0,chordKey_48_4,clients=50
1778007307172,GET,39,2,chordKey_15_25,clients=50
1778007307174,PUT,0,0,chordKey_15_26,clients=50
1778007307177,PUT_HOP,0,2,chordKey_38_38,
1778007307178,PUT_HOP,0,2,chordKey_19_24,
1778007307183,GET,45,2,chordKey_38_38,clients=50
1778007307183,GET,45,2,chordKey_19_24,clients=50
1778007307183,PUT_HOP,0,2,chordKey_27_16,
1778007307183,PUT,0,0,chordKey_38_39,clients=50
1778007307185,PUT_HOP,0,2,chordKey_24_28,
1778007307188,PUT,0,0,chordKey_19_25,clients=50
1778007307189,PUT_HOP,0,2,chordKey_31_26,
1778007307190,GET,50,2,chordKey_31_26,clients=50
1778007307190,PUT,0,0,chordKey_31_27,clients=50
1778007307195,PUT_HOP,0,2,chordKey_37_27,
1778007307195,PUT_HOP,0,1,chordKey_31_27,
1778007307195,GET,54,2,chordKey_24_28,clients=50
1778007307196,GET,4,1,chordKey_31_27,clients=50
1778007307196,PUT,0,0,chordKey_24_29,clients=50
1778007307197,GET,56,2,chordKey_27_16,clients=50
1778007307197,PUT_HOP,0,2,chordKey_14_13,
1778007307196,PUT,0,0,chordKey_31_28,clients=50
1778007307196,GET,54,2,chordKey_37_27,clients=50
1778007307198,GET,53,2,chordKey_14_13,clients=50
1778007307197,PUT,0,0,chordKey_27_17,clients=50
1778007307198,PUT_HOP,0,2,chordKey_29_16,
1778007307198,PUT,0,0,chordKey_14_14,clients=50
1778007307198,PUT,0,0,chordKey_37_28,clients=50
1778007307199,GET,52,2,chordKey_29_16,clients=50
1778007307200,PUT_HOP,0,2,chordKey_2_17,
1778007307200,PUT,0,0,chordKey_29_17,clients=50
1778007307201,GET,53,2,chordKey_2_17,clients=50
1778007307201,PUT_HOP,0,2,chordKey_47_18,
1778007307202,PUT,0,0,chordKey_2_18,clients=50
1778007307202,PUT_HOP,0,2,chordKey_23_37,
1778007307202,PUT_HOP,0,2,chordKey_11_18,
1778007307205,PUT_HOP,0,2,chordKey_42_41,
1778007307205,GET,54,2,chordKey_47_18,clients=50
1778007307205,PUT,0,0,chordKey_47_19,clients=50
1778007307205,PUT_HOP,0,2,chordKey_41_38,
1778007307206,GET,52,2,chordKey_42_41,clients=50
1778007307205,GET,54,2,chordKey_11_18,clients=50
1778007307205,GET,53,2,chordKey_23_37,clients=50
1778007307207,PUT_HOP,0,2,chordKey_7_18,
1778007307207,PUT,0,0,chordKey_23_38,clients=50
1778007307207,PUT,0,0,chordKey_11_19,clients=50
1778007307208,PUT_HOP,0,2,chordKey_3_13,
1778007307206,PUT,0,0,chordKey_42_42,clients=50
1778007307209,PUT_HOP,0,2,chordKey_40_27,
1778007307209,GET,53,2,chordKey_3_13,clients=50
1778007307209,PUT_HOP,0,2,chordKey_46_25,
1778007307210,GET,53,2,chordKey_7_18,clients=50
1778007307210,PUT,0,0,chordKey_7_19,clients=50
1778007307210,PUT_HOP,0,2,chordKey_13_4,
1778007307209,GET,54,2,chordKey_41_38,clients=50
1778007307211,PUT,0,0,chordKey_41_39,clients=50
1778007307211,GET,55,2,chordKey_46_25,clients=50
1778007307212,PUT_HOP,0,2,chordKey_43_16,
1778007307212,PUT,0,0,chordKey_46_26,clients=50
1778007307210,PUT,0,0,chordKey_3_14,clients=50
1778007307213,PUT_HOP,0,2,chordKey_34_24,
1778007307210,GET,52,2,chordKey_40_27,clients=50
1778007307213,PUT_HOP,0,2,chordKey_8_11,
1778007307213,GET,48,2,chordKey_43_16,clients=50
1778007307211,GET,49,2,chordKey_13_4,clients=50
1778007307214,PUT,0,0,chordKey_43_17,clients=50
1778007307214,PUT,0,0,chordKey_13_5,clients=50
1778007307214,PUT,0,0,chordKey_40_28,clients=50
1778007307215,PUT_HOP,0,2,chordKey_22_13,
1778007307215,GET,45,2,chordKey_8_11,clients=50
1778007307215,PUT_HOP,0,2,chordKey_21_4,
1778007307216,PUT,0,0,chordKey_8_12,clients=50
1778007307216,PUT_HOP,0,2,chordKey_26_28,
1778007307226,GET,52,2,chordKey_26_28,clients=50
1778007307226,PUT_HOP,0,2,chordKey_24_29,
1778007307222,PUT_HOP,0,2,chordKey_38_39,
1778007307238,GET,25,2,chordKey_46_26,clients=50
1778007307220,PUT_HOP,0,2,chordKey_15_26,
1778007307217,PUT_HOP,0,2,chordKey_30_19,
1778007307225,GET,37,2,chordKey_38_39,clients=50
1778007307239,PUT,0,0,chordKey_46_27,clients=50
1778007307217,PUT_HOP,0,2,chordKey_12_13,
1778007307239,PUT,0,0,chordKey_38_40,clients=50
1778007307216,PUT_HOP,0,2,chordKey_48_4,
1778007307239,PUT_HOP,0,2,chordKey_40_28,
1778007307225,GET,36,2,chordKey_19_25,clients=50
1778007307237,PUT_HOP,0,2,chordKey_46_26,
1778007307236,PUT_HOP,0,2,chordKey_41_39,
1778007307240,PUT,0,0,chordKey_19_26,clients=50
1778007307236,PUT_HOP,0,2,chordKey_7_19,
1778007307221,GET,47,2,chordKey_48_4,clients=50
1778007307236,PUT_HOP,0,2,chordKey_3_14,
1778007307241,GET,26,2,chordKey_43_17,clients=50
1778007307236,PUT_HOP,0,2,chordKey_23_38,
1778007307242,PUT,0,0,chordKey_43_18,clients=50
1778007307234,PUT_HOP,0,2,chordKey_11_19,
1778007307221,GET,45,2,chordKey_15_26,clients=50
1778007307233,PUT_HOP,0,2,chordKey_47_19,
1778007307220,GET,46,2,chordKey_21_4,clients=50
1778007307233,PUT_HOP,0,2,chordKey_42_42,
1778007307220,GET,46,2,chordKey_12_13,clients=50
1778007307243,PUT_HOP,0,1,chordKey_48_5,
1778007307219,GET,46,2,chordKey_30_19,clients=50
1778007307233,PUT_HOP,0,2,chordKey_2_18,
1778007307232,PUT_HOP,0,2,chordKey_14_14,
1778007307245,PUT,0,0,chordKey_30_20,clients=50
1778007307231,PUT_HOP,0,2,chordKey_29_17,
1778007307219,GET,46,2,chordKey_34_24,clients=50
1778007307230,PUT_HOP,0,2,chordKey_31_28,
1778007307218,GET,46,2,chordKey_22_13,clients=50
1778007307229,PUT_HOP,0,2,chordKey_37_28,
1778007307245,PUT,0,0,chordKey_34_25,clients=50
1778007307228,PUT_HOP,0,2,chordKey_27_17,
1778007307244,PUT,0,0,chordKey_12_14,clients=50
1778007307246,PUT_HOP,0,2,chordKey_19_25,
1778007307244,PUT,0,0,chordKey_21_5,clients=50
1778007307241,PUT_HOP,0,2,chordKey_8_12,
1778007307243,PUT,0,0,chordKey_15_27,clients=50
1778007307240,PUT_HOP,0,2,chordKey_13_5,
1778007307243,GET,16,2,chordKey_8_12,clients=50
1778007307240,PUT_HOP,0,2,chordKey_43_17,
1778007307242,GET,27,2,chordKey_40_28,clients=50
1778007307247,PUT_HOP,0,2,chordKey_46_27,
1778007307241,PUT,0,0,chordKey_48_5,clients=50
1778007307247,PUT_HOP,0,2,chordKey_26_29,
1778007307241,GET,26,2,chordKey_13_5,clients=50
1778007307249,PUT,0,0,chordKey_13_6,clients=50
1778007307249,PUT_HOP,0,2,chordKey_19_26,
1778007307239,GET,25,2,chordKey_3_14,clients=50
1778007307249,PUT_HOP,0,2,chordKey_38_40,
1778007307238,GET,26,2,chordKey_41_39,clients=50
1778007307238,PUT,0,0,chordKey_26_29,clients=50
1778007307237,GET,26,2,chordKey_7_19,clients=50
1778007307251,GET,11,2,chordKey_46_27,clients=50
1778007307251,PUT,0,0,chordKey_7_20,clients=50
1778007307251,PUT_HOP,0,2,chordKey_22_14,
1778007307251,PUT,0,0,chordKey_46_28,clients=50
1778007307236,GET,27,2,chordKey_42_42,clients=50
1778007307252,GET,11,2,chordKey_19_26,clients=50
1778007307253,PUT_HOP,0,2,chordKey_43_18,
1778007307253,GET,13,2,chordKey_38_40,clients=50
1778007307236,GET,27,2,chordKey_11_19,clients=50
1778007307236,GET,27,2,chordKey_23_38,clients=50
1778007307235,GET,28,2,chordKey_47_19,clients=50
1778007307233,GET,33,2,chordKey_29_17,clients=50
1778007307255,PUT,0,0,chordKey_29_18,clients=50
1778007307233,GET,31,2,chordKey_2_18,clients=50
1778007307232,GET,32,2,chordKey_37_28,clients=50
1778007307255,PUT_HOP,0,2,chordKey_15_27,
1778007307232,GET,34,2,chordKey_31_28,clients=50
1778007307256,PUT,0,0,chordKey_37_29,clients=50
1778007307230,GET,31,2,chordKey_14_14,clients=50
1778007307256,PUT_HOP,0,2,chordKey_21_5,
1778007307230,GET,31,2,chordKey_27_17,clients=50
1778007307257,PUT_HOP,0,2,chordKey_12_14,
1778007307227,GET,30,2,chordKey_24_29,clients=50
1778007307257,PUT,0,0,chordKey_27_18,clients=50
1778007307257,PUT,0,0,chordKey_14_15,clients=50
1778007307258,PUT_HOP,0,2,chordKey_30_20,
1778007307256,PUT,0,0,chordKey_31_29,clients=50
1778007307256,GET,7,1,chordKey_48_5,clients=50
1778007307256,PUT,0,0,chordKey_2_19,clients=50
1778007307255,GET,12,2,chordKey_43_18,clients=50
1778007307259,PUT_HOP,0,2,chordKey_34_25,
1778007307254,PUT,0,0,chordKey_47_20,clients=50
1778007307254,PUT,0,0,chordKey_23_39,clients=50
1778007307253,PUT,0,0,chordKey_11_20,clients=50
1778007307253,PUT,0,0,chordKey_38_41,clients=50
1778007307253,PUT,0,0,chordKey_19_27,clients=50
1778007307252,PUT,0,0,chordKey_42_43,clients=50
1778007307250,PUT,0,0,chordKey_41_40,clients=50
1778007307250,PUT,0,0,chordKey_3_15,clients=50
1778007307248,PUT,0,0,chordKey_40_29,clients=50
1778007307248,PUT,0,0,chordKey_8_13,clients=50
1778007307246,PUT,0,0,chordKey_22_14,clients=50
1778007307260,PUT,0,0,chordKey_43_19,clients=50
1778007307259,GET,14,2,chordKey_30_20,clients=50
1778007307259,PUT,0,0,chordKey_48_6,clients=50
1778007307258,PUT,0,0,chordKey_24_30,clients=50
1778007307265,GET,18,2,chordKey_34_25,clients=50
1778007307264,PUT,0,0,chordKey_30_21,clients=50
1778007307266,PUT,0,0,chordKey_34_26,clients=50
1778007307266,GET,19,2,chordKey_21_5,clients=50
1778007307266,GET,19,2,chordKey_12_14,clients=50
1778007307267,PUT,0,0,chordKey_21_6,clients=50
1778007307267,PUT,0,0,chordKey_12_15,clients=50
1778007307267,PUT_HOP,0,2,chordKey_40_29,
1778007307268,GET,20,2,chordKey_15_27,clients=50
1778007307268,PUT,0,0,chordKey_15_28,clients=50
1778007307269,PUT_HOP,0,2,chordKey_8_13,
1778007307270,PUT_HOP,0,2,chordKey_13_6,
1778007307271,PUT_HOP,0,2,chordKey_37_29,
1778007307273,GET,16,2,chordKey_37_29,clients=50
1778007307273,PUT,0,0,chordKey_37_30,clients=50
1778007307274,PUT_HOP,0,2,chordKey_3_15,
1778007307275,PUT_HOP,0,2,chordKey_41_40,
1778007307276,GET,26,2,chordKey_13_6,clients=50
1778007307276,PUT,0,0,chordKey_13_7,clients=50
1778007307279,PUT_HOP,0,2,chordKey_46_28,
1778007307281,GET,29,2,chordKey_7_20,clients=50
1778007307281,PUT,0,0,chordKey_7_21,clients=50
1778007307285,GET,34,2,chordKey_26_29,clients=50
1778007307286,PUT,0,0,chordKey_26_30,clients=50
1778007307286,GET,22,2,chordKey_22_14,clients=50
1778007307286,PUT_HOP,0,2,chordKey_42_43,
1778007307287,PUT,0,0,chordKey_22_15,clients=50
1778007307288,GET,36,2,chordKey_46_28,clients=50
1778007307289,PUT,0,0,chordKey_46_29,clients=50
1778007307290,PUT_HOP,0,2,chordKey_19_27,
1778007307290,PUT_HOP,0,2,chordKey_7_20,
1778007307291,PUT_HOP,0,2,chordKey_38_41,
1778007307291,PUT_HOP,0,2,chordKey_12_15,
1778007307292,GET,25,2,chordKey_12_15,clients=50
1778007307293,PUT,0,0,chordKey_12_16,clients=50
1778007307293,PUT_HOP,0,2,chordKey_23_39,
1778007307293,PUT_HOP,0,2,chordKey_47_20,
1778007307294,GET,39,2,chordKey_29_18,clients=50
1778007307295,PUT,0,0,chordKey_29_19,clients=50
1778007307295,PUT_HOP,0,2,chordKey_29_18,
1778007307295,PUT_HOP,0,2,chordKey_31_29,
1778007307295,PUT_HOP,0,2,chordKey_2_19,
1778007307296,PUT_HOP,0,2,chordKey_14_15,
1778007307296,PUT_HOP,0,2,chordKey_24_30,
1778007307296,PUT_HOP,0,2,chordKey_27_18,
1778007307297,GET,39,2,chordKey_27_18,clients=50
1778007307298,PUT,0,0,chordKey_27_19,clients=50
1778007307298,PUT_HOP,0,2,chordKey_43_19,
1778007307298,GET,39,2,chordKey_31_29,clients=50
1778007307298,GET,39,2,chordKey_14_15,clients=50
1778007307299,PUT,0,0,chordKey_14_16,clients=50
1778007307299,PUT,0,0,chordKey_31_30,clients=50
1778007307300,GET,40,2,chordKey_2_19,clients=50
1778007307300,PUT_HOP,0,2,chordKey_48_6,
1778007307301,PUT,0,0,chordKey_2_20,clients=50
1778007307300,GET,39,2,chordKey_23_39,clients=50
1778007307301,GET,40,2,chordKey_11_20,clients=50
1778007307302,PUT,0,0,chordKey_23_40,clients=50
1778007307302,PUT,0,0,chordKey_11_21,clients=50
1778007307303,GET,41,2,chordKey_38_41,clients=50
1778007307303,GET,40,2,chordKey_8_13,clients=50
1778007307302,GET,40,2,chordKey_19_27,clients=50
1778007307304,GET,41,2,chordKey_40_29,clients=50
1778007307304,PUT,0,0,chordKey_40_30,clients=50
1778007307304,PUT,0,0,chordKey_8_14,clients=50
1778007307305,PUT_HOP,0,2,chordKey_30_21,
1778007307304,PUT,0,0,chordKey_38_42,clients=50
1778007307303,GET,41,2,chordKey_42_43,clients=50
1778007307303,GET,42,2,chordKey_47_20,clients=50
1778007307303,GET,40,2,chordKey_3_15,clients=50
1778007307307,PUT_HOP,0,2,chordKey_34_26,
1778007307307,PUT,0,0,chordKey_47_21,clients=50
1778007307307,PUT,0,0,chordKey_3_16,clients=50
1778007307308,GET,42,2,chordKey_30_21,clients=50
1778007307307,GET,41,2,chordKey_24_30,clients=50
1778007307307,PUT,0,0,chordKey_42_44,clients=50
1778007307305,GET,42,2,chordKey_41_40,clients=50
1778007307305,GET,41,2,chordKey_43_19,clients=50
1778007307310,PUT,0,0,chordKey_41_41,clients=50
1778007307310,PUT_HOP,0,2,chordKey_11_20,
1778007307304,PUT,0,0,chordKey_19_28,clients=50
1778007307310,PUT,0,0,chordKey_43_20,clients=50
1778007307309,GET,44,2,chordKey_48_6,clients=50
1778007307311,PUT_HOP,0,2,chordKey_21_6,
1778007307312,PUT,0,0,chordKey_48_7,clients=50
1778007307312,PUT_HOP,0,2,chordKey_15_28,
1778007307309,GET,43,2,chordKey_34_26,clients=50
1778007307309,PUT,0,0,chordKey_24_31,clients=50
1778007307308,PUT,0,0,chordKey_30_22,clients=50
1778007307313,PUT_HOP,0,2,chordKey_37_30,
1778007307313,GET,43,2,chordKey_15_28,clients=50
1778007307313,PUT,0,0,chordKey_34_27,clients=50
1778007307311,GET,44,2,chordKey_21_6,clients=50
1778007307314,PUT,0,0,chordKey_15_29,clients=50
1778007307314,PUT,0,0,chordKey_21_7,clients=50
1778007307316,GET,42,2,chordKey_37_30,clients=50
1778007307316,PUT,0,0,chordKey_37_31,clients=50
1778007307316,PUT_HOP,0,2,chordKey_13_7,
1778007307317,GET,40,2,chordKey_13_7,clients=50
1778007307318,PUT,0,0,chordKey_13_8,clients=50
1778007307318,PUT_HOP,0,2,chordKey_7_21,
1778007307319,PUT_HOP,0,2,chordKey_22_15,
1778007307319,GET,37,2,chordKey_7_21,clients=50
1778007307320,PUT,0,0,chordKey_7_22,clients=50
1778007307321,PUT_HOP,0,2,chordKey_26_30,
1778007307322,GET,34,2,chordKey_22_15,clients=50
1778007307322,GET,36,2,chordKey_26_30,clients=50
1778007307322,PUT,0,0,chordKey_22_16,clients=50
1778007307323,PUT_HOP,0,2,chordKey_46_29,
1778007307323,PUT,0,0,chordKey_26_31,clients=50
1778007307324,GET,35,2,chordKey_46_29,clients=50
1778007307325,PUT_HOP,0,2,chordKey_12_16,
1778007307325,PUT,0,0,chordKey_46_30,clients=50
1778007307327,GET,34,2,chordKey_12_16,clients=50
1778007307328,PUT,0,0,chordKey_12_17,clients=50
1778007307329,PUT_HOP,0,2,chordKey_15_29,
1778007307329,PUT_HOP,0,2,chordKey_29_19,
1778007307330,GET,35,2,chordKey_29_19,clients=50
1778007307331,PUT_HOP,0,2,chordKey_27_19,
1778007307331,PUT,0,0,chordKey_29_20,clients=50
1778007307332,GET,34,2,chordKey_27_19,clients=50
1778007307332,PUT_HOP,0,2,chordKey_31_30,
1778007307333,GET,17,2,chordKey_15_29,clients=50
1778007307333,PUT,0,0,chordKey_27_20,clients=50
1778007307333,PUT,0,0,chordKey_15_30,clients=50
1778007307333,GET,33,2,chordKey_31_30,clients=50
1778007307334,PUT_HOP,0,2,chordKey_14_16,
1778007307334,PUT,0,0,chordKey_31_31,clients=50
1778007307334,PUT_HOP,0,2,chordKey_2_20,
1778007307336,GET,36,2,chordKey_14_16,clients=50
1778007307336,GET,34,2,chordKey_2_20,clients=50
1778007307336,PUT_HOP,0,2,chordKey_11_21,
1778007307336,PUT,0,0,chordKey_14_17,clients=50
1778007307336,PUT_HOP,0,2,chordKey_23_40,
1778007307337,PUT,0,0,chordKey_2_21,clients=50
1778007307337,GET,35,2,chordKey_23_40,clients=50
1778007307338,PUT,0,0,chordKey_23_41,clients=50
1778007307338,PUT_HOP,0,2,chordKey_38_42,
1778007307339,GET,36,2,chordKey_11_21,clients=50
1778007307339,PUT_HOP,0,2,chordKey_19_28,
1778007307339,PUT_HOP,0,2,chordKey_8_14,
1778007307339,PUT,0,0,chordKey_11_22,clients=50
1778007307340,PUT_HOP,0,2,chordKey_40_30,
1778007307340,PUT_HOP,0,2,chordKey_42_44,
1778007307341,GET,35,2,chordKey_8_14,clients=50
1778007307341,PUT,0,0,chordKey_8_15,clients=50
1778007307342,PUT_HOP,0,2,chordKey_47_21,
1778007307341,GET,35,2,chordKey_38_42,clients=50
1778007307342,PUT,0,0,chordKey_38_43,clients=50
1778007307343,GET,38,2,chordKey_40_30,clients=50
1778007307344,PUT,0,0,chordKey_40_31,clients=50
1778007307344,PUT_HOP,0,2,chordKey_3_16,
1778007307344,GET,36,2,chordKey_47_21,clients=50
1778007307344,PUT_HOP,0,2,chordKey_30_22,
1778007307345,GET,37,2,chordKey_3_16,clients=50
1778007307345,PUT_HOP,0,2,chordKey_24_31,
1778007307345,GET,36,2,chordKey_42_44,clients=50
1778007307346,PUT_HOP,0,2,chordKey_41_41,
1778007307345,PUT,0,0,chordKey_47_22,clients=50
1778007307346,PUT_HOP,0,2,chordKey_43_20,
1778007307346,PUT,0,0,chordKey_42_45,clients=50
1778007307346,PUT,0,0,chordKey_3_17,clients=50
1778007307347,GET,36,2,chordKey_43_20,clients=50
1778007307347,PUT_HOP,0,2,chordKey_34_27,
1778007307348,PUT,0,0,chordKey_43_21,clients=50
1778007307348,GET,37,2,chordKey_19_28,clients=50
1778007307349,PUT,0,0,chordKey_19_29,clients=50
1778007307349,PUT_HOP,0,2,chordKey_48_7,
1778007307348,GET,38,2,chordKey_41_41,clients=50
1778007307350,PUT_HOP,0,2,chordKey_21_7,
1778007307351,PUT,0,0,chordKey_41_42,clients=50
1778007307350,GET,36,2,chordKey_24_31,clients=50
1778007307352,PUT,0,0,chordKey_24_32,clients=50
1778007307349,GET,36,2,chordKey_30_22,clients=50
1778007307352,GET,40,2,chordKey_48_7,clients=50
1778007307351,GET,36,2,chordKey_34_27,clients=50
1778007307353,PUT,0,0,chordKey_48_8,clients=50
1778007307353,GET,37,2,chordKey_21_7,clients=50
1778007307353,PUT,0,0,chordKey_30_23,clients=50
1778007307354,PUT,0,0,chordKey_21_8,clients=50
1778007307353,PUT,0,0,chordKey_34_28,clients=50
1778007307355,PUT_HOP,0,2,chordKey_37_31,
1778007307355,GET,38,2,chordKey_37_31,clients=50
1778007307355,PUT_HOP,0,2,chordKey_13_8,
1778007307356,PUT_HOP,0,2,chordKey_14_17,
1778007307356,PUT,0,0,chordKey_37_32,clients=50
1778007307356,GET,37,2,chordKey_13_8,clients=50
1778007307357,PUT_HOP,0,2,chordKey_7_22,
1778007307356,GET,19,2,chordKey_14_17,clients=50
1778007307357,PUT,0,0,chordKey_13_9,clients=50
1778007307358,GET,38,2,chordKey_7_22,clients=50
1778007307357,PUT,0,0,chordKey_14_18,clients=50
1778007307364,PUT_HOP,0,2,chordKey_26_31,
1778007307368,GET,44,2,chordKey_26_31,clients=50
1778007307368,PUT_HOP,0,2,chordKey_22_16,
1778007307368,PUT_HOP,0,2,chordKey_46_30,
1778007307369,PUT,0,0,chordKey_26_32,clients=50
1778007307370,GET,47,2,chordKey_22_16,clients=50
1778007307370,PUT,0,0,chordKey_22_17,clients=50
1778007307377,PUT_HOP,0,2,chordKey_12_17,
1778007307378,GET,52,2,chordKey_46_30,clients=50
1778007307379,PUT,0,0,chordKey_46_31,clients=50
1778007307380,PUT_HOP,0,2,chordKey_29_20,
1778007307380,GET,51,2,chordKey_12_17,clients=50
1778007307380,GET,49,2,chordKey_29_20,clients=50
1778007307381,PUT_HOP,0,2,chordKey_15_30,
1778007307381,PUT,0,0,chordKey_12_18,clients=50
1778007307381,PUT,0,0,chordKey_29_21,clients=50
1778007307381,PUT_HOP,0,2,chordKey_27_20,
1778007307382,GET,48,2,chordKey_27_20,clients=50
1778007307382,PUT_HOP,0,2,chordKey_31_31,
1778007307383,PUT,0,0,chordKey_27_21,clients=50
1778007307384,GET,49,2,chordKey_31_31,clients=50
1778007307384,PUT_HOP,0,2,chordKey_2_21,
1778007307384,PUT,0,0,chordKey_31_32,clients=50
1778007307388,GET,50,2,chordKey_2_21,clients=50
1778007307388,PUT,0,0,chordKey_2_22,clients=50
1778007307389,PUT_HOP,0,2,chordKey_23_41,
1778007307389,GET,50,2,chordKey_23_41,clients=50
1778007307390,PUT_HOP,0,2,chordKey_11_22,
1778007307390,PUT,0,0,chordKey_23_42,clients=50
1778007307391,PUT_HOP,0,2,chordKey_8_15,
1778007307391,GET,57,2,chordKey_15_30,clients=50
1778007307391,GET,49,2,chordKey_8_15,clients=50
1778007307392,PUT_HOP,0,2,chordKey_38_43,
1778007307392,GET,49,2,chordKey_38_43,clients=50
1778007307392,PUT,0,0,chordKey_15_31,clients=50
1778007307392,PUT_HOP,0,2,chordKey_40_31,
1778007307393,PUT,0,0,chordKey_38_44,clients=50
1778007307393,PUT_HOP,0,2,chordKey_47_22,
1778007307392,PUT,0,0,chordKey_8_16,clients=50
1778007307394,GET,49,2,chordKey_40_31,clients=50
1778007307394,PUT,0,0,chordKey_40_32,clients=50
1778007307395,PUT_HOP,0,2,chordKey_3_17,
1778007307396,GET,49,2,chordKey_47_22,clients=50
1778007307396,PUT_HOP,0,2,chordKey_42_45,
1778007307396,GET,49,2,chordKey_42_45,clients=50
1778007307396,PUT_HOP,0,2,chordKey_19_29,
1778007307396,PUT,0,0,chordKey_47_23,clients=50
1778007307397,PUT_HOP,0,2,chordKey_41_42,
1778007307396,GET,49,2,chordKey_3_17,clients=50
1778007307396,PUT_HOP,0,2,chordKey_43_21,
1778007307397,PUT,0,0,chordKey_42_46,clients=50
1778007307398,PUT,0,0,chordKey_3_18,clients=50
1778007307398,GET,49,2,chordKey_43_21,clients=50
1778007307399,PUT,0,0,chordKey_43_22,clients=50
1778007307400,PUT_HOP,0,2,chordKey_24_32,
1778007307400,GET,50,2,chordKey_19_29,clients=50
1778007307401,PUT,0,0,chordKey_19_30,clients=50
1778007307401,GET,50,2,chordKey_41_42,clients=50
1778007307401,GET,49,2,chordKey_24_32,clients=50
1778007307402,PUT,0,0,chordKey_41_43,clients=50
1778007307402,PUT,0,0,chordKey_24_33,clients=50
1778007307402,PUT_HOP,0,2,chordKey_30_23,
1778007307403,PUT_HOP,0,2,chordKey_48_8,
1778007307404,PUT_HOP,0,2,chordKey_34_28,
1778007307404,GET,50,2,chordKey_48_8,clients=50
1778007307404,PUT_HOP,0,2,chordKey_21_8,
1778007307405,PUT,0,0,chordKey_48_9,clients=50
1778007307406,GET,51,2,chordKey_21_8,clients=50
1778007307406,PUT_HOP,0,2,chordKey_37_32,
1778007307406,GET,51,2,chordKey_30_23,clients=50
1778007307406,PUT,0,0,chordKey_21_9,clients=50
1778007307407,PUT_HOP,0,2,chordKey_13_9,
1778007307406,GET,51,2,chordKey_34_28,clients=50
1778007307407,PUT,0,0,chordKey_30_24,clients=50
1778007307408,PUT_HOP,0,2,chordKey_14_18,
1778007307408,PUT,0,0,chordKey_34_29,clients=50
1778007307408,GET,51,2,chordKey_37_32,clients=50
1778007307409,GET,46,2,chordKey_14_18,clients=50
1778007307411,PUT,0,0,chordKey_37_33,clients=50
1778007307411,PUT,0,0,chordKey_14_19,clients=50
1778007307411,PUT_HOP,0,2,chordKey_26_32,
1778007307413,GET,44,2,chordKey_26_32,clients=50
1778007307414,PUT_HOP,0,2,chordKey_40_32,
1778007307414,GET,19,2,chordKey_40_32,clients=50
1778007307414,PUT,0,0,chordKey_26_33,clients=50
1778007307414,PUT,0,0,chordKey_40_33,clients=50
1778007307415,GET,44,2,chordKey_22_17,clients=50
1778007307415,PUT,0,0,chordKey_22_18,clients=50
1778007307416,PUT_HOP,0,2,chordKey_46_31,
1778007307416,GET,36,2,chordKey_46_31,clients=50
1778007307417,PUT,0,0,chordKey_46_32,clients=50
1778007307418,PUT_HOP,0,2,chordKey_29_21,
1778007307418,PUT_HOP,0,2,chordKey_22_17,
1778007307421,GET,39,2,chordKey_12_18,clients=50
1778007307421,PUT,0,0,chordKey_12_19,clients=50
1778007307427,PUT_HOP,0,2,chordKey_27_21,
1778007307427,GET,45,2,chordKey_29_21,clients=50
1778007307427,PUT_HOP,0,2,chordKey_12_18,
1778007307428,PUT,0,0,chordKey_29_22,clients=50
1778007307429,PUT_HOP,0,2,chordKey_48_9,
1778007307429,GET,45,2,chordKey_27_21,clients=50
1778007307429,PUT_HOP,0,1,chordKey_22_18,
1778007307429,PUT_HOP,0,2,chordKey_31_32,
1778007307429,PUT,0,0,chordKey_27_22,clients=50
1778007307430,GET,24,2,chordKey_48_9,clients=50
1778007307430,GET,45,2,chordKey_31_32,clients=50
1778007307430,GET,14,1,chordKey_22_18,clients=50
1778007307431,PUT_HOP,0,2,chordKey_2_22,
1778007307431,PUT,0,0,chordKey_31_33,clients=50
1778007307431,PUT,0,0,chordKey_48_10,clients=50
1778007307431,PUT,0,0,chordKey_22_19,clients=50
1778007307432,PUT_HOP,0,1,chordKey_12_19,
1778007307433,GET,11,1,chordKey_12_19,clients=50
1778007307433,PUT,0,0,chordKey_12_20,clients=50
1778007307436,PUT,1063,0,chordKey_28_15,clients=50
1778007307438,GET,47,2,chordKey_23_42,clients=50
1778007307438,PUT,0,0,chordKey_23_43,clients=50
1778007307438,PUT_HOP,0,2,chordKey_23_42,
1778007307439,PUT_HOP,0,2,chordKey_15_31,
1778007307439,PUT_HOP,0,2,chordKey_38_44,
1778007307439,PUT_HOP,0,2,chordKey_10_14,
1778007307440,GET,46,2,chordKey_15_31,clients=50
1778007307440,PUT,0,0,chordKey_15_32,clients=50
1778007307440,PUT_HOP,0,2,chordKey_8_16,
1778007307440,GET,1112,2,chordKey_10_14,clients=50
1778007307441,GET,52,2,chordKey_2_22,clients=50
1778007307441,PUT,0,0,chordKey_10_15,clients=50
1778007307442,PUT,0,0,chordKey_2_23,clients=50
1778007307444,GET,50,2,chordKey_38_44,clients=50
1778007307445,PUT_HOP,0,2,chordKey_42_46,
1778007307445,GET,51,2,chordKey_8_16,clients=50
1778007307445,PUT_HOP,0,2,chordKey_47_23,
1778007307445,PUT,0,0,chordKey_38_45,clients=50
1778007307445,PUT_HOP,0,2,chordKey_3_18,
1778007307445,PUT,0,0,chordKey_8_17,clients=50
1778007307447,GET,49,2,chordKey_47_23,clients=50
1778007307447,PUT,0,0,chordKey_47_24,clients=50
1778007307448,PUT_HOP,0,2,chordKey_40_33,
1778007307451,PUT_HOP,0,2,chordKey_43_22,
1778007307451,GET,53,2,chordKey_42_46,clients=50
1778007307452,PUT,0,0,chordKey_42_47,clients=50
1778007307452,PUT_HOP,0,2,chordKey_19_30,
1778007307452,GET,53,2,chordKey_3_18,clients=50
1778007307453,PUT,0,0,chordKey_3_19,clients=50
1778007307453,PUT_HOP,0,2,chordKey_41_43,
1778007307461,GET,51,2,chordKey_34_29,clients=50
1778007307461,PUT_HOP,0,2,chordKey_37_33,
1778007307459,GET,51,2,chordKey_30_24,clients=50
1778007307458,PUT_HOP,0,2,chordKey_34_29,
1778007307457,GET,49,2,chordKey_21_9,clients=50
1778007307456,PUT_HOP,0,2,chordKey_30_24,
1778007307455,GET,51,2,chordKey_24_33,clients=50
1778007307455,PUT_HOP,0,2,chordKey_21_9,
1778007307463,GET,51,2,chordKey_37_33,clients=50
1778007307454,PUT_HOP,0,2,chordKey_24_33,
1778007307454,GET,52,2,chordKey_41_43,clients=50
1778007307454,GET,39,2,chordKey_40_33,clients=50
1778007307464,PUT,0,0,chordKey_41_44,clients=50
1778007307464,PUT,0,0,chordKey_40_34,clients=50
1778007307453,GET,52,2,chordKey_19_30,clients=50
1778007307465,PUT_HOP,0,2,chordKey_26_33,
1778007307465,PUT,0,0,chordKey_19_31,clients=50
1778007307453,GET,53,2,chordKey_43_22,clients=50
1778007307466,PUT,0,0,chordKey_43_23,clients=50
1778007307466,PUT_HOP,0,2,chordKey_46_32,
1778007307466,GET,51,2,chordKey_26_33,clients=50
1778007307467,PUT,0,0,chordKey_26_34,clients=50
1778007307468,PUT_HOP,0,2,chordKey_29_22,
1778007307463,PUT,0,0,chordKey_37_34,clients=50
1778007307463,PUT,0,0,chordKey_24_34,clients=50
1778007307469,PUT_HOP,0,2,chordKey_31_33,
1778007307463,PUT,0,0,chordKey_21_10,clients=50
1778007307469,PUT_HOP,0,2,chordKey_48_10,
1778007307462,PUT,0,0,chordKey_30_25,clients=50
1778007307468,PUT_HOP,0,2,chordKey_27_22,
1778007307462,PUT,0,0,chordKey_34_30,clients=50
1778007307470,PUT_HOP,0,2,chordKey_22_19,
1778007307471,GET,59,2,chordKey_14_19,clients=50
1778007307471,PUT_HOP,0,2,chordKey_12_20,
1778007307470,GET,38,2,chordKey_48_10,clients=50
1778007307470,GET,39,2,chordKey_31_33,clients=50
1778007307469,GET,39,2,chordKey_27_22,clients=50
1778007307472,PUT_HOP,0,2,chordKey_28_15,
1778007307472,PUT_HOP,0,2,chordKey_14_19,
1778007307469,GET,40,2,chordKey_29_22,clients=50
1778007307468,GET,50,2,chordKey_46_32,clients=50
1778007307473,GET,34,2,chordKey_23_43,clients=50
1778007307473,PUT_HOP,0,2,chordKey_15_32,
1778007307473,PUT,0,0,chordKey_29_23,clients=50
1778007307473,GET,36,2,chordKey_28_15,clients=50
1778007307474,PUT_HOP,0,2,chordKey_2_23,
1778007307475,GET,34,2,chordKey_15_32,clients=50
1778007307472,PUT,0,0,chordKey_27_23,clients=50
1778007307476,PUT_HOP,0,2,chordKey_23_43,
1778007307472,GET,1039,2,chordKey_16_25,clients=50
1778007307472,PUT,0,0,chordKey_31_34,clients=50
1778007307472,PUT,0,0,chordKey_48_11,clients=50
1778007307472,GET,37,2,chordKey_12_20,clients=50
1778007307471,PUT,0,0,chordKey_14_20,clients=50
1778007307478,PUT_HOP,0,2,chordKey_41_44,
1778007307471,GET,39,2,chordKey_22_19,clients=50
1778007307479,PUT_HOP,0,2,chordKey_38_45,
1778007307479,GET,36,2,chordKey_2_23,clients=50
1778007307478,PUT,0,0,chordKey_12_21,clients=50
1778007307477,PUT,0,0,chordKey_16_26,clients=50
1778007307475,PUT,0,0,chordKey_15_33,clients=50
1778007307475,PUT,0,0,chordKey_28_16,clients=50
1778007307481,PUT_HOP,0,2,chordKey_47_24,
1778007307474,PUT,0,0,chordKey_23_44,clients=50
1778007307474,PUT,0,0,chordKey_46_33,clients=50
1778007307481,PUT_HOP,0,2,chordKey_8_17,
1778007307480,GET,16,2,chordKey_41_44,clients=50
1778007307482,PUT_HOP,0,2,chordKey_42_47,
1778007307480,GET,34,2,chordKey_38_45,clients=50
1778007307479,PUT,0,0,chordKey_2_24,clients=50
1778007307479,PUT,0,0,chordKey_22_20,clients=50
1778007307483,PUT,0,0,chordKey_38_46,clients=50
1778007307483,PUT_HOP,0,2,chordKey_3_19,
1778007307483,GET,36,2,chordKey_8_17,clients=50
1778007307482,GET,34,2,chordKey_47_24,clients=50
1778007307484,PUT,0,0,chordKey_8_18,clients=50
1778007307482,PUT,0,0,chordKey_41_45,clients=50
1778007307485,GET,32,2,chordKey_42_47,clients=50
1778007307484,PUT,0,0,chordKey_47_25,clients=50
1778007307486,PUT,0,0,chordKey_42_48,clients=50
1778007307488,PUT_HOP,0,2,chordKey_10_15,
1778007307490,GET,47,2,chordKey_10_15,clients=50
1778007307490,PUT,0,0,chordKey_10_16,clients=50
1778007307491,PUT_HOP,0,2,chordKey_34_30,
1778007307491,GET,29,2,chordKey_3_19,clients=50
1778007307492,PUT,0,0,chordKey_3_20,clients=50
1778007307492,PUT_HOP,0,2,chordKey_24_34,
1778007307492,PUT_HOP,0,2,chordKey_37_34,
1778007307492,PUT_HOP,0,2,chordKey_30_25,
1778007307497,PUT_HOP,0,2,chordKey_21_10,
1778007307501,PUT_HOP,0,2,chordKey_19_31,
1778007307502,PUT_HOP,0,2,chordKey_40_34,
1778007307502,GET,37,2,chordKey_40_34,clients=50
1778007307503,PUT,0,0,chordKey_40_35,clients=50
1778007307508,PUT_HOP,0,2,chordKey_41_45,
1778007307510,PUT_HOP,0,2,chordKey_43_23,
1778007307511,GET,45,2,chordKey_19_31,clients=50
1778007307512,GET,45,2,chordKey_43_23,clients=50
1778007307512,PUT_HOP,0,2,chordKey_26_34,
1778007307512,PUT,0,0,chordKey_19_32,clients=50
1778007307513,PUT,0,0,chordKey_43_24,clients=50
1778007307513,GET,44,2,chordKey_26_34,clients=50
1778007307513,GET,44,2,chordKey_37_34,clients=50
1778007307513,PUT,0,0,chordKey_26_35,clients=50
1778007307514,PUT,0,0,chordKey_37_35,clients=50
1778007307514,GET,45,2,chordKey_24_34,clients=50
1778007307514,GET,44,2,chordKey_30_25,clients=50
1778007307515,PUT_HOP,0,2,chordKey_48_11,
1778007307514,GET,44,2,chordKey_21_10,clients=50
1778007307516,PUT,0,0,chordKey_30_26,clients=50
1778007307516,PUT,0,0,chordKey_21_11,clients=50
1778007307516,PUT_HOP,0,2,chordKey_14_20,
1778007307516,PUT_HOP,0,2,chordKey_31_34,
1778007307515,PUT,0,0,chordKey_24_35,clients=50
1778007307517,PUT_HOP,0,2,chordKey_27_23,
1778007307517,GET,46,2,chordKey_34_30,clients=50
1778007307517,PUT_HOP,0,2,chordKey_29_23,
1778007307517,PUT,0,0,chordKey_34_31,clients=50
1778007307518,GET,44,2,chordKey_29_23,clients=50
1778007307518,PUT_HOP,0,2,chordKey_46_33,
1778007307519,PUT,0,0,chordKey_29_24,clients=50
1778007307519,PUT_HOP,0,2,chordKey_28_16,
1778007307519,PUT_HOP,0,2,chordKey_23_44,
1778007307519,PUT_HOP,0,2,chordKey_15_33,
1778007307520,GET,44,2,chordKey_27_23,clients=50
1778007307520,GET,35,2,chordKey_41_45,clients=50
1778007307521,PUT,0,0,chordKey_41_46,clients=50
1778007307521,PUT,0,0,chordKey_27_24,clients=50
1778007307527,PUT,1038,0,chordKey_6_25,clients=50
1778007307528,PUT_HOP,0,2,chordKey_16_26,
1778007307529,PUT_HOP,0,2,chordKey_12_21,
1778007307530,GET,52,2,chordKey_31_34,clients=50
1778007307530,PUT_HOP,0,2,chordKey_22_20,
1778007307530,GET,52,2,chordKey_48_11,clients=50
1778007307530,PUT_HOP,0,2,chordKey_2_24,
1778007307530,PUT,0,0,chordKey_31_35,clients=50
1778007307531,PUT,0,0,chordKey_48_12,clients=50
1778007307531,GET,50,2,chordKey_15_33,clients=50
1778007307532,GET,53,2,chordKey_14_20,clients=50
1778007307531,GET,51,2,chordKey_12_21,clients=50
1778007307531,GET,50,2,chordKey_28_16,clients=50
1778007307535,PUT,0,0,chordKey_12_22,clients=50
1778007307535,PUT_HOP,0,2,chordKey_38_46,
1778007307533,PUT,0,0,chordKey_14_21,clients=50
1778007307533,GET,52,2,chordKey_16_26,clients=50
1778007307536,PUT_HOP,0,2,chordKey_8_18,
1778007307536,GET,53,2,chordKey_22_20,clients=50
1778007307532,GET,50,2,chordKey_46_33,clients=50
1778007307537,PUT_HOP,0,2,chordKey_43_24,
1778007307532,PUT,0,0,chordKey_15_34,clients=50
1778007307537,PUT_HOP,0,2,chordKey_47_25,
1778007307532,GET,50,2,chordKey_23_44,clients=50
1778007307538,PUT,0,0,chordKey_23_45,clients=50
1778007307538,PUT,0,0,chordKey_46_34,clients=50
1778007307537,PUT,0,0,chordKey_22_21,clients=50
1778007307537,PUT,0,0,chordKey_16_27,clients=50
1778007307539,PUT_HOP,0,2,chordKey_42_48,
1778007307536,GET,53,2,chordKey_2_24,clients=50
1778007307535,PUT,0,0,chordKey_28_17,clients=50
1778007307540,PUT,0,0,chordKey_2_25,clients=50
1778007307539,GET,26,2,chordKey_43_24,clients=50
1778007307539,GET,53,2,chordKey_8_18,clients=50
1778007307542,PUT,0,0,chordKey_43_25,clients=50
1778007307541,GET,55,2,chordKey_42_48,clients=50
1778007307541,GET,55,2,chordKey_47_25,clients=50
1778007307543,PUT,0,0,chordKey_47_26,clients=50
1778007307543,PUT,0,0,chordKey_42_49,clients=50
1778007307542,PUT,0,0,chordKey_8_19,clients=50
1778007307542,GET,58,2,chordKey_38_46,clients=50
1778007307545,PUT,0,0,chordKey_38_47,clients=50
1778007307548,GET,1123,2,chordKey_5_16,clients=50
1778007307548,PUT_HOP,0,2,chordKey_49_17,
1778007307548,GET,1088,2,chordKey_49_17,clients=50
1778007307549,PUT,0,0,chordKey_5_17,clients=50
1778007307549,PUT_HOP,0,2,chordKey_10_16,
1778007307549,PUT,0,0,chordKey_49_18,clients=50
1778007307550,PUT_HOP,0,2,chordKey_3_20,
1778007307551,GET,58,2,chordKey_3_20,clients=50
1778007307551,PUT,0,0,chordKey_3_21,clients=50
1778007307554,PUT_HOP,0,2,chordKey_19_32,
1778007307555,GET,42,2,chordKey_19_32,clients=50
1778007307555,PUT_HOP,0,2,chordKey_26_35,
1778007307555,PUT,0,0,chordKey_19_33,clients=50
1778007307556,PUT_HOP,0,2,chordKey_37_35,
1778007307558,GET,43,2,chordKey_26_35,clients=50
1778007307559,GET,44,2,chordKey_37_35,clients=50
1778007307559,PUT,0,0,chordKey_37_36,clients=50
1778007307559,PUT_HOP,0,2,chordKey_24_35,
1778007307559,PUT,0,0,chordKey_26_36,clients=50
1778007307560,GET,56,2,chordKey_40_35,clients=50
1778007307559,GET,68,2,chordKey_10_16,clients=50
1778007307561,PUT,0,0,chordKey_40_36,clients=50
1778007307561,PUT_HOP,0,2,chordKey_30_26,
1778007307561,PUT,0,0,chordKey_10_17,clients=50
1778007307561,PUT_HOP,0,2,chordKey_21_11,
1778007307560,PUT_HOP,0,2,chordKey_40_35,
1778007307563,PUT_HOP,0,2,chordKey_34_31,
1778007307564,GET,48,2,chordKey_30_26,clients=50
1778007307565,PUT,0,0,chordKey_30_27,clients=50
1778007307566,PUT_HOP,0,2,chordKey_29_24,
1778007307565,GET,48,2,chordKey_21_11,clients=50
1778007307566,GET,48,2,chordKey_34_31,clients=50
1778007307566,GET,49,2,chordKey_24_35,clients=50
1778007307568,PUT_HOP,0,2,chordKey_27_24,
1778007307568,PUT_HOP,0,1,chordKey_40_36,
1778007307570,PUT_HOP,0,2,chordKey_43_25,
1778007307574,PUT_HOP,0,2,chordKey_41_46,
1778007307583,PUT_HOP,0,2,chordKey_2_25,
1778007307569,PUT_HOP,0,1,chordKey_10_17,
1778007307587,PUT,0,0,chordKey_24_36,clients=50
1778007307587,PUT_HOP,0,2,chordKey_8_19,
1778007307585,GET,44,2,chordKey_2_25,clients=50
1778007307581,PUT_HOP,0,2,chordKey_23_45,
1778007307585,GET,44,2,chordKey_28_17,clients=50
1778007307581,PUT_HOP,0,2,chordKey_46_34,
1778007307583,GET,43,2,chordKey_16_27,clients=50
1778007307580,PUT_HOP,0,2,chordKey_22_21,
1778007307588,PUT,0,0,chordKey_28_18,clients=50
1778007307580,PUT_HOP,0,2,chordKey_16_27,
1778007307583,GET,43,2,chordKey_46_34,clients=50
1778007307579,PUT_HOP,0,2,chordKey_28_17,
1778007307583,GET,43,2,chordKey_22_21,clients=50
1778007307579,PUT_HOP,0,2,chordKey_12_22,
1778007307582,GET,43,2,chordKey_23_45,clients=50
1778007307579,PUT_HOP,0,2,chordKey_14_21,
1778007307582,GET,44,2,chordKey_15_34,clients=50
1778007307590,PUT,0,0,chordKey_23_46,clients=50
1778007307578,PUT_HOP,0,2,chordKey_15_34,
1778007307590,PUT,0,0,chordKey_15_35,clients=50
1778007307571,PUT_HOP,0,2,chordKey_31_35,
1778007307571,PUT_HOP,0,2,chordKey_48_12,
1778007307580,GET,44,2,chordKey_14_21,clients=50
1778007307590,PUT_HOP,0,2,chordKey_5_17,
1778007307580,GET,44,2,chordKey_12_22,clients=50
1778007307589,PUT_HOP,0,2,chordKey_38_47,
1778007307588,PUT_HOP,0,2,chordKey_42_49,
1778007307579,GET,47,2,chordKey_48_12,clients=50
1778007307587,PUT_HOP,0,2,chordKey_47_26,
1778007307592,GET,46,2,chordKey_38_47,clients=50
1778007307578,GET,46,2,chordKey_31_35,clients=50
1778007307577,GET,1107,2,chordKey_35_17,clients=50
1778007307593,PUT_HOP,0,2,chordKey_49_18,
1778007307575,GET,53,2,chordKey_41_46,clients=50
1778007307573,GET,31,2,chordKey_43_25,clients=50
1778007307594,PUT,0,0,chordKey_41_47,clients=50
1778007307594,PUT,0,0,chordKey_43_26,clients=50
1778007307595,PUT_HOP,0,2,chordKey_19_33,
1778007307572,GET,1074,2,chordKey_32_27,clients=50
1778007307595,PUT_HOP,0,2,chordKey_3_21,
1778007307595,PUT,0,0,chordKey_32_28,clients=50
1778007307572,GET,1076,2,chordKey_4_16,clients=50
1778007307596,PUT_HOP,0,2,chordKey_37_36,
1778007307596,PUT,0,0,chordKey_4_17,clients=50
1778007307595,PUT_HOP,0,2,chordKey_26_36,
1778007307571,GET,44,2,chordKey_6_25,clients=50
1778007307571,GET,9,1,chordKey_40_36,clients=50
1778007307598,PUT_HOP,0,2,chordKey_30_27,
1778007307598,PUT,0,0,chordKey_40_37,clients=50
1778007307571,GET,8,1,chordKey_10_17,clients=50
1778007307569,GET,47,2,chordKey_27_24,clients=50
1778007307569,GET,1108,2,chordKey_44_28,clients=50
1778007307568,GET,48,2,chordKey_29_24,clients=50
1778007307567,PUT,0,0,chordKey_34_32,clients=50
1778007307600,PUT,0,0,chordKey_29_25,clients=50
1778007307600,PUT_HOP,0,2,chordKey_21_12,
1778007307566,PUT,0,0,chordKey_21_12,clients=50
1778007307600,PUT,0,0,chordKey_44_29,clients=50
1778007307599,PUT,0,0,chordKey_27_25,clients=50
1778007307599,PUT,0,0,chordKey_10_18,clients=50
1778007307602,PUT_HOP,0,2,chordKey_34_32,
1778007307599,GET,33,2,chordKey_30_27,clients=50
1778007307598,GET,38,2,chordKey_26_36,clients=50
1778007307597,PUT,0,0,chordKey_6_26,clients=50
1778007307597,GET,41,2,chordKey_19_33,clients=50
1778007307596,GET,36,2,chordKey_37_36,clients=50
1778007307596,GET,44,2,chordKey_3_21,clients=50
1778007307605,PUT,0,0,chordKey_3_22,clients=50
1778007307594,PUT,0,0,chordKey_35_18,clients=50
1778007307593,PUT,0,0,chordKey_31_36,clients=50
1778007307593,GET,43,2,chordKey_5_17,clients=50
1778007307606,PUT_HOP,0,2,chordKey_24_36,
1778007307593,PUT,0,0,chordKey_38_48,clients=50
1778007307606,PUT_HOP,0,2,chordKey_2_26,
1778007307592,GET,42,2,chordKey_49_18,clients=50
1778007307606,PUT_HOP,0,2,chordKey_16_28,
1778007307607,PUT,0,0,chordKey_49_19,clients=50
1778007307607,PUT_HOP,0,2,chordKey_28_18,
1778007307592,PUT,0,0,chordKey_48_13,clients=50
1778007307607,GET,20,2,chordKey_24_36,clients=50
1778007307592,GET,47,2,chordKey_8_19,clients=50
1778007307592,PUT,0,0,chordKey_12_23,clients=50
1778007307591,PUT,0,0,chordKey_14_22,clients=50
1778007307591,GET,46,2,chordKey_42_49,clients=50
1778007307589,PUT,0,0,chordKey_22_22,clients=50
1778007307589,PUT,0,0,chordKey_46_35,clients=50
1778007307588,GET,44,2,chordKey_47_26,clients=50
1778007307588,PUT,0,0,chordKey_16_28,clients=50
1778007307587,PUT,0,0,chordKey_2_26,clients=50
1778007307608,PUT,0,0,chordKey_8_20,clients=50
1778007307608,PUT,0,0,chordKey_24_37,clients=50
1778007307606,PUT,0,0,chordKey_5_18,clients=50
1778007307604,PUT,0,0,chordKey_37_37,clients=50
1778007307604,PUT,0,0,chordKey_19_34,clients=50
1778007307603,PUT,0,0,chordKey_26_37,clients=50
1778007307603,PUT,0,0,chordKey_30_28,clients=50
1778007307615,PUT_HOP,0,2,chordKey_46_35,
1778007307616,PUT_HOP,0,2,chordKey_23_46,
1778007307616,GET,27,2,chordKey_28_18,clients=50
1778007307617,PUT,0,0,chordKey_28_19,clients=50
1778007307617,GET,26,2,chordKey_23_46,clients=50
1778007307617,PUT,0,0,chordKey_23_47,clients=50
1778007307618,PUT_HOP,0,2,chordKey_22_22,
1778007307618,PUT_HOP,0,2,chordKey_14_22,
1778007307619,PUT_HOP,0,2,chordKey_15_35,
1778007307627,PUT_HOP,0,2,chordKey_12_23,
1778007307627,PUT_HOP,0,2,chordKey_43_26,
1778007307628,PUT_HOP,0,2,chordKey_48_13,
1778007307629,GET,33,2,chordKey_43_26,clients=50
1778007307628,PUT_HOP,0,2,chordKey_41_47,
1778007307629,PUT,0,0,chordKey_43_27,clients=50
1778007307630,PUT_HOP,0,2,chordKey_38_48,
1778007307630,GET,35,2,chordKey_41_47,clients=50
1778007307631,GET,39,2,chordKey_15_35,clients=50
1778007307631,PUT,0,0,chordKey_41_48,clients=50
1778007307631,PUT_HOP,0,2,chordKey_31_36,
1778007307631,PUT,0,0,chordKey_15_36,clients=50
1778007307632,PUT_HOP,0,2,chordKey_35_18,
1778007307632,PUT_HOP,0,2,chordKey_32_28,
1778007307633,GET,37,2,chordKey_32_28,clients=50
1778007307633,PUT_HOP,0,2,chordKey_4_17,
1778007307634,PUT_HOP,0,2,chordKey_6_26,
1778007307634,PUT,0,0,chordKey_32_29,clients=50
1778007307634,GET,37,2,chordKey_4_17,clients=50
1778007307636,PUT_HOP,0,2,chordKey_40_37,
1778007307636,PUT,0,0,chordKey_4_18,clients=50
1778007307637,GET,38,2,chordKey_40_37,clients=50
1778007307637,PUT_HOP,0,2,chordKey_10_18,
1778007307637,PUT,0,0,chordKey_40_38,clients=50
1778007307638,PUT_HOP,0,1,chordKey_41_48,
1778007307639,GET,7,1,chordKey_41_48,clients=50
1778007307639,PUT_HOP,0,2,chordKey_27_25,
1778007307639,PUT_HOP,0,2,chordKey_29_25,
1778007307639,PUT,0,0,chordKey_41_49,clients=50
1778007307639,PUT_HOP,0,2,chordKey_44_29,
1778007307640,GET,39,2,chordKey_44_29,clients=50
1778007307641,GET,40,2,chordKey_29_25,clients=50
1778007307641,PUT,0,0,chordKey_44_30,clients=50
1778007307641,PUT,0,0,chordKey_29_26,clients=50
1778007307642,GET,40,2,chordKey_21_12,clients=50
1778007307642,GET,40,2,chordKey_10_18,clients=50
1778007307643,PUT_HOP,0,2,chordKey_26_37,
1778007307643,PUT,0,0,chordKey_10_19,clients=50
1778007307643,PUT_HOP,0,2,chordKey_30_28,
1778007307642,GET,42,2,chordKey_34_32,clients=50
1778007307642,GET,40,2,chordKey_27_25,clients=50
1778007307644,PUT,0,0,chordKey_27_26,clients=50
1778007307645,GET,41,2,chordKey_6_26,clients=50
1778007307644,PUT,0,0,chordKey_34_33,clients=50
1778007307645,PUT_HOP,0,2,chordKey_19_34,
1778007307643,PUT,0,0,chordKey_21_13,clients=50
1778007307646,PUT_HOP,0,2,chordKey_37_37,
1778007307645,PUT,0,0,chordKey_6_27,clients=50
1778007307647,PUT_HOP,0,2,chordKey_3_22,
1778007307647,GET,42,2,chordKey_3_22,clients=50
1778007307648,PUT_HOP,0,2,chordKey_5_18,
1778007307648,PUT,0,0,chordKey_3_23,clients=50
1778007307648,GET,42,2,chordKey_35_18,clients=50
1778007307649,GET,43,2,chordKey_31_36,clients=50
1778007307649,PUT,0,0,chordKey_35_19,clients=50
1778007307650,PUT,0,0,chordKey_31_37,clients=50
1778007307649,GET,42,2,chordKey_38_48,clients=50
1778007307650,PUT_HOP,0,2,chordKey_49_19,
1778007307651,PUT,0,0,chordKey_38_49,clients=50
1778007307651,GET,43,2,chordKey_49_19,clients=50
1778007307652,GET,43,2,chordKey_48_13,clients=50
1778007307652,PUT_HOP,0,2,chordKey_24_37,
1778007307652,PUT,0,0,chordKey_48_14,clients=50
1778007307652,PUT_HOP,0,2,chordKey_8_20,
1778007307652,PUT,0,0,chordKey_49_20,clients=50
1778007307653,GET,44,2,chordKey_12_23,clients=50
1778007307654,GET,44,2,chordKey_14_22,clients=50
1778007307654,PUT,0,0,chordKey_12_24,clients=50
1778007307654,PUT,0,0,chordKey_14_23,clients=50
1778007307654,PUT_HOP,0,2,chordKey_28_19,
1778007307654,GET,40,2,chordKey_26_37,clients=50
1778007307655,PUT_HOP,0,2,chordKey_23_47,
1778007307655,PUT,0,0,chordKey_26_38,clients=50
1778007307654,GET,40,2,chordKey_30_28,clients=50
1778007307655,GET,38,2,chordKey_28_19,clients=50
1778007307656,PUT,0,0,chordKey_30_29,clients=50
1778007307656,PUT,0,0,chordKey_28_20,clients=50
1778007307658,PUT_HOP,0,2,chordKey_15_36,
1778007307658,GET,40,2,chordKey_23_47,clients=50
1778007307658,PUT,0,0,chordKey_23_48,clients=50
1778007307660,GET,27,2,chordKey_15_36,clients=50
1778007307660,PUT_HOP,0,2,chordKey_43_27,
1778007307661,PUT,0,0,chordKey_15_37,clients=50
1778007307661,GET,31,2,chordKey_43_27,clients=50
1778007307662,PUT,0,0,chordKey_43_28,clients=50
1778007307662,PUT_HOP,0,2,chordKey_32_29,
1778007307664,GET,29,2,chordKey_32_29,clients=50
1778007307665,PUT_HOP,0,2,chordKey_4_18,
1778007307665,PUT,0,0,chordKey_32_30,clients=50
1778007307665,GET,29,2,chordKey_4_18,clients=50
1778007307666,PUT_HOP,0,2,chordKey_40_38,
1778007307666,PUT,0,0,chordKey_4_19,clients=50
1778007307668,GET,29,2,chordKey_40_38,clients=50
1778007307668,PUT_HOP,0,2,chordKey_41_49,
1778007307668,PUT,0,0,chordKey_40_39,clients=50
1778007307669,PUT_HOP,0,1,chordKey_43_28,
1778007307670,PUT_HOP,0,2,chordKey_29_26,
1778007307670,GET,29,2,chordKey_41_49,clients=50
1778007307670,PUT_HOP,0,2,chordKey_44_30,
1778007307670,PUT,0,0,chordKey_41_50,clients=50
1778007307670,PUT_HOP,0,2,chordKey_21_13,
1778007307672,GET,30,2,chordKey_44_30,clients=50
1778007307682,PUT_HOP,0,2,chordKey_38_49,
1778007307672,GET,30,2,chordKey_29_26,clients=50
1778007307671,GET,8,1,chordKey_43_28,clients=50
1778007307681,PUT_HOP,0,2,chordKey_35_19,
1778007307683,PUT_HOP,0,2,chordKey_48_14,
1778007307683,GET,32,2,chordKey_38_49,clients=50
1778007307680,PUT_HOP,0,2,chordKey_31_37,
1778007307684,PUT,0,0,chordKey_38_50,clients=50
1778007307680,PUT_HOP,0,2,chordKey_3_23,
1778007307683,PUT,0,0,chordKey_29_27,clients=50
1778007307678,PUT_HOP,0,2,chordKey_6_27,
1778007307678,PUT_HOP,0,2,chordKey_27_26,
1778007307685,GET,32,2,chordKey_49_20,clients=50
1778007307677,PUT_HOP,0,2,chordKey_23_48,
1778007307683,GET,33,2,chordKey_31_37,clients=50
1778007307677,PUT_HOP,0,2,chordKey_34_33,
1778007307677,PUT_HOP,0,2,chordKey_10_19,
1778007307686,PUT,0,0,chordKey_31_38,clients=50
1778007307683,PUT,0,0,chordKey_44_31,clients=50
1778007307685,PUT_HOP,0,2,chordKey_12_24,
1778007307685,PUT_HOP,0,2,chordKey_14_23,
1778007307682,GET,32,2,chordKey_35_19,clients=50
1778007307684,PUT_HOP,0,2,chordKey_49_20,
1778007307681,GET,32,2,chordKey_3_23,clients=50
1778007307686,PUT_HOP,0,2,chordKey_26_38,
1778007307680,GET,34,2,chordKey_21_13,clients=50
1778007307688,GET,33,2,chordKey_14_23,clients=50
1778007307680,GET,34,2,chordKey_34_33,clients=50
1778007307688,PUT,0,0,chordKey_14_24,clients=50
1778007307689,PUT_HOP,0,2,chordKey_30_29,
1778007307690,GET,33,2,chordKey_30_29,clients=50
1778007307689,PUT_HOP,0,2,chordKey_28_20,
1778007307690,PUT_HOP,0,2,chordKey_15_37,
1778007307679,GET,20,2,chordKey_23_48,clients=50
1778007307691,PUT,0,0,chordKey_30_30,clients=50
1778007307691,PUT_HOP,0,2,chordKey_32_30,
1778007307691,PUT,0,0,chordKey_23_49,clients=50
1778007307691,GET,30,2,chordKey_15_37,clients=50
1778007307692,GET,26,2,chordKey_32_30,clients=50
1778007307692,PUT_HOP,0,2,chordKey_4_19,
1778007307703,PUT_HOP,0,2,chordKey_23_49,
1778007307678,GET,33,2,chordKey_27_26,clients=50
1778007307704,PUT_HOP,0,2,chordKey_3_24,
1778007307678,GET,34,2,chordKey_10_19,clients=50
1778007307705,PUT_HOP,0,2,chordKey_14_24,
1778007307704,PUT_HOP,0,2,chordKey_35_20,
1778007307705,PUT,0,0,chordKey_27_27,clients=50
1778007307696,PUT_HOP,0,2,chordKey_40_39,
1778007307705,PUT,0,0,chordKey_10_20,clients=50
1778007307703,PUT_HOP,0,2,chordKey_31_38,
1778007307704,PUT,0,0,chordKey_32_31,clients=50
1778007307703,PUT_HOP,0,2,chordKey_49_21,
1778007307704,GET,12,2,chordKey_23_49,clients=50
1778007307702,PUT_HOP,0,2,chordKey_38_50,
1778007307707,GET,15,2,chordKey_30_30,clients=50
1778007307701,PUT_HOP,0,2,chordKey_43_29,
1778007307704,GET,17,2,chordKey_44_31,clients=50
1778007307704,GET,17,2,chordKey_31_38,clients=50
1778007307701,PUT_HOP,0,2,chordKey_44_31,
1778007307703,GET,17,2,chordKey_29_27,clients=50
1778007307708,PUT,0,0,chordKey_31_39,clients=50
1778007307701,PUT_HOP,0,2,chordKey_29_27,
1778007307703,GET,18,2,chordKey_38_50,clients=50
1778007307700,GET,24,2,chordKey_41_50,clients=50
1778007307697,GET,28,2,chordKey_40_39,clients=50
1778007307694,GET,27,2,chordKey_4_19,clients=50
1778007307710,PUT,0,0,chordKey_40_40,clients=50
1778007307711,PUT_HOP,0,2,chordKey_32_31,
1778007307712,PUT_HOP,0,2,chordKey_10_20,
1778007307713,GET,7,2,chordKey_27_27,clients=50
1778007307714,PUT,0,0,chordKey_27_28,clients=50
1778007307715,GET,8,2,chordKey_32_31,clients=50
1778007307715,PUT_HOP,0,2,chordKey_23_50,
1778007307715,PUT_HOP,0,2,chordKey_30_31,
1778007307716,PUT,0,0,chordKey_32_32,clients=50
1778007307716,PUT_HOP,0,2,chordKey_44_32,
1778007307692,PUT,0,0,chordKey_15_38,clients=50
1778007307698,PUT_HOP,0,2,chordKey_41_50,
1778007307690,GET,33,2,chordKey_28_20,clients=50
1778007307716,PUT_HOP,0,2,chordKey_31_39,
1778007307689,GET,33,2,chordKey_26_38,clients=50
1778007307711,PUT_HOP,0,2,chordKey_27_27,
1778007307689,PUT,0,0,chordKey_34_34,clients=50
1778007307706,PUT_HOP,0,2,chordKey_15_38,
1778007307688,PUT,0,0,chordKey_21_14,clients=50
1778007307706,PUT_HOP,0,2,chordKey_30_30,
1778007307688,PUT,0,0,chordKey_3_24,clients=50
1778007307705,PUT_HOP,0,2,chordKey_34_34,
1778007307687,PUT,0,0,chordKey_35_20,clients=50
1778007307704,PUT_HOP,0,2,chordKey_21_14,
1778007307687,GET,32,2,chordKey_12_24,clients=50
1778007307686,PUT,0,0,chordKey_49_21,clients=50
1778007307718,PUT_HOP,0,2,chordKey_41_51,
1778007307719,PUT,0,0,chordKey_12_25,clients=50
1778007307718,PUT_HOP,0,2,chordKey_38_51,
1778007307685,GET,32,2,chordKey_48_14,clients=50
1778007307717,PUT_HOP,0,2,chordKey_29_28,
1778007307684,PUT,0,0,chordKey_43_29,clients=50
1778007307684,GET,37,2,chordKey_6_27,clients=50
1778007307720,PUT_HOP,0,2,chordKey_4_20,
1778007307720,PUT,0,0,chordKey_48_15,clients=50
1778007307719,PUT_HOP,0,2,chordKey_40_40,
1778007307721,PUT,0,0,chordKey_6_28,clients=50
1778007307718,PUT,0,0,chordKey_26_39,clients=50
1778007307722,PUT_HOP,0,2,chordKey_27_28,
1778007307717,GET,8,2,chordKey_31_39,clients=50
1778007307717,PUT,0,0,chordKey_28_21,clients=50
1778007307714,GET,7,2,chordKey_10_20,clients=50
1778007307711,PUT,0,0,chordKey_4_20,clients=50
1778007307710,PUT,1,0,chordKey_38_51,clients=50
1778007307710,PUT,0,0,chordKey_41_51,clients=50
1778007307708,PUT,0,0,chordKey_29_28,clients=50
1778007307708,PUT,0,0,chordKey_44_32,clients=50
1778007307707,PUT,0,0,chordKey_30_31,clients=50
1778007307707,PUT,0,0,chordKey_23_50,clients=50
1778007307706,GET,16,2,chordKey_14_24,clients=50
1778007307723,PUT,0,0,chordKey_10_21,clients=50
1778007307722,PUT,0,0,chordKey_31_40,clients=50
1778007307721,GET,10,2,chordKey_40_40,clients=50
1778007307725,PUT,0,0,chordKey_14_25,clients=50
1778007307727,PUT,0,0,chordKey_40_41,clients=50
1778007307730,GET,15,2,chordKey_27_28,clients=50
1778007307730,PUT,0,0,chordKey_27_29,clients=50
1778007307731,PUT_HOP,0,2,chordKey_32_32,
1778007307733,GET,16,2,chordKey_32_32,clients=50
1778007307733,PUT_HOP,0,2,chordKey_28_21,
1778007307733,PUT,0,0,chordKey_32_33,clients=50
1778007307750,PUT_HOP,0,2,chordKey_26_39,
1778007307750,GET,33,2,chordKey_15_38,clients=50
1778007307751,PUT,0,0,chordKey_15_39,clients=50
1778007307752,GET,34,2,chordKey_34_34,clients=50
1778007307752,GET,34,2,chordKey_21_14,clients=50
1778007307753,PUT,0,0,chordKey_34_35,clients=50
1778007307753,PUT,0,0,chordKey_21_15,clients=50
1778007307753,PUT_HOP,0,2,chordKey_12_25,
1778007307753,GET,33,2,chordKey_35_20,clients=50
1778007307754,PUT,0,0,chordKey_35_21,clients=50
1778007307753,GET,34,2,chordKey_3_24,clients=50
1778007307754,GET,34,2,chordKey_12_25,clients=50
1778007307755,PUT_HOP,0,2,chordKey_48_15,
1778007307754,GET,34,2,chordKey_49_21,clients=50
1778007307755,PUT,0,0,chordKey_12_26,clients=50
1778007307755,PUT_HOP,0,2,chordKey_6_28,
1778007307755,PUT,0,0,chordKey_3_25,clients=50
1778007307756,PUT,0,0,chordKey_49_22,clients=50
1778007307757,GET,35,2,chordKey_48_15,clients=50
1778007307757,GET,35,2,chordKey_6_28,clients=50
1778007307757,PUT_HOP,0,2,chordKey_31_40,
1778007307758,GET,35,2,chordKey_26_39,clients=50
1778007307759,PUT_HOP,0,2,chordKey_10_21,
1778007307761,PUT_HOP,0,2,chordKey_14_25,
1778007307762,PUT_HOP,0,2,chordKey_40_41,
1778007307764,PUT_HOP,0,2,chordKey_27_29,
1778007307757,GET,36,2,chordKey_43_29,clients=50
1778007307766,PUT,0,0,chordKey_26_40,clients=50
1778007307767,PUT,0,0,chordKey_43_30,clients=50
1778007307766,GET,42,2,chordKey_29_28,clients=50
1778007307763,GET,36,2,chordKey_40_41,clients=50
1778007307763,GET,36,2,chordKey_14_25,clients=50
1778007307763,GET,36,2,chordKey_31_40,clients=50
1778007307762,GET,36,2,chordKey_10_21,clients=50
1778007307769,PUT,0,0,chordKey_31_41,clients=50
1778007307762,GET,36,2,chordKey_23_50,clients=50
1778007307761,GET,36,2,chordKey_30_31,clients=50
1778007307761,GET,37,2,chordKey_44_32,clients=50
1778007307760,GET,36,2,chordKey_41_51,clients=50
1778007307760,GET,37,2,chordKey_38_51,clients=50
1778007307760,GET,36,2,chordKey_4_20,clients=50
1778007307758,GET,36,2,chordKey_28_21,clients=50
1778007307758,PUT,0,0,chordKey_6_29,clients=50
1778007307772,PUT_HOP,0,2,chordKey_32_33,
1778007307758,PUT,0,0,chordKey_48_16,clients=50
1778007307772,PUT,0,0,chordKey_28_22,clients=50
1778007307773,PUT_HOP,0,2,chordKey_15_39,
1778007307774,PUT_HOP,0,2,chordKey_34_35,
1778007307771,PUT,0,0,chordKey_4_21,clients=50
1778007307774,PUT_HOP,0,2,chordKey_21_15,
1778007307771,PUT,0,0,chordKey_38_52,clients=50
1778007307774,PUT_HOP,0,2,chordKey_35_21,
1778007307771,PUT,0,0,chordKey_41_52,clients=50
1778007307776,PUT_HOP,0,2,chordKey_12_26,
1778007307770,PUT,0,0,chordKey_44_33,clients=50
1778007307776,PUT_HOP,0,2,chordKey_49_22,
1778007307770,PUT,0,0,chordKey_30_32,clients=50
1778007307776,PUT_HOP,0,2,chordKey_3_25,
1778007307770,PUT,0,0,chordKey_23_51,clients=50
1778007307769,PUT,0,0,chordKey_10_22,clients=50
1778007307768,PUT,0,0,chordKey_14_26,clients=50
1778007307768,PUT,0,0,chordKey_40_42,clients=50
1778007307768,PUT,0,0,chordKey_29_29,clients=50
1778007307767,GET,36,2,chordKey_27_29,clients=50
1778007307779,GET,22,2,chordKey_49_22,clients=50
1778007307778,GET,22,2,chordKey_12_26,clients=50
1778007307780,GET,23,2,chordKey_3_25,clients=50
1778007307780,GET,29,2,chordKey_15_39,clients=50
1778007307781,PUT,0,0,chordKey_3_26,clients=50
1778007307776,GET,21,2,chordKey_35_21,clients=50
1778007307775,GET,21,2,chordKey_21_15,clients=50
1778007307782,PUT,0,0,chordKey_35_22,clients=50
1778007307775,GET,21,2,chordKey_34_35,clients=50
1778007307782,PUT,0,0,chordKey_21_16,clients=50
1778007307781,PUT,0,0,chordKey_15_40,clients=50
1778007307780,PUT,0,0,chordKey_12_27,clients=50
1778007307784,PUT_HOP,0,2,chordKey_48_16,
1778007307780,PUT,0,0,chordKey_49_23,clients=50
1778007307779,PUT,0,0,chordKey_27_30,clients=50
1778007307784,PUT_HOP,0,2,chordKey_6_29,
1778007307783,PUT,0,0,chordKey_34_36,clients=50
1778007307787,PUT_HOP,0,2,chordKey_26_40,
1778007307787,PUT_HOP,0,2,chordKey_43_30,
1778007307791,GET,57,2,chordKey_32_33,clients=50
1778007307792,PUT,0,0,chordKey_32_34,clients=50
1778007307793,PUT_HOP,0,2,chordKey_29_29,
1778007307794,GET,27,2,chordKey_26_40,clients=50
1778007307795,GET,27,2,chordKey_43_30,clients=50
1778007307795,PUT,0,0,chordKey_26_41,clients=50
1778007307795,PUT,0,0,chordKey_43_31,clients=50
1778007307796,PUT_HOP,0,2,chordKey_40_42,
1778007307798,PUT_HOP,0,2,chordKey_14_26,
1778007307798,PUT_HOP,0,2,chordKey_31_41,
1778007307799,PUT_HOP,0,2,chordKey_10_22,
1778007307799,PUT_HOP,0,2,chordKey_23_51,
1778007307800,PUT_HOP,0,2,chordKey_30_32,
1778007307800,GET,30,2,chordKey_31_41,clients=50
1778007307800,PUT_HOP,0,2,chordKey_44_33,
1778007307801,PUT,0,0,chordKey_31_42,clients=50
1778007307808,PUT_HOP,0,2,chordKey_41_52,
1778007307808,PUT_HOP,0,2,chordKey_38_52,
1778007307809,PUT_HOP,0,2,chordKey_4_21,
1778007307810,PUT_HOP,0,2,chordKey_28_22,
1778007307811,GET,38,2,chordKey_6_29,clients=50
1778007307811,GET,38,2,chordKey_48_16,clients=50
1778007307811,PUT,0,0,chordKey_6_30,clients=50
1778007307811,GET,38,2,chordKey_28_22,clients=50
1778007307812,PUT,0,0,chordKey_48_17,clients=50
1778007307812,PUT,0,0,chordKey_28_23,clients=50
1778007307813,GET,38,2,chordKey_4_21,clients=50
1778007307813,PUT,0,0,chordKey_4_22,clients=50
1778007307814,GET,38,2,chordKey_38_52,clients=50
1778007307814,PUT,0,0,chordKey_38_53,clients=50
1778007307818,GET,42,2,chordKey_44_33,clients=50
1778007307828,PUT_HOP,0,2,chordKey_27_30,
1778007307836,GET,53,2,chordKey_21_16,clients=50
1778007307835,PUT_HOP,0,2,chordKey_34_36,
1778007307837,PUT,0,0,chordKey_44_34,clients=50
1778007307834,PUT_HOP,0,2,chordKey_35_22,
1778007307834,PUT_HOP,0,2,chordKey_3_26,
1778007307836,GET,53,2,chordKey_35_22,clients=50
1778007307833,PUT_HOP,0,2,chordKey_21_16,
1778007307833,GET,51,2,chordKey_3_26,clients=50
1778007307832,PUT_HOP,0,2,chordKey_15_40,
1778007307831,GET,52,2,chordKey_29_29,clients=50
1778007307832,PUT_HOP,0,2,chordKey_12_27,
1778007307838,PUT,0,0,chordKey_3_27,clients=50
1778007307829,GET,51,2,chordKey_40_42,clients=50
1778007307829,PUT_HOP,0,2,chordKey_49_23,
1778007307839,GET,54,2,chordKey_27_30,clients=50
1778007307839,GET,55,2,chordKey_49_23,clients=50
1778007307840,PUT,0,0,chordKey_27_31,clients=50
1778007307827,GET,51,2,chordKey_41_52,clients=50
1778007307820,GET,42,2,chordKey_14_26,clients=50
1778007307819,GET,42,2,chordKey_10_22,clients=50
1778007307819,GET,42,2,chordKey_23_51,clients=50
1778007307818,GET,41,2,chordKey_30_32,clients=50
1778007307841,PUT,0,0,chordKey_23_52,clients=50
1778007307841,PUT,0,0,chordKey_10_23,clients=50
1778007307841,PUT,0,0,chordKey_14_27,clients=50
1778007307840,PUT,0,0,chordKey_41_53,clients=50
1778007307840,GET,56,2,chordKey_12_27,clients=50
1778007307840,PUT,0,0,chordKey_49_24,clients=50
1778007307840,GET,54,2,chordKey_34_36,clients=50
1778007307839,PUT,0,0,chordKey_40_43,clients=50
1778007307838,PUT,0,0,chordKey_29_30,clients=50
1778007307838,PUT,0,0,chordKey_35_23,clients=50
1778007307837,GET,53,2,chordKey_15_40,clients=50
1778007307837,PUT,0,0,chordKey_21_17,clients=50
1778007307845,PUT,0,0,chordKey_15_41,clients=50
1778007307844,PUT,0,0,chordKey_34_37,clients=50
1778007307843,PUT,0,0,chordKey_12_28,clients=50
1778007307842,PUT,0,0,chordKey_30_33,clients=50
1778007307849,PUT_HOP,0,2,chordKey_32_34,
1778007307849,GET,57,2,chordKey_32_34,clients=50
1778007307850,PUT_HOP,0,2,chordKey_26_41,
1778007307851,GET,55,2,chordKey_26_41,clients=50
1778007307850,PUT_HOP,0,2,chordKey_43_31,
1778007307851,PUT,0,0,chordKey_26_42,clients=50
1778007307851,PUT,0,0,chordKey_32_35,clients=50
1778007307852,GET,56,2,chordKey_43_31,clients=50
1778007307853,PUT,0,0,chordKey_43_32,clients=50
1778007307853,PUT_HOP,0,2,chordKey_31_42,
1778007307854,GET,52,2,chordKey_31_42,clients=50
1778007307854,PUT_HOP,0,2,chordKey_48_17,
1778007307856,PUT,0,0,chordKey_31_43,clients=50
1778007307854,PUT_HOP,0,2,chordKey_6_30,
1778007307856,PUT_HOP,0,2,chordKey_28_23,
1778007307858,GET,44,2,chordKey_48_17,clients=50
1778007307858,PUT,0,0,chordKey_48_18,clients=50
1778007307858,GET,46,2,chordKey_6_30,clients=50
1778007307859,PUT_HOP,0,2,chordKey_4_22,
1778007307859,PUT,0,0,chordKey_6_31,clients=50
1778007307859,GET,46,2,chordKey_28_23,clients=50
1778007307860,PUT_HOP,0,2,chordKey_30_33,
1778007307860,PUT,0,0,chordKey_28_24,clients=50
1778007307862,PUT_HOP,0,2,chordKey_34_37,
1778007307865,GET,18,2,chordKey_34_37,clients=50
1778007307865,GET,18,2,chordKey_30_33,clients=50
1778007307865,PUT,0,0,chordKey_34_38,clients=50
1778007307865,PUT_HOP,0,2,chordKey_38_53,
1778007307865,PUT,0,0,chordKey_30_34,clients=50
1778007307866,GET,51,2,chordKey_38_53,clients=50
1778007307866,GET,52,2,chordKey_4_22,clients=50
1778007307870,PUT,0,0,chordKey_38_54,clients=50
1778007307870,PUT,0,0,chordKey_4_23,clients=50
1778007307871,PUT_HOP,0,2,chordKey_32_35,
1778007307873,PUT_HOP,0,2,chordKey_44_34,
1778007307873,GET,20,2,chordKey_32_35,clients=50
1778007307873,PUT,0,0,chordKey_32_36,clients=50
1778007307874,PUT_HOP,0,2,chordKey_35_23,
1778007307874,GET,36,2,chordKey_44_34,clients=50
1778007307874,PUT_HOP,0,2,chordKey_3_27,
1778007307874,PUT,0,0,chordKey_44_35,clients=50
1778007307875,PUT_HOP,0,2,chordKey_21_17,
1778007307875,PUT_HOP,0,2,chordKey_40_43,
1778007307875,GET,36,2,chordKey_3_27,clients=50
1778007307876,PUT,0,0,chordKey_3_28,clients=50
1778007307876,PUT_HOP,0,2,chordKey_27_31,
1778007307876,PUT_HOP,0,2,chordKey_29_30,
1778007307877,PUT_HOP,0,2,chordKey_49_24,
1778007307878,PUT_HOP,0,2,chordKey_41_53,
1778007307878,GET,38,2,chordKey_27_31,clients=50
1778007307878,PUT_HOP,0,2,chordKey_14_27,
1778007307879,PUT,0,0,chordKey_27_32,clients=50
1778007307879,PUT_HOP,0,2,chordKey_48_18,
1778007307880,PUT_HOP,0,2,chordKey_10_23,
1778007307880,GET,22,2,chordKey_48_18,clients=50
1778007307881,PUT_HOP,0,2,chordKey_23_52,
1778007307881,PUT,0,0,chordKey_48_19,clients=50
1778007307882,GET,39,2,chordKey_10_23,clients=50
1778007307882,GET,40,2,chordKey_23_52,clients=50
1778007307882,PUT,0,0,chordKey_10_24,clients=50
1778007307883,GET,40,2,chordKey_14_27,clients=50
1778007307883,PUT_HOP,0,2,chordKey_12_28,
1778007307883,PUT,0,0,chordKey_23_53,clients=50
1778007307883,PUT,0,0,chordKey_14_28,clients=50
1778007307884,GET,41,2,chordKey_41_53,clients=50
1778007307885,GET,40,2,chordKey_40_43,clients=50
1778007307884,GET,40,2,chordKey_49_24,clients=50
1778007307885,GET,40,2,chordKey_35_23,clients=50
1778007307885,PUT,0,0,chordKey_40_44,clients=50
1778007307885,GET,40,2,chordKey_29_30,clients=50
1778007307897,PUT_HOP,0,2,chordKey_15_41,
1778007307885,PUT,0,0,chordKey_41_54,clients=50
1778007307905,PUT_HOP,0,2,chordKey_28_24,
1778007307904,PUT_HOP,0,2,chordKey_6_31,
1778007307906,PUT,0,0,chordKey_29_31,clients=50
1778007307903,PUT_HOP,0,2,chordKey_31_43,
1778007307907,PUT_HOP,0,2,chordKey_34_38,
1778007307906,GET,45,2,chordKey_28_24,clients=50
1778007307901,PUT_HOP,0,2,chordKey_43_32,
1778007307905,GET,45,2,chordKey_6_31,clients=50
1778007307900,PUT_HOP,0,2,chordKey_26_42,
1778007307904,GET,47,2,chordKey_31_43,clients=50
1778007307908,PUT,0,0,chordKey_6_32,clients=50
1778007307903,GET,49,2,chordKey_43_32,clients=50
1778007307909,PUT,0,0,chordKey_43_33,clients=50
1778007307909,PUT_HOP,0,2,chordKey_30_34,
1778007307901,GET,49,2,chordKey_26_42,clients=50
1778007307898,GET,51,2,chordKey_12_28,clients=50
1778007307911,GET,45,2,chordKey_34_38,clients=50
1778007307898,GET,52,2,chordKey_15_41,clients=50
1778007307911,PUT_HOP,0,2,chordKey_32_36,
1778007307912,PUT,0,0,chordKey_34_39,clients=50
1778007307886,GET,41,2,chordKey_21_17,clients=50
1778007307886,PUT,0,0,chordKey_35_24,clients=50
1778007307885,PUT,0,0,chordKey_49_25,clients=50
1778007307913,PUT,0,0,chordKey_21_18,clients=50
1778007307912,PUT,0,0,chordKey_15_42,clients=50
1778007307911,PUT,0,0,chordKey_12_29,clients=50
1778007307911,PUT,0,0,chordKey_26_43,clients=50
1778007307909,PUT,0,0,chordKey_31_44,clients=50
1778007307915,PUT_HOP,0,2,chordKey_48_19,
1778007307915,GET,41,2,chordKey_32_36,clients=50
1778007307916,PUT,0,0,chordKey_32_37,clients=50
1778007307908,PUT,0,0,chordKey_28_25,clients=50
1778007307908,GET,38,2,chordKey_30_34,clients=50
1778007307917,PUT,0,0,chordKey_30_35,clients=50
1778007307916,GET,34,2,chordKey_48_19,clients=50
1778007307918,PUT_HOP,0,2,chordKey_38_54,
1778007307918,PUT_HOP,0,2,chordKey_4_23,
1778007307919,PUT,0,0,chordKey_48_20,clients=50
1778007307919,GET,48,2,chordKey_38_54,clients=50
1778007307920,PUT_HOP,0,2,chordKey_3_28,
1778007307920,PUT,0,0,chordKey_38_55,clients=50
1778007307920,GET,49,2,chordKey_4_23,clients=50
1778007307920,PUT_HOP,0,2,chordKey_44_35,
1778007307920,GET,45,2,chordKey_44_35,clients=50
1778007307921,PUT,0,0,chordKey_4_24,clients=50
1778007307922,PUT,0,0,chordKey_44_36,clients=50
1778007307929,PUT_HOP,0,2,chordKey_27_32,
1778007307930,PUT_HOP,0,2,chordKey_10_24,
1778007307930,GET,54,2,chordKey_3_28,clients=50
1778007307930,PUT_HOP,0,2,chordKey_23_53,
1778007307931,PUT,0,0,chordKey_3_29,clients=50
1778007307930,GET,51,2,chordKey_27_32,clients=50
1778007307932,PUT_HOP,0,2,chordKey_14_28,
1778007307932,PUT,0,0,chordKey_27_33,clients=50
1778007307932,GET,48,2,chordKey_14_28,clients=50
1778007307931,GET,48,2,chordKey_10_24,clients=50
1778007307933,PUT,0,0,chordKey_14_29,clients=50
1778007307933,PUT,0,0,chordKey_10_25,clients=50
1778007307934,GET,50,2,chordKey_23_53,clients=50
1778007307935,PUT,0,0,chordKey_23_54,clients=50
1778007307937,PUT_HOP,0,2,chordKey_40_44,
1778007307938,PUT_HOP,0,2,chordKey_35_24,
1778007307939,GET,52,2,chordKey_40_44,clients=50
1778007307939,PUT_HOP,0,2,chordKey_49_25,
1778007307940,PUT,0,0,chordKey_40_45,clients=50
1778007307940,PUT_HOP,0,2,chordKey_44_36,
1778007307946,PUT_HOP,0,2,chordKey_41_54,
1778007307951,PUT_HOP,0,2,chordKey_29_31,
1778007307952,PUT_HOP,0,2,chordKey_28_25,
1778007307955,PUT_HOP,0,2,chordKey_31_44,
1778007307956,PUT_HOP,0,2,chordKey_26_43,
1778007307956,PUT_HOP,0,2,chordKey_6_32,
1778007307956,PUT_HOP,0,2,chordKey_43_33,
1778007307957,PUT_HOP,0,2,chordKey_15_42,
1778007307956,PUT_HOP,0,2,chordKey_12_29,
1778007307957,PUT_HOP,0,2,chordKey_21_18,
1778007307959,PUT_HOP,0,2,chordKey_38_55,
1778007307959,GET,52,2,chordKey_41_54,clients=50
1778007307959,PUT,0,0,chordKey_41_55,clients=50
1778007307959,PUT_HOP,0,2,chordKey_34_39,
1778007307960,PUT_HOP,0,2,chordKey_4_24,
1778007307960,PUT_HOP,0,2,chordKey_30_35,
1778007307961,GET,54,2,chordKey_29_31,clients=50
1778007307962,GET,52,2,chordKey_43_33,clients=50
1778007307962,PUT_HOP,0,2,chordKey_48_20,
1778007307963,PUT,0,0,chordKey_43_34,clients=50
1778007307962,PUT,0,0,chordKey_29_32,clients=50
1778007307963,GET,54,2,chordKey_6_32,clients=50
1778007307964,PUT_HOP,0,2,chordKey_32_37,
1778007307964,GET,52,2,chordKey_34_39,clients=50
1778007307964,PUT,0,0,chordKey_6_33,clients=50
1778007307965,PUT,0,0,chordKey_34_40,clients=50
1778007307965,GET,52,2,chordKey_35_24,clients=50
1778007307966,PUT,0,0,chordKey_35_25,clients=50
1778007307966,GET,43,2,chordKey_44_36,clients=50
1778007307967,PUT,0,0,chordKey_44_37,clients=50
1778007307968,GET,55,2,chordKey_49_25,clients=50
1778007307968,GET,54,2,chordKey_15_42,clients=50
1778007307969,PUT,0,0,chordKey_49_26,clients=50
1778007307969,PUT,0,0,chordKey_15_43,clients=50
1778007307971,GET,56,2,chordKey_12_29,clients=50
1778007307971,GET,57,2,chordKey_21_18,clients=50
1778007307972,PUT,0,0,chordKey_12_30,clients=50
1778007307972,PUT,0,0,chordKey_21_19,clients=50
1778007307973,PUT_HOP,0,2,chordKey_3_29,
1778007307973,GET,58,2,chordKey_26_43,clients=50
1778007307974,PUT_HOP,0,2,chordKey_27_33,
1778007307974,PUT,0,0,chordKey_26_44,clients=50
1778007307974,PUT_HOP,0,2,chordKey_14_29,
1778007307973,GET,58,2,chordKey_31_44,clients=50
1778007307975,PUT_HOP,0,2,chordKey_10_25,
1778007307974,GET,57,2,chordKey_32_37,clients=50
1778007307975,PUT_HOP,0,2,chordKey_23_54,
1778007307975,PUT,0,0,chordKey_32_38,clients=50
1778007307975,PUT,0,0,chordKey_31_45,clients=50
1778007307976,PUT_HOP,0,2,chordKey_40_45,
1778007307977,GET,57,2,chordKey_48_20,clients=50
1778007307977,PUT,0,0,chordKey_48_21,clients=50
1778007307980,GET,62,2,chordKey_30_35,clients=50
1778007307981,PUT,0,0,chordKey_30_36,clients=50
1778007307984,GET,67,2,chordKey_28_25,clients=50
1778007307984,GET,62,2,chordKey_4_24,clients=50
1778007307985,PUT,0,0,chordKey_28_26,clients=50
1778007307985,PUT,0,0,chordKey_4_25,clients=50
1778007307985,GET,64,2,chordKey_38_55,clients=50
1778007307986,PUT,0,0,chordKey_38_56,clients=50
1778007307986,GET,54,2,chordKey_3_29,clients=50
1778007307987,PUT,0,0,chordKey_3_30,clients=50
1778007307987,GET,54,2,chordKey_27_33,clients=50
1778007307988,PUT,0,0,chordKey_27_34,clients=50
1778007307987,GET,53,2,chordKey_14_29,clients=50
1778007307987,GET,53,2,chordKey_10_25,clients=50
1778007307989,PUT,0,0,chordKey_14_30,clients=50
1778007307989,PUT,0,0,chordKey_10_26,clients=50
1778007307990,GET,50,2,chordKey_40_45,clients=50
1778007307991,PUT_HOP,0,2,chordKey_31_45,
1778007307991,PUT,0,0,chordKey_40_46,clients=50
1778007307990,GET,55,2,chordKey_23_54,clients=50
1778007307992,PUT,0,0,chordKey_23_55,clients=50
1778007307992,PUT_HOP,0,2,chordKey_41_55,
1778007307993,PUT_HOP,0,2,chordKey_43_34,
1778007307994,GET,34,2,chordKey_41_55,clients=50
1778007307995,PUT,0,0,chordKey_41_56,clients=50
1778007307995,GET,19,2,chordKey_31_45,clients=50
1778007307996,PUT_HOP,0,2,chordKey_29_32,
1778007307996,GET,32,2,chordKey_29_32,clients=50
1778007307996,PUT_HOP,0,2,chordKey_34_40,
1778007307996,PUT,0,0,chordKey_29_33,clients=50
1778007307997,PUT_HOP,0,2,chordKey_6_33,
1778007307996,PUT,0,0,chordKey_31_46,clients=50
1778007307997,GET,34,2,chordKey_43_34,clients=50
1778007307998,GET,32,2,chordKey_6_33,clients=50
1778007307998,PUT_HOP,0,2,chordKey_44_37,
1778007307998,PUT,0,0,chordKey_43_35,clients=50
1778007307999,PUT,0,0,chordKey_6_34,clients=50
1778007307998,GET,33,2,chordKey_34_40,clients=50
1778007307999,PUT,0,0,chordKey_34_41,clients=50
1778007308000,PUT_HOP,0,2,chordKey_35_25,
1778007308000,GET,33,2,chordKey_35_25,clients=50
1778007308001,PUT,0,0,chordKey_35_26,clients=50
1778007308001,PUT_HOP,0,2,chordKey_49_26,
1778007308004,PUT_HOP,0,2,chordKey_12_30,
1778007308005,GET,37,2,chordKey_44_37,clients=50
1778007308005,PUT_HOP,0,2,chordKey_15_43,
1778007308006,PUT,0,0,chordKey_44_38,clients=50
1778007308006,PUT_HOP,0,2,chordKey_26_44,
1778007308006,GET,33,2,chordKey_21_19,clients=50
1778007308006,GET,36,2,chordKey_49_26,clients=50
1778007308006,GET,35,2,chordKey_15_43,clients=50
1778007308007,PUT,0,0,chordKey_49_27,clients=50
1778007308007,GET,33,2,chordKey_26_44,clients=50
1778007308007,PUT,0,0,chordKey_21_20,clients=50
1778007308008,PUT,0,0,chordKey_26_45,clients=50
1778007308008,PUT_HOP,0,2,chordKey_21_19,
1778007308007,PUT,0,0,chordKey_15_44,clients=50
1778007308007,GET,34,2,chordKey_12_30,clients=50
1778007308009,PUT,0,0,chordKey_12_31,clients=50
1778007308010,GET,32,2,chordKey_48_21,clients=50
1778007308010,PUT_HOP,0,2,chordKey_48_21,
1778007308012,PUT,0,0,chordKey_48_22,clients=50
1778007308012,PUT_HOP,0,2,chordKey_38_56,
1778007308012,GET,36,2,chordKey_32_38,clients=50
1778007308013,GET,27,2,chordKey_28_26,clients=50
1778007308014,PUT_HOP,0,2,chordKey_4_25,
1778007308014,PUT,0,0,chordKey_28_27,clients=50
1778007308013,PUT,0,0,chordKey_32_39,clients=50
1778007308015,PUT_HOP,0,2,chordKey_3_30,
1778007308015,PUT_HOP,0,2,chordKey_28_26,
1778007308016,GET,30,2,chordKey_38_56,clients=50
1778007308017,PUT_HOP,0,2,chordKey_30_36,
1778007308017,PUT,0,0,chordKey_38_57,clients=50
1778007308017,PUT_HOP,0,2,chordKey_32_38,
1778007308017,GET,31,2,chordKey_4_25,clients=50
1778007308018,PUT_HOP,0,2,chordKey_27_34,
1778007308018,GET,36,2,chordKey_30_36,clients=50
1778007308018,PUT,0,0,chordKey_4_26,clients=50
1778007308018,PUT_HOP,0,2,chordKey_10_26,
1778007308018,PUT,0,0,chordKey_30_37,clients=50
1778007308019,PUT_HOP,0,2,chordKey_14_30,
1778007308019,GET,31,2,chordKey_3_30,clients=50
1778007308020,PUT,0,0,chordKey_3_31,clients=50
1778007308021,GET,31,2,chordKey_14_30,clients=50
1778007308021,PUT_HOP,0,2,chordKey_40_46,
1778007308021,PUT_HOP,0,2,chordKey_23_55,
1778007308021,PUT,0,0,chordKey_14_31,clients=50
1778007308020,GET,30,2,chordKey_10_26,clients=50
1778007308021,GET,33,2,chordKey_27_34,clients=50
1778007308023,PUT,0,0,chordKey_10_27,clients=50
1778007308023,PUT_HOP,0,2,chordKey_41_56,
1778007308023,GET,32,2,chordKey_40_46,clients=50
1778007308024,PUT,0,0,chordKey_40_47,clients=50
1778007308023,PUT,0,0,chordKey_27_35,clients=50
1778007308025,GET,29,2,chordKey_41_56,clients=50
1778007308025,PUT,0,0,chordKey_41_57,clients=50
1778007308026,GET,33,2,chordKey_23_55,clients=50
1778007308026,PUT_HOP,0,2,chordKey_29_33,
1778007308026,PUT,0,0,chordKey_23_56,clients=50
1778007308027,PUT_HOP,0,2,chordKey_43_35,
1778007308027,PUT_HOP,0,2,chordKey_31_46,
1778007308029,GET,31,2,chordKey_29_33,clients=50
1778007308028,PUT_HOP,0,1,chordKey_32_39,
1778007308029,GET,30,2,chordKey_43_35,clients=50
1778007308030,PUT,0,0,chordKey_29_34,clients=50
1778007308030,PUT,0,0,chordKey_43_36,clients=50
1778007308030,PUT_HOP,0,2,chordKey_34_41,
1778007308031,PUT_HOP,0,2,chordKey_6_34,
1778007308032,GET,33,2,chordKey_6_34,clients=50
1778007308032,GET,17,1,chordKey_32_39,clients=50
1778007308033,PUT,0,0,chordKey_6_35,clients=50
1778007308033,PUT_HOP,0,2,chordKey_35_26,
1778007308033,PUT,0,0,chordKey_32_40,clients=50
1778007308033,PUT_HOP,0,1,chordKey_30_37,
1778007308034,GET,36,2,chordKey_31_46,clients=50
1778007308035,GET,33,2,chordKey_35_26,clients=50
1778007308035,PUT,0,0,chordKey_31_47,clients=50
1778007308035,PUT,0,0,chordKey_35_27,clients=50
1778007308035,GET,16,1,chordKey_30_37,clients=50
1778007308035,GET,35,2,chordKey_34_41,clients=50
1778007308037,PUT,0,0,chordKey_34_42,clients=50
1778007308037,PUT_HOP,0,2,chordKey_21_20,
1778007308038,PUT_HOP,0,2,chordKey_49_27,
1778007308037,PUT,0,0,chordKey_30_38,clients=50
1778007308037,PUT_HOP,0,2,chordKey_15_44,
1778007308039,PUT_HOP,0,2,chordKey_26_45,
1778007308040,GET,32,2,chordKey_21_20,clients=50
1778007308040,GET,31,2,chordKey_15_44,clients=50
1778007308041,PUT,0,0,chordKey_21_21,clients=50
1778007308041,PUT,0,0,chordKey_15_45,clients=50
1778007308042,GET,32,2,chordKey_12_31,clients=50
1778007308042,GET,34,2,chordKey_49_27,clients=50
1778007308042,PUT_HOP,0,2,chordKey_44_38,
1778007308042,PUT,0,0,chordKey_12_32,clients=50
1778007308043,PUT_HOP,0,2,chordKey_12_31,
1778007308043,GET,37,2,chordKey_44_38,clients=50
1778007308043,PUT,0,0,chordKey_49_28,clients=50
1778007308044,PUT,0,0,chordKey_44_39,clients=50
1778007308045,GET,36,2,chordKey_26_45,clients=50
1778007308045,PUT_HOP,0,2,chordKey_48_22,
1778007308045,PUT,0,0,chordKey_26_46,clients=50
1778007308047,GET,34,2,chordKey_48_22,clients=50
1778007308047,PUT,0,0,chordKey_48_23,clients=50
1778007308048,PUT_HOP,0,2,chordKey_28_27,
1778007308050,PUT_HOP,0,2,chordKey_38_57,
1778007308050,GET,35,2,chordKey_28_27,clients=50
1778007308050,GET,32,2,chordKey_38_57,clients=50
1778007308050,PUT,0,0,chordKey_28_28,clients=50
1778007308051,PUT,0,0,chordKey_38_58,clients=50
1778007308051,PUT_HOP,0,2,chordKey_35_27,
1778007308052,PUT_HOP,0,2,chordKey_4_26,
1778007308053,GET,17,2,chordKey_35_27,clients=50
1778007308053,PUT_HOP,0,2,chordKey_14_31,
1778007308054,GET,35,2,chordKey_4_26,clients=50
1778007308054,PUT_HOP,0,2,chordKey_3_31,
1778007308054,PUT,0,0,chordKey_35_28,clients=50
1778007308055,PUT,0,0,chordKey_4_27,clients=50
1778007308055,GET,34,2,chordKey_3_31,clients=50
1778007308056,PUT,0,0,chordKey_3_32,clients=50
1778007308056,PUT_HOP,0,2,chordKey_27_35,
1778007308055,GET,33,2,chordKey_14_31,clients=50
1778007308057,PUT_HOP,0,2,chordKey_40_47,
1778007308057,PUT_HOP,0,2,chordKey_10_27,
1778007308057,PUT,0,0,chordKey_14_32,clients=50
1778007308059,PUT_HOP,0,2,chordKey_41_57,
1778007308059,GET,35,2,chordKey_40_47,clients=50
1778007308060,PUT_HOP,0,2,chordKey_23_56,
1778007308060,PUT,0,0,chordKey_40_48,clients=50
1778007308060,GET,35,2,chordKey_27_35,clients=50
1778007308061,PUT,0,0,chordKey_27_36,clients=50
1778007308062,GET,38,2,chordKey_10_27,clients=50
1778007308062,PUT,0,0,chordKey_10_28,clients=50
1778007308063,GET,36,2,chordKey_23_56,clients=50
1778007308063,GET,37,2,chordKey_41_57,clients=50
1778007308064,PUT,0,0,chordKey_23_57,clients=50
1778007308064,PUT,0,0,chordKey_41_58,clients=50
1778007308065,PUT_HOP,0,2,chordKey_29_34,
1778007308065,PUT_HOP,0,2,chordKey_43_36,
1778007308067,GET,36,2,chordKey_29_34,clients=50
1778007308067,GET,36,2,chordKey_43_36,clients=50
1778007308068,PUT,0,0,chordKey_29_35,clients=50
1778007308068,PUT,0,0,chordKey_43_37,clients=50
1778007308071,GET,35,2,chordKey_31_47,clients=50
1778007308071,PUT,0,0,chordKey_31_48,clients=50
1778007308073,PUT_HOP,0,2,chordKey_31_47,
1778007308077,PUT_HOP,0,2,chordKey_6_35,
1778007308077,PUT_HOP,0,2,chordKey_32_40,
1778007308078,GET,44,2,chordKey_6_35,clients=50
1778007308079,PUT,0,0,chordKey_6_36,clients=50
1778007308079,PUT_HOP,0,2,chordKey_30_38,
1778007308080,GET,45,2,chordKey_32_40,clients=50
1778007308080,PUT_HOP,0,2,chordKey_34_42,
1778007308080,PUT,0,0,chordKey_32_41,clients=50
1778007308082,GET,44,2,chordKey_34_42,clients=50
1778007308083,PUT,0,0,chordKey_34_43,clients=50
1778007308084,GET,39,2,chordKey_44_39,clients=50
1778007308085,GET,46,2,chordKey_30_38,clients=50
1778007308085,PUT_HOP,0,2,chordKey_44_39,
1778007308085,PUT_HOP,0,2,chordKey_35_28,
1778007308086,PUT_HOP,0,2,chordKey_21_21,
1778007308086,PUT_HOP,0,2,chordKey_15_45,
1778007308086,PUT,0,0,chordKey_30_39,clients=50
1778007308086,PUT_HOP,0,2,chordKey_12_32,
1778007308086,GET,44,2,chordKey_21_21,clients=50
1778007308088,PUT_HOP,0,2,chordKey_49_28,
1778007308085,PUT,0,0,chordKey_44_40,clients=50
1778007308088,PUT,0,0,chordKey_21_22,clients=50
1778007308087,GET,45,2,chordKey_15_45,clients=50
1778007308086,PUT,1036,0,chordKey_25_23,clients=50
1778007308089,GET,46,2,chordKey_12_32,clients=50
1778007308090,PUT_HOP,0,2,chordKey_26_46,
1778007308089,PUT,0,0,chordKey_15_46,clients=50
1778007308090,PUT,0,0,chordKey_12_33,clients=50
1778007308090,GET,45,2,chordKey_49_28,clients=50
1778007308091,GET,45,2,chordKey_26_46,clients=50
1778007308091,PUT_HOP,0,2,chordKey_48_23,
1778007308091,PUT,0,0,chordKey_49_29,clients=50
1778007308092,PUT,0,0,chordKey_26_47,clients=50
1778007308093,PUT_HOP,0,2,chordKey_46_22,
1778007308094,GET,1064,2,chordKey_1_23,clients=50
1778007308094,GET,2129,2,chordKey_17_1,clients=50
1778007308094,PUT_HOP,0,2,chordKey_28_28,
1778007308094,GET,1066,2,chordKey_36_34,clients=50
1778007308094,PUT,0,0,chordKey_1_24,clients=50
1778007308095,PUT,0,0,chordKey_36_35,clients=50
1778007308096,PUT_HOP,0,2,chordKey_38_58,
1778007308095,GET,47,2,chordKey_48_23,clients=50
1778007308097,PUT,0,0,chordKey_48_24,clients=50
1778007308095,PUT,0,0,chordKey_17_2,clients=50
1778007308097,GET,45,2,chordKey_38_58,clients=50
1778007308098,GET,46,2,chordKey_28_28,clients=50
1778007308098,PUT,0,0,chordKey_38_59,clients=50
1778007308099,PUT,0,0,chordKey_28_29,clients=50
1778007308099,GET,44,2,chordKey_35_28,clients=50
1778007308100,PUT_HOP,0,2,chordKey_4_27,
1778007308100,PUT,0,0,chordKey_35_29,clients=50
1778007308100,GET,45,2,chordKey_4_27,clients=50
1778007308101,PUT,0,0,chordKey_4_28,clients=50
1778007308101,PUT_HOP,0,2,chordKey_3_32,
1778007308102,PUT_HOP,0,2,chordKey_14_32,
1778007308103,GET,46,2,chordKey_3_32,clients=50
1778007308104,GET,2162,2,chordKey_18_10,clients=50
1778007308103,GET,46,2,chordKey_14_32,clients=50
1778007308105,PUT,0,0,chordKey_18_11,clients=50
1778007308104,PUT,0,0,chordKey_3_33,clients=50
1778007308105,PUT,0,0,chordKey_14_33,clients=50
1778007308106,PUT_HOP,0,2,chordKey_40_48,
1778007308106,GET,1086,2,chordKey_45_23,clients=50
1778007308106,PUT,0,0,chordKey_45_24,clients=50
1778007308107,PUT_HOP,0,2,chordKey_27_36,
1778007308108,GET,47,2,chordKey_40_48,clients=50
1778007308108,GET,47,2,chordKey_27_36,clients=50
1778007308108,PUT_HOP,0,2,chordKey_10_28,
1778007308109,PUT,0,0,chordKey_40_49,clients=50
1778007308109,PUT,0,0,chordKey_27_37,clients=50
1778007308110,PUT_HOP,0,2,chordKey_23_57,
1778007308114,PUT_HOP,0,2,chordKey_41_58,
1778007308109,GET,46,2,chordKey_10_28,clients=50
1778007308115,GET,50,2,chordKey_23_57,clients=50
1778007308115,PUT,0,0,chordKey_10_29,clients=50
1778007308116,PUT,0,0,chordKey_23_58,clients=50
1778007308116,PUT_HOP,0,2,chordKey_29_35,
1778007308117,PUT_HOP,0,2,chordKey_43_37,
1778007308117,GET,52,2,chordKey_41_58,clients=50
1778007308118,PUT,0,0,chordKey_41_59,clients=50
1778007308118,GET,50,2,chordKey_29_35,clients=50
1778007308119,PUT_HOP,0,2,chordKey_31_48,
1778007308119,PUT,0,0,chordKey_29_36,clients=50
1778007308119,GET,1072,2,chordKey_39_14,clients=50
1778007308120,PUT_HOP,0,2,chordKey_6_36,
1778007308119,GET,50,2,chordKey_43_37,clients=50
1778007308121,PUT,0,0,chordKey_43_38,clients=50
1778007308121,PUT_HOP,0,2,chordKey_32_41,
1778007308120,PUT,0,0,chordKey_39_15,clients=50
1778007308123,GET,51,2,chordKey_31_48,clients=50
1778007308123,GET,44,2,chordKey_6_36,clients=50
1778007308124,PUT,0,0,chordKey_31_49,clients=50
1778007308124,PUT,0,0,chordKey_6_37,clients=50
1778007308126,PUT_HOP,0,2,chordKey_34_43,
1778007308126,GET,44,2,chordKey_32_41,clients=50
1778007308126,PUT,0,0,chordKey_32_42,clients=50
1778007308127,PUT_HOP,0,2,chordKey_44_40,
1778007308128,GET,44,2,chordKey_34_43,clients=50
1778007308128,PUT_HOP,0,2,chordKey_30_39,
1778007308129,PUT,0,0,chordKey_34_44,clients=50
1778007308129,PUT_HOP,0,2,chordKey_25_23,
1778007308129,GET,1088,2,chordKey_33_9,clients=50
1778007308130,PUT,0,0,chordKey_33_10,clients=50
1778007308130,GET,1087,2,chordKey_0_2,clients=50
1778007308131,PUT,0,0,chordKey_0_3,clients=50
1778007308133,PUT_HOP,0,2,chordKey_21_22,
1778007308134,GET,46,2,chordKey_30_39,clients=50
1778007308134,PUT_HOP,0,2,chordKey_15_46,
1778007308134,PUT,0,0,chordKey_30_40,clients=50
1778007308134,PUT_HOP,0,1,chordKey_31_49,
1778007308135,GET,46,2,chordKey_44_40,clients=50
1778007308135,PUT_HOP,0,2,chordKey_12_33,
1778007308135,GET,46,2,chordKey_21_22,clients=50
1778007308137,PUT,0,0,chordKey_21_23,clients=50
1778007308136,GET,46,2,chordKey_25_23,clients=50
1778007308136,GET,45,2,chordKey_15_46,clients=50
1778007308136,PUT,0,0,chordKey_44_41,clients=50
1778007308135,GET,11,1,chordKey_31_49,clients=50
1778007308138,PUT,0,0,chordKey_31_50,clients=50
1778007308138,PUT,0,0,chordKey_15_47,clients=50
1778007308137,PUT,0,0,chordKey_25_24,clients=50
1778007308139,PUT_HOP,0,2,chordKey_49_29,
1778007308137,GET,46,2,chordKey_12_33,clients=50
1778007308140,PUT_HOP,0,2,chordKey_26_47,
1778007308140,PUT,0,0,chordKey_12_34,clients=50
1778007308141,GET,48,2,chordKey_26_47,clients=50
1778007308141,GET,49,2,chordKey_49_29,clients=50
1778007308141,PUT,0,0,chordKey_26_48,clients=50
1778007308142,PUT,0,0,chordKey_49_30,clients=50
1778007308142,PUT_HOP,0,2,chordKey_1_24,
1778007308143,PUT_HOP,0,2,chordKey_17_2,
1778007308143,PUT_HOP,0,2,chordKey_36_35,
1778007308144,GET,48,2,chordKey_1_24,clients=50
1778007308145,PUT,0,0,chordKey_1_25,clients=50
1778007308146,PUT_HOP,0,2,chordKey_48_24,
1778007308146,GET,48,2,chordKey_48_24,clients=50
1778007308147,PUT,0,0,chordKey_48_25,clients=50
1778007308147,PUT_HOP,0,2,chordKey_28_29,
1778007308147,GET,51,2,chordKey_36_35,clients=50
1778007308148,PUT_HOP,0,2,chordKey_35_29,
1778007308148,PUT,0,0,chordKey_36_36,clients=50
1778007308148,GET,50,2,chordKey_17_2,clients=50
1778007308149,GET,50,2,chordKey_38_59,clients=50
1778007308149,PUT,0,0,chordKey_17_3,clients=50
1778007308150,GET,50,2,chordKey_28_29,clients=50
1778007308150,PUT_HOP,0,2,chordKey_3_33,
1778007308150,PUT,0,0,chordKey_28_30,clients=50
1778007308150,PUT_HOP,0,2,chordKey_4_28,
1778007308150,GET,48,2,chordKey_4_28,clients=50
1778007308151,PUT_HOP,0,2,chordKey_14_33,
1778007308151,PUT_HOP,0,2,chordKey_18_11,
1778007308151,PUT,0,0,chordKey_4_29,clients=50
1778007308150,PUT,0,0,chordKey_38_60,clients=50
1778007308152,GET,52,2,chordKey_35_29,clients=50
1778007308153,PUT,0,0,chordKey_35_30,clients=50
1778007308157,PUT_HOP,0,2,chordKey_38_59,
1778007308158,PUT_HOP,0,2,chordKey_27_37,
1778007308158,GET,53,2,chordKey_18_11,clients=50
1778007308158,GET,52,2,chordKey_14_33,clients=50
1778007308159,PUT,0,0,chordKey_18_12,clients=50
1778007308159,PUT_HOP,0,2,chordKey_45_24,
1778007308158,GET,51,2,chordKey_45_24,clients=50
1778007308159,PUT_HOP,0,2,chordKey_40_49,
1778007308159,PUT,0,0,chordKey_14_34,clients=50
1778007308158,GET,53,2,chordKey_3_33,clients=50
1778007308161,GET,51,2,chordKey_27_37,clients=50
1778007308161,PUT_HOP,0,2,chordKey_10_29,
1778007308160,GET,51,2,chordKey_40_49,clients=50
1778007308160,PUT,0,0,chordKey_45_25,clients=50
1778007308162,PUT,0,0,chordKey_40_50,clients=50
1778007308161,PUT,0,0,chordKey_27_38,clients=50
1778007308161,PUT,0,0,chordKey_3_34,clients=50
1778007308163,GET,44,2,chordKey_41_59,clients=50
1778007308163,PUT_HOP,0,2,chordKey_41_59,
1778007308165,PUT,0,0,chordKey_41_60,clients=50
1778007308165,PUT_HOP,0,2,chordKey_23_58,
1778007308164,GET,47,2,chordKey_23_58,clients=50
1778007308165,GET,48,2,chordKey_10_29,clients=50
1778007308166,PUT,0,0,chordKey_23_59,clients=50
1778007308166,PUT_HOP,0,2,chordKey_29_36,
1778007308166,PUT_HOP,0,2,chordKey_39_15,
1778007308166,PUT,0,0,chordKey_10_30,clients=50
1778007308167,PUT_HOP,0,2,chordKey_43_38,
1778007308167,GET,46,2,chordKey_43_38,clients=50
1778007308168,PUT_HOP,0,2,chordKey_6_37,
1778007308168,GET,48,2,chordKey_29_36,clients=50
1778007308168,PUT,0,0,chordKey_43_39,clients=50
1778007308169,PUT,0,0,chordKey_29_37,clients=50
1778007308169,PUT_HOP,0,2,chordKey_32_42,
1778007308170,GET,45,2,chordKey_6_37,clients=50
1778007308170,GET,48,2,chordKey_39_15,clients=50
1778007308170,PUT,0,0,chordKey_6_38,clients=50
1778007308171,PUT,0,0,chordKey_39_16,clients=50
1778007308172,PUT_HOP,0,2,chordKey_34_44,
1778007308173,GET,45,2,chordKey_32_42,clients=50
1778007308173,PUT,0,0,chordKey_32_43,clients=50
1778007308175,GET,44,2,chordKey_33_10,clients=50
1778007308175,PUT_HOP,0,2,chordKey_33_10,
1778007308175,GET,46,2,chordKey_34_44,clients=50
1778007308175,GET,43,2,chordKey_0_3,clients=50
1778007308176,PUT_HOP,0,2,chordKey_30_40,
1778007308176,PUT,0,0,chordKey_0_4,clients=50
1778007308176,PUT_HOP,0,2,chordKey_0_3,
1778007308176,PUT_HOP,0,2,chordKey_44_41,
1778007308176,PUT,0,0,chordKey_34_45,clients=50
1778007308175,PUT,0,0,chordKey_33_11,clients=50
1778007308177,PUT_HOP,0,2,chordKey_15_47,
1778007308176,GET,41,2,chordKey_30_40,clients=50
1778007308178,PUT,0,0,chordKey_30_41,clients=50
1778007308178,PUT_HOP,0,2,chordKey_21_23,
1778007308179,PUT_HOP,0,2,chordKey_25_24,
1778007308180,PUT_HOP,0,2,chordKey_31_50,
1778007308181,GET,42,2,chordKey_44_41,clients=50
1778007308181,PUT,0,0,chordKey_44_42,clients=50
1778007308181,GET,44,2,chordKey_21_23,clients=50
1778007308182,PUT,0,0,chordKey_21_24,clients=50
1778007308182,PUT_HOP,0,2,chordKey_12_34,
1778007308183,PUT_HOP,0,2,chordKey_49_30,
1778007308183,GET,43,2,chordKey_25_24,clients=50
1778007308183,GET,44,2,chordKey_15_47,clients=50
1778007308184,PUT_HOP,0,2,chordKey_26_48,
1778007308184,PUT,0,0,chordKey_15_48,clients=50
1778007308184,PUT,0,0,chordKey_25_25,clients=50
1778007308185,GET,43,2,chordKey_49_30,clients=50
1778007308185,GET,43,2,chordKey_26_48,clients=50
1778007308186,PUT_HOP,0,2,chordKey_1_25,
1778007308186,GET,45,2,chordKey_12_34,clients=50
1778007308186,PUT,0,0,chordKey_49_31,clients=50
1778007308187,PUT,0,0,chordKey_12_35,clients=50
1778007308186,PUT,0,0,chordKey_26_49,clients=50
1778007308187,GET,40,2,chordKey_48_25,clients=50
1778007308187,PUT_HOP,0,2,chordKey_17_3,
1778007308186,GET,47,2,chordKey_31_50,clients=50
1778007308188,PUT_HOP,0,2,chordKey_36_36,
1778007308188,PUT_HOP,0,2,chordKey_48_25,
1778007308188,PUT,0,0,chordKey_31_51,clients=50
1778007308188,PUT,0,0,chordKey_48_26,clients=50
1778007308190,GET,41,2,chordKey_36_36,clients=50
1778007308190,PUT,0,0,chordKey_36_37,clients=50
1778007308190,PUT_HOP,0,2,chordKey_38_60,
1778007308192,GET,42,2,chordKey_17_3,clients=50
1778007308192,PUT,0,0,chordKey_17_4,clients=50
1778007308195,GET,44,2,chordKey_28_30,clients=50
1778007308195,GET,43,2,chordKey_38_60,clients=50
1778007308196,PUT,0,0,chordKey_28_31,clients=50
1778007308196,PUT_HOP,0,2,chordKey_4_29,
1778007308197,PUT_HOP,0,2,chordKey_35_30,
1778007308195,GET,42,2,chordKey_35_30,clients=50
1778007308197,PUT,0,0,chordKey_35_31,clients=50
1778007308196,PUT,0,0,chordKey_38_61,clients=50
1778007308197,PUT_HOP,0,2,chordKey_14_34,
1778007308198,GET,46,2,chordKey_4_29,clients=50
1778007308198,GET,52,2,chordKey_1_25,clients=50
1778007308199,PUT_HOP,0,2,chordKey_45_25,
1778007308199,PUT,0,0,chordKey_4_30,clients=50
1778007308198,GET,38,2,chordKey_14_34,clients=50
1778007308199,PUT,0,0,chordKey_1_26,clients=50
1778007308200,PUT_HOP,0,2,chordKey_18_12,
1778007308199,PUT,0,0,chordKey_14_35,clients=50
1778007308200,PUT_HOP,0,2,chordKey_3_34,
1778007308202,GET,39,2,chordKey_45_25,clients=50
1778007308202,GET,39,2,chordKey_27_38,clients=50
1778007308202,PUT_HOP,0,2,chordKey_40_50,
1778007308203,GET,40,2,chordKey_40_50,clients=50
1778007308203,PUT_HOP,0,2,chordKey_21_24,
1778007308204,PUT_HOP,0,2,chordKey_27_38,
1778007308204,GET,44,2,chordKey_18_12,clients=50
1778007308204,GET,21,2,chordKey_21_24,clients=50
1778007308206,PUT_HOP,0,2,chordKey_28_30,
1778007308208,PUT_HOP,0,2,chordKey_41_60,
1778007308210,PUT_HOP,0,2,chordKey_23_59,
1778007308210,PUT_HOP,0,2,chordKey_43_39,
1778007308211,PUT_HOP,0,2,chordKey_10_30,
1778007308212,PUT_HOP,0,2,chordKey_29_37,
1778007308214,GET,48,2,chordKey_41_60,clients=50
1778007308214,PUT,0,0,chordKey_41_61,clients=50
1778007308215,GET,51,2,chordKey_3_34,clients=50
1778007308215,PUT,0,0,chordKey_3_35,clients=50
1778007308214,GET,45,2,chordKey_29_37,clients=50
1778007308216,PUT_HOP,0,2,chordKey_6_38,
1778007308216,PUT,0,0,chordKey_29_38,clients=50
1778007308216,GET,49,2,chordKey_10_30,clients=50
1778007308217,PUT_HOP,0,2,chordKey_39_16,
1778007308217,GET,48,2,chordKey_43_39,clients=50
1778007308217,PUT,0,0,chordKey_10_31,clients=50
1778007308218,PUT,0,0,chordKey_43_40,clients=50
1778007308218,GET,47,2,chordKey_6_38,clients=50
1778007308218,GET,47,2,chordKey_39_16,clients=50
1778007308219,PUT,0,0,chordKey_6_39,clients=50
1778007308219,PUT,0,0,chordKey_39_17,clients=50
1778007308219,PUT_HOP,0,2,chordKey_32_43,
1778007308220,GET,53,2,chordKey_23_59,clients=50
1778007308221,PUT_HOP,0,2,chordKey_34_45,
1778007308221,PUT,0,0,chordKey_23_60,clients=50
1778007308221,PUT_HOP,0,2,chordKey_33_11,
1778007308221,PUT_HOP,0,2,chordKey_0_4,
1778007308222,GET,45,2,chordKey_0_4,clients=50
1778007308223,GET,49,2,chordKey_32_43,clients=50
1778007308223,PUT,0,0,chordKey_0_5,clients=50
1778007308223,PUT,0,0,chordKey_32_44,clients=50
1778007308224,GET,46,2,chordKey_34_45,clients=50
1778007308224,PUT,0,0,chordKey_34_46,clients=50
1778007308226,PUT_HOP,0,2,chordKey_30_41,
1778007308226,PUT_HOP,0,2,chordKey_25_25,
1778007308226,PUT_HOP,0,2,chordKey_15_48,
1778007308227,GET,42,2,chordKey_15_48,clients=50
1778007308227,PUT_HOP,0,2,chordKey_49_31,
1778007308227,PUT,0,0,chordKey_15_49,clients=50
1778007308227,GET,41,2,chordKey_25_25,clients=50
1778007308228,PUT_HOP,0,2,chordKey_26_49,
1778007308228,PUT,0,0,chordKey_25_26,clients=50
1778007308230,PUT_HOP,0,2,chordKey_12_35,
1778007308230,PUT_HOP,0,2,chordKey_48_26,
1778007308231,GET,44,2,chordKey_12_35,clients=50
1778007308231,PUT_HOP,0,2,chordKey_31_51,
1778007308232,GET,43,2,chordKey_31_51,clients=50
1778007308232,PUT,0,0,chordKey_12_36,clients=50
1778007308233,PUT_HOP,0,2,chordKey_36_37,
1778007308232,GET,44,2,chordKey_26_49,clients=50
1778007308233,PUT,0,0,chordKey_26_50,clients=50
1778007308231,GET,44,2,chordKey_49_31,clients=50
1778007308233,PUT,0,0,chordKey_31_52,clients=50
1778007308234,PUT,0,0,chordKey_49_32,clients=50
1778007308234,GET,45,2,chordKey_48_26,clients=50
1778007308235,PUT,0,0,chordKey_48_27,clients=50
1778007308235,GET,44,2,chordKey_36_37,clients=50
1778007308236,PUT,0,0,chordKey_36_38,clients=50
1778007308237,GET,43,2,chordKey_17_4,clients=50
1778007308237,PUT_HOP,0,2,chordKey_17_4,
1778007308237,PUT,0,0,chordKey_17_5,clients=50
1778007308238,PUT_HOP,0,2,chordKey_28_31,
1778007308238,PUT_HOP,0,2,chordKey_38_61,
1778007308240,PUT_HOP,0,2,chordKey_35_31,
1778007308241,GET,44,2,chordKey_28_31,clients=50
1778007308242,PUT_HOP,0,2,chordKey_4_30,
1778007308242,PUT,0,0,chordKey_28_32,clients=50
1778007308242,PUT_HOP,0,2,chordKey_1_26,
1778007308242,GET,44,2,chordKey_35_31,clients=50
1778007308243,PUT,0,0,chordKey_35_32,clients=50
1778007308243,GET,44,2,chordKey_38_61,clients=50
1778007308244,PUT,0,0,chordKey_38_62,clients=50
1778007308245,PUT_HOP,0,2,chordKey_14_35,
1778007308245,GET,46,2,chordKey_4_30,clients=50
1778007308246,PUT,0,0,chordKey_4_31,clients=50
1778007308249,GET,49,2,chordKey_1_26,clients=50
1778007308249,GET,49,2,chordKey_14_35,clients=50
1778007308250,PUT,0,0,chordKey_1_27,clients=50
1778007308250,PUT,0,0,chordKey_14_36,clients=50
1778007308250,PUT_HOP,0,2,chordKey_41_61,
1778007308252,PUT_HOP,0,2,chordKey_3_35,
1778007308252,GET,36,2,chordKey_3_35,clients=50
1778007308253,PUT,0,0,chordKey_3_36,clients=50
1778007308253,PUT_HOP,0,2,chordKey_29_38,
1778007308255,GET,40,2,chordKey_41_61,clients=50
1778007308255,GET,37,2,chordKey_10_31,clients=50
1778007308257,PUT,0,0,chordKey_10_32,clients=50
1778007308256,GET,39,2,chordKey_29_38,clients=50
1778007308257,PUT_HOP,0,2,chordKey_10_31,
1778007308258,PUT,0,0,chordKey_29_39,clients=50
1778007308256,PUT,0,0,chordKey_41_62,clients=50
1778007308258,PUT_HOP,0,2,chordKey_43_40,
1778007308259,GET,40,2,chordKey_43_40,clients=50
1778007308259,PUT,0,0,chordKey_43_41,clients=50
1778007308260,PUT_HOP,0,2,chordKey_39_17,
1778007308260,PUT_HOP,0,2,chordKey_23_60,
1778007308260,PUT_HOP,0,2,chordKey_6_39,
1778007308261,PUT_HOP,0,2,chordKey_0_5,
1778007308261,GET,41,2,chordKey_39_17,clients=50
1778007308262,GET,42,2,chordKey_6_39,clients=50
1778007308262,GET,41,2,chordKey_23_60,clients=50
1778007308262,PUT,0,0,chordKey_39_18,clients=50
1778007308263,PUT,0,0,chordKey_23_61,clients=50
1778007308262,PUT,0,0,chordKey_6_40,clients=50
1778007308267,PUT_HOP,0,2,chordKey_32_44,
1778007308268,PUT_HOP,0,2,chordKey_34_46,
1778007308269,GET,45,2,chordKey_32_44,clients=50
1778007308269,GET,46,2,chordKey_0_5,clients=50
1778007308270,GET,45,2,chordKey_34_46,clients=50
1778007308270,PUT,0,0,chordKey_32_45,clients=50
1778007308271,PUT_HOP,0,2,chordKey_15_49,
1778007308271,PUT,0,0,chordKey_34_47,clients=50
1778007308270,PUT,0,0,chordKey_0_6,clients=50
1778007308272,GET,44,2,chordKey_15_49,clients=50
1778007308272,PUT_HOP,0,2,chordKey_25_26,
1778007308273,PUT,0,0,chordKey_15_50,clients=50
1778007308273,PUT_HOP,0,2,chordKey_12_36,
1778007308273,GET,44,2,chordKey_25_26,clients=50
1778007308274,PUT,0,0,chordKey_25_27,clients=50
1778007308274,PUT_HOP,0,2,chordKey_31_52,
1778007308275,GET,41,2,chordKey_12_36,clients=50
1778007308275,PUT,0,0,chordKey_12_37,clients=50
1778007308275,GET,41,2,chordKey_26_50,clients=50
1778007308276,PUT,0,0,chordKey_26_51,clients=50
1778007308276,PUT_HOP,0,2,chordKey_26_50,
1778007308277,GET,42,2,chordKey_49_32,clients=50
1778007308277,PUT_HOP,0,2,chordKey_36_38,
1778007308277,PUT_HOP,0,2,chordKey_49_32,
1778007308277,PUT,0,0,chordKey_49_33,clients=50
1778007308278,PUT_HOP,0,2,chordKey_17_5,
1778007308278,GET,44,2,chordKey_31_52,clients=50
1778007308279,PUT,0,0,chordKey_31_53,clients=50
1778007308279,PUT_HOP,0,2,chordKey_48_27,
1778007308281,GET,45,2,chordKey_48_27,clients=50
1778007308281,PUT,0,0,chordKey_48_28,clients=50
1778007308282,PUT_HOP,0,2,chordKey_35_32,
1778007308283,PUT_HOP,0,2,chordKey_38_62,
1778007308283,PUT_HOP,0,2,chordKey_28_32,
1778007308283,PUT_HOP,0,2,chordKey_4_31,
1778007308284,GET,46,2,chordKey_17_5,clients=50
1778007308285,GET,42,2,chordKey_28_32,clients=50
1778007308285,GET,41,2,chordKey_35_32,clients=50
1778007308286,PUT,0,0,chordKey_28_33,clients=50
1778007308286,GET,39,2,chordKey_4_31,clients=50
1778007308285,PUT,0,0,chordKey_17_6,clients=50
1778007308287,PUT,0,0,chordKey_4_32,clients=50
1778007308287,PUT_HOP,0,2,chordKey_1_27,
1778007308286,PUT,0,0,chordKey_35_33,clients=50
1778007308288,PUT_HOP,0,2,chordKey_14_36,
1778007308286,GET,42,2,chordKey_38_62,clients=50
1778007308289,PUT,0,0,chordKey_38_63,clients=50
1778007308289,GET,39,2,chordKey_1_27,clients=50
1778007308290,PUT,0,0,chordKey_1_28,clients=50
1778007308290,PUT_HOP,0,2,chordKey_12_37,
1778007308290,GET,39,2,chordKey_14_36,clients=50
1778007308290,PUT_HOP,0,2,chordKey_3_36,
1778007308291,PUT_HOP,0,2,chordKey_41_62,
1778007308291,PUT,0,0,chordKey_14_37,clients=50
1778007308291,GET,37,2,chordKey_3_36,clients=50
1778007308292,GET,16,2,chordKey_12_37,clients=50
1778007308292,PUT,0,0,chordKey_3_37,clients=50
1778007308292,PUT_HOP,0,2,chordKey_10_32,
1778007308292,PUT,0,0,chordKey_12_38,clients=50
1778007308294,GET,58,2,chordKey_36_38,clients=50
1778007308294,PUT_HOP,0,2,chordKey_29_39,
1778007308295,PUT,0,0,chordKey_36_39,clients=50
1778007308296,PUT_HOP,0,2,chordKey_43_41,
1778007308296,GET,38,2,chordKey_10_32,clients=50
1778007308297,PUT,0,0,chordKey_10_33,clients=50
1778007308297,GET,37,2,chordKey_43_41,clients=50
1778007308297,GET,39,2,chordKey_29_39,clients=50
1778007308298,PUT_HOP,0,2,chordKey_39_18,
1778007308298,PUT,0,0,chordKey_43_42,clients=50
1778007308298,GET,34,2,chordKey_6_40,clients=50
1778007308298,PUT_HOP,0,2,chordKey_6_40,
1778007308299,PUT,0,0,chordKey_6_41,clients=50
1778007308299,GET,40,2,chordKey_41_62,clients=50
1778007308298,PUT,0,0,chordKey_29_40,clients=50
1778007308300,PUT_HOP,0,2,chordKey_0_6,
1778007308300,PUT,0,0,chordKey_41_63,clients=50
1778007308300,GET,37,2,chordKey_23_61,clients=50
1778007308301,PUT_HOP,0,2,chordKey_32_45,
1778007308302,PUT,0,0,chordKey_23_62,clients=50
1778007308302,PUT_HOP,0,2,chordKey_23_61,
1778007308302,GET,39,2,chordKey_39_18,clients=50
1778007308303,PUT,0,0,chordKey_39_19,clients=50
1778007308303,PUT_HOP,0,2,chordKey_34_47,
1778007308304,PUT_HOP,0,2,chordKey_15_50,
1778007308305,GET,33,2,chordKey_0_6,clients=50
1778007308305,GET,33,2,chordKey_34_47,clients=50
1778007308305,PUT,0,0,chordKey_0_7,clients=50
1778007308306,PUT,0,0,chordKey_34_48,clients=50
1778007308307,GET,33,2,chordKey_15_50,clients=50
1778007308307,GET,33,2,chordKey_25_27,clients=50
1778007308307,PUT_HOP,0,2,chordKey_49_33,
1778007308308,PUT,0,0,chordKey_25_28,clients=50
1778007308307,PUT,0,0,chordKey_15_51,clients=50
1778007308309,PUT_HOP,0,2,chordKey_26_51,
1778007308309,PUT_HOP,0,2,chordKey_31_53,
1778007308311,GET,39,2,chordKey_32_45,clients=50
1778007308311,GET,35,2,chordKey_26_51,clients=50
1778007308312,PUT,0,0,chordKey_26_52,clients=50
1778007308312,PUT_HOP,0,2,chordKey_36_39,
1778007308311,PUT,0,0,chordKey_32_46,clients=50
1778007308312,GET,34,2,chordKey_49_33,clients=50
1778007308314,PUT,0,0,chordKey_49_34,clients=50
1778007308314,PUT_HOP,0,2,chordKey_25_27,
1778007308315,GET,19,2,chordKey_36_39,clients=50
1778007308316,PUT,0,0,chordKey_36_40,clients=50
1778007308316,GET,36,2,chordKey_31_53,clients=50
1778007308317,PUT_HOP,0,2,chordKey_48_28,
1778007308317,PUT,0,0,chordKey_31_54,clients=50
1778007308318,PUT_HOP,0,2,chordKey_35_33,
1778007308319,GET,36,2,chordKey_48_28,clients=50
1778007308319,PUT,0,0,chordKey_48_29,clients=50
1778007308320,PUT_HOP,0,2,chordKey_17_6,
1778007308320,PUT_HOP,0,2,chordKey_12_38,
1778007308320,GET,32,2,chordKey_4_32,clients=50
1778007308321,GET,33,2,chordKey_17_6,clients=50
1778007308321,PUT,0,0,chordKey_4_33,clients=50
1778007308321,PUT,0,0,chordKey_17_7,clients=50
1778007308322,PUT_HOP,0,2,chordKey_28_33,
1778007308324,GET,36,2,chordKey_35_33,clients=50
1778007308324,PUT_HOP,0,2,chordKey_4_32,
1778007308325,PUT,0,0,chordKey_35_34,clients=50
1778007308325,GET,34,2,chordKey_1_28,clients=50
1778007308324,GET,35,2,chordKey_38_63,clients=50
1778007308326,PUT,0,0,chordKey_1_29,clients=50
1778007308326,PUT,0,0,chordKey_38_64,clients=50
1778007308327,GET,35,2,chordKey_14_37,clients=50
1778007308327,PUT,0,0,chordKey_14_38,clients=50
1778007308327,PUT_HOP,0,2,chordKey_14_37,
1778007308329,GET,20,2,chordKey_25_28,clients=50
1778007308329,PUT_HOP,0,2,chordKey_25_28,
1778007308330,PUT,0,0,chordKey_25_29,clients=50
1778007308329,GET,35,2,chordKey_12_38,clients=50
1778007308331,PUT_HOP,0,2,chordKey_38_63,
1778007308331,GET,37,2,chordKey_3_37,clients=50
1778007308331,PUT_HOP,0,2,chordKey_1_28,
1778007308331,PUT,0,0,chordKey_12_39,clients=50
1778007308331,PUT,0,0,chordKey_3_38,clients=50
1778007308332,PUT_HOP,0,2,chordKey_3_37,
1778007308333,PUT_HOP,0,2,chordKey_43_42,
1778007308333,GET,35,2,chordKey_43_42,clients=50
1778007308333,PUT_HOP,0,2,chordKey_6_41,
1778007308334,PUT,0,0,chordKey_43_43,clients=50
1778007308334,GET,34,2,chordKey_6_41,clients=50
1778007308335,PUT_HOP,0,2,chordKey_23_62,
1778007308335,PUT,0,0,chordKey_6_42,clients=50
1778007308335,PUT_HOP,0,2,chordKey_41_63,
1778007308334,GET,47,2,chordKey_28_33,clients=50
1778007308336,PUT_HOP,0,2,chordKey_10_33,
1778007308336,PUT,0,0,chordKey_28_34,clients=50
1778007308341,GET,44,2,chordKey_10_33,clients=50
1778007308342,PUT,0,0,chordKey_10_34,clients=50
1778007308342,PUT_HOP,0,2,chordKey_29_40,
1778007308344,GET,37,2,chordKey_34_48,clients=50
1778007308344,GET,43,2,chordKey_29_40,clients=50
1778007308345,PUT,0,0,chordKey_34_49,clients=50
1778007308344,GET,41,2,chordKey_39_19,clients=50
1778007308345,PUT_HOP,0,2,chordKey_34_48,
1778007308346,PUT,0,0,chordKey_39_20,clients=50
1778007308345,GET,43,2,chordKey_23_62,clients=50
1778007308347,PUT_HOP,0,2,chordKey_0_7,
1778007308347,PUT,0,0,chordKey_23_63,clients=50
1778007308345,GET,44,2,chordKey_41_63,clients=50
1778007308348,PUT,0,0,chordKey_41_64,clients=50
1778007308348,PUT_HOP,0,2,chordKey_15_51,
1778007308345,PUT,0,0,chordKey_29_41,clients=50
1778007308346,GET,40,2,chordKey_0_7,clients=50
1778007308349,PUT_HOP,0,2,chordKey_39_19,
1778007308349,PUT,0,0,chordKey_0_8,clients=50
1778007308350,PUT_HOP,0,2,chordKey_49_34,
1778007308350,GET,42,2,chordKey_15_51,clients=50
1778007308351,PUT_HOP,0,2,chordKey_32_46,
1778007308351,PUT,0,0,chordKey_15_52,clients=50
1778007308357,PUT_HOP,0,2,chordKey_26_52,
1778007308358,GET,44,2,chordKey_32_46,clients=50
1778007308358,GET,44,2,chordKey_49_34,clients=50
1778007308358,PUT,0,0,chordKey_32_47,clients=50
1778007308359,GET,46,2,chordKey_26_52,clients=50
1778007308360,PUT,0,0,chordKey_26_53,clients=50
1778007308359,PUT,0,0,chordKey_49_35,clients=50
1778007308360,PUT_HOP,0,2,chordKey_36_40,
1778007308360,GET,44,2,chordKey_36_40,clients=50
1778007308361,PUT,0,0,chordKey_36_41,clients=50
1778007308362,GET,31,2,chordKey_25_29,clients=50
1778007308362,PUT_HOP,0,2,chordKey_25_29,
1778007308362,PUT,0,0,chordKey_25_30,clients=50
1778007308364,PUT_HOP,0,2,chordKey_31_54,
1778007308365,GET,47,2,chordKey_31_54,clients=50
1778007308365,PUT_HOP,0,2,chordKey_48_29,
1778007308366,PUT,0,0,chordKey_31_55,clients=50
1778007308367,PUT_HOP,0,2,chordKey_4_33,
1778007308368,GET,47,2,chordKey_48_29,clients=50
1778007308376,PUT_HOP,0,2,chordKey_14_38,
1778007308377,PUT,0,0,chordKey_48_30,clients=50
1778007308375,PUT_HOP,0,2,chordKey_1_29,
1778007308374,PUT_HOP,0,2,chordKey_38_64,
1778007308376,GET,49,2,chordKey_1_29,clients=50
1778007308373,PUT_HOP,0,2,chordKey_35_34,
1778007308374,GET,49,2,chordKey_35_34,clients=50
1778007308371,PUT_HOP,0,2,chordKey_17_7,
1778007308372,GET,50,2,chordKey_4_33,clients=50
1778007308371,GET,49,2,chordKey_17_7,clients=50
1778007308379,PUT,0,0,chordKey_4_34,clients=50
1778007308379,PUT,0,0,chordKey_35_35,clients=50
1778007308378,PUT,0,0,chordKey_1_30,clients=50
1778007308377,GET,50,2,chordKey_38_64,clients=50
1778007308379,PUT,0,0,chordKey_17_8,clients=50
1778007308381,PUT,0,0,chordKey_38_65,clients=50
1778007308388,GET,60,2,chordKey_14_38,clients=50
1778007308388,PUT,0,0,chordKey_14_39,clients=50
1778007308390,GET,57,2,chordKey_3_38,clients=50
1778007308390,PUT,0,0,chordKey_3_39,clients=50
1778007308391,PUT_HOP,0,2,chordKey_12_39,
1778007308393,GET,61,2,chordKey_12_39,clients=50
1778007308393,PUT_HOP,0,2,chordKey_43_43,
1778007308393,PUT,0,0,chordKey_12_40,clients=50
1778007308393,PUT_HOP,0,2,chordKey_3_38,
1778007308395,PUT_HOP,0,2,chordKey_6_42,
1778007308395,GET,59,2,chordKey_6_42,clients=50
1778007308395,PUT,0,0,chordKey_6_43,clients=50
1778007308396,PUT_HOP,0,2,chordKey_28_34,
1778007308396,GET,59,2,chordKey_28_34,clients=50
1778007308397,PUT,0,0,chordKey_28_35,clients=50
1778007308397,PUT_HOP,0,2,chordKey_10_34,
1778007308396,GET,61,2,chordKey_43_43,clients=50
1778007308397,PUT_HOP,0,2,chordKey_34_49,
1778007308397,GET,55,2,chordKey_10_34,clients=50
1778007308397,PUT_HOP,0,2,chordKey_29_41,
1778007308397,PUT,1034,0,chordKey_7_23,clients=50
1778007308398,PUT_HOP,0,2,chordKey_39_20,
1778007308398,PUT,0,0,chordKey_10_35,clients=50
1778007308399,PUT_HOP,0,2,chordKey_23_63,
1778007308398,PUT,0,0,chordKey_43_44,clients=50
1778007308399,PUT_HOP,0,2,chordKey_41_64,
1778007308399,GET,52,2,chordKey_39_20,clients=50
1778007308400,GET,51,2,chordKey_41_64,clients=50
1778007308398,GET,53,2,chordKey_34_49,clients=50
1778007308401,PUT_HOP,0,2,chordKey_0_8,
1778007308401,PUT,0,0,chordKey_41_65,clients=50
1778007308401,PUT,0,0,chordKey_34_50,clients=50
1778007308400,PUT,0,0,chordKey_39_21,clients=50
1778007308400,GET,52,2,chordKey_23_63,clients=50
1778007308401,GET,52,2,chordKey_29_41,clients=50
1778007308402,PUT,0,0,chordKey_23_64,clients=50
1778007308403,PUT,0,0,chordKey_29_42,clients=50
1778007308404,PUT_HOP,0,2,chordKey_15_52,
1778007308404,GET,54,2,chordKey_0_8,clients=50
1778007308404,PUT_HOP,0,2,chordKey_14_39,
1778007308405,GET,53,2,chordKey_15_52,clients=50
1778007308405,PUT_HOP,0,2,chordKey_49_35,
1778007308405,PUT,0,0,chordKey_0_9,clients=50
1778007308405,PUT_HOP,0,2,chordKey_32_47,
1778007308406,PUT,0,0,chordKey_15_53,clients=50
1778007308406,PUT_HOP,0,2,chordKey_26_53,
1778007308406,GET,17,2,chordKey_14_39,clients=50
1778007308407,GET,47,2,chordKey_32_47,clients=50
1778007308407,PUT,0,0,chordKey_14_40,clients=50
1778007308407,PUT_HOP,0,2,chordKey_36_41,
1778007308407,GET,47,2,chordKey_26_53,clients=50
1778007308408,PUT_HOP,0,2,chordKey_25_30,
1778007308408,GET,46,2,chordKey_36_41,clients=50
1778007308407,PUT,0,0,chordKey_32_48,clients=50
1778007308409,PUT,0,0,chordKey_36_42,clients=50
1778007308408,PUT,0,0,chordKey_26_54,clients=50
1778007308409,PUT_HOP,0,2,chordKey_31_55,
1778007308408,GET,47,2,chordKey_49_35,clients=50
1778007308410,GET,46,2,chordKey_25_30,clients=50
1778007308410,PUT,0,0,chordKey_49_36,clients=50
1778007308410,PUT,0,0,chordKey_25_31,clients=50
1778007308411,GET,44,2,chordKey_31_55,clients=50
1778007308411,GET,1071,2,chordKey_11_22,clients=50
1778007308419,PUT_HOP,0,2,chordKey_10_35,
1778007308420,PUT_HOP,0,2,chordKey_48_30,
1778007308420,GET,21,2,chordKey_10_35,clients=50
1778007308420,PUT,0,0,chordKey_10_36,clients=50
1778007308422,PUT_HOP,0,2,chordKey_1_30,
1778007308422,GET,44,2,chordKey_48_30,clients=50
1778007308422,PUT_HOP,0,2,chordKey_35_35,
1778007308422,PUT,0,0,chordKey_48_31,clients=50
1778007308423,PUT_HOP,0,2,chordKey_4_34,
1778007308423,PUT_HOP,0,2,chordKey_17_8,
1778007308424,PUT_HOP,0,2,chordKey_38_65,
1778007308424,GET,45,2,chordKey_4_34,clients=50
1778007308425,PUT,0,0,chordKey_4_35,clients=50
1778007308426,GET,45,2,chordKey_1_30,clients=50
1778007308426,GET,45,2,chordKey_35_35,clients=50
1778007308426,PUT,0,0,chordKey_1_31,clients=50
1778007308427,PUT,0,0,chordKey_35_36,clients=50
1778007308426,GET,45,2,chordKey_17_8,clients=50
1778007308427,PUT,0,0,chordKey_17_9,clients=50
1778007308438,GET,56,2,chordKey_38_65,clients=50
1778007308438,PUT_HOP,0,2,chordKey_3_39,
1778007308438,PUT,0,0,chordKey_38_66,clients=50
1778007308440,GET,48,2,chordKey_3_39,clients=50
1778007308440,PUT,0,0,chordKey_3_40,clients=50
1778007308441,PUT_HOP,0,2,chordKey_12_40,
1778007308441,GET,47,2,chordKey_12_40,clients=50
1778007308442,PUT_HOP,0,2,chordKey_6_43,
1778007308442,PUT,0,0,chordKey_12_41,clients=50
1778007308443,PUT_HOP,0,2,chordKey_7_23,
1778007308443,GET,1080,2,chordKey_13_9,clients=50
1778007308444,PUT,0,0,chordKey_13_10,clients=50
1778007308444,PUT_HOP,0,2,chordKey_28_35,
1778007308444,GET,48,2,chordKey_6_43,clients=50
1778007308445,PUT_HOP,0,2,chordKey_43_44,
1778007308445,GET,47,2,chordKey_28_35,clients=50
1778007308445,PUT,0,0,chordKey_6_44,clients=50
1778007308445,PUT,0,0,chordKey_28_36,clients=50
1778007308446,GET,47,2,chordKey_7_23,clients=50
1778007308446,PUT_HOP,0,2,chordKey_39_21,
1778007308446,GET,46,2,chordKey_43_44,clients=50
1778007308447,PUT,0,0,chordKey_7_24,clients=50
1778007308447,PUT_HOP,0,2,chordKey_41_65,
1778007308447,PUT,0,0,chordKey_43_45,clients=50
1778007308448,PUT_HOP,0,2,chordKey_34_50,
1778007308449,GET,48,2,chordKey_41_65,clients=50
1778007308450,PUT_HOP,0,2,chordKey_23_64,
1778007308450,GET,48,2,chordKey_34_50,clients=50
1778007308450,PUT_HOP,0,2,chordKey_29_42,
1778007308450,PUT,0,0,chordKey_41_66,clients=50
1778007308451,GET,48,2,chordKey_39_21,clients=50
1778007308451,PUT,0,0,chordKey_34_51,clients=50
1778007308451,GET,48,2,chordKey_23_64,clients=50
1778007308452,PUT,0,0,chordKey_23_65,clients=50
1778007308451,PUT,0,0,chordKey_39_22,clients=50
1778007308453,PUT_HOP,0,2,chordKey_0_9,
1778007308453,GET,50,2,chordKey_29_42,clients=50
1778007308453,PUT_HOP,0,2,chordKey_15_53,
1778007308454,PUT,0,0,chordKey_29_43,clients=50
1778007308454,GET,48,2,chordKey_0_9,clients=50
1778007308454,PUT_HOP,0,2,chordKey_10_36,
1778007308455,PUT_HOP,0,2,chordKey_14_40,
1778007308455,GET,48,2,chordKey_15_53,clients=50
1778007308455,PUT,0,0,chordKey_0_10,clients=50
1778007308455,PUT,0,0,chordKey_15_54,clients=50
1778007308456,PUT_HOP,0,2,chordKey_32_48,
1778007308456,GET,48,2,chordKey_14_40,clients=50
1778007308457,PUT_HOP,0,2,chordKey_26_54,
1778007308457,PUT,0,0,chordKey_14_41,clients=50
1778007308458,PUT_HOP,0,2,chordKey_36_42,
1778007308458,GET,49,2,chordKey_36_42,clients=50
1778007308458,PUT_HOP,0,2,chordKey_49_36,
1778007308458,GET,49,2,chordKey_32_48,clients=50
1778007308459,GET,49,2,chordKey_26_54,clients=50
1778007308459,PUT,0,0,chordKey_32_49,clients=50
1778007308459,PUT,0,0,chordKey_36_43,clients=50
1778007308460,PUT_HOP,0,2,chordKey_25_31,
1778007308460,PUT,0,0,chordKey_26_55,clients=50
1778007308460,GET,50,2,chordKey_49_36,clients=50
1778007308461,PUT,0,0,chordKey_49_37,clients=50
1778007308470,PUT_HOP,0,2,chordKey_48_31,
1778007308471,PUT_HOP,0,2,chordKey_41_66,
1778007308472,GET,48,2,chordKey_48_31,clients=50
1778007308472,PUT,0,0,chordKey_48_32,clients=50
1778007308473,GET,51,2,chordKey_10_36,clients=50
1778007308472,GET,21,2,chordKey_41_66,clients=50
1778007308473,PUT,0,0,chordKey_10_37,clients=50
1778007308473,PUT_HOP,0,2,chordKey_4_35,
1778007308473,PUT_HOP,0,2,chordKey_1_31,
1778007308472,GET,46,2,chordKey_4_35,clients=50
1778007308474,PUT_HOP,0,2,chordKey_35_36,
1778007308474,PUT,0,0,chordKey_4_36,clients=50
1778007308474,PUT,0,0,chordKey_41_67,clients=50
1778007308475,PUT_HOP,0,2,chordKey_17_9,
1778007308476,GET,49,2,chordKey_1_31,clients=50
1778007308477,GET,49,2,chordKey_35_36,clients=50
1778007308477,PUT,0,0,chordKey_1_32,clients=50
1778007308477,PUT,0,0,chordKey_35_37,clients=50
1778007308489,GET,60,2,chordKey_17_9,clients=50
1778007308489,PUT_HOP,0,2,chordKey_38_66,
1778007308489,PUT,0,0,chordKey_17_10,clients=50
1778007308490,GET,51,2,chordKey_38_66,clients=50
1778007308490,PUT_HOP,0,2,chordKey_3_40,
1778007308491,PUT,0,0,chordKey_38_67,clients=50
1778007308492,GET,51,2,chordKey_3_40,clients=50
1778007308492,PUT_HOP,0,2,chordKey_12_41,
1778007308492,PUT,0,0,chordKey_3_41,clients=50
1778007308494,GET,51,2,chordKey_12_41,clients=50
1778007308494,PUT_HOP,0,2,chordKey_13_10,
1778007308494,PUT,0,0,chordKey_12_42,clients=50
1778007308495,PUT_HOP,0,2,chordKey_6_44,
1778007308495,GET,51,2,chordKey_13_10,clients=50
1778007308495,PUT_HOP,0,2,chordKey_28_36,
1778007308496,PUT,0,0,chordKey_13_11,clients=50
1778007308496,PUT_HOP,0,2,chordKey_7_24,
1778007308496,PUT_HOP,0,2,chordKey_43_45,
1778007308497,GET,50,2,chordKey_6_44,clients=50
1778007308497,GET,50,2,chordKey_28_36,clients=50
1778007308497,PUT,0,0,chordKey_6_45,clients=50
1778007308498,PUT,0,0,chordKey_28_37,clients=50
1778007308498,PUT_HOP,0,2,chordKey_34_51,
1778007308498,GET,50,2,chordKey_7_24,clients=50
1778007308499,PUT,0,0,chordKey_7_25,clients=50
1778007308498,GET,50,2,chordKey_43_45,clients=50
1778007308500,PUT_HOP,0,2,chordKey_39_22,
1778007308500,PUT,0,0,chordKey_43_46,clients=50
1778007308500,PUT_HOP,0,2,chordKey_23_65,
1778007308502,GET,50,2,chordKey_34_51,clients=50
1778007308503,PUT,0,0,chordKey_34_52,clients=50
1778007308504,GET,51,2,chordKey_23_65,clients=50
1778007308504,PUT,0,0,chordKey_23_66,clients=50
1778007308505,PUT_HOP,0,2,chordKey_29_43,
1778007308505,GET,52,2,chordKey_39_22,clients=50
1778007308505,PUT,0,0,chordKey_39_23,clients=50
1778007308506,GET,51,2,chordKey_29_43,clients=50
1778007308506,PUT_HOP,0,2,chordKey_0_10,
1778007308506,PUT,0,0,chordKey_29_44,clients=50
1778007308507,PUT_HOP,0,2,chordKey_15_54,
1778007308508,GET,53,2,chordKey_0_10,clients=50
1778007308509,PUT_HOP,0,2,chordKey_14_41,
1778007308509,PUT,0,0,chordKey_0_11,clients=50
1778007308509,GET,53,2,chordKey_15_54,clients=50
1778007308510,PUT,0,0,chordKey_15_55,clients=50
1778007308517,GET,59,2,chordKey_14_41,clients=50
1778007308517,PUT_HOP,0,2,chordKey_36_43,
1778007308517,PUT_HOP,0,2,chordKey_10_37,
1778007308517,PUT_HOP,0,2,chordKey_41_67,
1778007308518,PUT_HOP,0,2,chordKey_32_49,
1778007308518,PUT,0,0,chordKey_14_42,clients=50
1778007308518,PUT_HOP,0,2,chordKey_26_55,
1778007308519,GET,59,2,chordKey_32_49,clients=50
1778007308520,GET,44,2,chordKey_41_67,clients=50
1778007308520,PUT,0,0,chordKey_32_50,clients=50
1778007308520,PUT,0,0,chordKey_41_68,clients=50
1778007308521,GET,60,2,chordKey_36_43,clients=50
1778007308522,PUT,0,0,chordKey_36_44,clients=50
1778007308521,GET,60,2,chordKey_26_55,clients=50
1778007308523,PUT,0,0,chordKey_26_56,clients=50
1778007308523,GET,49,2,chordKey_10_37,clients=50
1778007308524,PUT_HOP,0,2,chordKey_49_37,
1778007308524,PUT,0,0,chordKey_10_38,clients=50
1778007308525,GET,63,2,chordKey_49_37,clients=50
1778007308525,PUT,0,0,chordKey_49_38,clients=50
1778007308527,PUT_HOP,0,2,chordKey_48_32,
1778007308527,GET,54,2,chordKey_48_32,clients=50
1778007308528,PUT_HOP,0,2,chordKey_43_46,
1778007308528,PUT,0,0,chordKey_48_33,clients=50
1778007308528,PUT_HOP,0,2,chordKey_4_36,
1778007308529,GET,28,2,chordKey_43_46,clients=50
1778007308529,PUT_HOP,0,2,chordKey_35_37,
1778007308529,GET,54,2,chordKey_4_36,clients=50
1778007308530,PUT,0,0,chordKey_43_47,clients=50
1778007308530,PUT,0,0,chordKey_4_37,clients=50
1778007308531,GET,53,2,chordKey_1_32,clients=50
1778007308531,GET,53,2,chordKey_35_37,clients=50
1778007308531,PUT,0,0,chordKey_1_33,clients=50
1778007308532,PUT_HOP,0,2,chordKey_1_32,
1778007308532,PUT,0,0,chordKey_35_38,clients=50
1778007308532,PUT_HOP,0,2,chordKey_17_10,
1778007308535,PUT_HOP,0,2,chordKey_38_67,
1778007308535,GET,45,2,chordKey_17_10,clients=50
1778007308536,PUT,0,0,chordKey_17_11,clients=50
1778007308536,PUT_HOP,0,2,chordKey_3_41,
1778007308537,GET,45,2,chordKey_38_67,clients=50
1778007308537,PUT,0,0,chordKey_38_68,clients=50
1778007308538,PUT_HOP,0,2,chordKey_12_42,
1778007308539,GET,45,2,chordKey_3_41,clients=50
1778007308539,PUT,0,0,chordKey_3_42,clients=50
1778007308540,PUT_HOP,0,2,chordKey_13_11,
1778007308540,GET,45,2,chordKey_12_42,clients=50
1778007308541,PUT,0,0,chordKey_12_43,clients=50
1778007308541,PUT_HOP,0,2,chordKey_28_37,
1778007308540,GET,43,2,chordKey_13_11,clients=50
1778007308541,PUT,0,0,chordKey_13_12,clients=50
1778007308542,PUT_HOP,0,2,chordKey_6_45,
1778007308542,PUT_HOP,0,2,chordKey_7_25,
1778007308542,GET,44,2,chordKey_6_45,clients=50
1778007308543,PUT,0,0,chordKey_6_46,clients=50
1778007308543,PUT_HOP,0,2,chordKey_34_52,
1778007308543,GET,44,2,chordKey_28_37,clients=50
1778007308544,PUT,0,0,chordKey_28_38,clients=50
1778007308543,GET,43,2,chordKey_7_25,clients=50
1778007308545,PUT,0,0,chordKey_7_26,clients=50
1778007308545,PUT_HOP,0,2,chordKey_23_66,
1778007308544,GET,40,2,chordKey_34_52,clients=50
1778007308546,PUT,0,0,chordKey_34_53,clients=50
1778007308546,GET,41,2,chordKey_23_66,clients=50
1778007308546,PUT_HOP,0,2,chordKey_29_44,
1778007308547,PUT,0,0,chordKey_23_67,clients=50
1778007308547,PUT_HOP,0,2,chordKey_0_11,
1778007308547,GET,41,2,chordKey_39_23,clients=50
1778007308548,PUT_HOP,0,2,chordKey_15_55,
1778007308548,PUT,0,0,chordKey_39_24,clients=50
1778007308548,PUT_HOP,0,2,chordKey_39_23,
1778007308548,GET,38,2,chordKey_0_11,clients=50
1778007308548,GET,41,2,chordKey_29_44,clients=50
1778007308549,PUT,0,0,chordKey_0_12,clients=50
1778007308549,PUT,0,0,chordKey_29_45,clients=50
1778007308553,GET,22,2,chordKey_43_47,clients=50
1778007308553,PUT_HOP,0,2,chordKey_43_47,
1778007308553,PUT,0,0,chordKey_43_48,clients=50
1778007308557,GET,47,2,chordKey_15_55,clients=50
1778007308558,PUT,0,0,chordKey_15_56,clients=50
1778007308558,PUT_HOP,0,2,chordKey_14_42,
1778007308559,GET,40,2,chordKey_14_42,clients=50
1778007308560,PUT_HOP,0,2,chordKey_36_44,
1778007308560,PUT,0,0,chordKey_14_43,clients=50
1778007308560,PUT_HOP,0,2,chordKey_41_68,
1778007308560,PUT_HOP,0,2,chordKey_32_50,
1778007308561,PUT_HOP,0,2,chordKey_26_56,
1778007308562,GET,41,2,chordKey_32_50,clients=50
1778007308562,PUT_HOP,0,2,chordKey_10_38,
1778007308562,PUT,0,0,chordKey_32_51,clients=50
1778007308563,GET,39,2,chordKey_26_56,clients=50
1778007308563,GET,40,2,chordKey_36_44,clients=50
1778007308564,PUT,0,0,chordKey_26_57,clients=50
1778007308564,PUT_HOP,0,2,chordKey_49_38,
1778007308564,PUT,0,0,chordKey_36_45,clients=50
1778007308565,GET,39,2,chordKey_49_38,clients=50
1778007308565,GET,40,2,chordKey_10_38,clients=50
1778007308565,PUT_HOP,0,2,chordKey_48_33,
1778007308566,PUT,0,0,chordKey_49_39,clients=50
1778007308566,PUT,0,0,chordKey_10_39,clients=50
1778007308566,GET,38,2,chordKey_48_33,clients=50
1778007308567,PUT_HOP,0,2,chordKey_4_37,
1778007308567,PUT,0,0,chordKey_48_34,clients=50
1778007308568,PUT_HOP,0,2,chordKey_35_38,
1778007308569,GET,38,2,chordKey_4_37,clients=50
1778007308569,GET,36,2,chordKey_1_33,clients=50
1778007308569,PUT,0,0,chordKey_4_38,clients=50
1778007308569,PUT_HOP,0,2,chordKey_1_33,
1778007308570,PUT,0,0,chordKey_1_34,clients=50
1778007308571,GET,38,2,chordKey_35_38,clients=50
1778007308571,PUT,0,0,chordKey_35_39,clients=50
1778007308573,PUT_HOP,0,2,chordKey_17_11,
1778007308573,PUT_HOP,0,2,chordKey_38_68,
1778007308573,GET,37,2,chordKey_17_11,clients=50
1778007308574,PUT,0,0,chordKey_17_12,clients=50
1778007308574,GET,36,2,chordKey_38_68,clients=50
1778007308575,PUT,0,0,chordKey_38_69,clients=50
1778007308578,PUT_HOP,0,2,chordKey_3_42,
1778007308578,GET,38,2,chordKey_3_42,clients=50
1778007308579,PUT,0,0,chordKey_3_43,clients=50
1778007308579,PUT_HOP,0,2,chordKey_13_12,
1778007308579,PUT_HOP,0,2,chordKey_12_43,
1778007308582,GET,60,2,chordKey_41_68,clients=50
1778007308582,PUT,0,0,chordKey_41_69,clients=50
1778007308585,PUT_HOP,0,1,chordKey_10_39,
1778007308586,GET,44,2,chordKey_12_43,clients=50
1778007308586,PUT_HOP,0,2,chordKey_6_46,
1778007308586,GET,44,2,chordKey_13_12,clients=50
1778007308586,PUT,0,0,chordKey_12_44,clients=50
1778007308586,GET,20,1,chordKey_10_39,clients=50
1778007308587,PUT,0,0,chordKey_10_40,clients=50
1778007308588,PUT_HOP,0,2,chordKey_28_38,
1778007308588,GET,44,2,chordKey_6_46,clients=50
1778007308587,PUT,0,0,chordKey_13_13,clients=50
1778007308589,PUT,0,0,chordKey_6_47,clients=50
1778007308589,PUT_HOP,0,2,chordKey_7_26,
1778007308588,GET,44,2,chordKey_28_38,clients=50
1778007308589,GET,44,2,chordKey_7_26,clients=50
1778007308590,PUT,0,0,chordKey_28_39,clients=50
1778007308590,PUT_HOP,0,2,chordKey_34_53,
1778007308590,PUT,0,0,chordKey_7_27,clients=50
1778007308590,PUT_HOP,0,2,chordKey_23_67,
1778007308592,GET,46,2,chordKey_34_53,clients=50
1778007308593,PUT_HOP,0,2,chordKey_39_24,
1778007308593,PUT,0,0,chordKey_34_54,clients=50
1778007308594,GET,46,2,chordKey_23_67,clients=50
1778007308594,GET,45,2,chordKey_39_24,clients=50
1778007308594,PUT,0,0,chordKey_23_68,clients=50
1778007308595,PUT_HOP,0,2,chordKey_0_12,
1778007308595,PUT,0,0,chordKey_39_25,clients=50
1778007308595,PUT_HOP,0,2,chordKey_29_45,
1778007308596,GET,46,2,chordKey_0_12,clients=50
1778007308596,PUT_HOP,0,2,chordKey_6_25,
1778007308596,PUT,0,0,chordKey_0_13,clients=50
1778007308597,GET,47,2,chordKey_29_45,clients=50
1778007308597,PUT_HOP,0,2,chordKey_15_56,
1778007308598,PUT_HOP,0,2,chordKey_14_43,
1778007308598,GET,39,2,chordKey_15_56,clients=50
1778007308598,PUT_HOP,0,2,chordKey_43_48,
1778007308598,GET,38,2,chordKey_14_43,clients=50
1778007308598,PUT,0,0,chordKey_29_46,clients=50
1778007308599,PUT,0,0,chordKey_14_44,clients=50
1778007308599,GET,45,2,chordKey_43_48,clients=50
1778007308599,PUT,0,0,chordKey_15_57,clients=50
1778007308600,PUT_HOP,0,2,chordKey_32_51,
1778007308600,PUT,0,0,chordKey_43_49,clients=50
1778007308601,GET,38,2,chordKey_32_51,clients=50
1778007308601,PUT_HOP,0,2,chordKey_26_57,
1778007308602,PUT,0,0,chordKey_32_52,clients=50
1778007308602,PUT_HOP,0,2,chordKey_36_45,
1778007308604,GET,39,2,chordKey_26_57,clients=50
1778007308604,PUT_HOP,0,2,chordKey_49_39,
1778007308604,GET,38,2,chordKey_36_45,clients=50
1778007308605,PUT,0,0,chordKey_36_46,clients=50
1778007308605,GET,39,2,chordKey_49_39,clients=50
1778007308605,PUT_HOP,0,2,chordKey_48_34,
1778007308604,PUT,0,0,chordKey_26_58,clients=50
1778007308606,PUT,0,0,chordKey_49_40,clients=50
1778007308607,GET,40,2,chordKey_48_34,clients=50
1778007308608,PUT,0,0,chordKey_48_35,clients=50
1778007308609,PUT_HOP,0,2,chordKey_4_38,
1778007308610,PUT_HOP,0,2,chordKey_1_34,
1778007308610,GET,40,2,chordKey_4_38,clients=50
1778007308611,PUT_HOP,0,2,chordKey_35_39,
1778007308611,GET,41,2,chordKey_1_34,clients=50
1778007308611,PUT,0,0,chordKey_4_39,clients=50
1778007308612,PUT,0,0,chordKey_1_35,clients=50
1778007308612,PUT_HOP,0,2,chordKey_17_12,
1778007308614,GET,42,2,chordKey_35_39,clients=50
1778007308614,PUT_HOP,0,2,chordKey_38_69,
1778007308615,PUT,0,0,chordKey_35_40,clients=50
1778007308616,GET,41,2,chordKey_17_12,clients=50
1778007308616,GET,41,2,chordKey_38_69,clients=50
1778007308617,PUT,0,0,chordKey_38_70,clients=50
1778007308617,PUT_HOP,0,2,chordKey_3_43,
1778007308617,PUT,0,0,chordKey_17_13,clients=50
1778007308618,GET,38,2,chordKey_3_43,clients=50
1778007308619,PUT,0,0,chordKey_3_44,clients=50
1778007308619,PUT_HOP,0,2,chordKey_12_44,
1778007308619,PUT_HOP,0,2,chordKey_13_13,
1778007308625,PUT_HOP,0,2,chordKey_10_40,
1778007308625,GET,38,2,chordKey_12_44,clients=50
1778007308626,PUT,0,0,chordKey_12_45,clients=50
1778007308627,PUT_HOP,0,2,chordKey_6_47,
1778007308627,GET,39,2,chordKey_10_40,clients=50
1778007308628,PUT,0,0,chordKey_10_41,clients=50
1778007308628,PUT_HOP,0,2,chordKey_28_39,
1778007308629,GET,40,2,chordKey_13_13,clients=50
1778007308629,PUT_HOP,0,2,chordKey_41_69,
1778007308629,PUT_HOP,0,2,chordKey_7_27,
1778007308629,PUT,0,0,chordKey_13_14,clients=50
1778007308630,GET,47,2,chordKey_41_69,clients=50
1778007308631,PUT,0,0,chordKey_41_70,clients=50
1778007308631,PUT_HOP,0,2,chordKey_34_54,
1778007308631,GET,40,2,chordKey_7_27,clients=50
1778007308631,GET,42,2,chordKey_6_47,clients=50
1778007308632,PUT,0,0,chordKey_7_28,clients=50
1778007308631,GET,40,2,chordKey_28_39,clients=50
1778007308633,GET,39,2,chordKey_34_54,clients=50
1778007308633,PUT_HOP,0,2,chordKey_23_68,
1778007308633,PUT_HOP,0,2,chordKey_39_25,
1778007308632,PUT,0,0,chordKey_6_48,clients=50
1778007308634,PUT,0,0,chordKey_34_55,clients=50
1778007308633,PUT,0,0,chordKey_28_40,clients=50
1778007308634,GET,39,2,chordKey_39_25,clients=50
1778007308635,PUT,0,0,chordKey_39_26,clients=50
1778007308635,PUT_HOP,0,2,chordKey_29_46,
1778007308634,GET,39,2,chordKey_23_68,clients=50
1778007308635,PUT_HOP,0,2,chordKey_0_13,
1778007308636,PUT_HOP,0,2,chordKey_15_57,
1778007308636,PUT,0,0,chordKey_23_69,clients=50
1778007308636,GET,39,2,chordKey_0_13,clients=50
1778007308637,PUT_HOP,0,2,chordKey_14_44,
1778007308637,PUT,0,0,chordKey_0_14,clients=50
1778007308636,PUT,1027,0,chordKey_42_50,clients=50
1778007308638,PUT,1027,0,chordKey_47_27,clients=50
1778007308637,GET,38,2,chordKey_29_46,clients=50
1778007308638,GET,38,2,chordKey_14_44,clients=50
1778007308639,PUT,0,0,chordKey_14_45,clients=50
1778007308639,PUT,0,0,chordKey_29_47,clients=50
1778007308639,PUT_HOP,0,2,chordKey_32_52,
1778007308639,GET,38,2,chordKey_15_57,clients=50
1778007308640,PUT,0,0,chordKey_15_58,clients=50
1778007308641,PUT_HOP,0,2,chordKey_26_58,
1778007308641,PUT_HOP,0,2,chordKey_36_46,
1778007308641,GET,38,2,chordKey_32_52,clients=50
1778007308642,PUT,0,0,chordKey_32_53,clients=50
1778007308642,PUT_HOP,0,2,chordKey_49_40,
1778007308643,PUT_HOP,0,2,chordKey_43_49,
1778007308644,GET,38,2,chordKey_36_46,clients=50
1778007308644,GET,38,2,chordKey_26_58,clients=50
1778007308644,PUT,0,0,chordKey_36_47,clients=50
1778007308644,GET,43,2,chordKey_43_49,clients=50
1778007308645,PUT,0,0,chordKey_26_59,clients=50
1778007308645,PUT_HOP,0,2,chordKey_48_35,
1778007308646,PUT,0,0,chordKey_43_50,clients=50
1778007308645,GET,38,2,chordKey_49_40,clients=50
1778007308647,PUT,0,0,chordKey_49_41,clients=50
1778007308648,GET,39,2,chordKey_48_35,clients=50
1778007308648,PUT_HOP,0,2,chordKey_4_39,
1778007308658,PUT_HOP,0,2,chordKey_1_35,
1778007308660,GET,48,2,chordKey_4_39,clients=50
1778007308661,PUT,0,0,chordKey_4_40,clients=50
1778007308661,GET,49,2,chordKey_1_35,clients=50
1778007308661,PUT,0,0,chordKey_1_36,clients=50
1778007308664,PUT_HOP,0,2,chordKey_35_40,
1778007308665,GET,50,2,chordKey_35_40,clients=50
1778007308666,PUT,0,0,chordKey_35_41,clients=50
1778007308666,PUT_HOP,0,2,chordKey_17_13,
1778007308667,GET,49,2,chordKey_38_70,clients=50
1778007308668,PUT,0,0,chordKey_38_71,clients=50
1778007308677,GET,59,2,chordKey_17_13,clients=50
1778007308678,PUT_HOP,0,2,chordKey_12_45,
1778007308678,PUT,0,0,chordKey_17_14,clients=50
1778007308679,GET,59,2,chordKey_3_44,clients=50
1778007308679,PUT,0,0,chordKey_3_45,clients=50
1778007308680,GET,53,2,chordKey_12_45,clients=50
1778007308680,PUT,0,0,chordKey_12_46,clients=50
1778007308681,GET,52,2,chordKey_10_41,clients=50
1778007308681,PUT_HOP,0,2,chordKey_10_41,
1778007308682,PUT,0,0,chordKey_10_42,clients=50
1778007308682,GET,52,2,chordKey_13_14,clients=50
1778007308682,PUT_HOP,0,2,chordKey_41_70,
1778007308683,PUT,0,0,chordKey_13_15,clients=50
1778007308683,PUT_HOP,0,2,chordKey_28_40,
1778007308683,GET,50,2,chordKey_7_28,clients=50
1778007308683,PUT_HOP,0,2,chordKey_34_55,
1778007308684,PUT,0,0,chordKey_7_29,clients=50
1778007308684,GET,49,2,chordKey_34_55,clients=50
1778007308684,GET,50,2,chordKey_6_48,clients=50
1778007308685,PUT,0,0,chordKey_34_56,clients=50
1778007308685,GET,50,2,chordKey_28_40,clients=50
1778007308685,PUT_HOP,0,2,chordKey_39_26,
1778007308686,PUT,0,0,chordKey_28_41,clients=50
1778007308685,PUT,0,0,chordKey_6_49,clients=50
1778007308686,GET,51,2,chordKey_39_26,clients=50
1778007308687,GET,1075,2,chordKey_2_26,clients=50
1778007308687,PUT,0,0,chordKey_39_27,clients=50
1778007308687,PUT,0,0,chordKey_2_27,clients=50
1778007308690,GET,1079,2,chordKey_22_22,clients=50
1778007308690,PUT,0,0,chordKey_22_23,clients=50
1778007308707,PUT_HOP,0,2,chordKey_23_69,
1778007308708,PUT_HOP,0,2,chordKey_42_50,
1778007308709,GET,1096,2,chordKey_19_34,clients=50
1778007308709,PUT_HOP,0,2,chordKey_47_27,
1778007308709,GET,1097,2,chordKey_5_18,clients=50
1778007308709,PUT,0,0,chordKey_19_35,clients=50
1778007308710,PUT,0,0,chordKey_5_19,clients=50
1778007308709,GET,1097,2,chordKey_24_37,clients=50
1778007308710,GET,73,2,chordKey_23_69,clients=50
1778007308711,PUT_HOP,0,2,chordKey_0_14,
1778007308711,PUT,0,0,chordKey_24_38,clients=50
1778007308711,PUT_HOP,0,2,chordKey_29_47,
1778007308711,GET,74,2,chordKey_0_14,clients=50
1778007308711,GET,73,2,chordKey_42_50,clients=50
1778007308712,PUT_HOP,0,2,chordKey_15_58,
1778007308711,PUT,0,0,chordKey_23_70,clients=50
1778007308713,PUT,0,0,chordKey_42_51,clients=50
1778007308712,PUT,0,0,chordKey_0_15,clients=50
1778007308712,GET,74,2,chordKey_47_27,clients=50
1778007308714,PUT,0,0,chordKey_47_28,clients=50
1778007308714,PUT_HOP,0,2,chordKey_32_53,
1778007308714,GET,73,2,chordKey_15_58,clients=50
1778007308715,PUT_HOP,0,2,chordKey_26_59,
1778007308715,PUT,0,0,chordKey_15_59,clients=50
1778007308716,PUT_HOP,0,2,chordKey_36_47,
1778007308715,GET,72,2,chordKey_32_53,clients=50
1778007308715,GET,75,2,chordKey_14_45,clients=50
1778007308716,PUT,0,0,chordKey_32_54,clients=50
1778007308717,PUT,0,0,chordKey_14_46,clients=50
1778007308717,PUT_HOP,0,2,chordKey_43_50,
1778007308718,GET,73,2,chordKey_36_47,clients=50
1778007308719,PUT,0,0,chordKey_36_48,clients=50
1778007308718,GET,72,2,chordKey_26_59,clients=50
1778007308720,PUT,0,0,chordKey_26_60,clients=50
1778007308719,GET,1107,2,chordKey_8_20,clients=50
1778007308722,PUT,0,0,chordKey_8_21,clients=50
1778007308719,GET,73,2,chordKey_43_50,clients=50
1778007308723,PUT,0,0,chordKey_43_51,clients=50
1778007308721,GET,74,2,chordKey_49_41,clients=50
1778007308724,PUT,0,0,chordKey_49_42,clients=50
1778007308724,PUT_HOP,0,2,chordKey_4_40,
1778007308720,GET,1108,2,chordKey_37_37,clients=50
1778007308725,PUT,0,0,chordKey_37_38,clients=50
1778007308725,PUT_HOP,0,2,chordKey_1_36,
1778007308726,GET,64,2,chordKey_4_40,clients=50
1778007308726,PUT_HOP,0,2,chordKey_49_41,
1778007308726,GET,64,2,chordKey_1_36,clients=50
1778007308726,PUT,0,0,chordKey_4_41,clients=50
1778007308727,PUT,0,0,chordKey_1_37,clients=50
1778007308736,PUT_HOP,0,2,chordKey_24_38,
1778007308736,PUT_HOP,0,2,chordKey_14_45,
1778007308737,GET,70,2,chordKey_35_41,clients=50
1778007308738,PUT_HOP,0,2,chordKey_35_41,
1778007308738,PUT,0,0,chordKey_35_42,clients=50
1778007308738,GET,26,2,chordKey_24_38,clients=50
1778007308739,PUT,0,0,chordKey_24_39,clients=50
1778007308748,PUT_HOP,0,2,chordKey_38_71,
1778007308748,GET,80,2,chordKey_38_71,clients=50
1778007308749,PUT,0,0,chordKey_38_72,clients=50
1778007308749,PUT_HOP,0,2,chordKey_47_28,
1778007308750,PUT_HOP,0,2,chordKey_17_14,
1778007308750,GET,35,2,chordKey_47_28,clients=50
1778007308750,PUT_HOP,0,2,chordKey_3_45,
1778007308751,PUT,0,0,chordKey_47_29,clients=50
1778007308752,GET,73,2,chordKey_17_14,clients=50
1778007308752,PUT_HOP,0,2,chordKey_12_46,
1778007308753,GET,73,2,chordKey_3_45,clients=50
1778007308753,PUT,0,0,chordKey_17_15,clients=50
1778007308753,PUT,0,0,chordKey_3_46,clients=50
1778007308754,GET,73,2,chordKey_12_46,clients=50
1778007308754,PUT_HOP,0,2,chordKey_10_42,
1778007308755,PUT_HOP,0,2,chordKey_7_29,
1778007308755,PUT,0,0,chordKey_12_47,clients=50
1778007308755,PUT_HOP,0,2,chordKey_13_15,
1778007308756,GET,74,2,chordKey_10_42,clients=50
1778007308757,GET,72,2,chordKey_7_29,clients=50
1778007308757,PUT,0,0,chordKey_10_43,clients=50
1778007308757,PUT_HOP,0,2,chordKey_34_56,
1778007308758,GET,74,2,chordKey_13_15,clients=50
1778007308758,PUT_HOP,0,2,chordKey_6_49,
1778007308758,PUT,0,0,chordKey_7_30,clients=50
1778007308758,PUT,0,0,chordKey_13_16,clients=50
1778007308759,GET,74,2,chordKey_34_56,clients=50
1778007308760,PUT_HOP,0,2,chordKey_28_41,
1778007308760,PUT,0,0,chordKey_34_57,clients=50
1778007308761,PUT_HOP,0,2,chordKey_23_70,
1778007308761,PUT_HOP,0,2,chordKey_0_15,
1778007308761,GET,51,2,chordKey_5_19,clients=50
1778007308761,PUT_HOP,0,2,chordKey_42_51,
1778007308762,PUT,0,0,chordKey_5_20,clients=50
1778007308763,GET,50,2,chordKey_23_70,clients=50
1778007308764,GET,50,2,chordKey_42_51,clients=50
1778007308764,PUT_HOP,0,2,chordKey_15_59,
1778007308765,PUT_HOP,0,2,chordKey_32_54,
1778007308766,PUT,0,0,chordKey_42_52,clients=50
1778007308766,PUT_HOP,0,2,chordKey_14_46,
1778007308766,GET,50,2,chordKey_15_59,clients=50
1778007308767,PUT,0,0,chordKey_15_60,clients=50
1778007308764,PUT,0,0,chordKey_23_71,clients=50
1778007308764,GET,50,2,chordKey_0_15,clients=50
1778007308769,PUT_HOP,0,2,chordKey_26_60,
1778007308769,PUT,0,0,chordKey_0_16,clients=50
1778007308767,GET,50,2,chordKey_32_54,clients=50
1778007308770,PUT,0,0,chordKey_32_55,clients=50
1778007308770,PUT_HOP,0,2,chordKey_36_48,
1778007308770,GET,50,2,chordKey_36_48,clients=50
1778007308770,PUT,0,0,chordKey_36_49,clients=50
1778007308771,PUT_HOP,0,2,chordKey_8_21,
1778007308771,GET,49,2,chordKey_26_60,clients=50
1778007308771,PUT,0,0,chordKey_26_61,clients=50
1778007308772,GET,48,2,chordKey_43_51,clients=50
1778007308772,PUT,0,0,chordKey_43_52,clients=50
1778007308772,PUT_HOP,0,2,chordKey_49_42,
1778007308771,GET,48,2,chordKey_8_21,clients=50
1778007308772,GET,48,2,chordKey_49_42,clients=50
1778007308773,PUT,0,0,chordKey_8_22,clients=50
1778007308774,PUT,0,0,chordKey_49_43,clients=50
1778007308777,GET,59,2,chordKey_14_46,clients=50
1778007308777,PUT_HOP,0,2,chordKey_43_51,
1778007308777,PUT,0,0,chordKey_14_47,clients=50
1778007308782,PUT_HOP,0,2,chordKey_24_39,
1778007308780,PUT_HOP,0,2,chordKey_35_42,
1778007308782,GET,43,2,chordKey_24_39,clients=50
1778007308780,PUT_HOP,0,2,chordKey_1_37,
1778007308782,GET,43,2,chordKey_35_42,clients=50
1778007308779,PUT_HOP,0,2,chordKey_4_41,
1778007308779,GET,54,2,chordKey_37_38,clients=50
1778007308778,PUT_HOP,0,2,chordKey_37_38,
1778007308783,PUT,0,0,chordKey_35_43,clients=50
1778007308782,PUT_HOP,0,2,chordKey_38_72,
1778007308783,PUT,0,0,chordKey_24_40,clients=50
1778007308784,PUT,0,0,chordKey_37_39,clients=50
1778007308784,GET,34,2,chordKey_38_72,clients=50
1778007308785,PUT,0,0,chordKey_38_73,clients=50
1778007308788,PUT_HOP,0,2,chordKey_47_29,
1778007308790,PUT_HOP,0,2,chordKey_3_46,
1778007308790,PUT_HOP,0,2,chordKey_17_15,
1778007308791,GET,37,2,chordKey_17_15,clients=50
1778007308791,PUT,0,0,chordKey_17_16,clients=50
1778007308792,GET,40,2,chordKey_47_29,clients=50
1778007308793,PUT,0,0,chordKey_47_30,clients=50
1778007308799,PUT_HOP,0,2,chordKey_12_47,
1778007308799,GET,45,2,chordKey_3_46,clients=50
1778007308800,PUT,0,0,chordKey_3_47,clients=50
1778007308806,PUT_HOP,0,2,chordKey_7_30,
1778007308806,GET,51,2,chordKey_12_47,clients=50
1778007308806,PUT_HOP,0,2,chordKey_10_43,
1778007308807,PUT,0,0,chordKey_12_48,clients=50
1778007308808,GET,49,2,chordKey_7_30,clients=50
1778007308808,PUT_HOP,0,2,chordKey_13_16,
1778007308808,GET,50,2,chordKey_10_43,clients=50
1778007308808,PUT,0,0,chordKey_7_31,clients=50
1778007308809,PUT,0,0,chordKey_10_44,clients=50
1778007308810,PUT_HOP,0,2,chordKey_34_57,
1778007308810,GET,51,2,chordKey_13_16,clients=50
1778007308810,PUT_HOP,0,2,chordKey_5_20,
1778007308811,PUT,0,0,chordKey_13_17,clients=50
1778007308811,GET,50,2,chordKey_34_57,clients=50
1778007308811,PUT_HOP,0,2,chordKey_23_71,
1778007308811,GET,49,2,chordKey_5_20,clients=50
1778007308812,PUT,0,0,chordKey_34_58,clients=50
1778007308812,PUT,0,0,chordKey_5_21,clients=50
1778007308820,PUT_HOP,0,2,chordKey_42_52,
1778007308821,PUT_HOP,0,2,chordKey_15_60,
1778007308822,GET,54,2,chordKey_42_52,clients=50
1778007308822,PUT,0,0,chordKey_42_53,clients=50
1778007308828,PUT_HOP,0,2,chordKey_0_16,
1778007308829,GET,61,2,chordKey_15_60,clients=50
1778007308829,GET,61,2,chordKey_23_71,clients=50
1778007308830,PUT,0,0,chordKey_15_61,clients=50
1778007308830,PUT_HOP,0,2,chordKey_32_55,
1778007308830,PUT,0,0,chordKey_23_72,clients=50
1778007308830,GET,60,2,chordKey_0_16,clients=50
1778007308831,PUT,0,0,chordKey_0_17,clients=50
1778007308831,PUT_HOP,0,2,chordKey_36_49,
1778007308832,PUT_HOP,0,2,chordKey_26_61,
1778007308832,GET,61,2,chordKey_36_49,clients=50
1778007308833,GET,62,2,chordKey_32_55,clients=50
1778007308833,PUT,0,0,chordKey_36_50,clients=50
1778007308834,GET,61,2,chordKey_26_61,clients=50
1778007308834,PUT_HOP,0,2,chordKey_8_22,
1778007308833,PUT,0,0,chordKey_32_56,clients=50
1778007308835,PUT_HOP,0,2,chordKey_43_52,
1778007308835,PUT,0,0,chordKey_26_62,clients=50
1778007308836,GET,62,2,chordKey_8_22,clients=50
1778007308837,GET,64,2,chordKey_43_52,clients=50
1778007308837,PUT,0,0,chordKey_8_23,clients=50
1778007308838,PUT,0,0,chordKey_43_53,clients=50
1778007308837,GET,63,2,chordKey_49_43,clients=50
1778007308838,PUT_HOP,0,2,chordKey_14_47,
1778007308838,PUT,0,0,chordKey_49_44,clients=50
1778007308838,PUT_HOP,0,2,chordKey_49_43,
1778007308844,GET,61,2,chordKey_14_47,clients=50
1778007308844,GET,60,2,chordKey_35_43,clients=50
1778007308845,PUT_HOP,0,2,chordKey_37_39,
1778007308845,PUT,0,0,chordKey_14_48,clients=50
1778007308845,PUT,0,0,chordKey_35_44,clients=50
1778007308845,GET,61,2,chordKey_24_40,clients=50
1778007308846,PUT_HOP,0,2,chordKey_17_16,
1778007308846,PUT,0,0,chordKey_24_41,clients=50
1778007308846,PUT_HOP,0,2,chordKey_35_43,
1778007308845,GET,60,2,chordKey_37_39,clients=50
1778007308846,PUT_HOP,0,2,chordKey_47_30,
1778007308847,PUT,0,0,chordKey_37_40,clients=50
1778007308846,GET,60,2,chordKey_38_73,clients=50
1778007308848,PUT,0,0,chordKey_38_74,clients=50
1778007308867,PUT_HOP,0,2,chordKey_24_40,
1778007308868,PUT_HOP,0,2,chordKey_38_73,
1778007308869,GET,77,2,chordKey_17_16,clients=50
1778007308869,PUT,0,0,chordKey_17_17,clients=50
1778007308874,GET,80,2,chordKey_47_30,clients=50
1778007308874,PUT,0,0,chordKey_47_31,clients=50
1778007308874,PUT_HOP,0,2,chordKey_3_47,
1778007308876,PUT_HOP,0,2,chordKey_12_48,
1778007308877,GET,76,2,chordKey_3_47,clients=50
1778007308877,PUT,0,0,chordKey_3_48,clients=50
1778007308888,PUT_HOP,0,2,chordKey_10_44,
1778007308888,GET,80,2,chordKey_12_48,clients=50
1778007308889,PUT,0,0,chordKey_12_49,clients=50
1778007308889,GET,80,2,chordKey_10_44,clients=50
1778007308889,GET,80,2,chordKey_7_31,clients=50
1778007308890,PUT_HOP,0,2,chordKey_13_17,
1778007308890,PUT,0,0,chordKey_10_45,clients=50
1778007308891,GET,79,2,chordKey_13_17,clients=50
1778007308891,PUT,0,0,chordKey_7_32,clients=50
1778007308891,PUT,0,0,chordKey_13_18,clients=50
1778007308899,PUT_HOP,0,2,chordKey_7_31,
1778007308900,PUT_HOP,0,2,chordKey_5_21,
1778007308901,PUT_HOP,0,2,chordKey_42_53,
1778007308902,GET,89,2,chordKey_5_21,clients=50
1778007308902,PUT_HOP,0,2,chordKey_34_58,
1778007308902,GET,90,2,chordKey_34_58,clients=50
1778007308903,PUT,0,0,chordKey_5_22,clients=50
1778007308903,PUT,0,0,chordKey_34_59,clients=50
1778007308904,GET,81,2,chordKey_42_53,clients=50
1778007308904,PUT,0,0,chordKey_42_54,clients=50
1778007308904,PUT_HOP,0,2,chordKey_23_72,
1778007308905,PUT_HOP,0,2,chordKey_15_61,
1778007308904,PUT_HOP,0,2,chordKey_0_17,
1778007308906,GET,75,2,chordKey_23_72,clients=50
1778007308906,PUT_HOP,0,2,chordKey_36_50,
1778007308907,PUT,0,0,chordKey_23_73,clients=50
1778007308907,GET,77,2,chordKey_15_61,clients=50
1778007308907,PUT_HOP,0,2,chordKey_32_56,
1778007308908,PUT,0,0,chordKey_15_62,clients=50
1778007308906,GET,75,2,chordKey_0_17,clients=50
1778007308909,PUT,0,0,chordKey_0_18,clients=50
1778007308909,PUT_HOP,0,2,chordKey_26_62,
1778007308908,GET,74,2,chordKey_36_50,clients=50
1778007308910,PUT_HOP,0,2,chordKey_8_23,
1778007308910,PUT,0,0,chordKey_36_51,clients=50
1778007308910,GET,74,2,chordKey_32_56,clients=50
1778007308909,GET,74,2,chordKey_26_62,clients=50
1778007308911,PUT_HOP,0,2,chordKey_43_53,
1778007308911,PUT,0,0,chordKey_32_57,clients=50
1778007308912,PUT,0,0,chordKey_26_63,clients=50
1778007308913,PUT_HOP,0,2,chordKey_49_44,
1778007308913,GET,75,2,chordKey_8_23,clients=50
1778007308914,GET,75,2,chordKey_43_53,clients=50
1778007308914,PUT,0,0,chordKey_8_24,clients=50
1778007308914,PUT,0,0,chordKey_43_54,clients=50
1778007308916,GET,77,2,chordKey_49_44,clients=50
1778007308917,PUT_HOP,0,2,chordKey_35_44,
1778007308917,PUT_HOP,0,2,chordKey_14_48,
1778007308917,PUT,0,0,chordKey_49_45,clients=50
1778007308917,PUT_HOP,0,2,chordKey_24_41,
1778007308918,PUT_HOP,0,2,chordKey_37_40,
1778007308918,GET,73,2,chordKey_14_48,clients=50
1778007308919,GET,71,2,chordKey_37_40,clients=50
1778007308919,PUT_HOP,0,2,chordKey_38_74,
1778007308919,PUT,0,0,chordKey_37_41,clients=50
1778007308918,GET,72,2,chordKey_35_44,clients=50
1778007308920,PUT_HOP,0,2,chordKey_17_17,
1778007308920,GET,73,2,chordKey_24_41,clients=50
1778007308919,PUT,0,0,chordKey_14_49,clients=50
1778007308921,PUT,0,0,chordKey_24_42,clients=50
1778007308921,PUT,0,0,chordKey_35_45,clients=50
1778007308922,PUT_HOP,0,2,chordKey_34_59,
1778007308922,GET,52,2,chordKey_17_17,clients=50
1778007308923,PUT,0,0,chordKey_17_18,clients=50
1778007308923,PUT_HOP,0,2,chordKey_47_31,
1778007308920,GET,71,2,chordKey_38_74,clients=50
1778007308923,GET,19,2,chordKey_34_59,clients=50
1778007308924,PUT,0,0,chordKey_38_75,clients=50
1778007308924,PUT,0,0,chordKey_34_60,clients=50
1778007308924,PUT_HOP,0,2,chordKey_3_48,
1778007308924,GET,49,2,chordKey_47_31,clients=50
1778007308925,PUT,0,0,chordKey_47_32,clients=50
1778007308926,GET,48,2,chordKey_3_48,clients=50
1778007308927,PUT_HOP,0,2,chordKey_12_49,
1778007308927,GET,1316,2,chordKey_16_28,clients=50
1778007308927,PUT,0,0,chordKey_3_49,clients=50
1778007308927,PUT,0,0,chordKey_16_29,clients=50
1778007308928,PUT_HOP,0,2,chordKey_32_57,
1778007308929,GET,39,2,chordKey_12_49,clients=50
1778007308928,PUT_HOP,0,2,chordKey_10_45,
1778007308929,PUT_HOP,0,2,chordKey_7_32,
1778007308929,PUT,0,0,chordKey_12_50,clients=50
1778007308930,PUT_HOP,0,2,chordKey_13_18,
1778007308931,GET,18,2,chordKey_32_57,clients=50
1778007308931,PUT,0,0,chordKey_32_58,clients=50
1778007308932,GET,39,2,chordKey_13_18,clients=50
1778007308933,GET,1322,2,chordKey_46_35,clients=50
1778007308933,GET,42,2,chordKey_10_45,clients=50
1778007308932,GET,41,2,chordKey_7_32,clients=50
1778007308934,PUT,0,0,chordKey_10_46,clients=50
1778007308934,PUT,0,0,chordKey_46_36,clients=50
1778007308933,PUT,0,0,chordKey_13_19,clients=50
1778007308935,PUT_HOP,0,2,chordKey_5_22,
1778007308934,PUT,0,0,chordKey_7_33,clients=50
1778007308936,PUT_HOP,0,2,chordKey_42_54,
1778007308937,GET,33,2,chordKey_5_22,clients=50
1778007308937,GET,32,2,chordKey_42_54,clients=50
1778007308937,PUT_HOP,0,2,chordKey_15_62,
1778007308938,PUT,0,0,chordKey_5_23,clients=50
1778007308938,PUT,0,0,chordKey_42_55,clients=50
1778007308938,PUT_HOP,0,2,chordKey_23_73,
1778007308939,GET,32,2,chordKey_23_73,clients=50
1778007308940,GET,31,2,chordKey_15_62,clients=50
1778007308940,PUT,0,0,chordKey_23_74,clients=50
1778007308940,PUT,0,0,chordKey_15_63,clients=50
1778007308947,PUT_HOP,0,2,chordKey_0_18,
1778007308948,PUT_HOP,0,2,chordKey_36_51,
1778007308951,GET,41,2,chordKey_0_18,clients=50
1778007308952,PUT,0,0,chordKey_0_19,clients=50
1778007308953,PUT_HOP,0,2,chordKey_26_63,
1778007308954,GET,42,2,chordKey_36_51,clients=50
1778007308954,PUT,0,0,chordKey_36_52,clients=50
1778007308955,PUT_HOP,0,2,chordKey_8_24,
1778007308957,PUT_HOP,0,2,chordKey_14_49,
1778007308958,PUT_HOP,0,2,chordKey_35_45,
1778007308959,PUT_HOP,0,2,chordKey_24_42,
1778007308959,PUT_HOP,0,2,chordKey_49_45,
1778007308959,PUT_HOP,0,2,chordKey_37_41,
1778007308959,PUT_HOP,0,2,chordKey_43_54,
1778007308960,PUT_HOP,0,2,chordKey_17_18,
1778007308961,PUT_HOP,0,2,chordKey_38_75,
1778007308962,PUT_HOP,0,2,chordKey_34_60,
1778007308962,PUT_HOP,0,2,chordKey_47_32,
1778007308964,PUT_HOP,0,2,chordKey_3_49,
1778007308965,GET,52,2,chordKey_26_63,clients=50
1778007308965,PUT,0,0,chordKey_26_64,clients=50
1778007308967,GET,52,2,chordKey_43_54,clients=50
1778007308967,PUT_HOP,0,2,chordKey_16_29,
1778007308968,GET,40,2,chordKey_3_49,clients=50
1778007308968,GET,47,2,chordKey_14_49,clients=50
1778007308967,GET,49,2,chordKey_49_45,clients=50
1778007308970,GET,47,2,chordKey_35_45,clients=50
1778007308967,GET,52,2,chordKey_8_24,clients=50
1778007308971,PUT,0,0,chordKey_8_25,clients=50
1778007308971,PUT,0,0,chordKey_35_46,clients=50
1778007308970,PUT,0,0,chordKey_49_46,clients=50
1778007308972,PUT_HOP,0,2,chordKey_12_50,
1778007308970,PUT,0,0,chordKey_14_50,clients=50
1778007308969,GET,48,2,chordKey_24_42,clients=50
1778007308969,PUT,0,0,chordKey_3_50,clients=50
1778007308973,PUT,0,0,chordKey_24_43,clients=50
1778007308968,PUT,0,0,chordKey_43_55,clients=50
1778007308975,PUT_HOP,0,2,chordKey_46_36,
1778007308975,PUT_HOP,0,2,chordKey_10_46,
1778007308975,GET,47,2,chordKey_16_29,clients=50
1778007308975,GET,43,2,chordKey_32_58,clients=50
1778007308975,PUT_HOP,0,2,chordKey_13_19,
1778007308977,PUT_HOP,0,2,chordKey_7_33,
1778007308977,PUT,0,0,chordKey_32_59,clients=50
1778007308977,PUT_HOP,0,2,chordKey_32_58,
1778007308974,GET,54,2,chordKey_37_41,clients=50
1778007308978,PUT,0,0,chordKey_37_42,clients=50
1778007308974,GET,48,2,chordKey_47_32,clients=50
1778007308979,PUT,0,0,chordKey_47_33,clients=50
1778007308974,GET,49,2,chordKey_38_75,clients=50
1778007308980,PUT,0,0,chordKey_38_76,clients=50
1778007308980,GET,45,2,chordKey_46_36,clients=50
1778007308973,GET,49,2,chordKey_34_60,clients=50
1778007308981,PUT,0,0,chordKey_34_61,clients=50
1778007308971,GET,47,2,chordKey_17_18,clients=50
1778007308982,PUT,0,0,chordKey_17_19,clients=50
1778007308984,GET,45,2,chordKey_42_55,clients=50
1778007308984,GET,54,2,chordKey_12_50,clients=50
1778007308981,GET,46,2,chordKey_10_46,clients=50
1778007308985,PUT,0,0,chordKey_10_47,clients=50
1778007308985,PUT_HOP,0,2,chordKey_23_74,
1778007308980,PUT,0,0,chordKey_46_37,clients=50
1778007308980,GET,44,2,chordKey_7_33,clients=50
1778007308987,PUT,0,0,chordKey_7_34,clients=50
1778007308987,PUT_HOP,0,2,chordKey_5_23,
1778007308976,PUT,0,0,chordKey_16_30,clients=50
1778007308987,PUT_HOP,0,2,chordKey_42_55,
1778007308988,PUT_HOP,0,2,chordKey_15_63,
1778007308987,GET,46,2,chordKey_23_74,clients=50
1778007308987,GET,48,2,chordKey_5_23,clients=50
1778007308989,PUT,0,0,chordKey_23_75,clients=50
1778007308986,GET,44,2,chordKey_15_63,clients=50
1778007308989,PUT,0,0,chordKey_15_64,clients=50
1778007308985,PUT,0,0,chordKey_12_51,clients=50
1778007308984,PUT,0,0,chordKey_42_56,clients=50
1778007308983,GET,47,2,chordKey_13_19,clients=50
1778007308991,GET,38,2,chordKey_0_19,clients=50
1778007308989,PUT,0,0,chordKey_5_24,clients=50
1778007308992,PUT_HOP,0,2,chordKey_0_19,
1778007308992,PUT,0,0,chordKey_0_20,clients=50
1778007308991,PUT,0,0,chordKey_13_20,clients=50
1778007308998,PUT_HOP,0,2,chordKey_36_52,
1778007308999,GET,44,2,chordKey_36_52,clients=50
1778007309000,PUT,0,0,chordKey_36_53,clients=50
1778007309007,PUT_HOP,0,2,chordKey_42_56,
1778007309009,PUT_HOP,0,2,chordKey_26_64,
1778007309010,PUT_HOP,0,2,chordKey_43_55,
1778007309010,PUT_HOP,0,2,chordKey_3_50,
1778007309011,GET,44,2,chordKey_26_64,clients=50
1778007309011,PUT_HOP,0,2,chordKey_14_50,
1778007309011,PUT,0,0,chordKey_26_65,clients=50
1778007309012,PUT_HOP,0,2,chordKey_49_46,
1778007309012,PUT_HOP,0,2,chordKey_35_46,
1778007309013,GET,22,2,chordKey_42_56,clients=50
1778007309013,PUT_HOP,0,2,chordKey_8_25,
1778007309014,PUT,0,0,chordKey_42_57,clients=50
1778007309015,GET,42,2,chordKey_35_46,clients=50
1778007309015,GET,43,2,chordKey_8_25,clients=50
1778007309015,PUT,0,0,chordKey_35_47,clients=50
1778007309016,GET,43,2,chordKey_14_50,clients=50
1778007309016,PUT,0,0,chordKey_8_26,clients=50
1778007309017,PUT,0,0,chordKey_14_51,clients=50
1778007309018,PUT_HOP,0,2,chordKey_16_30,
1778007309018,GET,45,2,chordKey_3_50,clients=50
1778007309019,GET,46,2,chordKey_49_46,clients=50
1778007309019,PUT,0,0,chordKey_3_51,clients=50
1778007309018,GET,42,2,chordKey_43_55,clients=50
1778007309020,PUT,0,0,chordKey_43_56,clients=50
1778007309021,GET,45,2,chordKey_24_43,clients=50
1778007309019,PUT,0,0,chordKey_49_47,clients=50
1778007309021,PUT,0,0,chordKey_24_44,clients=50
1778007309021,PUT_HOP,0,2,chordKey_32_59,
1778007309022,PUT_HOP,0,2,chordKey_37_42,
1778007309022,GET,45,2,chordKey_32_59,clients=50
1778007309023,PUT,0,0,chordKey_32_60,clients=50
1778007309023,PUT_HOP,0,2,chordKey_47_33,
1778007309023,GET,45,2,chordKey_37_42,clients=50
1778007309024,PUT_HOP,0,2,chordKey_46_37,
1778007309024,PUT,0,0,chordKey_37_43,clients=50
1778007309024,PUT_HOP,0,2,chordKey_38_76,
1778007309025,PUT_HOP,0,2,chordKey_34_61,
1778007309025,GET,45,2,chordKey_47_33,clients=50
1778007309026,PUT,0,0,chordKey_47_34,clients=50
1778007309025,GET,45,2,chordKey_38_76,clients=50
1778007309027,PUT,0,0,chordKey_38_77,clients=50
1778007309028,PUT_HOP,0,2,chordKey_17_19,
1778007309027,GET,46,2,chordKey_34_61,clients=50
1778007309028,PUT,0,0,chordKey_34_62,clients=50
1778007309029,GET,45,2,chordKey_17_19,clients=50
1778007309029,PUT,0,0,chordKey_17_20,clients=50
1778007309031,PUT_HOP,0,2,chordKey_12_51,
1778007309032,GET,46,2,chordKey_10_47,clients=50
1778007309033,PUT,0,0,chordKey_10_48,clients=50
1778007309033,PUT_HOP,0,2,chordKey_10_47,
1778007309033,GET,47,2,chordKey_46_37,clients=50
1778007309034,PUT_HOP,0,2,chordKey_7_34,
1778007309033,PUT_HOP,0,2,chordKey_23_75,
1778007309034,GET,46,2,chordKey_7_34,clients=50
1778007309035,PUT,0,0,chordKey_46_38,clients=50
1778007309034,PUT_HOP,0,2,chordKey_5_24,
1778007309035,PUT,0,0,chordKey_7_35,clients=50
1778007309035,PUT_HOP,0,2,chordKey_15_64,
1778007309036,GET,48,2,chordKey_16_30,clients=50
1778007309037,GET,48,2,chordKey_23_75,clients=50
1778007309037,PUT,0,0,chordKey_16_31,clients=50
1778007309038,GET,47,2,chordKey_12_51,clients=50
1778007309038,PUT_HOP,0,2,chordKey_0_20,
1778007309038,PUT,0,0,chordKey_12_52,clients=50
1778007309037,GET,47,2,chordKey_15_64,clients=50
1778007309038,PUT,0,0,chordKey_23_76,clients=50
1778007309039,PUT,0,0,chordKey_15_65,clients=50
1778007309040,PUT_HOP,0,2,chordKey_13_20,
1778007309040,GET,48,2,chordKey_5_24,clients=50
1778007309041,PUT,0,0,chordKey_5_25,clients=50
1778007309042,GET,49,2,chordKey_13_20,clients=50
1778007309043,PUT,0,0,chordKey_13_21,clients=50
1778007309042,GET,49,2,chordKey_0_20,clients=50
1778007309044,PUT,0,0,chordKey_0_21,clients=50
1778007309046,PUT_HOP,0,2,chordKey_36_53,
1778007309047,GET,46,2,chordKey_36_53,clients=50
1778007309048,PUT,0,0,chordKey_36_54,clients=50
1778007309053,PUT_HOP,0,2,chordKey_46_38,
1778007309056,PUT_HOP,0,2,chordKey_26_65,
1778007309056,GET,21,2,chordKey_46_38,clients=50
1778007309056,GET,44,2,chordKey_26_65,clients=50
1778007309057,PUT,0,0,chordKey_46_39,clients=50
1778007309057,PUT,0,0,chordKey_26_66,clients=50
1778007309060,GET,45,2,chordKey_42_57,clients=50
1778007309061,PUT,0,0,chordKey_42_58,clients=50
1778007309061,PUT_HOP,0,2,chordKey_35_47,
1778007309062,PUT_HOP,0,2,chordKey_14_51,
1778007309062,GET,46,2,chordKey_35_47,clients=50
1778007309063,PUT,0,0,chordKey_35_48,clients=50
1778007309063,GET,45,2,chordKey_8_26,clients=50
1778007309064,PUT,0,0,chordKey_8_27,clients=50
1778007309064,PUT_HOP,0,2,chordKey_3_51,
1778007309064,GET,46,2,chordKey_14_51,clients=50
1778007309065,PUT,0,0,chordKey_14_52,clients=50
1778007309065,PUT_HOP,0,2,chordKey_42_57,
1778007309065,PUT_HOP,0,2,chordKey_8_26,
1778007309066,PUT_HOP,0,2,chordKey_43_56,
1778007309066,PUT_HOP,0,2,chordKey_49_47,
1778007309068,PUT_HOP,0,2,chordKey_24_44,
1778007309068,GET,48,2,chordKey_3_51,clients=50
1778007309069,PUT,0,0,chordKey_3_52,clients=50
1778007309069,GET,47,2,chordKey_24_44,clients=50
1778007309070,GET,46,2,chordKey_32_60,clients=50
1778007309069,GET,47,2,chordKey_49_47,clients=50
1778007309070,PUT,0,0,chordKey_32_61,clients=50
1778007309071,GET,45,2,chordKey_37_43,clients=50
1778007309071,PUT_HOP,0,2,chordKey_34_62,
1778007309071,PUT,0,0,chordKey_37_44,clients=50
1778007309072,PUT_HOP,0,2,chordKey_47_34,
1778007309070,PUT,0,0,chordKey_24_45,clients=50
1778007309072,PUT_HOP,0,2,chordKey_38_77,
1778007309072,GET,44,2,chordKey_38_77,clients=50
1778007309072,PUT_HOP,0,2,chordKey_37_43,
1778007309073,PUT,0,0,chordKey_38_78,clients=50
1778007309073,PUT_HOP,0,2,chordKey_32_60,
1778007309071,GET,44,2,chordKey_47_34,clients=50
1778007309074,PUT,0,0,chordKey_47_35,clients=50
1778007309074,PUT_HOP,0,2,chordKey_17_20,
1778007309071,PUT,0,0,chordKey_49_48,clients=50
1778007309075,GET,45,2,chordKey_34_62,clients=50
1778007309075,GET,44,2,chordKey_17_20,clients=50
1778007309075,PUT,0,0,chordKey_34_63,clients=50
1778007309075,PUT_HOP,0,2,chordKey_7_35,
1778007309075,PUT,0,0,chordKey_17_21,clients=50
1778007309076,PUT_HOP,0,2,chordKey_10_48,
1778007309077,GET,56,2,chordKey_43_56,clients=50
1778007309078,PUT,0,0,chordKey_43_57,clients=50
1778007309080,PUT_HOP,0,2,chordKey_16_31,
1778007309081,PUT_HOP,0,2,chordKey_12_52,
1778007309082,GET,47,2,chordKey_10_48,clients=50
1778007309082,GET,45,2,chordKey_7_35,clients=50
1778007309082,PUT,0,0,chordKey_10_49,clients=50
1778007309083,PUT,0,0,chordKey_7_36,clients=50
1778007309083,GET,43,2,chordKey_12_52,clients=50
1778007309084,GET,46,2,chordKey_16_31,clients=50
1778007309084,PUT_HOP,0,2,chordKey_5_25,
1778007309084,GET,44,2,chordKey_15_65,clients=50
1778007309085,PUT_HOP,0,2,chordKey_23_76,
1778007309085,PUT,0,0,chordKey_15_66,clients=50
1778007309085,PUT,0,0,chordKey_16_32,clients=50
1778007309086,PUT_HOP,0,2,chordKey_15_65,
1778007309084,PUT,0,0,chordKey_12_53,clients=50
1778007309087,GET,47,2,chordKey_23_76,clients=50
1778007309088,PUT,0,0,chordKey_23_77,clients=50
1778007309088,GET,46,2,chordKey_5_25,clients=50
1778007309089,PUT_HOP,0,2,chordKey_13_21,
1778007309089,PUT,0,0,chordKey_5_26,clients=50
1778007309091,PUT_HOP,0,2,chordKey_0_21,
1778007309092,GET,49,2,chordKey_13_21,clients=50
1778007309093,PUT,0,0,chordKey_13_22,clients=50
1778007309093,PUT_HOP,0,2,chordKey_36_54,
1778007309094,GET,49,2,chordKey_0_21,clients=50
1778007309095,PUT,0,0,chordKey_0_22,clients=50
1778007309094,GET,46,2,chordKey_36_54,clients=50
1778007309096,PUT,0,0,chordKey_36_55,clients=50
1778007309100,GET,42,2,chordKey_26_66,clients=50
1778007309101,PUT_HOP,0,2,chordKey_26_66,
1778007309101,PUT,0,0,chordKey_26_67,clients=50
1778007309102,PUT_HOP,0,2,chordKey_46_39,
1778007309106,PUT_HOP,0,2,chordKey_35_48,
1778007309107,GET,49,2,chordKey_46_39,clients=50
1778007309108,PUT,0,0,chordKey_46_40,clients=50
1778007309108,GET,44,2,chordKey_35_48,clients=50
1778007309109,PUT,0,0,chordKey_35_49,clients=50
1778007309109,PUT_HOP,0,2,chordKey_14_52,
1778007309109,GET,45,2,chordKey_8_27,clients=50
1778007309109,PUT_HOP,0,2,chordKey_8_27,
1778007309110,PUT,0,0,chordKey_8_28,clients=50
1778007309110,PUT_HOP,0,2,chordKey_42_58,
1778007309111,GET,50,2,chordKey_42_58,clients=50
1778007309112,PUT,0,0,chordKey_42_59,clients=50
1778007309114,PUT_HOP,0,2,chordKey_3_52,
1778007309114,GET,42,2,chordKey_37_44,clients=50
1778007309114,PUT_HOP,0,2,chordKey_37_44,
1778007309115,PUT,0,0,chordKey_37_45,clients=50
1778007309115,GET,46,2,chordKey_3_52,clients=50
1778007309116,PUT,0,0,chordKey_3_53,clients=50
1778007309116,GET,44,2,chordKey_24_45,clients=50
1778007309117,PUT_HOP,0,2,chordKey_32_61,
1778007309117,GET,51,2,chordKey_14_52,clients=50
1778007309117,PUT,0,0,chordKey_24_46,clients=50
1778007309118,PUT,0,0,chordKey_14_53,clients=50
1778007309119,PUT_HOP,0,2,chordKey_24_45,
1778007309119,GET,48,2,chordKey_32_61,clients=50
1778007309120,PUT_HOP,0,2,chordKey_49_48,
1778007309120,PUT,0,0,chordKey_32_62,clients=50
1778007309120,GET,46,2,chordKey_47_35,clients=50
1778007309121,PUT,0,0,chordKey_47_36,clients=50
1778007309126,PUT_HOP,0,2,chordKey_47_35,
1778007309127,PUT_HOP,0,2,chordKey_17_21,
1778007309127,GET,53,2,chordKey_38_78,clients=50
1778007309126,PUT_HOP,0,2,chordKey_34_63,
1778007309127,PUT_HOP,0,2,chordKey_10_49,
1778007309128,PUT,0,0,chordKey_38_79,clients=50
1778007309128,PUT_HOP,0,2,chordKey_12_53,
1778007309128,GET,44,2,chordKey_7_36,clients=50
1778007309128,PUT_HOP,0,2,chordKey_15_66,
1778007309128,PUT,0,0,chordKey_7_37,clients=50
1778007309128,PUT_HOP,0,2,chordKey_7_36,
1778007309129,GET,42,2,chordKey_12_53,clients=50
1778007309130,PUT_HOP,0,2,chordKey_23_77,
1778007309130,PUT,0,0,chordKey_12_54,clients=50
1778007309130,PUT_HOP,0,2,chordKey_5_26,
1778007309130,GET,52,2,chordKey_43_57,clients=50
1778007309130,PUT_HOP,0,2,chordKey_16_32,
1778007309131,PUT,0,0,chordKey_43_58,clients=50
1778007309131,PUT_HOP,0,2,chordKey_35_49,
1778007309131,GET,56,2,chordKey_49_48,clients=50
1778007309132,GET,23,2,chordKey_35_49,clients=50
1778007309130,GET,44,2,chordKey_15_66,clients=50
1778007309133,GET,57,2,chordKey_17_21,clients=50
1778007309133,GET,44,2,chordKey_23_77,clients=50
1778007309133,GET,43,2,chordKey_5_26,clients=50
1778007309132,PUT,0,0,chordKey_49_49,clients=50
1778007309135,PUT,0,0,chordKey_5_27,clients=50
1778007309131,GET,45,2,chordKey_16_32,clients=50
1778007309135,PUT_HOP,0,2,chordKey_43_57,
1778007309134,PUT,0,0,chordKey_23_78,clients=50
1778007309136,GET,52,2,chordKey_10_49,clients=50
1778007309136,PUT_HOP,0,2,chordKey_38_78,
1778007309137,PUT_HOP,0,2,chordKey_13_22,
1778007309137,PUT_HOP,0,2,chordKey_36_55,
1778007309138,GET,62,2,chordKey_34_63,clients=50
1778007309134,PUT,0,0,chordKey_17_22,clients=50
1778007309133,PUT,0,0,chordKey_15_67,clients=50
1778007309140,PUT_HOP,0,2,chordKey_0_22,
1778007309133,PUT,0,0,chordKey_35_50,clients=50
1778007309139,PUT,0,0,chordKey_34_64,clients=50
1778007309138,PUT,1,0,chordKey_10_50,clients=50
1778007309136,GET,43,2,chordKey_13_22,clients=50
1778007309136,PUT,0,0,chordKey_16_33,clients=50
1778007309142,PUT,0,0,chordKey_13_23,clients=50
1778007309140,GET,44,2,chordKey_36_55,clients=50
1778007309143,PUT,0,0,chordKey_36_56,clients=50
1778007309143,GET,48,2,chordKey_0_22,clients=50
1778007309144,PUT,0,0,chordKey_0_23,clients=50
1778007309145,GET,43,2,chordKey_26_67,clients=50
1778007309145,PUT,0,0,chordKey_26_68,clients=50
1778007309147,GET,38,2,chordKey_46_40,clients=50
1778007309148,PUT,0,0,chordKey_46_41,clients=50
1778007309148,PUT_HOP,0,2,chordKey_8_28,
1778007309150,GET,40,2,chordKey_8_28,clients=50
1778007309150,PUT_HOP,0,2,chordKey_26_67,
1778007309150,PUT_HOP,0,2,chordKey_37_45,
1778007309151,PUT,0,0,chordKey_8_29,clients=50
1778007309151,PUT_HOP,0,2,chordKey_46_40,
1778007309151,GET,36,2,chordKey_37_45,clients=50
1778007309152,PUT_HOP,0,2,chordKey_3_53,
1778007309152,PUT,0,0,chordKey_37_46,clients=50
1778007309153,PUT_HOP,0,2,chordKey_24_46,
1778007309153,GET,36,2,chordKey_3_53,clients=50
1778007309153,PUT,0,0,chordKey_3_54,clients=50
1778007309153,PUT_HOP,0,2,chordKey_14_53,
1778007309154,GET,36,2,chordKey_24_46,clients=50
1778007309155,GET,36,2,chordKey_14_53,clients=50
1778007309155,PUT,0,0,chordKey_24_47,clients=50
1778007309156,PUT,0,0,chordKey_14_54,clients=50
1778007309156,GET,43,2,chordKey_42_59,clients=50
1778007309157,PUT,0,0,chordKey_42_60,clients=50
1778007309157,PUT_HOP,0,2,chordKey_42_59,
1778007309158,PUT_HOP,0,2,chordKey_32_62,
1778007309158,PUT_HOP,0,2,chordKey_47_36,
1778007309159,PUT_HOP,0,2,chordKey_38_79,
1778007309159,GET,31,2,chordKey_38_79,clients=50
1778007309160,PUT,0,0,chordKey_38_80,clients=50
1778007309160,GET,40,2,chordKey_32_62,clients=50
1778007309161,PUT,0,0,chordKey_32_63,clients=50
1778007309161,PUT_HOP,0,2,chordKey_7_37,
1778007309161,GET,40,2,chordKey_47_36,clients=50
1778007309162,PUT_HOP,0,2,chordKey_12_54,
1778007309162,PUT,0,0,chordKey_47_37,clients=50
1778007309163,GET,33,2,chordKey_7_37,clients=50
1778007309163,PUT_HOP,0,2,chordKey_43_58,
1778007309164,PUT,0,0,chordKey_7_38,clients=50
1778007309164,GET,33,2,chordKey_12_54,clients=50
1778007309164,GET,32,2,chordKey_43_58,clients=50
1778007309165,PUT_HOP,0,2,chordKey_35_50,
1778007309165,PUT,0,0,chordKey_12_55,clients=50
1778007309165,PUT_HOP,0,2,chordKey_15_67,
1778007309165,PUT,0,0,chordKey_43_59,clients=50
1778007309165,PUT_HOP,0,2,chordKey_49_49,
1778007309166,PUT_HOP,0,2,chordKey_23_78,
1778007309166,PUT_HOP,0,2,chordKey_17_22,
1778007309167,PUT_HOP,0,2,chordKey_5_27,
1778007309168,PUT_HOP,0,2,chordKey_16_33,
1778007309168,GET,33,2,chordKey_49_49,clients=50
1778007309168,GET,33,2,chordKey_5_27,clients=50
1778007309169,PUT,0,0,chordKey_49_50,clients=50
1778007309169,PUT,0,0,chordKey_5_28,clients=50
1778007309169,PUT_HOP,0,2,chordKey_10_50,
1778007309169,GET,33,2,chordKey_23_78,clients=50
1778007309170,PUT_HOP,0,2,chordKey_34_64,
1778007309170,PUT,0,0,chordKey_23_79,clients=50
1778007309172,GET,31,2,chordKey_15_67,clients=50
1778007309172,GET,32,2,chordKey_17_22,clients=50
1778007309172,PUT,0,0,chordKey_15_68,clients=50
1778007309172,GET,32,2,chordKey_35_50,clients=50
1778007309173,GET,32,2,chordKey_34_64,clients=50
1778007309174,PUT_HOP,0,2,chordKey_13_23,
1778007309174,PUT,0,0,chordKey_34_65,clients=50
1778007309173,PUT,0,0,chordKey_17_23,clients=50
1778007309174,PUT,0,0,chordKey_35_51,clients=50
1778007309174,GET,32,2,chordKey_10_50,clients=50
1778007309176,PUT,0,0,chordKey_10_51,clients=50
1778007309176,PUT_HOP,0,2,chordKey_36_56,
1778007309176,GET,33,2,chordKey_13_23,clients=50
1778007309175,GET,33,2,chordKey_16_33,clients=50
1778007309177,PUT,0,0,chordKey_13_24,clients=50
1778007309177,GET,33,2,chordKey_36_56,clients=50
1778007309178,PUT_HOP,0,2,chordKey_0_23,
1778007309178,PUT,0,0,chordKey_16_34,clients=50
1778007309178,PUT,0,0,chordKey_36_57,clients=50
1778007309179,GET,34,2,chordKey_0_23,clients=50
1778007309179,PUT_HOP,0,2,chordKey_26_68,
1778007309179,PUT,0,0,chordKey_0_24,clients=50
1778007309181,GET,35,2,chordKey_26_68,clients=50
1778007309181,PUT,0,0,chordKey_26_69,clients=50
1778007309182,PUT_HOP,0,2,chordKey_46_41,
1778007309183,GET,35,2,chordKey_46_41,clients=50
1778007309184,PUT_HOP,0,2,chordKey_8_29,
1778007309184,PUT,0,0,chordKey_46_42,clients=50
1778007309184,PUT_HOP,0,2,chordKey_37_46,
1778007309186,PUT_HOP,0,2,chordKey_3_54,
1778007309186,GET,34,2,chordKey_8_29,clients=50
1778007309186,GET,33,2,chordKey_37_46,clients=50
1778007309187,PUT,0,0,chordKey_37_47,clients=50
1778007309187,PUT,0,0,chordKey_8_30,clients=50
1778007309188,PUT_HOP,0,2,chordKey_24_47,
1778007309188,GET,33,2,chordKey_3_54,clients=50
1778007309188,PUT_HOP,0,2,chordKey_14_54,
1778007309188,PUT,0,0,chordKey_3_55,clients=50
1778007309190,GET,34,2,chordKey_24_47,clients=50
1778007309190,PUT_HOP,0,2,chordKey_42_60,
1778007309191,PUT,0,0,chordKey_24_48,clients=50
1778007309191,GET,35,2,chordKey_14_54,clients=50
1778007309192,PUT,0,0,chordKey_14_55,clients=50
1778007309193,GET,35,2,chordKey_42_60,clients=50
1778007309193,PUT_HOP,0,2,chordKey_38_80,
1778007309193,PUT,0,0,chordKey_42_61,clients=50
1778007309194,PUT_HOP,0,2,chordKey_32_63,
1778007309195,GET,34,2,chordKey_38_80,clients=50
1778007309196,PUT,0,0,chordKey_38_81,clients=50
1778007309196,PUT_HOP,0,2,chordKey_47_37,
1778007309197,GET,34,2,chordKey_32_63,clients=50
1778007309197,GET,34,2,chordKey_47_37,clients=50
1778007309197,PUT,0,0,chordKey_32_64,clients=50
1778007309197,PUT,0,0,chordKey_47_38,clients=50
1778007309207,PUT_HOP,0,2,chordKey_7_38,
1778007309207,PUT_HOP,0,2,chordKey_12_55,
1778007309208,GET,43,2,chordKey_7_38,clients=50
1778007309208,PUT_HOP,0,2,chordKey_43_59,
1778007309208,PUT,0,0,chordKey_7_39,clients=50
1778007309209,GET,43,2,chordKey_43_59,clients=50
1778007309210,PUT_HOP,0,2,chordKey_49_50,
1778007309210,PUT,0,0,chordKey_43_60,clients=50
1778007309210,PUT_HOP,0,2,chordKey_5_28,
1778007309211,GET,45,2,chordKey_12_55,clients=50
1778007309211,PUT_HOP,0,2,chordKey_23_79,
1778007309211,PUT,0,0,chordKey_12_56,clients=50
1778007309211,GET,42,2,chordKey_49_50,clients=50
1778007309212,GET,41,2,chordKey_23_79,clients=50
1778007309212,GET,42,2,chordKey_5_28,clients=50
1778007309213,PUT_HOP,0,2,chordKey_15_68,
1778007309213,PUT,0,0,chordKey_23_80,clients=50
1778007309212,PUT,0,0,chordKey_49_51,clients=50
1778007309213,PUT,0,0,chordKey_5_29,clients=50
1778007309214,PUT_HOP,0,2,chordKey_17_23,
1778007309215,PUT_HOP,0,2,chordKey_34_65,
1778007309216,GET,42,2,chordKey_15_68,clients=50
1778007309216,PUT_HOP,0,2,chordKey_35_51,
1778007309216,GET,41,2,chordKey_34_65,clients=50
1778007309217,PUT,0,0,chordKey_34_66,clients=50
1778007309217,PUT,0,0,chordKey_15_69,clients=50
1778007309218,PUT_HOP,0,2,chordKey_10_51,
1778007309218,GET,42,2,chordKey_35_51,clients=50
1778007309218,GET,42,2,chordKey_17_23,clients=50
1778007309219,PUT,0,0,chordKey_35_52,clients=50
1778007309219,PUT,0,0,chordKey_17_24,clients=50
1778007309220,PUT_HOP,0,2,chordKey_13_24,
1778007309221,PUT_HOP,0,2,chordKey_16_34,
1778007309221,GET,44,2,chordKey_10_51,clients=50
1778007309221,PUT,0,0,chordKey_10_52,clients=50
1778007309222,GET,44,2,chordKey_13_24,clients=50
1778007309223,PUT_HOP,0,2,chordKey_0_24,
1778007309223,PUT,0,0,chordKey_13_25,clients=50
1778007309223,PUT_HOP,0,2,chordKey_36_57,
1778007309222,GET,44,2,chordKey_16_34,clients=50
1778007309222,GET,43,2,chordKey_36_57,clients=50
1778007309224,PUT,0,0,chordKey_16_35,clients=50
1778007309224,PUT,0,0,chordKey_36_58,clients=50
1778007309224,GET,44,2,chordKey_0_24,clients=50
1778007309225,PUT,0,0,chordKey_0_25,clients=50
1778007309226,PUT_HOP,0,2,chordKey_26_69,
1778007309227,GET,44,2,chordKey_26_69,clients=50
1778007309227,PUT,0,0,chordKey_26_70,clients=50
1778007309229,PUT_HOP,0,2,chordKey_46_42,
1778007309230,GET,45,2,chordKey_46_42,clients=50
1778007309230,PUT,0,0,chordKey_46_43,clients=50
1778007309231,PUT_HOP,0,2,chordKey_8_30,
1778007309232,PUT_HOP,0,2,chordKey_37_47,
1778007309232,GET,44,2,chordKey_37_47,clients=50
1778007309232,PUT_HOP,0,2,chordKey_3_55,
1778007309233,PUT,0,0,chordKey_37_48,clients=50
1778007309233,GET,44,2,chordKey_3_55,clients=50
1778007309234,PUT,0,0,chordKey_3_56,clients=50
1778007309234,GET,46,2,chordKey_8_30,clients=50
1778007309234,GET,43,2,chordKey_24_48,clients=50
1778007309235,PUT_HOP,0,2,chordKey_24_48,
1778007309235,PUT,0,0,chordKey_24_49,clients=50
1778007309235,PUT,0,0,chordKey_8_31,clients=50
1778007309237,PUT_HOP,0,2,chordKey_14_55,
1778007309238,PUT_HOP,0,2,chordKey_42_61,
1778007309239,GET,46,2,chordKey_14_55,clients=50
1778007309239,PUT,0,0,chordKey_14_56,clients=50
1778007309239,GET,45,2,chordKey_42_61,clients=50
1778007309240,PUT_HOP,0,2,chordKey_38_81,
1778007309240,PUT,0,0,chordKey_42_62,clients=50
1778007309241,GET,44,2,chordKey_38_81,clients=50
1778007309241,PUT_HOP,0,2,chordKey_32_64,
1778007309241,PUT,0,0,chordKey_38_82,clients=50
1778007309242,PUT_HOP,0,2,chordKey_47_38,
1778007309243,GET,45,2,chordKey_32_64,clients=50
1778007309243,PUT,0,0,chordKey_32_65,clients=50
1778007309244,GET,46,2,chordKey_47_38,clients=50
1778007309244,PUT_HOP,0,2,chordKey_7_39,
1778007309244,PUT,0,0,chordKey_47_39,clients=50
1778007309245,GET,36,2,chordKey_7_39,clients=50
1778007309245,PUT,0,0,chordKey_7_40,clients=50
1778007309246,PUT_HOP,0,2,chordKey_43_60,
1778007309247,PUT_HOP,0,2,chordKey_12_56,
1778007309247,GET,36,2,chordKey_43_60,clients=50
1778007309248,PUT_HOP,0,2,chordKey_49_51,
1778007309248,GET,36,2,chordKey_12_56,clients=50
1778007309249,PUT_HOP,0,2,chordKey_23_80,
1778007309248,PUT,0,0,chordKey_43_61,clients=50
1778007309249,PUT,0,0,chordKey_12_57,clients=50
1778007309249,PUT_HOP,0,2,chordKey_5_29,
1778007309251,GET,37,2,chordKey_23_80,clients=50
1778007309252,PUT,0,0,chordKey_23_81,clients=50
1778007309253,GET,35,2,chordKey_34_66,clients=50
1778007309253,PUT_HOP,0,2,chordKey_15_69,
1778007309254,PUT,0,0,chordKey_34_67,clients=50
1778007309254,PUT_HOP,0,2,chordKey_35_52,
1778007309254,GET,40,2,chordKey_5_29,clients=50
1778007309255,PUT,0,0,chordKey_5_30,clients=50
1778007309254,GET,40,2,chordKey_49_51,clients=50
1778007309256,PUT,0,0,chordKey_49_52,clients=50
1778007309257,PUT_HOP,0,2,chordKey_34_66,
1778007309258,PUT_HOP,0,2,chordKey_17_24,
1778007309259,GET,40,2,chordKey_15_69,clients=50
1778007309259,PUT_HOP,0,2,chordKey_10_52,
1778007309259,GET,39,2,chordKey_17_24,clients=50
1778007309260,GET,40,2,chordKey_35_52,clients=50
1778007309260,PUT,0,0,chordKey_35_53,clients=50
1778007309260,PUT,0,0,chordKey_17_25,clients=50
1778007309260,PUT,0,0,chordKey_15_70,clients=50
1778007309260,GET,38,2,chordKey_10_52,clients=50
1778007309262,PUT_HOP,0,2,chordKey_16_35,
1778007309262,PUT,0,0,chordKey_10_53,clients=50
1778007309262,GET,39,2,chordKey_13_25,clients=50
1778007309263,PUT,0,0,chordKey_13_26,clients=50
1778007309263,PUT_HOP,0,2,chordKey_0_25,
1778007309264,GET,39,2,chordKey_16_35,clients=50
1778007309264,PUT,0,0,chordKey_16_36,clients=50
1778007309265,GET,38,2,chordKey_0_25,clients=50
1778007309265,PUT_HOP,0,2,chordKey_13_25,
1778007309265,GET,40,2,chordKey_36_58,clients=50
1778007309265,PUT,0,0,chordKey_0_26,clients=50
1778007309266,PUT,0,0,chordKey_36_59,clients=50
1778007309266,PUT_HOP,0,2,chordKey_36_58,
1778007309267,GET,39,2,chordKey_26_70,clients=50
1778007309268,PUT,0,0,chordKey_26_71,clients=50
1778007309268,PUT_HOP,0,2,chordKey_26_70,
1778007309269,PUT_HOP,0,2,chordKey_37_48,
1778007309269,PUT_HOP,0,2,chordKey_46_43,
1778007309270,PUT_HOP,0,2,chordKey_3_56,
1778007309271,GET,38,2,chordKey_37_48,clients=50
1778007309272,PUT,0,0,chordKey_37_49,clients=50
1778007309273,PUT_HOP,0,2,chordKey_24_49,
1778007309273,GET,38,2,chordKey_3_56,clients=50
1778007309273,GET,42,2,chordKey_46_43,clients=50
1778007309274,PUT,0,0,chordKey_3_57,clients=50
1778007309274,PUT_HOP,0,2,chordKey_8_31,
1778007309274,GET,38,2,chordKey_24_49,clients=50
1778007309275,PUT,0,0,chordKey_24_50,clients=50
1778007309274,PUT,0,0,chordKey_46_44,clients=50
1778007309276,PUT,1073,0,chordKey_40_51,clients=50
1778007309277,GET,40,2,chordKey_8_31,clients=50
1778007309276,PUT,1073,0,chordKey_27_39,clients=50
1778007309276,PUT,1072,0,chordKey_18_13,clients=50
1778007309276,PUT,1074,0,chordKey_45_26,clients=50
1778007309276,PUT,1071,0,chordKey_21_25,clients=50
1778007309277,PUT,0,0,chordKey_8_32,clients=50
1778007309279,PUT_HOP,0,2,chordKey_14_56,
1778007309280,GET,40,2,chordKey_14_56,clients=50
1778007309281,PUT_HOP,0,2,chordKey_38_82,
1778007309281,PUT,0,0,chordKey_14_57,clients=50
1778007309282,PUT_HOP,0,2,chordKey_42_62,
1778007309285,GET,42,2,chordKey_38_82,clients=50
1778007309285,PUT,0,0,chordKey_38_83,clients=50
1778007309287,GET,46,2,chordKey_42_62,clients=50
1778007309288,PUT,0,0,chordKey_42_63,clients=50
1778007309288,PUT_HOP,0,2,chordKey_32_65,
1778007309289,GET,44,2,chordKey_32_65,clients=50
1778007309289,PUT_HOP,0,2,chordKey_47_39,
1778007309289,PUT,0,0,chordKey_32_66,clients=50
1778007309290,PUT_HOP,0,2,chordKey_7_40,
1778007309290,GET,45,2,chordKey_47_39,clients=50
1778007309291,PUT,0,0,chordKey_47_40,clients=50
1778007309291,PUT_HOP,0,2,chordKey_12_57,
1778007309291,GET,45,2,chordKey_7_40,clients=50
1778007309292,GET,43,2,chordKey_43_61,clients=50
1778007309292,PUT,0,0,chordKey_7_41,clients=50
1778007309293,PUT,0,0,chordKey_43_62,clients=50
1778007309293,PUT_HOP,0,2,chordKey_43_61,
1778007309294,GET,44,2,chordKey_12_57,clients=50
1778007309294,PUT,0,0,chordKey_12_58,clients=50
1778007309297,PUT_HOP,0,2,chordKey_34_67,
1778007309298,PUT_HOP,0,2,chordKey_23_81,
1778007309298,PUT_HOP,0,2,chordKey_49_52,
1778007309298,PUT_HOP,0,2,chordKey_5_30,
1778007309300,GET,1118,2,chordKey_44_42,clients=50
1778007309301,PUT,0,0,chordKey_44_43,clients=50
1778007309301,PUT_HOP,0,2,chordKey_44_42,
1778007309300,GET,1122,2,chordKey_33_11,clients=50
1778007309301,PUT_HOP,0,2,chordKey_45_26,
1778007309302,PUT,0,0,chordKey_33_12,clients=50
1778007309302,PUT_HOP,0,2,chordKey_17_25,
1778007309302,GET,1123,2,chordKey_30_41,clients=50
1778007309303,PUT,0,0,chordKey_30_42,clients=50
1778007309303,PUT_HOP,0,2,chordKey_15_70,
1778007309303,GET,50,2,chordKey_23_81,clients=50
1778007309304,PUT,0,0,chordKey_23_82,clients=50
1778007309304,PUT_HOP,0,2,chordKey_35_53,
1778007309305,GET,50,2,chordKey_34_67,clients=50
1778007309305,PUT,0,0,chordKey_34_68,clients=50
1778007309305,GET,26,2,chordKey_45_26,clients=50
1778007309306,PUT,0,0,chordKey_45_27,clients=50
1778007309306,PUT_HOP,0,2,chordKey_10_53,
1778007309307,GET,51,2,chordKey_5_30,clients=50
1778007309307,PUT,0,0,chordKey_5_31,clients=50
1778007309308,GET,47,2,chordKey_17_25,clients=50
1778007309308,PUT_HOP,0,2,chordKey_13_26,
1778007309308,PUT,0,0,chordKey_17_26,clients=50
1778007309307,GET,46,2,chordKey_35_53,clients=50
1778007309309,PUT_HOP,0,2,chordKey_16_36,
1778007309308,PUT_HOP,0,2,chordKey_21_25,
1778007309310,PUT,0,0,chordKey_35_54,clients=50
1778007309309,GET,52,2,chordKey_49_52,clients=50
1778007309310,PUT_HOP,0,2,chordKey_36_59,
1778007309310,GET,47,2,chordKey_13_26,clients=50
1778007309311,PUT_HOP,0,2,chordKey_0_26,
1778007309311,PUT,0,0,chordKey_13_27,clients=50
1778007309309,GET,46,2,chordKey_10_53,clients=50
1778007309307,GET,46,2,chordKey_15_70,clients=50
1778007309312,GET,45,2,chordKey_0_26,clients=50
1778007309312,PUT,0,0,chordKey_15_71,clients=50
1778007309312,PUT,0,0,chordKey_0_27,clients=50
1778007309312,PUT,0,0,chordKey_10_54,clients=50
1778007309313,PUT_HOP,0,2,chordKey_37_49,
1778007309310,GET,45,2,chordKey_16_36,clients=50
1778007309313,PUT,0,0,chordKey_16_37,clients=50
1778007309310,PUT,0,0,chordKey_49_53,clients=50
1778007309314,PUT_HOP,0,2,chordKey_46_44,
1778007309314,PUT_HOP,0,2,chordKey_3_57,
1778007309315,GET,42,2,chordKey_37_49,clients=50
1778007309315,PUT,0,0,chordKey_37_50,clients=50
1778007309315,PUT_HOP,0,2,chordKey_24_50,
1778007309315,GET,40,2,chordKey_3_57,clients=50
1778007309316,PUT_HOP,0,2,chordKey_27_39,
1778007309316,PUT,0,0,chordKey_3_58,clients=50
1778007309317,PUT_HOP,0,2,chordKey_18_13,
1778007309317,GET,38,2,chordKey_21_25,clients=50
1778007309317,PUT_HOP,0,2,chordKey_40_51,
1778007309318,PUT,0,0,chordKey_21_26,clients=50
1778007309319,GET,40,2,chordKey_27_39,clients=50
1778007309319,PUT,0,0,chordKey_27_40,clients=50
1778007309320,GET,42,2,chordKey_40_51,clients=50
1778007309319,GET,43,2,chordKey_46_44,clients=50
1778007309320,PUT,0,0,chordKey_40_52,clients=50
1778007309321,PUT,0,0,chordKey_46_45,clients=50
1778007309321,PUT_HOP,0,2,chordKey_8_32,
1778007309320,GET,44,2,chordKey_24_50,clients=50
1778007309320,GET,42,2,chordKey_18_13,clients=50
1778007309322,GET,42,2,chordKey_8_32,clients=50
1778007309322,PUT,0,0,chordKey_24_51,clients=50
1778007309322,PUT,0,0,chordKey_8_33,clients=50
1778007309322,PUT,0,0,chordKey_18_14,clients=50
1778007309323,PUT_HOP,0,2,chordKey_14_57,
1778007309323,GET,41,2,chordKey_14_57,clients=50
1778007309324,PUT,0,0,chordKey_14_58,clients=50
1778007309324,PUT_HOP,0,2,chordKey_38_83,
1778007309326,GET,40,2,chordKey_38_83,clients=50
1778007309327,PUT,0,0,chordKey_38_84,clients=50
1778007309327,PUT_HOP,0,2,chordKey_13_27,
1778007309327,GET,38,2,chordKey_42_63,clients=50
1778007309327,PUT_HOP,0,2,chordKey_32_66,
1778007309328,GET,16,2,chordKey_13_27,clients=50
1778007309333,PUT_HOP,0,2,chordKey_44_43,
1778007309329,PUT_HOP,0,2,chordKey_12_58,
1778007309334,PUT,0,0,chordKey_13_28,clients=50
1778007309334,GET,33,2,chordKey_44_43,clients=50
1778007309335,PUT_HOP,0,2,chordKey_33_12,
1778007309331,GET,37,2,chordKey_12_58,clients=50
1778007309336,PUT,0,0,chordKey_12_59,clients=50
1778007309329,GET,35,2,chordKey_43_62,clients=50
1778007309328,PUT,0,0,chordKey_42_64,clients=50
1778007309337,PUT_HOP,0,2,chordKey_45_27,
1778007309337,PUT,0,0,chordKey_43_63,clients=50
1778007309338,PUT_HOP,0,2,chordKey_23_82,
1778007309337,GET,34,2,chordKey_33_12,clients=50
1778007309338,PUT_HOP,0,2,chordKey_30_42,
1778007309336,PUT,0,0,chordKey_44_44,clients=50
1778007309339,PUT,0,0,chordKey_33_13,clients=50
1778007309340,GET,33,2,chordKey_45_27,clients=50
1778007309340,PUT,0,0,chordKey_45_28,clients=50
1778007309346,GET,41,2,chordKey_23_82,clients=50
1778007309347,PUT,0,0,chordKey_23_83,clients=50
1778007309347,PUT_HOP,0,2,chordKey_34_68,
1778007309347,GET,43,2,chordKey_30_42,clients=50
1778007309348,PUT,0,0,chordKey_30_43,clients=50
1778007309353,PUT_HOP,0,2,chordKey_5_31,
1778007309355,PUT_HOP,0,2,chordKey_17_26,
1778007309355,GET,46,2,chordKey_17_26,clients=50
1778007309355,PUT_HOP,0,2,chordKey_35_54,
1778007309356,PUT,0,0,chordKey_17_27,clients=50
1778007309356,GET,50,2,chordKey_34_68,clients=50
1778007309357,PUT,0,0,chordKey_34_69,clients=50
1778007309357,GET,49,2,chordKey_5_31,clients=50
1778007309358,PUT,0,0,chordKey_5_32,clients=50
1778007309358,GET,48,2,chordKey_35_54,clients=50
1778007309358,PUT_HOP,0,2,chordKey_49_53,
1778007309359,PUT_HOP,0,2,chordKey_10_54,
1778007309359,PUT,0,0,chordKey_35_55,clients=50
1778007309360,PUT_HOP,0,2,chordKey_15_71,
1778007309360,PUT_HOP,0,2,chordKey_0_27,
1778007309360,GET,47,2,chordKey_0_27,clients=50
1778007309361,PUT_HOP,0,2,chordKey_16_37,
1778007309361,PUT,0,0,chordKey_0_28,clients=50
1778007309361,GET,48,2,chordKey_10_54,clients=50
1778007309361,GET,48,2,chordKey_15_71,clients=50
1778007309362,PUT_HOP,0,2,chordKey_37_50,
1778007309362,PUT_HOP,0,2,chordKey_3_58,
1778007309362,GET,48,2,chordKey_49_53,clients=50
1778007309362,PUT,0,0,chordKey_10_55,clients=50
1778007309362,GET,47,2,chordKey_16_37,clients=50
1778007309363,GET,46,2,chordKey_3_58,clients=50
1778007309364,PUT_HOP,0,2,chordKey_27_40,
1778007309364,PUT,0,0,chordKey_3_59,clients=50
1778007309363,PUT,0,0,chordKey_49_54,clients=50
1778007309364,PUT_HOP,0,2,chordKey_12_59,
1778007309363,GET,47,2,chordKey_37_50,clients=50
1778007309365,PUT_HOP,0,2,chordKey_40_52,
1778007309365,PUT,0,0,chordKey_37_51,clients=50
1778007309363,PUT,0,0,chordKey_15_72,clients=50
1778007309365,GET,45,2,chordKey_27_40,clients=50
1778007309364,PUT,0,0,chordKey_16_38,clients=50
1778007309367,PUT_HOP,0,2,chordKey_46_45,
1778007309367,PUT,0,0,chordKey_27_41,clients=50
1778007309366,GET,29,2,chordKey_12_59,clients=50
1778007309369,PUT,0,0,chordKey_12_60,clients=50
1778007309368,GET,47,2,chordKey_40_52,clients=50
1778007309370,PUT,0,0,chordKey_40_53,clients=50
1778007309370,PUT_HOP,0,2,chordKey_24_51,
1778007309370,PUT_HOP,0,2,chordKey_18_14,
1778007309373,PUT_HOP,0,2,chordKey_21_26,
1778007309375,GET,57,2,chordKey_21_26,clients=50
1778007309376,PUT,0,0,chordKey_21_27,clients=50
1778007309377,GET,56,2,chordKey_46_45,clients=50
1778007309377,PUT_HOP,0,2,chordKey_8_33,
1778007309378,PUT,0,0,chordKey_46_46,clients=50
1778007309378,GET,55,2,chordKey_24_51,clients=50
1778007309379,PUT,0,0,chordKey_24_52,clients=50
1778007309379,PUT_HOP,0,2,chordKey_13_28,
1778007309384,GET,49,2,chordKey_13_28,clients=50
1778007309385,PUT,0,0,chordKey_13_29,clients=50
1778007309398,GET,75,2,chordKey_8_33,clients=50
1778007309398,PUT_HOP,0,2,chordKey_14_58,
1778007309400,PUT_HOP,0,2,chordKey_45_28,
1778007309401,PUT_HOP,0,2,chordKey_38_84,
1778007309402,GET,61,2,chordKey_45_28,clients=50
1778007309403,PUT_HOP,0,2,chordKey_42_64,
1778007309403,PUT,0,0,chordKey_45_29,clients=50
1778007309402,GET,74,2,chordKey_38_84,clients=50
1778007309399,GET,75,2,chordKey_14_58,clients=50
1778007309399,GET,75,2,chordKey_18_14,clients=50
1778007309405,PUT,0,0,chordKey_14_59,clients=50
1778007309404,PUT,0,0,chordKey_38_85,clients=50
1778007309402,PUT,0,0,chordKey_8_34,clients=50
1778007309405,PUT,0,0,chordKey_18_15,clients=50
1778007309406,PUT_HOP,0,2,chordKey_44_44,
1778007309406,PUT_HOP,0,2,chordKey_43_63,
1778007309411,GET,73,2,chordKey_42_64,clients=50
1778007309412,PUT,0,0,chordKey_42_65,clients=50
1778007309414,PUT_HOP,0,2,chordKey_33_13,
1778007309415,GET,76,2,chordKey_43_63,clients=50
1778007309415,GET,75,2,chordKey_33_13,clients=50
1778007309415,PUT,0,0,chordKey_43_64,clients=50
1778007309416,PUT,0,0,chordKey_33_14,clients=50
1778007309415,GET,76,2,chordKey_44_44,clients=50
1778007309416,PUT,0,0,chordKey_44_45,clients=50
1778007309417,PUT_HOP,0,2,chordKey_23_83,
1778007309417,PUT_HOP,0,2,chordKey_30_43,
1778007309418,GET,71,2,chordKey_23_83,clients=50
1778007309419,GET,70,2,chordKey_30_43,clients=50
1778007309419,PUT_HOP,0,2,chordKey_17_27,
1778007309419,PUT,0,0,chordKey_23_84,clients=50
1778007309420,PUT_HOP,0,2,chordKey_34_69,
1778007309420,GET,62,2,chordKey_34_69,clients=50
1778007309420,PUT,0,0,chordKey_34_70,clients=50
1778007309420,PUT,0,0,chordKey_30_44,clients=50
1778007309420,GET,63,2,chordKey_17_27,clients=50
1778007309422,PUT,0,0,chordKey_17_28,clients=50
1778007309422,PUT_HOP,0,2,chordKey_35_55,
1778007309422,GET,64,2,chordKey_5_32,clients=50
1778007309422,PUT_HOP,0,2,chordKey_5_32,
1778007309423,GET,63,2,chordKey_35_55,clients=50
1778007309423,PUT,0,0,chordKey_5_33,clients=50
1778007309424,PUT_HOP,0,2,chordKey_15_72,
1778007309425,GET,61,2,chordKey_10_55,clients=50
1778007309427,PUT_HOP,0,2,chordKey_3_59,
1778007309423,PUT,0,0,chordKey_35_56,clients=50
1778007309429,PUT,0,0,chordKey_10_56,clients=50
1778007309426,PUT_HOP,0,2,chordKey_0_28,
1778007309429,GET,67,2,chordKey_0_28,clients=50
1778007309426,PUT_HOP,0,2,chordKey_16_38,
1778007309430,PUT,0,0,chordKey_0_29,clients=50
1778007309425,PUT_HOP,0,2,chordKey_49_54,
1778007309424,PUT_HOP,0,2,chordKey_10_55,
1778007309430,PUT_HOP,0,2,chordKey_37_51,
1778007309431,GET,66,2,chordKey_3_59,clients=50
1778007309432,PUT,0,0,chordKey_3_60,clients=50
1778007309432,GET,66,2,chordKey_37_51,clients=50
1778007309433,PUT,0,0,chordKey_37_52,clients=50
1778007309434,GET,67,2,chordKey_15_72,clients=50
1778007309434,PUT,0,0,chordKey_15_73,clients=50
1778007309436,PUT,1024,0,chordKey_11_23,clients=50
1778007309436,PUT,1025,0,chordKey_31_56,clients=50
1778007309437,GET,72,2,chordKey_49_54,clients=50
1778007309437,GET,70,2,chordKey_16_38,clients=50
1778007309438,PUT,0,0,chordKey_49_55,clients=50
1778007309438,PUT,0,0,chordKey_16_39,clients=50
1778007309447,PUT_HOP,0,2,chordKey_27_41,
1778007309450,PUT_HOP,0,2,chordKey_12_60,
1778007309450,GET,82,2,chordKey_27_41,clients=50
1778007309451,PUT,0,0,chordKey_27_42,clients=50
1778007309452,GET,82,2,chordKey_40_53,clients=50
1778007309453,GET,83,2,chordKey_12_60,clients=50
1778007309453,PUT_HOP,0,2,chordKey_40_53,
1778007309453,PUT,0,0,chordKey_40_54,clients=50
1778007309453,PUT,0,0,chordKey_12_61,clients=50
1778007309454,PUT_HOP,0,2,chordKey_46_46,
1778007309455,GET,77,2,chordKey_46_46,clients=50
1778007309455,PUT_HOP,0,2,chordKey_21_27,
1778007309456,GET,79,2,chordKey_21_27,clients=50
1778007309456,PUT,0,0,chordKey_46_47,clients=50
1778007309456,PUT,0,0,chordKey_21_28,clients=50
1778007309457,PUT_HOP,0,2,chordKey_8_34,
1778007309458,PUT_HOP,0,2,chordKey_38_85,
1778007309458,PUT_HOP,0,1,chordKey_21_28,
1778007309460,PUT_HOP,0,2,chordKey_14_59,
1778007309461,PUT_HOP,0,2,chordKey_18_15,
1778007309462,GET,58,2,chordKey_45_29,clients=50
1778007309462,PUT,0,0,chordKey_45_30,clients=50
1778007309462,PUT_HOP,0,2,chordKey_45_29,
1778007309462,GET,57,2,chordKey_14_59,clients=50
1778007309463,GET,57,2,chordKey_38_85,clients=50
1778007309463,PUT,0,0,chordKey_14_60,clients=50
1778007309463,PUT,0,0,chordKey_38_86,clients=50
1778007309465,GET,58,2,chordKey_18_15,clients=50
1778007309465,GET,8,1,chordKey_21_28,clients=50
1778007309465,PUT,0,0,chordKey_18_16,clients=50
1778007309466,PUT,0,0,chordKey_21_29,clients=50
1778007309466,GET,60,2,chordKey_8_34,clients=50
1778007309467,PUT,0,0,chordKey_8_35,clients=50
1778007309469,PUT_HOP,0,2,chordKey_42_65,
1778007309470,PUT_HOP,0,2,chordKey_43_64,
1778007309471,GET,58,2,chordKey_42_65,clients=50
1778007309470,PUT_HOP,0,2,chordKey_33_14,
1778007309471,PUT_HOP,0,2,chordKey_40_54,
1778007309471,PUT,0,0,chordKey_42_66,clients=50
1778007309472,PUT_HOP,0,2,chordKey_44_45,
1778007309473,PUT_HOP,0,2,chordKey_23_84,
1778007309473,GET,57,2,chordKey_33_14,clients=50
1778007309473,PUT_HOP,0,2,chordKey_34_70,
1778007309473,PUT,0,0,chordKey_33_15,clients=50
1778007309474,PUT_HOP,0,2,chordKey_17_28,
1778007309475,GET,58,2,chordKey_44_45,clients=50
1778007309475,GET,54,2,chordKey_34_70,clients=50
1778007309475,PUT,0,0,chordKey_44_46,clients=50
1778007309476,PUT,0,0,chordKey_34_71,clients=50
1778007309476,PUT_HOP,0,2,chordKey_30_44,
1778007309475,GET,55,2,chordKey_23_84,clients=50
1778007309476,PUT_HOP,0,2,chordKey_5_33,
1778007309477,PUT,0,0,chordKey_23_85,clients=50
1778007309476,PUT_HOP,0,2,chordKey_35_56,
1778007309476,GET,60,2,chordKey_43_64,clients=50
1778007309478,GET,24,2,chordKey_40_54,clients=50
1778007309478,PUT,0,0,chordKey_43_65,clients=50
1778007309477,GET,55,2,chordKey_17_28,clients=50
1778007309479,PUT_HOP,0,2,chordKey_10_56,
1778007309479,PUT,0,0,chordKey_17_29,clients=50
1778007309479,GET,51,2,chordKey_5_33,clients=50
1778007309478,PUT,0,0,chordKey_40_55,clients=50
1778007309478,GET,57,2,chordKey_30_44,clients=50
1778007309480,PUT,0,0,chordKey_30_45,clients=50
1778007309480,PUT,0,0,chordKey_5_34,clients=50
1778007309481,GET,52,2,chordKey_35_56,clients=50
1778007309483,PUT,0,0,chordKey_35_57,clients=50
1778007309483,GET,53,2,chordKey_10_56,clients=50
1778007309484,PUT,0,0,chordKey_10_57,clients=50
1778007309485,GET,55,2,chordKey_0_29,clients=50
1778007309485,PUT_HOP,0,2,chordKey_0_29,
1778007309486,PUT_HOP,0,2,chordKey_37_52,
1778007309486,PUT,0,0,chordKey_0_30,clients=50
1778007309487,PUT_HOP,0,2,chordKey_3_60,
1778007309488,GET,54,2,chordKey_37_52,clients=50
1778007309488,PUT,0,0,chordKey_37_53,clients=50
1778007309489,PUT_HOP,0,2,chordKey_12_61,
1778007309489,PUT_HOP,0,2,chordKey_15_73,
1778007309488,GET,55,2,chordKey_3_60,clients=50
1778007309490,PUT,0,0,chordKey_3_61,clients=50
1778007309489,GET,38,2,chordKey_27_42,clients=50
1778007309490,PUT_HOP,0,2,chordKey_31_56,
1778007309490,PUT_HOP,0,2,chordKey_27_42,
1778007309489,GET,54,2,chordKey_15_73,clients=50
1778007309491,PUT_HOP,0,2,chordKey_46_47,
1778007309491,PUT,0,0,chordKey_15_74,clients=50
1778007309489,GET,1077,2,chordKey_25_31,clients=50
1778007309492,PUT,0,0,chordKey_25_32,clients=50
1778007309491,PUT,0,0,chordKey_27_43,clients=50
1778007309493,PUT_HOP,0,2,chordKey_14_60,
1778007309495,GET,38,2,chordKey_46_47,clients=50
1778007309495,PUT,0,0,chordKey_46_48,clients=50
1778007309496,GET,32,2,chordKey_14_60,clients=50
1778007309496,PUT,0,0,chordKey_14_61,clients=50
1778007309497,GET,43,2,chordKey_12_61,clients=50
1778007309497,PUT,0,0,chordKey_12_62,clients=50
1778007309498,PUT_HOP,0,2,chordKey_40_55,
1778007309499,PUT_HOP,0,2,chordKey_18_16,
1778007309499,PUT_HOP,0,2,chordKey_10_57,
1778007309501,GET,36,2,chordKey_38_86,clients=50
1778007309501,PUT_HOP,0,2,chordKey_45_30,
1778007309501,GET,38,2,chordKey_45_30,clients=50
1778007309501,PUT_HOP,0,2,chordKey_21_29,
1778007309501,PUT,0,0,chordKey_38_87,clients=50
1778007309502,PUT_HOP,0,2,chordKey_38_86,
1778007309502,PUT,0,0,chordKey_45_31,clients=50
1778007309504,GET,38,2,chordKey_21_29,clients=50
1778007309505,PUT,0,0,chordKey_21_30,clients=50
1778007309505,GET,20,2,chordKey_10_57,clients=50
1778007309506,PUT,0,0,chordKey_10_58,clients=50
1778007309504,GET,38,2,chordKey_18_16,clients=50
1778007309506,PUT_HOP,0,2,chordKey_8_35,
1778007309507,GET,39,2,chordKey_8_35,clients=50
1778007309507,PUT,0,0,chordKey_8_36,clients=50
1778007309506,GET,26,2,chordKey_40_55,clients=50
1778007309508,GET,36,2,chordKey_42_66,clients=50
1778007309508,PUT_HOP,0,2,chordKey_33_15,
1778007309508,PUT,0,0,chordKey_40_56,clients=50
1778007309507,PUT,0,0,chordKey_18_17,clients=50
1778007309508,PUT,0,0,chordKey_42_67,clients=50
1778007309509,PUT_HOP,0,2,chordKey_42_66,
1778007309510,GET,36,2,chordKey_33_15,clients=50
1778007309510,PUT_HOP,0,2,chordKey_44_46,
1778007309510,PUT,0,0,chordKey_33_16,clients=50
1778007309511,PUT_HOP,0,2,chordKey_34_71,
1778007309511,GET,35,2,chordKey_34_71,clients=50
1778007309512,PUT_HOP,0,2,chordKey_23_85,
1778007309512,PUT,0,0,chordKey_34_72,clients=50
1778007309513,PUT_HOP,0,2,chordKey_43_65,
1778007309514,GET,36,2,chordKey_23_85,clients=50
1778007309514,PUT_HOP,0,2,chordKey_17_29,
1778007309514,GET,34,2,chordKey_17_29,clients=50
1778007309514,PUT_HOP,0,2,chordKey_5_34,
1778007309515,PUT,0,0,chordKey_23_86,clients=50
1778007309515,PUT,0,0,chordKey_17_30,clients=50
1778007309517,GET,40,2,chordKey_44_46,clients=50
1778007309517,PUT_HOP,0,2,chordKey_30_45,
1778007309517,PUT,0,0,chordKey_44_47,clients=50
1778007309518,GET,37,2,chordKey_30_45,clients=50
1778007309517,GET,38,2,chordKey_43_65,clients=50
1778007309519,PUT,0,0,chordKey_43_66,clients=50
1778007309517,GET,36,2,chordKey_5_34,clients=50
1778007309519,PUT_HOP,0,2,chordKey_35_57,
1778007309520,PUT,0,0,chordKey_5_35,clients=50
1778007309518,PUT,0,0,chordKey_30_46,clients=50
1778007309520,PUT_HOP,0,2,chordKey_0_30,
1778007309521,GET,37,2,chordKey_35_57,clients=50
1778007309522,PUT,0,0,chordKey_35_58,clients=50
1778007309521,GET,34,2,chordKey_0_30,clients=50
1778007309523,PUT,0,0,chordKey_0_31,clients=50
1778007309523,PUT_HOP,0,2,chordKey_37_53,
1778007309524,PUT_HOP,0,2,chordKey_3_61,
1778007309524,GET,34,2,chordKey_3_61,clients=50
1778007309524,PUT_HOP,0,2,chordKey_27_43,
1778007309525,PUT,0,0,chordKey_3_62,clients=50
1778007309525,PUT_HOP,0,2,chordKey_10_58,
1778007309526,GET,19,2,chordKey_10_58,clients=50
1778007309526,PUT_HOP,0,2,chordKey_15_74,
1778007309526,GET,37,2,chordKey_37_53,clients=50
1778007309527,PUT,0,0,chordKey_10_59,clients=50
1778007309527,PUT,0,0,chordKey_37_54,clients=50
1778007309527,PUT_HOP,0,2,chordKey_25_32,
1778007309528,GET,36,2,chordKey_25_32,clients=50
1778007309529,PUT,0,0,chordKey_25_33,clients=50
1778007309529,PUT_HOP,0,2,chordKey_12_62,
1778007309529,GET,36,2,chordKey_27_43,clients=50
1778007309530,PUT_HOP,0,2,chordKey_14_61,
1778007309529,GET,33,2,chordKey_46_48,clients=50
1778007309530,GET,33,2,chordKey_14_61,clients=50
1778007309529,GET,37,2,chordKey_15_74,clients=50
1778007309531,PUT,0,0,chordKey_14_62,clients=50
1778007309531,PUT,0,0,chordKey_15_75,clients=50
1778007309531,GET,33,2,chordKey_12_62,clients=50
1778007309532,PUT,0,0,chordKey_12_63,clients=50
1778007309530,PUT,0,0,chordKey_46_49,clients=50
1778007309530,PUT,0,0,chordKey_27_44,clients=50
1778007309534,GET,31,2,chordKey_38_87,clients=50
1778007309535,PUT,0,0,chordKey_38_88,clients=50
1778007309538,PUT_HOP,0,2,chordKey_21_30,
1778007309538,GET,35,2,chordKey_45_31,clients=50
1778007309538,PUT_HOP,0,2,chordKey_46_48,
1778007309539,GET,33,2,chordKey_21_30,clients=50
1778007309539,PUT_HOP,0,2,chordKey_38_87,
1778007309539,PUT,0,0,chordKey_45_32,clients=50
1778007309539,PUT,0,0,chordKey_21_31,clients=50
1778007309540,PUT_HOP,0,2,chordKey_45_31,
1778007309541,PUT_HOP,0,2,chordKey_8_36,
1778007309541,PUT_HOP,0,2,chordKey_42_67,
1778007309541,GET,33,2,chordKey_8_36,clients=50
1778007309542,PUT,0,0,chordKey_8_37,clients=50
1778007309542,PUT_HOP,0,2,chordKey_18_17,
1778007309544,GET,35,2,chordKey_42_67,clients=50
1778007309545,PUT_HOP,0,2,chordKey_34_72,
1778007309545,PUT_HOP,0,2,chordKey_40_56,
1778007309545,PUT,0,0,chordKey_42_68,clients=50
1778007309545,GET,34,2,chordKey_33_16,clients=50
1778007309546,PUT_HOP,0,2,chordKey_33_16,
1778007309545,GET,35,2,chordKey_18_17,clients=50
1778007309547,PUT,0,0,chordKey_33_17,clients=50
1778007309546,GET,37,2,chordKey_40_56,clients=50
1778007309548,PUT,0,0,chordKey_40_57,clients=50
1778007309547,GET,34,2,chordKey_34_72,clients=50
1778007309548,PUT_HOP,0,2,chordKey_23_86,
1778007309547,PUT,0,0,chordKey_18_18,clients=50
1778007309549,PUT,0,0,chordKey_34_73,clients=50
1778007309549,PUT_HOP,0,2,chordKey_17_30,
1778007309550,GET,35,2,chordKey_23_86,clients=50
1778007309551,PUT,0,0,chordKey_23_87,clients=50
1778007309552,PUT_HOP,0,2,chordKey_44_47,
1778007309553,GET,35,2,chordKey_44_47,clients=50
1778007309553,PUT_HOP,0,2,chordKey_43_66,
1778007309554,PUT,0,0,chordKey_44_48,clients=50
1778007309555,GET,39,2,chordKey_17_30,clients=50
1778007309555,PUT_HOP,0,2,chordKey_5_35,
1778007309555,GET,36,2,chordKey_43_66,clients=50
1778007309556,PUT,0,0,chordKey_17_31,clients=50
1778007309556,PUT,0,0,chordKey_43_67,clients=50
1778007309557,PUT_HOP,0,2,chordKey_30_46,
1778007309557,GET,37,2,chordKey_5_35,clients=50
1778007309558,PUT,0,0,chordKey_5_36,clients=50
1778007309558,GET,37,2,chordKey_30_46,clients=50
1778007309559,PUT,0,0,chordKey_30_47,clients=50
1778007309559,GET,37,2,chordKey_35_58,clients=50
1778007309559,GET,36,2,chordKey_0_31,clients=50
1778007309560,PUT_HOP,0,2,chordKey_0_31,
1778007309560,PUT,0,0,chordKey_35_59,clients=50
1778007309560,PUT,0,0,chordKey_0_32,clients=50
1778007309561,PUT_HOP,0,2,chordKey_35_58,
1778007309561,PUT_HOP,0,2,chordKey_3_62,
1778007309562,PUT_HOP,0,2,chordKey_37_54,
1778007309563,GET,37,2,chordKey_3_62,clients=50
1778007309564,PUT,0,0,chordKey_3_63,clients=50
1778007309564,GET,36,2,chordKey_37_54,clients=50
1778007309565,PUT,0,0,chordKey_37_55,clients=50
1778007309565,PUT_HOP,0,2,chordKey_25_33,
1778007309567,PUT_HOP,0,2,chordKey_46_49,
1778007309567,GET,37,2,chordKey_25_33,clients=50
1778007309568,PUT_HOP,0,2,chordKey_27_44,
1778007309568,PUT,0,0,chordKey_25_34,clients=50
1778007309568,PUT_HOP,0,2,chordKey_10_59,
1778007309569,PUT_HOP,0,2,chordKey_14_62,
1778007309569,PUT_HOP,0,2,chordKey_15_75,
1778007309570,GET,43,2,chordKey_10_59,clients=50
1778007309570,GET,38,2,chordKey_14_62,clients=50
1778007309571,PUT,0,0,chordKey_10_60,clients=50
1778007309571,PUT,0,0,chordKey_14_63,clients=50
1778007309571,GET,39,2,chordKey_15_75,clients=50
1778007309572,PUT,0,0,chordKey_15_76,clients=50
1778007309578,GET,44,2,chordKey_46_49,clients=50
1778007309578,PUT_HOP,0,2,chordKey_38_88,
1778007309578,GET,45,2,chordKey_12_63,clients=50
1778007309579,PUT,0,0,chordKey_12_64,clients=50
1778007309579,PUT,0,0,chordKey_46_50,clients=50
1778007309579,GET,46,2,chordKey_27_44,clients=50
1778007309581,PUT,0,0,chordKey_27_45,clients=50
1778007309581,GET,45,2,chordKey_38_88,clients=50
1778007309582,PUT,0,0,chordKey_38_89,clients=50
1778007309583,PUT_HOP,0,2,chordKey_21_31,
1778007309583,PUT_HOP,0,2,chordKey_45_32,
1778007309584,GET,44,2,chordKey_45_32,clients=50
1778007309584,GET,44,2,chordKey_21_31,clients=50
1778007309584,PUT,0,0,chordKey_45_33,clients=50
1778007309585,PUT,0,0,chordKey_21_32,clients=50
1778007309586,GET,44,2,chordKey_8_37,clients=50
1778007309587,PUT,0,0,chordKey_8_38,clients=50
1778007309588,PUT_HOP,0,2,chordKey_33_17,
1778007309588,PUT_HOP,0,2,chordKey_42_68,
1778007309589,PUT_HOP,0,2,chordKey_12_63,
1778007309589,PUT_HOP,0,2,chordKey_18_18,
1778007309589,PUT_HOP,0,2,chordKey_34_73,
1778007309590,GET,43,2,chordKey_42_68,clients=50
1778007309591,GET,39,2,chordKey_23_87,clients=50
1778007309591,PUT,0,0,chordKey_42_69,clients=50
1778007309590,GET,42,2,chordKey_33_17,clients=50
1778007309592,PUT,0,0,chordKey_33_18,clients=50
1778007309592,PUT_HOP,0,2,chordKey_8_37,
1778007309590,GET,40,2,chordKey_34_73,clients=50
1778007309593,PUT_HOP,0,2,chordKey_23_87,
1778007309593,PUT,0,0,chordKey_34_74,clients=50
1778007309591,PUT,0,0,chordKey_23_88,clients=50
1778007309594,PUT_HOP,0,2,chordKey_44_48,
1778007309591,GET,42,2,chordKey_18_18,clients=50
1778007309595,PUT,0,0,chordKey_18_19,clients=50
1778007309595,PUT_HOP,0,2,chordKey_40_57,
1778007309599,PUT_HOP,0,2,chordKey_43_67,
1778007309599,GET,50,2,chordKey_40_57,clients=50
1778007309600,PUT,0,0,chordKey_40_58,clients=50
1778007309600,PUT_HOP,0,2,chordKey_17_31,
1778007309600,GET,43,2,chordKey_17_31,clients=50
1778007309600,PUT,0,0,chordKey_17_32,clients=50
1778007309601,GET,42,2,chordKey_5_36,clients=50
1778007309602,GET,2,1,chordKey_40_58,clients=50
1778007309603,PUT_HOP,0,2,chordKey_0_32,
1778007309603,PUT,0,0,chordKey_40_59,clients=50
1778007309603,PUT_HOP,0,2,chordKey_5_36,
1778007309602,GET,47,2,chordKey_44_48,clients=50
1778007309601,PUT_HOP,0,1,chordKey_40_58,
1778007309604,PUT_HOP,0,2,chordKey_35_59,
1778007309602,PUT,0,0,chordKey_5_37,clients=50
1778007309604,PUT,0,0,chordKey_44_49,clients=50
1778007309605,GET,45,2,chordKey_30_47,clients=50
1778007309603,GET,43,2,chordKey_35_59,clients=50
1778007309603,GET,46,2,chordKey_43_67,clients=50
1778007309606,GET,45,2,chordKey_0_32,clients=50
1778007309606,PUT,0,0,chordKey_43_68,clients=50
1778007309606,PUT_HOP,0,2,chordKey_37_55,
1778007309606,PUT,0,0,chordKey_35_60,clients=50
1778007309605,PUT,0,0,chordKey_30_48,clients=50
1778007309607,GET,43,2,chordKey_3_63,clients=50
1778007309607,PUT_HOP,0,2,chordKey_3_63,
1778007309608,PUT,0,0,chordKey_3_64,clients=50
1778007309606,PUT,0,0,chordKey_0_33,clients=50
1778007309608,GET,42,2,chordKey_37_55,clients=50
1778007309609,PUT,0,0,chordKey_37_56,clients=50
1778007309608,GET,39,2,chordKey_25_34,clients=50
1778007309610,PUT,0,0,chordKey_25_35,clients=50
1778007309610,PUT_HOP,0,2,chordKey_25_34,
1778007309611,PUT_HOP,0,2,chordKey_15_76,
1778007309611,GET,39,2,chordKey_10_60,clients=50
1778007309612,PUT_HOP,0,2,chordKey_14_63,
1778007309612,PUT,0,0,chordKey_10_61,clients=50
1778007309612,PUT_HOP,0,2,chordKey_10_60,
1778007309612,PUT_HOP,0,2,chordKey_30_47,
1778007309613,GET,40,2,chordKey_14_63,clients=50
1778007309613,PUT,0,0,chordKey_14_64,clients=50
1778007309613,PUT_HOP,0,2,chordKey_46_50,
1778007309614,GET,41,2,chordKey_15_76,clients=50
1778007309614,PUT,0,0,chordKey_15_77,clients=50
1778007309615,GET,34,2,chordKey_12_64,clients=50
1778007309615,PUT_HOP,0,2,chordKey_27_45,
1778007309615,PUT_HOP,0,2,chordKey_12_64,
1778007309615,GET,35,2,chordKey_46_50,clients=50
1778007309616,PUT,0,0,chordKey_12_65,clients=50
1778007309616,PUT,0,0,chordKey_46_51,clients=50
1778007309616,PUT_HOP,0,2,chordKey_38_89,
1778007309615,GET,34,2,chordKey_27_45,clients=50
1778007309617,PUT,0,0,chordKey_27_46,clients=50
1778007309617,PUT_HOP,0,2,chordKey_21_32,
1778007309617,GET,34,2,chordKey_38_89,clients=50
1778007309617,PUT_HOP,0,2,chordKey_45_33,
1778007309618,PUT,0,0,chordKey_38_90,clients=50
1778007309619,GET,33,2,chordKey_45_33,clients=50
1778007309619,PUT,0,0,chordKey_45_34,clients=50
1778007309619,PUT_HOP,0,2,chordKey_8_38,
1778007309621,GET,35,2,chordKey_21_32,clients=50
1778007309621,GET,14,2,chordKey_43_68,clients=50
1778007309621,PUT_HOP,0,2,chordKey_43_68,
1778007309621,PUT,0,0,chordKey_21_33,clients=50
1778007309622,PUT,0,0,chordKey_43_69,clients=50
1778007309622,GET,34,2,chordKey_8_38,clients=50
1778007309623,PUT_HOP,0,2,chordKey_42_69,
1778007309623,PUT,0,0,chordKey_8_39,clients=50
1778007309623,GET,31,2,chordKey_42_69,clients=50
1778007309624,PUT_HOP,0,2,chordKey_23_88,
1778007309624,PUT,0,0,chordKey_42_70,clients=50
1778007309624,PUT_HOP,0,2,chordKey_33_18,
1778007309624,GET,31,2,chordKey_33_18,clients=50
1778007309625,PUT,0,0,chordKey_33_19,clients=50
1778007309625,PUT_HOP,0,2,chordKey_34_74,
1778007309626,GET,32,2,chordKey_34_74,clients=50
1778007309626,PUT,0,0,chordKey_34_75,clients=50
1778007309626,GET,31,2,chordKey_18_19,clients=50
1778007309628,PUT_HOP,0,2,chordKey_18_19,
1778007309628,PUT_HOP,0,2,chordKey_17_32,
1778007309627,GET,33,2,chordKey_23_88,clients=50
1778007309629,PUT,0,0,chordKey_23_89,clients=50
1778007309628,PUT,0,0,chordKey_18_20,clients=50
1778007309629,GET,28,2,chordKey_17_32,clients=50
1778007309629,PUT_HOP,0,2,chordKey_40_59,
1778007309630,PUT_HOP,0,2,chordKey_5_37,
1778007309630,PUT,0,0,chordKey_17_33,clients=50
1778007309631,PUT_HOP,0,2,chordKey_44_49,
1778007309631,GET,27,2,chordKey_40_59,clients=50
1778007309632,PUT,0,0,chordKey_40_60,clients=50
1778007309632,GET,27,2,chordKey_5_37,clients=50
1778007309633,PUT,0,0,chordKey_5_38,clients=50
1778007309633,PUT_HOP,0,2,chordKey_30_48,
1778007309634,GET,29,2,chordKey_44_49,clients=50
1778007309634,PUT_HOP,0,2,chordKey_35_60,
1778007309634,PUT,0,0,chordKey_44_50,clients=50
1778007309634,PUT_HOP,0,2,chordKey_3_64,
1778007309635,PUT_HOP,0,2,chordKey_0_33,
1778007309636,GET,28,2,chordKey_35_60,clients=50
1778007309637,PUT,0,0,chordKey_35_61,clients=50
1778007309636,GET,28,2,chordKey_30_48,clients=50
1778007309636,GET,27,2,chordKey_3_64,clients=50
1778007309638,PUT,0,0,chordKey_30_49,clients=50
1778007309638,PUT,0,0,chordKey_3_65,clients=50
1778007309639,PUT_HOP,0,2,chordKey_37_56,
1778007309638,GET,29,2,chordKey_0_33,clients=50
1778007309639,PUT,0,0,chordKey_0_34,clients=50
1778007309639,PUT_HOP,0,2,chordKey_25_35,
1778007309640,GET,29,2,chordKey_25_35,clients=50
1778007309640,PUT_HOP,0,2,chordKey_43_69,
1778007309641,PUT_HOP,0,2,chordKey_10_61,
1778007309641,PUT,0,0,chordKey_25_36,clients=50
1778007309642,GET,31,2,chordKey_37_56,clients=50
1778007309642,PUT,0,0,chordKey_37_57,clients=50
1778007309642,PUT_HOP,0,2,chordKey_14_64,
1778007309643,PUT_HOP,0,2,chordKey_15_77,
1778007309643,GET,31,2,chordKey_10_61,clients=50
1778007309644,PUT,0,0,chordKey_10_62,clients=50
1778007309644,PUT_HOP,0,2,chordKey_12_65,
1778007309644,GET,30,2,chordKey_14_64,clients=50
1778007309645,PUT,0,0,chordKey_14_65,clients=50
1778007309645,PUT_HOP,0,2,chordKey_46_51,
1778007309646,GET,31,2,chordKey_15_77,clients=50
1778007309646,PUT_HOP,0,2,chordKey_27_46,
1778007309646,GET,29,2,chordKey_27_46,clients=50
1778007309647,GET,31,2,chordKey_46_51,clients=50
1778007309647,GET,25,2,chordKey_43_69,clients=50
1778007309648,PUT_HOP,0,2,chordKey_38_90,
1778007309648,PUT,0,0,chordKey_46_52,clients=50
1778007309647,PUT,0,0,chordKey_15_78,clients=50
1778007309649,PUT,0,0,chordKey_43_70,clients=50
1778007309650,PUT_HOP,0,2,chordKey_45_34,
1778007309648,GET,32,2,chordKey_12_65,clients=50
1778007309651,PUT_HOP,0,2,chordKey_21_33,
1778007309648,PUT,0,0,chordKey_27_47,clients=50
1778007309651,PUT,0,0,chordKey_12_66,clients=50
1778007309650,GET,31,2,chordKey_38_90,clients=50
1778007309652,PUT,0,0,chordKey_38_91,clients=50
1778007309652,GET,32,2,chordKey_45_34,clients=50
1778007309653,PUT_HOP,0,2,chordKey_8_39,
1778007309653,PUT,0,0,chordKey_45_35,clients=50
1778007309654,GET,31,2,chordKey_8_39,clients=50
1778007309655,PUT_HOP,0,2,chordKey_42_70,
1778007309655,PUT,0,0,chordKey_8_40,clients=50
1778007309654,GET,32,2,chordKey_21_33,clients=50
1778007309656,PUT,0,0,chordKey_21_34,clients=50
1778007309656,PUT_HOP,0,2,chordKey_33_19,
1778007309656,PUT_HOP,0,2,chordKey_18_20,
1778007309658,GET,33,2,chordKey_42_70,clients=50
1778007309658,PUT_HOP,0,2,chordKey_23_89,
1778007309658,GET,30,2,chordKey_34_75,clients=50
1778007309658,PUT,0,0,chordKey_42_71,clients=50
1778007309659,PUT_HOP,0,2,chordKey_17_33,
1778007309659,PUT,0,0,chordKey_34_76,clients=50
1778007309659,PUT_HOP,0,2,chordKey_34_75,
1778007309660,GET,31,2,chordKey_23_89,clients=50
1778007309661,GET,35,2,chordKey_33_19,clients=50
1778007309661,PUT,0,0,chordKey_23_90,clients=50
1778007309661,PUT,0,0,chordKey_33_20,clients=50
1778007309662,GET,31,2,chordKey_17_33,clients=50
1778007309662,PUT_HOP,0,2,chordKey_40_60,
1778007309662,PUT,0,0,chordKey_17_34,clients=50
1778007309662,GET,32,2,chordKey_18_20,clients=50
1778007309663,PUT,0,0,chordKey_18_21,clients=50
1778007309664,PUT_HOP,0,2,chordKey_5_38,
1778007309664,GET,32,2,chordKey_40_60,clients=50
1778007309665,PUT,0,0,chordKey_40_61,clients=50
1778007309665,PUT_HOP,0,2,chordKey_44_50,
1778007309666,GET,32,2,chordKey_5_38,clients=50
1778007309666,PUT,0,0,chordKey_5_39,clients=50
1778007309667,PUT_HOP,0,2,chordKey_35_61,
1778007309668,GET,33,2,chordKey_44_50,clients=50
1778007309668,PUT,0,0,chordKey_44_51,clients=50
1778007309669,PUT_HOP,0,2,chordKey_3_65,
1778007309669,GET,31,2,chordKey_35_61,clients=50
1778007309669,PUT,0,0,chordKey_35_62,clients=50
1778007309670,GET,32,2,chordKey_30_49,clients=50
1778007309671,PUT,0,0,chordKey_30_50,clients=50
1778007309671,PUT_HOP,0,2,chordKey_0_34,
1778007309669,PUT_HOP,0,2,chordKey_30_49,
1778007309672,GET,33,2,chordKey_3_65,clients=50
1778007309672,PUT_HOP,0,2,chordKey_25_36,
1778007309672,PUT,0,0,chordKey_3_66,clients=50
1778007309673,GET,33,2,chordKey_0_34,clients=50
1778007309674,PUT,0,0,chordKey_0_35,clients=50
1778007309674,PUT_HOP,0,2,chordKey_14_65,
1778007309674,PUT_HOP,0,2,chordKey_37_57,
1778007309675,GET,30,2,chordKey_14_65,clients=50
1778007309676,PUT,0,0,chordKey_14_66,clients=50
1778007309676,GET,32,2,chordKey_10_62,clients=50
1778007309677,PUT,0,0,chordKey_10_63,clients=50
1778007309677,PUT_HOP,0,2,chordKey_10_62,
1778007309676,PUT,1027,0,chordKey_48_36,clients=50
1778007309678,PUT_HOP,0,2,chordKey_15_78,
1778007309678,GET,36,2,chordKey_25_36,clients=50
1778007309678,PUT_HOP,0,2,chordKey_46_52,
1778007309679,PUT,0,0,chordKey_25_37,clients=50
1778007309677,GET,34,2,chordKey_37_57,clients=50
1778007309680,PUT_HOP,0,2,chordKey_43_70,
1778007309680,PUT,0,0,chordKey_37_58,clients=50
1778007309680,GET,31,2,chordKey_46_52,clients=50
1778007309680,PUT_HOP,0,2,chordKey_27_47,
1778007309681,PUT,0,0,chordKey_46_53,clients=50
1778007309681,PUT_HOP,0,2,chordKey_12_66,
1778007309681,GET,31,2,chordKey_15_78,clients=50
1778007309682,PUT,0,0,chordKey_15_79,clients=50
1778007309683,GET,31,2,chordKey_27_47,clients=50
1778007309683,PUT_HOP,0,2,chordKey_38_91,
1778007309683,GET,32,2,chordKey_43_70,clients=50
1778007309683,PUT,0,0,chordKey_27_48,clients=50
1778007309684,GET,32,2,chordKey_12_66,clients=50
1778007309684,GET,31,2,chordKey_38_91,clients=50
1778007309685,PUT,0,0,chordKey_12_67,clients=50
1778007309684,PUT,0,0,chordKey_43_71,clients=50
1778007309685,PUT_HOP,0,2,chordKey_45_35,
1778007309685,PUT,0,0,chordKey_38_92,clients=50
1778007309686,GET,32,2,chordKey_45_35,clients=50
1778007309686,PUT_HOP,0,2,chordKey_8_40,
1778007309686,PUT,0,0,chordKey_45_36,clients=50
1778007309687,PUT_HOP,0,2,chordKey_21_34,
1778007309687,GET,31,2,chordKey_21_34,clients=50
1778007309687,GET,32,2,chordKey_8_40,clients=50
1778007309688,PUT,0,0,chordKey_21_35,clients=50
1778007309688,PUT,0,0,chordKey_8_41,clients=50
1778007309689,PUT_HOP,0,2,chordKey_42_71,
1778007309690,PUT_HOP,0,2,chordKey_34_76,
1778007309690,GET,30,2,chordKey_42_71,clients=50
1778007309690,PUT,0,0,chordKey_42_72,clients=50
1778007309691,PUT_HOP,0,2,chordKey_7_28,
1778007309691,GET,31,2,chordKey_34_76,clients=50
1778007309691,PUT_HOP,0,2,chordKey_6_48,
1778007309691,PUT,0,0,chordKey_34_77,clients=50
1778007309691,PUT_HOP,0,2,chordKey_13_14,
1778007309692,PUT_HOP,0,2,chordKey_3_44,
1778007309692,GET,1061,2,chordKey_41_70,clients=50
1778007309692,PUT_HOP,0,2,chordKey_38_70,
1778007309693,PUT,0,0,chordKey_41_71,clients=50
1778007309693,PUT_HOP,0,2,chordKey_33_20,
1778007309693,PUT_HOP,0,2,chordKey_23_90,
1778007309694,GET,33,2,chordKey_23_90,clients=50
1778007309695,PUT,0,0,chordKey_23_91,clients=50
1778007309695,PUT_HOP,0,2,chordKey_17_34,
1778007309695,GET,33,2,chordKey_33_20,clients=50
1778007309696,PUT,0,0,chordKey_33_21,clients=50
1778007309697,PUT_HOP,0,2,chordKey_18_21,
1778007309697,GET,34,2,chordKey_17_34,clients=50
1778007309697,PUT,0,0,chordKey_17_35,clients=50
1778007309698,GET,34,2,chordKey_18_21,clients=50
1778007309698,PUT_HOP,0,2,chordKey_40_61,
1778007309698,PUT,0,0,chordKey_18_22,clients=50
1778007309699,PUT_HOP,0,2,chordKey_5_39,
1778007309699,GET,34,2,chordKey_40_61,clients=50
1778007309700,PUT,0,0,chordKey_40_62,clients=50
1778007309700,GET,33,2,chordKey_5_39,clients=50
1778007309700,PUT_HOP,0,2,chordKey_44_51,
1778007309701,PUT,0,0,chordKey_5_40,clients=50
1778007309701,PUT_HOP,0,2,chordKey_35_62,
1778007309702,GET,33,2,chordKey_44_51,clients=50
1778007309703,PUT,0,0,chordKey_44_52,clients=50
1778007309703,GET,32,2,chordKey_35_62,clients=50
1778007309704,PUT,0,0,chordKey_35_63,clients=50
1778007309704,PUT_HOP,0,2,chordKey_30_50,
1778007309705,GET,33,2,chordKey_30_50,clients=50
1778007309705,PUT,0,0,chordKey_30_51,clients=50
1778007309706,PUT_HOP,0,2,chordKey_3_66,
1778007309706,GET,32,2,chordKey_3_66,clients=50
1778007309706,PUT_HOP,0,2,chordKey_0_35,
1778007309706,PUT,0,0,chordKey_3_67,clients=50
1778007309707,PUT_HOP,0,2,chordKey_14_66,
1778007309708,GET,34,2,chordKey_0_35,clients=50
1778007309708,PUT_HOP,0,2,chordKey_48_36,
1778007309708,PUT,0,0,chordKey_0_36,clients=50
1778007309709,PUT_HOP,0,2,chordKey_10_63,
1778007309709,GET,1069,2,chordKey_29_47,clients=50
1778007309710,PUT,0,0,chordKey_29_48,clients=50
1778007309711,GET,34,2,chordKey_14_66,clients=50
1778007309711,GET,33,2,chordKey_10_63,clients=50
1778007309712,PUT_HOP,0,2,chordKey_25_37,
1778007309712,GET,33,2,chordKey_48_36,clients=50
1778007309712,PUT,0,0,chordKey_10_64,clients=50
1778007309711,PUT,0,0,chordKey_14_67,clients=50
1778007309712,GET,33,2,chordKey_25_37,clients=50
1778007309713,PUT_HOP,0,2,chordKey_37_58,
1778007309712,PUT,0,0,chordKey_48_37,clients=50
1778007309713,PUT,0,0,chordKey_25_38,clients=50
1778007309715,PUT_HOP,0,2,chordKey_46_53,
1778007309715,GET,34,2,chordKey_37_58,clients=50
1778007309715,PUT,0,0,chordKey_37_59,clients=50
1778007309716,GET,34,2,chordKey_46_53,clients=50
1778007309716,PUT_HOP,0,2,chordKey_15_79,
1778007309716,PUT,0,0,chordKey_46_54,clients=50
1778007309717,PUT_HOP,0,2,chordKey_27_48,
1778007309717,GET,35,2,chordKey_15_79,clients=50
1778007309718,PUT,0,0,chordKey_15_80,clients=50
1778007309718,PUT_HOP,0,2,chordKey_43_71,
1778007309719,PUT_HOP,0,2,chordKey_12_67,
1778007309720,PUT_HOP,0,2,chordKey_38_92,
1778007309720,GET,35,2,chordKey_27_48,clients=50
1778007309721,PUT,0,0,chordKey_27_49,clients=50
1778007309722,GET,37,2,chordKey_12_67,clients=50
1778007309722,GET,36,2,chordKey_38_92,clients=50
1778007309722,PUT_HOP,0,2,chordKey_45_36,
1778007309722,GET,36,2,chordKey_43_71,clients=50
1778007309723,PUT,0,0,chordKey_43_72,clients=50
1778007309723,PUT_HOP,0,2,chordKey_21_35,
1778007309723,PUT,0,0,chordKey_38_93,clients=50
1778007309723,PUT,0,0,chordKey_12_68,clients=50
1778007309724,PUT_HOP,0,2,chordKey_8_41,
1778007309724,GET,36,2,chordKey_45_36,clients=50
1778007309725,GET,36,2,chordKey_21_35,clients=50
1778007309725,PUT,0,0,chordKey_45_37,clients=50
1778007309725,PUT,0,0,chordKey_21_36,clients=50
1778007309725,PUT_HOP,0,2,chordKey_42_72,
1778007309726,GET,37,2,chordKey_8_41,clients=50
1778007309726,PUT,0,0,chordKey_8_42,clients=50
1778007309727,GET,35,2,chordKey_34_77,clients=50
1778007309727,GET,35,2,chordKey_42_72,clients=50
1778007309727,PUT_HOP,0,2,chordKey_34_77,
1778007309727,PUT,0,0,chordKey_34_78,clients=50
1778007309730,PUT_HOP,0,2,chordKey_23_91,
1778007309729,GET,35,2,chordKey_41_71,clients=50
1778007309731,PUT_HOP,0,2,chordKey_41_71,
1778007309731,PUT,0,0,chordKey_41_72,clients=50
1778007309728,PUT,0,0,chordKey_42_73,clients=50
1778007309732,PUT_HOP,0,2,chordKey_33_21,
1778007309731,GET,36,2,chordKey_23_91,clients=50
1778007309732,PUT,0,0,chordKey_23_92,clients=50
1778007309733,PUT_HOP,0,2,chordKey_17_35,
1778007309733,GET,37,2,chordKey_33_21,clients=50
1778007309734,PUT,0,0,chordKey_33_22,clients=50
1778007309734,PUT_HOP,0,2,chordKey_18_22,
1778007309734,GET,36,2,chordKey_17_35,clients=50
1778007309735,PUT,0,0,chordKey_17_36,clients=50
1778007309736,GET,37,2,chordKey_18_22,clients=50
1778007309736,PUT_HOP,0,2,chordKey_5_40,
1778007309736,PUT,0,0,chordKey_18_23,clients=50
1778007309736,PUT_HOP,0,2,chordKey_40_62,
1778007309737,GET,36,2,chordKey_40_62,clients=50
1778007309737,PUT,0,0,chordKey_40_63,clients=50
1778007309737,GET,36,2,chordKey_5_40,clients=50
1778007309738,PUT_HOP,0,2,chordKey_44_52,
1778007309738,PUT,0,0,chordKey_5_41,clients=50
1778007309739,GET,35,2,chordKey_44_52,clients=50
1778007309739,PUT_HOP,0,2,chordKey_35_63,
1778007309739,PUT,0,0,chordKey_44_53,clients=50
1778007309741,GET,36,2,chordKey_35_63,clients=50
1778007309741,PUT_HOP,0,2,chordKey_30_51,
1778007309741,PUT,0,0,chordKey_35_64,clients=50
1778007309742,GET,36,2,chordKey_30_51,clients=50
1778007309742,PUT_HOP,0,2,chordKey_3_67,
1778007309742,PUT,0,0,chordKey_30_52,clients=50
1778007309743,GET,36,2,chordKey_3_67,clients=50
1778007309744,PUT,0,0,chordKey_3_68,clients=50
1778007309744,PUT_HOP,0,2,chordKey_0_36,
1778007309745,GET,36,2,chordKey_0_36,clients=50
1778007309746,PUT,0,0,chordKey_0_37,clients=50
1778007309746,PUT_HOP,0,2,chordKey_14_67,
1778007309746,GET,36,2,chordKey_29_48,clients=50
1778007309746,PUT_HOP,0,2,chordKey_10_64,
1778007309747,PUT,0,0,chordKey_29_49,clients=50
1778007309747,PUT_HOP,0,2,chordKey_48_37,
1778007309748,GET,35,2,chordKey_10_64,clients=50
1778007309748,PUT_HOP,0,2,chordKey_25_38,
1778007309748,PUT,0,0,chordKey_10_65,clients=50
1778007309748,PUT_HOP,0,2,chordKey_29_48,
1778007309749,GET,36,2,chordKey_14_67,clients=50
1778007309750,PUT,0,0,chordKey_14_68,clients=50
1778007309750,GET,36,2,chordKey_48_37,clients=50
1778007309751,PUT,0,0,chordKey_48_38,clients=50
1778007309751,PUT_HOP,0,2,chordKey_37_59,
1778007309751,GET,37,2,chordKey_25_38,clients=50
1778007309752,PUT,0,0,chordKey_25_39,clients=50
1778007309752,PUT_HOP,0,2,chordKey_46_54,
1778007309753,GET,36,2,chordKey_37_59,clients=50
1778007309753,PUT_HOP,0,2,chordKey_15_80,
1778007309753,PUT,0,0,chordKey_37_60,clients=50
1778007309754,GET,37,2,chordKey_46_54,clients=50
1778007309754,GET,36,2,chordKey_15_80,clients=50
1778007309754,PUT,0,0,chordKey_46_55,clients=50
1778007309755,PUT,0,0,chordKey_15_81,clients=50
1778007309755,PUT_HOP,0,2,chordKey_27_49,
1778007309757,GET,35,2,chordKey_27_49,clients=50
1778007309757,PUT_HOP,0,2,chordKey_12_68,
1778007309757,PUT,0,0,chordKey_27_50,clients=50
1778007309757,PUT_HOP,0,2,chordKey_38_93,
1778007309758,PUT_HOP,0,2,chordKey_43_72,
1778007309759,GET,35,2,chordKey_43_72,clients=50
1778007309759,PUT,0,0,chordKey_43_73,clients=50
1778007309759,GET,35,2,chordKey_38_93,clients=50
1778007309760,PUT_HOP,0,2,chordKey_21_36,
1778007309760,PUT,0,0,chordKey_38_94,clients=50
1778007309760,PUT_HOP,0,2,chordKey_45_37,
1778007309760,GET,35,2,chordKey_12_68,clients=50
1778007309761,PUT,0,0,chordKey_12_69,clients=50
1778007309762,GET,36,2,chordKey_45_37,clients=50
1778007309762,GET,36,2,chordKey_21_36,clients=50
1778007309762,PUT_HOP,0,2,chordKey_8_42,
1778007309762,PUT,0,0,chordKey_45_38,clients=50
1778007309762,PUT_HOP,0,2,chordKey_34_78,
1778007309763,GET,35,2,chordKey_8_42,clients=50
1778007309763,PUT_HOP,0,2,chordKey_42_73,
1778007309763,PUT,0,0,chordKey_21_37,clients=50
1778007309763,PUT,0,0,chordKey_8_43,clients=50
1778007309764,PUT_HOP,0,2,chordKey_41_72,
1778007309765,GET,34,2,chordKey_34_78,clients=50
1778007309765,PUT,0,0,chordKey_34_79,clients=50
1778007309766,GET,33,2,chordKey_42_73,clients=50
1778007309766,PUT_HOP,0,2,chordKey_23_92,
1778007309766,GET,34,2,chordKey_41_72,clients=50
1778007309767,PUT,0,0,chordKey_42_74,clients=50
1778007309767,PUT,0,0,chordKey_41_73,clients=50
1778007309768,PUT_HOP,0,2,chordKey_33_22,
1778007309768,GET,35,2,chordKey_23_92,clients=50
1778007309769,PUT,0,0,chordKey_23_93,clients=50
1778007309776,PUT_HOP,0,2,chordKey_17_36,
1778007309777,GET,41,2,chordKey_17_36,clients=50
1778007309778,PUT_HOP,0,2,chordKey_19_35,
1778007309787,PUT,0,0,chordKey_17_37,clients=50
1778007309777,PUT_HOP,0,2,chordKey_5_19,
1778007309788,PUT_HOP,0,2,chordKey_18_23,
1778007309788,GET,1078,2,chordKey_19_35,clients=50
1778007309788,PUT_HOP,0,2,chordKey_40_63,
1778007309788,PUT,0,0,chordKey_19_36,clients=50
1778007309788,GET,53,2,chordKey_33_22,clients=50
1778007309789,PUT,0,0,chordKey_33_23,clients=50
1778007309790,GET,52,2,chordKey_18_23,clients=50
1778007309791,PUT_HOP,0,2,chordKey_5_41,
1778007309791,PUT,0,0,chordKey_18_24,clients=50
1778007309792,GET,54,2,chordKey_40_63,clients=50
1778007309792,GET,53,2,chordKey_5_41,clients=50
1778007309792,PUT,0,0,chordKey_40_64,clients=50
1778007309793,PUT,0,0,chordKey_5_42,clients=50
1778007309794,GET,54,2,chordKey_44_53,clients=50
1778007309794,PUT,0,0,chordKey_44_54,clients=50
1778007309795,PUT_HOP,0,2,chordKey_35_64,
1778007309795,GET,53,2,chordKey_35_64,clients=50
1778007309795,PUT_HOP,0,2,chordKey_30_52,
1778007309795,GET,52,2,chordKey_30_52,clients=50
1778007309795,PUT_HOP,0,2,chordKey_44_53,
1778007309795,PUT,0,0,chordKey_35_65,clients=50
1778007309796,PUT,0,0,chordKey_30_53,clients=50
1778007309797,PUT_HOP,0,2,chordKey_3_68,
1778007309798,GET,51,2,chordKey_0_37,clients=50
1778007309798,PUT,0,0,chordKey_0_38,clients=50
1778007309798,PUT_HOP,0,2,chordKey_0_37,
1778007309798,GET,54,2,chordKey_3_68,clients=50
1778007309799,PUT_HOP,0,2,chordKey_29_49,
1778007309799,PUT,0,0,chordKey_3_69,clients=50
1778007309800,GET,52,2,chordKey_29_49,clients=50
1778007309800,PUT,0,0,chordKey_29_50,clients=50
1778007309800,GET,51,2,chordKey_10_65,clients=50
1778007309801,PUT,0,0,chordKey_10_66,clients=50
1778007309801,PUT_HOP,0,2,chordKey_14_68,
1778007309802,GET,51,2,chordKey_14_68,clients=50
1778007309802,PUT_HOP,0,2,chordKey_48_38,
1778007309802,PUT,0,0,chordKey_14_69,clients=50
1778007309803,PUT_HOP,0,2,chordKey_25_39,
1778007309803,GET,51,2,chordKey_48_38,clients=50
1778007309803,PUT,0,0,chordKey_48_39,clients=50
1778007309804,GET,52,2,chordKey_25_39,clients=50
1778007309804,GET,1116,2,chordKey_2_27,clients=50
1778007309805,PUT_HOP,0,2,chordKey_10_65,
1778007309805,PUT,0,0,chordKey_25_40,clients=50
1778007309805,PUT_HOP,0,2,chordKey_22_23,
1778007309805,GET,1078,2,chordKey_4_41,clients=50
1778007309806,PUT_HOP,0,2,chordKey_46_55,
1778007309806,PUT,0,0,chordKey_4_42,clients=50
1778007309805,PUT,0,0,chordKey_2_28,clients=50
1778007309807,PUT_HOP,0,2,chordKey_2_27,
1778007309806,GET,51,2,chordKey_37_60,clients=50
1778007309807,PUT,0,0,chordKey_37_61,clients=50
1778007309810,GET,55,2,chordKey_15_81,clients=50
1778007309811,GET,55,2,chordKey_46_55,clients=50
1778007309811,PUT,0,0,chordKey_15_82,clients=50
1778007309811,PUT,0,0,chordKey_46_56,clients=50
1778007309812,PUT_HOP,0,2,chordKey_27_50,
1778007309812,PUT_HOP,0,2,chordKey_38_94,
1778007309813,PUT_HOP,0,2,chordKey_43_73,
1778007309816,GET,58,2,chordKey_27_50,clients=50
1778007309817,PUT_HOP,0,2,chordKey_12_69,
1778007309817,PUT_HOP,0,2,chordKey_45_38,
1778007309817,PUT,0,0,chordKey_27_51,clients=50
1778007309817,PUT_HOP,0,2,chordKey_21_37,
1778007309818,GET,57,2,chordKey_43_73,clients=50
1778007309818,PUT,0,0,chordKey_43_74,clients=50
1778007309829,GET,67,2,chordKey_38_94,clients=50
1778007309829,GET,66,2,chordKey_12_69,clients=50
1778007309829,PUT_HOP,0,2,chordKey_8_43,
1778007309829,PUT,0,0,chordKey_38_95,clients=50
1778007309829,GET,66,2,chordKey_45_38,clients=50
1778007309830,GET,66,2,chordKey_21_37,clients=50
1778007309831,PUT,0,0,chordKey_21_38,clients=50
1778007309830,PUT,0,0,chordKey_12_70,clients=50
1778007309831,PUT_HOP,0,2,chordKey_34_79,
1778007309831,PUT,0,0,chordKey_45_39,clients=50
1778007309832,PUT_HOP,0,2,chordKey_42_74,
1778007309830,GET,66,2,chordKey_8_43,clients=50
1778007309833,PUT,0,0,chordKey_8_44,clients=50
1778007309833,PUT_HOP,0,2,chordKey_41_73,
1778007309834,GET,68,2,chordKey_34_79,clients=50
1778007309834,PUT,0,0,chordKey_34_80,clients=50
1778007309836,GET,67,2,chordKey_41_73,clients=50
1778007309836,GET,68,2,chordKey_42_74,clients=50
1778007309836,PUT,0,0,chordKey_41_74,clients=50
1778007309837,PUT,0,0,chordKey_42_75,clients=50
1778007309837,GET,65,2,chordKey_23_93,clients=50
1778007309838,PUT_HOP,0,2,chordKey_23_93,
1778007309845,PUT_HOP,0,2,chordKey_19_36,
1778007309847,GET,59,2,chordKey_17_37,clients=50
1778007309847,PUT_HOP,0,2,chordKey_33_23,
1778007309848,PUT,0,0,chordKey_17_38,clients=50
1778007309851,PUT_HOP,0,2,chordKey_18_24,
1778007309851,GET,60,2,chordKey_33_23,clients=50
1778007309851,PUT,0,0,chordKey_33_24,clients=50
1778007309852,PUT_HOP,0,2,chordKey_5_42,
1778007309852,GET,60,2,chordKey_18_24,clients=50
1778007309853,PUT_HOP,0,2,chordKey_40_64,
1778007309853,GET,56,2,chordKey_30_53,clients=50
1778007309853,PUT,0,0,chordKey_18_25,clients=50
1778007309853,PUT,0,0,chordKey_30_54,clients=50
1778007309853,GET,57,2,chordKey_35_65,clients=50
1778007309855,PUT,0,0,chordKey_35_66,clients=50
1778007309856,PUT_HOP,0,2,chordKey_30_53,
1778007309857,PUT_HOP,0,2,chordKey_0_38,
1778007309857,PUT_HOP,0,2,chordKey_3_69,
1778007309859,GET,60,2,chordKey_0_38,clients=50
1778007309860,PUT_HOP,0,2,chordKey_29_50,
1778007309860,PUT,0,0,chordKey_0_39,clients=50
1778007309860,GET,60,2,chordKey_3_69,clients=50
1778007309861,PUT,0,0,chordKey_3_70,clients=50
1778007309861,PUT_HOP,0,2,chordKey_10_66,
1778007309861,GET,60,2,chordKey_29_50,clients=50
1778007309862,GET,60,2,chordKey_10_66,clients=50
1778007309862,PUT,0,0,chordKey_29_51,clients=50
1778007309862,PUT,0,0,chordKey_10_67,clients=50
1778007309863,PUT_HOP,0,2,chordKey_14_69,
1778007309863,PUT_HOP,0,2,chordKey_48_39,
1778007309865,GET,62,2,chordKey_14_69,clients=50
1778007309866,GET,62,2,chordKey_48_39,clients=50
1778007309866,PUT,0,0,chordKey_14_70,clients=50
1778007309866,PUT,0,0,chordKey_48_40,clients=50
1778007309867,PUT_HOP,0,2,chordKey_25_40,
1778007309867,PUT_HOP,0,2,chordKey_2_28,
1778007309869,PUT_HOP,0,2,chordKey_4_42,
1778007309869,PUT_HOP,0,2,chordKey_37_61,
1778007309870,GET,63,2,chordKey_2_28,clients=50
1778007309871,PUT,0,0,chordKey_2_29,clients=50
1778007309870,GET,63,2,chordKey_4_42,clients=50
1778007309871,GET,63,2,chordKey_37_61,clients=50
1778007309872,PUT,0,0,chordKey_4_43,clients=50
1778007309872,PUT,0,0,chordKey_37_62,clients=50
1778007309872,PUT_HOP,0,2,chordKey_15_82,
1778007309873,PUT_HOP,0,2,chordKey_46_56,
1778007309877,PUT_HOP,0,2,chordKey_27_51,
1778007309878,GET,60,2,chordKey_27_51,clients=50
1778007309878,PUT_HOP,0,2,chordKey_43_74,
1778007309879,PUT,0,0,chordKey_27_52,clients=50
1778007309879,PUT_HOP,0,2,chordKey_45_39,
1778007309879,GET,60,2,chordKey_43_74,clients=50
1778007309880,PUT_HOP,0,2,chordKey_38_95,
1778007309880,PUT,0,0,chordKey_43_75,clients=50
1778007309881,PUT_HOP,0,2,chordKey_12_70,
1778007309881,GET,50,2,chordKey_38_95,clients=50
1778007309881,GET,50,2,chordKey_21_38,clients=50
1778007309882,PUT,0,0,chordKey_38_96,clients=50
1778007309882,PUT,0,0,chordKey_21_39,clients=50
1778007309882,PUT_HOP,0,2,chordKey_8_44,
1778007309882,GET,50,2,chordKey_45_39,clients=50
1778007309883,PUT,0,0,chordKey_45_40,clients=50
1778007309883,GET,50,2,chordKey_8_44,clients=50
1778007309884,PUT_HOP,0,2,chordKey_21_38,
1778007309884,PUT,0,0,chordKey_8_45,clients=50
1778007309885,PUT_HOP,0,2,chordKey_34_80,
1778007309885,GET,53,2,chordKey_12_70,clients=50
1778007309885,PUT,0,0,chordKey_12_71,clients=50
1778007309886,PUT_HOP,0,2,chordKey_41_74,
1778007309887,GET,52,2,chordKey_34_80,clients=50
1778007309887,PUT,0,0,chordKey_34_81,clients=50
1778007309888,PUT_HOP,0,2,chordKey_42_75,
1778007309890,GET,52,2,chordKey_41_74,clients=50
1778007309890,PUT_HOP,0,2,chordKey_17_38,
1778007309890,PUT,0,0,chordKey_41_75,clients=50
1778007309890,GET,53,2,chordKey_42_75,clients=50
1778007309891,PUT,0,0,chordKey_42_76,clients=50
1778007309891,GET,43,2,chordKey_17_38,clients=50
1778007309892,PUT,0,0,chordKey_17_39,clients=50
1778007309892,PUT_HOP,0,2,chordKey_33_24,
1778007309892,GET,40,2,chordKey_33_24,clients=50
1778007309893,PUT,0,0,chordKey_33_25,clients=50
1778007309894,PUT_HOP,0,2,chordKey_30_54,
1778007309897,PUT_HOP,0,2,chordKey_18_25,
1778007309897,GET,43,2,chordKey_30_54,clients=50
1778007309898,PUT_HOP,0,2,chordKey_35_66,
1778007309898,PUT,0,0,chordKey_30_55,clients=50
1778007309898,GET,44,2,chordKey_18_25,clients=50
1778007309899,PUT,0,0,chordKey_18_26,clients=50
1778007309899,GET,44,2,chordKey_35_66,clients=50
1778007309900,PUT,0,0,chordKey_35_67,clients=50
1778007309902,PUT_HOP,0,2,chordKey_3_70,
1778007309903,PUT_HOP,0,2,chordKey_0_39,
1778007309903,GET,42,2,chordKey_0_39,clients=50
1778007309903,PUT,0,0,chordKey_0_40,clients=50
1778007309904,PUT_HOP,0,2,chordKey_10_67,
1778007309904,PUT_HOP,0,2,chordKey_29_51,
1778007309904,PUT_HOP,0,2,chordKey_14_70,
1778007309905,GET,42,2,chordKey_10_67,clients=50
1778007309906,GET,39,2,chordKey_14_70,clients=50
1778007309906,PUT,0,0,chordKey_10_68,clients=50
1778007309906,GET,43,2,chordKey_29_51,clients=50
1778007309907,PUT_HOP,0,2,chordKey_48_40,
1778007309907,GET,46,2,chordKey_3_70,clients=50
1778007309906,GET,39,2,chordKey_48_40,clients=50
1778007309908,PUT_HOP,0,2,chordKey_4_43,
1778007309908,PUT,0,0,chordKey_48_41,clients=50
1778007309908,PUT,0,0,chordKey_3_71,clients=50
1778007309907,PUT,0,0,chordKey_29_52,clients=50
1778007309909,PUT_HOP,0,2,chordKey_2_29,
1778007309906,PUT,0,0,chordKey_14_71,clients=50
1778007309910,PUT_HOP,0,2,chordKey_33_25,
1778007309911,GET,40,2,chordKey_2_29,clients=50
1778007309911,PUT_HOP,0,2,chordKey_27_52,
1778007309911,PUT_HOP,0,2,chordKey_37_62,
1778007309912,PUT,0,0,chordKey_2_30,clients=50
1778007309911,GET,38,2,chordKey_37_62,clients=50
1778007309911,GET,18,2,chordKey_33_25,clients=50
1778007309913,PUT,0,0,chordKey_37_63,clients=50
1778007309912,GET,40,2,chordKey_4_43,clients=50
1778007309913,PUT,0,0,chordKey_33_26,clients=50
1778007309914,PUT,0,0,chordKey_4_44,clients=50
1778007309916,PUT_HOP,0,2,chordKey_30_55,
1778007309917,GET,18,2,chordKey_30_55,clients=50
1778007309917,PUT_HOP,0,2,chordKey_21_39,
1778007309918,GET,38,2,chordKey_27_52,clients=50
1778007309917,PUT_HOP,0,2,chordKey_38_96,
1778007309918,PUT,0,0,chordKey_30_56,clients=50
1778007309919,PUT_HOP,0,2,chordKey_43_75,
1778007309918,GET,36,2,chordKey_38_96,clients=50
1778007309918,GET,37,2,chordKey_43_75,clients=50
1778007309928,PUT_HOP,0,2,chordKey_17_39,
1778007309926,PUT_HOP,0,2,chordKey_41_75,
1778007309930,PUT,0,0,chordKey_38_97,clients=50
1778007309930,PUT,0,0,chordKey_43_76,clients=50
1778007309926,PUT_HOP,0,2,chordKey_42_76,
1778007309929,GET,36,2,chordKey_17_39,clients=50
1778007309924,PUT_HOP,0,2,chordKey_34_81,
1778007309922,PUT_HOP,0,2,chordKey_12_71,
1778007309931,PUT,0,0,chordKey_17_40,clients=50
1778007309920,PUT_HOP,0,2,chordKey_8_45,
1778007309920,PUT_HOP,0,2,chordKey_45_40,
1778007309927,GET,36,2,chordKey_41_75,clients=50
1778007309932,PUT_HOP,0,2,chordKey_33_26,
1778007309932,PUT,0,0,chordKey_41_76,clients=50
1778007309927,GET,35,2,chordKey_42_76,clients=50
1778007309925,GET,38,2,chordKey_34_81,clients=50
1778007309934,PUT,0,0,chordKey_34_82,clients=50
1778007309924,GET,38,2,chordKey_12_71,clients=50
1778007309922,GET,38,2,chordKey_8_45,clients=50
1778007309921,GET,37,2,chordKey_45_40,clients=50
1778007309935,PUT_HOP,0,2,chordKey_35_67,
1778007309920,GET,37,2,chordKey_21_39,clients=50
1778007309935,PUT,0,0,chordKey_45_41,clients=50
1778007309936,PUT_HOP,0,2,chordKey_18_26,
1778007309918,PUT,0,0,chordKey_27_53,clients=50
1778007309936,GET,35,2,chordKey_35_67,clients=50
1778007309936,PUT,0,0,chordKey_21_40,clients=50
1778007309936,PUT_HOP,0,2,chordKey_0_40,
1778007309935,PUT,0,0,chordKey_8_46,clients=50
1778007309937,PUT_HOP,0,2,chordKey_14_71,
1778007309935,PUT,0,0,chordKey_12_72,clients=50
1778007309937,PUT_HOP,0,2,chordKey_10_68,
1778007309933,PUT,0,0,chordKey_42_77,clients=50
1778007309933,GET,34,2,chordKey_18_26,clients=50
1778007309939,PUT_HOP,0,2,chordKey_29_52,
1778007309939,PUT,0,0,chordKey_18_27,clients=50
1778007309938,GET,23,2,chordKey_33_26,clients=50
1778007309939,PUT_HOP,0,2,chordKey_3_71,
1778007309940,PUT,0,0,chordKey_33_27,clients=50
1778007309938,GET,34,2,chordKey_0_40,clients=50
1778007309940,PUT_HOP,0,2,chordKey_48_41,
1778007309940,PUT_HOP,0,2,chordKey_30_56,
1778007309937,PUT,0,0,chordKey_35_68,clients=50
1778007309941,PUT_HOP,0,2,chordKey_2_30,
1778007309941,PUT,0,0,chordKey_0_41,clients=50
1778007309941,PUT_HOP,0,2,chordKey_37_63,
1778007309941,GET,31,2,chordKey_14_71,clients=50
1778007309940,GET,31,2,chordKey_3_71,clients=50
1778007309939,GET,32,2,chordKey_10_68,clients=50
1778007309943,PUT,0,0,chordKey_3_72,clients=50
1778007309943,GET,30,2,chordKey_2_30,clients=50
1778007309943,PUT_HOP,0,2,chordKey_4_44,
1778007309942,GET,23,2,chordKey_30_56,clients=50
1778007309944,PUT,0,0,chordKey_2_31,clients=50
1778007309942,PUT,0,0,chordKey_14_72,clients=50
1778007309944,PUT,0,0,chordKey_30_57,clients=50
1778007309943,PUT,0,0,chordKey_10_69,clients=50
1778007309943,GET,29,2,chordKey_37_63,clients=50
1778007309947,PUT,0,0,chordKey_37_64,clients=50
1778007309958,GET,49,2,chordKey_29_52,clients=50
1778007309959,PUT_HOP,0,2,chordKey_27_53,
1778007309959,GET,44,2,chordKey_4_44,clients=50
1778007309959,PUT,0,0,chordKey_29_53,clients=50
1778007309959,PUT,0,0,chordKey_4_45,clients=50
1778007309962,GET,53,2,chordKey_48_41,clients=50
1778007309963,PUT,0,0,chordKey_48_42,clients=50
1778007309964,PUT_HOP,0,2,chordKey_38_97,
1778007309966,PUT_HOP,0,2,chordKey_43_76,
1778007309968,GET,37,2,chordKey_38_97,clients=50
1778007309969,PUT,0,0,chordKey_38_98,clients=50
1778007309982,GET,51,2,chordKey_43_76,clients=50
1778007309982,PUT_HOP,0,2,chordKey_17_40,
1778007309983,PUT,0,0,chordKey_43_77,clients=50
1778007309983,GET,51,2,chordKey_17_40,clients=50
1778007309984,PUT,0,0,chordKey_17_41,clients=50
1778007309987,PUT_HOP,0,2,chordKey_41_76,
1778007309987,GET,54,2,chordKey_41_76,clients=50
1778007309988,PUT,0,0,chordKey_41_77,clients=50
1778007309998,PUT_HOP,0,2,chordKey_42_77,
1778007309999,PUT_HOP,0,2,chordKey_34_82,
1778007309999,PUT_HOP,0,2,chordKey_8_46,
1778007309999,GET,65,2,chordKey_34_82,clients=50
1778007310000,PUT,0,0,chordKey_34_83,clients=50
1778007310000,PUT_HOP,0,2,chordKey_12_72,
1778007310001,PUT_HOP,0,2,chordKey_21_40,
1778007310001,PUT_HOP,0,2,chordKey_45_41,
1778007310001,GET,65,2,chordKey_45_41,clients=50
1778007310001,PUT_HOP,0,2,chordKey_35_68,
1778007310002,PUT,0,0,chordKey_45_42,clients=50
1778007310002,GET,66,2,chordKey_27_53,clients=50
1778007310003,PUT,0,0,chordKey_27_54,clients=50
1778007310003,GET,66,2,chordKey_21_40,clients=50
1778007310004,PUT,0,0,chordKey_21_41,clients=50
1778007310004,GET,67,2,chordKey_8_46,clients=50
1778007310005,GET,66,2,chordKey_12_72,clients=50
1778007310005,PUT,0,0,chordKey_8_47,clients=50
1778007310006,PUT_HOP,0,2,chordKey_0_41,
1778007310006,PUT,0,0,chordKey_12_73,clients=50
1778007310006,GET,67,2,chordKey_18_27,clients=50
1778007310007,PUT_HOP,0,2,chordKey_14_72,
1778007310007,GET,68,2,chordKey_42_77,clients=50
1778007310007,PUT_HOP,0,2,chordKey_18_27,
1778007310007,PUT,0,0,chordKey_18_28,clients=50
1778007310007,PUT_HOP,0,2,chordKey_3_72,
1778007310007,PUT,0,0,chordKey_42_78,clients=50
1778007310019,PUT_HOP,0,2,chordKey_10_69,
1778007310019,GET,77,2,chordKey_0_41,clients=50
1778007310028,PUT_HOP,0,2,chordKey_33_27,
1778007310031,PUT_HOP,0,2,chordKey_48_42,
1778007310028,PUT_HOP,0,2,chordKey_30_57,
1778007310037,PUT,0,0,chordKey_0_42,clients=50
1778007310030,PUT_HOP,0,2,chordKey_4_45,
1778007310031,GET,71,2,chordKey_4_45,clients=50
1778007310029,PUT_HOP,0,2,chordKey_24_43,
1778007310027,PUT_HOP,0,2,chordKey_29_53,
1778007310038,PUT,0,0,chordKey_4_46,clients=50
1778007310022,PUT_HOP,0,2,chordKey_37_64,
1778007310031,GET,71,2,chordKey_29_53,clients=50
1778007310019,PUT_HOP,0,2,chordKey_2_31,
1778007310039,PUT,0,0,chordKey_29_54,clients=50
1778007310029,GET,81,2,chordKey_37_64,clients=50
1778007310040,PUT,0,0,chordKey_37_65,clients=50
1778007310028,GET,88,2,chordKey_33_27,clients=50
1778007310041,PUT,0,0,chordKey_33_28,clients=50
1778007310028,GET,82,2,chordKey_30_57,clients=50
1778007310042,PUT_HOP,0,2,chordKey_42_78,
1778007310023,GET,76,2,chordKey_10_69,clients=50
1778007310049,PUT_HOP,0,2,chordKey_27_54,
1778007310048,PUT_HOP,0,2,chordKey_8_47,
1778007310048,PUT_HOP,0,2,chordKey_21_41,
1778007310057,PUT,0,0,chordKey_10_70,clients=50
1778007310046,PUT_HOP,0,2,chordKey_34_83,
1778007310021,GET,76,2,chordKey_14_72,clients=50
1778007310045,PUT_HOP,0,2,chordKey_45_42,
1778007310058,PUT_HOP,0,2,chordKey_18_28,
1778007310021,GET,76,2,chordKey_2_31,clients=50
1778007310045,PUT_HOP,0,2,chordKey_41_77,
1778007310058,PUT,0,0,chordKey_14_73,clients=50
1778007310021,GET,77,2,chordKey_3_72,clients=50
1778007310044,PUT_HOP,0,2,chordKey_17_41,
1778007310043,PUT_HOP,0,2,chordKey_43_77,
1778007310060,PUT,0,0,chordKey_3_73,clients=50
1778007310058,PUT_HOP,0,2,chordKey_12_73,
1778007310021,GET,79,2,chordKey_35_68,clients=50
1778007310056,PUT_HOP,0,2,chordKey_38_98,
1778007310060,PUT_HOP,0,2,chordKey_4_46,
1778007310059,GET,54,2,chordKey_21_41,clients=50
1778007310059,GET,52,2,chordKey_8_47,clients=50
1778007310063,PUT_HOP,0,2,chordKey_29_54,
1778007310063,PUT,0,0,chordKey_8_48,clients=50
1778007310064,PUT_HOP,0,2,chordKey_0_42,
1778007310059,PUT,0,0,chordKey_2_32,clients=50
1778007310058,GET,51,2,chordKey_12_73,clients=50
1778007310057,GET,54,2,chordKey_27_54,clients=50
1778007310056,GET,48,2,chordKey_42_78,clients=50
1778007310067,PUT,0,0,chordKey_42_79,clients=50
1778007310056,PUT,0,0,chordKey_30_58,clients=50
1778007310072,PUT_HOP,0,2,chordKey_33_28,
1778007310049,GET,46,2,chordKey_45_42,clients=50
1778007310047,GET,46,2,chordKey_34_83,clients=50
1778007310077,PUT_HOP,0,2,chordKey_37_65,
1778007310078,PUT_HOP,0,2,chordKey_35_69,
1778007310045,GET,56,2,chordKey_41_77,clients=50
1778007310078,PUT_HOP,0,2,chordKey_14_73,
1778007310045,GET,60,2,chordKey_17_41,clients=50
1778007310079,PUT_HOP,0,2,chordKey_30_58,
1778007310079,PUT,0,0,chordKey_17_42,clients=50
1778007310044,GET,61,2,chordKey_43_77,clients=50
1778007310080,PUT_HOP,0,2,chordKey_21_42,
1778007310080,PUT,0,0,chordKey_43_78,clients=50
1778007310081,PUT_HOP,0,2,chordKey_10_70,
1778007310043,GET,73,2,chordKey_38_98,clients=50
1778007310081,PUT_HOP,0,2,chordKey_3_73,
1778007310082,PUT,0,0,chordKey_38_99,clients=50
1778007310041,GET,77,2,chordKey_48_42,clients=50
1778007310079,GET,22,2,chordKey_10_70,clients=50
1778007310079,PUT,0,0,chordKey_41_78,clients=50
1778007310079,PUT,0,0,chordKey_34_84,clients=50
1778007310078,PUT,0,0,chordKey_45_43,clients=50
1778007310084,PUT_HOP,0,2,chordKey_42_79,
1778007310084,PUT_HOP,0,2,chordKey_8_48,
1778007310069,GET,27,2,chordKey_33_28,clients=50
1778007310068,GET,29,2,chordKey_4_46,clients=50
1778007310085,PUT_HOP,0,2,chordKey_2_32,
1778007310067,GET,28,2,chordKey_29_54,clients=50
1778007310086,PUT_HOP,0,1,chordKey_33_29,
1778007310067,GET,59,2,chordKey_18_28,clients=50
1778007310087,PUT_HOP,0,2,chordKey_12_74,
1778007310087,PUT,0,0,chordKey_29_55,clients=50
1778007310067,GET,6,2,chordKey_3_73,clients=50
1778007310089,PUT,0,0,chordKey_3_74,clients=50
1778007310066,PUT,0,0,chordKey_27_55,clients=50
1778007310090,GET,24,2,chordKey_2_32,clients=50
1778007310090,PUT_HOP,0,2,chordKey_27_55,
1778007310066,GET,25,2,chordKey_37_65,clients=50
1778007310066,PUT,0,0,chordKey_12_74,clients=50
1778007310064,GET,26,2,chordKey_0_42,clients=50
1778007310063,PUT,0,0,chordKey_21_42,clients=50
1778007310063,PUT,0,0,chordKey_35_69,clients=50
1778007310091,PUT,0,0,chordKey_0_43,clients=50
1778007310091,PUT,0,0,chordKey_37_66,clients=50
1778007310093,PUT_HOP,0,2,chordKey_45_43,
1778007310090,PUT,0,0,chordKey_2_33,clients=50
1778007310093,PUT_HOP,0,2,chordKey_34_84,
1778007310087,GET,20,2,chordKey_42_79,clients=50
1778007310093,PUT_HOP,0,2,chordKey_17_42,
1778007310087,PUT,0,0,chordKey_18_29,clients=50
1778007310094,PUT_HOP,0,2,chordKey_41_78,
1778007310086,PUT,0,0,chordKey_4_47,clients=50
1778007310086,GET,21,2,chordKey_8_48,clients=50
1778007310085,PUT,0,0,chordKey_33_29,clients=50
1778007310083,PUT,0,0,chordKey_10_71,clients=50
1778007310083,PUT,0,0,chordKey_48_43,clients=50
1778007310083,GET,23,2,chordKey_14_73,clients=50
1778007310097,PUT,0,0,chordKey_8_49,clients=50
1778007310098,PUT_HOP,0,2,chordKey_43_78,
1778007310096,GET,16,2,chordKey_17_42,clients=50
1778007310095,GET,0,0,chordKey_4_47,clients=50
1778007310094,PUT,0,0,chordKey_42_80,clients=50
1778007310100,PUT,0,0,chordKey_4_48,clients=50
1778007310099,PUT,0,0,chordKey_17_43,clients=50
1778007310099,PUT,0,0,chordKey_14_74,clients=50
1778007310100,GET,0,0,chordKey_4_48,clients=50
1778007310102,PUT,0,0,chordKey_4_49,clients=50
1778007310102,GET,0,0,chordKey_4_49,clients=50
1778007310103,PUT,0,0,chordKey_4_50,clients=50
1778007310103,GET,0,0,chordKey_4_50,clients=50
1778007310104,PUT,0,0,chordKey_4_51,clients=50
1778007310104,GET,0,0,chordKey_4_51,clients=50
1778007310104,GET,28,2,chordKey_30_58,clients=50
1778007310105,PUT,0,0,chordKey_4_52,clients=50
1778007310105,PUT,0,0,chordKey_30_59,clients=50
1778007310105,GET,0,0,chordKey_4_52,clients=50
1778007310107,PUT,0,0,chordKey_4_53,clients=50
1778007310107,GET,0,0,chordKey_4_53,clients=50
1778007310107,PUT,0,0,chordKey_4_54,clients=50
1778007310108,GET,0,0,chordKey_4_54,clients=50
1778007310108,PUT,0,0,chordKey_4_55,clients=50
1778007310109,GET,0,0,chordKey_4_55,clients=50
1778007310109,PUT,0,0,chordKey_4_56,clients=50
1778007310109,GET,0,0,chordKey_4_56,clients=50
1778007310110,PUT,0,0,chordKey_4_57,clients=50
1778007310110,GET,0,0,chordKey_4_57,clients=50
1778007310111,PUT,0,0,chordKey_4_58,clients=50
1778007310111,GET,0,0,chordKey_4_58,clients=50
1778007310112,PUT,0,0,chordKey_4_59,clients=50
1778007310112,GET,0,0,chordKey_4_59,clients=50
1778007310112,PUT,0,0,chordKey_4_60,clients=50
1778007310113,GET,0,0,chordKey_4_60,clients=50
1778007310113,PUT,0,0,chordKey_4_61,clients=50
1778007310114,GET,0,0,chordKey_4_61,clients=50
1778007310114,PUT,0,0,chordKey_4_62,clients=50
1778007310115,GET,0,0,chordKey_4_62,clients=50
1778007310115,PUT,0,0,chordKey_4_63,clients=50
1778007310116,GET,0,0,chordKey_4_63,clients=50
1778007310116,PUT_HOP,0,2,chordKey_38_99,
1778007310116,PUT,0,0,chordKey_4_64,clients=50
1778007310115,PUT_HOP,0,1,chordKey_30_59,
1778007310116,GET,34,2,chordKey_43_78,clients=50
1778007310117,PUT_HOP,0,2,chordKey_10_71,
1778007310117,PUT,0,0,chordKey_43_79,clients=50
1778007310118,GET,34,2,chordKey_41_78,clients=50
1778007310118,PUT_HOP,0,2,chordKey_48_43,
1778007310117,GET,0,0,chordKey_4_64,clients=50
1778007310119,PUT,0,0,chordKey_4_65,clients=50
1778007310119,GET,34,2,chordKey_45_43,clients=50
1778007310120,PUT,0,0,chordKey_45_44,clients=50
1778007310120,PUT_HOP,0,2,chordKey_29_55,
1778007310118,PUT,0,0,chordKey_41_79,clients=50
1778007310120,PUT_HOP,0,2,chordKey_4_47,
1778007310117,GET,35,2,chordKey_38_99,clients=50
1778007310121,PUT_HOP,0,2,chordKey_18_29,
1778007310119,GET,0,0,chordKey_4_65,clients=50
1778007310121,PUT,0,0,chordKey_4_66,clients=50
1778007310122,GET,0,0,chordKey_4_66,clients=50
1778007310122,GET,32,2,chordKey_27_55,clients=50
1778007310119,GET,34,2,chordKey_34_84,clients=50
1778007310123,PUT,0,0,chordKey_34_85,clients=50
1778007310124,PUT_HOP,0,2,chordKey_3_74,
1778007310123,PUT,0,0,chordKey_27_56,clients=50
1778007310122,GET,32,2,chordKey_3_74,clients=50
1778007310122,PUT,0,0,chordKey_4_67,clients=50
1778007310121,GET,33,2,chordKey_29_55,clients=50
1778007310125,GET,0,0,chordKey_4_67,clients=50
1778007310126,PUT,0,0,chordKey_4_68,clients=50
1778007310125,PUT,0,0,chordKey_3_75,clients=50
1778007310126,GET,29,1,chordKey_33_29,clients=50
1778007310126,GET,0,0,chordKey_4_68,clients=50
1778007310125,PUT,0,0,chordKey_29_56,clients=50
1778007310127,PUT,0,0,chordKey_4_69,clients=50
1778007310127,PUT,0,0,chordKey_33_30,clients=50
1778007310128,GET,0,0,chordKey_4_69,clients=50
1778007310128,PUT,0,0,chordKey_4_70,clients=50
1778007310129,GET,0,0,chordKey_4_70,clients=50
1778007310129,PUT,0,0,chordKey_4_71,clients=50
1778007310129,GET,0,0,chordKey_4_71,clients=50
1778007310130,PUT,0,0,chordKey_4_72,clients=50
1778007310130,GET,0,0,chordKey_4_72,clients=50
1778007310131,PUT,0,0,chordKey_4_73,clients=50
1778007310131,GET,0,0,chordKey_4_73,clients=50
1778007310132,PUT,0,0,chordKey_4_74,clients=50
1778007310132,GET,0,0,chordKey_4_74,clients=50
1778007310132,PUT,0,0,chordKey_4_75,clients=50
1778007310133,GET,0,0,chordKey_4_75,clients=50
1778007310133,PUT,0,0,chordKey_4_76,clients=50
1778007310134,GET,0,0,chordKey_4_76,clients=50
1778007310134,PUT,0,0,chordKey_4_77,clients=50
1778007310135,GET,0,0,chordKey_4_77,clients=50
1778007310135,PUT,0,0,chordKey_4_78,clients=50
1778007310136,GET,0,0,chordKey_4_78,clients=50
1778007310136,PUT,0,0,chordKey_4_79,clients=50
1778007310137,GET,0,0,chordKey_4_79,clients=50
1778007310137,PUT,0,0,chordKey_4_80,clients=50
1778007310138,GET,0,0,chordKey_4_80,clients=50
1778007310138,PUT,0,0,chordKey_4_81,clients=50
1778007310138,GET,0,0,chordKey_4_81,clients=50
1778007310139,PUT_HOP,0,2,chordKey_2_33,
1778007310139,PUT,0,0,chordKey_4_82,clients=50
1778007310139,GET,0,0,chordKey_4_82,clients=50
1778007310140,PUT_HOP,0,2,chordKey_37_66,
1778007310140,GET,49,2,chordKey_12_74,clients=50
1778007310140,PUT,0,0,chordKey_4_83,clients=50
1778007310141,GET,0,0,chordKey_4_83,clients=50
1778007310141,PUT,0,0,chordKey_4_84,clients=50
1778007310141,PUT_HOP,0,2,chordKey_0_43,
1778007310141,GET,0,0,chordKey_4_84,clients=50
1778007310140,PUT,0,0,chordKey_12_75,clients=50
1778007310141,GET,48,2,chordKey_21_42,clients=50
1778007310143,PUT_HOP,0,2,chordKey_42_80,
1778007310143,PUT_HOP,0,2,chordKey_14_74,
1778007310143,PUT_HOP,0,2,chordKey_8_49,
1778007310144,PUT_HOP,0,2,chordKey_4_48,
1778007310147,PUT_HOP,0,2,chordKey_17_43,
1778007310147,PUT_HOP,0,2,chordKey_4_51,
1778007310148,PUT_HOP,0,2,chordKey_4_53,
1778007310148,PUT_HOP,0,2,chordKey_4_50,
1778007310148,PUT_HOP,0,2,chordKey_4_49,
1778007310148,PUT_HOP,0,2,chordKey_4_55,
1778007310149,PUT_HOP,0,2,chordKey_4_54,
1778007310149,PUT_HOP,0,2,chordKey_4_52,
1778007310149,PUT_HOP,0,2,chordKey_4_57,
1778007310150,PUT_HOP,0,2,chordKey_4_59,
1778007310151,PUT_HOP,0,2,chordKey_4_56,
1778007310159,GET,53,1,chordKey_30_59,clients=50
1778007310160,PUT,0,0,chordKey_30_60,clients=50
1778007310177,PUT_HOP,0,2,chordKey_4_60,
1778007310177,PUT_HOP,0,2,chordKey_4_58,
1778007310178,PUT_HOP,0,2,chordKey_4_61,
1778007310179,GET,87,2,chordKey_35_69,clients=50
1778007310180,PUT,0,0,chordKey_35_70,clients=50
1778007310180,PUT_HOP,0,2,chordKey_4_62,
1778007310181,GET,86,2,chordKey_18_29,clients=50
1778007310180,GET,87,2,chordKey_0_43,clients=50
1778007310181,PUT,0,0,chordKey_18_30,clients=50
1778007310181,GET,87,2,chordKey_2_33,clients=50
1778007310182,PUT_HOP,0,2,chordKey_4_63,
1778007310182,PUT,0,0,chordKey_0_44,clients=50
1778007310183,PUT_HOP,0,2,chordKey_4_64,
1778007310182,PUT,0,0,chordKey_2_34,clients=50
1778007310183,GET,90,2,chordKey_37_66,clients=50
1778007310184,PUT,0,0,chordKey_37_67,clients=50
1778007310184,GET,86,2,chordKey_10_71,clients=50
1778007310185,PUT_HOP,0,2,chordKey_43_79,
1778007310185,PUT,0,0,chordKey_10_72,clients=50
1778007310185,GET,87,2,chordKey_48_43,clients=50
1778007310186,PUT_HOP,0,2,chordKey_34_85,
1778007310186,PUT,0,0,chordKey_48_44,clients=50
1778007310186,PUT_HOP,0,2,chordKey_29_56,
1778007310186,PUT_HOP,0,2,chordKey_3_75,
1778007310187,PUT_HOP,0,2,chordKey_4_68,
1778007310187,GET,88,2,chordKey_8_49,clients=50
1778007310187,GET,87,2,chordKey_42_80,clients=50
1778007310188,PUT_HOP,0,2,chordKey_33_30,
1778007310188,PUT,0,0,chordKey_8_50,clients=50
1778007310188,PUT_HOP,0,2,chordKey_4_69,
1778007310188,PUT,0,0,chordKey_42_81,clients=50
1778007310189,GET,88,2,chordKey_17_43,clients=50
1778007310189,GET,88,2,chordKey_14_74,clients=50
1778007310190,GET,62,2,chordKey_33_30,clients=50
1778007310191,PUT_HOP,0,2,chordKey_4_71,
1778007310190,PUT,0,0,chordKey_17_44,clients=50
1778007310191,PUT_HOP,0,2,chordKey_4_70,
1778007310191,PUT,0,0,chordKey_33_31,clients=50
1778007310191,PUT_HOP,0,2,chordKey_4_74,
1778007310191,PUT_HOP,0,2,chordKey_4_72,
1778007310191,PUT,0,0,chordKey_14_75,clients=50
1778007310192,PUT_HOP,0,2,chordKey_4_76,
1778007310192,PUT_HOP,0,2,chordKey_4_73,
1778007310193,PUT_HOP,0,2,chordKey_4_75,
1778007310194,GET,76,2,chordKey_43_79,clients=50
1778007310193,PUT_HOP,0,2,chordKey_4_77,
1778007310194,GET,74,2,chordKey_45_44,clients=50
1778007310194,PUT_HOP,0,2,chordKey_4_78,
1778007310194,PUT,0,0,chordKey_43_80,clients=50
1778007310195,PUT,0,0,chordKey_45_45,clients=50
1778007310198,GET,74,2,chordKey_34_85,clients=50
1778007310198,PUT_HOP,0,2,chordKey_4_79,
1778007310198,GET,74,2,chordKey_27_56,clients=50
1778007310198,GET,78,2,chordKey_41_79,clients=50
1778007310200,GET,73,2,chordKey_3_75,clients=50
1778007310200,PUT,0,0,chordKey_27_57,clients=50
1778007310199,PUT,0,0,chordKey_34_86,clients=50
1778007310201,PUT_HOP,0,2,chordKey_4_80,
1778007310201,GET,74,2,chordKey_29_56,clients=50
1778007310201,PUT,0,0,chordKey_3_76,clients=50
1778007310200,PUT,0,0,chordKey_41_80,clients=50
1778007310202,PUT,0,0,chordKey_29_57,clients=50
1778007310203,PUT_HOP,0,2,chordKey_4_81,
1778007310205,PUT_HOP,0,2,chordKey_4_82,
1778007310206,PUT_HOP,0,2,chordKey_4_83,
1778007310207,PUT_HOP,0,2,chordKey_12_75,
1778007310207,PUT_HOP,0,2,chordKey_4_84,
1778007310210,PUT_HOP,0,2,chordKey_30_60,
1778007310211,GET,50,2,chordKey_30_60,clients=50
1778007310211,PUT,0,0,chordKey_30_61,clients=50
1778007310213,PUT_HOP,0,2,chordKey_35_70,
1778007310214,GET,33,2,chordKey_35_70,clients=50
1778007310215,PUT,0,0,chordKey_35_71,clients=50
1778007310215,PUT_HOP,0,2,chordKey_18_30,
1778007310217,PUT_HOP,0,2,chordKey_0_44,
1778007310217,PUT_HOP,0,2,chordKey_2_34,
1778007310218,GET,35,2,chordKey_0_44,clients=50
1778007310219,GET,35,2,chordKey_2_34,clients=50
1778007310219,PUT,0,0,chordKey_0_45,clients=50
1778007310219,PUT,0,0,chordKey_2_35,clients=50
1778007310219,GET,37,2,chordKey_18_30,clients=50
1778007310220,PUT,0,0,chordKey_18_31,clients=50
1778007310224,PUT_HOP,0,2,chordKey_37_67,
1778007310225,GET,40,2,chordKey_37_67,clients=50
1778007310225,PUT_HOP,0,2,chordKey_10_72,
1778007310225,GET,39,2,chordKey_10_72,clients=50
1778007310225,PUT,0,0,chordKey_37_68,clients=50
1778007310225,PUT_HOP,0,2,chordKey_48_44,
1778007310226,PUT,0,0,chordKey_10_73,clients=50
1778007310226,PUT_HOP,0,2,chordKey_8_50,
1778007310227,GET,38,2,chordKey_8_50,clients=50
1778007310227,GET,40,2,chordKey_48_44,clients=50
1778007310227,PUT,0,0,chordKey_8_51,clients=50
1778007310228,PUT_HOP,0,2,chordKey_42_81,
1778007310228,PUT,0,0,chordKey_48_45,clients=50
1778007310228,PUT_HOP,0,2,chordKey_17_44,
1778007310228,GET,39,2,chordKey_42_81,clients=50
1778007310229,PUT_HOP,0,2,chordKey_33_31,
1778007310229,PUT,0,0,chordKey_42_82,clients=50
1778007310229,PUT_HOP,0,2,chordKey_14_75,
1778007310230,GET,38,2,chordKey_17_44,clients=50
1778007310230,PUT,0,0,chordKey_17_45,clients=50
1778007310231,GET,39,2,chordKey_33_31,clients=50
1778007310232,PUT,0,0,chordKey_33_32,clients=50
1778007310232,PUT_HOP,0,2,chordKey_45_45,
1778007310232,PUT_HOP,0,2,chordKey_34_86,
1778007310233,GET,40,2,chordKey_14_75,clients=50
1778007310233,PUT_HOP,0,2,chordKey_27_57,
1778007310233,GET,38,2,chordKey_43_80,clients=50
1778007310234,PUT_HOP,0,2,chordKey_43_80,
1778007310234,PUT,0,0,chordKey_14_76,clients=50
1778007310234,PUT,0,0,chordKey_43_81,clients=50
1778007310235,PUT_HOP,0,2,chordKey_41_80,
1778007310235,GET,39,2,chordKey_45_45,clients=50
1778007310235,PUT_HOP,0,2,chordKey_3_76,
1778007310235,PUT,0,0,chordKey_45_46,clients=50
1778007310236,GET,34,2,chordKey_27_57,clients=50
1778007310237,PUT_HOP,0,2,chordKey_29_57,
1778007310237,PUT,0,0,chordKey_27_58,clients=50
1778007310237,GET,35,2,chordKey_34_86,clients=50
1778007310238,PUT,0,0,chordKey_34_87,clients=50
1778007310239,GET,36,2,chordKey_3_76,clients=50
1778007310239,PUT,0,0,chordKey_3_77,clients=50
1778007310242,GET,39,2,chordKey_29_57,clients=50
1778007310242,GET,39,2,chordKey_41_80,clients=50
1778007310243,PUT,0,0,chordKey_29_58,clients=50
1778007310243,PUT,0,0,chordKey_41_81,clients=50
1778007310245,PUT_HOP,0,2,chordKey_30_61,
1778007310246,GET,34,2,chordKey_30_61,clients=50
1778007310247,PUT,0,0,chordKey_30_62,clients=50
1778007310248,PUT_HOP,0,2,chordKey_35_71,
1778007310250,GET,34,2,chordKey_35_71,clients=50
1778007310250,PUT,0,0,chordKey_35_72,clients=50
1778007310251,PUT_HOP,0,2,chordKey_2_35,
1778007310257,PUT_HOP,0,2,chordKey_0_45,
1778007310258,PUT_HOP,0,2,chordKey_18_31,
1778007310259,GET,39,2,chordKey_0_45,clients=50
1778007310259,GET,39,2,chordKey_2_35,clients=50
1778007310259,PUT_HOP,0,2,chordKey_37_68,
1778007310259,PUT,0,0,chordKey_0_46,clients=50
1778007310260,PUT,0,0,chordKey_2_36,clients=50
1778007310259,GET,37,2,chordKey_18_31,clients=50
1778007310260,PUT,0,0,chordKey_18_32,clients=50
1778007310261,PUT_HOP,0,2,chordKey_10_73,
1778007310261,PUT_HOP,0,2,chordKey_8_51,
1778007310262,GET,35,2,chordKey_10_73,clients=50
1778007310262,PUT_HOP,0,2,chordKey_48_45,
1778007310263,GET,34,2,chordKey_8_51,clients=50
1778007310263,PUT,0,0,chordKey_8_52,clients=50
1778007310263,PUT_HOP,0,2,chordKey_42_82,
1778007310264,PUT_HOP,0,2,chordKey_17_45,
1778007310264,GET,35,2,chordKey_48_45,clients=50
1778007310262,GET,36,2,chordKey_37_68,clients=50
1778007310264,PUT,0,0,chordKey_48_46,clients=50
1778007310265,PUT,0,0,chordKey_37_69,clients=50
1778007310265,PUT_HOP,0,2,chordKey_33_32,
1778007310263,PUT,0,0,chordKey_10_74,clients=50
1778007310266,GET,33,2,chordKey_33_32,clients=50
1778007310267,PUT_HOP,0,2,chordKey_14_76,
1778007310267,PUT,0,0,chordKey_33_33,clients=50
1778007310267,PUT_HOP,0,2,chordKey_43_81,
1778007310267,GET,32,2,chordKey_14_76,clients=50
1778007310267,PUT_HOP,0,2,chordKey_45_46,
1778007310268,PUT,0,0,chordKey_14_77,clients=50
1778007310268,PUT_HOP,0,2,chordKey_27_58,
1778007310268,GET,32,2,chordKey_45_46,clients=50
1778007310265,GET,34,2,chordKey_17_45,clients=50
1778007310269,PUT_HOP,0,2,chordKey_34_87,
1778007310269,PUT,0,0,chordKey_17_46,clients=50
1778007310269,PUT,0,0,chordKey_45_47,clients=50
1778007310270,PUT_HOP,0,2,chordKey_3_77,
1778007310270,GET,39,2,chordKey_42_82,clients=50
1778007310270,GET,35,2,chordKey_43_81,clients=50
1778007310271,GET,30,2,chordKey_3_77,clients=50
1778007310270,GET,32,2,chordKey_27_58,clients=50
1778007310272,PUT,0,0,chordKey_27_59,clients=50
1778007310269,GET,31,2,chordKey_34_87,clients=50
1778007310271,PUT,0,0,chordKey_3_78,clients=50
1778007310272,PUT_HOP,0,2,chordKey_29_58,
1778007310271,PUT,0,0,chordKey_43_82,clients=50
1778007310271,PUT,0,0,chordKey_42_83,clients=50
1778007310273,PUT_HOP,0,2,chordKey_41_81,
1778007310273,PUT,0,0,chordKey_34_88,clients=50
1778007310274,GET,31,2,chordKey_29_58,clients=50
1778007310275,PUT,0,0,chordKey_29_59,clients=50
1778007310278,GET,35,2,chordKey_41_81,clients=50
1778007310279,PUT,0,0,chordKey_41_82,clients=50
1778007310279,PUT_HOP,0,2,chordKey_30_62,
1778007310280,GET,32,2,chordKey_30_62,clients=50
1778007310281,PUT,0,0,chordKey_30_63,clients=50
1778007310284,GET,32,2,chordKey_35_72,clients=50
1778007310284,PUT_HOP,0,2,chordKey_35_72,
1778007310284,PUT,0,0,chordKey_35_73,clients=50
1778007310285,PUT_HOP,0,2,chordKey_2_36,
1778007310287,PUT_HOP,0,2,chordKey_0_46,
1778007310288,PUT_HOP,0,2,chordKey_18_32,
1778007310288,GET,28,2,chordKey_0_46,clients=50
1778007310289,GET,28,2,chordKey_2_36,clients=50
1778007310289,PUT,0,0,chordKey_0_47,clients=50
1778007310289,PUT,0,0,chordKey_2_37,clients=50
1778007310289,GET,28,2,chordKey_18_32,clients=50
1778007310291,PUT,0,0,chordKey_18_33,clients=50
1778007310291,PUT_HOP,0,2,chordKey_10_74,
1778007310292,PUT_HOP,0,2,chordKey_8_52,
1778007310293,PUT_HOP,0,2,chordKey_48_46,
1778007310293,GET,29,2,chordKey_8_52,clients=50
1778007310294,PUT_HOP,0,2,chordKey_37_69,
1778007310294,PUT,0,0,chordKey_8_53,clients=50
1778007310294,GET,29,2,chordKey_48_46,clients=50
1778007310295,PUT,0,0,chordKey_48_47,clients=50
1778007310296,GET,30,2,chordKey_37_69,clients=50
1778007310296,PUT_HOP,0,2,chordKey_33_33,
1778007310296,PUT,0,0,chordKey_37_70,clients=50
1778007310297,PUT_HOP,0,2,chordKey_14_77,
1778007310297,GET,29,2,chordKey_33_33,clients=50
1778007310297,PUT_HOP,0,2,chordKey_45_47,
1778007310297,GET,30,2,chordKey_10_74,clients=50
1778007310298,PUT,0,0,chordKey_33_34,clients=50
1778007310298,PUT,0,0,chordKey_10_75,clients=50
1778007310298,PUT_HOP,0,2,chordKey_42_83,
1778007310298,GET,29,2,chordKey_14_77,clients=50
1778007310298,PUT_HOP,0,2,chordKey_17_46,
1778007310299,PUT,0,0,chordKey_14_78,clients=50
1778007310300,GET,29,2,chordKey_17_46,clients=50
1778007310300,PUT_HOP,0,2,chordKey_43_82,
1778007310300,PUT,0,0,chordKey_17_47,clients=50
1778007310300,PUT_HOP,0,2,chordKey_3_78,
1778007310301,GET,30,2,chordKey_45_47,clients=50
1778007310301,PUT_HOP,0,2,chordKey_27_59,
1778007310301,PUT,0,0,chordKey_45_48,clients=50
1778007310302,PUT_HOP,0,2,chordKey_34_88,
1778007310303,GET,31,2,chordKey_27_59,clients=50
1778007310303,GET,30,2,chordKey_3_78,clients=50
1778007310304,PUT,0,0,chordKey_27_60,clients=50
1778007310304,GET,31,2,chordKey_43_82,clients=50
1778007310305,PUT,0,0,chordKey_43_83,clients=50
1778007310304,PUT,0,0,chordKey_3_79,clients=50
1778007310305,GET,31,2,chordKey_42_83,clients=50
1778007310306,PUT,0,0,chordKey_42_84,clients=50
1778007310306,PUT_HOP,0,2,chordKey_29_59,
1778007310307,PUT_HOP,0,2,chordKey_41_82,
1778007310307,GET,32,2,chordKey_34_88,clients=50
1778007310307,GET,31,2,chordKey_29_59,clients=50
1778007310308,PUT,0,0,chordKey_34_89,clients=50
1778007310308,PUT,0,0,chordKey_29_60,clients=50
1778007310309,GET,29,2,chordKey_41_82,clients=50
1778007310309,PUT_HOP,0,2,chordKey_30_63,
1778007310310,PUT,0,0,chordKey_41_83,clients=50
1778007310311,GET,29,2,chordKey_30_63,clients=50
1778007310311,PUT_HOP,0,2,chordKey_35_73,
1778007310311,PUT,0,0,chordKey_30_64,clients=50
1778007310313,GET,28,2,chordKey_35_73,clients=50
1778007310313,PUT_HOP,0,2,chordKey_0_47,
1778007310314,PUT,0,0,chordKey_35_74,clients=50
1778007310314,PUT_HOP,0,2,chordKey_45_48,
1778007310315,GET,13,2,chordKey_45_48,clients=50
1778007310315,PUT_HOP,0,2,chordKey_2_37,
1778007310316,PUT,0,0,chordKey_45_49,clients=50
1778007310316,PUT_HOP,0,2,chordKey_18_33,
1778007310317,GET,26,2,chordKey_2_37,clients=50
1778007310317,GET,27,2,chordKey_0_47,clients=50
1778007310319,PUT_HOP,0,2,chordKey_26_71,
1778007310326,PUT_HOP,0,2,chordKey_48_47,
1778007310327,PUT,0,0,chordKey_0_48,clients=50
1778007310325,PUT_HOP,0,2,chordKey_8_53,
1778007310326,GET,35,2,chordKey_18_33,clients=50
1778007310328,GET,1061,2,chordKey_36_59,clients=50
1778007310319,GET,1050,2,chordKey_26_71,clients=50
1778007310329,PUT,0,0,chordKey_36_60,clients=50
1778007310317,PUT,0,0,chordKey_2_38,clients=50
1778007310330,GET,34,2,chordKey_48_47,clients=50
1778007310330,PUT,0,0,chordKey_48_48,clients=50
1778007310329,PUT,0,0,chordKey_26_72,clients=50
1778007310328,PUT,0,0,chordKey_18_34,clients=50
1778007310331,PUT_HOP,0,2,chordKey_37_70,
1778007310332,GET,37,2,chordKey_8_53,clients=50
1778007310332,PUT_HOP,0,2,chordKey_10_75,
1778007310332,GET,34,2,chordKey_37_70,clients=50
1778007310332,PUT,0,0,chordKey_8_54,clients=50
1778007310333,PUT,0,0,chordKey_37_71,clients=50
1778007310333,GET,34,2,chordKey_10_75,clients=50
1778007310334,PUT_HOP,0,2,chordKey_17_47,
1778007310334,PUT,0,0,chordKey_10_76,clients=50
1778007310334,GET,35,2,chordKey_33_34,clients=50
1778007310334,PUT,0,0,chordKey_33_35,clients=50
1778007310335,PUT_HOP,0,2,chordKey_33_34,
1778007310336,GET,35,2,chordKey_17_47,clients=50
1778007310336,PUT_HOP,0,2,chordKey_43_83,
1778007310336,PUT_HOP,0,2,chordKey_14_78,
1778007310336,PUT,0,0,chordKey_17_48,clients=50
1778007310337,PUT_HOP,0,2,chordKey_27_60,
1778007310337,GET,37,2,chordKey_14_78,clients=50
1778007310337,PUT,0,0,chordKey_14_79,clients=50
1778007310337,PUT_HOP,0,2,chordKey_3_79,
1778007310338,GET,34,2,chordKey_27_60,clients=50
1778007310339,PUT,0,0,chordKey_27_61,clients=50
1778007310339,PUT_HOP,0,2,chordKey_42_84,
1778007310340,GET,34,2,chordKey_43_83,clients=50
1778007310341,PUT,0,0,chordKey_43_84,clients=50
1778007310341,GET,1047,2,chordKey_7_41,clients=50
1778007310341,GET,1051,2,chordKey_32_66,clients=50
1778007310342,PUT,0,0,chordKey_7_42,clients=50
1778007310342,PUT_HOP,0,2,chordKey_43_62,
1778007310342,PUT,0,0,chordKey_32_67,clients=50
1778007310342,PUT_HOP,0,2,chordKey_34_89,
1778007310342,PUT_HOP,0,2,chordKey_29_60,
1778007310343,GET,37,2,chordKey_3_79,clients=50
1778007310343,PUT,0,0,chordKey_3_80,clients=50
1778007310344,PUT_HOP,0,2,chordKey_42_63,
1778007310344,GET,35,2,chordKey_34_89,clients=50
1778007310344,GET,35,2,chordKey_29_60,clients=50
1778007310344,GET,37,2,chordKey_42_84,clients=50
1778007310345,PUT,0,0,chordKey_29_61,clients=50
1778007310345,PUT,0,0,chordKey_42_85,clients=50
1778007310345,GET,1053,2,chordKey_47_40,clients=50
1778007310344,PUT,0,0,chordKey_34_90,clients=50
1778007310346,PUT,0,0,chordKey_47_41,clients=50
1778007310348,PUT_HOP,0,2,chordKey_47_40,
1778007310349,PUT_HOP,0,2,chordKey_7_41,
1778007310350,PUT_HOP,0,2,chordKey_41_83,
1778007310352,GET,42,2,chordKey_41_83,clients=50
1778007310353,PUT,0,0,chordKey_41_84,clients=50
1778007310355,GET,43,2,chordKey_30_64,clients=50
1778007310355,PUT_HOP,0,2,chordKey_35_74,
1778007310355,PUT,0,0,chordKey_30_65,clients=50
1778007310355,PUT_HOP,0,2,chordKey_30_64,
1778007310356,GET,42,2,chordKey_35_74,clients=50
1778007310357,PUT,0,0,chordKey_35_75,clients=50
1778007310358,PUT_HOP,0,2,chordKey_2_38,
1778007310362,GET,45,2,chordKey_45_49,clients=50
1778007310363,PUT,0,0,chordKey_45_50,clients=50
1778007310363,PUT_HOP,0,2,chordKey_0_48,
1778007310367,GET,39,2,chordKey_0_48,clients=50
1778007310367,PUT_HOP,0,2,chordKey_18_34,
1778007310367,PUT_HOP,0,2,chordKey_36_60,
1778007310368,PUT,0,0,chordKey_0_49,clients=50
1778007310368,PUT_HOP,0,2,chordKey_26_72,
1778007310369,PUT_HOP,0,2,chordKey_48_48,
1778007310369,GET,39,2,chordKey_36_60,clients=50
1778007310370,PUT_HOP,0,2,chordKey_8_54,
1778007310370,GET,39,2,chordKey_2_38,clients=50
1778007310370,PUT,0,0,chordKey_36_61,clients=50
1778007310370,PUT,0,0,chordKey_2_39,clients=50
1778007310370,GET,39,2,chordKey_48_48,clients=50
1778007310371,GET,40,2,chordKey_26_72,clients=50
1778007310371,PUT_HOP,0,2,chordKey_37_71,
1778007310371,PUT,0,0,chordKey_48_49,clients=50
1778007310372,PUT_HOP,0,2,chordKey_10_76,
1778007310372,PUT_HOP,0,2,chordKey_45_49,
1778007310372,PUT,0,0,chordKey_26_73,clients=50
1778007310372,GET,39,2,chordKey_8_54,clients=50
1778007310373,PUT,0,0,chordKey_8_55,clients=50
1778007310374,GET,40,2,chordKey_37_71,clients=50
1778007310375,PUT,0,0,chordKey_37_72,clients=50
1778007310374,GET,43,2,chordKey_18_34,clients=50
1778007310376,PUT_HOP,0,2,chordKey_33_35,
1778007310375,GET,41,2,chordKey_10_76,clients=50
1778007310376,PUT,0,0,chordKey_18_35,clients=50
1778007310377,GET,41,2,chordKey_33_35,clients=50
1778007310377,PUT_HOP,0,2,chordKey_17_48,
1778007310376,PUT,0,0,chordKey_10_77,clients=50
1778007310377,PUT_HOP,0,2,chordKey_14_79,
1778007310377,PUT,0,0,chordKey_33_36,clients=50
1778007310379,PUT_HOP,0,2,chordKey_27_61,
1778007310379,GET,41,2,chordKey_14_79,clients=50
1778007310380,PUT,0,0,chordKey_14_80,clients=50
1778007310380,GET,43,2,chordKey_17_48,clients=50
1778007310380,GET,41,2,chordKey_27_61,clients=50
1778007310380,PUT,0,0,chordKey_17_49,clients=50
1778007310381,PUT_HOP,0,2,chordKey_43_84,
1778007310381,PUT_HOP,0,2,chordKey_7_42,
1778007310381,PUT,0,0,chordKey_27_62,clients=50
1778007310382,PUT_HOP,0,2,chordKey_32_67,
1778007310383,GET,41,2,chordKey_43_84,clients=50
1778007310383,GET,41,2,chordKey_7_42,clients=50
1778007310384,PUT,0,0,chordKey_7_43,clients=50
1778007310383,PUT,0,0,chordKey_43_85,clients=50
1778007310384,PUT_HOP,0,2,chordKey_3_80,
1778007310385,GET,42,2,chordKey_32_67,clients=50
1778007310385,PUT_HOP,0,2,chordKey_34_90,
1778007310385,PUT,0,0,chordKey_32_68,clients=50
1778007310386,GET,42,2,chordKey_3_80,clients=50
1778007310386,PUT_HOP,0,2,chordKey_29_61,
1778007310386,PUT,0,0,chordKey_3_81,clients=50
1778007310386,PUT_HOP,0,2,chordKey_42_85,
1778007310387,GET,41,2,chordKey_29_61,clients=50
1778007310387,PUT,0,0,chordKey_29_62,clients=50
1778007310388,PUT_HOP,0,2,chordKey_47_41,
1778007310388,GET,42,2,chordKey_42_85,clients=50
1778007310388,PUT,0,0,chordKey_42_86,clients=50
1778007310389,GET,42,2,chordKey_34_90,clients=50
1778007310389,GET,43,2,chordKey_47_41,clients=50
1778007310389,PUT,0,0,chordKey_34_91,clients=50
1778007310390,PUT,0,0,chordKey_47_42,clients=50
1778007310391,PUT_HOP,0,2,chordKey_41_84,
1778007310392,GET,38,2,chordKey_41_84,clients=50
1778007310393,PUT,0,0,chordKey_41_85,clients=50
1778007310394,PUT_HOP,0,2,chordKey_30_65,
1778007310396,GET,39,2,chordKey_30_65,clients=50
1778007310396,PUT,0,0,chordKey_30_66,clients=50
1778007310397,PUT_HOP,0,2,chordKey_35_75,
1778007310398,GET,40,2,chordKey_35_75,clients=50
1778007310399,PUT,0,0,chordKey_35_76,clients=50
1778007310402,GET,39,2,chordKey_45_50,clients=50
1778007310403,PUT_HOP,0,2,chordKey_45_50,
1778007310403,PUT,0,0,chordKey_45_51,clients=50
1778007310404,PUT_HOP,0,2,chordKey_0_49,
1778007310405,GET,36,2,chordKey_0_49,clients=50
1778007310405,PUT,0,0,chordKey_0_50,clients=50
1778007310406,PUT_HOP,0,2,chordKey_2_39,
1778007310407,PUT_HOP,0,2,chordKey_48_49,
1778007310408,PUT_HOP,0,2,chordKey_36_61,
1778007310408,PUT_HOP,0,2,chordKey_26_73,
1778007310409,GET,38,2,chordKey_36_61,clients=50
1778007310409,GET,36,2,chordKey_48_49,clients=50
1778007310409,GET,37,2,chordKey_2_39,clients=50
1778007310410,PUT,0,0,chordKey_48_50,clients=50
1778007310409,GET,37,2,chordKey_26_73,clients=50
1778007310409,PUT,0,0,chordKey_36_62,clients=50
1778007310411,PUT,0,0,chordKey_26_74,clients=50
1778007310410,PUT,0,0,chordKey_2_40,clients=50
1778007310413,PUT_HOP,0,2,chordKey_8_55,
1778007310413,PUT_HOP,0,2,chordKey_37_72,
1778007310413,GET,40,2,chordKey_8_55,clients=50
1778007310414,PUT,0,0,chordKey_8_56,clients=50
1778007310414,PUT_HOP,0,2,chordKey_18_35,
1778007310415,PUT_HOP,0,2,chordKey_10_77,
1778007310415,GET,39,2,chordKey_37_72,clients=50
1778007310415,PUT,0,0,chordKey_37_73,clients=50
1778007310416,GET,39,2,chordKey_18_35,clients=50
1778007310416,GET,38,2,chordKey_33_36,clients=50
1778007310416,PUT_HOP,0,2,chordKey_33_36,
1778007310416,PUT,0,0,chordKey_18_36,clients=50
1778007310417,PUT,0,0,chordKey_33_37,clients=50
1778007310417,GET,39,2,chordKey_10_77,clients=50
1778007310418,PUT_HOP,0,2,chordKey_14_80,
1778007310418,PUT,0,0,chordKey_10_78,clients=50
1778007310418,PUT_HOP,0,2,chordKey_17_49,
1778007310419,PUT_HOP,0,2,chordKey_27_62,
1778007310419,GET,39,2,chordKey_14_80,clients=50
1778007310420,PUT,0,0,chordKey_14_81,clients=50
1778007310420,GET,38,2,chordKey_27_62,clients=50
1778007310420,PUT_HOP,0,2,chordKey_43_85,
1778007310421,GET,1041,2,chordKey_24_52,clients=50
1778007310421,PUT,0,0,chordKey_27_63,clients=50
1778007310421,PUT_HOP,0,2,chordKey_7_43,
1778007310421,PUT,0,0,chordKey_24_53,clients=50
1778007310423,GET,38,2,chordKey_7_43,clients=50
1778007310423,PUT_HOP,0,2,chordKey_24_52,
1778007310423,GET,41,2,chordKey_17_49,clients=50
1778007310424,GET,39,2,chordKey_43_85,clients=50
1778007310424,PUT,0,0,chordKey_17_50,clients=50
1778007310424,PUT_HOP,0,2,chordKey_42_86,
1778007310423,GET,37,2,chordKey_32_68,clients=50
1778007310425,PUT,0,0,chordKey_32_69,clients=50
1778007310425,PUT_HOP,0,2,chordKey_32_68,
1778007310423,PUT,0,0,chordKey_7_44,clients=50
1778007310426,GET,37,2,chordKey_42_86,clients=50
1778007310428,PUT,0,0,chordKey_42_87,clients=50
1778007310424,PUT,0,0,chordKey_43_86,clients=50
1778007310428,GET,40,2,chordKey_29_62,clients=50
1778007310429,PUT,0,0,chordKey_29_63,clients=50
1778007310428,GET,37,2,chordKey_34_91,clients=50
1778007310430,PUT,0,0,chordKey_34_92,clients=50
1778007310427,GET,40,2,chordKey_3_81,clients=50
1778007310431,PUT,0,0,chordKey_3_82,clients=50
1778007310431,PUT_HOP,0,2,chordKey_13_29,
1778007310427,GET,36,2,chordKey_47_42,clients=50
1778007310432,PUT,0,0,chordKey_47_43,clients=50
1778007310432,GET,1046,2,chordKey_13_29,clients=50
1778007310433,PUT,0,0,chordKey_13_30,clients=50
1778007310434,PUT_HOP,0,2,chordKey_3_81,
1778007310434,PUT_HOP,0,2,chordKey_29_62,
1778007310435,PUT_HOP,0,2,chordKey_47_42,
1778007310435,PUT_HOP,0,2,chordKey_41_85,
1778007310438,GET,45,2,chordKey_41_85,clients=50
1778007310439,PUT_HOP,0,2,chordKey_30_66,
1778007310439,PUT,0,0,chordKey_41_86,clients=50
1778007310441,GET,43,2,chordKey_30_66,clients=50
1778007310441,PUT_HOP,0,2,chordKey_35_76,
1778007310441,PUT,0,0,chordKey_30_67,clients=50
1778007310442,PUT_HOP,0,2,chordKey_34_91,
1778007310442,GET,42,2,chordKey_35_76,clients=50
1778007310443,PUT,0,0,chordKey_35_77,clients=50
1778007310444,PUT_HOP,0,2,chordKey_45_51,
1778007310446,GET,42,2,chordKey_45_51,clients=50
1778007310446,PUT,0,0,chordKey_45_52,clients=50
1778007310448,PUT_HOP,0,2,chordKey_0_50,
1778007310450,PUT_HOP,0,2,chordKey_2_40,
1778007310450,GET,44,2,chordKey_0_50,clients=50
1778007310451,PUT_HOP,0,2,chordKey_36_62,
1778007310451,PUT,0,0,chordKey_0_51,clients=50
1778007310451,PUT_HOP,0,2,chordKey_26_74,
1778007310452,PUT_HOP,0,2,chordKey_48_50,
1778007310453,GET,41,2,chordKey_26_74,clients=50
1778007310453,GET,41,2,chordKey_2_40,clients=50
1778007310453,PUT,0,0,chordKey_26_75,clients=50
1778007310454,PUT_HOP,0,2,chordKey_8_56,
1778007310453,GET,42,2,chordKey_48_50,clients=50
1778007310454,PUT_HOP,0,2,chordKey_37_73,
1778007310455,PUT,0,0,chordKey_48_51,clients=50
1778007310454,GET,40,2,chordKey_8_56,clients=50
1778007310456,PUT,0,0,chordKey_8_57,clients=50
1778007310454,GET,43,2,chordKey_36_62,clients=50
1778007310457,PUT_HOP,0,2,chordKey_33_37,
1778007310454,PUT,0,0,chordKey_2_41,clients=50
1778007310455,GET,39,2,chordKey_37_73,clients=50
1778007310457,PUT,0,0,chordKey_37_74,clients=50
1778007310458,GET,40,2,chordKey_18_36,clients=50
1778007310458,PUT_HOP,0,2,chordKey_18_36,
1778007310457,PUT,0,0,chordKey_36_63,clients=50
1778007310459,PUT_HOP,0,2,chordKey_10_78,
1778007310459,PUT,0,0,chordKey_18_37,clients=50
1778007310460,GET,41,2,chordKey_10_78,clients=50
1778007310460,GET,42,2,chordKey_33_37,clients=50
1778007310460,PUT_HOP,0,2,chordKey_14_81,
1778007310460,PUT,0,0,chordKey_10_79,clients=50
1778007310461,PUT,0,0,chordKey_33_38,clients=50
1778007310462,PUT_HOP,0,2,chordKey_27_63,
1778007310463,PUT_HOP,0,2,chordKey_24_53,
1778007310463,PUT_HOP,0,2,chordKey_7_44,
1778007310463,GET,43,2,chordKey_14_81,clients=50
1778007310464,PUT,0,0,chordKey_14_82,clients=50
1778007310464,GET,42,2,chordKey_24_53,clients=50
1778007310465,PUT,0,0,chordKey_24_54,clients=50
1778007310465,PUT_HOP,0,2,chordKey_43_86,
1778007310465,GET,43,2,chordKey_27_63,clients=50
1778007310465,PUT_HOP,0,2,chordKey_32_69,
1778007310466,GET,41,2,chordKey_17_50,clients=50
1778007310466,PUT_HOP,0,2,chordKey_17_50,
1778007310466,GET,40,2,chordKey_7_44,clients=50
1778007310467,PUT,0,0,chordKey_17_51,clients=50
1778007310466,GET,40,2,chordKey_32_69,clients=50
1778007310466,PUT,0,0,chordKey_27_64,clients=50
1778007310467,PUT_HOP,0,2,chordKey_42_87,
1778007310468,PUT,0,0,chordKey_32_70,clients=50
1778007310468,PUT_HOP,0,2,chordKey_29_63,
1778007310467,PUT,0,0,chordKey_7_45,clients=50
1778007310469,GET,40,2,chordKey_43_86,clients=50
1778007310469,PUT_HOP,0,2,chordKey_3_82,
1778007310469,PUT,0,0,chordKey_43_87,clients=50
1778007310468,GET,40,2,chordKey_42_87,clients=50
1778007310470,PUT_HOP,0,2,chordKey_47_43,
1778007310476,GET,36,2,chordKey_41_86,clients=50
1778007310476,PUT_HOP,0,2,chordKey_10_79,
1778007310477,PUT,0,0,chordKey_41_87,clients=50
1778007310475,PUT_HOP,0,2,chordKey_30_67,
1778007310473,GET,39,2,chordKey_13_30,clients=50
1778007310474,PUT_HOP,0,2,chordKey_41_86,
1778007310472,GET,39,2,chordKey_47_43,clients=50
1778007310471,PUT_HOP,0,2,chordKey_13_30,
1778007310478,PUT,0,0,chordKey_47_44,clients=50
1778007310471,PUT_HOP,0,2,chordKey_34_92,
1778007310478,GET,37,2,chordKey_30_67,clients=50
1778007310478,PUT_HOP,0,2,chordKey_35_77,
1778007310479,PUT,0,0,chordKey_30_68,clients=50
1778007310471,GET,39,2,chordKey_3_82,clients=50
1778007310480,PUT,0,0,chordKey_3_83,clients=50
1778007310470,GET,39,2,chordKey_34_92,clients=50
1778007310481,PUT_HOP,0,2,chordKey_45_52,
1778007310470,GET,40,2,chordKey_29_63,clients=50
1778007310481,PUT,0,0,chordKey_34_93,clients=50
1778007310481,PUT,0,0,chordKey_29_64,clients=50
1778007310479,GET,35,2,chordKey_35_77,clients=50
1778007310478,PUT,0,0,chordKey_13_31,clients=50
1778007310477,GET,16,2,chordKey_10_79,clients=50
1778007310476,PUT,0,0,chordKey_42_88,clients=50
1778007310483,PUT,0,0,chordKey_10_80,clients=50
1778007310482,PUT,0,0,chordKey_35_78,clients=50
1778007310484,PUT_HOP,0,2,chordKey_0_51,
1778007310485,GET,38,2,chordKey_45_52,clients=50
1778007310485,PUT_HOP,0,2,chordKey_26_75,
1778007310485,PUT,0,0,chordKey_45_53,clients=50
1778007310485,PUT_HOP,0,2,chordKey_2_41,
1778007310486,GET,34,2,chordKey_0_51,clients=50
1778007310486,GET,32,2,chordKey_26_75,clients=50
1778007310486,PUT_HOP,0,2,chordKey_8_57,
1778007310487,PUT,0,0,chordKey_0_52,clients=50
1778007310486,PUT_HOP,0,2,chordKey_48_51,
1778007310487,GET,32,2,chordKey_48_51,clients=50
1778007310488,PUT_HOP,0,2,chordKey_37_74,
1778007310488,GET,30,2,chordKey_2_41,clients=50
1778007310487,PUT,0,0,chordKey_26_76,clients=50
1778007310488,PUT_HOP,0,2,chordKey_36_63,
1778007310489,PUT,0,0,chordKey_2_42,clients=50
1778007310488,PUT,0,0,chordKey_48_52,clients=50
1778007310488,GET,31,2,chordKey_8_57,clients=50
1778007310489,PUT_HOP,0,2,chordKey_18_37,
1778007310489,GET,31,2,chordKey_37_74,clients=50
1778007310491,PUT,0,0,chordKey_37_75,clients=50
1778007310490,PUT,0,0,chordKey_8_58,clients=50
1778007310491,GET,31,2,chordKey_18_37,clients=50
1778007310492,PUT,0,0,chordKey_18_38,clients=50
1778007310490,GET,31,2,chordKey_36_63,clients=50
1778007310493,PUT,0,0,chordKey_36_64,clients=50
1778007310493,PUT_HOP,0,2,chordKey_33_38,
1778007310494,GET,32,2,chordKey_33_38,clients=50
1778007310494,PUT,0,0,chordKey_33_39,clients=50
1778007310495,PUT_HOP,0,2,chordKey_14_82,
1778007310497,PUT_HOP,0,2,chordKey_27_64,
1778007310497,GET,32,2,chordKey_24_54,clients=50
1778007310498,PUT_HOP,0,2,chordKey_17_51,
1778007310498,PUT,0,0,chordKey_24_55,clients=50
1778007310498,PUT_HOP,0,2,chordKey_32_70,
1778007310499,PUT_HOP,0,2,chordKey_7_45,
1778007310499,PUT_HOP,0,2,chordKey_24_54,
1778007310500,GET,32,2,chordKey_17_51,clients=50
1778007310500,PUT,0,0,chordKey_17_52,clients=50
1778007310500,GET,1063,2,chordKey_11_23,clients=50
1778007310501,PUT_HOP,0,2,chordKey_11_23,
1778007310501,GET,33,2,chordKey_27_64,clients=50
1778007310502,PUT,0,0,chordKey_27_65,clients=50
1778007310502,PUT_HOP,0,2,chordKey_43_87,
1778007310501,GET,1062,2,chordKey_16_39,clients=50
1778007310501,PUT,0,0,chordKey_11_24,clients=50
1778007310502,PUT,0,0,chordKey_16_40,clients=50
1778007310504,GET,34,2,chordKey_7_45,clients=50
1778007310504,PUT,0,0,chordKey_7_46,clients=50
1778007310505,GET,34,2,chordKey_43_87,clients=50
1778007310505,GET,36,2,chordKey_32_70,clients=50
1778007310506,PUT,0,0,chordKey_32_71,clients=50
1778007310505,PUT,0,0,chordKey_43_88,clients=50
1778007310507,GET,42,2,chordKey_14_82,clients=50
1778007310507,PUT,0,0,chordKey_14_83,clients=50
1778007310510,PUT_HOP,0,2,chordKey_42_88,
1778007310510,PUT_HOP,0,2,chordKey_13_31,
1778007310511,PUT_HOP,0,2,chordKey_16_39,
1778007310512,PUT_HOP,0,2,chordKey_41_87,
1778007310513,GET,1075,2,chordKey_31_56,clients=50
1778007310514,GET,1075,2,chordKey_49_55,clients=50
1778007310514,PUT,0,0,chordKey_31_57,clients=50
1778007310514,PUT_HOP,0,2,chordKey_47_44,
1778007310514,PUT,0,0,chordKey_49_56,clients=50
1778007310515,PUT_HOP,0,2,chordKey_49_55,
1778007310515,GET,38,2,chordKey_41_87,clients=50
1778007310516,PUT,0,0,chordKey_41_88,clients=50
1778007310516,GET,37,2,chordKey_47_44,clients=50
1778007310517,PUT_HOP,0,2,chordKey_30_68,
1778007310517,PUT,0,0,chordKey_47_45,clients=50
1778007310517,PUT_HOP,0,2,chordKey_3_83,
1778007310517,GET,37,2,chordKey_30_68,clients=50
1778007310517,PUT,0,0,chordKey_30_69,clients=50
1778007310518,GET,37,2,chordKey_3_83,clients=50
1778007310518,PUT,0,0,chordKey_3_84,clients=50
1778007310518,PUT_HOP,0,2,chordKey_29_64,
1778007310519,PUT_HOP,0,2,chordKey_34_93,
1778007310519,GET,37,2,chordKey_29_64,clients=50
1778007310519,GET,38,2,chordKey_34_93,clients=50
1778007310519,PUT,0,0,chordKey_29_65,clients=50
1778007310520,PUT,0,0,chordKey_34_94,clients=50
1778007310524,PUT_HOP,0,2,chordKey_35_78,
1778007310524,GET,41,2,chordKey_42_88,clients=50
1778007310525,PUT_HOP,0,2,chordKey_10_80,
1778007310525,GET,42,2,chordKey_13_31,clients=50
1778007310525,PUT,0,0,chordKey_42_89,clients=50
1778007310526,GET,42,2,chordKey_10_80,clients=50
1778007310527,PUT_HOP,0,2,chordKey_45_53,
1778007310527,GET,43,2,chordKey_35_78,clients=50
1778007310526,PUT,0,0,chordKey_13_32,clients=50
1778007310528,PUT_HOP,0,2,chordKey_26_76,
1778007310528,PUT,0,0,chordKey_35_79,clients=50
1778007310527,PUT,0,0,chordKey_10_81,clients=50
1778007310530,PUT_HOP,0,2,chordKey_0_52,
1778007310531,GET,45,2,chordKey_45_53,clients=50
1778007310531,PUT,0,0,chordKey_45_54,clients=50
1778007310531,PUT_HOP,0,2,chordKey_48_52,
1778007310531,PUT_HOP,0,2,chordKey_2_42,
1778007310532,GET,43,2,chordKey_2_42,clients=50
1778007310532,GET,45,2,chordKey_0_52,clients=50
1778007310533,PUT,0,0,chordKey_2_43,clients=50
1778007310533,GET,44,2,chordKey_48_52,clients=50
1778007310534,GET,45,2,chordKey_26_76,clients=50
1778007310534,PUT,0,0,chordKey_48_53,clients=50
1778007310533,PUT,0,0,chordKey_0_53,clients=50
1778007310535,PUT_HOP,0,2,chordKey_18_38,
1778007310534,PUT,0,0,chordKey_26_77,clients=50
1778007310536,PUT_HOP,0,2,chordKey_8_58,
1778007310536,GET,45,2,chordKey_8_58,clients=50
1778007310537,PUT_HOP,0,2,chordKey_36_64,
1778007310537,PUT_HOP,0,2,chordKey_37_75,
1778007310537,PUT,0,0,chordKey_8_59,clients=50
1778007310537,GET,45,2,chordKey_37_75,clients=50
1778007310537,GET,44,2,chordKey_18_38,clients=50
1778007310538,PUT,0,0,chordKey_37_76,clients=50
1778007310538,GET,44,2,chordKey_36_64,clients=50
1778007310539,PUT_HOP,0,2,chordKey_33_39,
1778007310539,PUT_HOP,0,2,chordKey_41_88,
1778007310539,PUT,0,0,chordKey_36_65,clients=50
1778007310539,GET,44,2,chordKey_33_39,clients=50
1778007310538,PUT,0,0,chordKey_18_39,clients=50
1778007310540,PUT,0,0,chordKey_33_40,clients=50
1778007310541,PUT_HOP,0,2,chordKey_24_55,
1778007310541,GET,24,2,chordKey_41_88,clients=50
1778007310542,PUT,0,0,chordKey_41_89,clients=50
1778007310548,PUT_HOP,0,2,chordKey_17_52,
1778007310548,GET,50,2,chordKey_24_55,clients=50
1778007310549,PUT_HOP,0,2,chordKey_11_24,
1778007310549,PUT,0,0,chordKey_24_56,clients=50
1778007310558,PUT_HOP,0,2,chordKey_16_40,
1778007310559,GET,58,2,chordKey_17_52,clients=50
1778007310559,PUT_HOP,0,2,chordKey_27_65,
1778007310560,PUT,0,0,chordKey_17_53,clients=50
1778007310560,GET,58,2,chordKey_27_65,clients=50
1778007310560,GET,57,2,chordKey_16_40,clients=50
1778007310561,PUT,0,0,chordKey_27_66,clients=50
1778007310561,PUT,0,0,chordKey_16_41,clients=50
1778007310561,PUT_HOP,0,2,chordKey_43_88,
1778007310562,PUT_HOP,0,2,chordKey_7_46,
1778007310562,GET,57,2,chordKey_7_46,clients=50
1778007310563,PUT,0,0,chordKey_7_47,clients=50
1778007310564,PUT_HOP,0,2,chordKey_32_71,
1778007310565,GET,62,2,chordKey_11_24,clients=50
1778007310565,GET,59,2,chordKey_32_71,clients=50
1778007310566,PUT_HOP,0,2,chordKey_14_83,
1778007310566,GET,59,2,chordKey_43_88,clients=50
1778007310565,PUT,0,0,chordKey_11_25,clients=50
1778007310566,PUT,0,0,chordKey_32_72,clients=50
1778007310567,PUT,0,0,chordKey_43_89,clients=50
1778007310575,GET,67,2,chordKey_14_83,clients=50
1778007310576,PUT_HOP,0,2,chordKey_31_57,
1778007310576,PUT,0,0,chordKey_14_84,clients=50
1778007310585,PUT_HOP,0,2,chordKey_49_56,
1778007310586,GET,71,2,chordKey_31_57,clients=50
1778007310587,PUT_HOP,0,2,chordKey_47_45,
1778007310587,PUT,0,0,chordKey_31_58,clients=50
1778007310588,PUT_HOP,0,2,chordKey_30_69,
1778007310589,PUT_HOP,0,2,chordKey_34_94,
1778007310589,GET,69,2,chordKey_29_65,clients=50
1778007310589,PUT_HOP,0,2,chordKey_42_89,
1778007310590,PUT_HOP,0,2,chordKey_13_32,
1778007310590,PUT,0,0,chordKey_29_66,clients=50
1778007310590,PUT_HOP,0,2,chordKey_29_65,
1778007310590,PUT_HOP,0,2,chordKey_10_81,
1778007310591,GET,70,2,chordKey_34_94,clients=50
1778007310591,PUT,0,0,chordKey_34_95,clients=50
1778007310592,PUT_HOP,0,2,chordKey_41_89,
1778007310592,GET,65,2,chordKey_42_89,clients=50
1778007310593,PUT,0,0,chordKey_42_90,clients=50
1778007310593,PUT_HOP,0,2,chordKey_35_79,
1778007310594,GET,65,2,chordKey_13_32,clients=50
1778007310594,GET,65,2,chordKey_35_79,clients=50
1778007310595,PUT,0,0,chordKey_35_80,clients=50
1778007310594,GET,52,2,chordKey_41_89,clients=50
1778007310594,PUT,0,0,chordKey_13_33,clients=50
1778007310596,GET,66,2,chordKey_10_81,clients=50
1778007310596,PUT,0,0,chordKey_41_90,clients=50
1778007310597,PUT_HOP,0,2,chordKey_11_25,
1778007310596,PUT,0,0,chordKey_10_82,clients=50
1778007310597,PUT_HOP,0,2,chordKey_45_54,
1778007310597,GET,65,2,chordKey_45_54,clients=50
1778007310598,PUT,0,0,chordKey_45_55,clients=50
1778007310598,PUT_HOP,0,2,chordKey_0_53,
1778007310598,PUT_HOP,0,2,chordKey_2_43,
1778007310599,GET,32,2,chordKey_11_25,clients=50
1778007310600,PUT,0,0,chordKey_11_26,clients=50
1778007310600,PUT_HOP,0,2,chordKey_48_53,
1778007310601,PUT_HOP,0,2,chordKey_26_77,
1778007310602,GET,67,2,chordKey_0_53,clients=50
1778007310602,GET,67,2,chordKey_26_77,clients=50
1778007310602,PUT_HOP,0,2,chordKey_37_76,
1778007310602,GET,68,2,chordKey_2_43,clients=50
1778007310603,PUT_HOP,0,2,chordKey_8_59,
1778007310603,GET,68,2,chordKey_48_53,clients=50
1778007310603,PUT,0,0,chordKey_26_78,clients=50
1778007310603,PUT,0,0,chordKey_0_54,clients=50
1778007310604,PUT,0,0,chordKey_48_54,clients=50
1778007310603,PUT,0,0,chordKey_2_44,clients=50
1778007310607,GET,69,2,chordKey_8_59,clients=50
1778007310608,PUT,0,0,chordKey_8_60,clients=50
1778007310609,GET,70,2,chordKey_37_76,clients=50
1778007310609,PUT_HOP,0,2,chordKey_36_65,
1778007310609,GET,68,2,chordKey_33_40,clients=50
1778007310609,PUT_HOP,0,2,chordKey_33_40,
1778007310609,PUT_HOP,0,2,chordKey_18_39,
1778007310610,PUT,0,0,chordKey_37_77,clients=50
1778007310610,GET,69,2,chordKey_18_39,clients=50
1778007310610,PUT,0,0,chordKey_33_41,clients=50
1778007310611,PUT,0,0,chordKey_18_40,clients=50
1778007310612,PUT_HOP,0,2,chordKey_17_53,
1778007310613,PUT_HOP,0,2,chordKey_16_41,
1778007310613,PUT_HOP,0,2,chordKey_27_66,
1778007310615,PUT_HOP,0,2,chordKey_7_47,
1778007310615,GET,54,2,chordKey_17_53,clients=50
1778007310615,PUT,0,0,chordKey_17_54,clients=50
1778007310616,GET,54,2,chordKey_16_41,clients=50
1778007310616,GET,55,2,chordKey_27_66,clients=50
1778007310617,PUT,0,0,chordKey_16_42,clients=50
1778007310617,PUT,0,0,chordKey_27_67,clients=50
1778007310618,PUT_HOP,0,2,chordKey_43_89,
1778007310619,GET,55,2,chordKey_7_47,clients=50
1778007310619,PUT_HOP,0,2,chordKey_32_72,
1778007310619,PUT,0,0,chordKey_7_48,clients=50
1778007310620,GET,53,2,chordKey_32_72,clients=50
1778007310621,PUT,0,0,chordKey_32_73,clients=50
1778007310621,GET,53,2,chordKey_43_89,clients=50
1778007310621,PUT_HOP,0,2,chordKey_14_84,
1778007310622,PUT,0,0,chordKey_43_90,clients=50
1778007310622,PUT_HOP,0,2,chordKey_11_26,
1778007310623,GET,23,2,chordKey_11_26,clients=50
1778007310624,PUT,0,0,chordKey_11_27,clients=50
1778007310626,GET,49,2,chordKey_14_84,clients=50
1778007310626,PUT_HOP,0,2,chordKey_31_58,
1778007310626,PUT,0,0,chordKey_14_85,clients=50
1778007310627,GET,40,2,chordKey_31_58,clients=50
1778007310628,PUT,0,0,chordKey_31_59,clients=50
1778007310629,PUT_HOP,0,2,chordKey_29_66,
1778007310630,GET,39,2,chordKey_29_66,clients=50
1778007310630,PUT_HOP,0,2,chordKey_34_95,
1778007310630,GET,38,2,chordKey_34_95,clients=50
1778007310631,PUT,0,0,chordKey_29_67,clients=50
1778007310630,PUT_HOP,0,2,chordKey_42_90,
1778007310631,PUT,0,0,chordKey_34_96,clients=50
1778007310632,PUT_HOP,0,2,chordKey_10_82,
1778007310631,GET,37,2,chordKey_42_90,clients=50
1778007310632,PUT,0,0,chordKey_42_91,clients=50
1778007310632,PUT_HOP,0,2,chordKey_13_33,
1778007310633,GET,38,2,chordKey_35_80,clients=50
1778007310634,PUT_HOP,0,2,chordKey_45_55,
1778007310635,PUT,0,0,chordKey_35_81,clients=50
1778007310635,PUT_HOP,0,2,chordKey_35_80,
1778007310635,PUT_HOP,0,2,chordKey_41_90,
1778007310634,GET,38,2,chordKey_13_33,clients=50
1778007310636,PUT,0,0,chordKey_13_34,clients=50
1778007310637,PUT_HOP,0,2,chordKey_0_54,
1778007310637,GET,39,2,chordKey_45_55,clients=50
1778007310638,PUT,0,0,chordKey_45_56,clients=50
1778007310638,GET,41,2,chordKey_41_90,clients=50
1778007310639,PUT,0,0,chordKey_41_91,clients=50
1778007310638,GET,40,2,chordKey_10_82,clients=50
1778007310640,PUT_HOP,0,2,chordKey_26_78,
1778007310640,PUT,0,0,chordKey_10_83,clients=50
1778007310641,PUT_HOP,0,2,chordKey_2_44,
1778007310643,GET,38,2,chordKey_26_78,clients=50
1778007310644,PUT,0,0,chordKey_26_79,clients=50
1778007310647,PUT_HOP,0,2,chordKey_37_77,
1778007310656,PUT_HOP,0,2,chordKey_8_60,
1778007310656,PUT_HOP,0,2,chordKey_33_41,
1778007310657,GET,52,2,chordKey_0_54,clients=50
1778007310656,PUT_HOP,0,2,chordKey_48_54,
1778007310657,PUT_HOP,0,2,chordKey_18_40,
1778007310657,GET,52,2,chordKey_48_54,clients=50
1778007310658,PUT,0,0,chordKey_0_55,clients=50
1778007310658,PUT,0,0,chordKey_48_55,clients=50
1778007310659,GET,47,2,chordKey_33_41,clients=50
1778007310660,PUT,0,0,chordKey_33_42,clients=50
1778007310660,PUT_HOP,0,2,chordKey_16_42,
1778007310661,PUT_HOP,0,2,chordKey_7_48,
1778007310662,PUT_HOP,0,2,chordKey_27_67,
1778007310662,GET,51,2,chordKey_37_77,clients=50
1778007310661,PUT_HOP,0,2,chordKey_17_54,
1778007310662,GET,54,2,chordKey_8_60,clients=50
1778007310662,GET,57,2,chordKey_2_44,clients=50
1778007310663,PUT,0,0,chordKey_8_61,clients=50
1778007310663,PUT,0,0,chordKey_2_45,clients=50
1778007310663,PUT,0,0,chordKey_37_78,clients=50
1778007310664,GET,46,2,chordKey_16_42,clients=50
1778007310665,GET,47,2,chordKey_27_67,clients=50
1778007310665,PUT_HOP,0,2,chordKey_32_73,
1778007310666,PUT,0,0,chordKey_27_68,clients=50
1778007310666,GET,46,2,chordKey_7_48,clients=50
1778007310667,PUT,0,0,chordKey_7_49,clients=50
1778007310667,PUT_HOP,0,2,chordKey_43_90,
1778007310664,GET,52,2,chordKey_18_40,clients=50
1778007310668,PUT,0,0,chordKey_18_41,clients=50
1778007310668,GET,46,2,chordKey_43_90,clients=50
1778007310666,GET,44,2,chordKey_32_73,clients=50
1778007310670,PUT,0,0,chordKey_32_74,clients=50
1778007310665,GET,49,2,chordKey_17_54,clients=50
1778007310670,PUT_HOP,0,2,chordKey_31_59,
1778007310670,PUT,0,0,chordKey_17_55,clients=50
1778007310665,PUT,0,0,chordKey_16_43,clients=50
1778007310671,PUT_HOP,0,2,chordKey_14_85,
1778007310671,GET,42,2,chordKey_31_59,clients=50
1778007310672,GET,45,2,chordKey_14_85,clients=50
1778007310669,PUT,0,0,chordKey_43_91,clients=50
1778007310673,PUT,0,0,chordKey_14_86,clients=50
1778007310673,PUT_HOP,0,2,chordKey_34_96,
1778007310673,PUT_HOP,0,2,chordKey_11_27,
1778007310673,PUT_HOP,0,2,chordKey_29_67,
1778007310672,PUT,0,0,chordKey_31_60,clients=50
1778007310675,GET,43,2,chordKey_29_67,clients=50
1778007310675,PUT,0,0,chordKey_29_68,clients=50
1778007310675,PUT_HOP,0,2,chordKey_42_91,
1778007310677,GET,52,2,chordKey_11_27,clients=50
1778007310677,GET,45,2,chordKey_34_96,clients=50
1778007310678,PUT,0,0,chordKey_34_97,clients=50
1778007310678,PUT_HOP,0,2,chordKey_35_81,
1778007310677,PUT,0,0,chordKey_11_28,clients=50
1778007310678,PUT_HOP,0,2,chordKey_13_34,
1778007310679,GET,46,2,chordKey_42_91,clients=50
1778007310681,PUT_HOP,0,2,chordKey_45_56,
1778007310684,PUT_HOP,0,2,chordKey_26_79,
1778007310683,PUT_HOP,0,2,chordKey_41_91,
1778007310687,PUT,0,0,chordKey_42_92,clients=50
1778007310686,GET,40,2,chordKey_26_79,clients=50
1778007310682,PUT_HOP,0,2,chordKey_10_83,
1778007310688,PUT_HOP,0,2,chordKey_0_55,
1778007310685,GET,45,2,chordKey_41_91,clients=50
1778007310684,GET,45,2,chordKey_45_56,clients=50
1778007310688,PUT,0,0,chordKey_41_92,clients=50
1778007310682,GET,41,2,chordKey_10_83,clients=50
1778007310690,PUT,0,0,chordKey_10_84,clients=50
1778007310681,GET,44,2,chordKey_13_34,clients=50
1778007310680,GET,44,2,chordKey_35_81,clients=50
1778007310690,PUT_HOP,0,2,chordKey_33_42,
1778007310691,PUT,0,0,chordKey_13_35,clients=50
1778007310690,GET,30,2,chordKey_33_42,clients=50
1778007310691,PUT,0,0,chordKey_33_43,clients=50
1778007310689,GET,30,2,chordKey_48_55,clients=50
1778007310692,PUT,0,0,chordKey_48_56,clients=50
1778007310689,PUT,0,0,chordKey_45_57,clients=50
1778007310688,PUT,0,0,chordKey_26_80,clients=50
1778007310691,PUT,0,0,chordKey_35_82,clients=50
1778007310696,PUT_HOP,0,2,chordKey_48_55,
1778007310697,GET,38,2,chordKey_0_55,clients=50
1778007310697,PUT,0,0,chordKey_0_56,clients=50
1778007310698,PUT_HOP,0,2,chordKey_37_78,
1778007310698,PUT_HOP,0,2,chordKey_8_61,
1778007310700,GET,36,2,chordKey_2_45,clients=50
1778007310700,GET,37,2,chordKey_8_61,clients=50
1778007310701,PUT,0,0,chordKey_8_62,clients=50
1778007310701,PUT_HOP,0,2,chordKey_16_43,
1778007310701,PUT,0,0,chordKey_2_46,clients=50
1778007310701,GET,32,2,chordKey_18_41,clients=50
1778007310703,PUT,0,0,chordKey_18_42,clients=50
1778007310703,PUT_HOP,0,2,chordKey_7_49,
1778007310703,GET,39,2,chordKey_37_78,clients=50
1778007310703,GET,33,2,chordKey_32_74,clients=50
1778007310704,PUT_HOP,0,2,chordKey_18_41,
1778007310704,PUT,0,0,chordKey_37_79,clients=50
1778007310704,PUT,0,0,chordKey_32_75,clients=50
1778007310704,PUT_HOP,0,2,chordKey_43_91,
1778007310705,PUT_HOP,0,2,chordKey_17_55,
1778007310705,GET,38,2,chordKey_27_68,clients=50
1778007310706,PUT,0,0,chordKey_27_69,clients=50
1778007310705,GET,34,2,chordKey_17_55,clients=50
1778007310707,GET,34,2,chordKey_43_91,clients=50
1778007310707,GET,34,2,chordKey_14_86,clients=50
1778007310707,PUT,0,0,chordKey_17_56,clients=50
1778007310708,PUT,0,0,chordKey_14_87,clients=50
1778007310708,PUT,0,0,chordKey_43_92,clients=50
1778007310709,PUT_HOP,0,2,chordKey_32_74,
1778007310709,PUT_HOP,0,2,chordKey_14_86,
1778007310711,PUT_HOP,0,2,chordKey_2_45,
1778007310716,GET,42,2,chordKey_31_60,clients=50
1778007310717,PUT_HOP,0,2,chordKey_27_68,
1778007310717,PUT,0,0,chordKey_31_61,clients=50
1778007310717,GET,49,2,chordKey_7_49,clients=50
1778007310718,PUT_HOP,0,2,chordKey_34_97,
1778007310717,GET,45,2,chordKey_16_43,clients=50
1778007310718,PUT_HOP,0,2,chordKey_11_28,
1778007310718,PUT,0,0,chordKey_16_44,clients=50
1778007310719,PUT_HOP,0,2,chordKey_31_60,
1778007310718,PUT,0,0,chordKey_7_50,clients=50
1778007310720,GET,41,2,chordKey_11_28,clients=50
1778007310720,PUT,0,0,chordKey_11_29,clients=50
1778007310721,PUT_HOP,0,2,chordKey_29_68,
1778007310721,GET,45,2,chordKey_29_68,clients=50
1778007310722,PUT,0,0,chordKey_29_69,clients=50
1778007310722,GET,43,2,chordKey_34_97,clients=50
1778007310723,PUT,0,0,chordKey_34_98,clients=50
1778007310723,PUT_HOP,0,2,chordKey_42_92,
1778007310724,PUT_HOP,0,1,chordKey_11_29,
1778007310725,PUT_HOP,0,2,chordKey_26_80,
1778007310726,PUT_HOP,0,2,chordKey_41_92,
1778007310726,GET,5,1,chordKey_11_29,clients=50
1778007310727,GET,37,2,chordKey_41_92,clients=50
1778007310728,PUT,0,0,chordKey_41_93,clients=50
1778007310727,PUT,0,0,chordKey_11_30,clients=50
1778007310730,PUT_HOP,0,2,chordKey_10_84,
1778007310731,PUT_HOP,0,2,chordKey_45_57,
1778007310731,PUT_HOP,0,2,chordKey_33_43,
1778007310732,GET,42,2,chordKey_10_84,clients=50
1778007310733,PUT_HOP,0,2,chordKey_35_82,
1778007310733,PUT,0,0,chordKey_10_85,clients=50
1778007310734,PUT_HOP,0,2,chordKey_13_35,
1778007310738,GET,44,2,chordKey_26_80,clients=50
1778007310738,PUT_HOP,0,2,chordKey_48_56,
1778007310739,PUT,0,0,chordKey_26_81,clients=50
1778007310738,GET,46,2,chordKey_33_43,clients=50
1778007310740,PUT_HOP,0,2,chordKey_2_46,
1778007310740,PUT,0,0,chordKey_33_44,clients=50
1778007310738,GET,45,2,chordKey_48_56,clients=50
1778007310741,PUT,0,0,chordKey_48_57,clients=50
1778007310741,PUT_HOP,0,2,chordKey_0_56,
1778007310738,GET,40,2,chordKey_0_56,clients=50
1778007310738,GET,44,2,chordKey_35_82,clients=50
1778007310742,PUT_HOP,0,2,chordKey_8_62,
1778007310742,PUT,0,0,chordKey_35_83,clients=50
1778007310742,PUT,0,0,chordKey_0_57,clients=50
1778007310743,GET,41,2,chordKey_8_62,clients=50
1778007310744,PUT,0,0,chordKey_8_63,clients=50
1778007310744,PUT_HOP,0,2,chordKey_18_42,
1778007310740,GET,49,2,chordKey_13_35,clients=50
1778007310740,GET,52,2,chordKey_42_92,clients=50
1778007310745,PUT_HOP,0,2,chordKey_32_75,
1778007310740,GET,46,2,chordKey_45_57,clients=50
1778007310745,PUT,0,0,chordKey_45_58,clients=50
1778007310745,PUT,0,0,chordKey_42_93,clients=50
1778007310746,PUT_HOP,0,2,chordKey_37_79,
1778007310745,PUT,0,0,chordKey_13_36,clients=50
1778007310746,PUT_HOP,0,2,chordKey_27_69,
1778007310743,GET,41,2,chordKey_2_46,clients=50
1778007310747,GET,43,2,chordKey_18_42,clients=50
1778007310747,PUT,0,0,chordKey_2_47,clients=50
1778007310748,PUT,0,0,chordKey_18_43,clients=50
1778007310748,PUT_HOP,0,2,chordKey_17_56,
1778007310748,GET,44,2,chordKey_37_79,clients=50
1778007310749,PUT,0,0,chordKey_37_80,clients=50
1778007310749,GET,42,2,chordKey_27_69,clients=50
1778007310750,PUT_HOP,0,2,chordKey_43_92,
1778007310750,PUT_HOP,0,2,chordKey_14_87,
1778007310750,PUT,0,0,chordKey_27_70,clients=50
1778007310751,GET,42,2,chordKey_17_56,clients=50
1778007310751,GET,42,2,chordKey_14_87,clients=50
1778007310751,PUT_HOP,0,2,chordKey_31_61,
1778007310751,PUT,0,0,chordKey_17_57,clients=50
1778007310752,PUT_HOP,0,2,chordKey_7_50,
1778007310751,GET,42,2,chordKey_43_92,clients=50
1778007310752,PUT,0,0,chordKey_14_88,clients=50
1778007310752,PUT_HOP,0,2,chordKey_16_44,
1778007310752,GET,46,2,chordKey_32_75,clients=50
1778007310753,GET,35,2,chordKey_31_61,clients=50
1778007310752,PUT,0,0,chordKey_43_93,clients=50
1778007310753,PUT,0,0,chordKey_31_62,clients=50
1778007310753,PUT,0,0,chordKey_32_76,clients=50
1778007310754,GET,35,2,chordKey_16_44,clients=50
1778007310755,GET,35,2,chordKey_7_50,clients=50
1778007310755,PUT_HOP,0,2,chordKey_29_69,
1778007310755,PUT,0,0,chordKey_7_51,clients=50
1778007310755,PUT,0,0,chordKey_16_45,clients=50
1778007310757,PUT_HOP,0,2,chordKey_34_98,
1778007310758,GET,35,2,chordKey_29_69,clients=50
1778007310759,PUT,0,0,chordKey_29_70,clients=50
1778007310759,GET,35,2,chordKey_34_98,clients=50
1778007310760,PUT,0,0,chordKey_34_99,clients=50
1778007310761,PUT_HOP,0,2,chordKey_11_30,
1778007310761,PUT_HOP,0,2,chordKey_41_93,
1778007310762,GET,34,2,chordKey_41_93,clients=50
1778007310762,GET,34,2,chordKey_11_30,clients=50
1778007310763,PUT,0,0,chordKey_41_94,clients=50
1778007310763,PUT,0,0,chordKey_11_31,clients=50
1778007310764,PUT_HOP,0,2,chordKey_10_85,
1778007310765,GET,32,2,chordKey_10_85,clients=50
1778007310766,PUT,0,0,chordKey_10_86,clients=50
1778007310767,PUT_HOP,0,2,chordKey_26_81,
1778007310767,PUT_HOP,0,2,chordKey_33_44,
1778007310768,GET,28,2,chordKey_26_81,clients=50
1778007310768,PUT,0,0,chordKey_26_82,clients=50
1778007310769,PUT_HOP,0,2,chordKey_0_57,
1778007310769,GET,28,2,chordKey_33_44,clients=50
1778007310770,PUT_HOP,0,2,chordKey_48_57,
1778007310770,PUT_HOP,0,2,chordKey_35_83,
1778007310770,PUT,0,0,chordKey_33_45,clients=50
1778007310770,GET,28,2,chordKey_48_57,clients=50
1778007310771,GET,27,2,chordKey_0_57,clients=50
1778007310771,PUT_HOP,0,2,chordKey_13_36,
1778007310771,PUT_HOP,0,2,chordKey_8_63,
1778007310772,PUT,0,0,chordKey_0_58,clients=50
1778007310771,PUT,0,0,chordKey_48_58,clients=50
1778007310772,PUT_HOP,0,2,chordKey_45_58,
1778007310771,GET,28,2,chordKey_35_83,clients=50
1778007310772,PUT_HOP,0,2,chordKey_42_93,
1778007310773,PUT,0,0,chordKey_35_84,clients=50
1778007310774,PUT_HOP,0,2,chordKey_2_47,
1778007310771,GET,27,2,chordKey_8_63,clients=50
1778007310774,PUT_HOP,0,2,chordKey_18_43,
1778007310774,PUT,0,0,chordKey_8_64,clients=50
1778007310774,GET,27,2,chordKey_42_93,clients=50
1778007310775,GET,27,2,chordKey_2_47,clients=50
1778007310775,PUT_HOP,0,2,chordKey_27_70,
1778007310775,PUT_HOP,0,2,chordKey_37_80,
1778007310773,GET,27,2,chordKey_45_58,clients=50
1778007310776,PUT,0,0,chordKey_2_48,clients=50
1778007310776,PUT,0,0,chordKey_45_59,clients=50
1778007310775,PUT,0,0,chordKey_42_94,clients=50
1778007310777,PUT_HOP,0,2,chordKey_17_57,
1778007310777,GET,28,2,chordKey_18_43,clients=50
1778007310777,PUT,0,0,chordKey_18_44,clients=50
1778007310778,GET,27,2,chordKey_27_70,clients=50
1778007310779,PUT_HOP,0,2,chordKey_14_88,
1778007310779,PUT,0,0,chordKey_27_71,clients=50
1778007310776,GET,27,2,chordKey_37_80,clients=50
1778007310776,GET,29,2,chordKey_13_36,clients=50
1778007310780,PUT,0,0,chordKey_13_37,clients=50
1778007310780,PUT_HOP,0,2,chordKey_43_93,
1778007310780,PUT_HOP,0,2,chordKey_32_76,
1778007310780,PUT,0,0,chordKey_37_81,clients=50
1778007310781,GET,28,2,chordKey_17_57,clients=50
1778007310781,PUT_HOP,0,2,chordKey_31_62,
1778007310782,PUT,0,0,chordKey_17_58,clients=50
1778007310783,GET,30,2,chordKey_14_88,clients=50
1778007310784,GET,30,2,chordKey_43_93,clients=50
1778007310784,PUT_HOP,0,2,chordKey_7_51,
1778007310784,PUT,0,0,chordKey_43_94,clients=50
1778007310784,PUT,0,0,chordKey_14_89,clients=50
1778007310784,GET,28,2,chordKey_7_51,clients=50
1778007310785,PUT,0,0,chordKey_7_52,clients=50
1778007310785,GET,30,2,chordKey_32_76,clients=50
1778007310786,GET,32,2,chordKey_31_62,clients=50
1778007310786,PUT,0,0,chordKey_32_77,clients=50
1778007310786,GET,29,2,chordKey_16_45,clients=50
1778007310787,PUT,0,0,chordKey_16_46,clients=50
1778007310787,PUT_HOP,0,2,chordKey_29_70,
1778007310787,PUT,0,0,chordKey_31_63,clients=50
1778007310788,GET,29,2,chordKey_29_70,clients=50
1778007310789,PUT,0,0,chordKey_29_71,clients=50
1778007310789,PUT_HOP,0,2,chordKey_34_99,
1778007310790,PUT_HOP,0,2,chordKey_16_45,
1778007310790,GET,29,2,chordKey_34_99,clients=50
1778007310791,PUT_HOP,0,2,chordKey_41_94,
1778007310793,GET,29,2,chordKey_41_94,clients=50
1778007310793,PUT,0,0,chordKey_41_95,clients=50
1778007310794,GET,30,2,chordKey_11_31,clients=50
1778007310795,PUT,0,0,chordKey_11_32,clients=50
1778007310795,PUT_HOP,0,2,chordKey_11_31,
1778007310796,PUT_HOP,0,2,chordKey_10_86,
1778007310798,PUT_HOP,0,2,chordKey_26_82,
1778007310798,GET,32,2,chordKey_10_86,clients=50
1778007310799,GET,30,2,chordKey_26_82,clients=50
1778007310799,PUT,0,0,chordKey_10_87,clients=50
1778007310799,PUT,0,0,chordKey_26_83,clients=50
1778007310800,GET,29,2,chordKey_33_45,clients=50
1778007310800,PUT_HOP,0,2,chordKey_33_45,
1778007310801,PUT_HOP,0,2,chordKey_0_58,
1778007310801,PUT,0,0,chordKey_33_46,clients=50
1778007310801,PUT_HOP,0,2,chordKey_35_84,
1778007310803,GET,2075,2,chordKey_1_37,clients=50
1778007310803,GET,2116,2,chordKey_28_41,clients=50
1778007310803,PUT,0,0,chordKey_1_38,clients=50
1778007310803,GET,2112,2,chordKey_22_23,clients=50
1778007310804,PUT_HOP,0,2,chordKey_15_81,
1778007310804,PUT,0,0,chordKey_22_24,clients=50
1778007310805,PUT_HOP,0,2,chordKey_39_27,
1778007310804,GET,2117,2,chordKey_6_49,clients=50
1778007310804,PUT,0,0,chordKey_28_42,clients=50
1778007310804,GET,2116,2,chordKey_39_27,clients=50
1778007310806,PUT_HOP,0,2,chordKey_37_60,
1778007310805,PUT,0,0,chordKey_6_50,clients=50
1778007310805,GET,32,2,chordKey_0_58,clients=50
1778007310807,PUT_HOP,0,2,chordKey_48_58,
1778007310806,PUT,0,0,chordKey_39_28,clients=50
1778007310806,GET,33,2,chordKey_48_58,clients=50
1778007310807,PUT,0,0,chordKey_0_59,clients=50
1778007310808,PUT_HOP,0,2,chordKey_8_64,
1778007310808,GET,34,2,chordKey_35_84,clients=50
1778007310809,PUT,0,0,chordKey_35_85,clients=50
1778007310809,PUT_HOP,0,2,chordKey_42_94,
1778007310808,PUT,0,0,chordKey_48_59,clients=50
1778007310809,PUT_HOP,0,2,chordKey_2_48,
1778007310810,PUT_HOP,0,2,chordKey_45_59,
1778007310810,GET,35,2,chordKey_8_64,clients=50
1778007310811,PUT,0,0,chordKey_8_65,clients=50
1778007310811,GET,33,2,chordKey_18_44,clients=50
1778007310812,PUT_HOP,0,2,chordKey_18_44,
1778007310811,GET,35,2,chordKey_2_48,clients=50
1778007310811,GET,34,2,chordKey_45_59,clients=50
1778007310813,PUT_HOP,0,2,chordKey_13_37,
1778007310813,PUT,0,0,chordKey_45_60,clients=50
1778007310813,PUT_HOP,0,2,chordKey_27_71,
1778007310813,PUT,0,0,chordKey_2_49,clients=50
1778007310812,PUT,0,0,chordKey_18_45,clients=50
1778007310812,GET,34,2,chordKey_42_94,clients=50
1778007310814,GET,34,2,chordKey_27_71,clients=50
1778007310815,PUT,0,0,chordKey_42_95,clients=50
1778007310815,GET,34,2,chordKey_13_37,clients=50
1778007310815,PUT,0,0,chordKey_27_72,clients=50
1778007310815,PUT_HOP,0,2,chordKey_37_81,
1778007310816,PUT,0,0,chordKey_13_38,clients=50
1778007310816,PUT_HOP,0,2,chordKey_17_58,
1778007310817,GET,35,2,chordKey_37_81,clients=50
1778007310817,PUT_HOP,0,2,chordKey_43_94,
1778007310817,PUT_HOP,0,2,chordKey_14_89,
1778007310818,GET,35,2,chordKey_17_58,clients=50
1778007310818,GET,33,2,chordKey_14_89,clients=50
1778007310818,PUT_HOP,0,2,chordKey_7_52,
1778007310819,PUT,0,0,chordKey_14_90,clients=50
1778007310819,GET,34,2,chordKey_43_94,clients=50
1778007310819,PUT_HOP,0,2,chordKey_32_77,
1778007310818,PUT,0,0,chordKey_37_82,clients=50
1778007310820,PUT,0,0,chordKey_43_95,clients=50
1778007310819,GET,33,2,chordKey_7_52,clients=50
1778007310820,PUT_HOP,0,2,chordKey_31_63,
1778007310818,PUT,0,0,chordKey_17_59,clients=50
1778007310821,PUT,0,0,chordKey_7_53,clients=50
1778007310821,PUT_HOP,0,2,chordKey_16_46,
1778007310822,GET,35,2,chordKey_32_77,clients=50
1778007310822,PUT_HOP,0,2,chordKey_17_37,
1778007310822,PUT,0,0,chordKey_32_78,clients=50
1778007310824,GET,36,2,chordKey_16_46,clients=50
1778007310825,GET,36,2,chordKey_31_63,clients=50
1778007310825,PUT_HOP,0,2,chordKey_29_71,
1778007310825,PUT,0,0,chordKey_16_47,clients=50
1778007310825,PUT,0,0,chordKey_31_64,clients=50
1778007310826,GET,37,2,chordKey_29_71,clients=50
1778007310827,PUT,0,0,chordKey_29_72,clients=50
1778007310829,PUT_HOP,0,2,chordKey_11_32,
1778007310830,PUT_HOP,0,2,chordKey_41_95,
1778007310831,GET,37,2,chordKey_41_95,clients=50
1778007310831,PUT,0,0,chordKey_41_96,clients=50
1778007310831,GET,36,2,chordKey_11_32,clients=50
1778007310833,PUT,0,0,chordKey_11_33,clients=50
1778007310833,GET,1043,2,chordKey_19_36,clients=50
1778007310833,PUT_HOP,0,2,chordKey_10_87,
1778007310834,PUT,0,0,chordKey_19_37,clients=50
1778007310834,PUT_HOP,0,2,chordKey_26_83,
1778007310836,GET,36,2,chordKey_10_87,clients=50
1778007310836,PUT_HOP,0,2,chordKey_33_46,
1778007310836,PUT,0,0,chordKey_10_88,clients=50
1778007310838,GET,38,2,chordKey_26_83,clients=50
1778007310839,PUT,0,0,chordKey_26_84,clients=50
1778007310839,PUT_HOP,0,2,chordKey_1_38,
1778007310839,PUT_HOP,0,2,chordKey_22_24,
1778007310840,GET,35,2,chordKey_1_38,clients=50
1778007310840,GET,39,2,chordKey_33_46,clients=50
1778007310840,GET,35,2,chordKey_22_24,clients=50
1778007310841,PUT_HOP,0,2,chordKey_6_50,
1778007310841,PUT,0,0,chordKey_33_47,clients=50
1778007310841,PUT,0,0,chordKey_22_25,clients=50
1778007310841,PUT_HOP,0,2,chordKey_48_59,
1778007310841,PUT_HOP,0,2,chordKey_28_42,
1778007310840,PUT,0,0,chordKey_1_39,clients=50
1778007310842,GET,35,2,chordKey_6_50,clients=50
1778007310843,PUT_HOP,0,2,chordKey_0_59,
1778007310843,PUT,0,0,chordKey_6_51,clients=50
1778007310843,PUT_HOP,0,2,chordKey_39_28,
1778007310843,GET,37,2,chordKey_28_42,clients=50
1778007310844,GET,36,2,chordKey_39_28,clients=50
1778007310844,PUT,0,0,chordKey_39_29,clients=50
1778007310844,PUT,0,0,chordKey_28_43,clients=50
1778007310845,GET,37,2,chordKey_0_59,clients=50
1778007310846,PUT,0,0,chordKey_0_60,clients=50
1778007310846,PUT_HOP,0,2,chordKey_8_65,
1778007310847,GET,37,2,chordKey_35_85,clients=50
1778007310848,PUT_HOP,0,2,chordKey_18_45,
1778007310848,PUT,0,0,chordKey_35_86,clients=50
1778007310848,GET,36,2,chordKey_8_65,clients=50
1778007310849,GET,38,2,chordKey_48_59,clients=50
1778007310849,GET,34,2,chordKey_18_45,clients=50
1778007310849,PUT,0,0,chordKey_48_60,clients=50
1778007310849,PUT_HOP,0,2,chordKey_2_49,
1778007310849,GET,35,2,chordKey_45_60,clients=50
1778007310850,PUT_HOP,0,2,chordKey_13_38,
1778007310849,PUT,0,0,chordKey_8_66,clients=50
1778007310850,PUT,0,0,chordKey_45_61,clients=50
1778007310850,PUT_HOP,0,2,chordKey_35_85,
1778007310850,GET,36,2,chordKey_2_49,clients=50
1778007310851,PUT_HOP,0,2,chordKey_45_60,
1778007310849,PUT,0,0,chordKey_18_46,clients=50
1778007310851,PUT,0,0,chordKey_2_50,clients=50
1778007310851,PUT_HOP,0,2,chordKey_27_72,
1778007310852,PUT_HOP,0,2,chordKey_42_95,
1778007310853,GET,37,2,chordKey_13_38,clients=50
1778007310854,PUT,0,0,chordKey_13_39,clients=50
1778007310854,PUT_HOP,0,2,chordKey_17_59,
1778007310854,GET,38,2,chordKey_27_72,clients=50
1778007310854,PUT_HOP,0,2,chordKey_37_82,
1778007310855,PUT_HOP,0,2,chordKey_43_95,
1778007310855,PUT,0,0,chordKey_27_73,clients=50
1778007310855,PUT_HOP,0,2,chordKey_14_90,
1778007310856,GET,40,2,chordKey_42_95,clients=50
1778007310856,PUT_HOP,0,2,chordKey_7_53,
1778007310857,PUT,0,0,chordKey_42_96,clients=50
1778007310857,GET,36,2,chordKey_37_82,clients=50
1778007310857,GET,36,2,chordKey_43_95,clients=50
1778007310857,PUT_HOP,0,2,chordKey_32_78,
1778007310858,PUT,0,0,chordKey_43_96,clients=50
1778007310858,PUT,0,0,chordKey_37_83,clients=50
1778007310858,GET,37,2,chordKey_17_59,clients=50
1778007310859,GET,39,2,chordKey_14_90,clients=50
1778007310859,GET,36,2,chordKey_32_78,clients=50
1778007310859,PUT_HOP,0,2,chordKey_33_47,
1778007310860,PUT,0,0,chordKey_32_79,clients=50
1778007310859,PUT,0,0,chordKey_17_60,clients=50
1778007310859,GET,37,2,chordKey_7_53,clients=50
1778007310859,PUT,0,0,chordKey_14_91,clients=50
1778007310861,PUT,0,0,chordKey_7_54,clients=50
1778007310861,GET,19,2,chordKey_33_47,clients=50
1778007310862,PUT_HOP,0,2,chordKey_31_64,
1778007310862,PUT,0,0,chordKey_33_48,clients=50
1778007310863,PUT_HOP,0,2,chordKey_16_47,
1778007310863,GET,37,2,chordKey_31_64,clients=50
1778007310863,PUT_HOP,0,2,chordKey_29_72,
1778007310864,PUT,0,0,chordKey_31_65,clients=50
1778007310864,GET,38,2,chordKey_16_47,clients=50
1778007310865,PUT,0,0,chordKey_16_48,clients=50
1778007310867,GET,39,2,chordKey_29_72,clients=50
1778007310867,PUT,0,0,chordKey_29_73,clients=50
1778007310868,PUT_HOP,0,2,chordKey_41_96,
1778007310869,GET,37,2,chordKey_41_96,clients=50
1778007310869,GET,36,2,chordKey_11_33,clients=50
1778007310870,PUT_HOP,0,2,chordKey_11_33,
1778007310869,PUT,0,0,chordKey_41_97,clients=50
1778007310870,PUT,0,0,chordKey_11_34,clients=50
1778007310870,PUT_HOP,0,2,chordKey_19_37,
1778007310871,GET,37,2,chordKey_19_37,clients=50
1778007310872,GET,34,2,chordKey_10_88,clients=50
1778007310872,PUT_HOP,0,2,chordKey_26_84,
1778007310872,PUT,0,0,chordKey_19_38,clients=50
1778007310872,PUT,0,0,chordKey_10_89,clients=50
1778007310873,PUT_HOP,0,2,chordKey_10_88,
1778007310874,PUT_HOP,0,2,chordKey_1_39,
1778007310874,PUT_HOP,0,2,chordKey_32_79,
1778007310875,PUT_HOP,0,2,chordKey_22_25,
1778007310876,GET,37,2,chordKey_26_84,clients=50
1778007310876,GET,16,2,chordKey_32_79,clients=50
1778007310877,PUT,0,0,chordKey_32_80,clients=50
1778007310877,PUT,0,0,chordKey_26_85,clients=50
1778007310878,GET,34,2,chordKey_6_51,clients=50
1778007310878,PUT_HOP,0,2,chordKey_28_43,
1778007310877,GET,35,2,chordKey_22_25,clients=50
1778007310879,PUT,0,0,chordKey_6_52,clients=50
1778007310879,PUT,0,0,chordKey_22_26,clients=50
1778007310879,PUT_HOP,0,2,chordKey_39_29,
1778007310879,GET,36,2,chordKey_1_39,clients=50
1778007310880,PUT_HOP,0,2,chordKey_6_51,
1778007310880,PUT,0,0,chordKey_1_40,clients=50
1778007310881,GET,34,2,chordKey_0_60,clients=50
1778007310881,PUT_HOP,0,2,chordKey_35_86,
1778007310882,PUT,0,0,chordKey_0_61,clients=50
1778007310882,GET,37,2,chordKey_39_29,clients=50
1778007310882,PUT_HOP,0,2,chordKey_8_66,
1778007310882,GET,37,2,chordKey_28_43,clients=50
1778007310883,PUT,0,0,chordKey_39_30,clients=50
1778007310883,PUT,0,0,chordKey_28_44,clients=50
1778007310884,PUT_HOP,0,2,chordKey_48_60,
1778007310884,GET,35,2,chordKey_35_86,clients=50
1778007310884,PUT_HOP,0,2,chordKey_0_60,
1778007310885,PUT,0,0,chordKey_35_87,clients=50
1778007310884,PUT_HOP,0,2,chordKey_45_61,
1778007310884,PUT_HOP,0,2,chordKey_18_46,
1778007310885,GET,35,2,chordKey_48_60,clients=50
1778007310885,PUT_HOP,0,2,chordKey_2_50,
1778007310886,PUT,0,0,chordKey_48_61,clients=50
1778007310886,PUT,1048,0,chordKey_23_94,clients=50
1778007310886,GET,36,2,chordKey_8_66,clients=50
1778007310887,GET,36,2,chordKey_18_46,clients=50
1778007310887,GET,36,2,chordKey_45_61,clients=50
1778007310887,PUT,0,0,chordKey_8_67,clients=50
1778007310888,PUT,0,0,chordKey_45_62,clients=50
1778007310888,PUT,0,0,chordKey_18_47,clients=50
1778007310889,GET,37,2,chordKey_2_50,clients=50
1778007310889,PUT_HOP,0,2,chordKey_13_39,
1778007310890,PUT,0,0,chordKey_2_51,clients=50
1778007310890,PUT_HOP,0,2,chordKey_33_48,
1778007310891,GET,36,2,chordKey_13_39,clients=50
1778007310891,PUT_HOP,0,2,chordKey_42_96,
1778007310891,PUT,0,0,chordKey_13_40,clients=50
1778007310892,PUT_HOP,0,2,chordKey_37_83,
1778007310893,PUT_HOP,0,2,chordKey_27_73,
1778007310893,GET,37,2,chordKey_27_73,clients=50
1778007310893,PUT_HOP,0,2,chordKey_43_96,
1778007310893,PUT,0,0,chordKey_27_74,clients=50
1778007310893,GET,36,2,chordKey_42_96,clients=50
1778007310894,PUT_HOP,0,2,chordKey_17_60,
1778007310894,PUT,0,0,chordKey_42_97,clients=50
1778007310895,PUT_HOP,0,2,chordKey_14_91,
1778007310895,GET,36,2,chordKey_43_96,clients=50
1778007310895,PUT_HOP,0,2,chordKey_44_54,
1778007310896,PUT,0,0,chordKey_43_97,clients=50
1778007310896,GET,37,2,chordKey_37_83,clients=50
1778007310894,GET,31,2,chordKey_33_48,clients=50
1778007310897,GET,1103,2,chordKey_5_42,clients=50
1778007310897,GET,1091,2,chordKey_25_40,clients=50
1778007310898,GET,37,2,chordKey_17_60,clients=50
1778007310897,PUT,0,0,chordKey_37_84,clients=50
1778007310898,PUT_HOP,0,2,chordKey_7_54,
1778007310898,PUT,0,0,chordKey_17_61,clients=50
1778007310898,PUT,0,0,chordKey_25_41,clients=50
1778007310897,PUT,0,0,chordKey_5_43,clients=50
1778007310897,PUT,0,0,chordKey_33_49,clients=50
1778007310897,GET,1102,2,chordKey_44_54,clients=50
1778007310900,GET,38,2,chordKey_14_91,clients=50
1778007310900,PUT,0,0,chordKey_44_55,clients=50
1778007310901,PUT,0,0,chordKey_14_92,clients=50
1778007310901,GET,39,2,chordKey_7_54,clients=50
1778007310902,PUT,0,0,chordKey_7_55,clients=50
1778007310902,PUT_HOP,0,2,chordKey_31_65,
1778007310903,GET,38,2,chordKey_31_65,clients=50
1778007310903,PUT_HOP,0,2,chordKey_16_48,
1778007310903,PUT,0,0,chordKey_31_66,clients=50
1778007310905,GET,39,2,chordKey_16_48,clients=50
1778007310905,PUT,0,0,chordKey_16_49,clients=50
1778007310905,PUT_HOP,0,2,chordKey_29_73,
1778007310906,PUT_HOP,0,2,chordKey_35_65,
1778007310907,GET,1114,2,chordKey_40_64,clients=50
1778007310908,PUT,0,0,chordKey_40_65,clients=50
1778007310908,PUT_HOP,0,2,chordKey_41_97,
1778007310909,GET,41,2,chordKey_29_73,clients=50
1778007310909,PUT_HOP,0,2,chordKey_11_34,
1778007310910,PUT,0,0,chordKey_29_74,clients=50
1778007310911,GET,40,2,chordKey_41_97,clients=50
1778007310912,GET,41,2,chordKey_11_34,clients=50
1778007310912,PUT_HOP,0,2,chordKey_19_38,
1778007310912,PUT,0,0,chordKey_41_98,clients=50
1778007310912,PUT,0,0,chordKey_11_35,clients=50
1778007310913,PUT_HOP,0,2,chordKey_10_89,
1778007310913,GET,40,2,chordKey_19_38,clients=50
1778007310914,PUT,0,0,chordKey_19_39,clients=50
1778007310914,GET,41,2,chordKey_10_89,clients=50
1778007310915,PUT,0,0,chordKey_10_90,clients=50
1778007310916,GET,1103,2,chordKey_46_56,clients=50
1778007310916,PUT,0,0,chordKey_46_57,clients=50
1778007310916,PUT_HOP,0,2,chordKey_26_85,
1778007310917,GET,1105,2,chordKey_15_82,clients=50
1778007310918,PUT,0,0,chordKey_15_83,clients=50
1778007310921,PUT_HOP,0,2,chordKey_32_80,
1778007310922,GET,44,2,chordKey_32_80,clients=50
1778007310922,GET,44,2,chordKey_26_85,clients=50
1778007310922,PUT,0,0,chordKey_32_81,clients=50
1778007310923,PUT,0,0,chordKey_26_86,clients=50
1778007310923,PUT_HOP,0,2,chordKey_6_52,
1778007310924,PUT_HOP,0,2,chordKey_22_26,
1778007310925,PUT_HOP,0,2,chordKey_1_40,
1778007310926,GET,47,2,chordKey_6_52,clients=50
1778007310926,GET,47,2,chordKey_22_26,clients=50
1778007310927,PUT,0,0,chordKey_6_53,clients=50
1778007310927,PUT,0,0,chordKey_22_27,clients=50
1778007310927,PUT_HOP,0,2,chordKey_0_61,
1778007310929,PUT_HOP,0,2,chordKey_39_30,
1778007310929,GET,48,2,chordKey_1_40,clients=50
1778007310929,PUT_HOP,0,2,chordKey_28_44,
1778007310929,GET,47,2,chordKey_0_61,clients=50
1778007310930,PUT,0,0,chordKey_1_41,clients=50
1778007310930,GET,47,2,chordKey_39_30,clients=50
1778007310930,PUT,0,0,chordKey_0_62,clients=50
1778007310931,GET,47,2,chordKey_28_44,clients=50
1778007310932,PUT_HOP,0,2,chordKey_35_87,
1778007310932,PUT,0,0,chordKey_28_45,clients=50
1778007310932,PUT_HOP,0,2,chordKey_23_94,
1778007310933,GET,46,2,chordKey_48_61,clients=50
1778007310933,PUT_HOP,0,2,chordKey_8_67,
1778007310933,PUT,0,0,chordKey_48_62,clients=50
1778007310933,PUT_HOP,0,2,chordKey_48_61,
1778007310931,PUT,0,0,chordKey_39_31,clients=50
1778007310933,GET,46,2,chordKey_23_94,clients=50
1778007310932,GET,47,2,chordKey_35_87,clients=50
1778007310934,PUT_HOP,0,2,chordKey_18_47,
1778007310935,PUT,0,0,chordKey_23_95,clients=50
1778007310934,PUT_HOP,0,2,chordKey_45_62,
1778007310935,GET,46,2,chordKey_45_62,clients=50
1778007310935,PUT,0,0,chordKey_35_88,clients=50
1778007310937,PUT_HOP,0,2,chordKey_2_51,
1778007310937,PUT,0,0,chordKey_45_63,clients=50
1778007310937,PUT_HOP,0,2,chordKey_13_40,
1778007310937,GET,47,2,chordKey_2_51,clients=50
1778007310936,GET,48,2,chordKey_8_67,clients=50
1778007310936,GET,46,2,chordKey_18_47,clients=50
1778007310938,PUT,0,0,chordKey_8_68,clients=50
1778007310939,PUT_HOP,0,2,chordKey_27_74,
1778007310938,PUT,0,0,chordKey_2_52,clients=50
1778007310939,GET,46,2,chordKey_13_40,clients=50
1778007310940,PUT,0,0,chordKey_13_41,clients=50
1778007310940,PUT_HOP,0,2,chordKey_42_97,
1778007310939,PUT,0,0,chordKey_18_48,clients=50
1778007310940,PUT_HOP,0,2,chordKey_33_49,
1778007310940,GET,46,2,chordKey_27_74,clients=50
1778007310941,PUT,0,0,chordKey_27_75,clients=50
1778007310941,GET,46,2,chordKey_42_97,clients=50
1778007310942,PUT,0,0,chordKey_42_98,clients=50
1778007310942,PUT_HOP,0,2,chordKey_43_97,
1778007310943,PUT_HOP,0,2,chordKey_37_84,
1778007310943,PUT_HOP,0,2,chordKey_5_43,
1778007310943,GET,47,2,chordKey_43_97,clients=50
1778007310943,PUT_HOP,0,2,chordKey_17_61,
1778007310944,PUT,0,0,chordKey_43_98,clients=50
1778007310944,PUT_HOP,0,2,chordKey_25_41,
1778007310945,GET,46,2,chordKey_37_84,clients=50
1778007310946,PUT,0,0,chordKey_37_85,clients=50
1778007310946,GET,47,2,chordKey_5_43,clients=50
1778007310946,PUT_HOP,0,2,chordKey_44_55,
1778007310947,PUT,0,0,chordKey_5_44,clients=50
1778007310946,GET,47,2,chordKey_25_41,clients=50
1778007310947,PUT_HOP,0,2,chordKey_14_92,
1778007310947,GET,47,2,chordKey_33_49,clients=50
1778007310946,GET,47,2,chordKey_17_61,clients=50
1778007310948,PUT_HOP,0,2,chordKey_7_55,
1778007310948,PUT,0,0,chordKey_33_50,clients=50
1778007310948,PUT,0,0,chordKey_25_42,clients=50
1778007310949,GET,47,2,chordKey_7_55,clients=50
1778007310949,GET,47,2,chordKey_14_92,clients=50
1778007310950,PUT_HOP,0,2,chordKey_31_66,
1778007310950,PUT,0,0,chordKey_14_93,clients=50
1778007310949,PUT,0,0,chordKey_17_62,clients=50
1778007310948,GET,47,2,chordKey_44_55,clients=50
1778007310951,GET,47,2,chordKey_31_66,clients=50
1778007310951,PUT_HOP,0,2,chordKey_16_49,
1778007310950,PUT,0,0,chordKey_7_56,clients=50
1778007310952,PUT,0,0,chordKey_31_67,clients=50
1778007310951,PUT,0,0,chordKey_44_56,clients=50
1778007310953,GET,47,2,chordKey_16_49,clients=50
1778007310954,PUT,0,0,chordKey_16_50,clients=50
1778007310954,GET,46,2,chordKey_40_65,clients=50
1778007310954,PUT_HOP,0,2,chordKey_40_65,
1778007310954,PUT_HOP,0,2,chordKey_29_74,
1778007310955,PUT,0,0,chordKey_40_66,clients=50
1778007310955,GET,45,2,chordKey_29_74,clients=50
1778007310956,PUT,0,0,chordKey_29_75,clients=50
1778007310956,PUT_HOP,0,2,chordKey_41_98,
1778007310957,PUT_HOP,0,2,chordKey_11_35,
1778007310958,GET,45,2,chordKey_41_98,clients=50
1778007310958,PUT_HOP,0,2,chordKey_19_39,
1778007310958,PUT,0,0,chordKey_41_99,clients=50
1778007310958,GET,45,2,chordKey_11_35,clients=50
1778007310959,PUT,0,0,chordKey_11_36,clients=50
1778007310959,PUT_HOP,0,2,chordKey_10_90,
1778007310961,GET,46,2,chordKey_19_39,clients=50
1778007310961,GET,46,2,chordKey_10_90,clients=50
1778007310962,PUT,0,0,chordKey_19_40,clients=50
1778007310962,PUT,0,0,chordKey_10_91,clients=50
1778007310962,PUT_HOP,0,2,chordKey_15_83,
1778007310962,GET,45,2,chordKey_46_57,clients=50
1778007310963,PUT_HOP,0,2,chordKey_46_57,
1778007310963,GET,43,2,chordKey_15_83,clients=50
1778007310963,PUT,0,0,chordKey_46_58,clients=50
1778007310964,PUT,0,0,chordKey_15_84,clients=50
1778007310964,PUT_HOP,0,2,chordKey_32_81,
1778007310965,PUT_HOP,0,2,chordKey_26_86,
1778007310965,GET,42,2,chordKey_26_86,clients=50
1778007310966,GET,43,2,chordKey_32_81,clients=50
1778007310966,PUT,0,0,chordKey_26_87,clients=50
1778007310967,PUT,0,0,chordKey_32_82,clients=50
1778007310967,PUT_HOP,0,2,chordKey_6_53,
1778007310969,GET,41,2,chordKey_6_53,clients=50
1778007310969,PUT_HOP,0,2,chordKey_22_27,
1778007310969,GET,41,2,chordKey_22_27,clients=50
1778007310969,PUT,0,0,chordKey_6_54,clients=50
1778007310969,PUT,0,0,chordKey_22_28,clients=50
1778007310970,PUT_HOP,0,2,chordKey_1_41,
1778007310970,PUT_HOP,0,2,chordKey_0_62,
1778007310970,PUT_HOP,0,2,chordKey_39_31,
1778007310971,GET,40,2,chordKey_1_41,clients=50
1778007310972,PUT_HOP,0,2,chordKey_31_67,
1778007310972,PUT,0,0,chordKey_1_42,clients=50
1778007310972,PUT_HOP,0,2,chordKey_28_45,
1778007310972,GET,40,2,chordKey_0_62,clients=50
1778007310973,PUT,0,0,chordKey_0_63,clients=50
1778007310973,PUT_HOP,0,2,chordKey_48_62,
1778007310973,GET,21,2,chordKey_31_67,clients=50
1778007310974,PUT,0,0,chordKey_31_68,clients=50
1778007310974,GET,40,2,chordKey_39_31,clients=50
1778007310975,PUT_HOP,0,2,chordKey_23_95,
1778007310974,GET,41,2,chordKey_28_45,clients=50
1778007310975,PUT_HOP,0,2,chordKey_35_88,
1778007310975,PUT,0,0,chordKey_39_32,clients=50
1778007310975,PUT,0,0,chordKey_28_46,clients=50
1778007310975,GET,41,2,chordKey_48_62,clients=50
1778007310976,PUT,0,0,chordKey_48_63,clients=50
1778007310977,PUT_HOP,0,2,chordKey_45_63,
1778007310977,GET,42,2,chordKey_23_95,clients=50
1778007310978,GET,40,2,chordKey_35_88,clients=50
1778007310978,PUT_HOP,0,2,chordKey_2_52,
1778007310978,PUT,0,0,chordKey_23_96,clients=50
1778007310979,GET,41,2,chordKey_45_63,clients=50
1778007310979,PUT_HOP,0,2,chordKey_8_68,
1778007310979,PUT,0,0,chordKey_35_89,clients=50
1778007310979,PUT_HOP,0,2,chordKey_18_48,
1778007310980,PUT,0,0,chordKey_45_64,clients=50
1778007310981,GET,42,2,chordKey_8_68,clients=50
1778007310981,PUT_HOP,0,2,chordKey_13_41,
1778007310981,GET,42,2,chordKey_2_52,clients=50
1778007310981,PUT_HOP,0,2,chordKey_27_75,
1778007310981,PUT,0,0,chordKey_8_69,clients=50
1778007310982,PUT,0,0,chordKey_2_53,clients=50
1778007310982,PUT_HOP,0,2,chordKey_42_98,
1778007310982,GET,41,2,chordKey_18_48,clients=50
1778007310983,PUT,0,0,chordKey_18_49,clients=50
1778007310984,GET,42,2,chordKey_27_75,clients=50
1778007310984,PUT_HOP,0,2,chordKey_43_98,
1778007310984,PUT,0,0,chordKey_27_76,clients=50
1778007310984,GET,42,2,chordKey_42_98,clients=50
1778007310985,PUT,0,0,chordKey_42_99,clients=50
1778007310986,GET,42,2,chordKey_43_98,clients=50
1778007310987,PUT_HOP,0,2,chordKey_37_85,
1778007310987,PUT,0,0,chordKey_43_99,clients=50
1778007310988,PUT_HOP,0,2,chordKey_5_44,
1778007310997,PUT_HOP,0,2,chordKey_25_42,
1778007310997,GET,51,2,chordKey_37_85,clients=50
1778007310998,PUT_HOP,0,2,chordKey_33_50,
1778007310998,PUT,0,0,chordKey_37_86,clients=50
1778007310999,PUT_HOP,0,2,chordKey_17_62,
1778007310998,GET,51,2,chordKey_5_44,clients=50
1778007310999,PUT,0,0,chordKey_5_45,clients=50
1778007310999,GET,50,2,chordKey_33_50,clients=50
1778007311000,PUT,0,0,chordKey_33_51,clients=50
1778007311000,PUT_HOP,0,2,chordKey_7_56,
1778007311001,GET,51,2,chordKey_25_42,clients=50
1778007311001,PUT,0,0,chordKey_25_43,clients=50
1778007311002,PUT_HOP,0,2,chordKey_14_93,
1778007311002,GET,51,2,chordKey_14_93,clients=50
1778007311002,PUT_HOP,0,2,chordKey_44_56,
1778007311003,PUT,0,0,chordKey_14_94,clients=50
1778007311003,GET,51,2,chordKey_17_62,clients=50
1778007311003,GET,51,2,chordKey_7_56,clients=50
1778007311004,PUT,0,0,chordKey_7_57,clients=50
1778007311004,PUT,0,0,chordKey_17_63,clients=50
1778007311005,PUT_HOP,0,2,chordKey_16_50,
1778007311005,GET,52,2,chordKey_44_56,clients=50
1778007311006,PUT,0,0,chordKey_44_57,clients=50
1778007311007,GET,53,2,chordKey_16_50,clients=50
1778007311007,PUT_HOP,0,2,chordKey_40_66,
1778007311008,PUT,0,0,chordKey_16_51,clients=50
1778007311009,GET,69,2,chordKey_13_41,clients=50
1778007311009,GET,54,2,chordKey_40_66,clients=50
1778007311010,PUT_HOP,0,2,chordKey_29_75,
1778007311010,PUT,0,0,chordKey_40_67,clients=50
1778007311010,PUT,0,0,chordKey_13_42,clients=50
1778007311011,GET,54,2,chordKey_29_75,clients=50
1778007311011,PUT_HOP,0,2,chordKey_41_99,
1778007311012,PUT,0,0,chordKey_29_76,clients=50
1778007311011,PUT_HOP,0,2,chordKey_31_68,
1778007311013,PUT_HOP,0,2,chordKey_11_36,
1778007311013,GET,39,2,chordKey_31_68,clients=50
1778007311014,GET,55,2,chordKey_41_99,clients=50
1778007311014,PUT,0,0,chordKey_31_69,clients=50
1778007311014,GET,54,2,chordKey_11_36,clients=50
1778007311015,PUT,0,0,chordKey_11_37,clients=50
1778007311015,PUT_HOP,0,2,chordKey_19_40,
1778007311016,PUT_HOP,0,2,chordKey_10_91,
1778007311017,PUT_HOP,0,2,chordKey_46_58,
1778007311017,GET,54,2,chordKey_19_40,clients=50
1778007311017,PUT,0,0,chordKey_19_41,clients=50
1778007311019,GET,55,2,chordKey_10_91,clients=50
1778007311019,PUT,0,0,chordKey_10_92,clients=50
1778007311026,PUT_HOP,0,2,chordKey_15_84,
1778007311028,GET,63,2,chordKey_15_84,clients=50
1778007311028,GET,64,2,chordKey_46_58,clients=50
1778007311029,PUT,0,0,chordKey_46_59,clients=50
1778007311029,PUT_HOP,0,2,chordKey_32_82,
1778007311028,PUT,0,0,chordKey_15_85,clients=50
1778007311029,PUT_HOP,0,2,chordKey_6_54,
1778007311029,GET,62,2,chordKey_32_82,clients=50
1778007311030,PUT_HOP,0,2,chordKey_26_87,
1778007311030,GET,63,2,chordKey_26_87,clients=50
1778007311030,PUT,0,0,chordKey_32_83,clients=50
1778007311031,PUT,0,0,chordKey_26_88,clients=50
1778007311032,GET,62,2,chordKey_6_54,clients=50
1778007311032,PUT_HOP,0,2,chordKey_22_28,
1778007311032,PUT,0,0,chordKey_6_55,clients=50
1778007311033,PUT_HOP,0,2,chordKey_1_42,
1778007311033,GET,63,2,chordKey_22_28,clients=50
1778007311034,PUT,0,0,chordKey_22_29,clients=50
1778007311034,GET,61,2,chordKey_1_42,clients=50
1778007311034,PUT,0,0,chordKey_1_43,clients=50
1778007311034,PUT_HOP,0,2,chordKey_0_63,
1778007311035,GET,62,2,chordKey_0_63,clients=50
1778007311036,PUT,0,0,chordKey_0_64,clients=50
1778007311036,PUT_HOP,0,2,chordKey_28_46,
1778007311037,GET,61,2,chordKey_39_32,clients=50
1778007311037,PUT,0,0,chordKey_39_33,clients=50
1778007311038,GET,61,2,chordKey_48_63,clients=50
1778007311038,PUT_HOP,0,2,chordKey_48_63,
1778007311038,PUT,0,0,chordKey_48_64,clients=50
1778007311039,PUT_HOP,0,2,chordKey_39_32,
1778007311039,GET,63,2,chordKey_28_46,clients=50
1778007311039,PUT,0,0,chordKey_28_47,clients=50
1778007311040,GET,60,2,chordKey_35_89,clients=50
1778007311040,PUT_HOP,0,2,chordKey_8_69,
1778007311041,GET,61,2,chordKey_23_96,clients=50
1778007311041,PUT,0,0,chordKey_35_90,clients=50
1778007311041,PUT,0,0,chordKey_23_97,clients=50
1778007311041,GET,60,2,chordKey_45_64,clients=50
1778007311042,PUT_HOP,0,2,chordKey_35_89,
1778007311042,PUT,0,0,chordKey_45_65,clients=50
1778007311042,PUT_HOP,0,2,chordKey_23_96,
1778007311042,GET,54,2,chordKey_43_99,clients=50
1778007311042,PUT_HOP,0,2,chordKey_2_53,
1778007311043,GET,59,2,chordKey_18_49,clients=50
1778007311044,GET,44,2,chordKey_37_86,clients=50
1778007311044,PUT_HOP,0,2,chordKey_43_99,
1778007311044,PUT,0,0,chordKey_18_50,clients=50
1778007311044,PUT,0,0,chordKey_37_87,clients=50
1778007311048,GET,48,2,chordKey_5_45,clients=50
1778007311048,PUT_HOP,0,2,chordKey_5_45,
1778007311048,PUT,0,0,chordKey_5_46,clients=50
1778007311049,PUT_HOP,0,2,chordKey_27_76,
1778007311049,PUT_HOP,0,2,chordKey_18_49,
1778007311049,PUT_HOP,0,2,chordKey_37_86,
1778007311049,PUT_HOP,0,2,chordKey_45_64,
1778007311052,PUT_HOP,0,2,chordKey_7_57,
1778007311054,PUT_HOP,0,2,chordKey_16_51,
1778007311057,PUT_HOP,0,2,chordKey_33_51,
1778007311057,GET,56,2,chordKey_33_51,clients=50
1778007311057,PUT_HOP,0,2,chordKey_13_42,
1778007311058,PUT,0,0,chordKey_33_52,clients=50
1778007311058,PUT_HOP,0,2,chordKey_40_67,
1778007311059,PUT_HOP,0,2,chordKey_17_63,
1778007311059,PUT_HOP,0,2,chordKey_29_76,
1778007311060,PUT_HOP,0,2,chordKey_11_37,
1778007311061,PUT_HOP,0,2,chordKey_44_57,
1778007311062,PUT_HOP,0,2,chordKey_25_43,
1778007311062,PUT_HOP,0,2,chordKey_14_94,
1778007311063,PUT_HOP,0,2,chordKey_46_59,
1778007311064,GET,32,2,chordKey_32_83,clients=50
1778007311065,PUT,0,0,chordKey_32_84,clients=50
1778007311066,PUT_HOP,0,2,chordKey_26_88,
1778007311066,PUT_HOP,0,2,chordKey_31_69,
1778007311068,GET,38,2,chordKey_15_85,clients=50
1778007311068,PUT_HOP,0,2,chordKey_32_83,
1778007311068,GET,39,2,chordKey_46_59,clients=50
1778007311069,PUT,0,0,chordKey_46_60,clients=50
1778007311069,PUT_HOP,0,2,chordKey_15_85,
1778007311069,PUT_HOP,0,2,chordKey_22_29,
1778007311069,PUT,0,0,chordKey_15_86,clients=50
1778007311068,GET,37,2,chordKey_26_88,clients=50
1778007311070,PUT_HOP,0,2,chordKey_1_43,
1778007311070,GET,30,2,chordKey_28_47,clients=50
1778007311070,PUT,0,0,chordKey_26_89,clients=50
1778007311071,PUT_HOP,0,2,chordKey_35_90,
1778007311070,GET,32,2,chordKey_39_33,clients=50
1778007311071,PUT,0,0,chordKey_39_34,clients=50
1778007311071,PUT,0,0,chordKey_28_48,clients=50
1778007311071,GET,32,2,chordKey_48_64,clients=50
1778007311073,PUT,0,0,chordKey_48_65,clients=50
1778007311074,GET,32,2,chordKey_23_97,clients=50
1778007311074,GET,41,2,chordKey_6_55,clients=50
1778007311074,PUT_HOP,0,2,chordKey_48_64,
1778007311074,GET,40,2,chordKey_22_29,clients=50
1778007311074,GET,38,2,chordKey_0_64,clients=50
1778007311074,PUT,0,0,chordKey_23_98,clients=50
1778007311075,PUT_HOP,0,2,chordKey_28_47,
1778007311075,PUT,0,0,chordKey_0_65,clients=50
1778007311075,PUT_HOP,0,2,chordKey_39_33,
1778007311076,PUT_HOP,0,2,chordKey_23_97,
1778007311076,GET,33,2,chordKey_45_65,clients=50
1778007311076,PUT_HOP,0,2,chordKey_0_64,
1778007311077,PUT,0,0,chordKey_45_66,clients=50
1778007311077,PUT_HOP,0,2,chordKey_45_65,
1778007311077,PUT_HOP,0,2,chordKey_6_55,
1778007311075,PUT,0,0,chordKey_22_30,clients=50
1778007311075,PUT,0,0,chordKey_6_56,clients=50
1778007311077,GET,35,2,chordKey_35_90,clients=50
1778007311078,PUT_HOP,0,2,chordKey_37_87,
1778007311078,GET,43,2,chordKey_1_43,clients=50
1778007311079,PUT,0,0,chordKey_1_44,clients=50
1778007311079,PUT_HOP,0,2,chordKey_18_50,
1778007311078,GET,33,2,chordKey_18_50,clients=50
1778007311079,PUT_HOP,0,2,chordKey_5_46,
1778007311080,PUT,0,0,chordKey_18_51,clients=50
1778007311078,PUT,0,0,chordKey_35_91,clients=50
1778007311080,GET,35,2,chordKey_37_87,clients=50
1778007311082,PUT,0,0,chordKey_37_88,clients=50
1778007311083,GET,34,2,chordKey_5_46,clients=50
1778007311084,PUT,0,0,chordKey_5_47,clients=50
1778007311085,PUT_HOP,0,2,chordKey_33_52,
1778007311088,GET,29,2,chordKey_33_52,clients=50
1778007311088,PUT,0,0,chordKey_33_53,clients=50
1778007311090,PUT_HOP,0,2,chordKey_32_84,
1778007311093,PUT_HOP,0,2,chordKey_15_86,
1778007311094,GET,28,2,chordKey_32_84,clients=50
1778007311094,PUT_HOP,0,2,chordKey_46_60,
1778007311095,GET,25,2,chordKey_46_60,clients=50
1778007311095,PUT,0,0,chordKey_32_85,clients=50
1778007311095,PUT_HOP,0,2,chordKey_28_48,
1778007311095,PUT,0,0,chordKey_46_61,clients=50
1778007311096,GET,26,2,chordKey_15_86,clients=50
1778007311096,PUT_HOP,0,2,chordKey_39_34,
1778007311097,GET,25,2,chordKey_26_89,clients=50
1778007311097,PUT,0,0,chordKey_15_87,clients=50
1778007311097,PUT,0,0,chordKey_26_90,clients=50
1778007311106,GET,34,2,chordKey_39_34,clients=50
1778007311106,PUT_HOP,0,2,chordKey_26_89,
1778007311106,PUT,0,0,chordKey_39_35,clients=50
1778007311107,PUT_HOP,0,2,chordKey_48_65,
1778007311107,PUT_HOP,0,2,chordKey_23_98,
1778007311107,GET,35,2,chordKey_28_48,clients=50
1778007311108,PUT_HOP,0,2,chordKey_6_56,
1778007311108,PUT,0,0,chordKey_28_49,clients=50
1778007311108,PUT_HOP,0,2,chordKey_22_30,
1778007311107,GET,34,2,chordKey_48_65,clients=50
1778007311109,PUT,0,0,chordKey_48_66,clients=50
1778007311109,PUT_HOP,0,2,chordKey_0_65,
1778007311111,GET,35,2,chordKey_0_65,clients=50
1778007311111,PUT,0,0,chordKey_0_66,clients=50
1778007311111,PUT_HOP,0,2,chordKey_45_66,
1778007311112,GET,36,2,chordKey_23_98,clients=50
1778007311112,PUT_HOP,0,2,chordKey_35_91,
1778007311112,PUT_HOP,0,2,chordKey_1_44,
1778007311112,PUT,0,0,chordKey_23_99,clients=50
1778007311113,GET,36,2,chordKey_45_66,clients=50
1778007311114,PUT,0,0,chordKey_45_67,clients=50
1778007311114,GET,36,2,chordKey_6_56,clients=50
1778007311115,PUT_HOP,0,2,chordKey_18_51,
1778007311115,PUT,0,0,chordKey_6_57,clients=50
1778007311115,GET,36,2,chordKey_1_44,clients=50
1778007311116,PUT_HOP,0,2,chordKey_37_88,
1778007311116,PUT,0,0,chordKey_1_45,clients=50
1778007311117,GET,35,2,chordKey_35_91,clients=50
1778007311117,GET,35,2,chordKey_37_88,clients=50
1778007311118,PUT,0,0,chordKey_37_89,clients=50
1778007311115,GET,35,2,chordKey_18_51,clients=50
1778007311117,PUT,0,0,chordKey_35_92,clients=50
1778007311119,PUT_HOP,0,2,chordKey_5_47,
1778007311117,GET,39,2,chordKey_22_30,clients=50
1778007311119,PUT,0,0,chordKey_18_52,clients=50
1778007311120,PUT,0,0,chordKey_22_31,clients=50
1778007311121,GET,36,2,chordKey_5_47,clients=50
1778007311122,PUT,0,0,chordKey_5_48,clients=50
1778007311123,GET,34,2,chordKey_33_53,clients=50
1778007311123,PUT,0,0,chordKey_33_54,clients=50
1778007311125,PUT_HOP,0,2,chordKey_33_53,
1778007311127,PUT_HOP,0,2,chordKey_32_85,
1778007311128,PUT_HOP,0,2,chordKey_46_61,
1778007311130,GET,20,2,chordKey_48_66,clients=50
1778007311131,PUT,0,0,chordKey_48_67,clients=50
1778007311131,PUT_HOP,0,2,chordKey_15_87,
1778007311130,GET,32,2,chordKey_26_90,clients=50
1778007311132,PUT,0,0,chordKey_26_91,clients=50
1778007311131,GET,22,2,chordKey_28_49,clients=50
1778007311133,PUT,0,0,chordKey_28_50,clients=50
1778007311133,GET,37,2,chordKey_32_85,clients=50
1778007311133,PUT,0,0,chordKey_32_86,clients=50
1778007311133,PUT_HOP,0,2,chordKey_0_66,
1778007311133,PUT_HOP,0,2,chordKey_39_35,
1778007311134,GET,15,2,chordKey_37_89,clients=50
1778007311134,PUT_HOP,0,2,chordKey_37_89,
1778007311134,GET,22,2,chordKey_0_66,clients=50
1778007311135,PUT,0,0,chordKey_37_90,clients=50
1778007311135,PUT_HOP,0,2,chordKey_28_49,
1778007311135,PUT,0,0,chordKey_0_67,clients=50
1778007311135,PUT_HOP,0,2,chordKey_45_67,
1778007311135,PUT_HOP,0,2,chordKey_18_52,
1778007311136,GET,38,2,chordKey_15_87,clients=50
1778007311136,PUT_HOP,0,2,chordKey_23_99,
1778007311136,GET,17,2,chordKey_35_92,clients=50
1778007311136,GET,28,2,chordKey_39_35,clients=50
1778007311137,PUT,0,0,chordKey_35_93,clients=50
1778007311137,PUT_HOP,0,2,chordKey_48_66,
1778007311137,PUT,0,0,chordKey_15_88,clients=50
1778007311137,PUT,0,0,chordKey_39_36,clients=50
1778007311138,PUT_HOP,0,2,chordKey_1_45,
1778007311139,GET,43,2,chordKey_46_61,clients=50
1778007311139,PUT_HOP,0,2,chordKey_26_90,
1778007311139,PUT,0,0,chordKey_46_62,clients=50
1778007311139,GET,25,2,chordKey_45_67,clients=50
1778007311140,PUT_HOP,0,2,chordKey_6_57,
1778007311140,PUT,0,0,chordKey_45_68,clients=50
1778007311140,GET,23,2,chordKey_1_45,clients=50
1778007311141,PUT_HOP,0,2,chordKey_5_48,
1778007311141,PUT,0,0,chordKey_1_46,clients=50
1778007311141,GET,20,2,chordKey_22_31,clients=50
1778007311142,PUT,0,0,chordKey_22_32,clients=50
1778007311143,PUT_HOP,0,2,chordKey_22_31,
1778007311144,GET,31,2,chordKey_23_99,clients=50
1778007311145,GET,29,2,chordKey_6_57,clients=50
1778007311145,PUT_HOP,0,2,chordKey_33_54,
1778007311145,PUT,0,0,chordKey_6_58,clients=50
1778007311145,GET,22,2,chordKey_5_48,clients=50
1778007311147,PUT_HOP,0,2,chordKey_35_92,
1778007311146,GET,26,2,chordKey_18_52,clients=50
1778007311147,PUT,0,0,chordKey_5_49,clients=50
1778007311147,PUT,0,0,chordKey_18_53,clients=50
1778007311147,GET,23,2,chordKey_33_54,clients=50
1778007311148,PUT,0,0,chordKey_33_55,clients=50
1778007311152,PUT_HOP,0,2,chordKey_48_67,
1778007311153,GET,22,2,chordKey_48_67,clients=50
1778007311154,PUT,0,0,chordKey_48_68,clients=50
1778007311154,PUT_HOP,0,2,chordKey_26_91,
1778007311155,PUT_HOP,0,2,chordKey_28_50,
1778007311155,PUT_HOP,0,2,chordKey_32_86,
1778007311156,PUT_HOP,0,2,chordKey_37_90,
1778007311157,GET,24,2,chordKey_26_91,clients=50
1778007311157,GET,22,2,chordKey_32_86,clients=50
1778007311157,PUT,0,0,chordKey_26_92,clients=50
1778007311157,PUT_HOP,0,2,chordKey_0_67,
1778007311157,PUT,0,0,chordKey_32_87,clients=50
1778007311158,PUT_HOP,0,2,chordKey_15_88,
1778007311159,GET,23,2,chordKey_0_67,clients=50
1778007311160,PUT,0,0,chordKey_0_68,clients=50
1778007311160,PUT_HOP,0,2,chordKey_35_93,
1778007311160,GET,25,2,chordKey_37_90,clients=50
1778007311161,PUT_HOP,0,2,chordKey_39_36,
1778007311161,PUT,0,0,chordKey_37_91,clients=50
1778007311161,GET,24,2,chordKey_35_93,clients=50
1778007311162,PUT,0,0,chordKey_35_94,clients=50
1778007311162,PUT_HOP,0,2,chordKey_46_62,
1778007311164,GET,25,2,chordKey_39_36,clients=50
1778007311164,PUT_HOP,0,2,chordKey_45_68,
1778007311164,PUT,0,0,chordKey_39_37,clients=50
1778007311165,PUT_HOP,0,2,chordKey_1_46,
1778007311164,GET,26,2,chordKey_15_88,clients=50
1778007311164,GET,25,2,chordKey_46_62,clients=50
1778007311165,GET,25,2,chordKey_45_68,clients=50
1778007311165,PUT,0,0,chordKey_15_89,clients=50
1778007311166,PUT_HOP,0,2,chordKey_22_32,
1778007311166,GET,24,2,chordKey_1_46,clients=50
1778007311166,PUT,0,0,chordKey_45_69,clients=50
1778007311166,PUT,0,0,chordKey_46_63,clients=50
1778007311167,GET,24,2,chordKey_22_32,clients=50
1778007311167,PUT_HOP,0,2,chordKey_6_58,
1778007311167,PUT,0,0,chordKey_1_47,clients=50
1778007311168,PUT_HOP,0,2,chordKey_5_49,
1778007311166,GET,33,2,chordKey_28_50,clients=50
1778007311168,PUT_HOP,0,2,chordKey_18_53,
1778007311168,PUT,0,0,chordKey_22_33,clients=50
1778007311168,PUT,0,0,chordKey_28_51,clients=50
1778007311169,PUT_HOP,0,2,chordKey_33_55,
1778007311170,GET,22,2,chordKey_5_49,clients=50
1778007311170,GET,23,2,chordKey_6_58,clients=50
1778007311170,PUT,0,0,chordKey_5_50,clients=50
1778007311171,PUT,0,0,chordKey_6_59,clients=50
1778007311178,GET,30,2,chordKey_18_53,clients=50
1778007311178,GET,29,2,chordKey_33_55,clients=50
1778007311179,PUT,0,0,chordKey_18_54,clients=50
1778007311179,PUT,0,0,chordKey_33_56,clients=50
1778007311181,PUT_HOP,0,2,chordKey_48_68,
1778007311182,PUT_HOP,0,2,chordKey_26_92,
1778007311183,GET,28,2,chordKey_48_68,clients=50
1778007311183,PUT_HOP,0,2,chordKey_32_87,
1778007311183,PUT,0,0,chordKey_48_69,clients=50
1778007311184,GET,26,2,chordKey_26_92,clients=50
1778007311185,PUT_HOP,0,2,chordKey_0_68,
1778007311185,PUT,0,0,chordKey_26_93,clients=50
1778007311185,GET,27,2,chordKey_32_87,clients=50
1778007311186,PUT,0,0,chordKey_32_88,clients=50
1778007311188,PUT_HOP,0,2,chordKey_37_91,
1778007311188,GET,27,2,chordKey_0_68,clients=50
1778007311188,PUT,0,0,chordKey_0_69,clients=50
1778007311189,PUT_HOP,0,2,chordKey_35_94,
1778007311190,GET,28,2,chordKey_37_91,clients=50
1778007311190,PUT_HOP,0,2,chordKey_39_37,
1778007311190,PUT,0,0,chordKey_37_92,clients=50
1778007311191,GET,28,2,chordKey_35_94,clients=50
1778007311192,PUT,0,0,chordKey_35_95,clients=50
1778007311192,PUT_HOP,0,2,chordKey_15_89,
1778007311191,GET,26,2,chordKey_39_37,clients=50
1778007311192,PUT_HOP,0,2,chordKey_45_69,
1778007311193,PUT,0,0,chordKey_39_38,clients=50
1778007311193,PUT_HOP,0,2,chordKey_46_63,
1778007311193,PUT_HOP,0,2,chordKey_1_47,
1778007311194,PUT_HOP,0,2,chordKey_22_33,
1778007311194,GET,27,2,chordKey_15_89,clients=50
1778007311194,GET,27,2,chordKey_45_69,clients=50
1778007311195,PUT,0,0,chordKey_45_70,clients=50
1778007311195,GET,28,2,chordKey_46_63,clients=50
1778007311196,PUT,0,0,chordKey_46_64,clients=50
1778007311196,PUT_HOP,0,2,chordKey_28_51,
1778007311197,PUT,1054,0,chordKey_21_43,clients=50
1778007311194,PUT,0,0,chordKey_15_90,clients=50
1778007311198,GET,28,2,chordKey_28_51,clients=50
1778007311198,PUT,0,0,chordKey_28_52,clients=50
1778007311198,PUT_HOP,0,2,chordKey_5_50,
1778007311197,PUT,1055,0,chordKey_4_85,clients=50
1778007311196,GET,28,2,chordKey_1_47,clients=50
1778007311199,GET,0,0,chordKey_4_85,clients=50
1778007311200,PUT_HOP,0,2,chordKey_6_59,
1778007311198,GET,29,2,chordKey_22_33,clients=50
1778007311200,PUT,0,0,chordKey_4_86,clients=50
1778007311200,GET,29,2,chordKey_5_50,clients=50
1778007311201,PUT_HOP,0,2,chordKey_18_54,
1778007311199,PUT,0,0,chordKey_1_48,clients=50
1778007311201,PUT,0,0,chordKey_5_51,clients=50
1778007311202,PUT_HOP,0,2,chordKey_33_56,
1778007311201,GET,29,2,chordKey_6_59,clients=50
1778007311200,GET,0,0,chordKey_4_86,clients=50
1778007311200,PUT,0,0,chordKey_22_34,clients=50
1778007311203,PUT,0,0,chordKey_4_87,clients=50
1778007311204,GET,0,0,chordKey_4_87,clients=50
1778007311204,PUT,0,0,chordKey_4_88,clients=50
1778007311203,GET,23,2,chordKey_18_54,clients=50
1778007311202,PUT,0,0,chordKey_6_60,clients=50
1778007311205,PUT_HOP,0,2,chordKey_48_69,
1778007311205,PUT,0,0,chordKey_18_55,clients=50
1778007311204,GET,0,0,chordKey_4_88,clients=50
1778007311206,PUT,0,0,chordKey_4_89,clients=50
1778007311206,GET,22,2,chordKey_48_69,clients=50
1778007311206,PUT_HOP,0,2,chordKey_26_93,
1778007311203,GET,24,2,chordKey_33_56,clients=50
1778007311207,PUT_HOP,0,2,chordKey_4_65,
1778007311207,PUT,0,0,chordKey_48_70,clients=50
1778007311206,GET,0,0,chordKey_4_89,clients=50
1778007311208,PUT_HOP,0,2,chordKey_27_56,
1778007311207,PUT,0,0,chordKey_33_57,clients=50
1778007311208,PUT,0,0,chordKey_4_90,clients=50
1778007311208,GET,0,0,chordKey_4_90,clients=50
1778007311209,PUT_HOP,0,2,chordKey_41_79,
1778007311209,PUT,0,0,chordKey_4_91,clients=50
1778007311209,PUT_HOP,0,2,chordKey_4_67,
1778007311209,GET,0,0,chordKey_4_91,clients=50
1778007311209,PUT_HOP,0,2,chordKey_4_66,
1778007311210,PUT_HOP,0,2,chordKey_32_88,
1778007311210,PUT,0,0,chordKey_4_92,clients=50
1778007311210,PUT_HOP,0,2,chordKey_45_44,
1778007311211,GET,0,0,chordKey_4_92,clients=50
1778007311210,GET,25,2,chordKey_26_93,clients=50
1778007311211,GET,25,2,chordKey_32_88,clients=50
1778007311212,PUT,0,0,chordKey_26_94,clients=50
1778007311211,PUT,0,0,chordKey_4_93,clients=50
1778007311212,PUT_HOP,0,2,chordKey_0_69,
1778007311212,PUT,0,0,chordKey_32_89,clients=50
1778007311212,GET,0,0,chordKey_4_93,clients=50
1778007311213,PUT_HOP,0,2,chordKey_37_92,
1778007311213,PUT,0,0,chordKey_4_94,clients=50
1778007311214,GET,0,0,chordKey_4_94,clients=50
1778007311213,GET,24,2,chordKey_0_69,clients=50
1778007311214,PUT,0,0,chordKey_4_95,clients=50
1778007311215,GET,0,0,chordKey_4_95,clients=50
1778007311215,PUT,0,0,chordKey_0_70,clients=50
1778007311216,GET,23,2,chordKey_35_95,clients=50
1778007311216,PUT_HOP,0,2,chordKey_35_95,
1778007311217,PUT,0,0,chordKey_35_96,clients=50
1778007311217,PUT_HOP,0,2,chordKey_39_38,
1778007311216,PUT,0,0,chordKey_4_96,clients=50
1778007311217,PUT_HOP,0,2,chordKey_15_90,
1778007311218,GET,0,0,chordKey_4_96,clients=50
1778007311218,GET,25,2,chordKey_39_38,clients=50
1778007311215,GET,24,2,chordKey_37_92,clients=50
1778007311219,PUT,0,0,chordKey_39_39,clients=50
1778007311219,PUT_HOP,0,2,chordKey_45_70,
1778007311218,PUT,0,0,chordKey_4_97,clients=50
1778007311219,PUT_HOP,0,2,chordKey_46_64,
1778007311219,GET,0,0,chordKey_4_97,clients=50
1778007311220,PUT,0,0,chordKey_4_98,clients=50
1778007311220,PUT_HOP,0,2,chordKey_21_43,
1778007311220,GET,0,0,chordKey_4_98,clients=50
1778007311221,PUT,0,0,chordKey_4_99,clients=50
1778007311219,PUT,0,0,chordKey_37_93,clients=50
1778007311221,GET,26,2,chordKey_45_70,clients=50
1778007311222,PUT_HOP,0,2,chordKey_4_85,
1778007311222,PUT,0,0,chordKey_45_71,clients=50
1778007311221,GET,0,0,chordKey_4_99,clients=50
1778007311223,PUT_HOP,0,2,chordKey_28_52,
1778007311220,GET,1078,2,chordKey_12_75,clients=50
1778007311223,GET,25,2,chordKey_15_90,clients=50
1778007311223,PUT_HOP,0,2,chordKey_4_86,
1778007311224,PUT,0,0,chordKey_15_91,clients=50
1778007311222,GET,26,2,chordKey_46_64,clients=50
1778007311225,PUT,0,0,chordKey_46_65,clients=50
1778007311224,GET,25,2,chordKey_28_52,clients=50
1778007311226,PUT_HOP,0,2,chordKey_22_34,
1778007311226,PUT,0,0,chordKey_28_53,clients=50
1778007311224,GET,26,2,chordKey_21_43,clients=50
1778007311223,PUT,0,0,chordKey_12_76,clients=50
1778007311227,PUT,0,0,chordKey_21_44,clients=50
1778007311227,PUT_HOP,0,2,chordKey_1_48,
1778007311225,GET,24,2,chordKey_1_48,clients=50
1778007311228,PUT,0,0,chordKey_1_49,clients=50
1778007311228,PUT_HOP,0,2,chordKey_5_51,
1778007311229,PUT_HOP,0,2,chordKey_4_87,
1778007311229,GET,27,2,chordKey_5_51,clients=50
1778007311230,PUT_HOP,0,2,chordKey_6_60,
1778007311230,PUT,0,0,chordKey_5_52,clients=50
1778007311231,PUT_HOP,0,2,chordKey_4_88,
1778007311233,PUT_HOP,0,2,chordKey_18_55,
1778007311234,PUT_HOP,0,2,chordKey_4_89,
1778007311235,PUT_HOP,0,2,chordKey_48_70,
1778007311235,PUT_HOP,0,2,chordKey_4_91,
1778007311235,PUT_HOP,0,2,chordKey_4_90,
1778007311236,PUT_HOP,0,2,chordKey_33_57,
1778007311235,PUT_HOP,0,2,chordKey_4_92,
1778007311236,PUT_HOP,0,2,chordKey_4_93,
1778007311238,PUT_HOP,0,2,chordKey_32_89,
1778007311239,PUT_HOP,0,2,chordKey_4_94,
1778007311239,PUT_HOP,0,2,chordKey_26_94,
1778007311241,PUT_HOP,0,2,chordKey_4_95,
1778007311242,PUT_HOP,0,2,chordKey_4_96,
1778007311242,GET,36,2,chordKey_18_55,clients=50
1778007311243,GET,25,2,chordKey_35_96,clients=50
1778007311243,PUT,0,0,chordKey_18_56,clients=50
1778007311243,PUT_HOP,0,2,chordKey_35_96,
1778007311243,PUT,0,0,chordKey_35_97,clients=50
1778007311243,PUT_HOP,0,2,chordKey_0_70,
1778007311244,GET,36,2,chordKey_48_70,clients=50
1778007311244,GET,41,2,chordKey_22_34,clients=50
1778007311245,PUT_HOP,0,2,chordKey_39_39,
1778007311245,PUT,0,0,chordKey_22_35,clients=50
1778007311245,PUT,0,0,chordKey_48_71,clients=50
1778007311245,GET,40,2,chordKey_6_60,clients=50
1778007311246,GET,29,2,chordKey_0_70,clients=50
1778007311246,PUT,0,0,chordKey_0_71,clients=50
1778007311247,PUT_HOP,0,2,chordKey_37_93,
1778007311247,GET,34,2,chordKey_32_89,clients=50
1778007311247,GET,39,2,chordKey_33_57,clients=50
1778007311246,GET,33,2,chordKey_26_94,clients=50
1778007311248,PUT_HOP,0,2,chordKey_4_99,
1778007311248,PUT,0,0,chordKey_33_58,clients=50
1778007311248,PUT_HOP,0,2,chordKey_12_76,
1778007311248,GET,28,2,chordKey_39_39,clients=50
1778007311249,PUT,0,0,chordKey_39_40,clients=50
1778007311249,PUT_HOP,0,2,chordKey_45_71,
1778007311248,PUT,0,0,chordKey_32_90,clients=50
1778007311249,PUT_HOP,0,2,chordKey_4_98,
1778007311246,PUT,0,0,chordKey_6_61,clients=50
1778007311249,PUT_HOP,0,2,chordKey_4_97,
1778007311249,GET,27,2,chordKey_45_71,clients=50
1778007311250,PUT_HOP,0,2,chordKey_46_65,
1778007311250,PUT,0,0,chordKey_45_72,clients=50
1778007311248,PUT,0,0,chordKey_26_95,clients=50
1778007311251,PUT_HOP,0,2,chordKey_28_53,
1778007311252,GET,25,2,chordKey_28_53,clients=50
1778007311251,PUT_HOP,0,2,chordKey_21_44,
1778007311252,PUT,0,0,chordKey_28_54,clients=50
1778007311252,PUT_HOP,0,2,chordKey_15_91,
1778007311252,GET,27,2,chordKey_15_91,clients=50
1778007311252,GET,30,2,chordKey_37_93,clients=50
1778007311253,PUT_HOP,0,2,chordKey_1_49,
1778007311254,PUT,0,0,chordKey_37_94,clients=50
1778007311254,PUT_HOP,0,2,chordKey_5_52,
1778007311252,GET,26,2,chordKey_46_65,clients=50
1778007311255,PUT,0,0,chordKey_46_66,clients=50
1778007311254,GET,25,2,chordKey_1_49,clients=50
1778007311253,PUT,0,0,chordKey_15_92,clients=50
1778007311253,GET,25,2,chordKey_21_44,clients=50
1778007311256,PUT,0,0,chordKey_21_45,clients=50
1778007311253,GET,25,2,chordKey_12_76,clients=50
1778007311255,PUT,0,0,chordKey_1_50,clients=50
1778007311255,GET,24,2,chordKey_5_52,clients=50
1778007311257,PUT,0,0,chordKey_12_77,clients=50
1778007311258,PUT,0,0,chordKey_5_53,clients=50
1778007311263,PUT_HOP,0,2,chordKey_35_97,
1778007311264,PUT_HOP,0,2,chordKey_18_56,
1778007311264,GET,20,2,chordKey_35_97,clients=50
1778007311265,PUT,0,0,chordKey_35_98,clients=50
1778007311265,GET,21,2,chordKey_18_56,clients=50
1778007311266,PUT,0,0,chordKey_18_57,clients=50
1778007311266,PUT_HOP,0,2,chordKey_48_71,
1778007311266,GET,20,2,chordKey_48_71,clients=50
1778007311266,PUT_HOP,0,2,chordKey_22_35,
1778007311267,PUT,0,0,chordKey_48_72,clients=50
1778007311267,PUT_HOP,0,2,chordKey_6_61,
1778007311268,GET,22,2,chordKey_22_35,clients=50
1778007311268,PUT_HOP,0,2,chordKey_0_71,
1778007311268,PUT,0,0,chordKey_22_36,clients=50
1778007311269,PUT_HOP,0,2,chordKey_33_58,
1778007311269,GET,22,2,chordKey_0_71,clients=50
1778007311269,PUT_HOP,0,2,chordKey_32_90,
1778007311269,PUT_HOP,0,2,chordKey_26_95,
1778007311270,PUT,0,0,chordKey_0_72,clients=50
1778007311270,PUT_HOP,0,2,chordKey_39_40,
1778007311271,GET,22,2,chordKey_33_58,clients=50
1778007311272,PUT,0,0,chordKey_33_59,clients=50
1778007311272,PUT_HOP,0,2,chordKey_45_72,
1778007311272,GET,21,2,chordKey_6_61,clients=50
1778007311272,PUT_HOP,0,2,chordKey_15_92,
1778007311273,GET,19,2,chordKey_28_54,clients=50
1778007311272,PUT_HOP,0,2,chordKey_28_54,
1778007311271,GET,21,2,chordKey_32_90,clients=50
1778007311274,PUT_HOP,0,2,chordKey_37_94,
1778007311274,PUT,0,0,chordKey_32_91,clients=50
1778007311271,GET,21,2,chordKey_39_40,clients=50
1778007311275,PUT,0,0,chordKey_39_41,clients=50
1778007311275,GET,21,2,chordKey_37_94,clients=50
1778007311275,PUT_HOP,0,2,chordKey_46_66,
1778007311276,PUT_HOP,0,2,chordKey_21_45,
1778007311276,PUT,0,0,chordKey_37_95,clients=50
1778007311276,PUT_HOP,0,2,chordKey_1_50,
1778007311273,GET,22,2,chordKey_26_95,clients=50
1778007311273,PUT,0,0,chordKey_28_55,clients=50
1778007311273,PUT,0,0,chordKey_6_62,clients=50
1778007311272,GET,21,2,chordKey_45_72,clients=50
1778007311277,PUT,0,0,chordKey_26_96,clients=50
1778007311278,PUT_HOP,0,2,chordKey_12_77,
1778007311276,GET,20,2,chordKey_46_66,clients=50
1778007311278,PUT,0,0,chordKey_46_67,clients=50
1778007311279,GET,22,2,chordKey_21_45,clients=50
1778007311279,PUT,0,0,chordKey_21_46,clients=50
1778007311278,PUT,0,0,chordKey_45_73,clients=50
1778007311280,PUT_HOP,0,2,chordKey_22_36,
1778007311278,GET,22,2,chordKey_15_92,clients=50
1778007311280,GET,21,2,chordKey_12_77,clients=50
1778007311280,GET,22,2,chordKey_1_50,clients=50
1778007311281,PUT,0,0,chordKey_12_78,clients=50
1778007311281,GET,12,2,chordKey_22_36,clients=50
1778007311282,PUT,0,0,chordKey_22_37,clients=50
1778007311280,PUT,0,0,chordKey_15_93,clients=50
1778007311281,PUT,0,0,chordKey_1_51,clients=50
1778007311283,PUT_HOP,0,2,chordKey_5_53,
1778007311281,GET,23,2,chordKey_5_53,clients=50
1778007311284,PUT,0,0,chordKey_5_54,clients=50
1778007311285,PUT_HOP,0,2,chordKey_35_98,
1778007311286,PUT_HOP,0,2,chordKey_18_57,
1778007311287,GET,21,2,chordKey_35_98,clients=50
1778007311286,PUT_HOP,0,2,chordKey_21_46,
1778007311287,PUT,0,0,chordKey_35_99,clients=50
1778007311288,PUT_HOP,0,2,chordKey_48_72,
1778007311288,GET,22,2,chordKey_18_57,clients=50
1778007311288,GET,8,2,chordKey_21_46,clients=50
1778007311289,PUT_HOP,0,2,chordKey_0_72,
1778007311289,PUT,0,0,chordKey_18_58,clients=50
1778007311289,PUT,0,0,chordKey_21_47,clients=50
1778007311290,GET,22,2,chordKey_48_72,clients=50
1778007311290,PUT_HOP,0,2,chordKey_33_59,
1778007311290,PUT,0,0,chordKey_48_73,clients=50
1778007311291,GET,21,2,chordKey_0_72,clients=50
1778007311291,PUT_HOP,0,2,chordKey_28_55,
1778007311291,GET,19,2,chordKey_33_59,clients=50
1778007311292,PUT,0,0,chordKey_0_73,clients=50
1778007311292,PUT,0,0,chordKey_33_60,clients=50
1778007311292,PUT_HOP,0,2,chordKey_32_91,
1778007311292,PUT_HOP,0,2,chordKey_6_62,
1778007311292,PUT_HOP,0,2,chordKey_39_41,
1778007311294,GET,19,2,chordKey_32_91,clients=50
1778007311294,PUT_HOP,0,2,chordKey_37_95,
1778007311294,GET,19,2,chordKey_39_41,clients=50
1778007311295,GET,18,2,chordKey_37_95,clients=50
1778007311295,PUT_HOP,0,2,chordKey_22_37,
1778007311295,PUT_HOP,0,2,chordKey_26_96,
1778007311294,PUT,0,0,chordKey_32_92,clients=50
1778007311295,PUT,0,0,chordKey_37_96,clients=50
1778007311295,PUT,0,0,chordKey_39_42,clients=50
1778007311296,PUT_HOP,0,2,chordKey_45_73,
1778007311296,GET,19,2,chordKey_28_55,clients=50
1778007311296,GET,19,2,chordKey_6_62,clients=50
1778007311297,PUT_HOP,0,2,chordKey_46_67,
1778007311298,PUT,0,0,chordKey_6_63,clients=50
1778007311297,PUT,0,0,chordKey_28_56,clients=50
1778007311297,GET,19,2,chordKey_26_96,clients=50
1778007311298,GET,19,2,chordKey_46_67,clients=50
1778007311298,GET,15,2,chordKey_22_37,clients=50
1778007311299,PUT_HOP,0,2,chordKey_15_93,
1778007311299,PUT,0,0,chordKey_46_68,clients=50
1778007311299,PUT,0,0,chordKey_26_97,clients=50
1778007311300,PUT_HOP,0,2,chordKey_12_78,
1778007311300,GET,20,2,chordKey_45_73,clients=50
1778007311300,PUT_HOP,0,2,chordKey_1_51,
1778007311300,PUT,0,0,chordKey_22_38,clients=50
1778007311301,PUT,0,0,chordKey_45_74,clients=50
1778007311302,GET,20,2,chordKey_12_78,clients=50
1778007311303,PUT,0,0,chordKey_12_79,clients=50
1778007311304,GET,20,2,chordKey_15_93,clients=50
1778007311304,PUT_HOP,0,2,chordKey_5_54,
1778007311304,GET,20,2,chordKey_1_51,clients=50
1778007311304,PUT_HOP,0,2,chordKey_21_47,
1778007311304,PUT,0,0,chordKey_15_94,clients=50
1778007311305,PUT,0,0,chordKey_1_52,clients=50
1778007311305,GET,20,2,chordKey_5_54,clients=50
1778007311306,PUT,0,0,chordKey_5_55,clients=50
1778007311307,GET,16,2,chordKey_21_47,clients=50
1778007311307,PUT,0,0,chordKey_21_48,clients=50
1778007311307,PUT_HOP,0,2,chordKey_35_99,
1778007311308,GET,20,2,chordKey_35_99,clients=50
1778007311309,PUT_HOP,0,2,chordKey_18_58,
1778007311310,GET,20,2,chordKey_18_58,clients=50
1778007311310,PUT,0,0,chordKey_18_59,clients=50
1778007311311,PUT_HOP,0,2,chordKey_48_73,
1778007311312,PUT_HOP,0,2,chordKey_0_73,
1778007311312,GET,21,2,chordKey_48_73,clients=50
1778007311313,PUT_HOP,0,2,chordKey_33_60,
1778007311313,PUT,0,0,chordKey_48_74,clients=50
1778007311314,GET,21,2,chordKey_33_60,clients=50
1778007311314,PUT_HOP,0,2,chordKey_39_42,
1778007311314,GET,21,2,chordKey_0_73,clients=50
1778007311314,PUT_HOP,0,2,chordKey_32_92,
1778007311314,PUT,0,0,chordKey_33_61,clients=50
1778007311315,PUT,0,0,chordKey_0_74,clients=50
1778007311315,PUT_HOP,0,2,chordKey_37_96,
1778007311316,GET,20,2,chordKey_32_92,clients=50
1778007311316,GET,20,2,chordKey_37_96,clients=50
1778007311316,PUT,0,0,chordKey_32_93,clients=50
1778007311317,PUT,0,0,chordKey_37_97,clients=50
1778007311317,PUT_HOP,0,2,chordKey_6_63,
1778007311318,GET,21,2,chordKey_39_42,clients=50
1778007311318,PUT,0,0,chordKey_39_43,clients=50
1778007311318,PUT_HOP,0,2,chordKey_28_56,
1778007311319,GET,20,2,chordKey_6_63,clients=50
1778007311319,GET,20,2,chordKey_28_56,clients=50
1778007311319,PUT_HOP,0,2,chordKey_26_97,
1778007311319,PUT,0,0,chordKey_6_64,clients=50
1778007311320,PUT,0,0,chordKey_28_57,clients=50
1778007311320,GET,20,2,chordKey_46_68,clients=50
1778007311320,GET,20,2,chordKey_26_97,clients=50
1778007311321,PUT_HOP,0,2,chordKey_45_74,
1778007311321,PUT,0,0,chordKey_46_69,clients=50
1778007311321,PUT_HOP,0,2,chordKey_46_68,
1778007311322,GET,20,2,chordKey_45_74,clients=50
1778007311322,PUT_HOP,0,2,chordKey_12_79,
1778007311321,PUT,0,0,chordKey_26_98,clients=50
1778007311322,PUT,0,0,chordKey_45_75,clients=50
1778007311322,PUT_HOP,0,2,chordKey_15_94,
1778007311323,PUT_HOP,0,2,chordKey_1_52,
1778007311324,GET,20,2,chordKey_12_79,clients=50
1778007311324,PUT,0,0,chordKey_12_80,clients=50
1778007311325,GET,19,2,chordKey_15_94,clients=50
1778007311325,PUT,0,0,chordKey_15_95,clients=50
1778007311325,PUT_HOP,0,2,chordKey_5_55,
1778007311326,PUT_HOP,0,2,chordKey_22_38,
1778007311327,GET,21,2,chordKey_1_52,clients=50
1778007311327,GET,21,2,chordKey_5_55,clients=50
1778007311328,PUT,0,0,chordKey_1_53,clients=50
1778007311328,PUT,0,0,chordKey_5_56,clients=50
1778007311329,PUT_HOP,0,2,chordKey_18_59,
1778007311329,GET,27,2,chordKey_22_38,clients=50
1778007311329,PUT,0,0,chordKey_22_39,clients=50
1778007311330,GET,19,2,chordKey_18_59,clients=50
1778007311330,PUT,0,0,chordKey_18_60,clients=50
1778007311331,PUT_HOP,0,2,chordKey_48_74,
1778007311332,GET,18,2,chordKey_48_74,clients=50
1778007311332,PUT_HOP,0,2,chordKey_33_61,
1778007311332,PUT,0,0,chordKey_48_75,clients=50
1778007311333,PUT_HOP,0,2,chordKey_0_74,
1778007311334,GET,18,2,chordKey_33_61,clients=50
1778007311334,PUT_HOP,0,2,chordKey_32_93,
1778007311334,PUT_HOP,0,2,chordKey_21_48,
1778007311334,PUT,0,0,chordKey_33_62,clients=50
1778007311334,GET,27,2,chordKey_21_48,clients=50
1778007311335,GET,19,2,chordKey_0_74,clients=50
1778007311335,PUT,0,0,chordKey_21_49,clients=50
1778007311336,PUT,0,0,chordKey_0_75,clients=50
1778007311338,PUT_HOP,0,2,chordKey_37_97,
1778007311339,GET,22,2,chordKey_32_93,clients=50
1778007311339,PUT_HOP,0,2,chordKey_39_43,
1778007311339,GET,22,2,chordKey_37_97,clients=50
1778007311340,PUT,0,0,chordKey_32_94,clients=50
1778007311340,PUT,0,0,chordKey_37_98,clients=50
1778007311340,PUT_HOP,0,2,chordKey_6_64,
1778007311341,GET,22,2,chordKey_39_43,clients=50
1778007311341,PUT_HOP,0,2,chordKey_28_57,
1778007311341,PUT,0,0,chordKey_39_44,clients=50
1778007311342,PUT_HOP,0,2,chordKey_46_69,
1778007311342,GET,22,2,chordKey_6_64,clients=50
1778007311343,PUT,0,0,chordKey_6_65,clients=50
1778007311343,PUT_HOP,0,2,chordKey_26_98,
1778007311344,GET,23,2,chordKey_28_57,clients=50
1778007311344,PUT,0,0,chordKey_28_58,clients=50
1778007311345,GET,23,2,chordKey_46_69,clients=50
1778007311345,PUT_HOP,0,2,chordKey_45_75,
1778007311345,PUT,0,0,chordKey_46_70,clients=50
1778007311346,GET,23,2,chordKey_45_75,clients=50
1778007311346,GET,23,2,chordKey_26_98,clients=50
1778007311347,PUT_HOP,0,2,chordKey_12_80,
1778007311347,PUT,0,0,chordKey_26_99,clients=50
1778007311347,PUT,0,0,chordKey_45_76,clients=50
1778007311348,PUT_HOP,0,2,chordKey_15_95,
1778007311347,GET,22,2,chordKey_12_80,clients=50
1778007311349,PUT,0,0,chordKey_12_81,clients=50
1778007311349,GET,23,2,chordKey_15_95,clients=50
1778007311349,PUT_HOP,0,2,chordKey_1_53,
1778007311349,PUT,0,0,chordKey_15_96,clients=50
1778007311351,PUT_HOP,0,2,chordKey_5_56,
1778007311352,GET,24,2,chordKey_5_56,clients=50
1778007311352,GET,24,2,chordKey_1_53,clients=50
1778007311353,PUT,0,0,chordKey_5_57,clients=50
1778007311353,PUT_HOP,0,2,chordKey_18_60,
1778007311353,PUT,0,0,chordKey_1_54,clients=50
1778007311354,PUT_HOP,0,2,chordKey_22_39,
1778007311354,GET,23,2,chordKey_18_60,clients=50
1778007311355,PUT_HOP,0,2,chordKey_48_75,
1778007311355,PUT,0,0,chordKey_18_61,clients=50
1778007311356,GET,23,2,chordKey_48_75,clients=50
1778007311356,GET,26,2,chordKey_22_39,clients=50
1778007311357,PUT,0,0,chordKey_48_76,clients=50
1778007311357,PUT_HOP,0,2,chordKey_33_62,
1778007311357,PUT,0,0,chordKey_22_40,clients=50
1778007311359,GET,24,2,chordKey_33_62,clients=50
1778007311359,PUT_HOP,0,2,chordKey_0_75,
1778007311359,PUT,0,0,chordKey_33_63,clients=50
1778007311360,GET,23,2,chordKey_0_75,clients=50
1778007311360,PUT_HOP,0,2,chordKey_37_98,
1778007311361,PUT,0,0,chordKey_0_76,clients=50
1778007311360,PUT_HOP,0,2,chordKey_32_94,
1778007311361,PUT_HOP,0,2,chordKey_39_44,
1778007311361,PUT_HOP,0,2,chordKey_21_49,
1778007311362,GET,21,2,chordKey_37_98,clients=50
1778007311362,PUT,0,0,chordKey_37_99,clients=50
1778007311363,GET,26,2,chordKey_21_49,clients=50
1778007311363,GET,21,2,chordKey_39_44,clients=50
1778007311363,PUT_HOP,0,2,chordKey_6_65,
1778007311363,GET,22,2,chordKey_32_94,clients=50
1778007311364,PUT_HOP,0,2,chordKey_28_58,
1778007311364,PUT,0,0,chordKey_39_45,clients=50
1778007311363,PUT,0,0,chordKey_21_50,clients=50
1778007311364,PUT,0,0,chordKey_32_95,clients=50
1778007311365,GET,20,2,chordKey_28_58,clients=50
1778007311365,PUT_HOP,0,2,chordKey_46_70,
1778007311365,GET,21,2,chordKey_6_65,clients=50
1778007311366,PUT,0,0,chordKey_28_59,clients=50
1778007311366,PUT,0,0,chordKey_6_66,clients=50
1778007311366,PUT_HOP,0,2,chordKey_26_99,
1778007311367,GET,21,2,chordKey_46_70,clients=50
1778007311367,PUT_HOP,0,2,chordKey_45_76,
1778007311367,PUT,0,0,chordKey_46_71,clients=50
1778007311369,GET,21,2,chordKey_26_99,clients=50
1778007311369,PUT_HOP,0,2,chordKey_12_81,
1778007311369,GET,21,2,chordKey_45_76,clients=50
1778007311370,PUT,0,0,chordKey_45_77,clients=50
1778007311370,PUT_HOP,0,2,chordKey_15_96,
1778007311371,GET,21,2,chordKey_12_81,clients=50
1778007311371,GET,21,2,chordKey_15_96,clients=50
1778007311371,PUT,0,0,chordKey_12_82,clients=50
1778007311372,PUT,0,0,chordKey_15_97,clients=50
1778007311372,PUT_HOP,0,2,chordKey_5_57,
1778007311373,PUT_HOP,0,2,chordKey_1_54,
1778007311374,GET,20,2,chordKey_5_57,clients=50
1778007311374,GET,20,2,chordKey_1_54,clients=50
1778007311375,PUT_HOP,0,2,chordKey_18_61,
1778007311374,PUT,0,0,chordKey_5_58,clients=50
1778007311375,PUT,0,0,chordKey_1_55,clients=50
1778007311375,GET,20,2,chordKey_18_61,clients=50
1778007311376,PUT_HOP,0,2,chordKey_48_76,
1778007311376,PUT,0,0,chordKey_18_62,clients=50
1778007311377,PUT_HOP,0,2,chordKey_22_40,
1778007311377,GET,20,2,chordKey_48_76,clients=50
1778007311378,PUT,0,0,chordKey_48_77,clients=50
1778007311378,PUT_HOP,0,2,chordKey_33_63,
1778007311378,GET,21,2,chordKey_22_40,clients=50
1778007311379,PUT_HOP,0,2,chordKey_0_76,
1778007311379,PUT,0,0,chordKey_22_41,clients=50
1778007311379,GET,19,2,chordKey_33_63,clients=50
1778007311380,PUT,0,0,chordKey_33_64,clients=50
1778007311381,GET,19,2,chordKey_0_76,clients=50
1778007311381,PUT_HOP,0,2,chordKey_37_99,
1778007311381,PUT,0,0,chordKey_0_77,clients=50
1778007311382,PUT_HOP,0,2,chordKey_21_50,
1778007311382,GET,19,2,chordKey_37_99,clients=50
1778007311383,PUT_HOP,0,2,chordKey_39_45,
1778007311383,PUT_HOP,0,2,chordKey_32_95,
1778007311383,GET,19,2,chordKey_39_45,clients=50
1778007311384,PUT_HOP,0,2,chordKey_28_59,
1778007311384,PUT,0,0,chordKey_39_46,clients=50
1778007311384,GET,19,2,chordKey_21_50,clients=50
1778007311385,PUT,0,0,chordKey_21_51,clients=50
1778007311385,PUT_HOP,0,2,chordKey_6_66,
1778007311386,GET,19,2,chordKey_28_59,clients=50
1778007311386,PUT,0,0,chordKey_28_60,clients=50
1778007311387,PUT_HOP,0,2,chordKey_46_71,
1778007311387,GET,20,2,chordKey_6_66,clients=50
1778007311387,GET,21,2,chordKey_32_95,clients=50
1778007311388,PUT_HOP,0,2,chordKey_45_77,
1778007311388,GET,20,2,chordKey_46_71,clients=50
1778007311389,GET,18,2,chordKey_45_77,clients=50
1778007311388,PUT,0,0,chordKey_6_67,clients=50
1778007311389,PUT_HOP,0,2,chordKey_12_82,
1778007311389,PUT,0,0,chordKey_45_78,clients=50
1778007311389,PUT,0,0,chordKey_46_72,clients=50
1778007311389,PUT,0,0,chordKey_32_96,clients=50
1778007311391,PUT_HOP,0,2,chordKey_15_97,
1778007311392,GET,19,2,chordKey_12_82,clients=50
1778007311392,PUT_HOP,0,2,chordKey_5_58,
1778007311392,GET,19,2,chordKey_15_97,clients=50
1778007311392,PUT,0,0,chordKey_12_83,clients=50
1778007311393,PUT,0,0,chordKey_15_98,clients=50
1778007311393,PUT_HOP,0,2,chordKey_1_55,
1778007311393,GET,18,2,chordKey_5_58,clients=50
1778007311394,PUT,0,0,chordKey_5_59,clients=50
1778007311395,PUT_HOP,0,2,chordKey_18_62,
1778007311395,PUT_HOP,0,2,chordKey_48_77,
1778007311395,GET,19,2,chordKey_1_55,clients=50
1778007311396,PUT,0,0,chordKey_1_56,clients=50
1778007311397,PUT_HOP,0,2,chordKey_22_41,
1778007311397,GET,18,2,chordKey_48_77,clients=50
1778007311396,GET,19,2,chordKey_18_62,clients=50
1778007311397,PUT,0,0,chordKey_48_78,clients=50
1778007311398,GET,18,2,chordKey_22_41,clients=50
1778007311398,PUT,0,0,chordKey_18_63,clients=50
1778007311399,PUT_HOP,0,2,chordKey_33_64,
1778007311399,GET,18,2,chordKey_33_64,clients=50
1778007311399,PUT,0,0,chordKey_22_42,clients=50
1778007311400,PUT,0,0,chordKey_33_65,clients=50
1778007311400,PUT_HOP,0,2,chordKey_0_77,
1778007311401,PUT_HOP,0,2,chordKey_39_46,
1778007311401,GET,19,2,chordKey_0_77,clients=50
1778007311401,PUT,0,0,chordKey_0_78,clients=50
1778007311402,PUT_HOP,0,2,chordKey_21_51,
1778007311403,PUT_HOP,0,2,chordKey_28_60,
1778007311403,GET,19,2,chordKey_39_46,clients=50
1778007311404,GET,18,2,chordKey_21_51,clients=50
1778007311404,PUT,0,0,chordKey_39_47,clients=50
1778007311404,PUT,0,0,chordKey_21_52,clients=50
1778007311405,PUT_HOP,0,2,chordKey_6_67,
1778007311405,GET,17,2,chordKey_28_60,clients=50
1778007311405,PUT_HOP,0,2,chordKey_32_96,
1778007311405,PUT,0,0,chordKey_28_61,clients=50
1778007311406,PUT_HOP,0,2,chordKey_46_72,
1778007311406,PUT_HOP,0,2,chordKey_45_78,
1778007311408,GET,18,2,chordKey_6_67,clients=50
1778007311408,GET,18,2,chordKey_45_78,clients=50
1778007311409,PUT,0,0,chordKey_45_79,clients=50
1778007311409,PUT_HOP,0,2,chordKey_12_83,
1778007311409,GET,18,2,chordKey_46_72,clients=50
1778007311408,PUT,0,0,chordKey_6_68,clients=50
1778007311410,PUT,0,0,chordKey_46_73,clients=50
1778007311409,GET,18,2,chordKey_32_96,clients=50
1778007311411,PUT_HOP,0,2,chordKey_15_98,
1778007311411,GET,18,2,chordKey_15_98,clients=50
1778007311411,PUT_HOP,0,2,chordKey_5_59,
1778007311412,PUT,0,0,chordKey_15_99,clients=50
1778007311412,PUT_HOP,0,2,chordKey_1_56,
1778007311411,GET,18,2,chordKey_12_83,clients=50
1778007311411,PUT,0,0,chordKey_32_97,clients=50
1778007311413,PUT,0,0,chordKey_12_84,clients=50
1778007311412,GET,17,2,chordKey_5_59,clients=50
1778007311413,PUT,0,0,chordKey_5_60,clients=50
1778007311414,PUT_HOP,0,2,chordKey_48_78,
1778007311414,GET,17,2,chordKey_1_56,clients=50
1778007311414,PUT_HOP,0,2,chordKey_18_63,
1778007311415,PUT,0,0,chordKey_1_57,clients=50
1778007311415,GET,17,2,chordKey_48_78,clients=50
1778007311415,PUT_HOP,0,2,chordKey_22_42,
1778007311416,PUT,0,0,chordKey_48_79,clients=50
1778007311416,PUT_HOP,0,2,chordKey_33_65,
1778007311417,GET,17,2,chordKey_18_63,clients=50
1778007311417,GET,17,2,chordKey_33_65,clients=50
1778007311417,PUT,0,0,chordKey_18_64,clients=50
1778007311418,PUT,0,0,chordKey_33_66,clients=50
1778007311418,PUT_HOP,0,2,chordKey_0_78,
1778007311419,GET,19,2,chordKey_22_42,clients=50
1778007311419,PUT,0,0,chordKey_22_43,clients=50
1778007311420,GET,18,2,chordKey_0_78,clients=50
1778007311420,PUT_HOP,0,2,chordKey_39_47,
1778007311420,PUT,0,0,chordKey_0_79,clients=50
1778007311421,PUT_HOP,0,2,chordKey_21_52,
1778007311422,GET,17,2,chordKey_39_47,clients=50
1778007311422,GET,17,2,chordKey_21_52,clients=50
1778007311423,PUT_HOP,0,2,chordKey_28_61,
1778007311423,PUT,0,0,chordKey_39_48,clients=50
1778007311423,PUT,0,0,chordKey_21_53,clients=50
1778007311424,GET,18,2,chordKey_28_61,clients=50
1778007311424,PUT,0,0,chordKey_28_62,clients=50
1778007311425,PUT_HOP,0,2,chordKey_6_68,
1778007311426,PUT_HOP,0,2,chordKey_45_79,
1778007311427,GET,17,2,chordKey_45_79,clients=50
1778007311427,PUT_HOP,0,2,chordKey_46_73,
1778007311427,PUT,0,0,chordKey_45_80,clients=50
1778007311428,GET,17,2,chordKey_6_68,clients=50
1778007311428,GET,18,2,chordKey_46_73,clients=50
1778007311429,PUT_HOP,0,2,chordKey_32_97,
1778007311428,PUT,0,0,chordKey_6_69,clients=50
1778007311429,PUT,0,0,chordKey_46_74,clients=50
1778007311430,PUT_HOP,0,2,chordKey_15_99,
1778007311430,PUT_HOP,0,2,chordKey_12_84,
1778007311431,GET,18,2,chordKey_15_99,clients=50
1778007311431,GET,18,2,chordKey_32_97,clients=50
1778007311432,PUT_HOP,0,2,chordKey_5_60,
1778007311432,PUT,0,0,chordKey_32_98,clients=50
1778007311432,GET,19,2,chordKey_12_84,clients=50
1778007311433,PUT_HOP,0,2,chordKey_1_57,
1778007311433,PUT,0,0,chordKey_12_85,clients=50
1778007311433,GET,19,2,chordKey_5_60,clients=50
1778007311434,PUT,0,0,chordKey_5_61,clients=50
1778007311434,PUT_HOP,0,2,chordKey_48_79,
1778007311434,GET,19,2,chordKey_1_57,clients=50
1778007311435,PUT,0,0,chordKey_1_58,clients=50
1778007311435,GET,19,2,chordKey_48_79,clients=50
1778007311436,PUT_HOP,0,2,chordKey_18_64,
1778007311436,PUT,0,0,chordKey_48_80,clients=50
1778007311436,PUT_HOP,0,2,chordKey_33_66,
1778007311437,PUT_HOP,0,2,chordKey_22_43,
1778007311438,GET,19,2,chordKey_18_64,clients=50
1778007311438,PUT,0,0,chordKey_18_65,clients=50
1778007311438,GET,19,2,chordKey_33_66,clients=50
1778007311439,PUT_HOP,0,2,chordKey_0_79,
1778007311439,GET,18,2,chordKey_22_43,clients=50
1778007311439,PUT,0,0,chordKey_33_67,clients=50
1778007311439,PUT,0,0,chordKey_22_44,clients=50
1778007311440,GET,19,2,chordKey_0_79,clients=50
1778007311440,PUT_HOP,0,2,chordKey_39_48,
1778007311441,PUT,0,0,chordKey_0_80,clients=50
1778007311441,PUT_HOP,0,2,chordKey_21_53,
1778007311442,GET,18,2,chordKey_21_53,clients=50
1778007311442,PUT_HOP,0,2,chordKey_28_62,
1778007311442,GET,19,2,chordKey_39_48,clients=50
1778007311442,PUT,0,0,chordKey_21_54,clients=50
1778007311443,PUT,0,0,chordKey_39_49,clients=50
1778007311445,GET,20,2,chordKey_28_62,clients=50
1778007311445,PUT_HOP,0,2,chordKey_45_80,
1778007311445,PUT,0,0,chordKey_28_63,clients=50
1778007311446,GET,18,2,chordKey_45_80,clients=50
1778007311446,PUT_HOP,0,2,chordKey_6_69,
1778007311446,PUT_HOP,0,2,chordKey_46_74,
1778007311447,PUT,0,0,chordKey_45_81,clients=50
1778007311448,GET,19,2,chordKey_46_74,clients=50
1778007311449,GET,19,2,chordKey_6_69,clients=50
1778007311449,PUT,0,0,chordKey_46_75,clients=50
1778007311449,PUT,0,0,chordKey_6_70,clients=50
1778007311450,PUT_HOP,0,2,chordKey_32_98,
1778007311450,GET,17,2,chordKey_32_98,clients=50
1778007311450,PUT_HOP,0,2,chordKey_12_85,
1778007311450,PUT,0,0,chordKey_32_99,clients=50
1778007311451,PUT_HOP,0,2,chordKey_5_61,
1778007311452,GET,18,2,chordKey_12_85,clients=50
1778007311452,PUT,0,0,chordKey_12_86,clients=50
1778007311452,PUT_HOP,0,2,chordKey_1_58,
1778007311453,GET,18,2,chordKey_5_61,clients=50
1778007311453,PUT_HOP,0,2,chordKey_48_80,
1778007311453,GET,17,2,chordKey_1_58,clients=50
1778007311453,PUT,0,0,chordKey_5_62,clients=50
1778007311454,PUT,0,0,chordKey_1_59,clients=50
1778007311454,GET,17,2,chordKey_48_80,clients=50
1778007311455,PUT,0,0,chordKey_48_81,clients=50
1778007311455,PUT_HOP,0,2,chordKey_18_65,
1778007311456,GET,17,2,chordKey_18_65,clients=50
1778007311456,PUT_HOP,0,2,chordKey_22_44,
1778007311456,PUT,0,0,chordKey_18_66,clients=50
1778007311456,PUT_HOP,0,2,chordKey_33_67,
1778007311457,GET,17,2,chordKey_33_67,clients=50
1778007311457,PUT,0,0,chordKey_33_68,clients=50
1778007311457,PUT_HOP,0,2,chordKey_0_80,
1778007311457,GET,17,2,chordKey_22_44,clients=50
1778007311458,PUT,0,0,chordKey_22_45,clients=50
1778007311459,GET,17,2,chordKey_0_80,clients=50
1778007311459,PUT,0,0,chordKey_0_81,clients=50
1778007311460,PUT_HOP,0,2,chordKey_21_54,
1778007311460,PUT_HOP,0,2,chordKey_39_49,
1778007311461,GET,17,2,chordKey_39_49,clients=50
1778007311461,GET,18,2,chordKey_21_54,clients=50
1778007311461,PUT,0,0,chordKey_39_50,clients=50
1778007311462,PUT_HOP,0,2,chordKey_28_63,
1778007311462,PUT,0,0,chordKey_21_55,clients=50
1778007311463,PUT_HOP,0,2,chordKey_45_81,
1778007311463,GET,17,2,chordKey_28_63,clients=50
1778007311464,PUT,0,0,chordKey_28_64,clients=50
1778007311464,PUT_HOP,0,2,chordKey_46_75,
1778007311464,GET,17,2,chordKey_45_81,clients=50
1778007311465,PUT,0,0,chordKey_45_82,clients=50
1778007311465,PUT_HOP,0,2,chordKey_6_70,
1778007311466,GET,16,2,chordKey_46_75,clients=50
1778007311467,PUT,0,0,chordKey_46_76,clients=50
1778007311467,PUT_HOP,0,2,chordKey_32_99,
1778007311468,GET,17,2,chordKey_6_70,clients=50
1778007311468,GET,17,2,chordKey_32_99,clients=50
1778007311468,PUT,0,0,chordKey_6_71,clients=50
1778007311469,PUT_HOP,0,2,chordKey_12_86,
1778007311469,GET,16,2,chordKey_12_86,clients=50
1778007311469,PUT_HOP,0,2,chordKey_5_62,
1778007311470,PUT_HOP,0,2,chordKey_1_59,
1778007311470,PUT,0,0,chordKey_12_87,clients=50
1778007311470,PUT_HOP,0,2,chordKey_48_81,
1778007311471,GET,17,2,chordKey_1_59,clients=50
1778007311472,GET,17,2,chordKey_5_62,clients=50
1778007311472,PUT,0,0,chordKey_1_60,clients=50
1778007311472,PUT,0,0,chordKey_5_63,clients=50
1778007311472,GET,17,2,chordKey_48_81,clients=50
1778007311473,PUT_HOP,0,2,chordKey_18_66,
1778007311473,GET,16,2,chordKey_18_66,clients=50
1778007311474,PUT,0,0,chordKey_48_82,clients=50
1778007311474,PUT_HOP,0,2,chordKey_33_68,
1778007311474,PUT,0,0,chordKey_18_67,clients=50
1778007311475,GET,17,2,chordKey_33_68,clients=50
1778007311475,GET,16,2,chordKey_22_45,clients=50
1778007311475,PUT_HOP,0,2,chordKey_0_81,
1778007311475,PUT,0,0,chordKey_33_69,clients=50
1778007311476,PUT_HOP,0,2,chordKey_22_45,
1778007311475,PUT,0,0,chordKey_22_46,clients=50
1778007311477,GET,17,2,chordKey_0_81,clients=50
1778007311477,PUT_HOP,0,2,chordKey_39_50,
1778007311477,PUT_HOP,0,2,chordKey_21_55,
1778007311477,PUT,0,0,chordKey_0_82,clients=50
1778007311479,GET,17,2,chordKey_39_50,clients=50
1778007311479,PUT_HOP,0,2,chordKey_28_64,
1778007311479,GET,17,2,chordKey_21_55,clients=50
1778007311480,PUT,0,0,chordKey_39_51,clients=50
1778007311480,PUT,0,0,chordKey_21_56,clients=50
1778007311481,PUT_HOP,0,2,chordKey_45_82,
1778007311481,GET,17,2,chordKey_28_64,clients=50
1778007311482,PUT,0,0,chordKey_28_65,clients=50
1778007311482,GET,17,2,chordKey_45_82,clients=50
1778007311483,PUT_HOP,0,2,chordKey_46_76,
1778007311483,PUT,0,0,chordKey_45_83,clients=50
1778007311483,PUT_HOP,0,2,chordKey_33_69,
1778007311484,GET,16,2,chordKey_46_76,clients=50
1778007311484,PUT_HOP,0,2,chordKey_6_71,
1778007311485,PUT,0,0,chordKey_46_77,clients=50
1778007311485,GET,9,2,chordKey_33_69,clients=50
1778007311486,PUT,0,0,chordKey_33_70,clients=50
1778007311486,GET,15,2,chordKey_12_87,clients=50
1778007311486,PUT_HOP,0,2,chordKey_12_87,
1778007311487,PUT,0,0,chordKey_12_88,clients=50
1778007311487,PUT_HOP,0,2,chordKey_5_63,
1778007311486,GET,17,2,chordKey_6_71,clients=50
1778007311487,PUT_HOP,0,2,chordKey_1_60,
1778007311488,PUT,0,0,chordKey_6_72,clients=50
1778007311488,PUT_HOP,0,2,chordKey_48_82,
1778007311488,GET,15,2,chordKey_1_60,clients=50
1778007311488,PUT_HOP,0,2,chordKey_18_67,
1778007311489,PUT,0,0,chordKey_1_61,clients=50
1778007311490,GET,16,2,chordKey_5_63,clients=50
1778007311490,PUT,0,0,chordKey_5_64,clients=50
1778007311490,GET,16,2,chordKey_18_67,clients=50
1778007311491,PUT_HOP,0,2,chordKey_22_46,
1778007311491,PUT,0,0,chordKey_18_68,clients=50
1778007311491,GET,16,2,chordKey_48_82,clients=50
1778007311492,PUT,0,0,chordKey_48_83,clients=50
1778007311492,GET,16,2,chordKey_22_46,clients=50
1778007311493,PUT,0,0,chordKey_22_47,clients=50
1778007311493,PUT_HOP,0,2,chordKey_0_82,
1778007311493,GET,15,2,chordKey_0_82,clients=50
1778007311493,PUT_HOP,0,2,chordKey_39_51,
1778007311494,PUT,0,0,chordKey_0_83,clients=50
1778007311494,PUT_HOP,0,2,chordKey_21_56,
1778007311495,GET,14,2,chordKey_39_51,clients=50
1778007311495,GET,14,2,chordKey_21_56,clients=50
1778007311495,PUT,0,0,chordKey_39_52,clients=50
1778007311495,PUT,0,0,chordKey_21_57,clients=50
1778007311496,PUT_HOP,0,2,chordKey_28_65,
1778007311497,PUT_HOP,0,2,chordKey_45_83,
1778007311497,GET,14,2,chordKey_28_65,clients=50
1778007311498,GET,14,2,chordKey_45_83,clients=50
1778007311498,PUT_HOP,0,2,chordKey_46_77,
1778007311498,PUT,0,0,chordKey_28_66,clients=50
1778007311498,PUT,0,0,chordKey_45_84,clients=50
1778007311501,GET,16,2,chordKey_46_77,clients=50
1778007311502,PUT_HOP,0,2,chordKey_33_70,
1778007311502,GET,16,2,chordKey_33_70,clients=50
1778007311502,PUT,0,0,chordKey_46_78,clients=50
1778007311503,PUT,0,0,chordKey_33_71,clients=50
1778007311503,PUT_HOP,0,2,chordKey_12_88,
1778007311504,PUT_HOP,0,2,chordKey_6_72,
1778007311504,PUT_HOP,0,2,chordKey_1_61,
1778007311505,GET,16,2,chordKey_1_61,clients=50
1778007311506,GET,17,2,chordKey_6_72,clients=50
1778007311506,PUT_HOP,0,2,chordKey_5_64,
1778007311506,PUT,0,0,chordKey_1_62,clients=50
1778007311507,GET,16,2,chordKey_5_64,clients=50
1778007311507,PUT_HOP,0,2,chordKey_18_68,
1778007311508,PUT,0,0,chordKey_5_65,clients=50
1778007311508,PUT_HOP,0,2,chordKey_48_83,
1778007311506,GET,18,2,chordKey_12_88,clients=50
1778007311508,GET,16,2,chordKey_18_68,clients=50
1778007311509,PUT_HOP,0,2,chordKey_22_47,
1778007311509,PUT,0,0,chordKey_18_69,clients=50
1778007311507,PUT,0,0,chordKey_6_73,clients=50
1778007311509,GET,17,2,chordKey_48_83,clients=50
1778007311510,PUT_HOP,0,2,chordKey_0_83,
1778007311510,PUT,0,0,chordKey_48_84,clients=50
1778007311509,PUT,0,0,chordKey_12_89,clients=50
1778007311510,GET,16,2,chordKey_22_47,clients=50
1778007311511,PUT_HOP,0,2,chordKey_21_57,
1778007311511,PUT,0,0,chordKey_22_48,clients=50
1778007311512,GET,17,2,chordKey_0_83,clients=50
1778007311512,GET,16,2,chordKey_39_52,clients=50
1778007311512,GET,16,2,chordKey_21_57,clients=50
1778007311512,PUT_HOP,0,2,chordKey_39_52,
1778007311513,PUT,0,0,chordKey_39_53,clients=50
1778007311513,PUT_HOP,0,2,chordKey_28_66,
1778007311512,PUT,0,0,chordKey_0_84,clients=50
1778007311513,PUT,0,0,chordKey_21_58,clients=50
1778007311515,PUT_HOP,0,2,chordKey_45_84,
1778007311516,GET,17,2,chordKey_28_66,clients=50
1778007311516,GET,17,2,chordKey_45_84,clients=50
1778007311517,PUT,0,0,chordKey_28_67,clients=50
1778007311517,PUT_HOP,0,2,chordKey_46_78,
1778007311517,PUT,0,0,chordKey_45_85,clients=50
1778007311518,PUT_HOP,0,2,chordKey_33_71,
1778007311519,GET,16,2,chordKey_46_78,clients=50
1778007311520,GET,16,2,chordKey_33_71,clients=50
1778007311520,PUT,0,0,chordKey_46_79,clients=50
1778007311520,PUT,0,0,chordKey_33_72,clients=50
1778007311520,PUT_HOP,0,2,chordKey_1_62,
1778007311521,PUT_HOP,0,2,chordKey_6_73,
1778007311523,PUT_HOP,0,2,chordKey_5_65,
1778007311523,GET,16,2,chordKey_1_62,clients=50
1778007311523,PUT_HOP,0,2,chordKey_12_89,
1778007311524,GET,15,2,chordKey_5_65,clients=50
1778007311524,PUT_HOP,0,2,chordKey_18_69,
1778007311524,PUT,0,0,chordKey_1_63,clients=50
1778007311524,PUT,0,0,chordKey_5_66,clients=50
1778007311525,GET,16,2,chordKey_18_69,clients=50
1778007311525,PUT_HOP,0,2,chordKey_48_84,
1778007311526,PUT,0,0,chordKey_18_70,clients=50
1778007311526,GET,16,2,chordKey_6_73,clients=50
1778007311527,PUT,0,0,chordKey_6_74,clients=50
1778007311527,PUT_HOP,0,2,chordKey_22_48,
1778007311528,GET,16,2,chordKey_12_89,clients=50
1778007311528,GET,17,2,chordKey_48_84,clients=50
1778007311528,PUT,0,0,chordKey_48_85,clients=50
1778007311529,PUT_HOP,0,2,chordKey_0_84,
1778007311528,PUT,0,0,chordKey_12_90,clients=50
1778007311529,PUT_HOP,0,2,chordKey_39_53,
1778007311529,GET,17,2,chordKey_22_48,clients=50
1778007311530,PUT,0,0,chordKey_22_49,clients=50
1778007311530,GET,17,2,chordKey_39_53,clients=50
1778007311531,PUT_HOP,0,2,chordKey_21_58,
1778007311531,GET,17,2,chordKey_0_84,clients=50
1778007311531,PUT,0,0,chordKey_39_54,clients=50
1778007311531,GET,17,2,chordKey_21_58,clients=50
1778007311532,PUT,0,0,chordKey_0_85,clients=50
1778007311532,PUT_HOP,0,2,chordKey_28_67,
1778007311532,PUT,0,0,chordKey_21_59,clients=50
1778007311533,PUT_HOP,0,2,chordKey_45_85,
1778007311533,GET,15,2,chordKey_28_67,clients=50
1778007311534,PUT,0,0,chordKey_28_68,clients=50
1778007311535,GET,17,2,chordKey_45_85,clients=50
1778007311535,PUT_HOP,0,2,chordKey_46_79,
1778007311535,PUT_HOP,0,2,chordKey_33_72,
1778007311536,PUT,0,0,chordKey_45_86,clients=50
1778007311537,GET,16,2,chordKey_46_79,clients=50
1778007311537,GET,16,2,chordKey_33_72,clients=50
1778007311538,PUT,0,0,chordKey_46_80,clients=50
1778007311538,PUT,0,0,chordKey_33_73,clients=50
1778007311538,PUT_HOP,0,2,chordKey_1_63,
1778007311539,PUT_HOP,0,2,chordKey_5_66,
1778007311540,GET,15,2,chordKey_1_63,clients=50
1778007311540,PUT_HOP,0,2,chordKey_18_70,
1778007311541,PUT,0,0,chordKey_1_64,clients=50
1778007311542,GET,15,2,chordKey_18_70,clients=50
1778007311542,PUT_HOP,0,2,chordKey_6_74,
1778007311542,PUT,0,0,chordKey_18_71,clients=50
1778007311542,GET,16,2,chordKey_5_66,clients=50
1778007311543,PUT_HOP,0,2,chordKey_12_90,
1778007311543,GET,15,2,chordKey_6_74,clients=50
1778007311543,PUT,0,0,chordKey_5_67,clients=50
1778007311543,PUT_HOP,0,2,chordKey_48_85,
1778007311543,PUT,0,0,chordKey_6_75,clients=50
1778007311544,GET,14,2,chordKey_48_85,clients=50
1778007311544,PUT_HOP,0,2,chordKey_22_49,
1778007311545,PUT,0,0,chordKey_48_86,clients=50
1778007311544,GET,14,2,chordKey_12_90,clients=50
1778007311545,PUT_HOP,0,2,chordKey_39_54,
1778007311546,GET,15,2,chordKey_22_49,clients=50
1778007311546,PUT,0,0,chordKey_12_91,clients=50
1778007311546,PUT_HOP,0,2,chordKey_0_85,
1778007311546,PUT,0,0,chordKey_22_50,clients=50
1778007311547,PUT_HOP,0,2,chordKey_21_59,
1778007311547,GET,15,2,chordKey_39_54,clients=50
1778007311548,PUT_HOP,0,2,chordKey_28_68,
1778007311547,GET,15,2,chordKey_0_85,clients=50
1778007311548,PUT,0,0,chordKey_39_55,clients=50
1778007311548,GET,15,2,chordKey_21_59,clients=50
1778007311549,PUT_HOP,0,2,chordKey_45_86,
1778007311548,PUT,0,0,chordKey_0_86,clients=50
1778007311550,GET,15,2,chordKey_28_68,clients=50
1778007311549,PUT,0,0,chordKey_21_60,clients=50
1778007311550,PUT,0,0,chordKey_28_69,clients=50
1778007311551,GET,14,2,chordKey_45_86,clients=50
1778007311551,PUT,0,0,chordKey_45_87,clients=50
1778007311551,PUT_HOP,0,2,chordKey_46_80,
1778007311552,PUT_HOP,0,2,chordKey_33_73,
1778007311553,GET,15,2,chordKey_46_80,clients=50
1778007311554,PUT,0,0,chordKey_46_81,clients=50
1778007311554,GET,16,2,chordKey_33_73,clients=50
1778007311555,PUT,0,0,chordKey_33_74,clients=50
1778007311555,PUT_HOP,0,2,chordKey_1_64,
1778007311556,GET,14,2,chordKey_1_64,clients=50
1778007311556,PUT_HOP,0,2,chordKey_18_71,
1778007311556,PUT,0,0,chordKey_1_65,clients=50
1778007311557,PUT_HOP,0,2,chordKey_5_67,
1778007311558,PUT_HOP,0,2,chordKey_6_75,
1778007311558,GET,15,2,chordKey_18_71,clients=50
1778007311559,PUT,0,0,chordKey_18_72,clients=50
1778007311560,GET,16,2,chordKey_5_67,clients=50
1778007311560,GET,15,2,chordKey_6_75,clients=50
1778007311560,PUT_HOP,0,2,chordKey_48_86,
1778007311560,PUT,0,0,chordKey_6_76,clients=50
1778007311561,PUT_HOP,0,2,chordKey_12_91,
1778007311560,PUT,0,0,chordKey_5_68,clients=50
1778007311561,GET,16,2,chordKey_48_86,clients=50
1778007311562,PUT,0,0,chordKey_48_87,clients=50
1778007311562,PUT_HOP,0,2,chordKey_22_50,
1778007311563,GET,16,2,chordKey_12_91,clients=50
1778007311563,PUT_HOP,0,2,chordKey_39_55,
1778007311563,GET,16,2,chordKey_22_50,clients=50
1778007311563,PUT,0,0,chordKey_12_92,clients=50
1778007311564,PUT,0,0,chordKey_22_51,clients=50
1778007311564,PUT_HOP,0,2,chordKey_0_86,
1778007311565,GET,16,2,chordKey_39_55,clients=50
1778007311565,PUT_HOP,0,2,chordKey_21_60,
1778007311566,PUT,0,0,chordKey_39_56,clients=50
1778007311566,PUT_HOP,0,2,chordKey_28_69,
1778007311566,GET,16,2,chordKey_0_86,clients=50
1778007311567,PUT_HOP,0,2,chordKey_45_87,
1778007311567,GET,16,2,chordKey_21_60,clients=50
1778007311567,PUT,0,0,chordKey_0_87,clients=50
1778007311567,GET,16,2,chordKey_28_69,clients=50
1778007311568,GET,16,2,chordKey_45_87,clients=50
1778007311569,PUT,0,0,chordKey_45_88,clients=50
1778007311567,PUT,0,0,chordKey_21_61,clients=50
1778007311568,PUT,0,0,chordKey_28_70,clients=50
1778007311569,PUT_HOP,0,2,chordKey_46_81,
1778007311571,PUT_HOP,0,2,chordKey_33_74,
1778007311571,GET,16,2,chordKey_46_81,clients=50
1778007311571,PUT,0,0,chordKey_46_82,clients=50
1778007311572,GET,16,2,chordKey_33_74,clients=50
1778007311572,PUT_HOP,0,2,chordKey_1_65,
1778007311572,PUT,0,0,chordKey_33_75,clients=50
1778007311573,GET,15,2,chordKey_1_65,clients=50
1778007311573,PUT,0,0,chordKey_1_66,clients=50
1778007311578,PUT_HOP,0,2,chordKey_18_72,
1778007311578,GET,18,2,chordKey_18_72,clients=50
1778007311578,PUT,0,0,chordKey_18_73,clients=50
1778007311578,PUT_HOP,0,2,chordKey_5_68,
1778007311579,PUT_HOP,0,2,chordKey_6_76,
1778007311579,GET,18,2,chordKey_6_76,clients=50
1778007311579,PUT_HOP,0,2,chordKey_48_87,
1778007311580,PUT,0,0,chordKey_6_77,clients=50
1778007311580,GET,19,2,chordKey_5_68,clients=50
1778007311581,PUT,0,0,chordKey_5_69,clients=50
1778007311581,GET,19,2,chordKey_48_87,clients=50
1778007311581,PUT_HOP,0,2,chordKey_12_92,
1778007311582,PUT,0,0,chordKey_48_88,clients=50
1778007311582,PUT_HOP,0,2,chordKey_22_51,
1778007311583,GET,18,2,chordKey_22_51,clients=50
1778007311583,PUT_HOP,0,2,chordKey_39_56,
1778007311583,GET,19,2,chordKey_12_92,clients=50
1778007311583,PUT,0,0,chordKey_22_52,clients=50
1778007311584,PUT,0,0,chordKey_12_93,clients=50
1778007311585,GET,18,2,chordKey_39_56,clients=50
1778007311585,PUT_HOP,0,2,chordKey_0_87,
1778007311585,PUT,0,0,chordKey_39_57,clients=50
1778007311585,PUT_HOP,0,2,chordKey_28_70,
1778007311585,PUT_HOP,0,2,chordKey_21_61,
1778007311586,GET,18,2,chordKey_0_87,clients=50
1778007311587,PUT_HOP,0,2,chordKey_45_88,
1778007311587,PUT,0,0,chordKey_0_88,clients=50
1778007311588,GET,18,2,chordKey_45_88,clients=50
1778007311588,GET,18,2,chordKey_21_61,clients=50
1778007311589,GET,19,2,chordKey_28_70,clients=50
1778007311589,PUT,0,0,chordKey_45_89,clients=50
1778007311589,PUT,0,0,chordKey_28_71,clients=50
1778007311590,PUT_HOP,0,2,chordKey_33_75,
1778007311589,PUT,0,0,chordKey_21_62,clients=50
1778007311590,PUT_HOP,0,2,chordKey_46_82,
1778007311590,GET,18,2,chordKey_46_82,clients=50
1778007311591,GET,18,2,chordKey_33_75,clients=50
1778007311591,PUT,0,0,chordKey_46_83,clients=50
1778007311592,PUT,0,0,chordKey_33_76,clients=50
1778007311592,PUT_HOP,0,2,chordKey_1_66,
1778007311592,GET,18,2,chordKey_1_66,clients=50
1778007311593,PUT,0,0,chordKey_1_67,clients=50
1778007311594,PUT_HOP,0,2,chordKey_18_73,
1778007311594,GET,15,2,chordKey_18_73,clients=50
1778007311595,PUT,0,0,chordKey_18_74,clients=50
1778007311595,PUT_HOP,0,2,chordKey_6_77,
1778007311595,GET,15,2,chordKey_6_77,clients=50
1778007311596,PUT_HOP,0,2,chordKey_5_69,
1778007311596,PUT,0,0,chordKey_6_78,clients=50
1778007311596,PUT_HOP,0,2,chordKey_48_88,
1778007311596,GET,15,2,chordKey_5_69,clients=50
1778007311597,PUT_HOP,0,2,chordKey_22_52,
1778007311597,PUT,0,0,chordKey_5_70,clients=50
1778007311597,GET,15,2,chordKey_48_88,clients=50
1778007311598,PUT_HOP,0,2,chordKey_12_93,
1778007311598,PUT,0,0,chordKey_48_89,clients=50
1778007311600,GET,15,2,chordKey_22_52,clients=50
1778007311600,PUT,0,0,chordKey_22_53,clients=50
1778007311601,GET,16,2,chordKey_12_93,clients=50
1778007311601,PUT_HOP,0,2,chordKey_39_57,
1778007311601,GET,15,2,chordKey_39_57,clients=50
1778007311601,PUT_HOP,0,2,chordKey_3_84,
1778007311601,PUT,0,0,chordKey_12_94,clients=50
1778007311602,PUT_HOP,0,2,chordKey_45_89,
1778007311601,GET,1083,2,chordKey_30_69,clients=50
1778007311602,PUT,0,0,chordKey_39_58,clients=50
1778007311603,PUT_HOP,0,2,chordKey_21_62,
1778007311602,PUT,0,0,chordKey_30_70,clients=50
1778007311603,PUT_HOP,0,2,chordKey_0_88,
1778007311604,GET,16,2,chordKey_0_88,clients=50
1778007311604,GET,14,2,chordKey_45_89,clients=50
1778007311604,PUT_HOP,0,2,chordKey_28_71,
1778007311604,PUT,0,0,chordKey_0_89,clients=50
1778007311605,PUT,0,0,chordKey_45_90,clients=50
1778007311606,GET,15,2,chordKey_21_62,clients=50
1778007311606,GET,16,2,chordKey_28_71,clients=50
1778007311606,PUT_HOP,0,2,chordKey_46_83,
1778007311607,PUT_HOP,0,2,chordKey_33_76,
1778007311606,PUT,0,0,chordKey_21_63,clients=50
1778007311607,GET,14,2,chordKey_33_76,clients=50
1778007311607,PUT,0,0,chordKey_28_72,clients=50
1778007311608,PUT,0,0,chordKey_33_77,clients=50
1778007311608,GET,16,2,chordKey_46_83,clients=50
1778007311608,PUT_HOP,0,2,chordKey_1_67,
1778007311609,PUT,0,0,chordKey_46_84,clients=50
1778007311609,PUT_HOP,0,2,chordKey_24_56,
1778007311611,GET,17,2,chordKey_1_67,clients=50
1778007311612,GET,1093,2,chordKey_3_84,clients=50
1778007311612,PUT,0,0,chordKey_1_68,clients=50
1778007311612,PUT_HOP,0,2,chordKey_18_74,
1778007311613,GET,1095,2,chordKey_47_45,clients=50
1778007311612,GET,1097,2,chordKey_49_56,clients=50
1778007311613,PUT_HOP,0,2,chordKey_6_78,
1778007311612,PUT,0,0,chordKey_3_85,clients=50
1778007311613,PUT,0,0,chordKey_49_57,clients=50
1778007311613,PUT,0,0,chordKey_47_46,clients=50
1778007311614,GET,18,2,chordKey_18_74,clients=50
1778007311615,PUT_HOP,0,2,chordKey_5_70,
1778007311615,PUT,0,0,chordKey_18_75,clients=50
1778007311616,GET,18,2,chordKey_6_78,clients=50
1778007311616,PUT_HOP,0,2,chordKey_48_89,
1778007311616,PUT,0,0,chordKey_6_79,clients=50
1778007311617,GET,18,2,chordKey_5_70,clients=50
1778007311618,PUT,0,0,chordKey_5_71,clients=50
1778007311618,GET,19,2,chordKey_48_89,clients=50
1778007311619,PUT_HOP,0,2,chordKey_22_53,
1778007311619,PUT,0,0,chordKey_48_90,clients=50
1778007311620,GET,19,2,chordKey_22_53,clients=50
1778007311620,PUT,0,0,chordKey_22_54,clients=50
1778007311621,PUT_HOP,0,2,chordKey_12_94,
1778007311621,PUT_HOP,0,2,chordKey_39_58,
1778007311622,GET,1082,2,chordKey_36_65,clients=50
1778007311622,PUT,0,0,chordKey_36_66,clients=50
1778007311623,GET,1073,2,chordKey_24_56,clients=50
1778007311623,GET,21,2,chordKey_12_94,clients=50
1778007311624,PUT,0,0,chordKey_24_57,clients=50
1778007311624,GET,21,2,chordKey_39_58,clients=50
1778007311624,PUT_HOP,0,2,chordKey_30_70,
1778007311625,PUT_HOP,0,2,chordKey_0_89,
1778007311625,PUT,0,0,chordKey_39_59,clients=50
1778007311624,PUT,0,0,chordKey_12_95,clients=50
1778007311626,GET,23,2,chordKey_30_70,clients=50
1778007311627,PUT_HOP,0,2,chordKey_45_90,
1778007311627,PUT,0,0,chordKey_30_71,clients=50
1778007311628,GET,23,2,chordKey_0_89,clients=50
1778007311629,PUT,0,0,chordKey_0_90,clients=50
1778007311633,PUT_HOP,0,2,chordKey_21_63,
1778007311633,PUT_HOP,0,2,chordKey_28_72,
1778007311634,GET,27,2,chordKey_45_90,clients=50
1778007311634,GET,27,2,chordKey_21_63,clients=50
1778007311634,PUT,0,0,chordKey_45_91,clients=50
1778007311635,PUT_HOP,0,2,chordKey_33_77,
1778007311635,PUT,0,0,chordKey_21_64,clients=50
1778007311636,GET,28,2,chordKey_28_72,clients=50
1778007311637,PUT,0,0,chordKey_28_73,clients=50
1778007311637,PUT_HOP,0,2,chordKey_46_84,
1778007311639,GET,30,2,chordKey_33_77,clients=50
1778007311639,GET,29,2,chordKey_46_84,clients=50
1778007311639,PUT_HOP,0,2,chordKey_1_68,
1778007311639,PUT,0,0,chordKey_33_78,clients=50
1778007311640,PUT_HOP,0,2,chordKey_3_85,
1778007311640,PUT,0,0,chordKey_46_85,clients=50
1778007311640,PUT_HOP,0,2,chordKey_47_46,
1778007311641,PUT_HOP,0,2,chordKey_49_57,
1778007311641,GET,28,2,chordKey_1_68,clients=50
1778007311642,PUT,0,0,chordKey_1_69,clients=50
1778007311642,GET,28,2,chordKey_3_85,clients=50
1778007311643,PUT,0,0,chordKey_3_86,clients=50
1778007311643,GET,29,2,chordKey_49_57,clients=50
1778007311644,PUT,0,0,chordKey_49_58,clients=50
1778007311644,PUT_HOP,0,2,chordKey_18_75,
1778007311644,GET,29,2,chordKey_47_46,clients=50
1778007311645,PUT,0,0,chordKey_47_47,clients=50
1778007311645,GET,29,2,chordKey_18_75,clients=50
1778007311646,PUT_HOP,0,2,chordKey_6_79,
1778007311646,PUT,0,0,chordKey_18_76,clients=50
1778007311646,PUT_HOP,0,2,chordKey_5_71,
1778007311647,GET,30,2,chordKey_6_79,clients=50
1778007311647,GET,28,2,chordKey_5_71,clients=50
1778007311648,PUT_HOP,0,2,chordKey_48_90,
1778007311648,PUT,0,0,chordKey_5_72,clients=50
1778007311648,PUT,0,0,chordKey_6_80,clients=50
1778007311649,GET,29,2,chordKey_48_90,clients=50
1778007311649,PUT_HOP,0,2,chordKey_22_54,
1778007311650,PUT,0,0,chordKey_48_91,clients=50
1778007311650,PUT_HOP,0,2,chordKey_36_66,
1778007311651,GET,30,2,chordKey_22_54,clients=50
1778007311652,GET,29,2,chordKey_36_66,clients=50
1778007311652,PUT,0,0,chordKey_22_55,clients=50
1778007311652,PUT_HOP,0,2,chordKey_12_95,
1778007311652,PUT,0,0,chordKey_36_67,clients=50
1778007311652,PUT_HOP,0,2,chordKey_24_57,
1778007311653,PUT_HOP,0,2,chordKey_39_59,
1778007311653,GET,29,2,chordKey_24_57,clients=50
1778007311654,PUT,0,0,chordKey_24_58,clients=50
1778007311654,GET,28,2,chordKey_12_95,clients=50
1778007311655,PUT,0,0,chordKey_12_96,clients=50
1778007311655,GET,30,2,chordKey_39_59,clients=50
1778007311656,PUT_HOP,0,2,chordKey_30_71,
1778007311656,GET,28,2,chordKey_30_71,clients=50
1778007311657,PUT,0,0,chordKey_30_72,clients=50
1778007311657,PUT_HOP,0,2,chordKey_0_90,
1778007311656,PUT,0,0,chordKey_39_60,clients=50
1778007311657,GET,28,2,chordKey_0_90,clients=50
1778007311658,PUT_HOP,0,2,chordKey_45_91,
1778007311658,PUT,0,0,chordKey_0_91,clients=50
1778007311658,PUT_HOP,0,2,chordKey_21_64,
1778007311659,GET,23,2,chordKey_45_91,clients=50
1778007311659,PUT,0,0,chordKey_45_92,clients=50
1778007311660,PUT_HOP,0,2,chordKey_28_73,
1778007311661,GET,24,2,chordKey_21_64,clients=50
1778007311661,GET,23,2,chordKey_28_73,clients=50
1778007311661,PUT,0,0,chordKey_21_65,clients=50
1778007311661,PUT,0,0,chordKey_28_74,clients=50
1778007311662,PUT_HOP,0,2,chordKey_33_78,
1778007311663,PUT_HOP,0,2,chordKey_46_85,
1778007311663,GET,23,2,chordKey_33_78,clients=50
1778007311664,GET,23,2,chordKey_46_85,clients=50
1778007311664,PUT,0,0,chordKey_33_79,clients=50
1778007311664,PUT,0,0,chordKey_46_86,clients=50
1778007311665,PUT_HOP,0,2,chordKey_1_69,
1778007311666,PUT_HOP,0,2,chordKey_3_86,
1778007311666,GET,24,2,chordKey_1_69,clients=50
1778007311667,PUT,0,0,chordKey_1_70,clients=50
1778007311667,GET,23,2,chordKey_3_86,clients=50
1778007311668,PUT_HOP,0,2,chordKey_49_58,
1778007311668,PUT,0,0,chordKey_3_87,clients=50
1778007311669,PUT_HOP,0,2,chordKey_47_47,
1778007311669,GET,25,2,chordKey_49_58,clients=50
1778007311670,PUT_HOP,0,2,chordKey_18_76,
1778007311670,PUT,0,0,chordKey_49_59,clients=50
1778007311670,GET,24,2,chordKey_47_47,clients=50
1778007311671,PUT,0,0,chordKey_47_48,clients=50
1778007311671,PUT_HOP,0,2,chordKey_6_80,
1778007311671,GET,24,2,chordKey_18_76,clients=50
1778007311671,PUT_HOP,0,2,chordKey_5_72,
1778007311672,PUT,0,0,chordKey_18_77,clients=50
1778007311673,GET,24,2,chordKey_5_72,clients=50
1778007311673,PUT,0,0,chordKey_5_73,clients=50
1778007311673,GET,24,2,chordKey_6_80,clients=50
1778007311674,PUT_HOP,0,2,chordKey_48_91,
1778007311674,PUT,0,0,chordKey_6_81,clients=50
1778007311674,PUT_HOP,0,2,chordKey_22_55,
1778007311675,GET,24,2,chordKey_48_91,clients=50
1778007311675,PUT,0,0,chordKey_48_92,clients=50
1778007311676,PUT_HOP,0,2,chordKey_36_67,
1778007311676,GET,23,2,chordKey_22_55,clients=50
1778007311677,PUT,0,0,chordKey_22_56,clients=50
1778007311677,PUT_HOP,0,2,chordKey_24_58,
1778007311677,GET,24,2,chordKey_36_67,clients=50
1778007311678,PUT,0,0,chordKey_36_68,clients=50
1778007311678,PUT_HOP,0,2,chordKey_12_96,
1778007311679,GET,24,2,chordKey_24_58,clients=50
1778007311679,PUT,0,0,chordKey_24_59,clients=50
1778007311679,PUT_HOP,0,2,chordKey_39_60,
1778007311680,PUT_HOP,0,2,chordKey_30_72,
1778007311680,GET,25,2,chordKey_12_96,clients=50
1778007311681,PUT_HOP,0,2,chordKey_0_91,
1778007311681,GET,23,2,chordKey_30_72,clients=50
1778007311681,PUT,0,0,chordKey_12_97,clients=50
1778007311681,PUT,0,0,chordKey_30_73,clients=50
1778007311682,GET,23,2,chordKey_0_91,clients=50
1778007311682,PUT_HOP,0,2,chordKey_45_92,
1778007311682,GET,24,2,chordKey_39_60,clients=50
1778007311683,PUT,0,0,chordKey_0_92,clients=50
1778007311684,PUT_HOP,0,2,chordKey_21_65,
1778007311683,PUT,0,0,chordKey_39_61,clients=50
1778007311684,PUT_HOP,0,2,chordKey_28_74,
1778007311683,GET,23,2,chordKey_45_92,clients=50
1778007311685,GET,23,2,chordKey_21_65,clients=50
1778007311685,PUT,0,0,chordKey_45_93,clients=50
1778007311685,PUT_HOP,0,2,chordKey_33_79,
1778007311685,PUT,0,0,chordKey_21_66,clients=50
1778007311685,GET,23,2,chordKey_28_74,clients=50
1778007311686,PUT_HOP,0,2,chordKey_46_86,
1778007311686,PUT,0,0,chordKey_28_75,clients=50
1778007311687,GET,22,2,chordKey_33_79,clients=50
1778007311687,PUT_HOP,0,2,chordKey_1_70,
1778007311687,GET,22,2,chordKey_46_86,clients=50
1778007311688,PUT,0,0,chordKey_33_80,clients=50
1778007311688,PUT,0,0,chordKey_46_87,clients=50
1778007311689,PUT_HOP,0,2,chordKey_3_87,
1778007311690,GET,23,2,chordKey_1_70,clients=50
1778007311691,PUT_HOP,0,2,chordKey_49_59,
1778007311691,GET,22,2,chordKey_3_87,clients=50
1778007311691,PUT,0,0,chordKey_3_88,clients=50
1778007311691,PUT,0,0,chordKey_1_71,clients=50
1778007311692,PUT_HOP,0,2,chordKey_47_48,
1778007311692,GET,21,2,chordKey_49_59,clients=50
1778007311692,PUT_HOP,0,2,chordKey_18_77,
1778007311693,PUT,0,0,chordKey_49_60,clients=50
1778007311693,GET,22,2,chordKey_47_48,clients=50
1778007311694,PUT,0,0,chordKey_47_49,clients=50
1778007311694,PUT_HOP,0,2,chordKey_5_73,
1778007311694,GET,22,2,chordKey_18_77,clients=50
1778007311695,PUT_HOP,0,2,chordKey_6_81,
1778007311695,PUT,0,0,chordKey_18_78,clients=50
1778007311696,GET,22,2,chordKey_5_73,clients=50
1778007311696,PUT,0,0,chordKey_5_74,clients=50
1778007311697,GET,22,2,chordKey_6_81,clients=50
1778007311697,PUT,0,0,chordKey_6_82,clients=50
1778007311698,PUT_HOP,0,2,chordKey_48_92,
1778007311698,PUT_HOP,0,2,chordKey_22_56,
1778007311699,GET,23,2,chordKey_48_92,clients=50
1778007311699,PUT,0,0,chordKey_48_93,clients=50
1778007311700,GET,22,2,chordKey_22_56,clients=50
1778007311700,PUT_HOP,0,2,chordKey_36_68,
1778007311701,PUT,0,0,chordKey_22_57,clients=50
1778007311702,GET,23,2,chordKey_36_68,clients=50
1778007311702,PUT_HOP,0,2,chordKey_24_59,
1778007311702,PUT,0,0,chordKey_36_69,clients=50
1778007311703,PUT_HOP,0,2,chordKey_12_97,
1778007311703,GET,23,2,chordKey_24_59,clients=50
1778007311704,PUT,0,0,chordKey_24_60,clients=50
1778007311705,PUT_HOP,0,2,chordKey_30_73,
1778007311705,GET,23,2,chordKey_12_97,clients=50
1778007311706,GET,23,2,chordKey_30_73,clients=50
1778007311706,PUT_HOP,0,2,chordKey_39_61,
1778007311722,GET,30,2,chordKey_1_71,clients=50
1778007311723,PUT_HOP,0,2,chordKey_49_60,
1778007311723,PUT,0,0,chordKey_30_74,clients=50
1778007311722,PUT_HOP,0,2,chordKey_3_88,
1778007311722,GET,30,2,chordKey_3_88,clients=50
1778007311721,PUT_HOP,0,2,chordKey_1_71,
1778007311721,GET,32,2,chordKey_46_87,clients=50
1778007311724,PUT_HOP,0,2,chordKey_47_49,
1778007311720,GET,32,2,chordKey_33_80,clients=50
1778007311719,PUT_HOP,0,2,chordKey_46_87,
1778007311719,GET,32,2,chordKey_28_75,clients=50
1778007311719,PUT_HOP,0,2,chordKey_33_80,
1778007311719,GET,33,2,chordKey_45_93,clients=50
1778007311717,PUT_HOP,0,2,chordKey_28_75,
1778007311718,GET,32,2,chordKey_21_66,clients=50
1778007311709,PUT_HOP,0,2,chordKey_21_66,
1778007311708,GET,24,2,chordKey_0_92,clients=50
1778007311708,PUT_HOP,0,2,chordKey_45_93,
1778007311707,GET,23,2,chordKey_39_61,clients=50
1778007311706,PUT_HOP,0,2,chordKey_0_92,
1778007311706,PUT,0,0,chordKey_12_98,clients=50
1778007311726,PUT_HOP,0,2,chordKey_6_82,
1778007311727,GET,30,2,chordKey_5_74,clients=50
1778007311725,PUT_HOP,0,2,chordKey_5_74,
1778007311727,GET,29,2,chordKey_6_82,clients=50
1778007311724,PUT_HOP,0,2,chordKey_18_78,
1778007311727,PUT,0,0,chordKey_39_62,clients=50
1778007311728,PUT_HOP,0,2,chordKey_22_57,
1778007311728,PUT,0,0,chordKey_6_83,clients=50
1778007311727,PUT_HOP,0,2,chordKey_48_93,
1778007311726,PUT,0,0,chordKey_0_93,clients=50
1778007311726,PUT,0,0,chordKey_21_67,clients=50
1778007311726,PUT,0,0,chordKey_45_94,clients=50
1778007311725,GET,30,2,chordKey_47_49,clients=50
1778007311729,PUT_HOP,0,2,chordKey_36_69,
1778007311725,PUT,0,0,chordKey_28_76,clients=50
1778007311725,PUT,0,0,chordKey_33_81,clients=50
1778007311724,PUT,0,0,chordKey_46_88,clients=50
1778007311730,PUT_HOP,0,2,chordKey_24_60,
1778007311724,PUT,0,0,chordKey_3_89,clients=50
1778007311731,PUT_HOP,0,2,chordKey_12_98,
1778007311724,GET,30,2,chordKey_49_60,clients=50
1778007311732,PUT,0,0,chordKey_49_61,clients=50
1778007311723,PUT,0,0,chordKey_1_72,clients=50
1778007311731,GET,26,2,chordKey_24_60,clients=50
1778007311733,PUT,0,0,chordKey_24_61,clients=50
1778007311730,PUT,0,0,chordKey_47_50,clients=50
1778007311729,GET,26,2,chordKey_36_69,clients=50
1778007311728,GET,27,2,chordKey_22_57,clients=50
1778007311728,GET,28,2,chordKey_48_93,clients=50
1778007311728,PUT,0,0,chordKey_5_75,clients=50
1778007311727,GET,31,2,chordKey_18_78,clients=50
1778007311735,PUT,0,0,chordKey_48_94,clients=50
1778007311735,PUT,0,0,chordKey_22_58,clients=50
1778007311734,PUT,0,0,chordKey_36_70,clients=50
1778007311736,PUT,0,0,chordKey_18_79,clients=50
1778007311738,PUT_HOP,0,2,chordKey_3_89,
1778007311739,PUT_HOP,0,2,chordKey_30_74,
1778007311739,PUT_HOP,0,2,chordKey_1_72,
1778007311740,PUT_HOP,0,2,chordKey_46_88,
1778007311740,PUT_HOP,0,2,chordKey_33_81,
1778007311741,GET,17,2,chordKey_30_74,clients=50
1778007311741,PUT_HOP,0,2,chordKey_28_76,
1778007311741,PUT_HOP,0,2,chordKey_45_94,
1778007311741,PUT,0,0,chordKey_30_75,clients=50
1778007311742,PUT_HOP,0,2,chordKey_21_67,
1778007311743,PUT_HOP,0,2,chordKey_0_93,
1778007311743,PUT_HOP,0,2,chordKey_39_62,
1778007311743,PUT_HOP,0,2,chordKey_5_75,
1778007311744,PUT_HOP,0,2,chordKey_22_58,
1778007311744,GET,17,2,chordKey_12_98,clients=50
1778007311744,PUT_HOP,0,2,chordKey_6_83,
1778007311745,PUT,0,0,chordKey_12_99,clients=50
1778007311745,GET,16,2,chordKey_39_62,clients=50
1778007311745,PUT,0,0,chordKey_39_63,clients=50
1778007311746,PUT_HOP,0,2,chordKey_47_50,
1778007311746,GET,17,2,chordKey_6_83,clients=50
1778007311747,GET,17,2,chordKey_0_93,clients=50
1778007311747,PUT,0,0,chordKey_0_94,clients=50
1778007311747,PUT,0,0,chordKey_6_84,clients=50
1778007311748,GET,11,2,chordKey_22_58,clients=50
1778007311748,PUT,0,0,chordKey_22_59,clients=50
1778007311748,GET,19,2,chordKey_21_67,clients=50
1778007311749,PUT,0,0,chordKey_21_68,clients=50
1778007311750,GET,20,2,chordKey_45_94,clients=50
1778007311750,GET,20,2,chordKey_28_76,clients=50
1778007311750,PUT,0,0,chordKey_45_95,clients=50
1778007311751,PUT,0,0,chordKey_28_77,clients=50
1778007311751,PUT_HOP,0,2,chordKey_49_61,
1778007311752,GET,21,2,chordKey_46_88,clients=50
1778007311752,PUT_HOP,0,2,chordKey_24_61,
1778007311753,PUT_HOP,0,2,chordKey_36_70,
1778007311753,PUT,0,0,chordKey_46_89,clients=50
1778007311753,PUT_HOP,0,2,chordKey_48_94,
1778007311754,PUT_HOP,0,2,chordKey_18_79,
1778007311755,GET,23,2,chordKey_3_89,clients=50
1778007311755,PUT,0,0,chordKey_3_90,clients=50
1778007311756,GET,25,2,chordKey_33_81,clients=50
1778007311756,GET,19,2,chordKey_48_94,clients=50
1778007311756,GET,19,2,chordKey_18_79,clients=50
1778007311757,PUT,0,0,chordKey_48_95,clients=50
1778007311757,PUT,0,0,chordKey_18_80,clients=50
1778007311757,GET,25,2,chordKey_1_72,clients=50
1778007311758,PUT_HOP,0,2,chordKey_21_68,
1778007311756,PUT,0,0,chordKey_33_82,clients=50
1778007311758,PUT,0,0,chordKey_1_73,clients=50
1778007311758,GET,24,2,chordKey_24_61,clients=50
1778007311759,GET,23,2,chordKey_5_75,clients=50
1778007311759,PUT,0,0,chordKey_24_62,clients=50
1778007311759,PUT,0,0,chordKey_5_76,clients=50
1778007311760,GET,9,2,chordKey_21_68,clients=50
1778007311759,GET,25,2,chordKey_47_50,clients=50
1778007311760,PUT,0,0,chordKey_21_69,clients=50
1778007311760,PUT,0,0,chordKey_47_51,clients=50
1778007311760,GET,23,2,chordKey_36_70,clients=50
1778007311761,PUT_HOP,0,2,chordKey_30_75,
1778007311760,GET,28,2,chordKey_49_61,clients=50
1778007311761,PUT,0,0,chordKey_36_71,clients=50
1778007311762,GET,20,2,chordKey_30_75,clients=50
1778007311762,PUT,0,0,chordKey_49_62,clients=50
1778007311762,PUT_HOP,0,2,chordKey_12_99,
1778007311762,PUT,0,0,chordKey_30_76,clients=50
1778007311762,PUT_HOP,0,2,chordKey_39_63,
1778007311763,GET,18,2,chordKey_12_99,clients=50
1778007311763,PUT_HOP,0,2,chordKey_6_84,
1778007311764,GET,17,2,chordKey_39_63,clients=50
1778007311764,PUT_HOP,0,2,chordKey_0_94,
1778007311764,PUT,0,0,chordKey_39_64,clients=50
1778007311769,GET,21,2,chordKey_0_94,clients=50
1778007311770,PUT_HOP,0,2,chordKey_22_59,
1778007311770,PUT,0,0,chordKey_0_95,clients=50
1778007311772,GET,23,2,chordKey_22_59,clients=50
1778007311773,GET,24,2,chordKey_6_84,clients=50
1778007311773,PUT,0,0,chordKey_22_60,clients=50
1778007311773,PUT_HOP,0,2,chordKey_45_95,
1778007311773,PUT,0,0,chordKey_6_85,clients=50
1778007311774,PUT_HOP,0,2,chordKey_28_77,
1778007311777,GET,25,2,chordKey_45_95,clients=50
1778007311777,PUT,0,0,chordKey_45_96,clients=50
1778007311778,PUT_HOP,0,2,chordKey_46_89,
1778007311778,GET,26,2,chordKey_28_77,clients=50
1778007311778,PUT,0,0,chordKey_28_78,clients=50
1778007311780,GET,26,2,chordKey_46_89,clients=50
1778007311780,PUT,0,0,chordKey_46_90,clients=50
1778007311780,PUT_HOP,0,2,chordKey_3_90,
1778007311781,PUT_HOP,0,2,chordKey_33_82,
1778007311781,GET,25,2,chordKey_3_90,clients=50
1778007311781,PUT_HOP,0,2,chordKey_48_95,
1778007311781,PUT,0,0,chordKey_3_91,clients=50
1778007311782,PUT_HOP,0,2,chordKey_18_80,
1778007311783,GET,25,2,chordKey_48_95,clients=50
1778007311784,PUT_HOP,0,2,chordKey_1_73,
1778007311786,PUT_HOP,0,2,chordKey_21_69,
1778007311790,PUT_HOP,0,2,chordKey_30_76,
1778007311791,GET,28,2,chordKey_30_76,clients=50
1778007311789,PUT_HOP,0,2,chordKey_49_62,
1778007311791,GET,28,2,chordKey_49_62,clients=50
1778007311789,PUT_HOP,0,2,chordKey_36_71,
1778007311790,GET,28,2,chordKey_36_71,clients=50
1778007311788,PUT_HOP,0,2,chordKey_47_51,
1778007311783,GET,25,2,chordKey_18_80,clients=50
1778007311793,PUT,0,0,chordKey_36_72,clients=50
1778007311786,PUT_HOP,0,2,chordKey_5_76,
1778007311785,PUT_HOP,0,2,chordKey_24_62,
1778007311789,GET,28,2,chordKey_21_69,clients=50
1778007311794,PUT_HOP,0,2,chordKey_6_85,
1778007311789,GET,27,2,chordKey_47_51,clients=50
1778007311793,PUT_HOP,0,2,chordKey_22_60,
1778007311788,GET,28,2,chordKey_5_76,clients=50
1778007311787,GET,28,2,chordKey_24_62,clients=50
1778007311793,PUT_HOP,0,2,chordKey_0_95,
1778007311787,GET,28,2,chordKey_1_73,clients=50
1778007311791,PUT_HOP,0,2,chordKey_39_64,
1778007311785,GET,26,2,chordKey_33_82,clients=50
1778007311795,PUT_HOP,0,2,chordKey_45_96,
1778007311795,PUT,0,0,chordKey_1_74,clients=50
1778007311795,GET,21,2,chordKey_6_85,clients=50
1778007311796,PUT_HOP,0,2,chordKey_28_78,
1778007311796,GET,17,2,chordKey_28_78,clients=50
1778007311797,PUT_HOP,0,2,chordKey_46_90,
1778007311795,PUT,0,0,chordKey_24_63,clients=50
1778007311795,PUT,0,0,chordKey_5_77,clients=50
1778007311794,PUT,0,0,chordKey_47_52,clients=50
1778007311798,PUT_HOP,0,2,chordKey_30_77,
1778007311794,GET,20,2,chordKey_22_60,clients=50
1778007311794,PUT,0,0,chordKey_21_70,clients=50
1778007311798,PUT_HOP,0,2,chordKey_3_91,
1778007311793,GET,22,2,chordKey_0_95,clients=50
1778007311793,PUT,0,0,chordKey_18_81,clients=50
1778007311792,PUT,0,0,chordKey_49_63,clients=50
1778007311792,PUT,0,0,chordKey_30_77,clients=50
1778007311792,GET,27,2,chordKey_39_64,clients=50
1778007311792,PUT,0,0,chordKey_48_96,clients=50
1778007311800,PUT,0,0,chordKey_39_65,clients=50
1778007311799,PUT,0,0,chordKey_0_96,clients=50
1778007311801,PUT_HOP,0,2,chordKey_48_96,
1778007311799,GET,16,2,chordKey_3_91,clients=50
1778007311798,PUT,0,0,chordKey_22_61,clients=50
1778007311798,GET,17,2,chordKey_46_90,clients=50
1778007311797,PUT,0,0,chordKey_28_79,clients=50
1778007311803,PUT_HOP,0,2,chordKey_49_63,
1778007311796,PUT,0,0,chordKey_6_86,clients=50
1778007311796,PUT,0,0,chordKey_33_83,clients=50
1778007311796,GET,18,2,chordKey_45_96,clients=50
1778007311804,PUT,0,0,chordKey_45_97,clients=50
1778007311803,PUT,0,0,chordKey_46_91,clients=50
1778007311805,PUT_HOP,0,2,chordKey_36_72,
1778007311802,PUT,0,0,chordKey_3_92,clients=50
1778007311805,PUT_HOP,0,2,chordKey_18_81,
1778007311806,PUT_HOP,0,2,chordKey_21_70,
1778007311806,GET,13,2,chordKey_36_72,clients=50
1778007311807,PUT_HOP,0,2,chordKey_47_52,
1778007311807,PUT,0,0,chordKey_36_73,clients=50
1778007311807,PUT_HOP,0,2,chordKey_5_77,
1778007311808,GET,8,2,chordKey_30_77,clients=50
1778007311808,PUT_HOP,0,2,chordKey_24_63,
1778007311809,PUT_HOP,0,2,chordKey_1_74,
1778007311809,PUT,0,0,chordKey_30_78,clients=50
1778007311809,PUT_HOP,0,2,chordKey_33_83,
1778007311810,GET,13,2,chordKey_1_74,clients=50
1778007311810,PUT_HOP,0,2,chordKey_6_86,
1778007311810,PUT,0,0,chordKey_1_75,clients=50
1778007311810,PUT_HOP,0,2,chordKey_28_79,
1778007311811,GET,14,2,chordKey_24_63,clients=50
1778007311811,PUT_HOP,0,2,chordKey_22_61,
1778007311812,PUT,0,0,chordKey_24_64,clients=50
1778007311812,GET,14,2,chordKey_5_77,clients=50
1778007311813,PUT,0,0,chordKey_5_78,clients=50
1778007311813,GET,14,2,chordKey_21_70,clients=50
1778007311813,GET,15,2,chordKey_47_52,clients=50
1778007311813,PUT,0,0,chordKey_21_71,clients=50
1778007311814,PUT,0,0,chordKey_47_53,clients=50
1778007311814,PUT_HOP,0,2,chordKey_0_96,
1778007311816,GET,16,2,chordKey_18_81,clients=50
1778007311816,GET,16,2,chordKey_49_63,clients=50
1778007311816,PUT_HOP,0,2,chordKey_39_65,
1778007311816,PUT,0,0,chordKey_18_82,clients=50
1778007311817,PUT,0,0,chordKey_49_64,clients=50
1778007311818,PUT_HOP,0,2,chordKey_3_92,
1778007311819,GET,18,2,chordKey_48_96,clients=50
1778007311819,GET,17,2,chordKey_39_65,clients=50
1778007311819,PUT,0,0,chordKey_48_97,clients=50
1778007311820,PUT,0,0,chordKey_39_66,clients=50
1778007311820,PUT_HOP,0,2,chordKey_46_91,
1778007311821,GET,18,2,chordKey_22_61,clients=50
1778007311821,GET,19,2,chordKey_0_96,clients=50
1778007311821,PUT,0,0,chordKey_22_62,clients=50
1778007311822,PUT,0,0,chordKey_0_97,clients=50
1778007311822,GET,18,2,chordKey_6_86,clients=50
1778007311822,GET,18,2,chordKey_28_79,clients=50
1778007311823,PUT,0,0,chordKey_6_87,clients=50
1778007311823,PUT,0,0,chordKey_28_80,clients=50
1778007311823,PUT_HOP,0,2,chordKey_45_97,
1778007311823,GET,19,2,chordKey_33_83,clients=50
1778007311824,PUT,0,0,chordKey_33_84,clients=50
1778007311825,GET,20,2,chordKey_45_97,clients=50
1778007311825,PUT_HOP,0,2,chordKey_30_78,
1778007311825,GET,20,2,chordKey_46_91,clients=50
1778007311825,PUT,0,0,chordKey_45_98,clients=50
1778007311826,PUT,0,0,chordKey_46_92,clients=50
1778007311826,PUT_HOP,0,2,chordKey_36_73,
1778007311826,GET,20,2,chordKey_3_92,clients=50
1778007311826,GET,19,2,chordKey_36_73,clients=50
1778007311827,GET,17,2,chordKey_30_78,clients=50
1778007311826,PUT,0,0,chordKey_3_93,clients=50
1778007311827,PUT,0,0,chordKey_30_79,clients=50
1778007311827,PUT,0,0,chordKey_36_74,clients=50
1778007311829,PUT_HOP,0,2,chordKey_1_75,
1778007311830,GET,19,2,chordKey_1_75,clients=50
1778007311830,PUT_HOP,0,2,chordKey_24_64,
1778007311830,PUT,0,0,chordKey_1_76,clients=50
1778007311831,GET,18,2,chordKey_24_64,clients=50
1778007311831,PUT_HOP,0,2,chordKey_5_78,
1778007311832,PUT,0,0,chordKey_24_65,clients=50
1778007311832,PUT_HOP,0,2,chordKey_21_71,
1778007311832,GET,19,2,chordKey_5_78,clients=50
1778007311833,PUT_HOP,0,2,chordKey_47_53,
1778007311837,PUT_HOP,0,2,chordKey_18_82,
1778007311838,PUT_HOP,0,2,chordKey_49_64,
1778007311839,GET,21,2,chordKey_18_82,clients=50
1778007311839,PUT,0,0,chordKey_5_79,clients=50
1778007311840,PUT,0,0,chordKey_18_83,clients=50
1778007311836,GET,21,2,chordKey_47_53,clients=50
1778007311840,PUT_HOP,0,2,chordKey_48_97,
1778007311840,PUT,0,0,chordKey_47_54,clients=50
1778007311834,GET,19,2,chordKey_21_71,clients=50
1778007311841,PUT_HOP,0,2,chordKey_39_66,
1778007311841,PUT,0,0,chordKey_21_72,clients=50
1778007311842,GET,22,2,chordKey_48_97,clients=50
1778007311840,GET,22,2,chordKey_49_64,clients=50
1778007311842,PUT_HOP,0,2,chordKey_22_62,
1778007311842,PUT,0,0,chordKey_48_98,clients=50
1778007311842,GET,22,2,chordKey_39_66,clients=50
1778007311843,PUT,0,0,chordKey_49_65,clients=50
1778007311843,PUT_HOP,0,2,chordKey_0_97,
1778007311843,PUT,0,0,chordKey_39_67,clients=50
1778007311845,GET,22,2,chordKey_22_62,clients=50
1778007311845,PUT,0,0,chordKey_22_63,clients=50
1778007311846,PUT_HOP,0,2,chordKey_6_87,
1778007311846,PUT_HOP,0,2,chordKey_28_80,
1778007311846,GET,23,2,chordKey_0_97,clients=50
1778007311847,PUT,0,0,chordKey_0_98,clients=50
1778007311847,GET,23,2,chordKey_6_87,clients=50
1778007311847,PUT_HOP,0,2,chordKey_33_84,
1778007311847,PUT,0,0,chordKey_6_88,clients=50
1778007311848,PUT_HOP,0,2,chordKey_3_93,
1778007311848,GET,23,2,chordKey_33_84,clients=50
1778007311848,PUT_HOP,0,2,chordKey_46_92,
1778007311848,GET,24,2,chordKey_28_80,clients=50
1778007311848,PUT,0,0,chordKey_33_85,clients=50
1778007311849,PUT,0,0,chordKey_28_81,clients=50
1778007311849,PUT_HOP,0,2,chordKey_45_98,
1778007311849,GET,23,2,chordKey_46_92,clients=50
1778007311850,GET,22,2,chordKey_3_93,clients=50
1778007311850,GET,24,2,chordKey_45_98,clients=50
1778007311850,PUT_HOP,0,2,chordKey_36_74,
1778007311851,PUT,0,0,chordKey_45_99,clients=50
1778007311851,PUT,0,0,chordKey_3_94,clients=50
1778007311850,PUT,0,0,chordKey_46_93,clients=50
1778007311851,GET,22,2,chordKey_36_74,clients=50
1778007311852,PUT_HOP,0,2,chordKey_1_76,
1778007311853,PUT,0,0,chordKey_36_75,clients=50
1778007311853,GET,22,2,chordKey_1_76,clients=50
1778007311854,PUT,0,0,chordKey_1_77,clients=50
1778007311858,PUT_HOP,0,2,chordKey_24_65,
1778007311858,PUT_HOP,0,2,chordKey_30_79,
1778007311859,GET,27,2,chordKey_24_65,clients=50
1778007311860,PUT,0,0,chordKey_24_66,clients=50
1778007311860,GET,32,2,chordKey_30_79,clients=50
1778007311861,PUT,0,0,chordKey_30_80,clients=50
1778007311865,PUT_HOP,0,2,chordKey_5_79,
1778007311866,PUT_HOP,0,2,chordKey_18_83,
1778007311867,PUT_HOP,0,2,chordKey_47_54,
1778007311867,GET,27,2,chordKey_5_79,clients=50
1778007311867,GET,27,2,chordKey_18_83,clients=50
1778007311868,PUT_HOP,0,2,chordKey_21_72,
1778007311868,PUT,0,0,chordKey_5_80,clients=50
1778007311868,PUT,0,0,chordKey_18_84,clients=50
1778007311869,PUT_HOP,0,2,chordKey_48_98,
1778007311869,PUT_HOP,0,2,chordKey_49_65,
1778007311870,PUT_HOP,0,2,chordKey_39_67,
1778007311872,PUT_HOP,0,2,chordKey_22_63,
1778007311872,PUT_HOP,0,2,chordKey_0_98,
1778007311872,GET,31,2,chordKey_47_54,clients=50
1778007311873,PUT,0,0,chordKey_47_55,clients=50
1778007311873,PUT_HOP,0,2,chordKey_6_88,
1778007311873,GET,31,2,chordKey_21_72,clients=50
1778007311873,GET,30,2,chordKey_48_98,clients=50
1778007311874,PUT,0,0,chordKey_21_73,clients=50
1778007311874,PUT,0,0,chordKey_48_99,clients=50
1778007311874,GET,30,2,chordKey_49_65,clients=50
1778007311875,PUT,0,0,chordKey_49_66,clients=50
1778007311875,PUT_HOP,0,2,chordKey_33_85,
1778007311876,GET,27,2,chordKey_6_88,clients=50
1778007311875,GET,30,2,chordKey_39_67,clients=50
1778007311876,PUT,0,0,chordKey_6_89,clients=50
1778007311876,PUT,0,0,chordKey_39_68,clients=50
1778007311877,PUT_HOP,0,2,chordKey_28_81,
1778007311875,GET,29,2,chordKey_22_63,clients=50
1778007311877,PUT,0,0,chordKey_22_64,clients=50
1778007311878,PUT_HOP,0,2,chordKey_46_93,
1778007311878,GET,31,2,chordKey_0_98,clients=50
1778007311878,PUT_HOP,0,2,chordKey_3_94,
1778007311879,GET,29,2,chordKey_28_81,clients=50
1778007311879,PUT_HOP,0,2,chordKey_45_99,
1778007311879,GET,30,2,chordKey_33_85,clients=50
1778007311880,PUT,0,0,chordKey_33_86,clients=50
1778007311879,PUT,0,0,chordKey_0_99,clients=50
1778007311879,PUT,0,0,chordKey_28_82,clients=50
1778007311879,GET,27,2,chordKey_45_99,clients=50
1778007311882,GET,29,2,chordKey_3_94,clients=50
1778007311882,PUT_HOP,0,2,chordKey_36_75,
1778007311882,PUT,0,0,chordKey_3_95,clients=50
1778007311882,GET,30,2,chordKey_46_93,clients=50
1778007311883,GET,29,2,chordKey_36_75,clients=50
1778007311883,PUT_HOP,0,2,chordKey_1_77,
1778007311883,PUT,0,0,chordKey_46_94,clients=50
1778007311884,PUT,0,0,chordKey_36_76,clients=50
1778007311883,GET,29,2,chordKey_1_77,clients=50
1778007311884,PUT_HOP,0,2,chordKey_24_66,
1778007311885,PUT,0,0,chordKey_1_78,clients=50
1778007311885,GET,24,2,chordKey_24_66,clients=50
1778007311886,PUT_HOP,0,2,chordKey_30_80,
1778007311887,PUT,0,0,chordKey_24_67,clients=50
1778007311889,GET,27,2,chordKey_30_80,clients=50
1778007311889,PUT,0,0,chordKey_30_81,clients=50
1778007311889,PUT_HOP,0,2,chordKey_5_80,
1778007311890,PUT_HOP,0,2,chordKey_18_84,
1778007311891,GET,22,2,chordKey_5_80,clients=50
1778007311891,PUT,0,0,chordKey_5_81,clients=50
1778007311892,GET,23,2,chordKey_18_84,clients=50
1778007311892,PUT,0,0,chordKey_18_85,clients=50
1778007311893,PUT_HOP,0,2,chordKey_47_55,
1778007311894,PUT_HOP,0,2,chordKey_21_73,
1778007311894,GET,20,2,chordKey_47_55,clients=50
1778007311894,PUT_HOP,0,2,chordKey_48_99,
1778007311895,PUT,0,0,chordKey_47_56,clients=50
1778007311896,GET,20,2,chordKey_48_99,clients=50
1778007311896,PUT_HOP,0,2,chordKey_49_66,
1778007311896,GET,21,2,chordKey_21_73,clients=50
1778007311896,PUT_HOP,0,2,chordKey_6_89,
1778007311897,PUT,0,0,chordKey_21_74,clients=50
1778007311897,GET,21,2,chordKey_49_66,clients=50
1778007311897,PUT_HOP,0,2,chordKey_39_68,
1778007311897,PUT,0,0,chordKey_49_67,clients=50
1778007311899,PUT_HOP,0,2,chordKey_22_64,
1778007311899,GET,22,2,chordKey_6_89,clients=50
1778007311899,GET,22,2,chordKey_39_68,clients=50
1778007311900,PUT_HOP,0,2,chordKey_0_99,
1778007311900,PUT,0,0,chordKey_39_69,clients=50
1778007311900,PUT_HOP,0,2,chordKey_28_82,
1778007311899,PUT,0,0,chordKey_6_90,clients=50
1778007311900,GET,22,2,chordKey_22_64,clients=50
1778007311901,PUT_HOP,0,2,chordKey_33_86,
1778007311901,PUT,0,0,chordKey_22_65,clients=50
1778007311902,GET,22,2,chordKey_33_86,clients=50
1778007311902,GET,21,2,chordKey_28_82,clients=50
1778007311903,PUT_HOP,0,2,chordKey_3_95,
1778007311903,PUT,0,0,chordKey_28_83,clients=50
1778007311903,PUT,0,0,chordKey_33_87,clients=50
1778007311903,GET,22,2,chordKey_0_99,clients=50
1778007311904,GET,21,2,chordKey_3_95,clients=50
1778007311905,PUT_HOP,0,2,chordKey_46_94,
1778007311905,PUT,0,0,chordKey_3_96,clients=50
1778007311906,PUT_HOP,0,2,chordKey_36_76,
1778007311907,PUT_HOP,0,2,chordKey_1_78,
1778007311907,GET,23,2,chordKey_46_94,clients=50
1778007311907,PUT,0,0,chordKey_46_95,clients=50
1778007311908,GET,24,2,chordKey_36_76,clients=50
1778007311908,PUT_HOP,0,2,chordKey_24_67,
1778007311908,GET,23,2,chordKey_1_78,clients=50
1778007311909,PUT,0,0,chordKey_36_77,clients=50
1778007311909,PUT,0,0,chordKey_1_79,clients=50
1778007311910,GET,23,2,chordKey_24_67,clients=50
1778007311911,PUT,0,0,chordKey_24_68,clients=50
1778007311911,PUT_HOP,0,2,chordKey_30_81,
1778007311913,GET,23,2,chordKey_30_81,clients=50
1778007311913,PUT_HOP,0,2,chordKey_5_81,
1778007311913,PUT,0,0,chordKey_30_82,clients=50
1778007311913,PUT_HOP,0,2,chordKey_18_85,
1778007311914,GET,22,2,chordKey_5_81,clients=50
1778007311916,PUT,0,0,chordKey_5_82,clients=50
1778007311917,GET,24,2,chordKey_18_85,clients=50
1778007311917,PUT_HOP,0,2,chordKey_47_56,
1778007311917,PUT,0,0,chordKey_18_86,clients=50
1778007311919,PUT_HOP,0,2,chordKey_21_74,
1778007311920,GET,24,2,chordKey_47_56,clients=50
1778007311920,PUT_HOP,0,2,chordKey_49_67,
1778007311920,PUT,0,0,chordKey_47_57,clients=50
1778007311921,GET,24,2,chordKey_21_74,clients=50
1778007311921,PUT_HOP,0,2,chordKey_39_69,
1778007311922,PUT,0,0,chordKey_21_75,clients=50
1778007311922,PUT_HOP,0,2,chordKey_6_90,
1778007311922,GET,23,2,chordKey_49_67,clients=50
1778007311922,PUT,0,0,chordKey_49_68,clients=50
1778007311923,PUT_HOP,0,2,chordKey_22_65,
1778007311923,GET,22,2,chordKey_39_69,clients=50
1778007311923,GET,22,2,chordKey_6_90,clients=50
1778007311923,GET,22,2,chordKey_22_65,clients=50
1778007311924,PUT_HOP,0,2,chordKey_33_87,
1778007311924,PUT,0,0,chordKey_22_66,clients=50
1778007311924,PUT_HOP,0,2,chordKey_28_83,
1778007311923,PUT,0,0,chordKey_39_70,clients=50
1778007311924,PUT,0,0,chordKey_6_91,clients=50
1778007311925,GET,21,2,chordKey_28_83,clients=50
1778007311925,GET,21,2,chordKey_33_87,clients=50
1778007311926,PUT,0,0,chordKey_28_84,clients=50
1778007311926,PUT,0,0,chordKey_33_88,clients=50
1778007311927,PUT_HOP,0,2,chordKey_3_96,
1778007311928,GET,22,2,chordKey_3_96,clients=50
1778007311928,PUT_HOP,0,2,chordKey_46_95,
1778007311928,PUT,0,0,chordKey_3_97,clients=50
1778007311929,PUT_HOP,0,2,chordKey_36_77,
1778007311929,GET,21,2,chordKey_46_95,clients=50
1778007311929,PUT_HOP,0,2,chordKey_1_79,
1778007311929,PUT,0,0,chordKey_46_96,clients=50
1778007311930,GET,20,2,chordKey_36_77,clients=50
1778007311930,GET,20,2,chordKey_1_79,clients=50
1778007311930,PUT_HOP,0,2,chordKey_24_68,
1778007311930,PUT,0,0,chordKey_36_78,clients=50
1778007311931,PUT,0,0,chordKey_1_80,clients=50
1778007311931,GET,20,2,chordKey_24_68,clients=50
1778007311932,PUT,0,0,chordKey_24_69,clients=50
1778007311932,PUT_HOP,0,2,chordKey_30_82,
1778007311934,PUT_HOP,0,2,chordKey_5_82,
1778007311935,GET,19,2,chordKey_30_82,clients=50
1778007311936,PUT,0,0,chordKey_30_83,clients=50
1778007311936,PUT_HOP,0,2,chordKey_18_86,
1778007311936,GET,19,2,chordKey_5_82,clients=50
1778007311937,PUT,0,0,chordKey_5_83,clients=50
1778007311937,GET,19,2,chordKey_18_86,clients=50
1778007311938,PUT_HOP,0,2,chordKey_47_57,
1778007311938,PUT,0,0,chordKey_18_87,clients=50
1778007311940,GET,19,2,chordKey_47_57,clients=50
1778007311940,PUT_HOP,0,2,chordKey_21_75,
1778007311940,PUT,0,0,chordKey_47_58,clients=50
1778007311940,PUT_HOP,0,2,chordKey_49_68,
1778007311941,GET,18,2,chordKey_21_75,clients=50
1778007311941,PUT_HOP,0,2,chordKey_39_70,
1778007311941,PUT,0,0,chordKey_21_76,clients=50
1778007311942,GET,19,2,chordKey_49_68,clients=50
1778007311942,PUT,0,0,chordKey_49_69,clients=50
1778007311943,PUT_HOP,0,2,chordKey_6_91,
1778007311944,PUT_HOP,0,2,chordKey_22_66,
1778007311944,GET,19,2,chordKey_6_91,clients=50
1778007311945,PUT_HOP,0,2,chordKey_28_84,
1778007311945,GET,20,2,chordKey_22_66,clients=50
1778007311945,PUT,0,0,chordKey_22_67,clients=50
1778007311945,PUT_HOP,0,2,chordKey_33_88,
1778007311945,PUT,0,0,chordKey_6_92,clients=50
1778007311946,GET,20,2,chordKey_28_84,clients=50
1778007311947,PUT_HOP,0,2,chordKey_3_97,
1778007311946,GET,21,2,chordKey_39_70,clients=50
1778007311947,PUT,0,0,chordKey_39_71,clients=50
1778007311947,PUT,0,0,chordKey_28_85,clients=50
1778007311946,GET,19,2,chordKey_33_88,clients=50
1778007311949,GET,20,2,chordKey_3_97,clients=50
1778007311949,PUT,0,0,chordKey_33_89,clients=50
1778007311949,PUT,0,0,chordKey_3_98,clients=50
1778007311949,PUT_HOP,0,2,chordKey_46_96,
1778007311950,PUT_HOP,0,2,chordKey_36_78,
1778007311950,GET,20,2,chordKey_46_96,clients=50
1778007311950,PUT,0,0,chordKey_46_97,clients=50
1778007311950,PUT_HOP,0,2,chordKey_1_80,
1778007311952,GET,20,2,chordKey_36_78,clients=50
1778007311952,GET,20,2,chordKey_1_80,clients=50
1778007311952,PUT,0,0,chordKey_36_79,clients=50
1778007311953,PUT_HOP,0,2,chordKey_24_69,
1778007311953,PUT,0,0,chordKey_1_81,clients=50
1778007311954,GET,21,2,chordKey_24_69,clients=50
1778007311955,PUT,0,0,chordKey_24_70,clients=50
1778007311955,PUT_HOP,0,2,chordKey_30_83,
1778007311956,GET,19,2,chordKey_30_83,clients=50
1778007311956,PUT,0,0,chordKey_30_84,clients=50
1778007311956,PUT_HOP,0,2,chordKey_5_83,
1778007311957,PUT_HOP,0,2,chordKey_18_87,
1778007311958,GET,20,2,chordKey_5_83,clients=50
1778007311959,PUT,0,0,chordKey_5_84,clients=50
1778007311959,GET,21,2,chordKey_18_87,clients=50
1778007311959,PUT_HOP,0,2,chordKey_47_58,
1778007311960,PUT,0,0,chordKey_18_88,clients=50
1778007311960,PUT_HOP,0,2,chordKey_21_76,
1778007311961,GET,19,2,chordKey_21_76,clients=50
1778007311961,GET,20,2,chordKey_47_58,clients=50
1778007311961,PUT,0,0,chordKey_21_77,clients=50
1778007311962,PUT,0,0,chordKey_47_59,clients=50
1778007311962,PUT_HOP,0,2,chordKey_49_69,
1778007311962,GET,19,2,chordKey_49_69,clients=50
1778007311962,PUT,0,0,chordKey_49_70,clients=50
1778007311962,PUT_HOP,0,2,chordKey_6_92,
1778007311964,GET,18,2,chordKey_22_67,clients=50
1778007311964,PUT_HOP,0,2,chordKey_22_67,
1778007311964,PUT,0,0,chordKey_22_68,clients=50
1778007311965,PUT_HOP,0,2,chordKey_39_71,
1778007311964,GET,18,2,chordKey_6_92,clients=50
1778007311965,PUT_HOP,0,2,chordKey_28_85,
1778007311965,PUT,0,0,chordKey_6_93,clients=50
1778007311966,PUT_HOP,0,2,chordKey_33_89,
1778007311966,GET,18,2,chordKey_28_85,clients=50
1778007311966,GET,18,2,chordKey_39_71,clients=50
1778007311967,PUT_HOP,0,2,chordKey_3_98,
1778007311967,PUT,0,0,chordKey_28_86,clients=50
1778007311967,PUT,0,0,chordKey_39_72,clients=50
1778007311967,GET,17,2,chordKey_3_98,clients=50
1778007311968,PUT_HOP,0,2,chordKey_46_97,
1778007311968,GET,18,2,chordKey_33_89,clients=50
1778007311968,PUT,0,0,chordKey_3_99,clients=50
1778007311968,PUT,0,0,chordKey_33_90,clients=50
1778007311969,GET,18,2,chordKey_46_97,clients=50
1778007311970,PUT,0,0,chordKey_46_98,clients=50
1778007311970,PUT_HOP,0,2,chordKey_36_79,
1778007311970,PUT_HOP,0,2,chordKey_1_81,
1778007311971,GET,17,2,chordKey_36_79,clients=50
1778007311971,PUT,0,0,chordKey_36_80,clients=50
1778007311972,PUT_HOP,0,2,chordKey_24_70,
1778007311972,GET,19,2,chordKey_1_81,clients=50
1778007311973,PUT,0,0,chordKey_1_82,clients=50
1778007311973,GET,17,2,chordKey_24_70,clients=50
1778007311973,PUT_HOP,0,2,chordKey_30_84,
1778007311974,PUT,0,0,chordKey_24_71,clients=50
1778007311974,GET,17,2,chordKey_30_84,clients=50
1778007311975,PUT,0,0,chordKey_30_85,clients=50
1778007311975,PUT_HOP,0,2,chordKey_5_84,
1778007311976,GET,17,2,chordKey_5_84,clients=50
1778007311976,PUT_HOP,0,2,chordKey_18_88,
1778007311977,PUT,0,0,chordKey_5_85,clients=50
1778007311977,GET,17,2,chordKey_18_88,clients=50
1778007311977,PUT_HOP,0,2,chordKey_21_77,
1778007311978,PUT,0,0,chordKey_18_89,clients=50
1778007311978,PUT_HOP,0,2,chordKey_47_59,
1778007311979,PUT_HOP,0,2,chordKey_49_70,
1778007311979,GET,17,2,chordKey_47_59,clients=50
1778007311979,GET,17,2,chordKey_21_77,clients=50
1778007311980,PUT,0,0,chordKey_47_60,clients=50
1778007311980,PUT,0,0,chordKey_21_78,clients=50
1778007311980,PUT_HOP,0,2,chordKey_22_68,
1778007311980,GET,16,2,chordKey_49_70,clients=50
1778007311981,PUT_HOP,0,2,chordKey_6_93,
1778007311981,PUT,0,0,chordKey_49_71,clients=50
1778007311981,GET,16,2,chordKey_22_68,clients=50
1778007311982,PUT,0,0,chordKey_22_69,clients=50
1778007311982,PUT_HOP,0,2,chordKey_39_72,
1778007311982,GET,16,2,chordKey_6_93,clients=50
1778007311983,PUT,0,0,chordKey_6_94,clients=50
1778007311983,PUT_HOP,0,2,chordKey_28_86,
1778007311984,GET,17,2,chordKey_39_72,clients=50
1778007311985,GET,17,2,chordKey_28_86,clients=50
1778007311985,PUT_HOP,0,2,chordKey_3_99,
1778007311985,PUT,0,0,chordKey_39_73,clients=50
1778007311985,PUT_HOP,0,2,chordKey_33_90,
1778007311985,PUT,0,0,chordKey_28_87,clients=50
1778007311987,GET,18,2,chordKey_3_99,clients=50
1778007311987,GET,17,2,chordKey_33_90,clients=50
1778007311987,PUT_HOP,0,2,chordKey_46_98,
1778007311988,PUT,0,0,chordKey_33_91,clients=50
1778007311989,PUT_HOP,0,2,chordKey_36_80,
1778007311989,GET,18,2,chordKey_46_98,clients=50
1778007311989,PUT,0,0,chordKey_46_99,clients=50
1778007311990,PUT_HOP,0,2,chordKey_1_82,
1778007311991,GET,19,2,chordKey_36_80,clients=50
1778007311992,PUT,0,0,chordKey_36_81,clients=50
1778007311995,PUT_HOP,0,2,chordKey_24_71,
1778007311995,GET,22,2,chordKey_1_82,clients=50
1778007311996,PUT,0,0,chordKey_1_83,clients=50
1778007311997,PUT_HOP,0,2,chordKey_30_85,
1778007311997,GET,22,2,chordKey_24_71,clients=50
1778007311999,PUT,0,0,chordKey_24_72,clients=50
1778007312000,GET,25,2,chordKey_30_85,clients=50
1778007312001,PUT,0,0,chordKey_30_86,clients=50
1778007312001,PUT_HOP,0,2,chordKey_5_85,
1778007312002,PUT_HOP,0,2,chordKey_18_89,
1778007312005,PUT_HOP,0,2,chordKey_47_60,
1778007312005,PUT_HOP,0,2,chordKey_21_78,
1778007312006,GET,28,2,chordKey_5_85,clients=50
1778007312006,GET,26,2,chordKey_47_60,clients=50
1778007312006,GET,28,2,chordKey_18_89,clients=50
1778007312007,PUT,0,0,chordKey_47_61,clients=50
1778007312007,PUT_HOP,0,2,chordKey_49_71,
1778007312007,PUT_HOP,0,2,chordKey_22_69,
1778007312007,PUT,0,0,chordKey_5_86,clients=50
1778007312008,GET,26,2,chordKey_49_71,clients=50
1778007312009,PUT_HOP,0,2,chordKey_6_94,
1778007312009,PUT,0,0,chordKey_49_72,clients=50
1778007312009,GET,26,2,chordKey_6_94,clients=50
1778007312007,PUT,0,0,chordKey_18_90,clients=50
1778007312010,PUT_HOP,0,2,chordKey_39_73,
1778007312007,GET,26,2,chordKey_21_78,clients=50
1778007312010,PUT_HOP,0,2,chordKey_28_87,
1778007312010,PUT,0,0,chordKey_6_95,clients=50
1778007312008,GET,26,2,chordKey_22_69,clients=50
1778007312010,PUT,0,0,chordKey_21_79,clients=50
1778007312011,PUT,0,0,chordKey_22_70,clients=50
1778007312012,PUT_HOP,0,2,chordKey_33_91,
1778007312012,GET,25,2,chordKey_28_87,clients=50
1778007312011,GET,25,2,chordKey_39_73,clients=50
1778007312012,PUT_HOP,0,2,chordKey_46_99,
1778007312012,PUT,0,0,chordKey_28_88,clients=50
1778007312013,PUT,0,0,chordKey_39_74,clients=50
1778007312013,PUT_HOP,0,2,chordKey_36_81,
1778007312012,GET,24,2,chordKey_33_91,clients=50
1778007312014,PUT,0,0,chordKey_33_92,clients=50
1778007312014,GET,21,2,chordKey_36_81,clients=50
1778007312014,GET,23,2,chordKey_46_99,clients=50
1778007312014,PUT,0,0,chordKey_36_82,clients=50
1778007312015,PUT_HOP,0,2,chordKey_1_83,
1778007312016,PUT_HOP,0,2,chordKey_24_72,
1778007312016,GET,17,2,chordKey_1_83,clients=50
1778007312017,PUT,0,0,chordKey_1_84,clients=50
1778007312017,PUT_HOP,0,2,chordKey_30_86,
1778007312018,GET,18,2,chordKey_24_72,clients=50
1778007312019,PUT,0,0,chordKey_24_73,clients=50
1778007312019,GET,18,2,chordKey_30_86,clients=50
1778007312020,PUT,0,0,chordKey_30_87,clients=50
1778007312020,PUT_HOP,0,2,chordKey_5_86,
1778007312022,PUT_HOP,0,2,chordKey_47_61,
1778007312023,PUT_HOP,0,2,chordKey_18_90,
1778007312024,GET,16,2,chordKey_47_61,clients=50
1778007312024,GET,15,2,chordKey_5_86,clients=50
1778007312024,PUT,0,0,chordKey_47_62,clients=50
1778007312025,PUT,0,0,chordKey_5_87,clients=50
1778007312025,PUT_HOP,0,2,chordKey_49_72,
1778007312025,PUT_HOP,0,2,chordKey_6_95,
1778007312027,GET,17,2,chordKey_49_72,clients=50
1778007312027,PUT,0,0,chordKey_49_73,clients=50
1778007312028,GET,18,2,chordKey_18_90,clients=50
1778007312028,PUT_HOP,0,2,chordKey_21_79,
1778007312028,GET,17,2,chordKey_6_95,clients=50
1778007312029,PUT,0,0,chordKey_18_91,clients=50
1778007312029,PUT_HOP,0,2,chordKey_22_70,
1778007312029,PUT,0,0,chordKey_6_96,clients=50
1778007312030,GET,18,2,chordKey_21_79,clients=50
1778007312030,GET,18,2,chordKey_22_70,clients=50
1778007312030,PUT,0,0,chordKey_21_80,clients=50
1778007312031,PUT_HOP,0,2,chordKey_28_88,
1778007312031,PUT,0,0,chordKey_22_71,clients=50
1778007312032,PUT_HOP,0,2,chordKey_39_74,
1778007312032,GET,19,2,chordKey_28_88,clients=50
1778007312033,PUT_HOP,0,2,chordKey_33_92,
1778007312033,PUT,0,0,chordKey_28_89,clients=50
1778007312033,PUT_HOP,0,2,chordKey_36_82,
1778007312035,GET,21,2,chordKey_39_74,clients=50
1778007312035,GET,21,2,chordKey_33_92,clients=50
1778007312036,GET,20,2,chordKey_36_82,clients=50
1778007312036,PUT,0,0,chordKey_33_93,clients=50
1778007312035,PUT,0,0,chordKey_39_75,clients=50
1778007312036,PUT,0,0,chordKey_36_83,clients=50
1778007312038,PUT_HOP,0,2,chordKey_1_84,
1778007312039,GET,21,2,chordKey_1_84,clients=50
1778007312039,PUT_HOP,0,2,chordKey_24_73,
1778007312039,PUT,0,0,chordKey_1_85,clients=50
1778007312044,PUT_HOP,0,2,chordKey_30_87,
1778007312045,GET,26,2,chordKey_24_73,clients=50
1778007312045,GET,25,2,chordKey_30_87,clients=50
1778007312045,PUT,0,0,chordKey_24_74,clients=50
1778007312046,PUT,0,0,chordKey_30_88,clients=50
1778007312047,GET,22,2,chordKey_47_62,clients=50
1778007312047,PUT,0,0,chordKey_47_63,clients=50
1778007312049,PUT_HOP,0,2,chordKey_47_62,
1778007312049,GET,23,2,chordKey_5_87,clients=50
1778007312049,PUT,0,0,chordKey_5_88,clients=50
1778007312050,PUT_HOP,0,2,chordKey_49_73,
1778007312049,GET,20,2,chordKey_18_91,clients=50
1778007312050,PUT_HOP,0,2,chordKey_5_87,
1778007312050,PUT,0,0,chordKey_18_92,clients=50
1778007312051,PUT_HOP,0,2,chordKey_18_91,
1778007312051,PUT_HOP,0,2,chordKey_6_96,
1778007312051,GET,23,2,chordKey_49_73,clients=50
1778007312052,PUT_HOP,0,2,chordKey_21_80,
1778007312052,GET,22,2,chordKey_6_96,clients=50
1778007312052,PUT,0,0,chordKey_49_74,clients=50
1778007312052,PUT,0,0,chordKey_6_97,clients=50
1778007312053,PUT_HOP,0,2,chordKey_22_71,
1778007312052,GET,21,2,chordKey_21_80,clients=50
1778007312053,PUT_HOP,0,2,chordKey_28_89,
1778007312054,PUT,0,0,chordKey_21_81,clients=50
1778007312054,GET,22,2,chordKey_22_71,clients=50
1778007312055,PUT,0,0,chordKey_22_72,clients=50
1778007312055,GET,21,2,chordKey_28_89,clients=50
1778007312055,PUT_HOP,0,2,chordKey_36_83,
1778007312055,PUT_HOP,0,2,chordKey_39_75,
1778007312055,PUT,0,0,chordKey_28_90,clients=50
1778007312056,PUT_HOP,0,2,chordKey_33_93,
1778007312057,GET,20,2,chordKey_33_93,clients=50
1778007312057,GET,20,2,chordKey_39_75,clients=50
1778007312057,PUT,0,0,chordKey_33_94,clients=50
1778007312058,PUT,0,0,chordKey_39_76,clients=50
1778007312058,PUT_HOP,0,2,chordKey_1_85,
1778007312058,GET,20,2,chordKey_36_83,clients=50
1778007312059,PUT,0,0,chordKey_36_84,clients=50
1778007312059,GET,19,2,chordKey_1_85,clients=50
1778007312060,PUT,0,0,chordKey_1_86,clients=50
1778007312060,PUT_HOP,0,2,chordKey_24_74,
1778007312061,PUT_HOP,0,2,chordKey_30_88,
1778007312062,GET,16,2,chordKey_24_74,clients=50
1778007312062,GET,16,2,chordKey_30_88,clients=50
1778007312063,PUT,0,0,chordKey_24_75,clients=50
1778007312063,PUT_HOP,0,2,chordKey_47_63,
1778007312063,PUT,0,0,chordKey_30_89,clients=50
1778007312064,GET,16,2,chordKey_47_63,clients=50
1778007312064,PUT,0,0,chordKey_47_64,clients=50
1778007312064,PUT_HOP,0,2,chordKey_5_88,
1778007312065,PUT_HOP,0,2,chordKey_18_92,
1778007312066,GET,16,2,chordKey_5_88,clients=50
1778007312067,PUT,0,0,chordKey_5_89,clients=50
1778007312067,PUT_HOP,0,2,chordKey_49_74,
1778007312067,PUT_HOP,0,2,chordKey_6_97,
1778007312067,GET,16,2,chordKey_18_92,clients=50
1778007312067,PUT,0,0,chordKey_18_93,clients=50
1778007312068,GET,15,2,chordKey_49_74,clients=50
1778007312069,PUT,0,0,chordKey_49_75,clients=50
1778007312069,PUT_HOP,0,2,chordKey_21_81,
1778007312069,GET,15,2,chordKey_6_97,clients=50
1778007312069,PUT_HOP,0,2,chordKey_22_72,
1778007312069,PUT,0,0,chordKey_6_98,clients=50
1778007312070,PUT_HOP,0,2,chordKey_28_90,
1778007312070,GET,16,2,chordKey_21_81,clients=50
1778007312071,GET,16,2,chordKey_22_72,clients=50
1778007312071,PUT_HOP,0,2,chordKey_33_94,
1778007312072,PUT,0,0,chordKey_22_73,clients=50
1778007312071,GET,15,2,chordKey_28_90,clients=50
1778007312072,PUT_HOP,0,2,chordKey_39_76,
1778007312071,PUT,0,0,chordKey_21_82,clients=50
1778007312073,PUT,0,0,chordKey_28_91,clients=50
1778007312073,GET,15,2,chordKey_33_94,clients=50
1778007312074,GET,15,2,chordKey_39_76,clients=50
1778007312074,PUT,0,0,chordKey_39_77,clients=50
1778007312074,PUT_HOP,0,2,chordKey_36_84,
1778007312074,PUT,0,0,chordKey_33_95,clients=50
1778007312075,PUT_HOP,0,2,chordKey_1_86,
1778007312075,GET,16,2,chordKey_36_84,clients=50
1778007312076,GET,15,2,chordKey_1_86,clients=50
1778007312076,PUT,0,0,chordKey_36_85,clients=50
1778007312078,PUT_HOP,0,2,chordKey_42_99,
1778007312078,PUT,0,0,chordKey_1_87,clients=50
1778007312078,GET,1092,2,chordKey_42_99,clients=50
1778007312079,GET,1097,2,chordKey_8_69,clients=50
1778007312079,GET,1096,2,chordKey_2_53,clients=50
1778007312080,PUT,0,0,chordKey_8_70,clients=50
1778007312080,PUT,0,0,chordKey_2_54,clients=50
1778007312081,GET,1096,2,chordKey_27_76,clients=50
1778007312081,PUT,0,0,chordKey_27_77,clients=50
1778007312082,PUT_HOP,0,2,chordKey_24_75,
1778007312083,PUT_HOP,0,2,chordKey_30_89,
1778007312084,GET,21,2,chordKey_24_75,clients=50
1778007312084,PUT_HOP,0,2,chordKey_47_64,
1778007312085,PUT,0,0,chordKey_24_76,clients=50
1778007312085,GET,21,2,chordKey_30_89,clients=50
1778007312086,PUT,0,0,chordKey_30_90,clients=50
1778007312087,GET,22,2,chordKey_47_64,clients=50
1778007312088,PUT_HOP,0,2,chordKey_5_89,
1778007312088,PUT_HOP,0,2,chordKey_18_93,
1778007312088,PUT,0,0,chordKey_47_65,clients=50
1778007312089,GET,22,2,chordKey_5_89,clients=50
1778007312090,PUT_HOP,0,2,chordKey_49_75,
1778007312090,PUT_HOP,0,2,chordKey_6_98,
1778007312090,PUT,0,0,chordKey_5_90,clients=50
1778007312091,GET,21,2,chordKey_49_75,clients=50
1778007312091,GET,23,2,chordKey_18_93,clients=50
1778007312091,PUT,0,0,chordKey_49_76,clients=50
1778007312092,PUT,0,0,chordKey_18_94,clients=50
1778007312092,GET,1086,2,chordKey_17_63,clients=50
1778007312093,PUT,0,0,chordKey_17_64,clients=50
1778007312093,PUT_HOP,0,2,chordKey_10_92,
1778007312093,GET,1091,2,chordKey_25_43,clients=50
1778007312093,PUT_HOP,0,2,chordKey_19_41,
1778007312093,PUT,0,0,chordKey_25_44,clients=50
1778007312094,GET,1086,2,chordKey_16_51,clients=50
1778007312095,PUT,0,0,chordKey_16_52,clients=50
1778007312095,GET,1084,2,chordKey_40_67,clients=50
1778007312096,GET,1076,2,chordKey_10_92,clients=50
1778007312096,GET,1089,2,chordKey_44_57,clients=50
1778007312096,GET,1084,2,chordKey_29_76,clients=50
1778007312096,PUT,0,0,chordKey_40_68,clients=50
1778007312097,PUT,0,0,chordKey_29_77,clients=50
1778007312097,GET,1092,2,chordKey_7_57,clients=50
1778007312098,GET,1094,2,chordKey_14_94,clients=50
1778007312097,GET,1079,2,chordKey_19_41,clients=50
1778007312099,PUT_HOP,0,2,chordKey_21_82,
1778007312099,GET,28,2,chordKey_6_98,clients=50
1778007312097,PUT,0,0,chordKey_44_58,clients=50
1778007312096,GET,1081,2,chordKey_31_69,clients=50
1778007312100,PUT_HOP,0,2,chordKey_22_73,
1778007312096,PUT,0,0,chordKey_10_93,clients=50
1778007312100,PUT,0,0,chordKey_31_70,clients=50
1778007312101,PUT_HOP,0,2,chordKey_28_91,
1778007312100,GET,27,2,chordKey_22_73,clients=50
1778007312099,PUT,0,0,chordKey_6_99,clients=50
1778007312101,PUT_HOP,0,2,chordKey_33_95,
1778007312101,PUT,0,0,chordKey_22_74,clients=50
1778007312099,PUT,0,0,chordKey_19_42,clients=50
1778007312102,PUT_HOP,0,2,chordKey_39_77,
1778007312099,PUT,0,0,chordKey_14_95,clients=50
1778007312098,PUT,0,0,chordKey_7_58,clients=50
1778007312103,PUT_HOP,0,2,chordKey_36_85,
1778007312098,GET,1086,2,chordKey_13_42,clients=50
1778007312104,PUT,0,0,chordKey_13_43,clients=50
1778007312098,GET,1082,2,chordKey_11_37,clients=50
1778007312105,PUT_HOP,0,2,chordKey_1_87,
1778007312105,GET,27,2,chordKey_36_85,clients=50
1778007312106,PUT,0,0,chordKey_36_86,clients=50
1778007312104,GET,29,2,chordKey_33_95,clients=50
1778007312106,GET,28,2,chordKey_1_87,clients=50
1778007312103,GET,28,2,chordKey_39_77,clients=50
1778007312102,GET,29,2,chordKey_28_91,clients=50
1778007312107,PUT_HOP,0,2,chordKey_8_70,
1778007312101,GET,28,2,chordKey_21_82,clients=50
1778007312108,PUT,0,0,chordKey_28_92,clients=50
1778007312108,PUT,0,0,chordKey_21_83,clients=50
1778007312108,PUT_HOP,0,2,chordKey_2_54,
1778007312107,PUT,0,0,chordKey_39_78,clients=50
1778007312107,PUT,0,0,chordKey_1_88,clients=50
1778007312109,GET,28,2,chordKey_8_70,clients=50
1778007312110,PUT,0,0,chordKey_8_71,clients=50
1778007312110,PUT_HOP,0,2,chordKey_27_77,
1778007312107,PUT,0,0,chordKey_33_96,clients=50
1778007312105,PUT,0,0,chordKey_11_38,clients=50
1778007312110,GET,29,2,chordKey_2_54,clients=50
1778007312111,PUT_HOP,0,2,chordKey_44_58,
1778007312111,PUT,0,0,chordKey_2_55,clients=50
1778007312111,GET,29,2,chordKey_27_77,clients=50
1778007312112,PUT,0,0,chordKey_27_78,clients=50
1778007312113,PUT_HOP,0,2,chordKey_24_76,
1778007312114,GET,14,2,chordKey_44_58,clients=50
1778007312114,PUT_HOP,0,2,chordKey_30_90,
1778007312114,PUT,0,0,chordKey_44_59,clients=50
1778007312115,GET,29,2,chordKey_24_76,clients=50
1778007312115,PUT,0,0,chordKey_24_77,clients=50
1778007312116,GET,30,2,chordKey_30_90,clients=50
1778007312117,PUT,0,0,chordKey_30_91,clients=50
1778007312117,PUT_HOP,0,2,chordKey_47_65,
1778007312118,PUT_HOP,0,2,chordKey_5_90,
1778007312118,GET,30,2,chordKey_47_65,clients=50
1778007312119,PUT,0,0,chordKey_47_66,clients=50
1778007312119,GET,28,2,chordKey_5_90,clients=50
1778007312119,PUT_HOP,0,2,chordKey_49_76,
1778007312120,PUT,0,0,chordKey_5_91,clients=50
1778007312120,GET,28,2,chordKey_49_76,clients=50
1778007312121,PUT,0,0,chordKey_49_77,clients=50
1778007312121,PUT_HOP,0,2,chordKey_18_94,
1778007312122,PUT_HOP,0,2,chordKey_17_64,
1778007312122,GET,29,2,chordKey_18_94,clients=50
1778007312122,PUT_HOP,0,2,chordKey_25_44,
1778007312122,PUT,0,0,chordKey_18_95,clients=50
1778007312123,GET,30,2,chordKey_17_64,clients=50
1778007312124,PUT,0,0,chordKey_17_65,clients=50
1778007312124,GET,30,2,chordKey_25_44,clients=50
1778007312124,PUT_HOP,0,2,chordKey_16_52,
1778007312125,PUT,0,0,chordKey_25_45,clients=50
1778007312125,PUT_HOP,0,2,chordKey_40_68,
1778007312126,GET,30,2,chordKey_16_52,clients=50
1778007312126,PUT_HOP,0,2,chordKey_10_93,
1778007312126,PUT,0,0,chordKey_16_53,clients=50
1778007312127,PUT_HOP,0,2,chordKey_29_77,
1778007312128,GET,31,2,chordKey_40_68,clients=50
1778007312129,PUT,0,0,chordKey_40_69,clients=50
1778007312133,PUT_HOP,0,2,chordKey_7_58,
1778007312133,PUT_HOP,0,2,chordKey_19_42,
1778007312133,PUT_HOP,0,2,chordKey_14_95,
1778007312134,GET,36,2,chordKey_29_77,clients=50
1778007312134,PUT_HOP,0,2,chordKey_31_70,
1778007312133,PUT_HOP,0,2,chordKey_6_99,
1778007312134,PUT,0,0,chordKey_29_78,clients=50
1778007312134,PUT_HOP,0,2,chordKey_22_74,
1778007312135,GET,34,2,chordKey_10_93,clients=50
1778007312135,PUT,0,0,chordKey_10_94,clients=50
1778007312136,GET,35,2,chordKey_31_70,clients=50
1778007312136,PUT,0,0,chordKey_31_71,clients=50
1778007312137,GET,34,2,chordKey_22_74,clients=50
1778007312138,PUT,0,0,chordKey_22_75,clients=50
1778007312138,GET,35,2,chordKey_7_58,clients=50
1778007312137,GET,35,2,chordKey_6_99,clients=50
1778007312139,PUT_HOP,0,2,chordKey_13_43,
1778007312137,GET,34,2,chordKey_19_42,clients=50
1778007312139,PUT_HOP,0,2,chordKey_11_38,
1778007312139,GET,34,2,chordKey_13_43,clients=50
1778007312139,PUT,0,0,chordKey_7_59,clients=50
1778007312140,PUT_HOP,0,2,chordKey_36_86,
1778007312138,GET,35,2,chordKey_14_95,clients=50
1778007312140,PUT,0,0,chordKey_13_44,clients=50
1778007312139,PUT,0,0,chordKey_19_43,clients=50
1778007312141,PUT_HOP,0,2,chordKey_33_96,
1778007312140,PUT,0,0,chordKey_14_96,clients=50
1778007312141,GET,35,2,chordKey_36_86,clients=50
1778007312141,PUT_HOP,0,2,chordKey_1_88,
1778007312142,PUT,0,0,chordKey_36_87,clients=50
1778007312142,PUT_HOP,0,2,chordKey_39_78,
1778007312143,PUT_HOP,0,2,chordKey_28_92,
1778007312143,PUT_HOP,0,2,chordKey_21_83,
1778007312144,GET,36,2,chordKey_28_92,clients=50
1778007312144,GET,35,2,chordKey_39_78,clients=50
1778007312145,PUT,0,0,chordKey_28_93,clients=50
1778007312145,PUT,0,0,chordKey_39_79,clients=50
1778007312145,PUT_HOP,0,2,chordKey_44_59,
1778007312145,GET,37,2,chordKey_21_83,clients=50
1778007312146,PUT_HOP,0,2,chordKey_8_71,
1778007312146,PUT,0,0,chordKey_21_84,clients=50
1778007312147,GET,31,2,chordKey_44_59,clients=50
1778007312147,GET,38,2,chordKey_1_88,clients=50
1778007312147,GET,37,2,chordKey_8_71,clients=50
1778007312148,PUT_HOP,0,2,chordKey_2_55,
1778007312148,PUT,0,0,chordKey_8_72,clients=50
1778007312147,PUT,0,0,chordKey_44_60,clients=50
1778007312148,PUT,0,0,chordKey_1_89,clients=50
1778007312149,PUT_HOP,0,2,chordKey_27_78,
1778007312149,GET,38,2,chordKey_11_38,clients=50
1778007312150,PUT,0,0,chordKey_11_39,clients=50
1778007312149,GET,39,2,chordKey_33_96,clients=50
1778007312150,GET,38,2,chordKey_2_55,clients=50
1778007312151,PUT,0,0,chordKey_33_97,clients=50
1778007312151,PUT,0,0,chordKey_2_56,clients=50
1778007312151,GET,38,2,chordKey_27_78,clients=50
1778007312151,PUT_HOP,0,2,chordKey_24_77,
1778007312152,PUT,0,0,chordKey_27_79,clients=50
1778007312153,GET,36,2,chordKey_24_77,clients=50
1778007312153,PUT_HOP,0,2,chordKey_30_91,
1778007312153,PUT,0,0,chordKey_24_78,clients=50
1778007312154,GET,36,2,chordKey_30_91,clients=50
1778007312154,PUT_HOP,0,2,chordKey_47_66,
1778007312154,PUT,0,0,chordKey_30_92,clients=50
1778007312155,PUT_HOP,0,2,chordKey_5_91,
1778007312156,GET,36,2,chordKey_47_66,clients=50
1778007312156,PUT_HOP,0,2,chordKey_49_77,
1778007312156,PUT,0,0,chordKey_47_67,clients=50
1778007312158,GET,38,2,chordKey_5_91,clients=50
1778007312159,PUT,0,0,chordKey_5_92,clients=50
1778007312159,PUT_HOP,0,2,chordKey_18_95,
1778007312158,GET,37,2,chordKey_49_77,clients=50
1778007312159,PUT_HOP,0,2,chordKey_17_65,
1778007312160,GET,37,2,chordKey_18_95,clients=50
1778007312160,PUT,0,0,chordKey_18_96,clients=50
1778007312160,PUT,0,0,chordKey_49_78,clients=50
1778007312161,PUT_HOP,0,2,chordKey_25_45,
1778007312161,GET,36,2,chordKey_17_65,clients=50
1778007312162,PUT_HOP,0,2,chordKey_16_53,
1778007312162,PUT,0,0,chordKey_17_66,clients=50
1778007312162,GET,36,2,chordKey_25_45,clients=50
1778007312163,PUT,0,0,chordKey_25_46,clients=50
1778007312164,GET,37,2,chordKey_16_53,clients=50
1778007312164,PUT_HOP,0,2,chordKey_40_69,
1778007312164,PUT,0,0,chordKey_16_54,clients=50
1778007312165,PUT_HOP,0,2,chordKey_29_78,
1778007312165,GET,36,2,chordKey_40_69,clients=50
1778007312166,PUT,0,0,chordKey_40_70,clients=50
1778007312166,PUT_HOP,0,2,chordKey_10_94,
1778007312166,GET,31,2,chordKey_29_78,clients=50
1778007312167,PUT,0,0,chordKey_29_79,clients=50
1778007312168,GET,32,2,chordKey_10_94,clients=50
1778007312168,GET,31,2,chordKey_31_71,clients=50
1778007312168,PUT,0,0,chordKey_10_95,clients=50
1778007312169,PUT_HOP,0,2,chordKey_22_75,
1778007312169,PUT,0,0,chordKey_31_72,clients=50
1778007312169,PUT_HOP,0,2,chordKey_7_59,
1778007312169,PUT_HOP,0,2,chordKey_31_71,
1778007312169,PUT_HOP,0,2,chordKey_19_43,
1778007312170,PUT_HOP,0,2,chordKey_13_44,
1778007312171,GET,32,2,chordKey_22_75,clients=50
1778007312171,PUT_HOP,0,2,chordKey_14_96,
1778007312172,PUT,0,0,chordKey_22_76,clients=50
1778007312172,GET,31,2,chordKey_13_44,clients=50
1778007312172,PUT_HOP,0,2,chordKey_36_87,
1778007312173,PUT,0,0,chordKey_13_45,clients=50
1778007312173,GET,33,2,chordKey_7_59,clients=50
1778007312173,GET,31,2,chordKey_36_87,clients=50
1778007312174,GET,32,2,chordKey_19_43,clients=50
1778007312174,PUT,0,0,chordKey_36_88,clients=50
1778007312174,PUT,0,0,chordKey_7_60,clients=50
1778007312174,PUT,0,0,chordKey_19_44,clients=50
1778007312174,GET,32,2,chordKey_14_96,clients=50
1778007312175,PUT_HOP,0,2,chordKey_28_93,
1778007312175,PUT,0,0,chordKey_14_97,clients=50
1778007312176,PUT_HOP,0,2,chordKey_39_79,
1778007312177,PUT_HOP,0,2,chordKey_21_84,
1778007312177,GET,32,2,chordKey_28_93,clients=50
1778007312177,GET,32,2,chordKey_39_79,clients=50
1778007312178,PUT,0,0,chordKey_28_94,clients=50
1778007312178,PUT,0,0,chordKey_39_80,clients=50
1778007312179,GET,32,2,chordKey_21_84,clients=50
1778007312179,PUT_HOP,0,2,chordKey_44_60,
1778007312179,PUT,0,0,chordKey_21_85,clients=50
1778007312179,PUT_HOP,0,2,chordKey_1_89,
1778007312180,PUT_HOP,0,2,chordKey_8_72,
1778007312181,GET,32,2,chordKey_8_72,clients=50
1778007312181,PUT_HOP,0,2,chordKey_11_39,
1778007312181,PUT,0,0,chordKey_8_73,clients=50
1778007312182,GET,33,2,chordKey_44_60,clients=50
1778007312183,PUT,0,0,chordKey_44_61,clients=50
1778007312183,GET,34,2,chordKey_1_89,clients=50
1778007312184,GET,33,2,chordKey_11_39,clients=50
1778007312184,PUT,0,0,chordKey_1_90,clients=50
1778007312184,PUT_HOP,0,2,chordKey_2_56,
1778007312184,PUT,0,0,chordKey_11_40,clients=50
1778007312184,PUT_HOP,0,2,chordKey_33_97,
1778007312185,GET,34,2,chordKey_33_97,clients=50
1778007312186,PUT,0,0,chordKey_33_98,clients=50
1778007312186,PUT_HOP,0,2,chordKey_27_79,
1778007312187,GET,35,2,chordKey_2_56,clients=50
1778007312188,PUT,0,0,chordKey_2_57,clients=50
1778007312188,PUT_HOP,0,2,chordKey_24_78,
1778007312188,GET,36,2,chordKey_27_79,clients=50
1778007312190,PUT,0,0,chordKey_27_80,clients=50
1778007312190,GET,37,2,chordKey_24_78,clients=50
1778007312190,PUT_HOP,0,2,chordKey_30_92,
1778007312191,PUT,0,0,chordKey_24_79,clients=50
1778007312192,PUT_HOP,0,2,chordKey_47_67,
1778007312192,GET,37,2,chordKey_30_92,clients=50
1778007312192,PUT,0,0,chordKey_30_93,clients=50
1778007312193,GET,35,2,chordKey_47_67,clients=50
1778007312193,PUT,0,0,chordKey_47_68,clients=50
1778007312193,PUT_HOP,0,2,chordKey_5_92,
1778007312195,PUT_HOP,0,2,chordKey_49_78,
1778007312196,GET,37,2,chordKey_5_92,clients=50
1778007312196,PUT_HOP,0,2,chordKey_18_96,
1778007312197,PUT,0,0,chordKey_5_93,clients=50
1778007312198,GET,36,2,chordKey_18_96,clients=50
1778007312198,PUT_HOP,0,2,chordKey_17_66,
1778007312198,GET,36,2,chordKey_49_78,clients=50
1778007312198,PUT,0,0,chordKey_18_97,clients=50
1778007312198,PUT_HOP,0,2,chordKey_25_46,
1778007312198,PUT,0,0,chordKey_49_79,clients=50
1778007312200,GET,38,2,chordKey_17_66,clients=50
1778007312201,PUT,0,0,chordKey_17_67,clients=50
1778007312202,PUT_HOP,0,2,chordKey_16_54,
1778007312201,GET,38,2,chordKey_25_46,clients=50
1778007312202,PUT,0,0,chordKey_25_47,clients=50
1778007312203,GET,38,2,chordKey_16_54,clients=50
1778007312203,PUT_HOP,0,2,chordKey_40_70,
1778007312203,PUT,0,0,chordKey_16_55,clients=50
1778007312205,GET,38,2,chordKey_40_70,clients=50
1778007312205,PUT_HOP,0,2,chordKey_29_79,
1778007312205,PUT,0,0,chordKey_40_71,clients=50
1778007312206,GET,38,2,chordKey_29_79,clients=50
1778007312207,PUT_HOP,0,2,chordKey_10_95,
1778007312207,PUT,0,0,chordKey_29_80,clients=50
1778007312207,PUT_HOP,0,2,chordKey_31_72,
1778007312208,GET,39,2,chordKey_10_95,clients=50
1778007312208,PUT,0,0,chordKey_10_96,clients=50
1778007312209,PUT_HOP,0,2,chordKey_22_76,
1778007312209,GET,39,2,chordKey_31_72,clients=50
1778007312209,PUT,0,0,chordKey_31_73,clients=50
1778007312210,PUT_HOP,0,2,chordKey_13_45,
1778007312211,PUT_HOP,0,2,chordKey_7_60,
1778007312212,GET,39,2,chordKey_22_76,clients=50
1778007312212,PUT_HOP,0,2,chordKey_36_88,
1778007312212,GET,39,2,chordKey_13_45,clients=50
1778007312212,PUT_HOP,0,2,chordKey_19_44,
1778007312213,PUT,0,0,chordKey_22_77,clients=50
1778007312213,PUT_HOP,0,2,chordKey_14_97,
1778007312213,PUT,0,0,chordKey_13_46,clients=50
1778007312213,GET,38,2,chordKey_7_60,clients=50
1778007312213,GET,38,2,chordKey_36_88,clients=50
1778007312214,PUT,0,0,chordKey_7_61,clients=50
1778007312214,PUT_HOP,0,2,chordKey_28_94,
1778007312214,GET,38,2,chordKey_19_44,clients=50
1778007312214,GET,38,2,chordKey_14_97,clients=50
1778007312215,PUT_HOP,0,2,chordKey_39_80,
1778007312214,PUT,0,0,chordKey_36_89,clients=50
1778007312215,PUT,0,0,chordKey_14_98,clients=50
1778007312215,PUT,0,0,chordKey_19_45,clients=50
1778007312217,GET,39,2,chordKey_28_94,clients=50
1778007312218,PUT_HOP,0,2,chordKey_21_85,
1778007312218,PUT,0,0,chordKey_28_95,clients=50
1778007312219,GET,40,2,chordKey_39_80,clients=50
1778007312219,PUT_HOP,0,2,chordKey_8_73,
1778007312219,GET,39,2,chordKey_21_85,clients=50
1778007312219,PUT,0,0,chordKey_39_81,clients=50
1778007312220,PUT,0,0,chordKey_21_86,clients=50
1778007312220,GET,38,2,chordKey_8_73,clients=50
1778007312221,PUT_HOP,0,2,chordKey_44_61,
1778007312221,PUT,0,0,chordKey_8_74,clients=50
1778007312222,GET,38,2,chordKey_44_61,clients=50
1778007312222,PUT_HOP,0,2,chordKey_1_90,
1778007312222,PUT,0,0,chordKey_44_62,clients=50
1778007312223,PUT_HOP,0,2,chordKey_11_40,
1778007312223,GET,38,2,chordKey_1_90,clients=50
1778007312223,PUT,0,0,chordKey_1_91,clients=50
1778007312224,GET,39,2,chordKey_11_40,clients=50
1778007312224,PUT_HOP,0,2,chordKey_33_98,
1778007312224,PUT,0,0,chordKey_11_41,clients=50
1778007312225,PUT_HOP,0,2,chordKey_2_57,
1778007312225,GET,38,2,chordKey_33_98,clients=50
1778007312225,PUT,0,0,chordKey_33_99,clients=50
1778007312227,GET,38,2,chordKey_2_57,clients=50
1778007312227,GET,36,2,chordKey_27_80,clients=50
1778007312227,PUT_HOP,0,2,chordKey_27_80,
1778007312227,PUT,0,0,chordKey_2_58,clients=50
1778007312227,PUT,0,0,chordKey_27_81,clients=50
1778007312228,PUT_HOP,0,2,chordKey_24_79,
1778007312228,GET,35,2,chordKey_30_93,clients=50
1778007312228,GET,36,2,chordKey_24_79,clients=50
1778007312229,PUT,0,0,chordKey_30_94,clients=50
1778007312229,PUT,0,0,chordKey_24_80,clients=50
1778007312229,PUT_HOP,0,2,chordKey_30_93,
1778007312230,PUT_HOP,0,2,chordKey_47_68,
1778007312230,GET,37,2,chordKey_47_68,clients=50
1778007312231,PUT,0,0,chordKey_47_69,clients=50
1778007312231,PUT_HOP,0,2,chordKey_5_93,
1778007312233,GET,35,2,chordKey_5_93,clients=50
1778007312233,PUT,0,0,chordKey_5_94,clients=50
1778007312233,PUT_HOP,0,2,chordKey_18_97,
1778007312234,PUT_HOP,0,2,chordKey_49_79,
1778007312235,GET,35,2,chordKey_49_79,clients=50
1778007312235,GET,36,2,chordKey_18_97,clients=50
1778007312235,PUT,0,0,chordKey_49_80,clients=50
1778007312236,PUT_HOP,0,2,chordKey_17_67,
1778007312236,PUT,0,0,chordKey_18_98,clients=50
1778007312237,GET,35,2,chordKey_17_67,clients=50
1778007312237,PUT_HOP,0,2,chordKey_25_47,
1778007312237,PUT,0,0,chordKey_17_68,clients=50
1778007312238,PUT_HOP,0,2,chordKey_16_55,
1778007312238,GET,35,2,chordKey_25_47,clients=50
1778007312239,PUT,0,0,chordKey_25_48,clients=50
1778007312239,GET,35,2,chordKey_16_55,clients=50
1778007312240,PUT_HOP,0,2,chordKey_40_71,
1778007312240,PUT,0,0,chordKey_16_56,clients=50
1778007312240,PUT_HOP,0,2,chordKey_29_80,
1778007312241,GET,35,2,chordKey_40_71,clients=50
1778007312242,GET,34,2,chordKey_29_80,clients=50
1778007312242,PUT_HOP,0,2,chordKey_10_96,
1778007312242,PUT,0,0,chordKey_40_72,clients=50
1778007312242,PUT,0,0,chordKey_29_81,clients=50
1778007312243,PUT_HOP,0,2,chordKey_31_73,
1778007312244,GET,34,2,chordKey_10_96,clients=50
1778007312244,PUT,0,0,chordKey_10_97,clients=50
1778007312245,GET,35,2,chordKey_31_73,clients=50
1778007312246,PUT_HOP,0,2,chordKey_22_77,
1778007312246,PUT,0,0,chordKey_31_74,clients=50
1778007312246,PUT_HOP,0,2,chordKey_13_46,
1778007312247,GET,33,2,chordKey_22_77,clients=50
1778007312247,PUT,0,0,chordKey_22_78,clients=50
1778007312247,PUT_HOP,0,2,chordKey_7_61,
1778007312248,GET,34,2,chordKey_13_46,clients=50
1778007312248,PUT_HOP,0,2,chordKey_36_89,
1778007312248,PUT,0,0,chordKey_13_47,clients=50
1778007312248,PUT_HOP,0,2,chordKey_19_45,
1778007312249,GET,34,2,chordKey_7_61,clients=50
1778007312249,PUT_HOP,0,2,chordKey_14_98,
1778007312249,PUT,0,0,chordKey_7_62,clients=50
1778007312250,GET,34,2,chordKey_14_98,clients=50
1778007312250,GET,34,2,chordKey_36_89,clients=50
1778007312250,PUT_HOP,0,2,chordKey_28_95,
1778007312251,GET,34,2,chordKey_19_45,clients=50
1778007312250,PUT,0,0,chordKey_14_99,clients=50
1778007312251,PUT,0,0,chordKey_19_46,clients=50
1778007312251,PUT,0,0,chordKey_36_90,clients=50
1778007312252,PUT_HOP,0,2,chordKey_39_81,
1778007312252,PUT_HOP,0,2,chordKey_21_86,
1778007312253,GET,34,2,chordKey_28_95,clients=50
1778007312253,GET,33,2,chordKey_39_81,clients=50
1778007312253,PUT,0,0,chordKey_28_96,clients=50
1778007312254,PUT,0,0,chordKey_39_82,clients=50
1778007312254,PUT_HOP,0,2,chordKey_8_74,
1778007312254,GET,34,2,chordKey_21_86,clients=50
1778007312255,PUT,0,0,chordKey_21_87,clients=50
1778007312255,PUT_HOP,0,2,chordKey_44_62,
1778007312256,PUT_HOP,0,2,chordKey_1_91,
1778007312256,GET,34,2,chordKey_8_74,clients=50
1778007312257,PUT,0,0,chordKey_8_75,clients=50
1778007312257,GET,34,2,chordKey_44_62,clients=50
1778007312257,GET,33,2,chordKey_1_91,clients=50
1778007312258,PUT,0,0,chordKey_1_92,clients=50
1778007312258,PUT_HOP,0,2,chordKey_11_41,
1778007312258,PUT,0,0,chordKey_44_63,clients=50
1778007312259,GET,34,2,chordKey_11_41,clients=50
1778007312259,PUT_HOP,0,2,chordKey_33_99,
1778007312259,PUT,0,0,chordKey_11_42,clients=50
1778007312260,GET,34,2,chordKey_33_99,clients=50
1778007312260,PUT_HOP,0,2,chordKey_27_81,
1778007312261,PUT_HOP,0,2,chordKey_2_58,
1778007312261,GET,33,2,chordKey_27_81,clients=50
1778007312262,PUT,0,0,chordKey_27_82,clients=50
1778007312262,PUT_HOP,0,2,chordKey_30_94,
1778007312263,GET,35,2,chordKey_2_58,clients=50
1778007312263,PUT_HOP,0,2,chordKey_24_80,
1778007312263,PUT,0,0,chordKey_2_59,clients=50
1778007312264,GET,34,2,chordKey_30_94,clients=50
1778007312264,GET,34,2,chordKey_24_80,clients=50
1778007312264,PUT_HOP,0,2,chordKey_47_69,
1778007312264,PUT,0,0,chordKey_30_95,clients=50
1778007312265,PUT,0,0,chordKey_24_81,clients=50
1778007312265,GET,33,2,chordKey_47_69,clients=50
1778007312266,PUT,0,0,chordKey_47_70,clients=50
1778007312267,PUT_HOP,0,2,chordKey_5_94,
1778007312267,GET,33,2,chordKey_5_94,clients=50
1778007312268,PUT,0,0,chordKey_5_95,clients=50
1778007312268,PUT_HOP,0,2,chordKey_49_80,
1778007312269,PUT_HOP,0,2,chordKey_18_98,
1778007312270,GET,34,2,chordKey_49_80,clients=50
1778007312270,PUT,0,0,chordKey_49_81,clients=50
1778007312271,GET,34,2,chordKey_18_98,clients=50
1778007312271,PUT_HOP,0,2,chordKey_17_68,
1778007312272,PUT,0,0,chordKey_18_99,clients=50
1778007312273,GET,35,2,chordKey_17_68,clients=50
1778007312274,PUT_HOP,0,2,chordKey_25_48,
1778007312274,PUT,0,0,chordKey_17_69,clients=50
1778007312274,PUT_HOP,0,2,chordKey_16_56,
1778007312275,GET,36,2,chordKey_25_48,clients=50
1778007312276,PUT,0,0,chordKey_25_49,clients=50
1778007312276,GET,35,2,chordKey_16_56,clients=50
1778007312277,PUT,0,0,chordKey_16_57,clients=50
1778007312277,PUT_HOP,0,2,chordKey_29_81,
1778007312277,PUT_HOP,0,2,chordKey_40_72,
1778007312279,GET,36,2,chordKey_40_72,clients=50
1778007312279,PUT_HOP,0,2,chordKey_10_97,
1778007312279,GET,36,2,chordKey_29_81,clients=50
1778007312279,PUT,0,0,chordKey_40_73,clients=50
1778007312280,GET,35,2,chordKey_10_97,clients=50
1778007312279,PUT,0,0,chordKey_29_82,clients=50
1778007312280,PUT,0,0,chordKey_10_98,clients=50
1778007312281,PUT_HOP,0,2,chordKey_31_74,
1778007312282,PUT_HOP,0,2,chordKey_22_78,
1778007312282,GET,35,2,chordKey_31_74,clients=50
1778007312283,PUT,0,0,chordKey_31_75,clients=50
1778007312283,GET,35,2,chordKey_22_78,clients=50
1778007312284,PUT,0,0,chordKey_22_79,clients=50
1778007312284,GET,35,2,chordKey_13_47,clients=50
1778007312284,PUT_HOP,0,2,chordKey_7_62,
1778007312284,PUT_HOP,0,2,chordKey_13_47,
1778007312285,PUT,0,0,chordKey_13_48,clients=50
1778007312285,PUT_HOP,0,2,chordKey_14_99,
1778007312285,PUT_HOP,0,2,chordKey_36_90,
1778007312286,GET,35,2,chordKey_7_62,clients=50
1778007312286,PUT,0,0,chordKey_7_63,clients=50
1778007312287,PUT_HOP,0,2,chordKey_19_46,
1778007312287,GET,35,2,chordKey_14_99,clients=50
1778007312287,PUT_HOP,0,2,chordKey_28_96,
1778007312287,GET,35,2,chordKey_19_46,clients=50
1778007312289,PUT_HOP,0,2,chordKey_39_82,
1778007312287,GET,35,2,chordKey_36_90,clients=50
1778007312290,PUT_HOP,0,2,chordKey_21_87,
1778007312290,GET,36,2,chordKey_39_82,clients=50
1778007312290,PUT,0,0,chordKey_19_47,clients=50
1778007312290,GET,36,2,chordKey_28_96,clients=50
1778007312292,PUT,0,0,chordKey_28_97,clients=50
1778007312291,PUT,0,0,chordKey_39_83,clients=50
1778007312290,PUT,0,0,chordKey_36_91,clients=50
1778007312293,PUT_HOP,0,2,chordKey_44_63,
1778007312293,GET,35,2,chordKey_8_75,clients=50
1778007312294,PUT_HOP,0,2,chordKey_11_42,
1778007312294,PUT,0,0,chordKey_8_76,clients=50
1778007312294,PUT_HOP,0,2,chordKey_8_75,
1778007312292,GET,37,2,chordKey_21_87,clients=50
1778007312293,GET,35,2,chordKey_1_92,clients=50
1778007312295,PUT_HOP,0,2,chordKey_1_92,
1778007312295,PUT,0,0,chordKey_21_88,clients=50
1778007312295,PUT,0,0,chordKey_1_93,clients=50
1778007312295,PUT_HOP,0,2,chordKey_27_82,
1778007312295,GET,36,2,chordKey_44_63,clients=50
1778007312296,GET,36,2,chordKey_11_42,clients=50
1778007312296,PUT,0,0,chordKey_44_64,clients=50
1778007312296,PUT,0,0,chordKey_11_43,clients=50
1778007312297,GET,35,2,chordKey_27_82,clients=50
1778007312297,PUT_HOP,0,2,chordKey_2_59,
1778007312298,PUT,0,0,chordKey_27_83,clients=50
1778007312298,GET,34,2,chordKey_2_59,clients=50
1778007312299,PUT,0,0,chordKey_2_60,clients=50
1778007312299,PUT_HOP,0,2,chordKey_24_81,
1778007312299,PUT_HOP,0,2,chordKey_30_95,
1778007312301,PUT_HOP,0,2,chordKey_47_70,
1778007312301,GET,35,2,chordKey_30_95,clients=50
1778007312301,PUT,0,0,chordKey_30_96,clients=50
1778007312302,GET,36,2,chordKey_24_81,clients=50
1778007312302,PUT,0,0,chordKey_24_82,clients=50
1778007312304,GET,37,2,chordKey_47_70,clients=50
1778007312304,PUT_HOP,0,2,chordKey_5_95,
1778007312304,PUT,0,0,chordKey_47_71,clients=50
1778007312304,GET,36,2,chordKey_5_95,clients=50
1778007312305,PUT_HOP,0,2,chordKey_49_81,
1778007312305,PUT,0,0,chordKey_5_96,clients=50
1778007312306,GET,34,2,chordKey_49_81,clients=50
1778007312306,GET,34,2,chordKey_18_99,clients=50
1778007312306,PUT_HOP,0,2,chordKey_17_69,
1778007312306,PUT,0,0,chordKey_49_82,clients=50
1778007312307,PUT_HOP,0,2,chordKey_18_99,
1778007312308,PUT_HOP,0,2,chordKey_25_49,
1778007312308,GET,33,2,chordKey_17_69,clients=50
1778007312308,PUT,0,0,chordKey_17_70,clients=50
1778007312309,GET,33,2,chordKey_25_49,clients=50
1778007312309,PUT_HOP,0,2,chordKey_16_57,
1778007312309,PUT,0,0,chordKey_25_50,clients=50
1778007312313,PUT_HOP,0,2,chordKey_29_82,
1778007312314,GET,36,2,chordKey_16_57,clients=50
1778007312314,PUT_HOP,0,2,chordKey_40_73,
1778007312314,PUT,0,0,chordKey_16_58,clients=50
1778007312316,GET,36,2,chordKey_40_73,clients=50
1778007312316,PUT_HOP,0,2,chordKey_10_98,
1778007312317,PUT,0,0,chordKey_40_74,clients=50
1778007312318,PUT_HOP,0,2,chordKey_31_75,
1778007312317,GET,36,2,chordKey_10_98,clients=50
1778007312318,GET,37,2,chordKey_29_82,clients=50
1778007312318,PUT_HOP,0,2,chordKey_22_79,
1778007312318,PUT,0,0,chordKey_29_83,clients=50
1778007312318,PUT,0,0,chordKey_10_99,clients=50
1778007312320,GET,35,2,chordKey_22_79,clients=50
1778007312320,PUT,0,0,chordKey_22_80,clients=50
1778007312320,PUT_HOP,0,2,chordKey_13_48,
1778007312320,GET,37,2,chordKey_31_75,clients=50
1778007312321,PUT,0,0,chordKey_31_76,clients=50
1778007312322,GET,36,2,chordKey_13_48,clients=50
1778007312322,GET,35,2,chordKey_7_63,clients=50
1778007312322,PUT_HOP,0,2,chordKey_19_47,
1778007312322,PUT,0,0,chordKey_13_49,clients=50
1778007312323,PUT,0,0,chordKey_7_64,clients=50
1778007312323,PUT_HOP,0,2,chordKey_7_63,
1778007312324,PUT_HOP,0,2,chordKey_36_91,
1778007312324,PUT_HOP,0,2,chordKey_28_97,
1778007312325,PUT_HOP,0,2,chordKey_39_83,
1778007312326,GET,34,2,chordKey_28_97,clients=50
1778007312326,GET,35,2,chordKey_19_47,clients=50
1778007312327,PUT,0,0,chordKey_28_98,clients=50
1778007312327,GET,34,2,chordKey_39_83,clients=50
1778007312327,PUT,0,0,chordKey_19_48,clients=50
1778007312328,PUT_HOP,0,2,chordKey_21_88,
1778007312328,PUT,0,0,chordKey_39_84,clients=50
1778007312328,GET,34,2,chordKey_8_76,clients=50
1778007312329,PUT_HOP,0,2,chordKey_8_76,
1778007312329,GET,35,2,chordKey_36_91,clients=50
1778007312329,PUT,0,0,chordKey_8_77,clients=50
1778007312329,PUT,0,0,chordKey_36_92,clients=50
1778007312330,GET,34,2,chordKey_1_93,clients=50
1778007312331,PUT,0,0,chordKey_1_94,clients=50
1778007312331,PUT_HOP,0,2,chordKey_1_93,
1778007312331,GET,35,2,chordKey_21_88,clients=50
1778007312331,PUT_HOP,0,2,chordKey_44_64,
1778007312331,PUT_HOP,0,2,chordKey_11_43,
1778007312332,PUT,0,0,chordKey_21_89,clients=50
1778007312332,GET,35,2,chordKey_44_64,clients=50
1778007312332,PUT_HOP,0,2,chordKey_27_83,
1778007312332,GET,35,2,chordKey_11_43,clients=50
1778007312333,PUT,0,0,chordKey_44_65,clients=50
1778007312333,PUT_HOP,0,2,chordKey_2_60,
1778007312333,PUT,0,0,chordKey_11_44,clients=50
1778007312333,GET,35,2,chordKey_27_83,clients=50
1778007312334,GET,34,2,chordKey_2_60,clients=50
1778007312334,PUT_HOP,0,2,chordKey_30_96,
1778007312334,PUT,0,0,chordKey_27_84,clients=50
1778007312334,PUT,0,0,chordKey_2_61,clients=50
1778007312335,PUT_HOP,0,2,chordKey_24_82,
1778007312336,GET,34,2,chordKey_30_96,clients=50
1778007312337,GET,34,2,chordKey_24_82,clients=50
1778007312337,PUT,0,0,chordKey_30_97,clients=50
1778007312337,PUT_HOP,0,2,chordKey_47_71,
1778007312337,PUT,0,0,chordKey_24_83,clients=50
1778007312338,PUT_HOP,0,2,chordKey_5_96,
1778007312338,GET,34,2,chordKey_47_71,clients=50
1778007312339,PUT,0,0,chordKey_47_72,clients=50
1778007312339,PUT_HOP,0,2,chordKey_13_49,
1778007312340,GET,34,2,chordKey_5_96,clients=50
1778007312341,PUT_HOP,0,2,chordKey_49_82,
1778007312340,GET,17,2,chordKey_13_49,clients=50
1778007312341,PUT_HOP,0,2,chordKey_17_70,
1778007312341,PUT,0,0,chordKey_5_97,clients=50
1778007312341,GET,34,2,chordKey_49_82,clients=50
1778007312342,PUT_HOP,0,2,chordKey_25_50,
1778007312341,PUT,0,0,chordKey_13_50,clients=50
1778007312342,PUT,0,0,chordKey_49_83,clients=50
1778007312342,GET,33,2,chordKey_17_70,clients=50
1778007312343,GET,33,2,chordKey_25_50,clients=50
1778007312343,PUT,0,0,chordKey_17_71,clients=50
1778007312344,PUT,0,0,chordKey_25_51,clients=50
1778007312344,PUT_HOP,0,2,chordKey_16_58,
1778007312345,GET,30,2,chordKey_16_58,clients=50
1778007312346,PUT,0,0,chordKey_16_59,clients=50
1778007312348,PUT_HOP,0,2,chordKey_10_99,
1778007312348,PUT_HOP,0,2,chordKey_40_74,
1778007312349,GET,31,2,chordKey_40_74,clients=50
1778007312350,PUT_HOP,0,2,chordKey_29_83,
1778007312350,PUT,0,0,chordKey_40_75,clients=50
1778007312350,GET,31,2,chordKey_29_83,clients=50
1778007312351,PUT_HOP,0,2,chordKey_22_80,
1778007312351,PUT,0,0,chordKey_29_84,clients=50
1778007312351,GET,32,2,chordKey_10_99,clients=50
1778007312352,PUT_HOP,0,2,chordKey_31_76,
1778007312352,GET,31,2,chordKey_22_80,clients=50
1778007312353,PUT,0,0,chordKey_22_81,clients=50
1778007312353,GET,31,2,chordKey_31_76,clients=50
1778007312354,PUT_HOP,0,2,chordKey_7_64,
1778007312354,PUT,0,0,chordKey_31_77,clients=50
1778007312355,GET,31,2,chordKey_7_64,clients=50
1778007312355,PUT_HOP,0,2,chordKey_28_98,
1778007312355,PUT,0,0,chordKey_7_65,clients=50
1778007312355,PUT_HOP,0,2,chordKey_19_48,
1778007312357,GET,29,2,chordKey_28_98,clients=50
1778007312357,GET,29,2,chordKey_19_48,clients=50
1778007312358,PUT_HOP,0,2,chordKey_39_84,
1778007312358,PUT,0,0,chordKey_28_99,clients=50
1778007312358,PUT,0,0,chordKey_19_49,clients=50
1778007312358,PUT_HOP,0,2,chordKey_8_77,
1778007312359,GET,30,2,chordKey_39_84,clients=50
1778007312359,PUT_HOP,0,2,chordKey_36_92,
1778007312360,PUT,0,0,chordKey_39_85,clients=50
1778007312360,GET,30,2,chordKey_8_77,clients=50
1778007312361,GET,31,2,chordKey_36_92,clients=50
1778007312361,PUT_HOP,0,2,chordKey_1_94,
1778007312361,PUT,0,0,chordKey_8_78,clients=50
1778007312361,PUT_HOP,0,2,chordKey_21_89,
1778007312361,PUT,0,0,chordKey_36_93,clients=50
1778007312362,GET,31,2,chordKey_1_94,clients=50
1778007312362,PUT_HOP,0,2,chordKey_44_65,
1778007312363,GET,30,2,chordKey_21_89,clients=50
1778007312363,PUT_HOP,0,2,chordKey_11_44,
1778007312363,PUT,0,0,chordKey_1_95,clients=50
1778007312363,PUT_HOP,0,2,chordKey_27_84,
1778007312363,PUT,0,0,chordKey_21_90,clients=50
1778007312364,GET,30,2,chordKey_11_44,clients=50
1778007312365,PUT,0,0,chordKey_11_45,clients=50
1778007312365,PUT_HOP,0,2,chordKey_2_61,
1778007312365,GET,31,2,chordKey_44_65,clients=50
1778007312366,GET,30,2,chordKey_2_61,clients=50
1778007312366,PUT_HOP,0,2,chordKey_24_83,
1778007312366,GET,31,2,chordKey_27_84,clients=50
1778007312367,PUT_HOP,0,2,chordKey_30_97,
1778007312371,PUT,0,0,chordKey_2_62,clients=50
1778007312368,GET,29,2,chordKey_24_83,clients=50
1778007312373,PUT,0,0,chordKey_24_84,clients=50
1778007312367,GET,29,2,chordKey_30_97,clients=50
1778007312373,PUT_HOP,0,2,chordKey_5_97,
1778007312366,PUT,0,0,chordKey_44_66,clients=50
1778007312374,PUT,0,0,chordKey_30_98,clients=50
1778007312374,PUT_HOP,0,2,chordKey_13_50,
1778007312373,GET,33,2,chordKey_47_72,clients=50
1778007312375,PUT,0,0,chordKey_47_73,clients=50
1778007312371,PUT,0,0,chordKey_27_85,clients=50
1778007312375,GET,32,2,chordKey_13_50,clients=50
1778007312376,PUT_HOP,0,2,chordKey_25_51,
1778007312374,GET,32,2,chordKey_5_97,clients=50
1778007312376,PUT,0,0,chordKey_13_51,clients=50
1778007312377,GET,34,2,chordKey_49_83,clients=50
1778007312377,PUT,0,0,chordKey_5_98,clients=50
1778007312377,PUT,0,0,chordKey_49_84,clients=50
1778007312378,GET,34,2,chordKey_17_71,clients=50
1778007312379,PUT,0,0,chordKey_17_72,clients=50
1778007312379,PUT_HOP,0,2,chordKey_47_72,
1778007312379,PUT_HOP,0,2,chordKey_16_59,
1778007312380,PUT_HOP,0,2,chordKey_49_83,
1778007312381,PUT_HOP,0,2,chordKey_17_71,
1778007312382,GET,38,2,chordKey_25_51,clients=50
1778007312382,GET,36,2,chordKey_16_59,clients=50
1778007312383,PUT,0,0,chordKey_25_52,clients=50
1778007312383,PUT,0,0,chordKey_16_60,clients=50
1778007312384,PUT_HOP,0,2,chordKey_40_75,
1778007312384,PUT_HOP,0,2,chordKey_29_84,
1778007312385,PUT_HOP,0,2,chordKey_22_81,
1778007312385,GET,34,2,chordKey_40_75,clients=50
1778007312385,GET,33,2,chordKey_29_84,clients=50
1778007312386,PUT_HOP,0,2,chordKey_31_77,
1778007312386,PUT,0,0,chordKey_40_76,clients=50
1778007312386,PUT,0,0,chordKey_29_85,clients=50
1778007312387,GET,27,2,chordKey_39_85,clients=50
1778007312387,PUT_HOP,0,2,chordKey_7_65,
1778007312388,PUT,0,0,chordKey_39_86,clients=50
1778007312388,PUT_HOP,0,2,chordKey_19_49,
1778007312390,PUT_HOP,0,2,chordKey_36_93,
1778007312391,GET,32,2,chordKey_28_99,clients=50
1778007312393,GET,39,2,chordKey_22_81,clients=50
1778007312393,GET,34,2,chordKey_19_49,clients=50
1778007312394,PUT,0,0,chordKey_22_82,clients=50
1778007312394,PUT_HOP,0,2,chordKey_8_78,
1778007312394,PUT,0,0,chordKey_19_50,clients=50
1778007312394,GET,38,2,chordKey_7_65,clients=50
1778007312395,PUT,0,0,chordKey_7_66,clients=50
1778007312397,PUT_HOP,0,2,chordKey_28_99,
1778007312397,GET,42,2,chordKey_31_77,clients=50
1778007312397,PUT,0,0,chordKey_31_78,clients=50
1778007312398,PUT_HOP,0,2,chordKey_39_85,
1778007312398,GET,36,2,chordKey_8_78,clients=50
1778007312398,PUT_HOP,0,2,chordKey_1_95,
1778007312398,PUT,0,0,chordKey_8_79,clients=50
1778007312399,GET,37,2,chordKey_36_93,clients=50
1778007312399,PUT,0,0,chordKey_36_94,clients=50
1778007312400,PUT_HOP,0,2,chordKey_21_90,
1778007312401,GET,37,2,chordKey_1_95,clients=50
1778007312401,PUT,0,0,chordKey_1_96,clients=50
1778007312402,PUT_HOP,0,2,chordKey_11_45,
1778007312403,GET,39,2,chordKey_21_90,clients=50
1778007312403,PUT,0,0,chordKey_21_91,clients=50
1778007312404,GET,38,2,chordKey_11_45,clients=50
1778007312404,PUT_HOP,0,2,chordKey_44_66,
1778007312405,PUT,0,0,chordKey_11_46,clients=50
1778007312405,PUT_HOP,0,2,chordKey_2_62,
1778007312407,PUT_HOP,0,2,chordKey_40_76,
1778007312407,PUT_HOP,0,2,chordKey_27_85,
1778007312410,PUT_HOP,0,2,chordKey_24_84,
1778007312410,PUT_HOP,0,2,chordKey_47_73,
1778007312411,GET,24,2,chordKey_40_76,clients=50
1778007312411,GET,38,2,chordKey_2_62,clients=50
1778007312411,PUT,0,0,chordKey_40_77,clients=50
1778007312412,PUT,0,0,chordKey_2_63,clients=50
1778007312412,PUT_HOP,0,2,chordKey_30_98,
1778007312412,GET,39,2,chordKey_24_84,clients=50
1778007312413,PUT,0,0,chordKey_24_85,clients=50
1778007312413,GET,39,2,chordKey_44_66,clients=50
1778007312413,PUT,0,0,chordKey_44_67,clients=50
1778007312414,PUT_HOP,0,2,chordKey_13_51,
1778007312414,GET,38,2,chordKey_27_85,clients=50
1778007312415,PUT_HOP,0,2,chordKey_49_84,
1778007312415,PUT,0,0,chordKey_27_86,clients=50
1778007312415,GET,39,2,chordKey_47_73,clients=50
1778007312416,PUT,0,0,chordKey_47_74,clients=50
1778007312417,PUT_HOP,0,2,chordKey_5_98,
1778007312417,GET,42,2,chordKey_30_98,clients=50
1778007312417,GET,40,2,chordKey_13_51,clients=50
1778007312417,PUT,0,0,chordKey_30_99,clients=50
1778007312418,PUT,0,0,chordKey_13_52,clients=50
1778007312419,GET,41,2,chordKey_5_98,clients=50
1778007312420,PUT,0,0,chordKey_5_99,clients=50
1778007312420,GET,40,2,chordKey_17_72,clients=50
1778007312419,GET,41,2,chordKey_49_84,clients=50
1778007312421,PUT_HOP,0,2,chordKey_17_72,
1778007312421,PUT,0,0,chordKey_17_73,clients=50
1778007312421,PUT,0,0,chordKey_49_85,clients=50
1778007312422,PUT_HOP,0,2,chordKey_25_52,
1778007312423,PUT_HOP,0,2,chordKey_16_60,
1778007312425,GET,41,2,chordKey_25_52,clients=50
1778007312425,GET,41,2,chordKey_16_60,clients=50
1778007312425,PUT_HOP,0,2,chordKey_29_85,
1778007312425,PUT,0,0,chordKey_25_53,clients=50
1778007312426,PUT,0,0,chordKey_16_61,clients=50
1778007312426,PUT_HOP,0,2,chordKey_39_86,
1778007312427,GET,38,2,chordKey_39_86,clients=50
1778007312427,PUT,0,0,chordKey_39_87,clients=50
1778007312428,GET,41,2,chordKey_29_85,clients=50
1778007312428,PUT,0,0,chordKey_29_86,clients=50
1778007312430,GET,35,2,chordKey_7_66,clients=50
1778007312431,PUT_HOP,0,2,chordKey_22_82,
1778007312431,PUT_HOP,0,2,chordKey_30_99,
1778007312431,PUT,0,0,chordKey_7_67,clients=50
1778007312432,GET,37,2,chordKey_22_82,clients=50
1778007312432,PUT_HOP,0,2,chordKey_7_66,
1778007312432,PUT_HOP,0,2,chordKey_31_78,
1778007312432,GET,13,2,chordKey_30_99,clients=50
1778007312433,PUT,0,0,chordKey_22_83,clients=50
1778007312433,PUT_HOP,0,2,chordKey_19_50,
1778007312434,GET,39,2,chordKey_19_50,clients=50
1778007312435,PUT_HOP,0,2,chordKey_8_79,
1778007312435,GET,36,2,chordKey_31_78,clients=50
1778007312435,PUT,0,0,chordKey_19_51,clients=50
1778007312435,PUT,0,0,chordKey_31_79,clients=50
1778007312436,GET,37,2,chordKey_8_79,clients=50
1778007312436,PUT,0,0,chordKey_8_80,clients=50
1778007312437,PUT_HOP,0,2,chordKey_36_94,
1778007312437,GET,36,2,chordKey_36_94,clients=50
1778007312437,PUT_HOP,0,2,chordKey_21_91,
1778007312437,PUT_HOP,0,2,chordKey_11_46,
1778007312437,PUT,0,0,chordKey_36_95,clients=50
1778007312438,PUT_HOP,0,2,chordKey_1_96,
1778007312438,GET,33,2,chordKey_11_46,clients=50
1778007312438,GET,36,2,chordKey_1_96,clients=50
1778007312439,PUT_HOP,0,2,chordKey_40_77,
1778007312439,PUT,0,0,chordKey_11_47,clients=50
1778007312439,PUT,0,0,chordKey_1_97,clients=50
1778007312440,GET,35,2,chordKey_21_91,clients=50
1778007312440,PUT,0,0,chordKey_21_92,clients=50
1778007312440,PUT_HOP,0,2,chordKey_2_63,
1778007312439,GET,27,2,chordKey_40_77,clients=50
1778007312441,PUT_HOP,0,2,chordKey_24_85,
1778007312441,GET,28,2,chordKey_2_63,clients=50
1778007312441,PUT,0,0,chordKey_40_78,clients=50
1778007312441,PUT,0,0,chordKey_2_64,clients=50
1778007312442,PUT_HOP,0,2,chordKey_44_67,
1778007312443,GET,29,2,chordKey_24_85,clients=50
1778007312443,PUT,0,0,chordKey_24_86,clients=50
1778007312443,PUT_HOP,0,2,chordKey_27_86,
1778007312444,GET,29,2,chordKey_44_67,clients=50
1778007312444,PUT,0,0,chordKey_44_68,clients=50
1778007312444,PUT_HOP,0,2,chordKey_47_74,
1778007312444,GET,29,2,chordKey_27_86,clients=50
1778007312445,PUT,0,0,chordKey_27_87,clients=50
1778007312445,GET,28,2,chordKey_47_74,clients=50
1778007312446,PUT_HOP,0,2,chordKey_13_52,
1778007312446,PUT,0,0,chordKey_47_75,clients=50
1778007312447,GET,27,2,chordKey_13_52,clients=50
1778007312447,PUT_HOP,0,2,chordKey_5_99,
1778007312447,PUT,0,0,chordKey_13_53,clients=50
1778007312448,GET,27,2,chordKey_5_99,clients=50
1778007312448,PUT_HOP,0,2,chordKey_49_85,
1778007312449,PUT_HOP,0,2,chordKey_17_73,
1778007312450,GET,28,2,chordKey_17_73,clients=50
1778007312450,GET,28,2,chordKey_49_85,clients=50
1778007312451,PUT,0,0,chordKey_17_74,clients=50
1778007312451,PUT_HOP,0,2,chordKey_25_53,
1778007312451,PUT,0,0,chordKey_49_86,clients=50
1778007312451,PUT_HOP,0,2,chordKey_11_47,
1778007312451,PUT_HOP,0,2,chordKey_16_61,
1778007312453,GET,27,2,chordKey_25_53,clients=50
1778007312453,GET,14,2,chordKey_11_47,clients=50
1778007312454,PUT,0,0,chordKey_25_54,clients=50
1778007312454,PUT_HOP,0,2,chordKey_39_87,
1778007312453,GET,27,2,chordKey_16_61,clients=50
1778007312454,PUT,0,0,chordKey_11_48,clients=50
1778007312455,PUT,0,0,chordKey_16_62,clients=50
1778007312455,PUT_HOP,0,2,chordKey_29_86,
1778007312456,GET,28,2,chordKey_39_87,clients=50
1778007312457,PUT,0,0,chordKey_39_88,clients=50
1778007312457,GET,28,2,chordKey_29_86,clients=50
1778007312458,PUT,0,0,chordKey_29_87,clients=50
1778007312459,PUT_HOP,0,2,chordKey_7_67,
1778007312460,GET,28,2,chordKey_7_67,clients=50
1778007312460,PUT_HOP,0,2,chordKey_22_83,
1778007312460,PUT,0,0,chordKey_7_68,clients=50
1778007312461,GET,27,2,chordKey_22_83,clients=50
1778007312461,PUT_HOP,0,2,chordKey_19_51,
1778007312461,PUT,0,0,chordKey_22_84,clients=50
1778007312462,PUT_HOP,0,2,chordKey_31_79,
1778007312464,GET,28,2,chordKey_19_51,clients=50
1778007312464,PUT_HOP,0,2,chordKey_8_80,
1778007312464,PUT,0,0,chordKey_19_52,clients=50
1778007312465,GET,29,2,chordKey_31_79,clients=50
1778007312465,PUT_HOP,0,2,chordKey_36_95,
1778007312465,PUT,0,0,chordKey_31_80,clients=50
1778007312465,GET,28,2,chordKey_8_80,clients=50
1778007312466,GET,28,2,chordKey_36_95,clients=50
1778007312466,PUT,0,0,chordKey_8_81,clients=50
1778007312466,PUT,0,0,chordKey_36_96,clients=50
1778007312467,PUT_HOP,0,2,chordKey_1_97,
1778007312467,PUT_HOP,0,2,chordKey_21_92,
1778007312468,GET,28,2,chordKey_1_97,clients=50
1778007312469,PUT,0,0,chordKey_1_98,clients=50
1778007312469,PUT_HOP,0,2,chordKey_2_64,
1778007312469,GET,28,2,chordKey_21_92,clients=50
1778007312470,PUT,0,0,chordKey_21_93,clients=50
1778007312470,GET,28,2,chordKey_2_64,clients=50
1778007312470,PUT_HOP,0,2,chordKey_24_86,
1778007312471,PUT,0,0,chordKey_2_65,clients=50
1778007312471,GET,27,2,chordKey_24_86,clients=50
1778007312472,PUT_HOP,0,2,chordKey_44_68,
1778007312472,PUT_HOP,0,2,chordKey_40_78,
1778007312472,GET,27,2,chordKey_44_68,clients=50
1778007312472,PUT,0,0,chordKey_24_87,clients=50
1778007312473,PUT_HOP,0,2,chordKey_27_87,
1778007312473,GET,31,2,chordKey_40_78,clients=50
1778007312473,PUT,0,0,chordKey_44_69,clients=50
1778007312474,PUT,0,0,chordKey_40_79,clients=50
1778007312474,PUT_HOP,0,2,chordKey_47_75,
1778007312475,GET,29,2,chordKey_27_87,clients=50
1778007312475,PUT,0,0,chordKey_27_88,clients=50
1778007312476,PUT_HOP,0,2,chordKey_13_53,
1778007312475,GET,29,2,chordKey_47_75,clients=50
1778007312476,PUT,0,0,chordKey_47_76,clients=50
1778007312476,GET,28,2,chordKey_13_53,clients=50
1778007312477,PUT,0,0,chordKey_13_54,clients=50
1778007312477,PUT_HOP,0,2,chordKey_17_74,
1778007312479,GET,27,2,chordKey_17_74,clients=50
1778007312479,PUT_HOP,0,2,chordKey_49_86,
1778007312479,PUT,0,0,chordKey_17_75,clients=50
1778007312480,GET,28,2,chordKey_49_86,clients=50
1778007312480,PUT_HOP,0,2,chordKey_25_54,
1778007312480,PUT,0,0,chordKey_49_87,clients=50
1778007312481,PUT_HOP,0,2,chordKey_16_62,
1778007312481,PUT_HOP,0,2,chordKey_11_48,
1778007312481,GET,26,2,chordKey_25_54,clients=50
1778007312482,PUT,0,0,chordKey_25_55,clients=50
1778007312482,GET,27,2,chordKey_16_62,clients=50
1778007312483,PUT,0,0,chordKey_16_63,clients=50
1778007312483,PUT_HOP,0,2,chordKey_39_88,
1778007312484,GET,29,2,chordKey_11_48,clients=50
1778007312485,PUT,0,0,chordKey_11_49,clients=50
1778007312485,GET,27,2,chordKey_39_88,clients=50
1778007312485,PUT_HOP,0,2,chordKey_29_87,
1778007312486,PUT,0,0,chordKey_39_89,clients=50
1778007312487,GET,27,2,chordKey_29_87,clients=50
1778007312487,PUT_HOP,0,2,chordKey_7_68,
1778007312487,PUT,0,0,chordKey_29_88,clients=50
1778007312488,GET,27,2,chordKey_7_68,clients=50
1778007312488,PUT,0,0,chordKey_7_69,clients=50
1778007312489,PUT_HOP,0,2,chordKey_22_84,
1778007312490,PUT_HOP,0,2,chordKey_19_52,
1778007312491,GET,29,2,chordKey_22_84,clients=50
1778007312491,GET,26,2,chordKey_19_52,clients=50
1778007312491,PUT_HOP,0,2,chordKey_31_80,
1778007312491,PUT,0,0,chordKey_22_85,clients=50
1778007312492,PUT,0,0,chordKey_19_53,clients=50
1778007312492,GET,26,2,chordKey_31_80,clients=50
1778007312492,PUT_HOP,0,2,chordKey_8_81,
1778007312493,GET,26,2,chordKey_8_81,clients=50
1778007312493,PUT_HOP,0,2,chordKey_36_96,
1778007312494,PUT,0,0,chordKey_31_81,clients=50
1778007312494,PUT,0,0,chordKey_8_82,clients=50
1778007312497,GET,30,2,chordKey_36_96,clients=50
1778007312497,PUT_HOP,0,2,chordKey_1_98,
1778007312497,PUT,0,0,chordKey_36_97,clients=50
1778007312498,PUT_HOP,0,2,chordKey_21_93,
1778007312499,PUT_HOP,0,2,chordKey_2_65,
1778007312499,GET,29,2,chordKey_1_98,clients=50
1778007312500,GET,29,2,chordKey_21_93,clients=50
1778007312500,PUT,0,0,chordKey_1_99,clients=50
1778007312500,PUT_HOP,0,2,chordKey_24_87,
1778007312500,PUT_HOP,0,2,chordKey_44_69,
1778007312500,PUT,0,0,chordKey_21_94,clients=50
1778007312500,GET,28,2,chordKey_2_65,clients=50
1778007312501,GET,28,2,chordKey_24_87,clients=50
1778007312501,PUT,0,0,chordKey_2_66,clients=50
1778007312502,GET,28,2,chordKey_44_69,clients=50
1778007312502,PUT,0,0,chordKey_24_88,clients=50
1778007312503,PUT,0,0,chordKey_44_70,clients=50
1778007312503,PUT_HOP,0,2,chordKey_40_79,
1778007312504,PUT_HOP,0,2,chordKey_27_88,
1778007312506,PUT_HOP,0,2,chordKey_47_76,
1778007312506,PUT_HOP,0,2,chordKey_13_54,
1778007312507,GET,32,2,chordKey_40_79,clients=50
1778007312507,GET,30,2,chordKey_47_76,clients=50
1778007312507,GET,31,2,chordKey_27_88,clients=50
1778007312508,PUT,0,0,chordKey_47_77,clients=50
1778007312509,PUT_HOP,0,2,chordKey_17_75,
1778007312508,GET,30,2,chordKey_13_54,clients=50
1778007312509,PUT,0,0,chordKey_13_55,clients=50
1778007312507,PUT,0,0,chordKey_40_80,clients=50
1778007312509,PUT,0,0,chordKey_27_89,clients=50
1778007312511,GET,31,2,chordKey_17_75,clients=50
1778007312511,PUT_HOP,0,2,chordKey_49_87,
1778007312511,PUT,0,0,chordKey_17_76,clients=50
1778007312512,GET,30,2,chordKey_49_87,clients=50
1778007312512,PUT_HOP,0,2,chordKey_25_55,
1778007312512,PUT,0,0,chordKey_49_88,clients=50
1778007312513,GET,30,2,chordKey_25_55,clients=50
1778007312513,PUT_HOP,0,2,chordKey_16_63,
1778007312513,PUT,0,0,chordKey_25_56,clients=50
1778007312514,GET,30,2,chordKey_16_63,clients=50
1778007312514,PUT,0,0,chordKey_16_64,clients=50
1778007312515,PUT_HOP,0,2,chordKey_39_89,
1778007312516,GET,29,2,chordKey_39_89,clients=50
1778007312516,PUT_HOP,0,2,chordKey_29_88,
1778007312516,PUT,0,0,chordKey_39_90,clients=50
1778007312516,PUT_HOP,0,2,chordKey_11_49,
1778007312517,GET,31,2,chordKey_11_49,clients=50
1778007312517,PUT_HOP,0,2,chordKey_7_69,
1778007312517,PUT,0,0,chordKey_11_50,clients=50
1778007312518,GET,30,2,chordKey_29_88,clients=50
1778007312518,PUT,0,0,chordKey_29_89,clients=50
1778007312519,GET,30,2,chordKey_7_69,clients=50
1778007312519,PUT_HOP,0,2,chordKey_19_53,
1778007312519,PUT_HOP,0,2,chordKey_22_85,
1778007312519,PUT,0,0,chordKey_7_70,clients=50
1778007312520,GET,27,2,chordKey_19_53,clients=50
1778007312521,PUT,0,0,chordKey_19_54,clients=50
1778007312521,PUT_HOP,0,2,chordKey_31_81,
1778007312522,GET,29,2,chordKey_22_85,clients=50
1778007312522,PUT_HOP,0,2,chordKey_8_82,
1778007312522,PUT,0,0,chordKey_22_86,clients=50
1778007312523,GET,28,2,chordKey_31_81,clients=50
1778007312524,PUT,0,0,chordKey_31_82,clients=50
1778007312524,GET,28,2,chordKey_8_82,clients=50
1778007312524,PUT_HOP,0,2,chordKey_36_97,
1778007312524,PUT,0,0,chordKey_8_83,clients=50
1778007312525,GET,27,2,chordKey_36_97,clients=50
1778007312525,PUT_HOP,0,2,chordKey_1_99,
1778007312526,PUT_HOP,0,2,chordKey_21_94,
1778007312526,PUT,0,0,chordKey_36_98,clients=50
1778007312527,GET,26,2,chordKey_1_99,clients=50
1778007312527,PUT_HOP,0,2,chordKey_2_66,
1778007312528,PUT_HOP,0,2,chordKey_24_88,
1778007312528,GET,27,2,chordKey_21_94,clients=50
1778007312528,PUT_HOP,0,2,chordKey_44_70,
1778007312529,PUT,0,0,chordKey_21_95,clients=50
1778007312529,GET,27,2,chordKey_2_66,clients=50
1778007312530,GET,26,2,chordKey_24_88,clients=50
1778007312530,PUT,0,0,chordKey_2_67,clients=50
1778007312530,PUT,0,0,chordKey_24_89,clients=50
1778007312530,GET,26,2,chordKey_44_70,clients=50
1778007312531,PUT,0,0,chordKey_44_71,clients=50
1778007312532,PUT_HOP,0,2,chordKey_40_80,
1778007312532,PUT_HOP,0,2,chordKey_27_89,
1778007312532,PUT_HOP,0,2,chordKey_47_77,
1778007312533,GET,24,2,chordKey_47_77,clients=50
1778007312533,PUT_HOP,0,2,chordKey_13_55,
1778007312534,PUT,0,0,chordKey_47_78,clients=50
1778007312534,GET,24,2,chordKey_13_55,clients=50
1778007312535,PUT,0,0,chordKey_13_56,clients=50
1778007312535,GET,24,2,chordKey_40_80,clients=50
1778007312536,PUT,0,0,chordKey_40_81,clients=50
1778007312535,GET,25,2,chordKey_27_89,clients=50
1778007312536,PUT_HOP,0,2,chordKey_17_76,
1778007312537,PUT,0,0,chordKey_27_90,clients=50
1778007312537,PUT_HOP,0,2,chordKey_49_88,
1778007312538,PUT_HOP,0,2,chordKey_25_56,
1778007312538,GET,26,2,chordKey_17_76,clients=50
1778007312538,PUT,0,0,chordKey_17_77,clients=50
1778007312539,GET,26,2,chordKey_49_88,clients=50
1778007312539,PUT,0,0,chordKey_49_89,clients=50
1778007312540,PUT_HOP,0,2,chordKey_16_64,
1778007312540,GET,26,2,chordKey_25_56,clients=50
1778007312540,PUT_HOP,0,2,chordKey_39_90,
1778007312541,GET,25,2,chordKey_16_64,clients=50
1778007312541,PUT_HOP,0,2,chordKey_11_50,
1778007312541,GET,24,2,chordKey_39_90,clients=50
1778007312541,PUT,0,0,chordKey_25_57,clients=50
1778007312542,PUT_HOP,0,2,chordKey_29_89,
1778007312542,PUT,0,0,chordKey_39_91,clients=50
1778007312543,GET,24,2,chordKey_11_50,clients=50
1778007312542,PUT,0,0,chordKey_16_65,clients=50
1778007312543,PUT,0,0,chordKey_11_51,clients=50
1778007312543,PUT_HOP,0,2,chordKey_7_70,
1778007312543,GET,24,2,chordKey_29_89,clients=50
1778007312544,PUT,0,0,chordKey_29_90,clients=50
1778007312544,PUT_HOP,0,2,chordKey_19_54,
1778007312545,GET,24,2,chordKey_19_54,clients=50
1778007312545,PUT_HOP,0,2,chordKey_22_86,
1778007312546,PUT,0,0,chordKey_19_55,clients=50
1778007312546,GET,26,2,chordKey_7_70,clients=50
1778007312546,GET,23,2,chordKey_22_86,clients=50
1778007312547,PUT,0,0,chordKey_7_71,clients=50
1778007312547,PUT_HOP,0,2,chordKey_8_83,
1778007312547,PUT,0,0,chordKey_22_87,clients=50
1778007312548,PUT_HOP,0,2,chordKey_31_82,
1778007312548,GET,24,2,chordKey_31_82,clients=50
1778007312549,PUT,0,0,chordKey_31_83,clients=50
1778007312549,PUT_HOP,0,2,chordKey_36_98,
1778007312549,GET,24,2,chordKey_8_83,clients=50
1778007312550,PUT,0,0,chordKey_8_84,clients=50
1778007312550,GET,23,2,chordKey_36_98,clients=50
1778007312550,PUT_HOP,0,2,chordKey_21_95,
1778007312551,PUT,0,0,chordKey_36_99,clients=50
1778007312551,PUT_HOP,0,2,chordKey_2_67,
1778007312552,GET,22,2,chordKey_21_95,clients=50
1778007312552,PUT_HOP,0,2,chordKey_24_89,
1778007312552,PUT,0,0,chordKey_21_96,clients=50
1778007312553,GET,22,2,chordKey_2_67,clients=50
1778007312553,GET,22,2,chordKey_24_89,clients=50
1778007312554,PUT,0,0,chordKey_2_68,clients=50
1778007312554,PUT,0,0,chordKey_24_90,clients=50
1778007312557,PUT_HOP,0,2,chordKey_44_71,
1778007312558,PUT_HOP,0,2,chordKey_47_78,
1778007312558,GET,26,2,chordKey_44_71,clients=50
1778007312559,PUT,0,0,chordKey_44_72,clients=50
1778007312559,GET,25,2,chordKey_47_78,clients=50
1778007312559,PUT_HOP,0,2,chordKey_13_56,
1778007312560,GET,24,2,chordKey_13_56,clients=50
1778007312560,PUT,0,0,chordKey_47_79,clients=50
1778007312560,PUT_HOP,0,2,chordKey_40_81,
1778007312560,PUT,0,0,chordKey_13_57,clients=50
1778007312562,PUT_HOP,0,2,chordKey_27_90,
1778007312562,GET,26,2,chordKey_40_81,clients=50
1778007312563,PUT,0,0,chordKey_40_82,clients=50
1778007312563,GET,26,2,chordKey_27_90,clients=50
1778007312563,PUT_HOP,0,2,chordKey_17_77,
1778007312564,PUT,0,0,chordKey_27_91,clients=50
1778007312564,PUT_HOP,0,2,chordKey_49_89,
1778007312565,GET,26,2,chordKey_17_77,clients=50
1778007312565,PUT_HOP,0,2,chordKey_25_57,
1778007312566,PUT,0,0,chordKey_17_78,clients=50
1778007312566,PUT_HOP,0,2,chordKey_16_65,
1778007312566,GET,26,2,chordKey_49_89,clients=50
1778007312567,PUT_HOP,0,2,chordKey_39_91,
1778007312567,PUT,0,0,chordKey_49_90,clients=50
1778007312568,PUT_HOP,0,2,chordKey_11_51,
1778007312568,GET,25,2,chordKey_25_57,clients=50
1778007312568,PUT,0,0,chordKey_25_58,clients=50
1778007312569,GET,25,2,chordKey_16_65,clients=50
1778007312570,GET,26,2,chordKey_39_91,clients=50
1778007312570,PUT_HOP,0,2,chordKey_29_90,
1778007312570,GET,26,2,chordKey_11_51,clients=50
1778007312570,PUT_HOP,0,2,chordKey_19_55,
1778007312570,PUT,0,0,chordKey_11_52,clients=50
1778007312570,PUT,0,0,chordKey_16_66,clients=50
1778007312571,GET,26,2,chordKey_29_90,clients=50
1778007312572,PUT,0,0,chordKey_29_91,clients=50
1778007312570,PUT,0,0,chordKey_39_92,clients=50
1778007312572,GET,25,2,chordKey_19_55,clients=50
1778007312573,PUT_HOP,0,2,chordKey_7_71,
1778007312573,PUT_HOP,0,2,chordKey_22_87,
1778007312573,PUT,0,0,chordKey_19_56,clients=50
1778007312574,GET,26,2,chordKey_7_71,clients=50
1778007312575,PUT_HOP,0,2,chordKey_31_83,
1778007312575,PUT,0,0,chordKey_7_72,clients=50
1778007312575,GET,27,2,chordKey_22_87,clients=50
1778007312576,PUT,0,0,chordKey_22_88,clients=50
1778007312576,GET,26,2,chordKey_31_83,clients=50
1778007312576,PUT_HOP,0,2,chordKey_8_84,
1778007312577,PUT,0,0,chordKey_31_84,clients=50
1778007312577,PUT_HOP,0,2,chordKey_36_99,
1778007312577,GET,26,2,chordKey_8_84,clients=50
1778007312578,PUT,0,0,chordKey_8_85,clients=50
1778007312578,PUT_HOP,0,2,chordKey_21_96,
1778007312578,GET,26,2,chordKey_36_99,clients=50
1778007312579,GET,26,2,chordKey_21_96,clients=50
1778007312579,PUT_HOP,0,2,chordKey_2_68,
1778007312579,PUT_HOP,0,2,chordKey_24_90,
1778007312579,PUT,0,0,chordKey_21_97,clients=50
1778007312580,GET,25,2,chordKey_24_90,clients=50
1778007312581,PUT,0,0,chordKey_24_91,clients=50
1778007312581,GET,26,2,chordKey_2_68,clients=50
1778007312582,PUT,0,0,chordKey_2_69,clients=50
1778007312582,PUT_HOP,0,2,chordKey_44_72,
1778007312583,PUT_HOP,0,2,chordKey_47_79,
1778007312583,GET,23,2,chordKey_44_72,clients=50
1778007312583,PUT_HOP,0,2,chordKey_13_57,
1778007312583,PUT,0,0,chordKey_44_73,clients=50
1778007312585,GET,23,2,chordKey_13_57,clients=50
1778007312585,PUT,0,0,chordKey_13_58,clients=50
1778007312585,GET,24,2,chordKey_47_79,clients=50
1778007312586,PUT_HOP,0,2,chordKey_40_82,
1778007312586,PUT,0,0,chordKey_47_80,clients=50
1778007312587,GET,23,2,chordKey_40_82,clients=50
1778007312587,PUT_HOP,0,2,chordKey_27_91,
1778007312587,PUT,0,0,chordKey_40_83,clients=50
1778007312588,GET,24,2,chordKey_27_91,clients=50
1778007312588,PUT_HOP,0,2,chordKey_17_78,
1778007312589,PUT,0,0,chordKey_27_92,clients=50
1778007312590,GET,23,2,chordKey_17_78,clients=50
1778007312590,PUT_HOP,0,2,chordKey_49_90,
1778007312590,PUT,0,0,chordKey_17_79,clients=50
1778007312591,GET,23,2,chordKey_49_90,clients=50
1778007312591,PUT,0,0,chordKey_49_91,clients=50
1778007312591,PUT_HOP,0,2,chordKey_25_58,
1778007312592,PUT_HOP,0,2,chordKey_16_66,
1778007312592,GET,23,2,chordKey_25_58,clients=50
1778007312593,PUT_HOP,0,2,chordKey_39_92,
1778007312593,PUT,0,0,chordKey_25_59,clients=50
1778007312593,PUT_HOP,0,2,chordKey_11_52,
1778007312594,GET,23,2,chordKey_11_52,clients=50
1778007312594,PUT_HOP,0,2,chordKey_29_91,
1778007312595,PUT,0,0,chordKey_11_53,clients=50
1778007312595,PUT_HOP,0,2,chordKey_19_56,
1778007312595,GET,24,2,chordKey_16_66,clients=50
1778007312596,PUT,0,0,chordKey_16_67,clients=50
1778007312596,GET,24,2,chordKey_29_91,clients=50
1778007312596,GET,24,2,chordKey_39_92,clients=50
1778007312597,PUT,0,0,chordKey_39_93,clients=50
1778007312597,PUT_HOP,0,2,chordKey_7_72,
1778007312597,PUT,0,0,chordKey_29_92,clients=50
1778007312597,GET,24,2,chordKey_19_56,clients=50
1778007312598,PUT_HOP,0,2,chordKey_22_88,
1778007312598,PUT,0,0,chordKey_19_57,clients=50
1778007312599,GET,24,2,chordKey_7_72,clients=50
1778007312600,PUT,0,0,chordKey_7_73,clients=50
1778007312600,PUT_HOP,0,2,chordKey_31_84,
1778007312601,PUT_HOP,0,2,chordKey_8_85,
1778007312601,GET,25,2,chordKey_22_88,clients=50
1778007312601,PUT,0,0,chordKey_22_89,clients=50
1778007312602,GET,24,2,chordKey_31_84,clients=50
1778007312602,GET,24,2,chordKey_8_85,clients=50
1778007312602,PUT_HOP,0,2,chordKey_21_97,
1778007312602,PUT,0,0,chordKey_31_85,clients=50
1778007312603,PUT,0,0,chordKey_8_86,clients=50
1778007312604,PUT_HOP,0,2,chordKey_24_91,
1778007312604,GET,24,2,chordKey_21_97,clients=50
1778007312604,PUT,0,0,chordKey_21_98,clients=50
1778007312605,PUT_HOP,0,2,chordKey_2_69,
1778007312606,GET,24,2,chordKey_24_91,clients=50
1778007312606,GET,23,2,chordKey_2_69,clients=50
1778007312606,PUT,0,0,chordKey_24_92,clients=50
1778007312607,PUT,0,0,chordKey_2_70,clients=50
1778007312607,GET,23,2,chordKey_44_73,clients=50
1778007312607,PUT_HOP,0,2,chordKey_13_58,
1778007312608,PUT_HOP,0,2,chordKey_44_73,
1778007312608,PUT,0,0,chordKey_44_74,clients=50
1778007312609,GET,23,2,chordKey_13_58,clients=50
1778007312609,PUT_HOP,0,2,chordKey_47_80,
1778007312609,PUT,0,0,chordKey_13_59,clients=50
1778007312610,GET,24,2,chordKey_47_80,clients=50
1778007312611,GET,23,2,chordKey_40_83,clients=50
1778007312611,PUT,0,0,chordKey_47_81,clients=50
1778007312611,PUT,0,0,chordKey_40_84,clients=50
1778007312612,PUT_HOP,0,2,chordKey_40_83,
1778007312612,PUT_HOP,0,2,chordKey_27_92,
1778007312613,PUT_HOP,0,2,chordKey_17_79,
1778007312614,GET,25,2,chordKey_27_92,clients=50
1778007312615,PUT,0,0,chordKey_27_93,clients=50
1778007312615,PUT_HOP,0,2,chordKey_49_91,
1778007312615,GET,24,2,chordKey_17_79,clients=50
1778007312616,PUT,0,0,chordKey_17_80,clients=50
1778007312616,PUT_HOP,0,2,chordKey_25_59,
1778007312616,GET,24,2,chordKey_49_91,clients=50
1778007312617,PUT,0,0,chordKey_49_92,clients=50
1778007312617,PUT_HOP,0,2,chordKey_11_53,
1778007312617,GET,23,2,chordKey_25_59,clients=50
1778007312618,PUT,0,0,chordKey_25_60,clients=50
1778007312618,GET,23,2,chordKey_11_53,clients=50
1778007312618,PUT_HOP,0,2,chordKey_16_67,
1778007312619,PUT,0,0,chordKey_11_54,clients=50
1778007312619,PUT_HOP,0,2,chordKey_29_92,
1778007312620,GET,23,2,chordKey_16_67,clients=50
1778007312620,PUT_HOP,0,2,chordKey_39_93,
1778007312620,PUT,0,0,chordKey_16_68,clients=50
1778007312621,GET,23,2,chordKey_39_93,clients=50
1778007312621,PUT_HOP,0,2,chordKey_19_57,
1778007312621,GET,23,2,chordKey_29_92,clients=50
1778007312621,PUT,0,0,chordKey_39_94,clients=50
1778007312622,PUT,0,0,chordKey_29_93,clients=50
1778007312622,GET,23,2,chordKey_19_57,clients=50
1778007312623,GET,23,2,chordKey_7_73,clients=50
1778007312624,PUT,0,0,chordKey_7_74,clients=50
1778007312624,PUT_HOP,0,2,chordKey_22_89,
1778007312623,PUT,0,0,chordKey_19_58,clients=50
1778007312624,PUT_HOP,0,2,chordKey_7_73,
1778007312625,PUT_HOP,0,2,chordKey_31_85,
1778007312625,GET,23,2,chordKey_22_89,clients=50
1778007312625,PUT_HOP,0,2,chordKey_8_86,
1778007312626,PUT,0,0,chordKey_22_90,clients=50
1778007312627,GET,24,2,chordKey_31_85,clients=50
1778007312628,GET,24,2,chordKey_8_86,clients=50
1778007312628,PUT_HOP,0,2,chordKey_21_98,
1778007312628,PUT,0,0,chordKey_31_86,clients=50
1778007312628,PUT,0,0,chordKey_8_87,clients=50
1778007312629,GET,23,2,chordKey_21_98,clients=50
1778007312629,PUT,0,0,chordKey_21_99,clients=50
1778007312629,PUT_HOP,0,2,chordKey_2_70,
1778007312630,PUT_HOP,0,2,chordKey_24_92,
1778007312630,GET,23,2,chordKey_24_92,clients=50
1778007312631,PUT,0,0,chordKey_24_93,clients=50
1778007312632,PUT_HOP,0,2,chordKey_44_74,
1778007312632,GET,24,2,chordKey_2_70,clients=50
1778007312632,PUT,0,0,chordKey_2_71,clients=50
1778007312633,PUT_HOP,0,2,chordKey_13_59,
1778007312632,GET,24,2,chordKey_44_74,clients=50
1778007312633,PUT,0,0,chordKey_44_75,clients=50
1778007312634,PUT_HOP,0,2,chordKey_47_81,
1778007312634,GET,24,2,chordKey_13_59,clients=50
1778007312635,PUT,0,0,chordKey_13_60,clients=50
1778007312635,PUT_HOP,0,2,chordKey_40_84,
1778007312636,GET,24,2,chordKey_40_84,clients=50
1778007312636,PUT,0,0,chordKey_40_85,clients=50
1778007312637,GET,25,2,chordKey_47_81,clients=50
1778007312638,PUT,0,0,chordKey_47_82,clients=50
1778007312638,PUT_HOP,0,2,chordKey_27_93,
1778007312639,PUT_HOP,0,2,chordKey_17_80,
1778007312639,GET,24,2,chordKey_27_93,clients=50
1778007312640,PUT_HOP,0,2,chordKey_49_92,
1778007312640,GET,23,2,chordKey_17_80,clients=50
1778007312640,PUT,0,0,chordKey_27_94,clients=50
1778007312640,PUT_HOP,0,2,chordKey_25_60,
1778007312641,PUT,0,0,chordKey_17_81,clients=50
1778007312641,GET,24,2,chordKey_49_92,clients=50
1778007312642,PUT,0,0,chordKey_49_93,clients=50
1778007312642,PUT_HOP,0,2,chordKey_11_54,
1778007312642,GET,24,2,chordKey_25_60,clients=50
1778007312643,PUT,0,0,chordKey_25_61,clients=50
1778007312643,PUT_HOP,0,2,chordKey_16_68,
1778007312643,GET,24,2,chordKey_11_54,clients=50
1778007312644,PUT_HOP,0,2,chordKey_39_94,
1778007312644,PUT,0,0,chordKey_11_55,clients=50
1778007312646,GET,25,2,chordKey_16_68,clients=50
1778007312647,PUT,0,0,chordKey_16_69,clients=50
1778007312647,PUT_HOP,0,2,chordKey_29_93,
1778007312647,GET,24,2,chordKey_39_94,clients=50
1778007312648,PUT_HOP,0,2,chordKey_19_58,
1778007312648,GET,25,2,chordKey_29_93,clients=50
1778007312648,PUT,0,0,chordKey_39_95,clients=50
1778007312648,PUT,0,0,chordKey_29_94,clients=50
1778007312650,GET,25,2,chordKey_19_58,clients=50
1778007312650,PUT_HOP,0,2,chordKey_7_74,
1778007312650,PUT,0,0,chordKey_19_59,clients=50
1778007312651,GET,26,2,chordKey_7_74,clients=50
1778007312651,PUT_HOP,0,2,chordKey_22_90,
1778007312651,PUT,0,0,chordKey_7_75,clients=50
1778007312652,PUT_HOP,0,2,chordKey_31_86,
1778007312653,GET,26,2,chordKey_22_90,clients=50
1778007312653,PUT_HOP,0,2,chordKey_8_87,
1778007312653,PUT,0,0,chordKey_22_91,clients=50
1778007312653,GET,25,2,chordKey_31_86,clients=50
1778007312654,GET,25,2,chordKey_8_87,clients=50
1778007312654,PUT,0,0,chordKey_31_87,clients=50
1778007312654,PUT,0,0,chordKey_8_88,clients=50
1778007312654,PUT_HOP,0,2,chordKey_21_99,
1778007312655,GET,25,2,chordKey_21_99,clients=50
1778007312655,PUT_HOP,0,2,chordKey_24_93,
1778007312657,GET,25,2,chordKey_24_93,clients=50
1778007312657,PUT_HOP,0,2,chordKey_2_71,
1778007312657,PUT,0,0,chordKey_24_94,clients=50
1778007312657,PUT_HOP,0,2,chordKey_44_75,
1778007312659,GET,26,2,chordKey_2_71,clients=50
1778007312659,GET,25,2,chordKey_44_75,clients=50
1778007312659,PUT,0,0,chordKey_2_72,clients=50
1778007312660,PUT,0,0,chordKey_44_76,clients=50
1778007312660,PUT_HOP,0,2,chordKey_13_60,
1778007312660,PUT_HOP,0,2,chordKey_40_85,
1778007312661,GET,25,2,chordKey_13_60,clients=50
1778007312662,GET,24,2,chordKey_40_85,clients=50
1778007312662,PUT_HOP,0,2,chordKey_47_82,
1778007312662,PUT,0,0,chordKey_13_61,clients=50
1778007312662,PUT,0,0,chordKey_40_86,clients=50
1778007312663,GET,25,2,chordKey_47_82,clients=50
1778007312664,PUT_HOP,0,2,chordKey_27_94,
1778007312664,PUT,0,0,chordKey_47_83,clients=50
1778007312664,PUT_HOP,0,2,chordKey_17_81,
1778007312666,GET,24,2,chordKey_27_94,clients=50
1778007312666,PUT_HOP,0,2,chordKey_49_93,
1778007312666,PUT,0,0,chordKey_27_95,clients=50
1778007312667,GET,25,2,chordKey_17_81,clients=50
1778007312667,PUT_HOP,0,2,chordKey_25_61,
1778007312667,PUT,0,0,chordKey_17_82,clients=50
1778007312668,GET,24,2,chordKey_25_61,clients=50
1778007312668,PUT_HOP,0,2,chordKey_11_55,
1778007312668,GET,25,2,chordKey_49_93,clients=50
1778007312669,GET,24,2,chordKey_11_55,clients=50
1778007312669,PUT_HOP,0,2,chordKey_16_69,
1778007312668,PUT,0,0,chordKey_25_62,clients=50
1778007312669,PUT,0,0,chordKey_11_56,clients=50
1778007312669,PUT,0,0,chordKey_49_94,clients=50
1778007312670,GET,22,2,chordKey_16_69,clients=50
1778007312670,PUT_HOP,0,2,chordKey_39_95,
1778007312671,PUT,0,0,chordKey_16_70,clients=50
1778007312671,PUT_HOP,0,2,chordKey_29_94,
1778007312672,GET,22,2,chordKey_29_94,clients=50
1778007312672,PUT_HOP,0,2,chordKey_19_59,
1778007312672,GET,23,2,chordKey_39_95,clients=50
1778007312672,PUT,0,0,chordKey_29_95,clients=50
1778007312673,PUT,0,0,chordKey_39_96,clients=50
1778007312673,GET,22,2,chordKey_19_59,clients=50
1778007312673,PUT_HOP,0,2,chordKey_7_75,
1778007312674,PUT,0,0,chordKey_19_60,clients=50
1778007312674,GET,22,2,chordKey_7_75,clients=50
1778007312675,PUT,0,0,chordKey_7_76,clients=50
1778007312675,PUT_HOP,0,2,chordKey_22_91,
1778007312676,PUT_HOP,0,2,chordKey_31_87,
1778007312676,GET,22,2,chordKey_22_91,clients=50
1778007312677,PUT_HOP,0,2,chordKey_8_88,
1778007312677,PUT,0,0,chordKey_22_92,clients=50
1778007312677,GET,22,2,chordKey_31_87,clients=50
1778007312678,GET,23,2,chordKey_8_88,clients=50
1778007312678,PUT_HOP,0,2,chordKey_24_94,
1778007312678,PUT,0,0,chordKey_31_88,clients=50
1778007312678,PUT,0,0,chordKey_8_89,clients=50
1778007312683,GET,25,2,chordKey_24_94,clients=50
1778007312683,PUT_HOP,0,2,chordKey_2_72,
1778007312684,PUT_HOP,0,2,chordKey_44_76,
1778007312684,PUT,0,0,chordKey_24_95,clients=50
1778007312685,GET,25,2,chordKey_2_72,clients=50
1778007312685,PUT,0,0,chordKey_2_73,clients=50
1778007312686,GET,25,2,chordKey_44_76,clients=50
1778007312686,PUT_HOP,0,2,chordKey_13_61,
1778007312686,PUT,0,0,chordKey_44_77,clients=50
1778007312686,PUT_HOP,0,2,chordKey_40_86,
1778007312688,GET,25,2,chordKey_13_61,clients=50
1778007312688,GET,25,2,chordKey_40_86,clients=50
1778007312689,PUT,0,0,chordKey_13_62,clients=50
1778007312689,PUT_HOP,0,2,chordKey_47_83,
1778007312689,PUT,0,0,chordKey_40_87,clients=50
1778007312690,GET,25,2,chordKey_47_83,clients=50
1778007312690,PUT,0,0,chordKey_47_84,clients=50
1778007312690,PUT_HOP,0,2,chordKey_27_95,
1778007312691,GET,24,2,chordKey_27_95,clients=50
1778007312692,PUT,0,0,chordKey_27_96,clients=50
1778007312692,PUT_HOP,0,2,chordKey_17_82,
1778007312693,PUT_HOP,0,2,chordKey_25_62,
1778007312693,GET,25,2,chordKey_17_82,clients=50
1778007312694,PUT_HOP,0,2,chordKey_49_94,
1778007312694,PUT,0,0,chordKey_17_83,clients=50
1778007312694,PUT_HOP,0,2,chordKey_11_56,
1778007312695,PUT_HOP,0,2,chordKey_16_70,
1778007312695,GET,25,2,chordKey_25_62,clients=50
1778007312695,GET,25,2,chordKey_11_56,clients=50
1778007312696,PUT,0,0,chordKey_25_63,clients=50
1778007312696,PUT,0,0,chordKey_11_57,clients=50
1778007312697,GET,26,2,chordKey_16_70,clients=50
1778007312697,PUT_HOP,0,2,chordKey_29_95,
1778007312697,GET,26,2,chordKey_49_94,clients=50
1778007312698,PUT_HOP,0,2,chordKey_19_60,
1778007312698,PUT,0,0,chordKey_16_71,clients=50
1778007312698,PUT_HOP,0,2,chordKey_39_96,
1778007312698,PUT,0,0,chordKey_49_95,clients=50
1778007312698,GET,24,2,chordKey_29_95,clients=50
1778007312699,GET,25,2,chordKey_39_96,clients=50
1778007312699,PUT,0,0,chordKey_29_96,clients=50
1778007312699,PUT,0,0,chordKey_39_97,clients=50
1778007312700,PUT_HOP,0,2,chordKey_7_76,
1778007312699,GET,25,2,chordKey_19_60,clients=50
1778007312700,PUT,0,0,chordKey_19_61,clients=50
1778007312701,PUT_HOP,0,2,chordKey_22_92,
1778007312702,GET,27,2,chordKey_7_76,clients=50
1778007312703,GET,25,2,chordKey_22_92,clients=50
1778007312703,PUT,0,0,chordKey_7_77,clients=50
1778007312703,PUT_HOP,0,2,chordKey_31_88,
1778007312703,PUT_HOP,0,2,chordKey_8_89,
1778007312703,PUT,0,0,chordKey_22_93,clients=50
1778007312704,GET,25,2,chordKey_31_88,clients=50
1778007312705,PUT,0,0,chordKey_31_89,clients=50
1778007312705,GET,26,2,chordKey_8_89,clients=50
1778007312707,PUT_HOP,0,2,chordKey_24_95,
1778007312706,GET,21,2,chordKey_24_95,clients=50
1778007312707,PUT_HOP,0,2,chordKey_2_73,
1778007312708,PUT,0,0,chordKey_8_90,clients=50
1778007312708,GET,22,2,chordKey_2_73,clients=50
1778007312708,PUT_HOP,0,2,chordKey_44_77,
1778007312708,PUT,0,0,chordKey_24_96,clients=50
1778007312709,PUT,0,0,chordKey_2_74,clients=50
1778007312710,GET,23,2,chordKey_44_77,clients=50
1778007312710,PUT_HOP,0,2,chordKey_13_62,
1778007312710,PUT,0,0,chordKey_44_78,clients=50
1778007312711,PUT_HOP,0,2,chordKey_40_87,
1778007312712,GET,22,2,chordKey_40_87,clients=50
1778007312712,PUT,0,0,chordKey_40_88,clients=50
1778007312713,PUT_HOP,0,2,chordKey_47_84,
1778007312713,GET,24,2,chordKey_13_62,clients=50
1778007312714,PUT,0,0,chordKey_13_63,clients=50
1778007312714,GET,23,2,chordKey_47_84,clients=50
1778007312714,PUT_HOP,0,2,chordKey_27_96,
1778007312715,PUT,0,0,chordKey_47_85,clients=50
1778007312716,GET,23,2,chordKey_27_96,clients=50
1778007312716,PUT_HOP,0,2,chordKey_17_83,
1778007312716,PUT,0,0,chordKey_27_97,clients=50
1778007312717,PUT_HOP,0,2,chordKey_25_63,
1778007312718,PUT_HOP,0,2,chordKey_31_89,
1778007312718,PUT_HOP,0,2,chordKey_11_57,
1778007312719,GET,24,2,chordKey_17_83,clients=50
1778007312719,PUT_HOP,0,2,chordKey_16_71,
1778007312719,GET,22,2,chordKey_11_57,clients=50
1778007312720,PUT,0,0,chordKey_17_84,clients=50
1778007312720,PUT_HOP,0,2,chordKey_49_95,
1778007312720,PUT,0,0,chordKey_11_58,clients=50
1778007312720,GET,14,2,chordKey_31_89,clients=50
1778007312721,GET,24,2,chordKey_25_63,clients=50
1778007312721,PUT,0,0,chordKey_31_90,clients=50
1778007312721,PUT,0,0,chordKey_25_64,clients=50
1778007312722,PUT_HOP,0,2,chordKey_8_90,
1778007312723,GET,24,2,chordKey_16_71,clients=50
1778007312723,PUT,0,0,chordKey_16_72,clients=50
1778007312725,GET,16,2,chordKey_8_90,clients=50
1778007312725,PUT,0,0,chordKey_8_91,clients=50
1778007312726,GET,27,2,chordKey_49_95,clients=50
1778007312727,PUT,0,0,chordKey_49_96,clients=50
1778007312727,PUT_HOP,0,2,chordKey_39_97,
1778007312728,PUT_HOP,0,2,chordKey_29_96,
1778007312728,GET,28,2,chordKey_29_96,clients=50
1778007312728,PUT,0,0,chordKey_29_97,clients=50
1778007312730,PUT_HOP,0,2,chordKey_19_61,
1778007312730,GET,30,2,chordKey_39_97,clients=50
1778007312731,PUT,0,0,chordKey_39_98,clients=50
1778007312732,PUT_HOP,0,2,chordKey_7_77,
1778007312735,PUT_HOP,0,2,chordKey_22_93,
1778007312735,GET,31,2,chordKey_7_77,clients=50
1778007312736,PUT,0,0,chordKey_7_78,clients=50
1778007312737,GET,33,2,chordKey_22_93,clients=50
1778007312737,GET,36,2,chordKey_19_61,clients=50
1778007312738,PUT,0,0,chordKey_22_94,clients=50
1778007312738,PUT,0,0,chordKey_19_62,clients=50
1778007312739,PUT_HOP,0,2,chordKey_2_74,
1778007312741,PUT_HOP,0,2,chordKey_24_96,
1778007312743,GET,33,2,chordKey_24_96,clients=50
1778007312743,GET,33,2,chordKey_2_74,clients=50
1778007312743,PUT,0,0,chordKey_24_97,clients=50
1778007312743,PUT_HOP,0,2,chordKey_44_78,
1778007312744,PUT,0,0,chordKey_2_75,clients=50
1778007312745,PUT_HOP,0,2,chordKey_40_88,
1778007312745,GET,34,2,chordKey_44_78,clients=50
1778007312746,PUT,0,0,chordKey_44_79,clients=50
1778007312746,PUT_HOP,0,2,chordKey_47_85,
1778007312746,GET,33,2,chordKey_40_88,clients=50
1778007312747,PUT_HOP,0,2,chordKey_13_63,
1778007312748,PUT,0,0,chordKey_40_89,clients=50
1778007312748,GET,33,2,chordKey_13_63,clients=50
1778007312748,GET,33,2,chordKey_47_85,clients=50
1778007312749,PUT_HOP,0,2,chordKey_11_58,
1778007312749,PUT,0,0,chordKey_13_64,clients=50
1778007312749,PUT_HOP,0,2,chordKey_27_97,
1778007312749,PUT,0,0,chordKey_47_86,clients=50
1778007312751,GET,29,2,chordKey_25_64,clients=50
1778007312751,GET,34,2,chordKey_27_97,clients=50
1778007312751,PUT_HOP,0,2,chordKey_17_84,
1778007312751,PUT,0,0,chordKey_25_65,clients=50
1778007312752,PUT,0,0,chordKey_27_98,clients=50
1778007312752,PUT_HOP,0,2,chordKey_31_90,
1778007312752,GET,31,2,chordKey_11_58,clients=50
1778007312752,PUT_HOP,0,2,chordKey_25_64,
1778007312753,PUT,0,0,chordKey_11_59,clients=50
1778007312753,PUT_HOP,0,2,chordKey_8_91,
1778007312753,GET,33,2,chordKey_17_84,clients=50
1778007312753,PUT_HOP,0,2,chordKey_16_72,
1778007312754,PUT,0,0,chordKey_17_85,clients=50
1778007312754,GET,32,2,chordKey_31_90,clients=50
1778007312754,GET,30,2,chordKey_16_72,clients=50
1778007312754,PUT_HOP,0,2,chordKey_49_96,
1778007312754,PUT,0,0,chordKey_31_91,clients=50
1778007312755,PUT,0,0,chordKey_16_73,clients=50
1778007312755,GET,29,2,chordKey_8_91,clients=50
1778007312756,GET,28,2,chordKey_49_96,clients=50
1778007312756,PUT,0,0,chordKey_8_92,clients=50
1778007312756,PUT_HOP,0,2,chordKey_29_97,
1778007312756,PUT,0,0,chordKey_49_97,clients=50
1778007312757,GET,27,2,chordKey_29_97,clients=50
1778007312757,PUT_HOP,0,2,chordKey_39_98,
1778007312757,PUT,0,0,chordKey_29_98,clients=50
1778007312759,GET,27,2,chordKey_39_98,clients=50
1778007312759,GET,23,2,chordKey_7_78,clients=50
1778007312759,PUT,0,0,chordKey_39_99,clients=50
1778007312760,PUT,0,0,chordKey_7_79,clients=50
1778007312760,PUT_HOP,0,2,chordKey_22_94,
1778007312760,PUT_HOP,0,2,chordKey_7_78,
1778007312761,PUT_HOP,0,2,chordKey_19_62,
1778007312762,GET,23,2,chordKey_22_94,clients=50
1778007312763,PUT,0,0,chordKey_22_95,clients=50
1778007312763,GET,23,2,chordKey_19_62,clients=50
1778007312763,PUT,0,0,chordKey_19_63,clients=50
1778007312764,PUT_HOP,0,2,chordKey_24_97,
1778007312765,PUT_HOP,0,2,chordKey_2_75,
1778007312766,GET,22,2,chordKey_24_97,clients=50
1778007312766,PUT,0,0,chordKey_24_98,clients=50
1778007312767,GET,22,2,chordKey_2_75,clients=50
1778007312767,PUT,0,0,chordKey_2_76,clients=50
1778007312768,PUT_HOP,0,2,chordKey_44_79,
1778007312769,PUT_HOP,0,2,chordKey_40_89,
1778007312769,GET,23,2,chordKey_44_79,clients=50
1778007312769,PUT,0,0,chordKey_44_80,clients=50
1778007312769,PUT_HOP,0,2,chordKey_13_64,
1778007312770,PUT_HOP,0,2,chordKey_47_86,
1778007312771,GET,22,2,chordKey_40_89,clients=50
1778007312771,PUT,0,0,chordKey_40_90,clients=50
1778007312772,PUT_HOP,0,2,chordKey_27_98,
1778007312772,GET,22,2,chordKey_13_64,clients=50
1778007312772,PUT_HOP,0,2,chordKey_25_65,
1778007312772,GET,22,2,chordKey_47_86,clients=50
1778007312772,PUT,0,0,chordKey_13_65,clients=50
1778007312773,PUT,0,0,chordKey_47_87,clients=50
1778007312774,GET,21,2,chordKey_27_98,clients=50
1778007312774,GET,22,2,chordKey_25_65,clients=50
1778007312774,PUT_HOP,0,2,chordKey_11_59,
1778007312774,PUT,0,0,chordKey_27_99,clients=50
1778007312775,PUT,0,0,chordKey_25_66,clients=50
1778007312775,PUT_HOP,0,2,chordKey_17_85,
1778007312776,GET,22,2,chordKey_11_59,clients=50
1778007312776,PUT_HOP,0,2,chordKey_31_91,
1778007312776,PUT,0,0,chordKey_11_60,clients=50
1778007312777,PUT_HOP,0,2,chordKey_16_73,
1778007312777,GET,22,2,chordKey_17_85,clients=50
1778007312777,PUT,0,0,chordKey_17_86,clients=50
1778007312778,GET,22,2,chordKey_31_91,clients=50
1778007312778,GET,22,2,chordKey_16_73,clients=50
1778007312778,PUT_HOP,0,2,chordKey_8_92,
1778007312778,PUT,0,0,chordKey_31_92,clients=50
1778007312779,PUT_HOP,0,2,chordKey_49_97,
1778007312779,PUT,0,0,chordKey_16_74,clients=50
1778007312780,PUT_HOP,0,2,chordKey_29_98,
1778007312780,GET,23,2,chordKey_8_92,clients=50
1778007312780,GET,23,2,chordKey_49_97,clients=50
1778007312781,PUT,0,0,chordKey_8_93,clients=50
1778007312781,PUT,0,0,chordKey_49_98,clients=50
1778007312781,PUT_HOP,0,2,chordKey_39_99,
1778007312782,GET,23,2,chordKey_29_98,clients=50
1778007312782,PUT_HOP,0,2,chordKey_7_79,
1778007312782,PUT,0,0,chordKey_29_99,clients=50
1778007312783,GET,23,2,chordKey_39_99,clients=50
1778007312784,GET,23,2,chordKey_7_79,clients=50
1778007312784,PUT,0,0,chordKey_7_80,clients=50
1778007312784,PUT_HOP,0,2,chordKey_22_95,
1778007312785,GET,22,2,chordKey_22_95,clients=50
1778007312786,PUT,0,0,chordKey_22_96,clients=50
1778007312786,PUT_HOP,0,2,chordKey_19_63,
1778007312787,GET,23,2,chordKey_19_63,clients=50
1778007312787,PUT,0,0,chordKey_19_64,clients=50
1778007312788,PUT_HOP,0,2,chordKey_24_98,
1778007312789,PUT_HOP,0,2,chordKey_2_76,
1778007312789,GET,22,2,chordKey_24_98,clients=50
1778007312790,PUT,0,0,chordKey_24_99,clients=50
1778007312791,GET,23,2,chordKey_2_76,clients=50
1778007312791,PUT_HOP,0,2,chordKey_44_80,
1778007312791,PUT,0,0,chordKey_2_77,clients=50
1778007312795,PUT_HOP,0,2,chordKey_40_90,
1778007312795,GET,25,2,chordKey_44_80,clients=50
1778007312796,PUT_HOP,0,2,chordKey_47_87,
1778007312796,PUT,0,0,chordKey_44_81,clients=50
1778007312796,GET,24,2,chordKey_40_90,clients=50
1778007312796,PUT_HOP,0,2,chordKey_13_65,
1778007312797,PUT,0,0,chordKey_40_91,clients=50
1778007312797,GET,24,2,chordKey_13_65,clients=50
1778007312798,GET,24,2,chordKey_47_87,clients=50
1778007312798,PUT,0,0,chordKey_13_66,clients=50
1778007312798,PUT,0,0,chordKey_47_88,clients=50
1778007312799,PUT_HOP,0,2,chordKey_25_66,
1778007312799,PUT_HOP,0,2,chordKey_27_99,
1778007312800,PUT_HOP,0,2,chordKey_11_60,
1778007312800,GET,25,2,chordKey_27_99,clients=50
1778007312801,GET,25,2,chordKey_25_66,clients=50
1778007312801,PUT_HOP,0,2,chordKey_17_86,
1778007312801,GET,24,2,chordKey_11_60,clients=50
1778007312802,PUT,0,0,chordKey_25_67,clients=50
1778007312802,PUT_HOP,0,2,chordKey_16_74,
1778007312802,GET,24,2,chordKey_17_86,clients=50
1778007312802,PUT,0,0,chordKey_11_61,clients=50
1778007312802,PUT_HOP,0,2,chordKey_31_92,
1778007312803,PUT,0,0,chordKey_17_87,clients=50
1778007312803,GET,24,2,chordKey_31_92,clients=50
1778007312804,PUT_HOP,0,2,chordKey_49_98,
1778007312804,PUT_HOP,0,2,chordKey_8_93,
1778007312804,PUT,0,0,chordKey_31_93,clients=50
1778007312803,GET,24,2,chordKey_16_74,clients=50
1778007312805,PUT,0,0,chordKey_16_75,clients=50
1778007312806,PUT_HOP,0,2,chordKey_29_99,
1778007312806,GET,25,2,chordKey_8_93,clients=50
1778007312807,PUT,0,0,chordKey_8_94,clients=50
1778007312807,GET,24,2,chordKey_29_99,clients=50
1778007312807,PUT_HOP,0,2,chordKey_7_80,
1778007312807,GET,25,2,chordKey_49_98,clients=50
1778007312808,PUT,0,0,chordKey_49_99,clients=50
1778007312809,PUT_HOP,0,2,chordKey_22_96,
1778007312809,GET,24,2,chordKey_7_80,clients=50
1778007312810,PUT,0,0,chordKey_7_81,clients=50
1778007312810,PUT_HOP,0,2,chordKey_19_64,
1778007312810,GET,24,2,chordKey_22_96,clients=50
1778007312811,GET,23,2,chordKey_19_64,clients=50
1778007312811,PUT,0,0,chordKey_22_97,clients=50
1778007312811,PUT,0,0,chordKey_19_65,clients=50
1778007312812,PUT_HOP,0,2,chordKey_24_99,
1778007312813,PUT_HOP,0,2,chordKey_2_77,
1778007312814,GET,23,2,chordKey_24_99,clients=50
1778007312815,GET,23,2,chordKey_2_77,clients=50
1778007312815,PUT,0,0,chordKey_2_78,clients=50
1778007312816,PUT_HOP,0,2,chordKey_44_81,
1778007312816,PUT_HOP,0,2,chordKey_40_91,
1778007312817,GET,20,2,chordKey_44_81,clients=50
1778007312817,PUT,0,0,chordKey_44_82,clients=50
1778007312817,GET,20,2,chordKey_40_91,clients=50
1778007312818,PUT_HOP,0,2,chordKey_47_88,
1778007312818,PUT,0,0,chordKey_40_92,clients=50
1778007312818,PUT_HOP,0,2,chordKey_13_66,
1778007312819,GET,20,2,chordKey_13_66,clients=50
1778007312819,GET,20,2,chordKey_47_88,clients=50
1778007312819,PUT,0,0,chordKey_13_67,clients=50
1778007312820,PUT,0,0,chordKey_47_89,clients=50
1778007312820,PUT_HOP,0,2,chordKey_25_67,
1778007312821,PUT_HOP,0,2,chordKey_11_61,
1778007312821,GET,18,2,chordKey_25_67,clients=50
1778007312821,PUT,0,0,chordKey_25_68,clients=50
1778007312822,PUT_HOP,0,2,chordKey_17_87,
1778007312822,GET,19,2,chordKey_11_61,clients=50
1778007312823,PUT,0,0,chordKey_11_62,clients=50
1778007312823,PUT_HOP,0,2,chordKey_31_93,
1778007312823,GET,19,2,chordKey_17_87,clients=50
1778007312823,PUT_HOP,0,2,chordKey_16_75,
1778007312824,GET,19,2,chordKey_31_93,clients=50
1778007312824,PUT,0,0,chordKey_17_88,clients=50
1778007312824,PUT,0,0,chordKey_31_94,clients=50
1778007312824,PUT_HOP,0,2,chordKey_8_94,
1778007312824,GET,18,2,chordKey_16_75,clients=50
1778007312825,PUT,0,0,chordKey_16_76,clients=50
1778007312826,PUT_HOP,0,2,chordKey_49_99,
1778007312826,GET,18,2,chordKey_8_94,clients=50
1778007312827,PUT,0,0,chordKey_8_95,clients=50
1778007312827,GET,18,2,chordKey_49_99,clients=50
1778007312828,PUT_HOP,0,2,chordKey_7_81,
1778007312828,GET,18,2,chordKey_7_81,clients=50
1778007312828,PUT_HOP,0,2,chordKey_22_97,
1778007312829,PUT,0,0,chordKey_7_82,clients=50
1778007312829,PUT_HOP,0,2,chordKey_19_65,
1778007312830,GET,18,2,chordKey_22_97,clients=50
1778007312831,PUT,0,0,chordKey_22_98,clients=50
1778007312831,GET,19,2,chordKey_19_65,clients=50
1778007312832,PUT,0,0,chordKey_19_66,clients=50
1778007312832,PUT_HOP,0,2,chordKey_2_78,
1778007312833,GET,17,2,chordKey_2_78,clients=50
1778007312833,PUT_HOP,0,2,chordKey_44_82,
1778007312834,PUT,0,0,chordKey_2_79,clients=50
1778007312834,PUT_HOP,0,2,chordKey_40_92,
1778007312835,GET,17,2,chordKey_44_82,clients=50
1778007312835,PUT_HOP,0,2,chordKey_13_67,
1778007312835,GET,16,2,chordKey_40_92,clients=50
1778007312835,PUT_HOP,0,2,chordKey_47_89,
1778007312835,PUT,0,0,chordKey_44_83,clients=50
1778007312836,PUT,0,0,chordKey_40_93,clients=50
1778007312837,PUT_HOP,0,2,chordKey_25_68,
1778007312837,GET,16,2,chordKey_13_67,clients=50
1778007312837,PUT,0,0,chordKey_13_68,clients=50
1778007312838,GET,16,2,chordKey_25_68,clients=50
1778007312838,PUT_HOP,0,2,chordKey_11_62,
1778007312838,GET,17,2,chordKey_47_89,clients=50
1778007312838,PUT_HOP,0,2,chordKey_17_88,
1778007312838,PUT,0,0,chordKey_25_69,clients=50
1778007312839,PUT,0,0,chordKey_47_90,clients=50
1778007312839,PUT_HOP,0,2,chordKey_31_94,
1778007312839,GET,16,2,chordKey_11_62,clients=50
1778007312840,PUT,0,0,chordKey_11_63,clients=50
1778007312840,GET,15,2,chordKey_31_94,clients=50
1778007312841,PUT_HOP,0,2,chordKey_16_76,
1778007312840,GET,15,2,chordKey_17_88,clients=50
1778007312841,PUT,0,0,chordKey_31_95,clients=50
1778007312841,PUT_HOP,0,2,chordKey_8_95,
1778007312841,GET,15,2,chordKey_16_76,clients=50
1778007312841,PUT,0,0,chordKey_17_89,clients=50
1778007312842,PUT_HOP,0,2,chordKey_7_82,
1778007312842,PUT,0,0,chordKey_16_77,clients=50
1778007312843,GET,16,2,chordKey_8_95,clients=50
1778007312843,PUT,0,0,chordKey_8_96,clients=50
1778007312844,PUT_HOP,0,2,chordKey_22_98,
1778007312844,GET,15,2,chordKey_7_82,clients=50
1778007312845,PUT,0,0,chordKey_7_83,clients=50
1778007312845,PUT_HOP,0,2,chordKey_19_66,
1778007312845,GET,14,2,chordKey_22_98,clients=50
1778007312846,PUT,0,0,chordKey_22_99,clients=50
1778007312847,GET,14,2,chordKey_19_66,clients=50
1778007312847,PUT_HOP,0,2,chordKey_2_79,
1778007312847,PUT,0,0,chordKey_19_67,clients=50
1778007312848,PUT_HOP,0,2,chordKey_44_83,
1778007312849,GET,14,2,chordKey_2_79,clients=50
1778007312849,PUT_HOP,0,2,chordKey_40_93,
1778007312849,PUT,0,0,chordKey_2_80,clients=50
1778007312850,GET,13,2,chordKey_40_93,clients=50
1778007312850,PUT,0,0,chordKey_40_94,clients=50
1778007312851,GET,14,2,chordKey_44_83,clients=50
1778007312851,PUT_HOP,0,2,chordKey_13_68,
1778007312851,PUT,0,0,chordKey_44_84,clients=50
1778007312852,GET,14,2,chordKey_13_68,clients=50
1778007312852,PUT_HOP,0,2,chordKey_25_69,
1778007312852,PUT,0,0,chordKey_13_69,clients=50
1778007312852,PUT_HOP,0,2,chordKey_47_90,
1778007312854,GET,14,2,chordKey_25_69,clients=50
1778007312854,PUT,0,0,chordKey_25_70,clients=50
1778007312854,GET,15,2,chordKey_47_90,clients=50
1778007312855,PUT_HOP,0,2,chordKey_11_63,
1778007312855,PUT,0,0,chordKey_47_91,clients=50
1778007312856,PUT_HOP,0,2,chordKey_31_95,
1778007312856,GET,15,2,chordKey_11_63,clients=50
1778007312856,PUT_HOP,0,2,chordKey_17_89,
1778007312857,PUT,0,0,chordKey_11_64,clients=50
1778007312857,GET,15,2,chordKey_31_95,clients=50
1778007312857,PUT_HOP,0,2,chordKey_16_77,
1778007312858,PUT,0,0,chordKey_31_96,clients=50
1778007312858,GET,15,2,chordKey_17_89,clients=50
1778007312859,GET,15,2,chordKey_16_77,clients=50
1778007312859,PUT,0,0,chordKey_17_90,clients=50
1778007312859,PUT_HOP,0,2,chordKey_8_96,
1778007312859,PUT,0,0,chordKey_16_78,clients=50
1778007312861,PUT_HOP,0,2,chordKey_7_83,
1778007312861,GET,17,2,chordKey_8_96,clients=50
1778007312862,PUT_HOP,0,2,chordKey_22_99,
1778007312862,PUT,0,0,chordKey_8_97,clients=50
1778007312863,GET,17,2,chordKey_7_83,clients=50
1778007312863,GET,16,2,chordKey_22_99,clients=50
1778007312863,PUT,0,0,chordKey_7_84,clients=50
1778007312864,PUT_HOP,0,2,chordKey_19_67,
1778007312865,GET,17,2,chordKey_19_67,clients=50
1778007312865,PUT,0,0,chordKey_19_68,clients=50
1778007312865,PUT_HOP,0,2,chordKey_2_80,
1778007312866,GET,16,2,chordKey_2_80,clients=50
1778007312867,PUT_HOP,0,2,chordKey_40_94,
1778007312867,PUT,0,0,chordKey_2_81,clients=50
1778007312867,PUT_HOP,0,2,chordKey_44_84,
1778007312867,GET,16,2,chordKey_40_94,clients=50
1778007312868,GET,16,2,chordKey_44_84,clients=50
1778007312868,PUT_HOP,0,2,chordKey_13_69,
1778007312869,PUT,0,0,chordKey_44_85,clients=50
1778007312868,PUT,0,0,chordKey_40_95,clients=50
1778007312869,PUT_HOP,0,2,chordKey_25_70,
1778007312869,GET,16,2,chordKey_13_69,clients=50
1778007312870,PUT,0,0,chordKey_13_70,clients=50
1778007312870,GET,15,2,chordKey_25_70,clients=50
1778007312870,PUT_HOP,0,2,chordKey_47_91,
1778007312871,PUT,0,0,chordKey_25_71,clients=50
1778007312872,PUT_HOP,0,2,chordKey_11_64,
1778007312872,GET,16,2,chordKey_47_91,clients=50
1778007312872,PUT_HOP,0,2,chordKey_31_96,
1778007312873,PUT,0,0,chordKey_47_92,clients=50
1778007312873,GET,16,2,chordKey_11_64,clients=50
1778007312874,PUT_HOP,0,2,chordKey_17_90,
1778007312874,PUT,0,0,chordKey_11_65,clients=50
1778007312874,PUT_HOP,0,2,chordKey_16_78,
1778007312875,GET,16,2,chordKey_31_96,clients=50
1778007312875,PUT,0,0,chordKey_31_97,clients=50
1778007312876,GET,16,2,chordKey_16_78,clients=50
1778007312876,GET,16,2,chordKey_17_90,clients=50
1778007312877,PUT,0,0,chordKey_16_79,clients=50
1778007312877,PUT_HOP,0,2,chordKey_8_97,
1778007312877,PUT,0,0,chordKey_17_91,clients=50
1778007312878,GET,15,2,chordKey_8_97,clients=50
1778007312878,PUT,0,0,chordKey_8_98,clients=50
1778007312879,PUT_HOP,0,2,chordKey_7_84,
1778007312879,GET,15,2,chordKey_7_84,clients=50
1778007312880,PUT,0,0,chordKey_7_85,clients=50
1778007312880,PUT_HOP,0,2,chordKey_19_68,
1778007312880,GET,14,2,chordKey_19_68,clients=50
1778007312881,PUT_HOP,0,2,chordKey_2_81,
1778007312881,PUT,0,0,chordKey_19_69,clients=50
1778007312882,GET,14,2,chordKey_2_81,clients=50
1778007312882,PUT_HOP,0,2,chordKey_40_95,
1778007312882,PUT,0,0,chordKey_2_82,clients=50
1778007312883,PUT_HOP,0,2,chordKey_44_85,
1778007312884,GET,15,2,chordKey_44_85,clients=50
1778007312884,PUT_HOP,0,2,chordKey_13_70,
1778007312884,PUT,0,0,chordKey_44_86,clients=50
1778007312885,GET,15,2,chordKey_40_95,clients=50
1778007312885,PUT_HOP,0,2,chordKey_25_71,
1778007312885,GET,15,2,chordKey_13_70,clients=50
1778007312886,PUT,0,0,chordKey_40_96,clients=50
1778007312886,PUT,0,0,chordKey_13_71,clients=50
1778007312886,PUT_HOP,0,2,chordKey_47_92,
1778007312887,GET,15,2,chordKey_25_71,clients=50
1778007312887,PUT,0,0,chordKey_25_72,clients=50
1778007312888,PUT_HOP,0,2,chordKey_11_65,
1778007312888,GET,14,2,chordKey_47_92,clients=50
1778007312888,PUT,0,0,chordKey_47_93,clients=50
1778007312889,PUT_HOP,0,2,chordKey_31_97,
1778007312889,GET,15,2,chordKey_11_65,clients=50
1778007312890,PUT,0,0,chordKey_11_66,clients=50
1778007312890,GET,14,2,chordKey_31_97,clients=50
1778007312890,PUT_HOP,0,2,chordKey_16_79,
1778007312891,PUT_HOP,0,2,chordKey_17_91,
1778007312891,PUT,0,0,chordKey_31_98,clients=50
1778007312891,GET,14,2,chordKey_16_79,clients=50
1778007312892,PUT,0,0,chordKey_16_80,clients=50
1778007312892,GET,14,2,chordKey_17_91,clients=50
1778007312892,PUT_HOP,0,2,chordKey_8_98,
1778007312893,PUT,0,0,chordKey_17_92,clients=50
1778007312894,GET,14,2,chordKey_8_98,clients=50
1778007312894,PUT,0,0,chordKey_8_99,clients=50
1778007312895,PUT_HOP,0,2,chordKey_7_85,
1778007312895,GET,14,2,chordKey_7_85,clients=50
1778007312895,PUT,0,0,chordKey_7_86,clients=50
1778007312896,PUT_HOP,0,2,chordKey_19_69,
1778007312897,PUT_HOP,0,2,chordKey_2_82,
1778007312897,GET,15,2,chordKey_19_69,clients=50
1778007312897,PUT,0,0,chordKey_19_70,clients=50
1778007312898,PUT_HOP,0,2,chordKey_44_86,
1778007312898,GET,15,2,chordKey_2_82,clients=50
1778007312899,PUT,0,0,chordKey_2_83,clients=50
1778007312899,GET,14,2,chordKey_44_86,clients=50
1778007312900,PUT,0,0,chordKey_44_87,clients=50
1778007312900,PUT_HOP,0,2,chordKey_40_96,
1778007312900,PUT_HOP,0,2,chordKey_13_71,
1778007312901,GET,15,2,chordKey_40_96,clients=50
1778007312902,GET,15,2,chordKey_13_71,clients=50
1778007312902,PUT,0,0,chordKey_40_97,clients=50
1778007312902,PUT,0,0,chordKey_13_72,clients=50
1778007312902,PUT_HOP,0,2,chordKey_25_72,
1778007312903,PUT_HOP,0,2,chordKey_47_93,
1778007312903,GET,15,2,chordKey_25_72,clients=50
1778007312904,PUT,0,0,chordKey_25_73,clients=50
1778007312904,GET,15,2,chordKey_47_93,clients=50
1778007312904,PUT_HOP,0,2,chordKey_11_66,
1778007312905,PUT,0,0,chordKey_47_94,clients=50
1778007312905,PUT_HOP,0,2,chordKey_31_98,
1778007312905,GET,14,2,chordKey_11_66,clients=50
1778007312906,PUT,0,0,chordKey_11_67,clients=50
1778007312906,PUT_HOP,0,2,chordKey_16_80,
1778007312906,GET,15,2,chordKey_31_98,clients=50
1778007312907,PUT,0,0,chordKey_31_99,clients=50
1778007312907,PUT_HOP,0,2,chordKey_17_92,
1778007312908,GET,15,2,chordKey_16_80,clients=50
1778007312908,PUT,0,0,chordKey_16_81,clients=50
1778007312908,PUT_HOP,0,2,chordKey_8_99,
1778007312908,GET,14,2,chordKey_17_92,clients=50
1778007312909,PUT,0,0,chordKey_17_93,clients=50
1778007312910,PUT_HOP,0,2,chordKey_7_86,
1778007312910,GET,15,2,chordKey_8_99,clients=50
1778007312911,GET,15,2,chordKey_7_86,clients=50
1778007312911,PUT_HOP,0,2,chordKey_19_70,
1778007312911,PUT,0,0,chordKey_7_87,clients=50
1778007312913,GET,15,2,chordKey_19_70,clients=50
1778007312913,PUT_HOP,0,2,chordKey_2_83,
1778007312913,PUT,0,0,chordKey_19_71,clients=50
1778007312914,GET,15,2,chordKey_2_83,clients=50
1778007312914,PUT_HOP,0,2,chordKey_44_87,
1778007312914,PUT,0,0,chordKey_2_84,clients=50
1778007312915,GET,14,2,chordKey_44_87,clients=50
1778007312915,PUT_HOP,0,2,chordKey_40_97,
1778007312916,PUT,0,0,chordKey_44_88,clients=50
1778007312916,PUT_HOP,0,2,chordKey_13_72,
1778007312918,GET,15,2,chordKey_40_97,clients=50
1778007312918,GET,15,2,chordKey_13_72,clients=50
1778007312918,PUT,0,0,chordKey_40_98,clients=50
1778007312918,PUT_HOP,0,2,chordKey_25_73,
1778007312918,PUT,0,0,chordKey_13_73,clients=50
1778007312918,PUT_HOP,0,2,chordKey_47_94,
1778007312919,GET,15,2,chordKey_25_73,clients=50
1778007312920,GET,14,2,chordKey_47_94,clients=50
1778007312920,PUT_HOP,0,2,chordKey_11_67,
1778007312920,PUT,0,0,chordKey_25_74,clients=50
1778007312920,PUT,0,0,chordKey_47_95,clients=50
1778007312920,GET,14,2,chordKey_11_67,clients=50
1778007312921,PUT_HOP,0,2,chordKey_31_99,
1778007312921,PUT,0,0,chordKey_11_68,clients=50
1778007312922,PUT_HOP,0,2,chordKey_16_81,
1778007312922,GET,14,2,chordKey_31_99,clients=50
1778007312923,GET,14,2,chordKey_16_81,clients=50
1778007312924,PUT_HOP,0,2,chordKey_17_93,
1778007312924,PUT,0,0,chordKey_16_82,clients=50
1778007312925,PUT_HOP,0,2,chordKey_7_87,
1778007312925,GET,15,2,chordKey_17_93,clients=50
1778007312925,PUT_HOP,0,2,chordKey_40_98,
1778007312925,PUT,0,0,chordKey_17_94,clients=50
1778007312926,GET,7,2,chordKey_40_98,clients=50
1778007312926,PUT,0,0,chordKey_40_99,clients=50
1778007312926,GET,14,2,chordKey_7_87,clients=50
1778007312927,PUT_HOP,0,2,chordKey_19_71,
1778007312927,PUT,0,0,chordKey_7_88,clients=50
1778007312928,PUT_HOP,0,2,chordKey_2_84,
1778007312928,GET,15,2,chordKey_19_71,clients=50
1778007312929,PUT,0,0,chordKey_19_72,clients=50
1778007312929,PUT_HOP,0,2,chordKey_44_88,
1778007312929,GET,14,2,chordKey_2_84,clients=50
1778007312930,PUT,0,0,chordKey_2_85,clients=50
1778007312930,GET,13,2,chordKey_44_88,clients=50
1778007312931,PUT,0,0,chordKey_44_89,clients=50
1778007312931,PUT_HOP,0,2,chordKey_13_73,
1778007312932,GET,12,2,chordKey_13_73,clients=50
1778007312932,PUT_HOP,0,2,chordKey_25_74,
1778007312932,PUT,0,0,chordKey_13_74,clients=50
1778007312933,PUT_HOP,0,2,chordKey_47_95,
1778007312933,GET,12,2,chordKey_25_74,clients=50
1778007312934,PUT,0,0,chordKey_25_75,clients=50
1778007312934,PUT_HOP,0,2,chordKey_11_68,
1778007312935,GET,14,2,chordKey_47_95,clients=50
1778007312935,GET,13,2,chordKey_11_68,clients=50
1778007312935,PUT,0,0,chordKey_47_96,clients=50
1778007312935,PUT_HOP,0,2,chordKey_16_82,
1778007312936,PUT,0,0,chordKey_11_69,clients=50
1778007312937,GET,12,2,chordKey_16_82,clients=50
1778007312937,PUT,0,0,chordKey_16_83,clients=50
1778007312939,PUT_HOP,0,2,chordKey_17_94,
1778007312939,GET,13,2,chordKey_17_94,clients=50
1778007312940,PUT,0,0,chordKey_17_95,clients=50
1778007312940,PUT_HOP,0,2,chordKey_40_99,
1778007312940,PUT_HOP,0,2,chordKey_7_88,
1778007312941,GET,13,2,chordKey_40_99,clients=50
1778007312941,PUT_HOP,0,2,chordKey_19_72,
1778007312941,GET,13,2,chordKey_7_88,clients=50
1778007312942,PUT,0,0,chordKey_7_89,clients=50
1778007312942,PUT_HOP,0,2,chordKey_11_69,
1778007312943,GET,13,2,chordKey_19_72,clients=50
1778007312943,PUT_HOP,0,2,chordKey_2_85,
1778007312943,PUT,0,0,chordKey_19_73,clients=50
1778007312944,GET,7,2,chordKey_11_69,clients=50
1778007312944,GET,13,2,chordKey_2_85,clients=50
1778007312944,PUT,0,0,chordKey_11_70,clients=50
1778007312945,PUT,0,0,chordKey_2_86,clients=50
1778007312945,PUT_HOP,0,2,chordKey_44_89,
1778007312945,GET,13,2,chordKey_44_89,clients=50
1778007312946,PUT,0,0,chordKey_44_90,clients=50
1778007312946,PUT_HOP,0,2,chordKey_13_74,
1778007312947,GET,14,2,chordKey_13_74,clients=50
1778007312947,PUT_HOP,0,2,chordKey_25_75,
1778007312947,PUT,0,0,chordKey_13_75,clients=50
1778007312948,GET,13,2,chordKey_25_75,clients=50
1778007312948,PUT_HOP,0,2,chordKey_47_96,
1778007312948,PUT,0,0,chordKey_25_76,clients=50
1778007312949,GET,13,2,chordKey_47_96,clients=50
1778007312949,PUT_HOP,0,2,chordKey_16_83,
1778007312950,PUT,0,0,chordKey_47_97,clients=50
1778007312951,GET,12,2,chordKey_16_83,clients=50
1778007312951,PUT,0,0,chordKey_16_84,clients=50
1778007312952,PUT_HOP,0,2,chordKey_17_95,
1778007312953,PUT_HOP,0,2,chordKey_7_89,
1778007312953,GET,12,2,chordKey_17_95,clients=50
1778007312953,PUT,0,0,chordKey_17_96,clients=50
1778007312954,PUT_HOP,0,2,chordKey_19_73,
1778007312955,GET,13,2,chordKey_7_89,clients=50
1778007312955,PUT_HOP,0,2,chordKey_11_70,
1778007312956,PUT,0,0,chordKey_7_90,clients=50
1778007312956,GET,12,2,chordKey_19_73,clients=50
1778007312957,GET,11,2,chordKey_11_70,clients=50
1778007312957,PUT_HOP,0,2,chordKey_2_86,
1778007312957,PUT,0,0,chordKey_19_74,clients=50
1778007312957,PUT,0,0,chordKey_11_71,clients=50
1778007312957,PUT_HOP,0,2,chordKey_44_90,
1778007312958,GET,12,2,chordKey_2_86,clients=50
1778007312958,PUT_HOP,0,2,chordKey_13_75,
1778007312958,GET,12,2,chordKey_44_90,clients=50
1778007312958,PUT,0,0,chordKey_2_87,clients=50
1778007312959,PUT,0,0,chordKey_44_91,clients=50
1778007312959,PUT_HOP,0,2,chordKey_25_76,
1778007312960,GET,12,2,chordKey_13_75,clients=50
1778007312960,PUT_HOP,0,2,chordKey_47_97,
1778007312961,GET,11,2,chordKey_25_76,clients=50
1778007312961,PUT,0,0,chordKey_13_76,clients=50
1778007312961,PUT,0,0,chordKey_25_77,clients=50
1778007312963,GET,13,2,chordKey_47_97,clients=50
1778007312964,PUT,0,0,chordKey_47_98,clients=50
1778007312964,PUT_HOP,0,2,chordKey_16_84,
1778007312965,PUT_HOP,0,2,chordKey_17_96,
1778007312965,GET,13,2,chordKey_16_84,clients=50
1778007312966,PUT,0,0,chordKey_16_85,clients=50
1778007312966,GET,12,2,chordKey_17_96,clients=50
1778007312966,PUT,0,0,chordKey_17_97,clients=50
1778007312967,PUT_HOP,0,2,chordKey_7_90,
1778007312967,GET,11,2,chordKey_7_90,clients=50
1778007312968,PUT_HOP,0,2,chordKey_19_74,
1778007312968,PUT,0,0,chordKey_7_91,clients=50
1778007312968,PUT_HOP,0,2,chordKey_11_71,
1778007312969,GET,11,2,chordKey_19_74,clients=50
1778007312969,PUT_HOP,0,2,chordKey_2_87,
1778007312969,GET,11,2,chordKey_11_71,clients=50
1778007312969,PUT,0,0,chordKey_19_75,clients=50
1778007312970,PUT_HOP,0,2,chordKey_44_91,
1778007312970,PUT,0,0,chordKey_11_72,clients=50
1778007312970,GET,11,2,chordKey_2_87,clients=50
1778007312971,PUT_HOP,0,2,chordKey_13_76,
1778007312971,PUT,0,0,chordKey_2_88,clients=50
1778007312971,GET,11,2,chordKey_44_91,clients=50
1778007312971,PUT_HOP,0,2,chordKey_25_77,
1778007312971,PUT,0,0,chordKey_44_92,clients=50
1778007312972,GET,10,2,chordKey_13_76,clients=50
1778007312972,PUT,0,0,chordKey_13_77,clients=50
1778007312973,GET,11,2,chordKey_25_77,clients=50
1778007312973,PUT,0,0,chordKey_25_78,clients=50
1778007312973,PUT_HOP,0,2,chordKey_47_98,
1778007312974,GET,9,2,chordKey_47_98,clients=50
1778007312974,PUT_HOP,0,2,chordKey_16_85,
1778007312974,PUT,0,0,chordKey_47_99,clients=50
1778007312975,PUT_HOP,0,2,chordKey_17_97,
1778007312976,GET,10,2,chordKey_16_85,clients=50
1778007312976,PUT,0,0,chordKey_16_86,clients=50
1778007312977,GET,9,2,chordKey_17_97,clients=50
1778007312977,PUT_HOP,0,2,chordKey_7_91,
1778007312978,PUT,0,0,chordKey_17_98,clients=50
1778007312977,GET,9,2,chordKey_7_91,clients=50
1778007312978,PUT_HOP,0,2,chordKey_19_75,
1778007312978,PUT,0,0,chordKey_7_92,clients=50
1778007312979,PUT_HOP,0,2,chordKey_11_72,
1778007312980,PUT_HOP,0,2,chordKey_2_88,
1778007312980,GET,9,2,chordKey_11_72,clients=50
1778007312980,PUT_HOP,0,2,chordKey_44_92,
1778007312981,PUT,0,0,chordKey_11_73,clients=50
1778007312980,GET,10,2,chordKey_19_75,clients=50
1778007312981,GET,10,2,chordKey_2_88,clients=50
1778007312981,PUT_HOP,0,2,chordKey_13_77,
1778007312982,GET,9,2,chordKey_44_92,clients=50
1778007312982,PUT,0,0,chordKey_2_89,clients=50
1778007312982,PUT,0,0,chordKey_19_76,clients=50
1778007312982,PUT,0,0,chordKey_44_93,clients=50
1778007312983,PUT_HOP,0,2,chordKey_25_78,
1778007312983,GET,10,2,chordKey_13_77,clients=50
1778007312984,PUT,0,0,chordKey_13_78,clients=50
1778007312984,PUT_HOP,0,2,chordKey_47_99,
1778007312985,GET,10,2,chordKey_25_78,clients=50
1778007312985,PUT,0,0,chordKey_25_79,clients=50
1778007312986,GET,11,2,chordKey_47_99,clients=50
1778007312986,PUT_HOP,0,2,chordKey_16_86,
1778007312987,GET,10,2,chordKey_16_86,clients=50
1778007312988,PUT_HOP,0,2,chordKey_17_98,
1778007312988,PUT,0,0,chordKey_16_87,clients=50
1778007312989,GET,10,2,chordKey_17_98,clients=50
1778007312989,PUT,0,0,chordKey_17_99,clients=50
1778007312989,PUT_HOP,0,2,chordKey_7_92,
1778007312990,GET,11,2,chordKey_7_92,clients=50
1778007312991,PUT_HOP,0,2,chordKey_11_73,
1778007312991,PUT,0,0,chordKey_7_93,clients=50
1778007312991,PUT_HOP,0,2,chordKey_19_76,
1778007312992,PUT_HOP,0,2,chordKey_2_89,
1778007312992,GET,10,2,chordKey_11_73,clients=50
1778007312992,PUT_HOP,0,2,chordKey_44_93,
1778007312993,PUT,0,0,chordKey_11_74,clients=50
1778007312993,GET,10,2,chordKey_2_89,clients=50
1778007312994,GET,10,2,chordKey_44_93,clients=50
1778007312994,PUT_HOP,0,2,chordKey_13_78,
1778007312994,PUT,0,0,chordKey_2_90,clients=50
1778007312995,PUT,0,0,chordKey_44_94,clients=50
1778007312994,GET,11,2,chordKey_19_76,clients=50
1778007312995,PUT_HOP,0,2,chordKey_25_79,
1778007312996,PUT,0,0,chordKey_19_77,clients=50
1778007312996,GET,11,2,chordKey_13_78,clients=50
1778007312996,GET,11,2,chordKey_25_79,clients=50
1778007312997,PUT,0,0,chordKey_13_79,clients=50
1778007312997,PUT,0,0,chordKey_25_80,clients=50
1778007312997,PUT_HOP,0,2,chordKey_16_87,
1778007312998,PUT_HOP,0,2,chordKey_17_99,
1778007312998,GET,8,2,chordKey_17_99,clients=50
1778007312999,GET,10,2,chordKey_16_87,clients=50
1778007313000,PUT,0,0,chordKey_16_88,clients=50
1778007313000,PUT_HOP,0,2,chordKey_7_93,
1778007313000,PUT_HOP,0,2,chordKey_11_74,
1778007313001,GET,9,2,chordKey_7_93,clients=50
1778007313002,PUT,0,0,chordKey_7_94,clients=50
1778007313002,GET,9,2,chordKey_11_74,clients=50
1778007313003,PUT,0,0,chordKey_11_75,clients=50
1778007313003,PUT_HOP,0,2,chordKey_2_90,
1778007313004,GET,8,2,chordKey_44_94,clients=50
1778007313004,PUT_HOP,0,2,chordKey_44_94,
1778007313004,PUT_HOP,0,2,chordKey_19_77,
1778007313004,PUT,0,0,chordKey_44_95,clients=50
1778007313004,GET,9,2,chordKey_2_90,clients=50
1778007313005,PUT,0,0,chordKey_2_91,clients=50
1778007313006,PUT_HOP,0,2,chordKey_25_80,
1778007313006,GET,10,2,chordKey_19_77,clients=50
1778007313007,GET,9,2,chordKey_13_79,clients=50
1778007313007,PUT_HOP,0,2,chordKey_13_79,
1778007313007,PUT,0,0,chordKey_13_80,clients=50
1778007313007,PUT,0,0,chordKey_19_78,clients=50
1778007313008,GET,10,2,chordKey_25_80,clients=50
1778007313009,PUT,0,0,chordKey_25_81,clients=50
1778007313010,PUT_HOP,0,2,chordKey_16_88,
1778007313011,GET,11,2,chordKey_16_88,clients=50
1778007313012,PUT,0,0,chordKey_16_89,clients=50
1778007313013,PUT_HOP,0,2,chordKey_7_94,
1778007313014,PUT_HOP,0,2,chordKey_11_75,
1778007313014,GET,11,2,chordKey_11_75,clients=50
1778007313015,GET,13,2,chordKey_7_94,clients=50
1778007313015,PUT,0,0,chordKey_11_76,clients=50
1778007313016,GET,10,2,chordKey_44_95,clients=50
1778007313016,PUT_HOP,0,2,chordKey_44_95,
1778007313015,PUT,0,0,chordKey_7_95,clients=50
1778007313016,PUT,0,0,chordKey_44_96,clients=50
1778007313017,PUT_HOP,0,2,chordKey_2_91,
1778007313020,GET,14,2,chordKey_2_91,clients=50
1778007313020,PUT,0,0,chordKey_2_92,clients=50
1778007313021,PUT_HOP,0,2,chordKey_19_78,
1778007313022,PUT_HOP,0,2,chordKey_13_80,
1778007313025,GET,16,2,chordKey_13_80,clients=50
1778007313025,GET,16,2,chordKey_25_81,clients=50
1778007313025,PUT,0,0,chordKey_13_81,clients=50
1778007313025,PUT,0,0,chordKey_25_82,clients=50
1778007313026,PUT_HOP,0,2,chordKey_25_81,
1778007313027,PUT_HOP,0,2,chordKey_16_89,
1778007313029,PUT_HOP,0,2,chordKey_44_96,
1778007313030,GET,21,2,chordKey_19_78,clients=50
1778007313030,GET,14,2,chordKey_11_76,clients=50
1778007313031,PUT,0,0,chordKey_19_79,clients=50
1778007313031,PUT,0,0,chordKey_11_77,clients=50
1778007313031,GET,14,2,chordKey_44_96,clients=50
1778007313031,GET,18,2,chordKey_16_89,clients=50
1778007313032,PUT_HOP,0,2,chordKey_7_95,
1778007313032,PUT,0,0,chordKey_44_97,clients=50
1778007313032,PUT_HOP,0,2,chordKey_11_76,
1778007313032,PUT,0,0,chordKey_16_90,clients=50
1778007313035,PUT_HOP,0,2,chordKey_13_81,
1778007313036,PUT_HOP,0,2,chordKey_2_92,
1778007313037,GET,20,2,chordKey_7_95,clients=50
1778007313037,PUT_HOP,0,2,chordKey_25_82,
1778007313038,PUT,0,0,chordKey_7_96,clients=50
1778007313041,GET,20,2,chordKey_2_92,clients=50
1778007313041,PUT,0,0,chordKey_2_93,clients=50
1778007313042,PUT_HOP,0,2,chordKey_44_97,
1778007313043,PUT_HOP,0,2,chordKey_19_79,
1778007313043,GET,17,2,chordKey_13_81,clients=50
1778007313044,GET,17,2,chordKey_25_82,clients=50
1778007313044,PUT_HOP,0,2,chordKey_11_77,
1778007313044,PUT,0,0,chordKey_13_82,clients=50
1778007313044,PUT,0,0,chordKey_25_83,clients=50
1778007313044,GET,13,2,chordKey_11_77,clients=50
1778007313045,GET,12,2,chordKey_16_90,clients=50
1778007313045,PUT,0,0,chordKey_11_78,clients=50
1778007313046,PUT,0,0,chordKey_16_91,clients=50
1778007313047,PUT_HOP,0,2,chordKey_16_90,
1778007313048,GET,16,2,chordKey_19_79,clients=50
1778007313048,PUT,0,0,chordKey_19_80,clients=50
1778007313050,GET,17,2,chordKey_44_97,clients=50
1778007313051,PUT,0,0,chordKey_44_98,clients=50
1778007313051,GET,13,2,chordKey_7_96,clients=50
1778007313052,PUT,0,0,chordKey_7_97,clients=50
1778007313052,PUT_HOP,0,2,chordKey_7_96,
1778007313053,PUT_HOP,0,2,chordKey_11_78,
1778007313054,PUT_HOP,0,2,chordKey_13_82,
1778007313054,PUT_HOP,0,2,chordKey_25_83,
1778007313055,GET,13,2,chordKey_2_93,clients=50
1778007313055,PUT_HOP,0,2,chordKey_19_80,
1778007313056,PUT,0,0,chordKey_2_94,clients=50
1778007313057,GET,12,2,chordKey_13_82,clients=50
1778007313057,PUT,0,0,chordKey_13_83,clients=50
1778007313057,PUT_HOP,0,2,chordKey_16_91,
1778007313058,PUT_HOP,0,2,chordKey_2_93,
1778007313058,GET,11,2,chordKey_11_78,clients=50
1778007313059,PUT,0,0,chordKey_11_79,clients=50
1778007313059,GET,12,2,chordKey_16_91,clients=50
1778007313059,PUT_HOP,0,2,chordKey_44_98,
1778007313059,PUT,0,0,chordKey_16_92,clients=50
1778007313059,GET,8,2,chordKey_44_98,clients=50
1778007313060,PUT,0,0,chordKey_44_99,clients=50
1778007313061,PUT_HOP,0,2,chordKey_7_97,
1778007313060,GET,11,2,chordKey_19_80,clients=50
1778007313060,GET,15,2,chordKey_25_83,clients=50
1778007313061,PUT,0,0,chordKey_19_81,clients=50
1778007313062,PUT,0,0,chordKey_25_84,clients=50
1778007313063,PUT_HOP,0,2,chordKey_2_94,
1778007313063,GET,10,2,chordKey_7_97,clients=50
1778007313064,PUT,0,0,chordKey_7_98,clients=50
1778007313064,PUT_HOP,0,2,chordKey_13_83,
1778007313064,GET,7,2,chordKey_2_94,clients=50
1778007313065,PUT,0,0,chordKey_2_95,clients=50
1778007313066,PUT_HOP,0,2,chordKey_11_79,
1778007313066,GET,8,2,chordKey_13_83,clients=50
1778007313067,GET,7,2,chordKey_11_79,clients=50
1778007313067,PUT_HOP,0,2,chordKey_16_92,
1778007313067,PUT,0,0,chordKey_13_84,clients=50
1778007313067,PUT,0,0,chordKey_11_80,clients=50
1778007313067,PUT_HOP,0,2,chordKey_44_99,
1778007313067,GET,7,2,chordKey_16_92,clients=50
1778007313068,PUT,0,0,chordKey_16_93,clients=50
1778007313069,PUT_HOP,0,2,chordKey_19_81,
1778007313069,GET,8,2,chordKey_44_99,clients=50
1778007313070,PUT_HOP,0,2,chordKey_25_84,
1778007313070,GET,7,2,chordKey_25_84,clients=50
1778007313069,GET,7,2,chordKey_19_81,clients=50
1778007313070,PUT,0,0,chordKey_25_85,clients=50
1778007313070,PUT_HOP,0,2,chordKey_7_98,
1778007313071,PUT,0,0,chordKey_19_82,clients=50
1778007313071,PUT_HOP,0,2,chordKey_2_95,
1778007313072,GET,7,2,chordKey_7_98,clients=50
1778007313072,PUT_HOP,0,2,chordKey_11_80,
1778007313072,PUT,0,0,chordKey_7_99,clients=50
1778007313073,PUT_HOP,0,2,chordKey_13_84,
1778007313073,GET,8,2,chordKey_2_95,clients=50
1778007313074,PUT,0,0,chordKey_2_96,clients=50
1778007313076,PUT_HOP,0,2,chordKey_16_93,
1778007313076,GET,8,2,chordKey_13_84,clients=50
1778007313076,PUT,0,0,chordKey_13_85,clients=50
1778007313077,GET,9,2,chordKey_11_80,clients=50
1778007313076,GET,7,2,chordKey_16_93,clients=50
1778007313077,PUT,0,0,chordKey_11_81,clients=50
1778007313077,PUT_HOP,0,2,chordKey_25_85,
1778007313077,PUT,0,0,chordKey_16_94,clients=50
1778007313077,PUT_HOP,0,2,chordKey_19_82,
1778007313079,GET,8,2,chordKey_25_85,clients=50
1778007313079,PUT_HOP,0,2,chordKey_7_99,
1778007313079,PUT,0,0,chordKey_25_86,clients=50
1778007313080,GET,8,2,chordKey_19_82,clients=50
1778007313080,GET,7,2,chordKey_7_99,clients=50
1778007313080,PUT,0,0,chordKey_19_83,clients=50
1778007313081,PUT_HOP,0,2,chordKey_2_96,
1778007313082,GET,7,2,chordKey_2_96,clients=50
1778007313082,PUT_HOP,0,2,chordKey_13_85,
1778007313082,PUT,0,0,chordKey_2_97,clients=50
1778007313083,PUT_HOP,0,2,chordKey_11_81,
1778007313084,PUT_HOP,0,2,chordKey_16_94,
1778007313084,GET,7,2,chordKey_13_85,clients=50
1778007313085,GET,7,2,chordKey_11_81,clients=50
1778007313085,PUT,0,0,chordKey_13_86,clients=50
1778007313085,PUT,0,0,chordKey_11_82,clients=50
1778007313086,PUT_HOP,0,2,chordKey_25_86,
1778007313086,GET,7,2,chordKey_16_94,clients=50
1778007313086,PUT,0,0,chordKey_16_95,clients=50
1778007313087,PUT_HOP,0,2,chordKey_19_83,
1778007313087,GET,7,2,chordKey_25_86,clients=50
1778007313088,PUT_HOP,0,2,chordKey_2_97,
1778007313088,PUT,0,0,chordKey_25_87,clients=50
1778007313088,GET,7,2,chordKey_19_83,clients=50
1778007313089,PUT,0,0,chordKey_19_84,clients=50
1778007313089,GET,6,2,chordKey_2_97,clients=50
1778007313090,PUT_HOP,0,2,chordKey_13_86,
1778007313090,PUT_HOP,0,2,chordKey_11_82,
1778007313090,PUT,0,0,chordKey_2_98,clients=50
1778007313091,GET,5,2,chordKey_13_86,clients=50
1778007313091,PUT,0,0,chordKey_13_87,clients=50
1778007313091,PUT_HOP,0,2,chordKey_16_95,
1778007313092,GET,5,2,chordKey_11_82,clients=50
1778007313092,PUT,0,0,chordKey_11_83,clients=50
1778007313093,PUT_HOP,0,2,chordKey_25_87,
1778007313093,GET,6,2,chordKey_16_95,clients=50
1778007313093,PUT,0,0,chordKey_16_96,clients=50
1778007313094,GET,5,2,chordKey_25_87,clients=50
1778007313094,PUT_HOP,0,2,chordKey_19_84,
1778007313095,PUT,0,0,chordKey_25_88,clients=50
1778007313095,GET,6,2,chordKey_19_84,clients=50
1778007313096,PUT,0,0,chordKey_19_85,clients=50
1778007313097,PUT_HOP,0,2,chordKey_2_98,
1778007313098,GET,7,2,chordKey_2_98,clients=50
1778007313098,PUT,0,0,chordKey_2_99,clients=50
1778007313099,PUT_HOP,0,2,chordKey_11_83,
1778007313099,PUT_HOP,0,2,chordKey_13_87,
1778007313101,GET,8,2,chordKey_11_83,clients=50
1778007313101,PUT_HOP,0,2,chordKey_16_96,
1778007313101,GET,9,2,chordKey_13_87,clients=50
1778007313101,PUT,0,0,chordKey_11_84,clients=50
1778007313102,GET,8,2,chordKey_16_96,clients=50
1778007313102,PUT_HOP,0,2,chordKey_25_88,
1778007313102,PUT,0,0,chordKey_16_97,clients=50
1778007313102,PUT,0,0,chordKey_13_88,clients=50
1778007313103,PUT_HOP,0,2,chordKey_19_85,
1778007313103,GET,7,2,chordKey_25_88,clients=50
1778007313103,PUT,0,0,chordKey_25_89,clients=50
1778007313104,GET,7,2,chordKey_19_85,clients=50
1778007313104,PUT_HOP,0,2,chordKey_2_99,
1778007313104,PUT,0,0,chordKey_19_86,clients=50
1778007313105,PUT_HOP,0,2,chordKey_11_84,
1778007313106,GET,6,2,chordKey_2_99,clients=50
1778007313106,PUT_HOP,0,2,chordKey_13_88,
1778007313107,PUT_HOP,0,2,chordKey_16_97,
1778007313108,GET,5,2,chordKey_16_97,clients=50
1778007313108,PUT_HOP,0,2,chordKey_25_89,
1778007313108,GET,6,2,chordKey_11_84,clients=50
1778007313109,PUT,0,0,chordKey_16_98,clients=50
1778007313109,PUT_HOP,0,2,chordKey_19_86,
1778007313109,GET,6,2,chordKey_13_88,clients=50
1778007313110,GET,5,2,chordKey_25_89,clients=50
1778007313109,PUT,0,0,chordKey_11_85,clients=50
1778007313110,PUT,0,0,chordKey_25_90,clients=50
1778007313110,PUT,0,0,chordKey_13_89,clients=50
1778007313110,GET,5,2,chordKey_19_86,clients=50
1778007313112,PUT,0,0,chordKey_19_87,clients=50
1778007313112,PUT_HOP,0,2,chordKey_16_98,
1778007313113,PUT_HOP,0,2,chordKey_11_85,
1778007313113,PUT_HOP,0,2,chordKey_13_89,
1778007313114,GET,4,2,chordKey_16_98,clients=50
1778007313114,PUT,0,0,chordKey_16_99,clients=50
1778007313114,PUT_HOP,0,2,chordKey_25_90,
1778007313118,GET,7,2,chordKey_11_85,clients=50
1778007313118,PUT_HOP,0,2,chordKey_19_87,
1778007313119,PUT,0,0,chordKey_11_86,clients=50
1778007313120,GET,9,2,chordKey_25_90,clients=50
1778007313121,GET,8,2,chordKey_19_87,clients=50
1778007313121,PUT,0,0,chordKey_25_91,clients=50
1778007313121,PUT_HOP,0,2,chordKey_16_99,
1778007313121,GET,9,2,chordKey_13_89,clients=50
1778007313121,PUT,0,0,chordKey_19_88,clients=50
1778007313122,PUT,0,0,chordKey_13_90,clients=50
1778007313122,GET,7,2,chordKey_16_99,clients=50
1778007313124,PUT_HOP,0,2,chordKey_11_86,
1778007313124,GET,5,2,chordKey_11_86,clients=50
1778007313124,PUT_HOP,0,2,chordKey_25_91,
1778007313125,PUT,0,0,chordKey_11_87,clients=50
1778007313125,PUT_HOP,0,2,chordKey_19_88,
1778007313126,PUT_HOP,0,2,chordKey_13_90,
1778007313126,GET,4,2,chordKey_25_91,clients=50
1778007313126,PUT,0,0,chordKey_25_92,clients=50
1778007313127,GET,4,2,chordKey_19_88,clients=50
1778007313127,GET,4,2,chordKey_13_90,clients=50
1778007313127,PUT,0,0,chordKey_19_89,clients=50
1778007313128,PUT,0,0,chordKey_13_91,clients=50
1778007313129,PUT_HOP,0,2,chordKey_11_87,
1778007313129,GET,4,2,chordKey_11_87,clients=50
1778007313130,PUT_HOP,0,2,chordKey_25_92,
1778007313130,PUT,0,0,chordKey_11_88,clients=50
1778007313131,PUT_HOP,0,2,chordKey_19_89,
1778007313132,GET,4,2,chordKey_25_92,clients=50
1778007313132,PUT_HOP,0,2,chordKey_13_91,
1778007313132,PUT,0,0,chordKey_25_93,clients=50
1778007313132,GET,4,2,chordKey_19_89,clients=50
1778007313133,GET,4,2,chordKey_13_91,clients=50
1778007313133,PUT_HOP,0,2,chordKey_11_88,
1778007313133,PUT,0,0,chordKey_19_90,clients=50
1778007313133,PUT,0,0,chordKey_13_92,clients=50
1778007313135,GET,4,2,chordKey_11_88,clients=50
1778007313135,PUT_HOP,0,2,chordKey_25_93,
1778007313135,PUT,0,0,chordKey_11_89,clients=50
1778007313136,PUT_HOP,0,2,chordKey_19_90,
1778007313137,PUT_HOP,0,2,chordKey_13_92,
1778007313137,GET,4,2,chordKey_25_93,clients=50
1778007313138,GET,4,2,chordKey_19_90,clients=50
1778007313138,PUT,0,0,chordKey_25_94,clients=50
1778007313138,PUT,0,0,chordKey_19_91,clients=50
1778007313138,PUT_HOP,0,2,chordKey_11_89,
1778007313138,GET,4,2,chordKey_13_92,clients=50
1778007313139,PUT,0,0,chordKey_13_93,clients=50
1778007313140,GET,4,2,chordKey_11_89,clients=50
1778007313140,PUT,0,0,chordKey_11_90,clients=50
1778007313140,PUT_HOP,0,2,chordKey_25_94,
1778007313141,PUT_HOP,0,2,chordKey_19_91,
1778007313142,GET,3,2,chordKey_25_94,clients=50
1778007313142,PUT_HOP,0,2,chordKey_13_93,
1778007313143,PUT,0,0,chordKey_25_95,clients=50
1778007313143,GET,4,2,chordKey_19_91,clients=50
1778007313143,PUT_HOP,0,2,chordKey_11_90,
1778007313143,GET,3,2,chordKey_13_93,clients=50
1778007313144,PUT,0,0,chordKey_19_92,clients=50
1778007313144,PUT,0,0,chordKey_13_94,clients=50
1778007313145,GET,4,2,chordKey_11_90,clients=50
1778007313145,PUT,0,0,chordKey_11_91,clients=50
1778007313146,PUT_HOP,0,2,chordKey_25_95,
1778007313147,GET,3,2,chordKey_25_95,clients=50
1778007313147,PUT,0,0,chordKey_25_96,clients=50
1778007313148,PUT_HOP,0,2,chordKey_19_92,
1778007313148,PUT_HOP,0,2,chordKey_13_94,
1778007313148,PUT_HOP,0,2,chordKey_11_91,
1778007313149,GET,4,2,chordKey_19_92,clients=50
1778007313149,GET,4,2,chordKey_13_94,clients=50
1778007313149,PUT,0,0,chordKey_19_93,clients=50
1778007313150,PUT,0,0,chordKey_13_95,clients=50
1778007313150,GET,4,2,chordKey_11_91,clients=50
1778007313151,PUT,0,0,chordKey_11_92,clients=50
1778007313151,PUT_HOP,0,2,chordKey_25_96,
1778007313152,GET,3,2,chordKey_25_96,clients=50
1778007313152,PUT_HOP,0,2,chordKey_19_93,
1778007313152,PUT,0,0,chordKey_25_97,clients=50
1778007313153,PUT_HOP,0,2,chordKey_13_95,
1778007313154,GET,4,2,chordKey_19_93,clients=50
1778007313154,PUT_HOP,0,2,chordKey_11_92,
1778007313154,GET,4,2,chordKey_13_95,clients=50
1778007313155,PUT,0,0,chordKey_19_94,clients=50
1778007313155,PUT,0,0,chordKey_13_96,clients=50
1778007313155,PUT_HOP,0,2,chordKey_25_97,
1778007313155,GET,4,2,chordKey_11_92,clients=50
1778007313156,PUT,0,0,chordKey_11_93,clients=50
1778007313157,GET,4,2,chordKey_25_97,clients=50
1778007313158,PUT_HOP,0,2,chordKey_19_94,
1778007313160,GET,3,2,chordKey_11_93,clients=50
1778007313159,PUT_HOP,0,2,chordKey_11_93,
1778007313159,GET,3,2,chordKey_13_96,clients=50
1778007313158,PUT_HOP,0,2,chordKey_13_96,
1778007313159,GET,3,2,chordKey_19_94,clients=50
1778007313167,PUT,0,0,chordKey_13_97,clients=50
1778007313168,PUT,0,0,chordKey_19_95,clients=50
1778007313167,PUT,0,0,chordKey_11_94,clients=50
1778007313167,PUT,0,0,chordKey_25_98,clients=50
1778007313173,PUT_HOP,0,2,chordKey_25_98,
1778007313173,PUT_HOP,0,2,chordKey_11_94,
1778007313174,PUT_HOP,0,2,chordKey_13_97,
1778007313174,PUT_HOP,0,2,chordKey_19_95,
1778007313175,GET,6,2,chordKey_13_97,clients=50
1778007313175,GET,5,2,chordKey_19_95,clients=50
1778007313175,PUT,0,0,chordKey_13_98,clients=50
1778007313175,GET,5,2,chordKey_11_94,clients=50
1778007313176,GET,6,2,chordKey_25_98,clients=50
1778007313176,PUT,0,0,chordKey_11_95,clients=50
1778007313176,PUT,0,0,chordKey_25_99,clients=50
1778007313176,PUT,0,0,chordKey_19_96,clients=50
1778007313178,PUT_HOP,0,2,chordKey_13_98,
1778007313179,PUT_HOP,0,2,chordKey_19_96,
1778007313179,PUT_HOP,0,2,chordKey_11_95,
1778007313180,PUT_HOP,0,2,chordKey_25_99,
1778007313180,GET,4,2,chordKey_13_98,clients=50
1778007313181,PUT,0,0,chordKey_13_99,clients=50
1778007313181,GET,4,2,chordKey_11_95,clients=50
1778007313182,GET,4,2,chordKey_19_96,clients=50
1778007313181,GET,4,2,chordKey_25_99,clients=50
1778007313182,PUT,0,0,chordKey_19_97,clients=50
1778007313182,PUT,0,0,chordKey_11_96,clients=50
1778007313184,PUT_HOP,0,2,chordKey_13_99,
1778007313185,PUT_HOP,0,2,chordKey_11_96,
1778007313185,GET,3,2,chordKey_13_99,clients=50
1778007313185,PUT_HOP,0,2,chordKey_19_97,
1778007313186,GET,3,2,chordKey_19_97,clients=50
1778007313186,PUT,0,0,chordKey_19_98,clients=50
1778007313186,GET,3,2,chordKey_11_96,clients=50
1778007313187,PUT,0,0,chordKey_11_97,clients=50
1778007313189,PUT_HOP,0,2,chordKey_19_98,
1778007313190,PUT_HOP,0,2,chordKey_11_97,
1778007313190,GET,3,2,chordKey_19_98,clients=50
1778007313191,PUT,0,0,chordKey_19_99,clients=50
1778007313191,GET,3,2,chordKey_11_97,clients=50
1778007313191,PUT,0,0,chordKey_11_98,clients=50
1778007313193,PUT_HOP,0,2,chordKey_19_99,
1778007313194,PUT_HOP,0,2,chordKey_11_98,
1778007313194,GET,3,2,chordKey_19_99,clients=50
1778007313195,GET,3,2,chordKey_11_98,clients=50
1778007313195,PUT,0,0,chordKey_11_99,clients=50
1778007313198,PUT_HOP,0,2,chordKey_11_99,
1778007313199,GET,3,2,chordKey_11_99,clients=50
1778007315041,GET,10011,0,chordKey_9_2,clients=50
1778007315042,PUT,0,0,chordKey_9_3,clients=50
1778007315047,PUT_HOP,0,2,chordKey_9_3,
1778007315047,GET,4,2,chordKey_9_3,clients=50
1778007315048,PUT,0,0,chordKey_9_4,clients=50
1778007315051,PUT_HOP,0,2,chordKey_9_4,
1778007315052,GET,3,2,chordKey_9_4,clients=50
1778007315053,PUT,0,0,chordKey_9_5,clients=50
1778007315057,PUT_HOP,0,2,chordKey_9_5,
1778007315059,GET,5,2,chordKey_9_5,clients=50
1778007315059,PUT,0,0,chordKey_9_6,clients=50
1778007315063,PUT_HOP,0,2,chordKey_9_6,
1778007315066,GET,4,2,chordKey_9_6,clients=50
1778007315066,PUT,0,0,chordKey_9_7,clients=50
1778007315069,PUT_HOP,0,2,chordKey_9_7,
1778007315070,GET,3,2,chordKey_9_7,clients=50
1778007315071,PUT,0,0,chordKey_9_8,clients=50
1778007315074,PUT_HOP,0,2,chordKey_9_8,
1778007315075,GET,3,2,chordKey_9_8,clients=50
1778007315076,PUT,0,0,chordKey_9_9,clients=50
1778007315079,PUT_HOP,0,2,chordKey_9_9,
1778007315080,GET,3,2,chordKey_9_9,clients=50
1778007315080,PUT,0,0,chordKey_9_10,clients=50
1778007315083,PUT_HOP,0,2,chordKey_9_10,
1778007315084,GET,3,2,chordKey_9_10,clients=50
1778007315085,PUT,0,0,chordKey_9_11,clients=50
1778007315088,PUT_HOP,0,2,chordKey_9_11,
1778007315090,GET,5,2,chordKey_9_11,clients=50
1778007315091,PUT,0,0,chordKey_9_12,clients=50
1778007315094,PUT_HOP,0,2,chordKey_9_12,
1778007315096,GET,4,2,chordKey_9_12,clients=50
1778007315096,PUT,0,0,chordKey_9_13,clients=50
1778007315100,PUT_HOP,0,2,chordKey_9_13,
1778007315101,GET,3,2,chordKey_9_13,clients=50
1778007315101,PUT,0,0,chordKey_9_14,clients=50
1778007315104,PUT_HOP,0,2,chordKey_9_14,
1778007315105,GET,3,2,chordKey_9_14,clients=50
1778007315106,PUT,0,0,chordKey_9_15,clients=50
1778007315108,PUT_HOP,0,2,chordKey_9_15,
1778007315110,GET,3,2,chordKey_9_15,clients=50
1778007315110,PUT,0,0,chordKey_9_16,clients=50
1778007315113,PUT_HOP,0,2,chordKey_9_16,
1778007315114,GET,3,2,chordKey_9_16,clients=50
1778007315115,PUT,0,0,chordKey_9_17,clients=50
1778007315117,PUT_HOP,0,2,chordKey_9_17,
1778007315119,GET,3,2,chordKey_9_17,clients=50
1778007315119,PUT,0,0,chordKey_9_18,clients=50
1778007315121,PUT_HOP,0,2,chordKey_9_18,
1778007315123,GET,3,2,chordKey_9_18,clients=50
1778007315123,PUT,0,0,chordKey_9_19,clients=50
1778007315127,PUT_HOP,0,2,chordKey_9_19,
1778007315128,GET,4,2,chordKey_9_19,clients=50
1778007315129,PUT,0,0,chordKey_9_20,clients=50
1778007315132,PUT_HOP,0,2,chordKey_9_20,
1778007315134,GET,4,2,chordKey_9_20,clients=50
1778007315135,PUT,0,0,chordKey_9_21,clients=50
1778007315141,PUT_HOP,0,2,chordKey_9_21,
1778007315142,GET,6,2,chordKey_9_21,clients=50
1778007315143,PUT,0,0,chordKey_9_22,clients=50
1778007315145,PUT_HOP,0,2,chordKey_9_22,
1778007315147,GET,3,2,chordKey_9_22,clients=50
1778007315148,PUT,0,0,chordKey_9_23,clients=50
1778007315151,PUT_HOP,0,2,chordKey_9_23,
1778007315152,GET,3,2,chordKey_9_23,clients=50
1778007315152,PUT,0,0,chordKey_9_24,clients=50
1778007315155,PUT_HOP,0,2,chordKey_9_24,
1778007315156,GET,3,2,chordKey_9_24,clients=50
1778007315157,PUT,0,0,chordKey_9_25,clients=50
1778007315159,PUT_HOP,0,2,chordKey_9_25,
1778007315160,GET,3,2,chordKey_9_25,clients=50
1778007315161,PUT,0,0,chordKey_9_26,clients=50
1778007315163,PUT_HOP,0,2,chordKey_9_26,
1778007315165,GET,3,2,chordKey_9_26,clients=50
1778007315165,PUT,0,0,chordKey_9_27,clients=50
1778007315168,PUT_HOP,0,2,chordKey_9_27,
1778007315169,GET,3,2,chordKey_9_27,clients=50
1778007315169,PUT,0,0,chordKey_9_28,clients=50
1778007315172,PUT_HOP,0,2,chordKey_9_28,
1778007315173,GET,3,2,chordKey_9_28,clients=50
1778007315173,PUT,0,0,chordKey_9_29,clients=50
1778007315176,PUT_HOP,0,2,chordKey_9_29,
1778007315177,GET,3,2,chordKey_9_29,clients=50
1778007315178,PUT,0,0,chordKey_9_30,clients=50
1778007315180,PUT_HOP,0,2,chordKey_9_30,
1778007315181,GET,3,2,chordKey_9_30,clients=50
1778007315182,PUT,0,0,chordKey_9_31,clients=50
1778007315184,PUT_HOP,0,2,chordKey_9_31,
1778007315185,GET,3,2,chordKey_9_31,clients=50
1778007315186,PUT,0,0,chordKey_9_32,clients=50
1778007315189,PUT_HOP,0,2,chordKey_9_32,
1778007315190,GET,3,2,chordKey_9_32,clients=50
1778007315190,PUT,0,0,chordKey_9_33,clients=50
1778007315193,PUT_HOP,0,2,chordKey_9_33,
1778007315194,GET,3,2,chordKey_9_33,clients=50
1778007315194,PUT,0,0,chordKey_9_34,clients=50
1778007315197,PUT_HOP,0,2,chordKey_9_34,
1778007315198,GET,3,2,chordKey_9_34,clients=50
1778007315199,PUT,0,0,chordKey_9_35,clients=50
1778007315201,PUT_HOP,0,2,chordKey_9_35,
1778007315202,GET,3,2,chordKey_9_35,clients=50
1778007315203,PUT,0,0,chordKey_9_36,clients=50
1778007315205,PUT_HOP,0,2,chordKey_9_36,
1778007315206,GET,3,2,chordKey_9_36,clients=50
1778007315207,PUT,0,0,chordKey_9_37,clients=50
1778007315209,PUT_HOP,0,2,chordKey_9_37,
1778007315210,GET,3,2,chordKey_9_37,clients=50
1778007315211,PUT,0,0,chordKey_9_38,clients=50
1778007315213,PUT_HOP,0,2,chordKey_9_38,
1778007315215,GET,3,2,chordKey_9_38,clients=50
1778007315215,PUT,0,0,chordKey_9_39,clients=50
1778007315218,PUT_HOP,0,2,chordKey_9_39,
1778007315219,GET,3,2,chordKey_9_39,clients=50
1778007315220,PUT,0,0,chordKey_9_40,clients=50
1778007315222,PUT_HOP,0,2,chordKey_9_40,
1778007315223,GET,3,2,chordKey_9_40,clients=50
1778007315224,PUT,0,0,chordKey_9_41,clients=50
1778007315226,PUT_HOP,0,2,chordKey_9_41,
1778007315228,GET,3,2,chordKey_9_41,clients=50
1778007315228,PUT,0,0,chordKey_9_42,clients=50
1778007315231,PUT_HOP,0,2,chordKey_9_42,
1778007315232,GET,3,2,chordKey_9_42,clients=50
1778007315233,PUT,0,0,chordKey_9_43,clients=50
1778007315235,PUT_HOP,0,2,chordKey_9_43,
1778007315237,GET,3,2,chordKey_9_43,clients=50
1778007315237,PUT,0,0,chordKey_9_44,clients=50
1778007315239,PUT_HOP,0,2,chordKey_9_44,
1778007315241,GET,3,2,chordKey_9_44,clients=50
1778007315241,PUT,0,0,chordKey_9_45,clients=50
1778007315244,PUT_HOP,0,2,chordKey_9_45,
1778007315245,GET,3,2,chordKey_9_45,clients=50
1778007315246,PUT,0,0,chordKey_9_46,clients=50
1778007315248,PUT_HOP,0,2,chordKey_9_46,
1778007315249,GET,3,2,chordKey_9_46,clients=50
1778007315250,PUT,0,0,chordKey_9_47,clients=50
1778007315252,PUT_HOP,0,2,chordKey_9_47,
1778007315254,GET,3,2,chordKey_9_47,clients=50
1778007315254,PUT,0,0,chordKey_9_48,clients=50
1778007315256,PUT_HOP,0,2,chordKey_9_48,
1778007315258,GET,3,2,chordKey_9_48,clients=50
1778007315258,PUT,0,0,chordKey_9_49,clients=50
1778007315261,PUT_HOP,0,2,chordKey_9_49,
1778007315262,GET,3,2,chordKey_9_49,clients=50
1778007315263,PUT,0,0,chordKey_9_50,clients=50
1778007315266,PUT_HOP,0,2,chordKey_9_50,
1778007315266,GET,3,2,chordKey_9_50,clients=50
1778007315267,PUT,0,0,chordKey_9_51,clients=50
1778007315269,PUT_HOP,0,2,chordKey_9_51,
1778007315270,GET,3,2,chordKey_9_51,clients=50
1778007315271,PUT,0,0,chordKey_9_52,clients=50
1778007315273,PUT_HOP,0,2,chordKey_9_52,
1778007315274,GET,3,2,chordKey_9_52,clients=50
1778007315275,PUT,0,0,chordKey_9_53,clients=50
1778007315277,PUT_HOP,0,2,chordKey_9_53,
1778007315279,GET,3,2,chordKey_9_53,clients=50
1778007315279,PUT,0,0,chordKey_9_54,clients=50
1778007315282,PUT_HOP,0,2,chordKey_9_54,
1778007315283,GET,3,2,chordKey_9_54,clients=50
1778007315283,PUT,0,0,chordKey_9_55,clients=50
1778007315286,PUT_HOP,0,2,chordKey_9_55,
1778007315287,GET,3,2,chordKey_9_55,clients=50
1778007315287,PUT,0,0,chordKey_9_56,clients=50
1778007315290,PUT_HOP,0,2,chordKey_9_56,
1778007315291,GET,3,2,chordKey_9_56,clients=50
1778007315292,PUT,0,0,chordKey_9_57,clients=50
1778007315294,PUT_HOP,0,2,chordKey_9_57,
1778007315295,GET,3,2,chordKey_9_57,clients=50
1778007315296,PUT,0,0,chordKey_9_58,clients=50
1778007315298,PUT_HOP,0,2,chordKey_9_58,
1778007315299,GET,3,2,chordKey_9_58,clients=50
1778007315300,PUT,0,0,chordKey_9_59,clients=50
1778007315302,PUT_HOP,0,2,chordKey_9_59,
1778007315303,GET,3,2,chordKey_9_59,clients=50
1778007315304,PUT,0,0,chordKey_9_60,clients=50
1778007315306,PUT_HOP,0,2,chordKey_9_60,
1778007315308,GET,3,2,chordKey_9_60,clients=50
1778007315308,PUT,0,0,chordKey_9_61,clients=50
1778007315311,PUT_HOP,0,2,chordKey_9_61,
1778007315312,GET,3,2,chordKey_9_61,clients=50
1778007315312,PUT,0,0,chordKey_9_62,clients=50
1778007315315,PUT_HOP,0,2,chordKey_9_62,
1778007315316,GET,3,2,chordKey_9_62,clients=50
1778007315316,PUT,0,0,chordKey_9_63,clients=50
1778007315319,PUT_HOP,0,2,chordKey_9_63,
1778007315320,GET,3,2,chordKey_9_63,clients=50
1778007315320,PUT,0,0,chordKey_9_64,clients=50
1778007315323,PUT_HOP,0,2,chordKey_9_64,
1778007315324,GET,3,2,chordKey_9_64,clients=50
1778007315325,PUT,0,0,chordKey_9_65,clients=50
1778007315327,PUT_HOP,0,2,chordKey_9_65,
1778007315328,GET,3,2,chordKey_9_65,clients=50
1778007315329,PUT,0,0,chordKey_9_66,clients=50
1778007315332,PUT_HOP,0,2,chordKey_9_66,
1778007315333,GET,3,2,chordKey_9_66,clients=50
1778007315333,PUT,0,0,chordKey_9_67,clients=50
1778007315336,PUT_HOP,0,2,chordKey_9_67,
1778007315337,GET,3,2,chordKey_9_67,clients=50
1778007315337,PUT,0,0,chordKey_9_68,clients=50
1778007315340,PUT_HOP,0,2,chordKey_9_68,
1778007315341,GET,3,2,chordKey_9_68,clients=50
1778007315341,PUT,0,0,chordKey_9_69,clients=50
1778007315344,PUT_HOP,0,2,chordKey_9_69,
1778007315345,GET,3,2,chordKey_9_69,clients=50
1778007315346,PUT,0,0,chordKey_9_70,clients=50
1778007315348,PUT_HOP,0,2,chordKey_9_70,
1778007315350,GET,3,2,chordKey_9_70,clients=50
1778007315350,PUT,0,0,chordKey_9_71,clients=50
1778007315353,PUT_HOP,0,2,chordKey_9_71,
1778007315354,GET,3,2,chordKey_9_71,clients=50
1778007315355,PUT,0,0,chordKey_9_72,clients=50
1778007315357,PUT_HOP,0,2,chordKey_9_72,
1778007315358,GET,3,2,chordKey_9_72,clients=50
1778007315359,PUT,0,0,chordKey_9_73,clients=50
1778007315361,PUT_HOP,0,2,chordKey_9_73,
1778007315362,GET,3,2,chordKey_9_73,clients=50
1778007315363,PUT,0,0,chordKey_9_74,clients=50
1778007315365,PUT_HOP,0,2,chordKey_9_74,
1778007315367,GET,3,2,chordKey_9_74,clients=50
1778007315367,PUT,0,0,chordKey_9_75,clients=50
1778007315370,PUT_HOP,0,2,chordKey_9_75,
1778007315371,GET,3,2,chordKey_9_75,clients=50
1778007315372,PUT,0,0,chordKey_9_76,clients=50
1778007315374,PUT_HOP,0,2,chordKey_9_76,
1778007315375,GET,3,2,chordKey_9_76,clients=50
1778007315376,PUT,0,0,chordKey_9_77,clients=50
1778007315378,PUT_HOP,0,2,chordKey_9_77,
1778007315380,GET,3,2,chordKey_9_77,clients=50
1778007315380,PUT,0,0,chordKey_9_78,clients=50
1778007315383,PUT_HOP,0,2,chordKey_9_78,
1778007315384,GET,3,2,chordKey_9_78,clients=50
1778007315385,PUT,0,0,chordKey_9_79,clients=50
1778007315387,PUT_HOP,0,2,chordKey_9_79,
1778007315388,GET,3,2,chordKey_9_79,clients=50
1778007315389,PUT,0,0,chordKey_9_80,clients=50
1778007315390,PUT_HOP,0,2,chordKey_9_80,
1778007315391,GET,1,2,chordKey_9_80,clients=50
1778007315392,PUT,0,0,chordKey_9_81,clients=50
1778007315394,PUT_HOP,0,2,chordKey_9_81,
1778007315395,GET,3,2,chordKey_9_81,clients=50
1778007315396,PUT,0,0,chordKey_9_82,clients=50
1778007315398,PUT_HOP,0,2,chordKey_9_82,
1778007315399,GET,3,2,chordKey_9_82,clients=50
1778007315400,PUT,0,0,chordKey_9_83,clients=50
1778007315403,PUT_HOP,0,2,chordKey_9_83,
1778007315404,GET,3,2,chordKey_9_83,clients=50
1778007315404,PUT,0,0,chordKey_9_84,clients=50
1778007315407,PUT_HOP,0,2,chordKey_9_84,
1778007315408,GET,3,2,chordKey_9_84,clients=50
1778007315409,PUT,0,0,chordKey_9_85,clients=50
1778007315411,PUT_HOP,0,2,chordKey_9_85,
1778007315412,GET,3,2,chordKey_9_85,clients=50
1778007315413,PUT,0,0,chordKey_9_86,clients=50
1778007315415,PUT_HOP,0,2,chordKey_9_86,
1778007315416,GET,3,2,chordKey_9_86,clients=50
1778007315417,PUT,0,0,chordKey_9_87,clients=50
1778007315420,PUT_HOP,0,2,chordKey_9_87,
1778007315421,GET,3,2,chordKey_9_87,clients=50
1778007315421,PUT,0,0,chordKey_9_88,clients=50
1778007315424,PUT_HOP,0,2,chordKey_9_88,
1778007315425,GET,3,2,chordKey_9_88,clients=50
1778007315425,PUT,0,0,chordKey_9_89,clients=50
1778007315428,PUT_HOP,0,2,chordKey_9_89,
1778007315429,GET,3,2,chordKey_9_89,clients=50
1778007315430,PUT,0,0,chordKey_9_90,clients=50
1778007315432,PUT_HOP,0,2,chordKey_9_90,
1778007315433,GET,3,2,chordKey_9_90,clients=50
1778007315434,PUT,0,0,chordKey_9_91,clients=50
1778007315439,PUT_HOP,0,2,chordKey_9_91,
1778007315439,GET,4,2,chordKey_9_91,clients=50
1778007315440,PUT,0,0,chordKey_9_92,clients=50
1778007315442,PUT_HOP,0,2,chordKey_9_92,
1778007315444,GET,3,2,chordKey_9_92,clients=50
1778007315444,PUT,0,0,chordKey_9_93,clients=50
1778007315447,PUT_HOP,0,2,chordKey_9_93,
1778007315448,GET,3,2,chordKey_9_93,clients=50
1778007315449,PUT,0,0,chordKey_9_94,clients=50
1778007315451,PUT_HOP,0,2,chordKey_9_94,
1778007315452,GET,3,2,chordKey_9_94,clients=50
1778007315453,PUT,0,0,chordKey_9_95,clients=50
1778007315455,PUT_HOP,0,2,chordKey_9_95,
1778007315457,GET,3,2,chordKey_9_95,clients=50
1778007315457,PUT,0,0,chordKey_9_96,clients=50
1778007315460,PUT_HOP,0,2,chordKey_9_96,
1778007315461,GET,3,2,chordKey_9_96,clients=50
1778007315461,PUT,0,0,chordKey_9_97,clients=50
1778007315464,PUT_HOP,0,2,chordKey_9_97,
1778007315465,GET,3,2,chordKey_9_97,clients=50
1778007315477,PUT,0,0,chordKey_9_98,clients=50
1778007315480,PUT_HOP,0,2,chordKey_9_98,
1778007315481,GET,3,2,chordKey_9_98,clients=50
1778007315482,PUT,0,0,chordKey_9_99,clients=50
1778007315485,PUT_HOP,0,2,chordKey_9_99,
1778007315486,GET,4,2,chordKey_9_99,clients=50
1778007320701,DATA_SKEW_BEFORE,0,0,,node=42;keys_count=40;active_nodes=5
1778007320717,DATA_SKEW_BEFORE,0,0,,node=41;keys_count=50;active_nodes=5
1778007320727,DATA_SKEW_BEFORE,0,0,,node=40;keys_count=60;active_nodes=5
1778007320728,DATA_SKEW_BEFORE,0,0,,node=38;keys_count=4774;active_nodes=5
1778007320729,DATA_SKEW_BEFORE,0,0,,node=39;keys_count=74;active_nodes=5
1778007352941,DATA_SKEW_AFTER,0,0,,node=42;keys_count=40;active_nodes=4
1778007352956,DATA_SKEW_AFTER,0,0,,node=41;keys_count=50;active_nodes=4
1778007352958,DATA_SKEW_AFTER,0,0,,node=40;keys_count=60;active_nodes=4
1778007352959,DATA_SKEW_AFTER,0,0,,node=39;keys_count=4848;active_nodes=4
